date,symbol,name,open,high,low,close,volume,amount,pct_change,turnover_rate,source_file
2020-03-02,515210,,0.976,1.05,0.976,1.027,170197000.0,172351505.0,,,sina:515210
2020-03-03,515210,,1.1,1.101,1.026,1.033,216592600.0,226447486.0,,,sina:515210
2020-03-04,515210,,1.022,1.045,1.016,1.043,101937500.0,105248878.0,,,sina:515210
2020-03-05,515210,,1.052,1.072,1.049,1.062,108394867.0,114928529.0,,,sina:515210
2020-03-06,515210,,1.055,1.059,1.046,1.054,54347600.0,57234417.0,,,sina:515210
2020-03-09,515210,,1.04,1.04,1.019,1.021,71211700.0,73233528.0,,,sina:515210
2020-03-10,515210,,1.01,1.045,1.001,1.04,45121600.0,46146201.0,,,sina:515210
2020-03-11,515210,,1.038,1.056,1.036,1.041,49054418.0,51350254.0,,,sina:515210
2020-03-12,515210,,1.03,1.048,1.03,1.042,38922400.0,40459593.0,,,sina:515210
2020-03-13,515210,,1.005,1.034,1.002,1.023,40760300.0,41399661.0,,,sina:515210
2020-03-16,515210,,1.022,1.032,0.996,0.998,44872500.0,45793155.0,,,sina:515210
2020-03-17,515210,,0.998,1.01,0.975,0.995,26883100.0,26634603.0,,,sina:515210
2020-03-18,515210,,1.0,1.016,0.985,0.986,28820300.0,28946602.0,,,sina:515210
2020-03-19,515210,,0.982,1.0,0.969,0.99,30145800.0,29677339.0,,,sina:515210
2020-03-20,515210,,0.993,1.003,0.982,0.996,23011148.0,22844378.0,,,sina:515210
2020-03-23,515210,,0.985,0.985,0.964,0.966,21284800.0,20698882.0,,,sina:515210
2020-03-24,515210,,0.98,0.991,0.967,0.981,29974700.0,29335489.0,,,sina:515210
2020-03-25,515210,,0.998,1.0,0.983,0.992,25981600.0,25699706.0,,,sina:515210
2020-03-26,515210,,0.984,0.986,0.974,0.975,22748300.0,22312174.0,,,sina:515210
2020-03-27,515210,,0.985,0.996,0.977,0.982,27709800.0,27314021.0,,,sina:515210
2020-03-30,515210,,0.976,0.978,0.959,0.97,24646100.0,23758782.0,,,sina:515210
2020-03-31,515210,,0.975,0.979,0.963,0.967,22421900.0,21708158.0,,,sina:515210
2020-04-01,515210,,0.96,0.972,0.958,0.958,26441000.0,25566881.0,,,sina:515210
2020-04-02,515210,,0.959,0.977,0.956,0.977,28154398.0,27197137.0,,,sina:515210
2020-04-03,515210,,0.976,0.977,0.968,0.971,22955000.0,22373224.0,,,sina:515210
2020-04-07,515210,,0.979,0.996,0.979,0.995,23896800.0,23664631.0,,,sina:515210
2020-04-08,515210,,0.99,1.004,0.99,0.999,30171600.0,30143644.0,,,sina:515210
2020-04-09,515210,,1.001,1.014,1.001,1.011,31095700.0,31380608.0,,,sina:515210
2020-04-10,515210,,1.006,1.015,0.996,0.999,28429200.0,28443623.0,,,sina:515210
2020-04-13,515210,,0.997,1.006,0.994,1.004,22120100.0,22144825.0,,,sina:515210
2020-04-14,515210,,1.001,1.013,1.001,1.012,23513300.0,23686054.0,,,sina:515210
2020-04-15,515210,,1.012,1.013,1.002,1.003,21834800.0,22011313.0,,,sina:515210
2020-04-16,515210,,1.0,1.01,0.995,1.007,23847000.0,23944804.0,,,sina:515210
2020-04-17,515210,,1.007,1.014,1.003,1.006,20441200.0,20658532.0,,,sina:515210
2020-04-20,515210,,1.006,1.011,1.0,1.009,22041400.0,22187463.0,,,sina:515210
2020-04-21,515210,,1.009,1.011,0.997,1.005,27460100.0,27486474.0,,,sina:515210
2020-04-22,515210,,1.0,1.004,0.99,1.004,25012800.0,24994997.0,,,sina:515210
2020-04-23,515210,,1.003,1.004,0.995,0.996,25788800.0,25768577.0,,,sina:515210
2020-04-24,515210,,0.994,0.996,0.985,0.988,25027300.0,24825623.0,,,sina:515210
2020-04-27,515210,,0.983,0.993,0.983,0.986,26516800.0,26261182.0,,,sina:515210
2020-04-28,515210,,0.986,0.986,0.958,0.977,28701400.0,27864186.0,,,sina:515210
2020-04-29,515210,,0.977,0.98,0.97,0.977,20924500.0,20433316.0,,,sina:515210
2020-04-30,515210,,0.977,1.003,0.977,1.0,27776000.0,27633334.0,,,sina:515210
2020-05-06,515210,,0.99,1.004,0.98,1.004,19842800.0,19843479.0,,,sina:515210
2020-05-07,515210,,1.003,1.008,1.0,1.002,19878900.0,19961863.0,,,sina:515210
2020-05-08,515210,,1.002,1.013,1.002,1.01,28588500.0,28837759.0,,,sina:515210
2020-05-11,515210,,1.01,1.014,1.005,1.009,25362000.0,25630409.0,,,sina:515210
2020-05-12,515210,,1.006,1.011,1.001,1.008,23421100.0,23583223.0,,,sina:515210
2020-05-13,515210,,1.008,1.018,1.002,1.015,31969145.0,32403492.0,,,sina:515210
2020-05-14,515210,,1.015,1.015,1.005,1.006,21227000.0,21404442.0,,,sina:515210
2020-05-15,515210,,1.011,1.011,0.999,1.0,21115464.0,21172186.0,,,sina:515210
2020-05-18,515210,,0.998,1.012,0.997,1.003,25453300.0,25559003.0,,,sina:515210
2020-05-19,515210,,1.013,1.014,1.006,1.009,25380000.0,25621210.0,,,sina:515210
2020-05-20,515210,,1.008,1.008,0.998,1.0,23223900.0,23278355.0,,,sina:515210
2020-05-21,515210,,1.0,1.01,1.0,1.003,22191692.0,22302389.0,,,sina:515210
2020-05-22,515210,,1.003,1.003,0.988,0.992,24178600.0,24069157.0,,,sina:515210
2020-05-25,515210,,0.995,0.995,0.985,0.988,21959300.0,21763280.0,,,sina:515210
2020-05-26,515210,,0.995,1.0,0.98,1.0,18005400.0,17882992.0,,,sina:515210
2020-05-27,515210,,0.998,1.011,0.998,1.007,23932800.0,24067024.0,,,sina:515210
2020-05-28,515210,,1.007,1.008,0.995,1.0,20194300.0,20249517.0,,,sina:515210
2020-05-29,515210,,1.0,1.009,0.998,1.009,22746700.0,22818116.0,,,sina:515210
2020-06-01,515210,,1.009,1.024,1.009,1.022,25066200.0,25546072.0,,,sina:515210
2020-06-02,515210,,1.021,1.023,1.01,1.022,22919100.0,23312542.0,,,sina:515210
2020-06-03,515210,,1.022,1.031,1.022,1.025,26097000.0,26793498.0,,,sina:515210
2020-06-04,515210,,1.024,1.024,1.015,1.019,27028800.0,27570872.0,,,sina:515210
2020-06-05,515210,,1.019,1.02,1.013,1.017,29852100.0,30371718.0,,,sina:515210
2020-06-08,515210,,1.017,1.029,1.017,1.023,31583700.0,32282460.0,,,sina:515210
2020-06-09,515210,,1.029,1.029,1.02,1.021,36237700.0,37096181.0,,,sina:515210
2020-06-10,515210,,1.02,1.032,1.017,1.03,33443900.0,34286600.0,,,sina:515210
2020-06-11,515210,,1.026,1.034,1.024,1.026,32216100.0,33122680.0,,,sina:515210
2020-06-12,515210,,1.0,1.033,1.0,1.029,38346300.0,39252831.0,,,sina:515210
2020-06-15,515210,,1.021,1.034,1.02,1.022,23321600.0,24000417.0,,,sina:515210
2020-06-16,515210,,1.021,1.06,1.021,1.059,34114800.0,35546825.0,,,sina:515210
2020-06-17,515210,,1.066,1.092,1.058,1.079,38091900.0,41199450.0,,,sina:515210
2020-06-18,515210,,1.084,1.134,1.081,1.107,43673491.0,48617517.0,,,sina:515210
2020-06-19,515210,,1.101,1.101,1.077,1.087,49440200.0,53557804.0,,,sina:515210
2020-06-22,515210,,1.083,1.089,1.067,1.07,44424700.0,47684803.0,,,sina:515210
2020-06-23,515210,,1.071,1.077,1.061,1.07,53792800.0,57465148.0,,,sina:515210
2020-06-24,515210,,1.074,1.074,1.061,1.066,29798900.0,31724136.0,,,sina:515210
2020-06-29,515210,,1.064,1.064,1.046,1.05,31904600.0,33589377.0,,,sina:515210
2020-06-30,515210,,1.056,1.058,1.048,1.051,47220100.0,49648443.0,,,sina:515210
2020-07-01,515210,,1.05,1.059,1.041,1.058,36499292.0,38234331.0,,,sina:515210
2020-07-02,515210,,1.054,1.074,1.05,1.073,58660592.0,62256867.0,,,sina:515210
2020-07-03,515210,,1.073,1.096,1.07,1.087,68974000.0,74841388.0,,,sina:515210
2020-07-06,515210,,1.099,1.147,1.098,1.146,82711306.0,92731459.0,,,sina:515210
2020-07-07,515210,,1.188,1.198,1.125,1.128,83249406.0,95445365.0,,,sina:515210
2020-07-08,515210,,1.125,1.183,1.117,1.181,87201615.0,100278987.0,,,sina:515210
2020-07-09,515210,,1.168,1.207,1.153,1.199,160078300.0,188989203.0,,,sina:515210
2020-07-10,515210,,1.186,1.186,1.147,1.15,63761400.0,74379690.0,,,sina:515210
2020-07-13,515210,,1.149,1.194,1.14,1.188,75234000.0,88339826.0,,,sina:515210
2020-07-14,515210,,1.194,1.218,1.161,1.181,60110100.0,71531225.0,,,sina:515210
2020-07-15,515210,,1.185,1.19,1.137,1.141,40677300.0,46965329.0,,,sina:515210
2020-07-16,515210,,1.145,1.165,1.107,1.11,37889300.0,43235105.0,,,sina:515210
2020-07-17,515210,,1.11,1.124,1.1,1.108,29435100.0,32782607.0,,,sina:515210
2020-07-20,515210,,1.111,1.168,1.111,1.166,51609700.0,58941955.0,,,sina:515210
2020-07-21,515210,,1.166,1.171,1.146,1.152,39866700.0,46008047.0,,,sina:515210
2020-07-22,515210,,1.153,1.168,1.148,1.15,32825000.0,37987396.0,,,sina:515210
2020-07-23,515210,,1.138,1.15,1.122,1.142,42079500.0,47767965.0,,,sina:515210
2020-07-24,515210,,1.136,1.141,1.093,1.105,46829500.0,52603728.0,,,sina:515210
2020-07-27,515210,,1.104,1.111,1.092,1.104,27767000.0,30652849.0,,,sina:515210
2020-07-28,515210,,1.108,1.124,1.106,1.114,29119100.0,32497368.0,,,sina:515210
2020-07-29,515210,,1.117,1.148,1.1,1.145,47893500.0,53720499.0,,,sina:515210
2020-07-30,515210,,1.14,1.143,1.121,1.125,28352900.0,32001876.0,,,sina:515210
2020-07-31,515210,,1.125,1.138,1.114,1.127,28887700.0,32587327.0,,,sina:515210
2020-08-03,515210,,1.139,1.154,1.137,1.153,41667500.0,47759954.0,,,sina:515210
2020-08-04,515210,,1.16,1.16,1.143,1.151,41645600.0,47864494.0,,,sina:515210
2020-08-05,515210,,1.152,1.161,1.136,1.158,39459200.0,45218386.0,,,sina:515210
2020-08-06,515210,,1.16,1.175,1.145,1.17,42914200.0,49674032.0,,,sina:515210
2020-08-07,515210,,1.168,1.168,1.143,1.154,28469146.0,32872054.0,,,sina:515210
2020-08-10,515210,,1.148,1.169,1.148,1.163,29957700.0,34729732.0,,,sina:515210
2020-08-11,515210,,1.16,1.171,1.137,1.14,38142400.0,44128915.0,,,sina:515210
2020-08-12,515210,,1.139,1.141,1.123,1.138,37892700.0,42932010.0,,,sina:515210
2020-08-13,515210,,1.139,1.166,1.139,1.158,41116100.0,47389879.0,,,sina:515210
2020-08-14,515210,,1.158,1.162,1.143,1.161,31320400.0,36113221.0,,,sina:515210
2020-08-17,515210,,1.158,1.177,1.156,1.177,42784300.0,49964922.0,,,sina:515210
2020-08-18,515210,,1.177,1.199,1.172,1.188,42388900.0,50359570.0,,,sina:515210
2020-08-19,515210,,1.181,1.2,1.179,1.183,55557200.0,65925167.0,,,sina:515210
2020-08-20,515210,,1.183,1.199,1.171,1.182,42192600.0,49913382.0,,,sina:515210
2020-08-21,515210,,1.181,1.185,1.175,1.184,34939700.0,41201979.0,,,sina:515210
2020-08-24,515210,,1.186,1.19,1.179,1.182,48449400.0,57406784.0,,,sina:515210
2020-08-25,515210,,1.184,1.191,1.169,1.17,23100500.0,27285778.0,,,sina:515210
2020-08-26,515210,,1.171,1.172,1.152,1.156,28151000.0,32759201.0,,,sina:515210
2020-08-27,515210,,1.156,1.166,1.151,1.165,30845200.0,35759594.0,,,sina:515210
2020-08-28,515210,,1.168,1.188,1.162,1.186,29048400.0,34203235.0,,,sina:515210
2020-08-31,515210,,1.187,1.192,1.175,1.176,26206800.0,31117286.0,,,sina:515210
2020-09-01,515210,,1.173,1.183,1.172,1.183,34499800.0,40698989.0,,,sina:515210
2020-09-02,515210,,1.183,1.186,1.172,1.18,40092900.0,47336288.0,,,sina:515210
2020-09-03,515210,,1.18,1.2,1.176,1.181,32654000.0,38844046.0,,,sina:515210
2020-09-04,515210,,1.165,1.174,1.16,1.174,24348000.0,28469673.0,,,sina:515210
2020-09-07,515210,,1.174,1.183,1.161,1.165,24626200.0,28976747.0,,,sina:515210
2020-09-08,515210,,1.165,1.19,1.164,1.189,43291800.0,50925518.0,,,sina:515210
2020-09-09,515210,,1.179,1.22,1.174,1.217,60440000.0,72828228.0,,,sina:515210
2020-09-10,515210,,1.218,1.22,1.167,1.174,41796100.0,49856011.0,,,sina:515210
2020-09-11,515210,,1.157,1.176,1.157,1.176,31753900.0,37123506.0,,,sina:515210
2020-09-14,515210,,1.172,1.184,1.17,1.18,23835000.0,28074422.0,,,sina:515210
2020-09-15,515210,,1.179,1.179,1.17,1.174,27247800.0,31990191.0,,,sina:515210
2020-09-16,515210,,1.172,1.181,1.16,1.165,29996900.0,35179473.0,,,sina:515210
2020-09-17,515210,,1.164,1.181,1.162,1.174,42287800.0,49532479.0,,,sina:515210
2020-09-18,515210,,1.171,1.186,1.166,1.184,33794700.0,39643396.0,,,sina:515210
2020-09-21,515210,,1.185,1.19,1.177,1.18,36588900.0,43338017.0,,,sina:515210
2020-09-22,515210,,1.176,1.176,1.158,1.162,36731600.0,42964650.0,,,sina:515210
2020-09-23,515210,,1.164,1.167,1.161,1.165,37212800.0,43330071.0,,,sina:515210
2020-09-24,515210,,1.158,1.16,1.14,1.143,33895000.0,38858333.0,,,sina:515210
2020-09-25,515210,,1.145,1.15,1.142,1.149,36996700.0,42385155.0,,,sina:515210
2020-09-28,515210,,1.142,1.151,1.136,1.139,35548900.0,40622888.0,,,sina:515210
2020-09-29,515210,,1.14,1.155,1.14,1.146,31075700.0,35683648.0,,,sina:515210
2020-09-30,515210,,1.146,1.154,1.136,1.142,35089200.0,40304007.0,,,sina:515210
2020-10-09,515210,,1.151,1.167,1.151,1.165,31884500.0,37117706.0,,,sina:515210
2020-10-12,515210,,1.166,1.186,1.166,1.186,31492700.0,37008481.0,,,sina:515210
2020-10-13,515210,,1.185,1.185,1.172,1.176,31752700.0,37359533.0,,,sina:515210
2020-10-14,515210,,1.178,1.178,1.167,1.173,44676300.0,52374417.0,,,sina:515210
2020-10-15,515210,,1.17,1.177,1.165,1.172,33521300.0,39234230.0,,,sina:515210
2020-10-16,515210,,1.168,1.188,1.168,1.186,37520300.0,44253904.0,,,sina:515210
2020-10-19,515210,,1.185,1.2,1.178,1.179,37552200.0,44644949.0,,,sina:515210
2020-10-20,515210,,1.175,1.178,1.168,1.175,32288100.0,37831760.0,,,sina:515210
2020-10-21,515210,,1.175,1.178,1.168,1.174,39404800.0,46217235.0,,,sina:515210
2020-10-22,515210,,1.177,1.177,1.168,1.174,28825200.0,33788715.0,,,sina:515210
2020-10-23,515210,,1.171,1.177,1.164,1.168,34032900.0,39922404.0,,,sina:515210
2020-10-26,515210,,1.165,1.172,1.164,1.17,28135000.0,32879604.0,,,sina:515210
2020-10-27,515210,,1.17,1.177,1.165,1.176,38171600.0,44630868.0,,,sina:515210
2020-10-28,515210,,1.177,1.18,1.167,1.177,28507200.0,33431850.0,,,sina:515210
2020-10-29,515210,,1.169,1.177,1.164,1.173,28259500.0,33063504.0,,,sina:515210
2020-10-30,515210,,1.173,1.178,1.151,1.155,31065600.0,36387512.0,,,sina:515210
2020-11-02,515210,,1.151,1.167,1.151,1.163,26564900.0,30803214.0,,,sina:515210
2020-11-03,515210,,1.164,1.179,1.164,1.176,31117546.0,36462249.0,,,sina:515210
2020-11-04,515210,,1.175,1.188,1.165,1.187,38011200.0,44604009.0,,,sina:515210
2020-11-05,515210,,1.188,1.221,1.188,1.221,43361900.0,52136930.0,,,sina:515210
2020-11-06,515210,,1.222,1.223,1.213,1.221,34598346.0,42134720.0,,,sina:515210
2020-11-09,515210,,1.235,1.256,1.232,1.253,37728700.0,46949383.0,,,sina:515210
2020-11-10,515210,,1.259,1.263,1.239,1.247,40386800.0,50559702.0,,,sina:515210
2020-11-11,515210,,1.243,1.274,1.243,1.26,44773200.0,56478232.0,,,sina:515210
2020-11-12,515210,,1.258,1.264,1.245,1.264,37222700.0,46696752.0,,,sina:515210
2020-11-13,515210,,1.255,1.263,1.242,1.258,34684807.0,43460275.0,,,sina:515210
2020-11-16,515210,,1.26,1.299,1.259,1.299,39879400.0,51212270.0,,,sina:515210
2020-11-17,515210,,1.291,1.304,1.276,1.284,39709000.0,51215500.0,,,sina:515210
2020-11-18,515210,,1.284,1.303,1.278,1.295,39898300.0,51595649.0,,,sina:515210
2020-11-19,515210,,1.295,1.301,1.276,1.278,36403000.0,46665524.0,,,sina:515210
2020-11-20,515210,,1.278,1.305,1.274,1.304,32119700.0,41296902.0,,,sina:515210
2020-11-23,515210,,1.31,1.336,1.303,1.319,49317000.0,65047049.0,,,sina:515210
2020-11-24,515210,,1.31,1.338,1.296,1.337,56502600.0,74543047.0,,,sina:515210
2020-11-25,515210,,1.335,1.34,1.287,1.29,47112100.0,61677565.0,,,sina:515210
2020-11-26,515210,,1.29,1.29,1.265,1.276,35125600.0,44702041.0,,,sina:515210
2020-11-27,515210,,1.276,1.303,1.264,1.282,40857200.0,52501475.0,,,sina:515210
2020-11-30,515210,,1.284,1.294,1.258,1.26,46782500.0,59833770.0,,,sina:515210
2020-12-01,515210,,1.25,1.271,1.248,1.271,43751300.0,55213160.0,,,sina:515210
2020-12-02,515210,,1.27,1.284,1.262,1.281,46250100.0,58796225.0,,,sina:515210
2020-12-03,515210,,1.269,1.275,1.252,1.255,38269400.0,48189577.0,,,sina:515210
2020-12-04,515210,,1.25,1.263,1.236,1.26,41490800.0,51796719.0,,,sina:515210
2020-12-07,515210,,1.256,1.262,1.24,1.246,33429300.0,41763752.0,,,sina:515210
2020-12-08,515210,,1.244,1.246,1.23,1.236,42544600.0,52628014.0,,,sina:515210
2020-12-09,515210,,1.236,1.241,1.222,1.224,45645900.0,56350644.0,,,sina:515210
2020-12-10,515210,,1.223,1.261,1.223,1.26,68685600.0,85752701.0,,,sina:515210
2020-12-11,515210,,1.266,1.27,1.224,1.235,55029600.0,68502537.0,,,sina:515210
2020-12-14,515210,,1.221,1.227,1.195,1.207,45856700.0,55160394.0,,,sina:515210
2020-12-15,515210,,1.206,1.211,1.19,1.209,33147100.0,39763695.0,,,sina:515210
2020-12-16,515210,,1.206,1.214,1.196,1.202,42017200.0,50551119.0,,,sina:515210
2020-12-17,515210,,1.203,1.234,1.195,1.234,41976500.0,51138376.0,,,sina:515210
2020-12-18,515210,,1.236,1.264,1.233,1.257,54233100.0,67908197.0,,,sina:515210
2020-12-21,515210,,1.267,1.281,1.256,1.274,43575200.0,55249892.0,,,sina:515210
2020-12-22,515210,,1.274,1.274,1.227,1.231,43199800.0,54087978.0,,,sina:515210
2020-12-23,515210,,1.228,1.245,1.222,1.233,48920300.0,60435360.0,,,sina:515210
2020-12-24,515210,,1.233,1.238,1.22,1.225,30555300.0,37554881.0,,,sina:515210
2020-12-25,515210,,1.222,1.258,1.213,1.257,43195000.0,53473335.0,,,sina:515210
2020-12-28,515210,,1.248,1.251,1.225,1.234,36491600.0,44990104.0,,,sina:515210
2020-12-29,515210,,1.229,1.236,1.216,1.219,35801100.0,43918973.0,,,sina:515210
2020-12-30,515210,,1.216,1.233,1.213,1.226,38598000.0,47338656.0,,,sina:515210
2020-12-31,515210,,1.224,1.234,1.218,1.233,34250600.0,41985044.0,,,sina:515210
2021-01-04,515210,,1.232,1.258,1.225,1.254,40409900.0,50246639.0,,,sina:515210
2021-01-05,515210,,1.245,1.247,1.221,1.242,42841000.0,52833232.0,,,sina:515210
2021-01-06,515210,,1.24,1.247,1.225,1.241,37703400.0,46473900.0,,,sina:515210
2021-01-07,515210,,1.248,1.277,1.235,1.267,49640200.0,62455969.0,,,sina:515210
2021-01-08,515210,,1.257,1.273,1.236,1.272,41992900.0,52812911.0,,,sina:515210
2021-01-11,515210,,1.268,1.269,1.228,1.232,39167300.0,48913586.0,,,sina:515210
2021-01-12,515210,,1.23,1.249,1.221,1.247,33544300.0,41388469.0,,,sina:515210
2021-01-13,515210,,1.247,1.254,1.24,1.247,34751700.0,43324392.0,,,sina:515210
2021-01-14,515210,,1.243,1.273,1.236,1.271,48290200.0,60698146.0,,,sina:515210
2021-01-15,515210,,1.264,1.266,1.237,1.256,40709600.0,51004989.0,,,sina:515210
2021-01-18,515210,,1.245,1.263,1.24,1.259,40298900.0,50524810.0,,,sina:515210
2021-01-19,515210,,1.256,1.259,1.245,1.25,36100700.0,45190413.0,,,sina:515210
2021-01-20,515210,,1.257,1.29,1.257,1.29,58459000.0,74810802.0,,,sina:515210
2021-01-21,515210,,1.275,1.301,1.273,1.292,45153300.0,58199399.0,,,sina:515210
2021-01-22,515210,,1.284,1.286,1.268,1.274,36297800.0,46264533.0,,,sina:515210
2021-01-25,515210,,1.275,1.281,1.258,1.265,38224700.0,48515953.0,,,sina:515210
2021-01-26,515210,,1.251,1.282,1.251,1.27,35825300.0,45427569.0,,,sina:515210
2021-01-27,515210,,1.269,1.281,1.262,1.272,30569700.0,38836480.0,,,sina:515210
2021-01-28,515210,,1.261,1.264,1.244,1.248,38093400.0,47772093.0,,,sina:515210
2021-01-29,515210,,1.253,1.254,1.217,1.229,32254700.0,39931882.0,,,sina:515210
2021-02-01,515210,,1.223,1.234,1.223,1.232,29523200.0,36262329.0,,,sina:515210
2021-02-02,515210,,1.231,1.244,1.225,1.242,33017800.0,40648165.0,,,sina:515210
2021-02-03,515210,,1.24,1.263,1.225,1.261,40887500.0,50923775.0,,,sina:515210
2021-02-04,515210,,1.259,1.259,1.228,1.246,32971100.0,40801443.0,,,sina:515210
2021-02-05,515210,,1.233,1.245,1.229,1.238,27887800.0,34471024.0,,,sina:515210
2021-02-08,515210,,1.232,1.237,1.219,1.232,24021400.0,29512674.0,,,sina:515210
2021-02-09,515210,,1.229,1.254,1.224,1.25,28971300.0,35884367.0,,,sina:515210
2021-02-10,515210,,1.249,1.261,1.236,1.259,28126100.0,35112732.0,,,sina:515210
2021-02-18,515210,,1.286,1.338,1.284,1.328,41539500.0,54011619.0,,,sina:515210
2021-02-19,515210,,1.31,1.327,1.303,1.326,36422900.0,47932147.0,,,sina:515210
2021-02-22,515210,,1.337,1.423,1.337,1.413,48193200.0,67137867.0,,,sina:515210
2021-02-23,515210,,1.409,1.412,1.369,1.391,41968600.0,58203769.0,,,sina:515210
2021-02-24,515210,,1.378,1.396,1.348,1.357,32913600.0,44961774.0,,,sina:515210
2021-02-25,515210,,1.372,1.394,1.366,1.373,42525400.0,58683888.0,,,sina:515210
2021-02-26,515210,,1.335,1.363,1.236,1.337,30377800.0,40783714.0,,,sina:515210
2021-03-01,515210,,1.344,1.41,1.338,1.406,41815000.0,57317347.0,,,sina:515210
2021-03-02,515210,,1.412,1.429,1.383,1.389,41098100.0,57691056.0,,,sina:515210
2021-03-03,515210,,1.39,1.501,1.39,1.498,50384300.0,73782833.0,,,sina:515210
2021-03-04,515210,,1.491,1.56,1.48,1.546,73954200.0,112579316.0,,,sina:515210
2021-03-05,515210,,1.495,1.495,1.438,1.451,52249600.0,76105698.0,,,sina:515210
2021-03-08,515210,,1.462,1.514,1.438,1.444,48668900.0,71619912.0,,,sina:515210
2021-03-09,515210,,1.42,1.517,1.393,1.459,74957400.0,109633770.0,,,sina:515210
2021-03-10,515210,,1.44,1.471,1.411,1.43,52061300.0,74858809.0,,,sina:515210
2021-03-11,515210,,1.428,1.509,1.408,1.502,73088000.0,107757679.0,,,sina:515210
2021-03-12,515210,,1.518,1.53,1.487,1.507,86534500.0,130478282.0,,,sina:515210
2021-03-15,515210,,1.505,1.566,1.501,1.53,80564037.0,123553363.0,,,sina:515210
2021-03-16,515210,,1.507,1.519,1.477,1.507,56276200.0,84293080.0,,,sina:515210
2021-03-17,515210,,1.494,1.5,1.459,1.487,52153100.0,76945261.0,,,sina:515210
2021-03-18,515210,,1.486,1.523,1.48,1.5,60837800.0,91292213.0,,,sina:515210
2021-03-19,515210,,1.472,1.505,1.465,1.489,41549700.0,61744322.0,,,sina:515210
2021-03-22,515210,,1.502,1.532,1.485,1.499,44074700.0,66433516.0,,,sina:515210
2021-03-23,515210,,1.499,1.499,1.43,1.443,41714300.0,60400586.0,,,sina:515210
2021-03-24,515210,,1.424,1.424,1.373,1.378,49987700.0,69706002.0,,,sina:515210
2021-03-25,515210,,1.378,1.406,1.373,1.39,38010000.0,53035999.0,,,sina:515210
2021-03-26,515210,,1.387,1.418,1.387,1.417,43384600.0,60810170.0,,,sina:515210
2021-03-29,515210,,1.425,1.446,1.407,1.432,39138900.0,55900707.0,,,sina:515210
2021-03-30,515210,,1.422,1.442,1.401,1.441,39704900.0,56455924.0,,,sina:515210
2021-03-31,515210,,1.439,1.447,1.413,1.429,31649200.0,45218471.0,,,sina:515210
2021-04-01,515210,,1.427,1.488,1.411,1.477,51026000.0,73669123.0,,,sina:515210
2021-04-02,515210,,1.475,1.475,1.442,1.448,54728800.0,79509966.0,,,sina:515210
2021-04-06,515210,,1.457,1.492,1.457,1.47,60327200.0,89098379.0,,,sina:515210
2021-04-07,515210,,1.459,1.543,1.454,1.54,74574900.0,111821414.0,,,sina:515210
2021-04-08,515210,,1.54,1.604,1.534,1.552,134030900.0,210214665.0,,,sina:515210
2021-04-09,515210,,1.576,1.58,1.535,1.573,67920500.0,106096858.0,,,sina:515210
2021-04-12,515210,,1.568,1.608,1.547,1.593,90195400.0,143359666.0,,,sina:515210
2021-04-13,515210,,1.585,1.585,1.533,1.56,58609300.0,91362917.0,,,sina:515210
2021-04-14,515210,,1.54,1.608,1.535,1.587,73561100.0,115465762.0,,,sina:515210
2021-04-15,515210,,1.58,1.59,1.557,1.575,68898300.0,108039812.0,,,sina:515210
2021-04-16,515210,,1.575,1.595,1.565,1.579,75909000.0,120022196.0,,,sina:515210
2021-04-19,515210,,1.574,1.586,1.546,1.57,93501100.0,146624090.0,,,sina:515210
2021-04-20,515210,,1.564,1.592,1.561,1.587,75002500.0,118518020.0,,,sina:515210
2021-04-21,515210,,1.573,1.58,1.529,1.543,50705300.0,78331228.0,,,sina:515210
2021-04-22,515210,,1.547,1.599,1.547,1.577,61673500.0,97802818.0,,,sina:515210
2021-04-23,515210,,1.574,1.608,1.553,1.605,59819600.0,95155399.0,,,sina:515210
2021-04-26,515210,,1.624,1.637,1.583,1.586,54008500.0,87132068.0,,,sina:515210
2021-04-27,515210,,1.569,1.595,1.543,1.576,59802000.0,93652001.0,,,sina:515210
2021-04-28,515210,,1.56,1.59,1.554,1.587,45390800.0,71661187.0,,,sina:515210
2021-04-29,515210,,1.586,1.586,1.541,1.575,51521500.0,80482051.0,,,sina:515210
2021-04-30,515210,,1.559,1.581,1.55,1.558,37187700.0,58125460.0,,,sina:515210
2021-05-06,515210,,1.582,1.666,1.582,1.658,78173300.0,127450816.0,,,sina:515210
2021-05-07,515210,,1.695,1.715,1.649,1.693,79907400.0,134792902.0,,,sina:515210
2021-05-10,515210,,1.745,1.79,1.705,1.782,110607537.0,193638039.0,,,sina:515210
2021-05-11,515210,,1.74,1.742,1.679,1.709,108779400.0,186417753.0,,,sina:515210
2021-05-12,515210,,1.699,1.753,1.696,1.735,74973100.0,129454901.0,,,sina:515210
2021-05-13,515210,,1.686,1.705,1.629,1.641,86040000.0,142753100.0,,,sina:515210
2021-05-14,515210,,1.63,1.656,1.602,1.635,77823700.0,126412165.0,,,sina:515210
2021-05-17,515210,,1.634,1.641,1.598,1.627,89127000.0,144443288.0,,,sina:515210
2021-05-18,515210,,1.643,1.651,1.63,1.645,99419200.0,163220739.0,,,sina:515210
2021-05-19,515210,,1.624,1.624,1.593,1.614,85127500.0,136853670.0,,,sina:515210
2021-05-20,515210,,1.54,1.557,1.51,1.54,116256200.0,177880616.0,,,sina:515210
2021-05-21,515210,,1.536,1.586,1.532,1.572,107281000.0,167544535.0,,,sina:515210
2021-05-24,515210,,1.542,1.563,1.526,1.547,71548600.0,110451991.0,,,sina:515210
2021-05-25,515210,,1.547,1.559,1.522,1.557,92759900.0,143284829.0,,,sina:515210
2021-05-26,515210,,1.543,1.568,1.534,1.553,67833600.0,105227735.0,,,sina:515210
2021-05-27,515210,,1.548,1.566,1.546,1.565,79021100.0,123171903.0,,,sina:515210
2021-05-28,515210,,1.595,1.6,1.554,1.558,98343550.0,155271832.0,,,sina:515210
2021-05-31,515210,,1.569,1.575,1.548,1.559,80668200.0,125570489.0,,,sina:515210
2021-06-01,515210,,1.549,1.57,1.51,1.568,141072000.0,217214963.0,,,sina:515210
2021-06-02,515210,,1.561,1.564,1.535,1.536,84077700.0,130227944.0,,,sina:515210
2021-06-03,515210,,1.531,1.602,1.531,1.583,140688500.0,221069892.0,,,sina:515210
2021-06-04,515210,,1.563,1.566,1.542,1.554,69745600.0,108310685.0,,,sina:515210
2021-06-07,515210,,1.54,1.557,1.53,1.534,63551000.0,97694232.0,,,sina:515210
2021-06-08,515210,,1.527,1.549,1.52,1.538,62066200.0,95228894.0,,,sina:515210
2021-06-09,515210,,1.535,1.577,1.535,1.565,105803000.0,165352644.0,,,sina:515210
2021-06-10,515210,,1.565,1.594,1.551,1.582,85686900.0,134787542.0,,,sina:515210
2021-06-11,515210,,1.592,1.609,1.578,1.599,90029900.0,143449051.0,,,sina:515210
2021-06-15,515210,,1.597,1.597,1.547,1.554,58737100.0,91746933.0,,,sina:515210
2021-06-16,515210,,1.545,1.567,1.517,1.525,61599060.0,94794573.0,,,sina:515210
2021-06-17,515210,,1.52,1.531,1.503,1.509,63412800.0,96057284.0,,,sina:515210
2021-06-18,515210,,1.506,1.51,1.479,1.505,54686800.0,81916070.0,,,sina:515210
2021-06-21,515210,,1.519,1.55,1.519,1.543,70006100.0,107626954.0,,,sina:515210
2021-06-22,515210,,1.538,1.538,1.517,1.53,49639100.0,75816678.0,,,sina:515210
2021-06-23,515210,,1.531,1.55,1.519,1.541,65416400.0,100388702.0,,,sina:515210
2021-06-24,515210,,1.537,1.55,1.521,1.545,67938540.0,104595492.0,,,sina:515210
2021-06-25,515210,,1.545,1.585,1.541,1.583,80123600.0,125211249.0,,,sina:515210
2021-06-28,515210,,1.573,1.575,1.559,1.568,66219800.0,103696572.0,,,sina:515210
2021-06-29,515210,,1.568,1.57,1.542,1.543,42623700.0,66186494.0,,,sina:515210
2021-06-30,515210,,1.544,1.562,1.543,1.548,40953240.0,63520431.0,,,sina:515210
2021-07-01,515210,,1.565,1.573,1.545,1.547,46390100.0,72368532.0,,,sina:515210
2021-07-02,515210,,1.545,1.554,1.524,1.548,49745300.0,76820769.0,,,sina:515210
2021-07-05,515210,,1.547,1.561,1.543,1.554,47678400.0,74051587.0,,,sina:515210
2021-07-06,515210,,1.56,1.569,1.527,1.543,53977200.0,83837256.0,,,sina:515210
2021-07-07,515210,,1.532,1.59,1.529,1.589,64204140.0,100641399.0,,,sina:515210
2021-07-08,515210,,1.595,1.598,1.561,1.568,56209400.0,88522654.0,,,sina:515210
2021-07-09,515210,,1.547,1.618,1.528,1.615,82801700.0,131118582.0,,,sina:515210
2021-07-12,515210,,1.625,1.683,1.62,1.631,90506800.0,149268117.0,,,sina:515210
2021-07-13,515210,,1.623,1.668,1.604,1.66,95457000.0,156552842.0,,,sina:515210
2021-07-14,515210,,1.661,1.687,1.627,1.635,74308100.0,123027736.0,,,sina:515210
2021-07-15,515210,,1.617,1.725,1.617,1.714,97216500.0,162770114.0,,,sina:515210
2021-07-16,515210,,1.712,1.755,1.69,1.727,93010450.0,161220932.0,,,sina:515210
2021-07-19,515210,,1.728,1.745,1.689,1.693,69843500.0,119664468.0,,,sina:515210
2021-07-20,515210,,1.666,1.674,1.639,1.666,65387624.0,108469968.0,,,sina:515210
2021-07-21,515210,,1.668,1.71,1.661,1.71,71667400.0,121232453.0,,,sina:515210
2021-07-22,515210,,1.708,1.808,1.701,1.8,111031800.0,196071494.0,,,sina:515210
2021-07-23,515210,,1.816,1.884,1.805,1.83,112656050.0,207476326.0,,,sina:515210
2021-07-26,515210,,1.83,1.842,1.75,1.79,80036200.0,143780746.0,,,sina:515210
2021-07-27,515210,,1.786,1.829,1.707,1.709,96230000.0,171418605.0,,,sina:515210
2021-07-28,515210,,1.681,1.713,1.625,1.676,89216700.0,149418560.0,,,sina:515210
2021-07-29,515210,,1.687,1.77,1.685,1.757,71386647.0,122180648.0,,,sina:515210
2021-07-30,515210,,1.743,1.836,1.735,1.823,128698800.0,229589703.0,,,sina:515210
2021-08-02,515210,,1.762,1.773,1.697,1.733,133370300.0,230249209.0,,,sina:515210
2021-08-03,515210,,1.718,1.733,1.66,1.668,70745700.0,119451978.0,,,sina:515210
2021-08-04,515210,,1.684,1.744,1.677,1.738,91212300.0,155946551.0,,,sina:515210
2021-08-05,515210,,1.736,1.737,1.703,1.726,62374800.0,107241431.0,,,sina:515210
2021-08-06,515210,,1.727,1.77,1.717,1.76,69626400.0,122025344.0,,,sina:515210
2021-08-09,515210,,1.74,1.781,1.727,1.776,56733800.0,99971763.0,,,sina:515210
2021-08-10,515210,,1.776,1.794,1.761,1.78,66534200.0,118271756.0,,,sina:515210
2021-08-11,515210,,1.798,1.819,1.772,1.817,95488799.0,171828651.0,,,sina:515210
2021-08-12,515210,,1.809,1.882,1.785,1.864,111017700.0,205092921.0,,,sina:515210
2021-08-13,515210,,1.85,1.894,1.833,1.876,77133040.0,144366649.0,,,sina:515210
2021-08-16,515210,,1.876,1.889,1.838,1.86,78362483.0,146408357.0,,,sina:515210
2021-08-17,515210,,1.863,1.876,1.819,1.828,93593201.0,172958011.0,,,sina:515210
2021-08-18,515210,,1.825,1.858,1.82,1.842,54153982.0,99696186.0,,,sina:515210
2021-08-19,515210,,1.816,1.839,1.774,1.833,52303700.0,94589423.0,,,sina:515210
2021-08-20,515210,,1.824,1.857,1.805,1.857,63282500.0,115869683.0,,,sina:515210
2021-08-23,515210,,1.857,1.884,1.846,1.874,63801700.0,118883311.0,,,sina:515210
2021-08-24,515210,,1.861,1.939,1.857,1.923,56340000.0,107609179.0,,,sina:515210
2021-08-25,515210,,1.936,1.949,1.892,1.945,58221600.0,112091041.0,,,sina:515210
2021-08-26,515210,,1.948,2.032,1.948,2.008,90983921.0,181785368.0,,,sina:515210
2021-08-27,515210,,1.992,2.03,1.971,2.029,73747896.0,147041829.0,,,sina:515210
2021-08-30,515210,,2.06,2.077,2.035,2.07,74428737.0,153137291.0,,,sina:515210
2021-08-31,515210,,2.07,2.186,2.055,2.18,82780157.0,176410991.0,,,sina:515210
2021-09-01,515210,,2.211,2.275,2.117,2.133,134828837.0,295205908.0,,,sina:515210
2021-09-02,515210,,2.109,2.225,2.096,2.191,124791730.0,270737987.0,,,sina:515210
2021-09-03,515210,,2.182,2.209,2.096,2.139,93598120.0,201631553.0,,,sina:515210
2021-09-06,515210,,2.139,2.181,2.082,2.155,86985700.0,185093741.0,,,sina:515210
2021-09-07,515210,,2.15,2.26,2.13,2.252,121189600.0,267997380.0,,,sina:515210
2021-09-08,515210,,2.24,2.279,2.215,2.251,104458720.0,235011968.0,,,sina:515210
2021-09-09,515210,,2.246,2.404,2.244,2.392,156929700.0,365980770.0,,,sina:515210
2021-09-10,515210,,2.368,2.371,2.307,2.32,145893985.0,340924159.0,,,sina:515210
2021-09-13,515210,,2.308,2.387,2.301,2.361,109576845.0,257018045.0,,,sina:515210
2021-09-14,515210,,2.352,2.352,2.268,2.277,102323833.0,235012239.0,,,sina:515210
2021-09-15,515210,,2.258,2.309,2.251,2.277,72605363.0,165691390.0,,,sina:515210
2021-09-16,515210,,2.318,2.375,2.258,2.266,99327861.0,229837160.0,,,sina:515210
2021-09-17,515210,,2.244,2.27,2.096,2.169,109280100.0,238682251.0,,,sina:515210
2021-09-22,515210,,2.126,2.181,2.102,2.18,71210809.0,152719713.0,,,sina:515210
2021-09-23,515210,,2.21,2.238,2.156,2.212,92309548.0,203483814.0,,,sina:515210
2021-09-24,515210,,2.187,2.202,2.074,2.098,77057471.0,163614138.0,,,sina:515210
2021-09-27,515210,,2.082,2.082,1.95,1.952,97997700.0,194713691.0,,,sina:515210
2021-09-28,515210,,1.946,1.968,1.906,1.958,83955732.0,162746041.0,,,sina:515210
2021-09-29,515210,,1.93,1.942,1.839,1.847,92417519.0,173767335.0,,,sina:515210
2021-09-30,515210,,1.848,1.9,1.848,1.879,96133571.0,180427948.0,,,sina:515210
2021-10-08,515210,,1.913,1.918,1.841,1.869,68316432.0,127826840.0,,,sina:515210
2021-10-11,515210,,1.872,1.872,1.793,1.847,64268500.0,117533816.0,,,sina:515210
2021-10-12,515210,,1.839,1.85,1.747,1.772,84855700.0,152042824.0,,,sina:515210
2021-10-13,515210,,1.761,1.781,1.731,1.768,73664400.0,129513599.0,,,sina:515210
2021-10-14,515210,,1.771,1.795,1.747,1.777,86434301.0,153500290.0,,,sina:515210
2021-10-15,515210,,1.778,1.785,1.754,1.78,83366700.0,147852058.0,,,sina:515210
2021-10-18,515210,,1.777,1.812,1.766,1.806,132925654.0,238636571.0,,,sina:515210
2021-10-19,515210,,1.801,1.823,1.777,1.821,122972400.0,221430862.0,,,sina:515210
2021-10-20,515210,,1.789,1.838,1.755,1.818,111769361.0,201149474.0,,,sina:515210
2021-10-21,515210,,1.818,1.856,1.816,1.818,118358468.0,217393569.0,,,sina:515210
2021-10-22,515210,,1.8,1.803,1.746,1.749,137660900.0,243535803.0,,,sina:515210
2021-10-25,515210,,1.745,1.766,1.718,1.762,86552798.0,151336036.0,,,sina:515210
2021-10-26,515210,,1.761,1.794,1.753,1.762,88236782.0,156196375.0,,,sina:515210
2021-10-27,515210,,1.756,1.763,1.717,1.727,111192277.0,192852700.0,,,sina:515210
2021-10-28,515210,,1.715,1.72,1.656,1.663,97748933.0,163912536.0,,,sina:515210
2021-10-29,515210,,1.672,1.687,1.658,1.68,73325200.0,122550234.0,,,sina:515210
2021-11-01,515210,,1.672,1.69,1.663,1.678,60033633.0,100719111.0,,,sina:515210
2021-11-02,515210,,1.671,1.677,1.589,1.607,109652500.0,178496539.0,,,sina:515210
2021-11-03,515210,,1.606,1.626,1.591,1.618,81001589.0,130484216.0,,,sina:515210
2021-11-04,515210,,1.617,1.617,1.594,1.603,71611502.0,114661971.0,,,sina:515210
2021-11-05,515210,,1.59,1.6,1.55,1.554,104840900.0,164591606.0,,,sina:515210
2021-11-08,515210,,1.559,1.608,1.559,1.586,99722300.0,158249386.0,,,sina:515210
2021-11-09,515210,,1.588,1.593,1.57,1.584,59303300.0,93871212.0,,,sina:515210
2021-11-10,515210,,1.56,1.584,1.535,1.58,94741700.0,147477104.0,,,sina:515210
2021-11-11,515210,,1.588,1.621,1.583,1.616,122846013.0,196840922.0,,,sina:515210
2021-11-12,515210,,1.609,1.62,1.585,1.586,92091692.0,146997664.0,,,sina:515210
2021-11-15,515210,,1.586,1.586,1.559,1.58,72554200.0,114186183.0,,,sina:515210
2021-11-16,515210,,1.58,1.591,1.551,1.553,85617900.0,134542949.0,,,sina:515210
2021-11-17,515210,,1.555,1.584,1.554,1.582,81233000.0,127920899.0,,,sina:515210
2021-11-18,515210,,1.582,1.62,1.582,1.609,116629300.0,187083860.0,,,sina:515210
2021-11-19,515210,,1.609,1.635,1.59,1.633,99849823.0,161080310.0,,,sina:515210
2021-11-22,515210,,1.645,1.65,1.624,1.643,114447423.0,187529996.0,,,sina:515210
2021-11-23,515210,,1.647,1.71,1.647,1.685,149325000.0,252016601.0,,,sina:515210
2021-11-24,515210,,1.689,1.716,1.672,1.707,95160700.0,161238376.0,,,sina:515210
2021-11-25,515210,,1.706,1.707,1.671,1.673,74676100.0,125678486.0,,,sina:515210
2021-11-26,515210,,1.666,1.735,1.657,1.716,110444330.0,188430161.0,,,sina:515210
2021-11-29,515210,,1.69,1.707,1.673,1.702,64932500.0,109790177.0,,,sina:515210
2021-11-30,515210,,1.703,1.711,1.675,1.683,54137464.0,91732038.0,,,sina:515210
2021-12-01,515210,,1.687,1.699,1.663,1.699,74534402.0,125444400.0,,,sina:515210
2021-12-02,515210,,1.693,1.73,1.683,1.723,91495500.0,156168195.0,,,sina:515210
2021-12-03,515210,,1.72,1.727,1.689,1.718,102040500.0,174705032.0,,,sina:515210
2021-12-06,515210,,1.719,1.752,1.706,1.711,99717500.0,172661132.0,,,sina:515210
2021-12-07,515210,,1.721,1.733,1.68,1.723,116886100.0,199893693.0,,,sina:515210
2021-12-08,515210,,1.72,1.734,1.703,1.732,79223236.0,136310851.0,,,sina:515210
2021-12-09,515210,,1.725,1.76,1.715,1.736,87375802.0,151845244.0,,,sina:515210
2021-12-10,515210,,1.726,1.737,1.715,1.718,63280098.0,109159590.0,,,sina:515210
2021-12-13,515210,,1.718,1.727,1.711,1.72,57624291.0,99042095.0,,,sina:515210
2021-12-14,515210,,1.716,1.717,1.683,1.686,63329798.0,107386858.0,,,sina:515210
2021-12-15,515210,,1.688,1.712,1.686,1.699,66088119.0,112494346.0,,,sina:515210
2021-12-16,515210,,1.697,1.76,1.696,1.757,118045783.0,205094678.0,,,sina:515210
2021-12-17,515210,,1.755,1.778,1.75,1.751,97479700.0,171685057.0,,,sina:515210
2021-12-20,515210,,1.755,1.766,1.716,1.724,73454200.0,127591121.0,,,sina:515210
2021-12-21,515210,,1.724,1.749,1.683,1.749,58239919.0,100860625.0,,,sina:515210
2021-12-22,515210,,1.749,1.754,1.723,1.727,84310100.0,145969542.0,,,sina:515210
2021-12-23,515210,,1.73,1.738,1.72,1.728,46302500.0,79981557.0,,,sina:515210
2021-12-24,515210,,1.728,1.729,1.683,1.688,72475293.0,122884082.0,,,sina:515210
2021-12-27,515210,,1.622,1.637,1.597,1.619,56738900.0,91927359.0,,,sina:515210
2021-12-28,515210,,1.619,1.634,1.611,1.633,114184339.0,185283782.0,,,sina:515210
2021-12-29,515210,,1.636,1.663,1.629,1.645,40898638.0,67326899.0,,,sina:515210
2021-12-30,515210,,1.647,1.661,1.645,1.653,50225144.0,83069417.0,,,sina:515210
2021-12-31,515210,,1.653,1.667,1.65,1.663,37932500.0,62971144.0,,,sina:515210
2022-01-04,515210,,1.669,1.682,1.666,1.675,57373798.0,96076534.0,,,sina:515210
2022-01-05,515210,,1.676,1.679,1.64,1.647,51319473.0,84977383.0,,,sina:515210
2022-01-06,515210,,1.64,1.687,1.64,1.686,74692000.0,125190933.0,,,sina:515210
2022-01-07,515210,,1.686,1.72,1.681,1.7,90563575.0,154635831.0,,,sina:515210
2022-01-10,515210,,1.706,1.711,1.678,1.687,96702900.0,163539155.0,,,sina:515210
2022-01-11,515210,,1.687,1.713,1.685,1.688,133102310.0,225957117.0,,,sina:515210
2022-01-12,515210,,1.682,1.684,1.651,1.672,85529100.0,142017201.0,,,sina:515210
2022-01-13,515210,,1.668,1.668,1.632,1.635,85198700.0,140789982.0,,,sina:515210
2022-01-14,515210,,1.629,1.633,1.609,1.618,58017100.0,94077727.0,,,sina:515210
2022-01-17,515210,,1.607,1.626,1.607,1.62,42974300.0,69515673.0,,,sina:515210
2022-01-18,515210,,1.62,1.647,1.617,1.644,55404300.0,90602772.0,,,sina:515210
2022-01-19,515210,,1.693,1.713,1.651,1.659,158423140.0,263745988.0,,,sina:515210
2022-01-20,515210,,1.657,1.684,1.634,1.644,96275440.0,159208264.0,,,sina:515210
2022-01-21,515210,,1.634,1.637,1.614,1.621,78698400.0,127682818.0,,,sina:515210
2022-01-24,515210,,1.61,1.656,1.604,1.648,85227200.0,139524055.0,,,sina:515210
2022-01-25,515210,,1.635,1.649,1.582,1.584,61008500.0,98324134.0,,,sina:515210
2022-01-26,515210,,1.575,1.616,1.572,1.598,78122000.0,124282687.0,,,sina:515210
2022-01-27,515210,,1.596,1.607,1.566,1.57,49711600.0,78797075.0,,,sina:515210
2022-01-28,515210,,1.573,1.583,1.52,1.552,53286300.0,82441323.0,,,sina:515210
2022-02-07,515210,,1.566,1.616,1.562,1.615,70621286.0,113060611.0,,,sina:515210
2022-02-08,515210,,1.618,1.659,1.608,1.656,86136186.0,140312600.0,,,sina:515210
2022-02-09,515210,,1.649,1.671,1.635,1.669,79221400.0,131587627.0,,,sina:515210
2022-02-10,515210,,1.666,1.68,1.654,1.671,62522094.0,104400696.0,,,sina:515210
2022-02-11,515210,,1.67,1.691,1.658,1.659,154756529.0,258896319.0,,,sina:515210
2022-02-14,515210,,1.64,1.663,1.621,1.631,69449771.0,113812764.0,,,sina:515210
2022-02-15,515210,,1.63,1.631,1.607,1.624,51202409.0,82872945.0,,,sina:515210
2022-02-16,515210,,1.63,1.66,1.63,1.651,46959983.0,77438325.0,,,sina:515210
2022-02-17,515210,,1.643,1.661,1.637,1.658,50734800.0,83824874.0,,,sina:515210
2022-02-18,515210,,1.651,1.7,1.642,1.692,88266900.0,148533676.0,,,sina:515210
2022-02-21,515210,,1.696,1.706,1.679,1.696,61614700.0,104356910.0,,,sina:515210
2022-02-22,515210,,1.695,1.697,1.653,1.668,64104500.0,107146648.0,,,sina:515210
2022-02-23,515210,,1.665,1.682,1.655,1.682,56695900.0,94602518.0,,,sina:515210
2022-02-24,515210,,1.668,1.673,1.609,1.625,80632400.0,132650122.0,,,sina:515210
2022-02-25,515210,,1.626,1.694,1.626,1.656,80829600.0,134699295.0,,,sina:515210
2022-02-28,515210,,1.658,1.671,1.637,1.665,57181900.0,94509675.0,,,sina:515210
2022-03-01,515210,,1.666,1.678,1.648,1.661,53526900.0,88902177.0,,,sina:515210
2022-03-02,515210,,1.649,1.673,1.641,1.661,59780200.0,99423573.0,,,sina:515210
2022-03-03,515210,,1.67,1.691,1.666,1.682,98650600.0,165460670.0,,,sina:515210
2022-03-04,515210,,1.673,1.686,1.637,1.658,101573900.0,168577136.0,,,sina:515210
2022-03-07,515210,,1.671,1.679,1.628,1.64,74607300.0,123569497.0,,,sina:515210
2022-03-08,515210,,1.631,1.642,1.567,1.58,91438400.0,146558294.0,,,sina:515210
2022-03-09,515210,,1.576,1.576,1.482,1.564,84677327.0,130078677.0,,,sina:515210
2022-03-10,515210,,1.567,1.59,1.552,1.576,63076472.0,99267319.0,,,sina:515210
2022-03-11,515210,,1.554,1.572,1.52,1.563,56910273.0,87781914.0,,,sina:515210
2022-03-14,515210,,1.55,1.565,1.515,1.516,44991800.0,69371770.0,,,sina:515210
2022-03-15,515210,,1.516,1.516,1.4,1.402,56633800.0,82299072.0,,,sina:515210
2022-03-16,515210,,1.425,1.455,1.371,1.444,58834600.0,83075462.0,,,sina:515210
2022-03-17,515210,,1.459,1.501,1.458,1.478,58360300.0,86463733.0,,,sina:515210
2022-03-18,515210,,1.49,1.5,1.47,1.497,44858800.0,66770820.0,,,sina:515210
2022-03-21,515210,,1.501,1.508,1.474,1.495,51303035.0,76586232.0,,,sina:515210
2022-03-22,515210,,1.494,1.527,1.485,1.52,70852100.0,107183036.0,,,sina:515210
2022-03-23,515210,,1.513,1.522,1.497,1.515,51579224.0,77930641.0,,,sina:515210
2022-03-24,515210,,1.508,1.511,1.491,1.499,44410624.0,66593756.0,,,sina:515210
2022-03-25,515210,,1.498,1.511,1.485,1.486,55832700.0,83531469.0,,,sina:515210
2022-03-28,515210,,1.48,1.505,1.446,1.493,49353300.0,72941920.0,,,sina:515210
2022-03-29,515210,,1.487,1.498,1.475,1.482,52165000.0,77571035.0,,,sina:515210
2022-03-30,515210,,1.483,1.512,1.483,1.512,43871100.0,65686359.0,,,sina:515210
2022-03-31,515210,,1.51,1.525,1.504,1.516,53382399.0,80845924.0,,,sina:515210
2022-04-01,515210,,1.515,1.536,1.498,1.533,100107599.0,152525669.0,,,sina:515210
2022-04-06,515210,,1.537,1.612,1.521,1.61,199030372.0,312752059.0,,,sina:515210
2022-04-07,515210,,1.591,1.622,1.569,1.57,239441572.0,382491175.0,,,sina:515210
2022-04-08,515210,,1.562,1.597,1.543,1.592,113818400.0,178896390.0,,,sina:515210
2022-04-11,515210,,1.579,1.579,1.539,1.545,113724000.0,176824895.0,,,sina:515210
2022-04-12,515210,,1.529,1.556,1.523,1.543,183787000.0,283383299.0,,,sina:515210
2022-04-13,515210,,1.53,1.572,1.522,1.547,201545800.0,312618013.0,,,sina:515210
2022-04-14,515210,,1.55,1.588,1.541,1.576,153018300.0,240313705.0,,,sina:515210
2022-04-15,515210,,1.576,1.615,1.565,1.58,221438205.0,353134357.0,,,sina:515210
2022-04-18,515210,,1.556,1.563,1.542,1.557,101211900.0,157215499.0,,,sina:515210
2022-04-19,515210,,1.548,1.587,1.545,1.579,137772681.0,216542822.0,,,sina:515210
2022-04-20,515210,,1.572,1.575,1.502,1.51,138388700.0,212442595.0,,,sina:515210
2022-04-21,515210,,1.492,1.504,1.436,1.44,153702956.0,225467515.0,,,sina:515210
2022-04-22,515210,,1.43,1.457,1.406,1.444,95813252.0,137385040.0,,,sina:515210
2022-04-25,515210,,1.413,1.43,1.336,1.339,109139858.0,150476056.0,,,sina:515210
2022-04-26,515210,,1.345,1.358,1.306,1.309,132827600.0,176561358.0,,,sina:515210
2022-04-27,515210,,1.291,1.367,1.28,1.361,108495400.0,144048885.0,,,sina:515210
2022-04-28,515210,,1.34,1.363,1.324,1.347,84568100.0,113604664.0,,,sina:515210
2022-04-29,515210,,1.35,1.405,1.348,1.404,87826800.0,121233314.0,,,sina:515210
2022-05-05,515210,,1.403,1.416,1.393,1.408,55855900.0,78642740.0,,,sina:515210
2022-05-06,515210,,1.38,1.382,1.358,1.361,103553900.0,141547850.0,,,sina:515210
2022-05-09,515210,,1.358,1.38,1.352,1.37,50098800.0,68713524.0,,,sina:515210
2022-05-10,515210,,1.355,1.383,1.339,1.382,66851700.0,91320611.0,,,sina:515210
2022-05-11,515210,,1.38,1.421,1.379,1.39,96201600.0,134726183.0,,,sina:515210
2022-05-12,515210,,1.38,1.397,1.37,1.388,48555900.0,67191633.0,,,sina:515210
2022-05-13,515210,,1.39,1.396,1.382,1.393,51744628.0,71952655.0,,,sina:515210
2022-05-16,515210,,1.395,1.408,1.386,1.402,57363600.0,80147472.0,,,sina:515210
2022-05-17,515210,,1.404,1.41,1.387,1.41,73107411.0,102373666.0,,,sina:515210
2022-05-18,515210,,1.412,1.423,1.403,1.414,51987200.0,73414908.0,,,sina:515210
2022-05-19,515210,,1.39,1.414,1.385,1.414,43647300.0,61083398.0,,,sina:515210
2022-05-20,515210,,1.422,1.44,1.419,1.439,58995500.0,84297342.0,,,sina:515210
2022-05-23,515210,,1.449,1.481,1.445,1.475,73348793.0,107648121.0,,,sina:515210
2022-05-24,515210,,1.463,1.474,1.42,1.421,70808842.0,103246929.0,,,sina:515210
2022-05-25,515210,,1.414,1.44,1.413,1.439,55059155.0,78525431.0,,,sina:515210
2022-05-26,515210,,1.443,1.458,1.418,1.447,80915500.0,116443383.0,,,sina:515210
2022-05-27,515210,,1.458,1.466,1.436,1.451,136290200.0,197571309.0,,,sina:515210
2022-05-30,515210,,1.46,1.466,1.448,1.454,61461600.0,89409053.0,,,sina:515210
2022-05-31,515210,,1.455,1.469,1.443,1.467,60754900.0,88456689.0,,,sina:515210
2022-06-01,515210,,1.467,1.468,1.447,1.463,45184875.0,65948267.0,,,sina:515210
2022-06-02,515210,,1.46,1.498,1.456,1.497,55338400.0,82286947.0,,,sina:515210
2022-06-06,515210,,1.493,1.519,1.483,1.516,47514700.0,71259782.0,,,sina:515210
2022-06-07,515210,,1.518,1.52,1.496,1.505,50031542.0,75240095.0,,,sina:515210
2022-06-08,515210,,1.504,1.527,1.493,1.522,55970945.0,84649302.0,,,sina:515210
2022-06-09,515210,,1.526,1.533,1.507,1.519,91826580.0,139410052.0,,,sina:515210
2022-06-10,515210,,1.516,1.565,1.502,1.534,59487944.0,90596128.0,,,sina:515210
2022-06-13,515210,,1.515,1.528,1.501,1.517,94017290.0,142385275.0,,,sina:515210
2022-06-14,515210,,1.495,1.525,1.477,1.525,50646022.0,75902962.0,,,sina:515210
2022-06-15,515210,,1.523,1.545,1.515,1.52,56915700.0,87019077.0,,,sina:515210
2022-06-16,515210,,1.528,1.538,1.506,1.512,60648578.0,92166286.0,,,sina:515210
2022-06-17,515210,,1.498,1.513,1.487,1.509,73841290.0,110960559.0,,,sina:515210
2022-06-20,515210,,1.5,1.524,1.495,1.514,87188590.0,131834563.0,,,sina:515210
2022-06-21,515210,,1.514,1.534,1.492,1.516,87759900.0,132317799.0,,,sina:515210
2022-06-22,515210,,1.515,1.529,1.499,1.513,61532601.0,93313834.0,,,sina:515210
2022-06-23,515210,,1.515,1.535,1.504,1.534,48342401.0,73431583.0,,,sina:515210
2022-06-24,515210,,1.534,1.56,1.529,1.556,90269600.0,139781402.0,,,sina:515210
2022-06-27,515210,,1.571,1.573,1.535,1.559,88748100.0,138085716.0,,,sina:515210
2022-06-28,515210,,1.559,1.559,1.54,1.559,58899977.0,91089865.0,,,sina:515210
2022-06-29,515210,,1.552,1.558,1.522,1.527,101246990.0,155463952.0,,,sina:515210
2022-06-30,515210,,1.528,1.54,1.528,1.531,53590390.0,82174138.0,,,sina:515210
2022-07-01,515210,,1.531,1.558,1.523,1.553,69105301.0,106536992.0,,,sina:515210
2022-07-04,515210,,1.542,1.566,1.538,1.561,64418600.0,100225458.0,,,sina:515210
2022-07-05,515210,,1.568,1.594,1.561,1.588,59483546.0,94090701.0,,,sina:515210
2022-07-06,515210,,1.581,1.584,1.548,1.561,63442000.0,99102564.0,,,sina:515210
2022-07-07,515210,,1.562,1.576,1.554,1.566,46793600.0,73430417.0,,,sina:515210
2022-07-08,515210,,1.564,1.572,1.55,1.554,40054600.0,62427932.0,,,sina:515210
2022-07-11,515210,,1.54,1.541,1.515,1.522,38526000.0,58744360.0,,,sina:515210
2022-07-12,515210,,1.526,1.546,1.515,1.528,42528617.0,65131542.0,,,sina:515210
2022-07-13,515210,,1.528,1.535,1.515,1.529,42074885.0,64166160.0,,,sina:515210
2022-07-14,515210,,1.535,1.537,1.511,1.515,36872100.0,56010931.0,,,sina:515210
2022-07-15,515210,,1.508,1.521,1.479,1.481,47972800.0,72119735.0,,,sina:515210
2022-07-18,515210,,1.487,1.504,1.481,1.503,43491000.0,64977503.0,,,sina:515210
2022-07-19,515210,,1.509,1.511,1.493,1.501,35144035.0,52868047.0,,,sina:515210
2022-07-20,515210,,1.511,1.525,1.502,1.517,31415773.0,47565853.0,,,sina:515210
2022-07-21,515210,,1.518,1.524,1.506,1.51,70393678.0,106669446.0,,,sina:515210
2022-07-22,515210,,1.51,1.515,1.488,1.499,41707127.0,62732498.0,,,sina:515210
2022-07-25,515210,,1.505,1.505,1.469,1.473,39239200.0,58222512.0,,,sina:515210
2022-07-26,515210,,1.472,1.494,1.47,1.488,33898992.0,50435860.0,,,sina:515210
2022-07-27,515210,,1.484,1.498,1.476,1.495,45006527.0,66878682.0,,,sina:515210
2022-07-28,515210,,1.51,1.511,1.482,1.491,50897300.0,75876968.0,,,sina:515210
2022-07-29,515210,,1.495,1.506,1.484,1.489,43954300.0,65554791.0,,,sina:515210
2022-08-01,515210,,1.484,1.486,1.471,1.477,44981946.0,66445698.0,,,sina:515210
2022-08-02,515210,,1.473,1.473,1.418,1.44,41487100.0,59475255.0,,,sina:515210
2022-08-03,515210,,1.437,1.458,1.417,1.42,39266600.0,56677899.0,,,sina:515210
2022-08-04,515210,,1.439,1.439,1.411,1.426,38844800.0,55209120.0,,,sina:515210
2022-08-05,515210,,1.435,1.452,1.415,1.45,46306900.0,66182426.0,,,sina:515210
2022-08-08,515210,,1.451,1.472,1.444,1.471,43914100.0,64298850.0,,,sina:515210
2022-08-09,515210,,1.469,1.481,1.463,1.478,38422300.0,56669620.0,,,sina:515210
2022-08-10,515210,,1.473,1.482,1.463,1.472,94162485.0,138393977.0,,,sina:515210
2022-08-11,515210,,1.472,1.481,1.469,1.48,39459800.0,58178644.0,,,sina:515210
2022-08-12,515210,,1.48,1.488,1.474,1.479,48594900.0,72036133.0,,,sina:515210
2022-08-15,515210,,1.49,1.496,1.479,1.489,39793300.0,59215384.0,,,sina:515210
2022-08-16,515210,,1.49,1.504,1.486,1.494,59945114.0,89376114.0,,,sina:515210
2022-08-17,515210,,1.497,1.497,1.473,1.485,41125800.0,60813862.0,,,sina:515210
2022-08-18,515210,,1.488,1.488,1.465,1.469,43565200.0,64044698.0,,,sina:515210
2022-08-19,515210,,1.476,1.476,1.461,1.464,37915500.0,55718727.0,,,sina:515210
2022-08-22,515210,,1.464,1.494,1.45,1.491,53295300.0,78663472.0,,,sina:515210
2022-08-23,515210,,1.487,1.488,1.468,1.478,45020800.0,66404856.0,,,sina:515210
2022-08-24,515210,,1.488,1.49,1.446,1.447,41356200.0,60585793.0,,,sina:515210
2022-08-25,515210,,1.447,1.454,1.424,1.447,40218818.0,57825879.0,,,sina:515210
2022-08-26,515210,,1.443,1.451,1.434,1.439,39836000.0,57554421.0,,,sina:515210
2022-08-29,515210,,1.425,1.452,1.419,1.448,49700200.0,71439987.0,,,sina:515210
2022-08-30,515210,,1.446,1.456,1.438,1.443,42015400.0,60720803.0,,,sina:515210
2022-08-31,515210,,1.441,1.445,1.412,1.415,46328053.0,65960052.0,,,sina:515210
2022-09-01,515210,,1.425,1.429,1.408,1.412,45789700.0,64913244.0,,,sina:515210
2022-09-02,515210,,1.407,1.419,1.399,1.408,46250300.0,65175003.0,,,sina:515210
2022-09-05,515210,,1.412,1.428,1.4,1.425,48365900.0,68536675.0,,,sina:515210
2022-09-06,515210,,1.426,1.446,1.426,1.445,36509000.0,52528824.0,,,sina:515210
2022-09-07,515210,,1.444,1.452,1.435,1.449,99298400.0,143743666.0,,,sina:515210
2022-09-08,515210,,1.449,1.472,1.443,1.461,71349518.0,104208435.0,,,sina:515210
2022-09-09,515210,,1.459,1.464,1.447,1.463,45731400.0,66655106.0,,,sina:515210
2022-09-13,515210,,1.465,1.47,1.451,1.455,45774500.0,66727477.0,,,sina:515210
2022-09-14,515210,,1.446,1.452,1.433,1.437,58219583.0,83969367.0,,,sina:515210
2022-09-15,515210,,1.439,1.455,1.41,1.422,59359700.0,84644172.0,,,sina:515210
2022-09-16,515210,,1.421,1.421,1.383,1.384,52178700.0,73028374.0,,,sina:515210
2022-09-19,515210,,1.38,1.383,1.358,1.364,50648900.0,69226582.0,,,sina:515210
2022-09-20,515210,,1.371,1.388,1.37,1.376,47866500.0,66010235.0,,,sina:515210
2022-09-21,515210,,1.365,1.399,1.356,1.395,47154000.0,64945660.0,,,sina:515210
2022-09-22,515210,,1.38,1.405,1.376,1.387,46525600.0,64811602.0,,,sina:515210
2022-09-23,515210,,1.389,1.393,1.366,1.375,60678500.0,83779456.0,,,sina:515210
2022-09-26,515210,,1.374,1.374,1.33,1.332,58793500.0,79044164.0,,,sina:515210
2022-09-27,515210,,1.342,1.345,1.322,1.345,47161900.0,62741469.0,,,sina:515210
2022-09-28,515210,,1.343,1.343,1.302,1.304,47234700.0,61945081.0,,,sina:515210
2022-09-29,515210,,1.315,1.318,1.291,1.3,46562400.0,60786280.0,,,sina:515210
2022-09-30,515210,,1.3,1.311,1.291,1.293,56436500.0,73286958.0,,,sina:515210
2022-10-10,515210,,1.295,1.306,1.279,1.284,48265600.0,62568417.0,,,sina:515210
2022-10-11,515210,,1.292,1.293,1.273,1.289,49318500.0,63366815.0,,,sina:515210
2022-10-12,515210,,1.291,1.308,1.265,1.308,43834000.0,56002466.0,,,sina:515210
2022-10-13,515210,,1.305,1.308,1.294,1.301,43149500.0,56155259.0,,,sina:515210
2022-10-14,515210,,1.309,1.329,1.3,1.327,48372700.0,63845901.0,,,sina:515210
2022-10-17,515210,,1.322,1.346,1.32,1.34,43740700.0,58340641.0,,,sina:515210
2022-10-18,515210,,1.343,1.348,1.334,1.337,35073400.0,46934706.0,,,sina:515210
2022-10-19,515210,,1.342,1.342,1.32,1.321,44805800.0,59625549.0,,,sina:515210
2022-10-20,515210,,1.333,1.333,1.3,1.311,45323200.0,59437357.0,,,sina:515210
2022-10-21,515210,,1.313,1.33,1.311,1.316,56064300.0,74032057.0,,,sina:515210
2022-10-24,515210,,1.325,1.343,1.308,1.319,46683453.0,61987545.0,,,sina:515210
2022-10-25,515210,,1.317,1.329,1.302,1.32,31456600.0,41449607.0,,,sina:515210
2022-10-26,515210,,1.32,1.338,1.319,1.327,30753700.0,40923536.0,,,sina:515210
2022-10-27,515210,,1.328,1.337,1.318,1.32,33765800.0,44796889.0,,,sina:515210
2022-10-28,515210,,1.32,1.321,1.258,1.264,37464300.0,48002450.0,,,sina:515210
2022-10-31,515210,,1.259,1.276,1.25,1.263,38021100.0,48006550.0,,,sina:515210
2022-11-01,515210,,1.272,1.292,1.267,1.292,42168100.0,53958244.0,,,sina:515210
2022-11-02,515210,,1.294,1.303,1.286,1.296,36023547.0,46609785.0,,,sina:515210
2022-11-03,515210,,1.293,1.309,1.288,1.308,33909100.0,44241919.0,,,sina:515210
2022-11-04,515210,,1.31,1.344,1.308,1.343,39055236.0,52047778.0,,,sina:515210
2022-11-07,515210,,1.343,1.371,1.343,1.354,40821260.0,55550616.0,,,sina:515210
2022-11-08,515210,,1.354,1.367,1.352,1.364,33484700.0,45488743.0,,,sina:515210
2022-11-09,515210,,1.365,1.381,1.365,1.369,45599562.0,62439462.0,,,sina:515210
2022-11-10,515210,,1.36,1.378,1.355,1.373,50404625.0,68810188.0,,,sina:515210
2022-11-11,515210,,1.388,1.399,1.373,1.382,33227800.0,45883799.0,,,sina:515210
2022-11-14,515210,,1.389,1.392,1.357,1.364,32245210.0,44398479.0,,,sina:515210
2022-11-15,515210,,1.364,1.378,1.356,1.377,41877307.0,57370861.0,,,sina:515210
2022-11-16,515210,,1.38,1.38,1.366,1.367,25995100.0,35647358.0,,,sina:515210
2022-11-17,515210,,1.359,1.363,1.351,1.359,26637400.0,36137338.0,,,sina:515210
2022-11-18,515210,,1.362,1.362,1.346,1.347,33066500.0,44839678.0,,,sina:515210
2022-11-21,515210,,1.338,1.348,1.33,1.347,31215822.0,41821795.0,,,sina:515210
2022-11-22,515210,,1.343,1.363,1.342,1.352,36191400.0,48804354.0,,,sina:515210
2022-11-23,515210,,1.351,1.365,1.345,1.364,31680600.0,43009692.0,,,sina:515210
2022-11-24,515210,,1.364,1.373,1.36,1.365,30872200.0,42175031.0,,,sina:515210
2022-11-25,515210,,1.365,1.375,1.356,1.373,43343200.0,59355446.0,,,sina:515210
2022-11-28,515210,,1.352,1.36,1.336,1.355,37416200.0,50485787.0,,,sina:515210
2022-11-29,515210,,1.356,1.377,1.355,1.371,63056400.0,86258652.0,,,sina:515210
2022-11-30,515210,,1.368,1.375,1.363,1.364,36160900.0,49534418.0,,,sina:515210
2022-12-01,515210,,1.372,1.379,1.371,1.371,50614500.0,69572591.0,,,sina:515210
2022-12-02,515210,,1.371,1.371,1.356,1.359,40671800.0,55397582.0,,,sina:515210
2022-12-05,515210,,1.364,1.398,1.359,1.393,66431500.0,91547720.0,,,sina:515210
2022-12-06,515210,,1.386,1.392,1.379,1.39,47504800.0,65848257.0,,,sina:515210
2022-12-07,515210,,1.39,1.392,1.372,1.384,39607500.0,54778307.0,,,sina:515210
2022-12-08,515210,,1.383,1.387,1.368,1.379,34603600.0,47707871.0,,,sina:515210
2022-12-09,515210,,1.377,1.402,1.376,1.399,52205800.0,72534727.0,,,sina:515210
2022-12-12,515210,,1.395,1.395,1.359,1.36,61075200.0,84113488.0,,,sina:515210
2022-12-13,515210,,1.361,1.382,1.361,1.372,57947900.0,79640903.0,,,sina:515210
2022-12-14,515210,,1.362,1.376,1.358,1.362,38655100.0,52740041.0,,,sina:515210
2022-12-15,515210,,1.358,1.362,1.347,1.357,36964300.0,49974602.0,,,sina:515210
2022-12-16,515210,,1.352,1.372,1.345,1.365,40952100.0,55804631.0,,,sina:515210
2022-12-19,515210,,1.363,1.367,1.329,1.33,45887100.0,61875075.0,,,sina:515210
2022-12-20,515210,,1.328,1.338,1.317,1.326,40975200.0,54443397.0,,,sina:515210
2022-12-21,515210,,1.324,1.335,1.315,1.321,38114761.0,50568276.0,,,sina:515210
2022-12-22,515210,,1.33,1.341,1.294,1.302,49873200.0,65531620.0,,,sina:515210
2022-12-23,515210,,1.298,1.304,1.286,1.299,39933400.0,51691295.0,,,sina:515210
2022-12-26,515210,,1.293,1.31,1.293,1.31,35491500.0,46205953.0,,,sina:515210
2022-12-27,515210,,1.293,1.306,1.292,1.301,43014700.0,55976610.0,,,sina:515210
2022-12-28,515210,,1.295,1.308,1.291,1.302,34458500.0,44772092.0,,,sina:515210
2022-12-29,515210,,1.296,1.302,1.286,1.288,33543800.0,43360790.0,,,sina:515210
2022-12-30,515210,,1.293,1.294,1.28,1.282,27121500.0,34804313.0,,,sina:515210
2023-01-03,515210,,1.282,1.305,1.276,1.299,41018600.0,52912628.0,,,sina:515210
2023-01-04,515210,,1.3,1.309,1.294,1.302,46362800.0,60307839.0,,,sina:515210
2023-01-05,515210,,1.304,1.31,1.297,1.305,43221500.0,56390233.0,,,sina:515210
2023-01-06,515210,,1.306,1.324,1.304,1.318,41050600.0,54025543.0,,,sina:515210
2023-01-09,515210,,1.319,1.329,1.319,1.324,33670200.0,44546321.0,,,sina:515210
2023-01-10,515210,,1.324,1.324,1.312,1.314,33756500.0,44422817.0,,,sina:515210
2023-01-11,515210,,1.312,1.325,1.311,1.317,35986700.0,47382630.0,,,sina:515210
2023-01-12,515210,,1.317,1.32,1.307,1.312,27878300.0,36634567.0,,,sina:515210
2023-01-13,515210,,1.314,1.322,1.31,1.319,29474900.0,38753144.0,,,sina:515210
2023-01-16,515210,,1.32,1.334,1.317,1.331,43450400.0,57642005.0,,,sina:515210
2023-01-17,515210,,1.324,1.332,1.32,1.324,37467800.0,49685188.0,,,sina:515210
2023-01-18,515210,,1.326,1.332,1.323,1.331,39324400.0,52234952.0,,,sina:515210
2023-01-19,515210,,1.328,1.342,1.323,1.34,73271500.0,97685872.0,,,sina:515210
2023-01-20,515210,,1.34,1.365,1.34,1.364,46143700.0,62620864.0,,,sina:515210
2023-01-30,515210,,1.378,1.396,1.375,1.382,58275246.0,80839396.0,,,sina:515210
2023-01-31,515210,,1.381,1.39,1.371,1.387,41469719.0,57326752.0,,,sina:515210
2023-02-01,515210,,1.39,1.412,1.389,1.411,51651800.0,72463365.0,,,sina:515210
2023-02-02,515210,,1.41,1.41,1.397,1.403,72926400.0,102203449.0,,,sina:515210
2023-02-03,515210,,1.401,1.401,1.37,1.391,53507798.0,73823681.0,,,sina:515210
2023-02-06,515210,,1.386,1.386,1.37,1.375,44947000.0,61777309.0,,,sina:515210
2023-02-07,515210,,1.38,1.386,1.371,1.384,37865600.0,52160931.0,,,sina:515210
2023-02-08,515210,,1.384,1.389,1.376,1.377,48686300.0,67356687.0,,,sina:515210
2023-02-09,515210,,1.371,1.392,1.37,1.388,51527400.0,71415653.0,,,sina:515210
2023-02-10,515210,,1.389,1.389,1.372,1.378,41274500.0,56948508.0,,,sina:515210
2023-02-13,515210,,1.376,1.393,1.375,1.391,47093898.0,65308452.0,,,sina:515210
2023-02-14,515210,,1.394,1.407,1.39,1.403,51571400.0,72296063.0,,,sina:515210
2023-02-15,515210,,1.4,1.405,1.389,1.393,39780700.0,55485717.0,,,sina:515210
2023-02-16,515210,,1.394,1.403,1.367,1.376,49164200.0,68545577.0,,,sina:515210
2023-02-17,515210,,1.376,1.387,1.373,1.376,43163400.0,59587342.0,,,sina:515210
2023-02-20,515210,,1.38,1.406,1.375,1.405,99765100.0,139212515.0,,,sina:515210
2023-02-21,515210,,1.405,1.442,1.405,1.437,127019156.0,181914252.0,,,sina:515210
2023-02-22,515210,,1.427,1.44,1.423,1.438,58126000.0,83294374.0,,,sina:515210
2023-02-23,515210,,1.436,1.446,1.425,1.434,51249300.0,73458756.0,,,sina:515210
2023-02-24,515210,,1.434,1.439,1.42,1.434,52882044.0,75592899.0,,,sina:515210
2023-02-27,515210,,1.433,1.443,1.418,1.42,67492500.0,96887695.0,,,sina:515210
2023-02-28,515210,,1.42,1.429,1.412,1.428,47692544.0,67670869.0,,,sina:515210
2023-03-01,515210,,1.421,1.438,1.421,1.434,62109044.0,88978013.0,,,sina:515210
2023-03-02,515210,,1.43,1.447,1.424,1.443,60531400.0,87110709.0,,,sina:515210
2023-03-03,515210,,1.44,1.452,1.433,1.451,78421594.0,113342436.0,,,sina:515210
2023-03-06,515210,,1.448,1.45,1.429,1.432,101848912.0,146214477.0,,,sina:515210
2023-03-07,515210,,1.429,1.442,1.414,1.417,75639045.0,108432474.0,,,sina:515210
2023-03-08,515210,,1.415,1.427,1.408,1.419,45460445.0,64438606.0,,,sina:515210
2023-03-09,515210,,1.418,1.428,1.414,1.422,48679166.0,69139419.0,,,sina:515210
2023-03-10,515210,,1.415,1.416,1.387,1.389,72831200.0,101914438.0,,,sina:515210
2023-03-13,515210,,1.388,1.406,1.385,1.397,68509612.0,95545872.0,,,sina:515210
2023-03-14,515210,,1.396,1.406,1.379,1.39,44333898.0,61679495.0,,,sina:515210
2023-03-15,515210,,1.389,1.416,1.389,1.414,45716898.0,64072299.0,,,sina:515210
2023-03-16,515210,,1.405,1.406,1.372,1.376,67085400.0,93048481.0,,,sina:515210
2023-03-17,515210,,1.384,1.391,1.377,1.384,46502600.0,64337053.0,,,sina:515210
2023-03-20,515210,,1.385,1.385,1.349,1.355,94647000.0,128359185.0,,,sina:515210
2023-03-21,515210,,1.351,1.359,1.338,1.35,66228900.0,89150046.0,,,sina:515210
2023-03-22,515210,,1.351,1.356,1.343,1.348,42754833.0,57693875.0,,,sina:515210
2023-03-23,515210,,1.344,1.344,1.332,1.342,49146900.0,65722872.0,,,sina:515210
2023-03-24,515210,,1.341,1.341,1.333,1.335,41310500.0,55193169.0,,,sina:515210
2023-03-27,515210,,1.33,1.334,1.311,1.319,52297400.0,68881500.0,,,sina:515210
2023-03-28,515210,,1.319,1.322,1.309,1.31,57755700.0,75845214.0,,,sina:515210
2023-03-29,515210,,1.311,1.315,1.302,1.307,37792100.0,49409661.0,,,sina:515210
2023-03-30,515210,,1.306,1.314,1.296,1.314,54119800.0,70477976.0,,,sina:515210
2023-03-31,515210,,1.313,1.324,1.309,1.324,62589800.0,82582473.0,,,sina:515210
2023-04-03,515210,,1.323,1.33,1.314,1.327,98580500.0,129988510.0,,,sina:515210
2023-04-04,515210,,1.326,1.333,1.32,1.328,64422600.0,85437426.0,,,sina:515210
2023-04-06,515210,,1.321,1.33,1.318,1.325,42790000.0,56605276.0,,,sina:515210
2023-04-07,515210,,1.323,1.336,1.323,1.332,77294200.0,102977892.0,,,sina:515210
2023-04-10,515210,,1.333,1.334,1.324,1.327,44500700.0,59089055.0,,,sina:515210
2023-04-11,515210,,1.329,1.339,1.317,1.339,44972800.0,59634444.0,,,sina:515210
2023-04-12,515210,,1.338,1.358,1.335,1.357,78372400.0,105759721.0,,,sina:515210
2023-04-13,515210,,1.356,1.357,1.34,1.346,47011800.0,63406972.0,,,sina:515210
2023-04-14,515210,,1.346,1.362,1.344,1.361,46552259.0,62953268.0,,,sina:515210
2023-04-17,515210,,1.365,1.373,1.354,1.37,66924841.0,91344128.0,,,sina:515210
2023-04-18,515210,,1.37,1.376,1.357,1.363,69331700.0,94586107.0,,,sina:515210
2023-04-19,515210,,1.356,1.368,1.356,1.358,50746400.0,69144627.0,,,sina:515210
2023-04-20,515210,,1.353,1.358,1.335,1.342,60862742.0,81573096.0,,,sina:515210
2023-04-21,515210,,1.337,1.346,1.316,1.318,84150658.0,111995165.0,,,sina:515210
2023-04-24,515210,,1.313,1.315,1.29,1.295,78511600.0,101930128.0,,,sina:515210
2023-04-25,515210,,1.299,1.304,1.264,1.275,55619700.0,71491274.0,,,sina:515210
2023-04-26,515210,,1.278,1.291,1.267,1.284,51782600.0,66301650.0,,,sina:515210
2023-04-27,515210,,1.289,1.294,1.275,1.288,37149500.0,47827539.0,,,sina:515210
2023-04-28,515210,,1.288,1.301,1.285,1.299,43267200.0,56091224.0,,,sina:515210
2023-05-04,515210,,1.298,1.313,1.29,1.303,38145800.0,49814626.0,,,sina:515210
2023-05-05,515210,,1.308,1.313,1.283,1.296,45911600.0,59362970.0,,,sina:515210
2023-05-08,515210,,1.305,1.33,1.299,1.328,66165600.0,87169368.0,,,sina:515210
2023-05-09,515210,,1.329,1.351,1.327,1.327,62704900.0,83984667.0,,,sina:515210
2023-05-10,515210,,1.321,1.335,1.318,1.322,54677400.0,72504411.0,,,sina:515210
2023-05-11,515210,,1.321,1.33,1.315,1.325,48574800.0,64234455.0,,,sina:515210
2023-05-12,515210,,1.327,1.327,1.298,1.299,68362700.0,89272765.0,,,sina:515210
2023-05-15,515210,,1.301,1.314,1.292,1.314,49416100.0,64246543.0,,,sina:515210
2023-05-16,515210,,1.314,1.315,1.297,1.301,43307600.0,56588764.0,,,sina:515210
2023-05-17,515210,,1.3,1.312,1.294,1.303,39353699.0,51222464.0,,,sina:515210
2023-05-18,515210,,1.3,1.308,1.293,1.299,43226500.0,56297191.0,,,sina:515210
2023-05-19,515210,,1.295,1.299,1.285,1.293,38583100.0,49792363.0,,,sina:515210
2023-05-22,515210,,1.291,1.3,1.29,1.299,34281700.0,44422877.0,,,sina:515210
2023-05-23,515210,,1.296,1.297,1.28,1.284,37239600.0,48001722.0,,,sina:515210
2023-05-24,515210,,1.281,1.281,1.261,1.263,53812300.0,68175275.0,,,sina:515210
2023-05-25,515210,,1.262,1.263,1.246,1.26,36503000.0,45792164.0,,,sina:515210
2023-05-26,515210,,1.259,1.265,1.245,1.264,25366400.0,31803638.0,,,sina:515210
2023-05-29,515210,,1.267,1.268,1.257,1.263,29786800.0,37576564.0,,,sina:515210
2023-05-30,515210,,1.263,1.263,1.237,1.249,38775800.0,48424877.0,,,sina:515210
2023-05-31,515210,,1.249,1.249,1.237,1.239,31749700.0,39456771.0,,,sina:515210
2023-06-01,515210,,1.24,1.252,1.238,1.246,31750000.0,39604566.0,,,sina:515210
2023-06-02,515210,,1.246,1.264,1.246,1.264,35544866.0,44756875.0,,,sina:515210
2023-06-05,515210,,1.27,1.271,1.256,1.26,37876400.0,47788464.0,,,sina:515210
2023-06-06,515210,,1.255,1.261,1.238,1.244,33600000.0,41985497.0,,,sina:515210
2023-06-07,515210,,1.243,1.247,1.234,1.235,34366200.0,42642412.0,,,sina:515210
2023-06-08,515210,,1.235,1.25,1.232,1.247,42471400.0,52654208.0,,,sina:515210
2023-06-09,515210,,1.251,1.251,1.241,1.246,64551600.0,80473745.0,,,sina:515210
2023-06-12,515210,,1.244,1.251,1.237,1.245,32696019.0,40642061.0,,,sina:515210
2023-06-13,515210,,1.245,1.251,1.243,1.247,56996000.0,71062380.0,,,sina:515210
2023-06-14,515210,,1.249,1.253,1.244,1.245,55497400.0,69233253.0,,,sina:515210
2023-06-15,515210,,1.245,1.251,1.235,1.248,58120200.0,72258530.0,,,sina:515210
2023-06-16,515210,,1.25,1.262,1.249,1.257,68697700.0,86391398.0,,,sina:515210
2023-06-19,515210,,1.257,1.261,1.241,1.242,70666900.0,88683980.0,,,sina:515210
2023-06-20,515210,,1.242,1.243,1.232,1.234,37114142.0,45850244.0,,,sina:515210
2023-06-21,515210,,1.231,1.234,1.222,1.222,35599100.0,43690266.0,,,sina:515210
2023-06-26,515210,,1.214,1.222,1.205,1.208,35816400.0,43403864.0,,,sina:515210
2023-06-27,515210,,1.209,1.234,1.209,1.233,38464800.0,47105857.0,,,sina:515210
2023-06-28,515210,,1.234,1.239,1.225,1.238,32196400.0,39618164.0,,,sina:515210
2023-06-29,515210,,1.236,1.236,1.229,1.231,31507654.0,38817522.0,,,sina:515210
2023-06-30,515210,,1.232,1.252,1.23,1.249,32145146.0,39998040.0,,,sina:515210
2023-07-03,515210,,1.251,1.27,1.25,1.266,40981400.0,51779823.0,,,sina:515210
2023-07-04,515210,,1.267,1.272,1.262,1.265,40996200.0,51936417.0,,,sina:515210
2023-07-05,515210,,1.265,1.28,1.262,1.278,35171300.0,44713068.0,,,sina:515210
2023-07-06,515210,,1.277,1.277,1.25,1.262,34700100.0,43862876.0,,,sina:515210
2023-07-07,515210,,1.262,1.274,1.257,1.265,44601000.0,56454973.0,,,sina:515210
2023-07-10,515210,,1.27,1.278,1.262,1.267,30574300.0,38718037.0,,,sina:515210
2023-07-11,515210,,1.267,1.276,1.265,1.272,40717900.0,51680998.0,,,sina:515210
2023-07-12,515210,,1.273,1.276,1.261,1.262,34742500.0,44005930.0,,,sina:515210
2023-07-13,515210,,1.263,1.276,1.263,1.269,36072800.0,45886154.0,,,sina:515210
2023-07-14,515210,,1.269,1.274,1.266,1.267,39184300.0,49757987.0,,,sina:515210
2023-07-17,515210,,1.269,1.269,1.253,1.257,37291800.0,46937764.0,,,sina:515210
2023-07-18,515210,,1.256,1.264,1.251,1.259,32373300.0,40702452.0,,,sina:515210
2023-07-19,515210,,1.259,1.265,1.257,1.263,27637600.0,34851762.0,,,sina:515210
2023-07-20,515210,,1.265,1.27,1.258,1.26,24452400.0,30951989.0,,,sina:515210
2023-07-21,515210,,1.257,1.267,1.255,1.259,27498800.0,34651041.0,,,sina:515210
2023-07-24,515210,,1.259,1.263,1.254,1.254,33229200.0,41824393.0,,,sina:515210
2023-07-25,515210,,1.262,1.296,1.262,1.295,50916200.0,65386327.0,,,sina:515210
2023-07-26,515210,,1.296,1.32,1.293,1.318,58509795.0,76367752.0,,,sina:515210
2023-07-27,515210,,1.309,1.353,1.308,1.342,96169750.0,128745866.0,,,sina:515210
2023-07-28,515210,,1.332,1.366,1.32,1.36,90613266.0,122553238.0,,,sina:515210
2023-07-31,515210,,1.361,1.373,1.355,1.358,94204914.0,128512023.0,,,sina:515210
2023-08-01,515210,,1.357,1.414,1.357,1.392,87044338.0,121096963.0,,,sina:515210
2023-08-02,515210,,1.378,1.382,1.369,1.378,68226040.0,93865606.0,,,sina:515210
2023-08-03,515210,,1.374,1.38,1.358,1.379,84378900.0,115361835.0,,,sina:515210
2023-08-04,515210,,1.397,1.399,1.364,1.366,64679874.0,88877634.0,,,sina:515210
2023-08-07,515210,,1.366,1.378,1.343,1.346,68670000.0,92715099.0,,,sina:515210
2023-08-08,515210,,1.351,1.351,1.327,1.335,49430200.0,65965897.0,,,sina:515210
2023-08-09,515210,,1.331,1.341,1.328,1.332,54105000.0,72117680.0,,,sina:515210
2023-08-10,515210,,1.33,1.339,1.327,1.333,51739300.0,68925988.0,,,sina:515210
2023-08-11,515210,,1.332,1.334,1.308,1.309,55361300.0,73047309.0,,,sina:515210
2023-08-14,515210,,1.301,1.318,1.293,1.313,59477500.0,77646557.0,,,sina:515210
2023-08-15,515210,,1.312,1.32,1.295,1.307,48154986.0,63059872.0,,,sina:515210
2023-08-16,515210,,1.304,1.322,1.301,1.308,53318300.0,69906264.0,,,sina:515210
2023-08-17,515210,,1.301,1.317,1.291,1.317,48805800.0,63609008.0,,,sina:515210
2023-08-18,515210,,1.311,1.327,1.303,1.304,50206300.0,66121464.0,,,sina:515210
2023-08-21,515210,,1.296,1.312,1.286,1.287,46263480.0,60114391.0,,,sina:515210
2023-08-22,515210,,1.288,1.299,1.278,1.292,52428517.0,67441354.0,,,sina:515210
2023-08-23,515210,,1.295,1.295,1.274,1.274,38596015.0,49508642.0,,,sina:515210
2023-08-24,515210,,1.275,1.286,1.264,1.265,40080600.0,51034934.0,,,sina:515210
2023-08-25,515210,,1.262,1.279,1.252,1.265,36922800.0,46819190.0,,,sina:515210
2023-08-28,515210,,1.306,1.33,1.286,1.286,91045709.0,118504234.0,,,sina:515210
2023-08-29,515210,,1.283,1.302,1.279,1.289,94254414.0,121516679.0,,,sina:515210
2023-08-30,515210,,1.292,1.296,1.276,1.276,52250504.0,67134573.0,,,sina:515210
2023-08-31,515210,,1.277,1.285,1.265,1.267,45760100.0,58145129.0,,,sina:515210
2023-09-01,515210,,1.268,1.301,1.268,1.296,97216700.0,125699158.0,,,sina:515210
2023-09-04,515210,,1.3,1.349,1.3,1.342,155853111.0,207539505.0,,,sina:515210
2023-09-05,515210,,1.333,1.338,1.319,1.327,73134100.0,97049317.0,,,sina:515210
2023-09-06,515210,,1.321,1.325,1.311,1.318,50225011.0,66135490.0,,,sina:515210
2023-09-07,515210,,1.318,1.318,1.293,1.294,63225211.0,82436848.0,,,sina:515210
2023-09-08,515210,,1.294,1.298,1.281,1.287,75272711.0,96778733.0,,,sina:515210
2023-09-11,515210,,1.287,1.293,1.277,1.291,50756200.0,65282267.0,,,sina:515210
2023-09-12,515210,,1.288,1.294,1.282,1.286,52476400.0,67564674.0,,,sina:515210
2023-09-13,515210,,1.286,1.306,1.286,1.295,67914800.0,87854287.0,,,sina:515210
2023-09-14,515210,,1.291,1.308,1.285,1.306,52245200.0,67853248.0,,,sina:515210
2023-09-15,515210,,1.312,1.325,1.304,1.315,73115300.0,96090844.0,,,sina:515210
2023-09-18,515210,,1.311,1.311,1.297,1.306,52231800.0,68011875.0,,,sina:515210
2023-09-19,515210,,1.309,1.321,1.302,1.32,59879702.0,78642522.0,,,sina:515210
2023-09-20,515210,,1.313,1.319,1.304,1.312,47001800.0,61773820.0,,,sina:515210
2023-09-21,515210,,1.312,1.315,1.3,1.3,41668400.0,54343129.0,,,sina:515210
2023-09-22,515210,,1.296,1.303,1.285,1.301,50917300.0,65898111.0,,,sina:515210
2023-09-25,515210,,1.295,1.302,1.292,1.293,36530200.0,47349846.0,,,sina:515210
2023-09-26,515210,,1.29,1.294,1.277,1.28,48525900.0,62300160.0,,,sina:515210
2023-09-27,515210,,1.279,1.285,1.273,1.273,76591500.0,97840886.0,,,sina:515210
2023-09-28,515210,,1.273,1.282,1.273,1.279,33056932.0,42279880.0,,,sina:515210
2023-10-09,515210,,1.277,1.286,1.266,1.283,42024100.0,53505079.0,,,sina:515210
2023-10-10,515210,,1.281,1.281,1.261,1.264,51239500.0,65005302.0,,,sina:515210
2023-10-11,515210,,1.264,1.267,1.252,1.255,64135000.0,80759309.0,,,sina:515210
2023-10-12,515210,,1.258,1.28,1.258,1.28,51877000.0,65894579.0,,,sina:515210
2023-10-13,515210,,1.272,1.272,1.263,1.266,32105100.0,40684918.0,,,sina:515210
2023-10-16,515210,,1.268,1.271,1.26,1.266,34367400.0,43439924.0,,,sina:515210
2023-10-17,515210,,1.27,1.279,1.268,1.274,39254500.0,49948144.0,,,sina:515210
2023-10-18,515210,,1.269,1.273,1.25,1.258,39607300.0,49788096.0,,,sina:515210
2023-10-19,515210,,1.254,1.254,1.226,1.227,48462000.0,60049668.0,,,sina:515210
2023-10-20,515210,,1.225,1.24,1.223,1.23,43849136.0,54108906.0,,,sina:515210
2023-10-23,515210,,1.23,1.23,1.195,1.201,40748200.0,49383628.0,,,sina:515210
2023-10-24,515210,,1.201,1.218,1.201,1.217,40069806.0,48483200.0,,,sina:515210
2023-10-25,515210,,1.248,1.268,1.229,1.265,39527800.0,49826283.0,,,sina:515210
2023-10-26,515210,,1.257,1.267,1.248,1.265,32637100.0,41001458.0,,,sina:515210
2023-10-27,515210,,1.252,1.275,1.252,1.273,36931300.0,46973792.0,,,sina:515210
2023-10-30,515210,,1.272,1.285,1.269,1.278,52160800.0,66823509.0,,,sina:515210
2023-10-31,515210,,1.27,1.288,1.27,1.275,38066000.0,48604041.0,,,sina:515210
2023-11-01,515210,,1.274,1.285,1.269,1.277,37417800.0,47742425.0,,,sina:515210
2023-11-02,515210,,1.277,1.282,1.264,1.264,43218464.0,54948559.0,,,sina:515210
2023-11-03,515210,,1.265,1.274,1.257,1.26,37672176.0,47681479.0,,,sina:515210
2023-11-06,515210,,1.262,1.266,1.251,1.262,71887000.0,90406559.0,,,sina:515210
2023-11-07,515210,,1.258,1.258,1.245,1.253,40237000.0,50323665.0,,,sina:515210
2023-11-08,515210,,1.25,1.25,1.236,1.242,40240100.0,50001611.0,,,sina:515210
2023-11-09,515210,,1.238,1.25,1.237,1.249,49751700.0,62001569.0,,,sina:515210
2023-11-10,515210,,1.25,1.25,1.235,1.242,49129700.0,60865234.0,,,sina:515210
2023-11-13,515210,,1.243,1.276,1.243,1.275,70728500.0,88965159.0,,,sina:515210
2023-11-14,515210,,1.274,1.274,1.255,1.266,58103200.0,73332524.0,,,sina:515210
2023-11-15,515210,,1.271,1.294,1.267,1.292,75301800.0,96190108.0,,,sina:515210
2023-11-16,515210,,1.281,1.283,1.271,1.274,48047501.0,61371003.0,,,sina:515210
2023-11-17,515210,,1.271,1.277,1.267,1.274,55795401.0,70906135.0,,,sina:515210
2023-11-20,515210,,1.275,1.286,1.269,1.281,47266500.0,60432581.0,,,sina:515210
2023-11-21,515210,,1.283,1.292,1.275,1.278,50220300.0,64570270.0,,,sina:515210
2023-11-22,515210,,1.276,1.279,1.263,1.265,42341800.0,53876714.0,,,sina:515210
2023-11-23,515210,,1.265,1.284,1.26,1.282,39952000.0,50795997.0,,,sina:515210
2023-11-24,515210,,1.282,1.284,1.273,1.284,42070900.0,53804761.0,,,sina:515210
2023-11-27,515210,,1.285,1.285,1.266,1.274,39151300.0,49775210.0,,,sina:515210
2023-11-28,515210,,1.269,1.28,1.264,1.278,117763800.0,150095657.0,,,sina:515210
2023-11-29,515210,,1.274,1.278,1.262,1.265,36728000.0,46645718.0,,,sina:515210
2023-11-30,515210,,1.263,1.265,1.252,1.258,41041000.0,51624108.0,,,sina:515210
2023-12-01,515210,,1.256,1.268,1.254,1.263,42689900.0,53890532.0,,,sina:515210
2023-12-04,515210,,1.261,1.275,1.261,1.267,80520238.0,102159967.0,,,sina:515210
2023-12-05,515210,,1.266,1.266,1.245,1.247,40616600.0,51101329.0,,,sina:515210
2023-12-06,515210,,1.245,1.254,1.24,1.248,36054264.0,45056716.0,,,sina:515210
2023-12-07,515210,,1.248,1.252,1.239,1.248,29596297.0,36800673.0,,,sina:515210
2023-12-08,515210,,1.248,1.26,1.245,1.25,45442500.0,56954666.0,,,sina:515210
2023-12-11,515210,,1.255,1.255,1.224,1.249,43209413.0,53368374.0,,,sina:515210
2023-12-12,515210,,1.24,1.245,1.233,1.243,30729300.0,38074691.0,,,sina:515210
2023-12-13,515210,,1.241,1.241,1.225,1.228,26223200.0,32337997.0,,,sina:515210
2023-12-14,515210,,1.228,1.233,1.227,1.228,23372576.0,28755596.0,,,sina:515210
2023-12-15,515210,,1.229,1.235,1.222,1.226,31031660.0,38139461.0,,,sina:515210
2023-12-18,515210,,1.226,1.226,1.206,1.208,30863525.0,37510988.0,,,sina:515210
2023-12-19,515210,,1.215,1.215,1.199,1.204,21983100.0,26473479.0,,,sina:515210
2023-12-20,515210,,1.204,1.212,1.194,1.195,24907700.0,29993654.0,,,sina:515210
2023-12-21,515210,,1.194,1.2,1.177,1.199,39827500.0,47321633.0,,,sina:515210
2023-12-22,515210,,1.198,1.209,1.192,1.203,36630800.0,43896459.0,,,sina:515210
2023-12-25,515210,,1.203,1.204,1.195,1.2,26784800.0,32136958.0,,,sina:515210
2023-12-26,515210,,1.2,1.202,1.19,1.194,24464000.0,29276097.0,,,sina:515210
2023-12-27,515210,,1.199,1.202,1.186,1.198,148454800.0,177527830.0,,,sina:515210
2023-12-28,515210,,1.179,1.193,1.174,1.187,31824802.0,37649208.0,,,sina:515210
2023-12-29,515210,,1.19,1.195,1.184,1.192,30980400.0,36854667.0,,,sina:515210
2024-01-02,515210,,1.195,1.211,1.193,1.204,36033500.0,43401034.0,,,sina:515210
2024-01-03,515210,,1.204,1.219,1.204,1.218,49499700.0,59953715.0,,,sina:515210
2024-01-04,515210,,1.222,1.223,1.206,1.213,63239100.0,76595519.0,,,sina:515210
2024-01-05,515210,,1.212,1.222,1.201,1.205,45060200.0,54686553.0,,,sina:515210
2024-01-08,515210,,1.205,1.205,1.18,1.18,40627700.0,48400596.0,,,sina:515210
2024-01-09,515210,,1.184,1.19,1.177,1.185,28633700.0,33877165.0,,,sina:515210
2024-01-10,515210,,1.184,1.188,1.173,1.177,23660000.0,27911782.0,,,sina:515210
2024-01-11,515210,,1.177,1.183,1.17,1.18,29034680.0,34156317.0,,,sina:515210
2024-01-12,515210,,1.179,1.19,1.175,1.178,35256005.0,41703948.0,,,sina:515210
2024-01-15,515210,,1.171,1.177,1.166,1.168,28503200.0,33352823.0,,,sina:515210
2024-01-16,515210,,1.167,1.17,1.15,1.163,39678300.0,46047737.0,,,sina:515210
2024-01-17,515210,,1.157,1.165,1.14,1.14,34245976.0,39585711.0,,,sina:515210
2024-01-18,515210,,1.134,1.14,1.098,1.125,42395200.0,47294758.0,,,sina:515210
2024-01-19,515210,,1.125,1.13,1.113,1.121,28486276.0,32004277.0,,,sina:515210
2024-01-22,515210,,1.12,1.12,1.065,1.074,33187600.0,36543839.0,,,sina:515210
2024-01-23,515210,,1.066,1.085,1.056,1.082,37370100.0,40151613.0,,,sina:515210
2024-01-24,515210,,1.079,1.11,1.073,1.11,33432400.0,36493942.0,,,sina:515210
2024-01-25,515210,,1.111,1.151,1.109,1.149,33201600.0,37658576.0,,,sina:515210
2024-01-26,515210,,1.148,1.167,1.148,1.164,34897200.0,40434675.0,,,sina:515210
2024-01-29,515210,,1.167,1.17,1.149,1.152,62179185.0,72077807.0,,,sina:515210
2024-01-30,515210,,1.15,1.155,1.13,1.132,22685493.0,25986705.0,,,sina:515210
2024-01-31,515210,,1.126,1.14,1.108,1.111,30381500.0,34105871.0,,,sina:515210
2024-02-01,515210,,1.11,1.118,1.09,1.101,41054042.0,45375505.0,,,sina:515210
2024-02-02,515210,,1.099,1.115,1.053,1.084,35794257.0,39178209.0,,,sina:515210
2024-02-05,515210,,1.07,1.074,1.026,1.044,48236600.0,50570247.0,,,sina:515210
2024-02-06,515210,,1.035,1.097,1.033,1.095,71345819.0,76053902.0,,,sina:515210
2024-02-07,515210,,1.093,1.124,1.085,1.118,31047898.0,34401690.0,,,sina:515210
2024-02-08,515210,,1.118,1.14,1.117,1.135,28347700.0,32125088.0,,,sina:515210
2024-02-19,515210,,1.136,1.155,1.136,1.151,29268221.0,33585529.0,,,sina:515210
2024-02-20,515210,,1.152,1.16,1.137,1.157,18635400.0,21493461.0,,,sina:515210
2024-02-21,515210,,1.157,1.179,1.146,1.161,31091467.0,36127873.0,,,sina:515210
2024-02-22,515210,,1.163,1.173,1.155,1.172,27367800.0,31912619.0,,,sina:515210
2024-02-23,515210,,1.171,1.175,1.163,1.173,34402311.0,40219994.0,,,sina:515210
2024-02-26,515210,,1.175,1.179,1.156,1.169,54036121.0,63374327.0,,,sina:515210
2024-02-27,515210,,1.166,1.179,1.16,1.177,23743300.0,27802588.0,,,sina:515210
2024-02-28,515210,,1.177,1.19,1.16,1.162,26967500.0,31863113.0,,,sina:515210
2024-02-29,515210,,1.158,1.18,1.154,1.179,31614000.0,36923064.0,,,sina:515210
2024-03-01,515210,,1.186,1.188,1.173,1.18,26332709.0,31039878.0,,,sina:515210
2024-03-04,515210,,1.186,1.187,1.163,1.169,43367400.0,50697278.0,,,sina:515210
2024-03-05,515210,,1.168,1.172,1.16,1.166,29850100.0,34773328.0,,,sina:515210
2024-03-06,515210,,1.161,1.184,1.161,1.178,27920400.0,32832022.0,,,sina:515210
2024-03-07,515210,,1.176,1.214,1.173,1.2,50881300.0,61052534.0,,,sina:515210
2024-03-08,515210,,1.193,1.206,1.19,1.202,40771100.0,48860809.0,,,sina:515210
2024-03-11,515210,,1.203,1.211,1.191,1.202,37443600.0,44918031.0,,,sina:515210
2024-03-12,515210,,1.202,1.207,1.178,1.186,34589800.0,41001570.0,,,sina:515210
2024-03-13,515210,,1.184,1.19,1.179,1.185,27405200.0,32448156.0,,,sina:515210
2024-03-14,515210,,1.183,1.196,1.171,1.178,28605100.0,33854499.0,,,sina:515210
2024-03-15,515210,,1.174,1.208,1.169,1.205,38671100.0,45851586.0,,,sina:515210
2024-03-18,515210,,1.205,1.205,1.184,1.198,36647100.0,43677773.0,,,sina:515210
2024-03-19,515210,,1.192,1.229,1.192,1.211,56829100.0,69008847.0,,,sina:515210
2024-03-20,515210,,1.211,1.211,1.195,1.205,27671200.0,33263784.0,,,sina:515210
2024-03-21,515210,,1.205,1.208,1.196,1.207,26811900.0,32226897.0,,,sina:515210
2024-03-22,515210,,1.204,1.204,1.179,1.189,29628000.0,35252891.0,,,sina:515210
2024-03-25,515210,,1.187,1.206,1.184,1.186,34104600.0,40666006.0,,,sina:515210
2024-03-26,515210,,1.182,1.191,1.172,1.187,48979800.0,57869217.0,,,sina:515210
2024-03-27,515210,,1.183,1.19,1.167,1.169,32604400.0,38460734.0,,,sina:515210
2024-03-28,515210,,1.168,1.183,1.164,1.173,26283200.0,30846103.0,,,sina:515210
2024-03-29,515210,,1.172,1.193,1.171,1.192,22238700.0,26355467.0,,,sina:515210
2024-04-01,515210,,1.192,1.21,1.192,1.209,32416000.0,38953856.0,,,sina:515210
2024-04-02,515210,,1.222,1.226,1.211,1.222,40160200.0,48953936.0,,,sina:515210
2024-04-03,515210,,1.22,1.233,1.213,1.229,67290100.0,82339410.0,,,sina:515210
2024-04-08,515210,,1.227,1.247,1.218,1.224,60433565.0,74407446.0,,,sina:515210
2024-04-09,515210,,1.217,1.231,1.212,1.225,38862600.0,47471364.0,,,sina:515210
2024-04-10,515210,,1.224,1.228,1.205,1.215,33816768.0,41091583.0,,,sina:515210
2024-04-11,515210,,1.206,1.237,1.199,1.223,44547192.0,54467602.0,,,sina:515210
2024-04-12,515210,,1.223,1.231,1.216,1.222,43525800.0,53254452.0,,,sina:515210
2024-04-15,515210,,1.226,1.234,1.193,1.223,57710892.0,70165128.0,,,sina:515210
2024-04-16,515210,,1.215,1.225,1.19,1.193,84509392.0,102615912.0,,,sina:515210
2024-04-17,515210,,1.19,1.239,1.189,1.239,53764676.0,65435983.0,,,sina:515210
2024-04-18,515210,,1.249,1.251,1.236,1.242,46469300.0,57766355.0,,,sina:515210
2024-04-19,515210,,1.241,1.267,1.238,1.259,38862600.0,48823469.0,,,sina:515210
2024-04-22,515210,,1.259,1.265,1.23,1.234,34550672.0,43017364.0,,,sina:515210
2024-04-23,515210,,1.231,1.232,1.198,1.202,45247801.0,54664355.0,,,sina:515210
2024-04-24,515210,,1.198,1.215,1.194,1.213,40082800.0,48330314.0,,,sina:515210
2024-04-25,515210,,1.212,1.223,1.205,1.217,51786164.0,62915572.0,,,sina:515210
2024-04-26,515210,,1.217,1.222,1.201,1.221,104752800.0,126454379.0,,,sina:515210
2024-04-29,515210,,1.221,1.234,1.204,1.232,57941306.0,70691387.0,,,sina:515210
2024-04-30,515210,,1.229,1.235,1.214,1.214,97045306.0,119220013.0,,,sina:515210
2024-05-06,515210,,1.214,1.237,1.213,1.235,68623900.0,84093107.0,,,sina:515210
2024-05-07,515210,,1.228,1.233,1.22,1.225,59158800.0,72560046.0,,,sina:515210
2024-05-08,515210,,1.22,1.221,1.212,1.212,41442500.0,50374052.0,,,sina:515210
2024-05-09,515210,,1.211,1.229,1.209,1.228,38894900.0,47582550.0,,,sina:515210
2024-05-10,515210,,1.23,1.234,1.219,1.232,26247960.0,32223988.0,,,sina:515210
2024-05-13,515210,,1.227,1.232,1.212,1.229,65163860.0,79826611.0,,,sina:515210
2024-05-14,515210,,1.229,1.234,1.22,1.223,47480300.0,58100904.0,,,sina:515210
2024-05-15,515210,,1.219,1.227,1.214,1.217,26534800.0,32363413.0,,,sina:515210
2024-05-16,515210,,1.215,1.238,1.215,1.226,92790800.0,113797345.0,,,sina:515210
2024-05-17,515210,,1.226,1.237,1.216,1.237,39859100.0,48835039.0,,,sina:515210
2024-05-20,515210,,1.238,1.244,1.235,1.244,41066100.0,50931555.0,,,sina:515210
2024-05-21,515210,,1.244,1.244,1.226,1.229,30107300.0,37094657.0,,,sina:515210
2024-05-22,515210,,1.227,1.245,1.226,1.235,35241500.0,43635293.0,,,sina:515210
2024-05-23,515210,,1.23,1.23,1.204,1.207,31436000.0,38135029.0,,,sina:515210
2024-05-24,515210,,1.203,1.214,1.198,1.2,31199200.0,37652428.0,,,sina:515210
2024-05-27,515210,,1.202,1.211,1.199,1.211,29688400.0,35736101.0,,,sina:515210
2024-05-28,515210,,1.21,1.218,1.203,1.205,59109710.0,71365024.0,,,sina:515210
2024-05-29,515210,,1.203,1.215,1.196,1.205,23168900.0,27945764.0,,,sina:515210
2024-05-30,515210,,1.211,1.221,1.203,1.205,29967200.0,36363586.0,,,sina:515210
2024-05-31,515210,,1.201,1.209,1.198,1.201,22919700.0,27588029.0,,,sina:515210
2024-06-03,515210,,1.2,1.2,1.163,1.172,36890000.0,43443398.0,,,sina:515210
2024-06-04,515210,,1.171,1.181,1.16,1.178,30494500.0,35707496.0,,,sina:515210
2024-06-05,515210,,1.178,1.179,1.157,1.16,26590900.0,31062938.0,,,sina:515210
2024-06-06,515210,,1.16,1.165,1.137,1.141,29396094.0,33759496.0,,,sina:515210
2024-06-07,515210,,1.143,1.159,1.141,1.159,26642500.0,30620143.0,,,sina:515210
2024-06-11,515210,,1.156,1.156,1.136,1.142,24760100.0,28237905.0,,,sina:515210
2024-06-12,515210,,1.142,1.146,1.135,1.143,21739188.0,24772596.0,,,sina:515210
2024-06-13,515210,,1.141,1.144,1.124,1.131,22754700.0,25747941.0,,,sina:515210
2024-06-14,515210,,1.13,1.153,1.129,1.152,27342500.0,31172330.0,,,sina:515210
2024-06-17,515210,,1.145,1.145,1.124,1.126,26309900.0,29737418.0,,,sina:515210
2024-06-18,515210,,1.125,1.135,1.124,1.131,53905188.0,60864815.0,,,sina:515210
2024-06-19,515210,,1.131,1.135,1.126,1.13,26440700.0,29892772.0,,,sina:515210
2024-06-20,515210,,1.131,1.135,1.112,1.115,31715800.0,35587737.0,,,sina:515210
2024-06-21,515210,,1.112,1.123,1.109,1.114,27930400.0,31162497.0,,,sina:515210
2024-06-24,515210,,1.11,1.11,1.083,1.089,34329300.0,37539701.0,,,sina:515210
2024-06-25,515210,,1.085,1.104,1.085,1.095,27063800.0,29617484.0,,,sina:515210
2024-06-26,515210,,1.095,1.113,1.088,1.112,27357100.0,30037737.0,,,sina:515210
2024-06-27,515210,,1.118,1.119,1.094,1.095,24806400.0,27356877.0,,,sina:515210
2024-06-28,515210,,1.095,1.106,1.089,1.094,28665900.0,31509269.0,,,sina:515210
2024-07-01,515210,,1.097,1.117,1.093,1.114,30514800.0,33774387.0,,,sina:515210
2024-07-02,515210,,1.111,1.124,1.108,1.12,33828200.0,37744504.0,,,sina:515210
2024-07-03,515210,,1.123,1.126,1.115,1.117,27916000.0,31296380.0,,,sina:515210
2024-07-04,515210,,1.117,1.123,1.1,1.103,34264500.0,38054387.0,,,sina:515210
2024-07-05,515210,,1.1,1.115,1.1,1.115,32837000.0,36339023.0,,,sina:515210
2024-07-08,515210,,1.112,1.113,1.098,1.1,23892700.0,26379636.0,,,sina:515210
2024-07-09,515210,,1.1,1.111,1.088,1.108,31933800.0,35070211.0,,,sina:515210
2024-07-10,515210,,1.108,1.109,1.09,1.095,26908000.0,29621412.0,,,sina:515210
2024-07-11,515210,,1.098,1.116,1.098,1.114,27607773.0,30590229.0,,,sina:515210
2024-07-12,515210,,1.111,1.117,1.103,1.109,28064800.0,31133524.0,,,sina:515210
2024-07-15,515210,,1.102,1.112,1.102,1.11,29310400.0,32455278.0,,,sina:515210
2024-07-16,515210,,1.108,1.109,1.102,1.107,24353300.0,26923137.0,,,sina:515210
2024-07-17,515210,,1.107,1.107,1.096,1.098,23668200.0,26039129.0,,,sina:515210
2024-07-18,515210,,1.095,1.101,1.086,1.1,30042300.0,32829917.0,,,sina:515210
2024-07-19,515210,,1.094,1.098,1.091,1.094,24646600.0,26951195.0,,,sina:515210
2024-07-22,515210,,1.091,1.094,1.081,1.086,26444600.0,28698466.0,,,sina:515210
2024-07-23,515210,,1.084,1.088,1.066,1.067,25605200.0,27598311.0,,,sina:515210
2024-07-24,515210,,1.066,1.07,1.058,1.063,24373800.0,25939909.0,,,sina:515210
2024-07-25,515210,,1.06,1.064,1.052,1.058,24923000.0,26350015.0,,,sina:515210
2024-07-26,515210,,1.057,1.072,1.057,1.067,26941300.0,28743355.0,,,sina:515210
2024-07-29,515210,,1.072,1.076,1.062,1.073,29354800.0,31459902.0,,,sina:515210
2024-07-30,515210,,1.074,1.077,1.067,1.075,23398468.0,25075188.0,,,sina:515210
2024-07-31,515210,,1.075,1.097,1.074,1.095,34175600.0,37187112.0,,,sina:515210
2024-08-01,515210,,1.096,1.102,1.087,1.089,33405600.0,36490235.0,,,sina:515210
2024-08-02,515210,,1.089,1.094,1.08,1.082,26563800.0,28901017.0,,,sina:515210
2024-08-05,515210,,1.075,1.088,1.065,1.066,29752497.0,32052969.0,,,sina:515210
2024-08-06,515210,,1.07,1.079,1.063,1.071,28876600.0,30871874.0,,,sina:515210
2024-08-07,515210,,1.071,1.071,1.062,1.066,24730600.0,26395081.0,,,sina:515210
2024-08-08,515210,,1.061,1.072,1.057,1.069,22466200.0,23911592.0,,,sina:515210
2024-08-09,515210,,1.07,1.075,1.064,1.064,32051400.0,34311463.0,,,sina:515210
2024-08-12,515210,,1.061,1.065,1.054,1.056,23590000.0,24973685.0,,,sina:515210
2024-08-13,515210,,1.055,1.063,1.053,1.063,42727200.0,45151837.0,,,sina:515210
2024-08-14,515210,,1.064,1.064,1.044,1.046,26779000.0,28188895.0,,,sina:515210
2024-08-15,515210,,1.044,1.056,1.04,1.053,30284768.0,31780544.0,,,sina:515210
2024-08-16,515210,,1.054,1.058,1.042,1.045,25809600.0,27072216.0,,,sina:515210
2024-08-19,515210,,1.045,1.056,1.043,1.046,24733100.0,25957609.0,,,sina:515210
2024-08-20,515210,,1.047,1.049,1.027,1.032,23894300.0,24733133.0,,,sina:515210
2024-08-21,515210,,1.032,1.032,1.022,1.027,26326400.0,26994375.0,,,sina:515210
2024-08-22,515210,,1.03,1.03,1.013,1.016,23636500.0,24129923.0,,,sina:515210
2024-08-23,515210,,1.014,1.017,1.009,1.015,24805700.0,25120294.0,,,sina:515210
2024-08-26,515210,,1.015,1.023,1.013,1.021,22735600.0,23137870.0,,,sina:515210
2024-08-27,515210,,1.02,1.02,1.006,1.012,19266800.0,19496986.0,,,sina:515210
2024-08-28,515210,,1.012,1.017,1.009,1.014,20885700.0,21150762.0,,,sina:515210
2024-08-29,515210,,1.014,1.018,1.007,1.015,22499700.0,22765043.0,,,sina:515210
2024-08-30,515210,,1.015,1.037,1.01,1.026,35136600.0,35982789.0,,,sina:515210
2024-09-02,515210,,1.023,1.023,1.008,1.01,21048600.0,21386242.0,,,sina:515210
2024-09-03,515210,,1.005,1.015,1.005,1.012,20918500.0,21130911.0,,,sina:515210
2024-09-04,515210,,1.008,1.01,1.0,1.004,22171600.0,22258086.0,,,sina:515210
2024-09-05,515210,,1.004,1.011,1.002,1.009,19061200.0,19180146.0,,,sina:515210
2024-09-06,515210,,1.009,1.01,0.997,0.999,22199700.0,22280038.0,,,sina:515210
2024-09-09,515210,,0.997,0.997,0.98,0.984,22342000.0,22020521.0,,,sina:515210
2024-09-10,515210,,0.983,0.987,0.968,0.981,24076900.0,23517625.0,,,sina:515210
2024-09-11,515210,,0.974,0.978,0.968,0.973,21654200.0,21069553.0,,,sina:515210
2024-09-12,515210,,0.973,0.978,0.967,0.973,17769900.0,17293023.0,,,sina:515210
2024-09-13,515210,,0.973,0.984,0.972,0.973,25328100.0,24731567.0,,,sina:515210
2024-09-18,515210,,0.974,0.974,0.953,0.967,24075800.0,23159632.0,,,sina:515210
2024-09-19,515210,,0.969,0.991,0.965,0.984,31545700.0,30850737.0,,,sina:515210
2024-09-20,515210,,0.984,0.984,0.971,0.978,27506800.0,26829410.0,,,sina:515210
2024-09-23,515210,,0.978,0.989,0.971,0.986,27277700.0,26715570.0,,,sina:515210
2024-09-24,515210,,0.989,1.045,0.988,1.045,71521358.0,73102905.0,,,sina:515210
2024-09-25,515210,,1.068,1.094,1.061,1.062,95190784.0,102664904.0,,,sina:515210
2024-09-26,515210,,1.06,1.123,1.058,1.122,102724448.0,112349577.0,,,sina:515210
2024-09-27,515210,,1.139,1.168,1.101,1.168,61038600.0,68978094.0,,,sina:515210
2024-09-30,515210,,1.235,1.275,1.183,1.26,175317020.0,215779889.0,,,sina:515210
2024-10-08,515210,,1.386,1.386,1.214,1.313,186562648.0,243454692.0,,,sina:515210
2024-10-09,515210,,1.239,1.254,1.182,1.182,120935100.0,146051842.0,,,sina:515210
2024-10-10,515210,,1.181,1.235,1.157,1.202,118132500.0,142311769.0,,,sina:515210
2024-10-11,515210,,1.186,1.213,1.168,1.179,46082200.0,54821903.0,,,sina:515210
2024-10-14,515210,,1.19,1.209,1.179,1.209,69157900.0,82869878.0,,,sina:515210
2024-10-15,515210,,1.192,1.209,1.176,1.177,50561300.0,60269160.0,,,sina:515210
2024-10-16,515210,,1.156,1.203,1.156,1.193,47104400.0,56069882.0,,,sina:515210
2024-10-17,515210,,1.193,1.206,1.178,1.18,59185391.0,70481250.0,,,sina:515210
2024-10-18,515210,,1.168,1.22,1.166,1.202,78826684.0,93723722.0,,,sina:515210
2024-10-21,515210,,1.199,1.205,1.177,1.188,96714800.0,114743740.0,,,sina:515210
2024-10-22,515210,,1.187,1.193,1.177,1.191,55660700.0,65827892.0,,,sina:515210
2024-10-23,515210,,1.19,1.205,1.186,1.199,65661800.0,78607783.0,,,sina:515210
2024-10-24,515210,,1.196,1.196,1.178,1.184,46348500.0,54929394.0,,,sina:515210
2024-10-25,515210,,1.183,1.204,1.183,1.202,56956300.0,68058180.0,,,sina:515210
2024-10-28,515210,,1.227,1.274,1.215,1.272,251214300.0,316246590.0,,,sina:515210
2024-10-29,515210,,1.272,1.274,1.223,1.226,193378700.0,240235941.0,,,sina:515210
2024-10-30,515210,,1.205,1.236,1.204,1.228,105559135.0,129157904.0,,,sina:515210
2024-10-31,515210,,1.218,1.247,1.217,1.244,122671935.0,151797395.0,,,sina:515210
2024-11-01,515210,,1.243,1.283,1.238,1.272,167474300.0,212272472.0,,,sina:515210
2024-11-04,515210,,1.269,1.269,1.233,1.253,74986000.0,93261095.0,,,sina:515210
2024-11-05,515210,,1.254,1.298,1.244,1.298,95166300.0,122160245.0,,,sina:515210
2024-11-06,515210,,1.297,1.312,1.275,1.304,93756200.0,121369548.0,,,sina:515210
2024-11-07,515210,,1.289,1.339,1.286,1.337,70455786.0,92760116.0,,,sina:515210
2024-11-08,515210,,1.345,1.357,1.318,1.324,100212000.0,133646827.0,,,sina:515210
2024-11-11,515210,,1.324,1.327,1.296,1.316,104334500.0,136583714.0,,,sina:515210
2024-11-12,515210,,1.317,1.323,1.289,1.298,62790156.0,82180638.0,,,sina:515210
2024-11-13,515210,,1.299,1.313,1.281,1.296,59950507.0,77719127.0,,,sina:515210
2024-11-14,515210,,1.289,1.298,1.258,1.261,55485642.0,70700342.0,,,sina:515210
2024-11-15,515210,,1.264,1.272,1.241,1.242,63637007.0,80083582.0,,,sina:515210
2024-11-18,515210,,1.252,1.288,1.252,1.261,74872310.0,95086471.0,,,sina:515210
2024-11-19,515210,,1.251,1.258,1.223,1.258,89229600.0,110808218.0,,,sina:515210
2024-11-20,515210,,1.25,1.267,1.245,1.266,43048000.0,54090488.0,,,sina:515210
2024-11-21,515210,,1.27,1.274,1.26,1.271,40369406.0,51126332.0,,,sina:515210
2024-11-22,515210,,1.271,1.278,1.229,1.232,49184100.0,61624164.0,,,sina:515210
2024-11-25,515210,,1.231,1.248,1.223,1.239,39477800.0,48813114.0,,,sina:515210
2024-11-26,515210,,1.238,1.243,1.225,1.227,36075900.0,44524651.0,,,sina:515210
2024-11-27,515210,,1.225,1.24,1.2,1.24,47525700.0,57626762.0,,,sina:515210
2024-11-28,515210,,1.241,1.254,1.233,1.244,44995100.0,55930074.0,,,sina:515210
2024-11-29,515210,,1.244,1.26,1.236,1.252,39143700.0,48868155.0,,,sina:515210
2024-12-02,515210,,1.251,1.295,1.25,1.29,60824400.0,77857375.0,,,sina:515210
2024-12-03,515210,,1.29,1.29,1.273,1.284,50866500.0,65089716.0,,,sina:515210
2024-12-04,515210,,1.282,1.3,1.276,1.287,33094300.0,42572146.0,,,sina:515210
2024-12-05,515210,,1.289,1.302,1.279,1.3,34197700.0,44175591.0,,,sina:515210
2024-12-06,515210,,1.3,1.33,1.299,1.327,51281500.0,67587487.0,,,sina:515210
2024-12-09,515210,,1.326,1.355,1.319,1.329,37909400.0,50601393.0,,,sina:515210
2024-12-10,515210,,1.4,1.404,1.322,1.326,53623200.0,72346600.0,,,sina:515210
2024-12-11,515210,,1.318,1.358,1.314,1.351,43675600.0,58769037.0,,,sina:515210
2024-12-12,515210,,1.349,1.353,1.329,1.344,33308400.0,44640531.0,,,sina:515210
2024-12-13,515210,,1.34,1.341,1.311,1.312,29440000.0,39040901.0,,,sina:515210
2024-12-16,515210,,1.305,1.316,1.294,1.3,34885500.0,45416375.0,,,sina:515210
2024-12-17,515210,,1.297,1.302,1.277,1.282,47044500.0,60505856.0,,,sina:515210
2024-12-18,515210,,1.283,1.311,1.283,1.3,64874800.0,84481749.0,,,sina:515210
2024-12-19,515210,,1.285,1.294,1.277,1.291,44690200.0,57409943.0,,,sina:515210
2024-12-20,515210,,1.291,1.292,1.27,1.274,38693700.0,49441995.0,,,sina:515210
2024-12-23,515210,,1.27,1.275,1.251,1.256,59013700.0,74408117.0,,,sina:515210
2024-12-24,515210,,1.197,1.213,1.193,1.212,77164900.0,92551480.0,,,sina:515210
2024-12-25,515210,,1.212,1.213,1.19,1.199,27955100.0,33460721.0,,,sina:515210
2024-12-26,515210,,1.199,1.203,1.194,1.203,23110600.0,27718301.0,,,sina:515210
2024-12-27,515210,,1.203,1.216,1.199,1.201,32872300.0,39731337.0,,,sina:515210
2024-12-30,515210,,1.198,1.201,1.187,1.195,27835600.0,33197375.0,,,sina:515210
2024-12-31,515210,,1.195,1.198,1.17,1.175,40574495.0,48192770.0,,,sina:515210
2025-01-02,515210,,1.175,1.181,1.144,1.15,48466500.0,56738478.0,,,sina:515210
2025-01-03,515210,,1.151,1.16,1.128,1.128,63014500.0,71838836.0,,,sina:515210
2025-01-06,515210,,1.124,1.142,1.12,1.141,36487200.0,41314817.0,,,sina:515210
2025-01-07,515210,,1.145,1.145,1.124,1.142,27593400.0,31308550.0,,,sina:515210
2025-01-08,515210,,1.141,1.141,1.108,1.128,39606100.0,44430415.0,,,sina:515210
2025-01-09,515210,,1.128,1.13,1.118,1.124,20872300.0,23494952.0,,,sina:515210
2025-01-10,515210,,1.124,1.128,1.105,1.106,43965400.0,48978474.0,,,sina:515210
2025-01-13,515210,,1.105,1.113,1.091,1.112,39365900.0,43509352.0,,,sina:515210
2025-01-14,515210,,1.111,1.14,1.111,1.139,43177500.0,48599030.0,,,sina:515210
2025-01-15,515210,,1.139,1.142,1.129,1.14,42720700.0,48532814.0,,,sina:515210
2025-01-16,515210,,1.145,1.159,1.138,1.151,36689500.0,42170553.0,,,sina:515210
2025-01-17,515210,,1.145,1.147,1.131,1.147,46176100.0,52616789.0,,,sina:515210
2025-01-20,515210,,1.148,1.155,1.14,1.152,35446000.0,40729361.0,,,sina:515210
2025-01-21,515210,,1.152,1.153,1.129,1.133,42434100.0,48312076.0,,,sina:515210
2025-01-22,515210,,1.135,1.135,1.122,1.134,49309400.0,55652278.0,,,sina:515210
2025-01-23,515210,,1.134,1.151,1.129,1.131,39323300.0,44938011.0,,,sina:515210
2025-01-24,515210,,1.131,1.16,1.125,1.154,70702300.0,80722908.0,,,sina:515210
2025-01-27,515210,,1.15,1.173,1.146,1.164,38904500.0,45367865.0,,,sina:515210
2025-02-05,515210,,1.163,1.168,1.148,1.153,42194100.0,48842268.0,,,sina:515210
2025-02-06,515210,,1.159,1.17,1.153,1.168,66889800.0,77629578.0,,,sina:515210
2025-02-07,515210,,1.168,1.203,1.168,1.197,56748274.0,67459261.0,,,sina:515210
2025-02-10,515210,,1.198,1.216,1.194,1.211,45650954.0,54938427.0,,,sina:515210
2025-02-11,515210,,1.211,1.212,1.196,1.206,41438500.0,49892431.0,,,sina:515210
2025-02-12,515210,,1.204,1.21,1.197,1.209,30358918.0,36593012.0,,,sina:515210
2025-02-13,515210,,1.213,1.22,1.207,1.21,37216918.0,45155958.0,,,sina:515210
2025-02-14,515210,,1.206,1.208,1.191,1.202,22903800.0,27486032.0,,,sina:515210
2025-02-17,515210,,1.211,1.214,1.194,1.209,28721600.0,34678869.0,,,sina:515210
2025-02-18,515210,,1.207,1.208,1.187,1.192,31615060.0,37824070.0,,,sina:515210
2025-02-19,515210,,1.183,1.194,1.183,1.19,20466700.0,24328383.0,,,sina:515210
2025-02-20,515210,,1.187,1.208,1.187,1.203,32155500.0,38558905.0,,,sina:515210
2025-02-21,515210,,1.2,1.21,1.195,1.206,30493155.0,36694730.0,,,sina:515210
2025-02-24,515210,,1.207,1.214,1.196,1.209,71428000.0,86271926.0,,,sina:515210
2025-02-25,515210,,1.208,1.213,1.188,1.204,27114300.0,32687858.0,,,sina:515210
2025-02-26,515210,,1.204,1.278,1.204,1.277,117256500.0,147359334.0,,,sina:515210
2025-02-27,515210,,1.27,1.28,1.247,1.275,88866600.0,111870359.0,,,sina:515210
2025-02-28,515210,,1.266,1.271,1.241,1.244,95067234.0,119634130.0,,,sina:515210
2025-03-03,515210,,1.242,1.27,1.238,1.253,119865723.0,150451856.0,,,sina:515210
2025-03-04,515210,,1.25,1.266,1.242,1.258,52606200.0,66016123.0,,,sina:515210
2025-03-05,515210,,1.255,1.268,1.237,1.264,219126700.0,274608714.0,,,sina:515210
2025-03-06,515210,,1.27,1.27,1.252,1.261,78843500.0,99242438.0,,,sina:515210
2025-03-07,515210,,1.253,1.286,1.253,1.28,108776600.0,138939868.0,,,sina:515210
2025-03-10,515210,,1.28,1.286,1.256,1.266,72379400.0,91695525.0,,,sina:515210
2025-03-11,515210,,1.264,1.288,1.256,1.286,71100600.0,90496492.0,,,sina:515210
2025-03-12,515210,,1.293,1.297,1.286,1.287,52698300.0,68048654.0,,,sina:515210
2025-03-13,515210,,1.281,1.303,1.276,1.302,139291300.0,179747568.0,,,sina:515210
2025-03-14,515210,,1.302,1.302,1.277,1.296,104222900.0,134244220.0,,,sina:515210
2025-03-17,515210,,1.296,1.303,1.287,1.289,53132137.0,68746266.0,,,sina:515210
2025-03-18,515210,,1.286,1.292,1.279,1.283,68567400.0,88036605.0,,,sina:515210
2025-03-19,515210,,1.278,1.282,1.273,1.278,56610100.0,72241276.0,,,sina:515210
2025-03-20,515210,,1.275,1.299,1.275,1.289,69101922.0,89005936.0,,,sina:515210
2025-03-21,515210,,1.284,1.312,1.284,1.299,75193133.0,97982426.0,,,sina:515210
2025-03-24,515210,,1.298,1.307,1.283,1.298,179348911.0,231578574.0,,,sina:515210
2025-03-25,515210,,1.291,1.307,1.288,1.293,60038411.0,77837185.0,,,sina:515210
2025-03-26,515210,,1.291,1.296,1.282,1.294,70303200.0,90587713.0,,,sina:515210
2025-03-27,515210,,1.286,1.287,1.271,1.273,65934300.0,84103578.0,,,sina:515210
2025-03-28,515210,,1.273,1.278,1.256,1.26,72222000.0,91215734.0,,,sina:515210
2025-03-31,515210,,1.258,1.258,1.231,1.243,81125000.0,100882195.0,,,sina:515210
2025-04-01,515210,,1.245,1.268,1.245,1.262,71296600.0,89719097.0,,,sina:515210
2025-04-02,515210,,1.256,1.262,1.252,1.254,45485117.0,57176577.0,,,sina:515210
2025-04-03,515210,,1.247,1.263,1.244,1.26,54758641.0,68729018.0,,,sina:515210
2025-04-07,515210,,1.194,1.213,1.134,1.134,68685100.0,80002560.0,,,sina:515210
2025-04-08,515210,,1.134,1.161,1.129,1.143,133757400.0,152408880.0,,,sina:515210
2025-04-09,515210,,1.14,1.16,1.095,1.155,155572159.0,175057300.0,,,sina:515210
2025-04-10,515210,,1.165,1.186,1.162,1.177,59633041.0,70073245.0,,,sina:515210
2025-04-11,515210,,1.173,1.186,1.168,1.177,61965265.0,72929392.0,,,sina:515210
2025-04-14,515210,,1.178,1.197,1.178,1.193,46248100.0,55042918.0,,,sina:515210
2025-04-15,515210,,1.193,1.194,1.176,1.18,44565500.0,52571998.0,,,sina:515210
2025-04-16,515210,,1.179,1.179,1.158,1.172,83551406.0,97581354.0,,,sina:515210
2025-04-17,515210,,1.171,1.185,1.166,1.175,31551680.0,37147966.0,,,sina:515210
2025-04-18,515210,,1.173,1.182,1.169,1.18,34614500.0,40644660.0,,,sina:515210
2025-04-21,515210,,1.181,1.196,1.178,1.193,33092800.0,39447795.0,,,sina:515210
2025-04-22,515210,,1.196,1.196,1.185,1.191,66005600.0,78504918.0,,,sina:515210
2025-04-23,515210,,1.19,1.201,1.19,1.199,36693500.0,43901410.0,,,sina:515210
2025-04-24,515210,,1.199,1.202,1.188,1.194,59090624.0,70670823.0,,,sina:515210
2025-04-25,515210,,1.196,1.215,1.195,1.207,73929900.0,89297605.0,,,sina:515210
2025-04-28,515210,,1.207,1.234,1.207,1.218,328772100.0,402419727.0,,,sina:515210
2025-04-29,515210,,1.216,1.236,1.216,1.218,207441300.0,254090219.0,,,sina:515210
2025-04-30,515210,,1.219,1.219,1.2,1.202,96096400.0,115888177.0,,,sina:515210
2025-05-06,515210,,1.202,1.229,1.202,1.229,53000500.0,64555910.0,,,sina:515210
2025-05-07,515210,,1.229,1.241,1.228,1.236,38788000.0,47765591.0,,,sina:515210
2025-05-08,515210,,1.236,1.24,1.227,1.232,39532439.0,48763822.0,,,sina:515210
2025-05-09,515210,,1.232,1.233,1.22,1.223,32925600.0,40368462.0,,,sina:515210
2025-05-12,515210,,1.234,1.234,1.218,1.228,67975855.0,83431765.0,,,sina:515210
2025-05-13,515210,,1.229,1.241,1.229,1.233,45836091.0,56617691.0,,,sina:515210
2025-05-14,515210,,1.225,1.241,1.225,1.236,46519158.0,57271395.0,,,sina:515210
2025-05-15,515210,,1.235,1.239,1.226,1.226,42420400.0,52315734.0,,,sina:515210
2025-05-16,515210,,1.225,1.229,1.218,1.222,43787800.0,53498750.0,,,sina:515210
2025-05-19,515210,,1.222,1.234,1.218,1.234,29914500.0,36673696.0,,,sina:515210
2025-05-20,515210,,1.231,1.235,1.225,1.232,24594519.0,30251611.0,,,sina:515210
2025-05-21,515210,,1.23,1.233,1.226,1.228,27374800.0,33647932.0,,,sina:515210
2025-05-22,515210,,1.227,1.232,1.217,1.218,96985904.0,118724323.0,,,sina:515210
2025-05-23,515210,,1.215,1.228,1.21,1.212,37429100.0,45747135.0,,,sina:515210
2025-05-26,515210,,1.211,1.219,1.208,1.213,29630100.0,35943834.0,,,sina:515210
2025-05-27,515210,,1.211,1.212,1.198,1.203,32718617.0,39348165.0,,,sina:515210
2025-05-28,515210,,1.203,1.206,1.196,1.198,23290050.0,27925846.0,,,sina:515210
2025-05-29,515210,,1.198,1.206,1.195,1.204,32609695.0,39214420.0,,,sina:515210
2025-05-30,515210,,1.205,1.205,1.193,1.203,50651600.0,60730888.0,,,sina:515210
2025-06-03,515210,,1.197,1.197,1.182,1.185,169489378.0,200840060.0,,,sina:515210
2025-06-04,515210,,1.184,1.198,1.184,1.198,42626065.0,50896061.0,,,sina:515210
2025-06-05,515210,,1.197,1.199,1.191,1.199,76882500.0,91850184.0,,,sina:515210
2025-06-06,515210,,1.196,1.203,1.195,1.2,38865600.0,46623458.0,,,sina:515210
2025-06-09,515210,,1.198,1.211,1.196,1.207,65379000.0,78943974.0,,,sina:515210
2025-06-10,515210,,1.205,1.211,1.195,1.202,34404706.0,41387970.0,,,sina:515210
2025-06-11,515210,,1.202,1.22,1.201,1.215,36582833.0,44378909.0,,,sina:515210
2025-06-12,515210,,1.215,1.216,1.207,1.212,33788833.0,40887110.0,,,sina:515210
2025-06-13,515210,,1.214,1.214,1.198,1.202,28541300.0,34322358.0,,,sina:515210
2025-06-16,515210,,1.203,1.207,1.198,1.2,37772305.0,45394136.0,,,sina:515210
2025-06-17,515210,,1.2,1.205,1.199,1.204,30278724.0,36390061.0,,,sina:515210
2025-06-18,515210,,1.203,1.204,1.19,1.194,34913293.0,41655887.0,,,sina:515210
2025-06-19,515210,,1.194,1.195,1.176,1.179,32702100.0,38726706.0,,,sina:515210
2025-06-20,515210,,1.178,1.186,1.178,1.182,28083000.0,33233170.0,,,sina:515210
2025-06-23,515210,,1.179,1.181,1.174,1.179,33605181.0,39581670.0,,,sina:515210
2025-06-24,515210,,1.177,1.193,1.177,1.193,41575600.0,49384747.0,,,sina:515210
2025-06-25,515210,,1.194,1.205,1.189,1.203,53696010.0,64260966.0,,,sina:515210
2025-06-26,515210,,1.2,1.203,1.189,1.192,437598189.0,523909764.0,,,sina:515210
2025-06-27,515210,,1.194,1.207,1.193,1.202,149517032.0,179544257.0,,,sina:515210
2025-06-30,515210,,1.204,1.21,1.2,1.207,228573467.0,275809226.0,,,sina:515210
2025-07-01,515210,,1.207,1.22,1.202,1.219,136532911.0,165169307.0,,,sina:515210
2025-07-02,515210,,1.215,1.269,1.215,1.264,128498503.0,160232544.0,,,sina:515210
2025-07-03,515210,,1.259,1.262,1.241,1.26,108313086.0,135768837.0,,,sina:515210
2025-07-04,515210,,1.253,1.29,1.253,1.267,183947036.0,234707381.0,,,sina:515210
2025-07-07,515210,,1.262,1.274,1.255,1.27,85547285.0,108351454.0,,,sina:515210
2025-07-08,515210,,1.268,1.294,1.263,1.29,96676628.0,123602640.0,,,sina:515210
2025-07-09,515210,,1.29,1.307,1.278,1.284,89422082.0,115238142.0,,,sina:515210
2025-07-10,515210,,1.284,1.307,1.282,1.306,150770551.0,195197461.0,,,sina:515210
2025-07-11,515210,,1.306,1.338,1.304,1.326,323075908.0,428537910.0,,,sina:515210
2025-07-14,515210,,1.327,1.344,1.322,1.325,136531983.0,181985968.0,,,sina:515210
2025-07-15,515210,,1.32,1.329,1.302,1.308,147908400.0,194497667.0,,,sina:515210
2025-07-16,515210,,1.308,1.31,1.284,1.292,111708500.0,144923946.0,,,sina:515210
2025-07-17,515210,,1.292,1.318,1.287,1.317,98864000.0,128992217.0,,,sina:515210
2025-07-18,515210,,1.317,1.333,1.316,1.332,72829076.0,96519066.0,,,sina:515210
2025-07-21,515210,,1.362,1.388,1.35,1.381,240919241.0,331375249.0,,,sina:515210
2025-07-22,515210,,1.382,1.419,1.371,1.416,493775800.0,693384168.0,,,sina:515210
2025-07-23,515210,,1.428,1.463,1.407,1.409,442040366.0,633027139.0,,,sina:515210
2025-07-24,515210,,1.395,1.448,1.386,1.447,184047513.0,261124632.0,,,sina:515210
2025-07-25,515210,,1.447,1.459,1.42,1.425,203492178.0,291229425.0,,,sina:515210
2025-07-28,515210,,1.418,1.418,1.387,1.403,291244209.0,407291631.0,,,sina:515210
2025-07-29,515210,,1.401,1.438,1.397,1.437,195576733.0,277162209.0,,,sina:515210
2025-07-30,515210,,1.444,1.481,1.44,1.459,327505936.0,477589956.0,,,sina:515210
2025-07-31,515210,,1.446,1.447,1.395,1.401,344371862.0,485008868.0,,,sina:515210
2025-08-01,515210,,1.394,1.404,1.384,1.386,161718965.0,225343239.0,,,sina:515210
2025-08-04,515210,,1.381,1.39,1.37,1.388,148135896.0,204779520.0,,,sina:515210
2025-08-05,515210,,1.389,1.415,1.387,1.41,111523300.0,156696429.0,,,sina:515210
2025-08-06,515210,,1.409,1.415,1.399,1.412,139827403.0,197098323.0,,,sina:515210
2025-08-07,515210,,1.411,1.413,1.38,1.408,176773100.0,246452132.0,,,sina:515210
2025-08-08,515210,,1.403,1.432,1.397,1.424,193361448.0,274395593.0,,,sina:515210
2025-08-11,515210,,1.427,1.435,1.42,1.428,104943300.0,149609075.0,,,sina:515210
2025-08-12,515210,,1.424,1.425,1.413,1.416,110520100.0,156659842.0,,,sina:515210
2025-08-13,515210,,1.415,1.428,1.414,1.421,77058333.0,109556995.0,,,sina:515210
2025-08-14,515210,,1.421,1.422,1.387,1.389,254652146.0,355730675.0,,,sina:515210
2025-08-15,515210,,1.382,1.4,1.38,1.399,166171337.0,231776690.0,,,sina:515210
2025-08-18,515210,,1.401,1.413,1.395,1.409,182256674.0,256031805.0,,,sina:515210
2025-08-19,515210,,1.406,1.417,1.399,1.403,106137850.0,149454233.0,,,sina:515210
2025-08-20,515210,,1.4,1.425,1.395,1.42,163664953.0,231537837.0,,,sina:515210
2025-08-21,515210,,1.417,1.437,1.417,1.425,134989502.0,192457461.0,,,sina:515210
2025-08-22,515210,,1.425,1.431,1.41,1.423,119273823.0,169179690.0,,,sina:515210
2025-08-25,515210,,1.424,1.469,1.424,1.468,202744070.0,294792960.0,,,sina:515210
2025-08-26,515210,,1.462,1.462,1.433,1.451,149778768.0,216145719.0,,,sina:515210
2025-08-27,515210,,1.444,1.449,1.404,1.408,298799813.0,426252224.0,,,sina:515210
2025-08-28,515210,,1.405,1.415,1.375,1.404,371490659.0,517632303.0,,,sina:515210
2025-08-29,515210,,1.405,1.425,1.404,1.418,176199225.0,249513757.0,,,sina:515210
2025-09-01,515210,,1.426,1.426,1.4,1.417,158071400.0,223620268.0,,,sina:515210
2025-09-02,515210,,1.413,1.414,1.387,1.4,100536095.0,140568604.0,,,sina:515210
2025-09-03,515210,,1.4,1.405,1.375,1.38,179718600.0,249466881.0,,,sina:515210
2025-09-04,515210,,1.373,1.38,1.346,1.358,85922400.0,117021080.0,,,sina:515210
2025-09-05,515210,,1.36,1.376,1.349,1.373,164153100.0,223975614.0,,,sina:515210
2025-09-08,515210,,1.373,1.396,1.368,1.393,118882000.0,164578804.0,,,sina:515210
2025-09-09,515210,,1.393,1.411,1.385,1.395,123598970.0,172926640.0,,,sina:515210
2025-09-10,515210,,1.394,1.394,1.373,1.392,64021100.0,88719717.0,,,sina:515210
2025-09-11,515210,,1.383,1.41,1.38,1.407,132120600.0,184825570.0,,,sina:515210
2025-09-12,515210,,1.404,1.441,1.398,1.427,207128447.0,295587961.0,,,sina:515210
2025-09-15,515210,,1.426,1.428,1.403,1.419,273397416.0,387737296.0,,,sina:515210
2025-09-16,515210,,1.421,1.429,1.394,1.419,101608000.0,143425630.0,,,sina:515210
2025-09-17,515210,,1.415,1.42,1.4,1.42,81028384.0,114355166.0,,,sina:515210
2025-09-18,515210,,1.418,1.42,1.38,1.395,181949187.0,254415309.0,,,sina:515210
2025-09-19,515210,,1.387,1.412,1.383,1.388,71329724.0,99468403.0,,,sina:515210
2025-09-22,515210,,1.387,1.387,1.36,1.385,75918405.0,104320529.0,,,sina:515210
2025-09-23,515210,,1.386,1.386,1.342,1.359,83612043.0,113391702.0,,,sina:515210
2025-09-24,515210,,1.359,1.378,1.347,1.374,67176246.0,91621057.0,,,sina:515210
2025-09-25,515210,,1.374,1.385,1.371,1.378,48827033.0,67247540.0,,,sina:515210
2025-09-26,515210,,1.369,1.388,1.368,1.382,102304139.0,141540354.0,,,sina:515210
2025-09-29,515210,,1.386,1.41,1.361,1.41,84416667.0,117228201.0,,,sina:515210
2025-09-30,515210,,1.411,1.429,1.407,1.425,74813959.0,106233397.0,,,sina:515210
2025-10-09,515210,,1.434,1.467,1.434,1.467,161755127.0,235040945.0,,,sina:515210
2025-10-10,515210,,1.465,1.484,1.445,1.476,210164812.0,309961973.0,,,sina:515210
2025-10-13,515210,,1.468,1.506,1.454,1.502,293553261.0,435266304.0,,,sina:515210
2025-10-14,515210,,1.504,1.525,1.477,1.485,163028490.0,245556667.0,,,sina:515210
2025-10-15,515210,,1.484,1.501,1.469,1.488,201643831.0,298716509.0,,,sina:515210
2025-10-16,515210,,1.476,1.48,1.448,1.452,114329974.0,166918015.0,,,sina:515210
2025-10-17,515210,,1.449,1.488,1.44,1.446,154418525.0,225514491.0,,,sina:515210
2025-10-20,515210,,1.449,1.454,1.436,1.445,137539538.0,198816357.0,,,sina:515210
2025-10-21,515210,,1.446,1.465,1.434,1.464,99565378.0,145146101.0,,,sina:515210
2025-10-22,515210,,1.459,1.468,1.449,1.46,65423872.0,95407191.0,,,sina:515210
2025-10-23,515210,,1.452,1.468,1.439,1.467,98876238.0,143433004.0,,,sina:515210
2025-10-24,515210,,1.469,1.472,1.445,1.451,85770540.0,124657019.0,,,sina:515210
2025-10-27,515210,,1.453,1.494,1.451,1.485,240738600.0,356754936.0,,,sina:515210
2025-10-28,515210,,1.48,1.483,1.45,1.456,136513721.0,199438638.0,,,sina:515210
2025-10-29,515210,,1.454,1.467,1.443,1.466,95710515.0,139214514.0,,,sina:515210
2025-10-30,515210,,1.466,1.493,1.464,1.484,136482874.0,202421649.0,,,sina:515210
2025-10-31,515210,,1.484,1.493,1.477,1.482,124026970.0,183943794.0,,,sina:515210
2025-11-03,515210,,1.501,1.511,1.489,1.51,141711085.0,212841479.0,,,sina:515210
2025-11-04,515210,,1.507,1.526,1.491,1.502,138143644.0,208418551.0,,,sina:515210
2025-11-05,515210,,1.489,1.515,1.481,1.515,125198798.0,188596962.0,,,sina:515210
2025-11-06,515210,,1.511,1.542,1.51,1.539,157441915.0,240943541.0,,,sina:515210
2025-11-07,515210,,1.539,1.55,1.532,1.542,124751359.0,192247948.0,,,sina:515210
2025-11-10,515210,,1.543,1.549,1.527,1.538,140453000.0,215866323.0,,,sina:515210
2025-11-11,515210,,1.531,1.545,1.524,1.543,94181925.0,144599081.0,,,sina:515210
2025-11-12,515210,,1.538,1.55,1.527,1.54,73432108.0,112837226.0,,,sina:515210
2025-11-13,515210,,1.539,1.568,1.534,1.563,106252562.0,165195404.0,,,sina:515210
2025-11-14,515210,,1.555,1.58,1.554,1.563,121149500.0,190223440.0,,,sina:515210
2025-11-17,515210,,1.563,1.577,1.557,1.571,150191702.0,235454288.0,,,sina:515210
2025-11-18,515210,,1.571,1.571,1.512,1.52,118117205.0,181230953.0,,,sina:515210
2025-11-19,515210,,1.513,1.529,1.494,1.512,299566282.0,452423771.0,,,sina:515210
2025-11-20,515210,,1.512,1.53,1.509,1.517,65242220.0,99071185.0,,,sina:515210
2025-11-21,515210,,1.495,1.495,1.45,1.453,94215173.0,138793951.0,,,sina:515210
2025-11-24,515210,,1.447,1.459,1.438,1.448,129612385.0,187520000.0,,,sina:515210
2025-11-25,515210,,1.449,1.461,1.446,1.453,116335734.0,169138027.0,,,sina:515210
2025-11-26,515210,,1.45,1.464,1.445,1.447,91418934.0,132919001.0,,,sina:515210
2025-11-27,515210,,1.446,1.457,1.441,1.448,87926700.0,127519847.0,,,sina:515210
2025-11-28,515210,,1.448,1.47,1.44,1.47,60043177.0,87510894.0,,,sina:515210
2025-12-01,515210,,1.468,1.487,1.468,1.482,94832417.0,140120440.0,,,sina:515210
2025-12-02,515210,,1.479,1.48,1.466,1.479,82317300.0,121266435.0,,,sina:515210
2025-12-03,515210,,1.477,1.488,1.468,1.474,62369200.0,92234189.0,,,sina:515210
2025-12-04,515210,,1.474,1.478,1.459,1.462,88530300.0,129726551.0,,,sina:515210
2025-12-05,515210,,1.459,1.481,1.454,1.48,45301810.0,66553145.0,,,sina:515210
2025-12-08,515210,,1.478,1.482,1.46,1.473,48588110.0,71449784.0,,,sina:515210
2025-12-09,515210,,1.466,1.469,1.435,1.438,141133534.0,204364767.0,,,sina:515210
2025-12-10,515210,,1.439,1.448,1.428,1.444,72633810.0,104552187.0,,,sina:515210
2025-12-11,515210,,1.446,1.447,1.421,1.423,54036400.0,77382769.0,,,sina:515210
2025-12-12,515210,,1.423,1.438,1.423,1.434,41946782.0,60013915.0,,,sina:515210
2025-12-15,515210,,1.43,1.463,1.428,1.45,38037500.0,55174324.0,,,sina:515210
2025-12-16,515210,,1.451,1.453,1.423,1.427,50644200.0,72510323.0,,,sina:515210
2025-12-17,515210,,1.427,1.448,1.415,1.443,46216604.0,66065598.0,,,sina:515210
2025-12-18,515210,,1.44,1.452,1.437,1.444,41272620.0,59653163.0,,,sina:515210
2025-12-19,515210,,1.44,1.473,1.44,1.47,59160613.0,86467205.0,,,sina:515210
2025-12-22,515210,,1.474,1.494,1.474,1.482,47804145.0,70972207.0,,,sina:515210
2025-12-23,515210,,1.482,1.486,1.47,1.474,73962900.0,109103319.0,,,sina:515210
2025-12-24,515210,,1.42,1.431,1.41,1.43,36719900.0,52172965.0,,,sina:515210
2025-12-25,515210,,1.429,1.44,1.415,1.435,56342271.0,80561769.0,,,sina:515210
2025-12-26,515210,,1.437,1.462,1.437,1.456,96994942.0,140969689.0,,,sina:515210
2025-12-29,515210,,1.465,1.468,1.45,1.45,346392042.0,505460701.0,,,sina:515210
2025-12-30,515210,,1.441,1.464,1.439,1.451,55096600.0,79952600.0,,,sina:515210
2025-12-31,515210,,1.454,1.455,1.439,1.451,72719351.0,105316545.0,,,sina:515210
2026-01-05,515210,,1.451,1.46,1.44,1.451,73115300.0,105844379.0,,,sina:515210
2026-01-06,515210,,1.453,1.473,1.444,1.472,89039600.0,129922142.0,,,sina:515210
2026-01-07,515210,,1.472,1.486,1.467,1.48,109149680.0,161361641.0,,,sina:515210
2026-01-08,515210,,1.479,1.491,1.468,1.483,60309112.0,89236775.0,,,sina:515210
2026-01-09,515210,,1.482,1.502,1.48,1.489,154391300.0,229511403.0,,,sina:515210
2026-01-12,515210,,1.495,1.532,1.494,1.531,287764819.0,436545078.0,,,sina:515210
2026-01-13,515210,,1.53,1.53,1.495,1.499,155802719.0,235466911.0,,,sina:515210
2026-01-14,515210,,1.498,1.522,1.48,1.493,67304055.0,101106438.0,,,sina:515210
2026-01-15,515210,,1.493,1.502,1.474,1.48,69255612.0,103047385.0,,,sina:515210
2026-01-16,515210,,1.487,1.492,1.454,1.46,140432645.0,206443525.0,,,sina:515210
2026-01-19,515210,,1.457,1.481,1.442,1.48,134705112.0,197294104.0,,,sina:515210
2026-01-20,515210,,1.479,1.492,1.459,1.491,87422996.0,129081388.0,,,sina:515210
2026-01-21,515210,,1.488,1.521,1.476,1.518,149882344.0,225778097.0,,,sina:515210
2026-01-22,515210,,1.518,1.55,1.512,1.547,107042047.0,163747644.0,,,sina:515210
2026-01-23,515210,,1.552,1.575,1.531,1.574,138951336.0,216076026.0,,,sina:515210
2026-01-26,515210,,1.598,1.598,1.559,1.57,144637731.0,227734812.0,,,sina:515210
2026-01-27,515210,,1.569,1.569,1.532,1.548,126516130.0,195859937.0,,,sina:515210
2026-01-28,515210,,1.537,1.587,1.53,1.582,105292270.0,164375405.0,,,sina:515210
2026-01-29,515210,,1.583,1.598,1.568,1.59,152960515.0,242138212.0,,,sina:515210
2026-01-30,515210,,1.57,1.572,1.51,1.548,137099290.0,211240446.0,,,sina:515210
2026-02-02,515210,,1.53,1.53,1.449,1.452,171202479.0,254511300.0,,,sina:515210
2026-02-03,515210,,1.467,1.503,1.464,1.502,65676277.0,97452586.0,,,sina:515210
2026-02-04,515210,,1.5,1.538,1.495,1.537,112696603.0,171118886.0,,,sina:515210
2026-02-05,515210,,1.536,1.536,1.494,1.505,87083821.0,131579877.0,,,sina:515210
2026-02-06,515210,,1.48,1.518,1.479,1.499,61544475.0,92402954.0,,,sina:515210
2026-02-09,515210,,1.505,1.528,1.505,1.526,55940961.0,85073531.0,,,sina:515210
2026-02-10,515210,,1.528,1.529,1.506,1.524,40664922.0,61782320.0,,,sina:515210
2026-02-11,515210,,1.52,1.553,1.515,1.551,105213310.0,162103255.0,,,sina:515210
2026-02-12,515210,,1.546,1.561,1.532,1.552,50203103.0,77722382.0,,,sina:515210
2026-02-13,515210,,1.55,1.55,1.508,1.513,275731116.0,418328581.0,,,sina:515210
2026-02-24,515210,,1.516,1.548,1.516,1.544,86303204.0,132905387.0,,,sina:515210
2026-02-25,515210,,1.546,1.639,1.541,1.61,223995721.0,361934697.0,,,sina:515210
2026-02-26,515210,,1.611,1.638,1.605,1.634,106115400.0,172254307.0,,,sina:515210
2026-02-27,515210,,1.621,1.693,1.619,1.674,275491586.0,459966211.0,,,sina:515210
2026-03-02,515210,,1.668,1.683,1.637,1.676,279905288.0,467356349.0,,,sina:515210
2026-03-03,515210,,1.666,1.685,1.612,1.621,306184409.0,501581139.0,,,sina:515210
2026-03-04,515210,,1.591,1.642,1.59,1.606,105859348.0,170369409.0,,,sina:515210
2026-03-05,515210,,1.622,1.634,1.595,1.608,94386061.0,151945690.0,,,sina:515210
2026-03-06,515210,,1.612,1.623,1.582,1.616,104119108.0,167519925.0,,,sina:515210
2026-03-09,515210,,1.596,1.611,1.569,1.605,145429456.0,231651611.0,,,sina:515210
2026-03-10,515210,,1.606,1.619,1.589,1.596,86757256.0,138525444.0,,,sina:515210
2026-03-11,515210,,1.6,1.6,1.577,1.588,81876910.0,129739349.0,,,sina:515210
2026-03-12,515210,,1.591,1.609,1.579,1.602,104872480.0,167388870.0,,,sina:515210
2026-03-13,515210,,1.593,1.629,1.587,1.593,158032197.0,254765774.0,,,sina:515210
2026-03-16,515210,,1.581,1.588,1.521,1.542,241632645.0,372692707.0,,,sina:515210
2026-03-17,515210,,1.54,1.576,1.535,1.537,206296535.0,320890576.0,,,sina:515210
2026-03-18,515210,,1.534,1.542,1.508,1.526,103038095.0,156923183.0,,,sina:515210
2026-03-19,515210,,1.508,1.52,1.459,1.466,118081500.0,174710267.0,,,sina:515210
2026-03-20,515210,,1.46,1.473,1.434,1.435,101052988.0,146315217.0,,,sina:515210
2026-03-23,515210,,1.414,1.421,1.364,1.372,134006936.0,186400230.0,,,sina:515210
2026-03-24,515210,,1.387,1.421,1.374,1.421,96876822.0,135496327.0,,,sina:515210
2026-03-25,515210,,1.427,1.448,1.424,1.447,216417300.0,311503202.0,,,sina:515210
2026-03-26,515210,,1.438,1.451,1.413,1.418,104165700.0,149181335.0,,,sina:515210
2026-03-27,515210,,1.404,1.446,1.4,1.439,67401600.0,96577948.0,,,sina:515210
2026-03-30,515210,,1.43,1.453,1.418,1.451,78064737.0,112169674.0,,,sina:515210
2026-03-31,515210,,1.45,1.457,1.424,1.427,56878608.0,81803172.0,,,sina:515210
2026-04-01,515210,,1.438,1.452,1.437,1.444,221026100.0,318366893.0,,,sina:515210
2026-04-02,515210,,1.435,1.444,1.42,1.431,79716400.0,114082248.0,,,sina:515210
2026-04-03,515210,,1.431,1.433,1.407,1.411,43351700.0,61423786.0,,,sina:515210
2026-04-07,515210,,1.406,1.417,1.397,1.416,57788000.0,81412215.0,,,sina:515210
2026-04-08,515210,,1.433,1.464,1.433,1.463,128911619.0,187524554.0,,,sina:515210
2026-04-09,515210,,1.455,1.467,1.452,1.456,109428800.0,159340045.0,,,sina:515210
2026-04-10,515210,,1.464,1.473,1.454,1.456,55733900.0,81546620.0,,,sina:515210
2026-04-13,515210,,1.456,1.475,1.45,1.471,50426200.0,73767114.0,,,sina:515210
2026-04-14,515210,,1.475,1.477,1.447,1.464,51041600.0,74403354.0,,,sina:515210
2026-04-15,515210,,1.465,1.476,1.445,1.45,115875846.0,168671073.0,,,sina:515210
2026-04-16,515210,,1.452,1.484,1.45,1.482,56335837.0,82869535.0,,,sina:515210
2026-04-17,515210,,1.48,1.483,1.469,1.477,25746961.0,37982892.0,,,sina:515210
2026-04-20,515210,,1.48,1.484,1.469,1.476,41324700.0,61015649.0,,,sina:515210
2026-04-21,515210,,1.479,1.479,1.463,1.471,44196290.0,64854028.0,,,sina:515210
2026-04-22,515210,,1.472,1.48,1.46,1.476,40924892.0,60124626.0,,,sina:515210
2026-04-23,515210,,1.476,1.476,1.447,1.451,61463349.0,89451633.0,,,sina:515210
2026-04-24,515210,,1.451,1.454,1.435,1.448,48882841.0,70502296.0,,,sina:515210
2026-04-27,515210,,1.444,1.446,1.424,1.431,38838331.0,55543465.0,,,sina:515210
2026-04-28,515210,,1.429,1.433,1.417,1.432,45839900.0,65395949.0,,,sina:515210
2026-04-29,515210,,1.432,1.465,1.422,1.463,78772900.0,114706771.0,,,sina:515210
2026-04-30,515210,,1.459,1.459,1.432,1.441,74646800.0,107564313.0,,,sina:515210
2026-05-06,515210,,1.445,1.46,1.439,1.456,75354700.0,109325916.0,,,sina:515210
2026-05-07,515210,,1.457,1.465,1.444,1.457,105479194.0,152906900.0,,,sina:515210
2026-05-08,515210,,1.451,1.466,1.441,1.465,51607800.0,74975919.0,,,sina:515210
2026-05-11,515210,,1.466,1.468,1.448,1.46,351385954.0,511633479.0,,,sina:515210
2026-05-12,515210,,1.457,1.465,1.438,1.442,69024393.0,99730386.0,,,sina:515210
2026-05-13,515210,,1.438,1.446,1.433,1.436,43383800.0,62400066.0,,,sina:515210
2026-05-14,515210,,1.436,1.437,1.405,1.406,81695700.0,115454609.0,,,sina:515210
2026-05-15,515210,,1.405,1.407,1.376,1.379,197187613.0,272852179.0,,,sina:515210
2026-05-18,515210,,1.371,1.373,1.351,1.359,60356077.0,82115402.0,,,sina:515210
2026-05-19,515210,,1.36,1.369,1.342,1.357,70595359.0,95510546.0,,,sina:515210
2026-05-20,515210,,1.357,1.357,1.332,1.342,61291327.0,82113378.0,,,sina:515210
2026-05-21,515210,,1.341,1.354,1.313,1.317,48047631.0,64311541.0,,,sina:515210
2026-05-22,515210,,1.317,1.322,1.304,1.322,73529500.0,96631592.0,,,sina:515210
2026-05-25,515210,,1.321,1.333,1.307,1.314,71708100.0,94462658.0,,,sina:515210
2026-05-26,515210,,1.312,1.326,1.298,1.324,53567000.0,70381384.0,,,sina:515210
2026-05-27,515210,,1.318,1.326,1.28,1.286,87605800.0,113434122.0,,,sina:515210
2026-05-28,515210,,1.281,1.295,1.276,1.29,94264510.0,121457377.0,,,sina:515210
2026-05-29,515210,,1.29,1.303,1.278,1.283,53692581.0,69464701.0,,,sina:515210
2026-06-01,515210,,1.281,1.298,1.27,1.292,72230488.0,93131910.0,,,sina:515210
2026-06-02,515210,,1.29,1.297,1.272,1.278,56377326.0,72199270.0,,,sina:515210
2026-06-03,515210,,1.277,1.282,1.266,1.272,38478800.0,48954562.0,,,sina:515210
2026-06-04,515210,,1.267,1.27,1.251,1.262,48159100.0,60661208.0,,,sina:515210
2026-06-05,515210,,1.26,1.281,1.26,1.264,131621100.0,167199955.0,,,sina:515210
2026-06-08,515210,,1.248,1.259,1.217,1.23,114728001.0,142371393.0,,,sina:515210
2026-06-09,515210,,1.227,1.24,1.216,1.235,91838400.0,112612315.0,,,sina:515210
2026-06-10,515210,,1.23,1.234,1.212,1.225,53496000.0,65383549.0,,,sina:515210
2026-06-11,515210,,1.221,1.229,1.204,1.223,112495300.0,136946144.0,,,sina:515210
2026-06-12,515210,,1.223,1.267,1.221,1.256,84915200.0,106197529.0,,,sina:515210
2026-06-15,515210,,1.263,1.288,1.251,1.264,86842080.0,110217048.0,,,sina:515210
2026-06-16,515210,,1.26,1.26,1.236,1.243,75844876.0,94380873.0,,,sina:515210
2026-06-17,515210,钢铁ETF,1.242,1.248,1.214,1.219,90082900.0,110869529.175,,,
2026-06-18,515210,钢铁ETF,1.219,1.236,1.207,1.219,89503300.0,109216401.825,,,
2026-06-22,515210,钢铁ETF,1.21,1.233,1.188,1.232,84339600.0,102535868.7,,,
2026-06-23,515210,钢铁ETF,1.22,1.233,1.196,1.201,83295000.0,100995187.5,,,
2026-06-24,515210,钢铁ETF,1.198,1.201,1.176,1.198,73565300.0,87781794.225,,,
2026-06-25,515210,钢铁ETF,1.188,1.194,1.166,1.175,43000700.0,50773076.525,,,
2026-06-26,515210,钢铁ETF,1.172,1.175,1.138,1.138,1041897.0,119545473.0,-3.15,11.7,
2026-06-29,515210,钢铁ETF,1.137,1.154,1.117,1.148,50175300.0,57149666.7,,,
2026-06-30,515210,钢铁ETF,1.149,1.154,1.13,1.145,46049900.0,52704110.54999999,,,
2026-07-01,515210,钢铁ETF,1.141,1.18,1.14,1.172,83017600.0,96155135.2,,,
2026-07-02,515210,钢铁ETF,1.171,1.187,1.168,1.176,89216700.0,104874230.85,,,
2026-07-03,515210,钢铁ETF,1.178,1.192,1.173,1.181,54796700.0,64714902.7,,,
2026-07-06,515210,钢铁ETF,1.178,1.191,1.167,1.17,71972900.0,84676116.85,,,
2026-07-07,515210,钢铁ETF,1.173,1.178,1.148,1.154,49910300.0,58058156.475,,,
2026-07-08,515210,钢铁ETF,1.152,1.153,1.136,1.138,47311900.0,54160297.525,,,
2026-07-09,515210,钢铁ETF,1.134,1.136,1.097,1.113,111884200.0,125310304.0,,,
2026-07-10,515210,钢铁ETF,1.111,1.14,1.095,1.127,78441600.0,87717319.2,,,
2026-07-13,515210,钢铁ETF,1.123,1.124,1.098,1.104,70881500.0,78837948.37500001,,,
2026-07-14,515210,钢铁ETF,1.098,1.128,1.098,1.126,64250300.0,71478458.75,,,
2026-07-15,515210,钢铁ETF,1.126,1.15,1.119,1.145,56274400.0,63871444.0,,,
2026-07-16,515210,钢铁ETF,1.144,1.147,1.124,1.134,83685000.0,95170766.25,,,
2026-07-17,515210,钢铁ETF,1.132,1.141,1.111,1.117,114372700.0,128697880.67499998,,,
2026-07-20,515210,钢铁ETF,1.117,1.132,1.102,1.12,80961200.0,90494381.3,,,
2026-07-21,515210,钢铁ETF,1.121,1.128,1.115,1.122,49724100.0,55765578.150000006,,,
2026-07-22,515210,钢铁ETF,1.118,1.131,1.114,1.129,70473100.0,79141291.3,,,
2026-07-23,515210,钢铁ETF,1.124,1.16,1.122,1.16,140812500.0,160737468.75,,,
2026-07-24,515210,钢铁ETF,1.15,1.155,1.126,1.127,104553500.0,119138713.25,,,
2026-07-27,515210,钢铁ETF,1.125,1.148,1.124,1.148,69511200.0,78982101.0,,,
2026-07-28,515210,钢铁ETF,1.142,1.15,1.135,1.146,62543300.0,71502627.725,,,
2026-07-29,515210,钢铁ETF,1.145,1.177,1.142,1.171,100475700.0,116426217.375,,,
2026-07-30,515210,钢铁ETF,1.168,1.189,1.164,1.175,116129500.0,136336033.0,,,
2026-07-31,515210,钢铁ETF,1.171,1.18,1.168,1.18,81983700.0,96310351.575,,,
2026-08-03,515210,钢铁ETF,1.174,1.193,1.172,1.193,93956400.0,111150421.2,,,
2026-08-04,515210,钢铁ETF,1.187,1.194,1.172,1.178,98121800.0,116053558.95,,,
2026-08-05,515210,钢铁ETF,1.178,1.186,1.172,1.182,82607700.0,97435782.15,,,
2026-08-06,515210,钢铁ETF,1.182,1.185,1.161,1.173,67876000.0,79771269.00000001,,,
2026-08-07,515210,钢铁ETF,1.172,1.173,1.16,1.166,103749600.0,121153595.4,,,
2026-08-10,515210,钢铁ETF,1.168,1.182,1.168,1.182,102017900.0,119871032.49999999,,,
2026-08-11,515210,钢铁ETF,1.18,1.18,1.16,1.16,72313200.0,84606444.0,,,
