date,symbol,name,open,high,low,close,volume,amount,pct_change,turnover_rate,source_file
2017-09-01,512400,,1.015,1.053,1.015,1.036,323168700.0,331559089.0,,,sina:512400
2017-09-04,512400,,1.048,1.065,1.043,1.056,68143900.0,71743578.0,,,sina:512400
2017-09-05,512400,,1.052,1.059,1.031,1.055,26435900.0,27697910.0,,,sina:512400
2017-09-06,512400,,1.039,1.09,1.039,1.064,57910700.0,61897494.0,,,sina:512400
2017-09-07,512400,,1.064,1.064,1.045,1.046,26759700.0,28244442.0,,,sina:512400
2017-09-08,512400,,1.047,1.07,1.047,1.058,43312200.0,45988866.0,,,sina:512400
2017-09-11,512400,,1.051,1.093,1.051,1.091,38845200.0,41760785.0,,,sina:512400
2017-09-12,512400,,1.095,1.126,1.075,1.092,49598300.0,54629847.0,,,sina:512400
2017-09-13,512400,,1.078,1.089,1.071,1.088,25859600.0,27945071.0,,,sina:512400
2017-09-14,512400,,1.083,1.085,1.066,1.07,19455800.0,20901009.0,,,sina:512400
2017-09-15,512400,,1.067,1.07,1.04,1.043,36289900.0,38039816.0,,,sina:512400
2017-09-18,512400,,1.044,1.055,1.036,1.048,25305700.0,26513277.0,,,sina:512400
2017-09-19,512400,,1.048,1.053,1.037,1.042,26052000.0,27200460.0,,,sina:512400
2017-09-20,512400,,1.041,1.068,1.04,1.067,31343800.0,33186195.0,,,sina:512400
2017-09-21,512400,,1.068,1.068,1.038,1.039,14487500.0,15158872.0,,,sina:512400
2017-09-22,512400,,1.037,1.037,1.017,1.022,33896000.0,34808129.0,,,sina:512400
2017-09-25,512400,,1.023,1.03,1.003,1.003,14380500.0,14574108.0,,,sina:512400
2017-09-26,512400,,1.013,1.02,1.006,1.013,13390700.0,13567542.0,,,sina:512400
2017-09-27,512400,,1.01,1.034,1.009,1.029,13690500.0,14067995.0,,,sina:512400
2017-09-28,512400,,1.029,1.034,1.019,1.021,4539600.0,4664499.0,,,sina:512400
2017-09-29,512400,,1.021,1.034,1.014,1.024,4697700.0,4811775.0,,,sina:512400
2017-10-09,512400,,1.03,1.037,1.026,1.029,5564000.0,5732599.0,,,sina:512400
2017-10-10,512400,,1.029,1.029,1.01,1.018,6016300.0,6107854.0,,,sina:512400
2017-10-11,512400,,1.017,1.017,0.993,1.002,28453200.0,28512295.0,,,sina:512400
2017-10-12,512400,,1.003,1.003,0.982,0.995,21209900.0,21077592.0,,,sina:512400
2017-10-13,512400,,0.996,1.003,0.996,0.998,17472700.0,17468549.0,,,sina:512400
2017-10-16,512400,,0.999,1.012,0.992,1.007,24543700.0,24702403.0,,,sina:512400
2017-10-17,512400,,1.004,1.004,0.984,0.986,13437200.0,13350771.0,,,sina:512400
2017-10-18,512400,,0.987,0.987,0.97,0.971,8354300.0,8168359.0,,,sina:512400
2017-10-19,512400,,0.966,0.977,0.965,0.969,7470600.0,7245418.0,,,sina:512400
2017-10-20,512400,,0.969,0.988,0.967,0.987,10172700.0,9977828.0,,,sina:512400
2017-10-23,512400,,0.985,0.985,0.976,0.985,2159500.0,2118408.0,,,sina:512400
2017-10-24,512400,,0.985,0.993,0.982,0.989,3692600.0,3648815.0,,,sina:512400
2017-10-25,512400,,0.989,0.989,0.98,0.986,3144600.0,3095627.0,,,sina:512400
2017-10-26,512400,,0.986,0.997,0.981,0.996,5211400.0,5163942.0,,,sina:512400
2017-10-27,512400,,0.994,0.994,0.981,0.982,2823900.0,2788137.0,,,sina:512400
2017-10-30,512400,,0.98,0.98,0.952,0.963,6013000.0,5789375.0,,,sina:512400
2017-10-31,512400,,0.966,0.977,0.961,0.975,8604100.0,8329043.0,,,sina:512400
2017-11-01,512400,,0.981,0.986,0.973,0.978,11633900.0,11403678.0,,,sina:512400
2017-11-02,512400,,0.97,0.983,0.966,0.97,3458100.0,3374162.0,,,sina:512400
2017-11-03,512400,,0.965,0.97,0.95,0.954,5618100.0,5375614.0,,,sina:512400
2017-11-06,512400,,0.951,0.958,0.945,0.955,4926000.0,4689125.0,,,sina:512400
2017-11-07,512400,,0.957,0.966,0.948,0.962,3018900.0,2896919.0,,,sina:512400
2017-11-08,512400,,0.96,0.973,0.954,0.966,9795900.0,9468765.0,,,sina:512400
2017-11-09,512400,,0.968,0.973,0.96,0.964,5996500.0,5783240.0,,,sina:512400
2017-11-10,512400,,0.963,0.964,0.958,0.96,3169400.0,3043193.0,,,sina:512400
2017-11-13,512400,,0.962,0.963,0.95,0.958,7135100.0,6817208.0,,,sina:512400
2017-11-14,512400,,0.958,0.961,0.945,0.949,4844100.0,4624766.0,,,sina:512400
2017-11-15,512400,,0.946,0.946,0.919,0.919,14605400.0,13532642.0,,,sina:512400
2017-11-16,512400,,0.92,0.923,0.91,0.91,4948000.0,4533557.0,,,sina:512400
2017-11-17,512400,,0.911,0.917,0.891,0.893,5346900.0,4836314.0,,,sina:512400
2017-11-20,512400,,0.893,0.903,0.88,0.902,4448800.0,3974711.0,,,sina:512400
2017-11-21,512400,,0.902,0.902,0.891,0.898,4459700.0,3994021.0,,,sina:512400
2017-11-22,512400,,0.899,0.907,0.897,0.905,3332600.0,3008536.0,,,sina:512400
2017-11-23,512400,,0.907,0.924,0.899,0.9,13764600.0,12605634.0,,,sina:512400
2017-11-24,512400,,0.901,0.924,0.891,0.919,7013900.0,6392528.0,,,sina:512400
2017-11-27,512400,,0.92,0.925,0.898,0.899,11178000.0,10237566.0,,,sina:512400
2017-11-28,512400,,0.89,0.913,0.89,0.912,4080000.0,3693480.0,,,sina:512400
2017-11-29,512400,,0.912,0.934,0.907,0.931,22885700.0,21139349.0,,,sina:512400
2017-11-30,512400,,0.938,0.938,0.918,0.923,7887900.0,7316642.0,,,sina:512400
2017-12-01,512400,,0.923,0.928,0.915,0.92,6892300.0,6343198.0,,,sina:512400
2017-12-04,512400,,0.93,0.93,0.919,0.92,5587200.0,5179107.0,,,sina:512400
2017-12-05,512400,,0.916,0.916,0.885,0.89,9519200.0,8524586.0,,,sina:512400
2017-12-06,512400,,0.881,0.888,0.87,0.886,8057200.0,7075545.0,,,sina:512400
2017-12-07,512400,,0.885,0.893,0.883,0.886,3931300.0,3496895.0,,,sina:512400
2017-12-08,512400,,0.886,0.894,0.882,0.892,3550100.0,3157022.0,,,sina:512400
2017-12-11,512400,,0.894,0.905,0.889,0.905,4045200.0,3630009.0,,,sina:512400
2017-12-12,512400,,0.903,0.915,0.901,0.902,11148100.0,10119945.0,,,sina:512400
2017-12-13,512400,,0.9,0.904,0.895,0.903,2195900.0,1973706.0,,,sina:512400
2017-12-14,512400,,0.902,0.912,0.898,0.901,3859400.0,3495405.0,,,sina:512400
2017-12-15,512400,,0.904,0.904,0.892,0.897,2947900.0,2646885.0,,,sina:512400
2017-12-18,512400,,0.896,0.9,0.891,0.899,2166900.0,1937739.0,,,sina:512400
2017-12-19,512400,,0.897,0.899,0.894,0.898,2048500.0,1835652.0,,,sina:512400
2017-12-20,512400,,0.896,0.897,0.879,0.884,3052800.0,2708836.0,,,sina:512400
2017-12-21,512400,,0.884,0.894,0.881,0.89,2622400.0,2329660.0,,,sina:512400
2017-12-22,512400,,0.887,0.907,0.887,0.901,5369300.0,4837232.0,,,sina:512400
2017-12-25,512400,,0.902,0.907,0.896,0.896,4565000.0,4113453.0,,,sina:512400
2017-12-26,512400,,0.9,0.902,0.889,0.902,2428500.0,2176746.0,,,sina:512400
2017-12-27,512400,,0.901,0.923,0.901,0.911,9613400.0,8783923.0,,,sina:512400
2017-12-28,512400,,0.914,0.95,0.911,0.946,21071700.0,19703609.0,,,sina:512400
2017-12-29,512400,,0.95,0.95,0.932,0.942,16961000.0,15897203.0,,,sina:512400
2018-01-02,512400,,0.945,0.948,0.937,0.948,3621709.0,3414750.0,,,sina:512400
2018-01-03,512400,,0.948,0.968,0.943,0.958,9086700.0,8723792.0,,,sina:512400
2018-01-04,512400,,0.956,0.972,0.949,0.972,5155900.0,4954038.0,,,sina:512400
2018-01-05,512400,,0.968,0.973,0.961,0.964,5236000.0,5061015.0,,,sina:512400
2018-01-08,512400,,0.96,0.99,0.959,0.985,12373800.0,12090094.0,,,sina:512400
2018-01-09,512400,,0.985,0.994,0.977,0.985,6500100.0,6408517.0,,,sina:512400
2018-01-10,512400,,0.98,0.991,0.966,0.973,5770391.0,5635975.0,,,sina:512400
2018-01-11,512400,,0.97,0.987,0.97,0.978,7446900.0,7285201.0,,,sina:512400
2018-01-12,512400,,0.98,0.981,0.966,0.972,6761200.0,6571310.0,,,sina:512400
2018-01-15,512400,,0.972,0.972,0.93,0.936,7923500.0,7497096.0,,,sina:512400
2018-01-16,512400,,0.936,0.944,0.932,0.944,5787900.0,5429281.0,,,sina:512400
2018-01-17,512400,,0.944,0.944,0.915,0.929,6520500.0,6022715.0,,,sina:512400
2018-01-18,512400,,0.929,0.936,0.923,0.93,7019400.0,6525916.0,,,sina:512400
2018-01-19,512400,,0.93,0.939,0.925,0.935,4829300.0,4502258.0,,,sina:512400
2018-01-22,512400,,0.93,0.946,0.93,0.946,6349300.0,5954285.0,,,sina:512400
2018-01-23,512400,,0.951,0.961,0.944,0.959,10282500.0,9819685.0,,,sina:512400
2018-01-24,512400,,0.958,0.958,0.944,0.953,8752500.0,8306584.0,,,sina:512400
2018-01-25,512400,,0.964,0.972,0.959,0.964,18560600.0,17939466.0,,,sina:512400
2018-01-26,512400,,0.96,0.96,0.946,0.954,7966900.0,7605019.0,,,sina:512400
2018-01-29,512400,,0.949,0.967,0.949,0.954,10272900.0,9844359.0,,,sina:512400
2018-01-30,512400,,0.954,0.969,0.947,0.949,12835500.0,12295320.0,,,sina:512400
2018-01-31,512400,,0.947,0.95,0.934,0.941,5927900.0,5569868.0,,,sina:512400
2018-02-01,512400,,0.939,0.946,0.907,0.909,6307900.0,5848258.0,,,sina:512400
2018-02-02,512400,,0.909,0.94,0.886,0.933,9115200.0,8354157.0,,,sina:512400
2018-02-05,512400,,0.917,0.937,0.914,0.927,4169900.0,3864413.0,,,sina:512400
2018-02-06,512400,,0.901,0.931,0.887,0.89,10784100.0,9855664.0,,,sina:512400
2018-02-07,512400,,0.9,0.913,0.882,0.89,6397400.0,5761564.0,,,sina:512400
2018-02-08,512400,,0.88,0.895,0.87,0.879,3851400.0,3382961.0,,,sina:512400
2018-02-09,512400,,0.87,0.884,0.821,0.835,4127200.0,3488553.0,,,sina:512400
2018-02-12,512400,,0.837,0.868,0.836,0.865,18581500.0,15815835.0,,,sina:512400
2018-02-13,512400,,0.865,0.882,0.865,0.876,2656000.0,2332555.0,,,sina:512400
2018-02-14,512400,,0.878,0.888,0.872,0.887,1872100.0,1647440.0,,,sina:512400
2018-02-22,512400,,0.89,0.926,0.89,0.917,9537500.0,8659831.0,,,sina:512400
2018-02-23,512400,,0.918,0.925,0.908,0.925,5417000.0,4979013.0,,,sina:512400
2018-02-26,512400,,0.924,0.938,0.915,0.932,13489300.0,12478688.0,,,sina:512400
2018-02-27,512400,,0.932,0.932,0.911,0.912,2429900.0,2227069.0,,,sina:512400
2018-02-28,512400,,0.902,0.926,0.895,0.92,3729800.0,3391095.0,,,sina:512400
2018-03-01,512400,,0.915,0.925,0.907,0.923,3067300.0,2815382.0,,,sina:512400
2018-03-02,512400,,0.917,0.934,0.913,0.918,7188000.0,6664504.0,,,sina:512400
2018-03-05,512400,,0.92,0.93,0.912,0.917,4896300.0,4511372.0,,,sina:512400
2018-03-06,512400,,0.924,0.93,0.908,0.929,5738800.0,5302369.0,,,sina:512400
2018-03-07,512400,,0.924,0.928,0.912,0.912,3832600.0,3529003.0,,,sina:512400
2018-03-08,512400,,0.917,0.928,0.913,0.915,8269400.0,7613792.0,,,sina:512400
2018-03-09,512400,,0.912,0.918,0.91,0.917,2119500.0,1935115.0,,,sina:512400
2018-03-12,512400,,0.916,0.949,0.916,0.946,10642200.0,9948490.0,,,sina:512400
2018-03-13,512400,,0.947,0.947,0.937,0.942,4540300.0,4276812.0,,,sina:512400
2018-03-14,512400,,0.942,0.963,0.937,0.947,10773600.0,10282281.0,,,sina:512400
2018-03-15,512400,,0.948,0.951,0.936,0.944,4497900.0,4235960.0,,,sina:512400
2018-03-16,512400,,0.944,0.944,0.929,0.93,1245500.0,1165433.0,,,sina:512400
2018-03-19,512400,,0.924,0.932,0.917,0.927,3161600.0,2919013.0,,,sina:512400
2018-03-20,512400,,0.917,0.925,0.914,0.921,1108700.0,1019728.0,,,sina:512400
2018-03-21,512400,,0.922,0.928,0.907,0.911,5575300.0,5118630.0,,,sina:512400
2018-03-22,512400,,0.917,0.924,0.911,0.912,5000300.0,4597939.0,,,sina:512400
2018-03-23,512400,,0.897,0.897,0.85,0.867,5427700.0,4764921.0,,,sina:512400
2018-03-26,512400,,0.86,0.886,0.855,0.886,4252600.0,3733564.0,,,sina:512400
2018-03-27,512400,,0.89,0.912,0.89,0.912,1985000.0,1789351.0,,,sina:512400
2018-03-28,512400,,0.903,0.903,0.889,0.892,682300.0,610855.0,,,sina:512400
2018-03-29,512400,,0.896,0.897,0.885,0.896,605400.0,540663.0,,,sina:512400
2018-03-30,512400,,0.893,0.897,0.891,0.893,759700.0,679005.0,,,sina:512400
2018-04-02,512400,,0.895,0.901,0.892,0.893,1020900.0,914205.0,,,sina:512400
2018-04-03,512400,,0.888,0.888,0.877,0.881,756700.0,667117.0,,,sina:512400
2018-04-04,512400,,0.881,0.888,0.875,0.876,683700.0,602547.0,,,sina:512400
2018-04-09,512400,,0.874,0.886,0.874,0.879,3930900.0,3462958.0,,,sina:512400
2018-04-10,512400,,0.88,0.899,0.88,0.899,3515400.0,3125512.0,,,sina:512400
2018-04-11,512400,,0.908,0.912,0.897,0.906,3350900.0,3023943.0,,,sina:512400
2018-04-12,512400,,0.911,0.911,0.894,0.895,1493400.0,1341596.0,,,sina:512400
2018-04-13,512400,,0.898,0.899,0.885,0.889,1183100.0,1055363.0,,,sina:512400
2018-04-16,512400,,0.887,0.891,0.877,0.88,1079400.0,953994.0,,,sina:512400
2018-04-17,512400,,0.883,0.884,0.855,0.856,2732100.0,2369729.0,,,sina:512400
2018-04-18,512400,,0.86,0.863,0.838,0.86,3450400.0,2931574.0,,,sina:512400
2018-04-19,512400,,0.867,0.887,0.866,0.881,8087200.0,7086561.0,,,sina:512400
2018-04-20,512400,,0.873,0.875,0.859,0.862,2463500.0,2137350.0,,,sina:512400
2018-04-23,512400,,0.862,0.862,0.845,0.854,1736400.0,1483760.0,,,sina:512400
2018-04-24,512400,,0.854,0.866,0.84,0.863,3869700.0,3311426.0,,,sina:512400
2018-04-25,512400,,0.859,0.866,0.855,0.858,2875900.0,2472746.0,,,sina:512400
2018-04-26,512400,,0.857,0.858,0.841,0.844,1508300.0,1273367.0,,,sina:512400
2018-04-27,512400,,0.851,0.856,0.838,0.843,2218300.0,1865777.0,,,sina:512400
2018-05-02,512400,,0.845,0.847,0.839,0.839,882731.0,743613.0,,,sina:512400
2018-05-03,512400,,0.84,0.844,0.828,0.843,2533616.0,2116135.0,,,sina:512400
2018-05-04,512400,,0.843,0.846,0.838,0.84,1060600.0,893405.0,,,sina:512400
2018-05-07,512400,,0.844,0.858,0.842,0.856,3726700.0,3186774.0,,,sina:512400
2018-05-08,512400,,0.857,0.865,0.856,0.865,1865300.0,1605666.0,,,sina:512400
2018-05-09,512400,,0.858,0.865,0.856,0.863,1235100.0,1064328.0,,,sina:512400
2018-05-10,512400,,0.865,0.869,0.861,0.863,2120700.0,1834290.0,,,sina:512400
2018-05-11,512400,,0.864,0.884,0.864,0.876,4906000.0,4290881.0,,,sina:512400
2018-05-14,512400,,0.876,0.898,0.875,0.879,3386200.0,2995080.0,,,sina:512400
2018-05-15,512400,,0.88,0.882,0.872,0.882,950200.0,832943.0,,,sina:512400
2018-05-16,512400,,0.881,0.881,0.865,0.867,947300.0,827990.0,,,sina:512400
2018-05-17,512400,,0.867,0.877,0.864,0.867,3623600.0,3161166.0,,,sina:512400
2018-05-18,512400,,0.869,0.874,0.861,0.871,1592300.0,1381395.0,,,sina:512400
2018-05-21,512400,,0.872,0.884,0.872,0.876,1136700.0,998065.0,,,sina:512400
2018-05-22,512400,,0.881,0.881,0.866,0.876,3522200.0,3071636.0,,,sina:512400
2018-05-23,512400,,0.872,0.875,0.858,0.859,1173500.0,1012699.0,,,sina:512400
2018-05-24,512400,,0.853,0.864,0.853,0.858,1641600.0,1412941.0,,,sina:512400
2018-05-25,512400,,0.856,0.86,0.844,0.848,886500.0,754957.0,,,sina:512400
2018-05-28,512400,,0.848,0.849,0.84,0.842,910800.0,768202.0,,,sina:512400
2018-05-29,512400,,0.842,0.845,0.838,0.841,2501300.0,2105834.0,,,sina:512400
2018-05-30,512400,,0.829,0.832,0.817,0.817,2585800.0,2135718.0,,,sina:512400
2018-05-31,512400,,0.822,0.825,0.815,0.822,1259200.0,1032086.0,,,sina:512400
2018-06-01,512400,,0.821,0.831,0.818,0.823,2542600.0,2094888.0,,,sina:512400
2018-06-04,512400,,0.824,0.824,0.812,0.813,1795400.0,1463054.0,,,sina:512400
2018-06-05,512400,,0.82,0.823,0.811,0.822,1847900.0,1513403.0,,,sina:512400
2018-06-06,512400,,0.833,0.838,0.824,0.835,2971000.0,2476763.0,,,sina:512400
2018-06-07,512400,,0.836,0.843,0.832,0.833,5634000.0,4720508.0,,,sina:512400
2018-06-08,512400,,0.832,0.832,0.815,0.818,2017800.0,1658540.0,,,sina:512400
2018-06-11,512400,,0.818,0.829,0.818,0.824,3846100.0,3172529.0,,,sina:512400
2018-06-12,512400,,0.824,0.826,0.813,0.826,1636100.0,1342773.0,,,sina:512400
2018-06-13,512400,,0.823,0.823,0.815,0.816,733900.0,600639.0,,,sina:512400
2018-06-14,512400,,0.817,0.82,0.812,0.814,1367400.0,1113661.0,,,sina:512400
2018-06-15,512400,,0.813,0.815,0.795,0.802,5548000.0,4436065.0,,,sina:512400
2018-06-19,512400,,0.793,0.793,0.74,0.749,3292900.0,2512305.0,,,sina:512400
2018-06-20,512400,,0.749,0.754,0.738,0.752,903900.0,674699.0,,,sina:512400
2018-06-21,512400,,0.75,0.756,0.727,0.729,1960900.0,1449510.0,,,sina:512400
2018-06-22,512400,,0.727,0.743,0.71,0.741,1638100.0,1193006.0,,,sina:512400
2018-06-25,512400,,0.742,0.751,0.735,0.736,2375600.0,1773870.0,,,sina:512400
2018-06-26,512400,,0.732,0.743,0.725,0.739,1908300.0,1394191.0,,,sina:512400
2018-06-27,512400,,0.739,0.742,0.732,0.734,419900.0,309320.0,,,sina:512400
2018-06-28,512400,,0.735,0.744,0.729,0.73,1092900.0,806212.0,,,sina:512400
2018-06-29,512400,,0.73,0.75,0.726,0.748,2715800.0,2012142.0,,,sina:512400
2018-07-02,512400,,0.75,0.75,0.725,0.731,2460800.0,1805774.0,,,sina:512400
2018-07-03,512400,,0.731,0.734,0.712,0.733,2116100.0,1532563.0,,,sina:512400
2018-07-04,512400,,0.732,0.735,0.723,0.726,555900.0,404732.0,,,sina:512400
2018-07-05,512400,,0.724,0.724,0.702,0.703,1107000.0,788992.0,,,sina:512400
2018-07-06,512400,,0.702,0.716,0.692,0.708,1086900.0,765527.0,,,sina:512400
2018-07-09,512400,,0.709,0.723,0.708,0.722,1788000.0,1282928.0,,,sina:512400
2018-07-10,512400,,0.72,0.737,0.72,0.733,5428400.0,3963414.0,,,sina:512400
2018-07-11,512400,,0.725,0.733,0.711,0.724,953700.0,685634.0,,,sina:512400
2018-07-12,512400,,0.721,0.737,0.719,0.735,1919100.0,1400986.0,,,sina:512400
2018-07-13,512400,,0.735,0.746,0.731,0.743,2503000.0,1849774.0,,,sina:512400
2018-07-16,512400,,0.744,0.744,0.732,0.739,2214400.0,1631456.0,,,sina:512400
2018-07-17,512400,,0.736,0.739,0.73,0.737,1369900.0,1005448.0,,,sina:512400
2018-07-18,512400,,0.737,0.74,0.73,0.73,1163900.0,856728.0,,,sina:512400
2018-07-19,512400,,0.733,0.735,0.72,0.721,831800.0,602831.0,,,sina:512400
2018-07-20,512400,,0.722,0.73,0.717,0.727,1999800.0,1448910.0,,,sina:512400
2018-07-23,512400,,0.727,0.744,0.726,0.742,2237100.0,1643363.0,,,sina:512400
2018-07-24,512400,,0.745,0.762,0.742,0.758,3484800.0,2620846.0,,,sina:512400
2018-07-25,512400,,0.763,0.766,0.75,0.753,2037500.0,1537547.0,,,sina:512400
2018-07-26,512400,,0.755,0.76,0.744,0.746,1450300.0,1082372.0,,,sina:512400
2018-07-27,512400,,0.745,0.746,0.739,0.741,853600.0,632890.0,,,sina:512400
2018-07-30,512400,,0.741,0.749,0.735,0.739,2591000.0,1922377.0,,,sina:512400
2018-07-31,512400,,0.739,0.741,0.732,0.734,1485200.0,1089353.0,,,sina:512400
2018-08-01,512400,,0.734,0.74,0.719,0.72,1330500.0,971971.0,,,sina:512400
2018-08-02,512400,,0.72,0.72,0.688,0.707,2582400.0,1819765.0,,,sina:512400
2018-08-03,512400,,0.707,0.707,0.692,0.696,1431200.0,997999.0,,,sina:512400
2018-08-06,512400,,0.697,0.697,0.667,0.669,2234600.0,1515442.0,,,sina:512400
2018-08-07,512400,,0.669,0.683,0.655,0.682,3791000.0,2537714.0,,,sina:512400
2018-08-08,512400,,0.678,0.684,0.669,0.671,677400.0,456376.0,,,sina:512400
2018-08-09,512400,,0.672,0.69,0.672,0.685,3824200.0,2625249.0,,,sina:512400
2018-08-10,512400,,0.685,0.689,0.681,0.686,361400.0,247792.0,,,sina:512400
2018-08-13,512400,,0.682,0.689,0.676,0.688,1091100.0,744307.0,,,sina:512400
2018-08-14,512400,,0.686,0.69,0.68,0.688,902000.0,618025.0,,,sina:512400
2018-08-15,512400,,0.687,0.687,0.669,0.669,1177100.0,792583.0,,,sina:512400
2018-08-16,512400,,0.666,0.67,0.655,0.662,1009600.0,670619.0,,,sina:512400
2018-08-17,512400,,0.665,0.678,0.652,0.652,788600.0,518995.0,,,sina:512400
2018-08-20,512400,,0.655,0.662,0.651,0.662,477400.0,313694.0,,,sina:512400
2018-08-21,512400,,0.662,0.673,0.662,0.67,640700.0,427842.0,,,sina:512400
2018-08-22,512400,,0.67,0.67,0.66,0.663,589500.0,391410.0,,,sina:512400
2018-08-23,512400,,0.662,0.667,0.659,0.665,320700.0,212377.0,,,sina:512400
2018-08-24,512400,,0.66,0.666,0.659,0.663,518800.0,343547.0,,,sina:512400
2018-08-27,512400,,0.665,0.675,0.663,0.673,1008600.0,676107.0,,,sina:512400
2018-08-28,512400,,0.675,0.685,0.67,0.68,2406600.0,1634223.0,,,sina:512400
2018-08-29,512400,,0.68,0.68,0.671,0.674,1112200.0,749334.0,,,sina:512400
2018-08-30,512400,,0.67,0.677,0.666,0.667,909000.0,608199.0,,,sina:512400
2018-08-31,512400,,0.666,0.666,0.654,0.657,1797300.0,1184493.0,,,sina:512400
2018-09-03,512400,,0.659,0.659,0.649,0.657,1645900.0,1071967.0,,,sina:512400
2018-09-04,512400,,0.656,0.662,0.652,0.66,1615900.0,1060494.0,,,sina:512400
2018-09-05,512400,,0.657,0.658,0.645,0.647,1794300.0,1167242.0,,,sina:512400
2018-09-06,512400,,0.645,0.651,0.639,0.643,1846300.0,1192563.0,,,sina:512400
2018-09-07,512400,,0.643,0.649,0.64,0.641,1078400.0,693703.0,,,sina:512400
2018-09-10,512400,,0.641,0.641,0.626,0.627,1353500.0,857671.0,,,sina:512400
2018-09-11,512400,,0.629,0.629,0.62,0.625,2652000.0,1657025.0,,,sina:512400
2018-09-12,512400,,0.625,0.632,0.624,0.628,384700.0,241611.0,,,sina:512400
2018-09-13,512400,,0.631,0.64,0.631,0.637,2902900.0,1851178.0,,,sina:512400
2018-09-14,512400,,0.638,0.648,0.638,0.642,2795600.0,1793097.0,,,sina:512400
2018-09-17,512400,,0.636,0.636,0.624,0.626,785400.0,492174.0,,,sina:512400
2018-09-18,512400,,0.625,0.637,0.623,0.637,1017800.0,640624.0,,,sina:512400
2018-09-19,512400,,0.637,0.648,0.635,0.644,1486800.0,952154.0,,,sina:512400
2018-09-20,512400,,0.644,0.653,0.644,0.645,2369000.0,1534292.0,,,sina:512400
2018-09-21,512400,,0.65,0.664,0.641,0.66,2448900.0,1602959.0,,,sina:512400
2018-09-25,512400,,0.66,0.663,0.655,0.659,1527500.0,1008296.0,,,sina:512400
2018-09-26,512400,,0.66,0.666,0.658,0.662,1157300.0,766215.0,,,sina:512400
2018-09-27,512400,,0.66,0.664,0.655,0.655,944600.0,622728.0,,,sina:512400
2018-09-28,512400,,0.655,0.663,0.651,0.663,1429100.0,937782.0,,,sina:512400
2018-10-08,512400,,0.658,0.662,0.644,0.646,3934200.0,2573074.0,,,sina:512400
2018-10-09,512400,,0.643,0.657,0.643,0.653,1068900.0,696547.0,,,sina:512400
2018-10-10,512400,,0.656,0.66,0.644,0.65,562100.0,366675.0,,,sina:512400
2018-10-11,512400,,0.63,0.639,0.589,0.596,1693400.0,1039581.0,,,sina:512400
2018-10-12,512400,,0.6,0.605,0.583,0.601,2076900.0,1240167.0,,,sina:512400
2018-10-15,512400,,0.6,0.601,0.59,0.591,466100.0,277535.0,,,sina:512400
2018-10-16,512400,,0.591,0.594,0.572,0.572,1071200.0,620257.0,,,sina:512400
2018-10-17,512400,,0.584,0.589,0.559,0.571,1444400.0,821756.0,,,sina:512400
2018-10-18,512400,,0.576,0.576,0.55,0.551,1211600.0,671970.0,,,sina:512400
2018-10-19,512400,,0.551,0.564,0.54,0.561,906100.0,502793.0,,,sina:512400
2018-10-22,512400,,0.567,0.599,0.563,0.593,2480400.0,1448991.0,,,sina:512400
2018-10-23,512400,,0.585,0.589,0.576,0.577,2158000.0,1258745.0,,,sina:512400
2018-10-24,512400,,0.578,0.635,0.574,0.586,2354600.0,1402034.0,,,sina:512400
2018-10-25,512400,,0.583,0.592,0.567,0.586,1273500.0,737426.0,,,sina:512400
2018-10-26,512400,,0.592,0.603,0.586,0.59,3043100.0,1808509.0,,,sina:512400
2018-10-29,512400,,0.587,0.59,0.573,0.577,1654400.0,958344.0,,,sina:512400
2018-10-30,512400,,0.572,0.587,0.569,0.584,1862300.0,1077804.0,,,sina:512400
2018-10-31,512400,,0.587,0.606,0.577,0.602,4588500.0,2726916.0,,,sina:512400
2018-11-01,512400,,0.606,0.61,0.592,0.603,3497200.0,2103074.0,,,sina:512400
2018-11-02,512400,,0.612,0.626,0.605,0.619,4377900.0,2687370.0,,,sina:512400
2018-11-05,512400,,0.617,0.621,0.609,0.613,1925300.0,1183517.0,,,sina:512400
2018-11-06,512400,,0.607,0.612,0.603,0.607,1378300.0,838106.0,,,sina:512400
2018-11-07,512400,,0.61,0.633,0.61,0.622,4661800.0,2912408.0,,,sina:512400
2018-11-08,512400,,0.622,0.625,0.605,0.607,2500900.0,1536709.0,,,sina:512400
2018-11-09,512400,,0.607,0.61,0.595,0.598,1435200.0,863426.0,,,sina:512400
2018-11-12,512400,,0.598,0.609,0.592,0.608,2035400.0,1223832.0,,,sina:512400
2018-11-13,512400,,0.604,0.618,0.6,0.617,3286900.0,2006881.0,,,sina:512400
2018-11-14,512400,,0.615,0.621,0.61,0.613,1808400.0,1115366.0,,,sina:512400
2018-11-15,512400,,0.613,0.622,0.611,0.621,1361000.0,839070.0,,,sina:512400
2018-11-16,512400,,0.623,0.627,0.618,0.621,1524200.0,949793.0,,,sina:512400
2018-11-19,512400,,0.621,0.626,0.616,0.623,2052500.0,1274667.0,,,sina:512400
2018-11-20,512400,,0.619,0.627,0.614,0.615,3306800.0,2051852.0,,,sina:512400
2018-11-21,512400,,0.612,0.614,0.606,0.613,1564300.0,952623.0,,,sina:512400
2018-11-22,512400,,0.615,0.617,0.609,0.611,810400.0,496699.0,,,sina:512400
2018-11-23,512400,,0.608,0.608,0.581,0.581,4940800.0,2922371.0,,,sina:512400
2018-11-26,512400,,0.578,0.584,0.574,0.577,2444800.0,1417023.0,,,sina:512400
2018-11-27,512400,,0.584,0.585,0.578,0.582,1657700.0,962015.0,,,sina:512400
2018-11-28,512400,,0.577,0.587,0.574,0.587,2134500.0,1240828.0,,,sina:512400
2018-11-29,512400,,0.59,0.601,0.585,0.585,8096500.0,4806816.0,,,sina:512400
2018-11-30,512400,,0.582,0.591,0.58,0.591,2329300.0,1364332.0,,,sina:512400
2018-12-03,512400,,0.601,0.608,0.597,0.606,3483900.0,2101173.0,,,sina:512400
2018-12-04,512400,,0.604,0.608,0.603,0.608,1962900.0,1190465.0,,,sina:512400
2018-12-05,512400,,0.6,0.616,0.598,0.608,3836700.0,2342981.0,,,sina:512400
2018-12-06,512400,,0.605,0.609,0.601,0.603,2742500.0,1653869.0,,,sina:512400
2018-12-07,512400,,0.601,0.605,0.598,0.6,1020100.0,612719.0,,,sina:512400
2018-12-10,512400,,0.598,0.601,0.594,0.596,1431600.0,853693.0,,,sina:512400
2018-12-11,512400,,0.596,0.601,0.596,0.601,736100.0,440875.0,,,sina:512400
2018-12-12,512400,,0.604,0.604,0.599,0.601,946500.0,570111.0,,,sina:512400
2018-12-13,512400,,0.6,0.607,0.596,0.604,2550000.0,1538866.0,,,sina:512400
2018-12-14,512400,,0.601,0.607,0.586,0.586,2081000.0,1235462.0,,,sina:512400
2018-12-17,512400,,0.584,0.592,0.583,0.591,1813200.0,1065075.0,,,sina:512400
2018-12-18,512400,,0.588,0.593,0.586,0.592,1935800.0,1141791.0,,,sina:512400
2018-12-19,512400,,0.592,0.592,0.585,0.585,995000.0,584882.0,,,sina:512400
2018-12-20,512400,,0.585,0.588,0.58,0.584,806800.0,470720.0,,,sina:512400
2018-12-21,512400,,0.584,0.585,0.574,0.577,1099800.0,635430.0,,,sina:512400
2018-12-24,512400,,0.576,0.579,0.574,0.578,210100.0,121320.0,,,sina:512400
2018-12-25,512400,,0.575,0.575,0.56,0.569,945400.0,535521.0,,,sina:512400
2018-12-26,512400,,0.568,0.57,0.566,0.568,355200.0,202000.0,,,sina:512400
2018-12-27,512400,,0.571,0.576,0.561,0.561,775100.0,442234.0,,,sina:512400
2018-12-28,512400,,0.562,0.568,0.561,0.567,200600.0,113306.0,,,sina:512400
2019-01-02,512400,,0.568,0.568,0.557,0.557,525200.0,293561.0,,,sina:512400
2019-01-03,512400,,0.557,0.567,0.556,0.564,1892400.0,1065597.0,,,sina:512400
2019-01-04,512400,,0.564,0.58,0.563,0.579,1999900.0,1145402.0,,,sina:512400
2019-01-07,512400,,0.585,0.591,0.576,0.59,2429400.0,1411617.0,,,sina:512400
2019-01-08,512400,,0.588,0.59,0.577,0.581,2664800.0,1546206.0,,,sina:512400
2019-01-09,512400,,0.584,0.584,0.577,0.578,6186700.0,3592126.0,,,sina:512400
2019-01-10,512400,,0.576,0.581,0.573,0.576,2921900.0,1685303.0,,,sina:512400
2019-01-11,512400,,0.576,0.581,0.574,0.581,4740600.0,2736051.0,,,sina:512400
2019-01-14,512400,,0.579,0.583,0.576,0.578,2105400.0,1222502.0,,,sina:512400
2019-01-15,512400,,0.577,0.585,0.576,0.583,1853100.0,1074305.0,,,sina:512400
2019-01-16,512400,,0.582,0.583,0.577,0.58,2102300.0,1218973.0,,,sina:512400
2019-01-17,512400,,0.581,0.584,0.574,0.576,3746200.0,2167212.0,,,sina:512400
2019-01-18,512400,,0.576,0.591,0.575,0.59,4744000.0,2775546.0,,,sina:512400
2019-01-21,512400,,0.593,0.593,0.586,0.59,4540500.0,2668786.0,,,sina:512400
2019-01-22,512400,,0.588,0.588,0.576,0.581,3399500.0,1979793.0,,,sina:512400
2019-01-23,512400,,0.578,0.584,0.576,0.582,2655000.0,1543535.0,,,sina:512400
2019-01-24,512400,,0.582,0.582,0.576,0.58,3402100.0,1969608.0,,,sina:512400
2019-01-25,512400,,0.577,0.58,0.576,0.578,4552300.0,2628060.0,,,sina:512400
2019-01-28,512400,,0.582,0.583,0.574,0.576,4715300.0,2726871.0,,,sina:512400
2019-01-29,512400,,0.574,0.574,0.557,0.565,4871600.0,2754866.0,,,sina:512400
2019-01-30,512400,,0.565,0.567,0.56,0.561,1725600.0,971383.0,,,sina:512400
2019-01-31,512400,,0.56,0.566,0.55,0.553,3597400.0,2006892.0,,,sina:512400
2019-02-01,512400,,0.554,0.565,0.554,0.565,3909100.0,2187821.0,,,sina:512400
2019-02-11,512400,,0.565,0.583,0.565,0.583,7452500.0,4273347.0,,,sina:512400
2019-02-12,512400,,0.583,0.587,0.578,0.585,7505400.0,4368979.0,,,sina:512400
2019-02-13,512400,,0.585,0.606,0.583,0.601,12868800.0,7663773.0,,,sina:512400
2019-02-14,512400,,0.602,0.604,0.594,0.599,7346500.0,4399434.0,,,sina:512400
2019-02-15,512400,,0.598,0.608,0.594,0.598,6550200.0,3953104.0,,,sina:512400
2019-02-18,512400,,0.604,0.617,0.6,0.617,6017300.0,3666022.0,,,sina:512400
2019-02-19,512400,,0.615,0.622,0.611,0.619,6791100.0,4185208.0,,,sina:512400
2019-02-20,512400,,0.621,0.64,0.62,0.63,9180900.0,5801227.0,,,sina:512400
2019-02-21,512400,,0.63,0.636,0.624,0.629,7841900.0,4934743.0,,,sina:512400
2019-02-22,512400,,0.625,0.636,0.618,0.634,7132300.0,4472932.0,,,sina:512400
2019-02-25,512400,,0.667,0.697,0.64,0.697,43376000.0,28823804.0,,,sina:512400
2019-02-26,512400,,0.716,0.717,0.67,0.689,54819600.0,37955048.0,,,sina:512400
2019-02-27,512400,,0.679,0.694,0.67,0.676,21983800.0,15016712.0,,,sina:512400
2019-02-28,512400,,0.676,0.682,0.669,0.673,16522200.0,11160939.0,,,sina:512400
2019-03-01,512400,,0.675,0.677,0.665,0.677,11385500.0,7637077.0,,,sina:512400
2019-03-04,512400,,0.683,0.701,0.677,0.689,25905600.0,17806033.0,,,sina:512400
2019-03-05,512400,,0.683,0.697,0.678,0.695,25515400.0,17525244.0,,,sina:512400
2019-03-06,512400,,0.696,0.719,0.695,0.718,30447200.0,21576912.0,,,sina:512400
2019-03-07,512400,,0.723,0.75,0.704,0.735,29499100.0,21576001.0,,,sina:512400
2019-03-08,512400,,0.705,0.724,0.685,0.686,29617700.0,20899653.0,,,sina:512400
2019-03-11,512400,,0.684,0.706,0.684,0.701,17122300.0,11893819.0,,,sina:512400
2019-03-12,512400,,0.708,0.713,0.695,0.703,23244100.0,16413168.0,,,sina:512400
2019-03-13,512400,,0.705,0.712,0.696,0.7,17071700.0,12028726.0,,,sina:512400
2019-03-14,512400,,0.695,0.72,0.688,0.694,19958300.0,14029982.0,,,sina:512400
2019-03-15,512400,,0.697,0.703,0.687,0.7,13281100.0,9224898.0,,,sina:512400
2019-03-18,512400,,0.702,0.72,0.702,0.72,22563600.0,16075633.0,,,sina:512400
2019-03-19,512400,,0.72,0.721,0.71,0.716,8773122.0,6273387.0,,,sina:512400
2019-03-20,512400,,0.714,0.715,0.697,0.706,16775778.0,11849980.0,,,sina:512400
2019-03-21,512400,,0.713,0.721,0.709,0.715,18315422.0,13115260.0,,,sina:512400
2019-03-22,512400,,0.709,0.716,0.7,0.71,12990000.0,9204246.0,,,sina:512400
2019-03-25,512400,,0.701,0.705,0.695,0.695,9504300.0,6654655.0,,,sina:512400
2019-03-26,512400,,0.699,0.702,0.683,0.687,7822600.0,5424438.0,,,sina:512400
2019-03-27,512400,,0.685,0.689,0.673,0.679,10503700.0,7129984.0,,,sina:512400
2019-03-28,512400,,0.675,0.678,0.668,0.672,6088200.0,4101588.0,,,sina:512400
2019-03-29,512400,,0.675,0.69,0.665,0.689,24017200.0,16316162.0,,,sina:512400
2019-04-01,512400,,0.698,0.725,0.696,0.724,34647900.0,24723362.0,,,sina:512400
2019-04-02,512400,,0.74,0.748,0.713,0.738,44133800.0,32102216.0,,,sina:512400
2019-04-03,512400,,0.739,0.742,0.724,0.738,21999100.0,16179818.0,,,sina:512400
2019-04-04,512400,,0.742,0.757,0.738,0.747,38221100.0,28563506.0,,,sina:512400
2019-04-08,512400,,0.758,0.769,0.742,0.76,45553400.0,34430008.0,,,sina:512400
2019-04-09,512400,,0.753,0.753,0.732,0.739,29111400.0,21575636.0,,,sina:512400
2019-04-10,512400,,0.739,0.739,0.724,0.734,20838800.0,15213559.0,,,sina:512400
2019-04-11,512400,,0.734,0.74,0.719,0.72,19403700.0,14152134.0,,,sina:512400
2019-04-12,512400,,0.714,0.722,0.708,0.714,14519300.0,10368869.0,,,sina:512400
2019-04-15,512400,,0.728,0.733,0.709,0.71,21241800.0,15375829.0,,,sina:512400
2019-04-16,512400,,0.701,0.734,0.699,0.733,42269300.0,30608000.0,,,sina:512400
2019-04-17,512400,,0.73,0.736,0.725,0.729,24073200.0,17571118.0,,,sina:512400
2019-04-18,512400,,0.733,0.734,0.717,0.719,17962800.0,13043762.0,,,sina:512400
2019-04-19,512400,,0.716,0.726,0.711,0.725,16997300.0,12213914.0,,,sina:512400
2019-04-22,512400,,0.725,0.726,0.706,0.71,17684600.0,12634036.0,,,sina:512400
2019-04-23,512400,,0.71,0.71,0.696,0.702,20275200.0,14236703.0,,,sina:512400
2019-04-24,512400,,0.702,0.706,0.694,0.706,12096900.0,8461524.0,,,sina:512400
2019-04-25,512400,,0.702,0.705,0.682,0.683,18124600.0,12563956.0,,,sina:512400
2019-04-26,512400,,0.68,0.685,0.669,0.669,20405600.0,13769157.0,,,sina:512400
2019-04-29,512400,,0.67,0.672,0.637,0.638,35178400.0,22807298.0,,,sina:512400
2019-04-30,512400,,0.638,0.646,0.634,0.645,21249600.0,13629493.0,,,sina:512400
2019-05-06,512400,,0.62,0.627,0.593,0.596,25620800.0,15686789.0,,,sina:512400
2019-05-07,512400,,0.601,0.608,0.596,0.604,17787200.0,10750986.0,,,sina:512400
2019-05-08,512400,,0.599,0.61,0.588,0.604,10489400.0,6313807.0,,,sina:512400
2019-05-09,512400,,0.606,0.607,0.598,0.601,12777400.0,7697651.0,,,sina:512400
2019-05-10,512400,,0.605,0.617,0.594,0.616,29132600.0,17724067.0,,,sina:512400
2019-05-13,512400,,0.605,0.612,0.603,0.606,15093000.0,9165966.0,,,sina:512400
2019-05-14,512400,,0.601,0.614,0.601,0.607,14081100.0,8569179.0,,,sina:512400
2019-05-15,512400,,0.611,0.615,0.608,0.614,9819300.0,6011142.0,,,sina:512400
2019-05-16,512400,,0.611,0.642,0.611,0.641,33210800.0,21059270.0,,,sina:512400
2019-05-17,512400,,0.642,0.645,0.608,0.611,93427600.0,58787657.0,,,sina:512400
2019-05-20,512400,,0.614,0.619,0.595,0.619,15941100.0,9685040.0,,,sina:512400
2019-05-21,512400,,0.621,0.646,0.612,0.642,36495100.0,23243074.0,,,sina:512400
2019-05-22,512400,,0.642,0.643,0.628,0.63,35633700.0,22621508.0,,,sina:512400
2019-05-23,512400,,0.628,0.631,0.616,0.618,15123900.0,9434904.0,,,sina:512400
2019-05-24,512400,,0.618,0.627,0.609,0.612,20283900.0,12549104.0,,,sina:512400
2019-05-27,512400,,0.615,0.629,0.609,0.629,11480500.0,7131662.0,,,sina:512400
2019-05-28,512400,,0.627,0.63,0.621,0.624,16060300.0,10051917.0,,,sina:512400
2019-05-29,512400,,0.625,0.642,0.625,0.636,89800800.0,56888219.0,,,sina:512400
2019-05-30,512400,,0.63,0.644,0.627,0.642,22186200.0,14146690.0,,,sina:512400
2019-05-31,512400,,0.641,0.656,0.637,0.651,25341900.0,16413325.0,,,sina:512400
2019-06-03,512400,,0.648,0.65,0.636,0.637,27780200.0,17842387.0,,,sina:512400
2019-06-04,512400,,0.637,0.645,0.624,0.628,8889300.0,5635271.0,,,sina:512400
2019-06-05,512400,,0.632,0.638,0.631,0.634,6413900.0,4070461.0,,,sina:512400
2019-06-06,512400,,0.632,0.637,0.626,0.63,6305800.0,3981770.0,,,sina:512400
2019-06-10,512400,,0.631,0.637,0.62,0.636,8117700.0,5120476.0,,,sina:512400
2019-06-11,512400,,0.636,0.656,0.631,0.653,27566100.0,17867497.0,,,sina:512400
2019-06-12,512400,,0.654,0.677,0.652,0.661,33497600.0,22295847.0,,,sina:512400
2019-06-13,512400,,0.659,0.665,0.652,0.66,11441300.0,7540869.0,,,sina:512400
2019-06-14,512400,,0.66,0.67,0.654,0.655,16143500.0,10659112.0,,,sina:512400
2019-06-17,512400,,0.65,0.668,0.65,0.662,8591600.0,5660898.0,,,sina:512400
2019-06-18,512400,,0.658,0.658,0.644,0.651,31203600.0,20299393.0,,,sina:512400
2019-06-19,512400,,0.66,0.662,0.651,0.652,29647600.0,19445812.0,,,sina:512400
2019-06-20,512400,,0.656,0.666,0.648,0.664,37710600.0,24853230.0,,,sina:512400
2019-06-21,512400,,0.664,0.683,0.661,0.675,35951700.0,24141442.0,,,sina:512400
2019-06-24,512400,,0.675,0.683,0.673,0.679,21297600.0,14418779.0,,,sina:512400
2019-06-25,512400,,0.681,0.685,0.671,0.682,18733700.0,12715798.0,,,sina:512400
2019-06-26,512400,,0.675,0.675,0.663,0.665,21633400.0,14425790.0,,,sina:512400
2019-06-27,512400,,0.663,0.669,0.663,0.668,11651600.0,7769164.0,,,sina:512400
2019-06-28,512400,,0.668,0.673,0.66,0.663,9825100.0,6561950.0,,,sina:512400
2019-07-01,512400,,0.666,0.673,0.66,0.673,20918100.0,13939320.0,,,sina:512400
2019-07-02,512400,,0.669,0.677,0.667,0.676,16674200.0,11210517.0,,,sina:512400
2019-07-03,512400,,0.682,0.684,0.671,0.672,10849400.0,7330050.0,,,sina:512400
2019-07-04,512400,,0.672,0.675,0.66,0.663,13076000.0,8746227.0,,,sina:512400
2019-07-05,512400,,0.663,0.667,0.66,0.665,7835700.0,5198947.0,,,sina:512400
2019-07-08,512400,,0.659,0.664,0.636,0.641,16040200.0,10344890.0,,,sina:512400
2019-07-09,512400,,0.635,0.642,0.635,0.642,3938700.0,2517225.0,,,sina:512400
2019-07-10,512400,,0.642,0.642,0.63,0.632,10224900.0,6496226.0,,,sina:512400
2019-07-11,512400,,0.639,0.648,0.638,0.643,13058800.0,8392807.0,,,sina:512400
2019-07-12,512400,,0.643,0.643,0.636,0.638,7570700.0,4833484.0,,,sina:512400
2019-07-15,512400,,0.638,0.649,0.631,0.642,256550000.0,164575825.0,,,sina:512400
2019-07-16,512400,,0.642,0.646,0.639,0.643,26527000.0,17056101.0,,,sina:512400
2019-07-17,512400,,0.642,0.644,0.632,0.642,17857700.0,11457223.0,,,sina:512400
2019-07-18,512400,,0.644,0.651,0.64,0.64,38266500.0,24723772.0,,,sina:512400
2019-07-19,512400,,0.646,0.657,0.645,0.653,25773200.0,16822522.0,,,sina:512400
2019-07-22,512400,,0.651,0.652,0.627,0.638,33866800.0,21568724.0,,,sina:512400
2019-07-23,512400,,0.634,0.638,0.632,0.637,35818000.0,22720621.0,,,sina:512400
2019-07-24,512400,,0.638,0.647,0.638,0.644,27160800.0,17457313.0,,,sina:512400
2019-07-25,512400,,0.644,0.644,0.639,0.642,19920600.0,12764739.0,,,sina:512400
2019-07-26,512400,,0.64,0.641,0.634,0.638,17225100.0,10973299.0,,,sina:512400
2019-07-29,512400,,0.639,0.64,0.636,0.637,12720500.0,8103769.0,,,sina:512400
2019-07-30,512400,,0.637,0.646,0.637,0.644,24983000.0,16061007.0,,,sina:512400
2019-07-31,512400,,0.644,0.648,0.637,0.646,15511100.0,9961375.0,,,sina:512400
2019-08-01,512400,,0.639,0.647,0.635,0.641,24477000.0,15706653.0,,,sina:512400
2019-08-02,512400,,0.637,0.647,0.637,0.644,24759900.0,15935601.0,,,sina:512400
2019-08-05,512400,,0.642,0.658,0.642,0.654,68198800.0,44452779.0,,,sina:512400
2019-08-06,512400,,0.649,0.654,0.633,0.636,60139400.0,38525708.0,,,sina:512400
2019-08-07,512400,,0.644,0.666,0.644,0.662,30334600.0,19928611.0,,,sina:512400
2019-08-08,512400,,0.669,0.675,0.658,0.661,16973000.0,11265729.0,,,sina:512400
2019-08-09,512400,,0.66,0.669,0.655,0.656,11325200.0,7505808.0,,,sina:512400
2019-08-12,512400,,0.655,0.655,0.645,0.651,24466500.0,15861654.0,,,sina:512400
2019-08-13,512400,,0.653,0.664,0.652,0.662,21230000.0,13965645.0,,,sina:512400
2019-08-14,512400,,0.653,0.66,0.65,0.658,111925299.0,73285242.0,,,sina:512400
2019-08-15,512400,,0.65,0.656,0.648,0.654,38709399.0,25231528.0,,,sina:512400
2019-08-16,512400,,0.655,0.662,0.652,0.657,60744299.0,39908743.0,,,sina:512400
2019-08-19,512400,,0.658,0.665,0.65,0.664,27896100.0,18398074.0,,,sina:512400
2019-08-20,512400,,0.662,0.674,0.658,0.671,35276599.0,23574350.0,,,sina:512400
2019-08-21,512400,,0.669,0.669,0.662,0.663,17038700.0,11311651.0,,,sina:512400
2019-08-22,512400,,0.661,0.662,0.653,0.662,24204200.0,15921969.0,,,sina:512400
2019-08-23,512400,,0.659,0.662,0.656,0.659,14518700.0,9563168.0,,,sina:512400
2019-08-26,512400,,0.661,0.666,0.66,0.663,17645100.0,11688840.0,,,sina:512400
2019-08-27,512400,,0.658,0.668,0.658,0.668,17249900.0,11460707.0,,,sina:512400
2019-08-28,512400,,0.666,0.669,0.662,0.664,11013400.0,7334929.0,,,sina:512400
2019-08-29,512400,,0.664,0.668,0.66,0.666,11768600.0,7810780.0,,,sina:512400
2019-08-30,512400,,0.662,0.669,0.661,0.666,13222500.0,8780041.0,,,sina:512400
2019-09-02,512400,,0.668,0.675,0.666,0.674,19762800.0,13252764.0,,,sina:512400
2019-09-03,512400,,0.675,0.675,0.671,0.675,12033200.0,8098962.0,,,sina:512400
2019-09-04,512400,,0.677,0.685,0.676,0.683,21224500.0,14436523.0,,,sina:512400
2019-09-05,512400,,0.694,0.7,0.684,0.69,40908100.0,28297132.0,,,sina:512400
2019-09-06,512400,,0.686,0.688,0.68,0.682,20015300.0,13675202.0,,,sina:512400
2019-09-09,512400,,0.684,0.693,0.681,0.693,15693800.0,10777063.0,,,sina:512400
2019-09-10,512400,,0.691,0.701,0.687,0.693,25757800.0,17865077.0,,,sina:512400
2019-09-11,512400,,0.697,0.697,0.688,0.689,17145100.0,11851093.0,,,sina:512400
2019-09-12,512400,,0.69,0.692,0.685,0.69,10879200.0,7485120.0,,,sina:512400
2019-09-16,512400,,0.693,0.694,0.688,0.694,12376400.0,8552187.0,,,sina:512400
2019-09-17,512400,,0.691,0.691,0.675,0.676,17762100.0,12109788.0,,,sina:512400
2019-09-18,512400,,0.677,0.679,0.672,0.673,7546500.0,5090247.0,,,sina:512400
2019-09-19,512400,,0.672,0.682,0.671,0.681,9049400.0,6122618.0,,,sina:512400
2019-09-20,512400,,0.681,0.682,0.678,0.682,7854700.0,5334407.0,,,sina:512400
2019-09-23,512400,,0.681,0.681,0.672,0.675,6377700.0,4312483.0,,,sina:512400
2019-09-24,512400,,0.676,0.679,0.672,0.679,6395800.0,4323629.0,,,sina:512400
2019-09-25,512400,,0.679,0.68,0.668,0.674,7275800.0,4896799.0,,,sina:512400
2019-09-26,512400,,0.673,0.674,0.651,0.653,16023500.0,10574783.0,,,sina:512400
2019-09-27,512400,,0.654,0.656,0.647,0.651,10303300.0,6715433.0,,,sina:512400
2019-09-30,512400,,0.651,0.653,0.643,0.643,5939100.0,3849141.0,,,sina:512400
2019-10-08,512400,,0.645,0.646,0.64,0.642,4745500.0,3050264.0,,,sina:512400
2019-10-09,512400,,0.642,0.649,0.64,0.649,6084200.0,3930563.0,,,sina:512400
2019-10-10,512400,,0.649,0.652,0.647,0.651,3156600.0,2051265.0,,,sina:512400
2019-10-11,512400,,0.65,0.65,0.643,0.648,8623400.0,5575647.0,,,sina:512400
2019-10-14,512400,,0.649,0.653,0.646,0.65,14963500.0,9732252.0,,,sina:512400
2019-10-15,512400,,0.649,0.65,0.638,0.638,14960600.0,9602331.0,,,sina:512400
2019-10-16,512400,,0.64,0.641,0.63,0.633,12690100.0,8071462.0,,,sina:512400
2019-10-17,512400,,0.633,0.635,0.63,0.633,8728700.0,5516366.0,,,sina:512400
2019-10-18,512400,,0.634,0.635,0.621,0.623,11220800.0,7036472.0,,,sina:512400
2019-10-21,512400,,0.623,0.625,0.615,0.62,7214400.0,4465379.0,,,sina:512400
2019-10-22,512400,,0.622,0.625,0.62,0.624,5578800.0,3471089.0,,,sina:512400
2019-10-23,512400,,0.625,0.625,0.618,0.621,6671200.0,4142809.0,,,sina:512400
2019-10-24,512400,,0.621,0.621,0.615,0.618,7954900.0,4916518.0,,,sina:512400
2019-10-25,512400,,0.619,0.623,0.616,0.621,5953500.0,3688203.0,,,sina:512400
2019-10-28,512400,,0.62,0.632,0.62,0.631,13739300.0,8608312.0,,,sina:512400
2019-10-29,512400,,0.629,0.63,0.621,0.621,9850600.0,6155111.0,,,sina:512400
2019-10-30,512400,,0.623,0.623,0.615,0.616,7621800.0,4707267.0,,,sina:512400
2019-10-31,512400,,0.617,0.619,0.613,0.613,8388500.0,5162661.0,,,sina:512400
2019-11-01,512400,,0.614,0.62,0.613,0.62,6136500.0,3788403.0,,,sina:512400
2019-11-04,512400,,0.62,0.625,0.619,0.623,7364800.0,4582903.0,,,sina:512400
2019-11-05,512400,,0.623,0.631,0.619,0.628,16607200.0,10398932.0,,,sina:512400
2019-11-06,512400,,0.626,0.635,0.623,0.628,17156100.0,10806320.0,,,sina:512400
2019-11-07,512400,,0.627,0.628,0.622,0.625,8043400.0,5025648.0,,,sina:512400
2019-11-08,512400,,0.627,0.63,0.621,0.622,8128700.0,5077716.0,,,sina:512400
2019-11-11,512400,,0.619,0.621,0.607,0.608,14919200.0,9157702.0,,,sina:512400
2019-11-12,512400,,0.608,0.611,0.6,0.603,10501600.0,6340864.0,,,sina:512400
2019-11-13,512400,,0.605,0.607,0.603,0.606,6920500.0,4185602.0,,,sina:512400
2019-11-14,512400,,0.605,0.605,0.601,0.605,4400800.0,2655537.0,,,sina:512400
2019-11-15,512400,,0.602,0.61,0.601,0.602,4892500.0,2959166.0,,,sina:512400
2019-11-18,512400,,0.601,0.606,0.598,0.605,5290600.0,3187876.0,,,sina:512400
2019-11-19,512400,,0.604,0.617,0.604,0.616,13556134.0,8306494.0,,,sina:512400
2019-11-20,512400,,0.616,0.623,0.614,0.62,14450511.0,8946490.0,,,sina:512400
2019-11-21,512400,,0.619,0.621,0.615,0.619,7552611.0,4670906.0,,,sina:512400
2019-11-22,512400,,0.619,0.627,0.618,0.623,17108266.0,10645936.0,,,sina:512400
2019-11-25,512400,,0.626,0.634,0.615,0.634,19529800.0,12278926.0,,,sina:512400
2019-11-26,512400,,0.635,0.635,0.624,0.632,19562677.0,12291081.0,,,sina:512400
2019-11-27,512400,,0.632,0.64,0.626,0.637,17403254.0,11045746.0,,,sina:512400
2019-11-28,512400,,0.638,0.638,0.629,0.63,4754500.0,3007820.0,,,sina:512400
2019-11-29,512400,,0.63,0.63,0.623,0.626,9188700.0,5737257.0,,,sina:512400
2019-12-02,512400,,0.625,0.629,0.623,0.627,6985977.0,4373326.0,,,sina:512400
2019-12-03,512400,,0.624,0.634,0.623,0.632,6719800.0,4226650.0,,,sina:512400
2019-12-04,512400,,0.63,0.646,0.63,0.644,16599200.0,10638497.0,,,sina:512400
2019-12-05,512400,,0.645,0.647,0.638,0.646,14222677.0,9132898.0,,,sina:512400
2019-12-06,512400,,0.644,0.646,0.642,0.644,9135800.0,5882910.0,,,sina:512400
2019-12-09,512400,,0.644,0.648,0.641,0.644,8152900.0,5254569.0,,,sina:512400
2019-12-10,512400,,0.644,0.655,0.643,0.65,16944800.0,11016771.0,,,sina:512400
2019-12-11,512400,,0.65,0.651,0.643,0.646,11875489.0,7674902.0,,,sina:512400
2019-12-12,512400,,0.649,0.652,0.645,0.645,13689589.0,8883217.0,,,sina:512400
2019-12-13,512400,,0.646,0.654,0.646,0.654,13223489.0,8587522.0,,,sina:512400
2019-12-16,512400,,0.655,0.657,0.648,0.656,20106700.0,13129699.0,,,sina:512400
2019-12-17,512400,,0.656,0.673,0.655,0.673,35941700.0,24031591.0,,,sina:512400
2019-12-18,512400,,0.673,0.674,0.667,0.673,32275600.0,21661649.0,,,sina:512400
2019-12-19,512400,,0.67,0.675,0.669,0.675,16300200.0,10949531.0,,,sina:512400
2019-12-20,512400,,0.672,0.677,0.663,0.666,17559000.0,11776176.0,,,sina:512400
2019-12-23,512400,,0.665,0.671,0.657,0.661,25716600.0,17098603.0,,,sina:512400
2019-12-24,512400,,0.661,0.694,0.661,0.692,57860900.0,39357632.0,,,sina:512400
2019-12-25,512400,,0.693,0.693,0.685,0.691,31005500.0,21372636.0,,,sina:512400
2019-12-26,512400,,0.689,0.7,0.689,0.698,37091300.0,25844624.0,,,sina:512400
2019-12-27,512400,,0.704,0.742,0.701,0.719,135993700.0,98421146.0,,,sina:512400
2019-12-30,512400,,0.716,0.727,0.708,0.726,123453900.0,88823362.0,,,sina:512400
2019-12-31,512400,,0.721,0.731,0.719,0.726,85030900.0,61589932.0,,,sina:512400
2020-01-02,512400,,0.738,0.741,0.727,0.736,75047900.0,55164689.0,,,sina:512400
2020-01-03,512400,,0.738,0.755,0.732,0.748,147440300.0,110167985.0,,,sina:512400
2020-01-06,512400,,0.755,0.777,0.755,0.775,145840077.0,111938460.0,,,sina:512400
2020-01-07,512400,,0.767,0.77,0.758,0.765,115490677.0,88171600.0,,,sina:512400
2020-01-08,512400,,0.775,0.788,0.76,0.765,130111900.0,100090221.0,,,sina:512400
2020-01-09,512400,,0.757,0.764,0.751,0.756,104383900.0,79102426.0,,,sina:512400
2020-01-10,512400,,0.754,0.756,0.745,0.752,58545234.0,43945625.0,,,sina:512400
2020-01-13,512400,,0.751,0.76,0.744,0.758,86224400.0,65037615.0,,,sina:512400
2020-01-14,512400,,0.76,0.785,0.76,0.776,142122200.0,110450040.0,,,sina:512400
2020-01-15,512400,,0.769,0.772,0.753,0.759,72846634.0,55338636.0,,,sina:512400
2020-01-16,512400,,0.755,0.765,0.751,0.755,39005700.0,29562729.0,,,sina:512400
2020-01-17,512400,,0.759,0.76,0.746,0.753,44619600.0,33592546.0,,,sina:512400
2020-01-20,512400,,0.751,0.758,0.744,0.757,63879200.0,48093574.0,,,sina:512400
2020-01-21,512400,,0.758,0.758,0.734,0.739,73396000.0,54386333.0,,,sina:512400
2020-01-22,512400,,0.732,0.751,0.722,0.744,114621200.0,84757101.0,,,sina:512400
2020-01-23,512400,,0.738,0.747,0.71,0.722,92491677.0,67697854.0,,,sina:512400
2020-02-03,512400,,0.65,0.671,0.65,0.65,36220377.0,23685229.0,,,sina:512400
2020-02-04,512400,,0.648,0.715,0.644,0.663,66170711.0,43446901.0,,,sina:512400
2020-02-05,512400,,0.664,0.693,0.66,0.682,63649500.0,43368432.0,,,sina:512400
2020-02-06,512400,,0.682,0.692,0.669,0.691,68889900.0,46812609.0,,,sina:512400
2020-02-07,512400,,0.682,0.689,0.672,0.684,48370500.0,32951621.0,,,sina:512400
2020-02-10,512400,,0.678,0.716,0.678,0.715,74137077.0,51701028.0,,,sina:512400
2020-02-11,512400,,0.715,0.723,0.703,0.711,72508977.0,51747789.0,,,sina:512400
2020-02-12,512400,,0.707,0.749,0.706,0.748,88841877.0,65138768.0,,,sina:512400
2020-02-13,512400,,0.749,0.764,0.74,0.747,126454583.0,95169484.0,,,sina:512400
2020-02-14,512400,,0.746,0.777,0.746,0.765,120267877.0,91727806.0,,,sina:512400
2020-02-17,512400,,0.769,0.783,0.759,0.781,105438200.0,81045355.0,,,sina:512400
2020-02-18,512400,,0.785,0.789,0.772,0.784,87452000.0,68382097.0,,,sina:512400
2020-02-19,512400,,0.78,0.78,0.763,0.766,101191894.0,77807973.0,,,sina:512400
2020-02-20,512400,,0.764,0.77,0.756,0.77,76691694.0,58613819.0,,,sina:512400
2020-02-21,512400,,0.772,0.786,0.771,0.783,121129800.0,94497432.0,,,sina:512400
2020-02-24,512400,,0.786,0.792,0.762,0.779,89748200.0,69362014.0,,,sina:512400
2020-02-25,512400,,0.76,0.786,0.756,0.784,96186500.0,74016881.0,,,sina:512400
2020-02-26,512400,,0.765,0.775,0.753,0.756,87090000.0,66650101.0,,,sina:512400
2020-02-27,512400,,0.757,0.763,0.749,0.754,43834100.0,33088336.0,,,sina:512400
2020-02-28,512400,,0.729,0.739,0.703,0.705,89167700.0,64164690.0,,,sina:512400
2020-03-02,512400,,0.709,0.729,0.706,0.726,47327600.0,33965986.0,,,sina:512400
2020-03-03,512400,,0.742,0.748,0.728,0.734,64397300.0,47630533.0,,,sina:512400
2020-03-04,512400,,0.734,0.746,0.73,0.745,60320500.0,44580996.0,,,sina:512400
2020-03-05,512400,,0.753,0.753,0.739,0.751,98620700.0,73668615.0,,,sina:512400
2020-03-06,512400,,0.746,0.759,0.743,0.75,59917300.0,45010577.0,,,sina:512400
2020-03-09,512400,,0.738,0.743,0.71,0.712,101504000.0,73431809.0,,,sina:512400
2020-03-10,512400,,0.701,0.722,0.69,0.722,71950300.0,50927781.0,,,sina:512400
2020-03-11,512400,,0.724,0.724,0.711,0.712,38969400.0,27965848.0,,,sina:512400
2020-03-12,512400,,0.703,0.703,0.686,0.693,48698500.0,33759130.0,,,sina:512400
2020-03-13,512400,,0.661,0.687,0.651,0.679,74994700.0,49732937.0,,,sina:512400
2020-03-16,512400,,0.679,0.685,0.648,0.65,57125734.0,38243929.0,,,sina:512400
2020-03-17,512400,,0.652,0.66,0.626,0.642,76257700.0,49002131.0,,,sina:512400
2020-03-18,512400,,0.646,0.653,0.628,0.63,38397200.0,24790003.0,,,sina:512400
2020-03-19,512400,,0.628,0.63,0.608,0.625,87409800.0,54127915.0,,,sina:512400
2020-03-20,512400,,0.628,0.636,0.617,0.636,49911400.0,31330970.0,,,sina:512400
2020-03-23,512400,,0.618,0.623,0.607,0.609,70942600.0,43612267.0,,,sina:512400
2020-03-24,512400,,0.63,0.638,0.62,0.637,84326300.0,53100486.0,,,sina:512400
2020-03-25,512400,,0.656,0.659,0.646,0.652,111748608.0,72676415.0,,,sina:512400
2020-03-26,512400,,0.646,0.651,0.638,0.644,44998212.0,29049559.0,,,sina:512400
2020-03-27,512400,,0.648,0.65,0.639,0.639,65136900.0,41890184.0,,,sina:512400
2020-03-30,512400,,0.633,0.633,0.619,0.624,38152300.0,23797403.0,,,sina:512400
2020-03-31,512400,,0.627,0.635,0.623,0.631,80984900.0,50991186.0,,,sina:512400
2020-04-01,512400,,0.628,0.646,0.625,0.642,65815912.0,41926164.0,,,sina:512400
2020-04-02,512400,,0.634,0.647,0.629,0.647,99303412.0,63379848.0,,,sina:512400
2020-04-03,512400,,0.645,0.65,0.638,0.639,75517100.0,48604841.0,,,sina:512400
2020-04-07,512400,,0.652,0.664,0.65,0.662,73768200.0,48526105.0,,,sina:512400
2020-04-08,512400,,0.657,0.672,0.656,0.666,56611900.0,37549186.0,,,sina:512400
2020-04-09,512400,,0.669,0.669,0.66,0.664,44079700.0,29239511.0,,,sina:512400
2020-04-10,512400,,0.671,0.673,0.652,0.652,48941992.0,32266884.0,,,sina:512400
2020-04-13,512400,,0.649,0.653,0.646,0.649,28318600.0,18395098.0,,,sina:512400
2020-04-14,512400,,0.654,0.675,0.654,0.674,70320892.0,46986550.0,,,sina:512400
2020-04-15,512400,,0.672,0.677,0.666,0.668,44198900.0,29724639.0,,,sina:512400
2020-04-16,512400,,0.662,0.67,0.659,0.668,29924600.0,19872532.0,,,sina:512400
2020-04-17,512400,,0.671,0.672,0.662,0.664,41307300.0,27549182.0,,,sina:512400
2020-04-20,512400,,0.662,0.665,0.657,0.665,27292800.0,18032325.0,,,sina:512400
2020-04-21,512400,,0.66,0.661,0.647,0.652,39028000.0,25463994.0,,,sina:512400
2020-04-22,512400,,0.645,0.655,0.645,0.654,30575272.0,19895465.0,,,sina:512400
2020-04-23,512400,,0.656,0.66,0.653,0.655,26037400.0,17098574.0,,,sina:512400
2020-04-24,512400,,0.654,0.66,0.649,0.653,26100600.0,17092393.0,,,sina:512400
2020-04-27,512400,,0.648,0.65,0.642,0.643,30651700.0,19781147.0,,,sina:512400
2020-04-28,512400,,0.64,0.642,0.618,0.632,36422100.0,22962168.0,,,sina:512400
2020-04-29,512400,,0.629,0.639,0.629,0.634,43901600.0,27894350.0,,,sina:512400
2020-04-30,512400,,0.638,0.651,0.636,0.651,40072300.0,25852470.0,,,sina:512400
2020-05-06,512400,,0.644,0.668,0.643,0.668,76199400.0,50238427.0,,,sina:512400
2020-05-07,512400,,0.663,0.668,0.66,0.664,37562600.0,24936281.0,,,sina:512400
2020-05-08,512400,,0.669,0.676,0.662,0.673,46169500.0,30888843.0,,,sina:512400
2020-05-11,512400,,0.674,0.674,0.66,0.663,52623000.0,35033227.0,,,sina:512400
2020-05-12,512400,,0.661,0.662,0.651,0.657,44550500.0,29250619.0,,,sina:512400
2020-05-13,512400,,0.653,0.663,0.652,0.66,29905700.0,19728860.0,,,sina:512400
2020-05-14,512400,,0.658,0.663,0.656,0.657,23934600.0,15796923.0,,,sina:512400
2020-05-15,512400,,0.66,0.668,0.658,0.666,41193800.0,27375945.0,,,sina:512400
2020-05-18,512400,,0.671,0.695,0.668,0.687,133296200.0,91349197.0,,,sina:512400
2020-05-19,512400,,0.686,0.686,0.677,0.681,83971400.0,57190989.0,,,sina:512400
2020-05-20,512400,,0.682,0.69,0.676,0.678,61633500.0,42175550.0,,,sina:512400
2020-05-21,512400,,0.68,0.681,0.665,0.668,49598800.0,33444126.0,,,sina:512400
2020-05-22,512400,,0.664,0.665,0.65,0.657,49828800.0,32677233.0,,,sina:512400
2020-05-25,512400,,0.655,0.656,0.645,0.65,41589084.0,27016149.0,,,sina:512400
2020-05-26,512400,,0.653,0.662,0.652,0.661,46964800.0,30933062.0,,,sina:512400
2020-05-27,512400,,0.659,0.661,0.653,0.659,38570800.0,25284696.0,,,sina:512400
2020-05-28,512400,,0.659,0.671,0.655,0.67,53290125.0,35378460.0,,,sina:512400
2020-05-29,512400,,0.664,0.674,0.664,0.673,34212400.0,22880833.0,,,sina:512400
2020-06-01,512400,,0.674,0.687,0.671,0.686,79810300.0,54249181.0,,,sina:512400
2020-06-02,512400,,0.686,0.69,0.682,0.685,45576025.0,31186282.0,,,sina:512400
2020-06-03,512400,,0.685,0.685,0.678,0.679,42221500.0,28766362.0,,,sina:512400
2020-06-04,512400,,0.677,0.684,0.677,0.682,29248600.0,19928502.0,,,sina:512400
2020-06-05,512400,,0.68,0.681,0.674,0.681,23739900.0,16081260.0,,,sina:512400
2020-06-08,512400,,0.683,0.692,0.681,0.687,48322800.0,33196046.0,,,sina:512400
2020-06-09,512400,,0.689,0.693,0.684,0.687,49056600.0,33743444.0,,,sina:512400
2020-06-10,512400,,0.688,0.69,0.68,0.682,34386200.0,23504161.0,,,sina:512400
2020-06-11,512400,,0.686,0.692,0.683,0.688,63892900.0,43970906.0,,,sina:512400
2020-06-12,512400,,0.675,0.683,0.671,0.681,37597800.0,25411802.0,,,sina:512400
2020-06-15,512400,,0.674,0.682,0.67,0.672,36023100.0,24313188.0,,,sina:512400
2020-06-16,512400,,0.674,0.695,0.674,0.694,67600900.0,46431632.0,,,sina:512400
2020-06-17,512400,,0.693,0.697,0.687,0.695,39054800.0,27054696.0,,,sina:512400
2020-06-18,512400,,0.695,0.702,0.689,0.699,62772700.0,43836531.0,,,sina:512400
2020-06-19,512400,,0.699,0.704,0.695,0.702,43587300.0,30503042.0,,,sina:512400
2020-06-22,512400,,0.708,0.716,0.705,0.707,59769302.0,42503092.0,,,sina:512400
2020-06-23,512400,,0.71,0.712,0.704,0.709,38153200.0,27016339.0,,,sina:512400
2020-06-24,512400,,0.711,0.714,0.706,0.709,42336700.0,30062685.0,,,sina:512400
2020-06-29,512400,,0.706,0.71,0.698,0.702,42862300.0,30098484.0,,,sina:512400
2020-06-30,512400,,0.702,0.71,0.701,0.708,41397316.0,29244429.0,,,sina:512400
2020-07-01,512400,,0.712,0.724,0.712,0.722,59657800.0,42838438.0,,,sina:512400
2020-07-02,512400,,0.724,0.731,0.714,0.73,187482600.0,136154550.0,,,sina:512400
2020-07-03,512400,,0.74,0.75,0.734,0.75,357357300.0,265658650.0,,,sina:512400
2020-07-06,512400,,0.775,0.825,0.75,0.818,909200200.0,706610139.0,,,sina:512400
2020-07-07,512400,,0.851,0.858,0.791,0.801,919889900.0,750999395.0,,,sina:512400
2020-07-08,512400,,0.802,0.843,0.792,0.842,706738245.0,582120278.0,,,sina:512400
2020-07-09,512400,,0.859,0.875,0.835,0.868,854394645.0,731607409.0,,,sina:512400
2020-07-10,512400,,0.852,0.858,0.836,0.84,491039507.0,416275069.0,,,sina:512400
2020-07-13,512400,,0.845,0.9,0.845,0.898,678690144.0,592751185.0,,,sina:512400
2020-07-14,512400,,0.882,0.882,0.846,0.863,905448485.0,783207213.0,,,sina:512400
2020-07-15,512400,,0.871,0.878,0.825,0.832,531510696.0,448597130.0,,,sina:512400
2020-07-16,512400,,0.835,0.849,0.795,0.801,486185661.0,400872852.0,,,sina:512400
2020-07-17,512400,,0.8,0.811,0.785,0.798,339159261.0,270146874.0,,,sina:512400
2020-07-20,512400,,0.806,0.846,0.802,0.845,583900334.0,482767699.0,,,sina:512400
2020-07-21,512400,,0.852,0.857,0.831,0.84,383120442.0,322813297.0,,,sina:512400
2020-07-22,512400,,0.87,0.879,0.847,0.852,598308355.0,514422992.0,,,sina:512400
2020-07-23,512400,,0.851,0.865,0.836,0.857,471511626.0,401749128.0,,,sina:512400
2020-07-24,512400,,0.853,0.861,0.816,0.822,528405256.0,443568748.0,,,sina:512400
2020-07-27,512400,,0.831,0.86,0.826,0.858,677015712.0,574815663.0,,,sina:512400
2020-07-28,512400,,0.882,0.891,0.846,0.851,741979111.0,644816816.0,,,sina:512400
2020-07-29,512400,,0.85,0.864,0.837,0.863,408818378.0,347450714.0,,,sina:512400
2020-07-30,512400,,0.864,0.868,0.848,0.851,337086178.0,288183950.0,,,sina:512400
2020-07-31,512400,,0.849,0.862,0.84,0.859,416077311.0,354492753.0,,,sina:512400
2020-08-03,512400,,0.86,0.877,0.85,0.875,511687445.0,442886965.0,,,sina:512400
2020-08-04,512400,,0.882,0.888,0.87,0.873,488805118.0,429384257.0,,,sina:512400
2020-08-05,512400,,0.882,0.905,0.869,0.899,650084640.0,578017792.0,,,sina:512400
2020-08-06,512400,,0.905,0.932,0.9,0.924,829661983.0,760483732.0,,,sina:512400
2020-08-07,512400,,0.931,0.939,0.895,0.912,878370684.0,808946212.0,,,sina:512400
2020-08-10,512400,,0.893,0.895,0.872,0.89,518284595.0,457975602.0,,,sina:512400
2020-08-11,512400,,0.885,0.889,0.852,0.86,622552649.0,544717416.0,,,sina:512400
2020-08-12,512400,,0.83,0.84,0.811,0.837,599235946.0,495989195.0,,,sina:512400
2020-08-13,512400,,0.839,0.841,0.83,0.833,224865471.0,187601874.0,,,sina:512400
2020-08-14,512400,,0.836,0.845,0.827,0.837,222586193.0,186173284.0,,,sina:512400
2020-08-17,512400,,0.837,0.868,0.831,0.866,410493993.0,350691671.0,,,sina:512400
2020-08-18,512400,,0.875,0.885,0.871,0.878,356603500.0,312678715.0,,,sina:512400
2020-08-19,512400,,0.882,0.885,0.868,0.873,344341595.0,301836251.0,,,sina:512400
2020-08-20,512400,,0.855,0.862,0.851,0.852,190317650.0,162782941.0,,,sina:512400
2020-08-21,512400,,0.855,0.861,0.845,0.85,120728755.0,103061224.0,,,sina:512400
2020-08-24,512400,,0.85,0.864,0.843,0.859,144188140.0,123431860.0,,,sina:512400
2020-08-25,512400,,0.86,0.863,0.84,0.845,194320837.0,164874924.0,,,sina:512400
2020-08-26,512400,,0.841,0.845,0.82,0.824,165543549.0,137554766.0,,,sina:512400
2020-08-27,512400,,0.83,0.834,0.823,0.833,83197500.0,68986725.0,,,sina:512400
2020-08-28,512400,,0.827,0.845,0.822,0.845,173687055.0,144958665.0,,,sina:512400
2020-08-31,512400,,0.85,0.872,0.85,0.857,288734368.0,248833975.0,,,sina:512400
2020-09-01,512400,,0.855,0.873,0.853,0.871,207058000.0,179134209.0,,,sina:512400
2020-09-02,512400,,0.869,0.869,0.847,0.852,213362300.0,182002267.0,,,sina:512400
2020-09-03,512400,,0.846,0.852,0.837,0.84,135541200.0,114330540.0,,,sina:512400
2020-09-04,512400,,0.829,0.837,0.826,0.837,100435800.0,83595720.0,,,sina:512400
2020-09-07,512400,,0.839,0.852,0.824,0.83,177068952.0,149144188.0,,,sina:512400
2020-09-08,512400,,0.83,0.836,0.814,0.834,142535000.0,117489039.0,,,sina:512400
2020-09-09,512400,,0.82,0.822,0.805,0.809,190684321.0,155176798.0,,,sina:512400
2020-09-10,512400,,0.82,0.825,0.803,0.806,139579021.0,113914997.0,,,sina:512400
2020-09-11,512400,,0.801,0.809,0.796,0.808,87699376.0,70382799.0,,,sina:512400
2020-09-14,512400,,0.81,0.829,0.81,0.823,155389468.0,127861259.0,,,sina:512400
2020-09-15,512400,,0.826,0.833,0.823,0.832,103721689.0,85942549.0,,,sina:512400
2020-09-16,512400,,0.827,0.83,0.82,0.824,74032400.0,60996991.0,,,sina:512400
2020-09-17,512400,,0.821,0.823,0.81,0.815,74934432.0,61121284.0,,,sina:512400
2020-09-18,512400,,0.815,0.84,0.814,0.838,156291800.0,129854561.0,,,sina:512400
2020-09-21,512400,,0.841,0.846,0.829,0.833,145194400.0,121486535.0,,,sina:512400
2020-09-22,512400,,0.817,0.824,0.807,0.81,189948687.0,154618611.0,,,sina:512400
2020-09-23,512400,,0.812,0.815,0.802,0.807,100550087.0,81161670.0,,,sina:512400
2020-09-24,512400,,0.798,0.799,0.772,0.775,267589400.0,209064230.0,,,sina:512400
2020-09-25,512400,,0.78,0.782,0.77,0.776,97528372.0,75585210.0,,,sina:512400
2020-09-28,512400,,0.776,0.778,0.77,0.774,84341100.0,65253190.0,,,sina:512400
2020-09-29,512400,,0.778,0.786,0.777,0.777,87591751.0,68470102.0,,,sina:512400
2020-09-30,512400,,0.779,0.78,0.765,0.771,87452700.0,67636961.0,,,sina:512400
2020-10-09,512400,,0.782,0.799,0.781,0.794,145560816.0,115178259.0,,,sina:512400
2020-10-12,512400,,0.804,0.817,0.796,0.816,207359830.0,167754177.0,,,sina:512400
2020-10-13,512400,,0.811,0.815,0.804,0.813,148136637.0,119902187.0,,,sina:512400
2020-10-14,512400,,0.806,0.808,0.801,0.805,91212426.0,73357175.0,,,sina:512400
2020-10-15,512400,,0.802,0.812,0.802,0.805,103011306.0,83178990.0,,,sina:512400
2020-10-16,512400,,0.808,0.811,0.797,0.802,77204000.0,61996810.0,,,sina:512400
2020-10-19,512400,,0.804,0.81,0.799,0.807,85386599.0,68710679.0,,,sina:512400
2020-10-20,512400,,0.801,0.808,0.794,0.808,100403099.0,80454303.0,,,sina:512400
2020-10-21,512400,,0.81,0.815,0.804,0.809,117913973.0,95454347.0,,,sina:512400
2020-10-22,512400,,0.807,0.808,0.796,0.806,61319200.0,49124383.0,,,sina:512400
2020-10-23,512400,,0.803,0.81,0.795,0.796,90469296.0,72449466.0,,,sina:512400
2020-10-26,512400,,0.793,0.798,0.785,0.794,79942385.0,63312308.0,,,sina:512400
2020-10-27,512400,,0.793,0.803,0.791,0.803,68137500.0,54510123.0,,,sina:512400
2020-10-28,512400,,0.802,0.815,0.798,0.813,117910468.0,95352053.0,,,sina:512400
2020-10-29,512400,,0.799,0.811,0.795,0.808,105182068.0,84557365.0,,,sina:512400
2020-10-30,512400,,0.805,0.809,0.786,0.787,122709116.0,97632496.0,,,sina:512400
2020-11-02,512400,,0.786,0.801,0.786,0.799,112511927.0,89561171.0,,,sina:512400
2020-11-03,512400,,0.804,0.842,0.804,0.839,321092571.0,266212592.0,,,sina:512400
2020-11-04,512400,,0.839,0.842,0.83,0.837,161290235.0,134872412.0,,,sina:512400
2020-11-05,512400,,0.844,0.852,0.836,0.851,197777903.0,167140661.0,,,sina:512400
2020-11-06,512400,,0.867,0.876,0.857,0.864,300416817.0,260177349.0,,,sina:512400
2020-11-09,512400,,0.871,0.903,0.871,0.897,309401956.0,274377744.0,,,sina:512400
2020-11-10,512400,,0.89,0.89,0.87,0.875,256894700.0,225522836.0,,,sina:512400
2020-11-11,512400,,0.871,0.881,0.864,0.866,176957600.0,154516039.0,,,sina:512400
2020-11-12,512400,,0.862,0.875,0.856,0.869,137169522.0,118921291.0,,,sina:512400
2020-11-13,512400,,0.872,0.888,0.87,0.881,199469231.0,175411403.0,,,sina:512400
2020-11-16,512400,,0.886,0.931,0.88,0.923,539064584.0,491346775.0,,,sina:512400
2020-11-17,512400,,0.918,0.927,0.898,0.908,387919534.0,354843719.0,,,sina:512400
2020-11-18,512400,,0.906,0.929,0.9,0.913,403873094.0,370092095.0,,,sina:512400
2020-11-19,512400,,0.91,0.91,0.888,0.9,303138062.0,271464454.0,,,sina:512400
2020-11-20,512400,,0.895,0.938,0.895,0.934,468817360.0,430621448.0,,,sina:512400
2020-11-23,512400,,0.943,0.981,0.939,0.964,563353301.0,541180330.0,,,sina:512400
2020-11-24,512400,,0.957,0.979,0.943,0.976,531107299.0,510882002.0,,,sina:512400
2020-11-25,512400,,0.975,0.983,0.944,0.949,607660450.0,583499200.0,,,sina:512400
2020-11-26,512400,,0.946,0.953,0.934,0.949,464300282.0,437282088.0,,,sina:512400
2020-11-27,512400,,0.951,0.953,0.923,0.945,512664713.0,480431027.0,,,sina:512400
2020-11-30,512400,,0.944,0.979,0.939,0.958,686371306.0,661024950.0,,,sina:512400
2020-12-01,512400,,0.948,0.967,0.94,0.966,349810653.0,334240368.0,,,sina:512400
2020-12-02,512400,,0.973,0.981,0.952,0.96,402740767.0,388993711.0,,,sina:512400
2020-12-03,512400,,0.949,0.957,0.929,0.93,511047834.0,478491147.0,,,sina:512400
2020-12-04,512400,,0.929,0.954,0.926,0.953,386174294.0,363517964.0,,,sina:512400
2020-12-07,512400,,0.948,0.96,0.94,0.944,249460062.0,236492072.0,,,sina:512400
2020-12-08,512400,,0.948,0.956,0.937,0.947,215322504.0,204155066.0,,,sina:512400
2020-12-09,512400,,0.948,0.962,0.933,0.935,209673939.0,198799909.0,,,sina:512400
2020-12-10,512400,,0.926,0.928,0.91,0.922,267519000.0,246128263.0,,,sina:512400
2020-12-11,512400,,0.937,0.943,0.898,0.912,344192100.0,316559274.0,,,sina:512400
2020-12-14,512400,,0.9,0.921,0.891,0.919,212899000.0,193302998.0,,,sina:512400
2020-12-15,512400,,0.912,0.92,0.903,0.917,201477800.0,183691704.0,,,sina:512400
2020-12-16,512400,,0.919,0.928,0.909,0.915,171697175.0,157626483.0,,,sina:512400
2020-12-17,512400,,0.915,0.958,0.912,0.958,462264815.0,434264691.0,,,sina:512400
2020-12-18,512400,,0.958,0.982,0.953,0.976,482171878.0,468310979.0,,,sina:512400
2020-12-21,512400,,0.98,1.005,0.973,1.004,338962379.0,335652823.0,,,sina:512400
2020-12-22,512400,,0.989,0.991,0.95,0.953,402057697.0,391571238.0,,,sina:512400
2020-12-23,512400,,0.947,0.984,0.947,0.97,260092506.0,251491926.0,,,sina:512400
2020-12-24,512400,,0.974,0.992,0.968,0.976,229058322.0,224012618.0,,,sina:512400
2020-12-25,512400,,0.968,1.028,0.965,1.027,450010551.0,452336048.0,,,sina:512400
2020-12-28,512400,,1.03,1.042,1.014,1.032,430394662.0,443547035.0,,,sina:512400
2020-12-29,512400,,1.024,1.027,0.975,0.976,526126088.0,522071333.0,,,sina:512400
2020-12-30,512400,,0.978,1.016,0.978,1.006,362243878.0,362376519.0,,,sina:512400
2020-12-31,512400,,1.002,1.03,1.0,1.019,273149969.0,277858135.0,,,sina:512400
2021-01-04,512400,,1.033,1.09,1.033,1.083,383451798.0,408128544.0,,,sina:512400
2021-01-05,512400,,1.08,1.101,1.062,1.091,366280933.0,396084968.0,,,sina:512400
2021-01-06,512400,,1.1,1.114,1.075,1.094,380999216.0,416900276.0,,,sina:512400
2021-01-07,512400,,1.089,1.145,1.085,1.137,559650170.0,630555678.0,,,sina:512400
2021-01-08,512400,,1.148,1.158,1.091,1.134,652510572.0,728586134.0,,,sina:512400
2021-01-11,512400,,1.12,1.138,1.08,1.09,619964801.0,687023041.0,,,sina:512400
2021-01-12,512400,,1.068,1.115,1.06,1.114,537076476.0,584372053.0,,,sina:512400
2021-01-13,512400,,1.113,1.144,1.071,1.081,531501423.0,585576169.0,,,sina:512400
2021-01-14,512400,,1.064,1.077,1.045,1.055,384074890.0,407038404.0,,,sina:512400
2021-01-15,512400,,1.06,1.074,1.033,1.065,404797718.0,428089898.0,,,sina:512400
2021-01-18,512400,,1.057,1.088,1.043,1.083,388604075.0,415974238.0,,,sina:512400
2021-01-19,512400,,1.078,1.085,1.037,1.045,448031674.0,474608077.0,,,sina:512400
2021-01-20,512400,,1.045,1.079,1.045,1.075,429659743.0,458175608.0,,,sina:512400
2021-01-21,512400,,1.076,1.126,1.071,1.116,483453118.0,534238000.0,,,sina:512400
2021-01-22,512400,,1.114,1.137,1.096,1.126,503377723.0,561849667.0,,,sina:512400
2021-01-25,512400,,1.123,1.173,1.12,1.14,466221683.0,534010936.0,,,sina:512400
2021-01-26,512400,,1.13,1.143,1.095,1.119,406340556.0,455053872.0,,,sina:512400
2021-01-27,512400,,1.115,1.122,1.076,1.11,393709674.0,432329744.0,,,sina:512400
2021-01-28,512400,,1.082,1.107,1.067,1.071,348722333.0,378466740.0,,,sina:512400
2021-01-29,512400,,1.088,1.095,1.035,1.059,304763028.0,324289529.0,,,sina:512400
2021-02-01,512400,,1.066,1.078,1.051,1.071,239628643.0,255617249.0,,,sina:512400
2021-02-02,512400,,1.078,1.106,1.064,1.102,291982289.0,316787785.0,,,sina:512400
2021-02-03,512400,,1.09,1.134,1.086,1.109,314843732.0,350061678.0,,,sina:512400
2021-02-04,512400,,1.1,1.103,1.046,1.063,361093250.0,386634047.0,,,sina:512400
2021-02-05,512400,,1.057,1.069,1.008,1.012,448465709.0,463597286.0,,,sina:512400
2021-02-08,512400,,1.019,1.057,1.006,1.054,370988900.0,384233345.0,,,sina:512400
2021-02-09,512400,,1.061,1.11,1.061,1.11,390226741.0,425561801.0,,,sina:512400
2021-02-10,512400,,1.109,1.139,1.091,1.134,322437907.0,360445157.0,,,sina:512400
2021-02-18,512400,,1.247,1.247,1.186,1.225,809245153.0,984142421.0,,,sina:512400
2021-02-19,512400,,1.205,1.232,1.173,1.223,747657283.0,902671641.0,,,sina:512400
2021-02-22,512400,,1.264,1.345,1.264,1.29,972670290.0,1272439009.0,,,sina:512400
2021-02-23,512400,,1.275,1.295,1.247,1.263,978830473.0,1247651947.0,,,sina:512400
2021-02-24,512400,,1.254,1.28,1.194,1.207,964092681.0,1187536024.0,,,sina:512400
2021-02-25,512400,,1.244,1.249,1.188,1.194,919292710.0,1118447505.0,,,sina:512400
2021-02-26,512400,,1.14,1.172,1.132,1.145,761276001.0,873628180.0,,,sina:512400
2021-03-01,512400,,1.146,1.186,1.139,1.185,735558574.0,853484515.0,,,sina:512400
2021-03-02,512400,,1.175,1.179,1.135,1.145,657258900.0,756263386.0,,,sina:512400
2021-03-03,512400,,1.151,1.189,1.145,1.188,675816885.0,791017801.0,,,sina:512400
2021-03-04,512400,,1.156,1.162,1.13,1.14,618130690.0,709338688.0,,,sina:512400
2021-03-05,512400,,1.1,1.114,1.077,1.101,616002308.0,676480740.0,,,sina:512400
2021-03-08,512400,,1.12,1.131,1.067,1.068,458039767.0,503611108.0,,,sina:512400
2021-03-09,512400,,1.06,1.087,1.016,1.049,608131357.0,642105557.0,,,sina:512400
2021-03-10,512400,,1.064,1.07,1.043,1.055,353902433.0,374352057.0,,,sina:512400
2021-03-11,512400,,1.06,1.122,1.051,1.121,737049642.0,808517071.0,,,sina:512400
2021-03-12,512400,,1.125,1.125,1.091,1.104,574593388.0,634735258.0,,,sina:512400
2021-03-15,512400,,1.097,1.129,1.088,1.109,515458500.0,572481087.0,,,sina:512400
2021-03-16,512400,,1.109,1.109,1.064,1.082,377773077.0,409150290.0,,,sina:512400
2021-03-17,512400,,1.065,1.093,1.051,1.089,330478900.0,356170229.0,,,sina:512400
2021-03-18,512400,,1.101,1.106,1.087,1.09,278526700.0,305027123.0,,,sina:512400
2021-03-19,512400,,1.06,1.077,1.05,1.065,275412715.0,293200399.0,,,sina:512400
2021-03-22,512400,,1.062,1.08,1.05,1.067,232808400.0,248262162.0,,,sina:512400
2021-03-23,512400,,1.071,1.072,1.018,1.025,342478000.0,354970468.0,,,sina:512400
2021-03-24,512400,,1.013,1.022,0.981,0.982,389936989.0,386747948.0,,,sina:512400
2021-03-25,512400,,0.98,1.001,0.98,0.991,351651184.0,348810818.0,,,sina:512400
2021-03-26,512400,,0.99,1.029,0.99,1.024,309883067.0,313500903.0,,,sina:512400
2021-03-29,512400,,1.029,1.033,1.01,1.021,226850360.0,231683753.0,,,sina:512400
2021-03-30,512400,,1.014,1.042,1.003,1.038,322448709.0,331338134.0,,,sina:512400
2021-03-31,512400,,1.028,1.028,1.002,1.01,207409767.0,209857482.0,,,sina:512400
2021-04-01,512400,,1.013,1.023,1.007,1.02,177296995.0,180175501.0,,,sina:512400
2021-04-02,512400,,1.023,1.033,1.012,1.03,258937261.0,265052084.0,,,sina:512400
2021-04-06,512400,,1.04,1.048,1.033,1.033,243281400.0,253112958.0,,,sina:512400
2021-04-07,512400,,1.033,1.048,1.021,1.047,291268327.0,301855181.0,,,sina:512400
2021-04-08,512400,,1.04,1.072,1.036,1.061,355504327.0,375954050.0,,,sina:512400
2021-04-09,512400,,1.062,1.072,1.05,1.057,280725144.0,297621572.0,,,sina:512400
2021-04-12,512400,,1.05,1.054,1.008,1.013,273608283.0,280798096.0,,,sina:512400
2021-04-13,512400,,1.006,1.014,0.996,1.007,203864345.0,205166058.0,,,sina:512400
2021-04-14,512400,,1.008,1.031,1.007,1.03,247670458.0,252814812.0,,,sina:512400
2021-04-15,512400,,1.034,1.048,1.021,1.045,333306500.0,344794615.0,,,sina:512400
2021-04-16,512400,,1.058,1.059,1.035,1.041,289628900.0,302896174.0,,,sina:512400
2021-04-19,512400,,1.035,1.08,1.026,1.078,389223372.0,412839133.0,,,sina:512400
2021-04-20,512400,,1.068,1.085,1.061,1.068,283289734.0,303623451.0,,,sina:512400
2021-04-21,512400,,1.055,1.067,1.047,1.063,197865448.0,209456784.0,,,sina:512400
2021-04-22,512400,,1.071,1.078,1.062,1.067,224014846.0,239553202.0,,,sina:512400
2021-04-23,512400,,1.058,1.08,1.056,1.076,242056846.0,259303417.0,,,sina:512400
2021-04-26,512400,,1.089,1.11,1.082,1.087,395464336.0,433734471.0,,,sina:512400
2021-04-27,512400,,1.092,1.102,1.069,1.088,287090099.0,312341640.0,,,sina:512400
2021-04-28,512400,,1.079,1.095,1.064,1.09,225389999.0,244101892.0,,,sina:512400
2021-04-29,512400,,1.096,1.108,1.078,1.102,319206861.0,349838811.0,,,sina:512400
2021-04-30,512400,,1.094,1.109,1.084,1.096,296634233.0,324675452.0,,,sina:512400
2021-05-06,512400,,1.116,1.133,1.1,1.126,367196676.0,411577776.0,,,sina:512400
2021-05-07,512400,,1.137,1.18,1.137,1.156,490613379.0,568755586.0,,,sina:512400
2021-05-10,512400,,1.18,1.218,1.171,1.217,524479038.0,626485567.0,,,sina:512400
2021-05-11,512400,,1.18,1.181,1.133,1.16,600563588.0,694248322.0,,,sina:512400
2021-05-12,512400,,1.15,1.173,1.144,1.166,403007778.0,468025370.0,,,sina:512400
2021-05-13,512400,,1.135,1.136,1.104,1.107,457650316.0,512547704.0,,,sina:512400
2021-05-14,512400,,1.107,1.116,1.089,1.115,435321666.0,481001722.0,,,sina:512400
2021-05-17,512400,,1.11,1.154,1.11,1.147,449347499.0,509747467.0,,,sina:512400
2021-05-18,512400,,1.16,1.176,1.152,1.159,339389800.0,394920630.0,,,sina:512400
2021-05-19,512400,,1.142,1.17,1.139,1.166,332269664.0,384679605.0,,,sina:512400
2021-05-20,512400,,1.133,1.144,1.119,1.131,322596810.0,364711566.0,,,sina:512400
2021-05-21,512400,,1.128,1.152,1.123,1.136,297712921.0,338406630.0,,,sina:512400
2021-05-24,512400,,1.13,1.142,1.121,1.128,233083631.0,263152657.0,,,sina:512400
2021-05-25,512400,,1.132,1.142,1.112,1.141,372817145.0,421913323.0,,,sina:512400
2021-05-26,512400,,1.138,1.156,1.133,1.153,431557800.0,494863441.0,,,sina:512400
2021-05-27,512400,,1.15,1.152,1.141,1.151,263113906.0,301687158.0,,,sina:512400
2021-05-28,512400,,1.171,1.182,1.162,1.168,436402795.0,512076157.0,,,sina:512400
2021-05-31,512400,,1.18,1.203,1.177,1.198,319481554.0,381657210.0,,,sina:512400
2021-06-01,512400,,1.191,1.202,1.173,1.199,290876751.0,345489635.0,,,sina:512400
2021-06-02,512400,,1.192,1.21,1.177,1.182,328058415.0,390756699.0,,,sina:512400
2021-06-03,512400,,1.18,1.204,1.173,1.184,279496415.0,331973689.0,,,sina:512400
2021-06-04,512400,,1.156,1.193,1.15,1.179,236795715.0,277538928.0,,,sina:512400
2021-06-07,512400,,1.176,1.189,1.166,1.174,154238755.0,181600291.0,,,sina:512400
2021-06-08,512400,,1.171,1.185,1.142,1.146,235350228.0,272573718.0,,,sina:512400
2021-06-09,512400,,1.152,1.16,1.142,1.15,185610382.0,213634786.0,,,sina:512400
2021-06-10,512400,,1.148,1.164,1.147,1.159,188192298.0,217637710.0,,,sina:512400
2021-06-11,512400,,1.156,1.169,1.137,1.163,336600800.0,389493079.0,,,sina:512400
2021-06-15,512400,,1.157,1.158,1.115,1.12,253804500.0,285930071.0,,,sina:512400
2021-06-16,512400,,1.11,1.112,1.068,1.071,328406961.0,356784873.0,,,sina:512400
2021-06-17,512400,,1.061,1.085,1.061,1.076,194625466.0,209744341.0,,,sina:512400
2021-06-18,512400,,1.061,1.1,1.051,1.1,252221981.0,271857071.0,,,sina:512400
2021-06-21,512400,,1.089,1.104,1.083,1.091,169510752.0,185415133.0,,,sina:512400
2021-06-22,512400,,1.096,1.105,1.083,1.097,161298700.0,176532041.0,,,sina:512400
2021-06-23,512400,,1.097,1.122,1.094,1.117,206523241.0,229262832.0,,,sina:512400
2021-06-24,512400,,1.122,1.124,1.102,1.109,136218300.0,151322654.0,,,sina:512400
2021-06-25,512400,,1.111,1.144,1.108,1.139,212868310.0,240123581.0,,,sina:512400
2021-06-28,512400,,1.137,1.144,1.123,1.129,147719939.0,167460104.0,,,sina:512400
2021-06-29,512400,,1.129,1.135,1.109,1.111,133879707.0,149774577.0,,,sina:512400
2021-06-30,512400,,1.111,1.135,1.11,1.13,166912300.0,188219418.0,,,sina:512400
2021-07-01,512400,,1.131,1.134,1.109,1.11,153060575.0,171470387.0,,,sina:512400
2021-07-02,512400,,1.106,1.139,1.103,1.124,248024499.0,279217439.0,,,sina:512400
2021-07-05,512400,,1.131,1.185,1.131,1.183,365088152.0,426678586.0,,,sina:512400
2021-07-06,512400,,1.19,1.203,1.163,1.19,304826267.0,361449830.0,,,sina:512400
2021-07-07,512400,,1.172,1.23,1.158,1.228,344730380.0,415468356.0,,,sina:512400
2021-07-08,512400,,1.231,1.257,1.229,1.23,315549697.0,392711639.0,,,sina:512400
2021-07-09,512400,,1.23,1.312,1.223,1.31,334209856.0,425442862.0,,,sina:512400
2021-07-12,512400,,1.334,1.366,1.316,1.347,385251732.0,517883360.0,,,sina:512400
2021-07-13,512400,,1.349,1.351,1.318,1.347,288102701.0,384449407.0,,,sina:512400
2021-07-14,512400,,1.33,1.333,1.293,1.3,250297145.0,327683371.0,,,sina:512400
2021-07-15,512400,,1.296,1.347,1.276,1.34,263092704.0,345655163.0,,,sina:512400
2021-07-16,512400,,1.33,1.381,1.324,1.343,313234920.0,424474797.0,,,sina:512400
2021-07-19,512400,,1.336,1.378,1.322,1.331,279174774.0,377218125.0,,,sina:512400
2021-07-20,512400,,1.304,1.343,1.302,1.334,225678409.0,299526619.0,,,sina:512400
2021-07-21,512400,,1.346,1.402,1.339,1.401,231924169.0,318911138.0,,,sina:512400
2021-07-22,512400,,1.41,1.438,1.391,1.43,223601110.0,316250491.0,,,sina:512400
2021-07-23,512400,,1.43,1.48,1.419,1.43,272718600.0,394266970.0,,,sina:512400
2021-07-26,512400,,1.441,1.46,1.39,1.448,318917144.0,457922870.0,,,sina:512400
2021-07-27,512400,,1.458,1.494,1.366,1.376,472127858.0,681074065.0,,,sina:512400
2021-07-28,512400,,1.348,1.384,1.308,1.341,312985042.0,421834757.0,,,sina:512400
2021-07-29,512400,,1.376,1.428,1.363,1.425,276700514.0,385511045.0,,,sina:512400
2021-07-30,512400,,1.425,1.45,1.396,1.44,290038153.0,412797801.0,,,sina:512400
2021-08-02,512400,,1.457,1.477,1.396,1.442,287315878.0,412739798.0,,,sina:512400
2021-08-03,512400,,1.418,1.429,1.346,1.357,274049449.0,379305984.0,,,sina:512400
2021-08-04,512400,,1.358,1.428,1.352,1.425,239847851.0,334413191.0,,,sina:512400
2021-08-05,512400,,1.402,1.424,1.378,1.401,167145955.0,233799311.0,,,sina:512400
2021-08-06,512400,,1.425,1.458,1.413,1.45,223728900.0,322211924.0,,,sina:512400
2021-08-09,512400,,1.419,1.427,1.384,1.421,227880000.0,320838678.0,,,sina:512400
2021-08-10,512400,,1.409,1.437,1.382,1.41,196513800.0,277400380.0,,,sina:512400
2021-08-11,512400,,1.413,1.449,1.404,1.435,264750638.0,377993368.0,,,sina:512400
2021-08-12,512400,,1.435,1.475,1.424,1.467,235774385.0,342514591.0,,,sina:512400
2021-08-13,512400,,1.454,1.5,1.439,1.48,252206167.0,372570652.0,,,sina:512400
2021-08-16,512400,,1.472,1.475,1.411,1.417,252529223.0,362125769.0,,,sina:512400
2021-08-17,512400,,1.414,1.446,1.39,1.402,196161000.0,278997878.0,,,sina:512400
2021-08-18,512400,,1.401,1.44,1.383,1.415,187657743.0,264490447.0,,,sina:512400
2021-08-19,512400,,1.398,1.438,1.371,1.424,161021168.0,225686088.0,,,sina:512400
2021-08-20,512400,,1.407,1.434,1.39,1.419,170748468.0,241104033.0,,,sina:512400
2021-08-23,512400,,1.43,1.47,1.417,1.46,150978800.0,218215799.0,,,sina:512400
2021-08-24,512400,,1.463,1.523,1.462,1.5,175325617.0,262784630.0,,,sina:512400
2021-08-25,512400,,1.5,1.526,1.466,1.523,163817700.0,245891076.0,,,sina:512400
2021-08-26,512400,,1.523,1.566,1.515,1.542,190627900.0,294339262.0,,,sina:512400
2021-08-27,512400,,1.537,1.599,1.521,1.591,222824000.0,349242969.0,,,sina:512400
2021-08-30,512400,,1.599,1.659,1.594,1.639,282256632.0,458906961.0,,,sina:512400
2021-08-31,512400,,1.63,1.675,1.601,1.671,327819700.0,537192449.0,,,sina:512400
2021-09-01,512400,,1.676,1.7,1.548,1.556,520159259.0,836803798.0,,,sina:512400
2021-09-02,512400,,1.532,1.605,1.532,1.588,260362511.0,409758016.0,,,sina:512400
2021-09-03,512400,,1.572,1.603,1.514,1.53,265539900.0,412210465.0,,,sina:512400
2021-09-06,512400,,1.54,1.551,1.489,1.548,241175200.0,367730707.0,,,sina:512400
2021-09-07,512400,,1.542,1.594,1.531,1.581,204375300.0,319968096.0,,,sina:512400
2021-09-08,512400,,1.57,1.608,1.565,1.581,200295200.0,317564354.0,,,sina:512400
2021-09-09,512400,,1.578,1.634,1.578,1.631,278846700.0,447521010.0,,,sina:512400
2021-09-10,512400,,1.634,1.696,1.622,1.67,249574000.0,414686367.0,,,sina:512400
2021-09-13,512400,,1.692,1.717,1.658,1.715,247439284.0,419109136.0,,,sina:512400
2021-09-14,512400,,1.678,1.7,1.637,1.654,250268328.0,417154741.0,,,sina:512400
2021-09-15,512400,,1.641,1.676,1.628,1.668,185911361.0,308419346.0,,,sina:512400
2021-09-16,512400,,1.676,1.688,1.587,1.592,249524771.0,406741096.0,,,sina:512400
2021-09-17,512400,,1.574,1.599,1.496,1.542,246640657.0,382734313.0,,,sina:512400
2021-09-22,512400,,1.512,1.552,1.512,1.544,168736500.0,259404215.0,,,sina:512400
2021-09-23,512400,,1.56,1.57,1.533,1.546,227783000.0,353390299.0,,,sina:512400
2021-09-24,512400,,1.549,1.567,1.489,1.493,144075100.0,219062905.0,,,sina:512400
2021-09-27,512400,,1.48,1.484,1.39,1.408,208898600.0,297500981.0,,,sina:512400
2021-09-28,512400,,1.4,1.415,1.387,1.4,237989700.0,333411991.0,,,sina:512400
2021-09-29,512400,,1.382,1.394,1.336,1.346,215265629.0,293079475.0,,,sina:512400
2021-09-30,512400,,1.356,1.382,1.352,1.378,186551975.0,255741613.0,,,sina:512400
2021-10-08,512400,,1.407,1.415,1.355,1.367,230362109.0,315560884.0,,,sina:512400
2021-10-11,512400,,1.373,1.394,1.351,1.388,123234460.0,170005030.0,,,sina:512400
2021-10-12,512400,,1.382,1.388,1.323,1.346,133094720.0,179769431.0,,,sina:512400
2021-10-13,512400,,1.342,1.37,1.337,1.365,132169500.0,178696403.0,,,sina:512400
2021-10-14,512400,,1.371,1.411,1.369,1.401,187931646.0,262276904.0,,,sina:512400
2021-10-15,512400,,1.401,1.419,1.386,1.412,132002744.0,185437152.0,,,sina:512400
2021-10-18,512400,,1.425,1.452,1.405,1.452,198315281.0,283978209.0,,,sina:512400
2021-10-19,512400,,1.443,1.454,1.425,1.452,134248000.0,193598597.0,,,sina:512400
2021-10-20,512400,,1.419,1.463,1.411,1.444,160085885.0,230807008.0,,,sina:512400
2021-10-21,512400,,1.456,1.48,1.447,1.46,144011462.0,210848434.0,,,sina:512400
2021-10-22,512400,,1.446,1.457,1.406,1.412,144506449.0,206577050.0,,,sina:512400
2021-10-25,512400,,1.405,1.437,1.392,1.435,121274900.0,171852457.0,,,sina:512400
2021-10-26,512400,,1.441,1.463,1.438,1.443,114382300.0,165958793.0,,,sina:512400
2021-10-27,512400,,1.44,1.45,1.415,1.426,84557000.0,120989179.0,,,sina:512400
2021-10-28,512400,,1.41,1.423,1.365,1.369,145314639.0,201787840.0,,,sina:512400
2021-10-29,512400,,1.374,1.387,1.363,1.38,120004900.0,165318711.0,,,sina:512400
2021-11-01,512400,,1.376,1.387,1.351,1.361,117000800.0,159762557.0,,,sina:512400
2021-11-02,512400,,1.369,1.38,1.327,1.345,166043900.0,224750519.0,,,sina:512400
2021-11-03,512400,,1.342,1.343,1.312,1.341,131392700.0,174521342.0,,,sina:512400
2021-11-04,512400,,1.339,1.348,1.33,1.346,113955299.0,152615438.0,,,sina:512400
2021-11-05,512400,,1.34,1.365,1.332,1.333,143192400.0,193256144.0,,,sina:512400
2021-11-08,512400,,1.339,1.392,1.339,1.39,185812309.0,254836404.0,,,sina:512400
2021-11-09,512400,,1.396,1.398,1.38,1.394,114464500.0,158789594.0,,,sina:512400
2021-11-10,512400,,1.39,1.39,1.343,1.367,138889658.0,189270360.0,,,sina:512400
2021-11-11,512400,,1.363,1.378,1.356,1.376,117573300.0,160929965.0,,,sina:512400
2021-11-12,512400,,1.379,1.394,1.373,1.377,137889800.0,190487739.0,,,sina:512400
2021-11-15,512400,,1.376,1.376,1.336,1.344,107360254.0,144590771.0,,,sina:512400
2021-11-16,512400,,1.337,1.347,1.318,1.321,102303000.0,136111519.0,,,sina:512400
2021-11-17,512400,,1.316,1.355,1.316,1.354,132155255.0,177565889.0,,,sina:512400
2021-11-18,512400,,1.348,1.387,1.338,1.371,145641724.0,198653918.0,,,sina:512400
2021-11-19,512400,,1.365,1.385,1.36,1.384,129378679.0,177909545.0,,,sina:512400
2021-11-22,512400,,1.388,1.427,1.386,1.426,177897751.0,251576919.0,,,sina:512400
2021-11-23,512400,,1.436,1.441,1.422,1.423,190338207.0,272228885.0,,,sina:512400
2021-11-24,512400,,1.423,1.452,1.421,1.446,169067900.0,243059531.0,,,sina:512400
2021-11-25,512400,,1.45,1.46,1.438,1.444,114856064.0,166563197.0,,,sina:512400
2021-11-26,512400,,1.438,1.477,1.431,1.458,110552807.0,161442855.0,,,sina:512400
2021-11-29,512400,,1.43,1.468,1.426,1.466,114802007.0,166788879.0,,,sina:512400
2021-11-30,512400,,1.481,1.486,1.445,1.452,92089507.0,134635285.0,,,sina:512400
2021-12-01,512400,,1.452,1.458,1.427,1.445,95784868.0,138148715.0,,,sina:512400
2021-12-02,512400,,1.443,1.456,1.428,1.445,96003500.0,138552488.0,,,sina:512400
2021-12-03,512400,,1.445,1.463,1.428,1.46,98232864.0,142312347.0,,,sina:512400
2021-12-06,512400,,1.46,1.466,1.436,1.438,99062667.0,144089960.0,,,sina:512400
2021-12-07,512400,,1.449,1.453,1.401,1.422,126685877.0,180161706.0,,,sina:512400
2021-12-08,512400,,1.426,1.448,1.424,1.446,98087277.0,141090244.0,,,sina:512400
2021-12-09,512400,,1.448,1.453,1.436,1.445,97773500.0,141255767.0,,,sina:512400
2021-12-10,512400,,1.435,1.46,1.431,1.459,96177783.0,139549423.0,,,sina:512400
2021-12-13,512400,,1.46,1.46,1.435,1.46,108319932.0,156936317.0,,,sina:512400
2021-12-14,512400,,1.454,1.454,1.414,1.417,151615400.0,216157243.0,,,sina:512400
2021-12-15,512400,,1.415,1.423,1.386,1.391,130718500.0,183259876.0,,,sina:512400
2021-12-16,512400,,1.391,1.405,1.378,1.403,105089102.0,146428550.0,,,sina:512400
2021-12-17,512400,,1.403,1.418,1.386,1.388,117658377.0,164828754.0,,,sina:512400
2021-12-20,512400,,1.38,1.397,1.346,1.348,124866900.0,170711827.0,,,sina:512400
2021-12-21,512400,,1.345,1.356,1.336,1.352,78094600.0,105155726.0,,,sina:512400
2021-12-22,512400,,1.356,1.362,1.345,1.35,86110400.0,116504611.0,,,sina:512400
2021-12-23,512400,,1.364,1.367,1.349,1.354,108507799.0,147038285.0,,,sina:512400
2021-12-24,512400,,1.356,1.361,1.3,1.302,179490983.0,236816470.0,,,sina:512400
2021-12-27,512400,,1.302,1.313,1.289,1.299,211993400.0,276316816.0,,,sina:512400
2021-12-28,512400,,1.3,1.339,1.3,1.338,147518400.0,194915368.0,,,sina:512400
2021-12-29,512400,,1.335,1.353,1.328,1.329,105302630.0,141262149.0,,,sina:512400
2021-12-30,512400,,1.331,1.342,1.327,1.331,85553800.0,114027303.0,,,sina:512400
2021-12-31,512400,,1.334,1.354,1.332,1.349,114154100.0,153460029.0,,,sina:512400
2022-01-04,512400,,1.356,1.359,1.309,1.319,108206900.0,143745872.0,,,sina:512400
2022-01-05,512400,,1.309,1.317,1.28,1.284,113673800.0,147134506.0,,,sina:512400
2022-01-06,512400,,1.278,1.306,1.274,1.301,106150600.0,136778799.0,,,sina:512400
2022-01-07,512400,,1.295,1.299,1.262,1.27,120315500.0,153646292.0,,,sina:512400
2022-01-10,512400,,1.27,1.29,1.263,1.282,100123818.0,128260882.0,,,sina:512400
2022-01-11,512400,,1.28,1.292,1.273,1.278,87135000.0,111688055.0,,,sina:512400
2022-01-12,512400,,1.301,1.33,1.299,1.329,204972400.0,269715138.0,,,sina:512400
2022-01-13,512400,,1.333,1.335,1.298,1.298,168777200.0,221974865.0,,,sina:512400
2022-01-14,512400,,1.295,1.303,1.283,1.299,93541500.0,120836935.0,,,sina:512400
2022-01-17,512400,,1.293,1.293,1.273,1.287,107531770.0,137956689.0,,,sina:512400
2022-01-18,512400,,1.287,1.305,1.278,1.297,92991490.0,120373818.0,,,sina:512400
2022-01-19,512400,,1.293,1.297,1.256,1.265,118393600.0,150652933.0,,,sina:512400
2022-01-20,512400,,1.269,1.283,1.25,1.255,102771908.0,130308503.0,,,sina:512400
2022-01-21,512400,,1.252,1.274,1.241,1.265,144439292.0,182414126.0,,,sina:512400
2022-01-24,512400,,1.255,1.294,1.247,1.284,134478900.0,170954027.0,,,sina:512400
2022-01-25,512400,,1.276,1.293,1.252,1.253,107837300.0,137771159.0,,,sina:512400
2022-01-26,512400,,1.262,1.275,1.246,1.261,87507900.0,110487387.0,,,sina:512400
2022-01-27,512400,,1.266,1.273,1.229,1.231,86647200.0,108470895.0,,,sina:512400
2022-01-28,512400,,1.232,1.24,1.181,1.202,116287600.0,140039086.0,,,sina:512400
2022-02-07,512400,,1.23,1.262,1.228,1.244,127394700.0,158893676.0,,,sina:512400
2022-02-08,512400,,1.247,1.247,1.208,1.244,93166890.0,114580674.0,,,sina:512400
2022-02-09,512400,,1.25,1.288,1.248,1.288,152478700.0,193781262.0,,,sina:512400
2022-02-10,512400,,1.292,1.307,1.282,1.298,156156600.0,202472875.0,,,sina:512400
2022-02-11,512400,,1.296,1.33,1.283,1.295,180623921.0,236215993.0,,,sina:512400
2022-02-14,512400,,1.288,1.323,1.288,1.307,129328400.0,168981148.0,,,sina:512400
2022-02-15,512400,,1.31,1.32,1.289,1.318,125346441.0,163797610.0,,,sina:512400
2022-02-16,512400,,1.319,1.34,1.312,1.325,114848180.0,152222092.0,,,sina:512400
2022-02-17,512400,,1.321,1.375,1.318,1.372,162428500.0,220018943.0,,,sina:512400
2022-02-18,512400,,1.364,1.372,1.355,1.367,116308400.0,158495316.0,,,sina:512400
2022-02-21,512400,,1.369,1.376,1.347,1.361,136879500.0,186337037.0,,,sina:512400
2022-02-22,512400,,1.377,1.393,1.365,1.392,138800400.0,191387261.0,,,sina:512400
2022-02-23,512400,,1.385,1.399,1.377,1.397,130435100.0,181387868.0,,,sina:512400
2022-02-24,512400,,1.389,1.403,1.363,1.381,106051807.0,147183797.0,,,sina:512400
2022-02-25,512400,,1.39,1.418,1.381,1.399,119056700.0,166893592.0,,,sina:512400
2022-02-28,512400,,1.402,1.431,1.4,1.431,113690236.0,160972760.0,,,sina:512400
2022-03-01,512400,,1.431,1.431,1.382,1.397,163215713.0,228494940.0,,,sina:512400
2022-03-02,512400,,1.396,1.424,1.391,1.416,189256897.0,266570977.0,,,sina:512400
2022-03-03,512400,,1.425,1.435,1.41,1.412,224401100.0,319437340.0,,,sina:512400
2022-03-04,512400,,1.406,1.419,1.377,1.385,139688600.0,195141408.0,,,sina:512400
2022-03-07,512400,,1.395,1.407,1.37,1.381,100036769.0,139077105.0,,,sina:512400
2022-03-08,512400,,1.381,1.381,1.288,1.303,200121862.0,266081029.0,,,sina:512400
2022-03-09,512400,,1.297,1.297,1.219,1.266,213075800.0,269154468.0,,,sina:512400
2022-03-10,512400,,1.278,1.306,1.266,1.288,139846464.0,179457421.0,,,sina:512400
2022-03-11,512400,,1.268,1.287,1.241,1.283,84747400.0,106767483.0,,,sina:512400
2022-03-14,512400,,1.26,1.268,1.231,1.232,73471261.0,91904517.0,,,sina:512400
2022-03-15,512400,,1.217,1.229,1.17,1.171,130055700.0,156187800.0,,,sina:512400
2022-03-16,512400,,1.198,1.226,1.15,1.219,151951500.0,181341472.0,,,sina:512400
2022-03-17,512400,,1.235,1.26,1.233,1.238,104136700.0,129591040.0,,,sina:512400
2022-03-18,512400,,1.228,1.251,1.225,1.247,77559100.0,95870639.0,,,sina:512400
2022-03-21,512400,,1.262,1.284,1.242,1.274,81301300.0,103074200.0,,,sina:512400
2022-03-22,512400,,1.271,1.298,1.26,1.281,90248905.0,115870066.0,,,sina:512400
2022-03-23,512400,,1.281,1.286,1.267,1.275,74451900.0,94984435.0,,,sina:512400
2022-03-24,512400,,1.277,1.3,1.267,1.292,124933400.0,160226879.0,,,sina:512400
2022-03-25,512400,,1.289,1.304,1.27,1.273,98034000.0,126333471.0,,,sina:512400
2022-03-28,512400,,1.259,1.274,1.234,1.256,94068400.0,118048255.0,,,sina:512400
2022-03-29,512400,,1.255,1.268,1.246,1.256,82452100.0,103822908.0,,,sina:512400
2022-03-30,512400,,1.261,1.276,1.249,1.275,83351600.0,105361066.0,,,sina:512400
2022-03-31,512400,,1.274,1.274,1.235,1.246,79812400.0,99922036.0,,,sina:512400
2022-04-01,512400,,1.238,1.265,1.231,1.254,87458395.0,109315040.0,,,sina:512400
2022-04-06,512400,,1.248,1.252,1.226,1.247,78163000.0,96541152.0,,,sina:512400
2022-04-07,512400,,1.237,1.254,1.231,1.234,77227700.0,95712390.0,,,sina:512400
2022-04-08,512400,,1.23,1.249,1.216,1.239,82739400.0,102321206.0,,,sina:512400
2022-04-11,512400,,1.231,1.231,1.169,1.175,90826800.0,108200088.0,,,sina:512400
2022-04-12,512400,,1.169,1.195,1.164,1.194,145111600.0,171304848.0,,,sina:512400
2022-04-13,512400,,1.192,1.239,1.185,1.229,158910800.0,193475983.0,,,sina:512400
2022-04-14,512400,,1.23,1.241,1.217,1.235,100323900.0,123342804.0,,,sina:512400
2022-04-15,512400,,1.216,1.226,1.197,1.204,94223400.0,114163501.0,,,sina:512400
2022-04-18,512400,,1.193,1.199,1.168,1.196,98874600.0,116994504.0,,,sina:512400
2022-04-19,512400,,1.2,1.214,1.196,1.201,95149700.0,114645796.0,,,sina:512400
2022-04-20,512400,,1.2,1.2,1.151,1.152,177776400.0,207098071.0,,,sina:512400
2022-04-21,512400,,1.152,1.158,1.099,1.104,123464931.0,139140076.0,,,sina:512400
2022-04-22,512400,,1.092,1.108,1.076,1.098,122551100.0,134102602.0,,,sina:512400
2022-04-25,512400,,1.07,1.072,1.003,1.007,181658100.0,187801880.0,,,sina:512400
2022-04-26,512400,,1.004,1.012,0.968,0.975,145175463.0,144110241.0,,,sina:512400
2022-04-27,512400,,0.96,1.06,0.959,1.054,167902300.0,168613498.0,,,sina:512400
2022-04-28,512400,,1.046,1.07,1.037,1.047,92782100.0,97502409.0,,,sina:512400
2022-04-29,512400,,1.054,1.102,1.05,1.1,105581600.0,113296402.0,,,sina:512400
2022-05-05,512400,,1.1,1.11,1.082,1.098,66764900.0,73192707.0,,,sina:512400
2022-05-06,512400,,1.064,1.071,1.048,1.057,90972472.0,96337638.0,,,sina:512400
2022-05-09,512400,,1.046,1.069,1.043,1.062,135406800.0,142907103.0,,,sina:512400
2022-05-10,512400,,1.041,1.075,1.033,1.074,412729872.0,439409655.0,,,sina:512400
2022-05-11,512400,,1.069,1.115,1.064,1.098,522163916.0,564143324.0,,,sina:512400
2022-05-12,512400,,1.083,1.097,1.074,1.086,204990370.0,223319414.0,,,sina:512400
2022-05-13,512400,,1.09,1.095,1.074,1.091,140132972.0,152252381.0,,,sina:512400
2022-05-16,512400,,1.099,1.115,1.09,1.094,92395099.0,101571220.0,,,sina:512400
2022-05-17,512400,,1.094,1.134,1.093,1.129,120191760.0,134290612.0,,,sina:512400
2022-05-18,512400,,1.132,1.135,1.119,1.124,93791861.0,105597087.0,,,sina:512400
2022-05-19,512400,,1.107,1.136,1.096,1.136,94787200.0,106134838.0,,,sina:512400
2022-05-20,512400,,1.149,1.172,1.136,1.17,138074000.0,159550558.0,,,sina:512400
2022-05-23,512400,,1.175,1.203,1.166,1.199,114448818.0,135650112.0,,,sina:512400
2022-05-24,512400,,1.194,1.204,1.154,1.157,104156818.0,123273068.0,,,sina:512400
2022-05-25,512400,,1.154,1.173,1.145,1.168,93901700.0,108949814.0,,,sina:512400
2022-05-26,512400,,1.169,1.179,1.14,1.17,85910500.0,99891367.0,,,sina:512400
2022-05-27,512400,,1.179,1.185,1.153,1.165,109597200.0,128635530.0,,,sina:512400
2022-05-30,512400,,1.165,1.178,1.16,1.17,73929800.0,86482851.0,,,sina:512400
2022-05-31,512400,,1.17,1.18,1.149,1.179,98575884.0,114956461.0,,,sina:512400
2022-06-01,512400,,1.166,1.168,1.15,1.163,149822700.0,173659434.0,,,sina:512400
2022-06-02,512400,,1.159,1.187,1.153,1.18,118271498.0,139067490.0,,,sina:512400
2022-06-06,512400,,1.18,1.245,1.18,1.242,122606169.0,149391363.0,,,sina:512400
2022-06-07,512400,,1.242,1.252,1.227,1.241,82690357.0,102437160.0,,,sina:512400
2022-06-08,512400,,1.244,1.276,1.232,1.268,145876348.0,183535183.0,,,sina:512400
2022-06-09,512400,,1.255,1.268,1.24,1.253,101841385.0,127912861.0,,,sina:512400
2022-06-10,512400,,1.237,1.286,1.235,1.284,83364482.0,104950453.0,,,sina:512400
2022-06-13,512400,,1.271,1.323,1.269,1.31,151107579.0,196827136.0,,,sina:512400
2022-06-14,512400,,1.287,1.302,1.256,1.301,105357297.0,135120338.0,,,sina:512400
2022-06-15,512400,,1.299,1.318,1.284,1.293,108479000.0,141074467.0,,,sina:512400
2022-06-16,512400,,1.293,1.313,1.285,1.292,95096250.0,123672357.0,,,sina:512400
2022-06-17,512400,,1.283,1.333,1.28,1.333,149149382.0,196381304.0,,,sina:512400
2022-06-20,512400,,1.335,1.336,1.302,1.319,123268986.0,162196035.0,,,sina:512400
2022-06-21,512400,,1.312,1.312,1.253,1.269,161599600.0,206444390.0,,,sina:512400
2022-06-22,512400,,1.267,1.286,1.262,1.262,107099451.0,136346053.0,,,sina:512400
2022-06-23,512400,,1.263,1.286,1.236,1.285,106173734.0,134217511.0,,,sina:512400
2022-06-24,512400,,1.276,1.282,1.264,1.277,135041050.0,172093474.0,,,sina:512400
2022-06-27,512400,,1.272,1.339,1.27,1.322,163639009.0,214464983.0,,,sina:512400
2022-06-28,512400,,1.322,1.346,1.313,1.345,106791400.0,141798793.0,,,sina:512400
2022-06-29,512400,,1.34,1.34,1.287,1.288,148928421.0,195227034.0,,,sina:512400
2022-06-30,512400,,1.292,1.323,1.291,1.314,114627728.0,150417925.0,,,sina:512400
2022-07-01,512400,,1.314,1.349,1.3,1.342,187867089.0,249559551.0,,,sina:512400
2022-07-04,512400,,1.324,1.366,1.324,1.361,98489463.0,132820211.0,,,sina:512400
2022-07-05,512400,,1.361,1.381,1.348,1.376,126987904.0,173344673.0,,,sina:512400
2022-07-06,512400,,1.353,1.361,1.321,1.337,103199540.0,138505539.0,,,sina:512400
2022-07-07,512400,,1.335,1.356,1.321,1.348,76123493.0,101878890.0,,,sina:512400
2022-07-08,512400,,1.353,1.366,1.335,1.338,88000548.0,119032900.0,,,sina:512400
2022-07-11,512400,,1.329,1.332,1.269,1.282,96067287.0,123947302.0,,,sina:512400
2022-07-12,512400,,1.279,1.298,1.258,1.265,81061300.0,103615382.0,,,sina:512400
2022-07-13,512400,,1.259,1.274,1.237,1.271,109490826.0,137432727.0,,,sina:512400
2022-07-14,512400,,1.26,1.283,1.248,1.271,79900773.0,100970312.0,,,sina:512400
2022-07-15,512400,,1.262,1.287,1.246,1.249,85908213.0,109148617.0,,,sina:512400
2022-07-18,512400,,1.25,1.269,1.24,1.269,76920608.0,96716090.0,,,sina:512400
2022-07-19,512400,,1.264,1.284,1.254,1.264,98701050.0,125286841.0,,,sina:512400
2022-07-20,512400,,1.27,1.29,1.27,1.278,71699916.0,91741535.0,,,sina:512400
2022-07-21,512400,,1.277,1.277,1.251,1.255,116167851.0,146588183.0,,,sina:512400
2022-07-22,512400,,1.255,1.263,1.235,1.252,97917156.0,122498477.0,,,sina:512400
2022-07-25,512400,,1.252,1.264,1.24,1.241,76471089.0,95747210.0,,,sina:512400
2022-07-26,512400,,1.244,1.278,1.244,1.267,86798100.0,109511167.0,,,sina:512400
2022-07-27,512400,,1.265,1.271,1.247,1.267,79061250.0,99486632.0,,,sina:512400
2022-07-28,512400,,1.274,1.277,1.259,1.265,75754500.0,96028977.0,,,sina:512400
2022-07-29,512400,,1.266,1.274,1.254,1.255,74215100.0,93803636.0,,,sina:512400
2022-08-01,512400,,1.255,1.278,1.242,1.277,73876265.0,92956089.0,,,sina:512400
2022-08-02,512400,,1.261,1.261,1.223,1.231,103815400.0,128753141.0,,,sina:512400
2022-08-03,512400,,1.232,1.257,1.215,1.223,87390400.0,108555284.0,,,sina:512400
2022-08-04,512400,,1.224,1.249,1.216,1.233,75998000.0,93757686.0,,,sina:512400
2022-08-05,512400,,1.238,1.27,1.228,1.269,109738400.0,136762356.0,,,sina:512400
2022-08-08,512400,,1.258,1.281,1.251,1.273,92678700.0,117397664.0,,,sina:512400
2022-08-09,512400,,1.277,1.291,1.268,1.285,87376166.0,111838342.0,,,sina:512400
2022-08-10,512400,,1.289,1.306,1.276,1.287,97559900.0,126169656.0,,,sina:512400
2022-08-11,512400,,1.293,1.295,1.268,1.292,80415782.0,102984562.0,,,sina:512400
2022-08-12,512400,,1.288,1.307,1.284,1.291,85010400.0,110166505.0,,,sina:512400
2022-08-15,512400,,1.29,1.319,1.287,1.314,112502049.0,147048077.0,,,sina:512400
2022-08-16,512400,,1.316,1.316,1.291,1.295,71074801.0,92464839.0,,,sina:512400
2022-08-17,512400,,1.297,1.298,1.265,1.28,113508199.0,144952305.0,,,sina:512400
2022-08-18,512400,,1.273,1.287,1.269,1.271,76690000.0,97868166.0,,,sina:512400
2022-08-19,512400,,1.265,1.271,1.241,1.242,82575700.0,103845953.0,,,sina:512400
2022-08-22,512400,,1.241,1.295,1.228,1.293,150692600.0,190530063.0,,,sina:512400
2022-08-23,512400,,1.289,1.294,1.273,1.286,123130100.0,157743556.0,,,sina:512400
2022-08-24,512400,,1.289,1.298,1.246,1.25,102767600.0,130626793.0,,,sina:512400
2022-08-25,512400,,1.248,1.261,1.229,1.25,113654300.0,141453891.0,,,sina:512400
2022-08-26,512400,,1.25,1.28,1.245,1.257,103681028.0,130623167.0,,,sina:512400
2022-08-29,512400,,1.238,1.255,1.231,1.248,106996224.0,132996419.0,,,sina:512400
2022-08-30,512400,,1.247,1.249,1.23,1.237,97162180.0,120206717.0,,,sina:512400
2022-08-31,512400,,1.231,1.242,1.188,1.194,103109000.0,124674791.0,,,sina:512400
2022-09-01,512400,,1.194,1.201,1.18,1.181,87168320.0,103736097.0,,,sina:512400
2022-09-02,512400,,1.185,1.193,1.165,1.172,86657708.0,101836977.0,,,sina:512400
2022-09-05,512400,,1.167,1.181,1.165,1.177,77431500.0,90806453.0,,,sina:512400
2022-09-06,512400,,1.18,1.215,1.179,1.214,123402400.0,148021764.0,,,sina:512400
2022-09-07,512400,,1.201,1.237,1.2,1.231,81782758.0,100017019.0,,,sina:512400
2022-09-08,512400,,1.229,1.235,1.218,1.219,69131800.0,84724004.0,,,sina:512400
2022-09-09,512400,,1.224,1.251,1.222,1.251,84457700.0,104723980.0,,,sina:512400
2022-09-13,512400,,1.255,1.27,1.251,1.256,141126600.0,177722228.0,,,sina:512400
2022-09-14,512400,,1.235,1.258,1.232,1.238,82377600.0,102320766.0,,,sina:512400
2022-09-15,512400,,1.244,1.253,1.191,1.198,105066100.0,128063927.0,,,sina:512400
2022-09-16,512400,,1.194,1.197,1.158,1.159,102482800.0,119967915.0,,,sina:512400
2022-09-19,512400,,1.157,1.174,1.14,1.158,82593900.0,95933695.0,,,sina:512400
2022-09-20,512400,,1.169,1.205,1.168,1.195,89673400.0,106625536.0,,,sina:512400
2022-09-21,512400,,1.19,1.208,1.181,1.204,89429900.0,106816547.0,,,sina:512400
2022-09-22,512400,,1.195,1.213,1.191,1.203,89156900.0,107073022.0,,,sina:512400
2022-09-23,512400,,1.197,1.199,1.16,1.173,87312600.0,103024242.0,,,sina:512400
2022-09-26,512400,,1.152,1.171,1.14,1.145,82806400.0,95555941.0,,,sina:512400
2022-09-27,512400,,1.146,1.149,1.118,1.146,85649566.0,97158439.0,,,sina:512400
2022-09-28,512400,,1.137,1.138,1.082,1.084,112900800.0,124357870.0,,,sina:512400
2022-09-29,512400,,1.1,1.11,1.091,1.098,128962400.0,141890257.0,,,sina:512400
2022-09-30,512400,,1.094,1.112,1.087,1.088,72018500.0,79139851.0,,,sina:512400
2022-10-10,512400,,1.088,1.098,1.062,1.067,76394207.0,82575513.0,,,sina:512400
2022-10-11,512400,,1.072,1.088,1.068,1.082,89347965.0,96416999.0,,,sina:512400
2022-10-12,512400,,1.079,1.104,1.051,1.103,82047000.0,88482081.0,,,sina:512400
2022-10-13,512400,,1.089,1.103,1.087,1.089,50895600.0,55687409.0,,,sina:512400
2022-10-14,512400,,1.099,1.123,1.092,1.121,69293600.0,76677021.0,,,sina:512400
2022-10-17,512400,,1.107,1.117,1.096,1.114,81942992.0,90732894.0,,,sina:512400
2022-10-18,512400,,1.119,1.124,1.106,1.109,45004300.0,50090997.0,,,sina:512400
2022-10-19,512400,,1.111,1.123,1.098,1.099,53203500.0,59053519.0,,,sina:512400
2022-10-20,512400,,1.09,1.099,1.073,1.087,70826500.0,76713346.0,,,sina:512400
2022-10-21,512400,,1.09,1.093,1.068,1.075,51843600.0,56211205.0,,,sina:512400
2022-10-24,512400,,1.083,1.104,1.066,1.073,61909983.0,67481594.0,,,sina:512400
2022-10-25,512400,,1.073,1.083,1.042,1.071,68129283.0,72175928.0,,,sina:512400
2022-10-26,512400,,1.07,1.093,1.069,1.082,54548193.0,58868157.0,,,sina:512400
2022-10-27,512400,,1.089,1.108,1.087,1.089,59658600.0,65504989.0,,,sina:512400
2022-10-28,512400,,1.08,1.08,1.047,1.05,60467100.0,64269188.0,,,sina:512400
2022-10-31,512400,,1.038,1.056,1.033,1.04,64383300.0,67036036.0,,,sina:512400
2022-11-01,512400,,1.045,1.086,1.044,1.086,60086699.0,64173493.0,,,sina:512400
2022-11-02,512400,,1.081,1.11,1.078,1.103,78588700.0,86061586.0,,,sina:512400
2022-11-03,512400,,1.088,1.105,1.082,1.094,47920900.0,52531086.0,,,sina:512400
2022-11-04,512400,,1.096,1.148,1.094,1.147,79698000.0,89655435.0,,,sina:512400
2022-11-07,512400,,1.174,1.185,1.164,1.174,156162600.0,183407073.0,,,sina:512400
2022-11-08,512400,,1.166,1.181,1.16,1.177,118307800.0,138838486.0,,,sina:512400
2022-11-09,512400,,1.198,1.205,1.171,1.173,117917155.0,139614901.0,,,sina:512400
2022-11-10,512400,,1.158,1.16,1.143,1.148,85045141.0,97831966.0,,,sina:512400
2022-11-11,512400,,1.196,1.205,1.173,1.18,140456000.0,166475297.0,,,sina:512400
2022-11-14,512400,,1.19,1.192,1.15,1.159,108377100.0,127177611.0,,,sina:512400
2022-11-15,512400,,1.147,1.174,1.142,1.174,93974700.0,109220750.0,,,sina:512400
2022-11-16,512400,,1.174,1.175,1.156,1.158,81065900.0,94332576.0,,,sina:512400
2022-11-17,512400,,1.153,1.154,1.127,1.141,72477300.0,82623644.0,,,sina:512400
2022-11-18,512400,,1.137,1.139,1.121,1.124,85405500.0,96526571.0,,,sina:512400
2022-11-21,512400,,1.11,1.125,1.101,1.125,59778100.0,66737110.0,,,sina:512400
2022-11-22,512400,,1.125,1.131,1.111,1.116,63537692.0,71201986.0,,,sina:512400
2022-11-23,512400,,1.115,1.127,1.11,1.122,51546800.0,57737408.0,,,sina:512400
2022-11-24,512400,,1.13,1.142,1.124,1.128,86998400.0,98380112.0,,,sina:512400
2022-11-25,512400,,1.126,1.132,1.117,1.121,58075300.0,65182551.0,,,sina:512400
2022-11-28,512400,,1.099,1.109,1.087,1.104,59388000.0,65262114.0,,,sina:512400
2022-11-29,512400,,1.102,1.125,1.102,1.124,75535000.0,84245279.0,,,sina:512400
2022-11-30,512400,,1.117,1.137,1.117,1.128,68196788.0,76817883.0,,,sina:512400
2022-12-01,512400,,1.147,1.158,1.144,1.149,141964674.0,163572715.0,,,sina:512400
2022-12-02,512400,,1.145,1.148,1.129,1.132,75149634.0,85436786.0,,,sina:512400
2022-12-05,512400,,1.139,1.155,1.133,1.154,124500400.0,142879864.0,,,sina:512400
2022-12-06,512400,,1.145,1.158,1.133,1.156,77613126.0,89018682.0,,,sina:512400
2022-12-07,512400,,1.148,1.163,1.141,1.148,131009634.0,150751756.0,,,sina:512400
2022-12-08,512400,,1.145,1.157,1.139,1.146,65272900.0,75033034.0,,,sina:512400
2022-12-09,512400,,1.144,1.175,1.142,1.173,102844865.0,119184770.0,,,sina:512400
2022-12-12,512400,,1.166,1.166,1.132,1.137,99675800.0,113868621.0,,,sina:512400
2022-12-13,512400,,1.133,1.148,1.132,1.138,56211200.0,64095638.0,,,sina:512400
2022-12-14,512400,,1.141,1.15,1.132,1.135,66684400.0,76100480.0,,,sina:512400
2022-12-15,512400,,1.133,1.142,1.116,1.141,75990700.0,85706276.0,,,sina:512400
2022-12-16,512400,,1.129,1.129,1.107,1.115,66926600.0,74807311.0,,,sina:512400
2022-12-19,512400,,1.114,1.137,1.099,1.104,73003500.0,81602926.0,,,sina:512400
2022-12-20,512400,,1.101,1.102,1.084,1.089,47923100.0,52394153.0,,,sina:512400
2022-12-21,512400,,1.094,1.102,1.081,1.082,84796000.0,92672965.0,,,sina:512400
2022-12-22,512400,,1.088,1.093,1.06,1.063,49095900.0,52803121.0,,,sina:512400
2022-12-23,512400,,1.052,1.063,1.05,1.059,57232800.0,60435781.0,,,sina:512400
2022-12-26,512400,,1.052,1.073,1.05,1.073,87922500.0,93346840.0,,,sina:512400
2022-12-27,512400,,1.073,1.088,1.072,1.087,52219500.0,56443052.0,,,sina:512400
2022-12-28,512400,,1.081,1.087,1.066,1.077,49420200.0,53231944.0,,,sina:512400
2022-12-29,512400,,1.072,1.082,1.07,1.071,45353000.0,48745080.0,,,sina:512400
2022-12-30,512400,,1.076,1.079,1.063,1.063,50519000.0,54065254.0,,,sina:512400
2023-01-03,512400,,1.063,1.093,1.056,1.092,58673578.0,63002878.0,,,sina:512400
2023-01-04,512400,,1.083,1.088,1.068,1.073,50607500.0,54544630.0,,,sina:512400
2023-01-05,512400,,1.076,1.097,1.076,1.086,64975639.0,70582978.0,,,sina:512400
2023-01-06,512400,,1.084,1.113,1.081,1.103,79027700.0,86961478.0,,,sina:512400
2023-01-09,512400,,1.109,1.139,1.107,1.135,107401800.0,121090161.0,,,sina:512400
2023-01-10,512400,,1.131,1.143,1.123,1.136,105619100.0,119772711.0,,,sina:512400
2023-01-11,512400,,1.137,1.15,1.129,1.131,109052400.0,124420476.0,,,sina:512400
2023-01-12,512400,,1.141,1.158,1.137,1.138,78561000.0,90044545.0,,,sina:512400
2023-01-13,512400,,1.143,1.156,1.135,1.145,76207600.0,87268513.0,,,sina:512400
2023-01-16,512400,,1.145,1.162,1.143,1.155,80654600.0,92996588.0,,,sina:512400
2023-01-17,512400,,1.156,1.157,1.143,1.152,76791455.0,88241949.0,,,sina:512400
2023-01-18,512400,,1.152,1.172,1.152,1.161,106314900.0,123433128.0,,,sina:512400
2023-01-19,512400,,1.163,1.17,1.157,1.168,96271300.0,112000652.0,,,sina:512400
2023-01-20,512400,,1.168,1.215,1.168,1.205,152824900.0,183095497.0,,,sina:512400
2023-01-30,512400,,1.226,1.239,1.213,1.215,141318300.0,173046473.0,,,sina:512400
2023-01-31,512400,,1.214,1.228,1.209,1.221,128610200.0,157239637.0,,,sina:512400
2023-02-01,512400,,1.229,1.26,1.227,1.257,185783100.0,232279369.0,,,sina:512400
2023-02-02,512400,,1.258,1.259,1.238,1.246,210107362.0,261824839.0,,,sina:512400
2023-02-03,512400,,1.24,1.24,1.209,1.229,162598700.0,198736239.0,,,sina:512400
2023-02-06,512400,,1.211,1.213,1.194,1.204,111053400.0,133419142.0,,,sina:512400
2023-02-07,512400,,1.203,1.215,1.2,1.211,79691500.0,96250284.0,,,sina:512400
2023-02-08,512400,,1.213,1.222,1.205,1.205,87648400.0,106334976.0,,,sina:512400
2023-02-09,512400,,1.203,1.212,1.195,1.211,151107500.0,182502292.0,,,sina:512400
2023-02-10,512400,,1.211,1.211,1.183,1.193,106520282.0,127057934.0,,,sina:512400
2023-02-13,512400,,1.183,1.196,1.18,1.192,131380200.0,156311047.0,,,sina:512400
2023-02-14,512400,,1.193,1.21,1.192,1.202,107561600.0,129296661.0,,,sina:512400
2023-02-15,512400,,1.202,1.21,1.186,1.189,121260600.0,145189492.0,,,sina:512400
2023-02-16,512400,,1.186,1.19,1.15,1.159,377122200.0,445377442.0,,,sina:512400
2023-02-17,512400,,1.16,1.173,1.153,1.155,186555500.0,217236187.0,,,sina:512400
2023-02-20,512400,,1.153,1.177,1.147,1.177,102770500.0,119368798.0,,,sina:512400
2023-02-21,512400,,1.179,1.205,1.177,1.204,437565515.0,522296565.0,,,sina:512400
2023-02-22,512400,,1.196,1.197,1.183,1.187,123877700.0,147562171.0,,,sina:512400
2023-02-23,512400,,1.187,1.195,1.183,1.195,89497638.0,106492709.0,,,sina:512400
2023-02-24,512400,,1.193,1.195,1.167,1.175,104542615.0,123056194.0,,,sina:512400
2023-02-27,512400,,1.167,1.18,1.162,1.166,98554023.0,115233432.0,,,sina:512400
2023-02-28,512400,,1.17,1.172,1.156,1.17,71845700.0,83657448.0,,,sina:512400
2023-03-01,512400,,1.171,1.186,1.165,1.186,128668200.0,151635757.0,,,sina:512400
2023-03-02,512400,,1.183,1.184,1.167,1.168,191196850.0,224006053.0,,,sina:512400
2023-03-03,512400,,1.166,1.171,1.158,1.167,82999410.0,96672058.0,,,sina:512400
2023-03-06,512400,,1.168,1.171,1.149,1.167,133963700.0,155385205.0,,,sina:512400
2023-03-07,512400,,1.163,1.178,1.155,1.156,138564000.0,161778566.0,,,sina:512400
2023-03-08,512400,,1.149,1.15,1.139,1.146,87041800.0,99593327.0,,,sina:512400
2023-03-09,512400,,1.151,1.157,1.142,1.146,83574100.0,96039863.0,,,sina:512400
2023-03-10,512400,,1.14,1.14,1.126,1.128,123514562.0,139702504.0,,,sina:512400
2023-03-13,512400,,1.127,1.142,1.122,1.138,96618691.0,109441943.0,,,sina:512400
2023-03-14,512400,,1.139,1.15,1.117,1.133,119702991.0,135801455.0,,,sina:512400
2023-03-15,512400,,1.133,1.138,1.128,1.129,59760800.0,67728025.0,,,sina:512400
2023-03-16,512400,,1.119,1.119,1.089,1.093,136468600.0,150663932.0,,,sina:512400
2023-03-17,512400,,1.099,1.111,1.095,1.1,111044700.0,122321097.0,,,sina:512400
2023-03-20,512400,,1.105,1.116,1.099,1.111,89142290.0,98652211.0,,,sina:512400
2023-03-21,512400,,1.114,1.127,1.105,1.126,84106600.0,93839506.0,,,sina:512400
2023-03-22,512400,,1.127,1.134,1.117,1.122,71714000.0,80569079.0,,,sina:512400
2023-03-23,512400,,1.12,1.134,1.118,1.133,76341300.0,86088883.0,,,sina:512400
2023-03-24,512400,,1.134,1.138,1.126,1.13,68867300.0,77822711.0,,,sina:512400
2023-03-27,512400,,1.127,1.13,1.116,1.128,73898900.0,82961043.0,,,sina:512400
2023-03-28,512400,,1.128,1.132,1.108,1.112,64883300.0,72469310.0,,,sina:512400
2023-03-29,512400,,1.112,1.122,1.105,1.107,52151300.0,58051191.0,,,sina:512400
2023-03-30,512400,,1.105,1.117,1.096,1.117,67065000.0,74083224.0,,,sina:512400
2023-03-31,512400,,1.121,1.13,1.118,1.126,100655700.0,113060014.0,,,sina:512400
2023-04-03,512400,,1.126,1.136,1.117,1.132,128639500.0,144855296.0,,,sina:512400
2023-04-04,512400,,1.132,1.132,1.12,1.125,141027369.0,158519826.0,,,sina:512400
2023-04-06,512400,,1.124,1.14,1.12,1.14,107441501.0,121618581.0,,,sina:512400
2023-04-07,512400,,1.14,1.162,1.13,1.134,122520400.0,139038739.0,,,sina:512400
2023-04-10,512400,,1.132,1.141,1.125,1.14,107223000.0,121663949.0,,,sina:512400
2023-04-11,512400,,1.138,1.167,1.13,1.166,162373582.0,187221592.0,,,sina:512400
2023-04-12,512400,,1.166,1.177,1.16,1.172,136488400.0,159540999.0,,,sina:512400
2023-04-13,512400,,1.165,1.177,1.154,1.16,140639500.0,164040451.0,,,sina:512400
2023-04-14,512400,,1.167,1.198,1.167,1.196,230864488.0,274767286.0,,,sina:512400
2023-04-17,512400,,1.191,1.21,1.181,1.208,238388200.0,286082353.0,,,sina:512400
2023-04-18,512400,,1.205,1.22,1.196,1.207,192131300.0,232363453.0,,,sina:512400
2023-04-19,512400,,1.206,1.211,1.197,1.202,129349300.0,155911609.0,,,sina:512400
2023-04-20,512400,,1.197,1.197,1.165,1.176,251659800.0,295530548.0,,,sina:512400
2023-04-21,512400,,1.17,1.177,1.147,1.153,196446500.0,227786050.0,,,sina:512400
2023-04-24,512400,,1.148,1.149,1.118,1.125,144420300.0,163459714.0,,,sina:512400
2023-04-25,512400,,1.124,1.132,1.079,1.09,164654400.0,181272174.0,,,sina:512400
2023-04-26,512400,,1.085,1.117,1.073,1.103,141504300.0,155332556.0,,,sina:512400
2023-04-27,512400,,1.101,1.11,1.092,1.103,104434639.0,114904296.0,,,sina:512400
2023-04-28,512400,,1.102,1.119,1.1,1.113,124470000.0,138180875.0,,,sina:512400
2023-05-04,512400,,1.118,1.127,1.11,1.113,84307300.0,94278453.0,,,sina:512400
2023-05-05,512400,,1.113,1.115,1.088,1.092,77727400.0,85318677.0,,,sina:512400
2023-05-08,512400,,1.095,1.114,1.094,1.109,97069400.0,107131008.0,,,sina:512400
2023-05-09,512400,,1.112,1.115,1.09,1.091,103110500.0,113450167.0,,,sina:512400
2023-05-10,512400,,1.091,1.106,1.089,1.099,85034100.0,93206531.0,,,sina:512400
2023-05-11,512400,,1.096,1.099,1.087,1.091,70531700.0,77020939.0,,,sina:512400
2023-05-12,512400,,1.086,1.087,1.055,1.055,135140300.0,143864553.0,,,sina:512400
2023-05-15,512400,,1.056,1.098,1.056,1.094,155203734.0,167521898.0,,,sina:512400
2023-05-16,512400,,1.095,1.097,1.084,1.087,89149920.0,97278151.0,,,sina:512400
2023-05-17,512400,,1.082,1.087,1.073,1.078,95232200.0,102593353.0,,,sina:512400
2023-05-18,512400,,1.082,1.086,1.068,1.078,86136720.0,92687297.0,,,sina:512400
2023-05-19,512400,,1.071,1.075,1.058,1.067,69718500.0,74237152.0,,,sina:512400
2023-05-22,512400,,1.066,1.073,1.062,1.069,56856100.0,60612536.0,,,sina:512400
2023-05-23,512400,,1.07,1.07,1.052,1.052,84757700.0,89917832.0,,,sina:512400
2023-05-24,512400,,1.052,1.059,1.045,1.047,80392020.0,84566204.0,,,sina:512400
2023-05-25,512400,,1.043,1.046,1.024,1.034,137286000.0,142052864.0,,,sina:512400
2023-05-26,512400,,1.033,1.036,1.015,1.033,92854200.0,95118502.0,,,sina:512400
2023-05-29,512400,,1.033,1.037,1.022,1.028,88117700.0,90568633.0,,,sina:512400
2023-05-30,512400,,1.026,1.031,1.012,1.026,140897200.0,143843995.0,,,sina:512400
2023-05-31,512400,,1.026,1.029,1.016,1.024,131106900.0,133879036.0,,,sina:512400
2023-06-01,512400,,1.024,1.041,1.022,1.032,91070800.0,94090823.0,,,sina:512400
2023-06-02,512400,,1.039,1.073,1.038,1.072,208174600.0,221387369.0,,,sina:512400
2023-06-05,512400,,1.066,1.066,1.054,1.059,208142600.0,220494033.0,,,sina:512400
2023-06-06,512400,,1.057,1.064,1.043,1.047,76659617.0,81038013.0,,,sina:512400
2023-06-07,512400,,1.051,1.054,1.034,1.039,67025917.0,69890676.0,,,sina:512400
2023-06-08,512400,,1.035,1.051,1.033,1.045,78450600.0,81974664.0,,,sina:512400
2023-06-09,512400,,1.052,1.059,1.047,1.057,87030300.0,91709752.0,,,sina:512400
2023-06-12,512400,,1.049,1.056,1.043,1.051,111889800.0,117527458.0,,,sina:512400
2023-06-13,512400,,1.051,1.054,1.043,1.051,74942200.0,78558210.0,,,sina:512400
2023-06-14,512400,,1.056,1.059,1.047,1.053,237462900.0,250367400.0,,,sina:512400
2023-06-15,512400,,1.054,1.065,1.038,1.065,176289200.0,185118612.0,,,sina:512400
2023-06-16,512400,,1.062,1.073,1.062,1.071,141512900.0,151035928.0,,,sina:512400
2023-06-19,512400,,1.068,1.07,1.047,1.05,107509900.0,113356522.0,,,sina:512400
2023-06-20,512400,,1.046,1.05,1.039,1.043,92618806.0,96637137.0,,,sina:512400
2023-06-21,512400,,1.04,1.046,1.023,1.023,80490306.0,83228159.0,,,sina:512400
2023-06-26,512400,,1.02,1.029,1.014,1.015,77663800.0,79225705.0,,,sina:512400
2023-06-27,512400,,1.015,1.031,1.012,1.031,101944393.0,104211915.0,,,sina:512400
2023-06-28,512400,,1.029,1.03,1.014,1.027,71346279.0,72929589.0,,,sina:512400
2023-06-29,512400,,1.024,1.026,1.018,1.021,58604800.0,59900082.0,,,sina:512400
2023-06-30,512400,,1.018,1.038,1.018,1.034,112388700.0,115949719.0,,,sina:512400
2023-07-03,512400,,1.038,1.053,1.038,1.052,96823621.0,101608070.0,,,sina:512400
2023-07-04,512400,,1.06,1.068,1.044,1.049,98992800.0,104158578.0,,,sina:512400
2023-07-05,512400,,1.044,1.071,1.044,1.07,156927996.0,166806212.0,,,sina:512400
2023-07-06,512400,,1.07,1.07,1.047,1.05,110078634.0,115867728.0,,,sina:512400
2023-07-07,512400,,1.046,1.057,1.032,1.049,118569100.0,123891645.0,,,sina:512400
2023-07-10,512400,,1.051,1.064,1.05,1.056,81604000.0,86303499.0,,,sina:512400
2023-07-11,512400,,1.056,1.062,1.046,1.061,146469000.0,154317531.0,,,sina:512400
2023-07-12,512400,,1.061,1.066,1.054,1.058,88209880.0,93608041.0,,,sina:512400
2023-07-13,512400,,1.071,1.084,1.058,1.08,145919780.0,157325736.0,,,sina:512400
2023-07-14,512400,,1.08,1.085,1.07,1.072,107893300.0,116238525.0,,,sina:512400
2023-07-17,512400,,1.068,1.069,1.055,1.059,127273900.0,134626697.0,,,sina:512400
2023-07-18,512400,,1.057,1.065,1.052,1.059,69409000.0,73410324.0,,,sina:512400
2023-07-19,512400,,1.059,1.066,1.055,1.062,88142400.0,93426866.0,,,sina:512400
2023-07-20,512400,,1.063,1.082,1.063,1.065,103732500.0,111160448.0,,,sina:512400
2023-07-21,512400,,1.062,1.065,1.05,1.055,83303400.0,88040551.0,,,sina:512400
2023-07-24,512400,,1.052,1.053,1.036,1.038,86755800.0,90510736.0,,,sina:512400
2023-07-25,512400,,1.048,1.072,1.048,1.072,161673200.0,172279725.0,,,sina:512400
2023-07-26,512400,,1.071,1.077,1.065,1.075,211478000.0,226853464.0,,,sina:512400
2023-07-27,512400,,1.075,1.076,1.062,1.066,95916700.0,102568759.0,,,sina:512400
2023-07-28,512400,,1.057,1.075,1.048,1.073,213469515.0,227706220.0,,,sina:512400
2023-07-31,512400,,1.073,1.1,1.073,1.088,250470415.0,273035852.0,,,sina:512400
2023-08-01,512400,,1.089,1.098,1.081,1.09,276776000.0,301682215.0,,,sina:512400
2023-08-02,512400,,1.089,1.089,1.077,1.079,110846400.0,119998800.0,,,sina:512400
2023-08-03,512400,,1.077,1.078,1.069,1.076,188938158.0,202971097.0,,,sina:512400
2023-08-04,512400,,1.08,1.091,1.08,1.087,188798178.0,204626167.0,,,sina:512400
2023-08-07,512400,,1.079,1.087,1.076,1.08,116976700.0,126361396.0,,,sina:512400
2023-08-08,512400,,1.079,1.092,1.073,1.085,148879400.0,161487537.0,,,sina:512400
2023-08-09,512400,,1.08,1.084,1.072,1.074,101171831.0,108995044.0,,,sina:512400
2023-08-10,512400,,1.074,1.081,1.071,1.076,54497931.0,58631709.0,,,sina:512400
2023-08-11,512400,,1.075,1.078,1.051,1.052,105815400.0,112230537.0,,,sina:512400
2023-08-14,512400,,1.046,1.05,1.031,1.043,190514000.0,198454585.0,,,sina:512400
2023-08-15,512400,,1.04,1.046,1.026,1.036,113194400.0,117249979.0,,,sina:512400
2023-08-16,512400,,1.03,1.036,1.025,1.025,92084000.0,94856240.0,,,sina:512400
2023-08-17,512400,,1.021,1.031,1.009,1.031,104304400.0,106396753.0,,,sina:512400
2023-08-18,512400,,1.027,1.032,1.009,1.01,114696159.0,117405096.0,,,sina:512400
2023-08-21,512400,,1.009,1.014,1.0,1.001,81598659.0,82225473.0,,,sina:512400
2023-08-22,512400,,1.002,1.011,0.991,1.007,108755900.0,109033332.0,,,sina:512400
2023-08-23,512400,,1.004,1.006,0.983,0.984,91536400.0,90877079.0,,,sina:512400
2023-08-24,512400,,0.991,1.012,0.99,1.002,99719507.0,99739121.0,,,sina:512400
2023-08-25,512400,,0.995,0.998,0.982,0.987,155066007.0,153312343.0,,,sina:512400
2023-08-28,512400,,1.035,1.038,0.986,0.992,167074600.0,168214180.0,,,sina:512400
2023-08-29,512400,,0.99,1.009,0.986,1.006,136143500.0,136119363.0,,,sina:512400
2023-08-30,512400,,1.007,1.02,1.002,1.007,78006741.0,78901465.0,,,sina:512400
2023-08-31,512400,,1.006,1.011,0.994,0.997,84668200.0,84634379.0,,,sina:512400
2023-09-01,512400,,0.999,1.022,0.998,1.019,143198400.0,145421515.0,,,sina:512400
2023-09-04,512400,,1.024,1.054,1.023,1.05,259645500.0,270735331.0,,,sina:512400
2023-09-05,512400,,1.042,1.048,1.036,1.045,121288500.0,126462318.0,,,sina:512400
2023-09-06,512400,,1.042,1.044,1.035,1.042,86897800.0,90304695.0,,,sina:512400
2023-09-07,512400,,1.038,1.04,1.023,1.025,143683400.0,147890502.0,,,sina:512400
2023-09-08,512400,,1.024,1.027,1.012,1.015,98097200.0,99882389.0,,,sina:512400
2023-09-11,512400,,1.016,1.037,1.012,1.031,123790000.0,126862767.0,,,sina:512400
2023-09-12,512400,,1.031,1.04,1.026,1.028,102788400.0,106010181.0,,,sina:512400
2023-09-13,512400,,1.026,1.031,1.016,1.022,88576600.0,90632925.0,,,sina:512400
2023-09-14,512400,,1.022,1.03,1.021,1.028,189263700.0,193863858.0,,,sina:512400
2023-09-15,512400,,1.031,1.038,1.022,1.028,109916000.0,113233759.0,,,sina:512400
2023-09-18,512400,,1.023,1.032,1.013,1.029,107922000.0,110517689.0,,,sina:512400
2023-09-19,512400,,1.027,1.029,1.019,1.022,64962100.0,66519710.0,,,sina:512400
2023-09-20,512400,,1.02,1.021,1.014,1.014,70021300.0,71200569.0,,,sina:512400
2023-09-21,512400,,1.012,1.015,1.003,1.004,75920422.0,76563443.0,,,sina:512400
2023-09-22,512400,,1.001,1.01,0.994,1.01,99974700.0,100040253.0,,,sina:512400
2023-09-25,512400,,1.005,1.008,0.997,1.0,69954400.0,70104904.0,,,sina:512400
2023-09-26,512400,,0.998,1.0,0.991,0.992,59448500.0,59105351.0,,,sina:512400
2023-09-27,512400,,0.99,1.001,0.987,0.993,121117800.0,120334641.0,,,sina:512400
2023-09-28,512400,,0.993,0.998,0.986,0.99,66756500.0,66131044.0,,,sina:512400
2023-10-09,512400,,0.985,0.988,0.971,0.986,87210000.0,85451863.0,,,sina:512400
2023-10-10,512400,,0.985,0.999,0.985,0.99,78669900.0,78022069.0,,,sina:512400
2023-10-11,512400,,0.992,0.993,0.977,0.98,92685500.0,91036583.0,,,sina:512400
2023-10-12,512400,,0.984,1.008,0.984,1.007,165086800.0,164370538.0,,,sina:512400
2023-10-13,512400,,0.998,0.999,0.986,0.991,85711800.0,84897301.0,,,sina:512400
2023-10-16,512400,,0.994,0.997,0.974,0.977,68680400.0,67524484.0,,,sina:512400
2023-10-17,512400,,0.978,0.979,0.97,0.978,58877700.0,57398676.0,,,sina:512400
2023-10-18,512400,,0.975,0.977,0.96,0.962,62398000.0,60301424.0,,,sina:512400
2023-10-19,512400,,0.958,0.96,0.945,0.945,137559600.0,130869163.0,,,sina:512400
2023-10-20,512400,,0.944,0.961,0.943,0.95,81446500.0,77559067.0,,,sina:512400
2023-10-23,512400,,0.948,0.948,0.916,0.924,76298800.0,70960622.0,,,sina:512400
2023-10-24,512400,,0.924,0.94,0.924,0.94,99709500.0,93154567.0,,,sina:512400
2023-10-25,512400,,0.948,0.958,0.945,0.946,90210000.0,85807991.0,,,sina:512400
2023-10-26,512400,,0.942,0.949,0.933,0.948,56910100.0,53475987.0,,,sina:512400
2023-10-27,512400,,0.942,0.969,0.941,0.966,64675400.0,62075395.0,,,sina:512400
2023-10-30,512400,,0.966,0.98,0.964,0.972,67008600.0,65197804.0,,,sina:512400
2023-10-31,512400,,0.968,0.973,0.961,0.968,52621300.0,50815681.0,,,sina:512400
2023-11-01,512400,,0.969,0.97,0.958,0.963,35400000.0,34069602.0,,,sina:512400
2023-11-02,512400,,0.964,0.97,0.951,0.951,60721318.0,58225685.0,,,sina:512400
2023-11-03,512400,,0.954,0.959,0.951,0.955,62974250.0,60126863.0,,,sina:512400
2023-11-06,512400,,0.963,0.965,0.953,0.963,109953950.0,105296779.0,,,sina:512400
2023-11-07,512400,,0.96,0.96,0.946,0.954,113114700.0,107474037.0,,,sina:512400
2023-11-08,512400,,0.948,0.952,0.94,0.946,73701200.0,69791153.0,,,sina:512400
2023-11-09,512400,,0.942,0.953,0.941,0.949,70422400.0,66837691.0,,,sina:512400
2023-11-10,512400,,0.945,0.947,0.94,0.943,48165300.0,45422867.0,,,sina:512400
2023-11-13,512400,,0.945,0.949,0.939,0.948,58190000.0,54959519.0,,,sina:512400
2023-11-14,512400,,0.951,0.951,0.941,0.946,57741300.0,54645476.0,,,sina:512400
2023-11-15,512400,,0.956,0.968,0.956,0.964,154295900.0,148676971.0,,,sina:512400
2023-11-16,512400,,0.96,0.961,0.948,0.951,111017582.0,105684731.0,,,sina:512400
2023-11-17,512400,,0.947,0.954,0.944,0.953,63293200.0,60014119.0,,,sina:512400
2023-11-20,512400,,0.955,0.956,0.944,0.955,75252200.0,71510778.0,,,sina:512400
2023-11-21,512400,,0.956,0.967,0.955,0.957,69061200.0,66389392.0,,,sina:512400
2023-11-22,512400,,0.953,0.955,0.937,0.938,106060700.0,100116438.0,,,sina:512400
2023-11-23,512400,,0.936,0.942,0.931,0.942,100400400.0,94103903.0,,,sina:512400
2023-11-24,512400,,0.938,0.939,0.93,0.931,61241000.0,57220835.0,,,sina:512400
2023-11-27,512400,,0.929,0.934,0.921,0.925,53139400.0,49207638.0,,,sina:512400
2023-11-28,512400,,0.924,0.928,0.918,0.928,36255900.0,33473008.0,,,sina:512400
2023-11-29,512400,,0.93,0.935,0.927,0.929,44659200.0,41581838.0,,,sina:512400
2023-11-30,512400,,0.925,0.929,0.917,0.923,54542991.0,50311455.0,,,sina:512400
2023-12-01,512400,,0.922,0.927,0.914,0.923,58672900.0,53934993.0,,,sina:512400
2023-12-04,512400,,0.928,0.943,0.924,0.932,106323500.0,99435822.0,,,sina:512400
2023-12-05,512400,,0.923,0.93,0.913,0.917,79527200.0,73389777.0,,,sina:512400
2023-12-06,512400,,0.915,0.941,0.911,0.934,95715401.0,89293443.0,,,sina:512400
2023-12-07,512400,,0.932,0.934,0.919,0.929,78846201.0,72999776.0,,,sina:512400
2023-12-08,512400,,0.934,0.935,0.921,0.922,55182100.0,51015669.0,,,sina:512400
2023-12-11,512400,,0.915,0.917,0.898,0.913,63645400.0,57658930.0,,,sina:512400
2023-12-12,512400,,0.911,0.913,0.905,0.912,38652200.0,35127869.0,,,sina:512400
2023-12-13,512400,,0.909,0.909,0.893,0.895,56633600.0,51022018.0,,,sina:512400
2023-12-14,512400,,0.907,0.911,0.893,0.895,63921800.0,57679396.0,,,sina:512400
2023-12-15,512400,,0.901,0.912,0.896,0.9,54289900.0,49173942.0,,,sina:512400
2023-12-18,512400,,0.895,0.9,0.884,0.887,48303317.0,43028307.0,,,sina:512400
2023-12-19,512400,,0.884,0.889,0.878,0.883,37548100.0,33172634.0,,,sina:512400
2023-12-20,512400,,0.887,0.893,0.882,0.883,54981917.0,48798294.0,,,sina:512400
2023-12-21,512400,,0.878,0.893,0.875,0.891,63519800.0,56243314.0,,,sina:512400
2023-12-22,512400,,0.892,0.916,0.885,0.909,86568600.0,78061997.0,,,sina:512400
2023-12-25,512400,,0.903,0.915,0.903,0.915,49212200.0,44778623.0,,,sina:512400
2023-12-26,512400,,0.915,0.917,0.907,0.913,37797400.0,34455125.0,,,sina:512400
2023-12-27,512400,,0.913,0.918,0.903,0.917,57084100.0,52067896.0,,,sina:512400
2023-12-28,512400,,0.916,0.946,0.916,0.943,95303235.0,89381912.0,,,sina:512400
2023-12-29,512400,,0.939,0.948,0.936,0.945,81011400.0,76444977.0,,,sina:512400
2024-01-02,512400,,0.945,0.952,0.941,0.945,73698700.0,69863573.0,,,sina:512400
2024-01-03,512400,,0.942,0.95,0.94,0.947,79097500.0,74734508.0,,,sina:512400
2024-01-04,512400,,0.943,0.944,0.93,0.936,57527800.0,53829680.0,,,sina:512400
2024-01-05,512400,,0.934,0.952,0.927,0.931,81748300.0,76995598.0,,,sina:512400
2024-01-08,512400,,0.931,0.937,0.919,0.919,55022500.0,51068370.0,,,sina:512400
2024-01-09,512400,,0.919,0.931,0.914,0.93,64353790.0,59461085.0,,,sina:512400
2024-01-10,512400,,0.927,0.94,0.919,0.925,55098000.0,51178791.0,,,sina:512400
2024-01-11,512400,,0.922,0.945,0.917,0.941,78825280.0,73393500.0,,,sina:512400
2024-01-12,512400,,0.936,0.946,0.932,0.936,74186400.0,69765517.0,,,sina:512400
2024-01-15,512400,,0.936,0.938,0.925,0.926,72137800.0,67084424.0,,,sina:512400
2024-01-16,512400,,0.924,0.934,0.913,0.926,79450217.0,73314936.0,,,sina:512400
2024-01-17,512400,,0.924,0.924,0.895,0.896,69993924.0,63689760.0,,,sina:512400
2024-01-18,512400,,0.89,0.899,0.87,0.896,89547424.0,79387360.0,,,sina:512400
2024-01-19,512400,,0.892,0.906,0.891,0.891,79464700.0,71259017.0,,,sina:512400
2024-01-22,512400,,0.891,0.891,0.846,0.85,109280200.0,94951419.0,,,sina:512400
2024-01-23,512400,,0.848,0.866,0.838,0.861,97090590.0,82962840.0,,,sina:512400
2024-01-24,512400,,0.862,0.876,0.844,0.872,92242153.0,79661623.0,,,sina:512400
2024-01-25,512400,,0.872,0.9,0.871,0.897,103308900.0,91796253.0,,,sina:512400
2024-01-26,512400,,0.896,0.908,0.894,0.9,63908100.0,57574073.0,,,sina:512400
2024-01-29,512400,,0.901,0.904,0.882,0.883,71847600.0,64056058.0,,,sina:512400
2024-01-30,512400,,0.881,0.887,0.865,0.867,57623700.0,50574316.0,,,sina:512400
2024-01-31,512400,,0.863,0.866,0.841,0.841,73737100.0,62862922.0,,,sina:512400
2024-02-01,512400,,0.835,0.854,0.83,0.842,51736500.0,43524494.0,,,sina:512400
2024-02-02,512400,,0.842,0.849,0.798,0.821,105029400.0,87732209.0,,,sina:512400
2024-02-05,512400,,0.81,0.819,0.778,0.8,86927728.0,69633323.0,,,sina:512400
2024-02-06,512400,,0.791,0.846,0.791,0.842,91418500.0,75396424.0,,,sina:512400
2024-02-07,512400,,0.845,0.876,0.84,0.876,118842270.0,102600909.0,,,sina:512400
2024-02-08,512400,,0.878,0.899,0.877,0.885,86635251.0,76969853.0,,,sina:512400
2024-02-19,512400,,0.887,0.894,0.879,0.891,66036909.0,58561711.0,,,sina:512400
2024-02-20,512400,,0.887,0.897,0.88,0.896,53487400.0,47634912.0,,,sina:512400
2024-02-21,512400,,0.894,0.921,0.89,0.905,100386200.0,91193229.0,,,sina:512400
2024-02-22,512400,,0.902,0.915,0.896,0.913,69126900.0,62575161.0,,,sina:512400
2024-02-23,512400,,0.916,0.926,0.912,0.923,56876600.0,52250968.0,,,sina:512400
2024-02-26,512400,,0.92,0.929,0.91,0.914,65973100.0,60713198.0,,,sina:512400
2024-02-27,512400,,0.911,0.923,0.907,0.922,56144000.0,51469074.0,,,sina:512400
2024-02-28,512400,,0.922,0.943,0.911,0.912,77691841.0,72182692.0,,,sina:512400
2024-02-29,512400,,0.912,0.94,0.91,0.935,92776078.0,85969267.0,,,sina:512400
2024-03-01,512400,,0.934,0.948,0.934,0.945,90629400.0,85357703.0,,,sina:512400
2024-03-04,512400,,0.95,0.96,0.944,0.95,71088200.0,67657441.0,,,sina:512400
2024-03-05,512400,,0.951,0.961,0.944,0.949,92455933.0,88058165.0,,,sina:512400
2024-03-06,512400,,0.95,0.962,0.942,0.954,57720722.0,55000742.0,,,sina:512400
2024-03-07,512400,,0.958,0.996,0.958,0.983,336581200.0,331100501.0,,,sina:512400
2024-03-08,512400,,0.983,0.986,0.968,0.986,189110000.0,184847497.0,,,sina:512400
2024-03-11,512400,,0.988,0.999,0.983,0.998,194784120.0,193165099.0,,,sina:512400
2024-03-12,512400,,0.998,0.999,0.972,0.978,150515600.0,147940473.0,,,sina:512400
2024-03-13,512400,,0.975,0.989,0.97,0.985,157025855.0,153391987.0,,,sina:512400
2024-03-14,512400,,0.999,1.022,0.992,0.998,191045783.0,192295174.0,,,sina:512400
2024-03-15,512400,,0.99,1.034,0.988,1.033,352231673.0,357989067.0,,,sina:512400
2024-03-18,512400,,1.033,1.039,1.019,1.035,320961331.0,331017255.0,,,sina:512400
2024-03-19,512400,,1.03,1.051,1.027,1.028,218017426.0,226655183.0,,,sina:512400
2024-03-20,512400,,1.022,1.032,1.014,1.027,152651784.0,156070969.0,,,sina:512400
2024-03-21,512400,,1.04,1.046,1.026,1.031,186807200.0,193345535.0,,,sina:512400
2024-03-22,512400,,1.024,1.028,0.999,1.005,314857100.0,317548353.0,,,sina:512400
2024-03-25,512400,,1.002,1.029,1.002,1.011,231116400.0,235170969.0,,,sina:512400
2024-03-26,512400,,1.012,1.017,0.995,1.009,184882700.0,185556509.0,,,sina:512400
2024-03-27,512400,,1.009,1.012,0.995,0.995,122083000.0,122630638.0,,,sina:512400
2024-03-28,512400,,0.992,1.021,0.992,1.013,170336700.0,172146818.0,,,sina:512400
2024-03-29,512400,,1.022,1.047,1.022,1.047,271157636.0,281602568.0,,,sina:512400
2024-04-01,512400,,1.06,1.077,1.055,1.067,291370824.0,310850143.0,,,sina:512400
2024-04-02,512400,,1.067,1.079,1.062,1.078,230078488.0,246881396.0,,,sina:512400
2024-04-03,512400,,1.088,1.119,1.079,1.114,412093005.0,454143208.0,,,sina:512400
2024-04-08,512400,,1.119,1.155,1.103,1.111,591913453.0,669711578.0,,,sina:512400
2024-04-09,512400,,1.104,1.124,1.099,1.115,435384894.0,484340383.0,,,sina:512400
2024-04-10,512400,,1.119,1.132,1.101,1.122,285680567.0,319481791.0,,,sina:512400
2024-04-11,512400,,1.1,1.147,1.094,1.119,352657551.0,394559057.0,,,sina:512400
2024-04-12,512400,,1.13,1.14,1.113,1.13,231668735.0,261508138.0,,,sina:512400
2024-04-15,512400,,1.116,1.131,1.088,1.129,227791841.0,253268416.0,,,sina:512400
2024-04-16,512400,,1.122,1.128,1.075,1.08,301747742.0,332303829.0,,,sina:512400
2024-04-17,512400,,1.079,1.105,1.075,1.103,199769042.0,218152166.0,,,sina:512400
2024-04-18,512400,,1.098,1.121,1.091,1.118,206611900.0,229216071.0,,,sina:512400
2024-04-19,512400,,1.119,1.143,1.101,1.111,219694354.0,246007072.0,,,sina:512400
2024-04-22,512400,,1.117,1.129,1.085,1.086,175276028.0,193736738.0,,,sina:512400
2024-04-23,512400,,1.064,1.067,1.036,1.037,336126911.0,352351634.0,,,sina:512400
2024-04-24,512400,,1.029,1.049,1.026,1.047,182136211.0,188853397.0,,,sina:512400
2024-04-25,512400,,1.04,1.065,1.032,1.057,175371910.0,184575729.0,,,sina:512400
2024-04-26,512400,,1.059,1.086,1.053,1.085,163456600.0,175473147.0,,,sina:512400
2024-04-29,512400,,1.084,1.084,1.064,1.079,183945900.0,197584748.0,,,sina:512400
2024-04-30,512400,,1.079,1.089,1.066,1.069,153027300.0,164882216.0,,,sina:512400
2024-05-06,512400,,1.06,1.078,1.049,1.077,193648736.0,206108041.0,,,sina:512400
2024-05-07,512400,,1.082,1.099,1.08,1.085,171992700.0,186988905.0,,,sina:512400
2024-05-08,512400,,1.076,1.087,1.063,1.077,158796200.0,171052750.0,,,sina:512400
2024-05-09,512400,,1.074,1.11,1.071,1.103,230531300.0,252714617.0,,,sina:512400
2024-05-10,512400,,1.116,1.122,1.091,1.111,196349562.0,217249517.0,,,sina:512400
2024-05-13,512400,,1.098,1.103,1.083,1.097,187066862.0,204972231.0,,,sina:512400
2024-05-14,512400,,1.103,1.115,1.095,1.104,152021100.0,168117212.0,,,sina:512400
2024-05-15,512400,,1.101,1.115,1.091,1.092,205566720.0,226768283.0,,,sina:512400
2024-05-16,512400,,1.106,1.113,1.081,1.086,190440516.0,208982156.0,,,sina:512400
2024-05-17,512400,,1.082,1.102,1.072,1.101,178938000.0,193849740.0,,,sina:512400
2024-05-20,512400,,1.13,1.15,1.113,1.142,423831300.0,480468341.0,,,sina:512400
2024-05-21,512400,,1.143,1.146,1.103,1.107,298224400.0,333108943.0,,,sina:512400
2024-05-22,512400,,1.104,1.114,1.092,1.097,234953100.0,259204893.0,,,sina:512400
2024-05-23,512400,,1.068,1.071,1.052,1.062,257744300.0,274141497.0,,,sina:512400
2024-05-24,512400,,1.056,1.069,1.055,1.062,207417533.0,220599023.0,,,sina:512400
2024-05-27,512400,,1.059,1.078,1.059,1.077,233541200.0,250311863.0,,,sina:512400
2024-05-28,512400,,1.084,1.096,1.074,1.075,233468500.0,252938178.0,,,sina:512400
2024-05-29,512400,,1.074,1.109,1.074,1.102,397795167.0,437265843.0,,,sina:512400
2024-05-30,512400,,1.101,1.104,1.066,1.07,212730900.0,230292013.0,,,sina:512400
2024-05-31,512400,,1.068,1.074,1.057,1.065,115664200.0,123368100.0,,,sina:512400
2024-06-03,512400,,1.057,1.061,1.034,1.044,214834000.0,224650661.0,,,sina:512400
2024-06-04,512400,,1.044,1.063,1.038,1.056,153075200.0,160775258.0,,,sina:512400
2024-06-05,512400,,1.04,1.046,1.03,1.032,209150681.0,216773377.0,,,sina:512400
2024-06-06,512400,,1.042,1.055,1.039,1.042,204730102.0,214397864.0,,,sina:512400
2024-06-07,512400,,1.053,1.056,1.03,1.044,182649500.0,189949194.0,,,sina:512400
2024-06-11,512400,,1.02,1.023,1.011,1.021,195065100.0,198173236.0,,,sina:512400
2024-06-12,512400,,1.016,1.034,1.016,1.03,106528000.0,109231635.0,,,sina:512400
2024-06-13,512400,,1.03,1.03,1.005,1.013,184657300.0,186986026.0,,,sina:512400
2024-06-14,512400,,1.006,1.018,1.002,1.016,103637000.0,104727016.0,,,sina:512400
2024-06-17,512400,,1.014,1.02,1.002,1.003,137006400.0,138207202.0,,,sina:512400
2024-06-18,512400,,1.003,1.015,0.996,1.01,276137100.0,278244997.0,,,sina:512400
2024-06-19,512400,,1.014,1.026,1.01,1.014,179001900.0,182183163.0,,,sina:512400
2024-06-20,512400,,1.016,1.028,1.004,1.007,212673400.0,215402872.0,,,sina:512400
2024-06-21,512400,,1.011,1.015,0.998,1.002,155648700.0,156513724.0,,,sina:512400
2024-06-24,512400,,0.987,0.992,0.976,0.98,122075700.0,120049951.0,,,sina:512400
2024-06-25,512400,,0.98,0.992,0.975,0.981,133978500.0,131323104.0,,,sina:512400
2024-06-26,512400,,0.976,0.992,0.964,0.991,186005800.0,181159125.0,,,sina:512400
2024-06-27,512400,,0.983,0.988,0.967,0.968,117742100.0,114859091.0,,,sina:512400
2024-06-28,512400,,0.967,0.995,0.967,0.987,149310000.0,146892941.0,,,sina:512400
2024-07-01,512400,,0.995,1.013,0.987,1.01,160225116.0,160760506.0,,,sina:512400
2024-07-02,512400,,1.01,1.011,0.994,0.998,106489800.0,106496397.0,,,sina:512400
2024-07-03,512400,,0.997,1.001,0.99,0.998,108416500.0,107846707.0,,,sina:512400
2024-07-04,512400,,1.006,1.014,0.99,0.991,147907800.0,148623864.0,,,sina:512400
2024-07-05,512400,,0.99,1.018,0.982,1.017,198752660.0,199649516.0,,,sina:512400
2024-07-08,512400,,1.016,1.023,1.005,1.006,142781294.0,144838917.0,,,sina:512400
2024-07-09,512400,,1.003,1.03,1.002,1.027,195430952.0,198858225.0,,,sina:512400
2024-07-10,512400,,1.026,1.04,1.008,1.012,183353900.0,188033040.0,,,sina:512400
2024-07-11,512400,,1.02,1.054,1.015,1.05,274456339.0,285792113.0,,,sina:512400
2024-07-12,512400,,1.056,1.057,1.025,1.031,243249731.0,251604758.0,,,sina:512400
2024-07-15,512400,,1.028,1.048,1.023,1.038,165565931.0,172044155.0,,,sina:512400
2024-07-16,512400,,1.036,1.05,1.032,1.047,136756800.0,142749969.0,,,sina:512400
2024-07-17,512400,,1.052,1.054,1.018,1.02,200297300.0,206220963.0,,,sina:512400
2024-07-18,512400,,1.012,1.02,0.997,1.019,201474300.0,202962867.0,,,sina:512400
2024-07-19,512400,,1.003,1.005,0.978,1.002,171197600.0,170198031.0,,,sina:512400
2024-07-22,512400,,0.994,0.998,0.982,0.99,122616800.0,121384736.0,,,sina:512400
2024-07-23,512400,,0.987,0.994,0.943,0.944,200542500.0,192991577.0,,,sina:512400
2024-07-24,512400,,0.941,0.948,0.932,0.936,145342200.0,136431332.0,,,sina:512400
2024-07-25,512400,,0.925,0.928,0.91,0.913,158083100.0,145037038.0,,,sina:512400
2024-07-26,512400,,0.913,0.941,0.913,0.935,192760600.0,179865953.0,,,sina:512400
2024-07-29,512400,,0.938,0.944,0.93,0.933,105098480.0,98348170.0,,,sina:512400
2024-07-30,512400,,0.928,0.929,0.916,0.925,121138800.0,111503620.0,,,sina:512400
2024-07-31,512400,,0.928,0.961,0.927,0.961,169684580.0,160955114.0,,,sina:512400
2024-08-01,512400,,0.97,0.976,0.953,0.958,135368300.0,130577554.0,,,sina:512400
2024-08-02,512400,,0.943,0.949,0.938,0.942,90860400.0,85651514.0,,,sina:512400
2024-08-05,512400,,0.932,0.944,0.919,0.919,120396497.0,112152493.0,,,sina:512400
2024-08-06,512400,,0.922,0.93,0.91,0.919,95680600.0,87915021.0,,,sina:512400
2024-08-07,512400,,0.919,0.929,0.91,0.922,135042300.0,124208142.0,,,sina:512400
2024-08-08,512400,,0.917,0.918,0.904,0.913,105739200.0,96376388.0,,,sina:512400
2024-08-09,512400,,0.921,0.932,0.917,0.918,132930100.0,123009659.0,,,sina:512400
2024-08-12,512400,,0.916,0.921,0.912,0.918,82659600.0,75685992.0,,,sina:512400
2024-08-13,512400,,0.925,0.926,0.913,0.922,98825176.0,90801782.0,,,sina:512400
2024-08-14,512400,,0.919,0.924,0.908,0.909,112307600.0,102615959.0,,,sina:512400
2024-08-15,512400,,0.906,0.922,0.902,0.918,111743300.0,102101881.0,,,sina:512400
2024-08-16,512400,,0.926,0.931,0.915,0.919,118592800.0,109445441.0,,,sina:512400
2024-08-19,512400,,0.921,0.943,0.92,0.934,157463300.0,147351279.0,,,sina:512400
2024-08-20,512400,,0.934,0.941,0.919,0.923,191341900.0,177391198.0,,,sina:512400
2024-08-21,512400,,0.921,0.936,0.917,0.933,199644900.0,186108715.0,,,sina:512400
2024-08-22,512400,,0.933,0.934,0.919,0.92,86402200.0,79902052.0,,,sina:512400
2024-08-23,512400,,0.914,0.92,0.909,0.917,76962700.0,70423975.0,,,sina:512400
2024-08-26,512400,,0.925,0.929,0.918,0.929,86997700.0,80493316.0,,,sina:512400
2024-08-27,512400,,0.925,0.925,0.909,0.916,86329700.0,79114543.0,,,sina:512400
2024-08-28,512400,,0.912,0.925,0.904,0.908,119306600.0,108932718.0,,,sina:512400
2024-08-29,512400,,0.901,0.92,0.897,0.915,94032100.0,85721155.0,,,sina:512400
2024-08-30,512400,,0.914,0.931,0.909,0.921,168512100.0,155035997.0,,,sina:512400
2024-09-02,512400,,0.916,0.916,0.897,0.9,142595000.0,128781204.0,,,sina:512400
2024-09-03,512400,,0.897,0.911,0.893,0.903,97168800.0,87802865.0,,,sina:512400
2024-09-04,512400,,0.895,0.895,0.88,0.882,121979230.0,108082660.0,,,sina:512400
2024-09-05,512400,,0.882,0.896,0.877,0.882,169184000.0,149462952.0,,,sina:512400
2024-09-06,512400,,0.882,0.886,0.875,0.877,87053500.0,76573683.0,,,sina:512400
2024-09-09,512400,,0.871,0.871,0.854,0.862,152800282.0,131430271.0,,,sina:512400
2024-09-10,512400,,0.862,0.864,0.846,0.858,101878900.0,87054998.0,,,sina:512400
2024-09-11,512400,,0.855,0.868,0.855,0.867,90692280.0,78202806.0,,,sina:512400
2024-09-12,512400,,0.869,0.877,0.863,0.866,131791500.0,114453782.0,,,sina:512400
2024-09-13,512400,,0.874,0.88,0.862,0.863,89298200.0,77808425.0,,,sina:512400
2024-09-18,512400,,0.856,0.864,0.846,0.86,101790600.0,87185669.0,,,sina:512400
2024-09-19,512400,,0.86,0.887,0.849,0.887,189755300.0,165679202.0,,,sina:512400
2024-09-20,512400,,0.885,0.898,0.879,0.898,129499900.0,115287624.0,,,sina:512400
2024-09-23,512400,,0.893,0.908,0.893,0.897,131507300.0,118273494.0,,,sina:512400
2024-09-24,512400,,0.901,0.933,0.901,0.933,152049400.0,139462817.0,,,sina:512400
2024-09-25,512400,,0.945,0.969,0.941,0.942,204330400.0,195115389.0,,,sina:512400
2024-09-26,512400,,0.94,0.979,0.939,0.979,187878500.0,179042263.0,,,sina:512400
2024-09-27,512400,,0.996,1.027,0.99,1.023,90794500.0,91578449.0,,,sina:512400
2024-09-30,512400,,1.08,1.122,1.035,1.118,499980400.0,541545076.0,,,sina:512400
2024-10-08,512400,,1.23,1.23,1.067,1.143,1011332200.0,1158461816.0,,,sina:512400
2024-10-09,512400,,1.095,1.095,1.029,1.029,452190915.0,477860750.0,,,sina:512400
2024-10-10,512400,,1.023,1.073,1.018,1.046,412804400.0,431529872.0,,,sina:512400
2024-10-11,512400,,1.051,1.051,1.012,1.023,239335300.0,246480736.0,,,sina:512400
2024-10-14,512400,,1.027,1.058,1.025,1.054,234468600.0,244670591.0,,,sina:512400
2024-10-15,512400,,1.043,1.049,1.017,1.018,199428700.0,206071872.0,,,sina:512400
2024-10-16,512400,,1.01,1.034,1.006,1.027,267486448.0,273575655.0,,,sina:512400
2024-10-17,512400,,1.03,1.037,1.01,1.011,142596100.0,145815770.0,,,sina:512400
2024-10-18,512400,,1.009,1.052,1.009,1.036,284049500.0,292696891.0,,,sina:512400
2024-10-21,512400,,1.043,1.072,1.041,1.061,280691400.0,296892088.0,,,sina:512400
2024-10-22,512400,,1.059,1.07,1.049,1.068,241572900.0,256266917.0,,,sina:512400
2024-10-23,512400,,1.074,1.08,1.055,1.07,287800400.0,307343356.0,,,sina:512400
2024-10-24,512400,,1.058,1.06,1.042,1.055,177622100.0,186611386.0,,,sina:512400
2024-10-25,512400,,1.052,1.072,1.046,1.059,190929300.0,201845799.0,,,sina:512400
2024-10-28,512400,,1.061,1.069,1.054,1.069,176915200.0,187951817.0,,,sina:512400
2024-10-29,512400,,1.071,1.071,1.049,1.052,231252200.0,244878722.0,,,sina:512400
2024-10-30,512400,,1.047,1.057,1.03,1.04,166424400.0,173285352.0,,,sina:512400
2024-10-31,512400,,1.038,1.046,1.029,1.036,135558800.0,140611161.0,,,sina:512400
2024-11-01,512400,,1.033,1.096,1.03,1.075,454273100.0,487796820.0,,,sina:512400
2024-11-04,512400,,1.084,1.086,1.057,1.076,278018980.0,296766082.0,,,sina:512400
2024-11-05,512400,,1.07,1.115,1.066,1.11,409889700.0,447829727.0,,,sina:512400
2024-11-06,512400,,1.112,1.138,1.105,1.12,410006300.0,460779456.0,,,sina:512400
2024-11-07,512400,,1.099,1.118,1.083,1.118,378843262.0,418093846.0,,,sina:512400
2024-11-08,512400,,1.137,1.142,1.101,1.104,405738500.0,454978171.0,,,sina:512400
2024-11-11,512400,,1.089,1.108,1.083,1.107,247869600.0,271686643.0,,,sina:512400
2024-11-12,512400,,1.1,1.127,1.082,1.091,247062600.0,273761400.0,,,sina:512400
2024-11-13,512400,,1.088,1.111,1.084,1.1,197452300.0,216730525.0,,,sina:512400
2024-11-14,512400,,1.094,1.099,1.061,1.064,227536600.0,245225697.0,,,sina:512400
2024-11-15,512400,,1.059,1.074,1.045,1.046,177758035.0,188597837.0,,,sina:512400
2024-11-18,512400,,1.043,1.05,1.02,1.027,197631900.0,204646090.0,,,sina:512400
2024-11-19,512400,,1.031,1.064,1.029,1.062,194437800.0,203373129.0,,,sina:512400
2024-11-20,512400,,1.063,1.072,1.057,1.068,211185200.0,224773596.0,,,sina:512400
2024-11-21,512400,,1.065,1.072,1.058,1.07,198662100.0,211623495.0,,,sina:512400
2024-11-22,512400,,1.068,1.072,1.04,1.042,101476300.0,107093414.0,,,sina:512400
2024-11-25,512400,,1.046,1.058,1.027,1.038,109599700.0,114298660.0,,,sina:512400
2024-11-26,512400,,1.034,1.037,1.021,1.023,82559500.0,84987264.0,,,sina:512400
2024-11-27,512400,,1.023,1.034,1.001,1.034,144682948.0,146986918.0,,,sina:512400
2024-11-28,512400,,1.034,1.034,1.017,1.019,94052000.0,96324688.0,,,sina:512400
2024-11-29,512400,,1.017,1.038,1.011,1.031,110848600.0,113770131.0,,,sina:512400
2024-12-02,512400,,1.032,1.043,1.029,1.041,123226500.0,127690114.0,,,sina:512400
2024-12-03,512400,,1.04,1.042,1.031,1.04,164132599.0,170311526.0,,,sina:512400
2024-12-04,512400,,1.047,1.052,1.039,1.041,147155900.0,153831965.0,,,sina:512400
2024-12-05,512400,,1.04,1.04,1.028,1.034,84980100.0,87764449.0,,,sina:512400
2024-12-06,512400,,1.03,1.046,1.026,1.044,187153700.0,194096324.0,,,sina:512400
2024-12-09,512400,,1.042,1.055,1.039,1.043,136167600.0,142454156.0,,,sina:512400
2024-12-10,512400,,1.07,1.076,1.045,1.048,191723700.0,203240772.0,,,sina:512400
2024-12-11,512400,,1.049,1.069,1.046,1.061,133249700.0,141181071.0,,,sina:512400
2024-12-12,512400,,1.061,1.069,1.057,1.067,114904300.0,122249540.0,,,sina:512400
2024-12-13,512400,,1.06,1.06,1.035,1.037,129807000.0,135334856.0,,,sina:512400
2024-12-16,512400,,1.036,1.037,1.016,1.021,105892200.0,108461224.0,,,sina:512400
2024-12-17,512400,,1.02,1.025,1.012,1.014,75622300.0,76971222.0,,,sina:512400
2024-12-18,512400,,1.015,1.019,1.007,1.009,108396900.0,109841228.0,,,sina:512400
2024-12-19,512400,,1.003,1.006,0.988,1.005,102808300.0,102600431.0,,,sina:512400
2024-12-20,512400,,1.0,1.005,0.996,0.999,108665400.0,108694621.0,,,sina:512400
2024-12-23,512400,,0.998,1.005,0.993,0.996,129120000.0,129100800.0,,,sina:512400
2024-12-24,512400,,0.997,1.005,0.992,1.004,258944000.0,258340270.0,,,sina:512400
2024-12-25,512400,,1.004,1.004,0.988,0.994,140527200.0,139689165.0,,,sina:512400
2024-12-26,512400,,0.996,1.002,0.994,0.998,73135100.0,72994355.0,,,sina:512400
2024-12-27,512400,,0.994,1.002,0.991,0.993,123514600.0,123112535.0,,,sina:512400
2024-12-30,512400,,0.993,0.999,0.99,0.996,97343500.0,96874071.0,,,sina:512400
2024-12-31,512400,,0.996,0.997,0.972,0.973,176514100.0,173191077.0,,,sina:512400
2025-01-02,512400,,0.972,0.985,0.957,0.963,147949500.0,143907016.0,,,sina:512400
2025-01-03,512400,,0.964,0.995,0.964,0.972,193438100.0,189830395.0,,,sina:512400
2025-01-06,512400,,0.972,0.996,0.965,0.981,295461700.0,290497482.0,,,sina:512400
2025-01-07,512400,,0.981,1.0,0.972,1.0,172495800.0,171110373.0,,,sina:512400
2025-01-08,512400,,0.999,0.999,0.969,0.984,172618900.0,169463401.0,,,sina:512400
2025-01-09,512400,,0.981,0.993,0.978,0.991,139557700.0,137958656.0,,,sina:512400
2025-01-10,512400,,0.991,1.005,0.985,0.987,152094700.0,151239326.0,,,sina:512400
2025-01-13,512400,,0.982,1.016,0.979,1.01,318669598.0,320347522.0,,,sina:512400
2025-01-14,512400,,1.009,1.025,0.999,1.025,253019400.0,256979352.0,,,sina:512400
2025-01-15,512400,,1.02,1.026,1.005,1.014,182165200.0,184664733.0,,,sina:512400
2025-01-16,512400,,1.02,1.036,1.018,1.032,311627019.0,320700277.0,,,sina:512400
2025-01-17,512400,,1.032,1.039,1.028,1.037,115980000.0,119963768.0,,,sina:512400
2025-01-20,512400,,1.036,1.037,1.024,1.027,222681672.0,229114753.0,,,sina:512400
2025-01-21,512400,,1.027,1.029,1.012,1.021,139547312.0,142428249.0,,,sina:512400
2025-01-22,512400,,1.021,1.024,1.013,1.021,100296800.0,102296523.0,,,sina:512400
2025-01-23,512400,,1.023,1.036,1.013,1.014,103585699.0,106081611.0,,,sina:512400
2025-01-24,512400,,1.012,1.025,1.008,1.024,113305400.0,115355164.0,,,sina:512400
2025-01-27,512400,,1.023,1.032,1.018,1.02,81597800.0,83625688.0,,,sina:512400
2025-02-05,512400,,1.029,1.036,1.024,1.032,123050900.0,126738795.0,,,sina:512400
2025-02-06,512400,,1.034,1.045,1.029,1.045,133428200.0,138388356.0,,,sina:512400
2025-02-07,512400,,1.043,1.062,1.036,1.058,394468899.0,414626187.0,,,sina:512400
2025-02-10,512400,,1.059,1.065,1.053,1.06,209518319.0,221861237.0,,,sina:512400
2025-02-11,512400,,1.062,1.074,1.058,1.06,189757100.0,201867188.0,,,sina:512400
2025-02-12,512400,,1.055,1.056,1.04,1.054,210482000.0,220750534.0,,,sina:512400
2025-02-13,512400,,1.051,1.061,1.046,1.047,220190600.0,231881389.0,,,sina:512400
2025-02-14,512400,,1.05,1.058,1.046,1.055,500034600.0,526996584.0,,,sina:512400
2025-02-17,512400,,1.046,1.046,1.026,1.03,262723600.0,270951467.0,,,sina:512400
2025-02-18,512400,,1.029,1.034,1.018,1.021,122525800.0,125723946.0,,,sina:512400
2025-02-19,512400,,1.023,1.03,1.02,1.03,111333490.0,114223008.0,,,sina:512400
2025-02-20,512400,,1.028,1.036,1.026,1.035,130498700.0,134697213.0,,,sina:512400
2025-02-21,512400,,1.035,1.044,1.028,1.031,142476200.0,147422040.0,,,sina:512400
2025-02-24,512400,,1.028,1.032,1.022,1.03,130289400.0,133864056.0,,,sina:512400
2025-02-25,512400,,1.026,1.034,1.016,1.017,138140100.0,141684091.0,,,sina:512400
2025-02-26,512400,,1.017,1.03,1.016,1.023,115120800.0,117663273.0,,,sina:512400
2025-02-27,512400,,1.022,1.024,1.008,1.018,137932500.0,140043418.0,,,sina:512400
2025-02-28,512400,,1.016,1.017,1.0,1.0,247327800.0,249165856.0,,,sina:512400
2025-03-03,512400,,1.007,1.036,1.007,1.027,297271900.0,305050848.0,,,sina:512400
2025-03-04,512400,,1.027,1.032,1.015,1.03,228632800.0,234587523.0,,,sina:512400
2025-03-05,512400,,1.028,1.041,1.018,1.04,180721200.0,186236549.0,,,sina:512400
2025-03-06,512400,,1.043,1.055,1.043,1.054,227358800.0,238923835.0,,,sina:512400
2025-03-07,512400,,1.051,1.079,1.051,1.068,287189775.0,307453142.0,,,sina:512400
2025-03-10,512400,,1.077,1.082,1.065,1.08,285548775.0,307150873.0,,,sina:512400
2025-03-11,512400,,1.065,1.088,1.061,1.086,245523900.0,263102039.0,,,sina:512400
2025-03-12,512400,,1.09,1.095,1.08,1.086,297852100.0,323773863.0,,,sina:512400
2025-03-13,512400,,1.09,1.1,1.082,1.093,284358180.0,309969951.0,,,sina:512400
2025-03-14,512400,,1.115,1.125,1.099,1.106,413996400.0,458243895.0,,,sina:512400
2025-03-17,512400,,1.107,1.109,1.094,1.096,181374800.0,199571742.0,,,sina:512400
2025-03-18,512400,,1.096,1.121,1.096,1.111,176058500.0,195703655.0,,,sina:512400
2025-03-19,512400,,1.11,1.112,1.099,1.11,401432281.0,443885713.0,,,sina:512400
2025-03-20,512400,,1.118,1.122,1.106,1.107,234925081.0,261910282.0,,,sina:512400
2025-03-21,512400,,1.104,1.109,1.077,1.081,245101300.0,267934405.0,,,sina:512400
2025-03-24,512400,,1.081,1.105,1.077,1.102,216473100.0,236952594.0,,,sina:512400
2025-03-25,512400,,1.102,1.111,1.093,1.104,262711959.0,290054638.0,,,sina:512400
2025-03-26,512400,,1.112,1.126,1.095,1.097,210266900.0,233436599.0,,,sina:512400
2025-03-27,512400,,1.087,1.094,1.078,1.086,149143400.0,162050263.0,,,sina:512400
2025-03-28,512400,,1.088,1.093,1.075,1.086,280393192.0,303437679.0,,,sina:512400
2025-03-31,512400,,1.083,1.087,1.066,1.077,144807826.0,155927821.0,,,sina:512400
2025-04-01,512400,,1.079,1.089,1.075,1.08,247250299.0,267531825.0,,,sina:512400
2025-04-02,512400,,1.076,1.084,1.067,1.069,108916210.0,116997614.0,,,sina:512400
2025-04-03,512400,,1.066,1.07,1.051,1.053,336537799.0,355365080.0,,,sina:512400
2025-04-07,512400,,0.983,0.989,0.948,0.948,425587000.0,413092277.0,,,sina:512400
2025-04-08,512400,,0.958,0.962,0.938,0.961,261182500.0,248141301.0,,,sina:512400
2025-04-09,512400,,0.95,0.977,0.924,0.973,145768228.0,138477916.0,,,sina:512400
2025-04-10,512400,,0.995,1.022,0.99,1.01,249145889.0,251172958.0,,,sina:512400
2025-04-11,512400,,1.015,1.025,1.012,1.018,94887200.0,96689414.0,,,sina:512400
2025-04-14,512400,,1.023,1.053,1.023,1.043,148673700.0,154821834.0,,,sina:512400
2025-04-15,512400,,1.04,1.041,1.027,1.035,80329300.0,83068132.0,,,sina:512400
2025-04-16,512400,,1.043,1.043,1.019,1.034,68080600.0,70088601.0,,,sina:512400
2025-04-17,512400,,1.04,1.051,1.026,1.029,95970312.0,99324229.0,,,sina:512400
2025-04-18,512400,,1.022,1.028,1.014,1.026,49355343.0,50377231.0,,,sina:512400
2025-04-21,512400,,1.03,1.066,1.03,1.065,179944300.0,189560595.0,,,sina:512400
2025-04-22,512400,,1.066,1.071,1.057,1.06,100770000.0,107207517.0,,,sina:512400
2025-04-23,512400,,1.052,1.057,1.041,1.045,104285500.0,109284696.0,,,sina:512400
2025-04-24,512400,,1.049,1.056,1.037,1.038,80469300.0,84225443.0,,,sina:512400
2025-04-25,512400,,1.041,1.052,1.038,1.04,64013104.0,66915798.0,,,sina:512400
2025-04-28,512400,,1.038,1.04,1.031,1.036,56385675.0,58411541.0,,,sina:512400
2025-04-29,512400,,1.033,1.039,1.031,1.034,45035900.0,46607831.0,,,sina:512400
2025-04-30,512400,,1.034,1.039,1.03,1.032,37051500.0,38336060.0,,,sina:512400
2025-05-06,512400,,1.041,1.057,1.041,1.057,110250200.0,116051718.0,,,sina:512400
2025-05-07,512400,,1.061,1.065,1.052,1.06,75895700.0,80338569.0,,,sina:512400
2025-05-08,512400,,1.056,1.059,1.047,1.052,73944800.0,77927749.0,,,sina:512400
2025-05-09,512400,,1.048,1.052,1.042,1.049,57416297.0,60105238.0,,,sina:512400
2025-05-12,512400,,1.049,1.059,1.042,1.058,139317400.0,147012945.0,,,sina:512400
2025-05-13,512400,,1.058,1.064,1.054,1.062,80635647.0,85417097.0,,,sina:512400
2025-05-14,512400,,1.061,1.07,1.057,1.07,85157100.0,90792887.0,,,sina:512400
2025-05-15,512400,,1.067,1.068,1.052,1.057,53675100.0,56918044.0,,,sina:512400
2025-05-16,512400,,1.057,1.063,1.051,1.055,107226700.0,113099548.0,,,sina:512400
2025-05-19,512400,,1.055,1.057,1.045,1.051,39850500.0,41811042.0,,,sina:512400
2025-05-20,512400,,1.05,1.057,1.049,1.055,34249327.0,36095458.0,,,sina:512400
2025-05-21,512400,,1.06,1.078,1.058,1.078,124446469.0,133213290.0,,,sina:512400
2025-05-22,512400,,1.075,1.078,1.066,1.068,54146400.0,57980154.0,,,sina:512400
2025-05-23,512400,,1.066,1.076,1.064,1.069,58415950.0,62539014.0,,,sina:512400
2025-05-26,512400,,1.064,1.078,1.063,1.069,119561172.0,127966888.0,,,sina:512400
2025-05-27,512400,,1.065,1.068,1.042,1.048,134986400.0,141783323.0,,,sina:512400
2025-05-28,512400,,1.044,1.052,1.044,1.047,33158500.0,34740889.0,,,sina:512400
2025-05-29,512400,,1.042,1.055,1.039,1.052,44643200.0,46874236.0,,,sina:512400
2025-05-30,512400,,1.052,1.052,1.04,1.044,58210747.0,60803338.0,,,sina:512400
2025-06-03,512400,,1.053,1.063,1.052,1.057,54067400.0,57156614.0,,,sina:512400
2025-06-04,512400,,1.055,1.075,1.055,1.07,86302089.0,92324618.0,,,sina:512400
2025-06-05,512400,,1.071,1.077,1.065,1.066,152122676.0,162517261.0,,,sina:512400
2025-06-06,512400,,1.069,1.083,1.069,1.079,129217884.0,139487557.0,,,sina:512400
2025-06-09,512400,,1.074,1.084,1.067,1.082,128320990.0,138195569.0,,,sina:512400
2025-06-10,512400,,1.08,1.088,1.075,1.083,87872421.0,95033760.0,,,sina:512400
2025-06-11,512400,,1.083,1.109,1.081,1.105,141372983.0,155591700.0,,,sina:512400
2025-06-12,512400,,1.105,1.119,1.098,1.117,143053300.0,159132243.0,,,sina:512400
2025-06-13,512400,,1.121,1.126,1.111,1.116,124601300.0,139268567.0,,,sina:512400
2025-06-16,512400,,1.116,1.124,1.107,1.112,148170065.0,165444066.0,,,sina:512400
2025-06-17,512400,,1.109,1.119,1.108,1.112,78134632.0,87028566.0,,,sina:512400
2025-06-18,512400,,1.114,1.115,1.099,1.11,67975924.0,75222122.0,,,sina:512400
2025-06-19,512400,,1.103,1.109,1.088,1.091,87936288.0,96385303.0,,,sina:512400
2025-06-20,512400,,1.09,1.096,1.085,1.087,58712116.0,64002006.0,,,sina:512400
2025-06-23,512400,,1.086,1.098,1.086,1.097,75225713.0,82309383.0,,,sina:512400
2025-06-24,512400,,1.097,1.111,1.092,1.103,67789826.0,74773727.0,,,sina:512400
2025-06-25,512400,,1.106,1.111,1.098,1.111,98671509.0,109014045.0,,,sina:512400
2025-06-26,512400,,1.11,1.127,1.106,1.116,128824553.0,143709703.0,,,sina:512400
2025-06-27,512400,,1.126,1.15,1.122,1.138,290467390.0,330808499.0,,,sina:512400
2025-06-30,512400,,1.14,1.14,1.128,1.139,274325166.0,311483658.0,,,sina:512400
2025-07-01,512400,,1.139,1.155,1.128,1.155,163625000.0,187015066.0,,,sina:512400
2025-07-02,512400,,1.152,1.173,1.148,1.164,333042800.0,387278037.0,,,sina:512400
2025-07-03,512400,,1.169,1.172,1.158,1.166,199181300.0,231927716.0,,,sina:512400
2025-07-04,512400,,1.159,1.163,1.146,1.149,312459750.0,359486941.0,,,sina:512400
2025-07-07,512400,,1.145,1.148,1.139,1.14,165595050.0,189139391.0,,,sina:512400
2025-07-08,512400,,1.14,1.157,1.14,1.152,239508376.0,275882285.0,,,sina:512400
2025-07-09,512400,,1.157,1.162,1.126,1.13,304250892.0,346677453.0,,,sina:512400
2025-07-10,512400,,1.135,1.149,1.135,1.146,159238084.0,181700961.0,,,sina:512400
2025-07-11,512400,,1.153,1.185,1.151,1.168,322083946.0,375196376.0,,,sina:512400
2025-07-14,512400,,1.177,1.189,1.171,1.173,229904713.0,271096217.0,,,sina:512400
2025-07-15,512400,,1.167,1.174,1.15,1.159,267527679.0,310231312.0,,,sina:512400
2025-07-16,512400,,1.157,1.164,1.15,1.156,155727941.0,179919290.0,,,sina:512400
2025-07-17,512400,,1.156,1.162,1.149,1.16,101858500.0,117768234.0,,,sina:512400
2025-07-18,512400,,1.163,1.196,1.162,1.189,206567400.0,244223794.0,,,sina:512400
2025-07-21,512400,,1.195,1.224,1.191,1.223,376557895.0,457560837.0,,,sina:512400
2025-07-22,512400,,1.226,1.252,1.222,1.252,272102800.0,336978914.0,,,sina:512400
2025-07-23,512400,,1.262,1.266,1.244,1.247,441095990.0,553101950.0,,,sina:512400
2025-07-24,512400,,1.239,1.298,1.237,1.288,425964800.0,541195814.0,,,sina:512400
2025-07-25,512400,,1.282,1.294,1.279,1.288,225957289.0,290406949.0,,,sina:512400
2025-07-28,512400,,1.274,1.285,1.259,1.282,221491042.0,282036983.0,,,sina:512400
2025-07-29,512400,,1.27,1.284,1.267,1.279,223704711.0,285319129.0,,,sina:512400
2025-07-30,512400,,1.282,1.286,1.258,1.271,229553200.0,292762470.0,,,sina:512400
2025-07-31,512400,,1.251,1.254,1.222,1.229,362959300.0,448300772.0,,,sina:512400
2025-08-01,512400,,1.225,1.232,1.22,1.224,152897194.0,187507559.0,,,sina:512400
2025-08-04,512400,,1.222,1.245,1.222,1.245,183705197.0,227378778.0,,,sina:512400
2025-08-05,512400,,1.248,1.254,1.242,1.25,250580500.0,312663959.0,,,sina:512400
2025-08-06,512400,,1.25,1.267,1.248,1.264,234118770.0,294870856.0,,,sina:512400
2025-08-07,512400,,1.269,1.282,1.245,1.281,299039800.0,377798368.0,,,sina:512400
2025-08-08,512400,,1.281,1.305,1.274,1.297,301702900.0,389886788.0,,,sina:512400
2025-08-11,512400,,1.307,1.31,1.291,1.305,229072948.0,297917575.0,,,sina:512400
2025-08-12,512400,,1.297,1.303,1.286,1.299,175577308.0,227418691.0,,,sina:512400
2025-08-13,512400,,1.296,1.327,1.296,1.327,283456700.0,372357445.0,,,sina:512400
2025-08-14,512400,,1.327,1.334,1.311,1.32,288684500.0,381355461.0,,,sina:512400
2025-08-15,512400,,1.308,1.349,1.303,1.346,265504400.0,353661408.0,,,sina:512400
2025-08-18,512400,,1.352,1.368,1.332,1.352,390765890.0,528215552.0,,,sina:512400
2025-08-19,512400,,1.349,1.365,1.338,1.344,346303796.0,467626718.0,,,sina:512400
2025-08-20,512400,,1.334,1.368,1.332,1.356,172653135.0,233172099.0,,,sina:512400
2025-08-21,512400,,1.355,1.377,1.343,1.351,247470325.0,335870132.0,,,sina:512400
2025-08-22,512400,,1.347,1.374,1.347,1.368,242755566.0,331068149.0,,,sina:512400
2025-08-25,512400,,1.4,1.45,1.392,1.446,576397248.0,818886819.0,,,sina:512400
2025-08-26,512400,,1.441,1.444,1.414,1.427,464932226.0,663298214.0,,,sina:512400
2025-08-27,512400,,1.435,1.452,1.414,1.417,475231557.0,680821262.0,,,sina:512400
2025-08-28,512400,,1.415,1.444,1.402,1.443,460592102.0,657351475.0,,,sina:512400
2025-08-29,512400,,1.445,1.492,1.445,1.486,324122487.0,477320213.0,,,sina:512400
2025-09-01,512400,,1.516,1.534,1.473,1.533,623550225.0,942237645.0,,,sina:512400
2025-09-02,512400,,1.543,1.555,1.499,1.511,823133833.0,1252318553.0,,,sina:512400
2025-09-03,512400,,1.533,1.545,1.483,1.506,512335192.0,775490695.0,,,sina:512400
2025-09-04,512400,,1.5,1.517,1.414,1.444,702624472.0,1026054870.0,,,sina:512400
2025-09-05,512400,,1.431,1.508,1.431,1.507,492192707.0,727484743.0,,,sina:512400
2025-09-08,512400,,1.538,1.538,1.491,1.504,458408333.0,690756134.0,,,sina:512400
2025-09-09,512400,,1.505,1.549,1.499,1.515,600363759.0,915778243.0,,,sina:512400
2025-09-10,512400,,1.494,1.515,1.475,1.5,482134034.0,721488606.0,,,sina:512400
2025-09-11,512400,,1.495,1.525,1.49,1.524,368122053.0,556123556.0,,,sina:512400
2025-09-12,512400,,1.538,1.578,1.533,1.562,654339700.0,1018166047.0,,,sina:512400
2025-09-15,512400,,1.549,1.559,1.531,1.535,464055624.0,716447086.0,,,sina:512400
2025-09-16,512400,,1.551,1.556,1.481,1.515,841742038.0,1269653573.0,,,sina:512400
2025-09-17,512400,,1.502,1.52,1.488,1.518,530223836.0,797713416.0,,,sina:512400
2025-09-18,512400,,1.499,1.5,1.444,1.464,774081751.0,1145287512.0,,,sina:512400
2025-09-19,512400,,1.46,1.495,1.46,1.483,451014720.0,667891624.0,,,sina:512400
2025-09-22,512400,,1.498,1.504,1.467,1.497,358770443.0,532385391.0,,,sina:512400
2025-09-23,512400,,1.497,1.519,1.459,1.483,530334081.0,789934411.0,,,sina:512400
2025-09-24,512400,,1.474,1.504,1.473,1.503,430750292.0,642457640.0,,,sina:512400
2025-09-25,512400,,1.529,1.548,1.518,1.533,634450202.0,974204643.0,,,sina:512400
2025-09-26,512400,,1.531,1.566,1.526,1.532,471850322.0,728550439.0,,,sina:512400
2025-09-29,512400,,1.551,1.596,1.533,1.595,592114709.0,929013070.0,,,sina:512400
2025-09-30,512400,,1.615,1.658,1.614,1.653,723701753.0,1188432665.0,,,sina:512400
2025-10-09,512400,,1.75,1.8,1.716,1.797,1173372364.0,2060595625.0,,,sina:512400
2025-10-10,512400,,1.785,1.791,1.721,1.732,1363346391.0,2391171597.0,,,sina:512400
2025-10-13,512400,,1.678,1.806,1.678,1.799,1406855255.0,2457507025.0,,,sina:512400
2025-10-14,512400,,1.846,1.851,1.712,1.728,1414009987.0,2530465125.0,,,sina:512400
2025-10-15,512400,,1.741,1.756,1.693,1.744,997086152.0,1722245438.0,,,sina:512400
2025-10-16,512400,,1.735,1.746,1.696,1.704,613396679.0,1055816489.0,,,sina:512400
2025-10-17,512400,,1.726,1.745,1.666,1.671,689456242.0,1172643072.0,,,sina:512400
2025-10-20,512400,,1.658,1.673,1.636,1.648,596823951.0,986476583.0,,,sina:512400
2025-10-21,512400,,1.668,1.69,1.648,1.674,517444071.0,865684065.0,,,sina:512400
2025-10-22,512400,,1.61,1.656,1.608,1.652,574830519.0,940168386.0,,,sina:512400
2025-10-23,512400,,1.642,1.676,1.619,1.671,472555429.0,779005382.0,,,sina:512400
2025-10-24,512400,,1.688,1.709,1.677,1.7,548622217.0,928793685.0,,,sina:512400
2025-10-27,512400,,1.714,1.753,1.71,1.741,665849062.0,1154417386.0,,,sina:512400
2025-10-28,512400,,1.73,1.732,1.681,1.686,693733556.0,1180047302.0,,,sina:512400
2025-10-29,512400,,1.691,1.767,1.691,1.764,674916716.0,1170523259.0,,,sina:512400
2025-10-30,512400,,1.754,1.808,1.746,1.784,763971199.0,1359465375.0,,,sina:512400
2025-10-31,512400,,1.776,1.785,1.742,1.744,502687906.0,885472556.0,,,sina:512400
2025-11-03,512400,,1.731,1.74,1.671,1.719,627141979.0,1064766455.0,,,sina:512400
2025-11-04,512400,,1.705,1.716,1.651,1.667,399015118.0,669157732.0,,,sina:512400
2025-11-05,512400,,1.626,1.681,1.619,1.674,610128420.0,1008808653.0,,,sina:512400
2025-11-06,512400,,1.673,1.729,1.669,1.728,597116200.0,1020250298.0,,,sina:512400
2025-11-07,512400,,1.724,1.749,1.711,1.738,342176200.0,593571644.0,,,sina:512400
2025-11-10,512400,,1.757,1.777,1.731,1.746,504554925.0,883618330.0,,,sina:512400
2025-11-11,512400,,1.762,1.768,1.718,1.722,342572678.0,594701376.0,,,sina:512400
2025-11-12,512400,,1.715,1.75,1.696,1.723,356233073.0,614181093.0,,,sina:512400
2025-11-13,512400,,1.739,1.81,1.733,1.794,723423153.0,1291354002.0,,,sina:512400
2025-11-14,512400,,1.766,1.781,1.747,1.76,437286057.0,773036500.0,,,sina:512400
2025-11-17,512400,,1.753,1.771,1.742,1.751,393258694.0,689736187.0,,,sina:512400
2025-11-18,512400,,1.745,1.749,1.688,1.702,528579008.0,905046122.0,,,sina:512400
2025-11-19,512400,,1.707,1.76,1.707,1.75,378697307.0,655836308.0,,,sina:512400
2025-11-20,512400,,1.75,1.785,1.738,1.742,410002690.0,722425088.0,,,sina:512400
2025-11-21,512400,,1.712,1.712,1.648,1.65,644782577.0,1075404175.0,,,sina:512400
2025-11-24,512400,,1.65,1.658,1.608,1.638,430050639.0,701376210.0,,,sina:512400
2025-11-25,512400,,1.657,1.684,1.648,1.674,356894316.0,595964751.0,,,sina:512400
2025-11-26,512400,,1.681,1.694,1.668,1.674,242435400.0,407303739.0,,,sina:512400
2025-11-27,512400,,1.689,1.71,1.673,1.676,288171579.0,488372072.0,,,sina:512400
2025-11-28,512400,,1.682,1.71,1.67,1.704,300989898.0,510612272.0,,,sina:512400
2025-12-01,512400,,1.748,1.784,1.742,1.756,541637472.0,953410969.0,,,sina:512400
2025-12-02,512400,,1.745,1.745,1.72,1.731,335750704.0,580873958.0,,,sina:512400
2025-12-03,512400,,1.732,1.764,1.729,1.742,356331310.0,621174478.0,,,sina:512400
2025-12-04,512400,,1.769,1.787,1.741,1.748,376759941.0,664073543.0,,,sina:512400
2025-12-05,512400,,1.739,1.797,1.739,1.793,505559747.0,898744118.0,,,sina:512400
2025-12-08,512400,,1.8,1.806,1.769,1.806,567316125.0,1015511286.0,,,sina:512400
2025-12-09,512400,,1.79,1.791,1.734,1.746,488043676.0,856737960.0,,,sina:512400
2025-12-10,512400,,1.754,1.766,1.737,1.764,482904310.0,846848492.0,,,sina:512400
2025-12-11,512400,,1.781,1.793,1.749,1.751,399680824.0,708630254.0,,,sina:512400
2025-12-12,512400,,1.779,1.784,1.754,1.77,333801950.0,590750336.0,,,sina:512400
2025-12-15,512400,,1.748,1.782,1.746,1.762,294760178.0,520815849.0,,,sina:512400
2025-12-16,512400,,1.755,1.757,1.702,1.715,590729376.0,1016575305.0,,,sina:512400
2025-12-17,512400,,1.726,1.784,1.726,1.775,440365889.0,773547691.0,,,sina:512400
2025-12-18,512400,,1.774,1.8,1.761,1.772,401335888.0,714714415.0,,,sina:512400
2025-12-19,512400,,1.768,1.809,1.751,1.807,408497332.0,730362367.0,,,sina:512400
2025-12-22,512400,,1.83,1.858,1.821,1.847,487182651.0,897941190.0,,,sina:512400
2025-12-23,512400,,1.859,1.891,1.837,1.859,554642985.0,1031754314.0,,,sina:512400
2025-12-24,512400,,1.877,1.883,1.85,1.869,628654478.0,1169480269.0,,,sina:512400
2025-12-25,512400,,1.844,1.855,1.824,1.847,490019083.0,900447936.0,,,sina:512400
2025-12-26,512400,,1.873,1.932,1.873,1.92,781951605.0,1490585874.0,,,sina:512400
2025-12-29,512400,,1.95,1.951,1.875,1.878,1275225492.0,2430104226.0,,,sina:512400
2025-12-30,512400,,1.816,1.921,1.816,1.909,967935121.0,1818131207.0,,,sina:512400
2025-12-31,512400,,1.909,1.962,1.907,1.927,608853075.0,1175517513.0,,,sina:512400
2026-01-05,512400,,1.956,1.984,1.937,1.981,821103258.0,1614568536.0,,,sina:512400
2026-01-06,512400,,2.014,2.073,2.007,2.06,815977983.0,1669367215.0,,,sina:512400
2026-01-07,512400,,2.08,2.103,2.046,2.068,929578674.0,1924579790.0,,,sina:512400
2026-01-08,512400,,2.04,2.081,2.007,2.032,1003648107.0,2050661659.0,,,sina:512400
2026-01-09,512400,,2.013,2.101,2.012,2.094,918307372.0,1905426966.0,,,sina:512400
2026-01-12,512400,,2.149,2.157,2.081,2.118,1080566695.0,2276867295.0,,,sina:512400
2026-01-13,512400,,2.119,2.186,2.114,2.141,1121051856.0,2408308432.0,,,sina:512400
2026-01-14,512400,,2.157,2.2,2.131,2.148,1296903856.0,2811846782.0,,,sina:512400
2026-01-15,512400,,2.147,2.245,2.136,2.206,1425694986.0,3127162294.0,,,sina:512400
2026-01-16,512400,,2.206,2.249,2.163,2.175,1456648009.0,3207798649.0,,,sina:512400
2026-01-19,512400,,2.174,2.19,2.127,2.177,1005736643.0,2177613843.0,,,sina:512400
2026-01-20,512400,,2.188,2.209,2.107,2.184,1220010486.0,2636004994.0,,,sina:512400
2026-01-21,512400,,2.184,2.255,2.177,2.253,974456705.0,2167679854.0,,,sina:512400
2026-01-22,512400,,2.225,2.247,2.202,2.236,847264879.0,1887714637.0,,,sina:512400
2026-01-23,512400,,2.266,2.308,2.245,2.293,783538420.0,1784756989.0,,,sina:512400
2026-01-26,512400,,2.358,2.427,2.356,2.414,1262890240.0,3027127967.0,,,sina:512400
2026-01-27,512400,,2.386,2.451,2.341,2.391,1736345852.0,4154591664.0,,,sina:512400
2026-01-28,512400,,2.405,2.563,2.381,2.549,1632497715.0,4066148220.0,,,sina:512400
2026-01-29,512400,,2.63,2.674,2.462,2.595,2364193561.0,6086809192.0,,,sina:512400
2026-01-30,512400,,2.45,2.474,2.336,2.339,2619463942.0,6255985703.0,,,sina:512400
2026-02-02,512400,,2.105,2.22,2.105,2.105,2122540535.0,4587158434.0,,,sina:512400
2026-02-03,512400,,2.189,2.26,2.139,2.249,1804853876.0,3958825171.0,,,sina:512400
2026-02-04,512400,,2.297,2.307,2.223,2.253,948140662.0,2138074475.0,,,sina:512400
2026-02-05,512400,,2.198,2.226,2.11,2.144,1040139900.0,2242038212.0,,,sina:512400
2026-02-06,512400,,2.047,2.182,2.047,2.153,825787558.0,1761784760.0,,,sina:512400
2026-02-09,512400,,2.203,2.216,2.175,2.199,609269910.0,1336846952.0,,,sina:512400
2026-02-10,512400,,2.204,2.215,2.181,2.195,494832027.0,1086863345.0,,,sina:512400
2026-02-11,512400,,2.193,2.274,2.191,2.256,624105100.0,1400321870.0,,,sina:512400
2026-02-12,512400,,2.255,2.299,2.25,2.271,608309892.0,1385331627.0,,,sina:512400
2026-02-13,512400,,2.223,2.245,2.187,2.193,770705500.0,1706193078.0,,,sina:512400
2026-02-24,512400,,2.262,2.276,2.244,2.26,675779498.0,1527811520.0,,,sina:512400
2026-02-25,512400,,2.27,2.373,2.262,2.347,904177100.0,2107995723.0,,,sina:512400
2026-02-26,512400,,2.37,2.372,2.321,2.329,759333119.0,1777340264.0,,,sina:512400
2026-02-27,512400,,2.313,2.414,2.313,2.41,879991257.0,2096756782.0,,,sina:512400
2026-03-02,512400,,2.482,2.5,2.371,2.498,1262327006.0,3077336629.0,,,sina:512400
2026-03-03,512400,,2.453,2.48,2.35,2.362,1325941910.0,3189432576.0,,,sina:512400
2026-03-04,512400,,2.263,2.398,2.263,2.345,887007201.0,2084727503.0,,,sina:512400
2026-03-05,512400,,2.383,2.39,2.3,2.326,878581946.0,2049931601.0,,,sina:512400
2026-03-06,512400,,2.292,2.319,2.245,2.279,698793417.0,1595479547.0,,,sina:512400
2026-03-09,512400,,2.226,2.273,2.173,2.257,934323207.0,2071183749.0,,,sina:512400
2026-03-10,512400,,2.272,2.289,2.259,2.279,450054287.0,1023695713.0,,,sina:512400
2026-03-11,512400,,2.29,2.299,2.262,2.271,414984945.0,945084585.0,,,sina:512400
2026-03-12,512400,,2.25,2.284,2.228,2.254,662057498.0,1492032109.0,,,sina:512400
2026-03-13,512400,,2.233,2.283,2.187,2.193,690274410.0,1540568972.0,,,sina:512400
2026-03-16,512400,,2.163,2.183,2.073,2.126,1309281158.0,2775299938.0,,,sina:512400
2026-03-17,512400,,2.131,2.157,2.09,2.091,739588470.0,1572143020.0,,,sina:512400
2026-03-18,512400,,2.085,2.094,2.038,2.075,637007525.0,1314591157.0,,,sina:512400
2026-03-19,512400,,2.01,2.023,1.935,1.944,1240675758.0,2447335454.0,,,sina:512400
2026-03-20,512400,,1.935,1.978,1.915,1.917,923187072.0,1799586404.0,,,sina:512400
2026-03-23,512400,,1.852,1.907,1.819,1.823,1042763001.0,1938348195.0,,,sina:512400
2026-03-24,512400,,1.87,1.894,1.811,1.892,1021609325.0,1894311895.0,,,sina:512400
2026-03-25,512400,,1.95,1.976,1.934,1.952,781605110.0,1528907892.0,,,sina:512400
2026-03-26,512400,,1.945,1.961,1.908,1.919,439309617.0,850369038.0,,,sina:512400
2026-03-27,512400,,1.881,1.989,1.877,1.976,629108178.0,1228465525.0,,,sina:512400
2026-03-30,512400,,1.978,2.01,1.951,2.008,497717448.0,987634457.0,,,sina:512400
2026-03-31,512400,,2.009,2.024,1.968,1.983,450186932.0,898228896.0,,,sina:512400
2026-04-01,512400,,2.032,2.035,2.004,2.026,560244000.0,1132264450.0,,,sina:512400
2026-04-02,512400,,2.018,2.03,1.972,1.991,503714274.0,1007097536.0,,,sina:512400
2026-04-03,512400,,1.99,2.0,1.961,1.971,304741405.0,602205047.0,,,sina:512400
2026-04-07,512400,,1.97,1.998,1.97,1.992,271504559.0,539126400.0,,,sina:512400
2026-04-08,512400,,2.06,2.12,2.06,2.119,750223896.0,1569912677.0,,,sina:512400
2026-04-09,512400,,2.081,2.122,2.075,2.103,513745726.0,1077600681.0,,,sina:512400
2026-04-10,512400,,2.12,2.128,2.09,2.096,442929612.0,932549685.0,,,sina:512400
2026-04-13,512400,,2.078,2.104,2.075,2.096,411704456.0,860705749.0,,,sina:512400
2026-04-14,512400,,2.14,2.144,2.108,2.136,536881063.0,1140808668.0,,,sina:512400
2026-04-15,512400,,2.168,2.174,2.097,2.104,513796341.0,1098272760.0,,,sina:512400
2026-04-16,512400,,2.115,2.17,2.115,2.17,527497532.0,1133518617.0,,,sina:512400
2026-04-17,512400,,2.152,2.184,2.15,2.167,343802756.0,745783562.0,,,sina:512400
2026-04-20,512400,,2.166,2.197,2.16,2.179,400841918.0,872691514.0,,,sina:512400
2026-04-21,512400,,2.182,2.186,2.147,2.18,379395190.0,824157616.0,,,sina:512400
2026-04-22,512400,,2.158,2.187,2.153,2.179,461010820.0,1002010250.0,,,sina:512400
2026-04-23,512400,,2.178,2.185,2.081,2.098,764120779.0,1612859892.0,,,sina:512400
2026-04-24,512400,,2.083,2.131,2.066,2.118,502114586.0,1050990720.0,,,sina:512400
2026-04-27,512400,,2.112,2.12,2.091,2.095,326369546.0,685380331.0,,,sina:512400
2026-04-28,512400,,2.081,2.084,2.036,2.043,423109077.0,867853166.0,,,sina:512400
2026-04-29,512400,,2.032,2.14,2.032,2.14,564009175.0,1186274821.0,,,sina:512400
2026-04-30,512400,,2.128,2.154,2.101,2.119,380262704.0,807395293.0,,,sina:512400
2026-05-06,512400,,2.134,2.2,2.114,2.199,701034311.0,1518315837.0,,,sina:512400
2026-05-07,512400,,2.231,2.235,2.178,2.207,752127563.0,1658626372.0,,,sina:512400
2026-05-08,512400,,2.188,2.215,2.165,2.206,540275362.0,1185767596.0,,,sina:512400
2026-05-11,512400,,2.199,2.225,2.186,2.208,672843203.0,1483180160.0,,,sina:512400
2026-05-12,512400,,2.236,2.249,2.18,2.188,746163677.0,1646195190.0,,,sina:512400
2026-05-13,512400,,2.196,2.226,2.188,2.209,609057945.0,1343985039.0,,,sina:512400
2026-05-14,512400,,2.199,2.209,2.128,2.13,622112933.0,1345276196.0,,,sina:512400
2026-05-15,512400,,2.105,2.11,2.025,2.039,708486456.0,1459357359.0,,,sina:512400
2026-05-18,512400,,1.99,2.017,1.973,2.009,521962742.0,1043510007.0,,,sina:512400
2026-05-19,512400,,2.006,2.006,1.942,1.981,413093032.0,812731964.0,,,sina:512400
2026-05-20,512400,,1.95,2.0,1.931,1.985,501468135.0,984714161.0,,,sina:512400
2026-05-21,512400,,2.007,2.036,1.943,1.947,540683537.0,1081639563.0,,,sina:512400
2026-05-22,512400,,1.951,2.029,1.941,2.019,494317295.0,983949219.0,,,sina:512400
2026-05-25,512400,,2.05,2.066,2.01,2.025,696371248.0,1414202739.0,,,sina:512400
2026-05-26,512400,,2.009,2.1,1.984,2.095,870205014.0,1788917607.0,,,sina:512400
2026-05-27,512400,,2.085,2.092,2.0,2.013,657759366.0,1340244557.0,,,sina:512400
2026-05-28,512400,,1.983,2.008,1.937,1.991,620167667.0,1222480512.0,,,sina:512400
2026-05-29,512400,,2.012,2.028,1.953,1.965,500427733.0,993563687.0,,,sina:512400
2026-06-01,512400,,1.961,1.988,1.944,1.949,439299904.0,863503387.0,,,sina:512400
2026-06-02,512400,,1.955,2.022,1.926,2.015,617211337.0,1222949495.0,,,sina:512400
2026-06-03,512400,,1.997,2.054,1.988,2.032,625129872.0,1270392951.0,,,sina:512400
2026-06-04,512400,,2.004,2.007,1.958,1.97,481973300.0,949645144.0,,,sina:512400
2026-06-05,512400,,1.95,1.983,1.917,1.926,457796113.0,892310074.0,,,sina:512400
2026-06-08,512400,,1.844,1.876,1.792,1.82,703786117.0,1292192322.0,,,sina:512400
2026-06-09,512400,,1.829,1.874,1.792,1.869,604061373.0,1101755024.0,,,sina:512400
2026-06-10,512400,,1.823,1.864,1.82,1.843,441786441.0,812289814.0,,,sina:512400
2026-06-11,512400,,1.825,1.898,1.825,1.88,681421182.0,1276083660.0,,,sina:512400
2026-06-12,512400,,1.932,2.02,1.913,1.976,888871328.0,1748994682.0,,,sina:512400
2026-06-15,512400,,2.039,2.1,2.009,2.063,1293542597.0,2645999708.0,,,sina:512400
2026-06-16,512400,,2.04,2.08,2.033,2.049,794928688.0,1636991870.0,,,sina:512400
2026-06-17,512400,有色金属ETF,2.041,2.069,2.018,2.045,673526900.0,1376183838.425,,,
2026-06-18,512400,有色金属ETF,2.016,2.099,2.005,2.05,888319700.0,1814392987.25,,,
2026-06-22,512400,有色金属ETF,2.034,2.162,2.027,2.155,931878200.0,1951818889.9,,,
2026-06-23,512400,有色金属ETF,2.149,2.149,1.96,1.976,1089698700.0,2243144773.95,,,
2026-06-24,512400,有色金属ETF,1.944,1.981,1.913,1.98,837687700.0,1637260609.65,,,
2026-06-25,512400,有色金属ETF,1.935,1.954,1.908,1.922,676903800.0,1306255108.05,,,
2026-06-26,512400,有色金属ETF,1.921,1.932,1.831,1.839,915382100.0,1721604884.5749998,,,
2026-06-29,512400,有色金属ETF,1.837,1.876,1.826,1.864,619119800.0,1145835969.85,,,
2026-06-30,512400,有色金属ETF,1.831,1.856,1.804,1.854,434596900.0,798028557.6250001,,,
2026-07-01,512400,有色金属ETF,1.841,1.879,1.83,1.848,476196700.0,880725796.65,,,
2026-07-02,512400,有色金属ETF,1.863,1.913,1.827,1.88,664350800.0,1242834259.1,,,
2026-07-03,512400,有色金属ETF,1.916,1.932,1.885,1.892,757254100.0,1443515628.125,,,
2026-07-06,512400,有色金属ETF,1.895,1.953,1.861,1.865,654773000.0,1239812675.5,,,
2026-07-07,512400,有色金属ETF,1.837,1.855,1.799,1.803,502828800.0,916908316.7999998,,,
2026-07-08,512400,有色金属ETF,1.79,1.799,1.75,1.75,448815600.0,795413447.1,,,
2026-07-09,512400,有色金属ETF,1.73,1.763,1.665,1.745,702294600.0,1211984905.9499998,,,
2026-07-10,512400,有色金属ETF,1.75,1.803,1.729,1.756,502344200.0,883874619.9,,,
2026-07-13,512400,有色金属ETF,1.734,1.734,1.673,1.679,408975100.0,697302545.5,,,
2026-07-14,512400,有色金属ETF,1.667,1.774,1.658,1.774,674219900.0,1158478343.175,,,
2026-07-15,512400,有色金属ETF,1.781,1.781,1.734,1.739,441500600.0,776489180.25,,,
2026-07-16,512400,有色金属ETF,1.72,1.756,1.71,1.725,395243700.0,682882302.6750001,,,
2026-07-17,512400,有色金属ETF,1.702,1.706,1.626,1.636,567454600.0,946230545.5,,,
2026-07-20,512400,有色金属ETF,1.65,1.675,1.605,1.625,465452200.0,762759792.75,,,
2026-07-21,512400,有色金属ETF,1.649,1.711,1.622,1.71,575805200.0,963322099.6,,,
2026-07-22,512400,有色金属ETF,1.723,1.794,1.72,1.768,709736900.0,1242926746.125,,,
2026-07-23,512400,有色金属ETF,1.775,1.851,1.759,1.822,1024440800.0,1845786211.4,,,
2026-07-24,512400,有色金属ETF,1.759,1.787,1.727,1.735,665823400.0,1166522596.8,,,
2026-07-27,512400,有色金属ETF,1.761,1.777,1.733,1.776,462378800.0,814595850.9000001,,,
2026-07-28,512400,有色金属ETF,1.743,1.757,1.72,1.736,532049000.0,925233210.9999999,,,
2026-07-29,512400,有色金属ETF,1.736,1.784,1.712,1.768,403800700.0,706651225.0,,,
2026-07-30,512400,有色金属ETF,1.78,1.801,1.734,1.747,509355000.0,899266252.5,,,
2026-07-31,512400,有色金属ETF,1.778,1.82,1.777,1.792,470245100.0,842561657.9250001,,,
2026-08-03,512400,有色金属ETF,1.79,1.793,1.753,1.778,363053200.0,645690116.2,,,
2026-08-04,512400,有色金属ETF,1.781,1.811,1.772,1.809,461070800.0,826815212.1,,,
2026-08-05,512400,有色金属ETF,1.825,1.905,1.818,1.903,894757700.0,1666709905.6750002,,,
2026-08-06,512400,有色金属ETF,1.95,1.959,1.894,1.917,921344300.0,1778194499.0000002,,,
2026-08-07,512400,有色金属ETF,1.909,1.985,1.909,1.985,659000300.0,1283073584.1000001,,,
2026-08-10,512400,有色金属ETF,2.01,2.024,1.971,2.018,810964900.0,1626592848.175,,,
2026-08-11,512400,有色金属ETF,2.02,2.03,1.92,1.92,1078317100.0,2126980479.75,,,
