line,symbol,name,signal_date,entry_date,exit_date,ret,cash_before,cash_after,rank_score,score_detail,variant,window,combo
C,159930,能源ETF,2019-01-02,2019-01-03,2019-03-07,0.2121212121212121,10000.0,12121.212121212122,0.6666666666666666,hit=2/3;selected_score=1.0224229652328765,forced_all,2019_2026,C
C,510880,红利ETF,2019-03-07,2019-03-08,2019-05-09,-0.033297529538131,12121.212121212122,11717.60570256811,0.0,hit=0/5;selected_score=2.104271982082723,forced_all,2019_2026,C
C,512950,央企改革ETF,2019-05-09,2019-05-10,2019-07-08,0.0020366598778003,11717.60570256811,11741.470479966414,1.0,hit=5/5;selected_score=0.2052185486730131,forced_all,2019_2026,C
C,512400,有色金属ETF,2019-07-08,2019-07-09,2019-09-03,0.0514018691588784,11741.470479966414,12345.004009310482,0.3333333333333333,hit=1/3;selected_score=1.0224229652328765,forced_all,2019_2026,C
C,510880,红利ETF,2019-09-03,2019-09-04,2019-11-07,-0.0049733570159856,12345.004009310482,12283.607897008407,0.0,hit=0/5;selected_score=2.104271982082723,forced_all,2019_2026,C
C,510880,红利ETF,2019-11-07,2019-11-08,2020-01-06,0.0465782873522033,12283.607897008407,12855.75731535706,0.0,hit=0/5;selected_score=2.104271982082723,forced_all,2019_2026,C
C,159930,能源ETF,2020-01-10,2020-01-13,2020-03-17,-0.172461752433936,12855.75731535706,10638.630879885188,0.6666666666666666,hit=2/3;selected_score=0.8395419125568604,forced_all,2019_2026,C
C,159930,能源ETF,2020-03-17,2020-03-18,2020-05-19,-0.0086058519793459,10638.630879885188,10547.076397269997,0.6666666666666666,hit=2/3;selected_score=0.8395419125568604,forced_all,2019_2026,C
C,510880,红利ETF,2020-05-19,2020-05-20,2020-07-17,0.090458488228005,10547.076397269997,11501.148983392315,0.6,hit=3/5;selected_score=0.5955656731105526,forced_all,2019_2026,C
C,515210,钢铁ETF,2020-07-17,2020-07-20,2020-09-14,0.0120068610634649,11501.148983392315,11639.241681306117,0.6666666666666666,hit=2/3;selected_score=0.8395419125568604,forced_all,2019_2026,C
C,512950,央企改革ETF,2020-09-14,2020-09-15,2020-11-18,0.0407196969696967,11639.241681306117,12113.188075525966,1.0,hit=5/5;selected_score=0.3035698322814436,forced_all,2019_2026,C
C,159902,中小板ETF,2020-11-18,2020-11-19,2021-01-15,0.1114827201783723,12113.188075525966,13463.599232217824,1.0,hit=5/5;selected_score=0.5955656731105526,forced_all,2019_2026,C
C,512400,有色金属ETF,2021-01-15,2021-01-18,2021-03-22,-0.0147737765466297,13463.599232217824,13264.691025647664,0.75,hit=3/4;selected_score=0.9106525611216468,forced_all,2019_2026,C
C,159902,中小板ETF,2021-03-22,2021-03-23,2021-05-24,0.0548039440495298,13264.691025647664,13991.648410451558,0.6,hit=3/5;selected_score=0.5241558570254087,forced_all,2019_2026,C
C,159930,能源ETF,2021-05-24,2021-05-25,2021-07-21,0.0493150684931507,13991.648410451558,14681.64751014506,0.75,hit=3/4;selected_score=0.9106525611216468,forced_all,2019_2026,C
C,512880,证券ETF,2021-07-21,2021-07-22,2021-09-16,0.0723327305605785,14681.64751014506,15743.611163681771,0.25,hit=1/4;selected_score=2.3524022655757726,forced_all,2019_2026,C
C,512660,军工ETF,2021-09-16,2021-09-17,2021-11-23,0.1494435612082669,15743.611163681771,18096.392482260602,0.6,hit=3/5;selected_score=0.6127133230906227,forced_all,2019_2026,C
C,515210,钢铁ETF,2021-11-23,2021-11-24,2022-01-20,-0.0369068541300527,18096.392482260602,17428.51156463763,0.25,hit=1/4;selected_score=0.9106525611216468,forced_all,2019_2026,C
C,159813,半导体ETF鹏华,2022-01-20,2022-01-21,2022-03-25,-0.0865384615384616,17428.51156463763,15920.274986928604,0.8,hit=4/5;selected_score=73869226391.63521,forced_all,2019_2026,C
C,512720,计算机ETF,2022-03-25,2022-03-28,2022-05-30,-0.1272563176895308,15920.274986928604,13894.319415487325,0.6,hit=3/5;selected_score=73869226391.63521,forced_all,2019_2026,C
C,512720,计算机ETF,2022-05-30,2022-05-31,2022-07-27,0.062753036437247,13894.319415487325,14766.23014803815,0.4,hit=2/5;selected_score=73869226391.63521,forced_all,2019_2026,C
C,516970,基建ETF,2022-07-27,2022-07-28,2022-09-23,-0.0717372515125324,14766.23014803815,13706.941382016399,0.6,hit=3/5;selected_score=0.5492349920969236,forced_all,2019_2026,C
C,159813,半导体ETF鹏华,2022-09-23,2022-09-26,2022-11-28,0.0,13706.941382016399,13706.941382016399,0.8,hit=4/5;selected_score=73869226391.63521,forced_all,2019_2026,C
C,512660,军工ETF,2022-11-28,2022-11-29,2023-02-01,0.019349164467898,13706.941382016399,13972.159245168872,0.4,hit=2/5;selected_score=0.5492349920969236,forced_all,2019_2026,C
C,159825,农业ETF,2023-02-01,2023-02-02,2023-03-30,-0.0670329670329671,13972.159245168872,13035.5639551081,0.6,hit=3/5;selected_score=0.2802254631310315,forced_all,2019_2026,C
C,512660,军工ETF,2023-03-30,2023-03-31,2023-06-01,-0.0045829514207148,13035.5639551081,12975.822598760218,0.6,hit=3/5;selected_score=0.6693244330852537,forced_all,2019_2026,C
C,159666,交通运输ETF,2023-06-01,2023-06-02,2023-08-01,0.0511182108626198,12975.822598760218,13639.12343447959,1.0,hit=5/5;selected_score=0.6693244330852537,forced_all,2019_2026,C
C,515170,食品饮料ETF,2023-08-01,2023-08-02,2023-09-27,-0.0660247592847317,13639.12343447959,12738.603592863332,0.6,hit=3/5;selected_score=0.2802254631310315,forced_all,2019_2026,C
C,512660,军工ETF,2023-09-27,2023-09-28,2023-12-01,-0.0229083665338645,12738.603592863332,12446.782992628416,0.8,hit=4/5;selected_score=0.6693244330852537,forced_all,2019_2026,C
C,515790,光伏ETF,2023-12-01,2023-12-04,2024-01-30,-0.0870588235294117,12446.782992628416,11363.180708564296,0.75,hit=3/4;selected_score=0.3858103633572226,forced_all,2019_2026,C
C,515170,食品饮料ETF,2024-01-30,2024-01-31,2024-04-08,0.104882459312839,11363.180708564296,12554.979046894729,0.8,hit=4/5;selected_score=5.418702806095758,forced_all,2019_2026,C
C,515790,光伏ETF,2024-04-08,2024-04-09,2024-06-07,-0.0965435041716328,12554.979046894729,11342.877374906084,0.75,hit=3/4;selected_score=0.3858103633572226,forced_all,2019_2026,C
C,512400,有色金属ETF,2024-06-07,2024-06-11,2024-08-06,-0.0999020568070517,11342.877374906084,10209.700595042796,0.5,hit=2/4;selected_score=0.8348871811583229,forced_all,2019_2026,C
C,515170,食品饮料ETF,2024-08-06,2024-08-07,2024-10-11,0.1374764595103577,10209.700595042796,11613.294085510071,1.0,hit=5/5;selected_score=5.418702806095758,forced_all,2019_2026,C
C,159825,农业ETF,2024-10-11,2024-10-14,2024-12-09,0.0194029850746269,11613.294085510071,11838.626657318477,1.0,hit=5/5;selected_score=5.418702806095758,forced_all,2019_2026,C
C,159755,电池ETF,2024-12-09,2024-12-10,2025-02-13,-0.0043165467625899,11838.626657318477,11787.524671747318,0.5,hit=2/4;selected_score=0.3858103633572226,forced_all,2019_2026,C
C,159666,交通运输ETF,2025-02-13,2025-02-14,2025-04-14,-0.0083857442348008,11787.524671747318,11688.677504688641,0.4,hit=2/5;selected_score=0.6773704614667067,forced_all,2019_2026,C
C,159811,5G50ETF,2025-04-14,2025-04-15,2025-06-16,0.0938883968113375,11688.677504688641,12786.108696448604,0.6,hit=3/5;selected_score=0.6577780442521962,forced_all,2019_2026,C
C,516750,建材ETF,2025-06-16,2025-06-17,2025-07-21,0.1596091205211727,12786.108696448604,14826.888260376883,0.5,hit=2/4;selected_score=0.874448383058415,forced_all,2019_2026,C
C,515170,食品饮料ETF,2025-07-21,2025-07-22,2025-09-16,0.0273504273504274,14826.888260376883,15232.409990575228,0.4,hit=2/5;selected_score=4.631414050001935,forced_all,2019_2026,C
C,512660,军工ETF,2025-09-16,2025-09-17,2025-11-20,-0.0210084033613444,15232.409990575228,14912.401377327853,0.4,hit=2/5;selected_score=0.6773704614667067,forced_all,2019_2026,C
C,159611,电力ETF,2025-11-20,2025-11-21,2026-01-20,0.0313111545988258,14912.401377327853,15379.32588229311,1.0,hit=4/4;selected_score=0.874448383058415,forced_all,2019_2026,C
C,515170,食品饮料ETF,2026-01-20,2026-01-21,2026-03-26,-0.0591497227356747,15379.32588229311,14469.643020493888,0.6,hit=3/5;selected_score=4.660178453401736,forced_all,2019_2026,C
C,512950,央企改革ETF,2026-03-26,2026-03-27,2026-05-28,0.0665770006724948,14469.643020493888,15432.98845360007,0.8,hit=4/5;selected_score=0.6686964927681998,forced_all,2019_2026,C
C,516970,基建ETF,2026-05-28,2026-05-29,2026-07-27,-0.0635738831615119,15432.98845360007,14451.853448817938,0.8,hit=4/5;selected_score=0.6686964927681998,forced_all,2019_2026,C
S,159766,旅游ETF,2023-01-03,2023-01-04,2023-01-18,0.0026929982046677,10000.0,10026.929982046677,0.8711111111111112,"{""score"": 0.8711111111111112, ""momentum"": 0.04249291784702569, ""mom20"": 0.04249291784702569, ""mom60"": 0.16701902748414388, ""mom120"": 0.09090909090909105, ""vol20"": 0.2503233044194302, ""amount20"": 212615946.0, ""history_days"": 352, ""accel"": 1.0}",forced_all,2019_2026,S
S,159852,软件ETF,2023-01-18,2023-01-19,2023-02-09,0.0534351145038167,10026.929982046677,10562.720133759094,0.8629629629629629,"{""score"": 0.8629629629629629, ""momentum"": 0.1556420233463034, ""mom20"": 0.1556420233463034, ""mom60"": 0.15864759427828345, ""mom120"": 0.1481958762886597, ""vol20"": 0.24269534153442004, ""amount20"": 49466077.337500006, ""history_days"": 471, ""accel"": 1.0}",forced_all,2019_2026,S
S,159851,金融科技ETF,2023-02-09,2023-02-10,2023-02-24,-0.0347222222222221,10562.720133759094,10195.959018003572,0.9130769230769232,"{""score"": 0.9130769230769231, ""momentum"": 0.1264591439688716, ""mom20"": 0.1264591439688716, ""mom60"": 0.17444219066937117, ""mom120"": 0.19628099173553704, ""vol20"": 0.22117853995531667, ""amount20"": 16705538.8, ""history_days"": 459, ""accel"": 1.0}",forced_all,2019_2026,S
S,512980,传媒ETF,2023-02-24,2023-02-27,2023-03-13,0.0542986425339364,10195.959018003572,10749.585752012814,0.8633333333333333,"{""score"": 0.8633333333333333, ""momentum"": 0.04658385093167716, ""mom20"": 0.04658385093167716, ""mom60"": 0.18038528896672523, ""mom120"": 0.1196013289036546, ""vol20"": 0.26416364511895907, ""amount20"": 105408499.0, ""history_days"": 1236, ""accel"": 1.0}",forced_all,2019_2026,S
S,516970,基建ETF,2023-03-13,2023-03-14,2023-03-28,0.002454991816694,10749.585752012814,10775.975897066857,0.8276923076923077,"{""score"": 0.8276923076923077, ""momentum"": 0.06875543951261953, ""mom20"": 0.06875543951261953, ""mom60"": 0.0522707797772064, ""mom120"": 0.06875543951261953, ""vol20"": 0.2430927494168103, ""amount20"": 166995824.0, ""history_days"": 410, ""accel"": 1.0}",forced_all,2019_2026,S
S,512980,传媒ETF,2023-03-28,2023-03-29,2023-04-13,0.1414392059553348,10775.975897066857,12300.12137134182,0.9123076923076924,"{""score"": 0.9123076923076923, ""momentum"": 0.21311475409836045, ""mom20"": 0.21311475409836045, ""mom60"": 0.37966101694915255, ""mom120"": 0.5329566854990582, ""vol20"": 0.3349547828155138, ""amount20"": 113418384.5, ""history_days"": 1258, ""accel"": 1.0}",forced_all,2019_2026,S
S,512980,传媒ETF,2023-04-13,2023-04-14,2023-04-28,0.0701559020044542,12300.12137134182,13163.04748091257,0.9069565217391304,"{""score"": 0.9069565217391304, ""momentum"": 0.3294797687861273, ""mom20"": 0.3294797687861273, ""mom60"": 0.47909967845659174, ""mom120"": 0.7068645640074211, ""vol20"": 0.5102687689865564, ""amount20"": 301717251.0, ""history_days"": 1269, ""accel"": 1.0}",forced_all,2019_2026,S
S,516970,基建ETF,2023-04-28,2023-05-04,2023-05-18,-0.0868628858578607,13163.04748091257,12019.66719003646,0.9123076923076924,"{""score"": 0.9123076923076923, ""momentum"": 0.14261884904086752, ""mom20"": 0.14261884904086752, ""mom60"": 0.2038664323374344, ""mom120"": 0.3198458574181118, ""vol20"": 0.28436410039907734, ""amount20"": 338325467.0, ""history_days"": 443, ""accel"": 1.0}",forced_all,2019_2026,S
S,159887,银行ETF,2023-05-18,2023-05-19,2023-06-02,-0.029443838604144,12019.66719003646,11665.762049217501,0.8200000000000001,"{""score"": 0.8200000000000001, ""momentum"": 0.043771043771043905, ""mom20"": 0.043771043771043905, ""mom60"": 0.07638888888888906, ""mom120"": 0.13138686131386867, ""vol20"": 0.2627489688826866, ""amount20"": 70946867.0, ""history_days"": 485, ""accel"": 1.0}",forced_all,2019_2026,S
S,159811,5G50ETF,2023-06-02,2023-06-05,2023-06-19,0.1004784688995215,11665.762049217501,12837.91995846902,0.94,"{""score"": 0.94, ""momentum"": 0.06864754098360648, ""mom20"": 0.06864754098360648, ""mom60"": 0.05888324873096451, ""mom120"": 0.20438799076212466, ""vol20"": 0.19010121175372785, ""amount20"": 10451990.5, ""history_days"": 756, ""accel"": 1.0}",forced_all,2019_2026,S
S,512980,传媒ETF,2023-06-19,2023-06-20,2023-07-06,-0.1570166830225711,12837.91995846902,10822.15234968095,0.9083333333333332,"{""score"": 0.9083333333333333, ""momentum"": 0.17811408614668212, ""mom20"": 0.17811408614668212, ""mom60"": 0.3211488250652741, ""mom120"": 0.7358490566037736, ""vol20"": 0.33741375224628534, ""amount20"": 248739616.0, ""history_days"": 1313, ""accel"": 1.0}",forced_all,2019_2026,S
S,159811,5G50ETF,2023-07-06,2023-07-07,2023-07-21,-0.0182648401826484,10822.15234968095,10624.487466581753,0.7927272727272727,"{""score"": 0.7927272727272727, ""momentum"": 0.0926108374384238, ""mom20"": 0.0926108374384238, ""mom60"": -0.013345195729537518, ""mom120"": 0.30011723329425566, ""vol20"": 0.3185891962836034, ""amount20"": 13096409.0, ""history_days"": 778, ""accel"": 1.0}",forced_all,2019_2026,S
S,162411,华宝油气LOF,2023-07-21,2023-07-24,2023-08-07,0.0601604278074867,10624.487466581753,11263.661177806593,0.8644444444444443,"{""score"": 0.8644444444444443, ""momentum"": 0.0935672514619883, ""mom20"": 0.0935672514619883, ""mom60"": 0.10650887573964485, ""mom120"": 0.06401137980085347, ""vol20"": 0.24101113799883223, ""amount20"": 25959589.675, ""history_days"": 2554, ""accel"": 1.0}",forced_all,2019_2026,S
S,162411,华宝油气LOF,2023-08-07,2023-08-08,2023-08-22,0.0368956743002544,11263.661177806593,11679.241552051364,0.8837037037037038,"{""score"": 0.8837037037037038, ""momentum"": 0.12005649717514144, ""mom20"": 0.12005649717514144, ""mom60"": 0.23712948517940724, ""mom120"": 0.13124108416547808, ""vol20"": 0.2638032442109675, ""amount20"": 39665427.0625, ""history_days"": 2565, ""accel"": 1.0}",forced_all,2019_2026,S
S,162411,华宝油气LOF,2023-08-22,2023-08-23,2023-09-06,0.0372208436724563,11679.241552051364,12113.952776073125,0.9275,"{""score"": 0.9275, ""momentum"": 0.07519788918205794, ""mom20"": 0.07519788918205794, ""mom60"": 0.23298033282904673, ""mom120"": 0.15602836879432624, ""vol20"": 0.2637440735749583, ""amount20"": 48909993.7625, ""history_days"": 2576, ""accel"": 1.0}",forced_all,2019_2026,S
S,501018,南方原油LOF,2023-09-06,2023-09-07,2023-09-21,-0.0022189349112426,12113.952776073125,12087.072703345153,0.8314285714285715,"{""score"": 0.8314285714285715, ""momentum"": 0.06319115323854674, ""mom20"": 0.06319115323854674, ""mom60"": 0.23941068139963173, ""mom120"": 0.20285969615728328, ""vol20"": 0.19756384765891613, ""amount20"": 4693308.675000001, ""history_days"": 1752, ""accel"": 1.0}",forced_all,2019_2026,S
S,501018,南方原油LOF,2023-09-21,2023-09-22,2023-10-16,-0.0160583941605839,12087.072703345153,11892.973725627202,0.9275,"{""score"": 0.9275, ""momentum"": 0.09674796747967473, ""mom20"": 0.09674796747967473, ""mom60"": 0.22413793103448265, ""mom120"": 0.25605214152700184, ""vol20"": 0.1982273714367672, ""amount20"": 6205941.975, ""history_days"": 1763, ""accel"": 1.0}",forced_all,2019_2026,S
S,159992,创新药ETF,2023-10-16,2023-10-17,2023-10-31,0.0197674418604651,11892.973725627202,12128.067392296578,0.7966666666666666,"{""score"": 0.7966666666666666, ""momentum"": 0.11627906976744184, ""mom20"": 0.11627906976744184, ""mom60"": 0.04096385542168668, ""mom120"": -0.11836734693877549, ""vol20"": 0.2281718870142841, ""amount20"": 323451209.0, ""history_days"": 852, ""accel"": 1.0}",forced_all,2019_2026,S
S,159992,创新药ETF,2023-10-31,2023-11-01,2023-11-15,0.0137772675086107,12128.067392296578,12295.159021122707,0.804,"{""score"": 0.804, ""momentum"": 0.0591787439613527, ""mom20"": 0.0591787439613527, ""mom60"": 0.04156769596199528, ""mom120"": -0.0488069414316703, ""vol20"": 0.299912899912973, ""amount20"": 387128182.5, ""history_days"": 863, ""accel"": 1.0}",forced_all,2019_2026,S
S,159813,半导体ETF鹏华,2023-11-15,2023-11-16,2023-11-30,-0.0234375000000001,12295.159021122707,12006.991231565142,0.8341176470588235,"{""score"": 0.8341176470588235, ""momentum"": 0.06896551724137945, ""mom20"": 0.06896551724137945, ""mom60"": 0.039936102236421966, ""mom120"": -0.07659574468085095, ""vol20"": 0.23451977533087687, ""amount20"": 148706389.875, ""history_days"": 846, ""accel"": 1.0}",forced_all,2019_2026,S
S,560080,中药ETF,2023-11-30,2023-12-01,2023-12-15,-0.0356550580431176,12006.991231565142,11578.881262280482,0.7571428571428571,"{""score"": 0.7571428571428571, ""momentum"": 0.061511423550087985, ""mom20"": 0.061511423550087985, ""mom60"": 0.036020583190394584, ""mom120"": -0.10782865583456436, ""vol20"": 0.1768434682265062, ""amount20"": 53493533.5, ""history_days"": 276, ""accel"": 1.0}",forced_all,2019_2026,S
S,512980,传媒ETF,2023-12-15,2023-12-18,2024-01-02,-0.0924050632911392,11578.881262280482,10508.934006398867,0.8166666666666667,"{""score"": 0.8166666666666667, ""momentum"": 0.031847133757961776, ""mom20"": 0.031847133757961776, ""mom60"": 0.07284768211920545, ""mom120"": -0.2051030421982334, ""vol20"": 0.29099508101566735, ""amount20"": 177057473.0, ""history_days"": 1434, ""accel"": 1.0}",forced_all,2019_2026,S
S,159611,电力ETF,2024-01-02,2024-01-03,2024-01-17,-0.0244988864142539,10508.934006398867,10251.476825841211,0.8257142857142857,"{""score"": 0.8257142857142857, ""momentum"": 0.02430555555555558, ""mom20"": 0.02430555555555558, ""mom60"": 0.006825938566553003, ""mom120"": -0.06249999999999989, ""vol20"": 0.12135763014266018, ""amount20"": 52337290.5, ""history_days"": 482, ""accel"": 1.0}",forced_all,2019_2026,S
S,159930,能源ETF,2024-01-17,2024-01-18,2024-02-01,0.0471327572663,10251.476825841211,10734.657194694686,0.9125,"{""score"": 0.9125, ""momentum"": 0.05518945634266892, ""mom20"": 0.05518945634266892, ""mom60"": 0.05258833196384538, ""mom120"": 0.08651399491094125, ""vol20"": 0.17943495600274031, ""amount20"": 14005021.0, ""history_days"": 2512, ""accel"": 1.0}",forced_all,2019_2026,S
S,159887,银行ETF,2024-02-01,2024-02-02,2024-02-26,0.0428571428571427,10734.657194694686,11194.713931610171,0.8133333333333334,"{""score"": 0.8133333333333334, ""momentum"": 0.06074766355140193, ""mom20"": 0.06074766355140193, ""mom60"": 0.02714932126696845, ""mom120"": -0.02887700534759363, ""vol20"": 0.12845687387582716, ""amount20"": 57241574.5, ""history_days"": 661, ""accel"": 1.0}",forced_all,2019_2026,S
S,159930,能源ETF,2024-02-26,2024-02-27,2024-03-12,-0.0184931506849314,11194.713931610171,10987.688399998204,0.92,"{""score"": 0.92, ""momentum"": 0.15726767275615594, ""mom20"": 0.15726767275615594, ""mom60"": 0.1923076923076923, ""mom120"": 0.23474576271186454, ""vol20"": 0.3455721713227992, ""amount20"": 23803262.0, ""history_days"": 2534, ""accel"": 1.0}",forced_all,2019_2026,S
S,159663,机床ETF,2024-03-12,2024-03-13,2024-03-27,-0.0561555075593952,10987.688399998204,10370.669180991825,0.7615384615384615,"{""score"": 0.7615384615384615, ""momentum"": 0.31818181818181834, ""mom20"": 0.31818181818181834, ""mom60"": -0.008547008547008517, ""mom120"": -0.04994450610432832, ""vol20"": 0.4029892067490087, ""amount20"": 11654677.9875, ""history_days"": 335, ""accel"": 1.0}",forced_all,2019_2026,S
S,518880,黄金ETF,2024-03-27,2024-03-28,2024-04-15,0.0771525154106183,10370.669180991825,11170.792394796721,0.8533333333333333,"{""score"": 0.8533333333333333, ""momentum"": 0.07427341227125961, ""mom20"": 0.07427341227125961, ""mom60"": 0.07682347863616745, ""mom120"": 0.09405832054374041, ""vol20"": 0.11009023591966352, ""amount20"": 505668779.05, ""history_days"": 2595, ""accel"": 1.0}",forced_all,2019_2026,S
S,161226,白银LOF,2024-04-15,2024-04-16,2024-04-30,-0.0441014332965822,11170.792394796721,10678.144439127625,0.908421052631579,"{""score"": 0.908421052631579, ""momentum"": 0.16582278481012658, ""mom20"": 0.16582278481012658, ""mom60"": 0.236241610738255, ""mom120"": 0.23293172690763053, ""vol20"": 0.25138133774581234, ""amount20"": 50154280.55, ""history_days"": 2104, ""accel"": 1.0}",forced_all,2019_2026,S
S,159996,家电ETF,2024-04-30,2024-05-06,2024-05-20,-0.0221169036334912,10678.144439127625,10441.97694758294,0.9180645161290322,"{""score"": 0.9180645161290322, ""momentum"": 0.08201058201058209, ""mom20"": 0.08201058201058209, ""mom60"": 0.19590643274853803, ""mom120"": 0.13506012950971336, ""vol20"": 0.207568620620079, ""amount20"": 87471049.5, ""history_days"": 1002, ""accel"": 1.0}",forced_all,2019_2026,S
S,159825,农业ETF,2024-05-20,2024-05-21,2024-06-04,-0.0366492146596858,10441.97694758294,10059.286692959482,0.866206896551724,"{""score"": 0.866206896551724, ""momentum"": 0.13293943870014768, ""mom20"": 0.13293943870014768, ""mom60"": 0.14820359281437123, ""mom120"": 0.0579310344827586, ""vol20"": 0.14376058779295015, ""amount20"": 74286235.0, ""history_days"": 819, ""accel"": 1.0}",forced_all,2019_2026,S
S,161226,白银LOF,2024-06-04,2024-06-05,2024-06-20,0.0239583333333333,10059.286692959482,10300.29043664497,0.9114285714285716,"{""score"": 0.9114285714285715, ""momentum"": 0.12899543378995437, ""mom20"": 0.12899543378995437, ""mom60"": 0.2877604166666665, ""mom120"": 0.2582697201017812, ""vol20"": 0.40563682906429005, ""amount20"": 53715688.712500006, ""history_days"": 2137, ""accel"": 1.0}",forced_all,2019_2026,S
S,159611,电力ETF,2024-06-20,2024-06-21,2024-07-05,0.026315789473684,10300.29043664497,10571.35071129352,0.7725,"{""score"": 0.7725, ""momentum"": 0.02605210420841675, ""mom20"": 0.02605210420841675, ""mom60"": 0.07112970711297084, ""mom120"": 0.18381502890173418, ""vol20"": 0.17179858362952452, ""amount20"": 155708185.5, ""history_days"": 592, ""accel"": 1.0}",forced_all,2019_2026,S
S,501018,南方原油LOF,2024-07-05,2024-07-08,2024-07-22,-0.0268857356235997,10571.35071129352,10287.13217088533,0.7949999999999999,"{""score"": 0.7949999999999999, ""momentum"": 0.08527755430410289, ""mom20"": 0.08527755430410289, ""mom60"": 0.014285714285714235, ""mom120"": 0.16999132697311348, ""vol20"": 0.12315164973905388, ""amount20"": 12603733.6125, ""history_days"": 1950, ""accel"": 1.0}",forced_all,2019_2026,S
S,159813,半导体ETF鹏华,2024-07-22,2024-07-23,2024-08-06,-0.0421052631578945,10287.13217088533,9853.98976369016,0.85,"{""score"": 0.85, ""momentum"": 0.06785714285714262, ""mom20"": 0.06785714285714262, ""mom60"": 0.18181818181818166, ""mom120"": 0.11985018726591745, ""vol20"": 0.29867779636091796, ""amount20"": 60530728.650000006, ""history_days"": 1011, ""accel"": 1.0}",forced_all,2019_2026,S
S,512660,军工ETF,2024-08-06,2024-08-07,2024-08-21,-0.0855263157894737,9853.98976369016,9011.214323374556,0.7933333333333334,"{""score"": 0.7933333333333334, ""momentum"": 0.06965761511216062, ""mom20"": 0.06965761511216062, ""mom60"": -0.017353579175705014, ""mom120"": 0.21285140562248994, ""vol20"": 0.26367787542509685, ""amount20"": 293521995.5, ""history_days"": 1943, ""accel"": 1.0}",forced_all,2019_2026,S
S,164701,贵金属LOF,2024-08-21,2024-08-22,2024-09-05,-0.0120930232558138,9011.214323374556,8902.241498998865,0.925,"{""score"": 0.925, ""momentum"": 0.026641294005708804, ""mom20"": 0.026641294005708804, ""mom60"": 0.05888125613346418, ""mom120"": 0.22892938496583137, ""vol20"": 0.19065694799783567, ""amount20"": 3430916.2625, ""history_days"": 2950, ""accel"": 1.0}",forced_all,2019_2026,S
S,164701,贵金属LOF,2024-09-05,2024-09-06,2024-09-24,0.0422138836772982,8902.241498998865,9278.039686104821,0.94,"{""score"": 0.9400000000000001, ""momentum"": 0.03812316715542541, ""mom20"": 0.03812316715542541, ""mom60"": 0.06519558676028092, ""mom120"": 0.14935064935064934, ""vol20"": 0.10922104167479772, ""amount20"": 2304969.1500000004, ""history_days"": 2961, ""accel"": 1.0}",forced_all,2019_2026,S
S,512880,证券ETF,2024-09-24,2024-09-25,2024-10-16,0.2403628117913834,9278.039686104821,11508.13539296902,0.8569230769230769,"{""score"": 0.8569230769230769, ""momentum"": 0.08930817610062891, ""mom20"": 0.08930817610062891, ""mom60"": 0.1060025542784162, ""mom120"": 0.015240328253223856, ""vol20"": 0.2610458289222416, ""amount20"": 518415124.0, ""history_days"": 1976, ""accel"": 1.0}",forced_all,2019_2026,S
S,159996,家电ETF,2024-10-16,2024-10-17,2024-10-31,0.082797427652733,11508.13539296902,12460.979400586228,0.8959999999999999,"{""score"": 0.8959999999999999, ""momentum"": 0.20829315332690457, ""mom20"": 0.20829315332690457, ""mom60"": 0.16233766233766223, ""mom120"": 0.10786914235190093, ""vol20"": 0.5309894074686403, ""amount20"": 137649637.0, ""history_days"": 1112, ""accel"": 1.0}",forced_all,2019_2026,S
S,159996,家电ETF,2024-10-31,2024-11-01,2024-11-15,0.0091324200913243,12460.979400586228,12574.77829922172,0.88,"{""score"": 0.88, ""momentum"": 0.13288477712363322, ""mom20"": 0.13288477712363322, ""mom60"": 0.3001930501930501, ""mom120"": 0.06398104265402837, ""vol20"": 0.5368300430444122, ""amount20"": 127097658.5, ""history_days"": 1123, ""accel"": 1.0}",forced_all,2019_2026,S
S,159852,软件ETF,2024-11-15,2024-11-18,2024-12-02,0.0667506297229219,12574.77829922172,13414.152669320902,0.8544827586206898,"{""score"": 0.8544827586206898, ""momentum"": 0.09829619921363042, ""mom20"": 0.09829619921363042, ""mom60"": 0.692929292929293, ""mom120"": 0.36038961038961026, ""vol20"": 0.5136517632906984, ""amount20"": 179897484.9375, ""history_days"": 911, ""accel"": 1.0}",forced_all,2019_2026,S
S,159852,软件ETF,2024-12-02,2024-12-03,2024-12-17,-0.0406212664277179,13414.152669320902,12869.252799838334,0.8921739130434783,"{""score"": 0.8921739130434783, ""momentum"": 0.1293333333333333, ""mom20"": 0.1293333333333333, ""mom60"": 0.7536231884057971, ""mom120"": 0.4307432432432432, ""vol20"": 0.5542938231676487, ""amount20"": 175684596.7, ""history_days"": 922, ""accel"": 1.0}",forced_all,2019_2026,S
S,512980,传媒ETF,2024-12-17,2024-12-18,2025-01-02,-0.1042654028436018,12869.252799838334,11527.434972367038,0.8944444444444444,"{""score"": 0.8944444444444444, ""momentum"": 0.08355091383812008, ""mom20"": 0.08355091383812008, ""mom60"": 0.4434782608695653, ""mom120"": 0.3408723747980613, ""vol20"": 0.35932736309905927, ""amount20"": 194038179.5, ""history_days"": 1676, ""accel"": 1.0}",forced_all,2019_2026,S
S,159887,银行ETF,2025-01-02,2025-01-03,2025-01-17,0.0238500851788756,11527.434972367038,11802.365278351943,0.9166666666666669,"{""score"": 0.9166666666666667, ""momentum"": 0.028770706190061057, ""mom20"": 0.028770706190061057, ""mom60"": 0.06019766397124893, ""mom120"": 0.15234375, ""vol20"": 0.1842096801268777, ""amount20"": 57532080.0, ""history_days"": 881, ""accel"": 1.0}",forced_all,2019_2026,S
S,162411,华宝油气LOF,2025-01-17,2025-01-20,2025-02-11,-0.0258302583025828,11802.365278351943,11497.507134630678,0.8320000000000001,"{""score"": 0.8320000000000001, ""momentum"": 0.12859097127222974, ""mom20"": 0.12859097127222974, ""mom60"": 0.11788617886178865, ""mom120"": 0.029962546816479252, ""vol20"": 0.2500250705850725, ""amount20"": 96572120.35, ""history_days"": 2917, ""accel"": 1.0}",forced_all,2019_2026,S
S,159852,软件ETF,2025-02-11,2025-02-12,2025-02-26,0.0334412081984896,11497.507134630678,11881.997664483482,0.8266666666666667,"{""score"": 0.8266666666666667, ""momentum"": 0.2844827586206897, ""mom20"": 0.2844827586206897, ""mom60"": 0.037122969837587005, ""mom120"": 0.74609375, ""vol20"": 0.45643916330412376, ""amount20"": 121262004.82499999, ""history_days"": 966, ""accel"": 1.0}",forced_all,2019_2026,S
S,159852,软件ETF,2025-02-26,2025-02-27,2025-03-13,-0.0311493018259936,11881.997664483482,11511.881732936736,0.8716666666666666,"{""score"": 0.8716666666666666, ""momentum"": 0.2841823056300268, ""mom20"": 0.2841823056300268, ""mom60"": 0.1740196078431373, ""mom120"": 1.021097046413502, ""vol20"": 0.5003164667679606, ""amount20"": 405723321.075, ""history_days"": 977, ""accel"": 1.0}",forced_all,2019_2026,S
S,159663,机床ETF,2025-03-13,2025-03-14,2025-03-28,-0.0255102040816326,11511.881732936736,11218.211280565902,0.868421052631579,"{""score"": 0.868421052631579, ""momentum"": 0.08037383177570079, ""mom20"": 0.08037383177570079, ""mom60"": 0.0703703703703702, ""mom120"": 0.5454545454545454, ""vol20"": 0.37623588305561834, ""amount20"": 5308537.475, ""history_days"": 577, ""accel"": 1.0}",forced_all,2019_2026,S
S,518880,黄金ETF,2025-03-28,2025-03-31,2025-04-15,0.0446377638334285,11218.211280565902,11718.967146341307,0.8515789473684211,"{""score"": 0.8515789473684211, ""momentum"": 0.07666045934202348, ""mom20"": 0.07666045934202348, ""mom60"": 0.16880053908355785, ""mom120"": 0.20871080139372822, ""vol20"": 0.09841532721435729, ""amount20"": 1488937491.9, ""history_days"": 2837, ""accel"": 1.0}",forced_all,2019_2026,S
S,518880,黄金ETF,2025-04-15,2025-04-16,2025-04-30,-0.0042649606823936,11718.967146341307,11668.9862122239,0.9485714285714286,"{""score"": 0.9485714285714286, ""momentum"": 0.09704957316159968, ""mom20"": 0.09704957316159968, ""mom60"": 0.1998361998361997, ""mom120"": 0.24047417442845043, ""vol20"": 0.17345705001265796, ""amount20"": 3016014176.3875, ""history_days"": 2848, ""accel"": 1.0}",forced_all,2019_2026,S
S,518880,黄金ETF,2025-04-30,2025-05-06,2025-05-20,-0.0529427220178665,11668.9862122239,11051.198318959812,0.932,"{""score"": 0.932, ""momentum"": 0.05881519274376412, ""mom20"": 0.05881519274376412, ""mom60"": 0.20461141567236374, ""mom120"": 0.23467195504875216, ""vol20"": 0.32391657617790737, ""amount20"": 5778622380.4875, ""history_days"": 2859, ""accel"": 1.0}",forced_all,2019_2026,S
S,159663,机床ETF,2025-05-20,2025-05-21,2025-06-05,0.0,11051.198318959812,11051.198318959812,0.81125,"{""score"": 0.81125, ""momentum"": 0.11683168316831671, ""mom20"": 0.11683168316831671, ""mom60"": -0.008787346221441172, ""mom120"": 0.17991631799163166, ""vol20"": 0.23201571391458378, ""amount20"": 4384542.525, ""history_days"": 621, ""accel"": 1.0}",forced_all,2019_2026,S
S,159992,创新药ETF,2025-06-05,2025-06-06,2025-06-20,-0.0251572327044025,11051.198318959812,10773.180751187238,0.9027272727272728,"{""score"": 0.9027272727272727, ""momentum"": 0.09739368998628262, ""mom20"": 0.09739368998628262, ""mom60"": 0.10192837465564741, ""mom120"": 0.0738255033557047, ""vol20"": 0.19747066070068786, ""amount20"": 394505715.5, ""history_days"": 1248, ""accel"": 1.0}",forced_all,2019_2026,S
S,501018,南方原油LOF,2025-06-20,2025-06-23,2025-07-07,-0.1681723419041,10773.180751187238,8961.429714503909,0.86,"{""score"": 0.86, ""momentum"": 0.17543859649122817, ""mom20"": 0.17543859649122817, ""mom60"": 0.09031733116354768, ""mom120"": 0.09836065573770503, ""vol20"": 0.4898477694994622, ""amount20"": 19653823.15, ""history_days"": 2181, ""accel"": 1.0}",forced_all,2019_2026,S
S,159851,金融科技ETF,2025-07-07,2025-07-08,2025-07-22,-0.0047337278106508,8961.429714503909,8919.00874544117,0.905,"{""score"": 0.905, ""momentum"": 0.13114754098360648, ""mom20"": 0.13114754098360648, ""mom60"": 0.32057416267942584, ""mom120"": 0.2797527047913446, ""vol20"": 0.42806933535906216, ""amount20"": 367139390.525, ""history_days"": 1042, ""accel"": 1.0}",forced_all,2019_2026,S
S,515210,钢铁ETF,2025-07-22,2025-07-23,2025-08-06,0.0021291696238465,8919.00874544117,8937.998827936784,0.8753846153846153,"{""score"": 0.8753846153846153, ""momentum"": 0.18692372170997462, ""mom20"": 0.18692372170997462, ""mom60"": 0.18098415346121755, ""mom120"": 0.22916666666666674, ""vol20"": 0.22591475924259263, ""amount20"": 172356782.0, ""history_days"": 1309, ""accel"": 1.0}",forced_all,2019_2026,S
S,159992,创新药ETF,2025-08-06,2025-08-07,2025-08-21,0.0332225913621262,8937.998827936784,9234.94231059249,0.9237837837837838,"{""score"": 0.9237837837837838, ""momentum"": 0.13967861557478356, ""mom20"": 0.13967861557478356, ""mom60"": 0.26648351648351665, ""mom120"": 0.32853025936599445, ""vol20"": 0.2031468403582587, ""amount20"": 473352218.5, ""history_days"": 1292, ""accel"": 1.0}",forced_all,2019_2026,S
S,159811,5G50ETF,2025-08-21,2025-08-22,2025-09-05,0.0953708867819298,9234.94231059249,10115.68694813366,0.8953846153846154,"{""score"": 0.8953846153846154, ""momentum"": 0.20559440559440567, ""mom20"": 0.20559440559440567, ""mom60"": 0.4939341421143848, ""mom120"": 0.2565597667638482, ""vol20"": 0.27893770719201033, ""amount20"": 4123700.0, ""history_days"": 1295, ""accel"": 1.0}",forced_all,2019_2026,S
S,159811,5G50ETF,2025-09-05,2025-09-08,2025-09-22,0.1418812401471361,10115.68694813366,11550.913157275061,0.9053333333333332,"{""score"": 0.9053333333333333, ""momentum"": 0.317236753856472, ""mom20"": 0.317236753856472, ""mom60"": 0.6191261335531739, ""mom120"": 0.47891566265060237, ""vol20"": 0.5572325452130695, ""amount20"": 9638058.5, ""history_days"": 1306, ""accel"": 1.0}",forced_all,2019_2026,S
S,159755,电池ETF,2025-09-22,2025-09-23,2025-10-15,0.0450901803607213,11550.913157275061,12071.745914867623,0.8818181818181818,"{""score"": 0.8818181818181818, ""momentum"": 0.22665006226650064, ""mom20"": 0.22665006226650064, ""mom60"": 0.397163120567376, ""mom120"": 0.4111747851002867, ""vol20"": 0.4267323192127288, ""amount20"": 1214966199.5, ""history_days"": 1033, ""accel"": 1.0}",forced_all,2019_2026,S
S,161226,白银LOF,2025-10-15,2025-10-16,2025-10-30,-0.1085753803596127,12071.745914867623,10761.05151055627,0.865,"{""score"": 0.865, ""momentum"": 0.23306948109058911, ""mom20"": 0.23306948109058911, ""mom60"": 0.32015065913370977, ""mom120"": 0.47114375655823704, ""vol20"": 0.3568551989756768, ""amount20"": 178902027.625, ""history_days"": 2467, ""accel"": 1.0}",forced_all,2019_2026,S
S,512400,有色金属ETF,2025-10-30,2025-10-31,2025-11-14,0.0091743119266054,10761.05151055627,10859.776753772381,0.8896296296296295,"{""score"": 0.8896296296296295, ""momentum"": 0.18695941450432474, ""mom20"": 0.18695941450432474, ""mom60"": 0.4036191974822976, ""mom120"": 0.6877956480605489, ""vol20"": 0.5097494671855656, ""amount20"": 1162470322.5, ""history_days"": 1979, ""accel"": 1.0}",forced_all,2019_2026,S
S,515790,光伏ETF,2025-11-14,2025-11-17,2025-12-01,-0.0689320388349514,10859.776753772381,10111.190200842442,0.8875,"{""score"": 0.8875, ""momentum"": 0.14583333333333326, ""mom20"": 0.14583333333333326, ""mom60"": 0.40080428954423586, ""mom120"": 0.569069069069069, ""vol20"": 0.4226185573644285, ""amount20"": 1065406456.0, ""history_days"": 1189, ""accel"": 1.0}",forced_all,2019_2026,S
S,161226,白银LOF,2025-12-01,2025-12-02,2025-12-16,0.2590062111801241,10111.190200842442,12730.05126528424,0.896,"{""score"": 0.896, ""momentum"": 0.22965779467680614, ""mom20"": 0.22965779467680614, ""mom60"": 0.49445471349353043, ""mom120"": 0.5714285714285716, ""vol20"": 0.40022304505349277, ""amount20"": 219842426.4125, ""history_days"": 2500, ""accel"": 1.0}",forced_all,2019_2026,S
S,161226,白银LOF,2025-12-16,2025-12-17,2025-12-31,0.009869896814715,12730.05126528424,12855.695557718629,0.92,"{""score"": 0.92, ""momentum"": 0.49815225424981535, ""mom20"": 0.49815225424981535, ""mom60"": 0.7549783549783551, ""mom120"": 0.9970443349753697, ""vol20"": 0.4007204143239356, ""amount20"": 389963402.6125, ""history_days"": 2511, ""accel"": 1.0}",forced_all,2019_2026,S
S,512660,军工ETF,2025-12-31,2026-01-05,2026-01-19,0.0845771144278606,12855.695557718629,13942.993191953537,0.8342857142857143,"{""score"": 0.8342857142857143, ""momentum"": 0.174508126603935, ""mom20"": 0.174508126603935, ""mom60"": 0.11264181523500816, ""mom120"": 0.22044444444444444, ""vol20"": 0.20387172272530585, ""amount20"": 565004597.0, ""history_days"": 2284, ""accel"": 1.0}",forced_all,2019_2026,S
S,512400,有色金属ETF,2026-01-19,2026-01-20,2026-02-03,0.0297619047619046,13942.993191953537,14357.963227428343,0.8741935483870968,"{""score"": 0.8741935483870968, ""momentum"": 0.2285553047404063, ""mom20"": 0.2285553047404063, ""mom60"": 0.3028126870137642, ""mom120"": 0.7457898957497995, ""vol20"": 0.2844504883998786, ""amount20"": 1861779086.5, ""history_days"": 2034, ""accel"": 1.0}",forced_all,2019_2026,S
S,512980,传媒ETF,2026-02-03,2026-02-04,2026-02-26,-0.0253164556962025,14357.963227428343,13994.470487493449,0.8463157894736842,"{""score"": 0.8463157894736842, ""momentum"": 0.15023474178403773, ""mom20"": 0.15023474178403773, ""mom60"": 0.24491869918699205, ""mom120"": 0.3476347634763477, ""vol20"": 0.5919802491439233, ""amount20"": 1183694077.5, ""history_days"": 1951, ""accel"": 1.0}",forced_all,2019_2026,S
S,159663,机床ETF,2026-02-26,2026-02-27,2026-03-13,-0.0287179487179487,13994.470487493449,13592.578001698765,0.8919999999999999,"{""score"": 0.8919999999999999, ""momentum"": 0.08484162895927594, ""mom20"": 0.08484162895927594, ""mom60"": 0.3918722786647315, ""mom120"": 0.4228486646884271, ""vol20"": 0.3114817035020895, ""amount20"": 13091898.8625, ""history_days"": 808, ""accel"": 1.0}",forced_all,2019_2026,S
S,159930,能源ETF,2026-03-13,2026-03-16,2026-03-30,-0.0217028380634389,13592.578001698765,13297.580482463234,0.8709090909090909,"{""score"": 0.8709090909090909, ""momentum"": 0.15609137055837552, ""mom20"": 0.15609137055837552, ""mom60"": 0.2626472626472627, ""mom120"": 0.36479400749063684, ""vol20"": 0.4804725513558208, ""amount20"": 185123859.5, ""history_days"": 3029, ""accel"": 1.0}",forced_all,2019_2026,S
S,159611,电力ETF,2026-03-30,2026-03-31,2026-04-15,-0.0099728014505892,13297.580482463234,13164.966352538398,0.92,"{""score"": 0.92, ""momentum"": 0.022563176895306736, ""mom20"": 0.022563176895306736, ""mom60"": 0.10000000000000009, ""mom120"": 0.13186813186813207, ""vol20"": 0.317668949333217, ""amount20"": 629091452.0, ""history_days"": 1021, ""accel"": 1.0}",forced_all,2019_2026,S
S,159811,5G50ETF,2026-04-15,2026-04-16,2026-04-30,0.0588012139605462,13164.966352538398,13939.082355817402,0.9015384615384616,"{""score"": 0.9015384615384616, ""momentum"": 0.10779220779220777, ""mom20"": 0.10779220779220777, ""mom60"": 0.08157227387996624, ""mom120"": 0.2476840565577767, ""vol20"": 0.4268112442801277, ""amount20"": 8226536.0, ""history_days"": 1449, ""accel"": 1.0}",forced_all,2019_2026,S
S,159811,5G50ETF,2026-04-30,2026-05-06,2026-05-20,0.1242562128106405,13939.082355817402,15671.099939406893,0.8342857142857142,"{""score"": 0.8342857142857142, ""momentum"": 0.2024989228780696, ""mom20"": 0.2024989228780696, ""mom60"": 0.18212621770436233, ""mom120"": 0.2921296296296294, ""vol20"": 0.38961322587351294, ""amount20"": 11590240.0, ""history_days"": 1460, ""accel"": 1.0}",forced_all,2019_2026,S
S,159813,半导体ETF鹏华,2026-05-20,2026-05-21,2026-06-04,0.0240506329113925,15671.099939406893,16047.999811367314,0.8799999999999999,"{""score"": 0.8799999999999999, ""momentum"": 0.375, ""mom20"": 0.375, ""mom60"": 0.33661740558292275, ""mom120"": 0.5186567164179103, ""vol20"": 0.46208005673910146, ""amount20"": 219961678.7, ""history_days"": 1451, ""accel"": 1.0}",forced_all,2019_2026,S
S,159811,5G50ETF,2026-06-04,2026-06-05,2026-06-22,0.1256830601092897,16047.999811367314,18064.961536293264,0.9066666666666666,"{""score"": 0.9066666666666666, ""momentum"": 0.22256097560975618, ""mom20"": 0.22256097560975618, ""mom60"": 0.5151133501259446, ""mom120"": 0.7039660056657224, ""vol20"": 0.4553926476130795, ""amount20"": 27315723.5, ""history_days"": 1482, ""accel"": 1.0}",forced_all,2019_2026,S
S,159811,5G50ETF,2026-06-22,2026-06-23,2026-07-07,-0.0874666666666665,18064.961536293264,16484.87956725215,0.9014285714285716,"{""score"": 0.9014285714285715, ""momentum"": 0.1925655088360756, ""mom20"": 0.1925655088360756, ""mom60"": 0.7303271441202477, ""mom120"": 0.7670428893905195, ""vol20"": 0.5196275093418886, ""amount20"": 47683862.0, ""history_days"": 1493, ""accel"": 1.0}",forced_all,2019_2026,S
S,588000,科创50ETF,2026-07-07,2026-07-08,2026-07-22,-0.0885780885780885,16484.87956725215,15024.680444744967,0.896,"{""score"": 0.896, ""momentum"": 0.2632204396910278, ""mom20"": 0.2632204396910278, ""mom60"": 0.49192982456140344, ""mom120"": 0.4374577417173764, ""vol20"": 0.5148886588158701, ""amount20"": 7378773304.987499, ""history_days"": 1367, ""accel"": 1.0}",forced_all,2019_2026,S
S,162411,华宝油气LOF,2026-07-22,2026-07-23,2026-08-06,-0.0803382663847779,15024.680444744967,13817.623664828881,0.8933333333333333,"{""score"": 0.8933333333333333, ""momentum"": 0.14742014742014753, ""mom20"": 0.14742014742014753, ""mom60"": 0.04241071428571441, ""mom120"": 0.3026499302649932, ""vol20"": 0.3458749025544543, ""amount20"": 115580065.0, ""history_days"": 3280, ""accel"": 1.0}",forced_all,2019_2026,S
D,159930,能源ETF,2019-01-02,2019-01-03,2019-05-22,0.1531100478468898,10000.0,11531.1004784689,78.67299697656841,fear_weighted=77.9478;symbol_fear=79.3981,forced_all,2019_2026,D
D,512880,证券ETF,2019-05-22,2019-05-23,2019-09-30,0.0525727069351229,11531.1004784689,12137.3216445629,85.84131069410432,fear_weighted=82.5775;symbol_fear=89.1051,forced_all,2019_2026,D
D,512660,军工ETF,2019-09-30,2019-10-08,2019-12-17,0.0105820105820106,12137.3216445629,12265.758910642933,67.41155513717132,fear_weighted=66.1829;symbol_fear=68.6402,forced_all,2019_2026,D
D,512660,军工ETF,2019-12-17,2019-12-18,2019-12-31,-0.005249343832021,12265.758910642933,12201.371724760293,29.628212396069543,fear_weighted=21.7234;symbol_fear=37.5331,forced_all,2019_2026,D
D,512720,计算机ETF,2019-12-31,2020-01-02,2020-05-21,0.0906011854360711,12201.371724760293,13306.830466969735,35.28538293251573,fear_weighted=24.5125;symbol_fear=46.0583,forced_all,2019_2026,D
D,512720,计算机ETF,2020-05-21,2020-05-22,2020-06-22,0.0797788309636651,13306.830466969735,14368.433845456262,61.720466923309246,fear_weighted=54.6372;symbol_fear=68.8037,forced_all,2019_2026,D
D,515210,钢铁ETF,2020-06-22,2020-06-23,2020-11-06,0.1411214953271027,14368.433845456262,16396.1287152356,56.98062119584676,fear_weighted=28.2313;symbol_fear=85.7299,forced_all,2019_2026,D
D,512660,军工ETF,2020-11-06,2020-11-09,2021-03-23,-0.0333951762523191,16396.1287152356,15848.577106934597,57.52976190476191,fear_weighted=38.1746;symbol_fear=76.8849,forced_all,2019_2026,D
D,159902,中小板ETF,2021-03-23,2021-03-24,2021-06-24,0.1161816065192082,15848.577106934597,17689.890256261806,75.17243008314436,fear_weighted=61.2245;symbol_fear=89.1204,forced_all,2019_2026,D
D,515210,钢铁ETF,2021-06-24,2021-06-25,2021-07-22,0.1370814908401769,17689.890256261806,20114.846785389294,51.15836147343193,fear_weighted=29.4218;symbol_fear=72.895,forced_all,2019_2026,D
D,159870,化工ETF,2021-07-22,2021-07-23,2021-12-06,-0.0574074074074074,20114.846785389294,18960.105581042873,50.07609662684851,fear_weighted=29.5011;symbol_fear=70.6511,forced_all,2019_2026,D
D,159930,能源ETF,2021-12-06,2021-12-07,2022-01-04,0.0055005500550056,18960.105581042873,19064.39659083959,56.93972033257748,fear_weighted=39.0779;symbol_fear=74.8016,forced_all,2019_2026,D
D,515790,光伏ETF,2022-01-04,2022-01-05,2022-05-25,-0.1223709369024856,19064.39659083959,16731.468518538,55.1370917638213,fear_weighted=29.9773;symbol_fear=80.2969,forced_all,2019_2026,D
D,512720,计算机ETF,2022-05-25,2022-05-26,2022-10-10,-0.0496828752642705,16731.468518538,15900.201055143409,74.46872011504053,fear_weighted=68.5676;symbol_fear=80.3698,forced_all,2019_2026,D
D,515790,光伏ETF,2022-10-10,2022-10-11,2023-01-06,-0.0041067761806981,15900.201055143409,15834.902488181835,82.51927544163166,fear_weighted=78.0574;symbol_fear=86.9811,forced_all,2019_2026,D
D,159930,能源ETF,2023-01-06,2023-01-09,2023-01-19,0.0356138706654169,15834.902488181835,16398.84465739543,43.46608087679516,fear_weighted=25.5896;symbol_fear=61.3426,forced_all,2019_2026,D
D,510880,红利ETF,2023-01-19,2023-01-20,2023-02-10,-0.0060347887823927,16398.84465739543,16299.881093612781,44.619708994709,fear_weighted=21.8783;symbol_fear=67.3611,forced_all,2019_2026,D
D,510880,红利ETF,2023-02-10,2023-02-13,2023-02-24,0.0288770053475935,16299.881093612781,16770.572847118176,46.06859410430839,fear_weighted=25.0076;symbol_fear=67.1296,forced_all,2019_2026,D
D,159768,房地产ETF,2023-02-24,2023-02-27,2023-03-24,-0.0402298850574712,16770.572847118176,16095.894629130664,46.91675868377234,fear_weighted=36.0809;symbol_fear=57.7526,forced_all,2019_2026,D
D,159887,银行ETF,2023-03-24,2023-03-27,2023-04-07,0.0105509964830012,16095.894629130664,16265.72235675338,44.4801003106651,fear_weighted=27.0824;symbol_fear=61.8778,forced_all,2019_2026,D
D,515210,钢铁ETF,2023-04-07,2023-04-10,2023-06-19,-0.0640542577241898,16265.72235675338,15223.833584843784,38.239605205490655,fear_weighted=19.777;symbol_fear=56.7022,forced_all,2019_2026,D
D,159887,银行ETF,2023-06-19,2023-06-20,2023-07-31,0.0863636363636364,15223.833584843784,16538.61921262575,54.76900507526877,fear_weighted=33.8057;symbol_fear=75.7323,forced_all,2019_2026,D
D,512980,传媒ETF,2023-07-31,2023-08-01,2023-11-16,-0.0603136308805789,16538.61921262575,15541.115038160988,46.727607709750565,fear_weighted=22.8534;symbol_fear=70.6019,forced_all,2019_2026,D
D,516750,建材ETF,2023-11-16,2023-11-17,2024-01-04,-0.073103448275862,15541.115038160988,14405.005938819564,55.97970343418516,fear_weighted=37.3054;symbol_fear=74.654,forced_all,2019_2026,D
D,512720,计算机ETF,2024-01-04,2024-01-05,2024-03-12,0.0666666666666666,14405.005938819564,15365.3396680742,66.36148904006048,fear_weighted=45.8844;symbol_fear=86.8386,forced_all,2019_2026,D
D,159930,能源ETF,2024-03-12,2024-03-13,2024-04-01,0.0111888111888112,15365.3396680742,15537.259552472235,48.506235827664405,fear_weighted=30.5442;symbol_fear=66.4683,forced_all,2019_2026,D
D,159992,创新药ETF,2024-04-01,2024-04-02,2024-04-16,-0.0586552217453504,15537.259552472235,14625.918148106912,37.45181405895691,fear_weighted=21.1338;symbol_fear=53.7698,forced_all,2019_2026,D
D,512880,证券ETF,2024-04-16,2024-04-17,2024-04-30,0.0581818181818183,14625.918148106912,15476.880658542224,66.09977324263039,fear_weighted=53.7604;symbol_fear=78.4392,forced_all,2019_2026,D
D,159768,房地产ETF,2024-04-30,2024-05-06,2024-05-20,0.1650485436893203,15476.880658542224,18031.31727208803,46.86022083879337,fear_weighted=28.1028;symbol_fear=65.6176,forced_all,2019_2026,D
D,512980,传媒ETF,2024-05-20,2024-05-21,2024-06-05,-0.0619596541786742,18031.31727208803,16914.103089523498,37.41260393046107,fear_weighted=19.2366;symbol_fear=55.5886,forced_all,2019_2026,D
D,512980,传媒ETF,2024-06-05,2024-06-06,2024-10-22,0.1912225705329153,16914.103089523498,20148.46136056091,53.8879440665155,fear_weighted=36.9426;symbol_fear=70.8333,forced_all,2019_2026,D
D,512950,央企改革ETF,2024-10-22,2024-10-23,2025-02-20,-0.034156976744186,20148.46136056091,19460.250834437098,65.09967876039305,fear_weighted=60.5896;symbol_fear=69.6098,forced_all,2019_2026,D
D,510880,红利ETF,2025-02-20,2025-02-21,2025-03-10,0.0003333333333332,19460.250834437098,19466.737584715243,56.351095993953145,fear_weighted=25.5329;symbol_fear=87.1693,forced_all,2019_2026,D
D,512880,证券ETF,2025-03-10,2025-03-11,2025-03-27,-0.0062836624775584,19466.737584715243,19344.415176193692,45.02692743764173,fear_weighted=23.9494;symbol_fear=66.1045,forced_all,2019_2026,D
D,159811,5G50ETF,2025-03-27,2025-03-28,2025-05-09,-0.0572337042925278,19344.415176193692,18237.262638287535,44.49452003023432,fear_weighted=23.579;symbol_fear=65.4101,forced_all,2019_2026,D
D,159811,5G50ETF,2025-05-09,2025-05-12,2025-05-22,-0.0297274979355904,18237.262638287535,17695.11445085702,47.60912698412699,fear_weighted=26.5344;symbol_fear=68.6839,forced_all,2019_2026,D
D,159811,5G50ETF,2025-05-22,2025-05-23,2025-06-05,0.0525862068965519,17695.11445085702,18625.633400427956,46.68698034769463,fear_weighted=29.0552;symbol_fear=64.3188,forced_all,2019_2026,D
D,159811,5G50ETF,2025-06-05,2025-06-06,2025-06-18,0.0262080262080259,18625.633400427956,19113.774488727457,36.19425547996977,fear_weighted=23.0499;symbol_fear=49.3386,forced_all,2019_2026,D
D,516750,建材ETF,2025-06-18,2025-06-19,2025-07-01,0.0300500834724541,19113.774488727457,19688.145007587384,38.4613567649282,fear_weighted=26.096;symbol_fear=50.8267,forced_all,2019_2026,D
D,515170,食品饮料ETF,2025-07-01,2025-07-02,2025-07-14,0.0142602495543671,19688.145007587384,19968.902868658148,26.694066515495084,fear_weighted=11.7876;symbol_fear=41.6005,forced_all,2019_2026,D
D,159887,银行ETF,2025-07-14,2025-07-15,2025-07-25,-0.0332640332640332,19968.902868658148,19304.656619388858,29.65608465608466,fear_weighted=16.455;symbol_fear=42.8571,forced_all,2019_2026,D
D,516750,建材ETF,2025-07-25,2025-07-28,2025-08-07,-0.0156918687589158,19304.656619388858,19001.730481281473,46.43990929705216,fear_weighted=27.4036;symbol_fear=65.4762,forced_all,2019_2026,D
D,516970,基建ETF,2025-08-07,2025-08-08,2025-08-25,0.0301984469370146,19001.730481281473,19575.553230931906,39.7108843537415,fear_weighted=19.898;symbol_fear=59.5238,forced_all,2019_2026,D
D,159887,银行ETF,2025-08-25,2025-08-26,2025-11-11,-0.0129589632829373,19575.553230931906,19321.874355369073,42.63369236583523,fear_weighted=34.1761;symbol_fear=51.0913,forced_all,2019_2026,D
D,159811,5G50ETF,2025-11-11,2025-11-12,2025-12-23,0.0891996142719382,19321.874355369073,21045.378094878848,56.28354119425549,fear_weighted=36.0128;symbol_fear=76.5542,forced_all,2019_2026,D
D,159768,房地产ETF,2025-12-23,2025-12-24,2026-05-15,-0.0734767025089606,21045.378094878848,19499.033109412838,42.80328798185941,fear_weighted=25.3553;symbol_fear=60.2513,forced_all,2019_2026,D
D,159825,农业ETF,2026-05-27,2026-05-28,2026-07-31,0.0055172413793103,19499.033109412838,19606.613981740633,84.62726757369614,fear_weighted=78.0839;symbol_fear=91.1706,forced_all,2019_2026,D
C,159930,能源ETF,2019-01-02,2019-01-03,2019-03-07,0.2121212121212121,10000.0,12121.212121212122,0.6666666666666666,hit=2/3;selected_score=1.0224229652328765,forced_all,2019_2026,C+S
C,510880,红利ETF,2019-03-07,2019-03-08,2019-05-09,-0.033297529538131,12121.212121212122,11717.60570256811,0.0,hit=0/5;selected_score=2.104271982082723,forced_all,2019_2026,C+S
C,512950,央企改革ETF,2019-05-09,2019-05-10,2019-07-08,0.0020366598778003,11717.60570256811,11741.470479966414,1.0,hit=5/5;selected_score=0.2052185486730131,forced_all,2019_2026,C+S
C,512400,有色金属ETF,2019-07-08,2019-07-09,2019-09-03,0.0514018691588784,11741.470479966414,12345.004009310482,0.3333333333333333,hit=1/3;selected_score=1.0224229652328765,forced_all,2019_2026,C+S
C,510880,红利ETF,2019-09-03,2019-09-04,2019-11-07,-0.0049733570159856,12345.004009310482,12283.607897008407,0.0,hit=0/5;selected_score=2.104271982082723,forced_all,2019_2026,C+S
C,510880,红利ETF,2019-11-07,2019-11-08,2020-01-06,0.0465782873522033,12283.607897008407,12855.75731535706,0.0,hit=0/5;selected_score=2.104271982082723,forced_all,2019_2026,C+S
C,159930,能源ETF,2020-01-10,2020-01-13,2020-03-17,-0.172461752433936,12855.75731535706,10638.630879885188,0.6666666666666666,hit=2/3;selected_score=0.8395419125568604,forced_all,2019_2026,C+S
C,159930,能源ETF,2020-03-17,2020-03-18,2020-05-19,-0.0086058519793459,10638.630879885188,10547.076397269997,0.6666666666666666,hit=2/3;selected_score=0.8395419125568604,forced_all,2019_2026,C+S
C,510880,红利ETF,2020-05-19,2020-05-20,2020-07-17,0.090458488228005,10547.076397269997,11501.148983392315,0.6,hit=3/5;selected_score=0.5955656731105526,forced_all,2019_2026,C+S
C,515210,钢铁ETF,2020-07-17,2020-07-20,2020-09-14,0.0120068610634649,11501.148983392315,11639.241681306117,0.6666666666666666,hit=2/3;selected_score=0.8395419125568604,forced_all,2019_2026,C+S
C,512950,央企改革ETF,2020-09-14,2020-09-15,2020-11-18,0.0407196969696967,11639.241681306117,12113.188075525966,1.0,hit=5/5;selected_score=0.3035698322814436,forced_all,2019_2026,C+S
C,159902,中小板ETF,2020-11-18,2020-11-19,2021-01-15,0.1114827201783723,12113.188075525966,13463.599232217824,1.0,hit=5/5;selected_score=0.5955656731105526,forced_all,2019_2026,C+S
C,512400,有色金属ETF,2021-01-15,2021-01-18,2021-03-22,-0.0147737765466297,13463.599232217824,13264.691025647664,0.75,hit=3/4;selected_score=0.9106525611216468,forced_all,2019_2026,C+S
C,159902,中小板ETF,2021-03-22,2021-03-23,2021-05-24,0.0548039440495298,13264.691025647664,13991.648410451558,0.6,hit=3/5;selected_score=0.5241558570254087,forced_all,2019_2026,C+S
C,159930,能源ETF,2021-05-24,2021-05-25,2021-07-21,0.0493150684931507,13991.648410451558,14681.64751014506,0.75,hit=3/4;selected_score=0.9106525611216468,forced_all,2019_2026,C+S
C,512880,证券ETF,2021-07-21,2021-07-22,2021-09-16,0.0723327305605785,14681.64751014506,15743.611163681771,0.25,hit=1/4;selected_score=2.3524022655757726,forced_all,2019_2026,C+S
C,512660,军工ETF,2021-09-16,2021-09-17,2021-11-23,0.1494435612082669,15743.611163681771,18096.392482260602,0.6,hit=3/5;selected_score=0.6127133230906227,forced_all,2019_2026,C+S
C,515210,钢铁ETF,2021-11-23,2021-11-24,2022-01-20,-0.0369068541300527,18096.392482260602,17428.51156463763,0.25,hit=1/4;selected_score=0.9106525611216468,forced_all,2019_2026,C+S
C,159813,半导体ETF鹏华,2022-01-20,2022-01-21,2022-03-25,-0.0865384615384616,17428.51156463763,15920.274986928604,0.8,hit=4/5;selected_score=73869226391.63521,forced_all,2019_2026,C+S
C,512720,计算机ETF,2022-03-25,2022-03-28,2022-05-30,-0.1272563176895308,15920.274986928604,13894.319415487325,0.6,hit=3/5;selected_score=73869226391.63521,forced_all,2019_2026,C+S
C,512720,计算机ETF,2022-05-30,2022-05-31,2022-07-27,0.062753036437247,13894.319415487325,14766.23014803815,0.4,hit=2/5;selected_score=73869226391.63521,forced_all,2019_2026,C+S
C,516970,基建ETF,2022-07-27,2022-07-28,2022-09-23,-0.0717372515125324,14766.23014803815,13706.941382016399,0.6,hit=3/5;selected_score=0.5492349920969236,forced_all,2019_2026,C+S
C,159813,半导体ETF鹏华,2022-09-23,2022-09-26,2022-11-28,0.0,13706.941382016399,13706.941382016399,0.8,hit=4/5;selected_score=73869226391.63521,forced_all,2019_2026,C+S
C,512660,军工ETF,2022-11-28,2022-11-29,2023-02-01,0.019349164467898,13706.941382016399,13972.159245168872,0.4,hit=2/5;selected_score=0.5492349920969236,forced_all,2019_2026,C+S
S,159851,金融科技ETF,2023-02-01,2023-02-02,2023-02-16,0.0212765957446807,13972.159245168872,14269.439229108633,0.8739999999999999,"{""score"": 0.8739999999999999, ""momentum"": 0.175983436853002, ""mom20"": 0.175983436853002, ""mom60"": 0.14747474747474731, ""mom120"": 0.19077568134171896, ""vol20"": 0.22097263497526, ""amount20"": 13321165.0, ""history_days"": 453, ""accel"": 1.0}",forced_all,2019_2026,C+S
S,512980,传媒ETF,2023-02-16,2023-02-17,2023-03-03,0.0412979351032447,14269.439229108633,14858.737604352056,0.8876923076923077,"{""score"": 0.8876923076923077, ""momentum"": 0.11858974358974361, ""mom20"": 0.11858974358974361, ""mom60"": 0.18909710391822832, ""mom120"": 0.1556291390728477, ""vol20"": 0.18519983346018068, ""amount20"": 102309338.0, ""history_days"": 1230, ""accel"": 1.0}",forced_all,2019_2026,C+S
S,516970,基建ETF,2023-03-03,2023-03-06,2023-03-20,0.0411184210526316,14858.737604352056,15469.705433478375,0.8411764705882353,"{""score"": 0.8411764705882353, ""momentum"": 0.08865248226950362, ""mom20"": 0.08865248226950362, ""mom60"": 0.08193832599118944, ""mom120"": 0.10630630630630611, ""vol20"": 0.21750391099851255, ""amount20"": 116743070.0, ""history_days"": 404, ""accel"": 1.0}",forced_all,2019_2026,C+S
S,516970,基建ETF,2023-03-20,2023-03-21,2023-04-04,0.0135350318471336,15469.705433478375,15679.088389186281,0.8533333333333333,"{""score"": 0.8533333333333333, ""momentum"": 0.09610389610389602, ""mom20"": 0.09610389610389602, ""mom60"": 0.12333629103815436, ""mom120"": 0.1646734130634775, ""vol20"": 0.25517916896207926, ""amount20"": 243090804.5, ""history_days"": 415, ""accel"": 1.0}",forced_all,2019_2026,C+S
C,515790,光伏ETF,2023-04-04,2023-04-06,2023-06-06,-0.1406015037593985,15679.088389186281,13474.584984090165,1.0,hit=4/4;selected_score=0.3858103633572226,forced_all,2019_2026,C+S
C,515790,光伏ETF,2023-06-06,2023-06-07,2023-08-04,0.0479148181011535,13474.584984090165,14120.217272591379,1.0,hit=4/4;selected_score=0.3858103633572226,forced_all,2019_2026,C+S
S,512880,证券ETF,2023-08-04,2023-08-07,2023-08-21,-0.075984990619137,14120.217272591379,13047.292695593347,0.8703703703703703,"{""score"": 0.8703703703703703, ""momentum"": 0.19438202247190994, ""mom20"": 0.19438202247190994, ""mom60"": 0.11308900523560217, ""mom120"": 0.12605932203389836, ""vol20"": 0.38252501555450413, ""amount20"": 893542072.5, ""history_days"": 1700, ""accel"": 1.0}",forced_all,2019_2026,C+S
C,512950,央企改革ETF,2023-08-21,2023-08-22,2023-10-25,-0.0781250000000001,13047.292695593347,12027.972953750115,1.0,hit=5/5;selected_score=0.6693244330852537,forced_all,2019_2026,C+S
C,512950,央企改革ETF,2023-10-25,2023-10-26,2023-12-21,-0.0295608108108107,12027.972953750115,11672.41632082676,0.8,hit=4/5;selected_score=0.6693244330852537,forced_all,2019_2026,C+S
C,512660,军工ETF,2023-12-21,2023-12-22,2024-02-27,-0.0546623794212218,11672.41632082676,11034.374271135266,1.0,hit=5/5;selected_score=0.6693244330852537,forced_all,2019_2026,C+S
S,159930,能源ETF,2024-02-27,2024-02-28,2024-03-13,-0.0205479452054794,11034.374271135266,10807.640553235227,0.9292307692307692,"{""score"": 0.9292307692307692, ""momentum"": 0.18122977346278324, ""mom20"": 0.18122977346278324, ""mom60"": 0.1869918699186992, ""mom120"": 0.24786324786324787, ""vol20"": 0.33272219968979555, ""amount20"": 23803262.0, ""history_days"": 2535, ""accel"": 1.0}",forced_all,2019_2026,C+S
S,159663,机床ETF,2024-03-13,2024-03-14,2024-03-28,-0.0238611713665943,10807.640553235227,10549.757589925928,0.7689473684210526,"{""score"": 0.7689473684210526, ""momentum"": 0.25815217391304346, ""mom20"": 0.25815217391304346, ""mom60"": -0.02320675105485226, ""mom120"": -0.063768535900117, ""vol20"": 0.38923860549086364, ""amount20"": 11939649.175, ""history_days"": 336, ""accel"": 1.0}",forced_all,2019_2026,C+S
S,162411,华宝油气LOF,2024-03-28,2024-03-29,2024-04-16,-0.0277777777777777,10549.757589925928,10256.708767983542,0.8757142857142857,"{""score"": 0.8757142857142857, ""momentum"": 0.09921671018276768, ""mom20"": 0.09921671018276768, ""mom60"": 0.0949284785435629, ""mom120"": 0.05778894472361795, ""vol20"": 0.15865591451284697, ""amount20"": 39939468.61250001, ""history_days"": 2720, ""accel"": 1.0}",forced_all,2019_2026,C+S
S,161226,白银LOF,2024-04-16,2024-04-17,2024-05-06,-0.0481400437636762,10256.708767983542,9762.950359021534,0.8813333333333333,"{""score"": 0.8813333333333333, ""momentum"": 0.13801756587201996, ""mom20"": 0.13801756587201996, ""mom60"": 0.21256684491978617, ""mom120"": 0.19973544973544977, ""vol20"": 0.264239047005959, ""amount20"": 59225516.4, ""history_days"": 2105, ""accel"": 1.0}",forced_all,2019_2026,C+S
S,159996,家电ETF,2024-05-06,2024-05-07,2024-05-21,-0.0111999999999999,9762.950359021534,9653.605315000494,0.9275862068965516,"{""score"": 0.9275862068965517, ""momentum"": 0.09137931034482771, ""mom20"": 0.09137931034482771, ""mom60"": 0.23391812865497075, ""mom120"": 0.1865042174320526, ""vol20"": 0.22025722168999323, ""amount20"": 89268249.0, ""history_days"": 1003, ""accel"": 1.0}",forced_all,2019_2026,C+S
S,159825,农业ETF,2024-05-21,2024-05-22,2024-06-05,-0.049934296977661,9653.605315000494,9171.559320296132,0.8341666666666667,"{""score"": 0.8341666666666667, ""momentum"": 0.1153284671532846, ""mom20"": 0.1153284671532846, ""mom60"": 0.1318518518518519, ""mom120"": 0.052341597796143224, ""vol20"": 0.14656728196867969, ""amount20"": 74286235.0, ""history_days"": 820, ""accel"": 1.0}",forced_all,2019_2026,C+S
S,161226,白银LOF,2024-06-05,2024-06-06,2024-06-21,0.0051020408163264,9171.559320296132,9218.352990297642,0.91,"{""score"": 0.91, ""momentum"": 0.09464082098061577, ""mom20"": 0.09464082098061577, ""mom60"": 0.248374512353706, ""mom120"": 0.21212121212121193, ""vol20"": 0.424826471252627, ""amount20"": 55293995.050000004, ""history_days"": 2138, ""accel"": 1.0}",forced_all,2019_2026,C+S
C,159666,交通运输ETF,2024-06-21,2024-06-24,2024-08-19,-0.0033259423503325,9218.352990297642,9187.693279686897,0.8,hit=4/5;selected_score=0.3961648114454243,forced_all,2019_2026,C+S
C,515170,食品饮料ETF,2024-08-19,2024-08-20,2024-10-24,0.1434108527131781,9187.693279686897,10505.308207393931,1.0,hit=5/5;selected_score=5.418702806095758,forced_all,2019_2026,C+S
S,159996,家电ETF,2024-10-24,2024-10-25,2024-11-08,0.0164056674123789,10505.308207393931,10677.65479990897,0.8819999999999999,"{""score"": 0.8819999999999999, ""momentum"": 0.23041474654377891, ""mom20"": 0.23041474654377891, ""mom60"": 0.282420749279539, ""mom120"": 0.14987080103359163, ""vol20"": 0.5478123256044922, ""amount20"": 137649637.0, ""history_days"": 1118, ""accel"": 1.0}",forced_all,2019_2026,C+S
S,159852,软件ETF,2024-11-08,2024-11-11,2024-11-25,-0.0963455149501661,10677.65479990897,9648.910649751628,0.8977777777777778,"{""score"": 0.8977777777777778, ""momentum"": 0.2602339181286548, ""mom20"": 0.2602339181286548, ""mom60"": 0.68359375, ""mom120"": 0.41543513957307066, ""vol20"": 0.5315850531929894, ""amount20"": 189371429.55, ""history_days"": 906, ""accel"": 1.0}",forced_all,2019_2026,C+S
S,159852,软件ETF,2024-11-25,2024-11-26,2024-12-10,0.080503144654088,9648.910649751628,10425.678299542953,0.8444444444444444,"{""score"": 0.8444444444444444, ""momentum"": 0.07651715039577822, ""mom20"": 0.07651715039577822, ""mom60"": 0.7215189873417722, ""mom120"": 0.3948717948717948, ""vol20"": 0.5653895678726308, ""amount20"": 181382810.7, ""history_days"": 917, ""accel"": 1.0}",forced_all,2019_2026,C+S
S,512980,传媒ETF,2024-12-10,2024-12-11,2024-12-25,-0.0804597701149424,10425.678299542953,9586.830620269384,0.9076923076923076,"{""score"": 0.9076923076923077, ""momentum"": 0.08760951188986232, ""mom20"": 0.08760951188986232, ""mom60"": 0.4854700854700855, ""mom120"": 0.3328220858895705, ""vol20"": 0.4013730759288544, ""amount20"": 189433492.0, ""history_days"": 1671, ""accel"": 1.0}",forced_all,2019_2026,C+S
S,159811,5G50ETF,2024-12-25,2024-12-26,2025-01-10,-0.0948737566947206,9586.830620269384,8677.291984528449,0.8376470588235294,"{""score"": 0.8376470588235294, ""momentum"": 0.07731958762886615, ""mom20"": 0.07731958762886615, ""mom60"": 0.2808988764044944, ""mom120"": 0.17305893358278768, ""vol20"": 0.18463894867877498, ""amount20"": 4806767.0, ""history_days"": 1136, ""accel"": 1.0}",forced_all,2019_2026,C+S
C,516970,基建ETF,2025-01-10,2025-01-13,2025-03-18,0.0734573947110677,8677.291984528449,9314.703246859139,1.0,hit=5/5;selected_score=0.6773704614667067,forced_all,2019_2026,C+S
S,159663,机床ETF,2025-03-18,2025-03-19,2025-04-02,-0.0551839464882943,9314.703246859139,8800.681161330123,0.8741176470588234,"{""score"": 0.8741176470588234, ""momentum"": 0.1051660516605164, ""mom20"": 0.1051660516605164, ""mom60"": 0.14312977099236623, ""mom120"": 0.5973333333333333, ""vol20"": 0.3695805887868461, ""amount20"": 5308537.475, ""history_days"": 580, ""accel"": 1.0}",forced_all,2019_2026,C+S
S,518880,黄金ETF,2025-04-02,2025-04-03,2025-04-18,0.068931491401184,8800.681161330123,9407.325239126912,0.9506666666666668,"{""score"": 0.9506666666666667, ""momentum"": 0.07362150603329765, ""mom20"": 0.07362150603329765, ""mom60"": 0.18672969778828286, ""mom120"": 0.23164534781846857, ""vol20"": 0.10348051029163935, ""amount20"": 1594418454.6125002, ""history_days"": 2840, ""accel"": 1.0}",forced_all,2019_2026,C+S
S,518880,黄金ETF,2025-04-18,2025-04-21,2025-05-08,-0.021620921802175,9407.325239126912,9203.930195764122,0.9444444444444444,"{""score"": 0.9444444444444444, ""momentum"": 0.11400029381519028, ""mom20"": 0.11400029381519028, ""mom60"": 0.2427073090789904, ""mom120"": 0.26005317381189763, ""vol20"": 0.18568344986228258, ""amount20"": 4507448560.35, ""history_days"": 2851, ""accel"": 1.0}",forced_all,2019_2026,C+S
S,159663,机床ETF,2025-05-08,2025-05-09,2025-05-23,-0.0125899280575539,9203.930195764122,9088.053376752703,0.7899999999999999,"{""score"": 0.7899999999999999, ""momentum"": 0.1287726358148895, ""mom20"": 0.1287726358148895, ""mom60"": 0.03314917127071837, ""mom120"": 0.095703125, ""vol20"": 0.2852569289106382, ""amount20"": 4811819.625, ""history_days"": 613, ""accel"": 1.0}",forced_all,2019_2026,C+S
S,159887,银行ETF,2025-05-23,2025-05-26,2025-06-10,0.0315142198308995,9088.053376752703,9374.456288702637,0.7923076923076922,"{""score"": 0.7923076923076922, ""momentum"": 0.04385964912280693, ""mom20"": 0.04385964912280693, ""mom60"": 0.08271298593879228, ""mom120"": 0.154320987654321, ""vol20"": 0.14617798179804273, ""amount20"": 66336905.5, ""history_days"": 972, ""accel"": 1.0}",forced_all,2019_2026,C+S
S,159992,创新药ETF,2025-06-10,2025-06-11,2025-06-25,-0.0245700245700244,9374.456288702637,9144.125667358592,0.8852631578947368,"{""score"": 0.8852631578947368, ""momentum"": 0.14027777777777772, ""mom20"": 0.14027777777777772, ""mom60"": 0.1418636995827538, ""mom120"": 0.09612817089452608, ""vol20"": 0.1992367647165409, ""amount20"": 436621444.0, ""history_days"": 1251, ""accel"": 1.0}",forced_all,2019_2026,C+S
S,159887,银行ETF,2025-06-25,2025-06-26,2025-07-10,0.0271777003484319,9144.125667358592,9392.641974694468,0.8911764705882352,"{""score"": 0.8911764705882352, ""momentum"": 0.08569242540168331, ""mom20"": 0.08569242540168331, ""mom60"": 0.14620355411954766, ""mom120"": 0.1994928148774302, ""vol20"": 0.1003133560421541, ""amount20"": 69493096.0, ""history_days"": 994, ""accel"": 1.0}",forced_all,2019_2026,C+S
S,159851,金融科技ETF,2025-07-10,2025-07-11,2025-07-25,-0.0183908045977011,9392.641974694468,9219.903731481696,0.904516129032258,"{""score"": 0.9045161290322581, ""momentum"": 0.14324693042291958, ""mom20"": 0.14324693042291958, ""mom60"": 0.24332344213649848, ""mom120"": 0.2892307692307692, ""vol20"": 0.4208567424081635, ""amount20"": 403453570.27500004, ""history_days"": 1045, ""accel"": 1.0}",forced_all,2019_2026,C+S
S,515210,钢铁ETF,2025-07-25,2025-07-28,2025-08-11,0.0178189593727726,9219.903731481696,9384.192821493843,0.878421052631579,"{""score"": 0.878421052631579, ""momentum"": 0.18552412645590688, ""mom20"": 0.18552412645590688, ""mom60"": 0.16995073891625623, ""mom120"": 0.25994694960212206, ""vol20"": 0.24755947393560573, ""amount20"": 188241817.5, ""history_days"": 1312, ""accel"": 1.0}",forced_all,2019_2026,C+S
S,159811,5G50ETF,2025-08-11,2025-08-12,2025-08-26,0.1870595771941063,9384.192821493843,11139.59596299045,0.881875,"{""score"": 0.881875, ""momentum"": 0.13422818791946312, ""mom20"": 0.13422818791946312, ""mom60"": 0.28246205733558183, ""mom120"": 0.11102994886778661, ""vol20"": 0.24541407224890127, ""amount20"": 2899503.0, ""history_days"": 1287, ""accel"": 1.0}",forced_all,2019_2026,C+S
S,159811,5G50ETF,2025-08-26,2025-08-27,2025-09-10,0.0413311862587224,11139.59596299045,11600.008678583721,0.9073684210526316,"{""score"": 0.9073684210526316, ""momentum"": 0.23122923588039868, ""mom20"": 0.23122923588039868, ""mom60"": 0.5960378983634798, ""mom120"": 0.422102839600921, ""vol20"": 0.3291702792051111, ""amount20"": 6050041.5, ""history_days"": 1298, ""accel"": 1.0}",forced_all,2019_2026,C+S
S,159811,5G50ETF,2025-09-10,2025-09-11,2025-09-25,0.0424929178470256,11600.008678583721,12092.926894387565,0.8821428571428571,"{""score"": 0.8821428571428571, ""momentum"": 0.1793313069908815, ""mom20"": 0.1793313069908815, ""mom60"": 0.5482841181165203, ""mom120"": 0.47528517110266155, ""vol20"": 0.5839267088093788, ""amount20"": 10867728.0, ""history_days"": 1309, ""accel"": 1.0}",forced_all,2019_2026,C+S
S,159755,电池ETF,2025-09-25,2025-09-26,2025-10-20,-0.0126705653021443,12092.926894387565,11939.70267447817,0.8725,"{""score"": 0.8725, ""momentum"": 0.3012499999999998, ""mom20"": 0.3012499999999998, ""mom60"": 0.4641350210970463, ""mom120"": 0.5241581259150803, ""vol20"": 0.4190229054825889, ""amount20"": 1353744028.5, ""history_days"": 1036, ""accel"": 1.0}",forced_all,2019_2026,C+S
S,161226,白银LOF,2025-10-20,2025-10-21,2025-11-04,-0.0449852507374632,11939.70267447817,11402.59215593601,0.8730434782608696,"{""score"": 0.8730434782608696, ""momentum"": 0.18354978354978346, ""mom20"": 0.18354978354978346, ""mom60"": 0.27996254681647925, ""mom120"": 0.43291404612159345, ""vol20"": 0.45779607839047154, ""amount20"": 216543661.9875, ""history_days"": 2470, ""accel"": 1.0}",forced_all,2019_2026,C+S
S,159930,能源ETF,2025-11-04,2025-11-05,2025-11-19,0.0188806473364799,11402.59215593601,11617.88047715395,0.8442105263157895,"{""score"": 0.8442105263157895, ""momentum"": 0.11027756939234812, ""mom20"": 0.11027756939234812, ""mom60"": 0.11951588502269272, ""mom120"": 0.20227457351746536, ""vol20"": 0.2278422966753018, ""amount20"": 52240513.0, ""history_days"": 2944, ""accel"": 1.0}",forced_all,2019_2026,C+S
S,159870,化工ETF,2025-11-19,2025-11-20,2025-12-04,-0.0223390275952694,11617.88047715395,11358.348324576267,0.8557894736842104,"{""score"": 0.8557894736842104, ""momentum"": 0.1284671532846715, ""mom20"": 0.1284671532846715, ""mom60"": 0.21540880503144666, ""mom120"": 0.3902877697841727, ""vol20"": 0.3048782497358723, ""amount20"": 794485310.0, ""history_days"": 1145, ""accel"": 1.0}",forced_all,2019_2026,C+S
S,161226,白银LOF,2025-12-04,2025-12-05,2025-12-19,0.3578886310904874,11358.348324576267,15423.372057907798,0.9142857142857144,"{""score"": 0.9142857142857143, ""momentum"": 0.28636709824828643, ""mom20"": 0.28636709824828643, ""mom60"": 0.49601417183348095, ""mom120"": 0.617816091954023, ""vol20"": 0.4065128656827174, ""amount20"": 245485470.6625, ""history_days"": 2503, ""accel"": 1.0}",forced_all,2019_2026,C+S
S,161226,白银LOF,2025-12-19,2025-12-22,2026-01-07,-0.0038834951456311,15423.372057907798,15363.47546739165,0.9076923076923076,"{""score"": 0.9076923076923077, ""momentum"": 0.7100073046018993, ""mom20"": 0.7100073046018993, ""mom60"": 1.0753546099290783, ""mom120"": 1.2996070726915523, ""vol20"": 0.4545504527383194, ""amount20"": 478905116.9375, ""history_days"": 2514, ""accel"": 1.0}",forced_all,2019_2026,C+S
S,512400,有色金属ETF,2026-01-07,2026-01-08,2026-01-22,0.1003937007874016,15363.47546739165,16905.871626519554,0.865,"{""score"": 0.865, ""momentum"": 0.1450719822812847, ""mom20"": 0.1450719822812847, ""mom60"": 0.14952751528627028, ""mom120"": 0.7705479452054795, ""vol20"": 0.3306470361017141, ""amount20"": 958511620.5, ""history_days"": 2026, ""accel"": 1.0}",forced_all,2019_2026,C+S
S,512400,有色金属ETF,2026-01-22,2026-01-23,2026-02-06,-0.0610553859572612,16905.871626519554,15873.677109418491,0.875,"{""score"": 0.875, ""momentum"": 0.20279720279720292, ""mom20"": 0.20279720279720292, ""mom60"": 0.3262158956109136, ""mom120"": 0.7441497659906398, ""vol20"": 0.2973122383346038, ""amount20"": 1987620724.5, ""history_days"": 2037, ""accel"": 1.0}",forced_all,2019_2026,C+S
S,516750,建材ETF,2026-02-06,2026-02-09,2026-03-03,-0.0294117647058822,15873.677109418491,15406.804253259126,0.8218181818181819,"{""score"": 0.8218181818181819, ""momentum"": 0.08955223880597019, ""mom20"": 0.08955223880597019, ""mom60"": 0.10150891632373127, ""mom120"": 0.14062500000000022, ""vol20"": 0.3484650552409833, ""amount20"": 16466382.0, ""history_days"": 1035, ""accel"": 1.0}",forced_all,2019_2026,C+S
S,159930,能源ETF,2026-03-03,2026-03-04,2026-03-18,-0.0605898123324396,15406.804253259126,14473.308874911523,0.8953846153846153,"{""score"": 0.8953846153846153, ""momentum"": 0.2297383535417996, ""mom20"": 0.2297383535417996, ""mom60"": 0.33912439193884647, ""mom120"": 0.43377976190476186, ""vol20"": 0.4937145537478688, ""amount20"": 130091698.5, ""history_days"": 3021, ""accel"": 1.0}",forced_all,2019_2026,C+S
C,512660,军工ETF,2026-03-18,2026-03-19,2026-05-20,0.0058694057226706,14473.308874911523,14558.258596847909,1.0,hit=5/5;selected_score=0.6686964927681998,forced_all,2019_2026,C+S
S,159813,半导体ETF鹏华,2026-05-20,2026-05-21,2026-06-04,0.0240506329113925,14558.258596847909,14908.393930189823,0.8799999999999999,"{""score"": 0.8799999999999999, ""momentum"": 0.375, ""mom20"": 0.375, ""mom60"": 0.33661740558292275, ""mom120"": 0.5186567164179103, ""vol20"": 0.46208005673910146, ""amount20"": 219961678.7, ""history_days"": 1451, ""accel"": 1.0}",forced_all,2019_2026,C+S
S,159811,5G50ETF,2026-06-04,2026-06-05,2026-06-22,0.1256830601092897,14908.393930189823,16782.12650065084,0.9066666666666666,"{""score"": 0.9066666666666666, ""momentum"": 0.22256097560975618, ""mom20"": 0.22256097560975618, ""mom60"": 0.5151133501259446, ""mom120"": 0.7039660056657224, ""vol20"": 0.4553926476130795, ""amount20"": 27315723.5, ""history_days"": 1482, ""accel"": 1.0}",forced_all,2019_2026,C+S
S,159811,5G50ETF,2026-06-22,2026-06-23,2026-07-07,-0.0874666666666665,16782.12650065084,15314.249836060584,0.9014285714285716,"{""score"": 0.9014285714285715, ""momentum"": 0.1925655088360756, ""mom20"": 0.1925655088360756, ""mom60"": 0.7303271441202477, ""mom120"": 0.7670428893905195, ""vol20"": 0.5196275093418886, ""amount20"": 47683862.0, ""history_days"": 1493, ""accel"": 1.0}",forced_all,2019_2026,C+S
S,588000,科创50ETF,2026-07-07,2026-07-08,2026-07-22,-0.0885780885780885,15314.249836060584,13957.742857575033,0.896,"{""score"": 0.896, ""momentum"": 0.2632204396910278, ""mom20"": 0.2632204396910278, ""mom60"": 0.49192982456140344, ""mom120"": 0.4374577417173764, ""vol20"": 0.5148886588158701, ""amount20"": 7378773304.987499, ""history_days"": 1367, ""accel"": 1.0}",forced_all,2019_2026,C+S
S,162411,华宝油气LOF,2026-07-22,2026-07-23,2026-08-06,-0.0803382663847779,13957.742857575033,12836.40199375294,0.8933333333333333,"{""score"": 0.8933333333333333, ""momentum"": 0.14742014742014753, ""mom20"": 0.14742014742014753, ""mom60"": 0.04241071428571441, ""mom120"": 0.3026499302649932, ""vol20"": 0.3458749025544543, ""amount20"": 115580065.0, ""history_days"": 3280, ""accel"": 1.0}",forced_all,2019_2026,C+S
D,159930,能源ETF,2019-01-02,2019-01-03,2019-05-22,0.1531100478468898,10000.0,11531.1004784689,78.67299697656841,fear_weighted=77.9478;symbol_fear=79.3981,forced_all,2019_2026,C+D
D,512880,证券ETF,2019-05-22,2019-05-23,2019-09-30,0.0525727069351229,11531.1004784689,12137.3216445629,85.84131069410432,fear_weighted=82.5775;symbol_fear=89.1051,forced_all,2019_2026,C+D
D,512660,军工ETF,2019-09-30,2019-10-08,2019-12-17,0.0105820105820106,12137.3216445629,12265.758910642933,67.41155513717132,fear_weighted=66.1829;symbol_fear=68.6402,forced_all,2019_2026,C+D
D,512660,军工ETF,2019-12-17,2019-12-18,2019-12-31,-0.005249343832021,12265.758910642933,12201.371724760293,29.628212396069543,fear_weighted=21.7234;symbol_fear=37.5331,forced_all,2019_2026,C+D
D,512720,计算机ETF,2019-12-31,2020-01-02,2020-05-21,0.0906011854360711,12201.371724760293,13306.830466969735,35.28538293251573,fear_weighted=24.5125;symbol_fear=46.0583,forced_all,2019_2026,C+D
D,512720,计算机ETF,2020-05-21,2020-05-22,2020-06-22,0.0797788309636651,13306.830466969735,14368.433845456262,61.720466923309246,fear_weighted=54.6372;symbol_fear=68.8037,forced_all,2019_2026,C+D
D,515210,钢铁ETF,2020-06-22,2020-06-23,2020-11-06,0.1411214953271027,14368.433845456262,16396.1287152356,56.98062119584676,fear_weighted=28.2313;symbol_fear=85.7299,forced_all,2019_2026,C+D
D,512660,军工ETF,2020-11-06,2020-11-09,2021-03-23,-0.0333951762523191,16396.1287152356,15848.577106934597,57.52976190476191,fear_weighted=38.1746;symbol_fear=76.8849,forced_all,2019_2026,C+D
D,159902,中小板ETF,2021-03-23,2021-03-24,2021-06-24,0.1161816065192082,15848.577106934597,17689.890256261806,75.17243008314436,fear_weighted=61.2245;symbol_fear=89.1204,forced_all,2019_2026,C+D
D,515210,钢铁ETF,2021-06-24,2021-06-25,2021-07-22,0.1370814908401769,17689.890256261806,20114.846785389294,51.15836147343193,fear_weighted=29.4218;symbol_fear=72.895,forced_all,2019_2026,C+D
D,159870,化工ETF,2021-07-22,2021-07-23,2021-12-06,-0.0574074074074074,20114.846785389294,18960.105581042873,50.07609662684851,fear_weighted=29.5011;symbol_fear=70.6511,forced_all,2019_2026,C+D
D,159930,能源ETF,2021-12-06,2021-12-07,2022-01-04,0.0055005500550056,18960.105581042873,19064.39659083959,56.93972033257748,fear_weighted=39.0779;symbol_fear=74.8016,forced_all,2019_2026,C+D
D,515790,光伏ETF,2022-01-04,2022-01-05,2022-05-25,-0.1223709369024856,19064.39659083959,16731.468518538,55.1370917638213,fear_weighted=29.9773;symbol_fear=80.2969,forced_all,2019_2026,C+D
D,512720,计算机ETF,2022-05-25,2022-05-26,2022-10-10,-0.0496828752642705,16731.468518538,15900.201055143409,74.46872011504053,fear_weighted=68.5676;symbol_fear=80.3698,forced_all,2019_2026,C+D
D,515790,光伏ETF,2022-10-10,2022-10-11,2023-01-06,-0.0041067761806981,15900.201055143409,15834.902488181835,82.51927544163166,fear_weighted=78.0574;symbol_fear=86.9811,forced_all,2019_2026,C+D
D,159930,能源ETF,2023-01-06,2023-01-09,2023-01-19,0.0356138706654169,15834.902488181835,16398.84465739543,43.46608087679516,fear_weighted=25.5896;symbol_fear=61.3426,forced_all,2019_2026,C+D
D,510880,红利ETF,2023-01-19,2023-01-20,2023-02-10,-0.0060347887823927,16398.84465739543,16299.881093612781,44.619708994709,fear_weighted=21.8783;symbol_fear=67.3611,forced_all,2019_2026,C+D
D,510880,红利ETF,2023-02-10,2023-02-13,2023-02-24,0.0288770053475935,16299.881093612781,16770.572847118176,46.06859410430839,fear_weighted=25.0076;symbol_fear=67.1296,forced_all,2019_2026,C+D
D,159768,房地产ETF,2023-02-24,2023-02-27,2023-03-24,-0.0402298850574712,16770.572847118176,16095.894629130664,46.91675868377234,fear_weighted=36.0809;symbol_fear=57.7526,forced_all,2019_2026,C+D
D,159887,银行ETF,2023-03-24,2023-03-27,2023-04-07,0.0105509964830012,16095.894629130664,16265.72235675338,44.4801003106651,fear_weighted=27.0824;symbol_fear=61.8778,forced_all,2019_2026,C+D
D,515210,钢铁ETF,2023-04-07,2023-04-10,2023-06-19,-0.0640542577241898,16265.72235675338,15223.833584843784,38.239605205490655,fear_weighted=19.777;symbol_fear=56.7022,forced_all,2019_2026,C+D
D,159887,银行ETF,2023-06-19,2023-06-20,2023-07-31,0.0863636363636364,15223.833584843784,16538.61921262575,54.76900507526877,fear_weighted=33.8057;symbol_fear=75.7323,forced_all,2019_2026,C+D
D,512980,传媒ETF,2023-07-31,2023-08-01,2023-11-16,-0.0603136308805789,16538.61921262575,15541.115038160988,46.727607709750565,fear_weighted=22.8534;symbol_fear=70.6019,forced_all,2019_2026,C+D
D,516750,建材ETF,2023-11-16,2023-11-17,2024-01-04,-0.073103448275862,15541.115038160988,14405.005938819564,55.97970343418516,fear_weighted=37.3054;symbol_fear=74.654,forced_all,2019_2026,C+D
D,512720,计算机ETF,2024-01-04,2024-01-05,2024-03-12,0.0666666666666666,14405.005938819564,15365.3396680742,66.36148904006048,fear_weighted=45.8844;symbol_fear=86.8386,forced_all,2019_2026,C+D
D,159930,能源ETF,2024-03-12,2024-03-13,2024-04-01,0.0111888111888112,15365.3396680742,15537.259552472235,48.506235827664405,fear_weighted=30.5442;symbol_fear=66.4683,forced_all,2019_2026,C+D
D,159992,创新药ETF,2024-04-01,2024-04-02,2024-04-16,-0.0586552217453504,15537.259552472235,14625.918148106912,37.45181405895691,fear_weighted=21.1338;symbol_fear=53.7698,forced_all,2019_2026,C+D
D,512880,证券ETF,2024-04-16,2024-04-17,2024-04-30,0.0581818181818183,14625.918148106912,15476.880658542224,66.09977324263039,fear_weighted=53.7604;symbol_fear=78.4392,forced_all,2019_2026,C+D
D,159768,房地产ETF,2024-04-30,2024-05-06,2024-05-20,0.1650485436893203,15476.880658542224,18031.31727208803,46.86022083879337,fear_weighted=28.1028;symbol_fear=65.6176,forced_all,2019_2026,C+D
D,512980,传媒ETF,2024-05-20,2024-05-21,2024-06-05,-0.0619596541786742,18031.31727208803,16914.103089523498,37.41260393046107,fear_weighted=19.2366;symbol_fear=55.5886,forced_all,2019_2026,C+D
D,512980,传媒ETF,2024-06-05,2024-06-06,2024-10-22,0.1912225705329153,16914.103089523498,20148.46136056091,53.8879440665155,fear_weighted=36.9426;symbol_fear=70.8333,forced_all,2019_2026,C+D
D,512950,央企改革ETF,2024-10-22,2024-10-23,2025-02-20,-0.034156976744186,20148.46136056091,19460.250834437098,65.09967876039305,fear_weighted=60.5896;symbol_fear=69.6098,forced_all,2019_2026,C+D
D,510880,红利ETF,2025-02-20,2025-02-21,2025-03-10,0.0003333333333332,19460.250834437098,19466.737584715243,56.351095993953145,fear_weighted=25.5329;symbol_fear=87.1693,forced_all,2019_2026,C+D
D,512880,证券ETF,2025-03-10,2025-03-11,2025-03-27,-0.0062836624775584,19466.737584715243,19344.415176193692,45.02692743764173,fear_weighted=23.9494;symbol_fear=66.1045,forced_all,2019_2026,C+D
D,159811,5G50ETF,2025-03-27,2025-03-28,2025-05-09,-0.0572337042925278,19344.415176193692,18237.262638287535,44.49452003023432,fear_weighted=23.579;symbol_fear=65.4101,forced_all,2019_2026,C+D
D,159811,5G50ETF,2025-05-09,2025-05-12,2025-05-22,-0.0297274979355904,18237.262638287535,17695.11445085702,47.60912698412699,fear_weighted=26.5344;symbol_fear=68.6839,forced_all,2019_2026,C+D
D,159811,5G50ETF,2025-05-22,2025-05-23,2025-06-05,0.0525862068965519,17695.11445085702,18625.633400427956,46.68698034769463,fear_weighted=29.0552;symbol_fear=64.3188,forced_all,2019_2026,C+D
D,159811,5G50ETF,2025-06-05,2025-06-06,2025-06-18,0.0262080262080259,18625.633400427956,19113.774488727457,36.19425547996977,fear_weighted=23.0499;symbol_fear=49.3386,forced_all,2019_2026,C+D
D,516750,建材ETF,2025-06-18,2025-06-19,2025-07-01,0.0300500834724541,19113.774488727457,19688.145007587384,38.4613567649282,fear_weighted=26.096;symbol_fear=50.8267,forced_all,2019_2026,C+D
D,515170,食品饮料ETF,2025-07-01,2025-07-02,2025-07-14,0.0142602495543671,19688.145007587384,19968.902868658148,26.694066515495084,fear_weighted=11.7876;symbol_fear=41.6005,forced_all,2019_2026,C+D
D,159887,银行ETF,2025-07-14,2025-07-15,2025-07-25,-0.0332640332640332,19968.902868658148,19304.656619388858,29.65608465608466,fear_weighted=16.455;symbol_fear=42.8571,forced_all,2019_2026,C+D
D,516750,建材ETF,2025-07-25,2025-07-28,2025-08-07,-0.0156918687589158,19304.656619388858,19001.730481281473,46.43990929705216,fear_weighted=27.4036;symbol_fear=65.4762,forced_all,2019_2026,C+D
D,516970,基建ETF,2025-08-07,2025-08-08,2025-08-25,0.0301984469370146,19001.730481281473,19575.553230931906,39.7108843537415,fear_weighted=19.898;symbol_fear=59.5238,forced_all,2019_2026,C+D
D,159887,银行ETF,2025-08-25,2025-08-26,2025-11-11,-0.0129589632829373,19575.553230931906,19321.874355369073,42.63369236583523,fear_weighted=34.1761;symbol_fear=51.0913,forced_all,2019_2026,C+D
D,159811,5G50ETF,2025-11-11,2025-11-12,2025-12-23,0.0891996142719382,19321.874355369073,21045.378094878848,56.28354119425549,fear_weighted=36.0128;symbol_fear=76.5542,forced_all,2019_2026,C+D
D,159768,房地产ETF,2025-12-23,2025-12-24,2026-05-15,-0.0734767025089606,21045.378094878848,19499.033109412838,42.80328798185941,fear_weighted=25.3553;symbol_fear=60.2513,forced_all,2019_2026,C+D
C,159766,旅游ETF,2026-05-15,2026-05-18,2026-07-14,-0.1211129296235679,19499.033109412838,17137.4480847049,0.6,hit=3/5;selected_score=4.660178453401736,forced_all,2019_2026,C+D
D,159930,能源ETF,2019-01-02,2019-01-03,2019-05-22,0.1531100478468898,10000.0,11531.1004784689,78.67299697656841,fear_weighted=77.9478;symbol_fear=79.3981,forced_all,2019_2026,S+D
D,512880,证券ETF,2019-05-22,2019-05-23,2019-09-30,0.0525727069351229,11531.1004784689,12137.3216445629,85.84131069410432,fear_weighted=82.5775;symbol_fear=89.1051,forced_all,2019_2026,S+D
D,512660,军工ETF,2019-09-30,2019-10-08,2019-12-17,0.0105820105820106,12137.3216445629,12265.758910642933,67.41155513717132,fear_weighted=66.1829;symbol_fear=68.6402,forced_all,2019_2026,S+D
D,512660,军工ETF,2019-12-17,2019-12-18,2019-12-31,-0.005249343832021,12265.758910642933,12201.371724760293,29.628212396069543,fear_weighted=21.7234;symbol_fear=37.5331,forced_all,2019_2026,S+D
D,512720,计算机ETF,2019-12-31,2020-01-02,2020-05-21,0.0906011854360711,12201.371724760293,13306.830466969735,35.28538293251573,fear_weighted=24.5125;symbol_fear=46.0583,forced_all,2019_2026,S+D
D,512720,计算机ETF,2020-05-21,2020-05-22,2020-06-22,0.0797788309636651,13306.830466969735,14368.433845456262,61.720466923309246,fear_weighted=54.6372;symbol_fear=68.8037,forced_all,2019_2026,S+D
D,515210,钢铁ETF,2020-06-22,2020-06-23,2020-11-06,0.1411214953271027,14368.433845456262,16396.1287152356,56.98062119584676,fear_weighted=28.2313;symbol_fear=85.7299,forced_all,2019_2026,S+D
D,512660,军工ETF,2020-11-06,2020-11-09,2021-03-23,-0.0333951762523191,16396.1287152356,15848.577106934597,57.52976190476191,fear_weighted=38.1746;symbol_fear=76.8849,forced_all,2019_2026,S+D
D,159902,中小板ETF,2021-03-23,2021-03-24,2021-06-24,0.1161816065192082,15848.577106934597,17689.890256261806,75.17243008314436,fear_weighted=61.2245;symbol_fear=89.1204,forced_all,2019_2026,S+D
D,515210,钢铁ETF,2021-06-24,2021-06-25,2021-07-22,0.1370814908401769,17689.890256261806,20114.846785389294,51.15836147343193,fear_weighted=29.4218;symbol_fear=72.895,forced_all,2019_2026,S+D
D,159870,化工ETF,2021-07-22,2021-07-23,2021-12-06,-0.0574074074074074,20114.846785389294,18960.105581042873,50.07609662684851,fear_weighted=29.5011;symbol_fear=70.6511,forced_all,2019_2026,S+D
D,159930,能源ETF,2021-12-06,2021-12-07,2022-01-04,0.0055005500550056,18960.105581042873,19064.39659083959,56.93972033257748,fear_weighted=39.0779;symbol_fear=74.8016,forced_all,2019_2026,S+D
D,515790,光伏ETF,2022-01-04,2022-01-05,2022-05-25,-0.1223709369024856,19064.39659083959,16731.468518538,55.1370917638213,fear_weighted=29.9773;symbol_fear=80.2969,forced_all,2019_2026,S+D
D,512720,计算机ETF,2022-05-25,2022-05-26,2022-10-10,-0.0496828752642705,16731.468518538,15900.201055143409,74.46872011504053,fear_weighted=68.5676;symbol_fear=80.3698,forced_all,2019_2026,S+D
D,515790,光伏ETF,2022-10-10,2022-10-11,2023-01-06,-0.0041067761806981,15900.201055143409,15834.902488181835,82.51927544163166,fear_weighted=78.0574;symbol_fear=86.9811,forced_all,2019_2026,S+D
D,159930,能源ETF,2023-01-06,2023-01-09,2023-01-19,0.0356138706654169,15834.902488181835,16398.84465739543,43.46608087679516,fear_weighted=25.5896;symbol_fear=61.3426,forced_all,2019_2026,S+D
D,510880,红利ETF,2023-01-19,2023-01-20,2023-02-10,-0.0060347887823927,16398.84465739543,16299.881093612781,44.619708994709,fear_weighted=21.8783;symbol_fear=67.3611,forced_all,2019_2026,S+D
D,510880,红利ETF,2023-02-10,2023-02-13,2023-02-24,0.0288770053475935,16299.881093612781,16770.572847118176,46.06859410430839,fear_weighted=25.0076;symbol_fear=67.1296,forced_all,2019_2026,S+D
D,159768,房地产ETF,2023-02-24,2023-02-27,2023-03-24,-0.0402298850574712,16770.572847118176,16095.894629130664,46.91675868377234,fear_weighted=36.0809;symbol_fear=57.7526,forced_all,2019_2026,S+D
D,159887,银行ETF,2023-03-24,2023-03-27,2023-04-07,0.0105509964830012,16095.894629130664,16265.72235675338,44.4801003106651,fear_weighted=27.0824;symbol_fear=61.8778,forced_all,2019_2026,S+D
D,515210,钢铁ETF,2023-04-07,2023-04-10,2023-06-19,-0.0640542577241898,16265.72235675338,15223.833584843784,38.239605205490655,fear_weighted=19.777;symbol_fear=56.7022,forced_all,2019_2026,S+D
D,159887,银行ETF,2023-06-19,2023-06-20,2023-07-31,0.0863636363636364,15223.833584843784,16538.61921262575,54.76900507526877,fear_weighted=33.8057;symbol_fear=75.7323,forced_all,2019_2026,S+D
D,512980,传媒ETF,2023-07-31,2023-08-01,2023-11-16,-0.0603136308805789,16538.61921262575,15541.115038160988,46.727607709750565,fear_weighted=22.8534;symbol_fear=70.6019,forced_all,2019_2026,S+D
D,516750,建材ETF,2023-11-16,2023-11-17,2024-01-04,-0.073103448275862,15541.115038160988,14405.005938819564,55.97970343418516,fear_weighted=37.3054;symbol_fear=74.654,forced_all,2019_2026,S+D
D,512720,计算机ETF,2024-01-04,2024-01-05,2024-03-12,0.0666666666666666,14405.005938819564,15365.3396680742,66.36148904006048,fear_weighted=45.8844;symbol_fear=86.8386,forced_all,2019_2026,S+D
D,159930,能源ETF,2024-03-12,2024-03-13,2024-04-01,0.0111888111888112,15365.3396680742,15537.259552472235,48.506235827664405,fear_weighted=30.5442;symbol_fear=66.4683,forced_all,2019_2026,S+D
D,159992,创新药ETF,2024-04-01,2024-04-02,2024-04-16,-0.0586552217453504,15537.259552472235,14625.918148106912,37.45181405895691,fear_weighted=21.1338;symbol_fear=53.7698,forced_all,2019_2026,S+D
D,512880,证券ETF,2024-04-16,2024-04-17,2024-04-30,0.0581818181818183,14625.918148106912,15476.880658542224,66.09977324263039,fear_weighted=53.7604;symbol_fear=78.4392,forced_all,2019_2026,S+D
D,159768,房地产ETF,2024-04-30,2024-05-06,2024-05-20,0.1650485436893203,15476.880658542224,18031.31727208803,46.86022083879337,fear_weighted=28.1028;symbol_fear=65.6176,forced_all,2019_2026,S+D
D,512980,传媒ETF,2024-05-20,2024-05-21,2024-06-05,-0.0619596541786742,18031.31727208803,16914.103089523498,37.41260393046107,fear_weighted=19.2366;symbol_fear=55.5886,forced_all,2019_2026,S+D
D,512980,传媒ETF,2024-06-05,2024-06-06,2024-10-22,0.1912225705329153,16914.103089523498,20148.46136056091,53.8879440665155,fear_weighted=36.9426;symbol_fear=70.8333,forced_all,2019_2026,S+D
D,512950,央企改革ETF,2024-10-22,2024-10-23,2025-02-20,-0.034156976744186,20148.46136056091,19460.250834437098,65.09967876039305,fear_weighted=60.5896;symbol_fear=69.6098,forced_all,2019_2026,S+D
D,510880,红利ETF,2025-02-20,2025-02-21,2025-03-10,0.0003333333333332,19460.250834437098,19466.737584715243,56.351095993953145,fear_weighted=25.5329;symbol_fear=87.1693,forced_all,2019_2026,S+D
D,512880,证券ETF,2025-03-10,2025-03-11,2025-03-27,-0.0062836624775584,19466.737584715243,19344.415176193692,45.02692743764173,fear_weighted=23.9494;symbol_fear=66.1045,forced_all,2019_2026,S+D
D,159811,5G50ETF,2025-03-27,2025-03-28,2025-05-09,-0.0572337042925278,19344.415176193692,18237.262638287535,44.49452003023432,fear_weighted=23.579;symbol_fear=65.4101,forced_all,2019_2026,S+D
D,159811,5G50ETF,2025-05-09,2025-05-12,2025-05-22,-0.0297274979355904,18237.262638287535,17695.11445085702,47.60912698412699,fear_weighted=26.5344;symbol_fear=68.6839,forced_all,2019_2026,S+D
D,159811,5G50ETF,2025-05-22,2025-05-23,2025-06-05,0.0525862068965519,17695.11445085702,18625.633400427956,46.68698034769463,fear_weighted=29.0552;symbol_fear=64.3188,forced_all,2019_2026,S+D
D,159811,5G50ETF,2025-06-05,2025-06-06,2025-06-18,0.0262080262080259,18625.633400427956,19113.774488727457,36.19425547996977,fear_weighted=23.0499;symbol_fear=49.3386,forced_all,2019_2026,S+D
D,516750,建材ETF,2025-06-18,2025-06-19,2025-07-01,0.0300500834724541,19113.774488727457,19688.145007587384,38.4613567649282,fear_weighted=26.096;symbol_fear=50.8267,forced_all,2019_2026,S+D
D,515170,食品饮料ETF,2025-07-01,2025-07-02,2025-07-14,0.0142602495543671,19688.145007587384,19968.902868658148,26.694066515495084,fear_weighted=11.7876;symbol_fear=41.6005,forced_all,2019_2026,S+D
D,159887,银行ETF,2025-07-14,2025-07-15,2025-07-25,-0.0332640332640332,19968.902868658148,19304.656619388858,29.65608465608466,fear_weighted=16.455;symbol_fear=42.8571,forced_all,2019_2026,S+D
D,516750,建材ETF,2025-07-25,2025-07-28,2025-08-07,-0.0156918687589158,19304.656619388858,19001.730481281473,46.43990929705216,fear_weighted=27.4036;symbol_fear=65.4762,forced_all,2019_2026,S+D
D,516970,基建ETF,2025-08-07,2025-08-08,2025-08-25,0.0301984469370146,19001.730481281473,19575.553230931906,39.7108843537415,fear_weighted=19.898;symbol_fear=59.5238,forced_all,2019_2026,S+D
D,159887,银行ETF,2025-08-25,2025-08-26,2025-11-11,-0.0129589632829373,19575.553230931906,19321.874355369073,42.63369236583523,fear_weighted=34.1761;symbol_fear=51.0913,forced_all,2019_2026,S+D
D,159811,5G50ETF,2025-11-11,2025-11-12,2025-12-23,0.0891996142719382,19321.874355369073,21045.378094878848,56.28354119425549,fear_weighted=36.0128;symbol_fear=76.5542,forced_all,2019_2026,S+D
D,159768,房地产ETF,2025-12-23,2025-12-24,2026-05-15,-0.0734767025089606,21045.378094878848,19499.033109412838,42.80328798185941,fear_weighted=25.3553;symbol_fear=60.2513,forced_all,2019_2026,S+D
S,159813,半导体ETF鹏华,2026-05-15,2026-05-18,2026-06-01,0.0053404539385848,19499.033109412838,19603.166797580598,0.8752941176470588,"{""score"": 0.8752941176470588, ""momentum"": 0.26712328767123283, ""mom20"": 0.26712328767123283, ""mom60"": 0.2478920741989883, ""mom120"": 0.3430127041742286, ""vol20"": 0.4437550275121128, ""amount20"": 199840548.475, ""history_days"": 1448, ""accel"": 1.0}",forced_all,2019_2026,S+D
S,159811,5G50ETF,2026-06-01,2026-06-02,2026-06-16,0.0477972934062769,19603.166797580598,20540.145112696744,0.9177777777777778,"{""score"": 0.9177777777777778, ""momentum"": 0.17922170653338076, ""mom20"": 0.17922170653338076, ""mom60"": 0.394259181089067, ""mom120"": 0.6018428709990302, ""vol20"": 0.43781588786359615, ""amount20"": 20799999.5, ""history_days"": 1479, ""accel"": 1.0}",forced_all,2019_2026,S+D
S,159811,5G50ETF,2026-06-16,2026-06-17,2026-07-02,-0.0665064102564102,20540.145112696744,19174.093795105535,0.8942857142857142,"{""score"": 0.8942857142857142, ""momentum"": 0.14397988054071043, ""mom20"": 0.14397988054071043, ""mom60"": 0.5099585062240661, ""mom120"": 0.660127737226277, ""vol20"": 0.5685900640847849, ""amount20"": 47065783.0, ""history_days"": 1490, ""accel"": 1.0}",forced_all,2019_2026,S+D
S,588000,科创50ETF,2026-07-02,2026-07-03,2026-07-17,-0.1403425309229304,19174.093795105535,16483.15294374677,0.9,"{""score"": 0.9, ""momentum"": 0.16236972024136054, ""mom20"": 0.16236972024136054, ""mom60"": 0.5932330827067669, ""mom120"": 0.4954128440366974, ""vol20"": 0.5761082035504137, ""amount20"": 6818106825.0375, ""history_days"": 1364, ""accel"": 1.0}",forced_all,2019_2026,S+D
S,162411,华宝油气LOF,2026-07-17,2026-07-20,2026-08-03,-0.0205183585313175,16483.15294374677,16144.945701920433,0.75,"{""score"": 0.75, ""momentum"": 0.07872078720787212, ""mom20"": 0.07872078720787212, ""mom60"": 0.010368663594469973, ""mom120"": 0.20965517241379317, ""vol20"": 0.2665881030763052, ""amount20"": 80276403.525, ""history_days"": 3277, ""accel"": 1.0}",forced_all,2019_2026,S+D
D,159930,能源ETF,2019-01-02,2019-01-03,2019-05-22,0.1531100478468898,10000.0,11531.1004784689,78.67299697656841,fear_weighted=77.9478;symbol_fear=79.3981,forced_all,2019_2026,C+S+D
D,512880,证券ETF,2019-05-22,2019-05-23,2019-09-30,0.0525727069351229,11531.1004784689,12137.3216445629,85.84131069410432,fear_weighted=82.5775;symbol_fear=89.1051,forced_all,2019_2026,C+S+D
D,512660,军工ETF,2019-09-30,2019-10-08,2019-12-17,0.0105820105820106,12137.3216445629,12265.758910642933,67.41155513717132,fear_weighted=66.1829;symbol_fear=68.6402,forced_all,2019_2026,C+S+D
D,512660,军工ETF,2019-12-17,2019-12-18,2019-12-31,-0.005249343832021,12265.758910642933,12201.371724760293,29.628212396069543,fear_weighted=21.7234;symbol_fear=37.5331,forced_all,2019_2026,C+S+D
D,512720,计算机ETF,2019-12-31,2020-01-02,2020-05-21,0.0906011854360711,12201.371724760293,13306.830466969735,35.28538293251573,fear_weighted=24.5125;symbol_fear=46.0583,forced_all,2019_2026,C+S+D
D,512720,计算机ETF,2020-05-21,2020-05-22,2020-06-22,0.0797788309636651,13306.830466969735,14368.433845456262,61.720466923309246,fear_weighted=54.6372;symbol_fear=68.8037,forced_all,2019_2026,C+S+D
D,515210,钢铁ETF,2020-06-22,2020-06-23,2020-11-06,0.1411214953271027,14368.433845456262,16396.1287152356,56.98062119584676,fear_weighted=28.2313;symbol_fear=85.7299,forced_all,2019_2026,C+S+D
D,512660,军工ETF,2020-11-06,2020-11-09,2021-03-23,-0.0333951762523191,16396.1287152356,15848.577106934597,57.52976190476191,fear_weighted=38.1746;symbol_fear=76.8849,forced_all,2019_2026,C+S+D
D,159902,中小板ETF,2021-03-23,2021-03-24,2021-06-24,0.1161816065192082,15848.577106934597,17689.890256261806,75.17243008314436,fear_weighted=61.2245;symbol_fear=89.1204,forced_all,2019_2026,C+S+D
D,515210,钢铁ETF,2021-06-24,2021-06-25,2021-07-22,0.1370814908401769,17689.890256261806,20114.846785389294,51.15836147343193,fear_weighted=29.4218;symbol_fear=72.895,forced_all,2019_2026,C+S+D
D,159870,化工ETF,2021-07-22,2021-07-23,2021-12-06,-0.0574074074074074,20114.846785389294,18960.105581042873,50.07609662684851,fear_weighted=29.5011;symbol_fear=70.6511,forced_all,2019_2026,C+S+D
D,159930,能源ETF,2021-12-06,2021-12-07,2022-01-04,0.0055005500550056,18960.105581042873,19064.39659083959,56.93972033257748,fear_weighted=39.0779;symbol_fear=74.8016,forced_all,2019_2026,C+S+D
D,515790,光伏ETF,2022-01-04,2022-01-05,2022-05-25,-0.1223709369024856,19064.39659083959,16731.468518538,55.1370917638213,fear_weighted=29.9773;symbol_fear=80.2969,forced_all,2019_2026,C+S+D
D,512720,计算机ETF,2022-05-25,2022-05-26,2022-10-10,-0.0496828752642705,16731.468518538,15900.201055143409,74.46872011504053,fear_weighted=68.5676;symbol_fear=80.3698,forced_all,2019_2026,C+S+D
D,515790,光伏ETF,2022-10-10,2022-10-11,2023-01-06,-0.0041067761806981,15900.201055143409,15834.902488181835,82.51927544163166,fear_weighted=78.0574;symbol_fear=86.9811,forced_all,2019_2026,C+S+D
D,159930,能源ETF,2023-01-06,2023-01-09,2023-01-19,0.0356138706654169,15834.902488181835,16398.84465739543,43.46608087679516,fear_weighted=25.5896;symbol_fear=61.3426,forced_all,2019_2026,C+S+D
D,510880,红利ETF,2023-01-19,2023-01-20,2023-02-10,-0.0060347887823927,16398.84465739543,16299.881093612781,44.619708994709,fear_weighted=21.8783;symbol_fear=67.3611,forced_all,2019_2026,C+S+D
D,510880,红利ETF,2023-02-10,2023-02-13,2023-02-24,0.0288770053475935,16299.881093612781,16770.572847118176,46.06859410430839,fear_weighted=25.0076;symbol_fear=67.1296,forced_all,2019_2026,C+S+D
D,159768,房地产ETF,2023-02-24,2023-02-27,2023-03-24,-0.0402298850574712,16770.572847118176,16095.894629130664,46.91675868377234,fear_weighted=36.0809;symbol_fear=57.7526,forced_all,2019_2026,C+S+D
D,159887,银行ETF,2023-03-24,2023-03-27,2023-04-07,0.0105509964830012,16095.894629130664,16265.72235675338,44.4801003106651,fear_weighted=27.0824;symbol_fear=61.8778,forced_all,2019_2026,C+S+D
D,515210,钢铁ETF,2023-04-07,2023-04-10,2023-06-19,-0.0640542577241898,16265.72235675338,15223.833584843784,38.239605205490655,fear_weighted=19.777;symbol_fear=56.7022,forced_all,2019_2026,C+S+D
D,159887,银行ETF,2023-06-19,2023-06-20,2023-07-31,0.0863636363636364,15223.833584843784,16538.61921262575,54.76900507526877,fear_weighted=33.8057;symbol_fear=75.7323,forced_all,2019_2026,C+S+D
D,512980,传媒ETF,2023-07-31,2023-08-01,2023-11-16,-0.0603136308805789,16538.61921262575,15541.115038160988,46.727607709750565,fear_weighted=22.8534;symbol_fear=70.6019,forced_all,2019_2026,C+S+D
D,516750,建材ETF,2023-11-16,2023-11-17,2024-01-04,-0.073103448275862,15541.115038160988,14405.005938819564,55.97970343418516,fear_weighted=37.3054;symbol_fear=74.654,forced_all,2019_2026,C+S+D
D,512720,计算机ETF,2024-01-04,2024-01-05,2024-03-12,0.0666666666666666,14405.005938819564,15365.3396680742,66.36148904006048,fear_weighted=45.8844;symbol_fear=86.8386,forced_all,2019_2026,C+S+D
D,159930,能源ETF,2024-03-12,2024-03-13,2024-04-01,0.0111888111888112,15365.3396680742,15537.259552472235,48.506235827664405,fear_weighted=30.5442;symbol_fear=66.4683,forced_all,2019_2026,C+S+D
D,159992,创新药ETF,2024-04-01,2024-04-02,2024-04-16,-0.0586552217453504,15537.259552472235,14625.918148106912,37.45181405895691,fear_weighted=21.1338;symbol_fear=53.7698,forced_all,2019_2026,C+S+D
D,512880,证券ETF,2024-04-16,2024-04-17,2024-04-30,0.0581818181818183,14625.918148106912,15476.880658542224,66.09977324263039,fear_weighted=53.7604;symbol_fear=78.4392,forced_all,2019_2026,C+S+D
D,159768,房地产ETF,2024-04-30,2024-05-06,2024-05-20,0.1650485436893203,15476.880658542224,18031.31727208803,46.86022083879337,fear_weighted=28.1028;symbol_fear=65.6176,forced_all,2019_2026,C+S+D
D,512980,传媒ETF,2024-05-20,2024-05-21,2024-06-05,-0.0619596541786742,18031.31727208803,16914.103089523498,37.41260393046107,fear_weighted=19.2366;symbol_fear=55.5886,forced_all,2019_2026,C+S+D
D,512980,传媒ETF,2024-06-05,2024-06-06,2024-10-22,0.1912225705329153,16914.103089523498,20148.46136056091,53.8879440665155,fear_weighted=36.9426;symbol_fear=70.8333,forced_all,2019_2026,C+S+D
D,512950,央企改革ETF,2024-10-22,2024-10-23,2025-02-20,-0.034156976744186,20148.46136056091,19460.250834437098,65.09967876039305,fear_weighted=60.5896;symbol_fear=69.6098,forced_all,2019_2026,C+S+D
D,510880,红利ETF,2025-02-20,2025-02-21,2025-03-10,0.0003333333333332,19460.250834437098,19466.737584715243,56.351095993953145,fear_weighted=25.5329;symbol_fear=87.1693,forced_all,2019_2026,C+S+D
D,512880,证券ETF,2025-03-10,2025-03-11,2025-03-27,-0.0062836624775584,19466.737584715243,19344.415176193692,45.02692743764173,fear_weighted=23.9494;symbol_fear=66.1045,forced_all,2019_2026,C+S+D
D,159811,5G50ETF,2025-03-27,2025-03-28,2025-05-09,-0.0572337042925278,19344.415176193692,18237.262638287535,44.49452003023432,fear_weighted=23.579;symbol_fear=65.4101,forced_all,2019_2026,C+S+D
D,159811,5G50ETF,2025-05-09,2025-05-12,2025-05-22,-0.0297274979355904,18237.262638287535,17695.11445085702,47.60912698412699,fear_weighted=26.5344;symbol_fear=68.6839,forced_all,2019_2026,C+S+D
D,159811,5G50ETF,2025-05-22,2025-05-23,2025-06-05,0.0525862068965519,17695.11445085702,18625.633400427956,46.68698034769463,fear_weighted=29.0552;symbol_fear=64.3188,forced_all,2019_2026,C+S+D
D,159811,5G50ETF,2025-06-05,2025-06-06,2025-06-18,0.0262080262080259,18625.633400427956,19113.774488727457,36.19425547996977,fear_weighted=23.0499;symbol_fear=49.3386,forced_all,2019_2026,C+S+D
D,516750,建材ETF,2025-06-18,2025-06-19,2025-07-01,0.0300500834724541,19113.774488727457,19688.145007587384,38.4613567649282,fear_weighted=26.096;symbol_fear=50.8267,forced_all,2019_2026,C+S+D
D,515170,食品饮料ETF,2025-07-01,2025-07-02,2025-07-14,0.0142602495543671,19688.145007587384,19968.902868658148,26.694066515495084,fear_weighted=11.7876;symbol_fear=41.6005,forced_all,2019_2026,C+S+D
D,159887,银行ETF,2025-07-14,2025-07-15,2025-07-25,-0.0332640332640332,19968.902868658148,19304.656619388858,29.65608465608466,fear_weighted=16.455;symbol_fear=42.8571,forced_all,2019_2026,C+S+D
D,516750,建材ETF,2025-07-25,2025-07-28,2025-08-07,-0.0156918687589158,19304.656619388858,19001.730481281473,46.43990929705216,fear_weighted=27.4036;symbol_fear=65.4762,forced_all,2019_2026,C+S+D
D,516970,基建ETF,2025-08-07,2025-08-08,2025-08-25,0.0301984469370146,19001.730481281473,19575.553230931906,39.7108843537415,fear_weighted=19.898;symbol_fear=59.5238,forced_all,2019_2026,C+S+D
D,159887,银行ETF,2025-08-25,2025-08-26,2025-11-11,-0.0129589632829373,19575.553230931906,19321.874355369073,42.63369236583523,fear_weighted=34.1761;symbol_fear=51.0913,forced_all,2019_2026,C+S+D
D,159811,5G50ETF,2025-11-11,2025-11-12,2025-12-23,0.0891996142719382,19321.874355369073,21045.378094878848,56.28354119425549,fear_weighted=36.0128;symbol_fear=76.5542,forced_all,2019_2026,C+S+D
D,159768,房地产ETF,2025-12-23,2025-12-24,2026-05-15,-0.0734767025089606,21045.378094878848,19499.033109412838,42.80328798185941,fear_weighted=25.3553;symbol_fear=60.2513,forced_all,2019_2026,C+S+D
S,159813,半导体ETF鹏华,2026-05-15,2026-05-18,2026-06-01,0.0053404539385848,19499.033109412838,19603.166797580598,0.8752941176470588,"{""score"": 0.8752941176470588, ""momentum"": 0.26712328767123283, ""mom20"": 0.26712328767123283, ""mom60"": 0.2478920741989883, ""mom120"": 0.3430127041742286, ""vol20"": 0.4437550275121128, ""amount20"": 199840548.475, ""history_days"": 1448, ""accel"": 1.0}",forced_all,2019_2026,C+S+D
C,512660,军工ETF,2026-06-01,2026-06-02,2026-07-29,-0.1365430149960536,19603.166797580598,16926.49129956841,1.0,hit=5/5;selected_score=0.6686964927681998,forced_all,2019_2026,C+S+D
C,515210,钢铁ETF,2021-01-04,2021-01-05,2021-03-04,0.2447665056360708,10000.0,12447.665056360709,0.25,hit=1/4;selected_score=0.9106525611216468,forced_all,2021_2026,C
C,159902,中小板ETF,2021-03-04,2021-03-05,2021-05-06,-0.0593521421107627,12447.665056360709,11708.869470988413,0.8,hit=4/5;selected_score=0.5241558570254087,forced_all,2021_2026,C
C,512880,证券ETF,2021-05-06,2021-05-07,2021-07-05,0.0407149950347569,11708.869470988413,12185.596033362324,0.5,hit=2/4;selected_score=2.3524022655757726,forced_all,2021_2026,C
C,159930,能源ETF,2021-07-05,2021-07-06,2021-08-31,0.2010309278350515,12185.596033362324,14635.277710172275,0.5,hit=2/4;selected_score=0.9106525611216468,forced_all,2021_2026,C
C,512880,证券ETF,2021-08-31,2021-09-01,2021-11-05,-0.0658119658119658,14635.277710172275,13672.101313861793,0.25,hit=1/4;selected_score=2.3524022655757726,forced_all,2021_2026,C
C,516970,基建ETF,2021-11-05,2021-11-08,2022-01-04,0.1094890510948904,13672.101313861793,15169.046713189726,0.8,hit=4/5;selected_score=0.6127133230906227,forced_all,2021_2026,C
C,159813,半导体ETF鹏华,2022-01-04,2022-01-05,2022-03-09,-0.0868232890704799,15169.046713189726,13852.020185486841,0.4,hit=2/5;selected_score=73869226391.63521,forced_all,2021_2026,C
C,512950,央企改革ETF,2022-03-09,2022-03-10,2022-05-12,-0.0866721177432543,13852.020185486841,12651.43626098839,0.8,hit=4/5;selected_score=0.5492349920969236,forced_all,2021_2026,C
C,159811,5G50ETF,2022-05-12,2022-05-13,2022-07-11,0.0724137931034483,12651.43626098839,13567.574748853067,0.8,hit=4/5;selected_score=73869226391.63521,forced_all,2021_2026,C
C,159930,能源ETF,2022-07-11,2022-07-12,2022-09-06,0.1987179487179486,13567.574748853067,16263.695372022587,0.75,hit=3/4;selected_score=1.117839944306766,forced_all,2021_2026,C
C,159813,半导体ETF鹏华,2022-09-06,2022-09-07,2022-11-10,-0.1192052980132448,16263.695372022587,14324.976718404005,0.6,hit=3/5;selected_score=73869226391.63521,forced_all,2021_2026,C
C,512660,军工ETF,2022-11-10,2022-11-11,2023-01-09,-0.0695876288659793,14324.976718404005,13328.135555009912,0.4,hit=2/5;selected_score=0.5492349920969236,forced_all,2021_2026,C
C,159825,农业ETF,2023-01-09,2023-01-10,2023-03-14,0.0150637311703361,13328.135555009912,13528.90700601238,0.8,hit=4/5;selected_score=0.2802254631310315,forced_all,2021_2026,C
C,516750,建材ETF,2023-03-14,2023-03-15,2023-05-16,-0.1162280701754385,13528.90700601238,11956.46825312059,0.75,hit=3/4;selected_score=0.7811455278137529,forced_all,2021_2026,C
C,512950,央企改革ETF,2023-05-16,2023-05-17,2023-07-14,0.0328125000000001,11956.46825312059,12348.789867676112,1.0,hit=5/5;selected_score=0.6693244330852537,forced_all,2021_2026,C
C,515170,食品饮料ETF,2023-07-14,2023-07-17,2023-09-11,0.0174418604651163,12348.789867676112,12564.17573746116,0.8,hit=4/5;selected_score=0.2802254631310315,forced_all,2021_2026,C
C,515790,光伏ETF,2023-09-11,2023-09-12,2023-11-15,-0.0577864838393731,12564.17573746116,11838.136199253317,0.75,hit=3/4;selected_score=0.3858103633572226,forced_all,2021_2026,C
C,515790,光伏ETF,2023-11-15,2023-11-16,2024-01-12,-0.055793991416309,11838.136199253317,11177.63932976708,0.75,hit=3/4;selected_score=0.3858103633572226,forced_all,2021_2026,C
C,512950,央企改革ETF,2024-01-12,2024-01-15,2024-03-19,0.104888888888889,11177.63932976708,12350.049499467095,1.0,hit=5/5;selected_score=0.3961648114454243,forced_all,2021_2026,C
C,515790,光伏ETF,2024-03-19,2024-03-20,2024-05-22,-0.0653889515219843,12350.049499467095,11542.492711452334,0.75,hit=3/4;selected_score=0.3858103633572226,forced_all,2021_2026,C
C,515790,光伏ETF,2024-05-22,2024-05-23,2024-07-19,-0.1425030978934326,11542.492711452334,9897.65174265801,0.5,hit=2/4;selected_score=0.3858103633572226,forced_all,2021_2026,C
C,515790,光伏ETF,2024-07-19,2024-07-22,2024-09-18,-0.0780346820809247,9897.65174265801,9125.291635571983,0.75,hit=3/4;selected_score=0.3858103633572226,forced_all,2021_2026,C
C,515170,食品饮料ETF,2024-09-18,2024-09-19,2024-11-21,0.2836134453781513,9125.291635571983,11713.347036416979,1.0,hit=5/5;selected_score=5.418702806095758,forced_all,2021_2026,C
C,512950,央企改革ETF,2024-11-21,2024-11-22,2025-01-20,-0.0232035928143713,11713.347036416979,11441.555301290537,0.6,hit=3/5;selected_score=0.3961648114454243,forced_all,2021_2026,C
C,512950,央企改革ETF,2025-01-20,2025-01-21,2025-03-26,0.0153609831029186,11441.555301290537,11617.30883894477,0.6,hit=3/5;selected_score=0.6773704614667067,forced_all,2021_2026,C
C,159902,中小板ETF,2025-03-26,2025-03-27,2025-05-28,-0.0607623961020349,11617.30883894477,10911.413317633136,0.8,hit=4/5;selected_score=0.0967644943244483,forced_all,2021_2026,C
C,510880,红利ETF,2025-05-28,2025-05-29,2025-07-25,0.0595238095238095,10911.413317633136,11560.90220558749,0.6,hit=3/5;selected_score=0.0967644943244483,forced_all,2021_2026,C
C,159768,房地产ETF,2025-07-25,2025-07-28,2025-09-22,0.0511945392491468,11560.90220558749,12152.757267306988,0.25,hit=1/4;selected_score=13.475511599173496,forced_all,2021_2026,C
C,515210,钢铁ETF,2025-09-22,2025-09-23,2025-11-26,0.0647534952170714,12152.757267306988,12939.690776889782,0.5,hit=2/4;selected_score=0.874448383058415,forced_all,2021_2026,C
C,512950,央企改革ETF,2025-11-26,2025-11-27,2026-01-26,0.1033262561924981,12939.690776889782,14276.7005811544,0.8,hit=4/5;selected_score=0.6773704614667067,forced_all,2021_2026,C
C,515170,食品饮料ETF,2026-01-26,2026-01-27,2026-04-01,-0.0113421550094517,14276.7005811544,14114.772030139418,0.6,hit=3/5;selected_score=4.660178453401736,forced_all,2021_2026,C
C,159930,能源ETF,2026-04-01,2026-04-02,2026-06-03,0.0223495702005729,14114.772030139418,14430.231118492102,0.75,hit=3/4;selected_score=1.0968827928901368,forced_all,2021_2026,C
C,512660,军工ETF,2026-06-03,2026-06-04,2026-07-31,-0.1447574334898279,14430.231118492102,12341.347897114138,0.8,hit=4/5;selected_score=0.6686964927681998,forced_all,2021_2026,C
S,159766,旅游ETF,2023-01-03,2023-01-04,2023-01-18,0.0026929982046677,10000.0,10026.929982046677,0.8711111111111112,"{""score"": 0.8711111111111112, ""momentum"": 0.04249291784702569, ""mom20"": 0.04249291784702569, ""mom60"": 0.16701902748414388, ""mom120"": 0.09090909090909105, ""vol20"": 0.2503233044194302, ""amount20"": 212615946.0, ""history_days"": 352, ""accel"": 1.0}",forced_all,2021_2026,S
S,159852,软件ETF,2023-01-18,2023-01-19,2023-02-09,0.0534351145038167,10026.929982046677,10562.720133759094,0.8629629629629629,"{""score"": 0.8629629629629629, ""momentum"": 0.1556420233463034, ""mom20"": 0.1556420233463034, ""mom60"": 0.15864759427828345, ""mom120"": 0.1481958762886597, ""vol20"": 0.24269534153442004, ""amount20"": 49466077.337500006, ""history_days"": 471, ""accel"": 1.0}",forced_all,2021_2026,S
S,159851,金融科技ETF,2023-02-09,2023-02-10,2023-02-24,-0.0347222222222221,10562.720133759094,10195.959018003572,0.9130769230769232,"{""score"": 0.9130769230769231, ""momentum"": 0.1264591439688716, ""mom20"": 0.1264591439688716, ""mom60"": 0.17444219066937117, ""mom120"": 0.19628099173553704, ""vol20"": 0.22117853995531667, ""amount20"": 16705538.8, ""history_days"": 459, ""accel"": 1.0}",forced_all,2021_2026,S
S,512980,传媒ETF,2023-02-24,2023-02-27,2023-03-13,0.0542986425339364,10195.959018003572,10749.585752012814,0.8633333333333333,"{""score"": 0.8633333333333333, ""momentum"": 0.04658385093167716, ""mom20"": 0.04658385093167716, ""mom60"": 0.18038528896672523, ""mom120"": 0.1196013289036546, ""vol20"": 0.26416364511895907, ""amount20"": 105408499.0, ""history_days"": 1236, ""accel"": 1.0}",forced_all,2021_2026,S
S,516970,基建ETF,2023-03-13,2023-03-14,2023-03-28,0.002454991816694,10749.585752012814,10775.975897066857,0.8276923076923077,"{""score"": 0.8276923076923077, ""momentum"": 0.06875543951261953, ""mom20"": 0.06875543951261953, ""mom60"": 0.0522707797772064, ""mom120"": 0.06875543951261953, ""vol20"": 0.2430927494168103, ""amount20"": 166995824.0, ""history_days"": 410, ""accel"": 1.0}",forced_all,2021_2026,S
S,512980,传媒ETF,2023-03-28,2023-03-29,2023-04-13,0.1414392059553348,10775.975897066857,12300.12137134182,0.9123076923076924,"{""score"": 0.9123076923076923, ""momentum"": 0.21311475409836045, ""mom20"": 0.21311475409836045, ""mom60"": 0.37966101694915255, ""mom120"": 0.5329566854990582, ""vol20"": 0.3349547828155138, ""amount20"": 113418384.5, ""history_days"": 1258, ""accel"": 1.0}",forced_all,2021_2026,S
S,512980,传媒ETF,2023-04-13,2023-04-14,2023-04-28,0.0701559020044542,12300.12137134182,13163.04748091257,0.9069565217391304,"{""score"": 0.9069565217391304, ""momentum"": 0.3294797687861273, ""mom20"": 0.3294797687861273, ""mom60"": 0.47909967845659174, ""mom120"": 0.7068645640074211, ""vol20"": 0.5102687689865564, ""amount20"": 301717251.0, ""history_days"": 1269, ""accel"": 1.0}",forced_all,2021_2026,S
S,516970,基建ETF,2023-04-28,2023-05-04,2023-05-18,-0.0868628858578607,13163.04748091257,12019.66719003646,0.9123076923076924,"{""score"": 0.9123076923076923, ""momentum"": 0.14261884904086752, ""mom20"": 0.14261884904086752, ""mom60"": 0.2038664323374344, ""mom120"": 0.3198458574181118, ""vol20"": 0.28436410039907734, ""amount20"": 338325467.0, ""history_days"": 443, ""accel"": 1.0}",forced_all,2021_2026,S
S,159887,银行ETF,2023-05-18,2023-05-19,2023-06-02,-0.029443838604144,12019.66719003646,11665.762049217501,0.8200000000000001,"{""score"": 0.8200000000000001, ""momentum"": 0.043771043771043905, ""mom20"": 0.043771043771043905, ""mom60"": 0.07638888888888906, ""mom120"": 0.13138686131386867, ""vol20"": 0.2627489688826866, ""amount20"": 70946867.0, ""history_days"": 485, ""accel"": 1.0}",forced_all,2021_2026,S
S,159811,5G50ETF,2023-06-02,2023-06-05,2023-06-19,0.1004784688995215,11665.762049217501,12837.91995846902,0.94,"{""score"": 0.94, ""momentum"": 0.06864754098360648, ""mom20"": 0.06864754098360648, ""mom60"": 0.05888324873096451, ""mom120"": 0.20438799076212466, ""vol20"": 0.19010121175372785, ""amount20"": 10451990.5, ""history_days"": 756, ""accel"": 1.0}",forced_all,2021_2026,S
S,512980,传媒ETF,2023-06-19,2023-06-20,2023-07-06,-0.1570166830225711,12837.91995846902,10822.15234968095,0.9083333333333332,"{""score"": 0.9083333333333333, ""momentum"": 0.17811408614668212, ""mom20"": 0.17811408614668212, ""mom60"": 0.3211488250652741, ""mom120"": 0.7358490566037736, ""vol20"": 0.33741375224628534, ""amount20"": 248739616.0, ""history_days"": 1313, ""accel"": 1.0}",forced_all,2021_2026,S
S,159811,5G50ETF,2023-07-06,2023-07-07,2023-07-21,-0.0182648401826484,10822.15234968095,10624.487466581753,0.7927272727272727,"{""score"": 0.7927272727272727, ""momentum"": 0.0926108374384238, ""mom20"": 0.0926108374384238, ""mom60"": -0.013345195729537518, ""mom120"": 0.30011723329425566, ""vol20"": 0.3185891962836034, ""amount20"": 13096409.0, ""history_days"": 778, ""accel"": 1.0}",forced_all,2021_2026,S
S,162411,华宝油气LOF,2023-07-21,2023-07-24,2023-08-07,0.0601604278074867,10624.487466581753,11263.661177806593,0.8644444444444443,"{""score"": 0.8644444444444443, ""momentum"": 0.0935672514619883, ""mom20"": 0.0935672514619883, ""mom60"": 0.10650887573964485, ""mom120"": 0.06401137980085347, ""vol20"": 0.24101113799883223, ""amount20"": 25959589.675, ""history_days"": 2554, ""accel"": 1.0}",forced_all,2021_2026,S
S,162411,华宝油气LOF,2023-08-07,2023-08-08,2023-08-22,0.0368956743002544,11263.661177806593,11679.241552051364,0.8837037037037038,"{""score"": 0.8837037037037038, ""momentum"": 0.12005649717514144, ""mom20"": 0.12005649717514144, ""mom60"": 0.23712948517940724, ""mom120"": 0.13124108416547808, ""vol20"": 0.2638032442109675, ""amount20"": 39665427.0625, ""history_days"": 2565, ""accel"": 1.0}",forced_all,2021_2026,S
S,162411,华宝油气LOF,2023-08-22,2023-08-23,2023-09-06,0.0372208436724563,11679.241552051364,12113.952776073125,0.9275,"{""score"": 0.9275, ""momentum"": 0.07519788918205794, ""mom20"": 0.07519788918205794, ""mom60"": 0.23298033282904673, ""mom120"": 0.15602836879432624, ""vol20"": 0.2637440735749583, ""amount20"": 48909993.7625, ""history_days"": 2576, ""accel"": 1.0}",forced_all,2021_2026,S
S,501018,南方原油LOF,2023-09-06,2023-09-07,2023-09-21,-0.0022189349112426,12113.952776073125,12087.072703345153,0.8314285714285715,"{""score"": 0.8314285714285715, ""momentum"": 0.06319115323854674, ""mom20"": 0.06319115323854674, ""mom60"": 0.23941068139963173, ""mom120"": 0.20285969615728328, ""vol20"": 0.19756384765891613, ""amount20"": 4693308.675000001, ""history_days"": 1752, ""accel"": 1.0}",forced_all,2021_2026,S
S,501018,南方原油LOF,2023-09-21,2023-09-22,2023-10-16,-0.0160583941605839,12087.072703345153,11892.973725627202,0.9275,"{""score"": 0.9275, ""momentum"": 0.09674796747967473, ""mom20"": 0.09674796747967473, ""mom60"": 0.22413793103448265, ""mom120"": 0.25605214152700184, ""vol20"": 0.1982273714367672, ""amount20"": 6205941.975, ""history_days"": 1763, ""accel"": 1.0}",forced_all,2021_2026,S
S,159992,创新药ETF,2023-10-16,2023-10-17,2023-10-31,0.0197674418604651,11892.973725627202,12128.067392296578,0.7966666666666666,"{""score"": 0.7966666666666666, ""momentum"": 0.11627906976744184, ""mom20"": 0.11627906976744184, ""mom60"": 0.04096385542168668, ""mom120"": -0.11836734693877549, ""vol20"": 0.2281718870142841, ""amount20"": 323451209.0, ""history_days"": 852, ""accel"": 1.0}",forced_all,2021_2026,S
S,159992,创新药ETF,2023-10-31,2023-11-01,2023-11-15,0.0137772675086107,12128.067392296578,12295.159021122707,0.804,"{""score"": 0.804, ""momentum"": 0.0591787439613527, ""mom20"": 0.0591787439613527, ""mom60"": 0.04156769596199528, ""mom120"": -0.0488069414316703, ""vol20"": 0.299912899912973, ""amount20"": 387128182.5, ""history_days"": 863, ""accel"": 1.0}",forced_all,2021_2026,S
S,159813,半导体ETF鹏华,2023-11-15,2023-11-16,2023-11-30,-0.0234375000000001,12295.159021122707,12006.991231565142,0.8341176470588235,"{""score"": 0.8341176470588235, ""momentum"": 0.06896551724137945, ""mom20"": 0.06896551724137945, ""mom60"": 0.039936102236421966, ""mom120"": -0.07659574468085095, ""vol20"": 0.23451977533087687, ""amount20"": 148706389.875, ""history_days"": 846, ""accel"": 1.0}",forced_all,2021_2026,S
S,560080,中药ETF,2023-11-30,2023-12-01,2023-12-15,-0.0356550580431176,12006.991231565142,11578.881262280482,0.7571428571428571,"{""score"": 0.7571428571428571, ""momentum"": 0.061511423550087985, ""mom20"": 0.061511423550087985, ""mom60"": 0.036020583190394584, ""mom120"": -0.10782865583456436, ""vol20"": 0.1768434682265062, ""amount20"": 53493533.5, ""history_days"": 276, ""accel"": 1.0}",forced_all,2021_2026,S
S,512980,传媒ETF,2023-12-15,2023-12-18,2024-01-02,-0.0924050632911392,11578.881262280482,10508.934006398867,0.8166666666666667,"{""score"": 0.8166666666666667, ""momentum"": 0.031847133757961776, ""mom20"": 0.031847133757961776, ""mom60"": 0.07284768211920545, ""mom120"": -0.2051030421982334, ""vol20"": 0.29099508101566735, ""amount20"": 177057473.0, ""history_days"": 1434, ""accel"": 1.0}",forced_all,2021_2026,S
S,159611,电力ETF,2024-01-02,2024-01-03,2024-01-17,-0.0244988864142539,10508.934006398867,10251.476825841211,0.8257142857142857,"{""score"": 0.8257142857142857, ""momentum"": 0.02430555555555558, ""mom20"": 0.02430555555555558, ""mom60"": 0.006825938566553003, ""mom120"": -0.06249999999999989, ""vol20"": 0.12135763014266018, ""amount20"": 52337290.5, ""history_days"": 482, ""accel"": 1.0}",forced_all,2021_2026,S
S,159930,能源ETF,2024-01-17,2024-01-18,2024-02-01,0.0471327572663,10251.476825841211,10734.657194694686,0.9125,"{""score"": 0.9125, ""momentum"": 0.05518945634266892, ""mom20"": 0.05518945634266892, ""mom60"": 0.05258833196384538, ""mom120"": 0.08651399491094125, ""vol20"": 0.17943495600274031, ""amount20"": 14005021.0, ""history_days"": 2512, ""accel"": 1.0}",forced_all,2021_2026,S
S,159887,银行ETF,2024-02-01,2024-02-02,2024-02-26,0.0428571428571427,10734.657194694686,11194.713931610171,0.8133333333333334,"{""score"": 0.8133333333333334, ""momentum"": 0.06074766355140193, ""mom20"": 0.06074766355140193, ""mom60"": 0.02714932126696845, ""mom120"": -0.02887700534759363, ""vol20"": 0.12845687387582716, ""amount20"": 57241574.5, ""history_days"": 661, ""accel"": 1.0}",forced_all,2021_2026,S
S,159930,能源ETF,2024-02-26,2024-02-27,2024-03-12,-0.0184931506849314,11194.713931610171,10987.688399998204,0.92,"{""score"": 0.92, ""momentum"": 0.15726767275615594, ""mom20"": 0.15726767275615594, ""mom60"": 0.1923076923076923, ""mom120"": 0.23474576271186454, ""vol20"": 0.3455721713227992, ""amount20"": 23803262.0, ""history_days"": 2534, ""accel"": 1.0}",forced_all,2021_2026,S
S,159663,机床ETF,2024-03-12,2024-03-13,2024-03-27,-0.0561555075593952,10987.688399998204,10370.669180991825,0.7615384615384615,"{""score"": 0.7615384615384615, ""momentum"": 0.31818181818181834, ""mom20"": 0.31818181818181834, ""mom60"": -0.008547008547008517, ""mom120"": -0.04994450610432832, ""vol20"": 0.4029892067490087, ""amount20"": 11654677.9875, ""history_days"": 335, ""accel"": 1.0}",forced_all,2021_2026,S
S,518880,黄金ETF,2024-03-27,2024-03-28,2024-04-15,0.0771525154106183,10370.669180991825,11170.792394796721,0.8533333333333333,"{""score"": 0.8533333333333333, ""momentum"": 0.07427341227125961, ""mom20"": 0.07427341227125961, ""mom60"": 0.07682347863616745, ""mom120"": 0.09405832054374041, ""vol20"": 0.11009023591966352, ""amount20"": 505668779.05, ""history_days"": 2595, ""accel"": 1.0}",forced_all,2021_2026,S
S,161226,白银LOF,2024-04-15,2024-04-16,2024-04-30,-0.0441014332965822,11170.792394796721,10678.144439127625,0.908421052631579,"{""score"": 0.908421052631579, ""momentum"": 0.16582278481012658, ""mom20"": 0.16582278481012658, ""mom60"": 0.236241610738255, ""mom120"": 0.23293172690763053, ""vol20"": 0.25138133774581234, ""amount20"": 50154280.55, ""history_days"": 2104, ""accel"": 1.0}",forced_all,2021_2026,S
S,159996,家电ETF,2024-04-30,2024-05-06,2024-05-20,-0.0221169036334912,10678.144439127625,10441.97694758294,0.9180645161290322,"{""score"": 0.9180645161290322, ""momentum"": 0.08201058201058209, ""mom20"": 0.08201058201058209, ""mom60"": 0.19590643274853803, ""mom120"": 0.13506012950971336, ""vol20"": 0.207568620620079, ""amount20"": 87471049.5, ""history_days"": 1002, ""accel"": 1.0}",forced_all,2021_2026,S
S,159825,农业ETF,2024-05-20,2024-05-21,2024-06-04,-0.0366492146596858,10441.97694758294,10059.286692959482,0.866206896551724,"{""score"": 0.866206896551724, ""momentum"": 0.13293943870014768, ""mom20"": 0.13293943870014768, ""mom60"": 0.14820359281437123, ""mom120"": 0.0579310344827586, ""vol20"": 0.14376058779295015, ""amount20"": 74286235.0, ""history_days"": 819, ""accel"": 1.0}",forced_all,2021_2026,S
S,161226,白银LOF,2024-06-04,2024-06-05,2024-06-20,0.0239583333333333,10059.286692959482,10300.29043664497,0.9114285714285716,"{""score"": 0.9114285714285715, ""momentum"": 0.12899543378995437, ""mom20"": 0.12899543378995437, ""mom60"": 0.2877604166666665, ""mom120"": 0.2582697201017812, ""vol20"": 0.40563682906429005, ""amount20"": 53715688.712500006, ""history_days"": 2137, ""accel"": 1.0}",forced_all,2021_2026,S
S,159611,电力ETF,2024-06-20,2024-06-21,2024-07-05,0.026315789473684,10300.29043664497,10571.35071129352,0.7725,"{""score"": 0.7725, ""momentum"": 0.02605210420841675, ""mom20"": 0.02605210420841675, ""mom60"": 0.07112970711297084, ""mom120"": 0.18381502890173418, ""vol20"": 0.17179858362952452, ""amount20"": 155708185.5, ""history_days"": 592, ""accel"": 1.0}",forced_all,2021_2026,S
S,501018,南方原油LOF,2024-07-05,2024-07-08,2024-07-22,-0.0268857356235997,10571.35071129352,10287.13217088533,0.7949999999999999,"{""score"": 0.7949999999999999, ""momentum"": 0.08527755430410289, ""mom20"": 0.08527755430410289, ""mom60"": 0.014285714285714235, ""mom120"": 0.16999132697311348, ""vol20"": 0.12315164973905388, ""amount20"": 12603733.6125, ""history_days"": 1950, ""accel"": 1.0}",forced_all,2021_2026,S
S,159813,半导体ETF鹏华,2024-07-22,2024-07-23,2024-08-06,-0.0421052631578945,10287.13217088533,9853.98976369016,0.85,"{""score"": 0.85, ""momentum"": 0.06785714285714262, ""mom20"": 0.06785714285714262, ""mom60"": 0.18181818181818166, ""mom120"": 0.11985018726591745, ""vol20"": 0.29867779636091796, ""amount20"": 60530728.650000006, ""history_days"": 1011, ""accel"": 1.0}",forced_all,2021_2026,S
S,512660,军工ETF,2024-08-06,2024-08-07,2024-08-21,-0.0855263157894737,9853.98976369016,9011.214323374556,0.7933333333333334,"{""score"": 0.7933333333333334, ""momentum"": 0.06965761511216062, ""mom20"": 0.06965761511216062, ""mom60"": -0.017353579175705014, ""mom120"": 0.21285140562248994, ""vol20"": 0.26367787542509685, ""amount20"": 293521995.5, ""history_days"": 1943, ""accel"": 1.0}",forced_all,2021_2026,S
S,164701,贵金属LOF,2024-08-21,2024-08-22,2024-09-05,-0.0120930232558138,9011.214323374556,8902.241498998865,0.925,"{""score"": 0.925, ""momentum"": 0.026641294005708804, ""mom20"": 0.026641294005708804, ""mom60"": 0.05888125613346418, ""mom120"": 0.22892938496583137, ""vol20"": 0.19065694799783567, ""amount20"": 3430916.2625, ""history_days"": 2950, ""accel"": 1.0}",forced_all,2021_2026,S
S,164701,贵金属LOF,2024-09-05,2024-09-06,2024-09-24,0.0422138836772982,8902.241498998865,9278.039686104821,0.94,"{""score"": 0.9400000000000001, ""momentum"": 0.03812316715542541, ""mom20"": 0.03812316715542541, ""mom60"": 0.06519558676028092, ""mom120"": 0.14935064935064934, ""vol20"": 0.10922104167479772, ""amount20"": 2304969.1500000004, ""history_days"": 2961, ""accel"": 1.0}",forced_all,2021_2026,S
S,512880,证券ETF,2024-09-24,2024-09-25,2024-10-16,0.2403628117913834,9278.039686104821,11508.13539296902,0.8569230769230769,"{""score"": 0.8569230769230769, ""momentum"": 0.08930817610062891, ""mom20"": 0.08930817610062891, ""mom60"": 0.1060025542784162, ""mom120"": 0.015240328253223856, ""vol20"": 0.2610458289222416, ""amount20"": 518415124.0, ""history_days"": 1976, ""accel"": 1.0}",forced_all,2021_2026,S
S,159996,家电ETF,2024-10-16,2024-10-17,2024-10-31,0.082797427652733,11508.13539296902,12460.979400586228,0.8959999999999999,"{""score"": 0.8959999999999999, ""momentum"": 0.20829315332690457, ""mom20"": 0.20829315332690457, ""mom60"": 0.16233766233766223, ""mom120"": 0.10786914235190093, ""vol20"": 0.5309894074686403, ""amount20"": 137649637.0, ""history_days"": 1112, ""accel"": 1.0}",forced_all,2021_2026,S
S,159996,家电ETF,2024-10-31,2024-11-01,2024-11-15,0.0091324200913243,12460.979400586228,12574.77829922172,0.88,"{""score"": 0.88, ""momentum"": 0.13288477712363322, ""mom20"": 0.13288477712363322, ""mom60"": 0.3001930501930501, ""mom120"": 0.06398104265402837, ""vol20"": 0.5368300430444122, ""amount20"": 127097658.5, ""history_days"": 1123, ""accel"": 1.0}",forced_all,2021_2026,S
S,159852,软件ETF,2024-11-15,2024-11-18,2024-12-02,0.0667506297229219,12574.77829922172,13414.152669320902,0.8544827586206898,"{""score"": 0.8544827586206898, ""momentum"": 0.09829619921363042, ""mom20"": 0.09829619921363042, ""mom60"": 0.692929292929293, ""mom120"": 0.36038961038961026, ""vol20"": 0.5136517632906984, ""amount20"": 179897484.9375, ""history_days"": 911, ""accel"": 1.0}",forced_all,2021_2026,S
S,159852,软件ETF,2024-12-02,2024-12-03,2024-12-17,-0.0406212664277179,13414.152669320902,12869.252799838334,0.8921739130434783,"{""score"": 0.8921739130434783, ""momentum"": 0.1293333333333333, ""mom20"": 0.1293333333333333, ""mom60"": 0.7536231884057971, ""mom120"": 0.4307432432432432, ""vol20"": 0.5542938231676487, ""amount20"": 175684596.7, ""history_days"": 922, ""accel"": 1.0}",forced_all,2021_2026,S
S,512980,传媒ETF,2024-12-17,2024-12-18,2025-01-02,-0.1042654028436018,12869.252799838334,11527.434972367038,0.8944444444444444,"{""score"": 0.8944444444444444, ""momentum"": 0.08355091383812008, ""mom20"": 0.08355091383812008, ""mom60"": 0.4434782608695653, ""mom120"": 0.3408723747980613, ""vol20"": 0.35932736309905927, ""amount20"": 194038179.5, ""history_days"": 1676, ""accel"": 1.0}",forced_all,2021_2026,S
S,159887,银行ETF,2025-01-02,2025-01-03,2025-01-17,0.0238500851788756,11527.434972367038,11802.365278351943,0.9166666666666669,"{""score"": 0.9166666666666667, ""momentum"": 0.028770706190061057, ""mom20"": 0.028770706190061057, ""mom60"": 0.06019766397124893, ""mom120"": 0.15234375, ""vol20"": 0.1842096801268777, ""amount20"": 57532080.0, ""history_days"": 881, ""accel"": 1.0}",forced_all,2021_2026,S
S,162411,华宝油气LOF,2025-01-17,2025-01-20,2025-02-11,-0.0258302583025828,11802.365278351943,11497.507134630678,0.8320000000000001,"{""score"": 0.8320000000000001, ""momentum"": 0.12859097127222974, ""mom20"": 0.12859097127222974, ""mom60"": 0.11788617886178865, ""mom120"": 0.029962546816479252, ""vol20"": 0.2500250705850725, ""amount20"": 96572120.35, ""history_days"": 2917, ""accel"": 1.0}",forced_all,2021_2026,S
S,159852,软件ETF,2025-02-11,2025-02-12,2025-02-26,0.0334412081984896,11497.507134630678,11881.997664483482,0.8266666666666667,"{""score"": 0.8266666666666667, ""momentum"": 0.2844827586206897, ""mom20"": 0.2844827586206897, ""mom60"": 0.037122969837587005, ""mom120"": 0.74609375, ""vol20"": 0.45643916330412376, ""amount20"": 121262004.82499999, ""history_days"": 966, ""accel"": 1.0}",forced_all,2021_2026,S
S,159852,软件ETF,2025-02-26,2025-02-27,2025-03-13,-0.0311493018259936,11881.997664483482,11511.881732936736,0.8716666666666666,"{""score"": 0.8716666666666666, ""momentum"": 0.2841823056300268, ""mom20"": 0.2841823056300268, ""mom60"": 0.1740196078431373, ""mom120"": 1.021097046413502, ""vol20"": 0.5003164667679606, ""amount20"": 405723321.075, ""history_days"": 977, ""accel"": 1.0}",forced_all,2021_2026,S
S,159663,机床ETF,2025-03-13,2025-03-14,2025-03-28,-0.0255102040816326,11511.881732936736,11218.211280565902,0.868421052631579,"{""score"": 0.868421052631579, ""momentum"": 0.08037383177570079, ""mom20"": 0.08037383177570079, ""mom60"": 0.0703703703703702, ""mom120"": 0.5454545454545454, ""vol20"": 0.37623588305561834, ""amount20"": 5308537.475, ""history_days"": 577, ""accel"": 1.0}",forced_all,2021_2026,S
S,518880,黄金ETF,2025-03-28,2025-03-31,2025-04-15,0.0446377638334285,11218.211280565902,11718.967146341307,0.8515789473684211,"{""score"": 0.8515789473684211, ""momentum"": 0.07666045934202348, ""mom20"": 0.07666045934202348, ""mom60"": 0.16880053908355785, ""mom120"": 0.20871080139372822, ""vol20"": 0.09841532721435729, ""amount20"": 1488937491.9, ""history_days"": 2837, ""accel"": 1.0}",forced_all,2021_2026,S
S,518880,黄金ETF,2025-04-15,2025-04-16,2025-04-30,-0.0042649606823936,11718.967146341307,11668.9862122239,0.9485714285714286,"{""score"": 0.9485714285714286, ""momentum"": 0.09704957316159968, ""mom20"": 0.09704957316159968, ""mom60"": 0.1998361998361997, ""mom120"": 0.24047417442845043, ""vol20"": 0.17345705001265796, ""amount20"": 3016014176.3875, ""history_days"": 2848, ""accel"": 1.0}",forced_all,2021_2026,S
S,518880,黄金ETF,2025-04-30,2025-05-06,2025-05-20,-0.0529427220178665,11668.9862122239,11051.198318959812,0.932,"{""score"": 0.932, ""momentum"": 0.05881519274376412, ""mom20"": 0.05881519274376412, ""mom60"": 0.20461141567236374, ""mom120"": 0.23467195504875216, ""vol20"": 0.32391657617790737, ""amount20"": 5778622380.4875, ""history_days"": 2859, ""accel"": 1.0}",forced_all,2021_2026,S
S,159663,机床ETF,2025-05-20,2025-05-21,2025-06-05,0.0,11051.198318959812,11051.198318959812,0.81125,"{""score"": 0.81125, ""momentum"": 0.11683168316831671, ""mom20"": 0.11683168316831671, ""mom60"": -0.008787346221441172, ""mom120"": 0.17991631799163166, ""vol20"": 0.23201571391458378, ""amount20"": 4384542.525, ""history_days"": 621, ""accel"": 1.0}",forced_all,2021_2026,S
S,159992,创新药ETF,2025-06-05,2025-06-06,2025-06-20,-0.0251572327044025,11051.198318959812,10773.180751187238,0.9027272727272728,"{""score"": 0.9027272727272727, ""momentum"": 0.09739368998628262, ""mom20"": 0.09739368998628262, ""mom60"": 0.10192837465564741, ""mom120"": 0.0738255033557047, ""vol20"": 0.19747066070068786, ""amount20"": 394505715.5, ""history_days"": 1248, ""accel"": 1.0}",forced_all,2021_2026,S
S,501018,南方原油LOF,2025-06-20,2025-06-23,2025-07-07,-0.1681723419041,10773.180751187238,8961.429714503909,0.86,"{""score"": 0.86, ""momentum"": 0.17543859649122817, ""mom20"": 0.17543859649122817, ""mom60"": 0.09031733116354768, ""mom120"": 0.09836065573770503, ""vol20"": 0.4898477694994622, ""amount20"": 19653823.15, ""history_days"": 2181, ""accel"": 1.0}",forced_all,2021_2026,S
S,159851,金融科技ETF,2025-07-07,2025-07-08,2025-07-22,-0.0047337278106508,8961.429714503909,8919.00874544117,0.905,"{""score"": 0.905, ""momentum"": 0.13114754098360648, ""mom20"": 0.13114754098360648, ""mom60"": 0.32057416267942584, ""mom120"": 0.2797527047913446, ""vol20"": 0.42806933535906216, ""amount20"": 367139390.525, ""history_days"": 1042, ""accel"": 1.0}",forced_all,2021_2026,S
S,515210,钢铁ETF,2025-07-22,2025-07-23,2025-08-06,0.0021291696238465,8919.00874544117,8937.998827936784,0.8753846153846153,"{""score"": 0.8753846153846153, ""momentum"": 0.18692372170997462, ""mom20"": 0.18692372170997462, ""mom60"": 0.18098415346121755, ""mom120"": 0.22916666666666674, ""vol20"": 0.22591475924259263, ""amount20"": 172356782.0, ""history_days"": 1309, ""accel"": 1.0}",forced_all,2021_2026,S
S,159992,创新药ETF,2025-08-06,2025-08-07,2025-08-21,0.0332225913621262,8937.998827936784,9234.94231059249,0.9237837837837838,"{""score"": 0.9237837837837838, ""momentum"": 0.13967861557478356, ""mom20"": 0.13967861557478356, ""mom60"": 0.26648351648351665, ""mom120"": 0.32853025936599445, ""vol20"": 0.2031468403582587, ""amount20"": 473352218.5, ""history_days"": 1292, ""accel"": 1.0}",forced_all,2021_2026,S
S,159811,5G50ETF,2025-08-21,2025-08-22,2025-09-05,0.0953708867819298,9234.94231059249,10115.68694813366,0.8953846153846154,"{""score"": 0.8953846153846154, ""momentum"": 0.20559440559440567, ""mom20"": 0.20559440559440567, ""mom60"": 0.4939341421143848, ""mom120"": 0.2565597667638482, ""vol20"": 0.27893770719201033, ""amount20"": 4123700.0, ""history_days"": 1295, ""accel"": 1.0}",forced_all,2021_2026,S
S,159811,5G50ETF,2025-09-05,2025-09-08,2025-09-22,0.1418812401471361,10115.68694813366,11550.913157275061,0.9053333333333332,"{""score"": 0.9053333333333333, ""momentum"": 0.317236753856472, ""mom20"": 0.317236753856472, ""mom60"": 0.6191261335531739, ""mom120"": 0.47891566265060237, ""vol20"": 0.5572325452130695, ""amount20"": 9638058.5, ""history_days"": 1306, ""accel"": 1.0}",forced_all,2021_2026,S
S,159755,电池ETF,2025-09-22,2025-09-23,2025-10-15,0.0450901803607213,11550.913157275061,12071.745914867623,0.8818181818181818,"{""score"": 0.8818181818181818, ""momentum"": 0.22665006226650064, ""mom20"": 0.22665006226650064, ""mom60"": 0.397163120567376, ""mom120"": 0.4111747851002867, ""vol20"": 0.4267323192127288, ""amount20"": 1214966199.5, ""history_days"": 1033, ""accel"": 1.0}",forced_all,2021_2026,S
S,161226,白银LOF,2025-10-15,2025-10-16,2025-10-30,-0.1085753803596127,12071.745914867623,10761.05151055627,0.865,"{""score"": 0.865, ""momentum"": 0.23306948109058911, ""mom20"": 0.23306948109058911, ""mom60"": 0.32015065913370977, ""mom120"": 0.47114375655823704, ""vol20"": 0.3568551989756768, ""amount20"": 178902027.625, ""history_days"": 2467, ""accel"": 1.0}",forced_all,2021_2026,S
S,512400,有色金属ETF,2025-10-30,2025-10-31,2025-11-14,0.0091743119266054,10761.05151055627,10859.776753772381,0.8896296296296295,"{""score"": 0.8896296296296295, ""momentum"": 0.18695941450432474, ""mom20"": 0.18695941450432474, ""mom60"": 0.4036191974822976, ""mom120"": 0.6877956480605489, ""vol20"": 0.5097494671855656, ""amount20"": 1162470322.5, ""history_days"": 1979, ""accel"": 1.0}",forced_all,2021_2026,S
S,515790,光伏ETF,2025-11-14,2025-11-17,2025-12-01,-0.0689320388349514,10859.776753772381,10111.190200842442,0.8875,"{""score"": 0.8875, ""momentum"": 0.14583333333333326, ""mom20"": 0.14583333333333326, ""mom60"": 0.40080428954423586, ""mom120"": 0.569069069069069, ""vol20"": 0.4226185573644285, ""amount20"": 1065406456.0, ""history_days"": 1189, ""accel"": 1.0}",forced_all,2021_2026,S
S,161226,白银LOF,2025-12-01,2025-12-02,2025-12-16,0.2590062111801241,10111.190200842442,12730.05126528424,0.896,"{""score"": 0.896, ""momentum"": 0.22965779467680614, ""mom20"": 0.22965779467680614, ""mom60"": 0.49445471349353043, ""mom120"": 0.5714285714285716, ""vol20"": 0.40022304505349277, ""amount20"": 219842426.4125, ""history_days"": 2500, ""accel"": 1.0}",forced_all,2021_2026,S
S,161226,白银LOF,2025-12-16,2025-12-17,2025-12-31,0.009869896814715,12730.05126528424,12855.695557718629,0.92,"{""score"": 0.92, ""momentum"": 0.49815225424981535, ""mom20"": 0.49815225424981535, ""mom60"": 0.7549783549783551, ""mom120"": 0.9970443349753697, ""vol20"": 0.4007204143239356, ""amount20"": 389963402.6125, ""history_days"": 2511, ""accel"": 1.0}",forced_all,2021_2026,S
S,512660,军工ETF,2025-12-31,2026-01-05,2026-01-19,0.0845771144278606,12855.695557718629,13942.993191953537,0.8342857142857143,"{""score"": 0.8342857142857143, ""momentum"": 0.174508126603935, ""mom20"": 0.174508126603935, ""mom60"": 0.11264181523500816, ""mom120"": 0.22044444444444444, ""vol20"": 0.20387172272530585, ""amount20"": 565004597.0, ""history_days"": 2284, ""accel"": 1.0}",forced_all,2021_2026,S
S,512400,有色金属ETF,2026-01-19,2026-01-20,2026-02-03,0.0297619047619046,13942.993191953537,14357.963227428343,0.8741935483870968,"{""score"": 0.8741935483870968, ""momentum"": 0.2285553047404063, ""mom20"": 0.2285553047404063, ""mom60"": 0.3028126870137642, ""mom120"": 0.7457898957497995, ""vol20"": 0.2844504883998786, ""amount20"": 1861779086.5, ""history_days"": 2034, ""accel"": 1.0}",forced_all,2021_2026,S
S,512980,传媒ETF,2026-02-03,2026-02-04,2026-02-26,-0.0253164556962025,14357.963227428343,13994.470487493449,0.8463157894736842,"{""score"": 0.8463157894736842, ""momentum"": 0.15023474178403773, ""mom20"": 0.15023474178403773, ""mom60"": 0.24491869918699205, ""mom120"": 0.3476347634763477, ""vol20"": 0.5919802491439233, ""amount20"": 1183694077.5, ""history_days"": 1951, ""accel"": 1.0}",forced_all,2021_2026,S
S,159663,机床ETF,2026-02-26,2026-02-27,2026-03-13,-0.0287179487179487,13994.470487493449,13592.578001698765,0.8919999999999999,"{""score"": 0.8919999999999999, ""momentum"": 0.08484162895927594, ""mom20"": 0.08484162895927594, ""mom60"": 0.3918722786647315, ""mom120"": 0.4228486646884271, ""vol20"": 0.3114817035020895, ""amount20"": 13091898.8625, ""history_days"": 808, ""accel"": 1.0}",forced_all,2021_2026,S
S,159930,能源ETF,2026-03-13,2026-03-16,2026-03-30,-0.0217028380634389,13592.578001698765,13297.580482463234,0.8709090909090909,"{""score"": 0.8709090909090909, ""momentum"": 0.15609137055837552, ""mom20"": 0.15609137055837552, ""mom60"": 0.2626472626472627, ""mom120"": 0.36479400749063684, ""vol20"": 0.4804725513558208, ""amount20"": 185123859.5, ""history_days"": 3029, ""accel"": 1.0}",forced_all,2021_2026,S
S,159611,电力ETF,2026-03-30,2026-03-31,2026-04-15,-0.0099728014505892,13297.580482463234,13164.966352538398,0.92,"{""score"": 0.92, ""momentum"": 0.022563176895306736, ""mom20"": 0.022563176895306736, ""mom60"": 0.10000000000000009, ""mom120"": 0.13186813186813207, ""vol20"": 0.317668949333217, ""amount20"": 629091452.0, ""history_days"": 1021, ""accel"": 1.0}",forced_all,2021_2026,S
S,159811,5G50ETF,2026-04-15,2026-04-16,2026-04-30,0.0588012139605462,13164.966352538398,13939.082355817402,0.9015384615384616,"{""score"": 0.9015384615384616, ""momentum"": 0.10779220779220777, ""mom20"": 0.10779220779220777, ""mom60"": 0.08157227387996624, ""mom120"": 0.2476840565577767, ""vol20"": 0.4268112442801277, ""amount20"": 8226536.0, ""history_days"": 1449, ""accel"": 1.0}",forced_all,2021_2026,S
S,159811,5G50ETF,2026-04-30,2026-05-06,2026-05-20,0.1242562128106405,13939.082355817402,15671.099939406893,0.8342857142857142,"{""score"": 0.8342857142857142, ""momentum"": 0.2024989228780696, ""mom20"": 0.2024989228780696, ""mom60"": 0.18212621770436233, ""mom120"": 0.2921296296296294, ""vol20"": 0.38961322587351294, ""amount20"": 11590240.0, ""history_days"": 1460, ""accel"": 1.0}",forced_all,2021_2026,S
S,159813,半导体ETF鹏华,2026-05-20,2026-05-21,2026-06-04,0.0240506329113925,15671.099939406893,16047.999811367314,0.8799999999999999,"{""score"": 0.8799999999999999, ""momentum"": 0.375, ""mom20"": 0.375, ""mom60"": 0.33661740558292275, ""mom120"": 0.5186567164179103, ""vol20"": 0.46208005673910146, ""amount20"": 219961678.7, ""history_days"": 1451, ""accel"": 1.0}",forced_all,2021_2026,S
S,159811,5G50ETF,2026-06-04,2026-06-05,2026-06-22,0.1256830601092897,16047.999811367314,18064.961536293264,0.9066666666666666,"{""score"": 0.9066666666666666, ""momentum"": 0.22256097560975618, ""mom20"": 0.22256097560975618, ""mom60"": 0.5151133501259446, ""mom120"": 0.7039660056657224, ""vol20"": 0.4553926476130795, ""amount20"": 27315723.5, ""history_days"": 1482, ""accel"": 1.0}",forced_all,2021_2026,S
S,159811,5G50ETF,2026-06-22,2026-06-23,2026-07-07,-0.0874666666666665,18064.961536293264,16484.87956725215,0.9014285714285716,"{""score"": 0.9014285714285715, ""momentum"": 0.1925655088360756, ""mom20"": 0.1925655088360756, ""mom60"": 0.7303271441202477, ""mom120"": 0.7670428893905195, ""vol20"": 0.5196275093418886, ""amount20"": 47683862.0, ""history_days"": 1493, ""accel"": 1.0}",forced_all,2021_2026,S
S,588000,科创50ETF,2026-07-07,2026-07-08,2026-07-22,-0.0885780885780885,16484.87956725215,15024.680444744967,0.896,"{""score"": 0.896, ""momentum"": 0.2632204396910278, ""mom20"": 0.2632204396910278, ""mom60"": 0.49192982456140344, ""mom120"": 0.4374577417173764, ""vol20"": 0.5148886588158701, ""amount20"": 7378773304.987499, ""history_days"": 1367, ""accel"": 1.0}",forced_all,2021_2026,S
S,162411,华宝油气LOF,2026-07-22,2026-07-23,2026-08-06,-0.0803382663847779,15024.680444744967,13817.623664828881,0.8933333333333333,"{""score"": 0.8933333333333333, ""momentum"": 0.14742014742014753, ""mom20"": 0.14742014742014753, ""mom60"": 0.04241071428571441, ""mom120"": 0.3026499302649932, ""vol20"": 0.3458749025544543, ""amount20"": 115580065.0, ""history_days"": 3280, ""accel"": 1.0}",forced_all,2021_2026,S
D,515210,钢铁ETF,2021-01-04,2021-01-05,2021-05-24,0.2455716586151368,10000.0,12455.716586151368,54.81278501985189,fear_weighted=34.3802;symbol_fear=75.2454,forced_all,2021_2026,D
D,515210,钢铁ETF,2021-05-24,2021-05-25,2021-06-24,-0.0077071290944122,12455.716586151368,12359.718770458489,61.97153694946337,fear_weighted=32.1958;symbol_fear=91.7473,forced_all,2021_2026,D
D,515210,钢铁ETF,2021-06-24,2021-06-25,2021-07-22,0.1370814908401769,12359.718770458489,14054.007445878256,51.15836147343193,fear_weighted=29.4218;symbol_fear=72.895,forced_all,2021_2026,D
D,159870,化工ETF,2021-07-22,2021-07-23,2021-12-06,-0.0574074074074074,14054.007445878256,13247.203314725986,50.07609662684851,fear_weighted=29.5011;symbol_fear=70.6511,forced_all,2021_2026,D
D,159930,能源ETF,2021-12-06,2021-12-07,2022-01-04,0.0055005500550056,13247.203314725986,13320.070219647472,56.93972033257748,fear_weighted=39.0779;symbol_fear=74.8016,forced_all,2021_2026,D
D,515790,光伏ETF,2022-01-04,2022-01-05,2022-05-25,-0.1223709369024856,13320.070219647472,11690.080747262315,55.1370917638213,fear_weighted=29.9773;symbol_fear=80.2969,forced_all,2021_2026,D
D,512720,计算机ETF,2022-05-25,2022-05-26,2022-10-10,-0.0496828752642705,11690.080747262315,11109.283923666831,74.46872011504053,fear_weighted=68.5676;symbol_fear=80.3698,forced_all,2021_2026,D
D,515790,光伏ETF,2022-10-10,2022-10-11,2023-01-06,-0.0041067761806981,11109.283923666831,11063.660581064503,82.51927544163166,fear_weighted=78.0574;symbol_fear=86.9811,forced_all,2021_2026,D
D,159930,能源ETF,2023-01-06,2023-01-09,2023-01-19,0.0356138706654169,11063.660581064503,11457.680358084606,43.46608087679516,fear_weighted=25.5896;symbol_fear=61.3426,forced_all,2021_2026,D
D,510880,红利ETF,2023-01-19,2023-01-20,2023-02-10,-0.0060347887823927,11457.680358084606,11388.535677187396,44.619708994709,fear_weighted=21.8783;symbol_fear=67.3611,forced_all,2021_2026,D
D,510880,红利ETF,2023-02-10,2023-02-13,2023-02-24,0.0288770053475935,11388.535677187396,11717.402482838796,46.06859410430839,fear_weighted=25.0076;symbol_fear=67.1296,forced_all,2021_2026,D
D,159768,房地产ETF,2023-02-24,2023-02-27,2023-03-24,-0.0402298850574712,11717.402482838796,11246.012727782063,46.91675868377234,fear_weighted=36.0809;symbol_fear=57.7526,forced_all,2021_2026,D
D,159887,银行ETF,2023-03-24,2023-03-27,2023-04-07,0.0105509964830012,11246.012727782063,11364.66936852068,44.4801003106651,fear_weighted=27.0824;symbol_fear=61.8778,forced_all,2021_2026,D
D,515210,钢铁ETF,2023-04-07,2023-04-10,2023-06-19,-0.0640542577241898,11364.66936852068,10636.71390783925,38.239605205490655,fear_weighted=19.777;symbol_fear=56.7022,forced_all,2021_2026,D
D,159887,银行ETF,2023-06-19,2023-06-20,2023-07-31,0.0863636363636364,10636.71390783925,11555.339199879912,54.76900507526877,fear_weighted=33.8057;symbol_fear=75.7323,forced_all,2021_2026,D
D,512980,传媒ETF,2023-07-31,2023-08-01,2023-11-16,-0.0603136308805789,11555.339199879912,10858.39473667847,46.727607709750565,fear_weighted=22.8534;symbol_fear=70.6019,forced_all,2021_2026,D
D,516750,建材ETF,2023-11-16,2023-11-17,2024-01-04,-0.073103448275862,10858.39473667847,10064.608638686803,55.97970343418516,fear_weighted=37.3054;symbol_fear=74.654,forced_all,2021_2026,D
D,512720,计算机ETF,2024-01-04,2024-01-05,2024-03-12,0.0666666666666666,10064.608638686803,10735.58254793259,66.36148904006048,fear_weighted=45.8844;symbol_fear=86.8386,forced_all,2021_2026,D
D,159930,能源ETF,2024-03-12,2024-03-13,2024-04-01,0.0111888111888112,10735.58254793259,10855.700954063304,48.506235827664405,fear_weighted=30.5442;symbol_fear=66.4683,forced_all,2021_2026,D
D,159992,创新药ETF,2024-04-01,2024-04-02,2024-04-16,-0.0586552217453504,10855.700954063304,10218.957407401509,37.45181405895691,fear_weighted=21.1338;symbol_fear=53.7698,forced_all,2021_2026,D
D,512880,证券ETF,2024-04-16,2024-04-17,2024-04-30,0.0581818181818183,10218.957407401509,10813.51492928669,66.09977324263039,fear_weighted=53.7604;symbol_fear=78.4392,forced_all,2021_2026,D
D,159768,房地产ETF,2024-04-30,2024-05-06,2024-05-20,0.1650485436893203,10813.51492928669,12598.269820528181,46.86022083879337,fear_weighted=28.1028;symbol_fear=65.6176,forced_all,2021_2026,D
D,512980,传媒ETF,2024-05-20,2024-05-21,2024-06-05,-0.0619596541786742,12598.269820528181,11817.685379198627,37.41260393046107,fear_weighted=19.2366;symbol_fear=55.5886,forced_all,2021_2026,D
D,512980,传媒ETF,2024-06-05,2024-06-06,2024-10-22,0.1912225705329153,11817.685379198627,14077.493555158238,53.8879440665155,fear_weighted=36.9426;symbol_fear=70.8333,forced_all,2021_2026,D
D,512950,央企改革ETF,2024-10-22,2024-10-23,2025-02-20,-0.034156976744186,14077.493555158238,13596.64893517827,65.09967876039305,fear_weighted=60.5896;symbol_fear=69.6098,forced_all,2021_2026,D
D,510880,红利ETF,2025-02-20,2025-02-21,2025-03-10,0.0003333333333332,13596.64893517827,13601.181151489995,56.351095993953145,fear_weighted=25.5329;symbol_fear=87.1693,forced_all,2021_2026,D
D,512880,证券ETF,2025-03-10,2025-03-11,2025-03-27,-0.0062836624775584,13601.181151489995,13515.715919837903,45.02692743764173,fear_weighted=23.9494;symbol_fear=66.1045,forced_all,2021_2026,D
D,159811,5G50ETF,2025-03-27,2025-03-28,2025-05-09,-0.0572337042925278,13515.715919837903,12742.161431580089,44.49452003023432,fear_weighted=23.579;symbol_fear=65.4101,forced_all,2021_2026,D
D,159811,5G50ETF,2025-05-09,2025-05-12,2025-05-22,-0.0297274979355904,12742.161431580089,12363.368853927832,47.60912698412699,fear_weighted=26.5344;symbol_fear=68.6839,forced_all,2021_2026,D
D,159811,5G50ETF,2025-05-22,2025-05-23,2025-06-05,0.0525862068965519,12363.368853927832,13013.511526418866,46.68698034769463,fear_weighted=29.0552;symbol_fear=64.3188,forced_all,2021_2026,D
D,159811,5G50ETF,2025-06-05,2025-06-06,2025-06-18,0.0262080262080259,13013.511526418866,13354.5699775617,36.19425547996977,fear_weighted=23.0499;symbol_fear=49.3386,forced_all,2021_2026,D
D,516750,建材ETF,2025-06-18,2025-06-19,2025-07-01,0.0300500834724541,13354.5699775617,13755.87592012616,38.4613567649282,fear_weighted=26.096;symbol_fear=50.8267,forced_all,2021_2026,D
D,515170,食品饮料ETF,2025-07-01,2025-07-02,2025-07-14,0.0142602495543671,13755.87592012616,13952.038143586069,26.694066515495084,fear_weighted=11.7876;symbol_fear=41.6005,forced_all,2021_2026,D
D,159887,银行ETF,2025-07-14,2025-07-15,2025-07-25,-0.0332640332640332,13952.038143586069,13487.937082676763,29.65608465608466,fear_weighted=16.455;symbol_fear=42.8571,forced_all,2021_2026,D
D,516750,建材ETF,2025-07-25,2025-07-28,2025-08-07,-0.0156918687589158,13487.937082676763,13276.286144146885,46.43990929705216,fear_weighted=27.4036;symbol_fear=65.4762,forced_all,2021_2026,D
D,516970,基建ETF,2025-08-07,2025-08-08,2025-08-25,0.0301984469370146,13276.286144146885,13677.209366791527,39.7108843537415,fear_weighted=19.898;symbol_fear=59.5238,forced_all,2021_2026,D
D,159887,银行ETF,2025-08-25,2025-08-26,2025-11-11,-0.0129589632829373,13677.209366791527,13499.966912794229,42.63369236583523,fear_weighted=34.1761;symbol_fear=51.0913,forced_all,2021_2026,D
D,159811,5G50ETF,2025-11-11,2025-11-12,2025-12-23,0.0891996142719382,13499.966912794229,14704.158754099402,56.28354119425549,fear_weighted=36.0128;symbol_fear=76.5542,forced_all,2021_2026,D
D,159768,房地产ETF,2025-12-23,2025-12-24,2026-05-15,-0.0734767025089606,14704.158754099402,13623.745655679912,42.80328798185941,fear_weighted=25.3553;symbol_fear=60.2513,forced_all,2021_2026,D
D,159825,农业ETF,2026-05-27,2026-05-28,2026-07-31,0.0055172413793103,13623.745655679912,13698.911148952628,84.62726757369614,fear_weighted=78.0839;symbol_fear=91.1706,forced_all,2021_2026,D
C,515210,钢铁ETF,2021-01-04,2021-01-05,2021-03-04,0.2447665056360708,10000.0,12447.665056360709,0.25,hit=1/4;selected_score=0.9106525611216468,forced_all,2021_2026,C+S
C,159902,中小板ETF,2021-03-04,2021-03-05,2021-05-06,-0.0593521421107627,12447.665056360709,11708.869470988413,0.8,hit=4/5;selected_score=0.5241558570254087,forced_all,2021_2026,C+S
C,512880,证券ETF,2021-05-06,2021-05-07,2021-07-05,0.0407149950347569,11708.869470988413,12185.596033362324,0.5,hit=2/4;selected_score=2.3524022655757726,forced_all,2021_2026,C+S
C,159930,能源ETF,2021-07-05,2021-07-06,2021-08-31,0.2010309278350515,12185.596033362324,14635.277710172275,0.5,hit=2/4;selected_score=0.9106525611216468,forced_all,2021_2026,C+S
C,512880,证券ETF,2021-08-31,2021-09-01,2021-11-05,-0.0658119658119658,14635.277710172275,13672.101313861793,0.25,hit=1/4;selected_score=2.3524022655757726,forced_all,2021_2026,C+S
C,516970,基建ETF,2021-11-05,2021-11-08,2022-01-04,0.1094890510948904,13672.101313861793,15169.046713189726,0.8,hit=4/5;selected_score=0.6127133230906227,forced_all,2021_2026,C+S
C,159813,半导体ETF鹏华,2022-01-04,2022-01-05,2022-03-09,-0.0868232890704799,15169.046713189726,13852.020185486841,0.4,hit=2/5;selected_score=73869226391.63521,forced_all,2021_2026,C+S
C,512950,央企改革ETF,2022-03-09,2022-03-10,2022-05-12,-0.0866721177432543,13852.020185486841,12651.43626098839,0.8,hit=4/5;selected_score=0.5492349920969236,forced_all,2021_2026,C+S
C,159811,5G50ETF,2022-05-12,2022-05-13,2022-07-11,0.0724137931034483,12651.43626098839,13567.574748853067,0.8,hit=4/5;selected_score=73869226391.63521,forced_all,2021_2026,C+S
C,159930,能源ETF,2022-07-11,2022-07-12,2022-09-06,0.1987179487179486,13567.574748853067,16263.695372022587,0.75,hit=3/4;selected_score=1.117839944306766,forced_all,2021_2026,C+S
C,159813,半导体ETF鹏华,2022-09-06,2022-09-07,2022-11-10,-0.1192052980132448,16263.695372022587,14324.976718404005,0.6,hit=3/5;selected_score=73869226391.63521,forced_all,2021_2026,C+S
C,512660,军工ETF,2022-11-10,2022-11-11,2023-01-09,-0.0695876288659793,14324.976718404005,13328.135555009912,0.4,hit=2/5;selected_score=0.5492349920969236,forced_all,2021_2026,C+S
S,159852,软件ETF,2023-01-09,2023-01-10,2023-01-31,0.0745920745920747,13328.135555009912,14322.308836502496,0.8738461538461538,"{""score"": 0.8738461538461538, ""momentum"": 0.04490291262135937, ""mom20"": 0.04490291262135937, ""mom60"": 0.12992125984251968, ""mom120"": 0.12109375, ""vol20"": 0.27930596071482827, ""amount20"": 34894970.6125, ""history_days"": 464, ""accel"": 1.0}",forced_all,2021_2026,C+S
S,159851,金融科技ETF,2023-01-31,2023-02-01,2023-02-15,0.0299295774647887,14322.308836502496,14750.969488299226,0.8026666666666666,"{""score"": 0.8026666666666666, ""momentum"": 0.14107883817427402, ""mom20"": 0.14107883817427402, ""mom60"": 0.11561866125760667, ""mom120"": 0.1554621848739497, ""vol20"": 0.20186190019557304, ""amount20"": 12749934.4, ""history_days"": 452, ""accel"": 1.0}",forced_all,2021_2026,C+S
S,159852,软件ETF,2023-02-15,2023-02-16,2023-03-02,0.008307372793354,14750.969488299226,14873.511290901919,0.8957142857142857,"{""score"": 0.8957142857142857, ""momentum"": 0.15952380952380962, ""mom20"": 0.15952380952380962, ""mom60"": 0.11187214611872154, ""mom120"": 0.22208281053952317, ""vol20"": 0.25145012832976804, ""amount20"": 65540623.08749999, ""history_days"": 486, ""accel"": 1.0}",forced_all,2021_2026,C+S
S,512980,传媒ETF,2023-03-02,2023-03-03,2023-03-17,0.0339943342776203,14873.511290901919,15379.1264056068,0.8933333333333333,"{""score"": 0.8933333333333333, ""momentum"": 0.07424242424242422, ""mom20"": 0.07424242424242422, ""mom60"": 0.20783645655877336, ""mom120"": 0.16996699669966997, ""vol20"": 0.3062972772457584, ""amount20"": 98802415.5, ""history_days"": 1240, ""accel"": 1.0}",forced_all,2021_2026,C+S
S,159852,软件ETF,2023-03-17,2023-03-20,2023-04-03,0.2248995983935742,15379.1264056068,18837.88575787178,0.8729411764705882,"{""score"": 0.8729411764705882, ""momentum"": 0.10601092896174857, ""mom20"": 0.10601092896174857, ""mom60"": 0.2266666666666668, ""mom120"": 0.319426336375489, ""vol20"": 0.34371054247651167, ""amount20"": 66573988.787499994, ""history_days"": 508, ""accel"": 1.0}",forced_all,2021_2026,C+S
C,515790,光伏ETF,2023-04-03,2023-04-04,2023-06-05,-0.1264193792581378,18837.88575787178,16456.411933825915,1.0,hit=4/4;selected_score=0.3858103633572226,forced_all,2021_2026,C+S
C,515790,光伏ETF,2023-06-05,2023-06-06,2023-08-03,0.0271216097987749,16456.411933825915,16902.736316983046,1.0,hit=4/4;selected_score=0.3858103633572226,forced_all,2021_2026,C+S
S,512880,证券ETF,2023-08-03,2023-08-04,2023-08-18,-0.039510818438382,16902.736316983046,16234.895371250883,0.88,"{""score"": 0.88, ""momentum"": 0.19096045197740108, ""mom20"": 0.19096045197740108, ""mom60"": 0.07222787385554441, ""mom120"": 0.13455328310010772, ""vol20"": 0.38272722357703415, ""amount20"": 778345480.5, ""history_days"": 1699, ""accel"": 1.0}",forced_all,2021_2026,C+S
S,512880,证券ETF,2023-08-18,2023-08-21,2023-09-04,-0.0091370558375634,16234.895371250883,16086.556225726763,0.8727272727272728,"{""score"": 0.8727272727272728, ""momentum"": 0.13570634037819795, ""mom20"": 0.13570634037819795, ""mom60"": 0.13570634037819795, ""mom120"": 0.07814149947201687, ""vol20"": 0.43752422639259303, ""amount20"": 1982213279.5, ""history_days"": 1710, ""accel"": 1.0}",forced_all,2021_2026,C+S
S,159930,能源ETF,2023-09-04,2023-09-05,2023-09-19,0.0376301040832665,16086.556225726763,16691.89501084218,0.8511111111111112,"{""score"": 0.8511111111111112, ""momentum"": 0.058524173027989734, ""mom20"": 0.058524173027989734, ""mom60"": 0.07772020725388606, ""mom120"": 0.1142857142857141, ""vol20"": 0.2154889066137244, ""amount20"": 16619729.0, ""history_days"": 2422, ""accel"": 1.0}",forced_all,2021_2026,C+S
C,512950,央企改革ETF,2023-09-19,2023-09-20,2023-11-23,-0.0235580828594639,16691.89501084218,16298.665965095288,1.0,hit=5/5;selected_score=0.6693244330852537,forced_all,2021_2026,C+S
S,159883,医疗器械ETF,2023-11-23,2023-11-24,2023-12-08,0.0,16298.665965095288,16298.665965095288,0.7783333333333333,"{""score"": 0.7783333333333333, ""momentum"": 0.09541984732824416, ""mom20"": 0.09541984732824416, ""mom60"": 0.08918406072106255, ""mom120"": -0.08744038155802869, ""vol20"": 0.20164411487193598, ""amount20"": 41012428.5, ""history_days"": 623, ""accel"": 1.0}",forced_all,2021_2026,C+S
C,512950,央企改革ETF,2023-12-08,2023-12-11,2024-02-06,-0.0305343511450382,16298.665965095288,15800.996775321386,0.8,hit=4/5;selected_score=0.6693244330852537,forced_all,2021_2026,C+S
S,159887,银行ETF,2024-02-06,2024-02-07,2024-02-29,0.0303687635574836,15800.996775321386,16280.853510363682,0.808,"{""score"": 0.808, ""momentum"": 0.0753186558516803, ""mom20"": 0.0753186558516803, ""mom60"": 0.05936073059360747, ""mom120"": 0.01089324618736387, ""vol20"": 0.12234577916850417, ""amount20"": 54891855.0, ""history_days"": 664, ""accel"": 1.0}",forced_all,2021_2026,C+S
S,159930,能源ETF,2024-02-29,2024-03-01,2024-03-15,-0.0212183436002738,16280.853510363682,15935.400766475062,0.930344827586207,"{""score"": 0.930344827586207, ""momentum"": 0.13452566096423024, ""mom20"": 0.13452566096423024, ""mom60"": 0.17756255044390623, ""mom120"": 0.21786310517529217, ""vol20"": 0.32523411719311207, ""amount20"": 23916800.0, ""history_days"": 2537, ""accel"": 1.0}",forced_all,2021_2026,C+S
S,512400,有色金属ETF,2024-03-15,2024-03-18,2024-04-01,0.0309178743961353,15935.400766475062,16428.089485825018,0.8757894736842107,"{""score"": 0.8757894736842107, ""momentum"": 0.16723163841807898, ""mom20"": 0.16723163841807898, ""mom60"": 0.15418994413407816, ""mom120"": 0.004863813229571967, ""vol20"": 0.20543345726774018, ""amount20"": 85663485.0, ""history_days"": 1586, ""accel"": 1.0}",forced_all,2021_2026,C+S
S,162411,华宝油气LOF,2024-04-01,2024-04-02,2024-04-18,-0.0490867579908675,16428.089485825018,15621.68783298201,0.8999999999999999,"{""score"": 0.8999999999999999, ""momentum"": 0.11787072243346008, ""mom20"": 0.11787072243346008, ""mom60"": 0.14694408322496755, ""mom120"": 0.09158415841584144, ""vol20"": 0.17805031166636937, ""amount20"": 39939468.61250001, ""history_days"": 2722, ""accel"": 1.0}",forced_all,2021_2026,C+S
S,161226,白银LOF,2024-04-18,2024-04-19,2024-05-08,-0.0457018498367791,15621.68783298201,14907.747801442029,0.9042105263157896,"{""score"": 0.9042105263157895, ""momentum"": 0.15869017632241822, ""mom20"": 0.15869017632241822, ""mom60"": 0.21693121693121697, ""mom120"": 0.2234042553191491, ""vol20"": 0.26018411419203813, ""amount20"": 70128971.1, ""history_days"": 2107, ""accel"": 1.0}",forced_all,2021_2026,C+S
S,159996,家电ETF,2024-05-08,2024-05-09,2024-05-23,-0.0309278350515462,14907.747801442029,14446.683436448979,0.8975,"{""score"": 0.8975, ""momentum"": 0.07826086956521738, ""mom20"": 0.07826086956521738, ""mom60"": 0.22529644268774707, ""mom120"": 0.1376146788990824, ""vol20"": 0.22803819588094845, ""amount20"": 83179302.5, ""history_days"": 1005, ""accel"": 1.0}",forced_all,2021_2026,C+S
S,161226,白银LOF,2024-05-23,2024-05-24,2024-06-07,0.0319258496395469,14446.683436448979,14907.906079631182,0.8527272727272728,"{""score"": 0.8527272727272728, ""momentum"": 0.08584169453734658, ""mom20"": 0.08584169453734658, ""mom60"": 0.3004005340453939, ""mom120"": 0.29693741677762975, ""vol20"": 0.3773613409851731, ""amount20"": 32350946.4125, ""history_days"": 2129, ""accel"": 1.0}",forced_all,2021_2026,C+S
S,161226,白银LOF,2024-06-07,2024-06-11,2024-06-25,0.0245202558635395,14907.906079631182,15273.451751093357,0.9114285714285716,"{""score"": 0.9114285714285715, ""momentum"": 0.09748083242059136, ""mom20"": 0.09748083242059136, ""mom60"": 0.2912371134020617, ""mom120"": 0.30980392156862746, ""vol20"": 0.42031553806833444, ""amount20"": 66398293.225, ""history_days"": 2140, ""accel"": 1.0}",forced_all,2021_2026,C+S
S,501018,南方原油LOF,2024-06-25,2024-06-26,2024-07-10,-0.0007616146230007,15273.451751093357,15261.819266896027,0.952,"{""score"": 0.952, ""momentum"": 0.028974158183242116, ""mom20"": 0.028974158183242116, ""mom60"": 0.020979020979021046, ""mom120"": 0.10420168067226898, ""vol20"": 0.14477246856386797, ""amount20"": 13986116.55, ""history_days"": 1942, ""accel"": 1.0}",forced_all,2021_2026,C+S
S,159811,5G50ETF,2024-07-10,2024-07-11,2024-07-25,-0.0774077407740775,15261.819266896027,14080.436317343318,0.9,"{""score"": 0.9, ""momentum"": 0.08956692913385833, ""mom20"": 0.08956692913385833, ""mom60"": 0.16895459345300945, ""mom120"": 0.22999999999999998, ""vol20"": 0.2594231004843489, ""amount20"": 8027515.0, ""history_days"": 1023, ""accel"": 1.0}",forced_all,2021_2026,C+S
C,515170,食品饮料ETF,2024-07-25,2024-07-26,2024-09-24,-0.043560606060606,14080.436317343318,13467.083977762077,1.0,hit=5/5;selected_score=5.418702806095758,forced_all,2021_2026,C+S
C,515170,食品饮料ETF,2024-09-24,2024-09-25,2024-11-27,0.1870078740157479,13467.083977762077,15985.534721634904,1.0,hit=5/5;selected_score=5.418702806095758,forced_all,2021_2026,C+S
S,512980,传媒ETF,2024-11-27,2024-11-28,2024-12-12,0.0896637608966375,15985.534721634904,17418.857884720474,0.8418181818181818,"{""score"": 0.8418181818181818, ""momentum"": 0.08233731739707828, ""mom20"": 0.08233731739707828, ""mom60"": 0.43992932862190814, ""mom120"": 0.2311178247734138, ""vol20"": 0.4195431010382915, ""amount20"": 169743916.0, ""history_days"": 1662, ""accel"": 1.0}",forced_all,2021_2026,C+S
S,512980,传媒ETF,2024-12-12,2024-12-13,2024-12-27,-0.0920454545454545,17418.857884720474,15815.531193058703,0.8984000000000001,"{""score"": 0.8984000000000001, ""momentum"": 0.10201511335012592, ""mom20"": 0.10201511335012592, ""mom60"": 0.48305084745762716, ""mom120"": 0.3608087091757386, ""vol20"": 0.36822640328446593, ""amount20"": 191326095.5, ""history_days"": 1673, ""accel"": 1.0}",forced_all,2021_2026,C+S
S,159811,5G50ETF,2024-12-27,2024-12-30,2025-01-14,-0.0460577673692427,15815.531193058703,15087.103136547803,0.8611111111111112,"{""score"": 0.8611111111111112, ""momentum"": 0.10463121783876517, ""mom20"": 0.10463121783876517, ""mom60"": 0.21509433962264146, ""mom120"": 0.22085308056872055, ""vol20"": 0.22755723543394243, ""amount20"": 5424189.5, ""history_days"": 1138, ""accel"": 1.0}",forced_all,2021_2026,C+S
S,501018,南方原油LOF,2025-01-14,2025-01-15,2025-02-06,-0.0292792792792794,15087.103136547803,14645.363630297526,0.8355555555555556,"{""score"": 0.8355555555555556, ""momentum"": 0.08720456397718013, ""mom20"": 0.08720456397718013, ""mom60"": 0.09344262295081984, ""mom120"": -0.0007490636704119424, ""vol20"": 0.20693728817183904, ""amount20"": 14518030.9375, ""history_days"": 2079, ""accel"": 1.0}",forced_all,2021_2026,C+S
S,159852,软件ETF,2025-02-06,2025-02-07,2025-02-21,0.112372304199773,14645.363630297526,16291.096887277612,0.85625,"{""score"": 0.85625, ""momentum"": 0.10246433203631633, ""mom20"": 0.10246433203631633, ""mom60"": 0.045510455104551095, ""mom120"": 0.6159695817490494, ""vol20"": 0.5124769593404246, ""amount20"": 114368685.75, ""history_days"": 963, ""accel"": 1.0}",forced_all,2021_2026,C+S
S,159852,软件ETF,2025-02-21,2025-02-24,2025-03-10,-0.0590030518819938,16291.096887277612,15329.872452422982,0.8909090909090909,"{""score"": 0.8909090909090909, ""momentum"": 0.32432432432432434, ""mom20"": 0.32432432432432434, ""mom60"": 0.18644067796610164, ""mom120"": 0.96, ""vol20"": 0.4794353799185912, ""amount20"": 380824013.29999995, ""history_days"": 974, ""accel"": 1.0}",forced_all,2021_2026,C+S
S,159663,机床ETF,2025-03-10,2025-03-11,2025-03-25,-0.0546357615894039,15329.872452422982,14492.31319591643,0.8876923076923077,"{""score"": 0.8876923076923077, ""momentum"": 0.1143911439114389, ""mom20"": 0.1143911439114389, ""mom60"": 0.13962264150943393, ""mom120"": 0.6063829787234043, ""vol20"": 0.3571601705772286, ""amount20"": 5034580.9625, ""history_days"": 574, ""accel"": 1.0}",forced_all,2021_2026,C+S
S,512400,有色金属ETF,2025-03-25,2025-03-26,2025-04-10,-0.0793072014585232,14492.31319591643,13342.96839368787,0.868421052631579,"{""score"": 0.868421052631579, ""momentum"": 0.08554572271386451, ""mom20"": 0.08554572271386451, ""mom60"": 0.10510510510510529, ""mom120"": 0.22939866369710482, ""vol20"": 0.1913511352689439, ""amount20"": 262506160.5, ""history_days"": 1833, ""accel"": 1.0}",forced_all,2021_2026,C+S
S,518880,黄金ETF,2025-04-10,2025-04-11,2025-04-25,0.0353361748934415,13342.96839368787,13814.457858444888,0.9485714285714286,"{""score"": 0.9485714285714286, ""momentum"": 0.09776279497395035, ""mom20"": 0.09776279497395035, ""mom60"": 0.19399999999999995, ""mom120"": 0.23538541127780643, ""vol20"": 0.17292497450336963, ""amount20"": 2253384465.5249996, ""history_days"": 2845, ""accel"": 1.0}",forced_all,2021_2026,C+S
S,518880,黄金ETF,2025-04-25,2025-04-28,2025-05-15,-0.0539852645679839,13814.457858444888,13068.680696093477,0.9228571428571428,"{""score"": 0.9228571428571428, ""momentum"": 0.10540223135642979, ""mom20"": 0.10540223135642979, ""mom60"": 0.21824947419511398, ""mom120"": 0.2409360580092288, ""vol20"": 0.32343666734264553, ""amount20"": 5685152549.8375, ""history_days"": 2856, ""accel"": 1.0}",forced_all,2021_2026,C+S
S,159663,机床ETF,2025-05-15,2025-05-16,2025-05-30,-0.0491228070175436,13068.680696093477,12426.710416285381,0.8923076923076922,"{""score"": 0.8923076923076922, ""momentum"": 0.08704061895551263, ""mom20"": 0.08704061895551263, ""mom60"": 0.05243445692883908, ""mom120"": 0.0725190839694656, ""vol20"": 0.23867288671796036, ""amount20"": 4384542.525, ""history_days"": 618, ""accel"": 1.0}",forced_all,2021_2026,C+S
S,159992,创新药ETF,2025-05-30,2025-06-03,2025-06-17,-0.0087609511889862,12426.710416285381,12317.840612888638,0.8953846153846153,"{""score"": 0.8953846153846153, ""momentum"": 0.08953168044077153, ""mom20"": 0.08953168044077153, ""mom60"": 0.10167130919220058, ""mom120"": 0.09254143646408841, ""vol20"": 0.19399550055832887, ""amount20"": 342623242.5, ""history_days"": 1245, ""accel"": 1.0}",forced_all,2021_2026,C+S
S,501018,南方原油LOF,2025-06-17,2025-06-18,2025-07-02,-0.0907715582450833,12317.840612888638,11199.731026242165,0.8478571428571429,"{""score"": 0.8478571428571429, ""momentum"": 0.12357581069237522, ""mom20"": 0.12357581069237522, ""mom60"": 0.05254515599343201, ""mom120"": 0.05254515599343201, ""vol20"": 0.2600633148624637, ""amount20"": 15665109.6375, ""history_days"": 2178, ""accel"": 1.0}",forced_all,2021_2026,C+S
S,512400,有色金属ETF,2025-07-02,2025-07-03,2025-07-17,-0.0051457975986277,11199.731026242165,11142.099477222053,0.8793548387096775,"{""score"": 0.8793548387096775, ""momentum"": 0.08785046728971957, ""mom20"": 0.08785046728971957, ""mom60"": 0.08886810102899911, ""mom120"": 0.1686746987951806, ""vol20"": 0.14094035743512576, ""amount20"": 139378062.0, ""history_days"": 1899, ""accel"": 1.0}",forced_all,2021_2026,C+S
S,159851,金融科技ETF,2025-07-17,2025-07-18,2025-08-01,-0.0141509433962264,11142.099477222053,10984.42825820476,0.8965714285714286,"{""score"": 0.8965714285714286, ""momentum"": 0.1589673913043479, ""mom20"": 0.1589673913043479, ""mom60"": 0.2769461077844311, ""mom120"": 0.24525547445255458, ""vol20"": 0.39590271649057057, ""amount20"": 533105223.57500005, ""history_days"": 1050, ""accel"": 1.0}",forced_all,2021_2026,C+S
S,159992,创新药ETF,2025-08-01,2025-08-04,2025-08-18,0.0306010928961748,10984.42825820476,11320.563767745452,0.90125,"{""score"": 0.90125, ""momentum"": 0.11721611721611724, ""mom20"": 0.11721611721611724, ""mom60"": 0.25514403292181087, ""mom120"": 0.31465517241379315, ""vol20"": 0.22236430290167156, ""amount20"": 462498289.5, ""history_days"": 1289, ""accel"": 1.0}",forced_all,2021_2026,C+S
S,159811,5G50ETF,2025-08-18,2025-08-19,2025-09-02,0.1599532983070637,11320.563767745452,13131.325281091778,0.8913333333333333,"{""score"": 0.8913333333333333, ""momentum"": 0.17979094076655056, ""mom20"": 0.17979094076655056, ""mom60"": 0.45948275862068977, ""mom120"": 0.18973998594518626, ""vol20"": 0.2862735653019947, ""amount20"": 3161242.0, ""history_days"": 1292, ""accel"": 1.0}",forced_all,2021_2026,C+S
S,159811,5G50ETF,2025-09-02,2025-09-03,2025-09-17,0.0446562970396386,13131.325281091778,13717.72164336833,0.906470588235294,"{""score"": 0.9064705882352941, ""momentum"": 0.3317694369973192, ""mom20"": 0.3317694369973192, ""mom60"": 0.6367380560131797, ""mom120"": 0.5167938931297711, ""vol20"": 0.4357806439478203, ""amount20"": 9369221.5, ""history_days"": 1303, ""accel"": 1.0}",forced_all,2021_2026,C+S
S,159755,电池ETF,2025-09-17,2025-09-18,2025-10-10,0.0763747454175152,13717.72164336833,14765.409141588925,0.8987499999999999,"{""score"": 0.8987499999999999, ""momentum"": 0.274131274131274, ""mom20"": 0.274131274131274, ""mom60"": 0.3963328631875882, ""mom120"": 0.3846153846153846, ""vol20"": 0.4241914889737482, ""amount20"": 1158797260.5, ""history_days"": 1030, ""accel"": 1.0}",forced_all,2021_2026,C+S
S,159755,电池ETF,2025-10-10,2025-10-13,2025-10-27,-0.0158434296365329,14765.409141588925,14531.474420799543,0.88375,"{""score"": 0.88375, ""momentum"": 0.24793388429752072, ""mom20"": 0.24793388429752072, ""mom60"": 0.499290780141844, ""mom120"": 0.6645669291338581, ""vol20"": 0.5121850005754814, ""amount20"": 1521257190.5, ""history_days"": 1041, ""accel"": 1.0}",forced_all,2021_2026,C+S
S,512400,有色金属ETF,2025-10-27,2025-10-28,2025-11-11,0.0213523131672597,14531.474420799543,14841.755013414479,0.876,"{""score"": 0.876, ""momentum"": 0.17397167902899535, ""mom20"": 0.17397167902899535, ""mom60"": 0.35170807453416164, ""mom120"": 0.6805019305019306, ""vol20"": 0.473461335235103, ""amount20"": 980340613.0, ""history_days"": 1976, ""accel"": 1.0}",forced_all,2021_2026,C+S
S,515790,光伏ETF,2025-11-11,2025-11-12,2025-11-26,-0.0801932367149758,14841.755013414479,13651.546640358052,0.8951724137931034,"{""score"": 0.8951724137931034, ""momentum"": 0.15557939914163077, ""mom20"": 0.15557939914163077, ""mom60"": 0.43791722296395186, ""mom120"": 0.6122754491017963, ""vol20"": 0.45448452808455186, ""amount20"": 1018182981.5, ""history_days"": 1186, ""accel"": 1.0}",forced_all,2021_2026,C+S
S,161226,白银LOF,2025-11-26,2025-11-27,2025-12-11,0.312330623306233,13651.546640358052,17915.342711635196,0.9166666666666669,"{""score"": 0.9166666666666667, ""momentum"": 0.1079414032382422, ""mom20"": 0.1079414032382422, ""mom60"": 0.3342618384401115, ""mom120"": 0.46632653061224505, ""vol20"": 0.3417310798868747, ""amount20"": 199426930.5375, ""history_days"": 2497, ""accel"": 1.0}",forced_all,2021_2026,C+S
S,161226,白银LOF,2025-12-11,2025-12-12,2025-12-26,0.2645290581162325,17915.342711635196,22654.471444973566,0.9125,"{""score"": 0.9125, ""momentum"": 0.3267123287671234, ""mom20"": 0.3267123287671234, ""mom60"": 0.7126436781609196, ""mom120"": 0.8482824427480915, ""vol20"": 0.4788682931588076, ""amount20"": 291768045.5, ""history_days"": 2508, ""accel"": 1.0}",forced_all,2021_2026,C+S
S,512400,有色金属ETF,2025-12-26,2025-12-29,2026-01-14,0.1437699680511184,22654.471444973566,25911.50408083239,0.874782608695652,"{""score"": 0.874782608695652, ""momentum"": 0.12676056338028174, ""mom20"": 0.12676056338028174, ""mom60"": 0.2524461839530332, ""mom120"": 0.646655231560892, ""vol20"": 0.30761703468813517, ""amount20"": 851793226.0, ""history_days"": 2020, ""accel"": 1.0}",forced_all,2021_2026,C+S
S,512980,传媒ETF,2026-01-14,2026-01-15,2026-01-29,-0.0214455917394756,25911.50408083239,25355.816542959103,0.891875,"{""score"": 0.891875, ""momentum"": 0.39451476793248963, ""mom20"": 0.39451476793248963, ""mom60"": 0.3814002089864159, ""mom120"": 0.5265588914549655, ""vol20"": 0.43865170710272267, ""amount20"": 128776902.5, ""history_days"": 1937, ""accel"": 1.0}",forced_all,2021_2026,C+S
S,512400,有色金属ETF,2026-01-29,2026-01-30,2026-02-13,-0.062419837537409,25355.816542959103,23773.110593719248,0.8993548387096774,"{""score"": 0.8993548387096774, ""momentum"": 0.35935044525929816, ""mom20"": 0.35935044525929816, ""mom60"": 0.5566886622675467, ""mom120"": 1.0843373493975905, ""vol20"": 0.35040170055800735, ""amount20"": 2227240569.0, ""history_days"": 2042, ""accel"": 1.0}",forced_all,2021_2026,C+S
S,159930,能源ETF,2026-02-13,2026-02-24,2026-03-10,0.0604982206405695,23773.110593719248,25211.341483730735,0.8092307692307692,"{""score"": 0.8092307692307692, ""momentum"": 0.09510869565217406, ""mom20"": 0.09510869565217406, ""mom60"": 0.0668431502316349, ""mom120"": 0.20298507462686577, ""vol20"": 0.37836312750175566, ""amount20"": 110422665.5, ""history_days"": 3015, ""accel"": 1.0}",forced_all,2021_2026,C+S
S,159663,机床ETF,2026-03-10,2026-03-11,2026-03-25,-0.1324110671936759,25211.341483730735,21873.080852485757,0.9224,"{""score"": 0.9224, ""momentum"": 0.20888355342136844, ""mom20"": 0.20888355342136844, ""mom60"": 0.4243281471004243, ""mom120"": 0.4552023121387283, ""vol20"": 0.3048703256757443, ""amount20"": 16669090.75, ""history_days"": 816, ""accel"": 1.0}",forced_all,2021_2026,C+S
S,159611,电力ETF,2026-03-25,2026-03-26,2026-04-10,-0.0950378469301934,21873.080852485757,19794.31034253547,0.8266666666666667,"{""score"": 0.8266666666666667, ""momentum"": 0.1417697431018079, ""mom20"": 0.1417697431018079, ""mom60"": 0.16845180136319393, ""mom120"": 0.19284294234592436, ""vol20"": 0.2872735383550271, ""amount20"": 572885574.5, ""history_days"": 1018, ""accel"": 1.0}",forced_all,2021_2026,C+S
S,159811,5G50ETF,2026-04-10,2026-04-13,2026-04-27,0.1127315727236895,19794.31034253547,22025.754078430287,0.92,"{""score"": 0.92, ""momentum"": 0.06260504201680672, ""mom20"": 0.06260504201680672, ""mom60"": 0.0793854033290653, ""mom120"": 0.21236816874400777, ""vol20"": 0.43877495230097274, ""amount20"": 8226536.0, ""history_days"": 1446, ""accel"": 1.0}",forced_all,2021_2026,C+S
S,159811,5G50ETF,2026-04-27,2026-04-28,2026-05-15,0.115702479338843,22025.754078430287,24574.188434612304,0.8822222222222222,"{""score"": 0.8822222222222222, ""momentum"": 0.23221300742034057, ""mom20"": 0.23221300742034057, ""mom60"": 0.1901349072512648, ""mom120"": 0.22526041666666674, ""vol20"": 0.39768791047869295, ""amount20"": 10409033.5, ""history_days"": 1457, ""accel"": 1.0}",forced_all,2021_2026,C+S
S,159813,半导体ETF鹏华,2026-05-15,2026-05-18,2026-06-01,0.0053404539385848,24574.188434612304,24705.425756025455,0.8752941176470588,"{""score"": 0.8752941176470588, ""momentum"": 0.26712328767123283, ""mom20"": 0.26712328767123283, ""mom60"": 0.2478920741989883, ""mom120"": 0.3430127041742286, ""vol20"": 0.4437550275121128, ""amount20"": 199840548.475, ""history_days"": 1448, ""accel"": 1.0}",forced_all,2021_2026,C+S
C,512660,军工ETF,2026-06-01,2026-06-02,2026-07-29,-0.1365430149960536,24705.425756025455,21332.072436536582,1.0,hit=5/5;selected_score=0.6686964927681998,forced_all,2021_2026,C+S
D,515210,钢铁ETF,2021-01-04,2021-01-05,2021-05-24,0.2455716586151368,10000.0,12455.716586151368,54.81278501985189,fear_weighted=34.3802;symbol_fear=75.2454,forced_all,2021_2026,C+D
D,515210,钢铁ETF,2021-05-24,2021-05-25,2021-06-24,-0.0077071290944122,12455.716586151368,12359.718770458489,61.97153694946337,fear_weighted=32.1958;symbol_fear=91.7473,forced_all,2021_2026,C+D
D,515210,钢铁ETF,2021-06-24,2021-06-25,2021-07-22,0.1370814908401769,12359.718770458489,14054.007445878256,51.15836147343193,fear_weighted=29.4218;symbol_fear=72.895,forced_all,2021_2026,C+D
D,159870,化工ETF,2021-07-22,2021-07-23,2021-12-06,-0.0574074074074074,14054.007445878256,13247.203314725986,50.07609662684851,fear_weighted=29.5011;symbol_fear=70.6511,forced_all,2021_2026,C+D
D,159930,能源ETF,2021-12-06,2021-12-07,2022-01-04,0.0055005500550056,13247.203314725986,13320.070219647472,56.93972033257748,fear_weighted=39.0779;symbol_fear=74.8016,forced_all,2021_2026,C+D
D,515790,光伏ETF,2022-01-04,2022-01-05,2022-05-25,-0.1223709369024856,13320.070219647472,11690.080747262315,55.1370917638213,fear_weighted=29.9773;symbol_fear=80.2969,forced_all,2021_2026,C+D
D,512720,计算机ETF,2022-05-25,2022-05-26,2022-10-10,-0.0496828752642705,11690.080747262315,11109.283923666831,74.46872011504053,fear_weighted=68.5676;symbol_fear=80.3698,forced_all,2021_2026,C+D
D,515790,光伏ETF,2022-10-10,2022-10-11,2023-01-06,-0.0041067761806981,11109.283923666831,11063.660581064503,82.51927544163166,fear_weighted=78.0574;symbol_fear=86.9811,forced_all,2021_2026,C+D
D,159930,能源ETF,2023-01-06,2023-01-09,2023-01-19,0.0356138706654169,11063.660581064503,11457.680358084606,43.46608087679516,fear_weighted=25.5896;symbol_fear=61.3426,forced_all,2021_2026,C+D
D,510880,红利ETF,2023-01-19,2023-01-20,2023-02-10,-0.0060347887823927,11457.680358084606,11388.535677187396,44.619708994709,fear_weighted=21.8783;symbol_fear=67.3611,forced_all,2021_2026,C+D
D,510880,红利ETF,2023-02-10,2023-02-13,2023-02-24,0.0288770053475935,11388.535677187396,11717.402482838796,46.06859410430839,fear_weighted=25.0076;symbol_fear=67.1296,forced_all,2021_2026,C+D
D,159768,房地产ETF,2023-02-24,2023-02-27,2023-03-24,-0.0402298850574712,11717.402482838796,11246.012727782063,46.91675868377234,fear_weighted=36.0809;symbol_fear=57.7526,forced_all,2021_2026,C+D
D,159887,银行ETF,2023-03-24,2023-03-27,2023-04-07,0.0105509964830012,11246.012727782063,11364.66936852068,44.4801003106651,fear_weighted=27.0824;symbol_fear=61.8778,forced_all,2021_2026,C+D
D,515210,钢铁ETF,2023-04-07,2023-04-10,2023-06-19,-0.0640542577241898,11364.66936852068,10636.71390783925,38.239605205490655,fear_weighted=19.777;symbol_fear=56.7022,forced_all,2021_2026,C+D
D,159887,银行ETF,2023-06-19,2023-06-20,2023-07-31,0.0863636363636364,10636.71390783925,11555.339199879912,54.76900507526877,fear_weighted=33.8057;symbol_fear=75.7323,forced_all,2021_2026,C+D
D,512980,传媒ETF,2023-07-31,2023-08-01,2023-11-16,-0.0603136308805789,11555.339199879912,10858.39473667847,46.727607709750565,fear_weighted=22.8534;symbol_fear=70.6019,forced_all,2021_2026,C+D
D,516750,建材ETF,2023-11-16,2023-11-17,2024-01-04,-0.073103448275862,10858.39473667847,10064.608638686803,55.97970343418516,fear_weighted=37.3054;symbol_fear=74.654,forced_all,2021_2026,C+D
D,512720,计算机ETF,2024-01-04,2024-01-05,2024-03-12,0.0666666666666666,10064.608638686803,10735.58254793259,66.36148904006048,fear_weighted=45.8844;symbol_fear=86.8386,forced_all,2021_2026,C+D
D,159930,能源ETF,2024-03-12,2024-03-13,2024-04-01,0.0111888111888112,10735.58254793259,10855.700954063304,48.506235827664405,fear_weighted=30.5442;symbol_fear=66.4683,forced_all,2021_2026,C+D
D,159992,创新药ETF,2024-04-01,2024-04-02,2024-04-16,-0.0586552217453504,10855.700954063304,10218.957407401509,37.45181405895691,fear_weighted=21.1338;symbol_fear=53.7698,forced_all,2021_2026,C+D
D,512880,证券ETF,2024-04-16,2024-04-17,2024-04-30,0.0581818181818183,10218.957407401509,10813.51492928669,66.09977324263039,fear_weighted=53.7604;symbol_fear=78.4392,forced_all,2021_2026,C+D
D,159768,房地产ETF,2024-04-30,2024-05-06,2024-05-20,0.1650485436893203,10813.51492928669,12598.269820528181,46.86022083879337,fear_weighted=28.1028;symbol_fear=65.6176,forced_all,2021_2026,C+D
D,512980,传媒ETF,2024-05-20,2024-05-21,2024-06-05,-0.0619596541786742,12598.269820528181,11817.685379198627,37.41260393046107,fear_weighted=19.2366;symbol_fear=55.5886,forced_all,2021_2026,C+D
D,512980,传媒ETF,2024-06-05,2024-06-06,2024-10-22,0.1912225705329153,11817.685379198627,14077.493555158238,53.8879440665155,fear_weighted=36.9426;symbol_fear=70.8333,forced_all,2021_2026,C+D
D,512950,央企改革ETF,2024-10-22,2024-10-23,2025-02-20,-0.034156976744186,14077.493555158238,13596.64893517827,65.09967876039305,fear_weighted=60.5896;symbol_fear=69.6098,forced_all,2021_2026,C+D
D,510880,红利ETF,2025-02-20,2025-02-21,2025-03-10,0.0003333333333332,13596.64893517827,13601.181151489995,56.351095993953145,fear_weighted=25.5329;symbol_fear=87.1693,forced_all,2021_2026,C+D
D,512880,证券ETF,2025-03-10,2025-03-11,2025-03-27,-0.0062836624775584,13601.181151489995,13515.715919837903,45.02692743764173,fear_weighted=23.9494;symbol_fear=66.1045,forced_all,2021_2026,C+D
D,159811,5G50ETF,2025-03-27,2025-03-28,2025-05-09,-0.0572337042925278,13515.715919837903,12742.161431580089,44.49452003023432,fear_weighted=23.579;symbol_fear=65.4101,forced_all,2021_2026,C+D
D,159811,5G50ETF,2025-05-09,2025-05-12,2025-05-22,-0.0297274979355904,12742.161431580089,12363.368853927832,47.60912698412699,fear_weighted=26.5344;symbol_fear=68.6839,forced_all,2021_2026,C+D
D,159811,5G50ETF,2025-05-22,2025-05-23,2025-06-05,0.0525862068965519,12363.368853927832,13013.511526418866,46.68698034769463,fear_weighted=29.0552;symbol_fear=64.3188,forced_all,2021_2026,C+D
D,159811,5G50ETF,2025-06-05,2025-06-06,2025-06-18,0.0262080262080259,13013.511526418866,13354.5699775617,36.19425547996977,fear_weighted=23.0499;symbol_fear=49.3386,forced_all,2021_2026,C+D
D,516750,建材ETF,2025-06-18,2025-06-19,2025-07-01,0.0300500834724541,13354.5699775617,13755.87592012616,38.4613567649282,fear_weighted=26.096;symbol_fear=50.8267,forced_all,2021_2026,C+D
D,515170,食品饮料ETF,2025-07-01,2025-07-02,2025-07-14,0.0142602495543671,13755.87592012616,13952.038143586069,26.694066515495084,fear_weighted=11.7876;symbol_fear=41.6005,forced_all,2021_2026,C+D
D,159887,银行ETF,2025-07-14,2025-07-15,2025-07-25,-0.0332640332640332,13952.038143586069,13487.937082676763,29.65608465608466,fear_weighted=16.455;symbol_fear=42.8571,forced_all,2021_2026,C+D
D,516750,建材ETF,2025-07-25,2025-07-28,2025-08-07,-0.0156918687589158,13487.937082676763,13276.286144146885,46.43990929705216,fear_weighted=27.4036;symbol_fear=65.4762,forced_all,2021_2026,C+D
D,516970,基建ETF,2025-08-07,2025-08-08,2025-08-25,0.0301984469370146,13276.286144146885,13677.209366791527,39.7108843537415,fear_weighted=19.898;symbol_fear=59.5238,forced_all,2021_2026,C+D
D,159887,银行ETF,2025-08-25,2025-08-26,2025-11-11,-0.0129589632829373,13677.209366791527,13499.966912794229,42.63369236583523,fear_weighted=34.1761;symbol_fear=51.0913,forced_all,2021_2026,C+D
D,159811,5G50ETF,2025-11-11,2025-11-12,2025-12-23,0.0891996142719382,13499.966912794229,14704.158754099402,56.28354119425549,fear_weighted=36.0128;symbol_fear=76.5542,forced_all,2021_2026,C+D
D,159768,房地产ETF,2025-12-23,2025-12-24,2026-05-15,-0.0734767025089606,14704.158754099402,13623.745655679912,42.80328798185941,fear_weighted=25.3553;symbol_fear=60.2513,forced_all,2021_2026,C+D
C,159766,旅游ETF,2026-05-15,2026-05-18,2026-07-14,-0.1211129296235679,13623.745655679912,11973.733906874162,0.6,hit=3/5;selected_score=4.660178453401736,forced_all,2021_2026,C+D
D,515210,钢铁ETF,2021-01-04,2021-01-05,2021-05-24,0.2455716586151368,10000.0,12455.716586151368,54.81278501985189,fear_weighted=34.3802;symbol_fear=75.2454,forced_all,2021_2026,S+D
D,515210,钢铁ETF,2021-05-24,2021-05-25,2021-06-24,-0.0077071290944122,12455.716586151368,12359.718770458489,61.97153694946337,fear_weighted=32.1958;symbol_fear=91.7473,forced_all,2021_2026,S+D
D,515210,钢铁ETF,2021-06-24,2021-06-25,2021-07-22,0.1370814908401769,12359.718770458489,14054.007445878256,51.15836147343193,fear_weighted=29.4218;symbol_fear=72.895,forced_all,2021_2026,S+D
D,159870,化工ETF,2021-07-22,2021-07-23,2021-12-06,-0.0574074074074074,14054.007445878256,13247.203314725986,50.07609662684851,fear_weighted=29.5011;symbol_fear=70.6511,forced_all,2021_2026,S+D
D,159930,能源ETF,2021-12-06,2021-12-07,2022-01-04,0.0055005500550056,13247.203314725986,13320.070219647472,56.93972033257748,fear_weighted=39.0779;symbol_fear=74.8016,forced_all,2021_2026,S+D
D,515790,光伏ETF,2022-01-04,2022-01-05,2022-05-25,-0.1223709369024856,13320.070219647472,11690.080747262315,55.1370917638213,fear_weighted=29.9773;symbol_fear=80.2969,forced_all,2021_2026,S+D
D,512720,计算机ETF,2022-05-25,2022-05-26,2022-10-10,-0.0496828752642705,11690.080747262315,11109.283923666831,74.46872011504053,fear_weighted=68.5676;symbol_fear=80.3698,forced_all,2021_2026,S+D
D,515790,光伏ETF,2022-10-10,2022-10-11,2023-01-06,-0.0041067761806981,11109.283923666831,11063.660581064503,82.51927544163166,fear_weighted=78.0574;symbol_fear=86.9811,forced_all,2021_2026,S+D
D,159930,能源ETF,2023-01-06,2023-01-09,2023-01-19,0.0356138706654169,11063.660581064503,11457.680358084606,43.46608087679516,fear_weighted=25.5896;symbol_fear=61.3426,forced_all,2021_2026,S+D
D,510880,红利ETF,2023-01-19,2023-01-20,2023-02-10,-0.0060347887823927,11457.680358084606,11388.535677187396,44.619708994709,fear_weighted=21.8783;symbol_fear=67.3611,forced_all,2021_2026,S+D
D,510880,红利ETF,2023-02-10,2023-02-13,2023-02-24,0.0288770053475935,11388.535677187396,11717.402482838796,46.06859410430839,fear_weighted=25.0076;symbol_fear=67.1296,forced_all,2021_2026,S+D
D,159768,房地产ETF,2023-02-24,2023-02-27,2023-03-24,-0.0402298850574712,11717.402482838796,11246.012727782063,46.91675868377234,fear_weighted=36.0809;symbol_fear=57.7526,forced_all,2021_2026,S+D
D,159887,银行ETF,2023-03-24,2023-03-27,2023-04-07,0.0105509964830012,11246.012727782063,11364.66936852068,44.4801003106651,fear_weighted=27.0824;symbol_fear=61.8778,forced_all,2021_2026,S+D
D,515210,钢铁ETF,2023-04-07,2023-04-10,2023-06-19,-0.0640542577241898,11364.66936852068,10636.71390783925,38.239605205490655,fear_weighted=19.777;symbol_fear=56.7022,forced_all,2021_2026,S+D
D,159887,银行ETF,2023-06-19,2023-06-20,2023-07-31,0.0863636363636364,10636.71390783925,11555.339199879912,54.76900507526877,fear_weighted=33.8057;symbol_fear=75.7323,forced_all,2021_2026,S+D
D,512980,传媒ETF,2023-07-31,2023-08-01,2023-11-16,-0.0603136308805789,11555.339199879912,10858.39473667847,46.727607709750565,fear_weighted=22.8534;symbol_fear=70.6019,forced_all,2021_2026,S+D
D,516750,建材ETF,2023-11-16,2023-11-17,2024-01-04,-0.073103448275862,10858.39473667847,10064.608638686803,55.97970343418516,fear_weighted=37.3054;symbol_fear=74.654,forced_all,2021_2026,S+D
D,512720,计算机ETF,2024-01-04,2024-01-05,2024-03-12,0.0666666666666666,10064.608638686803,10735.58254793259,66.36148904006048,fear_weighted=45.8844;symbol_fear=86.8386,forced_all,2021_2026,S+D
D,159930,能源ETF,2024-03-12,2024-03-13,2024-04-01,0.0111888111888112,10735.58254793259,10855.700954063304,48.506235827664405,fear_weighted=30.5442;symbol_fear=66.4683,forced_all,2021_2026,S+D
D,159992,创新药ETF,2024-04-01,2024-04-02,2024-04-16,-0.0586552217453504,10855.700954063304,10218.957407401509,37.45181405895691,fear_weighted=21.1338;symbol_fear=53.7698,forced_all,2021_2026,S+D
D,512880,证券ETF,2024-04-16,2024-04-17,2024-04-30,0.0581818181818183,10218.957407401509,10813.51492928669,66.09977324263039,fear_weighted=53.7604;symbol_fear=78.4392,forced_all,2021_2026,S+D
D,159768,房地产ETF,2024-04-30,2024-05-06,2024-05-20,0.1650485436893203,10813.51492928669,12598.269820528181,46.86022083879337,fear_weighted=28.1028;symbol_fear=65.6176,forced_all,2021_2026,S+D
D,512980,传媒ETF,2024-05-20,2024-05-21,2024-06-05,-0.0619596541786742,12598.269820528181,11817.685379198627,37.41260393046107,fear_weighted=19.2366;symbol_fear=55.5886,forced_all,2021_2026,S+D
D,512980,传媒ETF,2024-06-05,2024-06-06,2024-10-22,0.1912225705329153,11817.685379198627,14077.493555158238,53.8879440665155,fear_weighted=36.9426;symbol_fear=70.8333,forced_all,2021_2026,S+D
D,512950,央企改革ETF,2024-10-22,2024-10-23,2025-02-20,-0.034156976744186,14077.493555158238,13596.64893517827,65.09967876039305,fear_weighted=60.5896;symbol_fear=69.6098,forced_all,2021_2026,S+D
D,510880,红利ETF,2025-02-20,2025-02-21,2025-03-10,0.0003333333333332,13596.64893517827,13601.181151489995,56.351095993953145,fear_weighted=25.5329;symbol_fear=87.1693,forced_all,2021_2026,S+D
D,512880,证券ETF,2025-03-10,2025-03-11,2025-03-27,-0.0062836624775584,13601.181151489995,13515.715919837903,45.02692743764173,fear_weighted=23.9494;symbol_fear=66.1045,forced_all,2021_2026,S+D
D,159811,5G50ETF,2025-03-27,2025-03-28,2025-05-09,-0.0572337042925278,13515.715919837903,12742.161431580089,44.49452003023432,fear_weighted=23.579;symbol_fear=65.4101,forced_all,2021_2026,S+D
D,159811,5G50ETF,2025-05-09,2025-05-12,2025-05-22,-0.0297274979355904,12742.161431580089,12363.368853927832,47.60912698412699,fear_weighted=26.5344;symbol_fear=68.6839,forced_all,2021_2026,S+D
D,159811,5G50ETF,2025-05-22,2025-05-23,2025-06-05,0.0525862068965519,12363.368853927832,13013.511526418866,46.68698034769463,fear_weighted=29.0552;symbol_fear=64.3188,forced_all,2021_2026,S+D
D,159811,5G50ETF,2025-06-05,2025-06-06,2025-06-18,0.0262080262080259,13013.511526418866,13354.5699775617,36.19425547996977,fear_weighted=23.0499;symbol_fear=49.3386,forced_all,2021_2026,S+D
D,516750,建材ETF,2025-06-18,2025-06-19,2025-07-01,0.0300500834724541,13354.5699775617,13755.87592012616,38.4613567649282,fear_weighted=26.096;symbol_fear=50.8267,forced_all,2021_2026,S+D
D,515170,食品饮料ETF,2025-07-01,2025-07-02,2025-07-14,0.0142602495543671,13755.87592012616,13952.038143586069,26.694066515495084,fear_weighted=11.7876;symbol_fear=41.6005,forced_all,2021_2026,S+D
D,159887,银行ETF,2025-07-14,2025-07-15,2025-07-25,-0.0332640332640332,13952.038143586069,13487.937082676763,29.65608465608466,fear_weighted=16.455;symbol_fear=42.8571,forced_all,2021_2026,S+D
D,516750,建材ETF,2025-07-25,2025-07-28,2025-08-07,-0.0156918687589158,13487.937082676763,13276.286144146885,46.43990929705216,fear_weighted=27.4036;symbol_fear=65.4762,forced_all,2021_2026,S+D
D,516970,基建ETF,2025-08-07,2025-08-08,2025-08-25,0.0301984469370146,13276.286144146885,13677.209366791527,39.7108843537415,fear_weighted=19.898;symbol_fear=59.5238,forced_all,2021_2026,S+D
D,159887,银行ETF,2025-08-25,2025-08-26,2025-11-11,-0.0129589632829373,13677.209366791527,13499.966912794229,42.63369236583523,fear_weighted=34.1761;symbol_fear=51.0913,forced_all,2021_2026,S+D
D,159811,5G50ETF,2025-11-11,2025-11-12,2025-12-23,0.0891996142719382,13499.966912794229,14704.158754099402,56.28354119425549,fear_weighted=36.0128;symbol_fear=76.5542,forced_all,2021_2026,S+D
D,159768,房地产ETF,2025-12-23,2025-12-24,2026-05-15,-0.0734767025089606,14704.158754099402,13623.745655679912,42.80328798185941,fear_weighted=25.3553;symbol_fear=60.2513,forced_all,2021_2026,S+D
S,159813,半导体ETF鹏华,2026-05-15,2026-05-18,2026-06-01,0.0053404539385848,13623.745655679912,13696.502641825065,0.8752941176470588,"{""score"": 0.8752941176470588, ""momentum"": 0.26712328767123283, ""mom20"": 0.26712328767123283, ""mom60"": 0.2478920741989883, ""mom120"": 0.3430127041742286, ""vol20"": 0.4437550275121128, ""amount20"": 199840548.475, ""history_days"": 1448, ""accel"": 1.0}",forced_all,2021_2026,S+D
S,159811,5G50ETF,2026-06-01,2026-06-02,2026-06-16,0.0477972934062769,13696.502641825065,14351.158397236226,0.9177777777777778,"{""score"": 0.9177777777777778, ""momentum"": 0.17922170653338076, ""mom20"": 0.17922170653338076, ""mom60"": 0.394259181089067, ""mom120"": 0.6018428709990302, ""vol20"": 0.43781588786359615, ""amount20"": 20799999.5, ""history_days"": 1479, ""accel"": 1.0}",forced_all,2021_2026,S+D
S,159811,5G50ETF,2026-06-16,2026-06-17,2026-07-02,-0.0665064102564102,14351.158397236226,13396.714369214907,0.8942857142857142,"{""score"": 0.8942857142857142, ""momentum"": 0.14397988054071043, ""mom20"": 0.14397988054071043, ""mom60"": 0.5099585062240661, ""mom120"": 0.660127737226277, ""vol20"": 0.5685900640847849, ""amount20"": 47065783.0, ""history_days"": 1490, ""accel"": 1.0}",forced_all,2021_2026,S+D
S,588000,科创50ETF,2026-07-02,2026-07-03,2026-07-17,-0.1403425309229304,13396.714369214907,11516.5855685877,0.9,"{""score"": 0.9, ""momentum"": 0.16236972024136054, ""mom20"": 0.16236972024136054, ""mom60"": 0.5932330827067669, ""mom120"": 0.4954128440366974, ""vol20"": 0.5761082035504137, ""amount20"": 6818106825.0375, ""history_days"": 1364, ""accel"": 1.0}",forced_all,2021_2026,S+D
S,162411,华宝油气LOF,2026-07-17,2026-07-20,2026-08-03,-0.0205183585313175,11516.5855685877,11280.28413683482,0.75,"{""score"": 0.75, ""momentum"": 0.07872078720787212, ""mom20"": 0.07872078720787212, ""mom60"": 0.010368663594469973, ""mom120"": 0.20965517241379317, ""vol20"": 0.2665881030763052, ""amount20"": 80276403.525, ""history_days"": 3277, ""accel"": 1.0}",forced_all,2021_2026,S+D
D,515210,钢铁ETF,2021-01-04,2021-01-05,2021-05-24,0.2455716586151368,10000.0,12455.716586151368,54.81278501985189,fear_weighted=34.3802;symbol_fear=75.2454,forced_all,2021_2026,C+S+D
D,515210,钢铁ETF,2021-05-24,2021-05-25,2021-06-24,-0.0077071290944122,12455.716586151368,12359.718770458489,61.97153694946337,fear_weighted=32.1958;symbol_fear=91.7473,forced_all,2021_2026,C+S+D
D,515210,钢铁ETF,2021-06-24,2021-06-25,2021-07-22,0.1370814908401769,12359.718770458489,14054.007445878256,51.15836147343193,fear_weighted=29.4218;symbol_fear=72.895,forced_all,2021_2026,C+S+D
D,159870,化工ETF,2021-07-22,2021-07-23,2021-12-06,-0.0574074074074074,14054.007445878256,13247.203314725986,50.07609662684851,fear_weighted=29.5011;symbol_fear=70.6511,forced_all,2021_2026,C+S+D
D,159930,能源ETF,2021-12-06,2021-12-07,2022-01-04,0.0055005500550056,13247.203314725986,13320.070219647472,56.93972033257748,fear_weighted=39.0779;symbol_fear=74.8016,forced_all,2021_2026,C+S+D
D,515790,光伏ETF,2022-01-04,2022-01-05,2022-05-25,-0.1223709369024856,13320.070219647472,11690.080747262315,55.1370917638213,fear_weighted=29.9773;symbol_fear=80.2969,forced_all,2021_2026,C+S+D
D,512720,计算机ETF,2022-05-25,2022-05-26,2022-10-10,-0.0496828752642705,11690.080747262315,11109.283923666831,74.46872011504053,fear_weighted=68.5676;symbol_fear=80.3698,forced_all,2021_2026,C+S+D
D,515790,光伏ETF,2022-10-10,2022-10-11,2023-01-06,-0.0041067761806981,11109.283923666831,11063.660581064503,82.51927544163166,fear_weighted=78.0574;symbol_fear=86.9811,forced_all,2021_2026,C+S+D
D,159930,能源ETF,2023-01-06,2023-01-09,2023-01-19,0.0356138706654169,11063.660581064503,11457.680358084606,43.46608087679516,fear_weighted=25.5896;symbol_fear=61.3426,forced_all,2021_2026,C+S+D
D,510880,红利ETF,2023-01-19,2023-01-20,2023-02-10,-0.0060347887823927,11457.680358084606,11388.535677187396,44.619708994709,fear_weighted=21.8783;symbol_fear=67.3611,forced_all,2021_2026,C+S+D
D,510880,红利ETF,2023-02-10,2023-02-13,2023-02-24,0.0288770053475935,11388.535677187396,11717.402482838796,46.06859410430839,fear_weighted=25.0076;symbol_fear=67.1296,forced_all,2021_2026,C+S+D
D,159768,房地产ETF,2023-02-24,2023-02-27,2023-03-24,-0.0402298850574712,11717.402482838796,11246.012727782063,46.91675868377234,fear_weighted=36.0809;symbol_fear=57.7526,forced_all,2021_2026,C+S+D
D,159887,银行ETF,2023-03-24,2023-03-27,2023-04-07,0.0105509964830012,11246.012727782063,11364.66936852068,44.4801003106651,fear_weighted=27.0824;symbol_fear=61.8778,forced_all,2021_2026,C+S+D
D,515210,钢铁ETF,2023-04-07,2023-04-10,2023-06-19,-0.0640542577241898,11364.66936852068,10636.71390783925,38.239605205490655,fear_weighted=19.777;symbol_fear=56.7022,forced_all,2021_2026,C+S+D
D,159887,银行ETF,2023-06-19,2023-06-20,2023-07-31,0.0863636363636364,10636.71390783925,11555.339199879912,54.76900507526877,fear_weighted=33.8057;symbol_fear=75.7323,forced_all,2021_2026,C+S+D
D,512980,传媒ETF,2023-07-31,2023-08-01,2023-11-16,-0.0603136308805789,11555.339199879912,10858.39473667847,46.727607709750565,fear_weighted=22.8534;symbol_fear=70.6019,forced_all,2021_2026,C+S+D
D,516750,建材ETF,2023-11-16,2023-11-17,2024-01-04,-0.073103448275862,10858.39473667847,10064.608638686803,55.97970343418516,fear_weighted=37.3054;symbol_fear=74.654,forced_all,2021_2026,C+S+D
D,512720,计算机ETF,2024-01-04,2024-01-05,2024-03-12,0.0666666666666666,10064.608638686803,10735.58254793259,66.36148904006048,fear_weighted=45.8844;symbol_fear=86.8386,forced_all,2021_2026,C+S+D
D,159930,能源ETF,2024-03-12,2024-03-13,2024-04-01,0.0111888111888112,10735.58254793259,10855.700954063304,48.506235827664405,fear_weighted=30.5442;symbol_fear=66.4683,forced_all,2021_2026,C+S+D
D,159992,创新药ETF,2024-04-01,2024-04-02,2024-04-16,-0.0586552217453504,10855.700954063304,10218.957407401509,37.45181405895691,fear_weighted=21.1338;symbol_fear=53.7698,forced_all,2021_2026,C+S+D
D,512880,证券ETF,2024-04-16,2024-04-17,2024-04-30,0.0581818181818183,10218.957407401509,10813.51492928669,66.09977324263039,fear_weighted=53.7604;symbol_fear=78.4392,forced_all,2021_2026,C+S+D
D,159768,房地产ETF,2024-04-30,2024-05-06,2024-05-20,0.1650485436893203,10813.51492928669,12598.269820528181,46.86022083879337,fear_weighted=28.1028;symbol_fear=65.6176,forced_all,2021_2026,C+S+D
D,512980,传媒ETF,2024-05-20,2024-05-21,2024-06-05,-0.0619596541786742,12598.269820528181,11817.685379198627,37.41260393046107,fear_weighted=19.2366;symbol_fear=55.5886,forced_all,2021_2026,C+S+D
D,512980,传媒ETF,2024-06-05,2024-06-06,2024-10-22,0.1912225705329153,11817.685379198627,14077.493555158238,53.8879440665155,fear_weighted=36.9426;symbol_fear=70.8333,forced_all,2021_2026,C+S+D
D,512950,央企改革ETF,2024-10-22,2024-10-23,2025-02-20,-0.034156976744186,14077.493555158238,13596.64893517827,65.09967876039305,fear_weighted=60.5896;symbol_fear=69.6098,forced_all,2021_2026,C+S+D
D,510880,红利ETF,2025-02-20,2025-02-21,2025-03-10,0.0003333333333332,13596.64893517827,13601.181151489995,56.351095993953145,fear_weighted=25.5329;symbol_fear=87.1693,forced_all,2021_2026,C+S+D
D,512880,证券ETF,2025-03-10,2025-03-11,2025-03-27,-0.0062836624775584,13601.181151489995,13515.715919837903,45.02692743764173,fear_weighted=23.9494;symbol_fear=66.1045,forced_all,2021_2026,C+S+D
D,159811,5G50ETF,2025-03-27,2025-03-28,2025-05-09,-0.0572337042925278,13515.715919837903,12742.161431580089,44.49452003023432,fear_weighted=23.579;symbol_fear=65.4101,forced_all,2021_2026,C+S+D
D,159811,5G50ETF,2025-05-09,2025-05-12,2025-05-22,-0.0297274979355904,12742.161431580089,12363.368853927832,47.60912698412699,fear_weighted=26.5344;symbol_fear=68.6839,forced_all,2021_2026,C+S+D
D,159811,5G50ETF,2025-05-22,2025-05-23,2025-06-05,0.0525862068965519,12363.368853927832,13013.511526418866,46.68698034769463,fear_weighted=29.0552;symbol_fear=64.3188,forced_all,2021_2026,C+S+D
D,159811,5G50ETF,2025-06-05,2025-06-06,2025-06-18,0.0262080262080259,13013.511526418866,13354.5699775617,36.19425547996977,fear_weighted=23.0499;symbol_fear=49.3386,forced_all,2021_2026,C+S+D
D,516750,建材ETF,2025-06-18,2025-06-19,2025-07-01,0.0300500834724541,13354.5699775617,13755.87592012616,38.4613567649282,fear_weighted=26.096;symbol_fear=50.8267,forced_all,2021_2026,C+S+D
D,515170,食品饮料ETF,2025-07-01,2025-07-02,2025-07-14,0.0142602495543671,13755.87592012616,13952.038143586069,26.694066515495084,fear_weighted=11.7876;symbol_fear=41.6005,forced_all,2021_2026,C+S+D
D,159887,银行ETF,2025-07-14,2025-07-15,2025-07-25,-0.0332640332640332,13952.038143586069,13487.937082676763,29.65608465608466,fear_weighted=16.455;symbol_fear=42.8571,forced_all,2021_2026,C+S+D
D,516750,建材ETF,2025-07-25,2025-07-28,2025-08-07,-0.0156918687589158,13487.937082676763,13276.286144146885,46.43990929705216,fear_weighted=27.4036;symbol_fear=65.4762,forced_all,2021_2026,C+S+D
D,516970,基建ETF,2025-08-07,2025-08-08,2025-08-25,0.0301984469370146,13276.286144146885,13677.209366791527,39.7108843537415,fear_weighted=19.898;symbol_fear=59.5238,forced_all,2021_2026,C+S+D
D,159887,银行ETF,2025-08-25,2025-08-26,2025-11-11,-0.0129589632829373,13677.209366791527,13499.966912794229,42.63369236583523,fear_weighted=34.1761;symbol_fear=51.0913,forced_all,2021_2026,C+S+D
D,159811,5G50ETF,2025-11-11,2025-11-12,2025-12-23,0.0891996142719382,13499.966912794229,14704.158754099402,56.28354119425549,fear_weighted=36.0128;symbol_fear=76.5542,forced_all,2021_2026,C+S+D
D,159768,房地产ETF,2025-12-23,2025-12-24,2026-05-15,-0.0734767025089606,14704.158754099402,13623.745655679912,42.80328798185941,fear_weighted=25.3553;symbol_fear=60.2513,forced_all,2021_2026,C+S+D
S,159813,半导体ETF鹏华,2026-05-15,2026-05-18,2026-06-01,0.0053404539385848,13623.745655679912,13696.502641825065,0.8752941176470588,"{""score"": 0.8752941176470588, ""momentum"": 0.26712328767123283, ""mom20"": 0.26712328767123283, ""mom60"": 0.2478920741989883, ""mom120"": 0.3430127041742286, ""vol20"": 0.4437550275121128, ""amount20"": 199840548.475, ""history_days"": 1448, ""accel"": 1.0}",forced_all,2021_2026,C+S+D
C,512660,军工ETF,2026-06-01,2026-06-02,2026-07-29,-0.1365430149960536,13696.502641825065,11826.340876208858,1.0,hit=5/5;selected_score=0.6686964927681998,forced_all,2021_2026,C+S+D
C,515170,食品饮料ETF,2024-08-12,2024-08-13,2024-10-17,0.0680529300567105,10000.0,10680.529300567105,1.0,hit=5/5;selected_score=5.418702806095758,forced_all,past_2y,C
C,516750,建材ETF,2024-10-17,2024-10-18,2024-12-13,0.0644171779141102,10680.529300567105,11368.538856738603,0.5,hit=2/4;selected_score=0.8348871811583229,forced_all,past_2y,C
C,515210,钢铁ETF,2024-12-13,2024-12-16,2025-02-19,-0.0846153846153846,11368.538856738603,10406.58556886072,0.5,hit=2/4;selected_score=0.8348871811583229,forced_all,past_2y,C
C,512400,有色金属ETF,2025-02-19,2025-02-20,2025-04-18,-0.0086956521739129,10406.58556886072,10316.093520435847,0.75,hit=3/4;selected_score=0.874448383058415,forced_all,past_2y,C
C,159811,5G50ETF,2025-04-18,2025-04-21,2025-06-20,0.0815074496056091,10316.093520435847,11156.931993179523,0.6,hit=3/5;selected_score=0.6577780442521962,forced_all,past_2y,C
C,515210,钢铁ETF,2025-06-20,2025-06-23,2025-08-18,0.1950805767599661,11156.931993179523,13333.432721280704,0.5,hit=2/4;selected_score=0.874448383058415,forced_all,past_2y,C
C,510880,红利ETF,2025-08-18,2025-08-19,2025-10-22,0.0111905502020515,13333.432721280704,13482.641169513872,0.4,hit=2/5;selected_score=0.0967644943244483,forced_all,past_2y,C
C,512400,有色金属ETF,2025-10-22,2025-10-23,2025-12-18,0.0604428485936565,13482.641169513872,14297.5704083654,0.75,hit=3/4;selected_score=0.874448383058415,forced_all,past_2y,C
C,512720,计算机ETF,2025-12-18,2025-12-19,2026-02-25,0.1281385281385281,14297.5704083654,16129.640036450317,0.8,hit=4/5;selected_score=0.6577780442521962,forced_all,past_2y,C
C,159887,银行ETF,2026-02-25,2026-02-26,2026-04-24,0.0398406374501991,16129.640036450317,16772.255177344752,0.25,hit=1/4;selected_score=9.064014046267197,forced_all,past_2y,C
C,159996,家电ETF,2026-04-24,2026-04-27,2026-06-26,-0.0554812834224598,16772.255177344752,15841.70893421667,0.6,hit=3/5;selected_score=4.660178453401736,forced_all,past_2y,C
S,511010,国债ETF,2024-08-12,2024-08-13,2024-08-27,0.0018416480886378,10000.0,10018.416480886379,0.85,"{""score"": 0.85, ""momentum"": 0.0017680816314298298, ""mom20"": 0.0017680816314298298, ""mom60"": 0.011934583046383729, ""mom120"": 0.022982174278938006, ""vol20"": 0.023240544531678075, ""amount20"": 472953273.8, ""history_days"": 2769, ""accel"": 1.0}",forced_all,past_2y,S
S,164701,贵金属LOF,2024-08-27,2024-08-28,2024-09-11,-0.0046468401486989,10018.416480886379,9971.86250095661,0.895,"{""score"": 0.895, ""momentum"": 0.04453049370764761, ""mom20"": 0.04453049370764761, ""mom60"": 0.06726013847675572, ""mom120"": 0.2069351230425056, ""vol20"": 0.15497137694120228, ""amount20"": 2895066.0375, ""history_days"": 2954, ""accel"": 1.0}",forced_all,past_2y,S
S,518880,黄金ETF,2024-09-11,2024-09-12,2024-09-30,0.0318206472608932,9971.86250095661,10289.173620133679,0.8,"{""score"": 0.8, ""momentum"": 0.01576246334310838, ""mom20"": 0.01576246334310838, ""mom60"": 0.04467483506126291, ""mom120"": 0.13798767967145786, ""vol20"": 0.07862204974199087, ""amount20"": 879653893.3625001, ""history_days"": 2709, ""accel"": 1.0}",forced_all,past_2y,S
S,159851,金融科技ETF,2024-09-30,2024-10-08,2024-10-22,0.140495867768595,10289.173620133679,11734.759996516097,0.8947058823529412,"{""score"": 0.8947058823529412, ""momentum"": 0.5193370165745859, ""mom20"": 0.5193370165745859, ""mom60"": 0.4666666666666668, ""mom120"": 0.20614035087719307, ""vol20"": 0.5954133490358391, ""amount20"": 13019720.35, ""history_days"": 859, ""accel"": 1.0}",forced_all,past_2y,S
S,159996,家电ETF,2024-10-22,2024-10-23,2024-11-06,-0.0059880239520958,11734.759996516097,11664.491972584863,0.8819999999999999,"{""score"": 0.8819999999999999, ""momentum"": 0.2836676217765044, ""mom20"": 0.2836676217765044, ""mom60"": 0.25607476635514015, ""mom120"": 0.14970059880239517, ""vol20"": 0.5433235877885508, ""amount20"": 137649637.0, ""history_days"": 1116, ""accel"": 1.0}",forced_all,past_2y,S
S,159768,房地产ETF,2024-11-06,2024-11-07,2024-11-21,-0.1202263083451201,11664.491972584863,10262.113163999698,0.8961290322580645,"{""score"": 0.8961290322580645, ""momentum"": 0.15462184873949592, ""mom20"": 0.15462184873949592, ""mom60"": 0.4223602484472051, ""mom120"": 0.26519337016574585, ""vol20"": 0.4538505938875743, ""amount20"": 86489402.5, ""history_days"": 661, ""accel"": 1.0}",forced_all,past_2y,S
S,159852,软件ETF,2024-11-21,2024-11-22,2024-12-06,0.032967032967033,10262.113163999698,10600.4245869887,0.8939999999999999,"{""score"": 0.8939999999999999, ""momentum"": 0.13119143239625175, ""mom20"": 0.13119143239625175, ""mom60"": 0.7315573770491803, ""mom120"": 0.4201680672268908, ""vol20"": 0.5493148242078948, ""amount20"": 181382810.7, ""history_days"": 915, ""accel"": 1.0}",forced_all,past_2y,S
S,512980,传媒ETF,2024-12-06,2024-12-09,2024-12-23,-0.074200913242009,10600.4245869887,9813.863401881094,0.8923076923076922,"{""score"": 0.8923076923076922, ""momentum"": 0.11475409836065564, ""mom20"": 0.11475409836065564, ""mom60"": 0.5347222222222223, ""mom120"": 0.35582822085889565, ""vol20"": 0.4446243262208034, ""amount20"": 179612901.5, ""history_days"": 1669, ""accel"": 1.0}",forced_all,past_2y,S
S,159813,半导体ETF鹏华,2024-12-23,2024-12-24,2025-01-08,-0.0471464019851116,9813.863401881094,9351.175052909033,0.8621052631578947,"{""score"": 0.8621052631578947, ""momentum"": 0.06702412868632712, ""mom20"": 0.06702412868632712, ""mom60"": 0.6583333333333334, ""mom120"": 0.46323529411764697, ""vol20"": 0.2521400170155906, ""amount20"": 164319476.07500002, ""history_days"": 1114, ""accel"": 1.0}",forced_all,past_2y,S
S,501018,南方原油LOF,2025-01-08,2025-01-09,2025-01-23,0.0227629513343798,9351.175052909033,9564.035395557668,0.8142857142857143,"{""score"": 0.8142857142857143, ""momentum"": 0.07225913621262459, ""mom20"": 0.07225913621262459, ""mom60"": 0.06342668863261935, ""mom120"": -0.03512705530642757, ""vol20"": 0.1156965846311071, ""amount20"": 10791816.15, ""history_days"": 2075, ""accel"": 1.0}",forced_all,past_2y,S
S,501018,南方原油LOF,2025-01-23,2025-01-24,2025-02-17,-0.0076804915514593,9564.035395557668,9490.57890250423,0.825,"{""score"": 0.825, ""momentum"": 0.06454248366013071, ""mom20"": 0.06454248366013071, ""mom60"": 0.08043117744610284, ""mom120"": 0.019561815336463173, ""vol20"": 0.22710140865569012, ""amount20"": 17815937.075, ""history_days"": 2086, ""accel"": 1.0}",forced_all,past_2y,S
S,159852,软件ETF,2025-02-17,2025-02-18,2025-03-04,-0.0109769484083425,9490.57890250423,9386.401307526137,0.8634782608695651,"{""score"": 0.8634782608695651, ""momentum"": 0.3602305475504324, ""mom20"": 0.3602305475504324, ""mom60"": 0.08381171067738236, ""mom120"": 0.8955823293172689, ""vol20"": 0.4723595917946559, ""amount20"": 180323189.025, ""history_days"": 970, ""accel"": 1.0}",forced_all,past_2y,S
S,159852,软件ETF,2025-03-04,2025-03-05,2025-03-19,-0.0131291028446389,9386.401307526137,9263.166279418574,0.8545454545454545,"{""score"": 0.8545454545454545, ""momentum"": 0.1870882740447959, ""mom20"": 0.1870882740447959, ""mom60"": 0.07007125890736354, ""mom120"": 0.9008438818565403, ""vol20"": 0.5510430450089566, ""amount20"": 405723321.075, ""history_days"": 981, ""accel"": 1.0}",forced_all,past_2y,S
S,512400,有色金属ETF,2025-03-19,2025-03-20,2025-04-03,-0.048780487804878,9263.166279418574,8811.304509690839,0.8281481481481483,"{""score"": 0.8281481481481483, ""momentum"": 0.07766990291262132, ""mom20"": 0.07766990291262132, ""mom60"": 0.08716944172380048, ""mom120"": 0.2817551963048499, ""vol20"": 0.166129286746008, ""amount20"": 236755679.0, ""history_days"": 1829, ""accel"": 1.0}",forced_all,past_2y,S
S,518880,黄金ETF,2025-04-03,2025-04-07,2025-04-21,0.1231641704231496,8811.304509690839,9896.541519972669,0.9426666666666668,"{""score"": 0.9426666666666667, ""momentum"": 0.08553940321346598, ""mom20"": 0.08553940321346598, ""mom60"": 0.19669365721997312, ""mom120"": 0.24151207560378007, ""vol20"": 0.103270104165036, ""amount20"": 1701996336.0874999, ""history_days"": 2841, ""accel"": 1.0}",forced_all,past_2y,S
S,518880,黄金ETF,2025-04-21,2025-04-22,2025-05-09,-0.0565021297920321,9896.541519972669,9337.365846518938,0.946,"{""score"": 0.946, ""momentum"": 0.14024210215529975, ""mom20"": 0.14024210215529975, ""mom60"": 0.2616791898072526, ""mom120"": 0.2754293262879788, ""vol20"": 0.18703381458819288, ""amount20"": 4893678978.05, ""history_days"": 2852, ""accel"": 1.0}",forced_all,past_2y,S
S,164701,贵金属LOF,2025-05-09,2025-05-12,2025-05-26,0.0204528853177501,9337.365846518938,9528.341919347667,0.830909090909091,"{""score"": 0.830909090909091, ""momentum"": 0.08955223880597019, ""mom20"": 0.08955223880597019, ""mom60"": 0.13688524590163942, ""mom120"": 0.22418358340688438, ""vol20"": 0.42208506511685695, ""amount20"": 240042666.25, ""history_days"": 3119, ""accel"": 1.0}",forced_all,past_2y,S
S,159887,银行ETF,2025-05-26,2025-05-27,2025-06-11,0.0298393267023719,9528.341919347667,9812.66122681099,0.8712500000000001,"{""score"": 0.8712500000000001, ""momentum"": 0.04246794871794868, ""mom20"": 0.04246794871794868, ""mom60"": 0.08507089241034183, ""mom120"": 0.17207207207207187, ""vol20"": 0.14709054773465013, ""amount20"": 67666139.0, ""history_days"": 973, ""accel"": 1.0}",forced_all,past_2y,S
S,159992,创新药ETF,2025-06-11,2025-06-12,2025-06-26,-0.066905615292712,9812.66122681099,9156.139089772261,0.8908333333333334,"{""score"": 0.8908333333333334, ""momentum"": 0.11813186813186816, ""mom20"": 0.11813186813186816, ""mom60"": 0.14165497896213175, ""mom120"": 0.08244680851063824, ""vol20"": 0.20551208978218344, ""amount20"": 436621444.0, ""history_days"": 1252, ""accel"": 1.0}",forced_all,past_2y,S
S,159887,银行ETF,2025-06-26,2025-06-27,2025-07-11,0.0401433691756272,9156.139089772261,9523.697361476381,0.8979310344827587,"{""score"": 0.8979310344827587, ""momentum"": 0.09877488514548238, ""mom20"": 0.09877488514548238, ""mom60"": 0.15539452495974238, ""mom120"": 0.1978297161936562, ""vol20"": 0.10160404461603185, ""amount20"": 71147313.0, ""history_days"": 995, ""accel"": 1.0}",forced_all,past_2y,S
S,159851,金融科技ETF,2025-07-11,2025-07-14,2025-07-28,0.0224321133412042,9523.697361476381,9737.334020116346,0.9027777777777778,"{""score"": 0.9027777777777778, ""momentum"": 0.20331950207468874, ""mom20"": 0.20331950207468874, ""mom60"": 0.27379209370424595, ""mom120"": 0.33435582822085874, ""vol20"": 0.4272327505674976, ""amount20"": 417839074.225, ""history_days"": 1046, ""accel"": 1.0}",forced_all,past_2y,S
S,159992,创新药ETF,2025-07-28,2025-07-29,2025-08-12,-0.0340788072417465,9737.334020116346,9405.497290996302,0.8921052631578947,"{""score"": 0.8921052631578947, ""momentum"": 0.1515151515151516, ""mom20"": 0.1515151515151516, ""mom60"": 0.25619834710743805, ""mom120"": 0.34513274336283173, ""vol20"": 0.21428153266073005, ""amount20"": 451567277.5, ""history_days"": 1285, ""accel"": 1.0}",forced_all,past_2y,S
S,512400,有色金属ETF,2025-08-12,2025-08-13,2025-08-27,0.0678221552373776,9405.497290996302,10043.398388350988,0.8958823529411764,"{""score"": 0.8958823529411764, ""momentum"": 0.12079378774805849, ""mom20"": 0.12079378774805849, ""mom60"": 0.235965746907707, ""mom120"": 0.2722820763956906, ""vol20"": 0.24288437248560152, ""amount20"": 293816663.0, ""history_days"": 1928, ""accel"": 1.0}",forced_all,past_2y,S
S,159811,5G50ETF,2025-08-27,2025-08-28,2025-09-11,0.063787041687594,10043.398388350988,10684.037060033848,0.9070967741935484,"{""score"": 0.9070967741935484, ""momentum"": 0.242, ""mom20"": 0.242, ""mom60"": 0.5734797297297298, ""mom120"": 0.4113636363636364, ""vol20"": 0.3256963913008285, ""amount20"": 6586734.0, ""history_days"": 1299, ""accel"": 1.0}",forced_all,past_2y,S
S,159755,电池ETF,2025-09-11,2025-09-12,2025-09-26,0.0868644067796611,10684.037060033848,11612.099601265603,0.8921212121212121,"{""score"": 0.8921212121212121, ""momentum"": 0.27628032345013476, ""mom20"": 0.27628032345013476, ""mom60"": 0.4219219219219217, ""mom120"": 0.27972972972972965, ""vol20"": 0.41978272218160934, ""amount20"": 776291577.0, ""history_days"": 1026, ""accel"": 1.0}",forced_all,past_2y,S
S,159755,电池ETF,2025-09-26,2025-09-29,2025-10-21,-0.0427509293680298,11612.099601265603,11115.67155139737,0.8872727272727272,"{""score"": 0.8872727272727272, ""momentum"": 0.21420118343195282, ""mom20"": 0.21420118343195282, ""mom60"": 0.46571428571428575, ""mom120"": 0.6682926829268294, ""vol20"": 0.3981100213863304, ""amount20"": 1353744028.5, ""history_days"": 1037, ""accel"": 1.0}",forced_all,past_2y,S
S,518880,黄金ETF,2025-10-21,2025-10-22,2025-11-05,-0.0434018239753875,11115.67155139737,10633.2311313554,0.8284615384615385,"{""score"": 0.8284615384615385, ""momentum"": 0.19657041987139068, ""mom20"": 0.19657041987139068, ""mom60"": 0.27450980392156876, ""mom120"": 0.18892508143322484, ""vol20"": 0.2910080053593219, ""amount20"": 4960823574.125, ""history_days"": 2973, ""accel"": 1.0}",forced_all,past_2y,S
S,515790,光伏ETF,2025-11-05,2025-11-06,2025-11-20,-0.0770676691729324,10633.2311313554,9813.752792284777,0.8677777777777778,"{""score"": 0.8677777777777778, ""momentum"": 0.0985324947589099, ""mom20"": 0.0985324947589099, ""mom60"": 0.4356164383561645, ""mom120"": 0.5480059084194977, ""vol20"": 0.49980175474736244, ""amount20"": 814074776.0, ""history_days"": 1182, ""accel"": 1.0}",forced_all,past_2y,S
S,159870,化工ETF,2025-11-20,2025-11-21,2025-12-05,0.0356652949245541,9813.752792284777,10163.76317993828,0.85625,"{""score"": 0.85625, ""momentum"": 0.08559201141226835, ""mom20"": 0.08559201141226835, ""mom60"": 0.17257318952234213, ""mom120"": 0.36870503597122295, ""vol20"": 0.3071485778594698, ""amount20"": 794485310.0, ""history_days"": 1146, ""accel"": 1.0}",forced_all,past_2y,S
S,161226,白银LOF,2025-12-05,2025-12-08,2025-12-22,0.4850057670126875,10163.76317993828,15093.246936759557,0.9111111111111112,"{""score"": 0.9111111111111111, ""momentum"": 0.3050719152157457, ""mom20"": 0.3050719152157457, ""mom60"": 0.5324444444444445, ""mom120"": 0.6705426356589146, ""vol20"": 0.4065429118882493, ""amount20"": 252304697.7625, ""history_days"": 2504, ""accel"": 1.0}",forced_all,past_2y,S
S,161226,白银LOF,2025-12-22,2025-12-23,2026-01-08,-0.1175432403812213,15093.246936759557,13319.137783938895,0.9052631578947368,"{""score"": 0.9052631578947369, ""momentum"": 0.8727272727272728, ""mom20"": 0.8727272727272728, ""mom60"": 1.24694589877836, ""mom120"": 1.5319567354965589, ""vol20"": 0.5127827307959048, ""amount20"": 499790507.7375001, ""history_days"": 2515, ""accel"": 1.0}",forced_all,past_2y,S
S,512400,有色金属ETF,2026-01-08,2026-01-09,2026-01-23,0.0950334288443173,13319.137783938895,14584.90111679651,0.8737931034482758,"{""score"": 0.8737931034482758, ""momentum"": 0.163802978235968, ""mom20"": 0.163802978235968, ""mom60"": 0.17592592592592604, ""mom120"": 0.7323103154305199, ""vol20"": 0.3092000289304735, ""amount20"": 1024164809.5, ""history_days"": 2027, ""accel"": 1.0}",forced_all,past_2y,S
S,512400,有色金属ETF,2026-01-23,2026-01-26,2026-02-09,-0.0890637945318973,14584.90111679651,13285.914480462106,0.8775757575757576,"{""score"": 0.8775757575757576, ""momentum"": 0.22685928303905833, ""mom20"": 0.22685928303905833, ""mom60"": 0.2998866213151927, ""mom120"": 0.7928068803752935, ""vol20"": 0.30220017889010403, ""amount20"": 1987620724.5, ""history_days"": 2038, ""accel"": 1.0}",forced_all,past_2y,S
S,515790,光伏ETF,2026-02-09,2026-02-10,2026-03-04,-0.0133333333333331,13285.914480462106,13108.768954055948,0.8545454545454545,"{""score"": 0.8545454545454545, ""momentum"": 0.10318225650916113, ""mom20"": 0.10318225650916113, ""mom60"": 0.08436018957345959, ""mom120"": 0.5112285336856008, ""vol20"": 0.5228742735991261, ""amount20"": 756414193.0, ""history_days"": 1248, ""accel"": 1.0}",forced_all,past_2y,S
S,159930,能源ETF,2026-03-04,2026-03-05,2026-03-19,-0.0190217391304348,13108.768954055948,12859.417370690753,0.8945454545454545,"{""score"": 0.8945454545454545, ""momentum"": 0.20633893919793, ""mom20"": 0.20633893919793, ""mom60"": 0.29334257975034683, ""mom120"": 0.3866171003717471, ""vol20"": 0.5101659422474765, ""amount20"": 130318990.5, ""history_days"": 3022, ""accel"": 1.0}",forced_all,past_2y,S
S,159611,电力ETF,2026-03-19,2026-03-20,2026-04-03,-0.0708041958041957,12859.417370690753,11948.91666524849,0.864,"{""score"": 0.864, ""momentum"": 0.10981535471331383, ""mom20"": 0.10981535471331383, ""mom60"": 0.10551790900290414, ""mom120"": 0.1119766309639727, ""vol20"": 0.2382930430772968, ""amount20"": 503287857.5, ""history_days"": 1014, ""accel"": 1.0}",forced_all,past_2y,S
S,511010,国债ETF,2026-04-03,2026-04-07,2026-04-21,0.0019692792437966,11948.91666524849,11972.447418823218,1.0,"{""score"": 1.0, ""momentum"": 0.0010177752293578646, ""mom20"": 0.0010177752293578646, ""mom60"": 0.006885016617762751, ""mom120"": 0.013652100071853246, ""vol20"": 0.008616854905689744, ""amount20"": 459929664.7625, ""history_days"": 3165, ""accel"": 1.0}",forced_all,past_2y,S
S,159811,5G50ETF,2026-04-21,2026-04-22,2026-05-11,0.0647282796815507,11972.447418823218,12747.403343821466,0.8891666666666667,"{""score"": 0.8891666666666667, ""momentum"": 0.22192749778956666, ""mom20"": 0.22192749778956666, ""mom60"": 0.16477033291192567, ""mom120"": 0.3043888626710711, ""vol20"": 0.37526714310595977, ""amount20"": 8226536.0, ""history_days"": 1453, ""accel"": 1.0}",forced_all,past_2y,S
S,159663,机床ETF,2026-05-11,2026-05-12,2026-05-26,0.06631299734748,12747.403343821466,13592.721867947557,0.8904761904761904,"{""score"": 0.8904761904761904, ""momentum"": 0.2753623188405796, ""mom20"": 0.2753623188405796, ""mom60"": 0.37334933973589424, ""mom120"": 0.5152317880794701, ""vol20"": 0.31296007339261467, ""amount20"": 22241152.2, ""history_days"": 856, ""accel"": 1.0}",forced_all,past_2y,S
S,159813,半导体ETF鹏华,2026-05-26,2026-05-27,2026-06-10,-0.0926365795724465,13592.721867947557,12333.538607021299,0.8773333333333333,"{""score"": 0.8773333333333333, ""momentum"": 0.4368770764119603, ""mom20"": 0.4368770764119603, ""mom60"": 0.3839999999999999, ""mom120"": 0.7027559055118109, ""vol20"": 0.5169971310840008, ""amount20"": 256230916.6, ""history_days"": 1455, ""accel"": 1.0}",forced_all,past_2y,S
S,159811,5G50ETF,2026-06-10,2026-06-11,2026-06-26,0.130074074074074,12333.538607021299,13937.812221386439,0.885,"{""score"": 0.885, ""momentum"": 0.06414626588162387, ""mom20"": 0.06414626588162387, ""mom60"": 0.44285714285714306, ""mom120"": 0.5745071068317287, ""vol20"": 0.538509378449863, ""amount20"": 45778147.0, ""history_days"": 1486, ""accel"": 1.0}",forced_all,past_2y,S
S,588000,科创50ETF,2026-06-26,2026-06-29,2026-07-13,-0.0658362989323844,13937.812221386439,13020.1982495158,0.8714285714285714,"{""score"": 0.8714285714285714, ""momentum"": 0.09835221421215246, ""mom20"": 0.09835221421215246, ""mom60"": 0.5569343065693428, ""mom120"": 0.5127659574468086, ""vol20"": 0.5240012877692087, ""amount20"": 6547876885.212502, ""history_days"": 1360, ""accel"": 1.0}",forced_all,past_2y,S
S,511260,十年国债ETF,2026-07-13,2026-07-14,2026-07-28,0.001897800478898,13020.1982495158,13044.90798798908,0.7666666666666667,"{""score"": 0.7666666666666667, ""momentum"": 0.004504403892400699, ""mom20"": 0.004504403892400699, ""mom60"": 0.009283571594216111, ""mom120"": 0.022725894481504083, ""vol20"": 0.012252810313421583, ""amount20"": 3006491598.875, ""history_days"": 2153, ""accel"": 1.0}",forced_all,past_2y,S
D,159565,汽车零部件ETF,2024-08-12,2024-08-13,2024-12-26,0.3438202247191011,10000.0,13438.202247191011,69.93182620362273,fear_weighted=57.1542;symbol_fear=82.7095,forced_all,past_2y,D
D,159930,能源ETF,2024-12-26,2024-12-27,2025-02-20,-0.1058238636363636,13438.202247191011,12016.119765066394,56.42857142857143,fear_weighted=45.1323;symbol_fear=67.7249,forced_all,past_2y,D
D,510880,红利ETF,2025-02-20,2025-02-21,2025-03-10,0.0003333333333332,12016.119765066394,12020.125138321417,56.351095993953145,fear_weighted=25.5329;symbol_fear=87.1693,forced_all,past_2y,D
D,512880,证券ETF,2025-03-10,2025-03-11,2025-03-27,-0.0062836624775584,12020.125138321417,11944.59472901419,45.02692743764173,fear_weighted=23.9494;symbol_fear=66.1045,forced_all,past_2y,D
D,159811,5G50ETF,2025-03-27,2025-03-28,2025-05-09,-0.0572337042925278,11944.59472901419,11260.961326399705,44.49452003023432,fear_weighted=23.579;symbol_fear=65.4101,forced_all,past_2y,D
D,159811,5G50ETF,2025-05-09,2025-05-12,2025-05-22,-0.0297274979355904,11260.961326399705,10926.201121816395,47.60912698412699,fear_weighted=26.5344;symbol_fear=68.6839,forced_all,past_2y,D
D,159811,5G50ETF,2025-05-22,2025-05-23,2025-06-05,0.0525862068965519,10926.201121816395,11500.76859460157,46.68698034769463,fear_weighted=29.0552;symbol_fear=64.3188,forced_all,past_2y,D
D,159811,5G50ETF,2025-06-05,2025-06-06,2025-06-18,0.0262080262080259,11500.76859460157,11802.18103934133,36.19425547996977,fear_weighted=23.0499;symbol_fear=49.3386,forced_all,past_2y,D
D,516750,建材ETF,2025-06-18,2025-06-19,2025-07-01,0.0300500834724541,11802.18103934133,12156.837564730555,38.4613567649282,fear_weighted=26.096;symbol_fear=50.8267,forced_all,past_2y,D
D,515170,食品饮料ETF,2025-07-01,2025-07-02,2025-07-14,0.0142602495543671,12156.837564730555,12330.197102195518,26.694066515495084,fear_weighted=11.7876;symbol_fear=41.6005,forced_all,past_2y,D
D,159887,银行ETF,2025-07-14,2025-07-15,2025-07-25,-0.0332640332640332,12330.197102195518,11920.045015636,29.65608465608466,fear_weighted=16.455;symbol_fear=42.8571,forced_all,past_2y,D
D,516750,建材ETF,2025-07-25,2025-07-28,2025-08-07,-0.0156918687589158,11920.045015636,11732.997233650272,46.43990929705216,fear_weighted=27.4036;symbol_fear=65.4762,forced_all,past_2y,D
D,516970,基建ETF,2025-08-07,2025-08-08,2025-08-25,0.0301984469370146,11732.997233650272,12087.3155280228,39.7108843537415,fear_weighted=19.898;symbol_fear=59.5238,forced_all,past_2y,D
D,159887,银行ETF,2025-08-25,2025-08-26,2025-11-11,-0.0129589632829373,12087.3155280228,11930.676449905874,42.63369236583523,fear_weighted=34.1761;symbol_fear=51.0913,forced_all,past_2y,D
D,159811,5G50ETF,2025-11-11,2025-11-12,2025-12-23,0.0891996142719382,11930.676449905874,12994.888187240775,56.28354119425549,fear_weighted=36.0128;symbol_fear=76.5542,forced_all,past_2y,D
D,159768,房地产ETF,2025-12-23,2025-12-24,2026-05-15,-0.0734767025089606,12994.888187240775,12040.066653769678,42.80328798185941,fear_weighted=25.3553;symbol_fear=60.2513,forced_all,past_2y,D
D,159825,农业ETF,2026-05-27,2026-05-28,2026-07-31,0.0055172413793103,12040.066653769678,12106.49460772151,84.62726757369614,fear_weighted=78.0839;symbol_fear=91.1706,forced_all,past_2y,D
C,515170,食品饮料ETF,2024-08-12,2024-08-13,2024-10-17,0.0680529300567105,10000.0,10680.529300567105,1.0,hit=5/5;selected_score=5.418702806095758,forced_all,past_2y,C+S
S,159996,家电ETF,2024-10-17,2024-10-18,2024-11-01,0.0154559505409583,10680.529300567105,10845.607033187927,0.8836363636363636,"{""score"": 0.8836363636363636, ""momentum"": 0.1950048030739675, ""mom20"": 0.1950048030739675, ""mom60"": 0.15613382899628236, ""mom120"": 0.07426597582038008, ""vol20"": 0.534131192262598, ""amount20"": 137649637.0, ""history_days"": 1113, ""accel"": 1.0}",forced_all,past_2y,C+S
S,510500,中证500ETF,2024-11-01,2024-11-04,2024-11-18,-0.0177979410225092,10845.607033187927,10652.577558857938,0.8385714285714285,"{""score"": 0.8385714285714285, ""momentum"": 0.0872664226545945, ""mom20"": 0.0872664226545945, ""mom60"": 0.2077894286325701, ""mom120"": 0.08039816232771813, ""vol20"": 0.5342881686718162, ""amount20"": 3678139156.8125005, ""history_days"": 2825, ""accel"": 1.0}",forced_all,past_2y,C+S
S,159755,电池ETF,2024-11-18,2024-11-19,2024-12-03,-0.0333796940194714,10652.577558857938,10296.997779424573,0.8899999999999999,"{""score"": 0.8899999999999999, ""momentum"": 0.06441717791411028, ""mom20"": 0.06441717791411028, ""mom60"": 0.38522954091816364, ""mom120"": 0.1703204047217537, ""vol20"": 0.41326854919008627, ""amount20"": 188091577.5, ""history_days"": 825, ""accel"": 1.0}",forced_all,past_2y,C+S
S,159851,金融科技ETF,2024-12-03,2024-12-04,2024-12-18,-0.0314861460957178,10296.997779424573,9972.78500299433,0.8153846153846155,"{""score"": 0.8153846153846155, ""momentum"": 0.04811443433029905, ""mom20"": 0.04811443433029905, ""mom60"": 1.143617021276596, ""mom120"": 1.0251256281407035, ""vol20"": 0.5732352191392268, ""amount20"": 287303762.01250005, ""history_days"": 900, ""accel"": 1.0}",forced_all,past_2y,C+S
S,512980,传媒ETF,2024-12-18,2024-12-19,2025-01-03,-0.1425206124852768,9972.78500299433,8551.457576183595,0.89375,"{""score"": 0.89375, ""momentum"": 0.06297229219143574, ""mom20"": 0.06297229219143574, ""mom60"": 0.4807017543859651, ""mom120"": 0.40666666666666673, ""vol20"": 0.3422516449397323, ""amount20"": 194038179.5, ""history_days"": 1677, ""accel"": 1.0}",forced_all,past_2y,C+S
C,516970,基建ETF,2025-01-03,2025-01-06,2025-03-11,0.009433962264151,8551.457576183595,8632.131704260799,1.0,hit=5/5;selected_score=0.6773704614667067,forced_all,past_2y,C+S
S,159663,机床ETF,2025-03-11,2025-03-12,2025-03-26,-0.0349417637271215,8632.131704260799,8330.509797789124,0.8627272727272728,"{""score"": 0.8627272727272728, ""momentum"": 0.1082568807339448, ""mom20"": 0.1082568807339448, ""mom60"": 0.13533834586466154, ""mom120"": 0.6063829787234043, ""vol20"": 0.357728228829067, ""amount20"": 5184095.549999999, ""history_days"": 575, ""accel"": 1.0}",forced_all,past_2y,C+S
S,512400,有色金属ETF,2025-03-26,2025-03-27,2025-04-11,-0.0626151012891345,8330.509797789124,7808.89408301043,0.8573333333333333,"{""score"": 0.8573333333333333, ""momentum"": 0.07233626588465314, ""mom20"": 0.07233626588465314, ""mom60"": 0.10140562248995977, ""mom120"": 0.2229654403567447, ""vol20"": 0.19479525618929588, ""amount20"": 262506160.5, ""history_days"": 1834, ""accel"": 1.0}",forced_all,past_2y,C+S
S,518880,黄金ETF,2025-04-11,2025-04-14,2025-04-28,0.0188344479323052,7808.89408301043,7955.970292025777,0.9485714285714286,"{""score"": 0.9485714285714286, ""momentum"": 0.10615969581749041, ""mom20"": 0.10615969581749041, ""mom60"": 0.20613598673300149, ""mom120"": 0.2541817554750818, ""vol20"": 0.17668922274298388, ""amount20"": 2593478343.05, ""history_days"": 2846, ""accel"": 1.0}",forced_all,past_2y,C+S
S,518880,黄金ETF,2025-04-28,2025-04-29,2025-05-16,-0.0452308101636291,7955.970292025777,7596.115310079686,0.9228571428571428,"{""score"": 0.9228571428571428, ""momentum"": 0.07595848947823591, ""mom20"": 0.07595848947823591, ""mom60"": 0.20656214643607562, ""mom120"": 0.21579804560260585, ""vol20"": 0.3230066385611817, ""amount20"": 5778622380.4875, ""history_days"": 2857, ""accel"": 1.0}",forced_all,past_2y,C+S
S,159663,机床ETF,2025-05-16,2025-05-19,2025-06-03,-0.0355239786856126,7596.115310079686,7326.271071710959,0.8314285714285713,"{""score"": 0.8314285714285713, ""momentum"": 0.10679611650485432, ""mom20"": 0.10679611650485432, ""mom60"": 0.04014598540145964, ""mom120"": 0.12426035502958577, ""vol20"": 0.23911761461330072, ""amount20"": 4384542.525, ""history_days"": 619, ""accel"": 1.0}",forced_all,past_2y,C+S
S,159992,创新药ETF,2025-06-03,2025-06-04,2025-06-18,-0.0283600493218249,7326.271071710959,7118.497662772178,0.8712500000000001,"{""score"": 0.8712500000000001, ""momentum"": 0.09004092769440653, ""mom20"": 0.09004092769440653, ""mom60"": 0.11281337047353768, ""mom120"": 0.08265582655826575, ""vol20"": 0.19417283623415676, ""amount20"": 379578713.0, ""history_days"": 1246, ""accel"": 1.0}",forced_all,past_2y,C+S
S,501018,南方原油LOF,2025-06-18,2025-06-19,2025-07-03,-0.1603053435114504,7118.497662772178,5977.364449656027,0.874782608695652,"{""score"": 0.874782608695652, ""momentum"": 0.1566054243219599, ""mom20"": 0.1566054243219599, ""mom60"": 0.09346567411083528, ""mom120"": 0.07742461287693558, ""vol20"": 0.27434910054321837, ""amount20"": 17485392.5875, ""history_days"": 2179, ""accel"": 1.0}",forced_all,past_2y,C+S
S,512400,有色金属ETF,2025-07-03,2025-07-04,2025-07-18,0.0348128807658834,5977.364449656027,6185.453725536133,0.9258064516129032,"{""score"": 0.9258064516129032, ""momentum"": 0.09380863039399623, ""mom20"": 0.09380863039399623, ""mom60"": 0.10731244064577394, ""mom120"": 0.19835560123329898, ""vol20"": 0.1381382182704958, ""amount20"": 139378062.0, ""history_days"": 1900, ""accel"": 1.0}",forced_all,past_2y,C+S
S,159851,金融科技ETF,2025-07-18,2025-07-21,2025-08-04,-0.0071428571428571,6185.453725536133,6141.271913210875,0.8966666666666666,"{""score"": 0.8966666666666666, ""momentum"": 0.16965517241379313, ""mom20"": 0.16965517241379313, ""mom60"": 0.237956204379562, ""mom120"": 0.23076923076923084, ""vol20"": 0.3902865880054201, ""amount20"": 609195680.425, ""history_days"": 1051, ""accel"": 1.0}",forced_all,past_2y,C+S
S,159992,创新药ETF,2025-08-04,2025-08-05,2025-08-19,0.0043290043290042,6141.271913210875,6167.857505908757,0.9251428571428572,"{""score"": 0.9251428571428572, ""momentum"": 0.1408977556109725, ""mom20"": 0.1408977556109725, ""mom60"": 0.25170998632010955, ""mom120"": 0.30527817403709, ""vol20"": 0.2008351770672047, ""amount20"": 472727276.5, ""history_days"": 1290, ""accel"": 1.0}",forced_all,past_2y,C+S
S,159811,5G50ETF,2025-08-19,2025-08-20,2025-09-03,0.1533564814814816,6167.857505908757,7113.73843129407,0.8952,"{""score"": 0.8952, ""momentum"": 0.2021052631578948, ""mom20"": 0.2021052631578948, ""mom60"": 0.4703862660944207, ""mom120"": 0.2226980728051393, ""vol20"": 0.28056015683788305, ""amount20"": 3571775.0, ""history_days"": 1293, ""accel"": 1.0}",forced_all,past_2y,C+S
S,159811,5G50ETF,2025-09-03,2025-09-04,2025-09-18,0.142162162162162,7113.73843129407,8125.042867742902,0.906875,"{""score"": 0.906875, ""momentum"": 0.3295530353569045, ""mom20"": 0.3295530353569045, ""mom60"": 0.636288998357964, ""mom120"": 0.49849624060150366, ""vol20"": 0.4363342218685753, ""amount20"": 9480358.0, ""history_days"": 1304, ""accel"": 1.0}",forced_all,past_2y,C+S
S,159755,电池ETF,2025-09-18,2025-09-19,2025-10-13,0.0971370143149283,8125.042867742902,8914.285273096251,0.8984000000000001,"{""score"": 0.8984000000000001, ""momentum"": 0.2720207253886009, ""mom20"": 0.2720207253886009, ""mom60"": 0.39687055476529176, ""mom120"": 0.36388888888888893, ""vol20"": 0.4252054661339905, ""amount20"": 1192432261.5, ""history_days"": 1031, ""accel"": 1.0}",forced_all,past_2y,C+S
S,159813,半导体ETF鹏华,2025-10-13,2025-10-14,2025-10-28,0.0751341681574238,8914.285273096251,9584.05268180831,0.8592857142857142,"{""score"": 0.8592857142857142, ""momentum"": 0.2032520325203251, ""mom20"": 0.2032520325203251, ""mom60"": 0.5218508997429305, ""mom120"": 0.4763092269326681, ""vol20"": 0.43718541361715524, ""amount20"": 302789861.4625, ""history_days"": 1306, ""accel"": 1.0}",forced_all,past_2y,C+S
S,159755,电池ETF,2025-10-28,2025-10-29,2025-11-12,-0.0261732851985561,9584.05268180831,9333.206537609356,0.8710344827586207,"{""score"": 0.8710344827586207, ""momentum"": 0.08020304568527936, ""mom20"": 0.08020304568527936, ""mom60"": 0.39632545931758534, ""mom120"": 0.6470588235294119, ""vol20"": 0.45678898354229275, ""amount20"": 1293693826.0, ""history_days"": 1053, ""accel"": 1.0}",forced_all,past_2y,C+S
S,159766,旅游ETF,2025-11-12,2025-11-13,2025-11-27,-0.0743494423791821,9333.206537609356,8639.287835928364,0.8245454545454546,"{""score"": 0.8245454545454546, ""momentum"": 0.1209563994374121, ""mom20"": 0.1209563994374121, ""mom60"": 0.15674891146589265, ""mom120"": 0.17899408284023677, ""vol20"": 0.25351123891614635, ""amount20"": 206421452.0, ""history_days"": 1043, ""accel"": 1.0}",forced_all,past_2y,C+S
S,161226,白银LOF,2025-11-27,2025-11-28,2025-12-12,0.3062827225130891,8639.287835928364,11285.352434890718,0.9125,"{""score"": 0.9125, ""momentum"": 0.14507370054305668, ""mom20"": 0.14507370054305668, ""mom60"": 0.37815126050420167, ""mom120"": 0.5030549898167007, ""vol20"": 0.34724033459315123, ""amount20"": 214797589.7375, ""history_days"": 2498, ""accel"": 1.0}",forced_all,past_2y,C+S
C,516750,建材ETF,2025-12-12,2025-12-15,2026-02-11,0.137062937062937,11285.352434890718,12832.155985407207,1.0,hit=4/4;selected_score=0.874448383058415,forced_all,past_2y,C+S
S,516750,建材ETF,2026-02-11,2026-02-12,2026-03-06,-0.0297397769516728,12832.155985407207,12450.530528592124,0.8386666666666667,"{""score"": 0.8386666666666667, ""momentum"": 0.11522633744855959, ""mom20"": 0.11522633744855959, ""mom60"": 0.11983471074380159, ""mom120"": 0.15977175463623405, ""vol20"": 0.34818600041382713, ""amount20"": 18359826.5, ""history_days"": 1038, ""accel"": 1.0}",forced_all,past_2y,C+S
S,159663,机床ETF,2026-03-06,2026-03-09,2026-03-23,-0.1431492842535787,12450.530528592124,10668.245994846831,0.9188235294117648,"{""score"": 0.9188235294117647, ""momentum"": 0.14750290360046447, ""mom20"": 0.14750290360046447, ""mom60"": 0.40740740740740744, ""mom120"": 0.3779637377963738, ""vol20"": 0.3169609379077569, ""amount20"": 14631785.100000001, ""history_days"": 814, ""accel"": 1.0}",forced_all,past_2y,C+S
C,512950,央企改革ETF,2026-03-23,2026-03-24,2026-05-25,0.0854068594485542,10668.245994846831,11579.387381091316,1.0,hit=5/5;selected_score=0.6686964927681998,forced_all,past_2y,C+S
S,159813,半导体ETF鹏华,2026-05-25,2026-05-26,2026-06-09,-0.1063583815028901,11579.387381091316,10347.822480443454,0.8623529411764705,"{""score"": 0.8623529411764705, ""momentum"": 0.42622950819672134, ""mom20"": 0.42622950819672134, ""mom60"": 0.3987138263665595, ""mom120"": 0.641509433962264, ""vol20"": 0.5222680612617878, ""amount20"": 239056731.55, ""history_days"": 1454, ""accel"": 1.0}",forced_all,past_2y,C+S
S,159811,5G50ETF,2026-06-09,2026-06-10,2026-06-25,0.1709376820034944,10347.822480443454,12116.655269034109,0.9125,"{""score"": 0.9125, ""momentum"": 0.15289925494007117, ""mom20"": 0.15289925494007117, ""mom60"": 0.4706611570247936, ""mom120"": 0.687529634898056, ""vol20"": 0.5374138459916532, ""amount20"": 43628349.5, ""history_days"": 1485, ""accel"": 1.0}",forced_all,past_2y,C+S
S,159811,5G50ETF,2026-06-25,2026-06-26,2026-07-10,-0.0844257996853696,12116.655269034109,11093.696958433957,0.8966666666666666,"{""score"": 0.8966666666666666, ""momentum"": 0.18438880706921945, ""mom20"": 0.18438880706921945, ""mom60"": 0.7422010398613519, ""mom120"": 0.781568453699601, ""vol20"": 0.5559853636952831, ""amount20"": 47733392.8125, ""history_days"": 1496, ""accel"": 1.0}",forced_all,past_2y,C+S
S,510500,中证500ETF,2026-07-10,2026-07-13,2026-07-27,-0.0512096279012649,11093.696958433957,10525.592865143159,0.776,"{""score"": 0.776, ""momentum"": 0.07076653306613223, ""mom20"": 0.07076653306613223, ""mom60"": 0.0850361721030588, ""mom120"": 0.09420197107385131, ""vol20"": 0.3167105771716647, ""amount20"": 2623152731.5249996, ""history_days"": 3234, ""accel"": 1.0}",forced_all,past_2y,C+S
D,159565,汽车零部件ETF,2024-08-12,2024-08-13,2024-12-26,0.3438202247191011,10000.0,13438.202247191011,69.93182620362273,fear_weighted=57.1542;symbol_fear=82.7095,forced_all,past_2y,C+D
D,159930,能源ETF,2024-12-26,2024-12-27,2025-02-20,-0.1058238636363636,13438.202247191011,12016.119765066394,56.42857142857143,fear_weighted=45.1323;symbol_fear=67.7249,forced_all,past_2y,C+D
D,510880,红利ETF,2025-02-20,2025-02-21,2025-03-10,0.0003333333333332,12016.119765066394,12020.125138321417,56.351095993953145,fear_weighted=25.5329;symbol_fear=87.1693,forced_all,past_2y,C+D
D,512880,证券ETF,2025-03-10,2025-03-11,2025-03-27,-0.0062836624775584,12020.125138321417,11944.59472901419,45.02692743764173,fear_weighted=23.9494;symbol_fear=66.1045,forced_all,past_2y,C+D
D,159811,5G50ETF,2025-03-27,2025-03-28,2025-05-09,-0.0572337042925278,11944.59472901419,11260.961326399705,44.49452003023432,fear_weighted=23.579;symbol_fear=65.4101,forced_all,past_2y,C+D
D,159811,5G50ETF,2025-05-09,2025-05-12,2025-05-22,-0.0297274979355904,11260.961326399705,10926.201121816395,47.60912698412699,fear_weighted=26.5344;symbol_fear=68.6839,forced_all,past_2y,C+D
D,159811,5G50ETF,2025-05-22,2025-05-23,2025-06-05,0.0525862068965519,10926.201121816395,11500.76859460157,46.68698034769463,fear_weighted=29.0552;symbol_fear=64.3188,forced_all,past_2y,C+D
D,159811,5G50ETF,2025-06-05,2025-06-06,2025-06-18,0.0262080262080259,11500.76859460157,11802.18103934133,36.19425547996977,fear_weighted=23.0499;symbol_fear=49.3386,forced_all,past_2y,C+D
D,516750,建材ETF,2025-06-18,2025-06-19,2025-07-01,0.0300500834724541,11802.18103934133,12156.837564730555,38.4613567649282,fear_weighted=26.096;symbol_fear=50.8267,forced_all,past_2y,C+D
D,515170,食品饮料ETF,2025-07-01,2025-07-02,2025-07-14,0.0142602495543671,12156.837564730555,12330.197102195518,26.694066515495084,fear_weighted=11.7876;symbol_fear=41.6005,forced_all,past_2y,C+D
D,159887,银行ETF,2025-07-14,2025-07-15,2025-07-25,-0.0332640332640332,12330.197102195518,11920.045015636,29.65608465608466,fear_weighted=16.455;symbol_fear=42.8571,forced_all,past_2y,C+D
D,516750,建材ETF,2025-07-25,2025-07-28,2025-08-07,-0.0156918687589158,11920.045015636,11732.997233650272,46.43990929705216,fear_weighted=27.4036;symbol_fear=65.4762,forced_all,past_2y,C+D
D,516970,基建ETF,2025-08-07,2025-08-08,2025-08-25,0.0301984469370146,11732.997233650272,12087.3155280228,39.7108843537415,fear_weighted=19.898;symbol_fear=59.5238,forced_all,past_2y,C+D
D,159887,银行ETF,2025-08-25,2025-08-26,2025-11-11,-0.0129589632829373,12087.3155280228,11930.676449905874,42.63369236583523,fear_weighted=34.1761;symbol_fear=51.0913,forced_all,past_2y,C+D
D,159811,5G50ETF,2025-11-11,2025-11-12,2025-12-23,0.0891996142719382,11930.676449905874,12994.888187240775,56.28354119425549,fear_weighted=36.0128;symbol_fear=76.5542,forced_all,past_2y,C+D
D,159768,房地产ETF,2025-12-23,2025-12-24,2026-05-15,-0.0734767025089606,12994.888187240775,12040.066653769678,42.80328798185941,fear_weighted=25.3553;symbol_fear=60.2513,forced_all,past_2y,C+D
C,159766,旅游ETF,2026-05-15,2026-05-18,2026-07-14,-0.1211129296235679,12040.066653769678,10581.858908468605,0.6,hit=3/5;selected_score=4.660178453401736,forced_all,past_2y,C+D
D,159565,汽车零部件ETF,2024-08-12,2024-08-13,2024-12-26,0.3438202247191011,10000.0,13438.202247191011,69.93182620362273,fear_weighted=57.1542;symbol_fear=82.7095,forced_all,past_2y,S+D
D,159930,能源ETF,2024-12-26,2024-12-27,2025-02-20,-0.1058238636363636,13438.202247191011,12016.119765066394,56.42857142857143,fear_weighted=45.1323;symbol_fear=67.7249,forced_all,past_2y,S+D
D,510880,红利ETF,2025-02-20,2025-02-21,2025-03-10,0.0003333333333332,12016.119765066394,12020.125138321417,56.351095993953145,fear_weighted=25.5329;symbol_fear=87.1693,forced_all,past_2y,S+D
D,512880,证券ETF,2025-03-10,2025-03-11,2025-03-27,-0.0062836624775584,12020.125138321417,11944.59472901419,45.02692743764173,fear_weighted=23.9494;symbol_fear=66.1045,forced_all,past_2y,S+D
D,159811,5G50ETF,2025-03-27,2025-03-28,2025-05-09,-0.0572337042925278,11944.59472901419,11260.961326399705,44.49452003023432,fear_weighted=23.579;symbol_fear=65.4101,forced_all,past_2y,S+D
D,159811,5G50ETF,2025-05-09,2025-05-12,2025-05-22,-0.0297274979355904,11260.961326399705,10926.201121816395,47.60912698412699,fear_weighted=26.5344;symbol_fear=68.6839,forced_all,past_2y,S+D
D,159811,5G50ETF,2025-05-22,2025-05-23,2025-06-05,0.0525862068965519,10926.201121816395,11500.76859460157,46.68698034769463,fear_weighted=29.0552;symbol_fear=64.3188,forced_all,past_2y,S+D
D,159811,5G50ETF,2025-06-05,2025-06-06,2025-06-18,0.0262080262080259,11500.76859460157,11802.18103934133,36.19425547996977,fear_weighted=23.0499;symbol_fear=49.3386,forced_all,past_2y,S+D
D,516750,建材ETF,2025-06-18,2025-06-19,2025-07-01,0.0300500834724541,11802.18103934133,12156.837564730555,38.4613567649282,fear_weighted=26.096;symbol_fear=50.8267,forced_all,past_2y,S+D
D,515170,食品饮料ETF,2025-07-01,2025-07-02,2025-07-14,0.0142602495543671,12156.837564730555,12330.197102195518,26.694066515495084,fear_weighted=11.7876;symbol_fear=41.6005,forced_all,past_2y,S+D
D,159887,银行ETF,2025-07-14,2025-07-15,2025-07-25,-0.0332640332640332,12330.197102195518,11920.045015636,29.65608465608466,fear_weighted=16.455;symbol_fear=42.8571,forced_all,past_2y,S+D
D,516750,建材ETF,2025-07-25,2025-07-28,2025-08-07,-0.0156918687589158,11920.045015636,11732.997233650272,46.43990929705216,fear_weighted=27.4036;symbol_fear=65.4762,forced_all,past_2y,S+D
D,516970,基建ETF,2025-08-07,2025-08-08,2025-08-25,0.0301984469370146,11732.997233650272,12087.3155280228,39.7108843537415,fear_weighted=19.898;symbol_fear=59.5238,forced_all,past_2y,S+D
D,159887,银行ETF,2025-08-25,2025-08-26,2025-11-11,-0.0129589632829373,12087.3155280228,11930.676449905874,42.63369236583523,fear_weighted=34.1761;symbol_fear=51.0913,forced_all,past_2y,S+D
D,159811,5G50ETF,2025-11-11,2025-11-12,2025-12-23,0.0891996142719382,11930.676449905874,12994.888187240775,56.28354119425549,fear_weighted=36.0128;symbol_fear=76.5542,forced_all,past_2y,S+D
D,159768,房地产ETF,2025-12-23,2025-12-24,2026-05-15,-0.0734767025089606,12994.888187240775,12040.066653769678,42.80328798185941,fear_weighted=25.3553;symbol_fear=60.2513,forced_all,past_2y,S+D
S,159813,半导体ETF鹏华,2026-05-15,2026-05-18,2026-06-01,0.0053404539385848,12040.066653769678,12104.366075151625,0.8752941176470588,"{""score"": 0.8752941176470588, ""momentum"": 0.26712328767123283, ""mom20"": 0.26712328767123283, ""mom60"": 0.2478920741989883, ""mom120"": 0.3430127041742286, ""vol20"": 0.4437550275121128, ""amount20"": 199840548.475, ""history_days"": 1448, ""accel"": 1.0}",forced_all,past_2y,S+D
S,159811,5G50ETF,2026-06-01,2026-06-02,2026-06-16,0.0477972934062769,12104.366075151625,12682.922011942632,0.9177777777777778,"{""score"": 0.9177777777777778, ""momentum"": 0.17922170653338076, ""mom20"": 0.17922170653338076, ""mom60"": 0.394259181089067, ""mom120"": 0.6018428709990302, ""vol20"": 0.43781588786359615, ""amount20"": 20799999.5, ""history_days"": 1479, ""accel"": 1.0}",forced_all,past_2y,S+D
S,159811,5G50ETF,2026-06-16,2026-06-17,2026-07-02,-0.0665064102564102,12682.922011942632,11839.426397366318,0.8942857142857142,"{""score"": 0.8942857142857142, ""momentum"": 0.14397988054071043, ""mom20"": 0.14397988054071043, ""mom60"": 0.5099585062240661, ""mom120"": 0.660127737226277, ""vol20"": 0.5685900640847849, ""amount20"": 47065783.0, ""history_days"": 1490, ""accel"": 1.0}",forced_all,past_2y,S+D
S,588000,科创50ETF,2026-07-02,2026-07-03,2026-07-17,-0.1403425309229304,11839.426397366318,10177.851332084178,0.9,"{""score"": 0.9, ""momentum"": 0.16236972024136054, ""mom20"": 0.16236972024136054, ""mom60"": 0.5932330827067669, ""mom120"": 0.4954128440366974, ""vol20"": 0.5761082035504137, ""amount20"": 6818106825.0375, ""history_days"": 1364, ""accel"": 1.0}",forced_all,past_2y,S+D
S,162411,华宝油气LOF,2026-07-17,2026-07-20,2026-08-03,-0.0205183585313175,10177.851332084178,9969.018529374027,0.75,"{""score"": 0.75, ""momentum"": 0.07872078720787212, ""mom20"": 0.07872078720787212, ""mom60"": 0.010368663594469973, ""mom120"": 0.20965517241379317, ""vol20"": 0.2665881030763052, ""amount20"": 80276403.525, ""history_days"": 3277, ""accel"": 1.0}",forced_all,past_2y,S+D
D,159565,汽车零部件ETF,2024-08-12,2024-08-13,2024-12-26,0.3438202247191011,10000.0,13438.202247191011,69.93182620362273,fear_weighted=57.1542;symbol_fear=82.7095,forced_all,past_2y,C+S+D
D,159930,能源ETF,2024-12-26,2024-12-27,2025-02-20,-0.1058238636363636,13438.202247191011,12016.119765066394,56.42857142857143,fear_weighted=45.1323;symbol_fear=67.7249,forced_all,past_2y,C+S+D
D,510880,红利ETF,2025-02-20,2025-02-21,2025-03-10,0.0003333333333332,12016.119765066394,12020.125138321417,56.351095993953145,fear_weighted=25.5329;symbol_fear=87.1693,forced_all,past_2y,C+S+D
D,512880,证券ETF,2025-03-10,2025-03-11,2025-03-27,-0.0062836624775584,12020.125138321417,11944.59472901419,45.02692743764173,fear_weighted=23.9494;symbol_fear=66.1045,forced_all,past_2y,C+S+D
D,159811,5G50ETF,2025-03-27,2025-03-28,2025-05-09,-0.0572337042925278,11944.59472901419,11260.961326399705,44.49452003023432,fear_weighted=23.579;symbol_fear=65.4101,forced_all,past_2y,C+S+D
D,159811,5G50ETF,2025-05-09,2025-05-12,2025-05-22,-0.0297274979355904,11260.961326399705,10926.201121816395,47.60912698412699,fear_weighted=26.5344;symbol_fear=68.6839,forced_all,past_2y,C+S+D
D,159811,5G50ETF,2025-05-22,2025-05-23,2025-06-05,0.0525862068965519,10926.201121816395,11500.76859460157,46.68698034769463,fear_weighted=29.0552;symbol_fear=64.3188,forced_all,past_2y,C+S+D
D,159811,5G50ETF,2025-06-05,2025-06-06,2025-06-18,0.0262080262080259,11500.76859460157,11802.18103934133,36.19425547996977,fear_weighted=23.0499;symbol_fear=49.3386,forced_all,past_2y,C+S+D
D,516750,建材ETF,2025-06-18,2025-06-19,2025-07-01,0.0300500834724541,11802.18103934133,12156.837564730555,38.4613567649282,fear_weighted=26.096;symbol_fear=50.8267,forced_all,past_2y,C+S+D
D,515170,食品饮料ETF,2025-07-01,2025-07-02,2025-07-14,0.0142602495543671,12156.837564730555,12330.197102195518,26.694066515495084,fear_weighted=11.7876;symbol_fear=41.6005,forced_all,past_2y,C+S+D
D,159887,银行ETF,2025-07-14,2025-07-15,2025-07-25,-0.0332640332640332,12330.197102195518,11920.045015636,29.65608465608466,fear_weighted=16.455;symbol_fear=42.8571,forced_all,past_2y,C+S+D
D,516750,建材ETF,2025-07-25,2025-07-28,2025-08-07,-0.0156918687589158,11920.045015636,11732.997233650272,46.43990929705216,fear_weighted=27.4036;symbol_fear=65.4762,forced_all,past_2y,C+S+D
D,516970,基建ETF,2025-08-07,2025-08-08,2025-08-25,0.0301984469370146,11732.997233650272,12087.3155280228,39.7108843537415,fear_weighted=19.898;symbol_fear=59.5238,forced_all,past_2y,C+S+D
D,159887,银行ETF,2025-08-25,2025-08-26,2025-11-11,-0.0129589632829373,12087.3155280228,11930.676449905874,42.63369236583523,fear_weighted=34.1761;symbol_fear=51.0913,forced_all,past_2y,C+S+D
D,159811,5G50ETF,2025-11-11,2025-11-12,2025-12-23,0.0891996142719382,11930.676449905874,12994.888187240775,56.28354119425549,fear_weighted=36.0128;symbol_fear=76.5542,forced_all,past_2y,C+S+D
D,159768,房地产ETF,2025-12-23,2025-12-24,2026-05-15,-0.0734767025089606,12994.888187240775,12040.066653769678,42.80328798185941,fear_weighted=25.3553;symbol_fear=60.2513,forced_all,past_2y,C+S+D
S,159813,半导体ETF鹏华,2026-05-15,2026-05-18,2026-06-01,0.0053404539385848,12040.066653769678,12104.366075151625,0.8752941176470588,"{""score"": 0.8752941176470588, ""momentum"": 0.26712328767123283, ""mom20"": 0.26712328767123283, ""mom60"": 0.2478920741989883, ""mom120"": 0.3430127041742286, ""vol20"": 0.4437550275121128, ""amount20"": 199840548.475, ""history_days"": 1448, ""accel"": 1.0}",forced_all,past_2y,C+S+D
C,512660,军工ETF,2026-06-01,2026-06-02,2026-07-29,-0.1365430149960536,12104.366075151625,10451.599436634475,1.0,hit=5/5;selected_score=0.6686964927681998,forced_all,past_2y,C+S+D
C,159768,房地产ETF,2025-08-11,2025-08-12,2025-10-15,0.0940766550522649,10000.0,10940.766550522649,0.25,hit=1/4;selected_score=13.475511599173496,forced_all,past_1y,C
C,159902,中小板ETF,2025-10-15,2025-10-16,2025-12-11,-0.0082101806239737,10940.766550522649,10850.940880978127,0.4,hit=2/5;selected_score=0.0967644943244483,forced_all,past_1y,C
C,515210,钢铁ETF,2025-12-11,2025-12-12,2026-02-10,0.0627615062761506,10850.940880978127,11531.962275181775,0.75,hit=3/4;selected_score=0.874448383058415,forced_all,past_1y,C
C,516970,基建ETF,2026-02-10,2026-02-11,2026-04-17,-0.0016313213703099,11531.962275181775,11513.149938680664,0.4,hit=2/5;selected_score=0.6686964927681998,forced_all,past_1y,C
C,159996,家电ETF,2026-04-17,2026-04-20,2026-06-18,-0.0174848688634835,11513.149938680664,11311.84402179721,0.6,hit=3/5;selected_score=4.660178453401736,forced_all,past_1y,C
S,159811,5G50ETF,2025-08-11,2025-08-12,2025-08-26,0.1870595771941063,10000.0,11870.595771941064,0.881875,"{""score"": 0.881875, ""momentum"": 0.13422818791946312, ""mom20"": 0.13422818791946312, ""mom60"": 0.28246205733558183, ""mom120"": 0.11102994886778661, ""vol20"": 0.24541407224890127, ""amount20"": 2899503.0, ""history_days"": 1287, ""accel"": 1.0}",forced_all,past_1y,S
S,159811,5G50ETF,2025-08-26,2025-08-27,2025-09-10,0.0413311862587224,11870.595771941064,12361.221576793163,0.9073684210526316,"{""score"": 0.9073684210526316, ""momentum"": 0.23122923588039868, ""mom20"": 0.23122923588039868, ""mom60"": 0.5960378983634798, ""mom120"": 0.422102839600921, ""vol20"": 0.3291702792051111, ""amount20"": 6050041.5, ""history_days"": 1298, ""accel"": 1.0}",forced_all,past_1y,S
S,159811,5G50ETF,2025-09-10,2025-09-11,2025-09-25,0.0424929178470256,12361.221576793163,12886.485949744716,0.8821428571428571,"{""score"": 0.8821428571428571, ""momentum"": 0.1793313069908815, ""mom20"": 0.1793313069908815, ""mom60"": 0.5482841181165203, ""mom120"": 0.47528517110266155, ""vol20"": 0.5839267088093788, ""amount20"": 10867728.0, ""history_days"": 1309, ""accel"": 1.0}",forced_all,past_1y,S
S,159755,电池ETF,2025-09-25,2025-09-26,2025-10-20,-0.0126705653021443,12886.485949744716,12723.206888003311,0.8725,"{""score"": 0.8725, ""momentum"": 0.3012499999999998, ""mom20"": 0.3012499999999998, ""mom60"": 0.4641350210970463, ""mom120"": 0.5241581259150803, ""vol20"": 0.4190229054825889, ""amount20"": 1353744028.5, ""history_days"": 1036, ""accel"": 1.0}",forced_all,past_1y,S
S,161226,白银LOF,2025-10-20,2025-10-21,2025-11-04,-0.0449852507374632,12723.206888003311,12150.850235961863,0.8730434782608696,"{""score"": 0.8730434782608696, ""momentum"": 0.18354978354978346, ""mom20"": 0.18354978354978346, ""mom60"": 0.27996254681647925, ""mom120"": 0.43291404612159345, ""vol20"": 0.45779607839047154, ""amount20"": 216543661.9875, ""history_days"": 2470, ""accel"": 1.0}",forced_all,past_1y,S
S,159930,能源ETF,2025-11-04,2025-11-05,2025-11-19,0.0188806473364799,12150.850235961863,12380.266154105444,0.8442105263157895,"{""score"": 0.8442105263157895, ""momentum"": 0.11027756939234812, ""mom20"": 0.11027756939234812, ""mom60"": 0.11951588502269272, ""mom120"": 0.20227457351746536, ""vol20"": 0.2278422966753018, ""amount20"": 52240513.0, ""history_days"": 2944, ""accel"": 1.0}",forced_all,past_1y,S
S,159870,化工ETF,2025-11-19,2025-11-20,2025-12-04,-0.0223390275952694,12380.266154105444,12103.703046852102,0.8557894736842104,"{""score"": 0.8557894736842104, ""momentum"": 0.1284671532846715, ""mom20"": 0.1284671532846715, ""mom60"": 0.21540880503144666, ""mom120"": 0.3902877697841727, ""vol20"": 0.3048782497358723, ""amount20"": 794485310.0, ""history_days"": 1145, ""accel"": 1.0}",forced_all,past_1y,S
S,161226,白银LOF,2025-12-04,2025-12-05,2025-12-19,0.3578886310904874,12103.703046852102,16435.48076141576,0.9142857142857144,"{""score"": 0.9142857142857143, ""momentum"": 0.28636709824828643, ""mom20"": 0.28636709824828643, ""mom60"": 0.49601417183348095, ""mom120"": 0.617816091954023, ""vol20"": 0.4065128656827174, ""amount20"": 245485470.6625, ""history_days"": 2503, ""accel"": 1.0}",forced_all,past_1y,S
S,161226,白银LOF,2025-12-19,2025-12-22,2026-01-07,-0.0038834951456311,16435.48076141576,16371.65365166269,0.9076923076923076,"{""score"": 0.9076923076923077, ""momentum"": 0.7100073046018993, ""mom20"": 0.7100073046018993, ""mom60"": 1.0753546099290783, ""mom120"": 1.2996070726915523, ""vol20"": 0.4545504527383194, ""amount20"": 478905116.9375, ""history_days"": 2514, ""accel"": 1.0}",forced_all,past_1y,S
S,512400,有色金属ETF,2026-01-07,2026-01-08,2026-01-22,0.1003937007874016,16371.65365166269,18015.264549762684,0.865,"{""score"": 0.865, ""momentum"": 0.1450719822812847, ""mom20"": 0.1450719822812847, ""mom60"": 0.14952751528627028, ""mom120"": 0.7705479452054795, ""vol20"": 0.3306470361017141, ""amount20"": 958511620.5, ""history_days"": 2026, ""accel"": 1.0}",forced_all,past_1y,S
S,512400,有色金属ETF,2026-01-22,2026-01-23,2026-02-06,-0.0610553859572612,18015.264549762684,16915.335619554757,0.875,"{""score"": 0.875, ""momentum"": 0.20279720279720292, ""mom20"": 0.20279720279720292, ""mom60"": 0.3262158956109136, ""mom120"": 0.7441497659906398, ""vol20"": 0.2973122383346038, ""amount20"": 1987620724.5, ""history_days"": 2037, ""accel"": 1.0}",forced_all,past_1y,S
S,516750,建材ETF,2026-02-06,2026-02-09,2026-03-03,-0.0294117647058822,16915.335619554757,16417.825748391384,0.8218181818181819,"{""score"": 0.8218181818181819, ""momentum"": 0.08955223880597019, ""mom20"": 0.08955223880597019, ""mom60"": 0.10150891632373127, ""mom120"": 0.14062500000000022, ""vol20"": 0.3484650552409833, ""amount20"": 16466382.0, ""history_days"": 1035, ""accel"": 1.0}",forced_all,past_1y,S
S,159930,能源ETF,2026-03-03,2026-03-04,2026-03-18,-0.0605898123324396,16417.825748391384,15423.072767389654,0.8953846153846153,"{""score"": 0.8953846153846153, ""momentum"": 0.2297383535417996, ""mom20"": 0.2297383535417996, ""mom60"": 0.33912439193884647, ""mom120"": 0.43377976190476186, ""vol20"": 0.4937145537478688, ""amount20"": 130091698.5, ""history_days"": 3021, ""accel"": 1.0}",forced_all,past_1y,S
S,159611,电力ETF,2026-03-18,2026-03-19,2026-04-02,-0.0455341506129596,15423.072767389654,14720.796249084699,0.8813333333333333,"{""score"": 0.8813333333333333, ""momentum"": 0.11186770428015569, ""mom20"": 0.11186770428015569, ""mom60"": 0.10863239573229877, ""mom120"": 0.10863239573229877, ""vol20"": 0.23774452888754197, ""amount20"": 500964079.5, ""history_days"": 1013, ""accel"": 1.0}",forced_all,past_1y,S
S,159992,创新药ETF,2026-04-02,2026-04-03,2026-04-20,-0.0059031877213695,14720.796249084699,14633.896625418318,0.8666666666666667,"{""score"": 0.8666666666666667, ""momentum"": 0.11325611325611318, ""mom20"": 0.11325611325611318, ""mom60"": 0.027315914489311144, ""mom120"": -0.08562367864693443, ""vol20"": 0.3754713133983455, ""amount20"": 496545358.5, ""history_days"": 1449, ""accel"": 1.0}",forced_all,past_1y,S
S,159811,5G50ETF,2026-04-20,2026-04-21,2026-05-08,0.0745296671490594,14633.896625418318,15724.556070004488,0.8917647058823529,"{""score"": 0.8917647058823529, ""momentum"": 0.1697635135135136, ""mom20"": 0.1697635135135136, ""mom60"": 0.1862955032119915, ""mom120"": 0.29318394024276384, ""vol20"": 0.4216780934580552, ""amount20"": 8226536.0, ""history_days"": 1452, ""accel"": 1.0}",forced_all,past_1y,S
S,159663,机床ETF,2026-05-08,2026-05-11,2026-05-25,0.0690559440559441,15724.556070004488,16810.430134279275,0.8909090909090909,"{""score"": 0.8909090909090909, ""momentum"": 0.315101070154578, ""mom20"": 0.315101070154578, ""mom60"": 0.29508196721311486, ""mom120"": 0.49257759784075583, ""vol20"": 0.3602614494315966, ""amount20"": 21134809.575, ""history_days"": 855, ""accel"": 1.0}",forced_all,past_1y,S
S,159813,半导体ETF鹏华,2026-05-25,2026-05-26,2026-06-09,-0.1063583815028901,16810.430134279275,15022.49999282992,0.8623529411764705,"{""score"": 0.8623529411764705, ""momentum"": 0.42622950819672134, ""mom20"": 0.42622950819672134, ""mom60"": 0.3987138263665595, ""mom120"": 0.641509433962264, ""vol20"": 0.5222680612617878, ""amount20"": 239056731.55, ""history_days"": 1454, ""accel"": 1.0}",forced_all,past_1y,S
S,159811,5G50ETF,2026-06-09,2026-06-10,2026-06-25,0.1709376820034944,15022.49999282992,17590.411319501778,0.9125,"{""score"": 0.9125, ""momentum"": 0.15289925494007117, ""mom20"": 0.15289925494007117, ""mom60"": 0.4706611570247936, ""mom120"": 0.687529634898056, ""vol20"": 0.5374138459916532, ""amount20"": 43628349.5, ""history_days"": 1485, ""accel"": 1.0}",forced_all,past_1y,S
S,159811,5G50ETF,2026-06-25,2026-06-26,2026-07-10,-0.0844257996853696,17590.411319501778,16105.326777058264,0.8966666666666666,"{""score"": 0.8966666666666666, ""momentum"": 0.18438880706921945, ""mom20"": 0.18438880706921945, ""mom60"": 0.7422010398613519, ""mom120"": 0.781568453699601, ""vol20"": 0.5559853636952831, ""amount20"": 47733392.8125, ""history_days"": 1496, ""accel"": 1.0}",forced_all,past_1y,S
S,510500,中证500ETF,2026-07-10,2026-07-13,2026-07-27,-0.0512096279012649,16105.326777058264,15280.578985576833,0.776,"{""score"": 0.776, ""momentum"": 0.07076653306613223, ""mom20"": 0.07076653306613223, ""mom60"": 0.0850361721030588, ""mom120"": 0.09420197107385131, ""vol20"": 0.3167105771716647, ""amount20"": 2623152731.5249996, ""history_days"": 3234, ""accel"": 1.0}",forced_all,past_1y,S
D,159887,银行ETF,2025-08-11,2025-08-12,2025-08-25,-0.0085227272727272,10000.0,9914.772727272728,37.28930461073318,fear_weighted=17.3696;symbol_fear=57.209,forced_all,past_1y,D
D,159887,银行ETF,2025-08-25,2025-08-26,2025-11-11,-0.0129589632829373,9914.772727272728,9786.287551541333,42.63369236583523,fear_weighted=34.1761;symbol_fear=51.0913,forced_all,past_1y,D
D,159811,5G50ETF,2025-11-11,2025-11-12,2025-12-23,0.0891996142719382,9786.287551541333,10659.22062629309,56.28354119425549,fear_weighted=36.0128;symbol_fear=76.5542,forced_all,past_1y,D
D,159768,房地产ETF,2025-12-23,2025-12-24,2026-05-15,-0.0734767025089606,10659.22062629309,9876.016243357575,42.80328798185941,fear_weighted=25.3553;symbol_fear=60.2513,forced_all,past_1y,D
D,159825,农业ETF,2026-05-27,2026-05-28,2026-07-31,0.0055172413793103,9876.016243357575,9930.504608838168,84.62726757369614,fear_weighted=78.0839;symbol_fear=91.1706,forced_all,past_1y,D
S,159811,5G50ETF,2025-08-11,2025-08-12,2025-08-26,0.1870595771941063,10000.0,11870.595771941064,0.881875,"{""score"": 0.881875, ""momentum"": 0.13422818791946312, ""mom20"": 0.13422818791946312, ""mom60"": 0.28246205733558183, ""mom120"": 0.11102994886778661, ""vol20"": 0.24541407224890127, ""amount20"": 2899503.0, ""history_days"": 1287, ""accel"": 1.0}",forced_all,past_1y,C+S
S,159811,5G50ETF,2025-08-26,2025-08-27,2025-09-10,0.0413311862587224,11870.595771941064,12361.221576793163,0.9073684210526316,"{""score"": 0.9073684210526316, ""momentum"": 0.23122923588039868, ""mom20"": 0.23122923588039868, ""mom60"": 0.5960378983634798, ""mom120"": 0.422102839600921, ""vol20"": 0.3291702792051111, ""amount20"": 6050041.5, ""history_days"": 1298, ""accel"": 1.0}",forced_all,past_1y,C+S
S,159811,5G50ETF,2025-09-10,2025-09-11,2025-09-25,0.0424929178470256,12361.221576793163,12886.485949744716,0.8821428571428571,"{""score"": 0.8821428571428571, ""momentum"": 0.1793313069908815, ""mom20"": 0.1793313069908815, ""mom60"": 0.5482841181165203, ""mom120"": 0.47528517110266155, ""vol20"": 0.5839267088093788, ""amount20"": 10867728.0, ""history_days"": 1309, ""accel"": 1.0}",forced_all,past_1y,C+S
S,159755,电池ETF,2025-09-25,2025-09-26,2025-10-20,-0.0126705653021443,12886.485949744716,12723.206888003311,0.8725,"{""score"": 0.8725, ""momentum"": 0.3012499999999998, ""mom20"": 0.3012499999999998, ""mom60"": 0.4641350210970463, ""mom120"": 0.5241581259150803, ""vol20"": 0.4190229054825889, ""amount20"": 1353744028.5, ""history_days"": 1036, ""accel"": 1.0}",forced_all,past_1y,C+S
S,161226,白银LOF,2025-10-20,2025-10-21,2025-11-04,-0.0449852507374632,12723.206888003311,12150.850235961863,0.8730434782608696,"{""score"": 0.8730434782608696, ""momentum"": 0.18354978354978346, ""mom20"": 0.18354978354978346, ""mom60"": 0.27996254681647925, ""mom120"": 0.43291404612159345, ""vol20"": 0.45779607839047154, ""amount20"": 216543661.9875, ""history_days"": 2470, ""accel"": 1.0}",forced_all,past_1y,C+S
S,159930,能源ETF,2025-11-04,2025-11-05,2025-11-19,0.0188806473364799,12150.850235961863,12380.266154105444,0.8442105263157895,"{""score"": 0.8442105263157895, ""momentum"": 0.11027756939234812, ""mom20"": 0.11027756939234812, ""mom60"": 0.11951588502269272, ""mom120"": 0.20227457351746536, ""vol20"": 0.2278422966753018, ""amount20"": 52240513.0, ""history_days"": 2944, ""accel"": 1.0}",forced_all,past_1y,C+S
S,159870,化工ETF,2025-11-19,2025-11-20,2025-12-04,-0.0223390275952694,12380.266154105444,12103.703046852102,0.8557894736842104,"{""score"": 0.8557894736842104, ""momentum"": 0.1284671532846715, ""mom20"": 0.1284671532846715, ""mom60"": 0.21540880503144666, ""mom120"": 0.3902877697841727, ""vol20"": 0.3048782497358723, ""amount20"": 794485310.0, ""history_days"": 1145, ""accel"": 1.0}",forced_all,past_1y,C+S
S,161226,白银LOF,2025-12-04,2025-12-05,2025-12-19,0.3578886310904874,12103.703046852102,16435.48076141576,0.9142857142857144,"{""score"": 0.9142857142857143, ""momentum"": 0.28636709824828643, ""mom20"": 0.28636709824828643, ""mom60"": 0.49601417183348095, ""mom120"": 0.617816091954023, ""vol20"": 0.4065128656827174, ""amount20"": 245485470.6625, ""history_days"": 2503, ""accel"": 1.0}",forced_all,past_1y,C+S
S,161226,白银LOF,2025-12-19,2025-12-22,2026-01-07,-0.0038834951456311,16435.48076141576,16371.65365166269,0.9076923076923076,"{""score"": 0.9076923076923077, ""momentum"": 0.7100073046018993, ""mom20"": 0.7100073046018993, ""mom60"": 1.0753546099290783, ""mom120"": 1.2996070726915523, ""vol20"": 0.4545504527383194, ""amount20"": 478905116.9375, ""history_days"": 2514, ""accel"": 1.0}",forced_all,past_1y,C+S
S,512400,有色金属ETF,2026-01-07,2026-01-08,2026-01-22,0.1003937007874016,16371.65365166269,18015.264549762684,0.865,"{""score"": 0.865, ""momentum"": 0.1450719822812847, ""mom20"": 0.1450719822812847, ""mom60"": 0.14952751528627028, ""mom120"": 0.7705479452054795, ""vol20"": 0.3306470361017141, ""amount20"": 958511620.5, ""history_days"": 2026, ""accel"": 1.0}",forced_all,past_1y,C+S
S,512400,有色金属ETF,2026-01-22,2026-01-23,2026-02-06,-0.0610553859572612,18015.264549762684,16915.335619554757,0.875,"{""score"": 0.875, ""momentum"": 0.20279720279720292, ""mom20"": 0.20279720279720292, ""mom60"": 0.3262158956109136, ""mom120"": 0.7441497659906398, ""vol20"": 0.2973122383346038, ""amount20"": 1987620724.5, ""history_days"": 2037, ""accel"": 1.0}",forced_all,past_1y,C+S
S,516750,建材ETF,2026-02-06,2026-02-09,2026-03-03,-0.0294117647058822,16915.335619554757,16417.825748391384,0.8218181818181819,"{""score"": 0.8218181818181819, ""momentum"": 0.08955223880597019, ""mom20"": 0.08955223880597019, ""mom60"": 0.10150891632373127, ""mom120"": 0.14062500000000022, ""vol20"": 0.3484650552409833, ""amount20"": 16466382.0, ""history_days"": 1035, ""accel"": 1.0}",forced_all,past_1y,C+S
S,159930,能源ETF,2026-03-03,2026-03-04,2026-03-18,-0.0605898123324396,16417.825748391384,15423.072767389654,0.8953846153846153,"{""score"": 0.8953846153846153, ""momentum"": 0.2297383535417996, ""mom20"": 0.2297383535417996, ""mom60"": 0.33912439193884647, ""mom120"": 0.43377976190476186, ""vol20"": 0.4937145537478688, ""amount20"": 130091698.5, ""history_days"": 3021, ""accel"": 1.0}",forced_all,past_1y,C+S
C,512660,军工ETF,2026-03-18,2026-03-19,2026-05-20,0.0058694057226706,15423.072767389654,15513.597038951737,1.0,hit=5/5;selected_score=0.6686964927681998,forced_all,past_1y,C+S
S,159813,半导体ETF鹏华,2026-05-20,2026-05-21,2026-06-04,0.0240506329113925,15513.597038951737,15886.708866470832,0.8799999999999999,"{""score"": 0.8799999999999999, ""momentum"": 0.375, ""mom20"": 0.375, ""mom60"": 0.33661740558292275, ""mom120"": 0.5186567164179103, ""vol20"": 0.46208005673910146, ""amount20"": 219961678.7, ""history_days"": 1451, ""accel"": 1.0}",forced_all,past_1y,C+S
S,159811,5G50ETF,2026-06-04,2026-06-05,2026-06-22,0.1256830601092897,15886.708866470832,17883.399051874272,0.9066666666666666,"{""score"": 0.9066666666666666, ""momentum"": 0.22256097560975618, ""mom20"": 0.22256097560975618, ""mom60"": 0.5151133501259446, ""mom120"": 0.7039660056657224, ""vol20"": 0.4553926476130795, ""amount20"": 27315723.5, ""history_days"": 1482, ""accel"": 1.0}",forced_all,past_1y,C+S
S,159811,5G50ETF,2026-06-22,2026-06-23,2026-07-07,-0.0874666666666665,17883.399051874272,16319.197748137007,0.9014285714285716,"{""score"": 0.9014285714285715, ""momentum"": 0.1925655088360756, ""mom20"": 0.1925655088360756, ""mom60"": 0.7303271441202477, ""mom120"": 0.7670428893905195, ""vol20"": 0.5196275093418886, ""amount20"": 47683862.0, ""history_days"": 1493, ""accel"": 1.0}",forced_all,past_1y,C+S
S,588000,科创50ETF,2026-07-07,2026-07-08,2026-07-22,-0.0885780885780885,16319.197748137007,14873.674404479185,0.896,"{""score"": 0.896, ""momentum"": 0.2632204396910278, ""mom20"": 0.2632204396910278, ""mom60"": 0.49192982456140344, ""mom120"": 0.4374577417173764, ""vol20"": 0.5148886588158701, ""amount20"": 7378773304.987499, ""history_days"": 1367, ""accel"": 1.0}",forced_all,past_1y,C+S
S,162411,华宝油气LOF,2026-07-22,2026-07-23,2026-08-06,-0.0803382663847779,14873.674404479185,13678.749188051683,0.8933333333333333,"{""score"": 0.8933333333333333, ""momentum"": 0.14742014742014753, ""mom20"": 0.14742014742014753, ""mom60"": 0.04241071428571441, ""mom120"": 0.3026499302649932, ""vol20"": 0.3458749025544543, ""amount20"": 115580065.0, ""history_days"": 3280, ""accel"": 1.0}",forced_all,past_1y,C+S
D,159887,银行ETF,2025-08-11,2025-08-12,2025-08-25,-0.0085227272727272,10000.0,9914.772727272728,37.28930461073318,fear_weighted=17.3696;symbol_fear=57.209,forced_all,past_1y,C+D
D,159887,银行ETF,2025-08-25,2025-08-26,2025-11-11,-0.0129589632829373,9914.772727272728,9786.287551541333,42.63369236583523,fear_weighted=34.1761;symbol_fear=51.0913,forced_all,past_1y,C+D
D,159811,5G50ETF,2025-11-11,2025-11-12,2025-12-23,0.0891996142719382,9786.287551541333,10659.22062629309,56.28354119425549,fear_weighted=36.0128;symbol_fear=76.5542,forced_all,past_1y,C+D
D,159768,房地产ETF,2025-12-23,2025-12-24,2026-05-15,-0.0734767025089606,10659.22062629309,9876.016243357575,42.80328798185941,fear_weighted=25.3553;symbol_fear=60.2513,forced_all,past_1y,C+D
C,159766,旅游ETF,2026-05-15,2026-05-18,2026-07-14,-0.1211129296235679,9876.016243357575,8679.902983114596,0.6,hit=3/5;selected_score=4.660178453401736,forced_all,past_1y,C+D
D,159887,银行ETF,2025-08-11,2025-08-12,2025-08-25,-0.0085227272727272,10000.0,9914.772727272728,37.28930461073318,fear_weighted=17.3696;symbol_fear=57.209,forced_all,past_1y,S+D
D,159887,银行ETF,2025-08-25,2025-08-26,2025-11-11,-0.0129589632829373,9914.772727272728,9786.287551541333,42.63369236583523,fear_weighted=34.1761;symbol_fear=51.0913,forced_all,past_1y,S+D
D,159811,5G50ETF,2025-11-11,2025-11-12,2025-12-23,0.0891996142719382,9786.287551541333,10659.22062629309,56.28354119425549,fear_weighted=36.0128;symbol_fear=76.5542,forced_all,past_1y,S+D
D,159768,房地产ETF,2025-12-23,2025-12-24,2026-05-15,-0.0734767025089606,10659.22062629309,9876.016243357575,42.80328798185941,fear_weighted=25.3553;symbol_fear=60.2513,forced_all,past_1y,S+D
S,159813,半导体ETF鹏华,2026-05-15,2026-05-18,2026-06-01,0.0053404539385848,9876.016243357575,9928.758653201941,0.8752941176470588,"{""score"": 0.8752941176470588, ""momentum"": 0.26712328767123283, ""mom20"": 0.26712328767123283, ""mom60"": 0.2478920741989883, ""mom120"": 0.3430127041742286, ""vol20"": 0.4437550275121128, ""amount20"": 199840548.475, ""history_days"": 1448, ""accel"": 1.0}",forced_all,past_1y,S+D
S,159811,5G50ETF,2026-06-01,2026-06-02,2026-06-16,0.0477972934062769,9928.758653201941,10403.326443709146,0.9177777777777778,"{""score"": 0.9177777777777778, ""momentum"": 0.17922170653338076, ""mom20"": 0.17922170653338076, ""mom60"": 0.394259181089067, ""mom120"": 0.6018428709990302, ""vol20"": 0.43781588786359615, ""amount20"": 20799999.5, ""history_days"": 1479, ""accel"": 1.0}",forced_all,past_1y,S+D
S,159811,5G50ETF,2026-06-16,2026-06-17,2026-07-02,-0.0665064102564102,10403.326443709146,9711.438547212463,0.8942857142857142,"{""score"": 0.8942857142857142, ""momentum"": 0.14397988054071043, ""mom20"": 0.14397988054071043, ""mom60"": 0.5099585062240661, ""mom120"": 0.660127737226277, ""vol20"": 0.5685900640847849, ""amount20"": 47065783.0, ""history_days"": 1490, ""accel"": 1.0}",forced_all,past_1y,S+D
S,588000,科创50ETF,2026-07-02,2026-07-03,2026-07-17,-0.1403425309229304,9711.438547212463,8348.51068259416,0.9,"{""score"": 0.9, ""momentum"": 0.16236972024136054, ""mom20"": 0.16236972024136054, ""mom60"": 0.5932330827067669, ""mom120"": 0.4954128440366974, ""vol20"": 0.5761082035504137, ""amount20"": 6818106825.0375, ""history_days"": 1364, ""accel"": 1.0}",forced_all,past_1y,S+D
S,162411,华宝油气LOF,2026-07-17,2026-07-20,2026-08-03,-0.0205183585313175,8348.51068259416,8177.21294720616,0.75,"{""score"": 0.75, ""momentum"": 0.07872078720787212, ""mom20"": 0.07872078720787212, ""mom60"": 0.010368663594469973, ""mom120"": 0.20965517241379317, ""vol20"": 0.2665881030763052, ""amount20"": 80276403.525, ""history_days"": 3277, ""accel"": 1.0}",forced_all,past_1y,S+D
D,159887,银行ETF,2025-08-11,2025-08-12,2025-08-25,-0.0085227272727272,10000.0,9914.772727272728,37.28930461073318,fear_weighted=17.3696;symbol_fear=57.209,forced_all,past_1y,C+S+D
D,159887,银行ETF,2025-08-25,2025-08-26,2025-11-11,-0.0129589632829373,9914.772727272728,9786.287551541333,42.63369236583523,fear_weighted=34.1761;symbol_fear=51.0913,forced_all,past_1y,C+S+D
D,159811,5G50ETF,2025-11-11,2025-11-12,2025-12-23,0.0891996142719382,9786.287551541333,10659.22062629309,56.28354119425549,fear_weighted=36.0128;symbol_fear=76.5542,forced_all,past_1y,C+S+D
D,159768,房地产ETF,2025-12-23,2025-12-24,2026-05-15,-0.0734767025089606,10659.22062629309,9876.016243357575,42.80328798185941,fear_weighted=25.3553;symbol_fear=60.2513,forced_all,past_1y,C+S+D
S,159813,半导体ETF鹏华,2026-05-15,2026-05-18,2026-06-01,0.0053404539385848,9876.016243357575,9928.758653201941,0.8752941176470588,"{""score"": 0.8752941176470588, ""momentum"": 0.26712328767123283, ""mom20"": 0.26712328767123283, ""mom60"": 0.2478920741989883, ""mom120"": 0.3430127041742286, ""vol20"": 0.4437550275121128, ""amount20"": 199840548.475, ""history_days"": 1448, ""accel"": 1.0}",forced_all,past_1y,C+S+D
C,512660,军工ETF,2026-06-01,2026-06-02,2026-07-29,-0.1365430149960536,9928.758653201941,8573.056011525592,1.0,hit=5/5;selected_score=0.6686964927681998,forced_all,past_1y,C+S+D
C,512950,央企改革ETF,2019-04-26,2019-04-29,2019-06-28,-0.0331707317073169,10000.0,9668.29268292683,1.0,hit=5/5;selected_score=0.2052185486730131,fixed_high_score,2019_2026,C
C,512660,军工ETF,2019-11-18,2019-11-19,2020-01-15,0.0752393980848153,9668.29268292683,10395.72920489807,1.0,hit=5/5;selected_score=0.2052185486730131,fixed_high_score,2019_2026,C
C,512950,央企改革ETF,2020-02-03,2020-02-04,2020-03-31,0.0044792833146696,10395.72920489807,10442.294621269395,1.0,hit=5/5;selected_score=0.3035698322814436,fixed_high_score,2019_2026,C
C,159902,中小板ETF,2020-09-10,2020-09-11,2020-11-16,0.067612293144208,10442.294621269395,11148.322106300848,1.0,hit=5/5;selected_score=0.5955656731105526,fixed_high_score,2019_2026,C
C,159902,中小板ETF,2020-11-18,2020-11-19,2021-01-15,0.1114827201783723,11148.322106300848,12391.167380135948,1.0,hit=5/5;selected_score=0.5955656731105526,fixed_high_score,2019_2026,C
C,159930,能源ETF,2021-01-28,2021-01-29,2021-04-02,0.0753532182103611,12391.167380135948,13324.881719612442,1.0,hit=4/4;selected_score=0.9106525611216468,fixed_high_score,2019_2026,C
C,159930,能源ETF,2021-08-03,2021-08-04,2021-08-31,0.2198952879581153,13324.881719612442,16254.960422354447,1.0,hit=4/4;selected_score=0.9106525611216468,fixed_high_score,2019_2026,C
C,512400,有色金属ETF,2021-09-28,2021-09-29,2021-12-01,0.0735512630014858,16254.960422354447,17450.53329145778,1.0,hit=4/4;selected_score=0.9106525611216468,fixed_high_score,2019_2026,C
C,512660,军工ETF,2022-01-10,2022-01-11,2022-03-15,-0.139751552795031,17450.53329145778,15011.794166875172,1.0,hit=5/5;selected_score=0.5492349920969236,fixed_high_score,2019_2026,C
C,512400,有色金属ETF,2022-03-15,2022-03-16,2022-05-18,-0.0779327317473338,15011.794166875172,13841.884039021897,1.0,hit=4/4;selected_score=1.117839944306766,fixed_high_score,2019_2026,C
C,516970,基建ETF,2022-09-28,2022-09-29,2022-12-01,0.1073170731707318,13841.884039021897,15327.354521258396,1.0,hit=5/5;selected_score=0.5492349920969236,fixed_high_score,2019_2026,C
C,516970,基建ETF,2022-12-29,2022-12-30,2023-03-06,0.1396438612933459,15327.354521258396,17467.725490018944,1.0,hit=5/5;selected_score=0.5492349920969236,fixed_high_score,2019_2026,C
C,515790,光伏ETF,2023-04-03,2023-04-04,2023-06-05,-0.1264193792581378,17467.725490018944,15259.466476519197,1.0,hit=4/4;selected_score=0.3858103633572226,fixed_high_score,2019_2026,C
C,515790,光伏ETF,2023-06-05,2023-06-06,2023-08-03,0.0271216097987749,15259.466476519197,15673.327772032839,1.0,hit=4/4;selected_score=0.3858103633572226,fixed_high_score,2019_2026,C
C,159611,电力ETF,2023-08-11,2023-08-14,2023-10-17,-0.0435729847494553,15673.327772032839,14990.394100048838,1.0,hit=4/4;selected_score=0.7811455278137529,fixed_high_score,2019_2026,C
C,512950,央企改革ETF,2023-10-19,2023-10-20,2023-12-15,-0.0193929173693084,14990.394100048838,14699.686625933222,1.0,hit=5/5;selected_score=0.6693244330852537,fixed_high_score,2019_2026,C
C,512660,军工ETF,2023-12-20,2023-12-21,2024-02-26,-0.0665938864628821,14699.686625933222,13720.777363725878,1.0,hit=5/5;selected_score=0.6693244330852537,fixed_high_score,2019_2026,C
C,515170,食品饮料ETF,2024-07-25,2024-07-26,2024-09-24,-0.043560606060606,13720.777363725878,13123.091986139336,1.0,hit=5/5;selected_score=5.418702806095758,fixed_high_score,2019_2026,C
C,515170,食品饮料ETF,2024-09-24,2024-09-25,2024-11-27,0.1870078740157479,13123.091986139336,15577.213518980352,1.0,hit=5/5;selected_score=5.418702806095758,fixed_high_score,2019_2026,C
C,512400,有色金属ETF,2024-12-19,2024-12-20,2025-02-25,0.0180180180180178,15577.213518980352,15857.884032835851,1.0,hit=4/4;selected_score=0.8348871811583229,fixed_high_score,2019_2026,C
C,512400,有色金属ETF,2025-04-07,2025-04-08,2025-06-09,0.1259105098855359,15857.884032835851,17854.558297115913,1.0,hit=4/4;selected_score=0.874448383058415,fixed_high_score,2019_2026,C
C,159611,电力ETF,2025-11-20,2025-11-21,2026-01-20,0.0313111545988258,17854.558297115913,18413.605132250657,1.0,hit=4/4;selected_score=0.874448383058415,fixed_high_score,2019_2026,C
C,512660,军工ETF,2026-03-13,2026-03-16,2026-05-15,-0.0212014134275618,18413.605132250657,18023.21067714994,1.0,hit=5/5;selected_score=0.6686964927681998,fixed_high_score,2019_2026,C
C,512660,军工ETF,2026-06-01,2026-06-02,2026-07-29,-0.1365430149960536,18023.21067714994,15562.26715138282,1.0,hit=5/5;selected_score=0.6686964927681998,fixed_high_score,2019_2026,C
S,159851,金融科技ETF,2023-02-06,2023-02-07,2023-02-21,-0.0206896551724138,10000.0,9793.103448275862,0.9125925925925926,"{""score"": 0.9125925925925926, ""momentum"": 0.1938144329896907, ""mom20"": 0.1938144329896907, ""mom60"": 0.16265060240963858, ""mom120"": 0.24784482758620685, ""vol20"": 0.2146168803943361, ""amount20"": 14513167.8, ""history_days"": 456, ""accel"": 1.0}",fixed_high_score,2019_2026,S
S,512980,传媒ETF,2023-03-21,2023-03-22,2023-04-06,0.0874524714828897,9793.103448275862,10649.534548315196,0.9106666666666668,"{""score"": 0.9106666666666667, ""momentum"": 0.10374639769452454, ""mom20"": 0.10374639769452454, ""mom60"": 0.31389365351629506, ""mom120"": 0.3851717902350813, ""vol20"": 0.3186259550508973, ""amount20"": 70434739.5, ""history_days"": 1253, ""accel"": 1.0}",fixed_high_score,2019_2026,S
S,512980,传媒ETF,2023-04-07,2023-04-10,2023-04-24,0.0782918149466191,10649.534548315196,11483.305936439518,0.9104761904761904,"{""score"": 0.9104761904761904, ""momentum"": 0.28612716763005785, ""mom20"": 0.28612716763005785, ""mom60"": 0.4082278481012658, ""mom120"": 0.698473282442748, ""vol20"": 0.40652883566561926, ""amount20"": 219210889.0, ""history_days"": 1265, ""accel"": 1.0}",fixed_high_score,2019_2026,S
S,516970,基建ETF,2023-04-27,2023-04-28,2023-05-17,-0.0751824817518249,11483.305936439518,10619.96249742253,0.9133333333333332,"{""score"": 0.9133333333333333, ""momentum"": 0.1033333333333335, ""mom20"": 0.1033333333333335, ""mom60"": 0.16242317822651464, ""mom120"": 0.28046421663442933, ""vol20"": 0.26547592394778996, ""amount20"": 338325467.0, ""history_days"": 442, ""accel"": 1.0}",fixed_high_score,2019_2026,S
S,159611,电力ETF,2023-05-26,2023-05-29,2023-06-12,-0.0482051282051281,10619.96249742253,10108.025843700625,0.9333333333333332,"{""score"": 0.9333333333333333, ""momentum"": 0.06060606060606055, ""mom20"": 0.06060606060606055, ""mom60"": 0.08996539792387548, ""mom120"": 0.06060606060606055, ""vol20"": 0.23320214902063208, ""amount20"": 176535663.0, ""history_days"": 334, ""accel"": 1.0}",fixed_high_score,2019_2026,S
S,512980,传媒ETF,2023-06-13,2023-06-14,2023-06-30,-0.0987903225806451,10108.025843700625,9109.450709947943,0.91,"{""score"": 0.91, ""momentum"": 0.13048498845265577, ""mom20"": 0.13048498845265577, ""mom60"": 0.41473988439306364, ""mom120"": 0.6316666666666666, ""vol20"": 0.3724630595826888, ""amount20"": 236571298.5, ""history_days"": 1309, ""accel"": 1.0}",fixed_high_score,2019_2026,S
S,159996,家电ETF,2023-07-05,2023-07-06,2023-07-20,-0.0242005185825411,9109.450709947943,8888.997278765106,0.918,"{""score"": 0.918, ""momentum"": 0.06410256410256387, ""mom20"": 0.06410256410256387, ""mom60"": 0.055404178019981876, ""mom120"": 0.1504950495049504, ""vol20"": 0.19536143547468926, ""amount20"": 150184902.0, ""history_days"": 803, ""accel"": 1.0}",fixed_high_score,2019_2026,S
S,162411,华宝油气LOF,2023-08-14,2023-08-15,2023-08-29,-0.0195360195360194,8888.997278765106,8715.341654271528,0.92125,"{""score"": 0.92125, ""momentum"": 0.15580736543909346, ""mom20"": 0.15580736543909346, ""mom60"": 0.2573189522342063, ""mom120"": 0.14767932489451474, ""vol20"": 0.24812758212963829, ""amount20"": 40031579.6375, ""history_days"": 2570, ""accel"": 1.0}",fixed_high_score,2019_2026,S
S,162411,华宝油气LOF,2023-09-05,2023-09-06,2023-09-20,-0.0418660287081338,8715.341654271528,8350.4649103726,0.92,"{""score"": 0.9199999999999999, ""momentum"": 0.06488549618320594, ""mom20"": 0.06488549618320594, ""mom60"": 0.20431654676259003, ""mom120"": 0.2008608321377332, ""vol20"": 0.2271056158654633, ""amount20"": 51841988.925, ""history_days"": 2586, ""accel"": 1.0}",fixed_high_score,2019_2026,S
S,501018,南方原油LOF,2023-09-21,2023-09-22,2023-10-16,-0.0160583941605839,8350.4649103726,8216.369853417713,0.9275,"{""score"": 0.9275, ""momentum"": 0.09674796747967473, ""mom20"": 0.09674796747967473, ""mom60"": 0.22413793103448265, ""mom120"": 0.25605214152700184, ""vol20"": 0.1982273714367672, ""amount20"": 6205941.975, ""history_days"": 1763, ""accel"": 1.0}",fixed_high_score,2019_2026,S
S,159992,创新药ETF,2023-10-19,2023-10-20,2023-11-03,0.0687116564417178,8216.369853417713,8780.930235983838,1.0,"{""score"": 1.0, ""momentum"": 0.05183312262958273, ""mom20"": 0.05183312262958273, ""mom60"": 0.01835985312117505, ""mom120"": -0.1306165099268548, ""vol20"": 0.2316805961188385, ""amount20"": 314789673.5, ""history_days"": 855, ""accel"": 1.0}",fixed_high_score,2019_2026,S
S,159930,能源ETF,2023-11-27,2023-11-28,2023-12-12,0.002421307506053,8780.930235983838,8802.191568274355,0.9228571428571428,"{""score"": 0.9228571428571428, ""momentum"": 0.043001686340641054, ""mom20"": 0.043001686340641054, ""mom60"": 0.058169375534645074, ""mom120"": 0.10151380231522711, ""vol20"": 0.14639789069029804, ""amount20"": 14303509.5, ""history_days"": 2476, ""accel"": 1.0}",fixed_high_score,2019_2026,S
S,518880,黄金ETF,2023-12-20,2023-12-21,2024-01-05,0.0128121606948967,8802.191568274355,8914.966661114351,0.912,"{""score"": 0.912, ""momentum"": 0.02333851967103806, ""mom20"": 0.02333851967103806, ""mom60"": 0.009870585654748742, ""mom120"": 0.058390804597701296, ""vol20"": 0.10328698528257764, ""amount20"": 604841969.9750001, ""history_days"": 2532, ""accel"": 1.0}",fixed_high_score,2019_2026,S
S,159930,能源ETF,2024-01-15,2024-01-16,2024-01-30,0.0447876447876447,8914.966661114351,9314.247021226036,0.9142857142857144,"{""score"": 0.9142857142857143, ""momentum"": 0.06677658697444344, ""mom20"": 0.06677658697444344, ""mom60"": 0.05374592833876224, ""mom120"": 0.0828451882845187, ""vol20"": 0.1731828252716551, ""amount20"": 14005021.0, ""history_days"": 2510, ""accel"": 1.0}",fixed_high_score,2019_2026,S
S,159930,能源ETF,2024-02-08,2024-02-19,2024-03-04,0.0294924554183813,9314.247021226036,9588.947036255335,0.92,"{""score"": 0.9199999999999999, ""momentum"": 0.08705882352941186, ""mom20"": 0.08705882352941186, ""mom60"": 0.14168039538714994, ""mom120"": 0.17557251908396942, ""vol20"": 0.25498716558099305, ""amount20"": 21568369.0, ""history_days"": 2528, ""accel"": 1.0}",fixed_high_score,2019_2026,S
S,162411,华宝油气LOF,2024-03-26,2024-03-27,2024-04-12,0.0664251207729469,9588.947036255335,10225.894001223987,0.9130434782608696,"{""score"": 0.9130434782608696, ""momentum"": 0.10052219321148814, ""mom20"": 0.10052219321148814, ""mom60"": 0.09338521400778199, ""mom120"": 0.0711562897077509, ""vol20"": 0.13665563987748575, ""amount20"": 40295331.87500001, ""history_days"": 2718, ""accel"": 1.0}",fixed_high_score,2019_2026,S
S,159996,家电ETF,2024-04-30,2024-05-06,2024-05-20,-0.0221169036334912,10225.894001223987,9999.728889032622,0.9180645161290322,"{""score"": 0.9180645161290322, ""momentum"": 0.08201058201058209, ""mom20"": 0.08201058201058209, ""mom60"": 0.19590643274853803, ""mom120"": 0.13506012950971336, ""vol20"": 0.207568620620079, ""amount20"": 87471049.5, ""history_days"": 1002, ""accel"": 1.0}",fixed_high_score,2019_2026,S
S,161226,白银LOF,2024-05-30,2024-05-31,2024-06-17,-0.0609390609390608,9999.728889032622,9390.354800889776,0.9106666666666668,"{""score"": 0.9106666666666667, ""momentum"": 0.1461187214611872, ""mom20"": 0.1461187214611872, ""mom60"": 0.3530997304582211, ""mom120"": 0.28717948717948705, ""vol20"": 0.3805641592841736, ""amount20"": 41515106.60000001, ""history_days"": 2134, ""accel"": 1.0}",fixed_high_score,2019_2026,S
S,501018,南方原油LOF,2024-06-25,2024-06-26,2024-07-10,-0.0007616146230007,9390.354800889776,9383.202969358254,0.952,"{""score"": 0.952, ""momentum"": 0.028974158183242116, ""mom20"": 0.028974158183242116, ""mom60"": 0.020979020979021046, ""mom120"": 0.10420168067226898, ""vol20"": 0.14477246856386797, ""amount20"": 13986116.55, ""history_days"": 1942, ""accel"": 1.0}",fixed_high_score,2019_2026,S
S,159611,电力ETF,2024-07-25,2024-07-26,2024-08-09,-0.0418648905803996,9383.202969358254,8990.37620375239,0.9366666666666666,"{""score"": 0.9366666666666666, ""momentum"": 0.03827281648675185, ""mom20"": 0.03827281648675185, ""mom60"": 0.07849133537206932, ""mom120"": 0.2565320665083137, ""vol20"": 0.20859118581631061, ""amount20"": 114385767.0, ""history_days"": 617, ""accel"": 1.0}",fixed_high_score,2019_2026,S
S,511260,十年国债ETF,2024-08-09,2024-08-12,2024-08-26,0.0088593134631207,8990.37620375239,9070.024764692815,0.95,"{""score"": 0.95, ""momentum"": 0.009031224979983987, ""mom20"": 0.009031224979983987, ""mom60"": 0.020907757985208164, ""mom120"": 0.03646561507969159, ""vol20"": 0.02774776862538476, ""amount20"": 355044457.4125, ""history_days"": 1690, ""accel"": 1.0}",fixed_high_score,2019_2026,S
S,164701,贵金属LOF,2024-08-29,2024-08-30,2024-09-13,0.0167597765363127,9070.024764692815,9222.03635292789,0.9533333333333334,"{""score"": 0.9533333333333334, ""momentum"": 0.025592417061611528, ""mom20"": 0.025592417061611528, ""mom60"": 0.06916996047430835, ""mom120"": 0.18510405257393203, ""vol20"": 0.14940452693808634, ""amount20"": 2722795.125, ""history_days"": 2956, ""accel"": 1.0}",fixed_high_score,2019_2026,S
S,518880,黄金ETF,2024-09-13,2024-09-18,2024-10-09,0.00552683187734,9222.03635292789,9273.00499741724,0.9333333333333332,"{""score"": 0.9333333333333333, ""momentum"": 0.02897487621492756, ""mom20"": 0.02897487621492756, ""mom60"": 0.04371279761904745, ""mom120"": 0.127159501807955, ""vol20"": 0.09220381323260864, ""amount20"": 838216636.2375002, ""history_days"": 2711, ""accel"": 1.0}",fixed_high_score,2019_2026,S
S,159996,家电ETF,2024-10-11,2024-10-14,2024-10-28,0.0554699537750384,9273.00499741724,9787.378155979675,0.9133333333333332,"{""score"": 0.9133333333333333, ""momentum"": 0.18173345759552673, ""mom20"": 0.18173345759552673, ""mom60"": 0.18173345759552673, ""mom120"": 0.1362007168458781, ""vol20"": 0.5282063974919455, ""amount20"": 131843021.0, ""history_days"": 1109, ""accel"": 1.0}",fixed_high_score,2019_2026,S
S,512880,证券ETF,2024-11-04,2024-11-05,2024-11-19,-0.0316205533596836,9787.378155979675,9477.895842747119,0.916923076923077,"{""score"": 0.916923076923077, ""momentum"": 0.08220415537488712, ""mom20"": 0.08220415537488712, ""mom60"": 0.43473053892215563, ""mom120"": 0.38979118329466345, ""vol20"": 0.5653178929608424, ""amount20"": 2199027207.0, ""history_days"": 2000, ""accel"": 1.0}",fixed_high_score,2019_2026,S
S,512980,传媒ETF,2024-12-05,2024-12-06,2024-12-20,-0.0339366515837104,9477.895842747119,9156.247793785113,0.9142857142857144,"{""score"": 0.9142857142857143, ""momentum"": 0.06973848069738464, ""mom20"": 0.06973848069738464, ""mom60"": 0.486159169550173, ""mom120"": 0.34009360374414976, ""vol20"": 0.440207094083776, ""amount20"": 179612901.5, ""history_days"": 1668, ""accel"": 1.0}",fixed_high_score,2019_2026,S
S,159887,银行ETF,2025-01-02,2025-01-03,2025-01-17,0.0238500851788756,9156.247793785113,9374.625083585779,0.9166666666666669,"{""score"": 0.9166666666666667, ""momentum"": 0.028770706190061057, ""mom20"": 0.028770706190061057, ""mom60"": 0.06019766397124893, ""mom120"": 0.15234375, ""vol20"": 0.1842096801268777, ""amount20"": 57532080.0, ""history_days"": 881, ""accel"": 1.0}",fixed_high_score,2019_2026,S
S,518880,黄金ETF,2025-03-31,2025-04-01,2025-04-16,0.0633503401360544,9374.625083585779,9968.510771278927,0.9476923076923076,"{""score"": 0.9476923076923077, ""momentum"": 0.08696326150984346, ""mom20"": 0.08696326150984346, ""mom60"": 0.18047138047138023, ""mom120"": 0.21926621457137885, ""vol20"": 0.10086165025769309, ""amount20"": 1488937491.9, ""history_days"": 2838, ""accel"": 1.0}",fixed_high_score,2019_2026,S
S,518880,黄金ETF,2025-04-16,2025-04-17,2025-05-06,0.0062128222075346,9968.510771278927,10030.443356374777,0.9444444444444444,"{""score"": 0.9444444444444444, ""momentum"": 0.11535602794707889, ""mom20"": 0.11535602794707889, ""mom60"": 0.22598039215686283, ""mom120"": 0.26206896551724124, ""vol20"": 0.18679555060689063, ""amount20"": 3691486153.8250003, ""history_days"": 2849, ""accel"": 1.0}",fixed_high_score,2019_2026,S
S,518880,黄金ETF,2025-05-06,2025-05-07,2025-05-21,-0.0302437752574632,10030.443356374777,9727.084881771863,0.932,"{""score"": 0.932, ""momentum"": 0.08294209702660416, ""mom20"": 0.08294209702660416, ""mom60"": 0.1821711445876688, ""mom120"": 0.26739926739926734, ""vol20"": 0.3275146595644789, ""amount20"": 5912329916.65, ""history_days"": 2860, ""accel"": 1.0}",fixed_high_score,2019_2026,S
S,159887,银行ETF,2025-06-24,2025-06-25,2025-07-09,0.026074700493305,9727.084881771863,9980.71570673702,0.9214814814814816,"{""score"": 0.9214814814814816, ""momentum"": 0.07916986933128367, ""mom20"": 0.07916986933128367, ""mom60"": 0.11783439490445846, ""mom120"": 0.20722269991401543, ""vol20"": 0.0973295976171105, ""amount20"": 67697295.0, ""history_days"": 993, ""accel"": 1.0}",fixed_high_score,2019_2026,S
S,159992,创新药ETF,2025-07-30,2025-07-31,2025-08-14,0.0043336944745395,9980.71570673702,10023.969079247257,0.912972972972973,"{""score"": 0.912972972972973, ""momentum"": 0.17211055276381915, ""mom20"": 0.17211055276381915, ""mom60"": 0.26251691474966177, ""mom120"": 0.3720588235294118, ""vol20"": 0.21201367734509197, ""amount20"": 452425357.5, ""history_days"": 1287, ""accel"": 1.0}",fixed_high_score,2019_2026,S
S,159811,5G50ETF,2025-08-22,2025-08-25,2025-09-08,0.0138518913159297,10023.969079247257,10162.820009487232,0.910625,"{""score"": 0.910625, ""momentum"": 0.2503486750348676, ""mom20"": 0.2503486750348676, ""mom60"": 0.5182049110922946, ""mom120"": 0.37079510703363905, ""vol20"": 0.2976775252157679, ""amount20"": 4843091.0, ""history_days"": 1296, ""accel"": 1.0}",fixed_high_score,2019_2026,S
S,161226,白银LOF,2025-11-21,2025-11-24,2025-12-08,0.261090909090909,10162.820009487232,12816.239924691534,0.9111111111111112,"{""score"": 0.9111111111111111, ""momentum"": 0.05714285714285716, ""mom20"": 0.05714285714285716, ""mom60"": 0.29763033175355447, ""mom120"": 0.4380252100840336, ""vol20"": 0.3586297349459585, ""amount20"": 219842426.4125, ""history_days"": 2494, ""accel"": 1.0}",fixed_high_score,2019_2026,S
S,161226,白银LOF,2025-12-11,2025-12-12,2025-12-26,0.2645290581162325,12816.239924691534,16206.50780056184,0.9125,"{""score"": 0.9125, ""momentum"": 0.3267123287671234, ""mom20"": 0.3267123287671234, ""mom60"": 0.7126436781609196, ""mom120"": 0.8482824427480915, ""vol20"": 0.4788682931588076, ""amount20"": 291768045.5, ""history_days"": 2508, ""accel"": 1.0}",fixed_high_score,2019_2026,S
S,512400,有色金属ETF,2026-01-26,2026-01-27,2026-02-10,-0.081974069427018,16206.50780056184,14877.994404949075,0.913939393939394,"{""score"": 0.9139393939393939, ""momentum"": 0.30698429886302114, ""mom20"": 0.30698429886302114, ""mom60"": 0.3531390134529149, ""mom120"": 0.8992918961447682, ""vol20"": 0.3252292167408854, ""amount20"": 2109170756.5, ""history_days"": 2039, ""accel"": 1.0}",fixed_high_score,2019_2026,S
S,159663,机床ETF,2026-03-06,2026-03-09,2026-03-23,-0.1431492842535787,14877.994404949075,12748.220154751867,0.9188235294117648,"{""score"": 0.9188235294117647, ""momentum"": 0.14750290360046447, ""mom20"": 0.14750290360046447, ""mom60"": 0.40740740740740744, ""mom120"": 0.3779637377963738, ""vol20"": 0.3169609379077569, ""amount20"": 14631785.100000001, ""history_days"": 814, ""accel"": 1.0}",fixed_high_score,2019_2026,S
S,159930,能源ETF,2026-03-23,2026-03-24,2026-04-08,-0.0294284097340123,12748.220154751867,12373.060308658436,0.925,"{""score"": 0.925, ""momentum"": 0.10794044665012392, ""mom20"": 0.10794044665012392, ""mom60"": 0.25597749648382573, ""mom120"": 0.33782771535580536, ""vol20"": 0.4909685834347277, ""amount20"": 209372516.5, ""history_days"": 3035, ""accel"": 1.0}",fixed_high_score,2019_2026,S
S,159811,5G50ETF,2026-04-08,2026-04-09,2026-04-23,0.162008910490077,12373.060308658436,14377.606328692205,0.9166666666666669,"{""score"": 0.9166666666666667, ""momentum"": 0.020703933747411973, ""mom20"": 0.020703933747411973, ""mom60"": 0.05793991416309008, ""mom120"": 0.12300683371298415, ""vol20"": 0.4369181645139069, ""amount20"": 7737921.5, ""history_days"": 1444, ""accel"": 1.0}",fixed_high_score,2019_2026,S
S,159811,5G50ETF,2026-06-01,2026-06-02,2026-06-16,0.0477972934062769,14377.606328692205,15064.81699686465,0.9177777777777778,"{""score"": 0.9177777777777778, ""momentum"": 0.17922170653338076, ""mom20"": 0.17922170653338076, ""mom60"": 0.394259181089067, ""mom120"": 0.6018428709990302, ""vol20"": 0.43781588786359615, ""amount20"": 20799999.5, ""history_days"": 1479, ""accel"": 1.0}",fixed_high_score,2019_2026,S
S,159663,机床ETF,2026-06-24,2026-06-25,2026-07-09,-0.1085043988269796,15064.81699686465,13430.218085181388,0.9125,"{""score"": 0.9125, ""momentum"": 0.11359867330016593, ""mom20"": 0.11359867330016593, ""mom60"": 0.5296127562642368, ""mom120"": 0.8498622589531681, ""vol20"": 0.48974647911166497, ""amount20"": 57019252.7875, ""history_days"": 887, ""accel"": 1.0}",fixed_high_score,2019_2026,S
S,162411,华宝油气LOF,2026-07-23,2026-07-24,2026-08-07,-0.0632368703108253,13430.218085181388,12580.933125882673,0.9133333333333332,"{""score"": 0.9133333333333333, ""momentum"": 0.1914357682619645, ""mom20"": 0.1914357682619645, ""mom60"": 0.05462653288740227, ""mom120"": 0.3138888888888889, ""vol20"": 0.32529126369974765, ""amount20"": 104242641.45, ""history_days"": 3281, ""accel"": 1.0}",fixed_high_score,2019_2026,S
D,159930,能源ETF,2019-01-02,2019-01-03,2019-05-22,0.1531100478468898,10000.0,11531.1004784689,78.67299697656841,fear_weighted=77.9478;symbol_fear=79.3981,fixed_high_score,2019_2026,D
D,512880,证券ETF,2019-05-22,2019-05-23,2019-09-30,0.0525727069351229,11531.1004784689,12137.3216445629,85.84131069410432,fear_weighted=82.5775;symbol_fear=89.1051,fixed_high_score,2019_2026,D
D,510880,红利ETF,2020-01-23,2020-02-03,2020-06-12,0.0049627791563275,12137.3216445629,12197.556491434181,79.99669312169313,fear_weighted=64.2593;symbol_fear=95.7341,fixed_high_score,2019_2026,D
D,515210,钢铁ETF,2020-07-10,2020-07-13,2020-11-24,0.1254208754208754,12197.556491434181,13727.384704585438,79.43877551020408,fear_weighted=58.8776;symbol_fear=100.0,fixed_high_score,2019_2026,D
D,159996,家电ETF,2021-01-28,2021-01-29,2021-06-18,0.0007173601147776,13727.384704585438,13737.232182852717,82.77606982964127,fear_weighted=70.3893;symbol_fear=95.1629,fixed_high_score,2019_2026,D
D,159996,家电ETF,2021-07-27,2021-07-28,2021-12-06,-0.0176423416198877,13737.232182852717,13494.875239771114,81.87425712593452,fear_weighted=71.096;symbol_fear=92.6525,fixed_high_score,2019_2026,D
D,159825,农业ETF,2022-01-25,2022-01-26,2022-06-16,0.0357894736842105,13494.875239771114,13977.849722036608,83.39872324998764,fear_weighted=78.39;symbol_fear=88.4074,fixed_high_score,2019_2026,D
D,159887,银行ETF,2022-08-02,2022-08-03,2022-12-15,0.0332541567695963,13977.849722036608,14442.67132799507,76.47856584770037,fear_weighted=75.7974;symbol_fear=77.1597,fixed_high_score,2019_2026,D
D,159663,机床ETF,2023-04-25,2023-04-26,2023-06-19,0.1051524710830704,14442.67132799507,15961.353907174363,77.83374460895469,fear_weighted=58.3636;symbol_fear=97.3039,fixed_high_score,2019_2026,D
D,512980,传媒ETF,2023-08-18,2023-08-21,2023-11-16,-0.0012820512820512,15961.353907174363,15940.890632934399,75.98119803476946,fear_weighted=61.2547;symbol_fear=90.7077,fixed_high_score,2019_2026,D
D,512720,计算机ETF,2024-01-08,2024-01-09,2024-03-12,0.1087216248506572,15940.890632934399,17674.01016411365,75.38973922902494,fear_weighted=61.2623;symbol_fear=89.5172,fixed_high_score,2019_2026,D
D,560080,中药ETF,2024-07-08,2024-07-09,2024-11-21,0.114481409001957,17674.01016411365,19697.35575041629,76.43290766599037,fear_weighted=63.4732;symbol_fear=89.3926,fixed_high_score,2019_2026,D
D,512950,央企改革ETF,2024-11-22,2024-11-25,2025-02-20,0.0045351473922903,19697.35575041629,19786.686161982805,75.84986772486772,fear_weighted=71.5079;symbol_fear=80.1918,fixed_high_score,2019_2026,D
D,159811,5G50ETF,2025-04-07,2025-04-08,2025-05-09,0.1241706161137441,19786.686161982805,22243.611173565507,96.4625850340136,fear_weighted=95.3061;symbol_fear=97.619,fixed_high_score,2019_2026,D
D,159565,汽车零部件ETF,2025-10-17,2025-10-20,2025-11-11,-0.0085470085470085,22243.611173565507,22053.49483874871,75.69205027818418,fear_weighted=70.6841;symbol_fear=80.7,fixed_high_score,2019_2026,D
D,159811,5G50ETF,2025-11-21,2025-11-24,2025-12-23,0.1777893639207508,22053.49483874871,25974.371658359403,80.72704081632654,fear_weighted=72.003;symbol_fear=89.4511,fixed_high_score,2019_2026,D
D,510880,红利ETF,2026-02-02,2026-02-03,2026-06-24,-0.0009832841691249,25974.371658359403,25948.831469904773,89.73450491307634,fear_weighted=82.0484;symbol_fear=97.4206,fixed_high_score,2019_2026,D
C,512950,央企改革ETF,2019-04-26,2019-04-29,2019-06-28,-0.0331707317073169,10000.0,9668.29268292683,1.0,hit=5/5;selected_score=0.2052185486730131,fixed_high_score,2019_2026,C+S
C,512660,军工ETF,2019-11-18,2019-11-19,2020-01-15,0.0752393980848153,9668.29268292683,10395.72920489807,1.0,hit=5/5;selected_score=0.2052185486730131,fixed_high_score,2019_2026,C+S
C,512950,央企改革ETF,2020-02-03,2020-02-04,2020-03-31,0.0044792833146696,10395.72920489807,10442.294621269395,1.0,hit=5/5;selected_score=0.3035698322814436,fixed_high_score,2019_2026,C+S
C,159902,中小板ETF,2020-09-10,2020-09-11,2020-11-16,0.067612293144208,10442.294621269395,11148.322106300848,1.0,hit=5/5;selected_score=0.5955656731105526,fixed_high_score,2019_2026,C+S
C,159902,中小板ETF,2020-11-18,2020-11-19,2021-01-15,0.1114827201783723,11148.322106300848,12391.167380135948,1.0,hit=5/5;selected_score=0.5955656731105526,fixed_high_score,2019_2026,C+S
C,159930,能源ETF,2021-01-28,2021-01-29,2021-04-02,0.0753532182103611,12391.167380135948,13324.881719612442,1.0,hit=4/4;selected_score=0.9106525611216468,fixed_high_score,2019_2026,C+S
C,159930,能源ETF,2021-08-03,2021-08-04,2021-08-31,0.2198952879581153,13324.881719612442,16254.960422354447,1.0,hit=4/4;selected_score=0.9106525611216468,fixed_high_score,2019_2026,C+S
C,512400,有色金属ETF,2021-09-28,2021-09-29,2021-12-01,0.0735512630014858,16254.960422354447,17450.53329145778,1.0,hit=4/4;selected_score=0.9106525611216468,fixed_high_score,2019_2026,C+S
C,512660,军工ETF,2022-01-10,2022-01-11,2022-03-15,-0.139751552795031,17450.53329145778,15011.794166875172,1.0,hit=5/5;selected_score=0.5492349920969236,fixed_high_score,2019_2026,C+S
C,512400,有色金属ETF,2022-03-15,2022-03-16,2022-05-18,-0.0779327317473338,15011.794166875172,13841.884039021897,1.0,hit=4/4;selected_score=1.117839944306766,fixed_high_score,2019_2026,C+S
C,516970,基建ETF,2022-09-28,2022-09-29,2022-12-01,0.1073170731707318,13841.884039021897,15327.354521258396,1.0,hit=5/5;selected_score=0.5492349920969236,fixed_high_score,2019_2026,C+S
C,516970,基建ETF,2022-12-29,2022-12-30,2023-03-06,0.1396438612933459,15327.354521258396,17467.725490018944,1.0,hit=5/5;selected_score=0.5492349920969236,fixed_high_score,2019_2026,C+S
S,512980,传媒ETF,2023-03-21,2023-03-22,2023-04-06,0.0874524714828897,17467.725490018944,18995.32125530577,0.9106666666666668,"{""score"": 0.9106666666666667, ""momentum"": 0.10374639769452454, ""mom20"": 0.10374639769452454, ""mom60"": 0.31389365351629506, ""mom120"": 0.3851717902350813, ""vol20"": 0.3186259550508973, ""amount20"": 70434739.5, ""history_days"": 1253, ""accel"": 1.0}",fixed_high_score,2019_2026,C+S
C,515790,光伏ETF,2023-04-06,2023-04-07,2023-06-07,-0.1507159005275056,18995.32125530577,16132.424306503093,1.0,hit=4/4;selected_score=0.3858103633572226,fixed_high_score,2019_2026,C+S
C,515790,光伏ETF,2023-06-07,2023-06-08,2023-08-07,0.037201062887511,16132.424306503093,16732.567637657325,1.0,hit=4/4;selected_score=0.3858103633572226,fixed_high_score,2019_2026,C+S
C,159611,电力ETF,2023-08-11,2023-08-14,2023-10-17,-0.0435729847494553,16732.567637657325,16003.479723162454,1.0,hit=4/4;selected_score=0.7811455278137529,fixed_high_score,2019_2026,C+S
C,512950,央企改革ETF,2023-10-19,2023-10-20,2023-12-15,-0.0193929173693084,16003.479723162454,15693.125563269763,1.0,hit=5/5;selected_score=0.6693244330852537,fixed_high_score,2019_2026,C+S
C,512660,军工ETF,2023-12-20,2023-12-21,2024-02-26,-0.0665938864628821,15693.125563269763,14648.059341261624,1.0,hit=5/5;selected_score=0.6693244330852537,fixed_high_score,2019_2026,C+S
S,159930,能源ETF,2024-02-26,2024-02-27,2024-03-12,-0.0184931506849314,14648.059341261624,14377.170572621855,0.92,"{""score"": 0.92, ""momentum"": 0.15726767275615594, ""mom20"": 0.15726767275615594, ""mom60"": 0.1923076923076923, ""mom120"": 0.23474576271186454, ""vol20"": 0.3455721713227992, ""amount20"": 23803262.0, ""history_days"": 2534, ""accel"": 1.0}",fixed_high_score,2019_2026,C+S
S,162411,华宝油气LOF,2024-03-26,2024-03-27,2024-04-12,0.0664251207729469,14377.170572621855,15332.17586428152,0.9130434782608696,"{""score"": 0.9130434782608696, ""momentum"": 0.10052219321148814, ""mom20"": 0.10052219321148814, ""mom60"": 0.09338521400778199, ""mom120"": 0.0711562897077509, ""vol20"": 0.13665563987748575, ""amount20"": 40295331.87500001, ""history_days"": 2718, ""accel"": 1.0}",fixed_high_score,2019_2026,C+S
S,159996,家电ETF,2024-04-30,2024-05-06,2024-05-20,-0.0221169036334912,15332.17586428152,14993.075608199466,0.9180645161290322,"{""score"": 0.9180645161290322, ""momentum"": 0.08201058201058209, ""mom20"": 0.08201058201058209, ""mom60"": 0.19590643274853803, ""mom120"": 0.13506012950971336, ""vol20"": 0.207568620620079, ""amount20"": 87471049.5, ""history_days"": 1002, ""accel"": 1.0}",fixed_high_score,2019_2026,C+S
S,161226,白银LOF,2024-05-30,2024-05-31,2024-06-17,-0.0609390609390608,14993.075608199466,14079.411660047454,0.9106666666666668,"{""score"": 0.9106666666666667, ""momentum"": 0.1461187214611872, ""mom20"": 0.1461187214611872, ""mom60"": 0.3530997304582211, ""mom120"": 0.28717948717948705, ""vol20"": 0.3805641592841736, ""amount20"": 41515106.60000001, ""history_days"": 2134, ""accel"": 1.0}",fixed_high_score,2019_2026,C+S
S,501018,南方原油LOF,2024-06-25,2024-06-26,2024-07-10,-0.0007616146230007,14079.411660047454,14068.688574243915,0.952,"{""score"": 0.952, ""momentum"": 0.028974158183242116, ""mom20"": 0.028974158183242116, ""mom60"": 0.020979020979021046, ""mom120"": 0.10420168067226898, ""vol20"": 0.14477246856386797, ""amount20"": 13986116.55, ""history_days"": 1942, ""accel"": 1.0}",fixed_high_score,2019_2026,C+S
C,515170,食品饮料ETF,2024-07-25,2024-07-26,2024-09-24,-0.043560606060606,14068.688574243915,13455.847973471928,1.0,hit=5/5;selected_score=5.418702806095758,fixed_high_score,2019_2026,C+S
C,515170,食品饮料ETF,2024-09-24,2024-09-25,2024-11-27,0.1870078740157479,13455.847973471928,15972.197496070023,1.0,hit=5/5;selected_score=5.418702806095758,fixed_high_score,2019_2026,C+S
S,512980,传媒ETF,2024-12-05,2024-12-06,2024-12-20,-0.0339366515837104,15972.197496070023,15430.154594619682,0.9142857142857144,"{""score"": 0.9142857142857143, ""momentum"": 0.06973848069738464, ""mom20"": 0.06973848069738464, ""mom60"": 0.486159169550173, ""mom120"": 0.34009360374414976, ""vol20"": 0.440207094083776, ""amount20"": 179612901.5, ""history_days"": 1668, ""accel"": 1.0}",fixed_high_score,2019_2026,C+S
C,512400,有色金属ETF,2024-12-20,2024-12-23,2025-02-26,0.0271084337349396,15430.154594619682,15848.441917967804,1.0,hit=4/4;selected_score=0.8348871811583229,fixed_high_score,2019_2026,C+S
S,518880,黄金ETF,2025-03-31,2025-04-01,2025-04-16,0.0633503401360544,15848.441917967804,16852.44610409757,0.9476923076923076,"{""score"": 0.9476923076923077, ""momentum"": 0.08696326150984346, ""mom20"": 0.08696326150984346, ""mom60"": 0.18047138047138023, ""mom120"": 0.21926621457137885, ""vol20"": 0.10086165025769309, ""amount20"": 1488937491.9, ""history_days"": 2838, ""accel"": 1.0}",fixed_high_score,2019_2026,C+S
S,518880,黄金ETF,2025-04-16,2025-04-17,2025-05-06,0.0062128222075346,16852.44610409757,16957.14735550439,0.9444444444444444,"{""score"": 0.9444444444444444, ""momentum"": 0.11535602794707889, ""mom20"": 0.11535602794707889, ""mom60"": 0.22598039215686283, ""mom120"": 0.26206896551724124, ""vol20"": 0.18679555060689063, ""amount20"": 3691486153.8250003, ""history_days"": 2849, ""accel"": 1.0}",fixed_high_score,2019_2026,C+S
S,518880,黄金ETF,2025-05-06,2025-05-07,2025-05-21,-0.0302437752574632,16957.14735550439,16444.299201876827,0.932,"{""score"": 0.932, ""momentum"": 0.08294209702660416, ""mom20"": 0.08294209702660416, ""mom60"": 0.1821711445876688, ""mom120"": 0.26739926739926734, ""vol20"": 0.3275146595644789, ""amount20"": 5912329916.65, ""history_days"": 2860, ""accel"": 1.0}",fixed_high_score,2019_2026,C+S
S,159887,银行ETF,2025-06-24,2025-06-25,2025-07-09,0.026074700493305,16444.299201876827,16873.07937838806,0.9214814814814816,"{""score"": 0.9214814814814816, ""momentum"": 0.07916986933128367, ""mom20"": 0.07916986933128367, ""mom60"": 0.11783439490445846, ""mom120"": 0.20722269991401543, ""vol20"": 0.0973295976171105, ""amount20"": 67697295.0, ""history_days"": 993, ""accel"": 1.0}",fixed_high_score,2019_2026,C+S
S,159992,创新药ETF,2025-07-30,2025-07-31,2025-08-14,0.0043336944745395,16873.07937838806,16946.20214925865,0.912972972972973,"{""score"": 0.912972972972973, ""momentum"": 0.17211055276381915, ""mom20"": 0.17211055276381915, ""mom60"": 0.26251691474966177, ""mom120"": 0.3720588235294118, ""vol20"": 0.21201367734509197, ""amount20"": 452425357.5, ""history_days"": 1287, ""accel"": 1.0}",fixed_high_score,2019_2026,C+S
S,159811,5G50ETF,2025-08-22,2025-08-25,2025-09-08,0.0138518913159297,16946.20214925865,17180.939099647956,0.910625,"{""score"": 0.910625, ""momentum"": 0.2503486750348676, ""mom20"": 0.2503486750348676, ""mom60"": 0.5182049110922946, ""mom120"": 0.37079510703363905, ""vol20"": 0.2976775252157679, ""amount20"": 4843091.0, ""history_days"": 1296, ""accel"": 1.0}",fixed_high_score,2019_2026,C+S
C,159611,电力ETF,2025-11-20,2025-11-21,2026-01-20,0.0313111545988258,17180.939099647956,17718.894139950044,1.0,hit=4/4;selected_score=0.874448383058415,fixed_high_score,2019_2026,C+S
S,512400,有色金属ETF,2026-01-26,2026-01-27,2026-02-10,-0.081974069427018,17718.894139950044,16266.404281551797,0.913939393939394,"{""score"": 0.9139393939393939, ""momentum"": 0.30698429886302114, ""mom20"": 0.30698429886302114, ""mom60"": 0.3531390134529149, ""mom120"": 0.8992918961447682, ""vol20"": 0.3252292167408854, ""amount20"": 2109170756.5, ""history_days"": 2039, ""accel"": 1.0}",fixed_high_score,2019_2026,C+S
S,159663,机床ETF,2026-03-06,2026-03-09,2026-03-23,-0.1431492842535787,16266.404281551797,13937.88015126831,0.9188235294117648,"{""score"": 0.9188235294117647, ""momentum"": 0.14750290360046447, ""mom20"": 0.14750290360046447, ""mom60"": 0.40740740740740744, ""mom120"": 0.3779637377963738, ""vol20"": 0.3169609379077569, ""amount20"": 14631785.100000001, ""history_days"": 814, ""accel"": 1.0}",fixed_high_score,2019_2026,C+S
C,512950,央企改革ETF,2026-03-23,2026-03-24,2026-05-25,0.0854068594485542,13937.88015126831,15128.270722358475,1.0,hit=5/5;selected_score=0.6686964927681998,fixed_high_score,2019_2026,C+S
C,512660,军工ETF,2026-06-01,2026-06-02,2026-07-29,-0.1365430149960536,15128.270722358475,13062.611026251123,1.0,hit=5/5;selected_score=0.6686964927681998,fixed_high_score,2019_2026,C+S
D,159930,能源ETF,2019-01-02,2019-01-03,2019-05-22,0.1531100478468898,10000.0,11531.1004784689,78.67299697656841,fear_weighted=77.9478;symbol_fear=79.3981,fixed_high_score,2019_2026,C+D
D,512880,证券ETF,2019-05-22,2019-05-23,2019-09-30,0.0525727069351229,11531.1004784689,12137.3216445629,85.84131069410432,fear_weighted=82.5775;symbol_fear=89.1051,fixed_high_score,2019_2026,C+D
C,512660,军工ETF,2019-11-18,2019-11-19,2020-01-15,0.0752393980848153,12137.3216445629,13050.526419461614,1.0,hit=5/5;selected_score=0.2052185486730131,fixed_high_score,2019_2026,C+D
D,510880,红利ETF,2020-01-23,2020-02-03,2020-06-12,0.0049627791563275,13050.526419461614,13115.293299955221,79.99669312169313,fear_weighted=64.2593;symbol_fear=95.7341,fixed_high_score,2019_2026,C+D
D,515210,钢铁ETF,2020-07-10,2020-07-13,2020-11-24,0.1254208754208754,13115.293299955221,14760.224867037148,79.43877551020408,fear_weighted=58.8776;symbol_fear=100.0,fixed_high_score,2019_2026,C+D
C,159902,中小板ETF,2020-12-11,2020-12-14,2021-02-09,0.1675310033821873,14760.224867037148,17233.020149158594,1.0,hit=5/5;selected_score=0.5955656731105526,fixed_high_score,2019_2026,C+D
D,159996,家电ETF,2021-02-22,2021-02-23,2021-06-24,0.0247632920611799,17233.020149158594,17659.766460208408,76.90813593181606,fear_weighted=57.9214;symbol_fear=95.8949,fixed_high_score,2019_2026,C+D
D,159996,家电ETF,2021-07-27,2021-07-28,2021-12-06,-0.0176423416198877,17659.766460208408,17348.20682738998,81.87425712593452,fear_weighted=71.096;symbol_fear=92.6525,fixed_high_score,2019_2026,C+D
C,512660,军工ETF,2022-01-10,2022-01-11,2022-03-15,-0.139751552795031,17348.20682738998,14923.76798505287,1.0,hit=5/5;selected_score=0.5492349920969236,fixed_high_score,2019_2026,C+D
D,159766,旅游ETF,2022-03-15,2022-03-16,2022-07-28,0.0735294117647058,14923.76798505287,16021.103866306756,96.859410430839,fear_weighted=94.2744;symbol_fear=99.4444,fixed_high_score,2019_2026,C+D
D,159887,银行ETF,2022-08-02,2022-08-03,2022-12-15,0.0332541567695963,16021.103866306756,16553.872165898905,76.47856584770037,fear_weighted=75.7974;symbol_fear=77.1597,fixed_high_score,2019_2026,C+D
C,516970,基建ETF,2022-12-29,2022-12-30,2023-03-06,0.1396438612933459,16553.872165898905,18865.518794501473,1.0,hit=5/5;selected_score=0.5492349920969236,fixed_high_score,2019_2026,C+D
C,515790,光伏ETF,2023-04-03,2023-04-04,2023-06-05,-0.1264193792581378,18865.518794501473,16480.551619117865,1.0,hit=4/4;selected_score=0.3858103633572226,fixed_high_score,2019_2026,C+D
C,515790,光伏ETF,2023-06-05,2023-06-06,2023-08-03,0.0271216097987749,16480.551619117865,16927.530709400147,1.0,hit=4/4;selected_score=0.3858103633572226,fixed_high_score,2019_2026,C+D
C,159611,电力ETF,2023-08-11,2023-08-14,2023-10-17,-0.0435729847494553,16927.530709400147,16189.94767195352,1.0,hit=4/4;selected_score=0.7811455278137529,fixed_high_score,2019_2026,C+D
C,512950,央企改革ETF,2023-10-19,2023-10-20,2023-12-15,-0.0193929173693084,16189.94767195352,15875.9773545379,1.0,hit=5/5;selected_score=0.6693244330852537,fixed_high_score,2019_2026,C+D
C,512660,军工ETF,2023-12-20,2023-12-21,2024-02-26,-0.0665938864628821,15875.9773545379,14818.734321102515,1.0,hit=5/5;selected_score=0.6693244330852537,fixed_high_score,2019_2026,C+D
D,560080,中药ETF,2024-07-08,2024-07-09,2024-11-21,0.114481409001957,14818.734321102515,16515.20390580799,76.43290766599037,fear_weighted=63.4732;symbol_fear=89.3926,fixed_high_score,2019_2026,C+D
D,512950,央企改革ETF,2024-11-22,2024-11-25,2025-02-20,0.0045351473922903,16515.20390580799,16590.10278973456,75.84986772486772,fear_weighted=71.5079;symbol_fear=80.1918,fixed_high_score,2019_2026,C+D
D,159811,5G50ETF,2025-04-07,2025-04-08,2025-05-09,0.1241706161137441,16590.10278973456,18650.106074526244,96.4625850340136,fear_weighted=95.3061;symbol_fear=97.619,fixed_high_score,2019_2026,C+D
D,159565,汽车零部件ETF,2025-10-17,2025-10-20,2025-11-11,-0.0085470085470085,18650.106074526244,18490.703458504653,75.69205027818418,fear_weighted=70.6841;symbol_fear=80.7,fixed_high_score,2019_2026,C+D
C,159611,电力ETF,2025-11-20,2025-11-21,2026-01-20,0.0313111545988258,18490.703458504653,19069.668733134935,1.0,hit=4/4;selected_score=0.874448383058415,fixed_high_score,2019_2026,C+D
D,510880,红利ETF,2026-02-02,2026-02-03,2026-06-24,-0.0009832841691249,19069.668733134935,19050.91782975919,89.73450491307634,fear_weighted=82.0484;symbol_fear=97.4206,fixed_high_score,2019_2026,C+D
D,159930,能源ETF,2019-01-02,2019-01-03,2019-05-22,0.1531100478468898,10000.0,11531.1004784689,78.67299697656841,fear_weighted=77.9478;symbol_fear=79.3981,fixed_high_score,2019_2026,S+D
D,512880,证券ETF,2019-05-22,2019-05-23,2019-09-30,0.0525727069351229,11531.1004784689,12137.3216445629,85.84131069410432,fear_weighted=82.5775;symbol_fear=89.1051,fixed_high_score,2019_2026,S+D
D,510880,红利ETF,2020-01-23,2020-02-03,2020-06-12,0.0049627791563275,12137.3216445629,12197.556491434181,79.99669312169313,fear_weighted=64.2593;symbol_fear=95.7341,fixed_high_score,2019_2026,S+D
D,515210,钢铁ETF,2020-07-10,2020-07-13,2020-11-24,0.1254208754208754,12197.556491434181,13727.384704585438,79.43877551020408,fear_weighted=58.8776;symbol_fear=100.0,fixed_high_score,2019_2026,S+D
D,159996,家电ETF,2021-01-28,2021-01-29,2021-06-18,0.0007173601147776,13727.384704585438,13737.232182852717,82.77606982964127,fear_weighted=70.3893;symbol_fear=95.1629,fixed_high_score,2019_2026,S+D
D,159996,家电ETF,2021-07-27,2021-07-28,2021-12-06,-0.0176423416198877,13737.232182852717,13494.875239771114,81.87425712593452,fear_weighted=71.096;symbol_fear=92.6525,fixed_high_score,2019_2026,S+D
D,159825,农业ETF,2022-01-25,2022-01-26,2022-06-16,0.0357894736842105,13494.875239771114,13977.849722036608,83.39872324998764,fear_weighted=78.39;symbol_fear=88.4074,fixed_high_score,2019_2026,S+D
D,159887,银行ETF,2022-08-02,2022-08-03,2022-12-15,0.0332541567695963,13977.849722036608,14442.67132799507,76.47856584770037,fear_weighted=75.7974;symbol_fear=77.1597,fixed_high_score,2019_2026,S+D
S,159851,金融科技ETF,2023-02-06,2023-02-07,2023-02-21,-0.0206896551724138,14442.67132799507,14143.857438450344,0.9125925925925926,"{""score"": 0.9125925925925926, ""momentum"": 0.1938144329896907, ""mom20"": 0.1938144329896907, ""mom60"": 0.16265060240963858, ""mom120"": 0.24784482758620685, ""vol20"": 0.2146168803943361, ""amount20"": 14513167.8, ""history_days"": 456, ""accel"": 1.0}",fixed_high_score,2019_2026,S+D
S,512980,传媒ETF,2023-03-21,2023-03-22,2023-04-06,0.0874524714828897,14143.857438450344,15380.772727744481,0.9106666666666668,"{""score"": 0.9106666666666667, ""momentum"": 0.10374639769452454, ""mom20"": 0.10374639769452454, ""mom60"": 0.31389365351629506, ""mom120"": 0.3851717902350813, ""vol20"": 0.3186259550508973, ""amount20"": 70434739.5, ""history_days"": 1253, ""accel"": 1.0}",fixed_high_score,2019_2026,S+D
S,512980,传媒ETF,2023-04-07,2023-04-10,2023-04-24,0.0782918149466191,15380.772727744481,16584.961339881058,0.9104761904761904,"{""score"": 0.9104761904761904, ""momentum"": 0.28612716763005785, ""mom20"": 0.28612716763005785, ""mom60"": 0.4082278481012658, ""mom120"": 0.698473282442748, ""vol20"": 0.40652883566561926, ""amount20"": 219210889.0, ""history_days"": 1265, ""accel"": 1.0}",fixed_high_score,2019_2026,S+D
D,159663,机床ETF,2023-04-25,2023-04-26,2023-06-19,0.1051524710830704,16584.961339881058,18328.911007586743,77.83374460895469,fear_weighted=58.3636;symbol_fear=97.3039,fixed_high_score,2019_2026,S+D
S,512980,传媒ETF,2023-06-20,2023-06-21,2023-07-07,-0.0945802337938362,18328.911007586743,16595.35831930277,0.9133333333333332,"{""score"": 0.9133333333333333, ""momentum"": 0.20877817319098457, ""mom20"": 0.20877817319098457, ""mom60"": 0.291508238276299, ""mom120"": 0.7814685314685315, ""vol20"": 0.32206814953900403, ""amount20"": 249602857.0, ""history_days"": 1314, ""accel"": 1.0}",fixed_high_score,2019_2026,S+D
S,162411,华宝油气LOF,2023-08-14,2023-08-15,2023-08-29,-0.0195360195360194,16595.35831930277,16271.15107496963,0.92125,"{""score"": 0.92125, ""momentum"": 0.15580736543909346, ""mom20"": 0.15580736543909346, ""mom60"": 0.2573189522342063, ""mom120"": 0.14767932489451474, ""vol20"": 0.24812758212963829, ""amount20"": 40031579.6375, ""history_days"": 2570, ""accel"": 1.0}",fixed_high_score,2019_2026,S+D
S,162411,华宝油气LOF,2023-09-05,2023-09-06,2023-09-20,-0.0418660287081338,16271.15107496963,15589.942596950568,0.92,"{""score"": 0.9199999999999999, ""momentum"": 0.06488549618320594, ""mom20"": 0.06488549618320594, ""mom60"": 0.20431654676259003, ""mom120"": 0.2008608321377332, ""vol20"": 0.2271056158654633, ""amount20"": 51841988.925, ""history_days"": 2586, ""accel"": 1.0}",fixed_high_score,2019_2026,S+D
S,501018,南方原油LOF,2023-09-21,2023-09-22,2023-10-16,-0.0160583941605839,15589.942596950568,15339.59315378786,0.9275,"{""score"": 0.9275, ""momentum"": 0.09674796747967473, ""mom20"": 0.09674796747967473, ""mom60"": 0.22413793103448265, ""mom120"": 0.25605214152700184, ""vol20"": 0.1982273714367672, ""amount20"": 6205941.975, ""history_days"": 1763, ""accel"": 1.0}",fixed_high_score,2019_2026,S+D
S,159992,创新药ETF,2023-10-19,2023-10-20,2023-11-03,0.0687116564417178,15339.59315378786,16393.602008526657,1.0,"{""score"": 1.0, ""momentum"": 0.05183312262958273, ""mom20"": 0.05183312262958273, ""mom60"": 0.01835985312117505, ""mom120"": -0.1306165099268548, ""vol20"": 0.2316805961188385, ""amount20"": 314789673.5, ""history_days"": 855, ""accel"": 1.0}",fixed_high_score,2019_2026,S+D
S,159930,能源ETF,2023-11-27,2023-11-28,2023-12-12,0.002421307506053,16393.602008526657,16433.295960121148,0.9228571428571428,"{""score"": 0.9228571428571428, ""momentum"": 0.043001686340641054, ""mom20"": 0.043001686340641054, ""mom60"": 0.058169375534645074, ""mom120"": 0.10151380231522711, ""vol20"": 0.14639789069029804, ""amount20"": 14303509.5, ""history_days"": 2476, ""accel"": 1.0}",fixed_high_score,2019_2026,S+D
S,518880,黄金ETF,2023-12-20,2023-12-21,2024-01-05,0.0128121606948967,16433.295960121148,16643.841988709017,0.912,"{""score"": 0.912, ""momentum"": 0.02333851967103806, ""mom20"": 0.02333851967103806, ""mom60"": 0.009870585654748742, ""mom120"": 0.058390804597701296, ""vol20"": 0.10328698528257764, ""amount20"": 604841969.9750001, ""history_days"": 2532, ""accel"": 1.0}",fixed_high_score,2019_2026,S+D
D,512720,计算机ETF,2024-01-08,2024-01-09,2024-03-12,0.1087216248506572,16643.841988709017,18453.387533479057,75.38973922902494,fear_weighted=61.2623;symbol_fear=89.5172,fixed_high_score,2019_2026,S+D
S,162411,华宝油气LOF,2024-03-26,2024-03-27,2024-04-12,0.0664251207729469,18453.387533479057,19679.156029060396,0.9130434782608696,"{""score"": 0.9130434782608696, ""momentum"": 0.10052219321148814, ""mom20"": 0.10052219321148814, ""mom60"": 0.09338521400778199, ""mom120"": 0.0711562897077509, ""vol20"": 0.13665563987748575, ""amount20"": 40295331.87500001, ""history_days"": 2718, ""accel"": 1.0}",fixed_high_score,2019_2026,S+D
S,159996,家电ETF,2024-04-30,2024-05-06,2024-05-20,-0.0221169036334912,19679.156029060396,19243.91403157723,0.9180645161290322,"{""score"": 0.9180645161290322, ""momentum"": 0.08201058201058209, ""mom20"": 0.08201058201058209, ""mom60"": 0.19590643274853803, ""mom120"": 0.13506012950971336, ""vol20"": 0.207568620620079, ""amount20"": 87471049.5, ""history_days"": 1002, ""accel"": 1.0}",fixed_high_score,2019_2026,S+D
S,161226,白银LOF,2024-05-30,2024-05-31,2024-06-17,-0.0609390609390608,19243.91403157723,18071.2079817009,0.9106666666666668,"{""score"": 0.9106666666666667, ""momentum"": 0.1461187214611872, ""mom20"": 0.1461187214611872, ""mom60"": 0.3530997304582211, ""mom120"": 0.28717948717948705, ""vol20"": 0.3805641592841736, ""amount20"": 41515106.60000001, ""history_days"": 2134, ""accel"": 1.0}",fixed_high_score,2019_2026,S+D
S,501018,南方原油LOF,2024-06-25,2024-06-26,2024-07-10,-0.0007616146230007,18071.2079817009,18057.44468544675,0.952,"{""score"": 0.952, ""momentum"": 0.028974158183242116, ""mom20"": 0.028974158183242116, ""mom60"": 0.020979020979021046, ""mom120"": 0.10420168067226898, ""vol20"": 0.14477246856386797, ""amount20"": 13986116.55, ""history_days"": 1942, ""accel"": 1.0}",fixed_high_score,2019_2026,S+D
D,159870,化工ETF,2024-07-23,2024-07-24,2024-12-06,0.1447619047619046,18057.44468544675,20671.474773244754,78.33805744520029,fear_weighted=65.2079;symbol_fear=91.4683,fixed_high_score,2019_2026,S+D
S,512980,传媒ETF,2024-12-09,2024-12-10,2024-12-24,-0.0655926352128882,20671.474773244754,19315.578269130892,0.91,"{""score"": 0.91, ""momentum"": 0.05797101449275366, ""mom20"": 0.05797101449275366, ""mom60"": 0.48223350253807107, ""mom120"": 0.349768875192604, ""vol20"": 0.4234067774291791, ""amount20"": 179612901.5, ""history_days"": 1670, ""accel"": 1.0}",fixed_high_score,2019_2026,S+D
D,512880,证券ETF,2025-01-02,2025-01-03,2025-02-20,0.0399628252788102,19315.578269130892,20087.483348659352,83.44576719576719,fear_weighted=75.6878;symbol_fear=91.2037,fixed_high_score,2019_2026,S+D
S,518880,黄金ETF,2025-03-31,2025-04-01,2025-04-16,0.0633503401360544,20087.483348659352,21360.032251274253,0.9476923076923076,"{""score"": 0.9476923076923077, ""momentum"": 0.08696326150984346, ""mom20"": 0.08696326150984346, ""mom60"": 0.18047138047138023, ""mom120"": 0.21926621457137885, ""vol20"": 0.10086165025769309, ""amount20"": 1488937491.9, ""history_days"": 2838, ""accel"": 1.0}",fixed_high_score,2019_2026,S+D
S,518880,黄金ETF,2025-04-16,2025-04-17,2025-05-06,0.0062128222075346,21360.032251274253,21492.738333998626,0.9444444444444444,"{""score"": 0.9444444444444444, ""momentum"": 0.11535602794707889, ""mom20"": 0.11535602794707889, ""mom60"": 0.22598039215686283, ""mom120"": 0.26206896551724124, ""vol20"": 0.18679555060689063, ""amount20"": 3691486153.8250003, ""history_days"": 2849, ""accel"": 1.0}",fixed_high_score,2019_2026,S+D
S,518880,黄金ETF,2025-05-06,2025-05-07,2025-05-21,-0.0302437752574632,21492.738333998626,20842.716786157707,0.932,"{""score"": 0.932, ""momentum"": 0.08294209702660416, ""mom20"": 0.08294209702660416, ""mom60"": 0.1821711445876688, ""mom120"": 0.26739926739926734, ""vol20"": 0.3275146595644789, ""amount20"": 5912329916.65, ""history_days"": 2860, ""accel"": 1.0}",fixed_high_score,2019_2026,S+D
S,159887,银行ETF,2025-06-24,2025-06-25,2025-07-09,0.026074700493305,20842.716786157707,21386.18438382355,0.9214814814814816,"{""score"": 0.9214814814814816, ""momentum"": 0.07916986933128367, ""mom20"": 0.07916986933128367, ""mom60"": 0.11783439490445846, ""mom120"": 0.20722269991401543, ""vol20"": 0.0973295976171105, ""amount20"": 67697295.0, ""history_days"": 993, ""accel"": 1.0}",fixed_high_score,2019_2026,S+D
S,159992,创新药ETF,2025-07-30,2025-07-31,2025-08-14,0.0043336944745395,21386.18438382355,21478.86557291921,0.912972972972973,"{""score"": 0.912972972972973, ""momentum"": 0.17211055276381915, ""mom20"": 0.17211055276381915, ""mom60"": 0.26251691474966177, ""mom120"": 0.3720588235294118, ""vol20"": 0.21201367734509197, ""amount20"": 452425357.5, ""history_days"": 1287, ""accel"": 1.0}",fixed_high_score,2019_2026,S+D
S,159811,5G50ETF,2025-08-22,2025-08-25,2025-09-08,0.0138518913159297,21478.86557291921,21776.388484424755,0.910625,"{""score"": 0.910625, ""momentum"": 0.2503486750348676, ""mom20"": 0.2503486750348676, ""mom60"": 0.5182049110922946, ""mom120"": 0.37079510703363905, ""vol20"": 0.2976775252157679, ""amount20"": 4843091.0, ""history_days"": 1296, ""accel"": 1.0}",fixed_high_score,2019_2026,S+D
D,159565,汽车零部件ETF,2025-10-17,2025-10-20,2025-11-11,-0.0085470085470085,21776.388484424755,21590.2655059254,75.69205027818418,fear_weighted=70.6841;symbol_fear=80.7,fixed_high_score,2019_2026,S+D
D,159811,5G50ETF,2025-11-21,2025-11-24,2025-12-23,0.1777893639207508,21590.2655059254,25428.785077104003,80.72704081632654,fear_weighted=72.003;symbol_fear=89.4511,fixed_high_score,2019_2026,S+D
S,512400,有色金属ETF,2026-01-26,2026-01-27,2026-02-10,-0.081974069427018,25428.785077104003,23344.28408374876,0.913939393939394,"{""score"": 0.9139393939393939, ""momentum"": 0.30698429886302114, ""mom20"": 0.30698429886302114, ""mom60"": 0.3531390134529149, ""mom120"": 0.8992918961447682, ""vol20"": 0.3252292167408854, ""amount20"": 2109170756.5, ""history_days"": 2039, ""accel"": 1.0}",fixed_high_score,2019_2026,S+D
D,512980,传媒ETF,2026-03-03,2026-03-04,2026-07-15,-0.2280037842951749,23344.28408374876,18021.698970992424,76.70256991685564,fear_weighted=67.6909;symbol_fear=85.7143,fixed_high_score,2019_2026,S+D
S,162411,华宝油气LOF,2026-07-23,2026-07-24,2026-08-07,-0.0632368703108253,18021.698970992424,16882.06313038304,0.9133333333333332,"{""score"": 0.9133333333333333, ""momentum"": 0.1914357682619645, ""mom20"": 0.1914357682619645, ""mom60"": 0.05462653288740227, ""mom120"": 0.3138888888888889, ""vol20"": 0.32529126369974765, ""amount20"": 104242641.45, ""history_days"": 3281, ""accel"": 1.0}",fixed_high_score,2019_2026,S+D
D,159930,能源ETF,2019-01-02,2019-01-03,2019-05-22,0.1531100478468898,10000.0,11531.1004784689,78.67299697656841,fear_weighted=77.9478;symbol_fear=79.3981,fixed_high_score,2019_2026,C+S+D
D,512880,证券ETF,2019-05-22,2019-05-23,2019-09-30,0.0525727069351229,11531.1004784689,12137.3216445629,85.84131069410432,fear_weighted=82.5775;symbol_fear=89.1051,fixed_high_score,2019_2026,C+S+D
C,512660,军工ETF,2019-11-18,2019-11-19,2020-01-15,0.0752393980848153,12137.3216445629,13050.526419461614,1.0,hit=5/5;selected_score=0.2052185486730131,fixed_high_score,2019_2026,C+S+D
D,510880,红利ETF,2020-01-23,2020-02-03,2020-06-12,0.0049627791563275,13050.526419461614,13115.293299955221,79.99669312169313,fear_weighted=64.2593;symbol_fear=95.7341,fixed_high_score,2019_2026,C+S+D
D,515210,钢铁ETF,2020-07-10,2020-07-13,2020-11-24,0.1254208754208754,13115.293299955221,14760.224867037148,79.43877551020408,fear_weighted=58.8776;symbol_fear=100.0,fixed_high_score,2019_2026,C+S+D
C,159902,中小板ETF,2020-12-11,2020-12-14,2021-02-09,0.1675310033821873,14760.224867037148,17233.020149158594,1.0,hit=5/5;selected_score=0.5955656731105526,fixed_high_score,2019_2026,C+S+D
D,159996,家电ETF,2021-02-22,2021-02-23,2021-06-24,0.0247632920611799,17233.020149158594,17659.766460208408,76.90813593181606,fear_weighted=57.9214;symbol_fear=95.8949,fixed_high_score,2019_2026,C+S+D
D,159996,家电ETF,2021-07-27,2021-07-28,2021-12-06,-0.0176423416198877,17659.766460208408,17348.20682738998,81.87425712593452,fear_weighted=71.096;symbol_fear=92.6525,fixed_high_score,2019_2026,C+S+D
C,512660,军工ETF,2022-01-10,2022-01-11,2022-03-15,-0.139751552795031,17348.20682738998,14923.76798505287,1.0,hit=5/5;selected_score=0.5492349920969236,fixed_high_score,2019_2026,C+S+D
D,159766,旅游ETF,2022-03-15,2022-03-16,2022-07-28,0.0735294117647058,14923.76798505287,16021.103866306756,96.859410430839,fear_weighted=94.2744;symbol_fear=99.4444,fixed_high_score,2019_2026,C+S+D
D,159887,银行ETF,2022-08-02,2022-08-03,2022-12-15,0.0332541567695963,16021.103866306756,16553.872165898905,76.47856584770037,fear_weighted=75.7974;symbol_fear=77.1597,fixed_high_score,2019_2026,C+S+D
C,516970,基建ETF,2022-12-29,2022-12-30,2023-03-06,0.1396438612933459,16553.872165898905,18865.518794501473,1.0,hit=5/5;selected_score=0.5492349920969236,fixed_high_score,2019_2026,C+S+D
S,512980,传媒ETF,2023-03-21,2023-03-22,2023-04-06,0.0874524714828897,18865.518794501473,20515.355038887534,0.9106666666666668,"{""score"": 0.9106666666666667, ""momentum"": 0.10374639769452454, ""mom20"": 0.10374639769452454, ""mom60"": 0.31389365351629506, ""mom120"": 0.3851717902350813, ""vol20"": 0.3186259550508973, ""amount20"": 70434739.5, ""history_days"": 1253, ""accel"": 1.0}",fixed_high_score,2019_2026,C+S+D
C,515790,光伏ETF,2023-04-06,2023-04-07,2023-06-07,-0.1507159005275056,20515.355038887534,17423.364829560098,1.0,hit=4/4;selected_score=0.3858103633572226,fixed_high_score,2019_2026,C+S+D
C,515790,光伏ETF,2023-06-07,2023-06-08,2023-08-07,0.037201062887511,17423.364829560098,18071.532520296612,1.0,hit=4/4;selected_score=0.3858103633572226,fixed_high_score,2019_2026,C+S+D
C,159611,电力ETF,2023-08-11,2023-08-14,2023-10-17,-0.0435729847494553,18071.532520296612,17284.101909390443,1.0,hit=4/4;selected_score=0.7811455278137529,fixed_high_score,2019_2026,C+S+D
C,512950,央企改革ETF,2023-10-19,2023-10-20,2023-12-15,-0.0193929173693084,17284.101909390443,16948.91274925893,1.0,hit=5/5;selected_score=0.6693244330852537,fixed_high_score,2019_2026,C+S+D
C,512660,军工ETF,2023-12-20,2023-12-21,2024-02-26,-0.0665938864628821,16948.91274925893,15820.218777965485,1.0,hit=5/5;selected_score=0.6693244330852537,fixed_high_score,2019_2026,C+S+D
S,159930,能源ETF,2024-02-26,2024-02-27,2024-03-12,-0.0184931506849314,15820.218777965485,15527.653088235988,0.92,"{""score"": 0.92, ""momentum"": 0.15726767275615594, ""mom20"": 0.15726767275615594, ""mom60"": 0.1923076923076923, ""mom120"": 0.23474576271186454, ""vol20"": 0.3455721713227992, ""amount20"": 23803262.0, ""history_days"": 2534, ""accel"": 1.0}",fixed_high_score,2019_2026,C+S+D
S,162411,华宝油气LOF,2024-03-26,2024-03-27,2024-04-12,0.0664251207729469,15527.653088235988,16559.079319942484,0.9130434782608696,"{""score"": 0.9130434782608696, ""momentum"": 0.10052219321148814, ""mom20"": 0.10052219321148814, ""mom60"": 0.09338521400778199, ""mom120"": 0.0711562897077509, ""vol20"": 0.13665563987748575, ""amount20"": 40295331.87500001, ""history_days"": 2718, ""accel"": 1.0}",fixed_high_score,2019_2026,C+S+D
S,159996,家电ETF,2024-04-30,2024-05-06,2024-05-20,-0.0221169036334912,16559.079319942484,16192.84375836398,0.9180645161290322,"{""score"": 0.9180645161290322, ""momentum"": 0.08201058201058209, ""mom20"": 0.08201058201058209, ""mom60"": 0.19590643274853803, ""mom120"": 0.13506012950971336, ""vol20"": 0.207568620620079, ""amount20"": 87471049.5, ""history_days"": 1002, ""accel"": 1.0}",fixed_high_score,2019_2026,C+S+D
S,161226,白银LOF,2024-05-30,2024-05-31,2024-06-17,-0.0609390609390608,16192.84375836398,15206.06706579635,0.9106666666666668,"{""score"": 0.9106666666666667, ""momentum"": 0.1461187214611872, ""mom20"": 0.1461187214611872, ""mom60"": 0.3530997304582211, ""mom120"": 0.28717948717948705, ""vol20"": 0.3805641592841736, ""amount20"": 41515106.60000001, ""history_days"": 2134, ""accel"": 1.0}",fixed_high_score,2019_2026,C+S+D
S,501018,南方原油LOF,2024-06-25,2024-06-26,2024-07-10,-0.0007616146230007,15206.06706579635,15194.485902760709,0.952,"{""score"": 0.952, ""momentum"": 0.028974158183242116, ""mom20"": 0.028974158183242116, ""mom60"": 0.020979020979021046, ""mom120"": 0.10420168067226898, ""vol20"": 0.14477246856386797, ""amount20"": 13986116.55, ""history_days"": 1942, ""accel"": 1.0}",fixed_high_score,2019_2026,C+S+D
D,159870,化工ETF,2024-07-23,2024-07-24,2024-12-06,0.1447619047619046,15194.485902760709,17394.068623922256,78.33805744520029,fear_weighted=65.2079;symbol_fear=91.4683,fixed_high_score,2019_2026,C+S+D
S,512980,传媒ETF,2024-12-09,2024-12-10,2024-12-24,-0.0655926352128882,17394.068623922256,16253.145825805379,0.91,"{""score"": 0.91, ""momentum"": 0.05797101449275366, ""mom20"": 0.05797101449275366, ""mom60"": 0.48223350253807107, ""mom120"": 0.349768875192604, ""vol20"": 0.4234067774291791, ""amount20"": 179612901.5, ""history_days"": 1670, ""accel"": 1.0}",fixed_high_score,2019_2026,C+S+D
D,512880,证券ETF,2025-01-02,2025-01-03,2025-02-20,0.0399628252788102,16253.145825805379,16902.667452673064,83.44576719576719,fear_weighted=75.6878;symbol_fear=91.2037,fixed_high_score,2019_2026,C+S+D
S,518880,黄金ETF,2025-03-31,2025-04-01,2025-04-16,0.0633503401360544,16902.667452673064,17973.45718500652,0.9476923076923076,"{""score"": 0.9476923076923077, ""momentum"": 0.08696326150984346, ""mom20"": 0.08696326150984346, ""mom60"": 0.18047138047138023, ""mom120"": 0.21926621457137885, ""vol20"": 0.10086165025769309, ""amount20"": 1488937491.9, ""history_days"": 2838, ""accel"": 1.0}",fixed_high_score,2019_2026,C+S+D
S,518880,黄金ETF,2025-04-16,2025-04-17,2025-05-06,0.0062128222075346,17973.45718500652,18085.1230789517,0.9444444444444444,"{""score"": 0.9444444444444444, ""momentum"": 0.11535602794707889, ""mom20"": 0.11535602794707889, ""mom60"": 0.22598039215686283, ""mom120"": 0.26206896551724124, ""vol20"": 0.18679555060689063, ""amount20"": 3691486153.8250003, ""history_days"": 2849, ""accel"": 1.0}",fixed_high_score,2019_2026,C+S+D
S,518880,黄金ETF,2025-05-06,2025-05-07,2025-05-21,-0.0302437752574632,18085.1230789517,17538.16068104832,0.932,"{""score"": 0.932, ""momentum"": 0.08294209702660416, ""mom20"": 0.08294209702660416, ""mom60"": 0.1821711445876688, ""mom120"": 0.26739926739926734, ""vol20"": 0.3275146595644789, ""amount20"": 5912329916.65, ""history_days"": 2860, ""accel"": 1.0}",fixed_high_score,2019_2026,C+S+D
S,159887,银行ETF,2025-06-24,2025-06-25,2025-07-09,0.026074700493305,17538.16068104832,17995.462968010113,0.9214814814814816,"{""score"": 0.9214814814814816, ""momentum"": 0.07916986933128367, ""mom20"": 0.07916986933128367, ""mom60"": 0.11783439490445846, ""mom120"": 0.20722269991401543, ""vol20"": 0.0973295976171105, ""amount20"": 67697295.0, ""history_days"": 993, ""accel"": 1.0}",fixed_high_score,2019_2026,C+S+D
S,159992,创新药ETF,2025-07-30,2025-07-31,2025-08-14,0.0043336944745395,17995.462968010113,18073.44980644136,0.912972972972973,"{""score"": 0.912972972972973, ""momentum"": 0.17211055276381915, ""mom20"": 0.17211055276381915, ""mom60"": 0.26251691474966177, ""mom120"": 0.3720588235294118, ""vol20"": 0.21201367734509197, ""amount20"": 452425357.5, ""history_days"": 1287, ""accel"": 1.0}",fixed_high_score,2019_2026,C+S+D
S,159811,5G50ETF,2025-08-22,2025-08-25,2025-09-08,0.0138518913159297,18073.44980644136,18323.8012688641,0.910625,"{""score"": 0.910625, ""momentum"": 0.2503486750348676, ""mom20"": 0.2503486750348676, ""mom60"": 0.5182049110922946, ""mom120"": 0.37079510703363905, ""vol20"": 0.2976775252157679, ""amount20"": 4843091.0, ""history_days"": 1296, ""accel"": 1.0}",fixed_high_score,2019_2026,C+S+D
D,159565,汽车零部件ETF,2025-10-17,2025-10-20,2025-11-11,-0.0085470085470085,18323.8012688641,18167.187582805433,75.69205027818418,fear_weighted=70.6841;symbol_fear=80.7,fixed_high_score,2019_2026,C+S+D
C,159611,电力ETF,2025-11-20,2025-11-21,2026-01-20,0.0313111545988258,18167.187582805433,18736.023201836524,1.0,hit=4/4;selected_score=0.874448383058415,fixed_high_score,2019_2026,C+S+D
S,512400,有色金属ETF,2026-01-26,2026-01-27,2026-02-10,-0.081974069427018,18736.023201836524,17200.155135102956,0.913939393939394,"{""score"": 0.9139393939393939, ""momentum"": 0.30698429886302114, ""mom20"": 0.30698429886302114, ""mom60"": 0.3531390134529149, ""mom120"": 0.8992918961447682, ""vol20"": 0.3252292167408854, ""amount20"": 2109170756.5, ""history_days"": 2039, ""accel"": 1.0}",fixed_high_score,2019_2026,C+S+D
D,512980,传媒ETF,2026-03-03,2026-03-04,2026-07-15,-0.2280037842951749,17200.155135102956,13278.454673835397,76.70256991685564,fear_weighted=67.6909;symbol_fear=85.7143,fixed_high_score,2019_2026,C+S+D
S,162411,华宝油气LOF,2026-07-23,2026-07-24,2026-08-07,-0.0632368703108253,13278.454673835397,12438.766757697897,0.9133333333333332,"{""score"": 0.9133333333333333, ""momentum"": 0.1914357682619645, ""mom20"": 0.1914357682619645, ""mom60"": 0.05462653288740227, ""mom120"": 0.3138888888888889, ""vol20"": 0.32529126369974765, ""amount20"": 104242641.45, ""history_days"": 3281, ""accel"": 1.0}",fixed_high_score,2019_2026,C+S+D
C,159930,能源ETF,2021-01-28,2021-01-29,2021-04-02,0.0753532182103611,10000.0,10753.53218210361,1.0,hit=4/4;selected_score=0.9106525611216468,fixed_high_score,2021_2026,C
C,159930,能源ETF,2021-08-03,2021-08-04,2021-08-31,0.2198952879581153,10753.53218210361,13118.183237854144,1.0,hit=4/4;selected_score=0.9106525611216468,fixed_high_score,2021_2026,C
C,512400,有色金属ETF,2021-09-28,2021-09-29,2021-12-01,0.0735512630014858,13118.183237854144,14083.042183283238,1.0,hit=4/4;selected_score=0.9106525611216468,fixed_high_score,2021_2026,C
C,512660,军工ETF,2022-01-10,2022-01-11,2022-03-15,-0.139751552795031,14083.042183283238,12114.91517009148,1.0,hit=5/5;selected_score=0.5492349920969236,fixed_high_score,2021_2026,C
C,512400,有色金属ETF,2022-03-15,2022-03-16,2022-05-18,-0.0779327317473338,12114.91517009148,11170.766735999036,1.0,hit=4/4;selected_score=1.117839944306766,fixed_high_score,2021_2026,C
C,516970,基建ETF,2022-09-28,2022-09-29,2022-12-01,0.1073170731707318,11170.766735999036,12369.58072717942,1.0,hit=5/5;selected_score=0.5492349920969236,fixed_high_score,2021_2026,C
C,516970,基建ETF,2022-12-29,2022-12-30,2023-03-06,0.1396438612933459,12369.58072717942,14096.916742502508,1.0,hit=5/5;selected_score=0.5492349920969236,fixed_high_score,2021_2026,C
C,515790,光伏ETF,2023-04-03,2023-04-04,2023-06-05,-0.1264193792581378,14096.916742502508,12314.79327846169,1.0,hit=4/4;selected_score=0.3858103633572226,fixed_high_score,2021_2026,C
C,515790,光伏ETF,2023-06-05,2023-06-06,2023-08-03,0.0271216097987749,12314.79327846169,12648.790296512705,1.0,hit=4/4;selected_score=0.3858103633572226,fixed_high_score,2021_2026,C
C,159611,电力ETF,2023-08-11,2023-08-14,2023-10-17,-0.0435729847494553,12648.790296512705,12097.6447498237,1.0,hit=4/4;selected_score=0.7811455278137529,fixed_high_score,2021_2026,C
C,512950,央企改革ETF,2023-10-19,2023-10-20,2023-12-15,-0.0193929173693084,12097.6447498237,11863.036124827122,1.0,hit=5/5;selected_score=0.6693244330852537,fixed_high_score,2021_2026,C
C,512660,军工ETF,2023-12-20,2023-12-21,2024-02-26,-0.0665938864628821,11863.036124827122,11073.030444025315,1.0,hit=5/5;selected_score=0.6693244330852537,fixed_high_score,2021_2026,C
C,515170,食品饮料ETF,2024-07-25,2024-07-26,2024-09-24,-0.043560606060606,11073.030444025315,10590.682526956032,1.0,hit=5/5;selected_score=5.418702806095758,fixed_high_score,2021_2026,C
C,515170,食品饮料ETF,2024-09-24,2024-09-25,2024-11-27,0.1870078740157479,10590.682526956032,12571.223550697809,1.0,hit=5/5;selected_score=5.418702806095758,fixed_high_score,2021_2026,C
C,512400,有色金属ETF,2024-12-19,2024-12-20,2025-02-25,0.0180180180180178,12571.223550697809,12797.732083142811,1.0,hit=4/4;selected_score=0.8348871811583229,fixed_high_score,2021_2026,C
C,512400,有色金属ETF,2025-04-07,2025-04-08,2025-06-09,0.1259105098855359,12797.732083142811,14409.101055109806,1.0,hit=4/4;selected_score=0.874448383058415,fixed_high_score,2021_2026,C
C,159611,电力ETF,2025-11-20,2025-11-21,2026-01-20,0.0313111545988258,14409.101055109806,14860.266645876454,1.0,hit=4/4;selected_score=0.874448383058415,fixed_high_score,2021_2026,C
C,512660,军工ETF,2026-03-13,2026-03-16,2026-05-15,-0.0212014134275618,14860.266645876454,14545.20798907342,1.0,hit=5/5;selected_score=0.6686964927681998,fixed_high_score,2021_2026,C
C,512660,军工ETF,2026-06-01,2026-06-02,2026-07-29,-0.1365430149960536,14545.20798907342,12559.16143650065,1.0,hit=5/5;selected_score=0.6686964927681998,fixed_high_score,2021_2026,C
S,159851,金融科技ETF,2023-02-06,2023-02-07,2023-02-21,-0.0206896551724138,10000.0,9793.103448275862,0.9125925925925926,"{""score"": 0.9125925925925926, ""momentum"": 0.1938144329896907, ""mom20"": 0.1938144329896907, ""mom60"": 0.16265060240963858, ""mom120"": 0.24784482758620685, ""vol20"": 0.2146168803943361, ""amount20"": 14513167.8, ""history_days"": 456, ""accel"": 1.0}",fixed_high_score,2021_2026,S
S,512980,传媒ETF,2023-03-21,2023-03-22,2023-04-06,0.0874524714828897,9793.103448275862,10649.534548315196,0.9106666666666668,"{""score"": 0.9106666666666667, ""momentum"": 0.10374639769452454, ""mom20"": 0.10374639769452454, ""mom60"": 0.31389365351629506, ""mom120"": 0.3851717902350813, ""vol20"": 0.3186259550508973, ""amount20"": 70434739.5, ""history_days"": 1253, ""accel"": 1.0}",fixed_high_score,2021_2026,S
S,512980,传媒ETF,2023-04-07,2023-04-10,2023-04-24,0.0782918149466191,10649.534548315196,11483.305936439518,0.9104761904761904,"{""score"": 0.9104761904761904, ""momentum"": 0.28612716763005785, ""mom20"": 0.28612716763005785, ""mom60"": 0.4082278481012658, ""mom120"": 0.698473282442748, ""vol20"": 0.40652883566561926, ""amount20"": 219210889.0, ""history_days"": 1265, ""accel"": 1.0}",fixed_high_score,2021_2026,S
S,516970,基建ETF,2023-04-27,2023-04-28,2023-05-17,-0.0751824817518249,11483.305936439518,10619.96249742253,0.9133333333333332,"{""score"": 0.9133333333333333, ""momentum"": 0.1033333333333335, ""mom20"": 0.1033333333333335, ""mom60"": 0.16242317822651464, ""mom120"": 0.28046421663442933, ""vol20"": 0.26547592394778996, ""amount20"": 338325467.0, ""history_days"": 442, ""accel"": 1.0}",fixed_high_score,2021_2026,S
S,159611,电力ETF,2023-05-26,2023-05-29,2023-06-12,-0.0482051282051281,10619.96249742253,10108.025843700625,0.9333333333333332,"{""score"": 0.9333333333333333, ""momentum"": 0.06060606060606055, ""mom20"": 0.06060606060606055, ""mom60"": 0.08996539792387548, ""mom120"": 0.06060606060606055, ""vol20"": 0.23320214902063208, ""amount20"": 176535663.0, ""history_days"": 334, ""accel"": 1.0}",fixed_high_score,2021_2026,S
S,512980,传媒ETF,2023-06-13,2023-06-14,2023-06-30,-0.0987903225806451,10108.025843700625,9109.450709947943,0.91,"{""score"": 0.91, ""momentum"": 0.13048498845265577, ""mom20"": 0.13048498845265577, ""mom60"": 0.41473988439306364, ""mom120"": 0.6316666666666666, ""vol20"": 0.3724630595826888, ""amount20"": 236571298.5, ""history_days"": 1309, ""accel"": 1.0}",fixed_high_score,2021_2026,S
S,159996,家电ETF,2023-07-05,2023-07-06,2023-07-20,-0.0242005185825411,9109.450709947943,8888.997278765106,0.918,"{""score"": 0.918, ""momentum"": 0.06410256410256387, ""mom20"": 0.06410256410256387, ""mom60"": 0.055404178019981876, ""mom120"": 0.1504950495049504, ""vol20"": 0.19536143547468926, ""amount20"": 150184902.0, ""history_days"": 803, ""accel"": 1.0}",fixed_high_score,2021_2026,S
S,162411,华宝油气LOF,2023-08-14,2023-08-15,2023-08-29,-0.0195360195360194,8888.997278765106,8715.341654271528,0.92125,"{""score"": 0.92125, ""momentum"": 0.15580736543909346, ""mom20"": 0.15580736543909346, ""mom60"": 0.2573189522342063, ""mom120"": 0.14767932489451474, ""vol20"": 0.24812758212963829, ""amount20"": 40031579.6375, ""history_days"": 2570, ""accel"": 1.0}",fixed_high_score,2021_2026,S
S,162411,华宝油气LOF,2023-09-05,2023-09-06,2023-09-20,-0.0418660287081338,8715.341654271528,8350.4649103726,0.92,"{""score"": 0.9199999999999999, ""momentum"": 0.06488549618320594, ""mom20"": 0.06488549618320594, ""mom60"": 0.20431654676259003, ""mom120"": 0.2008608321377332, ""vol20"": 0.2271056158654633, ""amount20"": 51841988.925, ""history_days"": 2586, ""accel"": 1.0}",fixed_high_score,2021_2026,S
S,501018,南方原油LOF,2023-09-21,2023-09-22,2023-10-16,-0.0160583941605839,8350.4649103726,8216.369853417713,0.9275,"{""score"": 0.9275, ""momentum"": 0.09674796747967473, ""mom20"": 0.09674796747967473, ""mom60"": 0.22413793103448265, ""mom120"": 0.25605214152700184, ""vol20"": 0.1982273714367672, ""amount20"": 6205941.975, ""history_days"": 1763, ""accel"": 1.0}",fixed_high_score,2021_2026,S
S,159992,创新药ETF,2023-10-19,2023-10-20,2023-11-03,0.0687116564417178,8216.369853417713,8780.930235983838,1.0,"{""score"": 1.0, ""momentum"": 0.05183312262958273, ""mom20"": 0.05183312262958273, ""mom60"": 0.01835985312117505, ""mom120"": -0.1306165099268548, ""vol20"": 0.2316805961188385, ""amount20"": 314789673.5, ""history_days"": 855, ""accel"": 1.0}",fixed_high_score,2021_2026,S
S,159930,能源ETF,2023-11-27,2023-11-28,2023-12-12,0.002421307506053,8780.930235983838,8802.191568274355,0.9228571428571428,"{""score"": 0.9228571428571428, ""momentum"": 0.043001686340641054, ""mom20"": 0.043001686340641054, ""mom60"": 0.058169375534645074, ""mom120"": 0.10151380231522711, ""vol20"": 0.14639789069029804, ""amount20"": 14303509.5, ""history_days"": 2476, ""accel"": 1.0}",fixed_high_score,2021_2026,S
S,518880,黄金ETF,2023-12-20,2023-12-21,2024-01-05,0.0128121606948967,8802.191568274355,8914.966661114351,0.912,"{""score"": 0.912, ""momentum"": 0.02333851967103806, ""mom20"": 0.02333851967103806, ""mom60"": 0.009870585654748742, ""mom120"": 0.058390804597701296, ""vol20"": 0.10328698528257764, ""amount20"": 604841969.9750001, ""history_days"": 2532, ""accel"": 1.0}",fixed_high_score,2021_2026,S
S,159930,能源ETF,2024-01-15,2024-01-16,2024-01-30,0.0447876447876447,8914.966661114351,9314.247021226036,0.9142857142857144,"{""score"": 0.9142857142857143, ""momentum"": 0.06677658697444344, ""mom20"": 0.06677658697444344, ""mom60"": 0.05374592833876224, ""mom120"": 0.0828451882845187, ""vol20"": 0.1731828252716551, ""amount20"": 14005021.0, ""history_days"": 2510, ""accel"": 1.0}",fixed_high_score,2021_2026,S
S,159930,能源ETF,2024-02-08,2024-02-19,2024-03-04,0.0294924554183813,9314.247021226036,9588.947036255335,0.92,"{""score"": 0.9199999999999999, ""momentum"": 0.08705882352941186, ""mom20"": 0.08705882352941186, ""mom60"": 0.14168039538714994, ""mom120"": 0.17557251908396942, ""vol20"": 0.25498716558099305, ""amount20"": 21568369.0, ""history_days"": 2528, ""accel"": 1.0}",fixed_high_score,2021_2026,S
S,162411,华宝油气LOF,2024-03-26,2024-03-27,2024-04-12,0.0664251207729469,9588.947036255335,10225.894001223987,0.9130434782608696,"{""score"": 0.9130434782608696, ""momentum"": 0.10052219321148814, ""mom20"": 0.10052219321148814, ""mom60"": 0.09338521400778199, ""mom120"": 0.0711562897077509, ""vol20"": 0.13665563987748575, ""amount20"": 40295331.87500001, ""history_days"": 2718, ""accel"": 1.0}",fixed_high_score,2021_2026,S
S,159996,家电ETF,2024-04-30,2024-05-06,2024-05-20,-0.0221169036334912,10225.894001223987,9999.728889032622,0.9180645161290322,"{""score"": 0.9180645161290322, ""momentum"": 0.08201058201058209, ""mom20"": 0.08201058201058209, ""mom60"": 0.19590643274853803, ""mom120"": 0.13506012950971336, ""vol20"": 0.207568620620079, ""amount20"": 87471049.5, ""history_days"": 1002, ""accel"": 1.0}",fixed_high_score,2021_2026,S
S,161226,白银LOF,2024-05-30,2024-05-31,2024-06-17,-0.0609390609390608,9999.728889032622,9390.354800889776,0.9106666666666668,"{""score"": 0.9106666666666667, ""momentum"": 0.1461187214611872, ""mom20"": 0.1461187214611872, ""mom60"": 0.3530997304582211, ""mom120"": 0.28717948717948705, ""vol20"": 0.3805641592841736, ""amount20"": 41515106.60000001, ""history_days"": 2134, ""accel"": 1.0}",fixed_high_score,2021_2026,S
S,501018,南方原油LOF,2024-06-25,2024-06-26,2024-07-10,-0.0007616146230007,9390.354800889776,9383.202969358254,0.952,"{""score"": 0.952, ""momentum"": 0.028974158183242116, ""mom20"": 0.028974158183242116, ""mom60"": 0.020979020979021046, ""mom120"": 0.10420168067226898, ""vol20"": 0.14477246856386797, ""amount20"": 13986116.55, ""history_days"": 1942, ""accel"": 1.0}",fixed_high_score,2021_2026,S
S,159611,电力ETF,2024-07-25,2024-07-26,2024-08-09,-0.0418648905803996,9383.202969358254,8990.37620375239,0.9366666666666666,"{""score"": 0.9366666666666666, ""momentum"": 0.03827281648675185, ""mom20"": 0.03827281648675185, ""mom60"": 0.07849133537206932, ""mom120"": 0.2565320665083137, ""vol20"": 0.20859118581631061, ""amount20"": 114385767.0, ""history_days"": 617, ""accel"": 1.0}",fixed_high_score,2021_2026,S
S,511260,十年国债ETF,2024-08-09,2024-08-12,2024-08-26,0.0088593134631207,8990.37620375239,9070.024764692815,0.95,"{""score"": 0.95, ""momentum"": 0.009031224979983987, ""mom20"": 0.009031224979983987, ""mom60"": 0.020907757985208164, ""mom120"": 0.03646561507969159, ""vol20"": 0.02774776862538476, ""amount20"": 355044457.4125, ""history_days"": 1690, ""accel"": 1.0}",fixed_high_score,2021_2026,S
S,164701,贵金属LOF,2024-08-29,2024-08-30,2024-09-13,0.0167597765363127,9070.024764692815,9222.03635292789,0.9533333333333334,"{""score"": 0.9533333333333334, ""momentum"": 0.025592417061611528, ""mom20"": 0.025592417061611528, ""mom60"": 0.06916996047430835, ""mom120"": 0.18510405257393203, ""vol20"": 0.14940452693808634, ""amount20"": 2722795.125, ""history_days"": 2956, ""accel"": 1.0}",fixed_high_score,2021_2026,S
S,518880,黄金ETF,2024-09-13,2024-09-18,2024-10-09,0.00552683187734,9222.03635292789,9273.00499741724,0.9333333333333332,"{""score"": 0.9333333333333333, ""momentum"": 0.02897487621492756, ""mom20"": 0.02897487621492756, ""mom60"": 0.04371279761904745, ""mom120"": 0.127159501807955, ""vol20"": 0.09220381323260864, ""amount20"": 838216636.2375002, ""history_days"": 2711, ""accel"": 1.0}",fixed_high_score,2021_2026,S
S,159996,家电ETF,2024-10-11,2024-10-14,2024-10-28,0.0554699537750384,9273.00499741724,9787.378155979675,0.9133333333333332,"{""score"": 0.9133333333333333, ""momentum"": 0.18173345759552673, ""mom20"": 0.18173345759552673, ""mom60"": 0.18173345759552673, ""mom120"": 0.1362007168458781, ""vol20"": 0.5282063974919455, ""amount20"": 131843021.0, ""history_days"": 1109, ""accel"": 1.0}",fixed_high_score,2021_2026,S
S,512880,证券ETF,2024-11-04,2024-11-05,2024-11-19,-0.0316205533596836,9787.378155979675,9477.895842747119,0.916923076923077,"{""score"": 0.916923076923077, ""momentum"": 0.08220415537488712, ""mom20"": 0.08220415537488712, ""mom60"": 0.43473053892215563, ""mom120"": 0.38979118329466345, ""vol20"": 0.5653178929608424, ""amount20"": 2199027207.0, ""history_days"": 2000, ""accel"": 1.0}",fixed_high_score,2021_2026,S
S,512980,传媒ETF,2024-12-05,2024-12-06,2024-12-20,-0.0339366515837104,9477.895842747119,9156.247793785113,0.9142857142857144,"{""score"": 0.9142857142857143, ""momentum"": 0.06973848069738464, ""mom20"": 0.06973848069738464, ""mom60"": 0.486159169550173, ""mom120"": 0.34009360374414976, ""vol20"": 0.440207094083776, ""amount20"": 179612901.5, ""history_days"": 1668, ""accel"": 1.0}",fixed_high_score,2021_2026,S
S,159887,银行ETF,2025-01-02,2025-01-03,2025-01-17,0.0238500851788756,9156.247793785113,9374.625083585779,0.9166666666666669,"{""score"": 0.9166666666666667, ""momentum"": 0.028770706190061057, ""mom20"": 0.028770706190061057, ""mom60"": 0.06019766397124893, ""mom120"": 0.15234375, ""vol20"": 0.1842096801268777, ""amount20"": 57532080.0, ""history_days"": 881, ""accel"": 1.0}",fixed_high_score,2021_2026,S
S,518880,黄金ETF,2025-03-31,2025-04-01,2025-04-16,0.0633503401360544,9374.625083585779,9968.510771278927,0.9476923076923076,"{""score"": 0.9476923076923077, ""momentum"": 0.08696326150984346, ""mom20"": 0.08696326150984346, ""mom60"": 0.18047138047138023, ""mom120"": 0.21926621457137885, ""vol20"": 0.10086165025769309, ""amount20"": 1488937491.9, ""history_days"": 2838, ""accel"": 1.0}",fixed_high_score,2021_2026,S
S,518880,黄金ETF,2025-04-16,2025-04-17,2025-05-06,0.0062128222075346,9968.510771278927,10030.443356374777,0.9444444444444444,"{""score"": 0.9444444444444444, ""momentum"": 0.11535602794707889, ""mom20"": 0.11535602794707889, ""mom60"": 0.22598039215686283, ""mom120"": 0.26206896551724124, ""vol20"": 0.18679555060689063, ""amount20"": 3691486153.8250003, ""history_days"": 2849, ""accel"": 1.0}",fixed_high_score,2021_2026,S
S,518880,黄金ETF,2025-05-06,2025-05-07,2025-05-21,-0.0302437752574632,10030.443356374777,9727.084881771863,0.932,"{""score"": 0.932, ""momentum"": 0.08294209702660416, ""mom20"": 0.08294209702660416, ""mom60"": 0.1821711445876688, ""mom120"": 0.26739926739926734, ""vol20"": 0.3275146595644789, ""amount20"": 5912329916.65, ""history_days"": 2860, ""accel"": 1.0}",fixed_high_score,2021_2026,S
S,159887,银行ETF,2025-06-24,2025-06-25,2025-07-09,0.026074700493305,9727.084881771863,9980.71570673702,0.9214814814814816,"{""score"": 0.9214814814814816, ""momentum"": 0.07916986933128367, ""mom20"": 0.07916986933128367, ""mom60"": 0.11783439490445846, ""mom120"": 0.20722269991401543, ""vol20"": 0.0973295976171105, ""amount20"": 67697295.0, ""history_days"": 993, ""accel"": 1.0}",fixed_high_score,2021_2026,S
S,159992,创新药ETF,2025-07-30,2025-07-31,2025-08-14,0.0043336944745395,9980.71570673702,10023.969079247257,0.912972972972973,"{""score"": 0.912972972972973, ""momentum"": 0.17211055276381915, ""mom20"": 0.17211055276381915, ""mom60"": 0.26251691474966177, ""mom120"": 0.3720588235294118, ""vol20"": 0.21201367734509197, ""amount20"": 452425357.5, ""history_days"": 1287, ""accel"": 1.0}",fixed_high_score,2021_2026,S
S,159811,5G50ETF,2025-08-22,2025-08-25,2025-09-08,0.0138518913159297,10023.969079247257,10162.820009487232,0.910625,"{""score"": 0.910625, ""momentum"": 0.2503486750348676, ""mom20"": 0.2503486750348676, ""mom60"": 0.5182049110922946, ""mom120"": 0.37079510703363905, ""vol20"": 0.2976775252157679, ""amount20"": 4843091.0, ""history_days"": 1296, ""accel"": 1.0}",fixed_high_score,2021_2026,S
S,161226,白银LOF,2025-11-21,2025-11-24,2025-12-08,0.261090909090909,10162.820009487232,12816.239924691534,0.9111111111111112,"{""score"": 0.9111111111111111, ""momentum"": 0.05714285714285716, ""mom20"": 0.05714285714285716, ""mom60"": 0.29763033175355447, ""mom120"": 0.4380252100840336, ""vol20"": 0.3586297349459585, ""amount20"": 219842426.4125, ""history_days"": 2494, ""accel"": 1.0}",fixed_high_score,2021_2026,S
S,161226,白银LOF,2025-12-11,2025-12-12,2025-12-26,0.2645290581162325,12816.239924691534,16206.50780056184,0.9125,"{""score"": 0.9125, ""momentum"": 0.3267123287671234, ""mom20"": 0.3267123287671234, ""mom60"": 0.7126436781609196, ""mom120"": 0.8482824427480915, ""vol20"": 0.4788682931588076, ""amount20"": 291768045.5, ""history_days"": 2508, ""accel"": 1.0}",fixed_high_score,2021_2026,S
S,512400,有色金属ETF,2026-01-26,2026-01-27,2026-02-10,-0.081974069427018,16206.50780056184,14877.994404949075,0.913939393939394,"{""score"": 0.9139393939393939, ""momentum"": 0.30698429886302114, ""mom20"": 0.30698429886302114, ""mom60"": 0.3531390134529149, ""mom120"": 0.8992918961447682, ""vol20"": 0.3252292167408854, ""amount20"": 2109170756.5, ""history_days"": 2039, ""accel"": 1.0}",fixed_high_score,2021_2026,S
S,159663,机床ETF,2026-03-06,2026-03-09,2026-03-23,-0.1431492842535787,14877.994404949075,12748.220154751867,0.9188235294117648,"{""score"": 0.9188235294117647, ""momentum"": 0.14750290360046447, ""mom20"": 0.14750290360046447, ""mom60"": 0.40740740740740744, ""mom120"": 0.3779637377963738, ""vol20"": 0.3169609379077569, ""amount20"": 14631785.100000001, ""history_days"": 814, ""accel"": 1.0}",fixed_high_score,2021_2026,S
S,159930,能源ETF,2026-03-23,2026-03-24,2026-04-08,-0.0294284097340123,12748.220154751867,12373.060308658436,0.925,"{""score"": 0.925, ""momentum"": 0.10794044665012392, ""mom20"": 0.10794044665012392, ""mom60"": 0.25597749648382573, ""mom120"": 0.33782771535580536, ""vol20"": 0.4909685834347277, ""amount20"": 209372516.5, ""history_days"": 3035, ""accel"": 1.0}",fixed_high_score,2021_2026,S
S,159811,5G50ETF,2026-04-08,2026-04-09,2026-04-23,0.162008910490077,12373.060308658436,14377.606328692205,0.9166666666666669,"{""score"": 0.9166666666666667, ""momentum"": 0.020703933747411973, ""mom20"": 0.020703933747411973, ""mom60"": 0.05793991416309008, ""mom120"": 0.12300683371298415, ""vol20"": 0.4369181645139069, ""amount20"": 7737921.5, ""history_days"": 1444, ""accel"": 1.0}",fixed_high_score,2021_2026,S
S,159811,5G50ETF,2026-06-01,2026-06-02,2026-06-16,0.0477972934062769,14377.606328692205,15064.81699686465,0.9177777777777778,"{""score"": 0.9177777777777778, ""momentum"": 0.17922170653338076, ""mom20"": 0.17922170653338076, ""mom60"": 0.394259181089067, ""mom120"": 0.6018428709990302, ""vol20"": 0.43781588786359615, ""amount20"": 20799999.5, ""history_days"": 1479, ""accel"": 1.0}",fixed_high_score,2021_2026,S
S,159663,机床ETF,2026-06-24,2026-06-25,2026-07-09,-0.1085043988269796,15064.81699686465,13430.218085181388,0.9125,"{""score"": 0.9125, ""momentum"": 0.11359867330016593, ""mom20"": 0.11359867330016593, ""mom60"": 0.5296127562642368, ""mom120"": 0.8498622589531681, ""vol20"": 0.48974647911166497, ""amount20"": 57019252.7875, ""history_days"": 887, ""accel"": 1.0}",fixed_high_score,2021_2026,S
S,162411,华宝油气LOF,2026-07-23,2026-07-24,2026-08-07,-0.0632368703108253,13430.218085181388,12580.933125882673,0.9133333333333332,"{""score"": 0.9133333333333333, ""momentum"": 0.1914357682619645, ""mom20"": 0.1914357682619645, ""mom60"": 0.05462653288740227, ""mom120"": 0.3138888888888889, ""vol20"": 0.32529126369974765, ""amount20"": 104242641.45, ""history_days"": 3281, ""accel"": 1.0}",fixed_high_score,2021_2026,S
D,159996,家电ETF,2021-01-28,2021-01-29,2021-06-18,0.0007173601147776,10000.0,10007.173601147777,82.77606982964127,fear_weighted=70.3893;symbol_fear=95.1629,fixed_high_score,2021_2026,D
D,159996,家电ETF,2021-07-27,2021-07-28,2021-12-06,-0.0176423416198877,10007.173601147777,9830.623625826807,81.87425712593452,fear_weighted=71.096;symbol_fear=92.6525,fixed_high_score,2021_2026,D
D,159825,农业ETF,2022-01-25,2022-01-26,2022-06-16,0.0357894736842105,9830.623625826807,10182.456471382715,83.39872324998764,fear_weighted=78.39;symbol_fear=88.4074,fixed_high_score,2021_2026,D
D,159887,银行ETF,2022-08-02,2022-08-03,2022-12-15,0.0332541567695963,10182.456471382715,10521.065475181666,76.47856584770037,fear_weighted=75.7974;symbol_fear=77.1597,fixed_high_score,2021_2026,D
D,159663,机床ETF,2023-04-25,2023-04-26,2023-06-19,0.1051524710830704,10521.065475181666,11627.381508323797,77.83374460895469,fear_weighted=58.3636;symbol_fear=97.3039,fixed_high_score,2021_2026,D
D,512980,传媒ETF,2023-08-18,2023-08-21,2023-11-16,-0.0012820512820512,11627.381508323797,11612.474608954153,75.98119803476946,fear_weighted=61.2547;symbol_fear=90.7077,fixed_high_score,2021_2026,D
D,512720,计算机ETF,2024-01-08,2024-01-09,2024-03-12,0.1087216248506572,11612.474608954153,12875.00171697665,75.38973922902494,fear_weighted=61.2623;symbol_fear=89.5172,fixed_high_score,2021_2026,D
D,560080,中药ETF,2024-07-08,2024-07-09,2024-11-21,0.114481409001957,12875.00171697665,14348.950054438754,76.43290766599037,fear_weighted=63.4732;symbol_fear=89.3926,fixed_high_score,2021_2026,D
D,512950,央企改革ETF,2024-11-22,2024-11-25,2025-02-20,0.0045351473922903,14348.950054438754,14414.024657860245,75.84986772486772,fear_weighted=71.5079;symbol_fear=80.1918,fixed_high_score,2021_2026,D
D,159811,5G50ETF,2025-04-07,2025-04-08,2025-05-09,0.1241706161137441,14414.024657860245,16203.822980305453,96.4625850340136,fear_weighted=95.3061;symbol_fear=97.619,fixed_high_score,2021_2026,D
D,159565,汽车零部件ETF,2025-10-17,2025-10-20,2025-11-11,-0.0085470085470085,16203.822980305453,16065.32876679857,75.69205027818418,fear_weighted=70.6841;symbol_fear=80.7,fixed_high_score,2021_2026,D
D,159811,5G50ETF,2025-11-21,2025-11-24,2025-12-23,0.1777893639207508,16065.32876679857,18921.573349425427,80.72704081632654,fear_weighted=72.003;symbol_fear=89.4511,fixed_high_score,2021_2026,D
D,510880,红利ETF,2026-02-02,2026-02-03,2026-06-24,-0.0009832841691249,18921.573349425427,18902.968065896002,89.73450491307634,fear_weighted=82.0484;symbol_fear=97.4206,fixed_high_score,2021_2026,D
C,159930,能源ETF,2021-01-28,2021-01-29,2021-04-02,0.0753532182103611,10000.0,10753.53218210361,1.0,hit=4/4;selected_score=0.9106525611216468,fixed_high_score,2021_2026,C+S
C,159930,能源ETF,2021-08-03,2021-08-04,2021-08-31,0.2198952879581153,10753.53218210361,13118.183237854144,1.0,hit=4/4;selected_score=0.9106525611216468,fixed_high_score,2021_2026,C+S
C,512400,有色金属ETF,2021-09-28,2021-09-29,2021-12-01,0.0735512630014858,13118.183237854144,14083.042183283238,1.0,hit=4/4;selected_score=0.9106525611216468,fixed_high_score,2021_2026,C+S
C,512660,军工ETF,2022-01-10,2022-01-11,2022-03-15,-0.139751552795031,14083.042183283238,12114.91517009148,1.0,hit=5/5;selected_score=0.5492349920969236,fixed_high_score,2021_2026,C+S
C,512400,有色金属ETF,2022-03-15,2022-03-16,2022-05-18,-0.0779327317473338,12114.91517009148,11170.766735999036,1.0,hit=4/4;selected_score=1.117839944306766,fixed_high_score,2021_2026,C+S
C,516970,基建ETF,2022-09-28,2022-09-29,2022-12-01,0.1073170731707318,11170.766735999036,12369.58072717942,1.0,hit=5/5;selected_score=0.5492349920969236,fixed_high_score,2021_2026,C+S
C,516970,基建ETF,2022-12-29,2022-12-30,2023-03-06,0.1396438612933459,12369.58072717942,14096.916742502508,1.0,hit=5/5;selected_score=0.5492349920969236,fixed_high_score,2021_2026,C+S
S,512980,传媒ETF,2023-03-21,2023-03-22,2023-04-06,0.0874524714828897,14096.916742502508,15329.72695192288,0.9106666666666668,"{""score"": 0.9106666666666667, ""momentum"": 0.10374639769452454, ""mom20"": 0.10374639769452454, ""mom60"": 0.31389365351629506, ""mom120"": 0.3851717902350813, ""vol20"": 0.3186259550508973, ""amount20"": 70434739.5, ""history_days"": 1253, ""accel"": 1.0}",fixed_high_score,2021_2026,C+S
C,515790,光伏ETF,2023-04-06,2023-04-07,2023-06-07,-0.1507159005275056,15329.72695192288,13019.293349523048,1.0,hit=4/4;selected_score=0.3858103633572226,fixed_high_score,2021_2026,C+S
C,515790,光伏ETF,2023-06-07,2023-06-08,2023-08-07,0.037201062887511,13019.293349523048,13503.624900169609,1.0,hit=4/4;selected_score=0.3858103633572226,fixed_high_score,2021_2026,C+S
C,159611,电力ETF,2023-08-11,2023-08-14,2023-10-17,-0.0435729847494553,13503.624900169609,12915.231658332154,1.0,hit=4/4;selected_score=0.7811455278137529,fixed_high_score,2021_2026,C+S
C,512950,央企改革ETF,2023-10-19,2023-10-20,2023-12-15,-0.0193929173693084,12915.231658332154,12664.767637976642,1.0,hit=5/5;selected_score=0.6693244330852537,fixed_high_score,2021_2026,C+S
C,512660,军工ETF,2023-12-20,2023-12-21,2024-02-26,-0.0665938864628821,12664.767637976642,11821.371539814441,1.0,hit=5/5;selected_score=0.6693244330852537,fixed_high_score,2021_2026,C+S
S,159930,能源ETF,2024-02-26,2024-02-27,2024-03-12,-0.0184931506849314,11821.371539814441,11602.757134626094,0.92,"{""score"": 0.92, ""momentum"": 0.15726767275615594, ""mom20"": 0.15726767275615594, ""mom60"": 0.1923076923076923, ""mom120"": 0.23474576271186454, ""vol20"": 0.3455721713227992, ""amount20"": 23803262.0, ""history_days"": 2534, ""accel"": 1.0}",fixed_high_score,2021_2026,C+S
S,162411,华宝油气LOF,2024-03-26,2024-03-27,2024-04-12,0.0664251207729469,11602.757134626094,12373.471678592803,0.9130434782608696,"{""score"": 0.9130434782608696, ""momentum"": 0.10052219321148814, ""mom20"": 0.10052219321148814, ""mom60"": 0.09338521400778199, ""mom120"": 0.0711562897077509, ""vol20"": 0.13665563987748575, ""amount20"": 40295331.87500001, ""history_days"": 2718, ""accel"": 1.0}",fixed_high_score,2021_2026,C+S
S,159996,家电ETF,2024-04-30,2024-05-06,2024-05-20,-0.0221169036334912,12373.471678592803,12099.808797865633,0.9180645161290322,"{""score"": 0.9180645161290322, ""momentum"": 0.08201058201058209, ""mom20"": 0.08201058201058209, ""mom60"": 0.19590643274853803, ""mom120"": 0.13506012950971336, ""vol20"": 0.207568620620079, ""amount20"": 87471049.5, ""history_days"": 1002, ""accel"": 1.0}",fixed_high_score,2021_2026,C+S
S,161226,白银LOF,2024-05-30,2024-05-31,2024-06-17,-0.0609390609390608,12099.808797865633,11362.457812181516,0.9106666666666668,"{""score"": 0.9106666666666667, ""momentum"": 0.1461187214611872, ""mom20"": 0.1461187214611872, ""mom60"": 0.3530997304582211, ""mom120"": 0.28717948717948705, ""vol20"": 0.3805641592841736, ""amount20"": 41515106.60000001, ""history_days"": 2134, ""accel"": 1.0}",fixed_high_score,2021_2026,C+S
S,501018,南方原油LOF,2024-06-25,2024-06-26,2024-07-10,-0.0007616146230007,11362.457812181516,11353.80399815853,0.952,"{""score"": 0.952, ""momentum"": 0.028974158183242116, ""mom20"": 0.028974158183242116, ""mom60"": 0.020979020979021046, ""mom120"": 0.10420168067226898, ""vol20"": 0.14477246856386797, ""amount20"": 13986116.55, ""history_days"": 1942, ""accel"": 1.0}",fixed_high_score,2021_2026,C+S
C,515170,食品饮料ETF,2024-07-25,2024-07-26,2024-09-24,-0.043560606060606,11353.80399815853,10859.225414905413,1.0,hit=5/5;selected_score=5.418702806095758,fixed_high_score,2021_2026,C+S
C,515170,食品饮料ETF,2024-09-24,2024-09-25,2024-11-27,0.1870078740157479,10859.225414905413,12889.986073204653,1.0,hit=5/5;selected_score=5.418702806095758,fixed_high_score,2021_2026,C+S
S,512980,传媒ETF,2024-12-05,2024-12-06,2024-12-20,-0.0339366515837104,12889.986073204653,12452.543106919427,0.9142857142857144,"{""score"": 0.9142857142857143, ""momentum"": 0.06973848069738464, ""mom20"": 0.06973848069738464, ""mom60"": 0.486159169550173, ""mom120"": 0.34009360374414976, ""vol20"": 0.440207094083776, ""amount20"": 179612901.5, ""history_days"": 1668, ""accel"": 1.0}",fixed_high_score,2021_2026,C+S
C,512400,有色金属ETF,2024-12-20,2024-12-23,2025-02-26,0.0271084337349396,12452.543106919427,12790.112046564833,1.0,hit=4/4;selected_score=0.8348871811583229,fixed_high_score,2021_2026,C+S
S,518880,黄金ETF,2025-03-31,2025-04-01,2025-04-16,0.0633503401360544,12790.112046564833,13600.369995092962,0.9476923076923076,"{""score"": 0.9476923076923077, ""momentum"": 0.08696326150984346, ""mom20"": 0.08696326150984346, ""mom60"": 0.18047138047138023, ""mom120"": 0.21926621457137885, ""vol20"": 0.10086165025769309, ""amount20"": 1488937491.9, ""history_days"": 2838, ""accel"": 1.0}",fixed_high_score,2021_2026,C+S
S,518880,黄金ETF,2025-04-16,2025-04-17,2025-05-06,0.0062128222075346,13600.369995092962,13684.866675829164,0.9444444444444444,"{""score"": 0.9444444444444444, ""momentum"": 0.11535602794707889, ""mom20"": 0.11535602794707889, ""mom60"": 0.22598039215686283, ""mom120"": 0.26206896551724124, ""vol20"": 0.18679555060689063, ""amount20"": 3691486153.8250003, ""history_days"": 2849, ""accel"": 1.0}",fixed_high_score,2021_2026,C+S
S,518880,黄金ETF,2025-05-06,2025-05-07,2025-05-21,-0.0302437752574632,13684.866675829164,13270.984643657039,0.932,"{""score"": 0.932, ""momentum"": 0.08294209702660416, ""mom20"": 0.08294209702660416, ""mom60"": 0.1821711445876688, ""mom120"": 0.26739926739926734, ""vol20"": 0.3275146595644789, ""amount20"": 5912329916.65, ""history_days"": 2860, ""accel"": 1.0}",fixed_high_score,2021_2026,C+S
S,159887,银行ETF,2025-06-24,2025-06-25,2025-07-09,0.026074700493305,13270.984643657039,13617.021593491647,0.9214814814814816,"{""score"": 0.9214814814814816, ""momentum"": 0.07916986933128367, ""mom20"": 0.07916986933128367, ""mom60"": 0.11783439490445846, ""mom120"": 0.20722269991401543, ""vol20"": 0.0973295976171105, ""amount20"": 67697295.0, ""history_days"": 993, ""accel"": 1.0}",fixed_high_score,2021_2026,C+S
S,159992,创新药ETF,2025-07-30,2025-07-31,2025-08-14,0.0043336944745395,13617.021593491647,13676.033604731048,0.912972972972973,"{""score"": 0.912972972972973, ""momentum"": 0.17211055276381915, ""mom20"": 0.17211055276381915, ""mom60"": 0.26251691474966177, ""mom120"": 0.3720588235294118, ""vol20"": 0.21201367734509197, ""amount20"": 452425357.5, ""history_days"": 1287, ""accel"": 1.0}",fixed_high_score,2021_2026,C+S
S,159811,5G50ETF,2025-08-22,2025-08-25,2025-09-08,0.0138518913159297,13676.033604731048,13865.472535856787,0.910625,"{""score"": 0.910625, ""momentum"": 0.2503486750348676, ""mom20"": 0.2503486750348676, ""mom60"": 0.5182049110922946, ""mom120"": 0.37079510703363905, ""vol20"": 0.2976775252157679, ""amount20"": 4843091.0, ""history_days"": 1296, ""accel"": 1.0}",fixed_high_score,2021_2026,C+S
C,159611,电力ETF,2025-11-20,2025-11-21,2026-01-20,0.0313111545988258,13865.472535856787,14299.616490012771,1.0,hit=4/4;selected_score=0.874448383058415,fixed_high_score,2021_2026,C+S
S,512400,有色金属ETF,2026-01-26,2026-01-27,2026-02-10,-0.081974069427018,14299.616490012771,13127.418735080733,0.913939393939394,"{""score"": 0.9139393939393939, ""momentum"": 0.30698429886302114, ""mom20"": 0.30698429886302114, ""mom60"": 0.3531390134529149, ""mom120"": 0.8992918961447682, ""vol20"": 0.3252292167408854, ""amount20"": 2109170756.5, ""history_days"": 2039, ""accel"": 1.0}",fixed_high_score,2021_2026,C+S
S,159663,机床ETF,2026-03-06,2026-03-09,2026-03-23,-0.1431492842535787,13127.418735080733,11248.238139056908,0.9188235294117648,"{""score"": 0.9188235294117647, ""momentum"": 0.14750290360046447, ""mom20"": 0.14750290360046447, ""mom60"": 0.40740740740740744, ""mom120"": 0.3779637377963738, ""vol20"": 0.3169609379077569, ""amount20"": 14631785.100000001, ""history_days"": 814, ""accel"": 1.0}",fixed_high_score,2021_2026,C+S
C,512950,央企改革ETF,2026-03-23,2026-03-24,2026-05-25,0.0854068594485542,11248.238139056908,12208.914832843207,1.0,hit=5/5;selected_score=0.6686964927681998,fixed_high_score,2021_2026,C+S
C,512660,军工ETF,2026-06-01,2026-06-02,2026-07-29,-0.1365430149960536,12208.914832843207,10541.872791736756,1.0,hit=5/5;selected_score=0.6686964927681998,fixed_high_score,2021_2026,C+S
D,159996,家电ETF,2021-01-28,2021-01-29,2021-06-18,0.0007173601147776,10000.0,10007.173601147777,82.77606982964127,fear_weighted=70.3893;symbol_fear=95.1629,fixed_high_score,2021_2026,C+D
D,159996,家电ETF,2021-07-27,2021-07-28,2021-12-06,-0.0176423416198877,10007.173601147777,9830.623625826807,81.87425712593452,fear_weighted=71.096;symbol_fear=92.6525,fixed_high_score,2021_2026,C+D
C,512660,军工ETF,2022-01-10,2022-01-11,2022-03-15,-0.139751552795031,9830.623625826807,8456.778709173992,1.0,hit=5/5;selected_score=0.5492349920969236,fixed_high_score,2021_2026,C+D
D,159766,旅游ETF,2022-03-15,2022-03-16,2022-07-28,0.0735294117647058,8456.778709173992,9078.600673083844,96.859410430839,fear_weighted=94.2744;symbol_fear=99.4444,fixed_high_score,2021_2026,C+D
D,159887,银行ETF,2022-08-02,2022-08-03,2022-12-15,0.0332541567695963,9078.600673083844,9380.501883115136,76.47856584770037,fear_weighted=75.7974;symbol_fear=77.1597,fixed_high_score,2021_2026,C+D
C,516970,基建ETF,2022-12-29,2022-12-30,2023-03-06,0.1396438612933459,9380.501883115136,10690.431386942835,1.0,hit=5/5;selected_score=0.5492349920969236,fixed_high_score,2021_2026,C+D
C,515790,光伏ETF,2023-04-03,2023-04-04,2023-06-05,-0.1264193792581378,10690.431386942835,9338.953687003808,1.0,hit=4/4;selected_score=0.3858103633572226,fixed_high_score,2021_2026,C+D
C,515790,光伏ETF,2023-06-05,2023-06-06,2023-08-03,0.0271216097987749,9338.953687003808,9592.241144831556,1.0,hit=4/4;selected_score=0.3858103633572226,fixed_high_score,2021_2026,C+D
C,159611,电力ETF,2023-08-11,2023-08-14,2023-10-17,-0.0435729847494553,9592.241144831556,9174.278567714713,1.0,hit=4/4;selected_score=0.7811455278137529,fixed_high_score,2021_2026,C+D
C,512950,央企改革ETF,2023-10-19,2023-10-20,2023-12-15,-0.0193929173693084,9174.278567714713,8996.362541528006,1.0,hit=5/5;selected_score=0.6693244330852537,fixed_high_score,2021_2026,C+D
C,512660,军工ETF,2023-12-20,2023-12-21,2024-02-26,-0.0665938864628821,8996.362541528006,8397.259795858565,1.0,hit=5/5;selected_score=0.6693244330852537,fixed_high_score,2021_2026,C+D
D,560080,中药ETF,2024-07-08,2024-07-09,2024-11-21,0.114481409001957,8397.259795858565,9358.58992904394,76.43290766599037,fear_weighted=63.4732;symbol_fear=89.3926,fixed_high_score,2021_2026,C+D
D,512950,央企改革ETF,2024-11-22,2024-11-25,2025-02-20,0.0045351473922903,9358.58992904394,9401.032513756158,75.84986772486772,fear_weighted=71.5079;symbol_fear=80.1918,fixed_high_score,2021_2026,C+D
D,159811,5G50ETF,2025-04-07,2025-04-08,2025-05-09,0.1241706161137441,9401.032513756158,10568.3645130946,96.4625850340136,fear_weighted=95.3061;symbol_fear=97.619,fixed_high_score,2021_2026,C+D
D,159565,汽车零部件ETF,2025-10-17,2025-10-20,2025-11-11,-0.0085470085470085,10568.3645130946,10478.036611273279,75.69205027818418,fear_weighted=70.6841;symbol_fear=80.7,fixed_high_score,2021_2026,C+D
C,159611,电力ETF,2025-11-20,2025-11-21,2026-01-20,0.0313111545988258,10478.036611273279,10806.116035501014,1.0,hit=4/4;selected_score=0.874448383058415,fixed_high_score,2021_2026,C+D
D,510880,红利ETF,2026-02-02,2026-02-03,2026-06-24,-0.0009832841691249,10806.116035501014,10795.49055267358,89.73450491307634,fear_weighted=82.0484;symbol_fear=97.4206,fixed_high_score,2021_2026,C+D
D,159996,家电ETF,2021-01-28,2021-01-29,2021-06-18,0.0007173601147776,10000.0,10007.173601147777,82.77606982964127,fear_weighted=70.3893;symbol_fear=95.1629,fixed_high_score,2021_2026,S+D
D,159996,家电ETF,2021-07-27,2021-07-28,2021-12-06,-0.0176423416198877,10007.173601147777,9830.623625826807,81.87425712593452,fear_weighted=71.096;symbol_fear=92.6525,fixed_high_score,2021_2026,S+D
D,159825,农业ETF,2022-01-25,2022-01-26,2022-06-16,0.0357894736842105,9830.623625826807,10182.456471382715,83.39872324998764,fear_weighted=78.39;symbol_fear=88.4074,fixed_high_score,2021_2026,S+D
D,159887,银行ETF,2022-08-02,2022-08-03,2022-12-15,0.0332541567695963,10182.456471382715,10521.065475181666,76.47856584770037,fear_weighted=75.7974;symbol_fear=77.1597,fixed_high_score,2021_2026,S+D
S,159851,金融科技ETF,2023-02-06,2023-02-07,2023-02-21,-0.0206896551724138,10521.065475181666,10303.388258453768,0.9125925925925926,"{""score"": 0.9125925925925926, ""momentum"": 0.1938144329896907, ""mom20"": 0.1938144329896907, ""mom60"": 0.16265060240963858, ""mom120"": 0.24784482758620685, ""vol20"": 0.2146168803943361, ""amount20"": 14513167.8, ""history_days"": 456, ""accel"": 1.0}",fixed_high_score,2021_2026,S+D
S,512980,传媒ETF,2023-03-21,2023-03-22,2023-04-06,0.0874524714828897,10303.388258453768,11204.445026303336,0.9106666666666668,"{""score"": 0.9106666666666667, ""momentum"": 0.10374639769452454, ""mom20"": 0.10374639769452454, ""mom60"": 0.31389365351629506, ""mom120"": 0.3851717902350813, ""vol20"": 0.3186259550508973, ""amount20"": 70434739.5, ""history_days"": 1253, ""accel"": 1.0}",fixed_high_score,2021_2026,S+D
S,512980,传媒ETF,2023-04-07,2023-04-10,2023-04-24,0.0782918149466191,11204.445026303336,12081.661362882245,0.9104761904761904,"{""score"": 0.9104761904761904, ""momentum"": 0.28612716763005785, ""mom20"": 0.28612716763005785, ""mom60"": 0.4082278481012658, ""mom120"": 0.698473282442748, ""vol20"": 0.40652883566561926, ""amount20"": 219210889.0, ""history_days"": 1265, ""accel"": 1.0}",fixed_high_score,2021_2026,S+D
D,159663,机床ETF,2023-04-25,2023-04-26,2023-06-19,0.1051524710830704,12081.661362882245,13352.07790997817,77.83374460895469,fear_weighted=58.3636;symbol_fear=97.3039,fixed_high_score,2021_2026,S+D
S,512980,传媒ETF,2023-06-20,2023-06-21,2023-07-07,-0.0945802337938362,13352.07790997817,12089.23525961892,0.9133333333333332,"{""score"": 0.9133333333333333, ""momentum"": 0.20877817319098457, ""mom20"": 0.20877817319098457, ""mom60"": 0.291508238276299, ""mom120"": 0.7814685314685315, ""vol20"": 0.32206814953900403, ""amount20"": 249602857.0, ""history_days"": 1314, ""accel"": 1.0}",fixed_high_score,2021_2026,S+D
S,162411,华宝油气LOF,2023-08-14,2023-08-15,2023-08-29,-0.0195360195360194,12089.23525961892,11853.05972341147,0.92125,"{""score"": 0.92125, ""momentum"": 0.15580736543909346, ""mom20"": 0.15580736543909346, ""mom60"": 0.2573189522342063, ""mom120"": 0.14767932489451474, ""vol20"": 0.24812758212963829, ""amount20"": 40031579.6375, ""history_days"": 2570, ""accel"": 1.0}",fixed_high_score,2021_2026,S+D
S,162411,华宝油气LOF,2023-09-05,2023-09-06,2023-09-20,-0.0418660287081338,11853.05972341147,11356.819184751901,0.92,"{""score"": 0.9199999999999999, ""momentum"": 0.06488549618320594, ""mom20"": 0.06488549618320594, ""mom60"": 0.20431654676259003, ""mom120"": 0.2008608321377332, ""vol20"": 0.2271056158654633, ""amount20"": 51841988.925, ""history_days"": 2586, ""accel"": 1.0}",fixed_high_score,2021_2026,S+D
S,501018,南方原油LOF,2023-09-21,2023-09-22,2023-10-16,-0.0160583941605839,11356.819184751901,11174.446905872674,0.9275,"{""score"": 0.9275, ""momentum"": 0.09674796747967473, ""mom20"": 0.09674796747967473, ""mom60"": 0.22413793103448265, ""mom120"": 0.25605214152700184, ""vol20"": 0.1982273714367672, ""amount20"": 6205941.975, ""history_days"": 1763, ""accel"": 1.0}",fixed_high_score,2021_2026,S+D
S,159992,创新药ETF,2023-10-19,2023-10-20,2023-11-03,0.0687116564417178,11174.446905872674,11942.261662595214,1.0,"{""score"": 1.0, ""momentum"": 0.05183312262958273, ""mom20"": 0.05183312262958273, ""mom60"": 0.01835985312117505, ""mom120"": -0.1306165099268548, ""vol20"": 0.2316805961188385, ""amount20"": 314789673.5, ""history_days"": 855, ""accel"": 1.0}",fixed_high_score,2021_2026,S+D
S,159930,能源ETF,2023-11-27,2023-11-28,2023-12-12,0.002421307506053,11942.261662595214,11971.177550398106,0.9228571428571428,"{""score"": 0.9228571428571428, ""momentum"": 0.043001686340641054, ""mom20"": 0.043001686340641054, ""mom60"": 0.058169375534645074, ""mom120"": 0.10151380231522711, ""vol20"": 0.14639789069029804, ""amount20"": 14303509.5, ""history_days"": 2476, ""accel"": 1.0}",fixed_high_score,2021_2026,S+D
S,518880,黄金ETF,2023-12-20,2023-12-21,2024-01-05,0.0128121606948967,11971.177550398106,12124.554200880948,0.912,"{""score"": 0.912, ""momentum"": 0.02333851967103806, ""mom20"": 0.02333851967103806, ""mom60"": 0.009870585654748742, ""mom120"": 0.058390804597701296, ""vol20"": 0.10328698528257764, ""amount20"": 604841969.9750001, ""history_days"": 2532, ""accel"": 1.0}",fixed_high_score,2021_2026,S+D
D,512720,计算机ETF,2024-01-08,2024-01-09,2024-03-12,0.1087216248506572,12124.554200880948,13442.755434190587,75.38973922902494,fear_weighted=61.2623;symbol_fear=89.5172,fixed_high_score,2021_2026,S+D
S,162411,华宝油气LOF,2024-03-26,2024-03-27,2024-04-12,0.0664251207729469,13442.755434190587,14335.692087427886,0.9130434782608696,"{""score"": 0.9130434782608696, ""momentum"": 0.10052219321148814, ""mom20"": 0.10052219321148814, ""mom60"": 0.09338521400778199, ""mom120"": 0.0711562897077509, ""vol20"": 0.13665563987748575, ""amount20"": 40295331.87500001, ""history_days"": 2718, ""accel"": 1.0}",fixed_high_score,2021_2026,S+D
S,159996,家电ETF,2024-04-30,2024-05-06,2024-05-20,-0.0221169036334912,14335.692087427886,14018.630967010842,0.9180645161290322,"{""score"": 0.9180645161290322, ""momentum"": 0.08201058201058209, ""mom20"": 0.08201058201058209, ""mom60"": 0.19590643274853803, ""mom120"": 0.13506012950971336, ""vol20"": 0.207568620620079, ""amount20"": 87471049.5, ""history_days"": 1002, ""accel"": 1.0}",fixed_high_score,2021_2026,S+D
S,161226,白银LOF,2024-05-30,2024-05-31,2024-06-17,-0.0609390609390608,14018.630967010842,13164.348760229965,0.9106666666666668,"{""score"": 0.9106666666666667, ""momentum"": 0.1461187214611872, ""mom20"": 0.1461187214611872, ""mom60"": 0.3530997304582211, ""mom120"": 0.28717948717948705, ""vol20"": 0.3805641592841736, ""amount20"": 41515106.60000001, ""history_days"": 2134, ""accel"": 1.0}",fixed_high_score,2021_2026,S+D
S,501018,南方原油LOF,2024-06-25,2024-06-26,2024-07-10,-0.0007616146230007,13164.348760229965,13154.322599711892,0.952,"{""score"": 0.952, ""momentum"": 0.028974158183242116, ""mom20"": 0.028974158183242116, ""mom60"": 0.020979020979021046, ""mom120"": 0.10420168067226898, ""vol20"": 0.14477246856386797, ""amount20"": 13986116.55, ""history_days"": 1942, ""accel"": 1.0}",fixed_high_score,2021_2026,S+D
D,159870,化工ETF,2024-07-23,2024-07-24,2024-12-06,0.1447619047619046,13154.322599711892,15058.567395098755,78.33805744520029,fear_weighted=65.2079;symbol_fear=91.4683,fixed_high_score,2021_2026,S+D
S,512980,传媒ETF,2024-12-09,2024-12-10,2024-12-24,-0.0655926352128882,15058.567395098755,14070.836277123351,0.91,"{""score"": 0.91, ""momentum"": 0.05797101449275366, ""mom20"": 0.05797101449275366, ""mom60"": 0.48223350253807107, ""mom120"": 0.349768875192604, ""vol20"": 0.4234067774291791, ""amount20"": 179612901.5, ""history_days"": 1670, ""accel"": 1.0}",fixed_high_score,2021_2026,S+D
D,512880,证券ETF,2025-01-02,2025-01-03,2025-02-20,0.0399628252788102,14070.836277123351,14633.146648792777,83.44576719576719,fear_weighted=75.6878;symbol_fear=91.2037,fixed_high_score,2021_2026,S+D
S,518880,黄金ETF,2025-03-31,2025-04-01,2025-04-16,0.0633503401360544,14633.146648792777,15560.161466254565,0.9476923076923076,"{""score"": 0.9476923076923077, ""momentum"": 0.08696326150984346, ""mom20"": 0.08696326150984346, ""mom60"": 0.18047138047138023, ""mom120"": 0.21926621457137885, ""vol20"": 0.10086165025769309, ""amount20"": 1488937491.9, ""history_days"": 2838, ""accel"": 1.0}",fixed_high_score,2021_2026,S+D
S,518880,黄金ETF,2025-04-16,2025-04-17,2025-05-06,0.0062128222075346,15560.161466254565,15656.833982964936,0.9444444444444444,"{""score"": 0.9444444444444444, ""momentum"": 0.11535602794707889, ""mom20"": 0.11535602794707889, ""mom60"": 0.22598039215686283, ""mom120"": 0.26206896551724124, ""vol20"": 0.18679555060689063, ""amount20"": 3691486153.8250003, ""history_days"": 2849, ""accel"": 1.0}",fixed_high_score,2021_2026,S+D
S,518880,黄金ETF,2025-05-06,2025-05-07,2025-05-21,-0.0302437752574632,15656.833982964936,15183.31221474073,0.932,"{""score"": 0.932, ""momentum"": 0.08294209702660416, ""mom20"": 0.08294209702660416, ""mom60"": 0.1821711445876688, ""mom120"": 0.26739926739926734, ""vol20"": 0.3275146595644789, ""amount20"": 5912329916.65, ""history_days"": 2860, ""accel"": 1.0}",fixed_high_score,2021_2026,S+D
S,159887,银行ETF,2025-06-24,2025-06-25,2025-07-09,0.026074700493305,15183.31221474073,15579.212533236436,0.9214814814814816,"{""score"": 0.9214814814814816, ""momentum"": 0.07916986933128367, ""mom20"": 0.07916986933128367, ""mom60"": 0.11783439490445846, ""mom120"": 0.20722269991401543, ""vol20"": 0.0973295976171105, ""amount20"": 67697295.0, ""history_days"": 993, ""accel"": 1.0}",fixed_high_score,2021_2026,S+D
S,159992,创新药ETF,2025-07-30,2025-07-31,2025-08-14,0.0043336944745395,15579.212533236436,15646.7280805094,0.912972972972973,"{""score"": 0.912972972972973, ""momentum"": 0.17211055276381915, ""mom20"": 0.17211055276381915, ""mom60"": 0.26251691474966177, ""mom120"": 0.3720588235294118, ""vol20"": 0.21201367734509197, ""amount20"": 452425357.5, ""history_days"": 1287, ""accel"": 1.0}",fixed_high_score,2021_2026,S+D
S,159811,5G50ETF,2025-08-22,2025-08-25,2025-09-08,0.0138518913159297,15646.7280805094,15863.464857330522,0.910625,"{""score"": 0.910625, ""momentum"": 0.2503486750348676, ""mom20"": 0.2503486750348676, ""mom60"": 0.5182049110922946, ""mom120"": 0.37079510703363905, ""vol20"": 0.2976775252157679, ""amount20"": 4843091.0, ""history_days"": 1296, ""accel"": 1.0}",fixed_high_score,2021_2026,S+D
D,159565,汽车零部件ETF,2025-10-17,2025-10-20,2025-11-11,-0.0085470085470085,15863.464857330522,15727.87968760975,75.69205027818418,fear_weighted=70.6841;symbol_fear=80.7,fixed_high_score,2021_2026,S+D
D,159811,5G50ETF,2025-11-21,2025-11-24,2025-12-23,0.1777893639207508,15727.87968760975,18524.129413091985,80.72704081632654,fear_weighted=72.003;symbol_fear=89.4511,fixed_high_score,2021_2026,S+D
S,512400,有色金属ETF,2026-01-26,2026-01-27,2026-02-10,-0.081974069427018,18524.129413091985,17005.631142508115,0.913939393939394,"{""score"": 0.9139393939393939, ""momentum"": 0.30698429886302114, ""mom20"": 0.30698429886302114, ""mom60"": 0.3531390134529149, ""mom120"": 0.8992918961447682, ""vol20"": 0.3252292167408854, ""amount20"": 2109170756.5, ""history_days"": 2039, ""accel"": 1.0}",fixed_high_score,2021_2026,S+D
D,512980,传媒ETF,2026-03-03,2026-03-04,2026-07-15,-0.2280037842951749,17005.631142508115,13128.282887688387,76.70256991685564,fear_weighted=67.6909;symbol_fear=85.7143,fixed_high_score,2021_2026,S+D
S,162411,华宝油气LOF,2026-07-23,2026-07-24,2026-08-07,-0.0632368703108253,13128.282887688387,12298.09136531581,0.9133333333333332,"{""score"": 0.9133333333333333, ""momentum"": 0.1914357682619645, ""mom20"": 0.1914357682619645, ""mom60"": 0.05462653288740227, ""mom120"": 0.3138888888888889, ""vol20"": 0.32529126369974765, ""amount20"": 104242641.45, ""history_days"": 3281, ""accel"": 1.0}",fixed_high_score,2021_2026,S+D
D,159996,家电ETF,2021-01-28,2021-01-29,2021-06-18,0.0007173601147776,10000.0,10007.173601147777,82.77606982964127,fear_weighted=70.3893;symbol_fear=95.1629,fixed_high_score,2021_2026,C+S+D
D,159996,家电ETF,2021-07-27,2021-07-28,2021-12-06,-0.0176423416198877,10007.173601147777,9830.623625826807,81.87425712593452,fear_weighted=71.096;symbol_fear=92.6525,fixed_high_score,2021_2026,C+S+D
C,512660,军工ETF,2022-01-10,2022-01-11,2022-03-15,-0.139751552795031,9830.623625826807,8456.778709173992,1.0,hit=5/5;selected_score=0.5492349920969236,fixed_high_score,2021_2026,C+S+D
D,159766,旅游ETF,2022-03-15,2022-03-16,2022-07-28,0.0735294117647058,8456.778709173992,9078.600673083844,96.859410430839,fear_weighted=94.2744;symbol_fear=99.4444,fixed_high_score,2021_2026,C+S+D
D,159887,银行ETF,2022-08-02,2022-08-03,2022-12-15,0.0332541567695963,9078.600673083844,9380.501883115136,76.47856584770037,fear_weighted=75.7974;symbol_fear=77.1597,fixed_high_score,2021_2026,C+S+D
C,516970,基建ETF,2022-12-29,2022-12-30,2023-03-06,0.1396438612933459,9380.501883115136,10690.431386942835,1.0,hit=5/5;selected_score=0.5492349920969236,fixed_high_score,2021_2026,C+S+D
S,512980,传媒ETF,2023-03-21,2023-03-22,2023-04-06,0.0874524714828897,10690.431386942835,11625.336032949243,0.9106666666666668,"{""score"": 0.9106666666666667, ""momentum"": 0.10374639769452454, ""mom20"": 0.10374639769452454, ""mom60"": 0.31389365351629506, ""mom120"": 0.3851717902350813, ""vol20"": 0.3186259550508973, ""amount20"": 70434739.5, ""history_days"": 1253, ""accel"": 1.0}",fixed_high_score,2021_2026,C+S+D
C,515790,光伏ETF,2023-04-06,2023-04-07,2023-06-07,-0.1507159005275056,11625.336032949243,9873.213043808439,1.0,hit=4/4;selected_score=0.3858103633572226,fixed_high_score,2021_2026,C+S+D
C,515790,光伏ETF,2023-06-07,2023-06-08,2023-08-07,0.037201062887511,9873.213043808439,10240.50706315295,1.0,hit=4/4;selected_score=0.3858103633572226,fixed_high_score,2021_2026,C+S+D
C,159611,电力ETF,2023-08-11,2023-08-14,2023-10-17,-0.0435729847494553,10240.50706315295,9794.297605063499,1.0,hit=4/4;selected_score=0.7811455278137529,fixed_high_score,2021_2026,C+S+D
C,512950,央企改革ETF,2023-10-19,2023-10-20,2023-12-15,-0.0193929173693084,9794.297605063499,9604.357600918087,1.0,hit=5/5;selected_score=0.6693244330852537,fixed_high_score,2021_2026,C+S+D
C,512660,军工ETF,2023-12-20,2023-12-21,2024-02-26,-0.0665938864628821,9604.357600918087,8964.76610129363,1.0,hit=5/5;selected_score=0.6693244330852537,fixed_high_score,2021_2026,C+S+D
S,159930,能源ETF,2024-02-26,2024-02-27,2024-03-12,-0.0184931506849314,8964.76610129363,8798.97933092724,0.92,"{""score"": 0.92, ""momentum"": 0.15726767275615594, ""mom20"": 0.15726767275615594, ""mom60"": 0.1923076923076923, ""mom120"": 0.23474576271186454, ""vol20"": 0.3455721713227992, ""amount20"": 23803262.0, ""history_days"": 2534, ""accel"": 1.0}",fixed_high_score,2021_2026,C+S+D
S,162411,华宝油气LOF,2024-03-26,2024-03-27,2024-04-12,0.0664251207729469,8798.97933092724,9383.452595662746,0.9130434782608696,"{""score"": 0.9130434782608696, ""momentum"": 0.10052219321148814, ""mom20"": 0.10052219321148814, ""mom60"": 0.09338521400778199, ""mom120"": 0.0711562897077509, ""vol20"": 0.13665563987748575, ""amount20"": 40295331.87500001, ""history_days"": 2718, ""accel"": 1.0}",fixed_high_score,2021_2026,C+S+D
S,159996,家电ETF,2024-04-30,2024-05-06,2024-05-20,-0.0221169036334912,9383.452595662746,9175.91967885504,0.9180645161290322,"{""score"": 0.9180645161290322, ""momentum"": 0.08201058201058209, ""mom20"": 0.08201058201058209, ""mom60"": 0.19590643274853803, ""mom120"": 0.13506012950971336, ""vol20"": 0.207568620620079, ""amount20"": 87471049.5, ""history_days"": 1002, ""accel"": 1.0}",fixed_high_score,2021_2026,C+S+D
S,161226,白银LOF,2024-05-30,2024-05-31,2024-06-17,-0.0609390609390608,9175.91967885504,8616.747750373366,0.9106666666666668,"{""score"": 0.9106666666666667, ""momentum"": 0.1461187214611872, ""mom20"": 0.1461187214611872, ""mom60"": 0.3530997304582211, ""mom120"": 0.28717948717948705, ""vol20"": 0.3805641592841736, ""amount20"": 41515106.60000001, ""history_days"": 2134, ""accel"": 1.0}",fixed_high_score,2021_2026,C+S+D
S,501018,南方原油LOF,2024-06-25,2024-06-26,2024-07-10,-0.0007616146230007,8616.747750373366,8610.185109283973,0.952,"{""score"": 0.952, ""momentum"": 0.028974158183242116, ""mom20"": 0.028974158183242116, ""mom60"": 0.020979020979021046, ""mom120"": 0.10420168067226898, ""vol20"": 0.14477246856386797, ""amount20"": 13986116.55, ""history_days"": 1942, ""accel"": 1.0}",fixed_high_score,2021_2026,C+S+D
D,159870,化工ETF,2024-07-23,2024-07-24,2024-12-06,0.1447619047619046,8610.185109283973,9856.611906056509,78.33805744520029,fear_weighted=65.2079;symbol_fear=91.4683,fixed_high_score,2021_2026,C+S+D
S,512980,传媒ETF,2024-12-09,2024-12-10,2024-12-24,-0.0655926352128882,9856.611906056509,9210.090756867534,0.91,"{""score"": 0.91, ""momentum"": 0.05797101449275366, ""mom20"": 0.05797101449275366, ""mom60"": 0.48223350253807107, ""mom120"": 0.349768875192604, ""vol20"": 0.4234067774291791, ""amount20"": 179612901.5, ""history_days"": 1670, ""accel"": 1.0}",fixed_high_score,2021_2026,C+S+D
D,512880,证券ETF,2025-01-02,2025-01-03,2025-02-20,0.0399628252788102,9210.090756867534,9578.152004586216,83.44576719576719,fear_weighted=75.6878;symbol_fear=91.2037,fixed_high_score,2021_2026,C+S+D
S,518880,黄金ETF,2025-03-31,2025-04-01,2025-04-16,0.0633503401360544,9578.152004586216,10184.931191951584,0.9476923076923076,"{""score"": 0.9476923076923077, ""momentum"": 0.08696326150984346, ""mom20"": 0.08696326150984346, ""mom60"": 0.18047138047138023, ""mom120"": 0.21926621457137885, ""vol20"": 0.10086165025769309, ""amount20"": 1488937491.9, ""history_days"": 2838, ""accel"": 1.0}",fixed_high_score,2021_2026,C+S+D
S,518880,黄金ETF,2025-04-16,2025-04-17,2025-05-06,0.0062128222075346,10184.931191951584,10248.208358643153,0.9444444444444444,"{""score"": 0.9444444444444444, ""momentum"": 0.11535602794707889, ""mom20"": 0.11535602794707889, ""mom60"": 0.22598039215686283, ""mom120"": 0.26206896551724124, ""vol20"": 0.18679555060689063, ""amount20"": 3691486153.8250003, ""history_days"": 2849, ""accel"": 1.0}",fixed_high_score,2021_2026,C+S+D
S,518880,黄金ETF,2025-05-06,2025-05-07,2025-05-21,-0.0302437752574632,10248.208358643153,9938.263848252693,0.932,"{""score"": 0.932, ""momentum"": 0.08294209702660416, ""mom20"": 0.08294209702660416, ""mom60"": 0.1821711445876688, ""mom120"": 0.26739926739926734, ""vol20"": 0.3275146595644789, ""amount20"": 5912329916.65, ""history_days"": 2860, ""accel"": 1.0}",fixed_high_score,2021_2026,C+S+D
S,159887,银行ETF,2025-06-24,2025-06-25,2025-07-09,0.026074700493305,9938.263848252693,10197.401101519323,0.9214814814814816,"{""score"": 0.9214814814814816, ""momentum"": 0.07916986933128367, ""mom20"": 0.07916986933128367, ""mom60"": 0.11783439490445846, ""mom120"": 0.20722269991401543, ""vol20"": 0.0973295976171105, ""amount20"": 67697295.0, ""history_days"": 993, ""accel"": 1.0}",fixed_high_score,2021_2026,C+S+D
S,159992,创新药ETF,2025-07-30,2025-07-31,2025-08-14,0.0043336944745395,10197.401101519323,10241.593522327641,0.912972972972973,"{""score"": 0.912972972972973, ""momentum"": 0.17211055276381915, ""mom20"": 0.17211055276381915, ""mom60"": 0.26251691474966177, ""mom120"": 0.3720588235294118, ""vol20"": 0.21201367734509197, ""amount20"": 452425357.5, ""history_days"": 1287, ""accel"": 1.0}",fixed_high_score,2021_2026,C+S+D
S,159811,5G50ETF,2025-08-22,2025-08-25,2025-09-08,0.0138518913159297,10241.593522327641,10383.458962700854,0.910625,"{""score"": 0.910625, ""momentum"": 0.2503486750348676, ""mom20"": 0.2503486750348676, ""mom60"": 0.5182049110922946, ""mom120"": 0.37079510703363905, ""vol20"": 0.2976775252157679, ""amount20"": 4843091.0, ""history_days"": 1296, ""accel"": 1.0}",fixed_high_score,2021_2026,C+S+D
D,159565,汽车零部件ETF,2025-10-17,2025-10-20,2025-11-11,-0.0085470085470085,10383.458962700854,10294.711450199136,75.69205027818418,fear_weighted=70.6841;symbol_fear=80.7,fixed_high_score,2021_2026,C+S+D
C,159611,电力ETF,2025-11-20,2025-11-21,2026-01-20,0.0313111545988258,10294.711450199136,10617.050751966624,1.0,hit=4/4;selected_score=0.874448383058415,fixed_high_score,2021_2026,C+S+D
S,512400,有色金属ETF,2026-01-26,2026-01-27,2026-02-10,-0.081974069427018,10617.050751966624,9746.727896514738,0.913939393939394,"{""score"": 0.9139393939393939, ""momentum"": 0.30698429886302114, ""mom20"": 0.30698429886302114, ""mom60"": 0.3531390134529149, ""mom120"": 0.8992918961447682, ""vol20"": 0.3252292167408854, ""amount20"": 2109170756.5, ""history_days"": 2039, ""accel"": 1.0}",fixed_high_score,2021_2026,C+S+D
D,512980,传媒ETF,2026-03-03,2026-03-04,2026-07-15,-0.2280037842951749,9746.727896514738,7524.437051614028,76.70256991685564,fear_weighted=67.6909;symbol_fear=85.7143,fixed_high_score,2021_2026,C+S+D
S,162411,华宝油气LOF,2026-07-23,2026-07-24,2026-08-07,-0.0632368703108253,7524.437051614028,7048.615201619144,0.9133333333333332,"{""score"": 0.9133333333333333, ""momentum"": 0.1914357682619645, ""mom20"": 0.1914357682619645, ""mom60"": 0.05462653288740227, ""mom120"": 0.3138888888888889, ""vol20"": 0.32529126369974765, ""amount20"": 104242641.45, ""history_days"": 3281, ""accel"": 1.0}",fixed_high_score,2021_2026,C+S+D
C,515170,食品饮料ETF,2024-08-12,2024-08-13,2024-10-17,0.0680529300567105,10000.0,10680.529300567105,1.0,hit=5/5;selected_score=5.418702806095758,fixed_high_score,past_2y,C
C,512400,有色金属ETF,2024-12-19,2024-12-20,2025-02-25,0.0180180180180178,10680.529300567105,10872.97126994669,1.0,hit=4/4;selected_score=0.8348871811583229,fixed_high_score,past_2y,C
C,512400,有色金属ETF,2025-04-07,2025-04-08,2025-06-09,0.1259105098855359,10872.97126994669,12241.992626516463,1.0,hit=4/4;selected_score=0.874448383058415,fixed_high_score,past_2y,C
C,159611,电力ETF,2025-11-20,2025-11-21,2026-01-20,0.0313111545988258,12241.992626516463,12625.303550243007,1.0,hit=4/4;selected_score=0.874448383058415,fixed_high_score,past_2y,C
C,512660,军工ETF,2026-03-13,2026-03-16,2026-05-15,-0.0212014134275618,12625.303550243007,12357.629270025842,1.0,hit=5/5;selected_score=0.6686964927681998,fixed_high_score,past_2y,C
C,512660,军工ETF,2026-06-01,2026-06-02,2026-07-29,-0.1365430149960536,12357.629270025842,10670.281311293033,1.0,hit=5/5;selected_score=0.6686964927681998,fixed_high_score,past_2y,C
S,511260,十年国债ETF,2024-08-14,2024-08-15,2024-08-29,0.0014860376039034,10000.0,10014.860376039034,0.95,"{""score"": 0.95, ""momentum"": 0.00698518246191715, ""mom20"": 0.00698518246191715, ""mom60"": 0.020888363123693354, ""mom120"": 0.03380485083199303, ""vol20"": 0.04059023387054534, ""amount20"": 355044457.4125, ""history_days"": 1693, ""accel"": 1.0}",fixed_high_score,past_2y,S
S,164701,贵金属LOF,2024-08-29,2024-08-30,2024-09-13,0.0167597765363127,10014.860376039034,10182.707197983822,0.9533333333333334,"{""score"": 0.9533333333333334, ""momentum"": 0.025592417061611528, ""mom20"": 0.025592417061611528, ""mom60"": 0.06916996047430835, ""mom120"": 0.18510405257393203, ""vol20"": 0.14940452693808634, ""amount20"": 2722795.125, ""history_days"": 2956, ""accel"": 1.0}",fixed_high_score,past_2y,S
S,518880,黄金ETF,2024-09-13,2024-09-18,2024-10-09,0.00552683187734,10182.707197983822,10238.985308723259,0.9333333333333332,"{""score"": 0.9333333333333333, ""momentum"": 0.02897487621492756, ""mom20"": 0.02897487621492756, ""mom60"": 0.04371279761904745, ""mom120"": 0.127159501807955, ""vol20"": 0.09220381323260864, ""amount20"": 838216636.2375002, ""history_days"": 2711, ""accel"": 1.0}",fixed_high_score,past_2y,S
S,159996,家电ETF,2024-10-11,2024-10-14,2024-10-28,0.0554699537750384,10238.985308723259,10806.941350501436,0.9133333333333332,"{""score"": 0.9133333333333333, ""momentum"": 0.18173345759552673, ""mom20"": 0.18173345759552673, ""mom60"": 0.18173345759552673, ""mom120"": 0.1362007168458781, ""vol20"": 0.5282063974919455, ""amount20"": 131843021.0, ""history_days"": 1109, ""accel"": 1.0}",fixed_high_score,past_2y,S
S,512880,证券ETF,2024-11-04,2024-11-05,2024-11-19,-0.0316205533596836,10806.941350501436,10465.219884872935,0.916923076923077,"{""score"": 0.916923076923077, ""momentum"": 0.08220415537488712, ""mom20"": 0.08220415537488712, ""mom60"": 0.43473053892215563, ""mom120"": 0.38979118329466345, ""vol20"": 0.5653178929608424, ""amount20"": 2199027207.0, ""history_days"": 2000, ""accel"": 1.0}",fixed_high_score,past_2y,S
S,512980,传媒ETF,2024-12-05,2024-12-06,2024-12-20,-0.0339366515837104,10465.219884872935,10110.065363893083,0.9142857142857144,"{""score"": 0.9142857142857143, ""momentum"": 0.06973848069738464, ""mom20"": 0.06973848069738464, ""mom60"": 0.486159169550173, ""mom120"": 0.34009360374414976, ""vol20"": 0.440207094083776, ""amount20"": 179612901.5, ""history_days"": 1668, ""accel"": 1.0}",fixed_high_score,past_2y,S
S,159887,银行ETF,2025-01-02,2025-01-03,2025-01-17,0.0238500851788756,10110.065363893083,10351.191283985934,0.9166666666666669,"{""score"": 0.9166666666666667, ""momentum"": 0.028770706190061057, ""mom20"": 0.028770706190061057, ""mom60"": 0.06019766397124893, ""mom120"": 0.15234375, ""vol20"": 0.1842096801268777, ""amount20"": 57532080.0, ""history_days"": 881, ""accel"": 1.0}",fixed_high_score,past_2y,S
S,518880,黄金ETF,2025-03-31,2025-04-01,2025-04-16,0.0633503401360544,10351.191283985934,11006.942772639806,0.9476923076923076,"{""score"": 0.9476923076923077, ""momentum"": 0.08696326150984346, ""mom20"": 0.08696326150984346, ""mom60"": 0.18047138047138023, ""mom120"": 0.21926621457137885, ""vol20"": 0.10086165025769309, ""amount20"": 1488937491.9, ""history_days"": 2838, ""accel"": 1.0}",fixed_high_score,past_2y,S
S,518880,黄金ETF,2025-04-16,2025-04-17,2025-05-06,0.0062128222075346,11006.942772639806,11075.326951134726,0.9444444444444444,"{""score"": 0.9444444444444444, ""momentum"": 0.11535602794707889, ""mom20"": 0.11535602794707889, ""mom60"": 0.22598039215686283, ""mom120"": 0.26206896551724124, ""vol20"": 0.18679555060689063, ""amount20"": 3691486153.8250003, ""history_days"": 2849, ""accel"": 1.0}",fixed_high_score,past_2y,S
S,518880,黄金ETF,2025-05-06,2025-05-07,2025-05-21,-0.0302437752574632,11075.326951134726,10740.367251921682,0.932,"{""score"": 0.932, ""momentum"": 0.08294209702660416, ""mom20"": 0.08294209702660416, ""mom60"": 0.1821711445876688, ""mom120"": 0.26739926739926734, ""vol20"": 0.3275146595644789, ""amount20"": 5912329916.65, ""history_days"": 2860, ""accel"": 1.0}",fixed_high_score,past_2y,S
S,159887,银行ETF,2025-06-24,2025-06-25,2025-07-09,0.026074700493305,10740.367251921682,11020.419111203642,0.9214814814814816,"{""score"": 0.9214814814814816, ""momentum"": 0.07916986933128367, ""mom20"": 0.07916986933128367, ""mom60"": 0.11783439490445846, ""mom120"": 0.20722269991401543, ""vol20"": 0.0973295976171105, ""amount20"": 67697295.0, ""history_days"": 993, ""accel"": 1.0}",fixed_high_score,past_2y,S
S,159992,创新药ETF,2025-07-30,2025-07-31,2025-08-14,0.0043336944745395,11020.419111203642,11068.178240612975,0.912972972972973,"{""score"": 0.912972972972973, ""momentum"": 0.17211055276381915, ""mom20"": 0.17211055276381915, ""mom60"": 0.26251691474966177, ""mom120"": 0.3720588235294118, ""vol20"": 0.21201367734509197, ""amount20"": 452425357.5, ""history_days"": 1287, ""accel"": 1.0}",fixed_high_score,past_2y,S
S,159811,5G50ETF,2025-08-22,2025-08-25,2025-09-08,0.0138518913159297,11068.178240612975,11221.493442667284,0.910625,"{""score"": 0.910625, ""momentum"": 0.2503486750348676, ""mom20"": 0.2503486750348676, ""mom60"": 0.5182049110922946, ""mom120"": 0.37079510703363905, ""vol20"": 0.2976775252157679, ""amount20"": 4843091.0, ""history_days"": 1296, ""accel"": 1.0}",fixed_high_score,past_2y,S
S,161226,白银LOF,2025-11-21,2025-11-24,2025-12-08,0.261090909090909,11221.493442667284,14151.32336697096,0.9111111111111112,"{""score"": 0.9111111111111111, ""momentum"": 0.05714285714285716, ""mom20"": 0.05714285714285716, ""mom60"": 0.29763033175355447, ""mom120"": 0.4380252100840336, ""vol20"": 0.3586297349459585, ""amount20"": 219842426.4125, ""history_days"": 2494, ""accel"": 1.0}",fixed_high_score,past_2y,S
S,161226,白银LOF,2025-12-11,2025-12-12,2025-12-26,0.2645290581162325,14151.32336697096,17894.75960833402,0.9125,"{""score"": 0.9125, ""momentum"": 0.3267123287671234, ""mom20"": 0.3267123287671234, ""mom60"": 0.7126436781609196, ""mom120"": 0.8482824427480915, ""vol20"": 0.4788682931588076, ""amount20"": 291768045.5, ""history_days"": 2508, ""accel"": 1.0}",fixed_high_score,past_2y,S
S,512400,有色金属ETF,2026-01-26,2026-01-27,2026-02-10,-0.081974069427018,17894.75960833402,16427.85334182065,0.913939393939394,"{""score"": 0.9139393939393939, ""momentum"": 0.30698429886302114, ""mom20"": 0.30698429886302114, ""mom60"": 0.3531390134529149, ""mom120"": 0.8992918961447682, ""vol20"": 0.3252292167408854, ""amount20"": 2109170756.5, ""history_days"": 2039, ""accel"": 1.0}",fixed_high_score,past_2y,S
S,159663,机床ETF,2026-03-06,2026-03-09,2026-03-23,-0.1431492842535787,16427.85334182065,14076.217894116264,0.9188235294117648,"{""score"": 0.9188235294117647, ""momentum"": 0.14750290360046447, ""mom20"": 0.14750290360046447, ""mom60"": 0.40740740740740744, ""mom120"": 0.3779637377963738, ""vol20"": 0.3169609379077569, ""amount20"": 14631785.100000001, ""history_days"": 814, ""accel"": 1.0}",fixed_high_score,past_2y,S
S,159930,能源ETF,2026-03-23,2026-03-24,2026-04-08,-0.0294284097340123,14076.217894116264,13661.977186422975,0.925,"{""score"": 0.925, ""momentum"": 0.10794044665012392, ""mom20"": 0.10794044665012392, ""mom60"": 0.25597749648382573, ""mom120"": 0.33782771535580536, ""vol20"": 0.4909685834347277, ""amount20"": 209372516.5, ""history_days"": 3035, ""accel"": 1.0}",fixed_high_score,past_2y,S
S,159811,5G50ETF,2026-04-08,2026-04-09,2026-04-23,0.162008910490077,13661.977186422975,15875.33922553565,0.9166666666666669,"{""score"": 0.9166666666666667, ""momentum"": 0.020703933747411973, ""mom20"": 0.020703933747411973, ""mom60"": 0.05793991416309008, ""mom120"": 0.12300683371298415, ""vol20"": 0.4369181645139069, ""amount20"": 7737921.5, ""history_days"": 1444, ""accel"": 1.0}",fixed_high_score,past_2y,S
S,159811,5G50ETF,2026-06-01,2026-06-02,2026-06-16,0.0477972934062769,15875.33922553565,16634.137472422753,0.9177777777777778,"{""score"": 0.9177777777777778, ""momentum"": 0.17922170653338076, ""mom20"": 0.17922170653338076, ""mom60"": 0.394259181089067, ""mom120"": 0.6018428709990302, ""vol20"": 0.43781588786359615, ""amount20"": 20799999.5, ""history_days"": 1479, ""accel"": 1.0}",fixed_high_score,past_2y,S
S,159663,机床ETF,2026-06-24,2026-06-25,2026-07-09,-0.1085043988269796,16634.137472422753,14829.26038597219,0.9125,"{""score"": 0.9125, ""momentum"": 0.11359867330016593, ""mom20"": 0.11359867330016593, ""mom60"": 0.5296127562642368, ""mom120"": 0.8498622589531681, ""vol20"": 0.48974647911166497, ""amount20"": 57019252.7875, ""history_days"": 887, ""accel"": 1.0}",fixed_high_score,past_2y,S
S,162411,华宝油气LOF,2026-07-23,2026-07-24,2026-08-07,-0.0632368703108253,14829.26038597219,13891.504370139008,0.9133333333333332,"{""score"": 0.9133333333333333, ""momentum"": 0.1914357682619645, ""mom20"": 0.1914357682619645, ""mom60"": 0.05462653288740227, ""mom120"": 0.3138888888888889, ""vol20"": 0.32529126369974765, ""amount20"": 104242641.45, ""history_days"": 3281, ""accel"": 1.0}",fixed_high_score,past_2y,S
D,159870,化工ETF,2024-08-14,2024-08-15,2024-12-30,0.1577909270216961,10000.0,11577.909270216962,77.07671957671958,fear_weighted=61.6931;symbol_fear=92.4603,fixed_high_score,past_2y,D
D,512880,证券ETF,2025-01-02,2025-01-03,2025-02-20,0.0399628252788102,11577.909270216962,12040.59523547656,83.44576719576719,fear_weighted=75.6878;symbol_fear=91.2037,fixed_high_score,past_2y,D
D,159811,5G50ETF,2025-04-07,2025-04-08,2025-05-09,0.1241706161137441,12040.59523547656,13535.683364241897,96.4625850340136,fear_weighted=95.3061;symbol_fear=97.619,fixed_high_score,past_2y,D
D,159565,汽车零部件ETF,2025-10-17,2025-10-20,2025-11-11,-0.0085470085470085,13535.683364241897,13419.993762838121,75.69205027818418,fear_weighted=70.6841;symbol_fear=80.7,fixed_high_score,past_2y,D
D,159811,5G50ETF,2025-11-21,2025-11-24,2025-12-23,0.1777893639207508,13419.993762838121,15805.925917753555,80.72704081632654,fear_weighted=72.003;symbol_fear=89.4511,fixed_high_score,past_2y,D
D,510880,红利ETF,2026-02-02,2026-02-03,2026-06-24,-0.0009832841691249,15805.925917753555,15790.384201020268,89.73450491307634,fear_weighted=82.0484;symbol_fear=97.4206,fixed_high_score,past_2y,D
C,515170,食品饮料ETF,2024-08-12,2024-08-13,2024-10-17,0.0680529300567105,10000.0,10680.529300567105,1.0,hit=5/5;selected_score=5.418702806095758,fixed_high_score,past_2y,C+S
S,512880,证券ETF,2024-11-04,2024-11-05,2024-11-19,-0.0316205533596836,10680.529300567105,10342.805053908858,0.916923076923077,"{""score"": 0.916923076923077, ""momentum"": 0.08220415537488712, ""mom20"": 0.08220415537488712, ""mom60"": 0.43473053892215563, ""mom120"": 0.38979118329466345, ""vol20"": 0.5653178929608424, ""amount20"": 2199027207.0, ""history_days"": 2000, ""accel"": 1.0}",fixed_high_score,past_2y,C+S
S,512980,传媒ETF,2024-12-05,2024-12-06,2024-12-20,-0.0339366515837104,10342.805053908858,9991.804882396114,0.9142857142857144,"{""score"": 0.9142857142857143, ""momentum"": 0.06973848069738464, ""mom20"": 0.06973848069738464, ""mom60"": 0.486159169550173, ""mom120"": 0.34009360374414976, ""vol20"": 0.440207094083776, ""amount20"": 179612901.5, ""history_days"": 1668, ""accel"": 1.0}",fixed_high_score,past_2y,C+S
C,512400,有色金属ETF,2024-12-20,2024-12-23,2025-02-26,0.0271084337349396,9991.804882396114,10262.667062942995,1.0,hit=4/4;selected_score=0.8348871811583229,fixed_high_score,past_2y,C+S
S,518880,黄金ETF,2025-03-31,2025-04-01,2025-04-16,0.0633503401360544,10262.667062942995,10912.810512083517,0.9476923076923076,"{""score"": 0.9476923076923077, ""momentum"": 0.08696326150984346, ""mom20"": 0.08696326150984346, ""mom60"": 0.18047138047138023, ""mom120"": 0.21926621457137885, ""vol20"": 0.10086165025769309, ""amount20"": 1488937491.9, ""history_days"": 2838, ""accel"": 1.0}",fixed_high_score,past_2y,C+S
S,518880,黄金ETF,2025-04-16,2025-04-17,2025-05-06,0.0062128222075346,10912.810512083517,10980.609863579606,0.9444444444444444,"{""score"": 0.9444444444444444, ""momentum"": 0.11535602794707889, ""mom20"": 0.11535602794707889, ""mom60"": 0.22598039215686283, ""mom120"": 0.26206896551724124, ""vol20"": 0.18679555060689063, ""amount20"": 3691486153.8250003, ""history_days"": 2849, ""accel"": 1.0}",fixed_high_score,past_2y,C+S
S,518880,黄金ETF,2025-05-06,2025-05-07,2025-05-21,-0.0302437752574632,10980.609863579606,10648.51476667562,0.932,"{""score"": 0.932, ""momentum"": 0.08294209702660416, ""mom20"": 0.08294209702660416, ""mom60"": 0.1821711445876688, ""mom120"": 0.26739926739926734, ""vol20"": 0.3275146595644789, ""amount20"": 5912329916.65, ""history_days"": 2860, ""accel"": 1.0}",fixed_high_score,past_2y,C+S
S,159887,银行ETF,2025-06-24,2025-06-25,2025-07-09,0.026074700493305,10648.51476667562,10926.171599915224,0.9214814814814816,"{""score"": 0.9214814814814816, ""momentum"": 0.07916986933128367, ""mom20"": 0.07916986933128367, ""mom60"": 0.11783439490445846, ""mom120"": 0.20722269991401543, ""vol20"": 0.0973295976171105, ""amount20"": 67697295.0, ""history_days"": 993, ""accel"": 1.0}",fixed_high_score,past_2y,C+S
S,159992,创新药ETF,2025-07-30,2025-07-31,2025-08-14,0.0043336944745395,10926.171599915224,10973.522289405648,0.912972972972973,"{""score"": 0.912972972972973, ""momentum"": 0.17211055276381915, ""mom20"": 0.17211055276381915, ""mom60"": 0.26251691474966177, ""mom120"": 0.3720588235294118, ""vol20"": 0.21201367734509197, ""amount20"": 452425357.5, ""history_days"": 1287, ""accel"": 1.0}",fixed_high_score,past_2y,C+S
S,159811,5G50ETF,2025-08-22,2025-08-25,2025-09-08,0.0138518913159297,10973.522289405648,11125.526327511428,0.910625,"{""score"": 0.910625, ""momentum"": 0.2503486750348676, ""mom20"": 0.2503486750348676, ""mom60"": 0.5182049110922946, ""mom120"": 0.37079510703363905, ""vol20"": 0.2976775252157679, ""amount20"": 4843091.0, ""history_days"": 1296, ""accel"": 1.0}",fixed_high_score,past_2y,C+S
C,159611,电力ETF,2025-11-20,2025-11-21,2026-01-20,0.0313111545988258,11125.526327511428,11473.879402345447,1.0,hit=4/4;selected_score=0.874448383058415,fixed_high_score,past_2y,C+S
S,512400,有色金属ETF,2026-01-26,2026-01-27,2026-02-10,-0.081974069427018,11473.879402345447,10533.318815620349,0.913939393939394,"{""score"": 0.9139393939393939, ""momentum"": 0.30698429886302114, ""mom20"": 0.30698429886302114, ""mom60"": 0.3531390134529149, ""mom120"": 0.8992918961447682, ""vol20"": 0.3252292167408854, ""amount20"": 2109170756.5, ""history_days"": 2039, ""accel"": 1.0}",fixed_high_score,past_2y,C+S
S,159663,机床ETF,2026-03-06,2026-03-09,2026-03-23,-0.1431492842535787,10533.318815620349,9025.481766349543,0.9188235294117648,"{""score"": 0.9188235294117647, ""momentum"": 0.14750290360046447, ""mom20"": 0.14750290360046447, ""mom60"": 0.40740740740740744, ""mom120"": 0.3779637377963738, ""vol20"": 0.3169609379077569, ""amount20"": 14631785.100000001, ""history_days"": 814, ""accel"": 1.0}",fixed_high_score,past_2y,C+S
C,512950,央企改革ETF,2026-03-23,2026-03-24,2026-05-25,0.0854068594485542,9025.481766349543,9796.319819023647,1.0,hit=5/5;selected_score=0.6686964927681998,fixed_high_score,past_2y,C+S
C,512660,军工ETF,2026-06-01,2026-06-02,2026-07-29,-0.1365430149960536,9796.319819023647,8458.700775068564,1.0,hit=5/5;selected_score=0.6686964927681998,fixed_high_score,past_2y,C+S
C,515170,食品饮料ETF,2024-08-12,2024-08-13,2024-10-17,0.0680529300567105,10000.0,10680.529300567105,1.0,hit=5/5;selected_score=5.418702806095758,fixed_high_score,past_2y,C+D
D,512950,央企改革ETF,2024-10-17,2024-10-18,2025-02-20,-0.0177383592017738,10680.529300567105,10491.074235368575,80.19416099773242,fear_weighted=77.6833;symbol_fear=82.705,fixed_high_score,past_2y,C+D
D,159811,5G50ETF,2025-04-07,2025-04-08,2025-05-09,0.1241706161137441,10491.074235368575,11793.757386869318,96.4625850340136,fear_weighted=95.3061;symbol_fear=97.619,fixed_high_score,past_2y,C+D
D,159565,汽车零部件ETF,2025-10-17,2025-10-20,2025-11-11,-0.0085470085470085,11793.757386869318,11692.9560416824,75.69205027818418,fear_weighted=70.6841;symbol_fear=80.7,fixed_high_score,past_2y,C+D
C,159611,电力ETF,2025-11-20,2025-11-21,2026-01-20,0.0313111545988258,11692.9560416824,12059.075996020792,1.0,hit=4/4;selected_score=0.874448383058415,fixed_high_score,past_2y,C+D
D,510880,红利ETF,2026-02-02,2026-02-03,2026-06-24,-0.0009832841691249,12059.075996020792,12047.218497499633,89.73450491307634,fear_weighted=82.0484;symbol_fear=97.4206,fixed_high_score,past_2y,C+D
D,159870,化工ETF,2024-08-14,2024-08-15,2024-12-30,0.1577909270216961,10000.0,11577.909270216962,77.07671957671958,fear_weighted=61.6931;symbol_fear=92.4603,fixed_high_score,past_2y,S+D
D,512880,证券ETF,2025-01-02,2025-01-03,2025-02-20,0.0399628252788102,11577.909270216962,12040.59523547656,83.44576719576719,fear_weighted=75.6878;symbol_fear=91.2037,fixed_high_score,past_2y,S+D
S,518880,黄金ETF,2025-03-31,2025-04-01,2025-04-16,0.0633503401360544,12040.59523547656,12803.371039084555,0.9476923076923076,"{""score"": 0.9476923076923077, ""momentum"": 0.08696326150984346, ""mom20"": 0.08696326150984346, ""mom60"": 0.18047138047138023, ""mom120"": 0.21926621457137885, ""vol20"": 0.10086165025769309, ""amount20"": 1488937491.9, ""history_days"": 2838, ""accel"": 1.0}",fixed_high_score,past_2y,S+D
S,518880,黄金ETF,2025-04-16,2025-04-17,2025-05-06,0.0062128222075346,12803.371039084555,12882.916107007486,0.9444444444444444,"{""score"": 0.9444444444444444, ""momentum"": 0.11535602794707889, ""mom20"": 0.11535602794707889, ""mom60"": 0.22598039215686283, ""mom120"": 0.26206896551724124, ""vol20"": 0.18679555060689063, ""amount20"": 3691486153.8250003, ""history_days"": 2849, ""accel"": 1.0}",fixed_high_score,past_2y,S+D
S,518880,黄金ETF,2025-05-06,2025-05-07,2025-05-21,-0.0302437752574632,12882.916107007486,12493.2880876064,0.932,"{""score"": 0.932, ""momentum"": 0.08294209702660416, ""mom20"": 0.08294209702660416, ""mom60"": 0.1821711445876688, ""mom120"": 0.26739926739926734, ""vol20"": 0.3275146595644789, ""amount20"": 5912329916.65, ""history_days"": 2860, ""accel"": 1.0}",fixed_high_score,past_2y,S+D
S,159887,银行ETF,2025-06-24,2025-06-25,2025-07-09,0.026074700493305,12493.2880876064,12819.046832667313,0.9214814814814816,"{""score"": 0.9214814814814816, ""momentum"": 0.07916986933128367, ""mom20"": 0.07916986933128367, ""mom60"": 0.11783439490445846, ""mom120"": 0.20722269991401543, ""vol20"": 0.0973295976171105, ""amount20"": 67697295.0, ""history_days"": 993, ""accel"": 1.0}",fixed_high_score,past_2y,S+D
S,159992,创新药ETF,2025-07-30,2025-07-31,2025-08-14,0.0043336944745395,12819.046832667313,12874.600665094908,0.912972972972973,"{""score"": 0.912972972972973, ""momentum"": 0.17211055276381915, ""mom20"": 0.17211055276381915, ""mom60"": 0.26251691474966177, ""mom120"": 0.3720588235294118, ""vol20"": 0.21201367734509197, ""amount20"": 452425357.5, ""history_days"": 1287, ""accel"": 1.0}",fixed_high_score,past_2y,S+D
S,159811,5G50ETF,2025-08-22,2025-08-25,2025-09-08,0.0138518913159297,12874.600665094908,13052.9382342438,0.910625,"{""score"": 0.910625, ""momentum"": 0.2503486750348676, ""mom20"": 0.2503486750348676, ""mom60"": 0.5182049110922946, ""mom120"": 0.37079510703363905, ""vol20"": 0.2976775252157679, ""amount20"": 4843091.0, ""history_days"": 1296, ""accel"": 1.0}",fixed_high_score,past_2y,S+D
D,159565,汽车零部件ETF,2025-10-17,2025-10-20,2025-11-11,-0.0085470085470085,13052.9382342438,12941.374659592144,75.69205027818418,fear_weighted=70.6841;symbol_fear=80.7,fixed_high_score,past_2y,S+D
D,159811,5G50ETF,2025-11-21,2025-11-24,2025-12-23,0.1777893639207508,12941.374659592144,15242.213428581155,80.72704081632654,fear_weighted=72.003;symbol_fear=89.4511,fixed_high_score,past_2y,S+D
S,512400,有色金属ETF,2026-01-26,2026-01-27,2026-02-10,-0.081974069427018,15242.213428581155,13992.747166765217,0.913939393939394,"{""score"": 0.9139393939393939, ""momentum"": 0.30698429886302114, ""mom20"": 0.30698429886302114, ""mom60"": 0.3531390134529149, ""mom120"": 0.8992918961447682, ""vol20"": 0.3252292167408854, ""amount20"": 2109170756.5, ""history_days"": 2039, ""accel"": 1.0}",fixed_high_score,past_2y,S+D
D,512980,传媒ETF,2026-03-03,2026-03-04,2026-07-15,-0.2280037842951749,13992.747166765217,10802.347860057162,76.70256991685564,fear_weighted=67.6909;symbol_fear=85.7143,fixed_high_score,past_2y,S+D
S,162411,华宝油气LOF,2026-07-23,2026-07-24,2026-08-07,-0.0632368703108253,10802.347860057162,10119.241189378306,0.9133333333333332,"{""score"": 0.9133333333333333, ""momentum"": 0.1914357682619645, ""mom20"": 0.1914357682619645, ""mom60"": 0.05462653288740227, ""mom120"": 0.3138888888888889, ""vol20"": 0.32529126369974765, ""amount20"": 104242641.45, ""history_days"": 3281, ""accel"": 1.0}",fixed_high_score,past_2y,S+D
C,515170,食品饮料ETF,2024-08-12,2024-08-13,2024-10-17,0.0680529300567105,10000.0,10680.529300567105,1.0,hit=5/5;selected_score=5.418702806095758,fixed_high_score,past_2y,C+S+D
D,512950,央企改革ETF,2024-10-17,2024-10-18,2025-02-20,-0.0177383592017738,10680.529300567105,10491.074235368575,80.19416099773242,fear_weighted=77.6833;symbol_fear=82.705,fixed_high_score,past_2y,C+S+D
S,518880,黄金ETF,2025-03-31,2025-04-01,2025-04-16,0.0633503401360544,10491.074235368575,11155.68735657177,0.9476923076923076,"{""score"": 0.9476923076923077, ""momentum"": 0.08696326150984346, ""mom20"": 0.08696326150984346, ""mom60"": 0.18047138047138023, ""mom120"": 0.21926621457137885, ""vol20"": 0.10086165025769309, ""amount20"": 1488937491.9, ""history_days"": 2838, ""accel"": 1.0}",fixed_high_score,past_2y,C+S+D
S,518880,黄金ETF,2025-04-16,2025-04-17,2025-05-06,0.0062128222075346,11155.68735657177,11224.995658720993,0.9444444444444444,"{""score"": 0.9444444444444444, ""momentum"": 0.11535602794707889, ""mom20"": 0.11535602794707889, ""mom60"": 0.22598039215686283, ""mom120"": 0.26206896551724124, ""vol20"": 0.18679555060689063, ""amount20"": 3691486153.8250003, ""history_days"": 2849, ""accel"": 1.0}",fixed_high_score,past_2y,C+S+D
S,518880,黄金ETF,2025-05-06,2025-05-07,2025-05-21,-0.0302437752574632,11224.995658720993,10885.509412752634,0.932,"{""score"": 0.932, ""momentum"": 0.08294209702660416, ""mom20"": 0.08294209702660416, ""mom60"": 0.1821711445876688, ""mom120"": 0.26739926739926734, ""vol20"": 0.3275146595644789, ""amount20"": 5912329916.65, ""history_days"": 2860, ""accel"": 1.0}",fixed_high_score,past_2y,C+S+D
S,159887,银行ETF,2025-06-24,2025-06-25,2025-07-09,0.026074700493305,10885.509412752634,11169.345810407212,0.9214814814814816,"{""score"": 0.9214814814814816, ""momentum"": 0.07916986933128367, ""mom20"": 0.07916986933128367, ""mom60"": 0.11783439490445846, ""mom120"": 0.20722269991401543, ""vol20"": 0.0973295976171105, ""amount20"": 67697295.0, ""history_days"": 993, ""accel"": 1.0}",fixed_high_score,past_2y,C+S+D
S,159992,创新药ETF,2025-07-30,2025-07-31,2025-08-14,0.0043336944745395,11169.345810407212,11217.750342629995,0.912972972972973,"{""score"": 0.912972972972973, ""momentum"": 0.17211055276381915, ""mom20"": 0.17211055276381915, ""mom60"": 0.26251691474966177, ""mom120"": 0.3720588235294118, ""vol20"": 0.21201367734509197, ""amount20"": 452425357.5, ""history_days"": 1287, ""accel"": 1.0}",fixed_high_score,past_2y,C+S+D
S,159811,5G50ETF,2025-08-22,2025-08-25,2025-09-08,0.0138518913159297,11217.750342629995,11373.13740118534,0.910625,"{""score"": 0.910625, ""momentum"": 0.2503486750348676, ""mom20"": 0.2503486750348676, ""mom60"": 0.5182049110922946, ""mom120"": 0.37079510703363905, ""vol20"": 0.2976775252157679, ""amount20"": 4843091.0, ""history_days"": 1296, ""accel"": 1.0}",fixed_high_score,past_2y,C+S+D
D,159565,汽车零部件ETF,2025-10-17,2025-10-20,2025-11-11,-0.0085470085470085,11373.13740118534,11275.931098611107,75.69205027818418,fear_weighted=70.6841;symbol_fear=80.7,fixed_high_score,past_2y,C+S+D
C,159611,电力ETF,2025-11-20,2025-11-21,2026-01-20,0.0313111545988258,11275.931098611107,11628.993520485426,1.0,hit=4/4;selected_score=0.874448383058415,fixed_high_score,past_2y,C+S+D
S,512400,有色金属ETF,2026-01-26,2026-01-27,2026-02-10,-0.081974069427018,11628.993520485426,10675.717598270812,0.913939393939394,"{""score"": 0.9139393939393939, ""momentum"": 0.30698429886302114, ""mom20"": 0.30698429886302114, ""mom60"": 0.3531390134529149, ""mom120"": 0.8992918961447682, ""vol20"": 0.3252292167408854, ""amount20"": 2109170756.5, ""history_days"": 2039, ""accel"": 1.0}",fixed_high_score,past_2y,C+S+D
D,512980,传媒ETF,2026-03-03,2026-03-04,2026-07-15,-0.2280037842951749,10675.717598270812,8241.613585798472,76.70256991685564,fear_weighted=67.6909;symbol_fear=85.7143,fixed_high_score,past_2y,C+S+D
S,162411,华宝油气LOF,2026-07-23,2026-07-24,2026-08-07,-0.0632368703108253,8241.613585798472,7720.439736321398,0.9133333333333332,"{""score"": 0.9133333333333333, ""momentum"": 0.1914357682619645, ""mom20"": 0.1914357682619645, ""mom60"": 0.05462653288740227, ""mom120"": 0.3138888888888889, ""vol20"": 0.32529126369974765, ""amount20"": 104242641.45, ""history_days"": 3281, ""accel"": 1.0}",fixed_high_score,past_2y,C+S+D
C,159611,电力ETF,2025-11-20,2025-11-21,2026-01-20,0.0313111545988258,10000.0,10313.111545988259,1.0,hit=4/4;selected_score=0.874448383058415,fixed_high_score,past_1y,C
C,512660,军工ETF,2026-03-13,2026-03-16,2026-05-15,-0.0212014134275618,10313.111545988259,10094.4590043772,1.0,hit=5/5;selected_score=0.6686964927681998,fixed_high_score,past_1y,C
C,512660,军工ETF,2026-06-01,2026-06-02,2026-07-29,-0.1365430149960536,10094.4590043772,8716.131137165476,1.0,hit=5/5;selected_score=0.6686964927681998,fixed_high_score,past_1y,C
S,159811,5G50ETF,2025-08-22,2025-08-25,2025-09-08,0.0138518913159297,10000.0,10138.518913159298,0.910625,"{""score"": 0.910625, ""momentum"": 0.2503486750348676, ""mom20"": 0.2503486750348676, ""mom60"": 0.5182049110922946, ""mom120"": 0.37079510703363905, ""vol20"": 0.2976775252157679, ""amount20"": 4843091.0, ""history_days"": 1296, ""accel"": 1.0}",fixed_high_score,past_1y,S
S,161226,白银LOF,2025-11-21,2025-11-24,2025-12-08,0.261090909090909,10138.518913159298,12785.594033031433,0.9111111111111112,"{""score"": 0.9111111111111111, ""momentum"": 0.05714285714285716, ""mom20"": 0.05714285714285716, ""mom60"": 0.29763033175355447, ""mom120"": 0.4380252100840336, ""vol20"": 0.3586297349459585, ""amount20"": 219842426.4125, ""history_days"": 2494, ""accel"": 1.0}",fixed_high_score,past_1y,S
S,161226,白银LOF,2025-12-11,2025-12-12,2025-12-26,0.2645290581162325,12785.594033031433,16167.75518004576,0.9125,"{""score"": 0.9125, ""momentum"": 0.3267123287671234, ""mom20"": 0.3267123287671234, ""mom60"": 0.7126436781609196, ""mom120"": 0.8482824427480915, ""vol20"": 0.4788682931588076, ""amount20"": 291768045.5, ""history_days"": 2508, ""accel"": 1.0}",fixed_high_score,past_1y,S
S,512400,有色金属ETF,2026-01-26,2026-01-27,2026-02-10,-0.081974069427018,16167.75518004576,14842.41849443766,0.913939393939394,"{""score"": 0.9139393939393939, ""momentum"": 0.30698429886302114, ""mom20"": 0.30698429886302114, ""mom60"": 0.3531390134529149, ""mom120"": 0.8992918961447682, ""vol20"": 0.3252292167408854, ""amount20"": 2109170756.5, ""history_days"": 2039, ""accel"": 1.0}",fixed_high_score,past_1y,S
S,159663,机床ETF,2026-03-06,2026-03-09,2026-03-23,-0.1431492842535787,14842.41849443766,12717.73691036683,0.9188235294117648,"{""score"": 0.9188235294117647, ""momentum"": 0.14750290360046447, ""mom20"": 0.14750290360046447, ""mom60"": 0.40740740740740744, ""mom120"": 0.3779637377963738, ""vol20"": 0.3169609379077569, ""amount20"": 14631785.100000001, ""history_days"": 814, ""accel"": 1.0}",fixed_high_score,past_1y,S
S,159930,能源ETF,2026-03-23,2026-03-24,2026-04-08,-0.0294284097340123,12717.73691036683,12343.474137679183,0.925,"{""score"": 0.925, ""momentum"": 0.10794044665012392, ""mom20"": 0.10794044665012392, ""mom60"": 0.25597749648382573, ""mom120"": 0.33782771535580536, ""vol20"": 0.4909685834347277, ""amount20"": 209372516.5, ""history_days"": 3035, ""accel"": 1.0}",fixed_high_score,past_1y,S
S,159811,5G50ETF,2026-04-08,2026-04-09,2026-04-23,0.162008910490077,12343.474137679183,14343.22693438703,0.9166666666666669,"{""score"": 0.9166666666666667, ""momentum"": 0.020703933747411973, ""mom20"": 0.020703933747411973, ""mom60"": 0.05793991416309008, ""mom120"": 0.12300683371298415, ""vol20"": 0.4369181645139069, ""amount20"": 7737921.5, ""history_days"": 1444, ""accel"": 1.0}",fixed_high_score,past_1y,S
S,159811,5G50ETF,2026-06-01,2026-06-02,2026-06-16,0.0477972934062769,14343.22693438703,15028.79436056274,0.9177777777777778,"{""score"": 0.9177777777777778, ""momentum"": 0.17922170653338076, ""mom20"": 0.17922170653338076, ""mom60"": 0.394259181089067, ""mom120"": 0.6018428709990302, ""vol20"": 0.43781588786359615, ""amount20"": 20799999.5, ""history_days"": 1479, ""accel"": 1.0}",fixed_high_score,past_1y,S
S,159663,机床ETF,2026-06-24,2026-06-25,2026-07-09,-0.1085043988269796,15028.79436056274,13398.104063375578,0.9125,"{""score"": 0.9125, ""momentum"": 0.11359867330016593, ""mom20"": 0.11359867330016593, ""mom60"": 0.5296127562642368, ""mom120"": 0.8498622589531681, ""vol20"": 0.48974647911166497, ""amount20"": 57019252.7875, ""history_days"": 887, ""accel"": 1.0}",fixed_high_score,past_1y,S
S,162411,华宝油气LOF,2026-07-23,2026-07-24,2026-08-07,-0.0632368703108253,13398.104063375578,12550.849894308956,0.9133333333333332,"{""score"": 0.9133333333333333, ""momentum"": 0.1914357682619645, ""mom20"": 0.1914357682619645, ""mom60"": 0.05462653288740227, ""mom120"": 0.3138888888888889, ""vol20"": 0.32529126369974765, ""amount20"": 104242641.45, ""history_days"": 3281, ""accel"": 1.0}",fixed_high_score,past_1y,S
D,159565,汽车零部件ETF,2025-10-17,2025-10-20,2025-11-11,-0.0085470085470085,10000.0,9914.529914529914,75.69205027818418,fear_weighted=70.6841;symbol_fear=80.7,fixed_high_score,past_1y,D
D,159811,5G50ETF,2025-11-21,2025-11-24,2025-12-23,0.1777893639207508,9914.529914529914,11677.227881607443,80.72704081632654,fear_weighted=72.003;symbol_fear=89.4511,fixed_high_score,past_1y,D
D,510880,红利ETF,2026-02-02,2026-02-03,2026-06-24,-0.0009832841691249,11677.227881607443,11665.745848292196,89.73450491307634,fear_weighted=82.0484;symbol_fear=97.4206,fixed_high_score,past_1y,D
S,159811,5G50ETF,2025-08-22,2025-08-25,2025-09-08,0.0138518913159297,10000.0,10138.518913159298,0.910625,"{""score"": 0.910625, ""momentum"": 0.2503486750348676, ""mom20"": 0.2503486750348676, ""mom60"": 0.5182049110922946, ""mom120"": 0.37079510703363905, ""vol20"": 0.2976775252157679, ""amount20"": 4843091.0, ""history_days"": 1296, ""accel"": 1.0}",fixed_high_score,past_1y,C+S
C,159611,电力ETF,2025-11-20,2025-11-21,2026-01-20,0.0313111545988258,10138.518913159298,10455.967646252348,1.0,hit=4/4;selected_score=0.874448383058415,fixed_high_score,past_1y,C+S
S,512400,有色金属ETF,2026-01-26,2026-01-27,2026-02-10,-0.081974069427018,10455.967646252348,9598.849428491803,0.913939393939394,"{""score"": 0.9139393939393939, ""momentum"": 0.30698429886302114, ""mom20"": 0.30698429886302114, ""mom60"": 0.3531390134529149, ""mom120"": 0.8992918961447682, ""vol20"": 0.3252292167408854, ""amount20"": 2109170756.5, ""history_days"": 2039, ""accel"": 1.0}",fixed_high_score,past_1y,C+S
S,159663,机床ETF,2026-03-06,2026-03-09,2026-03-23,-0.1431492842535787,9598.849428491803,8224.78100314533,0.9188235294117648,"{""score"": 0.9188235294117647, ""momentum"": 0.14750290360046447, ""mom20"": 0.14750290360046447, ""mom60"": 0.40740740740740744, ""mom120"": 0.3779637377963738, ""vol20"": 0.3169609379077569, ""amount20"": 14631785.100000001, ""history_days"": 814, ""accel"": 1.0}",fixed_high_score,past_1y,C+S
C,512950,央企改革ETF,2026-03-23,2026-03-24,2026-05-25,0.0854068594485542,8224.78100314533,8927.233718276102,1.0,hit=5/5;selected_score=0.6686964927681998,fixed_high_score,past_1y,C+S
C,512660,军工ETF,2026-06-01,2026-06-02,2026-07-29,-0.1365430149960536,8927.233718276102,7708.282310808253,1.0,hit=5/5;selected_score=0.6686964927681998,fixed_high_score,past_1y,C+S
D,159565,汽车零部件ETF,2025-10-17,2025-10-20,2025-11-11,-0.0085470085470085,10000.0,9914.529914529914,75.69205027818418,fear_weighted=70.6841;symbol_fear=80.7,fixed_high_score,past_1y,C+D
C,159611,电力ETF,2025-11-20,2025-11-21,2026-01-20,0.0313111545988258,9914.529914529914,10224.965293458443,1.0,hit=4/4;selected_score=0.874448383058415,fixed_high_score,past_1y,C+D
D,510880,红利ETF,2026-02-02,2026-02-03,2026-06-24,-0.0009832841691249,10224.965293458443,10214.911246955535,89.73450491307634,fear_weighted=82.0484;symbol_fear=97.4206,fixed_high_score,past_1y,C+D
S,159811,5G50ETF,2025-08-22,2025-08-25,2025-09-08,0.0138518913159297,10000.0,10138.518913159298,0.910625,"{""score"": 0.910625, ""momentum"": 0.2503486750348676, ""mom20"": 0.2503486750348676, ""mom60"": 0.5182049110922946, ""mom120"": 0.37079510703363905, ""vol20"": 0.2976775252157679, ""amount20"": 4843091.0, ""history_days"": 1296, ""accel"": 1.0}",fixed_high_score,past_1y,S+D
D,159565,汽车零部件ETF,2025-10-17,2025-10-20,2025-11-11,-0.0085470085470085,10138.518913159298,10051.864905354518,75.69205027818418,fear_weighted=70.6841;symbol_fear=80.7,fixed_high_score,past_1y,S+D
D,159811,5G50ETF,2025-11-21,2025-11-24,2025-12-23,0.1777893639207508,10051.864905354518,11838.979573094815,80.72704081632654,fear_weighted=72.003;symbol_fear=89.4511,fixed_high_score,past_1y,S+D
S,512400,有色金属ETF,2026-01-26,2026-01-27,2026-02-10,-0.081974069427018,11838.979573094815,10868.490239624893,0.913939393939394,"{""score"": 0.9139393939393939, ""momentum"": 0.30698429886302114, ""mom20"": 0.30698429886302114, ""mom60"": 0.3531390134529149, ""mom120"": 0.8992918961447682, ""vol20"": 0.3252292167408854, ""amount20"": 2109170756.5, ""history_days"": 2039, ""accel"": 1.0}",fixed_high_score,past_1y,S+D
D,512980,传媒ETF,2026-03-03,2026-03-04,2026-07-15,-0.2280037842951749,10868.490239624893,8390.433335415246,76.70256991685564,fear_weighted=67.6909;symbol_fear=85.7143,fixed_high_score,past_1y,S+D
S,162411,华宝油气LOF,2026-07-23,2026-07-24,2026-08-07,-0.0632368703108253,8390.433335415246,7859.848590731967,0.9133333333333332,"{""score"": 0.9133333333333333, ""momentum"": 0.1914357682619645, ""mom20"": 0.1914357682619645, ""mom60"": 0.05462653288740227, ""mom120"": 0.3138888888888889, ""vol20"": 0.32529126369974765, ""amount20"": 104242641.45, ""history_days"": 3281, ""accel"": 1.0}",fixed_high_score,past_1y,S+D
S,159811,5G50ETF,2025-08-22,2025-08-25,2025-09-08,0.0138518913159297,10000.0,10138.518913159298,0.910625,"{""score"": 0.910625, ""momentum"": 0.2503486750348676, ""mom20"": 0.2503486750348676, ""mom60"": 0.5182049110922946, ""mom120"": 0.37079510703363905, ""vol20"": 0.2976775252157679, ""amount20"": 4843091.0, ""history_days"": 1296, ""accel"": 1.0}",fixed_high_score,past_1y,C+S+D
D,159565,汽车零部件ETF,2025-10-17,2025-10-20,2025-11-11,-0.0085470085470085,10138.518913159298,10051.864905354518,75.69205027818418,fear_weighted=70.6841;symbol_fear=80.7,fixed_high_score,past_1y,C+S+D
C,159611,电力ETF,2025-11-20,2025-11-21,2026-01-20,0.0313111545988258,10051.864905354518,10366.600401412585,1.0,hit=4/4;selected_score=0.874448383058415,fixed_high_score,past_1y,C+S+D
S,512400,有色金属ETF,2026-01-26,2026-01-27,2026-02-10,-0.081974069427018,10366.600401412585,9516.807980385036,0.913939393939394,"{""score"": 0.9139393939393939, ""momentum"": 0.30698429886302114, ""mom20"": 0.30698429886302114, ""mom60"": 0.3531390134529149, ""mom120"": 0.8992918961447682, ""vol20"": 0.3252292167408854, ""amount20"": 2109170756.5, ""history_days"": 2039, ""accel"": 1.0}",fixed_high_score,past_1y,C+S+D
D,512980,传媒ETF,2026-03-03,2026-03-04,2026-07-15,-0.2280037842951749,9516.807980385036,7346.939746446727,76.70256991685564,fear_weighted=67.6909;symbol_fear=85.7143,fixed_high_score,past_1y,C+S+D
S,162411,华宝油气LOF,2026-07-23,2026-07-24,2026-08-07,-0.0632368703108253,7346.939746446727,6882.342270519229,0.9133333333333332,"{""score"": 0.9133333333333333, ""momentum"": 0.1914357682619645, ""mom20"": 0.1914357682619645, ""mom60"": 0.05462653288740227, ""mom120"": 0.3138888888888889, ""vol20"": 0.32529126369974765, ""amount20"": 104242641.45, ""history_days"": 3281, ""accel"": 1.0}",fixed_high_score,past_1y,C+S+D
C,159930,能源ETF,2021-01-28,2021-01-29,2021-04-02,0.0753532182103611,10000.0,10753.53218210361,1.0,hit=4/4;selected_score=0.9106525611216468,rolling_gate,2019_2026,C
C,159902,中小板ETF,2021-04-12,2021-04-13,2021-06-11,0.0970079476390837,10753.53218210361,11796.71026896032,0.8,hit=4/5;selected_score=0.5241558570254087,rolling_gate,2019_2026,C
C,159930,能源ETF,2021-08-03,2021-08-04,2021-08-31,0.2198952879581153,11796.71026896032,14390.751270511806,1.0,hit=4/4;selected_score=0.9106525611216468,rolling_gate,2019_2026,C
C,512660,军工ETF,2021-09-17,2021-09-22,2021-11-24,0.1118060985144644,14390.751270511806,15999.725024759804,0.8,hit=4/5;selected_score=0.6127133230906227,rolling_gate,2019_2026,C
C,510880,红利ETF,2021-11-30,2021-12-01,2022-01-27,-0.0227030862007804,15999.725024759804,15636.481888333898,0.8,hit=4/5;selected_score=0.5241558570254087,rolling_gate,2019_2026,C
C,512950,央企改革ETF,2022-01-27,2022-01-28,2022-04-01,-0.0344551282051281,15636.481888333898,15097.72490019419,1.0,hit=5/5;selected_score=0.5492349920969236,rolling_gate,2019_2026,C
C,512720,计算机ETF,2022-04-01,2022-04-06,2022-06-07,-0.0639063906390638,15097.72490019419,14132.883794961259,0.6,hit=3/5;selected_score=73869226391.63521,rolling_gate,2019_2026,C
C,512880,证券ETF,2022-06-07,2022-06-08,2022-08-03,-0.0607375271149674,14132.883794961259,13274.487382252117,0.5,hit=2/4;selected_score=133585973381.73016,rolling_gate,2019_2026,C
C,516970,基建ETF,2022-08-03,2022-08-04,2022-09-30,-0.0517082179132041,13274.487382252117,12588.087296004545,0.6,hit=3/5;selected_score=0.5492349920969236,rolling_gate,2019_2026,C
C,516970,基建ETF,2022-09-30,2022-10-10,2022-12-05,0.1703992210321325,12588.087296004545,14733.087565528203,1.0,hit=5/5;selected_score=0.5492349920969236,rolling_gate,2019_2026,C
C,512880,证券ETF,2022-12-05,2022-12-06,2023-02-08,0.008686210640608,14733.087565528203,14861.062267508905,0.25,hit=1/4;selected_score=133585973381.73016,rolling_gate,2019_2026,C
C,516750,建材ETF,2023-02-08,2023-02-09,2023-04-07,-0.0301399354144241,14861.062267508905,14413.150810576453,0.75,hit=3/4;selected_score=0.7811455278137529,rolling_gate,2019_2026,C
C,515790,光伏ETF,2023-04-07,2023-04-10,2023-06-08,-0.161218424962853,14413.150810576453,12089.48533814325,1.0,hit=4/4;selected_score=0.3858103633572226,rolling_gate,2019_2026,C
C,515790,光伏ETF,2023-06-08,2023-06-09,2023-08-08,0.0148731408573927,12089.48533814325,12269.29395647084,1.0,hit=4/4;selected_score=0.3858103633572226,rolling_gate,2019_2026,C
C,515210,钢铁ETF,2023-08-09,2023-08-10,2023-10-13,-0.0502625656414102,12269.29395647084,11652.607763609967,0.75,hit=3/4;selected_score=0.7811455278137529,rolling_gate,2019_2026,C
C,515790,光伏ETF,2023-10-13,2023-10-16,2023-12-11,-0.1334022750775594,11652.607763609967,10098.123377357966,0.75,hit=3/4;selected_score=0.3858103633572226,rolling_gate,2019_2026,C
C,515170,食品饮料ETF,2023-12-11,2023-12-12,2024-02-07,-0.0516129032258064,10098.123377357966,9576.929912720136,0.8,hit=4/5;selected_score=0.2802254631310315,rolling_gate,2019_2026,C
C,515170,食品饮料ETF,2024-02-07,2024-02-08,2024-04-16,0.0255102040816326,9576.929912720136,9821.239349269119,0.8,hit=4/5;selected_score=5.418702806095758,rolling_gate,2019_2026,C
C,515790,光伏ETF,2024-04-16,2024-04-17,2024-06-18,-0.061804697156984,9821.239349269119,9214.240625581286,0.75,hit=3/4;selected_score=0.3858103633572226,rolling_gate,2019_2026,C
C,159666,交通运输ETF,2024-06-18,2024-06-19,2024-08-14,-0.0273522975929978,9214.240625581286,8962.209973896895,0.8,hit=4/5;selected_score=0.3961648114454243,rolling_gate,2019_2026,C
C,515170,食品饮料ETF,2024-08-14,2024-08-15,2024-10-21,0.1104761904761904,8962.209973896895,9952.320790060743,1.0,hit=5/5;selected_score=5.418702806095758,rolling_gate,2019_2026,C
C,159930,能源ETF,2024-10-21,2024-10-22,2024-12-17,-0.0179930795847751,9952.320790060743,9773.247890031967,0.5,hit=2/4;selected_score=0.8348871811583229,rolling_gate,2019_2026,C
C,516970,基建ETF,2024-12-17,2024-12-18,2025-02-21,-0.0607929515418501,9773.247890031967,9179.103304646766,0.6,hit=3/5;selected_score=0.3961648114454243,rolling_gate,2019_2026,C
C,159902,中小板ETF,2025-03-24,2025-03-25,2025-05-26,-0.0443931968867108,9179.103304646766,8771.613564400124,0.8,hit=4/5;selected_score=0.0967644943244483,rolling_gate,2019_2026,C
C,512660,军工ETF,2025-10-23,2025-10-24,2025-12-19,0.0389072847682119,8771.613564400124,9112.89323122695,0.8,hit=4/5;selected_score=0.6773704614667067,rolling_gate,2019_2026,C
C,512720,计算机ETF,2025-12-19,2025-12-22,2026-02-26,0.1351118760757315,9112.89323122695,10344.153332175858,0.8,hit=4/5;selected_score=0.6577780442521962,rolling_gate,2019_2026,C
C,512660,军工ETF,2026-03-13,2026-03-16,2026-05-15,-0.0212014134275618,10344.153332175858,10124.842660822307,1.0,hit=5/5;selected_score=0.6686964927681998,rolling_gate,2019_2026,C
C,516970,基建ETF,2026-05-27,2026-05-28,2026-07-24,-0.0743944636678199,10124.842660822307,9371.610421349369,0.8,hit=4/5;selected_score=0.6686964927681998,rolling_gate,2019_2026,C
S,159930,能源ETF,2024-01-03,2024-01-04,2024-01-18,-0.0282442748091603,10000.0,9717.557251908398,0.8999999999999999,"{""score"": 0.8999999999999999, ""momentum"": 0.052074857607811165, ""mom20"": 0.052074857607811165, ""mom60"": 0.03274760383386566, ""mom120"": 0.07660283097418796, ""vol20"": 0.173149389098873, ""amount20"": 11209963.0, ""history_days"": 2502, ""accel"": 1.0}",rolling_gate,2019_2026,S
S,159930,能源ETF,2024-01-18,2024-01-19,2024-02-02,0.0667196187450358,9717.557251908398,10365.908966888785,0.842857142857143,"{""score"": 0.842857142857143, ""momentum"": 0.043442622950819576, ""mom20"": 0.043442622950819576, ""mom60"": 0.0503300330033003, ""mom120"": 0.060833333333333295, ""vol20"": 0.1819982588408884, ""amount20"": 14518008.0, ""history_days"": 2513, ""accel"": 1.0}",rolling_gate,2019_2026,S
S,159887,银行ETF,2024-02-07,2024-02-08,2024-03-01,0.0393442622950819,10365.908966888785,10773.748008208999,0.8599999999999999,"{""score"": 0.8599999999999999, ""momentum"": 0.0771028037383179, ""mom20"": 0.0771028037383179, ""mom60"": 0.04891922639362911, ""mom120"": 0.017660044150110465, ""vol20"": 0.12036817867577188, ""amount20"": 52488839.0, ""history_days"": 665, ""accel"": 1.0}",rolling_gate,2019_2026,S
S,159930,能源ETF,2024-03-01,2024-03-04,2024-03-18,-0.0552964690206528,10773.748008208999,10177.99778523675,0.8553333333333333,"{""score"": 0.8553333333333333, ""momentum"": 0.08624535315985149, ""mom20"": 0.08624535315985149, ""mom60"": 0.17538213998390995, ""mom120"": 0.22773109243697487, ""vol20"": 0.2903048244659898, ""amount20"": 23916800.0, ""history_days"": 2538, ""accel"": 1.0}",rolling_gate,2019_2026,S
S,512400,有色金属ETF,2024-03-18,2024-03-19,2024-04-02,0.0486381322957198,10177.99778523675,10673.03658802064,0.8705555555555555,"{""score"": 0.8705555555555555, ""momentum"": 0.16161616161616155, ""mom20"": 0.16161616161616155, ""mom60"": 0.15642458100558643, ""mom120"": 0.012720156555772855, ""vol20"": 0.20648199455619756, ""amount20"": 87013716.0, ""history_days"": 1587, ""accel"": 1.0}",rolling_gate,2019_2026,S
S,512400,有色金属ETF,2024-04-02,2024-04-03,2024-04-19,-0.0026929982046679,10673.03658802064,10644.294119650744,0.8864000000000001,"{""score"": 0.8864000000000001, ""momentum"": 0.13593256059009495, ""mom20"": 0.13593256059009495, ""mom60"": 0.14074074074074083, ""mom120"": 0.08888888888888902, ""vol20"": 0.25688528167943975, ""amount20"": 193255317.0, ""history_days"": 1598, ""accel"": 1.0}",rolling_gate,2019_2026,S
S,161226,白银LOF,2024-04-19,2024-04-22,2024-05-09,-0.0156075808249721,10644.294119650744,10478.16243885352,0.904,"{""score"": 0.9039999999999999, ""momentum"": 0.15162907268170422, ""mom20"": 0.15162907268170422, ""mom60"": 0.21883289124668437, ""mom120"": 0.22045152722443562, ""vol20"": 0.2618613566083339, ""amount20"": 76357115.3875, ""history_days"": 2108, ""accel"": 1.0}",rolling_gate,2019_2026,S
S,159996,家电ETF,2024-05-09,2024-05-10,2024-05-24,-0.0395569620253164,10478.16243885352,10063.678165164694,0.93,"{""score"": 0.9299999999999999, ""momentum"": 0.11790780141843982, ""mom20"": 0.11790780141843982, ""mom60"": 0.2597402597402598, ""mom120"": 0.15265082266910412, ""vol20"": 0.21537080485713034, ""amount20"": 88903466.5, ""history_days"": 1006, ""accel"": 1.0}",rolling_gate,2019_2026,S
S,161226,白银LOF,2024-05-24,2024-05-27,2024-06-11,-0.0544354838709677,10063.678165164694,9515.856974722261,0.8755555555555556,"{""score"": 0.8755555555555556, ""momentum"": 0.1251448435689455, ""mom20"": 0.1251448435689455, ""mom60"": 0.3051075268817205, ""mom120"": 0.2895086321381142, ""vol20"": 0.34440012397800807, ""amount20"": 32350946.4125, ""history_days"": 2130, ""accel"": 1.0}",rolling_gate,2019_2026,S
S,161226,白银LOF,2024-06-11,2024-06-12,2024-06-26,-0.0042194092827003,9515.856974722261,9475.70567947027,0.8375,"{""score"": 0.8375, ""momentum"": 0.04222222222222216, ""mom20"": 0.04222222222222216, ""mom60"": 0.21188630490956073, ""mom120"": 0.23421052631578942, ""vol20"": 0.48272556713507075, ""amount20"": 66569662.6, ""history_days"": 2141, ""accel"": 1.0}",rolling_gate,2019_2026,S
S,159811,5G50ETF,2024-06-26,2024-06-27,2024-07-11,0.0641762452107279,9475.70567947027,10083.820890700641,0.932,"{""score"": 0.932, ""momentum"": 0.070264765784114, ""mom20"": 0.070264765784114, ""mom60"": 0.05522088353413657, ""mom120"": 0.1005235602094241, ""vol20"": 0.2273989734550887, ""amount20"": 6034702.5, ""history_days"": 1013, ""accel"": 1.0}",rolling_gate,2019_2026,S
S,159811,5G50ETF,2024-07-11,2024-07-12,2024-07-26,-0.0680580762250455,10083.820890700641,9397.53543988163,0.9,"{""score"": 0.9, ""momentum"": 0.07655038759689914, ""mom20"": 0.07655038759689914, ""mom60"": 0.15970772442588732, ""mom120"": 0.2330743618201998, ""vol20"": 0.25595061073482384, ""amount20"": 8227931.5, ""history_days"": 1024, ""accel"": 1.0}",rolling_gate,2019_2026,S
S,164701,贵金属LOF,2024-07-29,2024-07-30,2024-08-13,0.0145208131655374,9397.53543988163,9533.995296220668,0.9142857142857144,"{""score"": 0.9142857142857143, ""momentum"": 0.031968031968031996, ""mom20"": 0.031968031968031996, ""mom60"": 0.05086469989827047, ""mom120"": 0.1792237442922373, ""vol20"": 0.22929772669798415, ""amount20"": 2635007.1125000007, ""history_days"": 2933, ""accel"": 1.0}",rolling_gate,2019_2026,S
S,511260,十年国债ETF,2024-08-14,2024-08-15,2024-08-29,0.0014860376039034,9533.995296220668,9548.16317174629,0.95,"{""score"": 0.95, ""momentum"": 0.00698518246191715, ""mom20"": 0.00698518246191715, ""mom60"": 0.020888363123693354, ""mom120"": 0.03380485083199303, ""vol20"": 0.04059023387054534, ""amount20"": 355044457.4125, ""history_days"": 1693, ""accel"": 1.0}",rolling_gate,2019_2026,S
S,164701,贵金属LOF,2024-08-29,2024-08-30,2024-09-13,0.0167597765363127,9548.16317174629,9708.18825283701,0.9533333333333334,"{""score"": 0.9533333333333334, ""momentum"": 0.025592417061611528, ""mom20"": 0.025592417061611528, ""mom60"": 0.06916996047430835, ""mom120"": 0.18510405257393203, ""vol20"": 0.14940452693808634, ""amount20"": 2722795.125, ""history_days"": 2956, ""accel"": 1.0}",rolling_gate,2019_2026,S
S,518880,黄金ETF,2024-09-13,2024-09-18,2024-10-09,0.00552683187734,9708.18825283701,9761.843777144008,0.9333333333333332,"{""score"": 0.9333333333333333, ""momentum"": 0.02897487621492756, ""mom20"": 0.02897487621492756, ""mom60"": 0.04371279761904745, ""mom120"": 0.127159501807955, ""vol20"": 0.09220381323260864, ""amount20"": 838216636.2375002, ""history_days"": 2711, ""accel"": 1.0}",rolling_gate,2019_2026,S
S,159852,软件ETF,2024-10-09,2024-10-10,2024-10-24,0.0550847457627119,9761.843777144008,10299.572459783298,0.9,"{""score"": 0.9, ""momentum"": 0.6213389121338913, ""mom20"": 0.6213389121338913, ""mom60"": 0.5407554671968191, ""mom120"": 0.22047244094488194, ""vol20"": 0.5854888262001977, ""amount20"": 57248428.71249999, ""history_days"": 884, ""accel"": 1.0}",rolling_gate,2019_2026,S
S,159996,家电ETF,2024-10-24,2024-10-25,2024-11-08,0.0164056674123789,10299.572459783298,10468.5438200482,0.8819999999999999,"{""score"": 0.8819999999999999, ""momentum"": 0.23041474654377891, ""mom20"": 0.23041474654377891, ""mom60"": 0.282420749279539, ""mom120"": 0.14987080103359163, ""vol20"": 0.5478123256044922, ""amount20"": 137649637.0, ""history_days"": 1118, ""accel"": 1.0}",rolling_gate,2019_2026,S
S,159852,软件ETF,2024-11-08,2024-11-11,2024-11-25,-0.0963455149501661,10468.5438200482,9459.946574927279,0.8977777777777778,"{""score"": 0.8977777777777778, ""momentum"": 0.2602339181286548, ""mom20"": 0.2602339181286548, ""mom60"": 0.68359375, ""mom120"": 0.41543513957307066, ""vol20"": 0.5315850531929894, ""amount20"": 189371429.55, ""history_days"": 906, ""accel"": 1.0}",rolling_gate,2019_2026,S
S,159852,软件ETF,2024-11-25,2024-11-26,2024-12-10,0.080503144654088,9459.946574927279,10221.502022468594,0.8444444444444444,"{""score"": 0.8444444444444444, ""momentum"": 0.07651715039577822, ""mom20"": 0.07651715039577822, ""mom60"": 0.7215189873417722, ""mom120"": 0.3948717948717948, ""vol20"": 0.5653895678726308, ""amount20"": 181382810.7, ""history_days"": 917, ""accel"": 1.0}",rolling_gate,2019_2026,S
S,512980,传媒ETF,2024-12-10,2024-12-11,2024-12-25,-0.0804597701149424,10221.502022468594,9399.082319511352,0.9076923076923076,"{""score"": 0.9076923076923077, ""momentum"": 0.08760951188986232, ""mom20"": 0.08760951188986232, ""mom60"": 0.4854700854700855, ""mom120"": 0.3328220858895705, ""vol20"": 0.4013730759288544, ""amount20"": 189433492.0, ""history_days"": 1671, ""accel"": 1.0}",rolling_gate,2019_2026,S
S,159811,5G50ETF,2024-12-25,2024-12-26,2025-01-10,-0.0948737566947206,9399.082319511352,8507.356070376381,0.8376470588235294,"{""score"": 0.8376470588235294, ""momentum"": 0.07731958762886615, ""mom20"": 0.07731958762886615, ""mom60"": 0.2808988764044944, ""mom120"": 0.17305893358278768, ""vol20"": 0.18463894867877498, ""amount20"": 4806767.0, ""history_days"": 1136, ""accel"": 1.0}",rolling_gate,2019_2026,S
S,501018,南方原油LOF,2025-01-10,2025-01-13,2025-01-27,-0.0355819125277984,8507.356070376381,8204.648070837415,0.8566666666666667,"{""score"": 0.8566666666666667, ""momentum"": 0.05819672131147535, ""mom20"": 0.05819672131147535, ""mom60"": 0.06342668863261935, ""mom120"": -0.018996960486322267, ""vol20"": 0.1335208029641356, ""amount20"": 12075414.9, ""history_days"": 2077, ""accel"": 1.0}",rolling_gate,2019_2026,S
S,159852,软件ETF,2025-02-06,2025-02-07,2025-02-21,0.112372304199773,8204.648070837415,9126.623279705638,0.85625,"{""score"": 0.85625, ""momentum"": 0.10246433203631633, ""mom20"": 0.10246433203631633, ""mom60"": 0.045510455104551095, ""mom120"": 0.6159695817490494, ""vol20"": 0.5124769593404246, ""amount20"": 114368685.75, ""history_days"": 963, ""accel"": 1.0}",rolling_gate,2019_2026,S
S,159852,软件ETF,2025-02-21,2025-02-24,2025-03-10,-0.0590030518819938,9126.623279705638,8588.124652825754,0.8909090909090909,"{""score"": 0.8909090909090909, ""momentum"": 0.32432432432432434, ""mom20"": 0.32432432432432434, ""mom60"": 0.18644067796610164, ""mom120"": 0.96, ""vol20"": 0.4794353799185912, ""amount20"": 380824013.29999995, ""history_days"": 974, ""accel"": 1.0}",rolling_gate,2019_2026,S
S,159663,机床ETF,2025-03-10,2025-03-11,2025-03-25,-0.0546357615894039,8588.124652825754,8118.905921793885,0.8876923076923077,"{""score"": 0.8876923076923077, ""momentum"": 0.1143911439114389, ""mom20"": 0.1143911439114389, ""mom60"": 0.13962264150943393, ""mom120"": 0.6063829787234043, ""vol20"": 0.3571601705772286, ""amount20"": 5034580.9625, ""history_days"": 574, ""accel"": 1.0}",rolling_gate,2019_2026,S
S,512400,有色金属ETF,2025-03-25,2025-03-26,2025-04-10,-0.0793072014585232,8118.905921793885,7475.01821423138,0.868421052631579,"{""score"": 0.868421052631579, ""momentum"": 0.08554572271386451, ""mom20"": 0.08554572271386451, ""mom60"": 0.10510510510510529, ""mom120"": 0.22939866369710482, ""vol20"": 0.1913511352689439, ""amount20"": 262506160.5, ""history_days"": 1833, ""accel"": 1.0}",rolling_gate,2019_2026,S
S,518880,黄金ETF,2025-04-10,2025-04-11,2025-04-25,0.0353361748934415,7475.01821423138,7739.156765181121,0.9485714285714286,"{""score"": 0.9485714285714286, ""momentum"": 0.09776279497395035, ""mom20"": 0.09776279497395035, ""mom60"": 0.19399999999999995, ""mom120"": 0.23538541127780643, ""vol20"": 0.17292497450336963, ""amount20"": 2253384465.5249996, ""history_days"": 2845, ""accel"": 1.0}",rolling_gate,2019_2026,S
S,518880,黄金ETF,2025-04-25,2025-04-28,2025-05-15,-0.0539852645679839,7739.156765181121,7321.356339679715,0.9228571428571428,"{""score"": 0.9228571428571428, ""momentum"": 0.10540223135642979, ""mom20"": 0.10540223135642979, ""mom60"": 0.21824947419511398, ""mom120"": 0.2409360580092288, ""vol20"": 0.32343666734264553, ""amount20"": 5685152549.8375, ""history_days"": 2856, ""accel"": 1.0}",rolling_gate,2019_2026,S
S,159663,机床ETF,2025-05-15,2025-05-16,2025-05-30,-0.0491228070175436,7321.356339679715,6961.710765098959,0.8923076923076922,"{""score"": 0.8923076923076922, ""momentum"": 0.08704061895551263, ""mom20"": 0.08704061895551263, ""mom60"": 0.05243445692883908, ""mom120"": 0.0725190839694656, ""vol20"": 0.23867288671796036, ""amount20"": 4384542.525, ""history_days"": 618, ""accel"": 1.0}",rolling_gate,2019_2026,S
S,159992,创新药ETF,2025-05-30,2025-06-03,2025-06-17,-0.0087609511889862,6961.710765098959,6900.719556894087,0.8953846153846153,"{""score"": 0.8953846153846153, ""momentum"": 0.08953168044077153, ""mom20"": 0.08953168044077153, ""mom60"": 0.10167130919220058, ""mom120"": 0.09254143646408841, ""vol20"": 0.19399550055832887, ""amount20"": 342623242.5, ""history_days"": 1245, ""accel"": 1.0}",rolling_gate,2019_2026,S
S,501018,南方原油LOF,2025-06-17,2025-06-18,2025-07-02,-0.0907715582450833,6900.719556894087,6274.33048970249,0.8478571428571429,"{""score"": 0.8478571428571429, ""momentum"": 0.12357581069237522, ""mom20"": 0.12357581069237522, ""mom60"": 0.05254515599343201, ""mom120"": 0.05254515599343201, ""vol20"": 0.2600633148624637, ""amount20"": 15665109.6375, ""history_days"": 2178, ""accel"": 1.0}",rolling_gate,2019_2026,S
S,512400,有色金属ETF,2025-07-02,2025-07-03,2025-07-17,-0.0051457975986277,6274.33048970249,6242.044054935583,0.8793548387096775,"{""score"": 0.8793548387096775, ""momentum"": 0.08785046728971957, ""mom20"": 0.08785046728971957, ""mom60"": 0.08886810102899911, ""mom120"": 0.1686746987951806, ""vol20"": 0.14094035743512576, ""amount20"": 139378062.0, ""history_days"": 1899, ""accel"": 1.0}",rolling_gate,2019_2026,S
S,159851,金融科技ETF,2025-07-17,2025-07-18,2025-08-01,-0.0141509433962264,6242.044054935583,6153.713242837438,0.8965714285714286,"{""score"": 0.8965714285714286, ""momentum"": 0.1589673913043479, ""mom20"": 0.1589673913043479, ""mom60"": 0.2769461077844311, ""mom120"": 0.24525547445255458, ""vol20"": 0.39590271649057057, ""amount20"": 533105223.57500005, ""history_days"": 1050, ""accel"": 1.0}",rolling_gate,2019_2026,S
S,159992,创新药ETF,2025-08-01,2025-08-04,2025-08-18,0.0306010928961748,6153.713242837438,6342.023593437928,0.90125,"{""score"": 0.90125, ""momentum"": 0.11721611721611724, ""mom20"": 0.11721611721611724, ""mom60"": 0.25514403292181087, ""mom120"": 0.31465517241379315, ""vol20"": 0.22236430290167156, ""amount20"": 462498289.5, ""history_days"": 1289, ""accel"": 1.0}",rolling_gate,2019_2026,S
S,159811,5G50ETF,2025-08-18,2025-08-19,2025-09-02,0.1599532983070637,6342.023593437928,7356.451185149541,0.8913333333333333,"{""score"": 0.8913333333333333, ""momentum"": 0.17979094076655056, ""mom20"": 0.17979094076655056, ""mom60"": 0.45948275862068977, ""mom120"": 0.18973998594518626, ""vol20"": 0.2862735653019947, ""amount20"": 3161242.0, ""history_days"": 1292, ""accel"": 1.0}",rolling_gate,2019_2026,S
S,159811,5G50ETF,2025-09-02,2025-09-03,2025-09-17,0.0446562970396386,7356.451185149541,7684.963054431181,0.906470588235294,"{""score"": 0.9064705882352941, ""momentum"": 0.3317694369973192, ""mom20"": 0.3317694369973192, ""mom60"": 0.6367380560131797, ""mom120"": 0.5167938931297711, ""vol20"": 0.4357806439478203, ""amount20"": 9369221.5, ""history_days"": 1303, ""accel"": 1.0}",rolling_gate,2019_2026,S
S,159755,电池ETF,2025-09-17,2025-09-18,2025-10-10,0.0763747454175152,7684.963054431181,8271.900151256374,0.8987499999999999,"{""score"": 0.8987499999999999, ""momentum"": 0.274131274131274, ""mom20"": 0.274131274131274, ""mom60"": 0.3963328631875882, ""mom120"": 0.3846153846153846, ""vol20"": 0.4241914889737482, ""amount20"": 1158797260.5, ""history_days"": 1030, ""accel"": 1.0}",rolling_gate,2019_2026,S
S,159755,电池ETF,2025-10-10,2025-10-13,2025-10-27,-0.0158434296365329,8271.900151256374,8140.844883249518,0.88375,"{""score"": 0.88375, ""momentum"": 0.24793388429752072, ""mom20"": 0.24793388429752072, ""mom60"": 0.499290780141844, ""mom120"": 0.6645669291338581, ""vol20"": 0.5121850005754814, ""amount20"": 1521257190.5, ""history_days"": 1041, ""accel"": 1.0}",rolling_gate,2019_2026,S
S,512400,有色金属ETF,2025-10-27,2025-10-28,2025-11-11,0.0213523131672597,8140.844883249518,8314.670752642745,0.876,"{""score"": 0.876, ""momentum"": 0.17397167902899535, ""mom20"": 0.17397167902899535, ""mom60"": 0.35170807453416164, ""mom120"": 0.6805019305019306, ""vol20"": 0.473461335235103, ""amount20"": 980340613.0, ""history_days"": 1976, ""accel"": 1.0}",rolling_gate,2019_2026,S
S,515790,光伏ETF,2025-11-11,2025-11-12,2025-11-26,-0.0801932367149758,8314.670752642745,7647.89039276898,0.8951724137931034,"{""score"": 0.8951724137931034, ""momentum"": 0.15557939914163077, ""mom20"": 0.15557939914163077, ""mom60"": 0.43791722296395186, ""mom120"": 0.6122754491017963, ""vol20"": 0.45448452808455186, ""amount20"": 1018182981.5, ""history_days"": 1186, ""accel"": 1.0}",rolling_gate,2019_2026,S
S,161226,白银LOF,2025-11-26,2025-11-27,2025-12-11,0.312330623306233,7647.89039276898,10036.560766120267,0.9166666666666669,"{""score"": 0.9166666666666667, ""momentum"": 0.1079414032382422, ""mom20"": 0.1079414032382422, ""mom60"": 0.3342618384401115, ""mom120"": 0.46632653061224505, ""vol20"": 0.3417310798868747, ""amount20"": 199426930.5375, ""history_days"": 2497, ""accel"": 1.0}",rolling_gate,2019_2026,S
S,161226,白银LOF,2025-12-11,2025-12-12,2025-12-26,0.2645290581162325,10036.560766120267,12691.522732308395,0.9125,"{""score"": 0.9125, ""momentum"": 0.3267123287671234, ""mom20"": 0.3267123287671234, ""mom60"": 0.7126436781609196, ""mom120"": 0.8482824427480915, ""vol20"": 0.4788682931588076, ""amount20"": 291768045.5, ""history_days"": 2508, ""accel"": 1.0}",rolling_gate,2019_2026,S
S,512400,有色金属ETF,2025-12-26,2025-12-29,2026-01-14,0.1437699680511184,12691.522732308395,14516.182550052416,0.874782608695652,"{""score"": 0.874782608695652, ""momentum"": 0.12676056338028174, ""mom20"": 0.12676056338028174, ""mom60"": 0.2524461839530332, ""mom120"": 0.646655231560892, ""vol20"": 0.30761703468813517, ""amount20"": 851793226.0, ""history_days"": 2020, ""accel"": 1.0}",rolling_gate,2019_2026,S
S,512400,有色金属ETF,2026-01-26,2026-01-27,2026-02-10,-0.081974069427018,14516.182550052416,13326.231993879152,0.913939393939394,"{""score"": 0.9139393939393939, ""momentum"": 0.30698429886302114, ""mom20"": 0.30698429886302114, ""mom60"": 0.3531390134529149, ""mom120"": 0.8992918961447682, ""vol20"": 0.3252292167408854, ""amount20"": 2109170756.5, ""history_days"": 2039, ""accel"": 1.0}",rolling_gate,2019_2026,S
S,159663,机床ETF,2026-03-06,2026-03-09,2026-03-23,-0.1431492842535787,13326.231993879152,11418.591422158212,0.9188235294117648,"{""score"": 0.9188235294117647, ""momentum"": 0.14750290360046447, ""mom20"": 0.14750290360046447, ""mom60"": 0.40740740740740744, ""mom120"": 0.3779637377963738, ""vol20"": 0.3169609379077569, ""amount20"": 14631785.100000001, ""history_days"": 814, ""accel"": 1.0}",rolling_gate,2019_2026,S
S,159930,能源ETF,2026-03-23,2026-03-24,2026-04-08,-0.0294284097340123,11418.591422158212,11082.560435201662,0.925,"{""score"": 0.925, ""momentum"": 0.10794044665012392, ""mom20"": 0.10794044665012392, ""mom60"": 0.25597749648382573, ""mom120"": 0.33782771535580536, ""vol20"": 0.4909685834347277, ""amount20"": 209372516.5, ""history_days"": 3035, ""accel"": 1.0}",rolling_gate,2019_2026,S
S,159811,5G50ETF,2026-04-08,2026-04-09,2026-04-23,0.162008910490077,11082.560435201662,12878.033976749117,0.9166666666666669,"{""score"": 0.9166666666666667, ""momentum"": 0.020703933747411973, ""mom20"": 0.020703933747411973, ""mom60"": 0.05793991416309008, ""mom120"": 0.12300683371298415, ""vol20"": 0.4369181645139069, ""amount20"": 7737921.5, ""history_days"": 1444, ""accel"": 1.0}",rolling_gate,2019_2026,S
S,159811,5G50ETF,2026-06-01,2026-06-02,2026-06-16,0.0477972934062769,12878.033976749117,13493.569145231797,0.9177777777777778,"{""score"": 0.9177777777777778, ""momentum"": 0.17922170653338076, ""mom20"": 0.17922170653338076, ""mom60"": 0.394259181089067, ""mom120"": 0.6018428709990302, ""vol20"": 0.43781588786359615, ""amount20"": 20799999.5, ""history_days"": 1479, ""accel"": 1.0}",rolling_gate,2019_2026,S
S,159663,机床ETF,2026-06-24,2026-06-25,2026-07-09,-0.1085043988269796,13493.569145231797,12029.45753709814,0.9125,"{""score"": 0.9125, ""momentum"": 0.11359867330016593, ""mom20"": 0.11359867330016593, ""mom60"": 0.5296127562642368, ""mom120"": 0.8498622589531681, ""vol20"": 0.48974647911166497, ""amount20"": 57019252.7875, ""history_days"": 887, ""accel"": 1.0}",rolling_gate,2019_2026,S
S,588000,科创50ETF,2026-07-09,2026-07-10,2026-07-24,-0.1466727025803531,12029.45753709814,10265.064489556356,0.9090909090909092,"{""score"": 0.9090909090909091, ""momentum"": 0.3348623853211008, ""mom20"": 0.3348623853211008, ""mom60"": 0.6200417536534446, ""mom120"": 0.5315789473684209, ""vol20"": 0.5629672655498468, ""amount20"": 7559156157.5, ""history_days"": 1369, ""accel"": 1.0}",rolling_gate,2019_2026,S
D,515210,钢铁ETF,2021-01-11,2021-01-12,2021-05-31,0.2502004811547713,10000.0,12502.004811547713,72.90175464975857,fear_weighted=54.4067;symbol_fear=91.3969,rolling_gate,2019_2026,D
D,515170,食品饮料ETF,2021-07-26,2021-07-27,2021-12-06,0.0946450809464507,12502.004811547713,13685.258068929563,74.67963737815296,fear_weighted=60.1965;symbol_fear=89.1628,rolling_gate,2019_2026,D
D,512660,军工ETF,2022-01-21,2022-01-24,2022-06-14,-0.1147672552166934,13685.258068929563,12114.638563426412,72.25056689342404,fear_weighted=59.0514;symbol_fear=85.4497,rolling_gate,2019_2026,D
D,159887,银行ETF,2022-08-02,2022-08-03,2022-12-15,0.0332541567695963,12114.638563426412,12517.50065342159,76.47856584770037,fear_weighted=75.7974;symbol_fear=77.1597,rolling_gate,2019_2026,D
D,159663,机床ETF,2023-04-25,2023-04-26,2023-06-19,0.1051524710830704,12517.50065342159,13833.746778912819,77.83374460895469,fear_weighted=58.3636;symbol_fear=97.3039,rolling_gate,2019_2026,D
D,512980,传媒ETF,2023-08-18,2023-08-21,2023-11-16,-0.0012820512820512,13833.746778912819,13816.011206119343,75.98119803476946,fear_weighted=61.2547;symbol_fear=90.7077,rolling_gate,2019_2026,D
D,512720,计算机ETF,2024-01-05,2024-01-08,2024-02-27,0.0661157024793388,13816.011206119343,14729.466492474341,71.97656840513983,fear_weighted=54.932;symbol_fear=89.0212,rolling_gate,2019_2026,D
D,159992,创新药ETF,2024-02-28,2024-02-29,2024-03-12,0.0095890410958903,14729.466492474341,14870.707951991217,71.89247921390779,fear_weighted=61.4437;symbol_fear=82.3413,rolling_gate,2019_2026,D
D,560080,中药ETF,2024-06-24,2024-06-25,2024-11-07,0.1396917148362235,14870.707951991217,16948.022646633537,72.94245390903488,fear_weighted=58.3069;symbol_fear=87.578,rolling_gate,2019_2026,D
D,512950,央企改革ETF,2024-11-14,2024-11-15,2024-12-26,0.0021739130434783,16948.022646633537,16984.86617412622,72.08097127739985,fear_weighted=70.9146;symbol_fear=73.2474,rolling_gate,2019_2026,D
D,512880,证券ETF,2025-01-02,2025-01-03,2025-02-20,0.0399628252788102,16984.86617412622,17663.6294134268,83.44576719576719,fear_weighted=75.6878;symbol_fear=91.2037,rolling_gate,2019_2026,D
D,159811,5G50ETF,2025-04-07,2025-04-08,2025-05-09,0.1241706161137441,17663.6294134268,19856.933160496857,96.4625850340136,fear_weighted=95.3061;symbol_fear=97.619,rolling_gate,2019_2026,D
D,159887,银行ETF,2025-09-18,2025-09-19,2025-11-11,0.0627906976744185,19856.933160496857,21103.763847318754,74.65088813303099,fear_weighted=58.1973;symbol_fear=91.1045,rolling_gate,2019_2026,D
D,159811,5G50ETF,2025-11-21,2025-11-24,2025-12-23,0.1777893639207508,21103.763847318754,24855.788598067295,80.72704081632654,fear_weighted=72.003;symbol_fear=89.4511,rolling_gate,2019_2026,D
D,510880,红利ETF,2026-01-27,2026-01-28,2026-06-17,0.0089399744572158,24855.788598067295,25077.998713247973,74.20398715041571,fear_weighted=59.0892;symbol_fear=89.3188,rolling_gate,2019_2026,D
C,159930,能源ETF,2021-01-28,2021-01-29,2021-04-02,0.0753532182103611,10000.0,10753.53218210361,1.0,hit=4/4;selected_score=0.9106525611216468,rolling_gate,2019_2026,C+S
C,159902,中小板ETF,2021-04-12,2021-04-13,2021-06-11,0.0970079476390837,10753.53218210361,11796.71026896032,0.8,hit=4/5;selected_score=0.5241558570254087,rolling_gate,2019_2026,C+S
C,159930,能源ETF,2021-08-03,2021-08-04,2021-08-31,0.2198952879581153,11796.71026896032,14390.751270511806,1.0,hit=4/4;selected_score=0.9106525611216468,rolling_gate,2019_2026,C+S
C,512660,军工ETF,2021-09-17,2021-09-22,2021-11-24,0.1118060985144644,14390.751270511806,15999.725024759804,0.8,hit=4/5;selected_score=0.6127133230906227,rolling_gate,2019_2026,C+S
C,510880,红利ETF,2021-11-30,2021-12-01,2022-01-27,-0.0227030862007804,15999.725024759804,15636.481888333898,0.8,hit=4/5;selected_score=0.5241558570254087,rolling_gate,2019_2026,C+S
C,512950,央企改革ETF,2022-01-27,2022-01-28,2022-04-01,-0.0344551282051281,15636.481888333898,15097.72490019419,1.0,hit=5/5;selected_score=0.5492349920969236,rolling_gate,2019_2026,C+S
C,512720,计算机ETF,2022-04-01,2022-04-06,2022-06-07,-0.0639063906390638,15097.72490019419,14132.883794961259,0.6,hit=3/5;selected_score=73869226391.63521,rolling_gate,2019_2026,C+S
C,512880,证券ETF,2022-06-07,2022-06-08,2022-08-03,-0.0607375271149674,14132.883794961259,13274.487382252117,0.5,hit=2/4;selected_score=133585973381.73016,rolling_gate,2019_2026,C+S
C,516970,基建ETF,2022-08-03,2022-08-04,2022-09-30,-0.0517082179132041,13274.487382252117,12588.087296004545,0.6,hit=3/5;selected_score=0.5492349920969236,rolling_gate,2019_2026,C+S
C,516970,基建ETF,2022-09-30,2022-10-10,2022-12-05,0.1703992210321325,12588.087296004545,14733.087565528203,1.0,hit=5/5;selected_score=0.5492349920969236,rolling_gate,2019_2026,C+S
C,512880,证券ETF,2022-12-05,2022-12-06,2023-02-08,0.008686210640608,14733.087565528203,14861.062267508905,0.25,hit=1/4;selected_score=133585973381.73016,rolling_gate,2019_2026,C+S
C,516750,建材ETF,2023-02-08,2023-02-09,2023-04-07,-0.0301399354144241,14861.062267508905,14413.150810576453,0.75,hit=3/4;selected_score=0.7811455278137529,rolling_gate,2019_2026,C+S
C,515790,光伏ETF,2023-04-07,2023-04-10,2023-06-08,-0.161218424962853,14413.150810576453,12089.48533814325,1.0,hit=4/4;selected_score=0.3858103633572226,rolling_gate,2019_2026,C+S
C,515790,光伏ETF,2023-06-08,2023-06-09,2023-08-08,0.0148731408573927,12089.48533814325,12269.29395647084,1.0,hit=4/4;selected_score=0.3858103633572226,rolling_gate,2019_2026,C+S
C,515210,钢铁ETF,2023-08-09,2023-08-10,2023-10-13,-0.0502625656414102,12269.29395647084,11652.607763609967,0.75,hit=3/4;selected_score=0.7811455278137529,rolling_gate,2019_2026,C+S
C,515790,光伏ETF,2023-10-13,2023-10-16,2023-12-11,-0.1334022750775594,11652.607763609967,10098.123377357966,0.75,hit=3/4;selected_score=0.3858103633572226,rolling_gate,2019_2026,C+S
C,515170,食品饮料ETF,2023-12-11,2023-12-12,2024-02-07,-0.0516129032258064,10098.123377357966,9576.929912720136,0.8,hit=4/5;selected_score=0.2802254631310315,rolling_gate,2019_2026,C+S
S,159887,银行ETF,2024-02-07,2024-02-08,2024-03-01,0.0393442622950819,9576.929912720136,9953.727155187813,0.8599999999999999,"{""score"": 0.8599999999999999, ""momentum"": 0.0771028037383179, ""mom20"": 0.0771028037383179, ""mom60"": 0.04891922639362911, ""mom120"": 0.017660044150110465, ""vol20"": 0.12036817867577188, ""amount20"": 52488839.0, ""history_days"": 665, ""accel"": 1.0}",rolling_gate,2019_2026,C+S
S,159930,能源ETF,2024-03-01,2024-03-04,2024-03-18,-0.0552964690206528,9953.727155187813,9403.32118991094,0.8553333333333333,"{""score"": 0.8553333333333333, ""momentum"": 0.08624535315985149, ""mom20"": 0.08624535315985149, ""mom60"": 0.17538213998390995, ""mom120"": 0.22773109243697487, ""vol20"": 0.2903048244659898, ""amount20"": 23916800.0, ""history_days"": 2538, ""accel"": 1.0}",rolling_gate,2019_2026,C+S
S,512400,有色金属ETF,2024-03-18,2024-03-19,2024-04-02,0.0486381322957198,9403.32118991094,9860.681169964973,0.8705555555555555,"{""score"": 0.8705555555555555, ""momentum"": 0.16161616161616155, ""mom20"": 0.16161616161616155, ""mom60"": 0.15642458100558643, ""mom120"": 0.012720156555772855, ""vol20"": 0.20648199455619756, ""amount20"": 87013716.0, ""history_days"": 1587, ""accel"": 1.0}",rolling_gate,2019_2026,C+S
S,512400,有色金属ETF,2024-04-02,2024-04-03,2024-04-19,-0.0026929982046679,9860.681169964973,9834.126373277455,0.8864000000000001,"{""score"": 0.8864000000000001, ""momentum"": 0.13593256059009495, ""mom20"": 0.13593256059009495, ""mom60"": 0.14074074074074083, ""mom120"": 0.08888888888888902, ""vol20"": 0.25688528167943975, ""amount20"": 193255317.0, ""history_days"": 1598, ""accel"": 1.0}",rolling_gate,2019_2026,C+S
S,161226,白银LOF,2024-04-19,2024-04-22,2024-05-09,-0.0156075808249721,9834.126373277455,9680.639451063538,0.904,"{""score"": 0.9039999999999999, ""momentum"": 0.15162907268170422, ""mom20"": 0.15162907268170422, ""mom60"": 0.21883289124668437, ""mom120"": 0.22045152722443562, ""vol20"": 0.2618613566083339, ""amount20"": 76357115.3875, ""history_days"": 2108, ""accel"": 1.0}",rolling_gate,2019_2026,C+S
S,159996,家电ETF,2024-05-09,2024-05-10,2024-05-24,-0.0395569620253164,9680.639451063538,9297.702763917037,0.93,"{""score"": 0.9299999999999999, ""momentum"": 0.11790780141843982, ""mom20"": 0.11790780141843982, ""mom60"": 0.2597402597402598, ""mom120"": 0.15265082266910412, ""vol20"": 0.21537080485713034, ""amount20"": 88903466.5, ""history_days"": 1006, ""accel"": 1.0}",rolling_gate,2019_2026,C+S
S,161226,白银LOF,2024-05-24,2024-05-27,2024-06-11,-0.0544354838709677,9297.702763917037,8791.57781507478,0.8755555555555556,"{""score"": 0.8755555555555556, ""momentum"": 0.1251448435689455, ""mom20"": 0.1251448435689455, ""mom60"": 0.3051075268817205, ""mom120"": 0.2895086321381142, ""vol20"": 0.34440012397800807, ""amount20"": 32350946.4125, ""history_days"": 2130, ""accel"": 1.0}",rolling_gate,2019_2026,C+S
S,161226,白银LOF,2024-06-11,2024-06-12,2024-06-26,-0.0042194092827003,8791.57781507478,8754.482550032271,0.8375,"{""score"": 0.8375, ""momentum"": 0.04222222222222216, ""mom20"": 0.04222222222222216, ""mom60"": 0.21188630490956073, ""mom120"": 0.23421052631578942, ""vol20"": 0.48272556713507075, ""amount20"": 66569662.6, ""history_days"": 2141, ""accel"": 1.0}",rolling_gate,2019_2026,C+S
S,159811,5G50ETF,2024-06-26,2024-06-27,2024-07-11,0.0641762452107279,8754.482550032271,9316.312368856181,0.932,"{""score"": 0.932, ""momentum"": 0.070264765784114, ""mom20"": 0.070264765784114, ""mom60"": 0.05522088353413657, ""mom120"": 0.1005235602094241, ""vol20"": 0.2273989734550887, ""amount20"": 6034702.5, ""history_days"": 1013, ""accel"": 1.0}",rolling_gate,2019_2026,C+S
S,159811,5G50ETF,2024-07-11,2024-07-12,2024-07-26,-0.0680580762250455,9316.312368856181,8682.262071520232,0.9,"{""score"": 0.9, ""momentum"": 0.07655038759689914, ""mom20"": 0.07655038759689914, ""mom60"": 0.15970772442588732, ""mom120"": 0.2330743618201998, ""vol20"": 0.25595061073482384, ""amount20"": 8227931.5, ""history_days"": 1024, ""accel"": 1.0}",rolling_gate,2019_2026,C+S
C,515170,食品饮料ETF,2024-07-26,2024-07-29,2024-09-25,-0.0249520153550864,8682.262071520232,8465.622134994775,1.0,hit=5/5;selected_score=5.418702806095758,rolling_gate,2019_2026,C+S
C,515170,食品饮料ETF,2024-09-25,2024-09-26,2024-11-28,0.066189624329159,8465.622134994775,9025.958483822693,1.0,hit=5/5;selected_score=5.418702806095758,rolling_gate,2019_2026,C+S
C,516970,基建ETF,2024-11-28,2024-11-29,2025-01-27,-0.077260755048288,9025.958483822693,8328.60611632805,0.8,hit=4/5;selected_score=0.3961648114454243,rolling_gate,2019_2026,C+S
S,159852,软件ETF,2025-02-06,2025-02-07,2025-02-21,0.112372304199773,8328.60611632805,9264.510776392157,0.85625,"{""score"": 0.85625, ""momentum"": 0.10246433203631633, ""mom20"": 0.10246433203631633, ""mom60"": 0.045510455104551095, ""mom120"": 0.6159695817490494, ""vol20"": 0.5124769593404246, ""amount20"": 114368685.75, ""history_days"": 963, ""accel"": 1.0}",rolling_gate,2019_2026,C+S
S,159852,软件ETF,2025-02-21,2025-02-24,2025-03-10,-0.0590030518819938,9264.510776392157,8717.8763663914,0.8909090909090909,"{""score"": 0.8909090909090909, ""momentum"": 0.32432432432432434, ""mom20"": 0.32432432432432434, ""mom60"": 0.18644067796610164, ""mom120"": 0.96, ""vol20"": 0.4794353799185912, ""amount20"": 380824013.29999995, ""history_days"": 974, ""accel"": 1.0}",rolling_gate,2019_2026,C+S
S,159663,机床ETF,2025-03-10,2025-03-11,2025-03-25,-0.0546357615894039,8717.8763663914,8241.56855167134,0.8876923076923077,"{""score"": 0.8876923076923077, ""momentum"": 0.1143911439114389, ""mom20"": 0.1143911439114389, ""mom60"": 0.13962264150943393, ""mom120"": 0.6063829787234043, ""vol20"": 0.3571601705772286, ""amount20"": 5034580.9625, ""history_days"": 574, ""accel"": 1.0}",rolling_gate,2019_2026,C+S
S,512400,有色金属ETF,2025-03-25,2025-03-26,2025-04-10,-0.0793072014585232,8241.56855167134,7587.9528142097115,0.868421052631579,"{""score"": 0.868421052631579, ""momentum"": 0.08554572271386451, ""mom20"": 0.08554572271386451, ""mom60"": 0.10510510510510529, ""mom120"": 0.22939866369710482, ""vol20"": 0.1913511352689439, ""amount20"": 262506160.5, ""history_days"": 1833, ""accel"": 1.0}",rolling_gate,2019_2026,C+S
S,518880,黄金ETF,2025-04-10,2025-04-11,2025-04-25,0.0353361748934415,7587.9528142097115,7856.082041935808,0.9485714285714286,"{""score"": 0.9485714285714286, ""momentum"": 0.09776279497395035, ""mom20"": 0.09776279497395035, ""mom60"": 0.19399999999999995, ""mom120"": 0.23538541127780643, ""vol20"": 0.17292497450336963, ""amount20"": 2253384465.5249996, ""history_days"": 2845, ""accel"": 1.0}",rolling_gate,2019_2026,C+S
S,518880,黄金ETF,2025-04-25,2025-04-28,2025-05-15,-0.0539852645679839,7856.082041935808,7431.969374434116,0.9228571428571428,"{""score"": 0.9228571428571428, ""momentum"": 0.10540223135642979, ""mom20"": 0.10540223135642979, ""mom60"": 0.21824947419511398, ""mom120"": 0.2409360580092288, ""vol20"": 0.32343666734264553, ""amount20"": 5685152549.8375, ""history_days"": 2856, ""accel"": 1.0}",rolling_gate,2019_2026,C+S
S,159663,机床ETF,2025-05-15,2025-05-16,2025-05-30,-0.0491228070175436,7431.969374434116,7066.8901770934945,0.8923076923076922,"{""score"": 0.8923076923076922, ""momentum"": 0.08704061895551263, ""mom20"": 0.08704061895551263, ""mom60"": 0.05243445692883908, ""mom120"": 0.0725190839694656, ""vol20"": 0.23867288671796036, ""amount20"": 4384542.525, ""history_days"": 618, ""accel"": 1.0}",rolling_gate,2019_2026,C+S
S,159992,创新药ETF,2025-05-30,2025-06-03,2025-06-17,-0.0087609511889862,7066.8901770934945,7004.977497194052,0.8953846153846153,"{""score"": 0.8953846153846153, ""momentum"": 0.08953168044077153, ""mom20"": 0.08953168044077153, ""mom60"": 0.10167130919220058, ""mom120"": 0.09254143646408841, ""vol20"": 0.19399550055832887, ""amount20"": 342623242.5, ""history_days"": 1245, ""accel"": 1.0}",rolling_gate,2019_2026,C+S
S,501018,南方原油LOF,2025-06-17,2025-06-18,2025-07-02,-0.0907715582450833,7004.977497194052,6369.124774302005,0.8478571428571429,"{""score"": 0.8478571428571429, ""momentum"": 0.12357581069237522, ""mom20"": 0.12357581069237522, ""mom60"": 0.05254515599343201, ""mom120"": 0.05254515599343201, ""vol20"": 0.2600633148624637, ""amount20"": 15665109.6375, ""history_days"": 2178, ""accel"": 1.0}",rolling_gate,2019_2026,C+S
S,512400,有色金属ETF,2025-07-02,2025-07-03,2025-07-17,-0.0051457975986277,6369.124774302005,6336.3505473330415,0.8793548387096775,"{""score"": 0.8793548387096775, ""momentum"": 0.08785046728971957, ""mom20"": 0.08785046728971957, ""mom60"": 0.08886810102899911, ""mom120"": 0.1686746987951806, ""vol20"": 0.14094035743512576, ""amount20"": 139378062.0, ""history_days"": 1899, ""accel"": 1.0}",rolling_gate,2019_2026,C+S
S,159851,金融科技ETF,2025-07-17,2025-07-18,2025-08-01,-0.0141509433962264,6336.3505473330415,6246.685209399084,0.8965714285714286,"{""score"": 0.8965714285714286, ""momentum"": 0.1589673913043479, ""mom20"": 0.1589673913043479, ""mom60"": 0.2769461077844311, ""mom120"": 0.24525547445255458, ""vol20"": 0.39590271649057057, ""amount20"": 533105223.57500005, ""history_days"": 1050, ""accel"": 1.0}",rolling_gate,2019_2026,C+S
S,159992,创新药ETF,2025-08-01,2025-08-04,2025-08-18,0.0306010928961748,6246.685209399084,6437.840603785066,0.90125,"{""score"": 0.90125, ""momentum"": 0.11721611721611724, ""mom20"": 0.11721611721611724, ""mom60"": 0.25514403292181087, ""mom120"": 0.31465517241379315, ""vol20"": 0.22236430290167156, ""amount20"": 462498289.5, ""history_days"": 1289, ""accel"": 1.0}",rolling_gate,2019_2026,C+S
S,159811,5G50ETF,2025-08-18,2025-08-19,2025-09-02,0.1599532983070637,6437.840603785066,7467.594442335627,0.8913333333333333,"{""score"": 0.8913333333333333, ""momentum"": 0.17979094076655056, ""mom20"": 0.17979094076655056, ""mom60"": 0.45948275862068977, ""mom120"": 0.18973998594518626, ""vol20"": 0.2862735653019947, ""amount20"": 3161242.0, ""history_days"": 1292, ""accel"": 1.0}",rolling_gate,2019_2026,C+S
S,159811,5G50ETF,2025-09-02,2025-09-03,2025-09-17,0.0446562970396386,7467.594442335627,7801.069557924122,0.906470588235294,"{""score"": 0.9064705882352941, ""momentum"": 0.3317694369973192, ""mom20"": 0.3317694369973192, ""mom60"": 0.6367380560131797, ""mom120"": 0.5167938931297711, ""vol20"": 0.4357806439478203, ""amount20"": 9369221.5, ""history_days"": 1303, ""accel"": 1.0}",rolling_gate,2019_2026,C+S
S,159755,电池ETF,2025-09-17,2025-09-18,2025-10-10,0.0763747454175152,7801.069557924122,8396.874259394905,0.8987499999999999,"{""score"": 0.8987499999999999, ""momentum"": 0.274131274131274, ""mom20"": 0.274131274131274, ""mom60"": 0.3963328631875882, ""mom120"": 0.3846153846153846, ""vol20"": 0.4241914889737482, ""amount20"": 1158797260.5, ""history_days"": 1030, ""accel"": 1.0}",rolling_gate,2019_2026,C+S
S,159755,电池ETF,2025-10-10,2025-10-13,2025-10-27,-0.0158434296365329,8396.874259394905,8263.838972899368,0.88375,"{""score"": 0.88375, ""momentum"": 0.24793388429752072, ""mom20"": 0.24793388429752072, ""mom60"": 0.499290780141844, ""mom120"": 0.6645669291338581, ""vol20"": 0.5121850005754814, ""amount20"": 1521257190.5, ""history_days"": 1041, ""accel"": 1.0}",rolling_gate,2019_2026,C+S
S,512400,有色金属ETF,2025-10-27,2025-10-28,2025-11-11,0.0213523131672597,8263.838972899368,8440.29105061252,0.876,"{""score"": 0.876, ""momentum"": 0.17397167902899535, ""mom20"": 0.17397167902899535, ""mom60"": 0.35170807453416164, ""mom120"": 0.6805019305019306, ""vol20"": 0.473461335235103, ""amount20"": 980340613.0, ""history_days"": 1976, ""accel"": 1.0}",rolling_gate,2019_2026,C+S
S,515790,光伏ETF,2025-11-11,2025-11-12,2025-11-26,-0.0801932367149758,8440.29105061252,7763.436792447459,0.8951724137931034,"{""score"": 0.8951724137931034, ""momentum"": 0.15557939914163077, ""mom20"": 0.15557939914163077, ""mom60"": 0.43791722296395186, ""mom120"": 0.6122754491017963, ""vol20"": 0.45448452808455186, ""amount20"": 1018182981.5, ""history_days"": 1186, ""accel"": 1.0}",rolling_gate,2019_2026,C+S
S,161226,白银LOF,2025-11-26,2025-11-27,2025-12-11,0.312330623306233,7763.436792447459,10188.195844831116,0.9166666666666669,"{""score"": 0.9166666666666667, ""momentum"": 0.1079414032382422, ""mom20"": 0.1079414032382422, ""mom60"": 0.3342618384401115, ""mom120"": 0.46632653061224505, ""vol20"": 0.3417310798868747, ""amount20"": 199426930.5375, ""history_days"": 2497, ""accel"": 1.0}",rolling_gate,2019_2026,C+S
S,161226,白银LOF,2025-12-11,2025-12-12,2025-12-26,0.2645290581162325,10188.195844831116,12883.269695568006,0.9125,"{""score"": 0.9125, ""momentum"": 0.3267123287671234, ""mom20"": 0.3267123287671234, ""mom60"": 0.7126436781609196, ""mom120"": 0.8482824427480915, ""vol20"": 0.4788682931588076, ""amount20"": 291768045.5, ""history_days"": 2508, ""accel"": 1.0}",rolling_gate,2019_2026,C+S
S,512400,有色金属ETF,2025-12-26,2025-12-29,2026-01-14,0.1437699680511184,12883.269695568006,14735.49696809376,0.874782608695652,"{""score"": 0.874782608695652, ""momentum"": 0.12676056338028174, ""mom20"": 0.12676056338028174, ""mom60"": 0.2524461839530332, ""mom120"": 0.646655231560892, ""vol20"": 0.30761703468813517, ""amount20"": 851793226.0, ""history_days"": 2020, ""accel"": 1.0}",rolling_gate,2019_2026,C+S
S,512400,有色金属ETF,2026-01-26,2026-01-27,2026-02-10,-0.081974069427018,14735.49696809376,13527.568316589628,0.913939393939394,"{""score"": 0.9139393939393939, ""momentum"": 0.30698429886302114, ""mom20"": 0.30698429886302114, ""mom60"": 0.3531390134529149, ""mom120"": 0.8992918961447682, ""vol20"": 0.3252292167408854, ""amount20"": 2109170756.5, ""history_days"": 2039, ""accel"": 1.0}",rolling_gate,2019_2026,C+S
S,159663,机床ETF,2026-03-06,2026-03-09,2026-03-23,-0.1431492842535787,13527.568316589628,11591.106594378434,0.9188235294117648,"{""score"": 0.9188235294117647, ""momentum"": 0.14750290360046447, ""mom20"": 0.14750290360046447, ""mom60"": 0.40740740740740744, ""mom120"": 0.3779637377963738, ""vol20"": 0.3169609379077569, ""amount20"": 14631785.100000001, ""history_days"": 814, ""accel"": 1.0}",rolling_gate,2019_2026,C+S
C,512950,央企改革ETF,2026-03-23,2026-03-24,2026-05-25,0.0854068594485542,11591.106594378434,12581.066606137723,1.0,hit=5/5;selected_score=0.6686964927681998,rolling_gate,2019_2026,C+S
C,516970,基建ETF,2026-05-27,2026-05-28,2026-07-24,-0.0743944636678199,12581.066606137723,11645.104903604988,0.8,hit=4/5;selected_score=0.6686964927681998,rolling_gate,2019_2026,C+S
D,515210,钢铁ETF,2021-01-11,2021-01-12,2021-05-31,0.2502004811547713,10000.0,12502.004811547713,72.90175464975857,fear_weighted=54.4067;symbol_fear=91.3969,rolling_gate,2019_2026,C+D
D,515170,食品饮料ETF,2021-07-26,2021-07-27,2021-12-06,0.0946450809464507,12502.004811547713,13685.258068929563,74.67963737815296,fear_weighted=60.1965;symbol_fear=89.1628,rolling_gate,2019_2026,C+D
C,512660,军工ETF,2021-12-21,2021-12-22,2022-02-24,-0.0942712110224799,13685.258068929563,12395.132217616409,0.8,hit=4/5;selected_score=0.6127133230906227,rolling_gate,2019_2026,C+D
D,512980,传媒ETF,2022-02-24,2022-02-25,2022-07-11,-0.1428571428571428,12395.132217616409,10624.399043671208,82.61290627362055,fear_weighted=68.4996;symbol_fear=96.7262,rolling_gate,2019_2026,C+D
C,159930,能源ETF,2022-07-11,2022-07-12,2022-09-06,0.1987179487179486,10624.399043671208,12735.657827990486,0.75,hit=3/4;selected_score=1.117839944306766,rolling_gate,2019_2026,C+D
C,159813,半导体ETF鹏华,2022-09-06,2022-09-07,2022-11-10,-0.1192052980132448,12735.657827990486,11217.499941210166,0.6,hit=3/5;selected_score=73869226391.63521,rolling_gate,2019_2026,C+D
D,159902,中小板ETF,2022-11-10,2022-11-11,2023-01-06,-0.0042205222896333,11217.499941210166,11170.156232674328,75.14455782312925,fear_weighted=67.4187;symbol_fear=82.8704,rolling_gate,2019_2026,C+D
C,159825,农业ETF,2023-01-06,2023-01-09,2023-03-13,-0.0034682080924856,11170.156232674328,11131.415806433839,0.8,hit=4/5;selected_score=0.2802254631310315,rolling_gate,2019_2026,C+D
C,516750,建材ETF,2023-03-13,2023-03-14,2023-05-15,-0.0851063829787235,11131.415806433839,10184.061269716063,0.75,hit=3/4;selected_score=0.7811455278137529,rolling_gate,2019_2026,C+D
C,159666,交通运输ETF,2023-05-15,2023-05-16,2023-07-13,-0.0296827021494371,10184.061269716063,9881.770812375462,1.0,hit=5/5;selected_score=0.6693244330852537,rolling_gate,2019_2026,C+D
C,515170,食品饮料ETF,2023-07-13,2023-07-14,2023-09-08,-0.0057388809182209,9881.770812375462,9825.060506422087,0.8,hit=4/5;selected_score=0.2802254631310315,rolling_gate,2019_2026,C+D
C,515790,光伏ETF,2023-09-08,2023-09-11,2023-11-14,-0.071638861629048,9825.060506422087,9121.20435630549,0.75,hit=3/4;selected_score=0.3858103633572226,rolling_gate,2019_2026,C+D
C,515790,光伏ETF,2023-11-14,2023-11-15,2024-01-11,-0.0862785862785862,9121.20435630549,8334.23973928537,0.75,hit=3/4;selected_score=0.3858103633572226,rolling_gate,2019_2026,C+D
C,512950,央企改革ETF,2024-01-11,2024-01-12,2024-03-18,0.1224307417336907,8334.23973928537,9354.60689235248,0.8,hit=4/5;selected_score=0.3961648114454243,rolling_gate,2019_2026,C+D
C,515790,光伏ETF,2024-03-18,2024-03-19,2024-05-21,-0.1196388261851015,9354.60689235248,8235.43270432837,0.75,hit=3/4;selected_score=0.3858103633572226,rolling_gate,2019_2026,C+D
C,515790,光伏ETF,2024-05-21,2024-05-22,2024-07-18,-0.1785283474065138,8235.43270432837,6765.174513447069,0.5,hit=2/4;selected_score=0.3858103633572226,rolling_gate,2019_2026,C+D
C,515790,光伏ETF,2024-07-18,2024-07-19,2024-09-13,-0.0708092485549132,6765.174513447069,6286.137589807032,0.75,hit=3/4;selected_score=0.3858103633572226,rolling_gate,2019_2026,C+D
D,515170,食品饮料ETF,2024-09-13,2024-09-18,2025-02-07,0.2004310344827586,6286.137589807032,7546.074649833011,72.8188775510204,fear_weighted=61.0809;symbol_fear=84.5569,rolling_gate,2019_2026,C+D
C,159902,中小板ETF,2025-03-24,2025-03-25,2025-05-26,-0.0443931968867108,7546.074649833011,7211.080272181156,0.8,hit=4/5;selected_score=0.0967644943244483,rolling_gate,2019_2026,C+D
D,159887,银行ETF,2025-09-18,2025-09-19,2025-11-11,0.0627906976744185,7211.080272181156,7663.869033457647,74.65088813303099,fear_weighted=58.1973;symbol_fear=91.1045,rolling_gate,2019_2026,C+D
C,516970,基建ETF,2025-11-14,2025-11-17,2026-01-14,0.0317725752508362,7663.869033457647,7907.369889035734,0.8,hit=4/5;selected_score=0.6773704614667067,rolling_gate,2019_2026,C+D
D,510880,红利ETF,2026-01-27,2026-01-28,2026-06-17,0.0089399744572158,7907.369889035734,7978.0615738674705,74.20398715041571,fear_weighted=59.0892;symbol_fear=89.3188,rolling_gate,2019_2026,C+D
D,515210,钢铁ETF,2021-01-11,2021-01-12,2021-05-31,0.2502004811547713,10000.0,12502.004811547713,72.90175464975857,fear_weighted=54.4067;symbol_fear=91.3969,rolling_gate,2019_2026,S+D
D,515170,食品饮料ETF,2021-07-26,2021-07-27,2021-12-06,0.0946450809464507,12502.004811547713,13685.258068929563,74.67963737815296,fear_weighted=60.1965;symbol_fear=89.1628,rolling_gate,2019_2026,S+D
D,512660,军工ETF,2022-01-21,2022-01-24,2022-06-14,-0.1147672552166934,13685.258068929563,12114.638563426412,72.25056689342404,fear_weighted=59.0514;symbol_fear=85.4497,rolling_gate,2019_2026,S+D
D,159887,银行ETF,2022-08-02,2022-08-03,2022-12-15,0.0332541567695963,12114.638563426412,12517.50065342159,76.47856584770037,fear_weighted=75.7974;symbol_fear=77.1597,rolling_gate,2019_2026,S+D
D,159663,机床ETF,2023-04-25,2023-04-26,2023-06-19,0.1051524710830704,12517.50065342159,13833.746778912819,77.83374460895469,fear_weighted=58.3636;symbol_fear=97.3039,rolling_gate,2019_2026,S+D
D,512980,传媒ETF,2023-08-18,2023-08-21,2023-11-16,-0.0012820512820512,13833.746778912819,13816.011206119343,75.98119803476946,fear_weighted=61.2547;symbol_fear=90.7077,rolling_gate,2019_2026,S+D
S,159930,能源ETF,2024-01-03,2024-01-04,2024-01-18,-0.0282442748091603,13816.011206119343,13425.78798884727,0.8999999999999999,"{""score"": 0.8999999999999999, ""momentum"": 0.052074857607811165, ""mom20"": 0.052074857607811165, ""mom60"": 0.03274760383386566, ""mom120"": 0.07660283097418796, ""vol20"": 0.173149389098873, ""amount20"": 11209963.0, ""history_days"": 2502, ""accel"": 1.0}",rolling_gate,2019_2026,S+D
S,159930,能源ETF,2024-01-18,2024-01-19,2024-02-02,0.0667196187450358,13425.78798884727,14321.551444814842,0.842857142857143,"{""score"": 0.842857142857143, ""momentum"": 0.043442622950819576, ""mom20"": 0.043442622950819576, ""mom60"": 0.0503300330033003, ""mom120"": 0.060833333333333295, ""vol20"": 0.1819982588408884, ""amount20"": 14518008.0, ""history_days"": 2513, ""accel"": 1.0}",rolling_gate,2019_2026,S+D
D,159663,机床ETF,2024-02-02,2024-02-05,2024-03-12,0.3181818181818183,14321.551444814842,18878.408722710476,96.97656840513984,fear_weighted=94.1232;symbol_fear=99.8299,rolling_gate,2019_2026,S+D
S,512400,有色金属ETF,2024-03-15,2024-03-18,2024-04-01,0.0309178743961353,18878.408722710476,19462.088992398145,0.8757894736842107,"{""score"": 0.8757894736842107, ""momentum"": 0.16723163841807898, ""mom20"": 0.16723163841807898, ""mom60"": 0.15418994413407816, ""mom120"": 0.004863813229571967, ""vol20"": 0.20543345726774018, ""amount20"": 85663485.0, ""history_days"": 1586, ""accel"": 1.0}",rolling_gate,2019_2026,S+D
S,162411,华宝油气LOF,2024-04-01,2024-04-02,2024-04-18,-0.0490867579908675,19462.088992398145,18506.758140031572,0.8999999999999999,"{""score"": 0.8999999999999999, ""momentum"": 0.11787072243346008, ""mom20"": 0.11787072243346008, ""mom60"": 0.14694408322496755, ""mom120"": 0.09158415841584144, ""vol20"": 0.17805031166636937, ""amount20"": 39939468.61250001, ""history_days"": 2722, ""accel"": 1.0}",rolling_gate,2019_2026,S+D
S,161226,白银LOF,2024-04-18,2024-04-19,2024-05-08,-0.0457018498367791,18506.758140031572,17660.96505855026,0.9042105263157896,"{""score"": 0.9042105263157895, ""momentum"": 0.15869017632241822, ""mom20"": 0.15869017632241822, ""mom60"": 0.21693121693121697, ""mom120"": 0.2234042553191491, ""vol20"": 0.26018411419203813, ""amount20"": 70128971.1, ""history_days"": 2107, ""accel"": 1.0}",rolling_gate,2019_2026,S+D
S,159996,家电ETF,2024-05-08,2024-05-09,2024-05-23,-0.0309278350515462,17660.96505855026,17114.749644368298,0.8975,"{""score"": 0.8975, ""momentum"": 0.07826086956521738, ""mom20"": 0.07826086956521738, ""mom60"": 0.22529644268774707, ""mom120"": 0.1376146788990824, ""vol20"": 0.22803819588094845, ""amount20"": 83179302.5, ""history_days"": 1005, ""accel"": 1.0}",rolling_gate,2019_2026,S+D
S,161226,白银LOF,2024-05-23,2024-05-24,2024-06-07,0.0319258496395469,17114.749644368298,17661.15256813289,0.8527272727272728,"{""score"": 0.8527272727272728, ""momentum"": 0.08584169453734658, ""mom20"": 0.08584169453734658, ""mom60"": 0.3004005340453939, ""mom120"": 0.29693741677762975, ""vol20"": 0.3773613409851731, ""amount20"": 32350946.4125, ""history_days"": 2129, ""accel"": 1.0}",rolling_gate,2019_2026,S+D
S,161226,白银LOF,2024-06-07,2024-06-11,2024-06-25,0.0245202558635395,17661.15256813289,18094.208547948518,0.9114285714285716,"{""score"": 0.9114285714285715, ""momentum"": 0.09748083242059136, ""mom20"": 0.09748083242059136, ""mom60"": 0.2912371134020617, ""mom120"": 0.30980392156862746, ""vol20"": 0.42031553806833444, ""amount20"": 66398293.225, ""history_days"": 2140, ""accel"": 1.0}",rolling_gate,2019_2026,S+D
S,501018,南方原油LOF,2024-06-25,2024-06-26,2024-07-10,-0.0007616146230007,18094.208547948518,18080.427734126777,0.952,"{""score"": 0.952, ""momentum"": 0.028974158183242116, ""mom20"": 0.028974158183242116, ""mom60"": 0.020979020979021046, ""mom120"": 0.10420168067226898, ""vol20"": 0.14477246856386797, ""amount20"": 13986116.55, ""history_days"": 1942, ""accel"": 1.0}",rolling_gate,2019_2026,S+D
D,560080,中药ETF,2024-07-10,2024-07-11,2024-11-25,0.0690661478599221,18080.427734126777,19329.173229382613,73.9708282429686,fear_weighted=58.4958;symbol_fear=89.4458,rolling_gate,2019_2026,S+D
S,159852,软件ETF,2024-11-25,2024-11-26,2024-12-10,0.080503144654088,19329.173229382613,20885.232457911527,0.8444444444444444,"{""score"": 0.8444444444444444, ""momentum"": 0.07651715039577822, ""mom20"": 0.07651715039577822, ""mom60"": 0.7215189873417722, ""mom120"": 0.3948717948717948, ""vol20"": 0.5653895678726308, ""amount20"": 181382810.7, ""history_days"": 917, ""accel"": 1.0}",rolling_gate,2019_2026,S+D
S,512980,传媒ETF,2024-12-10,2024-12-11,2024-12-25,-0.0804597701149424,20885.232457911527,19204.811455550833,0.9076923076923076,"{""score"": 0.9076923076923077, ""momentum"": 0.08760951188986232, ""mom20"": 0.08760951188986232, ""mom60"": 0.4854700854700855, ""mom120"": 0.3328220858895705, ""vol20"": 0.4013730759288544, ""amount20"": 189433492.0, ""history_days"": 1671, ""accel"": 1.0}",rolling_gate,2019_2026,S+D
S,159811,5G50ETF,2024-12-25,2024-12-26,2025-01-10,-0.0948737566947206,19204.811455550833,17382.778846148918,0.8376470588235294,"{""score"": 0.8376470588235294, ""momentum"": 0.07731958762886615, ""mom20"": 0.07731958762886615, ""mom60"": 0.2808988764044944, ""mom120"": 0.17305893358278768, ""vol20"": 0.18463894867877498, ""amount20"": 4806767.0, ""history_days"": 1136, ""accel"": 1.0}",rolling_gate,2019_2026,S+D
D,512880,证券ETF,2025-01-10,2025-01-13,2025-02-20,0.0586565752128667,17382.778846148918,18402.39312094668,80.43461829176115,fear_weighted=69.2026;symbol_fear=91.6667,rolling_gate,2019_2026,S+D
S,159852,软件ETF,2025-02-20,2025-02-21,2025-03-07,-0.0336734693877551,18402.39312094668,17782.720699527046,0.8909090909090909,"{""score"": 0.8909090909090909, ""momentum"": 0.27694406548431116, ""mom20"": 0.27694406548431116, ""mom60"": 0.15129151291512932, ""mom120"": 0.8870967741935485, ""vol20"": 0.4640075924804324, ""amount20"": 346416503.2875, ""history_days"": 973, ""accel"": 1.0}",rolling_gate,2019_2026,S+D
S,159663,机床ETF,2025-03-07,2025-03-10,2025-03-24,-0.043046357615894,17782.720699527046,17017.239344911643,0.8915384615384615,"{""score"": 0.8915384615384615, ""momentum"": 0.09944751381215466, ""mom20"": 0.09944751381215466, ""mom60"": 0.15028901734104028, ""mom120"": 0.6048387096774193, ""vol20"": 0.3573569882876397, ""amount20"": 4860850.512499999, ""history_days"": 573, ""accel"": 1.0}",rolling_gate,2019_2026,S+D
S,515210,钢铁ETF,2025-03-24,2025-03-25,2025-04-09,-0.1067285382830626,17017.239344911643,15201.014264016201,0.8507692307692307,"{""score"": 0.8507692307692307, ""momentum"": 0.07361455748552514, ""mom20"": 0.07361455748552514, ""mom60"": 0.005422153369481153, ""mom120"": 0.31910569105691056, ""vol20"": 0.25924389990654917, ""amount20"": 98612432.0, ""history_days"": 1228, ""accel"": 1.0}",rolling_gate,2019_2026,S+D
D,159811,5G50ETF,2025-04-09,2025-04-10,2025-05-09,0.0675067506750675,15201.014264016201,16227.185343945288,78.13397581254725,fear_weighted=73.6621;symbol_fear=82.6058,rolling_gate,2019_2026,S+D
S,159663,机床ETF,2025-05-12,2025-05-13,2025-05-27,-0.0439367311072054,16227.185343945288,15514.215864861579,0.8644444444444443,"{""score"": 0.8644444444444443, ""momentum"": 0.17177914110429437, ""mom20"": 0.17177914110429437, ""mom60"": 0.051376146788990606, ""mom120"": 0.10192307692307678, ""vol20"": 0.2408011264988467, ""amount20"": 4669557.325, ""history_days"": 615, ""accel"": 1.0}",rolling_gate,2019_2026,S+D
S,159992,创新药ETF,2025-05-27,2025-05-28,2025-06-12,0.1013157894736842,15514.215864861579,17086.050893275187,0.868,"{""score"": 0.868, ""momentum"": 0.050824175824175866, ""mom20"": 0.050824175824175866, ""mom60"": 0.047945205479452024, ""mom120"": 0.074438202247191, ""vol20"": 0.1602404310954984, ""amount20"": 342623242.5, ""history_days"": 1242, ""accel"": 1.0}",rolling_gate,2019_2026,S+D
S,159992,创新药ETF,2025-06-12,2025-06-13,2025-06-27,-0.0440097799511001,17086.050893275187,16334.097553228848,0.8904761904761904,"{""score"": 0.8904761904761904, ""momentum"": 0.14344262295081966, ""mom20"": 0.14344262295081966, ""mom60"": 0.1805359661495063, ""mom120"": 0.11748998664886501, ""vol20"": 0.22057272588289747, ""amount20"": 471420664.0, ""history_days"": 1253, ""accel"": 1.0}",rolling_gate,2019_2026,S+D
S,159851,金融科技ETF,2025-06-27,2025-06-30,2025-07-14,0.01194743130227,16334.097553228848,16529.248061630627,0.8881481481481481,"{""score"": 0.8881481481481481, ""momentum"": 0.1629213483146068, ""mom20"": 0.1629213483146068, ""mom60"": 0.12960436562073663, ""mom120"": 0.11891891891891881, ""vol20"": 0.41934014561954136, ""amount20"": 270586597.85, ""history_days"": 1036, ""accel"": 1.0}",rolling_gate,2019_2026,S+D
S,159851,金融科技ETF,2025-07-14,2025-07-15,2025-07-29,0.0378250591016549,16529.248061630627,17154.46784646772,0.8852941176470588,"{""score"": 0.8852941176470588, ""momentum"": 0.11741424802110823, ""mom20"": 0.11741424802110823, ""mom60"": 0.26229508196721296, ""mom120"": 0.3380726698262242, ""vol20"": 0.4196768402258181, ""amount20"": 429448995.82500005, ""history_days"": 1047, ""accel"": 1.0}",rolling_gate,2019_2026,S+D
S,159992,创新药ETF,2025-07-29,2025-07-30,2025-08-13,0.0010718113612004,17154.46784646772,17172.85420000091,0.8891891891891892,"{""score"": 0.8891891891891892, ""momentum"": 0.16069221260815802, ""mom20"": 0.16069221260815802, ""mom60"": 0.2810368349249659, ""mom120"": 0.3849557522123892, ""vol20"": 0.22324746598720968, ""amount20"": 451567277.5, ""history_days"": 1286, ""accel"": 1.0}",rolling_gate,2019_2026,S+D
S,159811,5G50ETF,2025-08-13,2025-08-14,2025-08-28,0.2351116625310174,17172.85420000091,21210.39250136589,0.8959999999999999,"{""score"": 0.8959999999999999, ""momentum"": 0.18090452261306522, ""mom20"": 0.18090452261306522, ""mom60"": 0.38235294117647056, ""mom120"": 0.20072992700729908, ""vol20"": 0.26584614308280624, ""amount20"": 2899503.0, ""history_days"": 1289, ""accel"": 1.0}",rolling_gate,2019_2026,S+D
S,159811,5G50ETF,2025-08-28,2025-08-29,2025-09-12,0.0377545951316442,21210.39250136589,22011.182282838225,0.8894444444444444,"{""score"": 0.8894444444444444, ""momentum"": 0.32380319148936176, ""mom20"": 0.32380319148936176, ""mom60"": 0.6306306306306306, ""mom120"": 0.47809948032665184, ""vol20"": 0.3824544757476641, ""amount20"": 7289055.0, ""history_days"": 1300, ""accel"": 1.0}",rolling_gate,2019_2026,S+D
S,159755,电池ETF,2025-09-12,2025-09-15,2025-09-29,0.1127197518097209,22011.182282838225,24492.277286798275,0.8853333333333333,"{""score"": 0.8853333333333333, ""momentum"": 0.24374176548089577, ""mom20"": 0.24374176548089577, ""mom60"": 0.42813918305597576, ""mom120"": 0.3184357541899441, ""vol20"": 0.42148170002607377, ""amount20"": 1068429977.0, ""history_days"": 1027, ""accel"": 1.0}",rolling_gate,2019_2026,S+D
S,159755,电池ETF,2025-09-29,2025-09-30,2025-10-22,-0.0854316546762591,24492.277286798275,22399.86151139734,0.8936363636363636,"{""score"": 0.8936363636363636, ""momentum"": 0.26143024618991806, ""mom20"": 0.26143024618991806, ""mom60"": 0.545977011494253, ""mom120"": 0.7873754152823922, ""vol20"": 0.42109983256157896, ""amount20"": 1436259976.5, ""history_days"": 1038, ""accel"": 1.0}",rolling_gate,2019_2026,S+D
S,512400,有色金属ETF,2025-10-24,2025-10-27,2025-11-10,0.0028719126938541,22399.86151139734,22464.191958012496,0.8725925925925926,"{""score"": 0.8725925925925926, ""momentum"": 0.1612021857923498, ""mom20"": 0.1612021857923498, ""mom60"": 0.3198757763975155, ""mom120"": 0.6346153846153846, ""vol20"": 0.47021739152436853, ""amount20"": 957186514.5, ""history_days"": 1975, ""accel"": 1.0}",rolling_gate,2019_2026,S+D
S,515790,光伏ETF,2025-11-10,2025-11-11,2025-11-25,-0.1234911792014856,22464.191958012496,19690.062403309003,0.8948148148148147,"{""score"": 0.8948148148148147, ""momentum"": 0.17226435536294704, ""mom20"": 0.17226435536294704, ""mom60"": 0.47814207650273244, ""mom120"": 0.6246246246246245, ""vol20"": 0.4521992148980938, ""amount20"": 1053047318.0, ""history_days"": 1185, ""accel"": 1.0}",rolling_gate,2019_2026,S+D
S,161226,白银LOF,2025-11-25,2025-11-26,2025-12-10,0.2630480167014613,19690.062403309003,24869.494267227445,0.9133333333333332,"{""score"": 0.9133333333333333, ""momentum"": 0.12846946867565445, ""mom20"": 0.12846946867565445, ""mom60"": 0.31759259259259265, ""mom120"": 0.49631966351209256, ""vol20"": 0.3513050493734427, ""amount20"": 214797589.7375, ""history_days"": 2496, ""accel"": 1.0}",rolling_gate,2019_2026,S+D
S,161226,白银LOF,2025-12-10,2025-12-11,2025-12-25,0.4475993804852864,24869.494267227445,36001.06449422083,0.895,"{""score"": 0.895, ""momentum"": 0.2927350427350428, ""mom20"": 0.2927350427350428, ""mom60"": 0.5963060686015831, ""mom120"": 0.7638483965014577, ""vol20"": 0.44790924131436166, ""amount20"": 291768045.5, ""history_days"": 2507, ""accel"": 1.0}",rolling_gate,2019_2026,S+D
S,159811,5G50ETF,2025-12-25,2025-12-26,2026-01-13,0.0087680841736079,36001.06449422083,36316.72485804565,0.8427272727272728,"{""score"": 0.8427272727272728, ""momentum"": 0.11105722599418044, ""mom20"": 0.11105722599418044, ""mom60"": 0.05868761552680213, ""mom120"": 0.7759689922480619, ""vol20"": 0.3425034396586942, ""amount20"": 9000358.5, ""history_days"": 1379, ""accel"": 1.0}",rolling_gate,2019_2026,S+D
S,512400,有色金属ETF,2026-01-26,2026-01-27,2026-02-10,-0.081974069427018,36316.72485804565,33339.6951331703,0.913939393939394,"{""score"": 0.9139393939393939, ""momentum"": 0.30698429886302114, ""mom20"": 0.30698429886302114, ""mom60"": 0.3531390134529149, ""mom120"": 0.8992918961447682, ""vol20"": 0.3252292167408854, ""amount20"": 2109170756.5, ""history_days"": 2039, ""accel"": 1.0}",rolling_gate,2019_2026,S+D
D,512400,有色金属ETF,2026-02-13,2026-02-24,2026-07-07,-0.2022123893805308,33339.6951331703,26597.995719073482,70.81065759637188,fear_weighted=55.7748;symbol_fear=85.8466,rolling_gate,2019_2026,S+D
S,588000,科创50ETF,2026-07-08,2026-07-09,2026-07-23,-0.1890034364261168,26597.995719073482,21570.88312612145,0.92,"{""score"": 0.92, ""momentum"": 0.22222222222222232, ""mom20"": 0.22222222222222232, ""mom60"": 0.5159010600706713, ""mom120"": 0.42524916943521607, ""vol20"": 0.5021327287689767, ""amount20"": 7471957269.2625, ""history_days"": 1368, ""accel"": 1.0}",rolling_gate,2019_2026,S+D
S,162411,华宝油气LOF,2026-07-23,2026-07-24,2026-08-07,-0.0632368703108253,21570.88312612145,20206.80798738494,0.9133333333333332,"{""score"": 0.9133333333333333, ""momentum"": 0.1914357682619645, ""mom20"": 0.1914357682619645, ""mom60"": 0.05462653288740227, ""mom120"": 0.3138888888888889, ""vol20"": 0.32529126369974765, ""amount20"": 104242641.45, ""history_days"": 3281, ""accel"": 1.0}",rolling_gate,2019_2026,S+D
D,515210,钢铁ETF,2021-01-11,2021-01-12,2021-05-31,0.2502004811547713,10000.0,12502.004811547713,72.90175464975857,fear_weighted=54.4067;symbol_fear=91.3969,rolling_gate,2019_2026,C+S+D
D,515170,食品饮料ETF,2021-07-26,2021-07-27,2021-12-06,0.0946450809464507,12502.004811547713,13685.258068929563,74.67963737815296,fear_weighted=60.1965;symbol_fear=89.1628,rolling_gate,2019_2026,C+S+D
C,512660,军工ETF,2021-12-21,2021-12-22,2022-02-24,-0.0942712110224799,13685.258068929563,12395.132217616409,0.8,hit=4/5;selected_score=0.6127133230906227,rolling_gate,2019_2026,C+S+D
D,512980,传媒ETF,2022-02-24,2022-02-25,2022-07-11,-0.1428571428571428,12395.132217616409,10624.399043671208,82.61290627362055,fear_weighted=68.4996;symbol_fear=96.7262,rolling_gate,2019_2026,C+S+D
C,159930,能源ETF,2022-07-11,2022-07-12,2022-09-06,0.1987179487179486,10624.399043671208,12735.657827990486,0.75,hit=3/4;selected_score=1.117839944306766,rolling_gate,2019_2026,C+S+D
C,159813,半导体ETF鹏华,2022-09-06,2022-09-07,2022-11-10,-0.1192052980132448,12735.657827990486,11217.499941210166,0.6,hit=3/5;selected_score=73869226391.63521,rolling_gate,2019_2026,C+S+D
D,159902,中小板ETF,2022-11-10,2022-11-11,2023-01-06,-0.0042205222896333,11217.499941210166,11170.156232674328,75.14455782312925,fear_weighted=67.4187;symbol_fear=82.8704,rolling_gate,2019_2026,C+S+D
C,159825,农业ETF,2023-01-06,2023-01-09,2023-03-13,-0.0034682080924856,11170.156232674328,11131.415806433839,0.8,hit=4/5;selected_score=0.2802254631310315,rolling_gate,2019_2026,C+S+D
C,516750,建材ETF,2023-03-13,2023-03-14,2023-05-15,-0.0851063829787235,11131.415806433839,10184.061269716063,0.75,hit=3/4;selected_score=0.7811455278137529,rolling_gate,2019_2026,C+S+D
C,159666,交通运输ETF,2023-05-15,2023-05-16,2023-07-13,-0.0296827021494371,10184.061269716063,9881.770812375462,1.0,hit=5/5;selected_score=0.6693244330852537,rolling_gate,2019_2026,C+S+D
C,515170,食品饮料ETF,2023-07-13,2023-07-14,2023-09-08,-0.0057388809182209,9881.770812375462,9825.060506422087,0.8,hit=4/5;selected_score=0.2802254631310315,rolling_gate,2019_2026,C+S+D
C,515790,光伏ETF,2023-09-08,2023-09-11,2023-11-14,-0.071638861629048,9825.060506422087,9121.20435630549,0.75,hit=3/4;selected_score=0.3858103633572226,rolling_gate,2019_2026,C+S+D
C,515790,光伏ETF,2023-11-14,2023-11-15,2024-01-11,-0.0862785862785862,9121.20435630549,8334.23973928537,0.75,hit=3/4;selected_score=0.3858103633572226,rolling_gate,2019_2026,C+S+D
C,512950,央企改革ETF,2024-01-11,2024-01-12,2024-03-18,0.1224307417336907,8334.23973928537,9354.60689235248,0.8,hit=4/5;selected_score=0.3961648114454243,rolling_gate,2019_2026,C+S+D
S,512400,有色金属ETF,2024-03-18,2024-03-19,2024-04-02,0.0486381322957198,9354.60689235248,9809.597499957174,0.8705555555555555,"{""score"": 0.8705555555555555, ""momentum"": 0.16161616161616155, ""mom20"": 0.16161616161616155, ""mom60"": 0.15642458100558643, ""mom120"": 0.012720156555772855, ""vol20"": 0.20648199455619756, ""amount20"": 87013716.0, ""history_days"": 1587, ""accel"": 1.0}",rolling_gate,2019_2026,C+S+D
S,512400,有色金属ETF,2024-04-02,2024-04-03,2024-04-19,-0.0026929982046679,9809.597499957174,9783.180271501275,0.8864000000000001,"{""score"": 0.8864000000000001, ""momentum"": 0.13593256059009495, ""mom20"": 0.13593256059009495, ""mom60"": 0.14074074074074083, ""mom120"": 0.08888888888888902, ""vol20"": 0.25688528167943975, ""amount20"": 193255317.0, ""history_days"": 1598, ""accel"": 1.0}",rolling_gate,2019_2026,C+S+D
S,161226,白银LOF,2024-04-19,2024-04-22,2024-05-09,-0.0156075808249721,9783.180271501275,9630.488494688547,0.904,"{""score"": 0.9039999999999999, ""momentum"": 0.15162907268170422, ""mom20"": 0.15162907268170422, ""mom60"": 0.21883289124668437, ""mom120"": 0.22045152722443562, ""vol20"": 0.2618613566083339, ""amount20"": 76357115.3875, ""history_days"": 2108, ""accel"": 1.0}",rolling_gate,2019_2026,C+S+D
S,159996,家电ETF,2024-05-09,2024-05-10,2024-05-24,-0.0395569620253164,9630.488494688547,9249.535627018906,0.93,"{""score"": 0.9299999999999999, ""momentum"": 0.11790780141843982, ""mom20"": 0.11790780141843982, ""mom60"": 0.2597402597402598, ""mom120"": 0.15265082266910412, ""vol20"": 0.21537080485713034, ""amount20"": 88903466.5, ""history_days"": 1006, ""accel"": 1.0}",rolling_gate,2019_2026,C+S+D
S,161226,白银LOF,2024-05-24,2024-05-27,2024-06-11,-0.0544354838709677,9249.535627018906,8746.032679580376,0.8755555555555556,"{""score"": 0.8755555555555556, ""momentum"": 0.1251448435689455, ""mom20"": 0.1251448435689455, ""mom60"": 0.3051075268817205, ""mom120"": 0.2895086321381142, ""vol20"": 0.34440012397800807, ""amount20"": 32350946.4125, ""history_days"": 2130, ""accel"": 1.0}",rolling_gate,2019_2026,C+S+D
S,161226,白银LOF,2024-06-11,2024-06-12,2024-06-26,-0.0042194092827003,8746.032679580376,8709.129588105354,0.8375,"{""score"": 0.8375, ""momentum"": 0.04222222222222216, ""mom20"": 0.04222222222222216, ""mom60"": 0.21188630490956073, ""mom120"": 0.23421052631578942, ""vol20"": 0.48272556713507075, ""amount20"": 66569662.6, ""history_days"": 2141, ""accel"": 1.0}",rolling_gate,2019_2026,C+S+D
S,159811,5G50ETF,2024-06-26,2024-06-27,2024-07-11,0.0641762452107279,8709.129588105354,9268.048824123609,0.932,"{""score"": 0.932, ""momentum"": 0.070264765784114, ""mom20"": 0.070264765784114, ""mom60"": 0.05522088353413657, ""mom120"": 0.1005235602094241, ""vol20"": 0.2273989734550887, ""amount20"": 6034702.5, ""history_days"": 1013, ""accel"": 1.0}",rolling_gate,2019_2026,C+S+D
S,159811,5G50ETF,2024-07-11,2024-07-12,2024-07-26,-0.0680580762250455,9268.048824123609,8637.28325079396,0.9,"{""score"": 0.9, ""momentum"": 0.07655038759689914, ""mom20"": 0.07655038759689914, ""mom60"": 0.15970772442588732, ""mom120"": 0.2330743618201998, ""vol20"": 0.25595061073482384, ""amount20"": 8227931.5, ""history_days"": 1024, ""accel"": 1.0}",rolling_gate,2019_2026,C+S+D
C,515170,食品饮料ETF,2024-07-26,2024-07-29,2024-09-25,-0.0249520153550864,8637.28325079396,8421.76562649392,1.0,hit=5/5;selected_score=5.418702806095758,rolling_gate,2019_2026,C+S+D
C,515170,食品饮料ETF,2024-09-25,2024-09-26,2024-11-28,0.066189624329159,8421.76562649392,8979.199129499777,1.0,hit=5/5;selected_score=5.418702806095758,rolling_gate,2019_2026,C+S+D
C,516970,基建ETF,2024-11-28,2024-11-29,2025-01-27,-0.077260755048288,8979.199129499777,8285.459425025694,0.8,hit=4/5;selected_score=0.3961648114454243,rolling_gate,2019_2026,C+S+D
D,512880,证券ETF,2025-01-27,2025-02-05,2025-02-20,0.0303867403314916,8285.459425025694,8537.227529101061,71.70776643990929,fear_weighted=53.9645;symbol_fear=89.4511,rolling_gate,2019_2026,C+S+D
S,159852,软件ETF,2025-02-20,2025-02-21,2025-03-07,-0.0336734693877551,8537.227529101061,8249.749459243576,0.8909090909090909,"{""score"": 0.8909090909090909, ""momentum"": 0.27694406548431116, ""mom20"": 0.27694406548431116, ""mom60"": 0.15129151291512932, ""mom120"": 0.8870967741935485, ""vol20"": 0.4640075924804324, ""amount20"": 346416503.2875, ""history_days"": 973, ""accel"": 1.0}",rolling_gate,2019_2026,C+S+D
S,159663,机床ETF,2025-03-07,2025-03-10,2025-03-24,-0.043046357615894,8249.749459243576,7894.627793779448,0.8915384615384615,"{""score"": 0.8915384615384615, ""momentum"": 0.09944751381215466, ""mom20"": 0.09944751381215466, ""mom60"": 0.15028901734104028, ""mom120"": 0.6048387096774193, ""vol20"": 0.3573569882876397, ""amount20"": 4860850.512499999, ""history_days"": 573, ""accel"": 1.0}",rolling_gate,2019_2026,C+S+D
S,515210,钢铁ETF,2025-03-24,2025-03-25,2025-04-09,-0.1067285382830626,7894.627793779448,7052.045709060529,0.8507692307692307,"{""score"": 0.8507692307692307, ""momentum"": 0.07361455748552514, ""mom20"": 0.07361455748552514, ""mom60"": 0.005422153369481153, ""mom120"": 0.31910569105691056, ""vol20"": 0.25924389990654917, ""amount20"": 98612432.0, ""history_days"": 1228, ""accel"": 1.0}",rolling_gate,2019_2026,C+S+D
D,159811,5G50ETF,2025-04-09,2025-04-10,2025-05-09,0.0675067506750675,7052.045709060529,7528.106400491258,78.13397581254725,fear_weighted=73.6621;symbol_fear=82.6058,rolling_gate,2019_2026,C+S+D
S,159663,机床ETF,2025-05-12,2025-05-13,2025-05-27,-0.0439367311072054,7528.106400491258,7197.346013826441,0.8644444444444443,"{""score"": 0.8644444444444443, ""momentum"": 0.17177914110429437, ""mom20"": 0.17177914110429437, ""mom60"": 0.051376146788990606, ""mom120"": 0.10192307692307678, ""vol20"": 0.2408011264988467, ""amount20"": 4669557.325, ""history_days"": 615, ""accel"": 1.0}",rolling_gate,2019_2026,C+S+D
S,159992,创新药ETF,2025-05-27,2025-05-28,2025-06-12,0.1013157894736842,7197.346013826441,7926.550807332541,0.868,"{""score"": 0.868, ""momentum"": 0.050824175824175866, ""mom20"": 0.050824175824175866, ""mom60"": 0.047945205479452024, ""mom120"": 0.074438202247191, ""vol20"": 0.1602404310954984, ""amount20"": 342623242.5, ""history_days"": 1242, ""accel"": 1.0}",rolling_gate,2019_2026,C+S+D
S,159992,创新药ETF,2025-06-12,2025-06-13,2025-06-27,-0.0440097799511001,7926.550807332541,7577.705050530621,0.8904761904761904,"{""score"": 0.8904761904761904, ""momentum"": 0.14344262295081966, ""mom20"": 0.14344262295081966, ""mom60"": 0.1805359661495063, ""mom120"": 0.11748998664886501, ""vol20"": 0.22057272588289747, ""amount20"": 471420664.0, ""history_days"": 1253, ""accel"": 1.0}",rolling_gate,2019_2026,C+S+D
S,159851,金融科技ETF,2025-06-27,2025-06-30,2025-07-14,0.01194743130227,7577.705050530621,7668.2391610507,0.8881481481481481,"{""score"": 0.8881481481481481, ""momentum"": 0.1629213483146068, ""mom20"": 0.1629213483146068, ""mom60"": 0.12960436562073663, ""mom120"": 0.11891891891891881, ""vol20"": 0.41934014561954136, ""amount20"": 270586597.85, ""history_days"": 1036, ""accel"": 1.0}",rolling_gate,2019_2026,C+S+D
S,159851,金融科技ETF,2025-07-14,2025-07-15,2025-07-29,0.0378250591016549,7668.2391610507,7958.290760523068,0.8852941176470588,"{""score"": 0.8852941176470588, ""momentum"": 0.11741424802110823, ""mom20"": 0.11741424802110823, ""mom60"": 0.26229508196721296, ""mom120"": 0.3380726698262242, ""vol20"": 0.4196768402258181, ""amount20"": 429448995.82500005, ""history_days"": 1047, ""accel"": 1.0}",rolling_gate,2019_2026,C+S+D
S,159992,创新药ETF,2025-07-29,2025-07-30,2025-08-13,0.0010718113612004,7958.290760523068,7966.820546975933,0.8891891891891892,"{""score"": 0.8891891891891892, ""momentum"": 0.16069221260815802, ""mom20"": 0.16069221260815802, ""mom60"": 0.2810368349249659, ""mom120"": 0.3849557522123892, ""vol20"": 0.22324746598720968, ""amount20"": 451567277.5, ""history_days"": 1286, ""accel"": 1.0}",rolling_gate,2019_2026,C+S+D
S,159811,5G50ETF,2025-08-13,2025-08-14,2025-08-28,0.2351116625310174,7966.820546975933,9839.912970861715,0.8959999999999999,"{""score"": 0.8959999999999999, ""momentum"": 0.18090452261306522, ""mom20"": 0.18090452261306522, ""mom60"": 0.38235294117647056, ""mom120"": 0.20072992700729908, ""vol20"": 0.26584614308280624, ""amount20"": 2899503.0, ""history_days"": 1289, ""accel"": 1.0}",rolling_gate,2019_2026,C+S+D
S,159811,5G50ETF,2025-08-28,2025-08-29,2025-09-12,0.0377545951316442,9839.912970861715,10211.414901207214,0.8894444444444444,"{""score"": 0.8894444444444444, ""momentum"": 0.32380319148936176, ""mom20"": 0.32380319148936176, ""mom60"": 0.6306306306306306, ""mom120"": 0.47809948032665184, ""vol20"": 0.3824544757476641, ""amount20"": 7289055.0, ""history_days"": 1300, ""accel"": 1.0}",rolling_gate,2019_2026,C+S+D
S,159755,电池ETF,2025-09-12,2025-09-15,2025-09-29,0.1127197518097209,10211.414901207214,11362.443054497377,0.8853333333333333,"{""score"": 0.8853333333333333, ""momentum"": 0.24374176548089577, ""mom20"": 0.24374176548089577, ""mom60"": 0.42813918305597576, ""mom120"": 0.3184357541899441, ""vol20"": 0.42148170002607377, ""amount20"": 1068429977.0, ""history_days"": 1027, ""accel"": 1.0}",rolling_gate,2019_2026,C+S+D
S,159755,电池ETF,2025-09-29,2025-09-30,2025-10-22,-0.0854316546762591,11362.443054497377,10391.730743186898,0.8936363636363636,"{""score"": 0.8936363636363636, ""momentum"": 0.26143024618991806, ""mom20"": 0.26143024618991806, ""mom60"": 0.545977011494253, ""mom120"": 0.7873754152823922, ""vol20"": 0.42109983256157896, ""amount20"": 1436259976.5, ""history_days"": 1038, ""accel"": 1.0}",rolling_gate,2019_2026,C+S+D
C,512660,军工ETF,2025-10-23,2025-10-24,2025-12-19,0.0389072847682119,10391.730743186898,10796.044770446653,0.8,hit=4/5;selected_score=0.6773704614667067,rolling_gate,2019_2026,C+S+D
S,161226,白银LOF,2025-12-19,2025-12-22,2026-01-07,-0.0038834951456311,10796.044770446653,10754.118382988607,0.9076923076923076,"{""score"": 0.9076923076923077, ""momentum"": 0.7100073046018993, ""mom20"": 0.7100073046018993, ""mom60"": 1.0753546099290783, ""mom120"": 1.2996070726915523, ""vol20"": 0.4545504527383194, ""amount20"": 478905116.9375, ""history_days"": 2514, ""accel"": 1.0}",rolling_gate,2019_2026,C+S+D
S,512400,有色金属ETF,2026-01-26,2026-01-27,2026-02-10,-0.081974069427018,10754.118382988607,9872.559536035127,0.913939393939394,"{""score"": 0.9139393939393939, ""momentum"": 0.30698429886302114, ""mom20"": 0.30698429886302114, ""mom60"": 0.3531390134529149, ""mom120"": 0.8992918961447682, ""vol20"": 0.3252292167408854, ""amount20"": 2109170756.5, ""history_days"": 2039, ""accel"": 1.0}",rolling_gate,2019_2026,C+S+D
D,512400,有色金属ETF,2026-02-13,2026-02-24,2026-07-07,-0.2022123893805308,9872.559536035127,7876.20568295192,70.81065759637188,fear_weighted=55.7748;symbol_fear=85.8466,rolling_gate,2019_2026,C+S+D
S,588000,科创50ETF,2026-07-08,2026-07-09,2026-07-23,-0.1890034364261168,7876.20568295192,6387.575742875097,0.92,"{""score"": 0.92, ""momentum"": 0.22222222222222232, ""mom20"": 0.22222222222222232, ""mom60"": 0.5159010600706713, ""mom120"": 0.42524916943521607, ""vol20"": 0.5021327287689767, ""amount20"": 7471957269.2625, ""history_days"": 1368, ""accel"": 1.0}",rolling_gate,2019_2026,C+S+D
S,162411,华宝油气LOF,2026-07-23,2026-07-24,2026-08-07,-0.0632368703108253,6387.575742875097,5983.645444022331,0.9133333333333332,"{""score"": 0.9133333333333333, ""momentum"": 0.1914357682619645, ""mom20"": 0.1914357682619645, ""mom60"": 0.05462653288740227, ""mom120"": 0.3138888888888889, ""vol20"": 0.32529126369974765, ""amount20"": 104242641.45, ""history_days"": 3281, ""accel"": 1.0}",rolling_gate,2019_2026,C+S+D
C,159930,能源ETF,2021-01-28,2021-01-29,2021-04-02,0.0753532182103611,10000.0,10753.53218210361,1.0,hit=4/4;selected_score=0.9106525611216468,rolling_gate,2021_2026,C
C,159902,中小板ETF,2021-04-12,2021-04-13,2021-06-11,0.0970079476390837,10753.53218210361,11796.71026896032,0.8,hit=4/5;selected_score=0.5241558570254087,rolling_gate,2021_2026,C
C,159930,能源ETF,2021-08-03,2021-08-04,2021-08-31,0.2198952879581153,11796.71026896032,14390.751270511806,1.0,hit=4/4;selected_score=0.9106525611216468,rolling_gate,2021_2026,C
C,512660,军工ETF,2021-09-17,2021-09-22,2021-11-24,0.1118060985144644,14390.751270511806,15999.725024759804,0.8,hit=4/5;selected_score=0.6127133230906227,rolling_gate,2021_2026,C
C,510880,红利ETF,2021-11-30,2021-12-01,2022-01-27,-0.0227030862007804,15999.725024759804,15636.481888333898,0.8,hit=4/5;selected_score=0.5241558570254087,rolling_gate,2021_2026,C
C,512950,央企改革ETF,2022-01-27,2022-01-28,2022-04-01,-0.0344551282051281,15636.481888333898,15097.72490019419,1.0,hit=5/5;selected_score=0.5492349920969236,rolling_gate,2021_2026,C
C,512720,计算机ETF,2022-04-01,2022-04-06,2022-06-07,-0.0639063906390638,15097.72490019419,14132.883794961259,0.6,hit=3/5;selected_score=73869226391.63521,rolling_gate,2021_2026,C
C,512880,证券ETF,2022-06-07,2022-06-08,2022-08-03,-0.0607375271149674,14132.883794961259,13274.487382252117,0.5,hit=2/4;selected_score=133585973381.73016,rolling_gate,2021_2026,C
C,516970,基建ETF,2022-08-03,2022-08-04,2022-09-30,-0.0517082179132041,13274.487382252117,12588.087296004545,0.6,hit=3/5;selected_score=0.5492349920969236,rolling_gate,2021_2026,C
C,516970,基建ETF,2022-09-30,2022-10-10,2022-12-05,0.1703992210321325,12588.087296004545,14733.087565528203,1.0,hit=5/5;selected_score=0.5492349920969236,rolling_gate,2021_2026,C
C,512880,证券ETF,2022-12-05,2022-12-06,2023-02-08,0.008686210640608,14733.087565528203,14861.062267508905,0.25,hit=1/4;selected_score=133585973381.73016,rolling_gate,2021_2026,C
C,516750,建材ETF,2023-02-08,2023-02-09,2023-04-07,-0.0301399354144241,14861.062267508905,14413.150810576453,0.75,hit=3/4;selected_score=0.7811455278137529,rolling_gate,2021_2026,C
C,515790,光伏ETF,2023-04-07,2023-04-10,2023-06-08,-0.161218424962853,14413.150810576453,12089.48533814325,1.0,hit=4/4;selected_score=0.3858103633572226,rolling_gate,2021_2026,C
C,515790,光伏ETF,2023-06-08,2023-06-09,2023-08-08,0.0148731408573927,12089.48533814325,12269.29395647084,1.0,hit=4/4;selected_score=0.3858103633572226,rolling_gate,2021_2026,C
C,515210,钢铁ETF,2023-08-09,2023-08-10,2023-10-13,-0.0502625656414102,12269.29395647084,11652.607763609967,0.75,hit=3/4;selected_score=0.7811455278137529,rolling_gate,2021_2026,C
C,515790,光伏ETF,2023-10-13,2023-10-16,2023-12-11,-0.1334022750775594,11652.607763609967,10098.123377357966,0.75,hit=3/4;selected_score=0.3858103633572226,rolling_gate,2021_2026,C
C,515170,食品饮料ETF,2023-12-11,2023-12-12,2024-02-07,-0.0516129032258064,10098.123377357966,9576.929912720136,0.8,hit=4/5;selected_score=0.2802254631310315,rolling_gate,2021_2026,C
C,515170,食品饮料ETF,2024-02-07,2024-02-08,2024-04-16,0.0255102040816326,9576.929912720136,9821.239349269119,0.8,hit=4/5;selected_score=5.418702806095758,rolling_gate,2021_2026,C
C,515790,光伏ETF,2024-04-16,2024-04-17,2024-06-18,-0.061804697156984,9821.239349269119,9214.240625581286,0.75,hit=3/4;selected_score=0.3858103633572226,rolling_gate,2021_2026,C
C,159666,交通运输ETF,2024-06-18,2024-06-19,2024-08-14,-0.0273522975929978,9214.240625581286,8962.209973896895,0.8,hit=4/5;selected_score=0.3961648114454243,rolling_gate,2021_2026,C
C,515170,食品饮料ETF,2024-08-14,2024-08-15,2024-10-21,0.1104761904761904,8962.209973896895,9952.320790060743,1.0,hit=5/5;selected_score=5.418702806095758,rolling_gate,2021_2026,C
C,159930,能源ETF,2024-10-21,2024-10-22,2024-12-17,-0.0179930795847751,9952.320790060743,9773.247890031967,0.5,hit=2/4;selected_score=0.8348871811583229,rolling_gate,2021_2026,C
C,516970,基建ETF,2024-12-17,2024-12-18,2025-02-21,-0.0607929515418501,9773.247890031967,9179.103304646766,0.6,hit=3/5;selected_score=0.3961648114454243,rolling_gate,2021_2026,C
C,159902,中小板ETF,2025-03-24,2025-03-25,2025-05-26,-0.0443931968867108,9179.103304646766,8771.613564400124,0.8,hit=4/5;selected_score=0.0967644943244483,rolling_gate,2021_2026,C
C,512660,军工ETF,2025-10-23,2025-10-24,2025-12-19,0.0389072847682119,8771.613564400124,9112.89323122695,0.8,hit=4/5;selected_score=0.6773704614667067,rolling_gate,2021_2026,C
C,512720,计算机ETF,2025-12-19,2025-12-22,2026-02-26,0.1351118760757315,9112.89323122695,10344.153332175858,0.8,hit=4/5;selected_score=0.6577780442521962,rolling_gate,2021_2026,C
C,512660,军工ETF,2026-03-13,2026-03-16,2026-05-15,-0.0212014134275618,10344.153332175858,10124.842660822307,1.0,hit=5/5;selected_score=0.6686964927681998,rolling_gate,2021_2026,C
C,516970,基建ETF,2026-05-27,2026-05-28,2026-07-24,-0.0743944636678199,10124.842660822307,9371.610421349369,0.8,hit=4/5;selected_score=0.6686964927681998,rolling_gate,2021_2026,C
S,159930,能源ETF,2024-01-03,2024-01-04,2024-01-18,-0.0282442748091603,10000.0,9717.557251908398,0.8999999999999999,"{""score"": 0.8999999999999999, ""momentum"": 0.052074857607811165, ""mom20"": 0.052074857607811165, ""mom60"": 0.03274760383386566, ""mom120"": 0.07660283097418796, ""vol20"": 0.173149389098873, ""amount20"": 11209963.0, ""history_days"": 2502, ""accel"": 1.0}",rolling_gate,2021_2026,S
S,159930,能源ETF,2024-01-18,2024-01-19,2024-02-02,0.0667196187450358,9717.557251908398,10365.908966888785,0.842857142857143,"{""score"": 0.842857142857143, ""momentum"": 0.043442622950819576, ""mom20"": 0.043442622950819576, ""mom60"": 0.0503300330033003, ""mom120"": 0.060833333333333295, ""vol20"": 0.1819982588408884, ""amount20"": 14518008.0, ""history_days"": 2513, ""accel"": 1.0}",rolling_gate,2021_2026,S
S,159887,银行ETF,2024-02-07,2024-02-08,2024-03-01,0.0393442622950819,10365.908966888785,10773.748008208999,0.8599999999999999,"{""score"": 0.8599999999999999, ""momentum"": 0.0771028037383179, ""mom20"": 0.0771028037383179, ""mom60"": 0.04891922639362911, ""mom120"": 0.017660044150110465, ""vol20"": 0.12036817867577188, ""amount20"": 52488839.0, ""history_days"": 665, ""accel"": 1.0}",rolling_gate,2021_2026,S
S,159930,能源ETF,2024-03-01,2024-03-04,2024-03-18,-0.0552964690206528,10773.748008208999,10177.99778523675,0.8553333333333333,"{""score"": 0.8553333333333333, ""momentum"": 0.08624535315985149, ""mom20"": 0.08624535315985149, ""mom60"": 0.17538213998390995, ""mom120"": 0.22773109243697487, ""vol20"": 0.2903048244659898, ""amount20"": 23916800.0, ""history_days"": 2538, ""accel"": 1.0}",rolling_gate,2021_2026,S
S,512400,有色金属ETF,2024-03-18,2024-03-19,2024-04-02,0.0486381322957198,10177.99778523675,10673.03658802064,0.8705555555555555,"{""score"": 0.8705555555555555, ""momentum"": 0.16161616161616155, ""mom20"": 0.16161616161616155, ""mom60"": 0.15642458100558643, ""mom120"": 0.012720156555772855, ""vol20"": 0.20648199455619756, ""amount20"": 87013716.0, ""history_days"": 1587, ""accel"": 1.0}",rolling_gate,2021_2026,S
S,512400,有色金属ETF,2024-04-02,2024-04-03,2024-04-19,-0.0026929982046679,10673.03658802064,10644.294119650744,0.8864000000000001,"{""score"": 0.8864000000000001, ""momentum"": 0.13593256059009495, ""mom20"": 0.13593256059009495, ""mom60"": 0.14074074074074083, ""mom120"": 0.08888888888888902, ""vol20"": 0.25688528167943975, ""amount20"": 193255317.0, ""history_days"": 1598, ""accel"": 1.0}",rolling_gate,2021_2026,S
S,161226,白银LOF,2024-04-19,2024-04-22,2024-05-09,-0.0156075808249721,10644.294119650744,10478.16243885352,0.904,"{""score"": 0.9039999999999999, ""momentum"": 0.15162907268170422, ""mom20"": 0.15162907268170422, ""mom60"": 0.21883289124668437, ""mom120"": 0.22045152722443562, ""vol20"": 0.2618613566083339, ""amount20"": 76357115.3875, ""history_days"": 2108, ""accel"": 1.0}",rolling_gate,2021_2026,S
S,159996,家电ETF,2024-05-09,2024-05-10,2024-05-24,-0.0395569620253164,10478.16243885352,10063.678165164694,0.93,"{""score"": 0.9299999999999999, ""momentum"": 0.11790780141843982, ""mom20"": 0.11790780141843982, ""mom60"": 0.2597402597402598, ""mom120"": 0.15265082266910412, ""vol20"": 0.21537080485713034, ""amount20"": 88903466.5, ""history_days"": 1006, ""accel"": 1.0}",rolling_gate,2021_2026,S
S,161226,白银LOF,2024-05-24,2024-05-27,2024-06-11,-0.0544354838709677,10063.678165164694,9515.856974722261,0.8755555555555556,"{""score"": 0.8755555555555556, ""momentum"": 0.1251448435689455, ""mom20"": 0.1251448435689455, ""mom60"": 0.3051075268817205, ""mom120"": 0.2895086321381142, ""vol20"": 0.34440012397800807, ""amount20"": 32350946.4125, ""history_days"": 2130, ""accel"": 1.0}",rolling_gate,2021_2026,S
S,161226,白银LOF,2024-06-11,2024-06-12,2024-06-26,-0.0042194092827003,9515.856974722261,9475.70567947027,0.8375,"{""score"": 0.8375, ""momentum"": 0.04222222222222216, ""mom20"": 0.04222222222222216, ""mom60"": 0.21188630490956073, ""mom120"": 0.23421052631578942, ""vol20"": 0.48272556713507075, ""amount20"": 66569662.6, ""history_days"": 2141, ""accel"": 1.0}",rolling_gate,2021_2026,S
S,159811,5G50ETF,2024-06-26,2024-06-27,2024-07-11,0.0641762452107279,9475.70567947027,10083.820890700641,0.932,"{""score"": 0.932, ""momentum"": 0.070264765784114, ""mom20"": 0.070264765784114, ""mom60"": 0.05522088353413657, ""mom120"": 0.1005235602094241, ""vol20"": 0.2273989734550887, ""amount20"": 6034702.5, ""history_days"": 1013, ""accel"": 1.0}",rolling_gate,2021_2026,S
S,159811,5G50ETF,2024-07-11,2024-07-12,2024-07-26,-0.0680580762250455,10083.820890700641,9397.53543988163,0.9,"{""score"": 0.9, ""momentum"": 0.07655038759689914, ""mom20"": 0.07655038759689914, ""mom60"": 0.15970772442588732, ""mom120"": 0.2330743618201998, ""vol20"": 0.25595061073482384, ""amount20"": 8227931.5, ""history_days"": 1024, ""accel"": 1.0}",rolling_gate,2021_2026,S
S,164701,贵金属LOF,2024-07-29,2024-07-30,2024-08-13,0.0145208131655374,9397.53543988163,9533.995296220668,0.9142857142857144,"{""score"": 0.9142857142857143, ""momentum"": 0.031968031968031996, ""mom20"": 0.031968031968031996, ""mom60"": 0.05086469989827047, ""mom120"": 0.1792237442922373, ""vol20"": 0.22929772669798415, ""amount20"": 2635007.1125000007, ""history_days"": 2933, ""accel"": 1.0}",rolling_gate,2021_2026,S
S,511260,十年国债ETF,2024-08-14,2024-08-15,2024-08-29,0.0014860376039034,9533.995296220668,9548.16317174629,0.95,"{""score"": 0.95, ""momentum"": 0.00698518246191715, ""mom20"": 0.00698518246191715, ""mom60"": 0.020888363123693354, ""mom120"": 0.03380485083199303, ""vol20"": 0.04059023387054534, ""amount20"": 355044457.4125, ""history_days"": 1693, ""accel"": 1.0}",rolling_gate,2021_2026,S
S,164701,贵金属LOF,2024-08-29,2024-08-30,2024-09-13,0.0167597765363127,9548.16317174629,9708.18825283701,0.9533333333333334,"{""score"": 0.9533333333333334, ""momentum"": 0.025592417061611528, ""mom20"": 0.025592417061611528, ""mom60"": 0.06916996047430835, ""mom120"": 0.18510405257393203, ""vol20"": 0.14940452693808634, ""amount20"": 2722795.125, ""history_days"": 2956, ""accel"": 1.0}",rolling_gate,2021_2026,S
S,518880,黄金ETF,2024-09-13,2024-09-18,2024-10-09,0.00552683187734,9708.18825283701,9761.843777144008,0.9333333333333332,"{""score"": 0.9333333333333333, ""momentum"": 0.02897487621492756, ""mom20"": 0.02897487621492756, ""mom60"": 0.04371279761904745, ""mom120"": 0.127159501807955, ""vol20"": 0.09220381323260864, ""amount20"": 838216636.2375002, ""history_days"": 2711, ""accel"": 1.0}",rolling_gate,2021_2026,S
S,159852,软件ETF,2024-10-09,2024-10-10,2024-10-24,0.0550847457627119,9761.843777144008,10299.572459783298,0.9,"{""score"": 0.9, ""momentum"": 0.6213389121338913, ""mom20"": 0.6213389121338913, ""mom60"": 0.5407554671968191, ""mom120"": 0.22047244094488194, ""vol20"": 0.5854888262001977, ""amount20"": 57248428.71249999, ""history_days"": 884, ""accel"": 1.0}",rolling_gate,2021_2026,S
S,159996,家电ETF,2024-10-24,2024-10-25,2024-11-08,0.0164056674123789,10299.572459783298,10468.5438200482,0.8819999999999999,"{""score"": 0.8819999999999999, ""momentum"": 0.23041474654377891, ""mom20"": 0.23041474654377891, ""mom60"": 0.282420749279539, ""mom120"": 0.14987080103359163, ""vol20"": 0.5478123256044922, ""amount20"": 137649637.0, ""history_days"": 1118, ""accel"": 1.0}",rolling_gate,2021_2026,S
S,159852,软件ETF,2024-11-08,2024-11-11,2024-11-25,-0.0963455149501661,10468.5438200482,9459.946574927279,0.8977777777777778,"{""score"": 0.8977777777777778, ""momentum"": 0.2602339181286548, ""mom20"": 0.2602339181286548, ""mom60"": 0.68359375, ""mom120"": 0.41543513957307066, ""vol20"": 0.5315850531929894, ""amount20"": 189371429.55, ""history_days"": 906, ""accel"": 1.0}",rolling_gate,2021_2026,S
S,159852,软件ETF,2024-11-25,2024-11-26,2024-12-10,0.080503144654088,9459.946574927279,10221.502022468594,0.8444444444444444,"{""score"": 0.8444444444444444, ""momentum"": 0.07651715039577822, ""mom20"": 0.07651715039577822, ""mom60"": 0.7215189873417722, ""mom120"": 0.3948717948717948, ""vol20"": 0.5653895678726308, ""amount20"": 181382810.7, ""history_days"": 917, ""accel"": 1.0}",rolling_gate,2021_2026,S
S,512980,传媒ETF,2024-12-10,2024-12-11,2024-12-25,-0.0804597701149424,10221.502022468594,9399.082319511352,0.9076923076923076,"{""score"": 0.9076923076923077, ""momentum"": 0.08760951188986232, ""mom20"": 0.08760951188986232, ""mom60"": 0.4854700854700855, ""mom120"": 0.3328220858895705, ""vol20"": 0.4013730759288544, ""amount20"": 189433492.0, ""history_days"": 1671, ""accel"": 1.0}",rolling_gate,2021_2026,S
S,159811,5G50ETF,2024-12-25,2024-12-26,2025-01-10,-0.0948737566947206,9399.082319511352,8507.356070376381,0.8376470588235294,"{""score"": 0.8376470588235294, ""momentum"": 0.07731958762886615, ""mom20"": 0.07731958762886615, ""mom60"": 0.2808988764044944, ""mom120"": 0.17305893358278768, ""vol20"": 0.18463894867877498, ""amount20"": 4806767.0, ""history_days"": 1136, ""accel"": 1.0}",rolling_gate,2021_2026,S
S,501018,南方原油LOF,2025-01-10,2025-01-13,2025-01-27,-0.0355819125277984,8507.356070376381,8204.648070837415,0.8566666666666667,"{""score"": 0.8566666666666667, ""momentum"": 0.05819672131147535, ""mom20"": 0.05819672131147535, ""mom60"": 0.06342668863261935, ""mom120"": -0.018996960486322267, ""vol20"": 0.1335208029641356, ""amount20"": 12075414.9, ""history_days"": 2077, ""accel"": 1.0}",rolling_gate,2021_2026,S
S,159852,软件ETF,2025-02-06,2025-02-07,2025-02-21,0.112372304199773,8204.648070837415,9126.623279705638,0.85625,"{""score"": 0.85625, ""momentum"": 0.10246433203631633, ""mom20"": 0.10246433203631633, ""mom60"": 0.045510455104551095, ""mom120"": 0.6159695817490494, ""vol20"": 0.5124769593404246, ""amount20"": 114368685.75, ""history_days"": 963, ""accel"": 1.0}",rolling_gate,2021_2026,S
S,159852,软件ETF,2025-02-21,2025-02-24,2025-03-10,-0.0590030518819938,9126.623279705638,8588.124652825754,0.8909090909090909,"{""score"": 0.8909090909090909, ""momentum"": 0.32432432432432434, ""mom20"": 0.32432432432432434, ""mom60"": 0.18644067796610164, ""mom120"": 0.96, ""vol20"": 0.4794353799185912, ""amount20"": 380824013.29999995, ""history_days"": 974, ""accel"": 1.0}",rolling_gate,2021_2026,S
S,159663,机床ETF,2025-03-10,2025-03-11,2025-03-25,-0.0546357615894039,8588.124652825754,8118.905921793885,0.8876923076923077,"{""score"": 0.8876923076923077, ""momentum"": 0.1143911439114389, ""mom20"": 0.1143911439114389, ""mom60"": 0.13962264150943393, ""mom120"": 0.6063829787234043, ""vol20"": 0.3571601705772286, ""amount20"": 5034580.9625, ""history_days"": 574, ""accel"": 1.0}",rolling_gate,2021_2026,S
S,512400,有色金属ETF,2025-03-25,2025-03-26,2025-04-10,-0.0793072014585232,8118.905921793885,7475.01821423138,0.868421052631579,"{""score"": 0.868421052631579, ""momentum"": 0.08554572271386451, ""mom20"": 0.08554572271386451, ""mom60"": 0.10510510510510529, ""mom120"": 0.22939866369710482, ""vol20"": 0.1913511352689439, ""amount20"": 262506160.5, ""history_days"": 1833, ""accel"": 1.0}",rolling_gate,2021_2026,S
S,518880,黄金ETF,2025-04-10,2025-04-11,2025-04-25,0.0353361748934415,7475.01821423138,7739.156765181121,0.9485714285714286,"{""score"": 0.9485714285714286, ""momentum"": 0.09776279497395035, ""mom20"": 0.09776279497395035, ""mom60"": 0.19399999999999995, ""mom120"": 0.23538541127780643, ""vol20"": 0.17292497450336963, ""amount20"": 2253384465.5249996, ""history_days"": 2845, ""accel"": 1.0}",rolling_gate,2021_2026,S
S,518880,黄金ETF,2025-04-25,2025-04-28,2025-05-15,-0.0539852645679839,7739.156765181121,7321.356339679715,0.9228571428571428,"{""score"": 0.9228571428571428, ""momentum"": 0.10540223135642979, ""mom20"": 0.10540223135642979, ""mom60"": 0.21824947419511398, ""mom120"": 0.2409360580092288, ""vol20"": 0.32343666734264553, ""amount20"": 5685152549.8375, ""history_days"": 2856, ""accel"": 1.0}",rolling_gate,2021_2026,S
S,159663,机床ETF,2025-05-15,2025-05-16,2025-05-30,-0.0491228070175436,7321.356339679715,6961.710765098959,0.8923076923076922,"{""score"": 0.8923076923076922, ""momentum"": 0.08704061895551263, ""mom20"": 0.08704061895551263, ""mom60"": 0.05243445692883908, ""mom120"": 0.0725190839694656, ""vol20"": 0.23867288671796036, ""amount20"": 4384542.525, ""history_days"": 618, ""accel"": 1.0}",rolling_gate,2021_2026,S
S,159992,创新药ETF,2025-05-30,2025-06-03,2025-06-17,-0.0087609511889862,6961.710765098959,6900.719556894087,0.8953846153846153,"{""score"": 0.8953846153846153, ""momentum"": 0.08953168044077153, ""mom20"": 0.08953168044077153, ""mom60"": 0.10167130919220058, ""mom120"": 0.09254143646408841, ""vol20"": 0.19399550055832887, ""amount20"": 342623242.5, ""history_days"": 1245, ""accel"": 1.0}",rolling_gate,2021_2026,S
S,501018,南方原油LOF,2025-06-17,2025-06-18,2025-07-02,-0.0907715582450833,6900.719556894087,6274.33048970249,0.8478571428571429,"{""score"": 0.8478571428571429, ""momentum"": 0.12357581069237522, ""mom20"": 0.12357581069237522, ""mom60"": 0.05254515599343201, ""mom120"": 0.05254515599343201, ""vol20"": 0.2600633148624637, ""amount20"": 15665109.6375, ""history_days"": 2178, ""accel"": 1.0}",rolling_gate,2021_2026,S
S,512400,有色金属ETF,2025-07-02,2025-07-03,2025-07-17,-0.0051457975986277,6274.33048970249,6242.044054935583,0.8793548387096775,"{""score"": 0.8793548387096775, ""momentum"": 0.08785046728971957, ""mom20"": 0.08785046728971957, ""mom60"": 0.08886810102899911, ""mom120"": 0.1686746987951806, ""vol20"": 0.14094035743512576, ""amount20"": 139378062.0, ""history_days"": 1899, ""accel"": 1.0}",rolling_gate,2021_2026,S
S,159851,金融科技ETF,2025-07-17,2025-07-18,2025-08-01,-0.0141509433962264,6242.044054935583,6153.713242837438,0.8965714285714286,"{""score"": 0.8965714285714286, ""momentum"": 0.1589673913043479, ""mom20"": 0.1589673913043479, ""mom60"": 0.2769461077844311, ""mom120"": 0.24525547445255458, ""vol20"": 0.39590271649057057, ""amount20"": 533105223.57500005, ""history_days"": 1050, ""accel"": 1.0}",rolling_gate,2021_2026,S
S,159992,创新药ETF,2025-08-01,2025-08-04,2025-08-18,0.0306010928961748,6153.713242837438,6342.023593437928,0.90125,"{""score"": 0.90125, ""momentum"": 0.11721611721611724, ""mom20"": 0.11721611721611724, ""mom60"": 0.25514403292181087, ""mom120"": 0.31465517241379315, ""vol20"": 0.22236430290167156, ""amount20"": 462498289.5, ""history_days"": 1289, ""accel"": 1.0}",rolling_gate,2021_2026,S
S,159811,5G50ETF,2025-08-18,2025-08-19,2025-09-02,0.1599532983070637,6342.023593437928,7356.451185149541,0.8913333333333333,"{""score"": 0.8913333333333333, ""momentum"": 0.17979094076655056, ""mom20"": 0.17979094076655056, ""mom60"": 0.45948275862068977, ""mom120"": 0.18973998594518626, ""vol20"": 0.2862735653019947, ""amount20"": 3161242.0, ""history_days"": 1292, ""accel"": 1.0}",rolling_gate,2021_2026,S
S,159811,5G50ETF,2025-09-02,2025-09-03,2025-09-17,0.0446562970396386,7356.451185149541,7684.963054431181,0.906470588235294,"{""score"": 0.9064705882352941, ""momentum"": 0.3317694369973192, ""mom20"": 0.3317694369973192, ""mom60"": 0.6367380560131797, ""mom120"": 0.5167938931297711, ""vol20"": 0.4357806439478203, ""amount20"": 9369221.5, ""history_days"": 1303, ""accel"": 1.0}",rolling_gate,2021_2026,S
S,159755,电池ETF,2025-09-17,2025-09-18,2025-10-10,0.0763747454175152,7684.963054431181,8271.900151256374,0.8987499999999999,"{""score"": 0.8987499999999999, ""momentum"": 0.274131274131274, ""mom20"": 0.274131274131274, ""mom60"": 0.3963328631875882, ""mom120"": 0.3846153846153846, ""vol20"": 0.4241914889737482, ""amount20"": 1158797260.5, ""history_days"": 1030, ""accel"": 1.0}",rolling_gate,2021_2026,S
S,159755,电池ETF,2025-10-10,2025-10-13,2025-10-27,-0.0158434296365329,8271.900151256374,8140.844883249518,0.88375,"{""score"": 0.88375, ""momentum"": 0.24793388429752072, ""mom20"": 0.24793388429752072, ""mom60"": 0.499290780141844, ""mom120"": 0.6645669291338581, ""vol20"": 0.5121850005754814, ""amount20"": 1521257190.5, ""history_days"": 1041, ""accel"": 1.0}",rolling_gate,2021_2026,S
S,512400,有色金属ETF,2025-10-27,2025-10-28,2025-11-11,0.0213523131672597,8140.844883249518,8314.670752642745,0.876,"{""score"": 0.876, ""momentum"": 0.17397167902899535, ""mom20"": 0.17397167902899535, ""mom60"": 0.35170807453416164, ""mom120"": 0.6805019305019306, ""vol20"": 0.473461335235103, ""amount20"": 980340613.0, ""history_days"": 1976, ""accel"": 1.0}",rolling_gate,2021_2026,S
S,515790,光伏ETF,2025-11-11,2025-11-12,2025-11-26,-0.0801932367149758,8314.670752642745,7647.89039276898,0.8951724137931034,"{""score"": 0.8951724137931034, ""momentum"": 0.15557939914163077, ""mom20"": 0.15557939914163077, ""mom60"": 0.43791722296395186, ""mom120"": 0.6122754491017963, ""vol20"": 0.45448452808455186, ""amount20"": 1018182981.5, ""history_days"": 1186, ""accel"": 1.0}",rolling_gate,2021_2026,S
S,161226,白银LOF,2025-11-26,2025-11-27,2025-12-11,0.312330623306233,7647.89039276898,10036.560766120267,0.9166666666666669,"{""score"": 0.9166666666666667, ""momentum"": 0.1079414032382422, ""mom20"": 0.1079414032382422, ""mom60"": 0.3342618384401115, ""mom120"": 0.46632653061224505, ""vol20"": 0.3417310798868747, ""amount20"": 199426930.5375, ""history_days"": 2497, ""accel"": 1.0}",rolling_gate,2021_2026,S
S,161226,白银LOF,2025-12-11,2025-12-12,2025-12-26,0.2645290581162325,10036.560766120267,12691.522732308395,0.9125,"{""score"": 0.9125, ""momentum"": 0.3267123287671234, ""mom20"": 0.3267123287671234, ""mom60"": 0.7126436781609196, ""mom120"": 0.8482824427480915, ""vol20"": 0.4788682931588076, ""amount20"": 291768045.5, ""history_days"": 2508, ""accel"": 1.0}",rolling_gate,2021_2026,S
S,512400,有色金属ETF,2025-12-26,2025-12-29,2026-01-14,0.1437699680511184,12691.522732308395,14516.182550052416,0.874782608695652,"{""score"": 0.874782608695652, ""momentum"": 0.12676056338028174, ""mom20"": 0.12676056338028174, ""mom60"": 0.2524461839530332, ""mom120"": 0.646655231560892, ""vol20"": 0.30761703468813517, ""amount20"": 851793226.0, ""history_days"": 2020, ""accel"": 1.0}",rolling_gate,2021_2026,S
S,512400,有色金属ETF,2026-01-26,2026-01-27,2026-02-10,-0.081974069427018,14516.182550052416,13326.231993879152,0.913939393939394,"{""score"": 0.9139393939393939, ""momentum"": 0.30698429886302114, ""mom20"": 0.30698429886302114, ""mom60"": 0.3531390134529149, ""mom120"": 0.8992918961447682, ""vol20"": 0.3252292167408854, ""amount20"": 2109170756.5, ""history_days"": 2039, ""accel"": 1.0}",rolling_gate,2021_2026,S
S,159663,机床ETF,2026-03-06,2026-03-09,2026-03-23,-0.1431492842535787,13326.231993879152,11418.591422158212,0.9188235294117648,"{""score"": 0.9188235294117647, ""momentum"": 0.14750290360046447, ""mom20"": 0.14750290360046447, ""mom60"": 0.40740740740740744, ""mom120"": 0.3779637377963738, ""vol20"": 0.3169609379077569, ""amount20"": 14631785.100000001, ""history_days"": 814, ""accel"": 1.0}",rolling_gate,2021_2026,S
S,159930,能源ETF,2026-03-23,2026-03-24,2026-04-08,-0.0294284097340123,11418.591422158212,11082.560435201662,0.925,"{""score"": 0.925, ""momentum"": 0.10794044665012392, ""mom20"": 0.10794044665012392, ""mom60"": 0.25597749648382573, ""mom120"": 0.33782771535580536, ""vol20"": 0.4909685834347277, ""amount20"": 209372516.5, ""history_days"": 3035, ""accel"": 1.0}",rolling_gate,2021_2026,S
S,159811,5G50ETF,2026-04-08,2026-04-09,2026-04-23,0.162008910490077,11082.560435201662,12878.033976749117,0.9166666666666669,"{""score"": 0.9166666666666667, ""momentum"": 0.020703933747411973, ""mom20"": 0.020703933747411973, ""mom60"": 0.05793991416309008, ""mom120"": 0.12300683371298415, ""vol20"": 0.4369181645139069, ""amount20"": 7737921.5, ""history_days"": 1444, ""accel"": 1.0}",rolling_gate,2021_2026,S
S,159811,5G50ETF,2026-06-01,2026-06-02,2026-06-16,0.0477972934062769,12878.033976749117,13493.569145231797,0.9177777777777778,"{""score"": 0.9177777777777778, ""momentum"": 0.17922170653338076, ""mom20"": 0.17922170653338076, ""mom60"": 0.394259181089067, ""mom120"": 0.6018428709990302, ""vol20"": 0.43781588786359615, ""amount20"": 20799999.5, ""history_days"": 1479, ""accel"": 1.0}",rolling_gate,2021_2026,S
S,159663,机床ETF,2026-06-24,2026-06-25,2026-07-09,-0.1085043988269796,13493.569145231797,12029.45753709814,0.9125,"{""score"": 0.9125, ""momentum"": 0.11359867330016593, ""mom20"": 0.11359867330016593, ""mom60"": 0.5296127562642368, ""mom120"": 0.8498622589531681, ""vol20"": 0.48974647911166497, ""amount20"": 57019252.7875, ""history_days"": 887, ""accel"": 1.0}",rolling_gate,2021_2026,S
S,588000,科创50ETF,2026-07-09,2026-07-10,2026-07-24,-0.1466727025803531,12029.45753709814,10265.064489556356,0.9090909090909092,"{""score"": 0.9090909090909091, ""momentum"": 0.3348623853211008, ""mom20"": 0.3348623853211008, ""mom60"": 0.6200417536534446, ""mom120"": 0.5315789473684209, ""vol20"": 0.5629672655498468, ""amount20"": 7559156157.5, ""history_days"": 1369, ""accel"": 1.0}",rolling_gate,2021_2026,S
D,515210,钢铁ETF,2021-01-11,2021-01-12,2021-05-31,0.2502004811547713,10000.0,12502.004811547713,72.90175464975857,fear_weighted=54.4067;symbol_fear=91.3969,rolling_gate,2021_2026,D
D,515170,食品饮料ETF,2021-07-26,2021-07-27,2021-12-06,0.0946450809464507,12502.004811547713,13685.258068929563,74.67963737815296,fear_weighted=60.1965;symbol_fear=89.1628,rolling_gate,2021_2026,D
D,512660,军工ETF,2022-01-21,2022-01-24,2022-06-14,-0.1147672552166934,13685.258068929563,12114.638563426412,72.25056689342404,fear_weighted=59.0514;symbol_fear=85.4497,rolling_gate,2021_2026,D
D,159887,银行ETF,2022-08-02,2022-08-03,2022-12-15,0.0332541567695963,12114.638563426412,12517.50065342159,76.47856584770037,fear_weighted=75.7974;symbol_fear=77.1597,rolling_gate,2021_2026,D
D,159663,机床ETF,2023-04-25,2023-04-26,2023-06-19,0.1051524710830704,12517.50065342159,13833.746778912819,77.83374460895469,fear_weighted=58.3636;symbol_fear=97.3039,rolling_gate,2021_2026,D
D,512980,传媒ETF,2023-08-18,2023-08-21,2023-11-16,-0.0012820512820512,13833.746778912819,13816.011206119343,75.98119803476946,fear_weighted=61.2547;symbol_fear=90.7077,rolling_gate,2021_2026,D
D,512720,计算机ETF,2024-01-05,2024-01-08,2024-02-27,0.0661157024793388,13816.011206119343,14729.466492474341,71.97656840513983,fear_weighted=54.932;symbol_fear=89.0212,rolling_gate,2021_2026,D
D,159992,创新药ETF,2024-02-28,2024-02-29,2024-03-12,0.0095890410958903,14729.466492474341,14870.707951991217,71.89247921390779,fear_weighted=61.4437;symbol_fear=82.3413,rolling_gate,2021_2026,D
D,560080,中药ETF,2024-06-24,2024-06-25,2024-11-07,0.1396917148362235,14870.707951991217,16948.022646633537,72.94245390903488,fear_weighted=58.3069;symbol_fear=87.578,rolling_gate,2021_2026,D
D,512950,央企改革ETF,2024-11-14,2024-11-15,2024-12-26,0.0021739130434783,16948.022646633537,16984.86617412622,72.08097127739985,fear_weighted=70.9146;symbol_fear=73.2474,rolling_gate,2021_2026,D
D,512880,证券ETF,2025-01-02,2025-01-03,2025-02-20,0.0399628252788102,16984.86617412622,17663.6294134268,83.44576719576719,fear_weighted=75.6878;symbol_fear=91.2037,rolling_gate,2021_2026,D
D,159811,5G50ETF,2025-04-07,2025-04-08,2025-05-09,0.1241706161137441,17663.6294134268,19856.933160496857,96.4625850340136,fear_weighted=95.3061;symbol_fear=97.619,rolling_gate,2021_2026,D
D,159887,银行ETF,2025-09-18,2025-09-19,2025-11-11,0.0627906976744185,19856.933160496857,21103.763847318754,74.65088813303099,fear_weighted=58.1973;symbol_fear=91.1045,rolling_gate,2021_2026,D
D,159811,5G50ETF,2025-11-21,2025-11-24,2025-12-23,0.1777893639207508,21103.763847318754,24855.788598067295,80.72704081632654,fear_weighted=72.003;symbol_fear=89.4511,rolling_gate,2021_2026,D
D,510880,红利ETF,2026-01-27,2026-01-28,2026-06-17,0.0089399744572158,24855.788598067295,25077.998713247973,74.20398715041571,fear_weighted=59.0892;symbol_fear=89.3188,rolling_gate,2021_2026,D
C,159930,能源ETF,2021-01-28,2021-01-29,2021-04-02,0.0753532182103611,10000.0,10753.53218210361,1.0,hit=4/4;selected_score=0.9106525611216468,rolling_gate,2021_2026,C+S
C,159902,中小板ETF,2021-04-12,2021-04-13,2021-06-11,0.0970079476390837,10753.53218210361,11796.71026896032,0.8,hit=4/5;selected_score=0.5241558570254087,rolling_gate,2021_2026,C+S
C,159930,能源ETF,2021-08-03,2021-08-04,2021-08-31,0.2198952879581153,11796.71026896032,14390.751270511806,1.0,hit=4/4;selected_score=0.9106525611216468,rolling_gate,2021_2026,C+S
C,512660,军工ETF,2021-09-17,2021-09-22,2021-11-24,0.1118060985144644,14390.751270511806,15999.725024759804,0.8,hit=4/5;selected_score=0.6127133230906227,rolling_gate,2021_2026,C+S
C,510880,红利ETF,2021-11-30,2021-12-01,2022-01-27,-0.0227030862007804,15999.725024759804,15636.481888333898,0.8,hit=4/5;selected_score=0.5241558570254087,rolling_gate,2021_2026,C+S
C,512950,央企改革ETF,2022-01-27,2022-01-28,2022-04-01,-0.0344551282051281,15636.481888333898,15097.72490019419,1.0,hit=5/5;selected_score=0.5492349920969236,rolling_gate,2021_2026,C+S
C,512720,计算机ETF,2022-04-01,2022-04-06,2022-06-07,-0.0639063906390638,15097.72490019419,14132.883794961259,0.6,hit=3/5;selected_score=73869226391.63521,rolling_gate,2021_2026,C+S
C,512880,证券ETF,2022-06-07,2022-06-08,2022-08-03,-0.0607375271149674,14132.883794961259,13274.487382252117,0.5,hit=2/4;selected_score=133585973381.73016,rolling_gate,2021_2026,C+S
C,516970,基建ETF,2022-08-03,2022-08-04,2022-09-30,-0.0517082179132041,13274.487382252117,12588.087296004545,0.6,hit=3/5;selected_score=0.5492349920969236,rolling_gate,2021_2026,C+S
C,516970,基建ETF,2022-09-30,2022-10-10,2022-12-05,0.1703992210321325,12588.087296004545,14733.087565528203,1.0,hit=5/5;selected_score=0.5492349920969236,rolling_gate,2021_2026,C+S
C,512880,证券ETF,2022-12-05,2022-12-06,2023-02-08,0.008686210640608,14733.087565528203,14861.062267508905,0.25,hit=1/4;selected_score=133585973381.73016,rolling_gate,2021_2026,C+S
C,516750,建材ETF,2023-02-08,2023-02-09,2023-04-07,-0.0301399354144241,14861.062267508905,14413.150810576453,0.75,hit=3/4;selected_score=0.7811455278137529,rolling_gate,2021_2026,C+S
C,515790,光伏ETF,2023-04-07,2023-04-10,2023-06-08,-0.161218424962853,14413.150810576453,12089.48533814325,1.0,hit=4/4;selected_score=0.3858103633572226,rolling_gate,2021_2026,C+S
C,515790,光伏ETF,2023-06-08,2023-06-09,2023-08-08,0.0148731408573927,12089.48533814325,12269.29395647084,1.0,hit=4/4;selected_score=0.3858103633572226,rolling_gate,2021_2026,C+S
C,515210,钢铁ETF,2023-08-09,2023-08-10,2023-10-13,-0.0502625656414102,12269.29395647084,11652.607763609967,0.75,hit=3/4;selected_score=0.7811455278137529,rolling_gate,2021_2026,C+S
C,515790,光伏ETF,2023-10-13,2023-10-16,2023-12-11,-0.1334022750775594,11652.607763609967,10098.123377357966,0.75,hit=3/4;selected_score=0.3858103633572226,rolling_gate,2021_2026,C+S
C,515170,食品饮料ETF,2023-12-11,2023-12-12,2024-02-07,-0.0516129032258064,10098.123377357966,9576.929912720136,0.8,hit=4/5;selected_score=0.2802254631310315,rolling_gate,2021_2026,C+S
S,159887,银行ETF,2024-02-07,2024-02-08,2024-03-01,0.0393442622950819,9576.929912720136,9953.727155187813,0.8599999999999999,"{""score"": 0.8599999999999999, ""momentum"": 0.0771028037383179, ""mom20"": 0.0771028037383179, ""mom60"": 0.04891922639362911, ""mom120"": 0.017660044150110465, ""vol20"": 0.12036817867577188, ""amount20"": 52488839.0, ""history_days"": 665, ""accel"": 1.0}",rolling_gate,2021_2026,C+S
S,159930,能源ETF,2024-03-01,2024-03-04,2024-03-18,-0.0552964690206528,9953.727155187813,9403.32118991094,0.8553333333333333,"{""score"": 0.8553333333333333, ""momentum"": 0.08624535315985149, ""mom20"": 0.08624535315985149, ""mom60"": 0.17538213998390995, ""mom120"": 0.22773109243697487, ""vol20"": 0.2903048244659898, ""amount20"": 23916800.0, ""history_days"": 2538, ""accel"": 1.0}",rolling_gate,2021_2026,C+S
S,512400,有色金属ETF,2024-03-18,2024-03-19,2024-04-02,0.0486381322957198,9403.32118991094,9860.681169964973,0.8705555555555555,"{""score"": 0.8705555555555555, ""momentum"": 0.16161616161616155, ""mom20"": 0.16161616161616155, ""mom60"": 0.15642458100558643, ""mom120"": 0.012720156555772855, ""vol20"": 0.20648199455619756, ""amount20"": 87013716.0, ""history_days"": 1587, ""accel"": 1.0}",rolling_gate,2021_2026,C+S
S,512400,有色金属ETF,2024-04-02,2024-04-03,2024-04-19,-0.0026929982046679,9860.681169964973,9834.126373277455,0.8864000000000001,"{""score"": 0.8864000000000001, ""momentum"": 0.13593256059009495, ""mom20"": 0.13593256059009495, ""mom60"": 0.14074074074074083, ""mom120"": 0.08888888888888902, ""vol20"": 0.25688528167943975, ""amount20"": 193255317.0, ""history_days"": 1598, ""accel"": 1.0}",rolling_gate,2021_2026,C+S
S,161226,白银LOF,2024-04-19,2024-04-22,2024-05-09,-0.0156075808249721,9834.126373277455,9680.639451063538,0.904,"{""score"": 0.9039999999999999, ""momentum"": 0.15162907268170422, ""mom20"": 0.15162907268170422, ""mom60"": 0.21883289124668437, ""mom120"": 0.22045152722443562, ""vol20"": 0.2618613566083339, ""amount20"": 76357115.3875, ""history_days"": 2108, ""accel"": 1.0}",rolling_gate,2021_2026,C+S
S,159996,家电ETF,2024-05-09,2024-05-10,2024-05-24,-0.0395569620253164,9680.639451063538,9297.702763917037,0.93,"{""score"": 0.9299999999999999, ""momentum"": 0.11790780141843982, ""mom20"": 0.11790780141843982, ""mom60"": 0.2597402597402598, ""mom120"": 0.15265082266910412, ""vol20"": 0.21537080485713034, ""amount20"": 88903466.5, ""history_days"": 1006, ""accel"": 1.0}",rolling_gate,2021_2026,C+S
S,161226,白银LOF,2024-05-24,2024-05-27,2024-06-11,-0.0544354838709677,9297.702763917037,8791.57781507478,0.8755555555555556,"{""score"": 0.8755555555555556, ""momentum"": 0.1251448435689455, ""mom20"": 0.1251448435689455, ""mom60"": 0.3051075268817205, ""mom120"": 0.2895086321381142, ""vol20"": 0.34440012397800807, ""amount20"": 32350946.4125, ""history_days"": 2130, ""accel"": 1.0}",rolling_gate,2021_2026,C+S
S,161226,白银LOF,2024-06-11,2024-06-12,2024-06-26,-0.0042194092827003,8791.57781507478,8754.482550032271,0.8375,"{""score"": 0.8375, ""momentum"": 0.04222222222222216, ""mom20"": 0.04222222222222216, ""mom60"": 0.21188630490956073, ""mom120"": 0.23421052631578942, ""vol20"": 0.48272556713507075, ""amount20"": 66569662.6, ""history_days"": 2141, ""accel"": 1.0}",rolling_gate,2021_2026,C+S
S,159811,5G50ETF,2024-06-26,2024-06-27,2024-07-11,0.0641762452107279,8754.482550032271,9316.312368856181,0.932,"{""score"": 0.932, ""momentum"": 0.070264765784114, ""mom20"": 0.070264765784114, ""mom60"": 0.05522088353413657, ""mom120"": 0.1005235602094241, ""vol20"": 0.2273989734550887, ""amount20"": 6034702.5, ""history_days"": 1013, ""accel"": 1.0}",rolling_gate,2021_2026,C+S
S,159811,5G50ETF,2024-07-11,2024-07-12,2024-07-26,-0.0680580762250455,9316.312368856181,8682.262071520232,0.9,"{""score"": 0.9, ""momentum"": 0.07655038759689914, ""mom20"": 0.07655038759689914, ""mom60"": 0.15970772442588732, ""mom120"": 0.2330743618201998, ""vol20"": 0.25595061073482384, ""amount20"": 8227931.5, ""history_days"": 1024, ""accel"": 1.0}",rolling_gate,2021_2026,C+S
C,515170,食品饮料ETF,2024-07-26,2024-07-29,2024-09-25,-0.0249520153550864,8682.262071520232,8465.622134994775,1.0,hit=5/5;selected_score=5.418702806095758,rolling_gate,2021_2026,C+S
C,515170,食品饮料ETF,2024-09-25,2024-09-26,2024-11-28,0.066189624329159,8465.622134994775,9025.958483822693,1.0,hit=5/5;selected_score=5.418702806095758,rolling_gate,2021_2026,C+S
C,516970,基建ETF,2024-11-28,2024-11-29,2025-01-27,-0.077260755048288,9025.958483822693,8328.60611632805,0.8,hit=4/5;selected_score=0.3961648114454243,rolling_gate,2021_2026,C+S
S,159852,软件ETF,2025-02-06,2025-02-07,2025-02-21,0.112372304199773,8328.60611632805,9264.510776392157,0.85625,"{""score"": 0.85625, ""momentum"": 0.10246433203631633, ""mom20"": 0.10246433203631633, ""mom60"": 0.045510455104551095, ""mom120"": 0.6159695817490494, ""vol20"": 0.5124769593404246, ""amount20"": 114368685.75, ""history_days"": 963, ""accel"": 1.0}",rolling_gate,2021_2026,C+S
S,159852,软件ETF,2025-02-21,2025-02-24,2025-03-10,-0.0590030518819938,9264.510776392157,8717.8763663914,0.8909090909090909,"{""score"": 0.8909090909090909, ""momentum"": 0.32432432432432434, ""mom20"": 0.32432432432432434, ""mom60"": 0.18644067796610164, ""mom120"": 0.96, ""vol20"": 0.4794353799185912, ""amount20"": 380824013.29999995, ""history_days"": 974, ""accel"": 1.0}",rolling_gate,2021_2026,C+S
S,159663,机床ETF,2025-03-10,2025-03-11,2025-03-25,-0.0546357615894039,8717.8763663914,8241.56855167134,0.8876923076923077,"{""score"": 0.8876923076923077, ""momentum"": 0.1143911439114389, ""mom20"": 0.1143911439114389, ""mom60"": 0.13962264150943393, ""mom120"": 0.6063829787234043, ""vol20"": 0.3571601705772286, ""amount20"": 5034580.9625, ""history_days"": 574, ""accel"": 1.0}",rolling_gate,2021_2026,C+S
S,512400,有色金属ETF,2025-03-25,2025-03-26,2025-04-10,-0.0793072014585232,8241.56855167134,7587.9528142097115,0.868421052631579,"{""score"": 0.868421052631579, ""momentum"": 0.08554572271386451, ""mom20"": 0.08554572271386451, ""mom60"": 0.10510510510510529, ""mom120"": 0.22939866369710482, ""vol20"": 0.1913511352689439, ""amount20"": 262506160.5, ""history_days"": 1833, ""accel"": 1.0}",rolling_gate,2021_2026,C+S
S,518880,黄金ETF,2025-04-10,2025-04-11,2025-04-25,0.0353361748934415,7587.9528142097115,7856.082041935808,0.9485714285714286,"{""score"": 0.9485714285714286, ""momentum"": 0.09776279497395035, ""mom20"": 0.09776279497395035, ""mom60"": 0.19399999999999995, ""mom120"": 0.23538541127780643, ""vol20"": 0.17292497450336963, ""amount20"": 2253384465.5249996, ""history_days"": 2845, ""accel"": 1.0}",rolling_gate,2021_2026,C+S
S,518880,黄金ETF,2025-04-25,2025-04-28,2025-05-15,-0.0539852645679839,7856.082041935808,7431.969374434116,0.9228571428571428,"{""score"": 0.9228571428571428, ""momentum"": 0.10540223135642979, ""mom20"": 0.10540223135642979, ""mom60"": 0.21824947419511398, ""mom120"": 0.2409360580092288, ""vol20"": 0.32343666734264553, ""amount20"": 5685152549.8375, ""history_days"": 2856, ""accel"": 1.0}",rolling_gate,2021_2026,C+S
S,159663,机床ETF,2025-05-15,2025-05-16,2025-05-30,-0.0491228070175436,7431.969374434116,7066.8901770934945,0.8923076923076922,"{""score"": 0.8923076923076922, ""momentum"": 0.08704061895551263, ""mom20"": 0.08704061895551263, ""mom60"": 0.05243445692883908, ""mom120"": 0.0725190839694656, ""vol20"": 0.23867288671796036, ""amount20"": 4384542.525, ""history_days"": 618, ""accel"": 1.0}",rolling_gate,2021_2026,C+S
S,159992,创新药ETF,2025-05-30,2025-06-03,2025-06-17,-0.0087609511889862,7066.8901770934945,7004.977497194052,0.8953846153846153,"{""score"": 0.8953846153846153, ""momentum"": 0.08953168044077153, ""mom20"": 0.08953168044077153, ""mom60"": 0.10167130919220058, ""mom120"": 0.09254143646408841, ""vol20"": 0.19399550055832887, ""amount20"": 342623242.5, ""history_days"": 1245, ""accel"": 1.0}",rolling_gate,2021_2026,C+S
S,501018,南方原油LOF,2025-06-17,2025-06-18,2025-07-02,-0.0907715582450833,7004.977497194052,6369.124774302005,0.8478571428571429,"{""score"": 0.8478571428571429, ""momentum"": 0.12357581069237522, ""mom20"": 0.12357581069237522, ""mom60"": 0.05254515599343201, ""mom120"": 0.05254515599343201, ""vol20"": 0.2600633148624637, ""amount20"": 15665109.6375, ""history_days"": 2178, ""accel"": 1.0}",rolling_gate,2021_2026,C+S
S,512400,有色金属ETF,2025-07-02,2025-07-03,2025-07-17,-0.0051457975986277,6369.124774302005,6336.3505473330415,0.8793548387096775,"{""score"": 0.8793548387096775, ""momentum"": 0.08785046728971957, ""mom20"": 0.08785046728971957, ""mom60"": 0.08886810102899911, ""mom120"": 0.1686746987951806, ""vol20"": 0.14094035743512576, ""amount20"": 139378062.0, ""history_days"": 1899, ""accel"": 1.0}",rolling_gate,2021_2026,C+S
S,159851,金融科技ETF,2025-07-17,2025-07-18,2025-08-01,-0.0141509433962264,6336.3505473330415,6246.685209399084,0.8965714285714286,"{""score"": 0.8965714285714286, ""momentum"": 0.1589673913043479, ""mom20"": 0.1589673913043479, ""mom60"": 0.2769461077844311, ""mom120"": 0.24525547445255458, ""vol20"": 0.39590271649057057, ""amount20"": 533105223.57500005, ""history_days"": 1050, ""accel"": 1.0}",rolling_gate,2021_2026,C+S
S,159992,创新药ETF,2025-08-01,2025-08-04,2025-08-18,0.0306010928961748,6246.685209399084,6437.840603785066,0.90125,"{""score"": 0.90125, ""momentum"": 0.11721611721611724, ""mom20"": 0.11721611721611724, ""mom60"": 0.25514403292181087, ""mom120"": 0.31465517241379315, ""vol20"": 0.22236430290167156, ""amount20"": 462498289.5, ""history_days"": 1289, ""accel"": 1.0}",rolling_gate,2021_2026,C+S
S,159811,5G50ETF,2025-08-18,2025-08-19,2025-09-02,0.1599532983070637,6437.840603785066,7467.594442335627,0.8913333333333333,"{""score"": 0.8913333333333333, ""momentum"": 0.17979094076655056, ""mom20"": 0.17979094076655056, ""mom60"": 0.45948275862068977, ""mom120"": 0.18973998594518626, ""vol20"": 0.2862735653019947, ""amount20"": 3161242.0, ""history_days"": 1292, ""accel"": 1.0}",rolling_gate,2021_2026,C+S
S,159811,5G50ETF,2025-09-02,2025-09-03,2025-09-17,0.0446562970396386,7467.594442335627,7801.069557924122,0.906470588235294,"{""score"": 0.9064705882352941, ""momentum"": 0.3317694369973192, ""mom20"": 0.3317694369973192, ""mom60"": 0.6367380560131797, ""mom120"": 0.5167938931297711, ""vol20"": 0.4357806439478203, ""amount20"": 9369221.5, ""history_days"": 1303, ""accel"": 1.0}",rolling_gate,2021_2026,C+S
S,159755,电池ETF,2025-09-17,2025-09-18,2025-10-10,0.0763747454175152,7801.069557924122,8396.874259394905,0.8987499999999999,"{""score"": 0.8987499999999999, ""momentum"": 0.274131274131274, ""mom20"": 0.274131274131274, ""mom60"": 0.3963328631875882, ""mom120"": 0.3846153846153846, ""vol20"": 0.4241914889737482, ""amount20"": 1158797260.5, ""history_days"": 1030, ""accel"": 1.0}",rolling_gate,2021_2026,C+S
S,159755,电池ETF,2025-10-10,2025-10-13,2025-10-27,-0.0158434296365329,8396.874259394905,8263.838972899368,0.88375,"{""score"": 0.88375, ""momentum"": 0.24793388429752072, ""mom20"": 0.24793388429752072, ""mom60"": 0.499290780141844, ""mom120"": 0.6645669291338581, ""vol20"": 0.5121850005754814, ""amount20"": 1521257190.5, ""history_days"": 1041, ""accel"": 1.0}",rolling_gate,2021_2026,C+S
S,512400,有色金属ETF,2025-10-27,2025-10-28,2025-11-11,0.0213523131672597,8263.838972899368,8440.29105061252,0.876,"{""score"": 0.876, ""momentum"": 0.17397167902899535, ""mom20"": 0.17397167902899535, ""mom60"": 0.35170807453416164, ""mom120"": 0.6805019305019306, ""vol20"": 0.473461335235103, ""amount20"": 980340613.0, ""history_days"": 1976, ""accel"": 1.0}",rolling_gate,2021_2026,C+S
S,515790,光伏ETF,2025-11-11,2025-11-12,2025-11-26,-0.0801932367149758,8440.29105061252,7763.436792447459,0.8951724137931034,"{""score"": 0.8951724137931034, ""momentum"": 0.15557939914163077, ""mom20"": 0.15557939914163077, ""mom60"": 0.43791722296395186, ""mom120"": 0.6122754491017963, ""vol20"": 0.45448452808455186, ""amount20"": 1018182981.5, ""history_days"": 1186, ""accel"": 1.0}",rolling_gate,2021_2026,C+S
S,161226,白银LOF,2025-11-26,2025-11-27,2025-12-11,0.312330623306233,7763.436792447459,10188.195844831116,0.9166666666666669,"{""score"": 0.9166666666666667, ""momentum"": 0.1079414032382422, ""mom20"": 0.1079414032382422, ""mom60"": 0.3342618384401115, ""mom120"": 0.46632653061224505, ""vol20"": 0.3417310798868747, ""amount20"": 199426930.5375, ""history_days"": 2497, ""accel"": 1.0}",rolling_gate,2021_2026,C+S
S,161226,白银LOF,2025-12-11,2025-12-12,2025-12-26,0.2645290581162325,10188.195844831116,12883.269695568006,0.9125,"{""score"": 0.9125, ""momentum"": 0.3267123287671234, ""mom20"": 0.3267123287671234, ""mom60"": 0.7126436781609196, ""mom120"": 0.8482824427480915, ""vol20"": 0.4788682931588076, ""amount20"": 291768045.5, ""history_days"": 2508, ""accel"": 1.0}",rolling_gate,2021_2026,C+S
S,512400,有色金属ETF,2025-12-26,2025-12-29,2026-01-14,0.1437699680511184,12883.269695568006,14735.49696809376,0.874782608695652,"{""score"": 0.874782608695652, ""momentum"": 0.12676056338028174, ""mom20"": 0.12676056338028174, ""mom60"": 0.2524461839530332, ""mom120"": 0.646655231560892, ""vol20"": 0.30761703468813517, ""amount20"": 851793226.0, ""history_days"": 2020, ""accel"": 1.0}",rolling_gate,2021_2026,C+S
S,512400,有色金属ETF,2026-01-26,2026-01-27,2026-02-10,-0.081974069427018,14735.49696809376,13527.568316589628,0.913939393939394,"{""score"": 0.9139393939393939, ""momentum"": 0.30698429886302114, ""mom20"": 0.30698429886302114, ""mom60"": 0.3531390134529149, ""mom120"": 0.8992918961447682, ""vol20"": 0.3252292167408854, ""amount20"": 2109170756.5, ""history_days"": 2039, ""accel"": 1.0}",rolling_gate,2021_2026,C+S
S,159663,机床ETF,2026-03-06,2026-03-09,2026-03-23,-0.1431492842535787,13527.568316589628,11591.106594378434,0.9188235294117648,"{""score"": 0.9188235294117647, ""momentum"": 0.14750290360046447, ""mom20"": 0.14750290360046447, ""mom60"": 0.40740740740740744, ""mom120"": 0.3779637377963738, ""vol20"": 0.3169609379077569, ""amount20"": 14631785.100000001, ""history_days"": 814, ""accel"": 1.0}",rolling_gate,2021_2026,C+S
C,512950,央企改革ETF,2026-03-23,2026-03-24,2026-05-25,0.0854068594485542,11591.106594378434,12581.066606137723,1.0,hit=5/5;selected_score=0.6686964927681998,rolling_gate,2021_2026,C+S
C,516970,基建ETF,2026-05-27,2026-05-28,2026-07-24,-0.0743944636678199,12581.066606137723,11645.104903604988,0.8,hit=4/5;selected_score=0.6686964927681998,rolling_gate,2021_2026,C+S
D,515210,钢铁ETF,2021-01-11,2021-01-12,2021-05-31,0.2502004811547713,10000.0,12502.004811547713,72.90175464975857,fear_weighted=54.4067;symbol_fear=91.3969,rolling_gate,2021_2026,C+D
D,515170,食品饮料ETF,2021-07-26,2021-07-27,2021-12-06,0.0946450809464507,12502.004811547713,13685.258068929563,74.67963737815296,fear_weighted=60.1965;symbol_fear=89.1628,rolling_gate,2021_2026,C+D
C,512660,军工ETF,2021-12-21,2021-12-22,2022-02-24,-0.0942712110224799,13685.258068929563,12395.132217616409,0.8,hit=4/5;selected_score=0.6127133230906227,rolling_gate,2021_2026,C+D
D,512980,传媒ETF,2022-02-24,2022-02-25,2022-07-11,-0.1428571428571428,12395.132217616409,10624.399043671208,82.61290627362055,fear_weighted=68.4996;symbol_fear=96.7262,rolling_gate,2021_2026,C+D
C,159930,能源ETF,2022-07-11,2022-07-12,2022-09-06,0.1987179487179486,10624.399043671208,12735.657827990486,0.75,hit=3/4;selected_score=1.117839944306766,rolling_gate,2021_2026,C+D
C,159813,半导体ETF鹏华,2022-09-06,2022-09-07,2022-11-10,-0.1192052980132448,12735.657827990486,11217.499941210166,0.6,hit=3/5;selected_score=73869226391.63521,rolling_gate,2021_2026,C+D
D,159902,中小板ETF,2022-11-10,2022-11-11,2023-01-06,-0.0042205222896333,11217.499941210166,11170.156232674328,75.14455782312925,fear_weighted=67.4187;symbol_fear=82.8704,rolling_gate,2021_2026,C+D
C,159825,农业ETF,2023-01-06,2023-01-09,2023-03-13,-0.0034682080924856,11170.156232674328,11131.415806433839,0.8,hit=4/5;selected_score=0.2802254631310315,rolling_gate,2021_2026,C+D
C,516750,建材ETF,2023-03-13,2023-03-14,2023-05-15,-0.0851063829787235,11131.415806433839,10184.061269716063,0.75,hit=3/4;selected_score=0.7811455278137529,rolling_gate,2021_2026,C+D
C,159666,交通运输ETF,2023-05-15,2023-05-16,2023-07-13,-0.0296827021494371,10184.061269716063,9881.770812375462,1.0,hit=5/5;selected_score=0.6693244330852537,rolling_gate,2021_2026,C+D
C,515170,食品饮料ETF,2023-07-13,2023-07-14,2023-09-08,-0.0057388809182209,9881.770812375462,9825.060506422087,0.8,hit=4/5;selected_score=0.2802254631310315,rolling_gate,2021_2026,C+D
C,515790,光伏ETF,2023-09-08,2023-09-11,2023-11-14,-0.071638861629048,9825.060506422087,9121.20435630549,0.75,hit=3/4;selected_score=0.3858103633572226,rolling_gate,2021_2026,C+D
C,515790,光伏ETF,2023-11-14,2023-11-15,2024-01-11,-0.0862785862785862,9121.20435630549,8334.23973928537,0.75,hit=3/4;selected_score=0.3858103633572226,rolling_gate,2021_2026,C+D
C,512950,央企改革ETF,2024-01-11,2024-01-12,2024-03-18,0.1224307417336907,8334.23973928537,9354.60689235248,0.8,hit=4/5;selected_score=0.3961648114454243,rolling_gate,2021_2026,C+D
C,515790,光伏ETF,2024-03-18,2024-03-19,2024-05-21,-0.1196388261851015,9354.60689235248,8235.43270432837,0.75,hit=3/4;selected_score=0.3858103633572226,rolling_gate,2021_2026,C+D
C,515790,光伏ETF,2024-05-21,2024-05-22,2024-07-18,-0.1785283474065138,8235.43270432837,6765.174513447069,0.5,hit=2/4;selected_score=0.3858103633572226,rolling_gate,2021_2026,C+D
C,515790,光伏ETF,2024-07-18,2024-07-19,2024-09-13,-0.0708092485549132,6765.174513447069,6286.137589807032,0.75,hit=3/4;selected_score=0.3858103633572226,rolling_gate,2021_2026,C+D
D,515170,食品饮料ETF,2024-09-13,2024-09-18,2025-02-07,0.2004310344827586,6286.137589807032,7546.074649833011,72.8188775510204,fear_weighted=61.0809;symbol_fear=84.5569,rolling_gate,2021_2026,C+D
C,159902,中小板ETF,2025-03-24,2025-03-25,2025-05-26,-0.0443931968867108,7546.074649833011,7211.080272181156,0.8,hit=4/5;selected_score=0.0967644943244483,rolling_gate,2021_2026,C+D
D,159887,银行ETF,2025-09-18,2025-09-19,2025-11-11,0.0627906976744185,7211.080272181156,7663.869033457647,74.65088813303099,fear_weighted=58.1973;symbol_fear=91.1045,rolling_gate,2021_2026,C+D
C,516970,基建ETF,2025-11-14,2025-11-17,2026-01-14,0.0317725752508362,7663.869033457647,7907.369889035734,0.8,hit=4/5;selected_score=0.6773704614667067,rolling_gate,2021_2026,C+D
D,510880,红利ETF,2026-01-27,2026-01-28,2026-06-17,0.0089399744572158,7907.369889035734,7978.0615738674705,74.20398715041571,fear_weighted=59.0892;symbol_fear=89.3188,rolling_gate,2021_2026,C+D
D,515210,钢铁ETF,2021-01-11,2021-01-12,2021-05-31,0.2502004811547713,10000.0,12502.004811547713,72.90175464975857,fear_weighted=54.4067;symbol_fear=91.3969,rolling_gate,2021_2026,S+D
D,515170,食品饮料ETF,2021-07-26,2021-07-27,2021-12-06,0.0946450809464507,12502.004811547713,13685.258068929563,74.67963737815296,fear_weighted=60.1965;symbol_fear=89.1628,rolling_gate,2021_2026,S+D
D,512660,军工ETF,2022-01-21,2022-01-24,2022-06-14,-0.1147672552166934,13685.258068929563,12114.638563426412,72.25056689342404,fear_weighted=59.0514;symbol_fear=85.4497,rolling_gate,2021_2026,S+D
D,159887,银行ETF,2022-08-02,2022-08-03,2022-12-15,0.0332541567695963,12114.638563426412,12517.50065342159,76.47856584770037,fear_weighted=75.7974;symbol_fear=77.1597,rolling_gate,2021_2026,S+D
D,159663,机床ETF,2023-04-25,2023-04-26,2023-06-19,0.1051524710830704,12517.50065342159,13833.746778912819,77.83374460895469,fear_weighted=58.3636;symbol_fear=97.3039,rolling_gate,2021_2026,S+D
D,512980,传媒ETF,2023-08-18,2023-08-21,2023-11-16,-0.0012820512820512,13833.746778912819,13816.011206119343,75.98119803476946,fear_weighted=61.2547;symbol_fear=90.7077,rolling_gate,2021_2026,S+D
S,159930,能源ETF,2024-01-03,2024-01-04,2024-01-18,-0.0282442748091603,13816.011206119343,13425.78798884727,0.8999999999999999,"{""score"": 0.8999999999999999, ""momentum"": 0.052074857607811165, ""mom20"": 0.052074857607811165, ""mom60"": 0.03274760383386566, ""mom120"": 0.07660283097418796, ""vol20"": 0.173149389098873, ""amount20"": 11209963.0, ""history_days"": 2502, ""accel"": 1.0}",rolling_gate,2021_2026,S+D
S,159930,能源ETF,2024-01-18,2024-01-19,2024-02-02,0.0667196187450358,13425.78798884727,14321.551444814842,0.842857142857143,"{""score"": 0.842857142857143, ""momentum"": 0.043442622950819576, ""mom20"": 0.043442622950819576, ""mom60"": 0.0503300330033003, ""mom120"": 0.060833333333333295, ""vol20"": 0.1819982588408884, ""amount20"": 14518008.0, ""history_days"": 2513, ""accel"": 1.0}",rolling_gate,2021_2026,S+D
D,159663,机床ETF,2024-02-02,2024-02-05,2024-03-12,0.3181818181818183,14321.551444814842,18878.408722710476,96.97656840513984,fear_weighted=94.1232;symbol_fear=99.8299,rolling_gate,2021_2026,S+D
S,512400,有色金属ETF,2024-03-15,2024-03-18,2024-04-01,0.0309178743961353,18878.408722710476,19462.088992398145,0.8757894736842107,"{""score"": 0.8757894736842107, ""momentum"": 0.16723163841807898, ""mom20"": 0.16723163841807898, ""mom60"": 0.15418994413407816, ""mom120"": 0.004863813229571967, ""vol20"": 0.20543345726774018, ""amount20"": 85663485.0, ""history_days"": 1586, ""accel"": 1.0}",rolling_gate,2021_2026,S+D
S,162411,华宝油气LOF,2024-04-01,2024-04-02,2024-04-18,-0.0490867579908675,19462.088992398145,18506.758140031572,0.8999999999999999,"{""score"": 0.8999999999999999, ""momentum"": 0.11787072243346008, ""mom20"": 0.11787072243346008, ""mom60"": 0.14694408322496755, ""mom120"": 0.09158415841584144, ""vol20"": 0.17805031166636937, ""amount20"": 39939468.61250001, ""history_days"": 2722, ""accel"": 1.0}",rolling_gate,2021_2026,S+D
S,161226,白银LOF,2024-04-18,2024-04-19,2024-05-08,-0.0457018498367791,18506.758140031572,17660.96505855026,0.9042105263157896,"{""score"": 0.9042105263157895, ""momentum"": 0.15869017632241822, ""mom20"": 0.15869017632241822, ""mom60"": 0.21693121693121697, ""mom120"": 0.2234042553191491, ""vol20"": 0.26018411419203813, ""amount20"": 70128971.1, ""history_days"": 2107, ""accel"": 1.0}",rolling_gate,2021_2026,S+D
S,159996,家电ETF,2024-05-08,2024-05-09,2024-05-23,-0.0309278350515462,17660.96505855026,17114.749644368298,0.8975,"{""score"": 0.8975, ""momentum"": 0.07826086956521738, ""mom20"": 0.07826086956521738, ""mom60"": 0.22529644268774707, ""mom120"": 0.1376146788990824, ""vol20"": 0.22803819588094845, ""amount20"": 83179302.5, ""history_days"": 1005, ""accel"": 1.0}",rolling_gate,2021_2026,S+D
S,161226,白银LOF,2024-05-23,2024-05-24,2024-06-07,0.0319258496395469,17114.749644368298,17661.15256813289,0.8527272727272728,"{""score"": 0.8527272727272728, ""momentum"": 0.08584169453734658, ""mom20"": 0.08584169453734658, ""mom60"": 0.3004005340453939, ""mom120"": 0.29693741677762975, ""vol20"": 0.3773613409851731, ""amount20"": 32350946.4125, ""history_days"": 2129, ""accel"": 1.0}",rolling_gate,2021_2026,S+D
S,161226,白银LOF,2024-06-07,2024-06-11,2024-06-25,0.0245202558635395,17661.15256813289,18094.208547948518,0.9114285714285716,"{""score"": 0.9114285714285715, ""momentum"": 0.09748083242059136, ""mom20"": 0.09748083242059136, ""mom60"": 0.2912371134020617, ""mom120"": 0.30980392156862746, ""vol20"": 0.42031553806833444, ""amount20"": 66398293.225, ""history_days"": 2140, ""accel"": 1.0}",rolling_gate,2021_2026,S+D
S,501018,南方原油LOF,2024-06-25,2024-06-26,2024-07-10,-0.0007616146230007,18094.208547948518,18080.427734126777,0.952,"{""score"": 0.952, ""momentum"": 0.028974158183242116, ""mom20"": 0.028974158183242116, ""mom60"": 0.020979020979021046, ""mom120"": 0.10420168067226898, ""vol20"": 0.14477246856386797, ""amount20"": 13986116.55, ""history_days"": 1942, ""accel"": 1.0}",rolling_gate,2021_2026,S+D
D,560080,中药ETF,2024-07-10,2024-07-11,2024-11-25,0.0690661478599221,18080.427734126777,19329.173229382613,73.9708282429686,fear_weighted=58.4958;symbol_fear=89.4458,rolling_gate,2021_2026,S+D
S,159852,软件ETF,2024-11-25,2024-11-26,2024-12-10,0.080503144654088,19329.173229382613,20885.232457911527,0.8444444444444444,"{""score"": 0.8444444444444444, ""momentum"": 0.07651715039577822, ""mom20"": 0.07651715039577822, ""mom60"": 0.7215189873417722, ""mom120"": 0.3948717948717948, ""vol20"": 0.5653895678726308, ""amount20"": 181382810.7, ""history_days"": 917, ""accel"": 1.0}",rolling_gate,2021_2026,S+D
S,512980,传媒ETF,2024-12-10,2024-12-11,2024-12-25,-0.0804597701149424,20885.232457911527,19204.811455550833,0.9076923076923076,"{""score"": 0.9076923076923077, ""momentum"": 0.08760951188986232, ""mom20"": 0.08760951188986232, ""mom60"": 0.4854700854700855, ""mom120"": 0.3328220858895705, ""vol20"": 0.4013730759288544, ""amount20"": 189433492.0, ""history_days"": 1671, ""accel"": 1.0}",rolling_gate,2021_2026,S+D
S,159811,5G50ETF,2024-12-25,2024-12-26,2025-01-10,-0.0948737566947206,19204.811455550833,17382.778846148918,0.8376470588235294,"{""score"": 0.8376470588235294, ""momentum"": 0.07731958762886615, ""mom20"": 0.07731958762886615, ""mom60"": 0.2808988764044944, ""mom120"": 0.17305893358278768, ""vol20"": 0.18463894867877498, ""amount20"": 4806767.0, ""history_days"": 1136, ""accel"": 1.0}",rolling_gate,2021_2026,S+D
D,512880,证券ETF,2025-01-10,2025-01-13,2025-02-20,0.0586565752128667,17382.778846148918,18402.39312094668,80.43461829176115,fear_weighted=69.2026;symbol_fear=91.6667,rolling_gate,2021_2026,S+D
S,159852,软件ETF,2025-02-20,2025-02-21,2025-03-07,-0.0336734693877551,18402.39312094668,17782.720699527046,0.8909090909090909,"{""score"": 0.8909090909090909, ""momentum"": 0.27694406548431116, ""mom20"": 0.27694406548431116, ""mom60"": 0.15129151291512932, ""mom120"": 0.8870967741935485, ""vol20"": 0.4640075924804324, ""amount20"": 346416503.2875, ""history_days"": 973, ""accel"": 1.0}",rolling_gate,2021_2026,S+D
S,159663,机床ETF,2025-03-07,2025-03-10,2025-03-24,-0.043046357615894,17782.720699527046,17017.239344911643,0.8915384615384615,"{""score"": 0.8915384615384615, ""momentum"": 0.09944751381215466, ""mom20"": 0.09944751381215466, ""mom60"": 0.15028901734104028, ""mom120"": 0.6048387096774193, ""vol20"": 0.3573569882876397, ""amount20"": 4860850.512499999, ""history_days"": 573, ""accel"": 1.0}",rolling_gate,2021_2026,S+D
S,515210,钢铁ETF,2025-03-24,2025-03-25,2025-04-09,-0.1067285382830626,17017.239344911643,15201.014264016201,0.8507692307692307,"{""score"": 0.8507692307692307, ""momentum"": 0.07361455748552514, ""mom20"": 0.07361455748552514, ""mom60"": 0.005422153369481153, ""mom120"": 0.31910569105691056, ""vol20"": 0.25924389990654917, ""amount20"": 98612432.0, ""history_days"": 1228, ""accel"": 1.0}",rolling_gate,2021_2026,S+D
D,159811,5G50ETF,2025-04-09,2025-04-10,2025-05-09,0.0675067506750675,15201.014264016201,16227.185343945288,78.13397581254725,fear_weighted=73.6621;symbol_fear=82.6058,rolling_gate,2021_2026,S+D
S,159663,机床ETF,2025-05-12,2025-05-13,2025-05-27,-0.0439367311072054,16227.185343945288,15514.215864861579,0.8644444444444443,"{""score"": 0.8644444444444443, ""momentum"": 0.17177914110429437, ""mom20"": 0.17177914110429437, ""mom60"": 0.051376146788990606, ""mom120"": 0.10192307692307678, ""vol20"": 0.2408011264988467, ""amount20"": 4669557.325, ""history_days"": 615, ""accel"": 1.0}",rolling_gate,2021_2026,S+D
S,159992,创新药ETF,2025-05-27,2025-05-28,2025-06-12,0.1013157894736842,15514.215864861579,17086.050893275187,0.868,"{""score"": 0.868, ""momentum"": 0.050824175824175866, ""mom20"": 0.050824175824175866, ""mom60"": 0.047945205479452024, ""mom120"": 0.074438202247191, ""vol20"": 0.1602404310954984, ""amount20"": 342623242.5, ""history_days"": 1242, ""accel"": 1.0}",rolling_gate,2021_2026,S+D
S,159992,创新药ETF,2025-06-12,2025-06-13,2025-06-27,-0.0440097799511001,17086.050893275187,16334.097553228848,0.8904761904761904,"{""score"": 0.8904761904761904, ""momentum"": 0.14344262295081966, ""mom20"": 0.14344262295081966, ""mom60"": 0.1805359661495063, ""mom120"": 0.11748998664886501, ""vol20"": 0.22057272588289747, ""amount20"": 471420664.0, ""history_days"": 1253, ""accel"": 1.0}",rolling_gate,2021_2026,S+D
S,159851,金融科技ETF,2025-06-27,2025-06-30,2025-07-14,0.01194743130227,16334.097553228848,16529.248061630627,0.8881481481481481,"{""score"": 0.8881481481481481, ""momentum"": 0.1629213483146068, ""mom20"": 0.1629213483146068, ""mom60"": 0.12960436562073663, ""mom120"": 0.11891891891891881, ""vol20"": 0.41934014561954136, ""amount20"": 270586597.85, ""history_days"": 1036, ""accel"": 1.0}",rolling_gate,2021_2026,S+D
S,159851,金融科技ETF,2025-07-14,2025-07-15,2025-07-29,0.0378250591016549,16529.248061630627,17154.46784646772,0.8852941176470588,"{""score"": 0.8852941176470588, ""momentum"": 0.11741424802110823, ""mom20"": 0.11741424802110823, ""mom60"": 0.26229508196721296, ""mom120"": 0.3380726698262242, ""vol20"": 0.4196768402258181, ""amount20"": 429448995.82500005, ""history_days"": 1047, ""accel"": 1.0}",rolling_gate,2021_2026,S+D
S,159992,创新药ETF,2025-07-29,2025-07-30,2025-08-13,0.0010718113612004,17154.46784646772,17172.85420000091,0.8891891891891892,"{""score"": 0.8891891891891892, ""momentum"": 0.16069221260815802, ""mom20"": 0.16069221260815802, ""mom60"": 0.2810368349249659, ""mom120"": 0.3849557522123892, ""vol20"": 0.22324746598720968, ""amount20"": 451567277.5, ""history_days"": 1286, ""accel"": 1.0}",rolling_gate,2021_2026,S+D
S,159811,5G50ETF,2025-08-13,2025-08-14,2025-08-28,0.2351116625310174,17172.85420000091,21210.39250136589,0.8959999999999999,"{""score"": 0.8959999999999999, ""momentum"": 0.18090452261306522, ""mom20"": 0.18090452261306522, ""mom60"": 0.38235294117647056, ""mom120"": 0.20072992700729908, ""vol20"": 0.26584614308280624, ""amount20"": 2899503.0, ""history_days"": 1289, ""accel"": 1.0}",rolling_gate,2021_2026,S+D
S,159811,5G50ETF,2025-08-28,2025-08-29,2025-09-12,0.0377545951316442,21210.39250136589,22011.182282838225,0.8894444444444444,"{""score"": 0.8894444444444444, ""momentum"": 0.32380319148936176, ""mom20"": 0.32380319148936176, ""mom60"": 0.6306306306306306, ""mom120"": 0.47809948032665184, ""vol20"": 0.3824544757476641, ""amount20"": 7289055.0, ""history_days"": 1300, ""accel"": 1.0}",rolling_gate,2021_2026,S+D
S,159755,电池ETF,2025-09-12,2025-09-15,2025-09-29,0.1127197518097209,22011.182282838225,24492.277286798275,0.8853333333333333,"{""score"": 0.8853333333333333, ""momentum"": 0.24374176548089577, ""mom20"": 0.24374176548089577, ""mom60"": 0.42813918305597576, ""mom120"": 0.3184357541899441, ""vol20"": 0.42148170002607377, ""amount20"": 1068429977.0, ""history_days"": 1027, ""accel"": 1.0}",rolling_gate,2021_2026,S+D
S,159755,电池ETF,2025-09-29,2025-09-30,2025-10-22,-0.0854316546762591,24492.277286798275,22399.86151139734,0.8936363636363636,"{""score"": 0.8936363636363636, ""momentum"": 0.26143024618991806, ""mom20"": 0.26143024618991806, ""mom60"": 0.545977011494253, ""mom120"": 0.7873754152823922, ""vol20"": 0.42109983256157896, ""amount20"": 1436259976.5, ""history_days"": 1038, ""accel"": 1.0}",rolling_gate,2021_2026,S+D
S,512400,有色金属ETF,2025-10-24,2025-10-27,2025-11-10,0.0028719126938541,22399.86151139734,22464.191958012496,0.8725925925925926,"{""score"": 0.8725925925925926, ""momentum"": 0.1612021857923498, ""mom20"": 0.1612021857923498, ""mom60"": 0.3198757763975155, ""mom120"": 0.6346153846153846, ""vol20"": 0.47021739152436853, ""amount20"": 957186514.5, ""history_days"": 1975, ""accel"": 1.0}",rolling_gate,2021_2026,S+D
S,515790,光伏ETF,2025-11-10,2025-11-11,2025-11-25,-0.1234911792014856,22464.191958012496,19690.062403309003,0.8948148148148147,"{""score"": 0.8948148148148147, ""momentum"": 0.17226435536294704, ""mom20"": 0.17226435536294704, ""mom60"": 0.47814207650273244, ""mom120"": 0.6246246246246245, ""vol20"": 0.4521992148980938, ""amount20"": 1053047318.0, ""history_days"": 1185, ""accel"": 1.0}",rolling_gate,2021_2026,S+D
S,161226,白银LOF,2025-11-25,2025-11-26,2025-12-10,0.2630480167014613,19690.062403309003,24869.494267227445,0.9133333333333332,"{""score"": 0.9133333333333333, ""momentum"": 0.12846946867565445, ""mom20"": 0.12846946867565445, ""mom60"": 0.31759259259259265, ""mom120"": 0.49631966351209256, ""vol20"": 0.3513050493734427, ""amount20"": 214797589.7375, ""history_days"": 2496, ""accel"": 1.0}",rolling_gate,2021_2026,S+D
S,161226,白银LOF,2025-12-10,2025-12-11,2025-12-25,0.4475993804852864,24869.494267227445,36001.06449422083,0.895,"{""score"": 0.895, ""momentum"": 0.2927350427350428, ""mom20"": 0.2927350427350428, ""mom60"": 0.5963060686015831, ""mom120"": 0.7638483965014577, ""vol20"": 0.44790924131436166, ""amount20"": 291768045.5, ""history_days"": 2507, ""accel"": 1.0}",rolling_gate,2021_2026,S+D
S,159811,5G50ETF,2025-12-25,2025-12-26,2026-01-13,0.0087680841736079,36001.06449422083,36316.72485804565,0.8427272727272728,"{""score"": 0.8427272727272728, ""momentum"": 0.11105722599418044, ""mom20"": 0.11105722599418044, ""mom60"": 0.05868761552680213, ""mom120"": 0.7759689922480619, ""vol20"": 0.3425034396586942, ""amount20"": 9000358.5, ""history_days"": 1379, ""accel"": 1.0}",rolling_gate,2021_2026,S+D
S,512400,有色金属ETF,2026-01-26,2026-01-27,2026-02-10,-0.081974069427018,36316.72485804565,33339.6951331703,0.913939393939394,"{""score"": 0.9139393939393939, ""momentum"": 0.30698429886302114, ""mom20"": 0.30698429886302114, ""mom60"": 0.3531390134529149, ""mom120"": 0.8992918961447682, ""vol20"": 0.3252292167408854, ""amount20"": 2109170756.5, ""history_days"": 2039, ""accel"": 1.0}",rolling_gate,2021_2026,S+D
D,512400,有色金属ETF,2026-02-13,2026-02-24,2026-07-07,-0.2022123893805308,33339.6951331703,26597.995719073482,70.81065759637188,fear_weighted=55.7748;symbol_fear=85.8466,rolling_gate,2021_2026,S+D
S,588000,科创50ETF,2026-07-08,2026-07-09,2026-07-23,-0.1890034364261168,26597.995719073482,21570.88312612145,0.92,"{""score"": 0.92, ""momentum"": 0.22222222222222232, ""mom20"": 0.22222222222222232, ""mom60"": 0.5159010600706713, ""mom120"": 0.42524916943521607, ""vol20"": 0.5021327287689767, ""amount20"": 7471957269.2625, ""history_days"": 1368, ""accel"": 1.0}",rolling_gate,2021_2026,S+D
S,162411,华宝油气LOF,2026-07-23,2026-07-24,2026-08-07,-0.0632368703108253,21570.88312612145,20206.80798738494,0.9133333333333332,"{""score"": 0.9133333333333333, ""momentum"": 0.1914357682619645, ""mom20"": 0.1914357682619645, ""mom60"": 0.05462653288740227, ""mom120"": 0.3138888888888889, ""vol20"": 0.32529126369974765, ""amount20"": 104242641.45, ""history_days"": 3281, ""accel"": 1.0}",rolling_gate,2021_2026,S+D
D,515210,钢铁ETF,2021-01-11,2021-01-12,2021-05-31,0.2502004811547713,10000.0,12502.004811547713,72.90175464975857,fear_weighted=54.4067;symbol_fear=91.3969,rolling_gate,2021_2026,C+S+D
D,515170,食品饮料ETF,2021-07-26,2021-07-27,2021-12-06,0.0946450809464507,12502.004811547713,13685.258068929563,74.67963737815296,fear_weighted=60.1965;symbol_fear=89.1628,rolling_gate,2021_2026,C+S+D
C,512660,军工ETF,2021-12-21,2021-12-22,2022-02-24,-0.0942712110224799,13685.258068929563,12395.132217616409,0.8,hit=4/5;selected_score=0.6127133230906227,rolling_gate,2021_2026,C+S+D
D,512980,传媒ETF,2022-02-24,2022-02-25,2022-07-11,-0.1428571428571428,12395.132217616409,10624.399043671208,82.61290627362055,fear_weighted=68.4996;symbol_fear=96.7262,rolling_gate,2021_2026,C+S+D
C,159930,能源ETF,2022-07-11,2022-07-12,2022-09-06,0.1987179487179486,10624.399043671208,12735.657827990486,0.75,hit=3/4;selected_score=1.117839944306766,rolling_gate,2021_2026,C+S+D
C,159813,半导体ETF鹏华,2022-09-06,2022-09-07,2022-11-10,-0.1192052980132448,12735.657827990486,11217.499941210166,0.6,hit=3/5;selected_score=73869226391.63521,rolling_gate,2021_2026,C+S+D
D,159902,中小板ETF,2022-11-10,2022-11-11,2023-01-06,-0.0042205222896333,11217.499941210166,11170.156232674328,75.14455782312925,fear_weighted=67.4187;symbol_fear=82.8704,rolling_gate,2021_2026,C+S+D
C,159825,农业ETF,2023-01-06,2023-01-09,2023-03-13,-0.0034682080924856,11170.156232674328,11131.415806433839,0.8,hit=4/5;selected_score=0.2802254631310315,rolling_gate,2021_2026,C+S+D
C,516750,建材ETF,2023-03-13,2023-03-14,2023-05-15,-0.0851063829787235,11131.415806433839,10184.061269716063,0.75,hit=3/4;selected_score=0.7811455278137529,rolling_gate,2021_2026,C+S+D
C,159666,交通运输ETF,2023-05-15,2023-05-16,2023-07-13,-0.0296827021494371,10184.061269716063,9881.770812375462,1.0,hit=5/5;selected_score=0.6693244330852537,rolling_gate,2021_2026,C+S+D
C,515170,食品饮料ETF,2023-07-13,2023-07-14,2023-09-08,-0.0057388809182209,9881.770812375462,9825.060506422087,0.8,hit=4/5;selected_score=0.2802254631310315,rolling_gate,2021_2026,C+S+D
C,515790,光伏ETF,2023-09-08,2023-09-11,2023-11-14,-0.071638861629048,9825.060506422087,9121.20435630549,0.75,hit=3/4;selected_score=0.3858103633572226,rolling_gate,2021_2026,C+S+D
C,515790,光伏ETF,2023-11-14,2023-11-15,2024-01-11,-0.0862785862785862,9121.20435630549,8334.23973928537,0.75,hit=3/4;selected_score=0.3858103633572226,rolling_gate,2021_2026,C+S+D
C,512950,央企改革ETF,2024-01-11,2024-01-12,2024-03-18,0.1224307417336907,8334.23973928537,9354.60689235248,0.8,hit=4/5;selected_score=0.3961648114454243,rolling_gate,2021_2026,C+S+D
S,512400,有色金属ETF,2024-03-18,2024-03-19,2024-04-02,0.0486381322957198,9354.60689235248,9809.597499957174,0.8705555555555555,"{""score"": 0.8705555555555555, ""momentum"": 0.16161616161616155, ""mom20"": 0.16161616161616155, ""mom60"": 0.15642458100558643, ""mom120"": 0.012720156555772855, ""vol20"": 0.20648199455619756, ""amount20"": 87013716.0, ""history_days"": 1587, ""accel"": 1.0}",rolling_gate,2021_2026,C+S+D
S,512400,有色金属ETF,2024-04-02,2024-04-03,2024-04-19,-0.0026929982046679,9809.597499957174,9783.180271501275,0.8864000000000001,"{""score"": 0.8864000000000001, ""momentum"": 0.13593256059009495, ""mom20"": 0.13593256059009495, ""mom60"": 0.14074074074074083, ""mom120"": 0.08888888888888902, ""vol20"": 0.25688528167943975, ""amount20"": 193255317.0, ""history_days"": 1598, ""accel"": 1.0}",rolling_gate,2021_2026,C+S+D
S,161226,白银LOF,2024-04-19,2024-04-22,2024-05-09,-0.0156075808249721,9783.180271501275,9630.488494688547,0.904,"{""score"": 0.9039999999999999, ""momentum"": 0.15162907268170422, ""mom20"": 0.15162907268170422, ""mom60"": 0.21883289124668437, ""mom120"": 0.22045152722443562, ""vol20"": 0.2618613566083339, ""amount20"": 76357115.3875, ""history_days"": 2108, ""accel"": 1.0}",rolling_gate,2021_2026,C+S+D
S,159996,家电ETF,2024-05-09,2024-05-10,2024-05-24,-0.0395569620253164,9630.488494688547,9249.535627018906,0.93,"{""score"": 0.9299999999999999, ""momentum"": 0.11790780141843982, ""mom20"": 0.11790780141843982, ""mom60"": 0.2597402597402598, ""mom120"": 0.15265082266910412, ""vol20"": 0.21537080485713034, ""amount20"": 88903466.5, ""history_days"": 1006, ""accel"": 1.0}",rolling_gate,2021_2026,C+S+D
S,161226,白银LOF,2024-05-24,2024-05-27,2024-06-11,-0.0544354838709677,9249.535627018906,8746.032679580376,0.8755555555555556,"{""score"": 0.8755555555555556, ""momentum"": 0.1251448435689455, ""mom20"": 0.1251448435689455, ""mom60"": 0.3051075268817205, ""mom120"": 0.2895086321381142, ""vol20"": 0.34440012397800807, ""amount20"": 32350946.4125, ""history_days"": 2130, ""accel"": 1.0}",rolling_gate,2021_2026,C+S+D
S,161226,白银LOF,2024-06-11,2024-06-12,2024-06-26,-0.0042194092827003,8746.032679580376,8709.129588105354,0.8375,"{""score"": 0.8375, ""momentum"": 0.04222222222222216, ""mom20"": 0.04222222222222216, ""mom60"": 0.21188630490956073, ""mom120"": 0.23421052631578942, ""vol20"": 0.48272556713507075, ""amount20"": 66569662.6, ""history_days"": 2141, ""accel"": 1.0}",rolling_gate,2021_2026,C+S+D
S,159811,5G50ETF,2024-06-26,2024-06-27,2024-07-11,0.0641762452107279,8709.129588105354,9268.048824123609,0.932,"{""score"": 0.932, ""momentum"": 0.070264765784114, ""mom20"": 0.070264765784114, ""mom60"": 0.05522088353413657, ""mom120"": 0.1005235602094241, ""vol20"": 0.2273989734550887, ""amount20"": 6034702.5, ""history_days"": 1013, ""accel"": 1.0}",rolling_gate,2021_2026,C+S+D
S,159811,5G50ETF,2024-07-11,2024-07-12,2024-07-26,-0.0680580762250455,9268.048824123609,8637.28325079396,0.9,"{""score"": 0.9, ""momentum"": 0.07655038759689914, ""mom20"": 0.07655038759689914, ""mom60"": 0.15970772442588732, ""mom120"": 0.2330743618201998, ""vol20"": 0.25595061073482384, ""amount20"": 8227931.5, ""history_days"": 1024, ""accel"": 1.0}",rolling_gate,2021_2026,C+S+D
C,515170,食品饮料ETF,2024-07-26,2024-07-29,2024-09-25,-0.0249520153550864,8637.28325079396,8421.76562649392,1.0,hit=5/5;selected_score=5.418702806095758,rolling_gate,2021_2026,C+S+D
C,515170,食品饮料ETF,2024-09-25,2024-09-26,2024-11-28,0.066189624329159,8421.76562649392,8979.199129499777,1.0,hit=5/5;selected_score=5.418702806095758,rolling_gate,2021_2026,C+S+D
C,516970,基建ETF,2024-11-28,2024-11-29,2025-01-27,-0.077260755048288,8979.199129499777,8285.459425025694,0.8,hit=4/5;selected_score=0.3961648114454243,rolling_gate,2021_2026,C+S+D
D,512880,证券ETF,2025-01-27,2025-02-05,2025-02-20,0.0303867403314916,8285.459425025694,8537.227529101061,71.70776643990929,fear_weighted=53.9645;symbol_fear=89.4511,rolling_gate,2021_2026,C+S+D
S,159852,软件ETF,2025-02-20,2025-02-21,2025-03-07,-0.0336734693877551,8537.227529101061,8249.749459243576,0.8909090909090909,"{""score"": 0.8909090909090909, ""momentum"": 0.27694406548431116, ""mom20"": 0.27694406548431116, ""mom60"": 0.15129151291512932, ""mom120"": 0.8870967741935485, ""vol20"": 0.4640075924804324, ""amount20"": 346416503.2875, ""history_days"": 973, ""accel"": 1.0}",rolling_gate,2021_2026,C+S+D
S,159663,机床ETF,2025-03-07,2025-03-10,2025-03-24,-0.043046357615894,8249.749459243576,7894.627793779448,0.8915384615384615,"{""score"": 0.8915384615384615, ""momentum"": 0.09944751381215466, ""mom20"": 0.09944751381215466, ""mom60"": 0.15028901734104028, ""mom120"": 0.6048387096774193, ""vol20"": 0.3573569882876397, ""amount20"": 4860850.512499999, ""history_days"": 573, ""accel"": 1.0}",rolling_gate,2021_2026,C+S+D
S,515210,钢铁ETF,2025-03-24,2025-03-25,2025-04-09,-0.1067285382830626,7894.627793779448,7052.045709060529,0.8507692307692307,"{""score"": 0.8507692307692307, ""momentum"": 0.07361455748552514, ""mom20"": 0.07361455748552514, ""mom60"": 0.005422153369481153, ""mom120"": 0.31910569105691056, ""vol20"": 0.25924389990654917, ""amount20"": 98612432.0, ""history_days"": 1228, ""accel"": 1.0}",rolling_gate,2021_2026,C+S+D
D,159811,5G50ETF,2025-04-09,2025-04-10,2025-05-09,0.0675067506750675,7052.045709060529,7528.106400491258,78.13397581254725,fear_weighted=73.6621;symbol_fear=82.6058,rolling_gate,2021_2026,C+S+D
S,159663,机床ETF,2025-05-12,2025-05-13,2025-05-27,-0.0439367311072054,7528.106400491258,7197.346013826441,0.8644444444444443,"{""score"": 0.8644444444444443, ""momentum"": 0.17177914110429437, ""mom20"": 0.17177914110429437, ""mom60"": 0.051376146788990606, ""mom120"": 0.10192307692307678, ""vol20"": 0.2408011264988467, ""amount20"": 4669557.325, ""history_days"": 615, ""accel"": 1.0}",rolling_gate,2021_2026,C+S+D
S,159992,创新药ETF,2025-05-27,2025-05-28,2025-06-12,0.1013157894736842,7197.346013826441,7926.550807332541,0.868,"{""score"": 0.868, ""momentum"": 0.050824175824175866, ""mom20"": 0.050824175824175866, ""mom60"": 0.047945205479452024, ""mom120"": 0.074438202247191, ""vol20"": 0.1602404310954984, ""amount20"": 342623242.5, ""history_days"": 1242, ""accel"": 1.0}",rolling_gate,2021_2026,C+S+D
S,159992,创新药ETF,2025-06-12,2025-06-13,2025-06-27,-0.0440097799511001,7926.550807332541,7577.705050530621,0.8904761904761904,"{""score"": 0.8904761904761904, ""momentum"": 0.14344262295081966, ""mom20"": 0.14344262295081966, ""mom60"": 0.1805359661495063, ""mom120"": 0.11748998664886501, ""vol20"": 0.22057272588289747, ""amount20"": 471420664.0, ""history_days"": 1253, ""accel"": 1.0}",rolling_gate,2021_2026,C+S+D
S,159851,金融科技ETF,2025-06-27,2025-06-30,2025-07-14,0.01194743130227,7577.705050530621,7668.2391610507,0.8881481481481481,"{""score"": 0.8881481481481481, ""momentum"": 0.1629213483146068, ""mom20"": 0.1629213483146068, ""mom60"": 0.12960436562073663, ""mom120"": 0.11891891891891881, ""vol20"": 0.41934014561954136, ""amount20"": 270586597.85, ""history_days"": 1036, ""accel"": 1.0}",rolling_gate,2021_2026,C+S+D
S,159851,金融科技ETF,2025-07-14,2025-07-15,2025-07-29,0.0378250591016549,7668.2391610507,7958.290760523068,0.8852941176470588,"{""score"": 0.8852941176470588, ""momentum"": 0.11741424802110823, ""mom20"": 0.11741424802110823, ""mom60"": 0.26229508196721296, ""mom120"": 0.3380726698262242, ""vol20"": 0.4196768402258181, ""amount20"": 429448995.82500005, ""history_days"": 1047, ""accel"": 1.0}",rolling_gate,2021_2026,C+S+D
S,159992,创新药ETF,2025-07-29,2025-07-30,2025-08-13,0.0010718113612004,7958.290760523068,7966.820546975933,0.8891891891891892,"{""score"": 0.8891891891891892, ""momentum"": 0.16069221260815802, ""mom20"": 0.16069221260815802, ""mom60"": 0.2810368349249659, ""mom120"": 0.3849557522123892, ""vol20"": 0.22324746598720968, ""amount20"": 451567277.5, ""history_days"": 1286, ""accel"": 1.0}",rolling_gate,2021_2026,C+S+D
S,159811,5G50ETF,2025-08-13,2025-08-14,2025-08-28,0.2351116625310174,7966.820546975933,9839.912970861715,0.8959999999999999,"{""score"": 0.8959999999999999, ""momentum"": 0.18090452261306522, ""mom20"": 0.18090452261306522, ""mom60"": 0.38235294117647056, ""mom120"": 0.20072992700729908, ""vol20"": 0.26584614308280624, ""amount20"": 2899503.0, ""history_days"": 1289, ""accel"": 1.0}",rolling_gate,2021_2026,C+S+D
S,159811,5G50ETF,2025-08-28,2025-08-29,2025-09-12,0.0377545951316442,9839.912970861715,10211.414901207214,0.8894444444444444,"{""score"": 0.8894444444444444, ""momentum"": 0.32380319148936176, ""mom20"": 0.32380319148936176, ""mom60"": 0.6306306306306306, ""mom120"": 0.47809948032665184, ""vol20"": 0.3824544757476641, ""amount20"": 7289055.0, ""history_days"": 1300, ""accel"": 1.0}",rolling_gate,2021_2026,C+S+D
S,159755,电池ETF,2025-09-12,2025-09-15,2025-09-29,0.1127197518097209,10211.414901207214,11362.443054497377,0.8853333333333333,"{""score"": 0.8853333333333333, ""momentum"": 0.24374176548089577, ""mom20"": 0.24374176548089577, ""mom60"": 0.42813918305597576, ""mom120"": 0.3184357541899441, ""vol20"": 0.42148170002607377, ""amount20"": 1068429977.0, ""history_days"": 1027, ""accel"": 1.0}",rolling_gate,2021_2026,C+S+D
S,159755,电池ETF,2025-09-29,2025-09-30,2025-10-22,-0.0854316546762591,11362.443054497377,10391.730743186898,0.8936363636363636,"{""score"": 0.8936363636363636, ""momentum"": 0.26143024618991806, ""mom20"": 0.26143024618991806, ""mom60"": 0.545977011494253, ""mom120"": 0.7873754152823922, ""vol20"": 0.42109983256157896, ""amount20"": 1436259976.5, ""history_days"": 1038, ""accel"": 1.0}",rolling_gate,2021_2026,C+S+D
C,512660,军工ETF,2025-10-23,2025-10-24,2025-12-19,0.0389072847682119,10391.730743186898,10796.044770446653,0.8,hit=4/5;selected_score=0.6773704614667067,rolling_gate,2021_2026,C+S+D
S,161226,白银LOF,2025-12-19,2025-12-22,2026-01-07,-0.0038834951456311,10796.044770446653,10754.118382988607,0.9076923076923076,"{""score"": 0.9076923076923077, ""momentum"": 0.7100073046018993, ""mom20"": 0.7100073046018993, ""mom60"": 1.0753546099290783, ""mom120"": 1.2996070726915523, ""vol20"": 0.4545504527383194, ""amount20"": 478905116.9375, ""history_days"": 2514, ""accel"": 1.0}",rolling_gate,2021_2026,C+S+D
S,512400,有色金属ETF,2026-01-26,2026-01-27,2026-02-10,-0.081974069427018,10754.118382988607,9872.559536035127,0.913939393939394,"{""score"": 0.9139393939393939, ""momentum"": 0.30698429886302114, ""mom20"": 0.30698429886302114, ""mom60"": 0.3531390134529149, ""mom120"": 0.8992918961447682, ""vol20"": 0.3252292167408854, ""amount20"": 2109170756.5, ""history_days"": 2039, ""accel"": 1.0}",rolling_gate,2021_2026,C+S+D
D,512400,有色金属ETF,2026-02-13,2026-02-24,2026-07-07,-0.2022123893805308,9872.559536035127,7876.20568295192,70.81065759637188,fear_weighted=55.7748;symbol_fear=85.8466,rolling_gate,2021_2026,C+S+D
S,588000,科创50ETF,2026-07-08,2026-07-09,2026-07-23,-0.1890034364261168,7876.20568295192,6387.575742875097,0.92,"{""score"": 0.92, ""momentum"": 0.22222222222222232, ""mom20"": 0.22222222222222232, ""mom60"": 0.5159010600706713, ""mom120"": 0.42524916943521607, ""vol20"": 0.5021327287689767, ""amount20"": 7471957269.2625, ""history_days"": 1368, ""accel"": 1.0}",rolling_gate,2021_2026,C+S+D
S,162411,华宝油气LOF,2026-07-23,2026-07-24,2026-08-07,-0.0632368703108253,6387.575742875097,5983.645444022331,0.9133333333333332,"{""score"": 0.9133333333333333, ""momentum"": 0.1914357682619645, ""mom20"": 0.1914357682619645, ""mom60"": 0.05462653288740227, ""mom120"": 0.3138888888888889, ""vol20"": 0.32529126369974765, ""amount20"": 104242641.45, ""history_days"": 3281, ""accel"": 1.0}",rolling_gate,2021_2026,C+S+D
C,515170,食品饮料ETF,2024-08-12,2024-08-13,2024-10-17,0.0680529300567105,10000.0,10680.529300567105,1.0,hit=5/5;selected_score=5.418702806095758,rolling_gate,past_2y,C
C,516750,建材ETF,2024-10-17,2024-10-18,2024-12-13,0.0644171779141102,10680.529300567105,11368.538856738603,0.5,hit=2/4;selected_score=0.8348871811583229,rolling_gate,past_2y,C
C,515210,钢铁ETF,2024-12-13,2024-12-16,2025-02-19,-0.0846153846153846,11368.538856738603,10406.58556886072,0.5,hit=2/4;selected_score=0.8348871811583229,rolling_gate,past_2y,C
C,159902,中小板ETF,2025-03-24,2025-03-25,2025-05-26,-0.0443931968867108,10406.58556886072,9944.603966783883,0.8,hit=4/5;selected_score=0.0967644943244483,rolling_gate,past_2y,C
C,512660,军工ETF,2025-10-23,2025-10-24,2025-12-19,0.0389072847682119,9944.603966783883,10331.521505226634,0.8,hit=4/5;selected_score=0.6773704614667067,rolling_gate,past_2y,C
C,512720,计算机ETF,2025-12-19,2025-12-22,2026-02-26,0.1351118760757315,10331.521505226634,11727.43275851457,0.8,hit=4/5;selected_score=0.6577780442521962,rolling_gate,past_2y,C
C,512660,军工ETF,2026-03-13,2026-03-16,2026-05-15,-0.0212014134275618,11727.43275851457,11478.79460815737,1.0,hit=5/5;selected_score=0.6686964927681998,rolling_gate,past_2y,C
C,516970,基建ETF,2026-05-27,2026-05-28,2026-07-24,-0.0743944636678199,11478.79460815737,10624.83583973044,0.8,hit=4/5;selected_score=0.6686964927681998,rolling_gate,past_2y,C
S,511010,国债ETF,2024-08-12,2024-08-13,2024-08-27,0.0018416480886378,10000.0,10018.416480886379,0.85,"{""score"": 0.85, ""momentum"": 0.0017680816314298298, ""mom20"": 0.0017680816314298298, ""mom60"": 0.011934583046383729, ""mom120"": 0.022982174278938006, ""vol20"": 0.023240544531678075, ""amount20"": 472953273.8, ""history_days"": 2769, ""accel"": 1.0}",rolling_gate,past_2y,S
S,164701,贵金属LOF,2024-08-27,2024-08-28,2024-09-11,-0.0046468401486989,10018.416480886379,9971.86250095661,0.895,"{""score"": 0.895, ""momentum"": 0.04453049370764761, ""mom20"": 0.04453049370764761, ""mom60"": 0.06726013847675572, ""mom120"": 0.2069351230425056, ""vol20"": 0.15497137694120228, ""amount20"": 2895066.0375, ""history_days"": 2954, ""accel"": 1.0}",rolling_gate,past_2y,S
S,518880,黄金ETF,2024-09-12,2024-09-13,2024-10-08,0.0183567991445376,9971.86250095661,10154.913977983617,0.95,"{""score"": 0.95, ""momentum"": 0.016167554657358085, ""mom20"": 0.016167554657358085, ""mom60"": 0.03363857222948985, ""mom120"": 0.1334016393442623, ""vol20"": 0.07842127469021264, ""amount20"": 838216636.2375002, ""history_days"": 2710, ""accel"": 1.0}",rolling_gate,past_2y,S
S,512880,证券ETF,2024-10-08,2024-10-09,2024-10-23,-0.0330788804071248,10154.913977983617,9819.000792961257,0.9057142857142856,"{""score"": 0.9057142857142857, ""momentum"": 0.4963144963144963, ""mom20"": 0.4963144963144963, ""mom60"": 0.5859375, ""mom120"": 0.4465558194774346, ""vol20"": 0.5843082526887744, ""amount20"": 644644986.0, ""history_days"": 1981, ""accel"": 1.0}",rolling_gate,past_2y,S
S,159996,家电ETF,2024-10-23,2024-10-24,2024-11-07,0.0127340823970039,9819.000792961257,9944.036758115071,0.8763636363636362,"{""score"": 0.8763636363636362, ""momentum"": 0.2474323062558359, ""mom20"": 0.2474323062558359, ""mom60"": 0.25093632958801493, ""mom120"": 0.1507321274763136, ""vol20"": 0.5460783028758316, ""amount20"": 166465584.0, ""history_days"": 1117, ""accel"": 1.0}",rolling_gate,past_2y,S
S,512880,证券ETF,2024-11-07,2024-11-08,2024-11-22,-0.1075757575757576,9944.036758115071,8874.299470499662,0.90875,"{""score"": 0.9087500000000001, ""momentum"": 0.22551662174303688, ""mom20"": 0.22551662174303688, ""mom60"": 0.6736196319018408, ""mom120"": 0.5535307517084282, ""vol20"": 0.4944567017283498, ""amount20"": 2214216153.5, ""history_days"": 2003, ""accel"": 1.0}",rolling_gate,past_2y,S
S,159852,软件ETF,2024-11-22,2024-11-25,2024-12-09,0.036764705882353,8874.299470499662,9200.560480444503,0.8400000000000001,"{""score"": 0.8400000000000001, ""momentum"": 0.09345794392523366, ""mom20"": 0.09345794392523366, ""mom60"": 0.688659793814433, ""mom120"": 0.3976109215017065, ""vol20"": 0.5652027616159206, ""amount20"": 181382810.7, ""history_days"": 916, ""accel"": 1.0}",rolling_gate,past_2y,S
S,512980,传媒ETF,2024-12-09,2024-12-10,2024-12-24,-0.0655926352128882,9200.560480444503,8597.071473096592,0.91,"{""score"": 0.91, ""momentum"": 0.05797101449275366, ""mom20"": 0.05797101449275366, ""mom60"": 0.48223350253807107, ""mom120"": 0.349768875192604, ""vol20"": 0.4234067774291791, ""amount20"": 179612901.5, ""history_days"": 1670, ""accel"": 1.0}",rolling_gate,past_2y,S
S,159813,半导体ETF鹏华,2024-12-24,2024-12-25,2025-01-09,-0.0493827160493827,8597.071473096592,8172.524733684415,0.8725,"{""score"": 0.8725, ""momentum"": 0.08918918918918917, ""mom20"": 0.08918918918918917, ""mom60"": 0.6184738955823295, ""mom120"": 0.4761904761904763, ""vol20"": 0.25037464378314633, ""amount20"": 176091038.14999998, ""history_days"": 1115, ""accel"": 1.0}",rolling_gate,past_2y,S
S,501018,南方原油LOF,2025-01-10,2025-01-13,2025-01-27,-0.0355819125277984,8172.524733684415,7881.730673479187,0.8566666666666667,"{""score"": 0.8566666666666667, ""momentum"": 0.05819672131147535, ""mom20"": 0.05819672131147535, ""mom60"": 0.06342668863261935, ""mom120"": -0.018996960486322267, ""vol20"": 0.1335208029641356, ""amount20"": 12075414.9, ""history_days"": 2077, ""accel"": 1.0}",rolling_gate,past_2y,S
S,159852,软件ETF,2025-02-06,2025-02-07,2025-02-21,0.112372304199773,7881.730673479187,8767.418910340073,0.85625,"{""score"": 0.85625, ""momentum"": 0.10246433203631633, ""mom20"": 0.10246433203631633, ""mom60"": 0.045510455104551095, ""mom120"": 0.6159695817490494, ""vol20"": 0.5124769593404246, ""amount20"": 114368685.75, ""history_days"": 963, ""accel"": 1.0}",rolling_gate,past_2y,S
S,159852,软件ETF,2025-02-21,2025-02-24,2025-03-10,-0.0590030518819938,8767.418910340073,8250.114437502103,0.8909090909090909,"{""score"": 0.8909090909090909, ""momentum"": 0.32432432432432434, ""mom20"": 0.32432432432432434, ""mom60"": 0.18644067796610164, ""mom120"": 0.96, ""vol20"": 0.4794353799185912, ""amount20"": 380824013.29999995, ""history_days"": 974, ""accel"": 1.0}",rolling_gate,past_2y,S
S,159663,机床ETF,2025-03-10,2025-03-11,2025-03-25,-0.0546357615894039,8250.114437502103,7799.36315200944,0.8876923076923077,"{""score"": 0.8876923076923077, ""momentum"": 0.1143911439114389, ""mom20"": 0.1143911439114389, ""mom60"": 0.13962264150943393, ""mom120"": 0.6063829787234043, ""vol20"": 0.3571601705772286, ""amount20"": 5034580.9625, ""history_days"": 574, ""accel"": 1.0}",rolling_gate,past_2y,S
S,512400,有色金属ETF,2025-03-25,2025-03-26,2025-04-10,-0.0793072014585232,7799.36315200944,7180.817487264844,0.868421052631579,"{""score"": 0.868421052631579, ""momentum"": 0.08554572271386451, ""mom20"": 0.08554572271386451, ""mom60"": 0.10510510510510529, ""mom120"": 0.22939866369710482, ""vol20"": 0.1913511352689439, ""amount20"": 262506160.5, ""history_days"": 1833, ""accel"": 1.0}",rolling_gate,past_2y,S
S,518880,黄金ETF,2025-04-10,2025-04-11,2025-04-25,0.0353361748934415,7180.817487264844,7434.560109872718,0.9485714285714286,"{""score"": 0.9485714285714286, ""momentum"": 0.09776279497395035, ""mom20"": 0.09776279497395035, ""mom60"": 0.19399999999999995, ""mom120"": 0.23538541127780643, ""vol20"": 0.17292497450336963, ""amount20"": 2253384465.5249996, ""history_days"": 2845, ""accel"": 1.0}",rolling_gate,past_2y,S
S,518880,黄金ETF,2025-04-25,2025-04-28,2025-05-15,-0.0539852645679839,7434.560109872718,7033.20341539466,0.9228571428571428,"{""score"": 0.9228571428571428, ""momentum"": 0.10540223135642979, ""mom20"": 0.10540223135642979, ""mom60"": 0.21824947419511398, ""mom120"": 0.2409360580092288, ""vol20"": 0.32343666734264553, ""amount20"": 5685152549.8375, ""history_days"": 2856, ""accel"": 1.0}",rolling_gate,past_2y,S
S,159663,机床ETF,2025-05-15,2025-05-16,2025-05-30,-0.0491228070175436,7033.20341539466,6687.7127213051,0.8923076923076922,"{""score"": 0.8923076923076922, ""momentum"": 0.08704061895551263, ""mom20"": 0.08704061895551263, ""mom60"": 0.05243445692883908, ""mom120"": 0.0725190839694656, ""vol20"": 0.23867288671796036, ""amount20"": 4384542.525, ""history_days"": 618, ""accel"": 1.0}",rolling_gate,past_2y,S
S,159992,创新药ETF,2025-05-30,2025-06-03,2025-06-17,-0.0087609511889862,6687.7127213051,6629.1219965877835,0.8953846153846153,"{""score"": 0.8953846153846153, ""momentum"": 0.08953168044077153, ""mom20"": 0.08953168044077153, ""mom60"": 0.10167130919220058, ""mom120"": 0.09254143646408841, ""vol20"": 0.19399550055832887, ""amount20"": 342623242.5, ""history_days"": 1245, ""accel"": 1.0}",rolling_gate,past_2y,S
S,501018,南方原油LOF,2025-06-17,2025-06-18,2025-07-02,-0.0907715582450833,6629.1219965877835,6027.386263160753,0.8478571428571429,"{""score"": 0.8478571428571429, ""momentum"": 0.12357581069237522, ""mom20"": 0.12357581069237522, ""mom60"": 0.05254515599343201, ""mom120"": 0.05254515599343201, ""vol20"": 0.2600633148624637, ""amount20"": 15665109.6375, ""history_days"": 2178, ""accel"": 1.0}",rolling_gate,past_2y,S
S,512400,有色金属ETF,2025-07-02,2025-07-03,2025-07-17,-0.0051457975986277,6027.386263160753,5996.370553401779,0.8793548387096775,"{""score"": 0.8793548387096775, ""momentum"": 0.08785046728971957, ""mom20"": 0.08785046728971957, ""mom60"": 0.08886810102899911, ""mom120"": 0.1686746987951806, ""vol20"": 0.14094035743512576, ""amount20"": 139378062.0, ""history_days"": 1899, ""accel"": 1.0}",rolling_gate,past_2y,S
S,159851,金融科技ETF,2025-07-17,2025-07-18,2025-08-01,-0.0141509433962264,5996.370553401779,5911.516253117792,0.8965714285714286,"{""score"": 0.8965714285714286, ""momentum"": 0.1589673913043479, ""mom20"": 0.1589673913043479, ""mom60"": 0.2769461077844311, ""mom120"": 0.24525547445255458, ""vol20"": 0.39590271649057057, ""amount20"": 533105223.57500005, ""history_days"": 1050, ""accel"": 1.0}",rolling_gate,past_2y,S
S,159992,创新药ETF,2025-08-01,2025-08-04,2025-08-18,0.0306010928961748,5911.516253117792,6092.415111136697,0.90125,"{""score"": 0.90125, ""momentum"": 0.11721611721611724, ""mom20"": 0.11721611721611724, ""mom60"": 0.25514403292181087, ""mom120"": 0.31465517241379315, ""vol20"": 0.22236430290167156, ""amount20"": 462498289.5, ""history_days"": 1289, ""accel"": 1.0}",rolling_gate,past_2y,S
S,159811,5G50ETF,2025-08-18,2025-08-19,2025-09-02,0.1599532983070637,6092.415111136697,7066.917002818808,0.8913333333333333,"{""score"": 0.8913333333333333, ""momentum"": 0.17979094076655056, ""mom20"": 0.17979094076655056, ""mom60"": 0.45948275862068977, ""mom120"": 0.18973998594518626, ""vol20"": 0.2862735653019947, ""amount20"": 3161242.0, ""history_days"": 1292, ""accel"": 1.0}",rolling_gate,past_2y,S
S,159811,5G50ETF,2025-09-02,2025-09-03,2025-09-17,0.0446562970396386,7066.917002818808,7382.499347651158,0.906470588235294,"{""score"": 0.9064705882352941, ""momentum"": 0.3317694369973192, ""mom20"": 0.3317694369973192, ""mom60"": 0.6367380560131797, ""mom120"": 0.5167938931297711, ""vol20"": 0.4357806439478203, ""amount20"": 9369221.5, ""history_days"": 1303, ""accel"": 1.0}",rolling_gate,past_2y,S
S,159755,电池ETF,2025-09-17,2025-09-18,2025-10-10,0.0763747454175152,7382.499347651158,7946.335855872988,0.8987499999999999,"{""score"": 0.8987499999999999, ""momentum"": 0.274131274131274, ""mom20"": 0.274131274131274, ""mom60"": 0.3963328631875882, ""mom120"": 0.3846153846153846, ""vol20"": 0.4241914889737482, ""amount20"": 1158797260.5, ""history_days"": 1030, ""accel"": 1.0}",rolling_gate,past_2y,S
S,159755,电池ETF,2025-10-10,2025-10-13,2025-10-27,-0.0158434296365329,7946.335855872988,7820.438642872206,0.88375,"{""score"": 0.88375, ""momentum"": 0.24793388429752072, ""mom20"": 0.24793388429752072, ""mom60"": 0.499290780141844, ""mom120"": 0.6645669291338581, ""vol20"": 0.5121850005754814, ""amount20"": 1521257190.5, ""history_days"": 1041, ""accel"": 1.0}",rolling_gate,past_2y,S
S,512400,有色金属ETF,2025-10-27,2025-10-28,2025-11-11,0.0213523131672597,7820.438642872206,7987.423097880153,0.876,"{""score"": 0.876, ""momentum"": 0.17397167902899535, ""mom20"": 0.17397167902899535, ""mom60"": 0.35170807453416164, ""mom120"": 0.6805019305019306, ""vol20"": 0.473461335235103, ""amount20"": 980340613.0, ""history_days"": 1976, ""accel"": 1.0}",rolling_gate,past_2y,S
S,515790,光伏ETF,2025-11-11,2025-11-12,2025-11-26,-0.0801932367149758,7987.423097880153,7346.885786649185,0.8951724137931034,"{""score"": 0.8951724137931034, ""momentum"": 0.15557939914163077, ""mom20"": 0.15557939914163077, ""mom60"": 0.43791722296395186, ""mom120"": 0.6122754491017963, ""vol20"": 0.45448452808455186, ""amount20"": 1018182981.5, ""history_days"": 1186, ""accel"": 1.0}",rolling_gate,past_2y,S
S,161226,白银LOF,2025-11-26,2025-11-27,2025-12-11,0.312330623306233,7346.885786649185,9641.54320375303,0.9166666666666669,"{""score"": 0.9166666666666667, ""momentum"": 0.1079414032382422, ""mom20"": 0.1079414032382422, ""mom60"": 0.3342618384401115, ""mom120"": 0.46632653061224505, ""vol20"": 0.3417310798868747, ""amount20"": 199426930.5375, ""history_days"": 2497, ""accel"": 1.0}",rolling_gate,past_2y,S
S,161226,白银LOF,2025-12-11,2025-12-12,2025-12-26,0.2645290581162325,9641.54320375303,12192.011546228781,0.9125,"{""score"": 0.9125, ""momentum"": 0.3267123287671234, ""mom20"": 0.3267123287671234, ""mom60"": 0.7126436781609196, ""mom120"": 0.8482824427480915, ""vol20"": 0.4788682931588076, ""amount20"": 291768045.5, ""history_days"": 2508, ""accel"": 1.0}",rolling_gate,past_2y,S
S,512400,有色金属ETF,2025-12-26,2025-12-29,2026-01-14,0.1437699680511184,12192.011546228781,13944.85665670896,0.874782608695652,"{""score"": 0.874782608695652, ""momentum"": 0.12676056338028174, ""mom20"": 0.12676056338028174, ""mom60"": 0.2524461839530332, ""mom120"": 0.646655231560892, ""vol20"": 0.30761703468813517, ""amount20"": 851793226.0, ""history_days"": 2020, ""accel"": 1.0}",rolling_gate,past_2y,S
S,512400,有色金属ETF,2026-01-26,2026-01-27,2026-02-10,-0.081974069427018,13944.85665670896,12801.740008982086,0.913939393939394,"{""score"": 0.9139393939393939, ""momentum"": 0.30698429886302114, ""mom20"": 0.30698429886302114, ""mom60"": 0.3531390134529149, ""mom120"": 0.8992918961447682, ""vol20"": 0.3252292167408854, ""amount20"": 2109170756.5, ""history_days"": 2039, ""accel"": 1.0}",rolling_gate,past_2y,S
S,159663,机床ETF,2026-03-06,2026-03-09,2026-03-23,-0.1431492842535787,12801.740008982086,10969.180089495898,0.9188235294117648,"{""score"": 0.9188235294117647, ""momentum"": 0.14750290360046447, ""mom20"": 0.14750290360046447, ""mom60"": 0.40740740740740744, ""mom120"": 0.3779637377963738, ""vol20"": 0.3169609379077569, ""amount20"": 14631785.100000001, ""history_days"": 814, ""accel"": 1.0}",rolling_gate,past_2y,S
S,159930,能源ETF,2026-03-23,2026-03-24,2026-04-08,-0.0294284097340123,10969.180089495898,10646.374563376043,0.925,"{""score"": 0.925, ""momentum"": 0.10794044665012392, ""mom20"": 0.10794044665012392, ""mom60"": 0.25597749648382573, ""mom120"": 0.33782771535580536, ""vol20"": 0.4909685834347277, ""amount20"": 209372516.5, ""history_days"": 3035, ""accel"": 1.0}",rolling_gate,past_2y,S
S,159811,5G50ETF,2026-04-08,2026-04-09,2026-04-23,0.162008910490077,10646.374563376043,12371.182107057864,0.9166666666666669,"{""score"": 0.9166666666666667, ""momentum"": 0.020703933747411973, ""mom20"": 0.020703933747411973, ""mom60"": 0.05793991416309008, ""mom120"": 0.12300683371298415, ""vol20"": 0.4369181645139069, ""amount20"": 7737921.5, ""history_days"": 1444, ""accel"": 1.0}",rolling_gate,past_2y,S
S,159811,5G50ETF,2026-06-01,2026-06-02,2026-06-16,0.0477972934062769,12371.182107057864,12962.491128011392,0.9177777777777778,"{""score"": 0.9177777777777778, ""momentum"": 0.17922170653338076, ""mom20"": 0.17922170653338076, ""mom60"": 0.394259181089067, ""mom120"": 0.6018428709990302, ""vol20"": 0.43781588786359615, ""amount20"": 20799999.5, ""history_days"": 1479, ""accel"": 1.0}",rolling_gate,past_2y,S
S,159663,机床ETF,2026-06-24,2026-06-25,2026-07-09,-0.1085043988269796,12962.491128011392,11556.00382086646,0.9125,"{""score"": 0.9125, ""momentum"": 0.11359867330016593, ""mom20"": 0.11359867330016593, ""mom60"": 0.5296127562642368, ""mom120"": 0.8498622589531681, ""vol20"": 0.48974647911166497, ""amount20"": 57019252.7875, ""history_days"": 887, ""accel"": 1.0}",rolling_gate,past_2y,S
S,588000,科创50ETF,2026-07-09,2026-07-10,2026-07-24,-0.1466727025803531,11556.00382086646,9861.053509431089,0.9090909090909092,"{""score"": 0.9090909090909091, ""momentum"": 0.3348623853211008, ""mom20"": 0.3348623853211008, ""mom60"": 0.6200417536534446, ""mom120"": 0.5315789473684209, ""vol20"": 0.5629672655498468, ""amount20"": 7559156157.5, ""history_days"": 1369, ""accel"": 1.0}",rolling_gate,past_2y,S
D,159870,化工ETF,2024-08-14,2024-08-15,2024-12-30,0.1577909270216961,10000.0,11577.909270216962,77.07671957671958,fear_weighted=61.6931;symbol_fear=92.4603,rolling_gate,past_2y,D
D,512880,证券ETF,2025-01-02,2025-01-03,2025-02-20,0.0399628252788102,11577.909270216962,12040.59523547656,83.44576719576719,fear_weighted=75.6878;symbol_fear=91.2037,rolling_gate,past_2y,D
D,159811,5G50ETF,2025-04-07,2025-04-08,2025-05-09,0.1241706161137441,12040.59523547656,13535.683364241897,96.4625850340136,fear_weighted=95.3061;symbol_fear=97.619,rolling_gate,past_2y,D
D,159887,银行ETF,2025-09-18,2025-09-19,2025-11-11,0.0627906976744185,13535.683364241897,14385.598366182667,74.65088813303099,fear_weighted=58.1973;symbol_fear=91.1045,rolling_gate,past_2y,D
D,159811,5G50ETF,2025-11-21,2025-11-24,2025-12-23,0.1777893639207508,14385.598366182667,16943.204749325676,80.72704081632654,fear_weighted=72.003;symbol_fear=89.4511,rolling_gate,past_2y,D
D,510880,红利ETF,2026-01-27,2026-01-28,2026-06-17,0.0089399744572158,16943.204749325676,17094.676567008024,74.20398715041571,fear_weighted=59.0892;symbol_fear=89.3188,rolling_gate,past_2y,D
C,515170,食品饮料ETF,2024-08-12,2024-08-13,2024-10-17,0.0680529300567105,10000.0,10680.529300567105,1.0,hit=5/5;selected_score=5.418702806095758,rolling_gate,past_2y,C+S
S,159996,家电ETF,2024-10-17,2024-10-18,2024-11-01,0.0154559505409583,10680.529300567105,10845.607033187927,0.8836363636363636,"{""score"": 0.8836363636363636, ""momentum"": 0.1950048030739675, ""mom20"": 0.1950048030739675, ""mom60"": 0.15613382899628236, ""mom120"": 0.07426597582038008, ""vol20"": 0.534131192262598, ""amount20"": 137649637.0, ""history_days"": 1113, ""accel"": 1.0}",rolling_gate,past_2y,C+S
S,510500,中证500ETF,2024-11-01,2024-11-04,2024-11-18,-0.0177979410225092,10845.607033187927,10652.577558857938,0.8385714285714285,"{""score"": 0.8385714285714285, ""momentum"": 0.0872664226545945, ""mom20"": 0.0872664226545945, ""mom60"": 0.2077894286325701, ""mom120"": 0.08039816232771813, ""vol20"": 0.5342881686718162, ""amount20"": 3678139156.8125005, ""history_days"": 2825, ""accel"": 1.0}",rolling_gate,past_2y,C+S
S,159755,电池ETF,2024-11-18,2024-11-19,2024-12-03,-0.0333796940194714,10652.577558857938,10296.997779424573,0.8899999999999999,"{""score"": 0.8899999999999999, ""momentum"": 0.06441717791411028, ""mom20"": 0.06441717791411028, ""mom60"": 0.38522954091816364, ""mom120"": 0.1703204047217537, ""vol20"": 0.41326854919008627, ""amount20"": 188091577.5, ""history_days"": 825, ""accel"": 1.0}",rolling_gate,past_2y,C+S
C,159755,电池ETF,2024-12-03,2024-12-04,2025-02-07,0.0058055152394775,10296.997779424573,10356.777156953889,0.5,hit=2/4;selected_score=0.3858103633572226,rolling_gate,past_2y,C+S
S,159852,软件ETF,2025-02-07,2025-02-10,2025-02-24,0.0766703176341729,10356.777156953889,11150.83455124389,0.9010526315789474,"{""score"": 0.9010526315789474, ""momentum"": 0.2019099590723057, ""mom20"": 0.2019099590723057, ""mom60"": 0.07833537331701357, ""mom120"": 0.7240704500978474, ""vol20"": 0.48057685687360974, ""amount20"": 114368685.75, ""history_days"": 964, ""accel"": 1.0}",rolling_gate,past_2y,C+S
S,159852,软件ETF,2025-02-24,2025-02-25,2025-03-11,-0.0345188284518828,11150.83455124389,10765.920806274175,0.8913043478260869,"{""score"": 0.8913043478260869, ""momentum"": 0.32837837837837847, ""mom20"": 0.32837837837837847, ""mom60"": 0.16331360946745566, ""mom120"": 1.014344262295082, ""vol20"": 0.4783235855976949, ""amount20"": 405723321.075, ""history_days"": 975, ""accel"": 1.0}",rolling_gate,past_2y,C+S
S,159663,机床ETF,2025-03-11,2025-03-12,2025-03-26,-0.0349417637271215,10765.920806274175,10389.740545156441,0.8627272727272728,"{""score"": 0.8627272727272728, ""momentum"": 0.1082568807339448, ""mom20"": 0.1082568807339448, ""mom60"": 0.13533834586466154, ""mom120"": 0.6063829787234043, ""vol20"": 0.357728228829067, ""amount20"": 5184095.549999999, ""history_days"": 575, ""accel"": 1.0}",rolling_gate,past_2y,C+S
S,512400,有色金属ETF,2025-03-26,2025-03-27,2025-04-11,-0.0626151012891345,10389.740545156441,9739.185888553642,0.8573333333333333,"{""score"": 0.8573333333333333, ""momentum"": 0.07233626588465314, ""mom20"": 0.07233626588465314, ""mom60"": 0.10140562248995977, ""mom120"": 0.2229654403567447, ""vol20"": 0.19479525618929588, ""amount20"": 262506160.5, ""history_days"": 1834, ""accel"": 1.0}",rolling_gate,past_2y,C+S
S,518880,黄金ETF,2025-04-11,2025-04-14,2025-04-28,0.0188344479323052,9739.185888553642,9922.618078074647,0.9485714285714286,"{""score"": 0.9485714285714286, ""momentum"": 0.10615969581749041, ""mom20"": 0.10615969581749041, ""mom60"": 0.20613598673300149, ""mom120"": 0.2541817554750818, ""vol20"": 0.17668922274298388, ""amount20"": 2593478343.05, ""history_days"": 2846, ""accel"": 1.0}",rolling_gate,past_2y,C+S
S,518880,黄金ETF,2025-04-28,2025-04-29,2025-05-16,-0.0452308101636291,9922.618078074647,9473.810023459058,0.9228571428571428,"{""score"": 0.9228571428571428, ""momentum"": 0.07595848947823591, ""mom20"": 0.07595848947823591, ""mom60"": 0.20656214643607562, ""mom120"": 0.21579804560260585, ""vol20"": 0.3230066385611817, ""amount20"": 5778622380.4875, ""history_days"": 2857, ""accel"": 1.0}",rolling_gate,past_2y,C+S
S,159887,银行ETF,2025-05-26,2025-05-27,2025-06-11,0.0298393267023719,9473.810023459058,9756.50213586526,0.8712500000000001,"{""score"": 0.8712500000000001, ""momentum"": 0.04246794871794868, ""mom20"": 0.04246794871794868, ""mom60"": 0.08507089241034183, ""mom120"": 0.17207207207207187, ""vol20"": 0.14709054773465013, ""amount20"": 67666139.0, ""history_days"": 973, ""accel"": 1.0}",rolling_gate,past_2y,C+S
S,159992,创新药ETF,2025-06-11,2025-06-12,2025-06-26,-0.066905615292712,9756.50213586526,9103.737357360535,0.8908333333333334,"{""score"": 0.8908333333333334, ""momentum"": 0.11813186813186816, ""mom20"": 0.11813186813186816, ""mom60"": 0.14165497896213175, ""mom120"": 0.08244680851063824, ""vol20"": 0.20551208978218344, ""amount20"": 436621444.0, ""history_days"": 1252, ""accel"": 1.0}",rolling_gate,past_2y,C+S
S,159887,银行ETF,2025-06-26,2025-06-27,2025-07-11,0.0401433691756272,9103.737357360535,9469.192046975008,0.8979310344827587,"{""score"": 0.8979310344827587, ""momentum"": 0.09877488514548238, ""mom20"": 0.09877488514548238, ""mom60"": 0.15539452495974238, ""mom120"": 0.1978297161936562, ""vol20"": 0.10160404461603185, ""amount20"": 71147313.0, ""history_days"": 995, ""accel"": 1.0}",rolling_gate,past_2y,C+S
S,159851,金融科技ETF,2025-07-11,2025-07-14,2025-07-28,0.0224321133412042,9469.192046975008,9681.60603622238,0.9027777777777778,"{""score"": 0.9027777777777778, ""momentum"": 0.20331950207468874, ""mom20"": 0.20331950207468874, ""mom60"": 0.27379209370424595, ""mom120"": 0.33435582822085874, ""vol20"": 0.4272327505674976, ""amount20"": 417839074.225, ""history_days"": 1046, ""accel"": 1.0}",rolling_gate,past_2y,C+S
S,159992,创新药ETF,2025-07-28,2025-07-29,2025-08-12,-0.0340788072417465,9681.60603622238,9351.668450323428,0.8921052631578947,"{""score"": 0.8921052631578947, ""momentum"": 0.1515151515151516, ""mom20"": 0.1515151515151516, ""mom60"": 0.25619834710743805, ""mom120"": 0.34513274336283173, ""vol20"": 0.21428153266073005, ""amount20"": 451567277.5, ""history_days"": 1285, ""accel"": 1.0}",rolling_gate,past_2y,C+S
S,512400,有色金属ETF,2025-08-12,2025-08-13,2025-08-27,0.0678221552373776,9351.668450323428,9985.91875968975,0.8958823529411764,"{""score"": 0.8958823529411764, ""momentum"": 0.12079378774805849, ""mom20"": 0.12079378774805849, ""mom60"": 0.235965746907707, ""mom120"": 0.2722820763956906, ""vol20"": 0.24288437248560152, ""amount20"": 293816663.0, ""history_days"": 1928, ""accel"": 1.0}",rolling_gate,past_2y,C+S
S,159811,5G50ETF,2025-08-27,2025-08-28,2025-09-11,0.063787041687594,9985.91875968975,10622.890975903008,0.9070967741935484,"{""score"": 0.9070967741935484, ""momentum"": 0.242, ""mom20"": 0.242, ""mom60"": 0.5734797297297298, ""mom120"": 0.4113636363636364, ""vol20"": 0.3256963913008285, ""amount20"": 6586734.0, ""history_days"": 1299, ""accel"": 1.0}",rolling_gate,past_2y,C+S
S,159755,电池ETF,2025-09-11,2025-09-12,2025-09-26,0.0868644067796611,10622.890975903008,11545.642098809838,0.8921212121212121,"{""score"": 0.8921212121212121, ""momentum"": 0.27628032345013476, ""mom20"": 0.27628032345013476, ""mom60"": 0.4219219219219217, ""mom120"": 0.27972972972972965, ""vol20"": 0.41978272218160934, ""amount20"": 776291577.0, ""history_days"": 1026, ""accel"": 1.0}",rolling_gate,past_2y,C+S
S,159755,电池ETF,2025-09-26,2025-09-29,2025-10-21,-0.0427509293680298,11545.642098809838,11052.055168935067,0.8872727272727272,"{""score"": 0.8872727272727272, ""momentum"": 0.21420118343195282, ""mom20"": 0.21420118343195282, ""mom60"": 0.46571428571428575, ""mom120"": 0.6682926829268294, ""vol20"": 0.3981100213863304, ""amount20"": 1353744028.5, ""history_days"": 1037, ""accel"": 1.0}",rolling_gate,past_2y,C+S
C,512660,军工ETF,2025-10-23,2025-10-24,2025-12-19,0.0389072847682119,11052.055168935067,11482.060626666813,0.8,hit=4/5;selected_score=0.6773704614667067,rolling_gate,past_2y,C+S
S,161226,白银LOF,2025-12-19,2025-12-22,2026-01-07,-0.0038834951456311,11482.060626666813,11437.47009996131,0.9076923076923076,"{""score"": 0.9076923076923077, ""momentum"": 0.7100073046018993, ""mom20"": 0.7100073046018993, ""mom60"": 1.0753546099290783, ""mom120"": 1.2996070726915523, ""vol20"": 0.4545504527383194, ""amount20"": 478905116.9375, ""history_days"": 2514, ""accel"": 1.0}",rolling_gate,past_2y,C+S
S,512400,有色金属ETF,2026-01-26,2026-01-27,2026-02-10,-0.081974069427018,11437.47009996131,10499.89413191764,0.913939393939394,"{""score"": 0.9139393939393939, ""momentum"": 0.30698429886302114, ""mom20"": 0.30698429886302114, ""mom60"": 0.3531390134529149, ""mom120"": 0.8992918961447682, ""vol20"": 0.3252292167408854, ""amount20"": 2109170756.5, ""history_days"": 2039, ""accel"": 1.0}",rolling_gate,past_2y,C+S
S,159663,机床ETF,2026-03-06,2026-03-09,2026-03-23,-0.1431492842535787,10499.89413191764,8996.841802195278,0.9188235294117648,"{""score"": 0.9188235294117647, ""momentum"": 0.14750290360046447, ""mom20"": 0.14750290360046447, ""mom60"": 0.40740740740740744, ""mom120"": 0.3779637377963738, ""vol20"": 0.3169609379077569, ""amount20"": 14631785.100000001, ""history_days"": 814, ""accel"": 1.0}",rolling_gate,past_2y,C+S
C,512950,央企改革ETF,2026-03-23,2026-03-24,2026-05-25,0.0854068594485542,8996.841802195278,9765.233805476248,1.0,hit=5/5;selected_score=0.6686964927681998,rolling_gate,past_2y,C+S
C,516970,基建ETF,2026-05-27,2026-05-28,2026-07-24,-0.0743944636678199,9765.233805476248,9038.754473926978,0.8,hit=4/5;selected_score=0.6686964927681998,rolling_gate,past_2y,C+S
C,515170,食品饮料ETF,2024-08-12,2024-08-13,2024-10-17,0.0680529300567105,10000.0,10680.529300567105,1.0,hit=5/5;selected_score=5.418702806095758,rolling_gate,past_2y,C+D
D,512950,央企改革ETF,2024-10-17,2024-10-18,2025-02-20,-0.0177383592017738,10680.529300567105,10491.074235368575,80.19416099773242,fear_weighted=77.6833;symbol_fear=82.705,rolling_gate,past_2y,C+D
C,159902,中小板ETF,2025-03-24,2025-03-25,2025-05-26,-0.0443931968867108,10491.074235368575,10025.341911284759,0.8,hit=4/5;selected_score=0.0967644943244483,rolling_gate,past_2y,C+D
D,159887,银行ETF,2025-09-18,2025-09-19,2025-11-11,0.0627906976744185,10025.341911284759,10654.840124318918,74.65088813303099,fear_weighted=58.1973;symbol_fear=91.1045,rolling_gate,past_2y,C+D
C,516970,基建ETF,2025-11-14,2025-11-17,2026-01-14,0.0317725752508362,10654.840124318918,10993.37183395447,0.8,hit=4/5;selected_score=0.6773704614667067,rolling_gate,past_2y,C+D
D,510880,红利ETF,2026-01-27,2026-01-28,2026-06-17,0.0089399744572158,10993.37183395447,11091.652297348699,74.20398715041571,fear_weighted=59.0892;symbol_fear=89.3188,rolling_gate,past_2y,C+D
S,511010,国债ETF,2024-08-12,2024-08-13,2024-08-27,0.0018416480886378,10000.0,10018.416480886379,0.85,"{""score"": 0.85, ""momentum"": 0.0017680816314298298, ""mom20"": 0.0017680816314298298, ""mom60"": 0.011934583046383729, ""mom120"": 0.022982174278938006, ""vol20"": 0.023240544531678075, ""amount20"": 472953273.8, ""history_days"": 2769, ""accel"": 1.0}",rolling_gate,past_2y,S+D
D,159825,农业ETF,2024-08-27,2024-08-28,2025-01-13,0.0557432432432432,10018.416480886379,10576.875507692544,74.57719198790628,fear_weighted=58.579;symbol_fear=90.5754,rolling_gate,past_2y,S+D
D,159666,交通运输ETF,2025-01-13,2025-01-14,2025-02-20,-0.0104602510460251,10576.875507692544,10466.238734599527,72.34201937206652,fear_weighted=65.7937;symbol_fear=78.8904,rolling_gate,past_2y,S+D
S,159852,软件ETF,2025-02-20,2025-02-21,2025-03-07,-0.0336734693877551,10466.238734599527,10113.804164965053,0.8909090909090909,"{""score"": 0.8909090909090909, ""momentum"": 0.27694406548431116, ""mom20"": 0.27694406548431116, ""mom60"": 0.15129151291512932, ""mom120"": 0.8870967741935485, ""vol20"": 0.4640075924804324, ""amount20"": 346416503.2875, ""history_days"": 973, ""accel"": 1.0}",rolling_gate,past_2y,S+D
S,159663,机床ETF,2025-03-07,2025-03-10,2025-03-24,-0.043046357615894,10113.804164965053,9678.441734022848,0.8915384615384615,"{""score"": 0.8915384615384615, ""momentum"": 0.09944751381215466, ""mom20"": 0.09944751381215466, ""mom60"": 0.15028901734104028, ""mom120"": 0.6048387096774193, ""vol20"": 0.3573569882876397, ""amount20"": 4860850.512499999, ""history_days"": 573, ""accel"": 1.0}",rolling_gate,past_2y,S+D
S,515210,钢铁ETF,2025-03-24,2025-03-25,2025-04-09,-0.1067285382830626,9678.441734022848,8645.4757948928,0.8507692307692307,"{""score"": 0.8507692307692307, ""momentum"": 0.07361455748552514, ""mom20"": 0.07361455748552514, ""mom60"": 0.005422153369481153, ""mom120"": 0.31910569105691056, ""vol20"": 0.25924389990654917, ""amount20"": 98612432.0, ""history_days"": 1228, ""accel"": 1.0}",rolling_gate,past_2y,S+D
D,159811,5G50ETF,2025-04-09,2025-04-10,2025-05-09,0.0675067506750675,8645.4757948928,9229.10377384596,78.13397581254725,fear_weighted=73.6621;symbol_fear=82.6058,rolling_gate,past_2y,S+D
S,159663,机床ETF,2025-05-12,2025-05-13,2025-05-27,-0.0439367311072054,9229.10377384596,8823.607122973996,0.8644444444444443,"{""score"": 0.8644444444444443, ""momentum"": 0.17177914110429437, ""mom20"": 0.17177914110429437, ""mom60"": 0.051376146788990606, ""mom120"": 0.10192307692307678, ""vol20"": 0.2408011264988467, ""amount20"": 4669557.325, ""history_days"": 615, ""accel"": 1.0}",rolling_gate,past_2y,S+D
S,159992,创新药ETF,2025-05-27,2025-05-28,2025-06-12,0.1013157894736842,8823.607122973996,9717.577844643729,0.868,"{""score"": 0.868, ""momentum"": 0.050824175824175866, ""mom20"": 0.050824175824175866, ""mom60"": 0.047945205479452024, ""mom120"": 0.074438202247191, ""vol20"": 0.1602404310954984, ""amount20"": 342623242.5, ""history_days"": 1242, ""accel"": 1.0}",rolling_gate,past_2y,S+D
S,159992,创新药ETF,2025-06-12,2025-06-13,2025-06-27,-0.0440097799511001,9717.577844643729,9289.909382043272,0.8904761904761904,"{""score"": 0.8904761904761904, ""momentum"": 0.14344262295081966, ""mom20"": 0.14344262295081966, ""mom60"": 0.1805359661495063, ""mom120"": 0.11748998664886501, ""vol20"": 0.22057272588289747, ""amount20"": 471420664.0, ""history_days"": 1253, ""accel"": 1.0}",rolling_gate,past_2y,S+D
S,159851,金融科技ETF,2025-06-27,2025-06-30,2025-07-14,0.01194743130227,9289.909382043272,9400.899936189548,0.8881481481481481,"{""score"": 0.8881481481481481, ""momentum"": 0.1629213483146068, ""mom20"": 0.1629213483146068, ""mom60"": 0.12960436562073663, ""mom120"": 0.11891891891891881, ""vol20"": 0.41934014561954136, ""amount20"": 270586597.85, ""history_days"": 1036, ""accel"": 1.0}",rolling_gate,past_2y,S+D
S,159851,金融科技ETF,2025-07-14,2025-07-15,2025-07-29,0.0378250591016549,9400.899936189548,9756.489531884661,0.8852941176470588,"{""score"": 0.8852941176470588, ""momentum"": 0.11741424802110823, ""mom20"": 0.11741424802110823, ""mom60"": 0.26229508196721296, ""mom120"": 0.3380726698262242, ""vol20"": 0.4196768402258181, ""amount20"": 429448995.82500005, ""history_days"": 1047, ""accel"": 1.0}",rolling_gate,past_2y,S+D
S,159992,创新药ETF,2025-07-29,2025-07-30,2025-08-13,0.0010718113612004,9756.489531884661,9766.946648210369,0.8891891891891892,"{""score"": 0.8891891891891892, ""momentum"": 0.16069221260815802, ""mom20"": 0.16069221260815802, ""mom60"": 0.2810368349249659, ""mom120"": 0.3849557522123892, ""vol20"": 0.22324746598720968, ""amount20"": 451567277.5, ""history_days"": 1286, ""accel"": 1.0}",rolling_gate,past_2y,S+D
S,159811,5G50ETF,2025-08-13,2025-08-14,2025-08-28,0.2351116625310174,9766.946648210369,12063.269712522857,0.8959999999999999,"{""score"": 0.8959999999999999, ""momentum"": 0.18090452261306522, ""mom20"": 0.18090452261306522, ""mom60"": 0.38235294117647056, ""mom120"": 0.20072992700729908, ""vol20"": 0.26584614308280624, ""amount20"": 2899503.0, ""history_days"": 1289, ""accel"": 1.0}",rolling_gate,past_2y,S+D
S,159811,5G50ETF,2025-08-28,2025-08-29,2025-09-12,0.0377545951316442,12063.269712522857,12518.713576482984,0.8894444444444444,"{""score"": 0.8894444444444444, ""momentum"": 0.32380319148936176, ""mom20"": 0.32380319148936176, ""mom60"": 0.6306306306306306, ""mom120"": 0.47809948032665184, ""vol20"": 0.3824544757476641, ""amount20"": 7289055.0, ""history_days"": 1300, ""accel"": 1.0}",rolling_gate,past_2y,S+D
S,159755,电池ETF,2025-09-12,2025-09-15,2025-09-29,0.1127197518097209,12518.713576482984,13929.819863801129,0.8853333333333333,"{""score"": 0.8853333333333333, ""momentum"": 0.24374176548089577, ""mom20"": 0.24374176548089577, ""mom60"": 0.42813918305597576, ""mom120"": 0.3184357541899441, ""vol20"": 0.42148170002607377, ""amount20"": 1068429977.0, ""history_days"": 1027, ""accel"": 1.0}",rolling_gate,past_2y,S+D
S,159755,电池ETF,2025-09-29,2025-09-30,2025-10-22,-0.0854316546762591,13929.819863801129,12739.772303494376,0.8936363636363636,"{""score"": 0.8936363636363636, ""momentum"": 0.26143024618991806, ""mom20"": 0.26143024618991806, ""mom60"": 0.545977011494253, ""mom120"": 0.7873754152823922, ""vol20"": 0.42109983256157896, ""amount20"": 1436259976.5, ""history_days"": 1038, ""accel"": 1.0}",rolling_gate,past_2y,S+D
S,512400,有色金属ETF,2025-10-24,2025-10-27,2025-11-10,0.0028719126938541,12739.772303494376,12776.359817289593,0.8725925925925926,"{""score"": 0.8725925925925926, ""momentum"": 0.1612021857923498, ""mom20"": 0.1612021857923498, ""mom60"": 0.3198757763975155, ""mom120"": 0.6346153846153846, ""vol20"": 0.47021739152436853, ""amount20"": 957186514.5, ""history_days"": 1975, ""accel"": 1.0}",rolling_gate,past_2y,S+D
S,515790,光伏ETF,2025-11-10,2025-11-11,2025-11-25,-0.1234911792014856,12776.359817289593,11198.592077550024,0.8948148148148147,"{""score"": 0.8948148148148147, ""momentum"": 0.17226435536294704, ""mom20"": 0.17226435536294704, ""mom60"": 0.47814207650273244, ""mom120"": 0.6246246246246245, ""vol20"": 0.4521992148980938, ""amount20"": 1053047318.0, ""history_days"": 1185, ""accel"": 1.0}",rolling_gate,past_2y,S+D
S,161226,白银LOF,2025-11-25,2025-11-26,2025-12-10,0.2630480167014613,11198.592077550024,14144.359513398254,0.9133333333333332,"{""score"": 0.9133333333333333, ""momentum"": 0.12846946867565445, ""mom20"": 0.12846946867565445, ""mom60"": 0.31759259259259265, ""mom120"": 0.49631966351209256, ""vol20"": 0.3513050493734427, ""amount20"": 214797589.7375, ""history_days"": 2496, ""accel"": 1.0}",rolling_gate,past_2y,S+D
S,161226,白银LOF,2025-12-10,2025-12-11,2025-12-25,0.4475993804852864,14144.359513398254,20475.366068956482,0.895,"{""score"": 0.895, ""momentum"": 0.2927350427350428, ""mom20"": 0.2927350427350428, ""mom60"": 0.5963060686015831, ""mom120"": 0.7638483965014577, ""vol20"": 0.44790924131436166, ""amount20"": 291768045.5, ""history_days"": 2507, ""accel"": 1.0}",rolling_gate,past_2y,S+D
S,159811,5G50ETF,2025-12-25,2025-12-26,2026-01-13,0.0087680841736079,20475.366068956482,20654.895802134528,0.8427272727272728,"{""score"": 0.8427272727272728, ""momentum"": 0.11105722599418044, ""mom20"": 0.11105722599418044, ""mom60"": 0.05868761552680213, ""mom120"": 0.7759689922480619, ""vol20"": 0.3425034396586942, ""amount20"": 9000358.5, ""history_days"": 1379, ""accel"": 1.0}",rolling_gate,past_2y,S+D
S,512400,有色金属ETF,2026-01-26,2026-01-27,2026-02-10,-0.081974069427018,20654.895802134528,18961.72993964253,0.913939393939394,"{""score"": 0.9139393939393939, ""momentum"": 0.30698429886302114, ""mom20"": 0.30698429886302114, ""mom60"": 0.3531390134529149, ""mom120"": 0.8992918961447682, ""vol20"": 0.3252292167408854, ""amount20"": 2109170756.5, ""history_days"": 2039, ""accel"": 1.0}",rolling_gate,past_2y,S+D
D,512400,有色金属ETF,2026-02-13,2026-02-24,2026-07-07,-0.2022123893805308,18961.72993964253,15127.433221759065,70.81065759637188,fear_weighted=55.7748;symbol_fear=85.8466,rolling_gate,past_2y,S+D
S,588000,科创50ETF,2026-07-08,2026-07-09,2026-07-23,-0.1890034364261168,15127.433221759065,12268.296358539998,0.92,"{""score"": 0.92, ""momentum"": 0.22222222222222232, ""mom20"": 0.22222222222222232, ""mom60"": 0.5159010600706713, ""mom120"": 0.42524916943521607, ""vol20"": 0.5021327287689767, ""amount20"": 7471957269.2625, ""history_days"": 1368, ""accel"": 1.0}",rolling_gate,past_2y,S+D
S,162411,华宝油气LOF,2026-07-23,2026-07-24,2026-08-07,-0.0632368703108253,12268.296358539998,11492.487692780234,0.9133333333333332,"{""score"": 0.9133333333333333, ""momentum"": 0.1914357682619645, ""mom20"": 0.1914357682619645, ""mom60"": 0.05462653288740227, ""mom120"": 0.3138888888888889, ""vol20"": 0.32529126369974765, ""amount20"": 104242641.45, ""history_days"": 3281, ""accel"": 1.0}",rolling_gate,past_2y,S+D
C,515170,食品饮料ETF,2024-08-12,2024-08-13,2024-10-17,0.0680529300567105,10000.0,10680.529300567105,1.0,hit=5/5;selected_score=5.418702806095758,rolling_gate,past_2y,C+S+D
D,512950,央企改革ETF,2024-10-17,2024-10-18,2025-02-20,-0.0177383592017738,10680.529300567105,10491.074235368575,80.19416099773242,fear_weighted=77.6833;symbol_fear=82.705,rolling_gate,past_2y,C+S+D
S,159852,软件ETF,2025-02-20,2025-02-21,2025-03-07,-0.0336734693877551,10491.074235368575,10137.803368259225,0.8909090909090909,"{""score"": 0.8909090909090909, ""momentum"": 0.27694406548431116, ""mom20"": 0.27694406548431116, ""mom60"": 0.15129151291512932, ""mom120"": 0.8870967741935485, ""vol20"": 0.4640075924804324, ""amount20"": 346416503.2875, ""history_days"": 973, ""accel"": 1.0}",rolling_gate,past_2y,C+S+D
S,159663,机床ETF,2025-03-07,2025-03-10,2025-03-24,-0.043046357615894,10137.803368259225,9701.407859029523,0.8915384615384615,"{""score"": 0.8915384615384615, ""momentum"": 0.09944751381215466, ""mom20"": 0.09944751381215466, ""mom60"": 0.15028901734104028, ""mom120"": 0.6048387096774193, ""vol20"": 0.3573569882876397, ""amount20"": 4860850.512499999, ""history_days"": 573, ""accel"": 1.0}",rolling_gate,past_2y,C+S+D
S,515210,钢铁ETF,2025-03-24,2025-03-25,2025-04-09,-0.1067285382830626,9701.407859029523,8665.990778947486,0.8507692307692307,"{""score"": 0.8507692307692307, ""momentum"": 0.07361455748552514, ""mom20"": 0.07361455748552514, ""mom60"": 0.005422153369481153, ""mom120"": 0.31910569105691056, ""vol20"": 0.25924389990654917, ""amount20"": 98612432.0, ""history_days"": 1228, ""accel"": 1.0}",rolling_gate,past_2y,C+S+D
D,159811,5G50ETF,2025-04-09,2025-04-10,2025-05-09,0.0675067506750675,8665.990778947486,9251.003657814328,78.13397581254725,fear_weighted=73.6621;symbol_fear=82.6058,rolling_gate,past_2y,C+S+D
S,159663,机床ETF,2025-05-12,2025-05-13,2025-05-27,-0.0439367311072054,9251.003657814328,8844.544797629167,0.8644444444444443,"{""score"": 0.8644444444444443, ""momentum"": 0.17177914110429437, ""mom20"": 0.17177914110429437, ""mom60"": 0.051376146788990606, ""mom120"": 0.10192307692307678, ""vol20"": 0.2408011264988467, ""amount20"": 4669557.325, ""history_days"": 615, ""accel"": 1.0}",rolling_gate,past_2y,C+S+D
S,159992,创新药ETF,2025-05-27,2025-05-28,2025-06-12,0.1013157894736842,8844.544797629167,9740.636836336333,0.868,"{""score"": 0.868, ""momentum"": 0.050824175824175866, ""mom20"": 0.050824175824175866, ""mom60"": 0.047945205479452024, ""mom120"": 0.074438202247191, ""vol20"": 0.1602404310954984, ""amount20"": 342623242.5, ""history_days"": 1242, ""accel"": 1.0}",rolling_gate,past_2y,C+S+D
S,159992,创新药ETF,2025-06-12,2025-06-13,2025-06-27,-0.0440097799511001,9740.636836336333,9311.95355258559,0.8904761904761904,"{""score"": 0.8904761904761904, ""momentum"": 0.14344262295081966, ""mom20"": 0.14344262295081966, ""mom60"": 0.1805359661495063, ""mom120"": 0.11748998664886501, ""vol20"": 0.22057272588289747, ""amount20"": 471420664.0, ""history_days"": 1253, ""accel"": 1.0}",rolling_gate,past_2y,C+S+D
S,159851,金融科技ETF,2025-06-27,2025-06-30,2025-07-14,0.01194743130227,9311.95355258559,9423.207477945036,0.8881481481481481,"{""score"": 0.8881481481481481, ""momentum"": 0.1629213483146068, ""mom20"": 0.1629213483146068, ""mom60"": 0.12960436562073663, ""mom120"": 0.11891891891891881, ""vol20"": 0.41934014561954136, ""amount20"": 270586597.85, ""history_days"": 1036, ""accel"": 1.0}",rolling_gate,past_2y,C+S+D
S,159851,金融科技ETF,2025-07-14,2025-07-15,2025-07-29,0.0378250591016549,9423.207477945036,9779.640857725462,0.8852941176470588,"{""score"": 0.8852941176470588, ""momentum"": 0.11741424802110823, ""mom20"": 0.11741424802110823, ""mom60"": 0.26229508196721296, ""mom120"": 0.3380726698262242, ""vol20"": 0.4196768402258181, ""amount20"": 429448995.82500005, ""history_days"": 1047, ""accel"": 1.0}",rolling_gate,past_2y,C+S+D
S,159992,创新药ETF,2025-07-29,2025-07-30,2025-08-13,0.0010718113612004,9779.640857725462,9790.122787905233,0.8891891891891892,"{""score"": 0.8891891891891892, ""momentum"": 0.16069221260815802, ""mom20"": 0.16069221260815802, ""mom60"": 0.2810368349249659, ""mom120"": 0.3849557522123892, ""vol20"": 0.22324746598720968, ""amount20"": 451567277.5, ""history_days"": 1286, ""accel"": 1.0}",rolling_gate,past_2y,C+S+D
S,159811,5G50ETF,2025-08-13,2025-08-14,2025-08-28,0.2351116625310174,9790.122787905233,12091.894832952432,0.8959999999999999,"{""score"": 0.8959999999999999, ""momentum"": 0.18090452261306522, ""mom20"": 0.18090452261306522, ""mom60"": 0.38235294117647056, ""mom120"": 0.20072992700729908, ""vol20"": 0.26584614308280624, ""amount20"": 2899503.0, ""history_days"": 1289, ""accel"": 1.0}",rolling_gate,past_2y,C+S+D
S,159811,5G50ETF,2025-08-28,2025-08-29,2025-09-12,0.0377545951316442,12091.894832952432,12548.419426744973,0.8894444444444444,"{""score"": 0.8894444444444444, ""momentum"": 0.32380319148936176, ""mom20"": 0.32380319148936176, ""mom60"": 0.6306306306306306, ""mom120"": 0.47809948032665184, ""vol20"": 0.3824544757476641, ""amount20"": 7289055.0, ""history_days"": 1300, ""accel"": 1.0}",rolling_gate,past_2y,C+S+D
S,159755,电池ETF,2025-09-12,2025-09-15,2025-09-29,0.1127197518097209,12548.419426744973,13962.874150131947,0.8853333333333333,"{""score"": 0.8853333333333333, ""momentum"": 0.24374176548089577, ""mom20"": 0.24374176548089577, ""mom60"": 0.42813918305597576, ""mom120"": 0.3184357541899441, ""vol20"": 0.42148170002607377, ""amount20"": 1068429977.0, ""history_days"": 1027, ""accel"": 1.0}",rolling_gate,past_2y,C+S+D
S,159755,电池ETF,2025-09-29,2025-09-30,2025-10-22,-0.0854316546762591,13962.874150131947,12770.00270744981,0.8936363636363636,"{""score"": 0.8936363636363636, ""momentum"": 0.26143024618991806, ""mom20"": 0.26143024618991806, ""mom60"": 0.545977011494253, ""mom120"": 0.7873754152823922, ""vol20"": 0.42109983256157896, ""amount20"": 1436259976.5, ""history_days"": 1038, ""accel"": 1.0}",rolling_gate,past_2y,C+S+D
C,512660,军工ETF,2025-10-23,2025-10-24,2025-12-19,0.0389072847682119,12770.00270744981,13266.848839279397,0.8,hit=4/5;selected_score=0.6773704614667067,rolling_gate,past_2y,C+S+D
S,161226,白银LOF,2025-12-19,2025-12-22,2026-01-07,-0.0038834951456311,13266.848839279397,13215.327096214234,0.9076923076923076,"{""score"": 0.9076923076923077, ""momentum"": 0.7100073046018993, ""mom20"": 0.7100073046018993, ""mom60"": 1.0753546099290783, ""mom120"": 1.2996070726915523, ""vol20"": 0.4545504527383194, ""amount20"": 478905116.9375, ""history_days"": 2514, ""accel"": 1.0}",rolling_gate,past_2y,C+S+D
S,512400,有色金属ETF,2026-01-26,2026-01-27,2026-02-10,-0.081974069427018,13215.327096214234,12132.012955328417,0.913939393939394,"{""score"": 0.9139393939393939, ""momentum"": 0.30698429886302114, ""mom20"": 0.30698429886302114, ""mom60"": 0.3531390134529149, ""mom120"": 0.8992918961447682, ""vol20"": 0.3252292167408854, ""amount20"": 2109170756.5, ""history_days"": 2039, ""accel"": 1.0}",rolling_gate,past_2y,C+S+D
D,512400,有色金属ETF,2026-02-13,2026-02-24,2026-07-07,-0.2022123893805308,12132.012955328417,9678.769627635904,70.81065759637188,fear_weighted=55.7748;symbol_fear=85.8466,rolling_gate,past_2y,C+S+D
S,588000,科创50ETF,2026-07-08,2026-07-09,2026-07-23,-0.1890034364261168,9678.769627635904,7849.4489076359905,0.92,"{""score"": 0.92, ""momentum"": 0.22222222222222232, ""mom20"": 0.22222222222222232, ""mom60"": 0.5159010600706713, ""mom120"": 0.42524916943521607, ""vol20"": 0.5021327287689767, ""amount20"": 7471957269.2625, ""history_days"": 1368, ""accel"": 1.0}",rolling_gate,past_2y,C+S+D
S,162411,华宝油气LOF,2026-07-23,2026-07-24,2026-08-07,-0.0632368703108253,7849.4489076359905,7353.074325052365,0.9133333333333332,"{""score"": 0.9133333333333333, ""momentum"": 0.1914357682619645, ""mom20"": 0.1914357682619645, ""mom60"": 0.05462653288740227, ""mom120"": 0.3138888888888889, ""vol20"": 0.32529126369974765, ""amount20"": 104242641.45, ""history_days"": 3281, ""accel"": 1.0}",rolling_gate,past_2y,C+S+D
C,512660,军工ETF,2025-10-23,2025-10-24,2025-12-19,0.0389072847682119,10000.0,10389.072847682119,0.8,hit=4/5;selected_score=0.6773704614667067,rolling_gate,past_1y,C
C,512720,计算机ETF,2025-12-19,2025-12-22,2026-02-26,0.1351118760757315,10389.072847682119,11792.759970819892,0.8,hit=4/5;selected_score=0.6577780442521962,rolling_gate,past_1y,C
C,512660,军工ETF,2026-03-13,2026-03-16,2026-05-15,-0.0212014134275618,11792.759970819892,11542.736791226538,1.0,hit=5/5;selected_score=0.6686964927681998,rolling_gate,past_1y,C
C,516970,基建ETF,2026-05-27,2026-05-28,2026-07-24,-0.0743944636678199,11542.736791226538,10684.021078384427,0.8,hit=4/5;selected_score=0.6686964927681998,rolling_gate,past_1y,C
S,159811,5G50ETF,2025-08-11,2025-08-12,2025-08-26,0.1870595771941063,10000.0,11870.595771941064,0.881875,"{""score"": 0.881875, ""momentum"": 0.13422818791946312, ""mom20"": 0.13422818791946312, ""mom60"": 0.28246205733558183, ""mom120"": 0.11102994886778661, ""vol20"": 0.24541407224890127, ""amount20"": 2899503.0, ""history_days"": 1287, ""accel"": 1.0}",rolling_gate,past_1y,S
S,159811,5G50ETF,2025-08-26,2025-08-27,2025-09-10,0.0413311862587224,11870.595771941064,12361.221576793163,0.9073684210526316,"{""score"": 0.9073684210526316, ""momentum"": 0.23122923588039868, ""mom20"": 0.23122923588039868, ""mom60"": 0.5960378983634798, ""mom120"": 0.422102839600921, ""vol20"": 0.3291702792051111, ""amount20"": 6050041.5, ""history_days"": 1298, ""accel"": 1.0}",rolling_gate,past_1y,S
S,159811,5G50ETF,2025-09-10,2025-09-11,2025-09-25,0.0424929178470256,12361.221576793163,12886.485949744716,0.8821428571428571,"{""score"": 0.8821428571428571, ""momentum"": 0.1793313069908815, ""mom20"": 0.1793313069908815, ""mom60"": 0.5482841181165203, ""mom120"": 0.47528517110266155, ""vol20"": 0.5839267088093788, ""amount20"": 10867728.0, ""history_days"": 1309, ""accel"": 1.0}",rolling_gate,past_1y,S
S,159755,电池ETF,2025-09-25,2025-09-26,2025-10-20,-0.0126705653021443,12886.485949744716,12723.206888003311,0.8725,"{""score"": 0.8725, ""momentum"": 0.3012499999999998, ""mom20"": 0.3012499999999998, ""mom60"": 0.4641350210970463, ""mom120"": 0.5241581259150803, ""vol20"": 0.4190229054825889, ""amount20"": 1353744028.5, ""history_days"": 1036, ""accel"": 1.0}",rolling_gate,past_1y,S
S,161226,白银LOF,2025-10-20,2025-10-21,2025-11-04,-0.0449852507374632,12723.206888003311,12150.850235961863,0.8730434782608696,"{""score"": 0.8730434782608696, ""momentum"": 0.18354978354978346, ""mom20"": 0.18354978354978346, ""mom60"": 0.27996254681647925, ""mom120"": 0.43291404612159345, ""vol20"": 0.45779607839047154, ""amount20"": 216543661.9875, ""history_days"": 2470, ""accel"": 1.0}",rolling_gate,past_1y,S
S,159930,能源ETF,2025-11-04,2025-11-05,2025-11-19,0.0188806473364799,12150.850235961863,12380.266154105444,0.8442105263157895,"{""score"": 0.8442105263157895, ""momentum"": 0.11027756939234812, ""mom20"": 0.11027756939234812, ""mom60"": 0.11951588502269272, ""mom120"": 0.20227457351746536, ""vol20"": 0.2278422966753018, ""amount20"": 52240513.0, ""history_days"": 2944, ""accel"": 1.0}",rolling_gate,past_1y,S
S,159870,化工ETF,2025-11-19,2025-11-20,2025-12-04,-0.0223390275952694,12380.266154105444,12103.703046852102,0.8557894736842104,"{""score"": 0.8557894736842104, ""momentum"": 0.1284671532846715, ""mom20"": 0.1284671532846715, ""mom60"": 0.21540880503144666, ""mom120"": 0.3902877697841727, ""vol20"": 0.3048782497358723, ""amount20"": 794485310.0, ""history_days"": 1145, ""accel"": 1.0}",rolling_gate,past_1y,S
S,161226,白银LOF,2025-12-04,2025-12-05,2025-12-19,0.3578886310904874,12103.703046852102,16435.48076141576,0.9142857142857144,"{""score"": 0.9142857142857143, ""momentum"": 0.28636709824828643, ""mom20"": 0.28636709824828643, ""mom60"": 0.49601417183348095, ""mom120"": 0.617816091954023, ""vol20"": 0.4065128656827174, ""amount20"": 245485470.6625, ""history_days"": 2503, ""accel"": 1.0}",rolling_gate,past_1y,S
S,161226,白银LOF,2025-12-19,2025-12-22,2026-01-07,-0.0038834951456311,16435.48076141576,16371.65365166269,0.9076923076923076,"{""score"": 0.9076923076923077, ""momentum"": 0.7100073046018993, ""mom20"": 0.7100073046018993, ""mom60"": 1.0753546099290783, ""mom120"": 1.2996070726915523, ""vol20"": 0.4545504527383194, ""amount20"": 478905116.9375, ""history_days"": 2514, ""accel"": 1.0}",rolling_gate,past_1y,S
S,512400,有色金属ETF,2026-01-26,2026-01-27,2026-02-10,-0.081974069427018,16371.65365166269,15029.602578586198,0.913939393939394,"{""score"": 0.9139393939393939, ""momentum"": 0.30698429886302114, ""mom20"": 0.30698429886302114, ""mom60"": 0.3531390134529149, ""mom120"": 0.8992918961447682, ""vol20"": 0.3252292167408854, ""amount20"": 2109170756.5, ""history_days"": 2039, ""accel"": 1.0}",rolling_gate,past_1y,S
S,159663,机床ETF,2026-03-06,2026-03-09,2026-03-23,-0.1431492842535787,15029.602578586198,12878.125726845845,0.9188235294117648,"{""score"": 0.9188235294117647, ""momentum"": 0.14750290360046447, ""mom20"": 0.14750290360046447, ""mom60"": 0.40740740740740744, ""mom120"": 0.3779637377963738, ""vol20"": 0.3169609379077569, ""amount20"": 14631785.100000001, ""history_days"": 814, ""accel"": 1.0}",rolling_gate,past_1y,S
S,159930,能源ETF,2026-03-23,2026-03-24,2026-04-08,-0.0294284097340123,12878.125726845845,12499.1429663501,0.925,"{""score"": 0.925, ""momentum"": 0.10794044665012392, ""mom20"": 0.10794044665012392, ""mom60"": 0.25597749648382573, ""mom120"": 0.33782771535580536, ""vol20"": 0.4909685834347277, ""amount20"": 209372516.5, ""history_days"": 3035, ""accel"": 1.0}",rolling_gate,past_1y,S
S,159811,5G50ETF,2026-04-08,2026-04-09,2026-04-23,0.162008910490077,12499.1429663501,14524.11550038819,0.9166666666666669,"{""score"": 0.9166666666666667, ""momentum"": 0.020703933747411973, ""mom20"": 0.020703933747411973, ""mom60"": 0.05793991416309008, ""mom120"": 0.12300683371298415, ""vol20"": 0.4369181645139069, ""amount20"": 7737921.5, ""history_days"": 1444, ""accel"": 1.0}",rolling_gate,past_1y,S
S,159811,5G50ETF,2026-06-01,2026-06-02,2026-06-16,0.0477972934062769,14524.11550038819,15218.328910426899,0.9177777777777778,"{""score"": 0.9177777777777778, ""momentum"": 0.17922170653338076, ""mom20"": 0.17922170653338076, ""mom60"": 0.394259181089067, ""mom120"": 0.6018428709990302, ""vol20"": 0.43781588786359615, ""amount20"": 20799999.5, ""history_days"": 1479, ""accel"": 1.0}",rolling_gate,past_1y,S
S,159663,机床ETF,2026-06-24,2026-06-25,2026-07-09,-0.1085043988269796,15218.328910426899,13567.073280849785,0.9125,"{""score"": 0.9125, ""momentum"": 0.11359867330016593, ""mom20"": 0.11359867330016593, ""mom60"": 0.5296127562642368, ""mom120"": 0.8498622589531681, ""vol20"": 0.48974647911166497, ""amount20"": 57019252.7875, ""history_days"": 887, ""accel"": 1.0}",rolling_gate,past_1y,S
S,588000,科创50ETF,2026-07-09,2026-07-10,2026-07-24,-0.1466727025803531,13567.073280849785,11577.153976641848,0.9090909090909092,"{""score"": 0.9090909090909091, ""momentum"": 0.3348623853211008, ""mom20"": 0.3348623853211008, ""mom60"": 0.6200417536534446, ""mom120"": 0.5315789473684209, ""vol20"": 0.5629672655498468, ""amount20"": 7559156157.5, ""history_days"": 1369, ""accel"": 1.0}",rolling_gate,past_1y,S
D,159887,银行ETF,2025-09-18,2025-09-19,2025-11-11,0.0627906976744185,10000.0,10627.906976744185,74.65088813303099,fear_weighted=58.1973;symbol_fear=91.1045,rolling_gate,past_1y,D
D,159811,5G50ETF,2025-11-21,2025-11-24,2025-12-23,0.1777893639207508,10627.906976744185,12517.435797948445,80.72704081632654,fear_weighted=72.003;symbol_fear=89.4511,rolling_gate,past_1y,D
D,510880,红利ETF,2026-01-27,2026-01-28,2026-06-17,0.0089399744572158,12517.435797948445,12629.341354251943,74.20398715041571,fear_weighted=59.0892;symbol_fear=89.3188,rolling_gate,past_1y,D
S,159811,5G50ETF,2025-08-11,2025-08-12,2025-08-26,0.1870595771941063,10000.0,11870.595771941064,0.881875,"{""score"": 0.881875, ""momentum"": 0.13422818791946312, ""mom20"": 0.13422818791946312, ""mom60"": 0.28246205733558183, ""mom120"": 0.11102994886778661, ""vol20"": 0.24541407224890127, ""amount20"": 2899503.0, ""history_days"": 1287, ""accel"": 1.0}",rolling_gate,past_1y,C+S
S,159811,5G50ETF,2025-08-26,2025-08-27,2025-09-10,0.0413311862587224,11870.595771941064,12361.221576793163,0.9073684210526316,"{""score"": 0.9073684210526316, ""momentum"": 0.23122923588039868, ""mom20"": 0.23122923588039868, ""mom60"": 0.5960378983634798, ""mom120"": 0.422102839600921, ""vol20"": 0.3291702792051111, ""amount20"": 6050041.5, ""history_days"": 1298, ""accel"": 1.0}",rolling_gate,past_1y,C+S
S,159811,5G50ETF,2025-09-10,2025-09-11,2025-09-25,0.0424929178470256,12361.221576793163,12886.485949744716,0.8821428571428571,"{""score"": 0.8821428571428571, ""momentum"": 0.1793313069908815, ""mom20"": 0.1793313069908815, ""mom60"": 0.5482841181165203, ""mom120"": 0.47528517110266155, ""vol20"": 0.5839267088093788, ""amount20"": 10867728.0, ""history_days"": 1309, ""accel"": 1.0}",rolling_gate,past_1y,C+S
S,159755,电池ETF,2025-09-25,2025-09-26,2025-10-20,-0.0126705653021443,12886.485949744716,12723.206888003311,0.8725,"{""score"": 0.8725, ""momentum"": 0.3012499999999998, ""mom20"": 0.3012499999999998, ""mom60"": 0.4641350210970463, ""mom120"": 0.5241581259150803, ""vol20"": 0.4190229054825889, ""amount20"": 1353744028.5, ""history_days"": 1036, ""accel"": 1.0}",rolling_gate,past_1y,C+S
S,161226,白银LOF,2025-10-20,2025-10-21,2025-11-04,-0.0449852507374632,12723.206888003311,12150.850235961863,0.8730434782608696,"{""score"": 0.8730434782608696, ""momentum"": 0.18354978354978346, ""mom20"": 0.18354978354978346, ""mom60"": 0.27996254681647925, ""mom120"": 0.43291404612159345, ""vol20"": 0.45779607839047154, ""amount20"": 216543661.9875, ""history_days"": 2470, ""accel"": 1.0}",rolling_gate,past_1y,C+S
S,159930,能源ETF,2025-11-04,2025-11-05,2025-11-19,0.0188806473364799,12150.850235961863,12380.266154105444,0.8442105263157895,"{""score"": 0.8442105263157895, ""momentum"": 0.11027756939234812, ""mom20"": 0.11027756939234812, ""mom60"": 0.11951588502269272, ""mom120"": 0.20227457351746536, ""vol20"": 0.2278422966753018, ""amount20"": 52240513.0, ""history_days"": 2944, ""accel"": 1.0}",rolling_gate,past_1y,C+S
S,159870,化工ETF,2025-11-19,2025-11-20,2025-12-04,-0.0223390275952694,12380.266154105444,12103.703046852102,0.8557894736842104,"{""score"": 0.8557894736842104, ""momentum"": 0.1284671532846715, ""mom20"": 0.1284671532846715, ""mom60"": 0.21540880503144666, ""mom120"": 0.3902877697841727, ""vol20"": 0.3048782497358723, ""amount20"": 794485310.0, ""history_days"": 1145, ""accel"": 1.0}",rolling_gate,past_1y,C+S
S,161226,白银LOF,2025-12-04,2025-12-05,2025-12-19,0.3578886310904874,12103.703046852102,16435.48076141576,0.9142857142857144,"{""score"": 0.9142857142857143, ""momentum"": 0.28636709824828643, ""mom20"": 0.28636709824828643, ""mom60"": 0.49601417183348095, ""mom120"": 0.617816091954023, ""vol20"": 0.4065128656827174, ""amount20"": 245485470.6625, ""history_days"": 2503, ""accel"": 1.0}",rolling_gate,past_1y,C+S
S,161226,白银LOF,2025-12-19,2025-12-22,2026-01-07,-0.0038834951456311,16435.48076141576,16371.65365166269,0.9076923076923076,"{""score"": 0.9076923076923077, ""momentum"": 0.7100073046018993, ""mom20"": 0.7100073046018993, ""mom60"": 1.0753546099290783, ""mom120"": 1.2996070726915523, ""vol20"": 0.4545504527383194, ""amount20"": 478905116.9375, ""history_days"": 2514, ""accel"": 1.0}",rolling_gate,past_1y,C+S
S,512400,有色金属ETF,2026-01-26,2026-01-27,2026-02-10,-0.081974069427018,16371.65365166269,15029.602578586198,0.913939393939394,"{""score"": 0.9139393939393939, ""momentum"": 0.30698429886302114, ""mom20"": 0.30698429886302114, ""mom60"": 0.3531390134529149, ""mom120"": 0.8992918961447682, ""vol20"": 0.3252292167408854, ""amount20"": 2109170756.5, ""history_days"": 2039, ""accel"": 1.0}",rolling_gate,past_1y,C+S
S,159663,机床ETF,2026-03-06,2026-03-09,2026-03-23,-0.1431492842535787,15029.602578586198,12878.125726845845,0.9188235294117648,"{""score"": 0.9188235294117647, ""momentum"": 0.14750290360046447, ""mom20"": 0.14750290360046447, ""mom60"": 0.40740740740740744, ""mom120"": 0.3779637377963738, ""vol20"": 0.3169609379077569, ""amount20"": 14631785.100000001, ""history_days"": 814, ""accel"": 1.0}",rolling_gate,past_1y,C+S
C,512950,央企改革ETF,2026-03-23,2026-03-24,2026-05-25,0.0854068594485542,12878.125726845845,13978.006000759378,1.0,hit=5/5;selected_score=0.6686964927681998,rolling_gate,past_1y,C+S
C,516970,基建ETF,2026-05-27,2026-05-28,2026-07-24,-0.0743944636678199,13978.006000759378,12938.119741187316,0.8,hit=4/5;selected_score=0.6686964927681998,rolling_gate,past_1y,C+S
D,159887,银行ETF,2025-09-18,2025-09-19,2025-11-11,0.0627906976744185,10000.0,10627.906976744185,74.65088813303099,fear_weighted=58.1973;symbol_fear=91.1045,rolling_gate,past_1y,C+D
C,516970,基建ETF,2025-11-14,2025-11-17,2026-01-14,0.0317725752508362,10627.906976744185,10965.582950921676,0.8,hit=4/5;selected_score=0.6773704614667067,rolling_gate,past_1y,C+D
D,510880,红利ETF,2026-01-27,2026-01-28,2026-06-17,0.0089399744572158,10965.582950921676,11063.614982411398,74.20398715041571,fear_weighted=59.0892;symbol_fear=89.3188,rolling_gate,past_1y,C+D
S,159811,5G50ETF,2025-08-11,2025-08-12,2025-08-26,0.1870595771941063,10000.0,11870.595771941064,0.881875,"{""score"": 0.881875, ""momentum"": 0.13422818791946312, ""mom20"": 0.13422818791946312, ""mom60"": 0.28246205733558183, ""mom120"": 0.11102994886778661, ""vol20"": 0.24541407224890127, ""amount20"": 2899503.0, ""history_days"": 1287, ""accel"": 1.0}",rolling_gate,past_1y,S+D
S,159811,5G50ETF,2025-08-26,2025-08-27,2025-09-10,0.0413311862587224,11870.595771941064,12361.221576793163,0.9073684210526316,"{""score"": 0.9073684210526316, ""momentum"": 0.23122923588039868, ""mom20"": 0.23122923588039868, ""mom60"": 0.5960378983634798, ""mom120"": 0.422102839600921, ""vol20"": 0.3291702792051111, ""amount20"": 6050041.5, ""history_days"": 1298, ""accel"": 1.0}",rolling_gate,past_1y,S+D
S,159811,5G50ETF,2025-09-10,2025-09-11,2025-09-25,0.0424929178470256,12361.221576793163,12886.485949744716,0.8821428571428571,"{""score"": 0.8821428571428571, ""momentum"": 0.1793313069908815, ""mom20"": 0.1793313069908815, ""mom60"": 0.5482841181165203, ""mom120"": 0.47528517110266155, ""vol20"": 0.5839267088093788, ""amount20"": 10867728.0, ""history_days"": 1309, ""accel"": 1.0}",rolling_gate,past_1y,S+D
S,159755,电池ETF,2025-09-25,2025-09-26,2025-10-20,-0.0126705653021443,12886.485949744716,12723.206888003311,0.8725,"{""score"": 0.8725, ""momentum"": 0.3012499999999998, ""mom20"": 0.3012499999999998, ""mom60"": 0.4641350210970463, ""mom120"": 0.5241581259150803, ""vol20"": 0.4190229054825889, ""amount20"": 1353744028.5, ""history_days"": 1036, ""accel"": 1.0}",rolling_gate,past_1y,S+D
S,161226,白银LOF,2025-10-20,2025-10-21,2025-11-04,-0.0449852507374632,12723.206888003311,12150.850235961863,0.8730434782608696,"{""score"": 0.8730434782608696, ""momentum"": 0.18354978354978346, ""mom20"": 0.18354978354978346, ""mom60"": 0.27996254681647925, ""mom120"": 0.43291404612159345, ""vol20"": 0.45779607839047154, ""amount20"": 216543661.9875, ""history_days"": 2470, ""accel"": 1.0}",rolling_gate,past_1y,S+D
S,159930,能源ETF,2025-11-04,2025-11-05,2025-11-19,0.0188806473364799,12150.850235961863,12380.266154105444,0.8442105263157895,"{""score"": 0.8442105263157895, ""momentum"": 0.11027756939234812, ""mom20"": 0.11027756939234812, ""mom60"": 0.11951588502269272, ""mom120"": 0.20227457351746536, ""vol20"": 0.2278422966753018, ""amount20"": 52240513.0, ""history_days"": 2944, ""accel"": 1.0}",rolling_gate,past_1y,S+D
S,159870,化工ETF,2025-11-19,2025-11-20,2025-12-04,-0.0223390275952694,12380.266154105444,12103.703046852102,0.8557894736842104,"{""score"": 0.8557894736842104, ""momentum"": 0.1284671532846715, ""mom20"": 0.1284671532846715, ""mom60"": 0.21540880503144666, ""mom120"": 0.3902877697841727, ""vol20"": 0.3048782497358723, ""amount20"": 794485310.0, ""history_days"": 1145, ""accel"": 1.0}",rolling_gate,past_1y,S+D
S,161226,白银LOF,2025-12-04,2025-12-05,2025-12-19,0.3578886310904874,12103.703046852102,16435.48076141576,0.9142857142857144,"{""score"": 0.9142857142857143, ""momentum"": 0.28636709824828643, ""mom20"": 0.28636709824828643, ""mom60"": 0.49601417183348095, ""mom120"": 0.617816091954023, ""vol20"": 0.4065128656827174, ""amount20"": 245485470.6625, ""history_days"": 2503, ""accel"": 1.0}",rolling_gate,past_1y,S+D
S,161226,白银LOF,2025-12-19,2025-12-22,2026-01-07,-0.0038834951456311,16435.48076141576,16371.65365166269,0.9076923076923076,"{""score"": 0.9076923076923077, ""momentum"": 0.7100073046018993, ""mom20"": 0.7100073046018993, ""mom60"": 1.0753546099290783, ""mom120"": 1.2996070726915523, ""vol20"": 0.4545504527383194, ""amount20"": 478905116.9375, ""history_days"": 2514, ""accel"": 1.0}",rolling_gate,past_1y,S+D
S,512400,有色金属ETF,2026-01-26,2026-01-27,2026-02-10,-0.081974069427018,16371.65365166269,15029.602578586198,0.913939393939394,"{""score"": 0.9139393939393939, ""momentum"": 0.30698429886302114, ""mom20"": 0.30698429886302114, ""mom60"": 0.3531390134529149, ""mom120"": 0.8992918961447682, ""vol20"": 0.3252292167408854, ""amount20"": 2109170756.5, ""history_days"": 2039, ""accel"": 1.0}",rolling_gate,past_1y,S+D
D,512400,有色金属ETF,2026-02-13,2026-02-24,2026-07-07,-0.2022123893805308,15029.602578586198,11990.430729730497,70.81065759637188,fear_weighted=55.7748;symbol_fear=85.8466,rolling_gate,past_1y,S+D
S,588000,科创50ETF,2026-07-08,2026-07-09,2026-07-23,-0.1890034364261168,11990.430729730497,9724.198117582122,0.92,"{""score"": 0.92, ""momentum"": 0.22222222222222232, ""mom20"": 0.22222222222222232, ""mom60"": 0.5159010600706713, ""mom120"": 0.42524916943521607, ""vol20"": 0.5021327287689767, ""amount20"": 7471957269.2625, ""history_days"": 1368, ""accel"": 1.0}",rolling_gate,past_1y,S+D
S,162411,华宝油气LOF,2026-07-23,2026-07-24,2026-08-07,-0.0632368703108253,9724.198117582122,9109.27026234381,0.9133333333333332,"{""score"": 0.9133333333333333, ""momentum"": 0.1914357682619645, ""mom20"": 0.1914357682619645, ""mom60"": 0.05462653288740227, ""mom120"": 0.3138888888888889, ""vol20"": 0.32529126369974765, ""amount20"": 104242641.45, ""history_days"": 3281, ""accel"": 1.0}",rolling_gate,past_1y,S+D
S,159811,5G50ETF,2025-08-11,2025-08-12,2025-08-26,0.1870595771941063,10000.0,11870.595771941064,0.881875,"{""score"": 0.881875, ""momentum"": 0.13422818791946312, ""mom20"": 0.13422818791946312, ""mom60"": 0.28246205733558183, ""mom120"": 0.11102994886778661, ""vol20"": 0.24541407224890127, ""amount20"": 2899503.0, ""history_days"": 1287, ""accel"": 1.0}",rolling_gate,past_1y,C+S+D
S,159811,5G50ETF,2025-08-26,2025-08-27,2025-09-10,0.0413311862587224,11870.595771941064,12361.221576793163,0.9073684210526316,"{""score"": 0.9073684210526316, ""momentum"": 0.23122923588039868, ""mom20"": 0.23122923588039868, ""mom60"": 0.5960378983634798, ""mom120"": 0.422102839600921, ""vol20"": 0.3291702792051111, ""amount20"": 6050041.5, ""history_days"": 1298, ""accel"": 1.0}",rolling_gate,past_1y,C+S+D
S,159811,5G50ETF,2025-09-10,2025-09-11,2025-09-25,0.0424929178470256,12361.221576793163,12886.485949744716,0.8821428571428571,"{""score"": 0.8821428571428571, ""momentum"": 0.1793313069908815, ""mom20"": 0.1793313069908815, ""mom60"": 0.5482841181165203, ""mom120"": 0.47528517110266155, ""vol20"": 0.5839267088093788, ""amount20"": 10867728.0, ""history_days"": 1309, ""accel"": 1.0}",rolling_gate,past_1y,C+S+D
S,159755,电池ETF,2025-09-25,2025-09-26,2025-10-20,-0.0126705653021443,12886.485949744716,12723.206888003311,0.8725,"{""score"": 0.8725, ""momentum"": 0.3012499999999998, ""mom20"": 0.3012499999999998, ""mom60"": 0.4641350210970463, ""mom120"": 0.5241581259150803, ""vol20"": 0.4190229054825889, ""amount20"": 1353744028.5, ""history_days"": 1036, ""accel"": 1.0}",rolling_gate,past_1y,C+S+D
S,161226,白银LOF,2025-10-20,2025-10-21,2025-11-04,-0.0449852507374632,12723.206888003311,12150.850235961863,0.8730434782608696,"{""score"": 0.8730434782608696, ""momentum"": 0.18354978354978346, ""mom20"": 0.18354978354978346, ""mom60"": 0.27996254681647925, ""mom120"": 0.43291404612159345, ""vol20"": 0.45779607839047154, ""amount20"": 216543661.9875, ""history_days"": 2470, ""accel"": 1.0}",rolling_gate,past_1y,C+S+D
S,159930,能源ETF,2025-11-04,2025-11-05,2025-11-19,0.0188806473364799,12150.850235961863,12380.266154105444,0.8442105263157895,"{""score"": 0.8442105263157895, ""momentum"": 0.11027756939234812, ""mom20"": 0.11027756939234812, ""mom60"": 0.11951588502269272, ""mom120"": 0.20227457351746536, ""vol20"": 0.2278422966753018, ""amount20"": 52240513.0, ""history_days"": 2944, ""accel"": 1.0}",rolling_gate,past_1y,C+S+D
S,159870,化工ETF,2025-11-19,2025-11-20,2025-12-04,-0.0223390275952694,12380.266154105444,12103.703046852102,0.8557894736842104,"{""score"": 0.8557894736842104, ""momentum"": 0.1284671532846715, ""mom20"": 0.1284671532846715, ""mom60"": 0.21540880503144666, ""mom120"": 0.3902877697841727, ""vol20"": 0.3048782497358723, ""amount20"": 794485310.0, ""history_days"": 1145, ""accel"": 1.0}",rolling_gate,past_1y,C+S+D
S,161226,白银LOF,2025-12-04,2025-12-05,2025-12-19,0.3578886310904874,12103.703046852102,16435.48076141576,0.9142857142857144,"{""score"": 0.9142857142857143, ""momentum"": 0.28636709824828643, ""mom20"": 0.28636709824828643, ""mom60"": 0.49601417183348095, ""mom120"": 0.617816091954023, ""vol20"": 0.4065128656827174, ""amount20"": 245485470.6625, ""history_days"": 2503, ""accel"": 1.0}",rolling_gate,past_1y,C+S+D
S,161226,白银LOF,2025-12-19,2025-12-22,2026-01-07,-0.0038834951456311,16435.48076141576,16371.65365166269,0.9076923076923076,"{""score"": 0.9076923076923077, ""momentum"": 0.7100073046018993, ""mom20"": 0.7100073046018993, ""mom60"": 1.0753546099290783, ""mom120"": 1.2996070726915523, ""vol20"": 0.4545504527383194, ""amount20"": 478905116.9375, ""history_days"": 2514, ""accel"": 1.0}",rolling_gate,past_1y,C+S+D
S,512400,有色金属ETF,2026-01-26,2026-01-27,2026-02-10,-0.081974069427018,16371.65365166269,15029.602578586198,0.913939393939394,"{""score"": 0.9139393939393939, ""momentum"": 0.30698429886302114, ""mom20"": 0.30698429886302114, ""mom60"": 0.3531390134529149, ""mom120"": 0.8992918961447682, ""vol20"": 0.3252292167408854, ""amount20"": 2109170756.5, ""history_days"": 2039, ""accel"": 1.0}",rolling_gate,past_1y,C+S+D
D,512400,有色金属ETF,2026-02-13,2026-02-24,2026-07-07,-0.2022123893805308,15029.602578586198,11990.430729730497,70.81065759637188,fear_weighted=55.7748;symbol_fear=85.8466,rolling_gate,past_1y,C+S+D
S,588000,科创50ETF,2026-07-08,2026-07-09,2026-07-23,-0.1890034364261168,11990.430729730497,9724.198117582122,0.92,"{""score"": 0.92, ""momentum"": 0.22222222222222232, ""mom20"": 0.22222222222222232, ""mom60"": 0.5159010600706713, ""mom120"": 0.42524916943521607, ""vol20"": 0.5021327287689767, ""amount20"": 7471957269.2625, ""history_days"": 1368, ""accel"": 1.0}",rolling_gate,past_1y,C+S+D
S,162411,华宝油气LOF,2026-07-23,2026-07-24,2026-08-07,-0.0632368703108253,9724.198117582122,9109.27026234381,0.9133333333333332,"{""score"": 0.9133333333333333, ""momentum"": 0.1914357682619645, ""mom20"": 0.1914357682619645, ""mom60"": 0.05462653288740227, ""mom120"": 0.3138888888888889, ""vol20"": 0.32529126369974765, ""amount20"": 104242641.45, ""history_days"": 3281, ""accel"": 1.0}",rolling_gate,past_1y,C+S+D
