date,symbol,name,open,high,low,close,volume,amount,pct_change,turnover_rate,source_file
2007-01-18,510880,,2.019,2.023,1.926,1.997,236005974.0,466070565.0,,,sina:510880
2007-01-19,510880,,1.996,2.042,1.993,2.04,98642834.0,199196018.0,,,sina:510880
2007-01-22,510880,,2.051,2.128,2.051,2.128,56172127.0,117685923.0,,,sina:510880
2007-01-23,510880,,2.15,2.175,2.081,2.168,71730955.0,152652902.0,,,sina:510880
2007-01-24,510880,,2.17,2.255,2.162,2.239,53902834.0,119818958.0,,,sina:510880
2007-01-25,510880,,2.237,2.237,2.14,2.145,79236362.0,173112426.0,,,sina:510880
2007-01-26,510880,,2.1,2.195,2.041,2.192,77492472.0,163586554.0,,,sina:510880
2007-01-29,510880,,2.204,2.258,2.2,2.258,72045243.0,161225930.0,,,sina:510880
2007-01-30,510880,,2.261,2.306,2.247,2.272,68898143.0,156778200.0,,,sina:510880
2007-01-31,510880,,2.269,2.269,2.108,2.116,63762455.0,139513671.0,,,sina:510880
2007-02-01,510880,,2.1,2.123,2.02,2.094,94433091.0,196206858.0,,,sina:510880
2007-02-02,510880,,2.088,2.11,2.001,2.007,103061581.0,210178463.0,,,sina:510880
2007-02-05,510880,,1.98,2.0,1.95,1.963,56031617.0,110566528.0,,,sina:510880
2007-02-06,510880,,1.966,1.999,1.895,1.998,108148552.0,209717648.0,,,sina:510880
2007-02-07,510880,,2.009,2.063,1.997,2.044,58861299.0,119784338.0,,,sina:510880
2007-02-08,510880,,2.03,2.075,2.012,2.071,38868748.0,79712198.0,,,sina:510880
2007-02-09,510880,,2.071,2.072,2.025,2.04,26079870.0,53283819.0,,,sina:510880
2007-02-12,510880,,2.038,2.12,2.031,2.119,37964055.0,79004591.0,,,sina:510880
2007-02-13,510880,,2.121,2.159,2.119,2.152,28273944.0,60488529.0,,,sina:510880
2007-02-14,510880,,2.152,2.22,2.138,2.208,28426703.0,62348629.0,,,sina:510880
2007-02-15,510880,,2.235,2.3,2.225,2.298,51981005.0,117922321.0,,,sina:510880
2007-02-16,510880,,2.34,2.359,2.298,2.321,63079149.0,146866539.0,,,sina:510880
2007-02-26,510880,,2.314,2.439,2.314,2.435,101395848.0,241804859.0,,,sina:510880
2007-02-27,510880,,2.451,2.458,2.2,2.21,97251862.0,224873343.0,,,sina:510880
2007-02-28,510880,,2.201,2.33,2.159,2.319,104997575.0,234850698.0,,,sina:510880
2007-03-01,510880,,2.319,2.321,2.17,2.259,52368627.0,118633678.0,,,sina:510880
2007-03-02,510880,,2.25,2.297,2.23,2.275,52819419.0,119761224.0,,,sina:510880
2007-03-05,510880,,2.27,2.309,2.17,2.235,55639692.0,124321501.0,,,sina:510880
2007-03-06,510880,,2.211,2.28,2.2,2.255,44739596.0,100517025.0,,,sina:510880
2007-03-07,510880,,2.263,2.32,2.263,2.304,57836160.0,133094897.0,,,sina:510880
2007-03-08,510880,,2.297,2.322,2.29,2.319,63657508.0,147294082.0,,,sina:510880
2007-03-09,510880,,2.322,2.34,2.296,2.318,36039203.0,83670424.0,,,sina:510880
2007-03-12,510880,,2.319,2.338,2.286,2.336,35938100.0,83340364.0,,,sina:510880
2007-03-13,510880,,2.33,2.355,2.321,2.347,26631477.0,62355245.0,,,sina:510880
2007-03-14,510880,,2.308,2.31,2.265,2.288,34105292.0,78012944.0,,,sina:510880
2007-03-15,510880,,2.286,2.336,2.28,2.334,29522435.0,68573314.0,,,sina:510880
2007-03-16,510880,,2.335,2.349,2.266,2.275,34840903.0,80221181.0,,,sina:510880
2007-03-19,510880,,2.23,2.33,2.207,2.318,40631700.0,92961768.0,,,sina:510880
2007-03-20,510880,,2.317,2.342,2.304,2.339,21849554.0,50801233.0,,,sina:510880
2007-03-21,510880,,2.339,2.372,2.331,2.369,26671483.0,62951022.0,,,sina:510880
2007-03-22,510880,,2.371,2.425,2.371,2.388,36653558.0,87980307.0,,,sina:510880
2007-03-23,510880,,2.383,2.403,2.342,2.397,26549499.0,63038637.0,,,sina:510880
2007-03-26,510880,,2.393,2.453,2.393,2.452,40492515.0,98449115.0,,,sina:510880
2007-03-27,510880,,2.451,2.473,2.45,2.469,39120854.0,96358365.0,,,sina:510880
2007-03-28,510880,,2.469,2.498,2.388,2.49,54155145.0,133263633.0,,,sina:510880
2007-03-29,510880,,2.495,2.518,2.45,2.476,50330675.0,125533816.0,,,sina:510880
2007-03-30,510880,,2.467,2.501,2.45,2.477,17344149.0,42960704.0,,,sina:510880
2007-04-02,510880,,2.482,2.574,2.482,2.568,37505814.0,95148913.0,,,sina:510880
2007-04-03,510880,,2.576,2.62,2.575,2.594,27862623.0,72374840.0,,,sina:510880
2007-04-04,510880,,2.599,2.616,2.575,2.595,26550276.0,68826053.0,,,sina:510880
2007-04-05,510880,,2.595,2.63,2.577,2.625,30783993.0,80058391.0,,,sina:510880
2007-04-06,510880,,2.62,2.65,2.6,2.648,32480436.0,85600734.0,,,sina:510880
2007-04-09,510880,,2.651,2.742,2.651,2.728,20960520.0,56947783.0,,,sina:510880
2007-04-10,510880,,2.731,2.781,2.7,2.78,33666868.0,92743749.0,,,sina:510880
2007-04-11,510880,,2.781,2.818,2.763,2.818,41772312.0,117037331.0,,,sina:510880
2007-04-12,510880,,2.819,2.858,2.808,2.857,23838532.0,67455616.0,,,sina:510880
2007-04-13,510880,,2.857,2.878,2.826,2.839,23780710.0,67761180.0,,,sina:510880
2007-04-16,510880,,2.835,2.908,2.833,2.905,21643363.0,62255095.0,,,sina:510880
2007-04-17,510880,,2.908,2.945,2.84,2.945,34264182.0,99364758.0,,,sina:510880
2007-04-18,510880,,2.945,2.971,2.908,2.963,23639439.0,69643856.0,,,sina:510880
2007-04-19,510880,,2.94,2.95,2.75,2.821,51752721.0,148274364.0,,,sina:510880
2007-04-20,510880,,2.829,2.94,2.829,2.931,29545567.0,85404706.0,,,sina:510880
2007-04-23,510880,,2.942,3.106,2.942,3.103,23131439.0,70646762.0,,,sina:510880
2007-04-24,510880,,3.15,3.203,3.108,3.168,54346868.0,172198604.0,,,sina:510880
2007-04-25,510880,,3.162,3.31,3.1,3.16,54467679.0,173065804.0,,,sina:510880
2007-04-26,510880,,3.16,3.235,3.16,3.21,42820672.0,137098903.0,,,sina:510880
2007-04-27,510880,,3.219,3.23,3.152,3.193,50801883.0,162180066.0,,,sina:510880
2007-04-30,510880,,3.19,3.237,3.164,3.235,37822714.0,121115631.0,,,sina:510880
2007-05-08,510880,,3.3,3.389,3.3,3.388,36861443.0,123890865.0,,,sina:510880
2007-05-09,510880,,3.387,3.43,3.3,3.404,47975937.0,161677949.0,,,sina:510880
2007-05-10,510880,,3.403,3.497,3.389,3.467,32139304.0,110816112.0,,,sina:510880
2007-05-11,510880,,3.468,3.468,3.395,3.437,117344073.0,402765084.0,,,sina:510880
2007-05-14,510880,,3.41,3.49,3.3,3.475,181712932.0,625642641.0,,,sina:510880
2007-05-15,510880,,3.479,3.482,3.321,3.329,85962069.0,291174083.0,,,sina:510880
2007-05-16,510880,,3.32,3.396,3.23,3.387,102934610.0,342413272.0,,,sina:510880
2007-05-17,510880,,3.395,3.478,3.392,3.451,67252135.0,232043363.0,,,sina:510880
2007-05-18,510880,,3.441,3.487,3.42,3.461,64575685.0,223781617.0,,,sina:510880
2007-05-21,510880,,3.381,3.51,3.358,3.492,63745136.0,220722454.0,,,sina:510880
2007-05-22,510880,,3.492,3.568,3.492,3.537,30754046.0,108870554.0,,,sina:510880
2007-05-23,510880,,3.54,3.632,3.525,3.628,41608725.0,148696704.0,,,sina:510880
2007-05-24,510880,,3.631,3.65,3.535,3.593,79251965.0,283585862.0,,,sina:510880
2007-05-25,510880,,3.554,3.61,3.531,3.598,48733119.0,174782585.0,,,sina:510880
2007-05-28,510880,,3.61,3.698,3.61,3.683,45055885.0,165678668.0,,,sina:510880
2007-05-29,510880,,3.701,3.784,3.695,3.782,39518493.0,147676447.0,,,sina:510880
2007-05-30,510880,,3.589,3.75,3.48,3.5,117161584.0,421828938.0,,,sina:510880
2007-05-31,510880,,3.453,3.608,3.275,3.542,116596752.0,402319252.0,,,sina:510880
2007-06-01,510880,,3.527,3.601,3.358,3.36,71687273.0,249837377.0,,,sina:510880
2007-06-04,510880,,3.38,3.42,3.045,3.05,100179445.0,316661080.0,,,sina:510880
2007-06-05,510880,,3.026,3.2,2.792,3.19,161223225.0,485797469.0,,,sina:510880
2007-06-06,510880,,3.219,3.266,3.1,3.215,110233056.0,354862981.0,,,sina:510880
2007-06-07,510880,,3.231,3.335,3.216,3.329,86719337.0,284279144.0,,,sina:510880
2007-06-08,510880,,3.34,3.362,3.305,3.351,95391956.0,318510927.0,,,sina:510880
2007-06-11,510880,,3.346,3.402,3.346,3.39,68161840.0,230000363.0,,,sina:510880
2007-06-12,510880,,3.395,3.543,3.348,3.54,57542340.0,197786415.0,,,sina:510880
2007-06-13,510880,,3.57,3.652,3.57,3.636,51224963.0,185375515.0,,,sina:510880
2007-06-14,510880,,3.605,3.61,3.518,3.547,54282783.0,193847325.0,,,sina:510880
2007-06-15,510880,,3.546,3.569,3.498,3.537,56925729.0,201107518.0,,,sina:510880
2007-06-18,510880,,3.565,3.641,3.565,3.621,53408957.0,193556637.0,,,sina:510880
2007-06-19,510880,,3.607,3.688,3.6,3.656,38412264.0,140025501.0,,,sina:510880
2007-06-20,510880,,3.65,3.728,3.58,3.6,49704361.0,182651267.0,,,sina:510880
2007-06-21,510880,,3.581,3.63,3.547,3.617,33316206.0,119977918.0,,,sina:510880
2007-06-22,510880,,3.613,3.65,3.41,3.504,43157935.0,153577677.0,,,sina:510880
2007-06-25,510880,,3.509,3.536,3.281,3.297,41048278.0,139840839.0,,,sina:510880
2007-06-26,510880,,3.236,3.37,3.2,3.363,55361423.0,180597304.0,,,sina:510880
2007-06-27,510880,,3.375,3.458,3.339,3.45,39326036.0,133409590.0,,,sina:510880
2007-06-28,510880,,3.425,3.46,3.289,3.29,32905586.0,111604835.0,,,sina:510880
2007-06-29,510880,,3.204,3.275,3.155,3.171,32369354.0,103769037.0,,,sina:510880
2007-07-02,510880,,3.145,3.247,3.12,3.203,45050615.0,143155221.0,,,sina:510880
2007-07-03,510880,,3.223,3.279,3.205,3.263,18288702.0,59434193.0,,,sina:510880
2007-07-04,510880,,3.264,3.284,3.189,3.202,20705602.0,67332947.0,,,sina:510880
2007-07-05,510880,,3.189,3.189,3.0,3.009,97816933.0,301334326.0,,,sina:510880
2007-07-06,510880,,3.0,3.15,2.945,3.146,51386518.0,155696212.0,,,sina:510880
2007-07-09,510880,,3.156,3.248,3.151,3.239,30682978.0,98112402.0,,,sina:510880
2007-07-10,510880,,3.23,3.239,3.152,3.165,19767498.0,63123373.0,,,sina:510880
2007-07-11,510880,,3.152,3.193,3.126,3.19,13882928.0,43945978.0,,,sina:510880
2007-07-12,510880,,3.192,3.229,3.178,3.21,13752019.0,43975060.0,,,sina:510880
2007-07-13,510880,,3.209,3.22,3.17,3.214,13288306.0,42524685.0,,,sina:510880
2007-07-16,510880,,3.21,3.212,3.102,3.112,12664175.0,39856105.0,,,sina:510880
2007-07-17,510880,,3.091,3.192,3.08,3.167,11990053.0,37535563.0,,,sina:510880
2007-07-18,510880,,3.165,3.24,3.135,3.19,14363135.0,45903982.0,,,sina:510880
2007-07-19,510880,,3.18,3.199,3.155,3.158,8286358.0,26262700.0,,,sina:510880
2007-07-20,510880,,3.159,3.283,3.159,3.282,20244462.0,65625689.0,,,sina:510880
2007-07-23,510880,,3.3,3.492,3.3,3.489,27167190.0,92960227.0,,,sina:510880
2007-07-24,510880,,3.509,3.585,3.49,3.5,37997620.0,134626221.0,,,sina:510880
2007-07-25,510880,,3.478,3.6,3.47,3.599,32919558.0,117257557.0,,,sina:510880
2007-07-26,510880,,3.61,3.644,3.582,3.624,34126117.0,123252940.0,,,sina:510880
2007-07-27,510880,,3.6,3.67,3.562,3.659,45507417.0,165452657.0,,,sina:510880
2007-07-30,510880,,3.659,3.809,3.641,3.785,33214257.0,124990445.0,,,sina:510880
2007-07-31,510880,,3.78,3.82,3.758,3.809,26587852.0,100887067.0,,,sina:510880
2007-08-01,510880,,3.809,3.835,3.66,3.671,45314346.0,170079283.0,,,sina:510880
2007-08-02,510880,,3.7,3.802,3.696,3.787,60674158.0,227200559.0,,,sina:510880
2007-08-03,510880,,3.79,3.855,3.79,3.852,45335786.0,173507678.0,,,sina:510880
2007-08-06,510880,,3.854,3.973,3.854,3.963,55430416.0,218287381.0,,,sina:510880
2007-08-07,510880,,3.968,4.05,3.925,4.01,46689995.0,186726410.0,,,sina:510880
2007-08-08,510880,,3.974,3.989,3.854,3.928,29780356.0,117002915.0,,,sina:510880
2007-08-09,510880,,3.923,4.005,3.91,4.0,25903629.0,103065536.0,,,sina:510880
2007-08-10,510880,,3.982,4.01,3.611,3.975,73980330.0,290144984.0,,,sina:510880
2007-08-13,510880,,3.974,4.04,3.942,3.981,29787614.0,119025178.0,,,sina:510880
2007-08-14,510880,,3.982,4.038,3.981,4.031,18131801.0,72842090.0,,,sina:510880
2007-08-15,510880,,4.03,4.08,3.961,4.056,27574852.0,110798119.0,,,sina:510880
2007-08-16,510880,,4.066,4.066,3.941,3.992,20770886.0,82797980.0,,,sina:510880
2007-08-17,510880,,3.98,4.04,3.901,3.921,42370514.0,167005531.0,,,sina:510880
2007-08-20,510880,,3.988,4.248,3.988,4.247,38434100.0,158369928.0,,,sina:510880
2007-08-21,510880,,4.27,4.28,4.2,4.229,31947764.0,135054655.0,,,sina:510880
2007-08-22,510880,,4.209,4.268,4.159,4.241,20907110.0,88484605.0,,,sina:510880
2007-08-23,510880,,4.243,4.285,4.221,4.276,23395799.0,99533856.0,,,sina:510880
2007-08-24,510880,,4.29,4.432,4.281,4.425,39728329.0,174078044.0,,,sina:510880
2007-08-27,510880,,4.445,4.539,4.426,4.478,33274839.0,148822007.0,,,sina:510880
2007-08-28,510880,,4.449,4.478,4.378,4.474,29142143.0,129422025.0,,,sina:510880
2007-08-29,510880,,4.445,4.471,4.37,4.392,34617552.0,152735374.0,,,sina:510880
2007-08-30,510880,,4.4,4.461,4.388,4.453,23235236.0,103050683.0,,,sina:510880
2007-08-31,510880,,4.454,4.533,4.453,4.529,22841295.0,102967987.0,,,sina:510880
2007-09-03,510880,,4.579,4.737,4.571,4.719,30875979.0,144024829.0,,,sina:510880
2007-09-04,510880,,4.75,4.78,4.679,4.709,52604236.0,248178662.0,,,sina:510880
2007-09-05,510880,,4.703,4.725,4.62,4.696,55159471.0,256763798.0,,,sina:510880
2007-09-06,510880,,4.718,4.828,4.718,4.817,42521689.0,203743426.0,,,sina:510880
2007-09-07,510880,,4.8,4.81,4.725,4.755,73731248.0,351991614.0,,,sina:510880
2007-09-10,510880,,4.694,4.818,4.65,4.815,44000219.0,207915166.0,,,sina:510880
2007-09-11,510880,,4.812,4.857,4.5,4.58,64853076.0,307062998.0,,,sina:510880
2007-09-12,510880,,4.58,4.684,4.498,4.627,57121539.0,261118454.0,,,sina:510880
2007-09-13,510880,,4.641,4.82,4.6,4.812,66242849.0,314227631.0,,,sina:510880
2007-09-14,510880,,4.822,4.98,4.81,4.956,57932106.0,283317407.0,,,sina:510880
2007-09-17,510880,,4.956,5.129,4.95,5.127,48962912.0,247917169.0,,,sina:510880
2007-09-18,510880,,5.17,5.2,4.995,5.049,111395841.0,564200113.0,,,sina:510880
2007-09-19,510880,,5.049,5.073,4.897,4.971,72973549.0,361945189.0,,,sina:510880
2007-09-20,510880,,4.977,5.046,4.93,4.979,39449434.0,196656179.0,,,sina:510880
2007-09-21,510880,,4.98,4.998,4.8,4.874,59711110.0,290776469.0,,,sina:510880
2007-09-24,510880,,4.874,4.93,4.76,4.915,41720224.0,202514539.0,,,sina:510880
2007-09-25,510880,,4.913,4.934,4.828,4.84,30951587.0,150591901.0,,,sina:510880
2007-09-26,510880,,4.82,4.875,4.7,4.734,35575666.0,169938975.0,,,sina:510880
2007-09-27,510880,,4.734,4.78,4.691,4.76,27128134.0,128197010.0,,,sina:510880
2007-09-28,510880,,4.832,4.911,4.805,4.905,42373527.0,206257436.0,,,sina:510880
2007-10-08,510880,,4.971,4.988,4.86,4.875,49405246.0,241904756.0,,,sina:510880
2007-10-09,510880,,4.858,4.882,4.78,4.865,33171695.0,160385663.0,,,sina:510880
2007-10-10,510880,,4.863,5.0,4.863,4.914,48769943.0,241131690.0,,,sina:510880
2007-10-11,510880,,4.914,4.96,4.85,4.923,34942838.0,171570653.0,,,sina:510880
2007-10-12,510880,,4.94,5.03,4.75,4.936,56287716.0,277460301.0,,,sina:510880
2007-10-15,510880,,4.921,5.191,4.88,5.188,85747263.0,433462151.0,,,sina:510880
2007-10-16,510880,,5.194,5.29,5.131,5.173,44319970.0,230605714.0,,,sina:510880
2007-10-17,510880,,5.141,5.208,5.066,5.155,38852735.0,199967539.0,,,sina:510880
2007-10-18,510880,,5.148,5.177,4.96,4.966,59934009.0,301210133.0,,,sina:510880
2007-10-19,510880,,4.985,5.07,4.875,4.921,42682736.0,210606221.0,,,sina:510880
2007-10-22,510880,,4.857,4.859,4.701,4.719,50977798.0,243216567.0,,,sina:510880
2007-10-23,510880,,4.71,4.76,4.57,4.755,51448236.0,239720170.0,,,sina:510880
2007-10-24,510880,,4.783,4.934,4.755,4.891,44265853.0,214808665.0,,,sina:510880
2007-10-25,510880,,4.834,4.837,4.585,4.6,72598250.0,339452194.0,,,sina:510880
2007-10-26,510880,,4.507,4.7,4.49,4.661,53269976.0,243650389.0,,,sina:510880
2007-10-29,510880,,4.688,4.767,4.637,4.762,27181835.0,127883274.0,,,sina:510880
2007-10-30,510880,,4.789,4.875,4.701,4.874,26177537.0,125651807.0,,,sina:510880
2007-10-31,510880,,4.95,4.95,4.868,4.903,35064065.0,172217257.0,,,sina:510880
2007-11-01,510880,,4.9,4.994,4.9,4.918,42910275.0,212697501.0,,,sina:510880
2007-11-02,510880,,4.862,4.9,4.818,4.86,29662301.0,143912024.0,,,sina:510880
2007-11-05,510880,,4.856,4.856,4.669,4.706,38122321.0,180369803.0,,,sina:510880
2007-11-06,510880,,4.7,4.706,4.533,4.55,57425415.0,264312432.0,,,sina:510880
2007-11-07,510880,,4.599,4.61,4.48,4.568,36522565.0,165882664.0,,,sina:510880
2007-11-08,510880,,4.55,4.55,4.317,4.322,60500135.0,267073735.0,,,sina:510880
2007-11-09,510880,,4.298,4.366,4.151,4.292,41003115.0,174701716.0,,,sina:510880
2007-11-12,510880,,4.198,4.291,4.044,4.209,44059798.0,183254290.0,,,sina:510880
2007-11-13,510880,,4.25,4.381,4.198,4.265,65377543.0,280454245.0,,,sina:510880
2007-11-14,510880,,4.35,4.435,4.26,4.432,55565500.0,241538084.0,,,sina:510880
2007-11-15,510880,,4.4,4.42,4.326,4.339,25472208.0,111571003.0,,,sina:510880
2007-11-16,510880,,4.289,4.321,4.25,4.309,18261149.0,78216261.0,,,sina:510880
2007-11-19,510880,,4.321,4.347,4.286,4.318,13889593.0,59968289.0,,,sina:510880
2007-11-20,510880,,4.297,4.426,4.26,4.389,27725796.0,120550063.0,,,sina:510880
2007-11-21,510880,,4.429,4.465,4.33,4.336,24028363.0,105714463.0,,,sina:510880
2007-11-22,510880,,4.264,4.31,4.185,4.199,26813860.0,113691713.0,,,sina:510880
2007-11-23,510880,,4.179,4.24,4.138,4.238,18206946.0,76322177.0,,,sina:510880
2007-11-26,510880,,4.29,4.328,4.17,4.177,27967300.0,119054834.0,,,sina:510880
2007-11-27,510880,,4.141,4.197,4.1,4.102,22311417.0,92273087.0,,,sina:510880
2007-11-28,510880,,4.1,4.14,3.98,3.996,32262354.0,130796675.0,,,sina:510880
2007-11-29,510880,,4.025,4.168,3.981,4.166,37311818.0,152477452.0,,,sina:510880
2007-11-30,510880,,4.165,4.165,4.05,4.061,24659655.0,100956479.0,,,sina:510880
2007-12-03,510880,,4.02,4.118,4.02,4.089,11829065.0,48288625.0,,,sina:510880
2007-12-04,510880,,4.099,4.225,4.099,4.165,30298233.0,126629557.0,,,sina:510880
2007-12-05,510880,,4.165,4.345,4.155,4.336,53679365.0,230234991.0,,,sina:510880
2007-12-06,510880,,4.357,4.357,4.29,4.325,46535340.0,201348060.0,,,sina:510880
2007-12-07,510880,,4.34,4.449,4.332,4.43,33584547.0,148126618.0,,,sina:510880
2007-12-10,510880,,4.388,4.525,4.35,4.516,87118657.0,389307501.0,,,sina:510880
2007-12-11,510880,,4.53,4.568,4.472,4.526,52205510.0,236276676.0,,,sina:510880
2007-12-12,510880,,4.5,4.525,4.426,4.484,35801559.0,160268702.0,,,sina:510880
2007-12-13,510880,,4.46,4.46,4.286,4.29,44999316.0,196635051.0,,,sina:510880
2007-12-14,510880,,4.239,4.36,4.202,4.351,36275366.0,154965196.0,,,sina:510880
2007-12-17,510880,,4.359,4.36,4.248,4.253,27186244.0,116538478.0,,,sina:510880
2007-12-18,510880,,4.235,4.26,4.188,4.197,24349208.0,102486139.0,,,sina:510880
2007-12-19,510880,,4.26,4.36,4.252,4.345,44410573.0,191077756.0,,,sina:510880
2007-12-20,510880,,4.35,4.475,4.322,4.465,47873912.0,211544267.0,,,sina:510880
2007-12-21,510880,,4.455,4.525,4.445,4.513,61296221.0,275876231.0,,,sina:510880
2007-12-24,510880,,4.535,4.62,4.511,4.572,48584363.0,221794142.0,,,sina:510880
2007-12-25,510880,,4.577,4.615,4.552,4.587,33703489.0,154625051.0,,,sina:510880
2007-12-26,510880,,4.6,4.656,4.58,4.632,35475777.0,163881360.0,,,sina:510880
2007-12-27,510880,,4.65,4.685,4.61,4.685,40828632.0,189990480.0,,,sina:510880
2007-12-28,510880,,4.691,4.719,4.62,4.637,31396248.0,146850283.0,,,sina:510880
2008-01-02,510880,,4.64,4.692,4.581,4.649,41561460.0,192465727.0,,,sina:510880
2008-01-03,510880,,4.63,4.801,4.61,4.794,53322240.0,249559588.0,,,sina:510880
2008-01-04,510880,,4.798,4.849,4.74,4.834,36247583.0,175169459.0,,,sina:510880
2008-01-07,510880,,4.831,4.871,4.783,4.855,24192520.0,117162938.0,,,sina:510880
2008-01-08,510880,,4.878,4.978,4.812,4.86,42279903.0,207736321.0,,,sina:510880
2008-01-09,510880,,4.82,4.96,4.81,4.958,31869418.0,156442756.0,,,sina:510880
2008-01-10,510880,,4.971,5.03,4.952,4.97,35687638.0,177998134.0,,,sina:510880
2008-01-11,510880,,4.972,4.997,4.905,4.962,33762365.0,166742398.0,,,sina:510880
2008-01-14,510880,,4.958,5.024,4.933,5.003,28347593.0,141211388.0,,,sina:510880
2008-01-15,510880,,4.995,5.042,4.95,4.965,37407522.0,186574268.0,,,sina:510880
2008-01-16,510880,,4.95,4.95,4.838,4.847,38260966.0,186620990.0,,,sina:510880
2008-01-17,510880,,4.77,4.847,4.55,4.671,108573877.0,507890155.0,,,sina:510880
2008-01-18,510880,,4.64,4.689,4.585,4.65,44111896.0,204504224.0,,,sina:510880
2008-01-21,510880,,4.636,4.678,4.39,4.406,62825603.0,284515402.0,,,sina:510880
2008-01-22,510880,,4.3,4.3,4.001,4.041,121618379.0,504823256.0,,,sina:510880
2008-01-23,510880,,4.11,4.277,4.09,4.275,46279996.0,194005805.0,,,sina:510880
2008-01-24,510880,,4.316,4.34,4.225,4.28,41336987.0,177237244.0,,,sina:510880
2008-01-25,510880,,4.278,4.338,4.19,4.312,32936299.0,140704509.0,,,sina:510880
2008-01-28,510880,,4.26,4.26,3.985,3.991,58657791.0,238300348.0,,,sina:510880
2008-01-29,510880,,4.021,4.08,3.966,3.999,73950063.0,296023357.0,,,sina:510880
2008-01-30,510880,,4.043,4.12,3.926,4.003,65881136.0,265228486.0,,,sina:510880
2008-01-31,510880,,4.003,4.08,3.951,3.97,30724161.0,123274566.0,,,sina:510880
2008-02-01,510880,,3.999,4.01,3.773,3.889,46400692.0,180005995.0,,,sina:510880
2008-02-04,510880,,4.001,4.278,4.001,4.278,58205549.0,240604478.0,,,sina:510880
2008-02-05,510880,,4.278,4.3,4.17,4.237,35432914.0,150493478.0,,,sina:510880
2008-02-13,510880,,4.169,4.201,4.102,4.139,26714506.0,110814051.0,,,sina:510880
2008-02-14,510880,,4.19,4.239,4.16,4.206,29678572.0,124922163.0,,,sina:510880
2008-02-15,510880,,4.163,4.175,4.103,4.168,39127123.0,161993870.0,,,sina:510880
2008-02-18,510880,,4.218,4.284,4.189,4.234,33297802.0,140993831.0,,,sina:510880
2008-02-19,510880,,4.249,4.358,4.21,4.354,33873126.0,145676321.0,,,sina:510880
2008-02-20,510880,,4.357,4.414,4.287,4.289,45219741.0,196110030.0,,,sina:510880
2008-02-21,510880,,4.268,4.344,4.186,4.297,30941207.0,131784782.0,,,sina:510880
2008-02-22,510880,,4.249,4.28,4.111,4.152,43426125.0,181387540.0,,,sina:510880
2008-02-25,510880,,4.152,4.186,4.001,4.013,35532067.0,144214651.0,,,sina:510880
2008-02-26,510880,,4.141,4.169,3.898,4.003,48264910.0,193920151.0,,,sina:510880
2008-02-27,510880,,4.02,4.088,3.98,4.078,25100877.0,101818245.0,,,sina:510880
2008-02-28,510880,,4.08,4.128,4.001,4.074,27375797.0,111327246.0,,,sina:510880
2008-02-29,510880,,4.048,4.11,4.027,4.088,40223937.0,164544389.0,,,sina:510880
2008-03-03,510880,,4.065,4.184,4.03,4.179,36895770.0,152542114.0,,,sina:510880
2008-03-04,510880,,4.185,4.215,4.05,4.055,36386731.0,150249109.0,,,sina:510880
2008-03-05,510880,,4.04,4.055,3.889,3.972,58448209.0,231626397.0,,,sina:510880
2008-03-06,510880,,3.983,4.054,3.918,3.991,28900036.0,115505071.0,,,sina:510880
2008-03-07,510880,,3.95,3.981,3.91,3.928,19502756.0,76795635.0,,,sina:510880
2008-03-10,510880,,3.915,3.915,3.748,3.791,52465263.0,199808460.0,,,sina:510880
2008-03-11,510880,,3.745,3.777,3.68,3.776,26861562.0,100177880.0,,,sina:510880
2008-03-12,510880,,3.862,3.886,3.67,3.673,33190220.0,124915689.0,,,sina:510880
2008-03-13,510880,,3.601,3.649,3.483,3.542,48168573.0,171224538.0,,,sina:510880
2008-03-14,510880,,3.5,3.56,3.459,3.502,31766955.0,111007706.0,,,sina:510880
2008-03-17,510880,,3.498,3.498,3.32,3.329,31716241.0,108080619.0,,,sina:510880
2008-03-18,510880,,3.32,3.378,3.08,3.137,53668279.0,172770806.0,,,sina:510880
2008-03-19,510880,,3.21,3.315,3.171,3.261,45023349.0,145961109.0,,,sina:510880
2008-03-20,510880,,3.19,3.44,3.095,3.397,65850727.0,216753585.0,,,sina:510880
2008-03-21,510880,,3.36,3.515,3.347,3.481,54631303.0,188446810.0,,,sina:510880
2008-03-24,510880,,3.51,3.539,3.31,3.315,49122893.0,168310203.0,,,sina:510880
2008-03-25,510880,,3.264,3.393,3.212,3.361,44403298.0,146874653.0,,,sina:510880
2008-03-26,510880,,3.39,3.443,3.33,3.359,25218676.0,85471549.0,,,sina:510880
2008-03-27,510880,,3.3,3.339,3.15,3.177,62264748.0,200951890.0,,,sina:510880
2008-03-28,510880,,3.111,3.293,3.042,3.279,53349250.0,169389932.0,,,sina:510880
2008-03-31,510880,,3.16,3.237,3.13,3.133,42152879.0,133638195.0,,,sina:510880
2008-04-01,510880,,3.112,3.15,2.885,2.911,66378777.0,196965460.0,,,sina:510880
2008-04-02,510880,,2.941,2.99,2.812,2.844,47523172.0,137303484.0,,,sina:510880
2008-04-03,510880,,2.842,2.975,2.821,2.959,94939399.0,275714045.0,,,sina:510880
2008-04-07,510880,,2.92,3.141,2.902,3.129,50988601.0,156051897.0,,,sina:510880
2008-04-08,510880,,3.14,3.197,3.1,3.16,33423031.0,105365339.0,,,sina:510880
2008-04-09,510880,,3.11,3.204,3.03,3.034,34220054.0,106893841.0,,,sina:510880
2008-04-10,510880,,2.995,3.072,2.95,3.067,33108058.0,99887525.0,,,sina:510880
2008-04-11,510880,,3.099,3.137,3.068,3.101,23247910.0,72089919.0,,,sina:510880
2008-04-14,510880,,3.055,3.055,2.89,2.907,45268228.0,133489834.0,,,sina:510880
2008-04-15,510880,,2.88,2.94,2.796,2.938,24563256.0,70220286.0,,,sina:510880
2008-04-16,510880,,2.924,2.93,2.841,2.847,24429021.0,70524622.0,,,sina:510880
2008-04-17,510880,,2.851,2.892,2.7,2.737,30949617.0,86455141.0,,,sina:510880
2008-04-18,510880,,2.7,2.71,2.6,2.612,35120696.0,92780503.0,,,sina:510880
2008-04-21,510880,,2.85,2.85,2.6,2.634,63337674.0,171652360.0,,,sina:510880
2008-04-22,510880,,2.58,2.666,2.522,2.665,25709293.0,66443678.0,,,sina:510880
2008-04-23,510880,,2.6,2.823,2.599,2.802,44321476.0,121383819.0,,,sina:510880
2008-04-24,510880,,3.06,3.082,3.0,3.082,130288784.0,398006142.0,,,sina:510880
2008-04-25,510880,,3.08,3.269,3.052,3.152,147392311.0,464574320.0,,,sina:510880
2008-04-28,510880,,3.083,3.139,3.072,3.084,59288868.0,184179405.0,,,sina:510880
2008-04-29,510880,,3.055,3.169,3.055,3.15,50687140.0,158995824.0,,,sina:510880
2008-04-30,510880,,3.173,3.343,3.168,3.317,105190286.0,343679174.0,,,sina:510880
2008-05-05,510880,,3.37,3.39,3.325,3.378,95564124.0,320925399.0,,,sina:510880
2008-05-06,510880,,3.359,3.392,3.288,3.336,69362250.0,231747769.0,,,sina:510880
2008-05-07,510880,,3.328,3.365,3.18,3.193,84723302.0,278213391.0,,,sina:510880
2008-05-08,510880,,3.15,3.278,3.14,3.27,65222146.0,208585363.0,,,sina:510880
2008-05-09,510880,,3.294,3.349,3.218,3.283,87958634.0,289223127.0,,,sina:510880
2008-05-12,510880,,3.21,3.358,3.208,3.321,68188810.0,224075926.0,,,sina:510880
2008-05-13,510880,,3.24,3.373,3.226,3.32,122180497.0,405583582.0,,,sina:510880
2008-05-14,510880,,3.309,3.388,3.3,3.376,86484191.0,290166639.0,,,sina:510880
2008-05-15,510880,,3.39,3.468,3.385,3.389,78678210.0,269663908.0,,,sina:510880
2008-05-16,510880,,3.388,3.425,3.309,3.344,61458222.0,206486449.0,,,sina:510880
2008-05-19,510880,,3.325,3.357,3.291,3.331,35100244.0,116827349.0,,,sina:510880
2008-05-20,510880,,3.321,3.369,3.14,3.156,58738379.0,191606178.0,,,sina:510880
2008-05-21,510880,,3.105,3.282,3.055,3.248,102060161.0,319880666.0,,,sina:510880
2008-05-22,510880,,3.195,3.266,3.15,3.191,71097607.0,228391414.0,,,sina:510880
2008-05-23,510880,,3.17,3.21,3.1,3.142,59380485.0,187506430.0,,,sina:510880
2008-05-26,510880,,3.1,3.119,3.039,3.044,51163747.0,156659889.0,,,sina:510880
2008-05-27,510880,,3.0,3.062,2.996,3.037,49452482.0,149865933.0,,,sina:510880
2008-05-28,510880,,3.05,3.156,3.011,3.127,43131540.0,132767489.0,,,sina:510880
2008-05-29,510880,,3.11,3.137,3.039,3.041,45253226.0,139835689.0,,,sina:510880
2008-05-30,510880,,3.058,3.105,3.037,3.092,47023532.0,144573043.0,,,sina:510880
2008-06-02,510880,,3.08,3.13,3.058,3.103,41270850.0,128030862.0,,,sina:510880
2008-06-03,510880,,3.104,3.122,3.07,3.09,35352916.0,109537347.0,,,sina:510880
2008-06-04,510880,,3.072,3.092,3.018,3.036,48428694.0,147348806.0,,,sina:510880
2008-06-05,510880,,3.032,3.05,2.976,3.0,35222522.0,106149322.0,,,sina:510880
2008-06-06,510880,,3.002,3.046,2.991,3.004,21773695.0,65676512.0,,,sina:510880
2008-06-10,510880,,2.9,2.9,2.704,2.718,52063197.0,144689147.0,,,sina:510880
2008-06-11,510880,,2.691,2.73,2.645,2.687,74491490.0,200557202.0,,,sina:510880
2008-06-12,510880,,2.67,2.693,2.572,2.63,54633013.0,143953791.0,,,sina:510880
2008-06-13,510880,,2.635,2.675,2.551,2.559,42601784.0,111207281.0,,,sina:510880
2008-06-16,510880,,2.581,2.61,2.513,2.565,53986023.0,138548113.0,,,sina:510880
2008-06-17,510880,,2.555,2.581,2.45,2.468,54997591.0,138667948.0,,,sina:510880
2008-06-18,510880,,2.458,2.619,2.4,2.614,80895898.0,205753104.0,,,sina:510880
2008-06-19,510880,,2.585,2.585,2.375,2.395,82952114.0,206312086.0,,,sina:510880
2008-06-20,510880,,2.467,2.545,2.321,2.445,96083337.0,237221027.0,,,sina:510880
2008-06-23,510880,,2.429,2.437,2.35,2.36,51954486.0,124343253.0,,,sina:510880
2008-06-24,510880,,2.36,2.399,2.315,2.365,68404742.0,161693330.0,,,sina:510880
2008-06-25,510880,,2.37,2.498,2.355,2.488,69363761.0,169528659.0,,,sina:510880
2008-06-26,510880,,2.489,2.525,2.433,2.502,76107924.0,188866947.0,,,sina:510880
2008-06-27,510880,,2.42,2.422,2.29,2.321,94478503.0,222700603.0,,,sina:510880
2008-06-30,510880,,2.285,2.339,2.239,2.285,52007667.0,118486210.0,,,sina:510880
2008-07-01,510880,,2.272,2.299,2.205,2.209,44317276.0,99146891.0,,,sina:510880
2008-07-02,510880,,2.22,2.255,2.195,2.226,32668905.0,72644497.0,,,sina:510880
2008-07-03,510880,,2.196,2.323,2.17,2.286,78203912.0,176261755.0,,,sina:510880
2008-07-04,510880,,2.265,2.296,2.241,2.26,53916186.0,122277317.0,,,sina:510880
2008-07-07,510880,,2.266,2.406,2.261,2.393,83457362.0,197187703.0,,,sina:510880
2008-07-08,510880,,2.403,2.443,2.361,2.416,91517874.0,220450057.0,,,sina:510880
2008-07-09,510880,,2.443,2.52,2.443,2.516,108586435.0,270048419.0,,,sina:510880
2008-07-10,510880,,2.48,2.54,2.466,2.469,89814179.0,224166033.0,,,sina:510880
2008-07-11,510880,,2.465,2.48,2.409,2.443,58101740.0,141502514.0,,,sina:510880
2008-07-14,510880,,2.428,2.479,2.401,2.469,31721057.0,77680274.0,,,sina:510880
2008-07-15,510880,,2.478,2.499,2.381,2.384,60779232.0,147890079.0,,,sina:510880
2008-07-16,510880,,2.359,2.371,2.262,2.299,61191317.0,141772545.0,,,sina:510880
2008-07-17,510880,,2.33,2.359,2.255,2.262,43546473.0,100587915.0,,,sina:510880
2008-07-18,510880,,2.286,2.353,2.242,2.352,51007328.0,117433298.0,,,sina:510880
2008-07-21,510880,,2.33,2.441,2.318,2.436,62112938.0,148724482.0,,,sina:510880
2008-07-22,510880,,2.431,2.446,2.407,2.432,63741964.0,154966816.0,,,sina:510880
2008-07-23,510880,,2.455,2.47,2.41,2.412,68353705.0,166621275.0,,,sina:510880
2008-07-24,510880,,2.431,2.488,2.416,2.479,60371458.0,147996735.0,,,sina:510880
2008-07-25,510880,,2.45,2.465,2.429,2.437,33079346.0,80823899.0,,,sina:510880
2008-07-28,510880,,2.446,2.492,2.446,2.47,37847080.0,93704168.0,,,sina:510880
2008-07-29,510880,,2.442,2.446,2.411,2.431,34168525.0,83009755.0,,,sina:510880
2008-07-30,510880,,2.46,2.466,2.399,2.414,33155859.0,80492291.0,,,sina:510880
2008-07-31,510880,,2.428,2.439,2.34,2.343,55332290.0,131009945.0,,,sina:510880
2008-08-01,510880,,2.32,2.378,2.281,2.34,45298645.0,105375762.0,,,sina:510880
2008-08-04,510880,,2.326,2.326,2.271,2.274,22044608.0,50684583.0,,,sina:510880
2008-08-05,510880,,2.272,2.29,2.201,2.207,34967305.0,78134319.0,,,sina:510880
2008-08-06,510880,,2.228,2.244,2.191,2.219,24374137.0,54048808.0,,,sina:510880
2008-08-07,510880,,2.217,2.238,2.199,2.22,37548496.0,83225837.0,,,sina:510880
2008-08-08,510880,,2.22,2.223,2.1,2.108,56975363.0,124290316.0,,,sina:510880
2008-08-11,510880,,2.09,2.102,1.985,1.99,51740525.0,105463851.0,,,sina:510880
2008-08-12,510880,,1.97,2.038,1.97,2.016,39561337.0,79683910.0,,,sina:510880
2008-08-13,510880,,2.0,2.048,1.961,2.03,41533563.0,83124357.0,,,sina:510880
2008-08-14,510880,,2.02,2.048,2.0,2.026,21867126.0,44364728.0,,,sina:510880
2008-08-15,510880,,2.028,2.056,2.009,2.028,28512234.0,58018688.0,,,sina:510880
2008-08-18,510880,,2.035,2.037,1.915,1.918,37212480.0,73050758.0,,,sina:510880
2008-08-19,510880,,1.9,1.949,1.891,1.936,44735524.0,86268691.0,,,sina:510880
2008-08-20,510880,,1.91,2.1,1.892,2.095,82603402.0,167638644.0,,,sina:510880
2008-08-21,510880,,2.035,2.082,1.983,1.985,95716551.0,192611698.0,,,sina:510880
2008-08-22,510880,,1.97,1.97,1.909,1.935,38465132.0,74532465.0,,,sina:510880
2008-08-25,510880,,1.932,1.96,1.911,1.919,23337374.0,45282001.0,,,sina:510880
2008-08-26,510880,,1.905,1.906,1.836,1.847,23207096.0,43408002.0,,,sina:510880
2008-08-27,510880,,1.847,1.873,1.81,1.845,28635652.0,52803404.0,,,sina:510880
2008-08-28,510880,,1.845,1.87,1.835,1.862,32199708.0,59699411.0,,,sina:510880
2008-08-29,510880,,1.865,1.939,1.865,1.911,31502308.0,60015878.0,,,sina:510880
2008-09-01,510880,,1.898,1.898,1.85,1.857,15024475.0,28109721.0,,,sina:510880
2008-09-02,510880,,1.838,1.87,1.827,1.851,23387312.0,43268289.0,,,sina:510880
2008-09-03,510880,,1.85,1.868,1.825,1.84,30311830.0,55959155.0,,,sina:510880
2008-09-04,510880,,1.848,1.877,1.836,1.859,21666152.0,40091432.0,,,sina:510880
2008-09-05,510880,,1.816,1.842,1.804,1.814,26101555.0,47418736.0,,,sina:510880
2008-09-08,510880,,1.813,1.825,1.737,1.739,22620239.0,39924208.0,,,sina:510880
2008-09-09,510880,,1.751,1.768,1.725,1.752,13282686.0,23220024.0,,,sina:510880
2008-09-10,510880,,1.74,1.8,1.728,1.768,35192129.0,62354164.0,,,sina:510880
2008-09-11,510880,,1.767,1.78,1.729,1.73,13851345.0,24191077.0,,,sina:510880
2008-09-12,510880,,1.711,1.767,1.711,1.747,18800033.0,32912434.0,,,sina:510880
2008-09-16,510880,,1.74,1.744,1.709,1.71,27057888.0,46531107.0,,,sina:510880
2008-09-17,510880,,1.7,1.733,1.674,1.677,44662739.0,76022519.0,,,sina:510880
2008-09-18,510880,,1.645,1.666,1.552,1.629,42159255.0,68107198.0,,,sina:510880
2008-09-19,510880,,1.79,1.792,1.78,1.792,27667812.0,49547104.0,,,sina:510880
2008-09-22,510880,,1.965,1.971,1.812,1.905,117925952.0,224613882.0,,,sina:510880
2008-09-23,510880,,1.831,1.849,1.77,1.806,51194629.0,92333825.0,,,sina:510880
2008-09-24,510880,,1.761,1.829,1.74,1.821,35481529.0,62998809.0,,,sina:510880
2008-09-25,510880,,1.825,1.93,1.801,1.888,84120956.0,158311320.0,,,sina:510880
2008-09-26,510880,,1.915,1.924,1.861,1.902,51518615.0,97812578.0,,,sina:510880
2008-10-06,510880,,1.831,1.86,1.786,1.787,26246446.0,47992434.0,,,sina:510880
2008-10-07,510880,,1.73,1.819,1.702,1.781,32419845.0,57191394.0,,,sina:510880
2008-10-08,510880,,1.731,1.768,1.714,1.733,36565658.0,63606249.0,,,sina:510880
2008-10-09,510880,,1.765,1.777,1.697,1.699,28669608.0,49615963.0,,,sina:510880
2008-10-10,510880,,1.615,1.65,1.615,1.625,25225418.0,41179495.0,,,sina:510880
2008-10-13,510880,,1.611,1.678,1.552,1.676,35073017.0,56501958.0,,,sina:510880
2008-10-14,510880,,1.77,1.77,1.6,1.631,79365253.0,133543471.0,,,sina:510880
2008-10-15,510880,,1.6,1.615,1.572,1.584,25231448.0,40182837.0,,,sina:510880
2008-10-16,510880,,1.517,1.547,1.509,1.51,28536288.0,43493705.0,,,sina:510880
2008-10-17,510880,,1.525,1.536,1.509,1.524,16196820.0,24689954.0,,,sina:510880
2008-10-20,510880,,1.512,1.575,1.508,1.573,68523359.0,105836804.0,,,sina:510880
2008-10-21,510880,,1.577,1.608,1.553,1.554,36394547.0,57559187.0,,,sina:510880
2008-10-22,510880,,1.526,1.556,1.509,1.512,27679384.0,42256102.0,,,sina:510880
2008-10-23,510880,,1.483,1.51,1.465,1.51,21392233.0,31729612.0,,,sina:510880
2008-10-24,510880,,1.509,1.515,1.452,1.466,23367429.0,34446644.0,,,sina:510880
2008-10-27,510880,,1.445,1.445,1.345,1.346,49435500.0,68571530.0,,,sina:510880
2008-10-28,510880,,1.32,1.399,1.3,1.381,35608249.0,48485003.0,,,sina:510880
2008-10-29,510880,,1.393,1.4,1.325,1.327,23740169.0,32608327.0,,,sina:510880
2008-10-30,510880,,1.333,1.376,1.3,1.351,37693145.0,50870622.0,,,sina:510880
2008-10-31,510880,,1.341,1.36,1.32,1.33,24645866.0,32860214.0,,,sina:510880
2008-11-03,510880,,1.32,1.34,1.306,1.316,21466143.0,28420139.0,,,sina:510880
2008-11-04,510880,,1.301,1.315,1.29,1.297,32013214.0,41560220.0,,,sina:510880
2008-11-05,510880,,1.305,1.36,1.305,1.342,20416530.0,27390926.0,,,sina:510880
2008-11-06,510880,,1.31,1.334,1.301,1.324,23188662.0,30521576.0,,,sina:510880
2008-11-07,510880,,1.301,1.35,1.292,1.333,23701162.0,31542816.0,,,sina:510880
2008-11-10,510880,,1.368,1.465,1.365,1.464,61892545.0,87728919.0,,,sina:510880
2008-11-11,510880,,1.45,1.5,1.435,1.443,48634628.0,71357340.0,,,sina:510880
2008-11-12,510880,,1.423,1.464,1.42,1.464,25076488.0,36233457.0,,,sina:510880
2008-11-13,510880,,1.433,1.56,1.433,1.547,49924626.0,75262743.0,,,sina:510880
2008-11-14,510880,,1.559,1.595,1.527,1.589,62704840.0,98124420.0,,,sina:510880
2008-11-17,510880,,1.575,1.655,1.566,1.635,74145102.0,118893161.0,,,sina:510880
2008-11-18,510880,,1.631,1.639,1.491,1.51,61584190.0,96444643.0,,,sina:510880
2008-11-19,510880,,1.505,1.628,1.501,1.616,53615242.0,83909403.0,,,sina:510880
2008-11-20,510880,,1.59,1.64,1.573,1.598,69054653.0,110856017.0,,,sina:510880
2008-11-21,510880,,1.559,1.629,1.51,1.586,70429616.0,111030640.0,,,sina:510880
2008-11-24,510880,,1.581,1.598,1.526,1.53,56090129.0,87097207.0,,,sina:510880
2008-11-25,510880,,1.555,1.575,1.488,1.516,50941853.0,77746511.0,,,sina:510880
2008-11-26,510880,,1.516,1.558,1.493,1.538,25394258.0,38903032.0,,,sina:510880
2008-11-27,510880,,1.66,1.68,1.566,1.567,67675845.0,109449846.0,,,sina:510880
2008-11-28,510880,,1.541,1.58,1.535,1.54,49714268.0,77272868.0,,,sina:510880
2008-12-01,510880,,1.539,1.569,1.511,1.564,29687062.0,45782835.0,,,sina:510880
2008-12-02,510880,,1.521,1.59,1.52,1.565,38422412.0,60011978.0,,,sina:510880
2008-12-03,510880,,1.577,1.64,1.576,1.639,50363297.0,81162522.0,,,sina:510880
2008-12-04,510880,,1.666,1.729,1.646,1.676,106794321.0,180417287.0,,,sina:510880
2008-12-05,510880,,1.668,1.692,1.646,1.686,52044469.0,87141770.0,,,sina:510880
2008-12-08,510880,,1.71,1.756,1.692,1.754,86192686.0,148630564.0,,,sina:510880
2008-12-09,510880,,1.76,1.765,1.708,1.709,123733490.0,214565714.0,,,sina:510880
2008-12-10,510880,,1.698,1.73,1.665,1.73,103078982.0,175779063.0,,,sina:510880
2008-12-11,510880,,1.72,1.732,1.673,1.675,86578554.0,147975571.0,,,sina:510880
2008-12-12,510880,,1.656,1.672,1.588,1.612,59882021.0,97633045.0,,,sina:510880
2008-12-15,510880,,1.621,1.651,1.602,1.63,48656842.0,79065773.0,,,sina:510880
2008-12-16,510880,,1.611,1.653,1.586,1.647,44264719.0,71465814.0,,,sina:510880
2008-12-17,510880,,1.648,1.676,1.64,1.645,58816731.0,97725875.0,,,sina:510880
2008-12-18,510880,,1.64,1.675,1.625,1.663,70816492.0,117079368.0,,,sina:510880
2008-12-19,510880,,1.66,1.696,1.652,1.674,47472575.0,79717468.0,,,sina:510880
2008-12-22,510880,,1.671,1.68,1.631,1.64,36750128.0,60644545.0,,,sina:510880
2008-12-23,510880,,1.65,1.65,1.551,1.563,38668462.0,61885609.0,,,sina:510880
2008-12-24,510880,,1.535,1.555,1.519,1.53,40108468.0,61726892.0,,,sina:510880
2008-12-25,510880,,1.529,1.544,1.497,1.513,52555280.0,79589520.0,,,sina:510880
2008-12-26,510880,,1.516,1.524,1.5,1.513,21081820.0,31897450.0,,,sina:510880
2008-12-29,510880,,1.5,1.518,1.483,1.507,27264172.0,40820320.0,,,sina:510880
2008-12-30,510880,,1.508,1.527,1.486,1.489,27744636.0,41834328.0,,,sina:510880
2008-12-31,510880,,1.481,1.5,1.465,1.467,33556712.0,49854496.0,,,sina:510880
2009-01-05,510880,,1.492,1.53,1.482,1.525,41801024.0,62918416.0,,,sina:510880
2009-01-06,510880,,1.526,1.584,1.513,1.578,101730720.0,159480000.0,,,sina:510880
2009-01-07,510880,,1.58,1.595,1.571,1.572,85226424.0,134987280.0,,,sina:510880
2009-01-08,510880,,1.54,1.555,1.531,1.543,33703912.0,52044524.0,,,sina:510880
2009-01-09,510880,,1.548,1.577,1.545,1.574,66144496.0,103458064.0,,,sina:510880
2009-01-12,510880,,1.57,1.599,1.558,1.585,45368844.0,71846816.0,,,sina:510880
2009-01-13,510880,,1.55,1.581,1.55,1.554,63582964.0,99447968.0,,,sina:510880
2009-01-14,510880,,1.55,1.605,1.55,1.604,64532760.0,101862928.0,,,sina:510880
2009-01-15,510880,,1.58,1.616,1.58,1.591,68539784.0,109653648.0,,,sina:510880
2009-01-16,510880,,1.595,1.657,1.595,1.633,110944296.0,181959360.0,,,sina:510880
2009-01-19,510880,,1.653,1.676,1.627,1.64,109685056.0,180911616.0,,,sina:510880
2009-01-20,510880,,1.631,1.655,1.621,1.651,60500336.0,99310096.0,,,sina:510880
2009-01-21,510880,,1.635,1.661,1.629,1.634,47898328.0,78590648.0,,,sina:510880
2009-01-22,510880,,1.645,1.66,1.634,1.655,36971048.0,60946552.0,,,sina:510880
2009-01-23,510880,,1.651,1.68,1.649,1.655,23636482.0,39269940.0,,,sina:510880
2009-02-02,510880,,1.669,1.68,1.655,1.676,32322988.0,54005512.0,,,sina:510880
2009-02-03,510880,,1.678,1.722,1.672,1.721,63118152.0,107576200.0,,,sina:510880
2009-02-04,510880,,1.725,1.769,1.725,1.769,83023680.0,145624128.0,,,sina:510880
2009-02-05,510880,,1.768,1.81,1.753,1.769,94543936.0,168978352.0,,,sina:510880
2009-02-06,510880,,1.771,1.844,1.771,1.84,87132408.0,158040272.0,,,sina:510880
2009-02-09,510880,,1.87,1.896,1.853,1.884,112628984.0,211096192.0,,,sina:510880
2009-02-10,510880,,1.871,1.909,1.858,1.908,130243280.0,245107936.0,,,sina:510880
2009-02-11,510880,,1.883,1.946,1.87,1.911,156112208.0,297416768.0,,,sina:510880
2009-02-12,510880,,1.914,1.927,1.84,1.902,134295184.0,252763344.0,,,sina:510880
2009-02-13,510880,,1.897,1.972,1.886,1.971,228608176.0,442110720.0,,,sina:510880
2009-02-16,510880,,1.982,2.049,1.969,2.046,155155328.0,309555296.0,,,sina:510880
2009-02-17,510880,,2.045,2.051,1.968,1.971,217060592.0,437269920.0,,,sina:510880
2009-02-18,510880,,1.93,1.948,1.867,1.87,217231712.0,415331328.0,,,sina:510880
2009-02-19,510880,,1.89,1.92,1.867,1.904,224706192.0,425427264.0,,,sina:510880
2009-02-20,510880,,1.91,1.955,1.88,1.95,173768496.0,333078016.0,,,sina:510880
2009-02-23,510880,,1.941,2.009,1.913,1.996,204261232.0,401304320.0,,,sina:510880
2009-02-24,510880,,1.972,2.005,1.901,1.903,277388320.0,541147840.0,,,sina:510880
2009-02-25,510880,,1.92,1.94,1.854,1.901,237122960.0,449967744.0,,,sina:510880
2009-02-26,510880,,1.9,1.933,1.79,1.809,225773408.0,426610304.0,,,sina:510880
2009-02-27,510880,,1.791,1.8,1.724,1.739,200370128.0,353157120.0,,,sina:510880
2009-03-02,510880,,1.715,1.774,1.715,1.762,94536248.0,165643904.0,,,sina:510880
2009-03-03,510880,,1.732,1.782,1.713,1.765,173135776.0,304265376.0,,,sina:510880
2009-03-04,510880,,1.769,1.891,1.769,1.886,130328832.0,239387872.0,,,sina:510880
2009-03-05,510880,,1.905,1.92,1.86,1.89,189309936.0,358636960.0,,,sina:510880
2009-03-06,510880,,1.865,1.893,1.853,1.869,187773472.0,352028256.0,,,sina:510880
2009-03-09,510880,,1.878,1.903,1.803,1.808,149303440.0,277052704.0,,,sina:510880
2009-03-10,510880,,1.788,1.833,1.776,1.831,138520048.0,249528224.0,,,sina:510880
2009-03-11,510880,,1.868,1.88,1.81,1.811,174974080.0,323773472.0,,,sina:510880
2009-03-12,510880,,1.8,1.815,1.762,1.809,111820824.0,200453152.0,,,sina:510880
2009-03-13,510880,,1.815,1.829,1.788,1.792,98127248.0,177718272.0,,,sina:510880
2009-03-16,510880,,1.787,1.816,1.777,1.81,97981872.0,176071840.0,,,sina:510880
2009-03-17,510880,,1.81,1.884,1.804,1.874,132506144.0,245380960.0,,,sina:510880
2009-03-18,510880,,1.893,1.925,1.88,1.897,164793728.0,314478464.0,,,sina:510880
2009-03-19,510880,,1.897,1.937,1.883,1.936,118899096.0,227323728.0,,,sina:510880
2009-03-20,510880,,1.938,1.956,1.913,1.941,161590288.0,313340320.0,,,sina:510880
2009-03-23,510880,,1.943,1.994,1.941,1.982,145684768.0,287611040.0,,,sina:510880
2009-03-24,510880,,2.01,2.012,1.956,1.979,247867184.0,489974912.0,,,sina:510880
2009-03-25,510880,,1.97,1.98,1.924,1.926,140168624.0,274643040.0,,,sina:510880
2009-03-26,510880,,1.928,1.981,1.902,1.98,145652064.0,282181216.0,,,sina:510880
2009-03-27,510880,,1.99,2.027,1.978,2.007,193110256.0,386902752.0,,,sina:510880
2009-03-30,510880,,2.008,2.01,1.982,1.987,135041856.0,269777024.0,,,sina:510880
2009-03-31,510880,,1.955,1.988,1.928,1.987,186861872.0,365711264.0,,,sina:510880
2009-04-01,510880,,1.99,2.034,1.99,2.026,189266464.0,381083424.0,,,sina:510880
2009-04-02,510880,,2.03,2.069,2.03,2.048,179445920.0,368061888.0,,,sina:510880
2009-04-03,510880,,2.061,2.069,2.023,2.036,178944624.0,366232064.0,,,sina:510880
2009-04-07,510880,,2.032,2.061,2.023,2.041,117308160.0,239128960.0,,,sina:510880
2009-04-08,510880,,2.03,2.038,1.96,1.968,200584368.0,401067936.0,,,sina:510880
2009-04-09,510880,,1.971,1.987,1.946,1.985,195406752.0,384851040.0,,,sina:510880
2009-04-10,510880,,1.997,2.037,1.982,2.029,168012400.0,337988928.0,,,sina:510880
2009-04-13,510880,,2.042,2.112,2.042,2.104,184419712.0,383444192.0,,,sina:510880
2009-04-14,510880,,2.099,2.131,2.09,2.121,130453752.0,275538560.0,,,sina:510880
2009-04-15,510880,,2.11,2.144,2.092,2.138,228141760.0,483808064.0,,,sina:510880
2009-04-16,510880,,2.144,2.17,2.115,2.145,272955520.0,586507584.0,,,sina:510880
2009-04-17,510880,,2.132,2.149,2.096,2.121,307893920.0,655210176.0,,,sina:510880
2009-04-20,510880,,2.1,2.167,2.1,2.16,156527424.0,335931968.0,,,sina:510880
2009-04-21,510880,,2.14,2.159,2.104,2.143,295399680.0,630522752.0,,,sina:510880
2009-04-22,510880,,2.151,2.172,2.061,2.063,264560224.0,561233536.0,,,sina:510880
2009-04-23,510880,,2.056,2.087,2.035,2.076,247569440.0,509391072.0,,,sina:510880
2009-04-24,510880,,2.081,2.093,2.052,2.053,133535048.0,277497184.0,,,sina:510880
2009-04-27,510880,,2.046,2.054,1.98,1.985,194699696.0,391308320.0,,,sina:510880
2009-04-28,510880,,1.967,1.999,1.967,1.995,68346208.0,135896448.0,,,sina:510880
2009-04-29,510880,,2.0,2.058,1.99,2.049,135684688.0,275713600.0,,,sina:510880
2009-04-30,510880,,2.056,2.078,2.051,2.06,130365120.0,268898752.0,,,sina:510880
2009-05-04,510880,,2.067,2.146,2.067,2.145,138708768.0,294129888.0,,,sina:510880
2009-05-05,510880,,2.154,2.167,2.14,2.159,184342560.0,397100096.0,,,sina:510880
2009-05-06,510880,,2.152,2.201,2.15,2.191,192578224.0,420159936.0,,,sina:510880
2009-05-07,510880,,2.203,2.223,2.158,2.192,263401536.0,576779648.0,,,sina:510880
2009-05-08,510880,,2.173,2.211,2.154,2.198,210016608.0,458453600.0,,,sina:510880
2009-05-11,510880,,2.208,2.223,2.145,2.148,139909888.0,307343776.0,,,sina:510880
2009-05-12,510880,,2.132,2.204,2.13,2.202,174909856.0,377437184.0,,,sina:510880
2009-05-13,510880,,2.205,2.23,2.191,2.218,170461152.0,377012928.0,,,sina:510880
2009-05-14,510880,,2.2,2.211,2.172,2.203,165019392.0,362547360.0,,,sina:510880
2009-05-15,510880,,2.203,2.218,2.182,2.2,77007784.0,169433504.0,,,sina:510880
2009-05-18,510880,,2.198,2.222,2.161,2.216,64668192.0,141741616.0,,,sina:510880
2009-05-19,510880,,2.23,2.247,2.223,2.236,79142688.0,176978048.0,,,sina:510880
2009-05-20,510880,,2.239,2.25,2.212,2.214,64091136.0,143044176.0,,,sina:510880
2009-05-21,510880,,2.202,2.22,2.165,2.171,116457784.0,254692096.0,,,sina:510880
2009-05-22,510880,,2.165,2.183,2.151,2.162,52859340.0,114302256.0,,,sina:510880
2009-05-25,510880,,2.133,2.172,2.104,2.164,127032664.0,271990816.0,,,sina:510880
2009-05-26,510880,,2.164,2.171,2.131,2.137,48149868.0,103935280.0,,,sina:510880
2009-05-27,510880,,2.146,2.165,2.136,2.159,68613480.0,147731952.0,,,sina:510880
2009-06-01,510880,,2.181,2.224,2.177,2.221,72206960.0,158976048.0,,,sina:510880
2009-06-02,510880,,2.228,2.242,2.219,2.227,59319656.0,132419160.0,,,sina:510880
2009-06-03,510880,,2.22,2.268,2.22,2.266,67418608.0,151298416.0,,,sina:510880
2009-06-04,510880,,2.255,2.295,2.247,2.288,75860416.0,172431888.0,,,sina:510880
2009-06-05,510880,,2.292,2.299,2.26,2.263,110419944.0,252227872.0,,,sina:510880
2009-06-08,510880,,2.26,2.267,2.228,2.248,154072496.0,346000992.0,,,sina:510880
2009-06-09,510880,,2.244,2.253,2.205,2.249,101153672.0,225265008.0,,,sina:510880
2009-06-10,510880,,2.255,2.295,2.25,2.284,186668000.0,425183040.0,,,sina:510880
2009-06-11,510880,,2.285,2.296,2.255,2.27,161506560.0,367817728.0,,,sina:510880
2009-06-12,510880,,2.254,2.265,2.194,2.207,206868096.0,461830048.0,,,sina:510880
2009-06-15,510880,,2.215,2.234,2.195,2.232,92724664.0,205038432.0,,,sina:510880
2009-06-16,510880,,2.228,2.246,2.213,2.233,94004320.0,209791312.0,,,sina:510880
2009-06-17,510880,,2.233,2.274,2.218,2.268,72564080.0,162959632.0,,,sina:510880
2009-06-18,510880,,2.27,2.294,2.269,2.292,82936408.0,189483728.0,,,sina:510880
2009-06-19,510880,,2.292,2.305,2.272,2.298,140682880.0,322379040.0,,,sina:510880
2009-06-22,510880,,2.317,2.337,2.304,2.31,112922664.0,262125984.0,,,sina:510880
2009-06-23,510880,,2.288,2.35,2.275,2.322,87114136.0,201330272.0,,,sina:510880
2009-06-24,510880,,2.32,2.377,2.31,2.373,95242936.0,224683808.0,,,sina:510880
2009-06-25,510880,,2.379,2.392,2.361,2.368,137309360.0,326295328.0,,,sina:510880
2009-06-26,510880,,2.372,2.381,2.359,2.365,76142856.0,180410528.0,,,sina:510880
2009-06-29,510880,,2.36,2.391,2.348,2.39,49042688.0,116624536.0,,,sina:510880
2009-06-30,510880,,2.401,2.406,2.361,2.365,119097080.0,283464576.0,,,sina:510880
2009-07-01,510880,,2.36,2.411,2.355,2.409,90465680.0,216082784.0,,,sina:510880
2009-07-02,510880,,2.417,2.436,2.401,2.43,50238556.0,121519920.0,,,sina:510880
2009-07-03,510880,,2.42,2.47,2.412,2.457,86311976.0,210899440.0,,,sina:510880
2009-07-06,510880,,2.46,2.553,2.46,2.545,158846416.0,399748960.0,,,sina:510880
2009-07-07,510880,,2.541,2.578,2.519,2.529,131230376.0,333954464.0,,,sina:510880
2009-07-08,510880,,2.52,2.568,2.49,2.548,178094960.0,449446720.0,,,sina:510880
2009-07-09,510880,,2.549,2.605,2.545,2.604,125878608.0,324777824.0,,,sina:510880
2009-07-10,510880,,2.605,2.617,2.58,2.597,114273680.0,297112512.0,,,sina:510880
2009-07-13,510880,,2.577,2.597,2.558,2.559,46775992.0,120684752.0,,,sina:510880
2009-07-14,510880,,2.567,2.647,2.567,2.645,92809440.0,243433952.0,,,sina:510880
2009-07-15,510880,,2.66,2.729,2.658,2.712,79890192.0,216114336.0,,,sina:510880
2009-07-16,510880,,2.736,2.746,2.695,2.696,149368512.0,407034048.0,,,sina:510880
2009-07-17,510880,,2.7,2.724,2.689,2.713,114940816.0,311405504.0,,,sina:510880
2009-07-20,510880,,2.722,2.8,2.722,2.783,108206568.0,299810752.0,,,sina:510880
2009-07-21,510880,,2.791,2.797,2.725,2.73,143240240.0,396193376.0,,,sina:510880
2009-07-22,510880,,2.72,2.818,2.72,2.806,126591256.0,352516640.0,,,sina:510880
2009-07-23,510880,,2.81,2.827,2.8,2.824,77625456.0,218472384.0,,,sina:510880
2009-07-24,510880,,2.838,2.852,2.773,2.845,146381840.0,413524416.0,,,sina:510880
2009-07-27,510880,,2.845,2.91,2.845,2.908,103978792.0,299648032.0,,,sina:510880
2009-07-28,510880,,2.908,2.969,2.898,2.964,159824224.0,468191488.0,,,sina:510880
2009-07-29,510880,,2.965,2.99,2.7,2.83,207030846.0,597949400.0,,,sina:510880
2009-07-30,510880,,2.836,2.898,2.79,2.873,305534240.0,870359424.0,,,sina:510880
2009-07-31,510880,,2.899,2.978,2.888,2.971,168218368.0,491887936.0,,,sina:510880
2009-08-03,510880,,2.984,3.08,2.982,3.079,183743552.0,557830784.0,,,sina:510880
2009-08-04,510880,,3.096,3.133,3.052,3.121,292981472.0,905136256.0,,,sina:510880
2009-08-05,510880,,3.122,3.122,3.014,3.07,335692640.0,1029885184.0,,,sina:510880
2009-08-06,510880,,3.05,3.05,2.948,2.969,265813248.0,795317056.0,,,sina:510880
2009-08-07,510880,,2.969,3.019,2.838,2.849,350688192.0,1022585920.0,,,sina:510880
2009-08-10,510880,,2.89,2.91,2.809,2.877,199486048.0,569265344.0,,,sina:510880
2009-08-11,510880,,2.895,2.898,2.838,2.887,218688528.0,628754624.0,,,sina:510880
2009-08-12,510880,,2.878,2.878,2.727,2.736,241344896.0,676563584.0,,,sina:510880
2009-08-13,510880,,2.736,2.77,2.672,2.752,249644128.0,679583936.0,,,sina:510880
2009-08-14,510880,,2.742,2.763,2.66,2.665,207738064.0,562880960.0,,,sina:510880
2009-08-17,510880,,2.645,2.645,2.47,2.48,281955584.0,718050688.0,,,sina:510880
2009-08-18,510880,,2.469,2.565,2.45,2.552,261053904.0,656094016.0,,,sina:510880
2009-08-19,510880,,2.553,2.555,2.38,2.395,231635424.0,574996032.0,,,sina:510880
2009-08-20,510880,,2.4,2.504,2.4,2.503,192196880.0,472551328.0,,,sina:510880
2009-08-21,510880,,2.5,2.577,2.461,2.566,290816032.0,737881792.0,,,sina:510880
2009-08-24,510880,,2.58,2.605,2.551,2.587,181122672.0,466855360.0,,,sina:510880
2009-08-25,510880,,2.575,2.577,2.431,2.512,289363008.0,722279616.0,,,sina:510880
2009-08-26,510880,,2.47,2.593,2.47,2.58,129862576.0,332367264.0,,,sina:510880
2009-08-27,510880,,2.551,2.596,2.5,2.55,197273456.0,504455488.0,,,sina:510880
2009-08-28,510880,,2.545,2.561,2.443,2.47,181496880.0,450260352.0,,,sina:510880
2009-08-31,510880,,2.415,2.42,2.234,2.25,285133728.0,658771904.0,,,sina:510880
2009-09-01,510880,,2.25,2.316,2.228,2.259,201298704.0,457670656.0,,,sina:510880
2009-09-02,510880,,2.248,2.307,2.241,2.289,119365856.0,272167968.0,,,sina:510880
2009-09-03,510880,,2.291,2.449,2.289,2.435,160752912.0,381543328.0,,,sina:510880
2009-09-04,510880,,2.432,2.46,2.41,2.447,156991552.0,382349760.0,,,sina:510880
2009-09-07,510880,,2.46,2.494,2.432,2.449,145120944.0,358177088.0,,,sina:510880
2009-09-08,510880,,2.434,2.501,2.399,2.5,168076064.0,413122912.0,,,sina:510880
2009-09-09,510880,,2.52,2.546,2.475,2.538,316151680.0,794113024.0,,,sina:510880
2009-09-10,510880,,2.53,2.54,2.493,2.501,196191888.0,494464096.0,,,sina:510880
2009-09-11,510880,,2.5,2.561,2.49,2.545,170168288.0,431141920.0,,,sina:510880
2009-09-14,510880,,2.56,2.6,2.542,2.587,227106272.0,582672448.0,,,sina:510880
2009-09-15,510880,,2.598,2.626,2.56,2.599,188492480.0,488727360.0,,,sina:510880
2009-09-16,510880,,2.59,2.594,2.525,2.557,149001504.0,381233152.0,,,sina:510880
2009-09-17,510880,,2.562,2.615,2.562,2.613,156728816.0,407130368.0,,,sina:510880
2009-09-18,510880,,2.621,2.625,2.498,2.522,186879344.0,480442432.0,,,sina:510880
2009-09-21,510880,,2.482,2.523,2.442,2.519,111405120.0,276051616.0,,,sina:510880
2009-09-22,510880,,2.529,2.539,2.4,2.438,155140336.0,387214336.0,,,sina:510880
2009-09-23,510880,,2.431,2.469,2.381,2.386,123939432.0,300227936.0,,,sina:510880
2009-09-24,510880,,2.377,2.414,2.322,2.39,125391816.0,297483200.0,,,sina:510880
2009-09-25,510880,,2.38,2.395,2.351,2.375,105961824.0,251820416.0,,,sina:510880
2009-09-28,510880,,2.377,2.398,2.285,2.295,84073648.0,196820416.0,,,sina:510880
2009-09-29,510880,,2.301,2.315,2.253,2.291,107407680.0,245615568.0,,,sina:510880
2009-09-30,510880,,2.304,2.345,2.3,2.312,60737072.0,141037760.0,,,sina:510880
2009-10-09,510880,,2.361,2.435,2.361,2.434,81601824.0,196699152.0,,,sina:510880
2009-10-12,510880,,2.433,2.442,2.406,2.419,64844776.0,157493824.0,,,sina:510880
2009-10-13,510880,,2.418,2.475,2.409,2.469,98251280.0,241020480.0,,,sina:510880
2009-10-14,510880,,2.479,2.531,2.473,2.497,206345072.0,517009760.0,,,sina:510880
2009-10-15,510880,,2.52,2.54,2.497,2.514,134575888.0,339409024.0,,,sina:510880
2009-10-16,510880,,2.519,2.53,2.467,2.516,169852336.0,424404608.0,,,sina:510880
2009-10-19,510880,,2.515,2.584,2.5,2.581,242711408.0,619754880.0,,,sina:510880
2009-10-20,510880,,2.593,2.65,2.58,2.604,183688144.0,476683328.0,,,sina:510880
2009-10-21,510880,,2.6,2.615,2.584,2.592,186125024.0,484389856.0,,,sina:510880
2009-10-22,510880,,2.575,2.575,2.538,2.548,136809632.0,349428288.0,,,sina:510880
2009-10-23,510880,,2.552,2.609,2.551,2.585,149626576.0,386198240.0,,,sina:510880
2009-10-26,510880,,2.58,2.601,2.57,2.596,118467496.0,306570848.0,,,sina:510880
2009-10-27,510880,,2.57,2.582,2.521,2.527,124412832.0,318048160.0,,,sina:510880
2009-10-28,510880,,2.52,2.537,2.478,2.535,127880536.0,321142496.0,,,sina:510880
2009-10-29,510880,,2.491,2.515,2.472,2.481,109175280.0,272251456.0,,,sina:510880
2009-10-30,510880,,2.512,2.54,2.5,2.501,105792776.0,266528976.0,,,sina:510880
2009-11-02,510880,,2.436,2.575,2.436,2.574,106296400.0,267615200.0,,,sina:510880
2009-11-03,510880,,2.576,2.62,2.568,2.612,125524208.0,326862944.0,,,sina:510880
2009-11-04,510880,,2.616,2.648,2.602,2.633,139323856.0,365965152.0,,,sina:510880
2009-11-05,510880,,2.63,2.663,2.627,2.66,98072520.0,259443296.0,,,sina:510880
2009-11-06,510880,,2.676,2.703,2.676,2.689,177325504.0,477196672.0,,,sina:510880
2009-11-09,510880,,2.689,2.713,2.674,2.707,97100896.0,262030736.0,,,sina:510880
2009-11-10,510880,,2.728,2.735,2.707,2.709,102692944.0,279494464.0,,,sina:510880
2009-11-11,510880,,2.7,2.711,2.675,2.692,64310156.0,173277280.0,,,sina:510880
2009-11-12,510880,,2.696,2.726,2.689,2.698,54590336.0,147872704.0,,,sina:510880
2009-11-13,510880,,2.689,2.704,2.641,2.703,101204240.0,270997920.0,,,sina:510880
2009-11-16,510880,,2.714,2.796,2.714,2.788,99624096.0,275446112.0,,,sina:510880
2009-11-17,510880,,2.8,2.808,2.778,2.78,105663928.0,294815136.0,,,sina:510880
2009-11-18,510880,,2.796,2.804,2.776,2.79,61791580.0,172416720.0,,,sina:510880
2009-11-19,510880,,2.794,2.818,2.776,2.815,159603232.0,446047424.0,,,sina:510880
2009-11-20,510880,,2.805,2.82,2.783,2.796,103094048.0,288971072.0,,,sina:510880
2009-11-23,510880,,2.8,2.839,2.8,2.838,76947144.0,216742752.0,,,sina:510880
2009-11-24,510880,,2.846,2.895,2.75,2.76,182601184.0,517860160.0,,,sina:510880
2009-11-25,510880,,2.755,2.843,2.731,2.839,192995744.0,537628992.0,,,sina:510880
2009-11-26,510880,,2.85,2.863,2.711,2.719,219079744.0,609864448.0,,,sina:510880
2009-11-27,510880,,2.699,2.718,2.63,2.639,194838912.0,520149600.0,,,sina:510880
2009-11-30,510880,,2.66,2.748,2.66,2.744,120658552.0,326050112.0,,,sina:510880
2009-12-01,510880,,2.733,2.798,2.725,2.797,164142064.0,453380480.0,,,sina:510880
2009-12-02,510880,,2.814,2.828,2.792,2.815,105648024.0,296996768.0,,,sina:510880
2009-12-03,510880,,2.81,2.84,2.793,2.834,111793928.0,314932928.0,,,sina:510880
2009-12-04,510880,,2.824,2.864,2.773,2.861,123806912.0,350372960.0,,,sina:510880
2009-12-07,510880,,2.86,2.88,2.85,2.877,83892880.0,240279088.0,,,sina:510880
2009-12-08,510880,,2.88,2.883,2.814,2.855,136382608.0,388150112.0,,,sina:510880
2009-12-09,510880,,2.819,2.845,2.792,2.803,124156536.0,350144704.0,,,sina:510880
2009-12-10,510880,,2.82,2.844,2.783,2.81,95356632.0,267793264.0,,,sina:510880
2009-12-11,510880,,2.819,2.84,2.797,2.8,75547808.0,213058304.0,,,sina:510880
2009-12-14,510880,,2.79,2.849,2.743,2.832,116053528.0,324768928.0,,,sina:510880
2009-12-15,510880,,2.824,2.856,2.785,2.83,99072808.0,281246080.0,,,sina:510880
2009-12-16,510880,,2.825,2.854,2.8,2.803,74099000.0,209313264.0,,,sina:510880
2009-12-17,510880,,2.809,2.82,2.73,2.732,87254616.0,240758400.0,,,sina:510880
2009-12-18,510880,,2.715,2.732,2.672,2.685,103953144.0,280723296.0,,,sina:510880
2009-12-21,510880,,2.674,2.696,2.65,2.687,61608944.0,164704624.0,,,sina:510880
2009-12-22,510880,,2.685,2.697,2.611,2.62,56208700.0,149210064.0,,,sina:510880
2009-12-23,510880,,2.617,2.648,2.605,2.645,72122888.0,189552864.0,,,sina:510880
2009-12-24,510880,,2.645,2.74,2.64,2.725,106283680.0,287228768.0,,,sina:510880
2009-12-25,510880,,2.72,2.727,2.699,2.715,51427728.0,139590096.0,,,sina:510880
2009-12-28,510880,,2.723,2.776,2.718,2.766,40723512.0,112314144.0,,,sina:510880
2009-12-29,510880,,2.77,2.77,2.728,2.767,71272496.0,196091232.0,,,sina:510880
2009-12-30,510880,,2.768,2.813,2.761,2.806,326759424.0,914224576.0,,,sina:510880
2009-12-31,510880,,2.809,2.825,2.795,2.818,59553832.0,167584256.0,,,sina:510880
2010-01-04,510880,,2.822,2.832,2.775,2.777,53164968.0,149144736.0,,,sina:510880
2010-01-05,510880,,2.78,2.822,2.755,2.813,68140920.0,190006736.0,,,sina:510880
2010-01-06,510880,,2.813,2.845,2.792,2.808,69182527.0,195424933.0,,,sina:510880
2010-01-07,510880,,2.798,2.812,2.718,2.738,120775344.0,334114112.0,,,sina:510880
2010-01-08,510880,,2.721,2.744,2.699,2.739,83522064.0,227043936.0,,,sina:510880
2010-01-11,510880,,2.835,2.845,2.721,2.741,139225056.0,385116160.0,,,sina:510880
2010-01-12,510880,,2.735,2.784,2.7,2.782,88010674.0,240989219.0,,,sina:510880
2010-01-13,510880,,2.721,2.737,2.666,2.674,128578072.0,347486400.0,,,sina:510880
2010-01-14,510880,,2.687,2.72,2.67,2.71,115097760.0,309292160.0,,,sina:510880
2010-01-15,510880,,2.714,2.736,2.693,2.718,46517492.0,126133552.0,,,sina:510880
2010-01-18,510880,,2.71,2.73,2.7,2.727,66993120.0,182031232.0,,,sina:510880
2010-01-19,510880,,2.736,2.76,2.73,2.732,77476976.0,212668592.0,,,sina:510880
2010-01-20,510880,,2.733,2.75,2.64,2.65,105980032.0,285212704.0,,,sina:510880
2010-01-21,510880,,2.653,2.67,2.638,2.655,112426624.0,298222592.0,,,sina:510880
2010-01-22,510880,,2.625,2.668,2.585,2.654,97439280.0,255746160.0,,,sina:510880
2010-01-25,510880,,2.628,2.654,2.6,2.608,175498496.0,460442976.0,,,sina:510880
2010-01-26,510880,,2.608,2.62,2.535,2.542,102096632.0,262357152.0,,,sina:510880
2010-01-27,510880,,2.545,2.554,2.495,2.507,53429420.0,135082976.0,,,sina:510880
2010-01-28,510880,,2.511,2.518,2.483,2.492,133537176.0,333614432.0,,,sina:510880
2010-01-29,510880,,2.49,2.523,2.478,2.49,62634120.0,157029504.0,,,sina:510880
2010-02-01,510880,,2.486,2.494,2.428,2.449,54271304.0,133059432.0,,,sina:510880
2010-02-02,510880,,2.45,2.493,2.443,2.447,25684508.0,63462788.0,,,sina:510880
2010-02-03,510880,,2.455,2.524,2.418,2.516,66720916.0,165700816.0,,,sina:510880
2010-02-04,510880,,2.495,2.521,2.482,2.504,22887292.0,57252860.0,,,sina:510880
2010-02-05,510880,,2.45,2.465,2.437,2.449,26964516.0,66016068.0,,,sina:510880
2010-02-08,510880,,2.443,2.462,2.436,2.451,15343683.0,37574596.0,,,sina:510880
2010-02-09,510880,,2.449,2.475,2.44,2.464,12396203.0,30496200.0,,,sina:510880
2010-02-10,510880,,2.476,2.495,2.47,2.491,11993132.0,29753344.0,,,sina:510880
2010-02-11,510880,,2.491,2.503,2.48,2.493,24655696.0,61482212.0,,,sina:510880
2010-02-12,510880,,2.496,2.521,2.496,2.519,12351673.0,31046884.0,,,sina:510880
2010-02-22,510880,,2.521,2.532,2.51,2.511,33048152.0,83380744.0,,,sina:510880
2010-02-23,510880,,2.505,2.505,2.465,2.489,13059143.0,32386584.0,,,sina:510880
2010-02-24,510880,,2.474,2.526,2.462,2.522,25447720.0,63725520.0,,,sina:510880
2010-02-25,510880,,2.53,2.556,2.526,2.555,31488976.0,80156984.0,,,sina:510880
2010-02-26,510880,,2.541,2.561,2.532,2.536,25820846.0,65782160.0,,,sina:510880
2010-03-01,510880,,2.537,2.578,2.537,2.571,29118192.0,74595296.0,,,sina:510880
2010-03-02,510880,,2.576,2.587,2.548,2.556,20979820.0,53829128.0,,,sina:510880
2010-03-03,510880,,2.553,2.575,2.546,2.571,30562532.0,78229920.0,,,sina:510880
2010-03-04,510880,,2.566,2.58,2.51,2.513,42450260.0,107970288.0,,,sina:510880
2010-03-05,510880,,2.515,2.534,2.51,2.52,35880044.0,90480128.0,,,sina:510880
2010-03-08,510880,,2.52,2.555,2.519,2.545,29595728.0,75251240.0,,,sina:510880
2010-03-09,510880,,2.537,2.578,2.524,2.558,48177996.0,122889576.0,,,sina:510880
2010-03-10,510880,,2.558,2.577,2.537,2.545,36761536.0,93998392.0,,,sina:510880
2010-03-11,510880,,2.542,2.564,2.527,2.552,23368832.0,59556440.0,,,sina:510880
2010-03-12,510880,,2.55,2.556,2.511,2.513,27505456.0,69604304.0,,,sina:510880
2010-03-15,510880,,2.51,2.513,2.469,2.485,29055608.0,72162184.0,,,sina:510880
2010-03-16,510880,,2.485,2.489,2.467,2.487,14534595.0,36041988.0,,,sina:510880
2010-03-17,510880,,2.494,2.53,2.488,2.53,22033268.0,55363520.0,,,sina:510880
2010-03-18,510880,,2.535,2.537,2.51,2.526,13928107.0,35197168.0,,,sina:510880
2010-03-19,510880,,2.526,2.54,2.506,2.539,24053266.0,60633528.0,,,sina:510880
2010-03-22,510880,,2.539,2.551,2.526,2.544,22042584.0,56049496.0,,,sina:510880
2010-03-23,510880,,2.54,2.554,2.525,2.526,25541188.0,64908448.0,,,sina:510880
2010-03-24,510880,,2.527,2.545,2.522,2.529,16772046.0,42510292.0,,,sina:510880
2010-03-25,510880,,2.523,2.524,2.496,2.502,12194931.0,30529582.0,,,sina:510880
2010-03-26,510880,,2.497,2.56,2.496,2.543,33815472.0,85832952.0,,,sina:510880
2010-03-29,510880,,2.55,2.607,2.55,2.603,54678916.0,141486464.0,,,sina:510880
2010-03-30,510880,,2.602,2.605,2.587,2.604,31034880.0,80616224.0,,,sina:510880
2010-03-31,510880,,2.602,2.602,2.575,2.582,14693279.0,38037568.0,,,sina:510880
2010-04-01,510880,,2.581,2.616,2.581,2.612,26480294.0,68994456.0,,,sina:510880
2010-04-02,510880,,2.615,2.63,2.611,2.625,15036456.0,39422808.0,,,sina:510880
2010-04-06,510880,,2.622,2.655,2.622,2.633,25478148.0,67265648.0,,,sina:510880
2010-04-07,510880,,2.63,2.636,2.603,2.617,23347668.0,61242780.0,,,sina:510880
2010-04-08,510880,,2.614,2.615,2.58,2.583,16844842.0,43752680.0,,,sina:510880
2010-04-09,510880,,2.582,2.605,2.58,2.601,24741040.0,64279264.0,,,sina:510880
2010-04-12,510880,,2.61,2.61,2.564,2.569,15563393.0,40186520.0,,,sina:510880
2010-04-13,510880,,2.569,2.617,2.566,2.612,43746388.0,113515216.0,,,sina:510880
2010-04-14,510880,,2.612,2.619,2.603,2.612,33739412.0,88099456.0,,,sina:510880
2010-04-15,510880,,2.617,2.63,2.599,2.612,35330716.0,92337128.0,,,sina:510880
2010-04-16,510880,,2.61,2.61,2.575,2.577,23928226.0,61964184.0,,,sina:510880
2010-04-19,510880,,2.553,2.558,2.443,2.453,49403736.0,123234640.0,,,sina:510880
2010-04-20,510880,,2.453,2.464,2.428,2.446,47546320.0,115981416.0,,,sina:510880
2010-04-21,510880,,2.447,2.486,2.433,2.486,24467576.0,60139380.0,,,sina:510880
2010-04-22,510880,,2.471,2.471,2.425,2.431,31923240.0,77820944.0,,,sina:510880
2010-04-23,510880,,2.43,2.455,2.412,2.419,29622200.0,71800408.0,,,sina:510880
2010-04-26,510880,,2.42,2.431,2.397,2.397,14131367.0,34112292.0,,,sina:510880
2010-04-27,510880,,2.396,2.396,2.332,2.349,41138896.0,96768296.0,,,sina:510880
2010-04-28,510880,,2.34,2.367,2.32,2.352,52471048.0,123481872.0,,,sina:510880
2010-04-29,510880,,2.357,2.38,2.338,2.338,23207314.0,54744828.0,,,sina:510880
2010-04-30,510880,,2.333,2.379,2.308,2.357,30415136.0,70864496.0,,,sina:510880
2010-05-04,510880,,2.317,2.337,2.309,2.323,28778946.0,66976560.0,,,sina:510880
2010-05-05,510880,,2.316,2.338,2.278,2.337,21858420.0,50486456.0,,,sina:510880
2010-05-06,510880,,2.311,2.325,2.228,2.232,52206164.0,118306568.0,,,sina:510880
2010-05-07,510880,,2.12,2.224,2.12,2.201,35113128.0,77113232.0,,,sina:510880
2010-05-10,510880,,2.201,2.223,2.175,2.213,22572240.0,49717792.0,,,sina:510880
2010-05-11,510880,,2.263,2.265,2.17,2.185,39960496.0,89012808.0,,,sina:510880
2010-05-12,510880,,2.16,2.216,2.151,2.215,10352765.0,22673730.0,,,sina:510880
2010-05-13,510880,,2.209,2.26,2.191,2.259,13561768.0,30260616.0,,,sina:510880
2010-05-14,510880,,2.245,2.25,2.23,2.237,7539880.0,16889618.0,,,sina:510880
2010-05-17,510880,,2.216,2.216,2.135,2.142,16592361.0,36257096.0,,,sina:510880
2010-05-18,510880,,2.154,2.188,2.13,2.185,19112092.0,41368688.0,,,sina:510880
2010-05-19,510880,,2.174,2.2,2.138,2.159,8298881.0,18046636.0,,,sina:510880
2010-05-20,510880,,2.15,2.19,2.145,2.148,6709893.0,14536568.0,,,sina:510880
2010-05-21,510880,,2.116,2.174,2.075,2.171,24901488.0,53137212.0,,,sina:510880
2010-05-24,510880,,2.176,2.25,2.176,2.245,14711792.0,32760142.0,,,sina:510880
2010-05-25,510880,,2.226,2.229,2.183,2.194,11275109.0,24893140.0,,,sina:510880
2010-05-26,510880,,2.196,2.209,2.18,2.184,6492344.0,14223414.0,,,sina:510880
2010-05-27,510880,,2.184,2.229,2.157,2.222,14959148.0,32938452.0,,,sina:510880
2010-05-28,510880,,2.235,2.25,2.203,2.217,8742845.0,19493428.0,,,sina:510880
2010-05-31,510880,,2.2,2.224,2.16,2.162,7515352.0,16488858.0,,,sina:510880
2010-06-01,510880,,2.154,2.189,2.123,2.14,20648828.0,44159532.0,,,sina:510880
2010-06-02,510880,,2.14,2.141,2.11,2.138,11103931.0,23578176.0,,,sina:510880
2010-06-03,510880,,2.131,2.175,2.131,2.137,88489168.0,191041344.0,,,sina:510880
2010-06-04,510880,,2.135,2.137,2.115,2.136,4454980.0,9480648.0,,,sina:510880
2010-06-07,510880,,2.115,2.115,2.077,2.081,10687133.0,22331180.0,,,sina:510880
2010-06-08,510880,,2.078,2.1,2.075,2.086,10764179.0,22492342.0,,,sina:510880
2010-06-09,510880,,2.099,2.152,2.08,2.145,26520286.0,56023136.0,,,sina:510880
2010-06-10,510880,,2.137,2.14,2.12,2.125,4789655.0,10189372.0,,,sina:510880
2010-06-11,510880,,2.137,2.143,2.131,2.139,6267163.0,13395980.0,,,sina:510880
2010-06-17,510880,,2.146,2.15,2.12,2.122,6235887.0,13316900.0,,,sina:510880
2010-06-18,510880,,2.111,2.128,2.094,2.1,5078397.0,10716085.0,,,sina:510880
2010-06-21,510880,,2.1,2.151,2.092,2.147,12531246.0,26700636.0,,,sina:510880
2010-06-22,510880,,2.143,2.151,2.133,2.143,8343166.0,17876496.0,,,sina:510880
2010-06-23,510880,,2.139,2.144,2.111,2.123,3639350.0,7751840.0,,,sina:510880
2010-06-24,510880,,2.13,2.15,2.112,2.131,4105709.0,8748822.0,,,sina:510880
2010-06-25,510880,,2.125,2.144,2.109,2.117,5559668.0,11781490.0,,,sina:510880
2010-06-28,510880,,2.109,2.123,2.104,2.11,3817048.0,8066308.0,,,sina:510880
2010-06-29,510880,,2.115,2.117,2.01,2.021,11220842.0,23025454.0,,,sina:510880
2010-06-30,510880,,2.01,2.013,1.994,1.995,9128174.0,18275376.0,,,sina:510880
2010-07-01,510880,,1.983,2.005,1.968,1.97,4883833.0,9714465.0,,,sina:510880
2010-07-02,510880,,1.979,1.994,1.938,1.979,10965714.0,21549240.0,,,sina:510880
2010-07-05,510880,,1.968,1.999,1.939,1.961,8841257.0,17351384.0,,,sina:510880
2010-07-06,510880,,1.955,2.007,1.954,2.006,64715996.0,128560216.0,,,sina:510880
2010-07-07,510880,,2.008,2.008,1.972,2.006,12488158.0,24938548.0,,,sina:510880
2010-07-08,510880,,2.01,2.023,1.995,2.006,5364272.0,10779051.0,,,sina:510880
2010-07-09,510880,,2.009,2.066,1.991,2.06,8959741.0,18295624.0,,,sina:510880
2010-07-12,510880,,2.064,2.101,2.052,2.086,13118058.0,27310204.0,,,sina:510880
2010-07-13,510880,,2.084,2.084,2.044,2.054,6789790.0,13957888.0,,,sina:510880
2010-07-14,510880,,2.058,2.09,2.058,2.069,13772953.0,28516688.0,,,sina:510880
2010-07-15,510880,,2.059,2.079,2.011,2.012,5880793.0,12010420.0,,,sina:510880
2010-07-16,510880,,2.007,2.025,1.98,2.024,9009355.0,18037216.0,,,sina:510880
2010-07-19,510880,,2.01,2.08,2.002,2.069,30767144.0,63217020.0,,,sina:510880
2010-07-20,510880,,2.065,2.109,2.065,2.107,16642886.0,34876736.0,,,sina:510880
2010-07-21,510880,,2.1,2.125,2.097,2.109,21069396.0,44525364.0,,,sina:510880
2010-07-22,510880,,2.1,2.133,2.09,2.128,12149219.0,25780976.0,,,sina:510880
2010-07-23,510880,,2.128,2.149,2.122,2.139,25585822.0,54596708.0,,,sina:510880
2010-07-26,510880,,2.137,2.148,2.115,2.141,11802174.0,25162448.0,,,sina:510880
2010-07-27,510880,,2.138,2.143,2.124,2.133,6037422.0,12887034.0,,,sina:510880
2010-07-28,510880,,2.13,2.187,2.118,2.184,26490048.0,57360096.0,,,sina:510880
2010-07-29,510880,,2.183,2.212,2.18,2.2,23404194.0,51377248.0,,,sina:510880
2010-07-30,510880,,2.199,2.199,2.166,2.187,18247238.0,39827120.0,,,sina:510880
2010-08-02,510880,,2.188,2.239,2.176,2.225,31316372.0,69108968.0,,,sina:510880
2010-08-03,510880,,2.228,2.23,2.188,2.19,18702248.0,41412812.0,,,sina:510880
2010-08-04,510880,,2.184,2.215,2.152,2.201,29612300.0,64586820.0,,,sina:510880
2010-08-05,510880,,2.198,2.198,2.151,2.164,13474854.0,29239060.0,,,sina:510880
2010-08-06,510880,,2.159,2.201,2.141,2.2,36574996.0,79549024.0,,,sina:510880
2010-08-09,510880,,2.205,2.209,2.185,2.202,20086728.0,44156956.0,,,sina:510880
2010-08-10,510880,,2.202,2.212,2.143,2.144,20094048.0,43990076.0,,,sina:510880
2010-08-11,510880,,2.14,2.161,2.14,2.149,12554055.0,26973248.0,,,sina:510880
2010-08-12,510880,,2.136,2.149,2.121,2.123,7227199.0,15437452.0,,,sina:510880
2010-08-13,510880,,2.123,2.155,2.118,2.149,7402694.0,15793197.0,,,sina:510880
2010-08-16,510880,,2.15,2.202,2.138,2.197,12553476.0,27435776.0,,,sina:510880
2010-08-17,510880,,2.202,2.209,2.188,2.2,8201763.0,18030372.0,,,sina:510880
2010-08-18,510880,,2.199,2.211,2.186,2.191,12974236.0,28487632.0,,,sina:510880
2010-08-19,510880,,2.193,2.215,2.184,2.202,8479533.0,18666792.0,,,sina:510880
2010-08-20,510880,,2.188,2.204,2.165,2.176,34164712.0,74429512.0,,,sina:510880
2010-08-23,510880,,2.158,2.179,2.15,2.155,22678632.0,48842648.0,,,sina:510880
2010-08-24,510880,,2.155,2.185,2.138,2.163,16914582.0,36663092.0,,,sina:510880
2010-08-25,510880,,2.158,2.162,2.108,2.112,8797883.0,18755298.0,,,sina:510880
2010-08-26,510880,,2.113,2.132,2.113,2.115,5945399.0,12613864.0,,,sina:510880
2010-08-27,510880,,2.114,2.127,2.101,2.124,4461086.0,9449840.0,,,sina:510880
2010-08-30,510880,,2.134,2.162,2.134,2.155,12765001.0,27482204.0,,,sina:510880
2010-08-31,510880,,2.15,2.152,2.132,2.137,6395080.0,13694830.0,,,sina:510880
2010-09-01,510880,,2.139,2.174,2.126,2.134,15785043.0,33879300.0,,,sina:510880
2010-09-02,510880,,2.158,2.158,2.141,2.156,15647526.0,33651292.0,,,sina:510880
2010-09-03,510880,,2.151,2.157,2.133,2.144,9345008.0,20012700.0,,,sina:510880
2010-09-06,510880,,2.156,2.199,2.15,2.194,18647430.0,40574808.0,,,sina:510880
2010-09-07,510880,,2.199,2.204,2.181,2.191,9044573.0,19836990.0,,,sina:510880
2010-09-08,510880,,2.181,2.186,2.17,2.183,7262467.0,15803778.0,,,sina:510880
2010-09-09,510880,,2.185,2.185,2.145,2.154,10648646.0,22989160.0,,,sina:510880
2010-09-10,510880,,2.155,2.17,2.127,2.147,6517595.0,13949758.0,,,sina:510880
2010-09-13,510880,,2.146,2.168,2.139,2.164,8345734.0,17984520.0,,,sina:510880
2010-09-14,510880,,2.164,2.175,2.15,2.158,8984861.0,19410660.0,,,sina:510880
2010-09-15,510880,,2.156,2.158,2.131,2.133,3824827.0,8200071.0,,,sina:510880
2010-09-16,510880,,2.129,2.139,2.072,2.082,8497632.0,17836176.0,,,sina:510880
2010-09-17,510880,,2.09,2.097,2.076,2.078,3153463.0,6577532.0,,,sina:510880
2010-09-20,510880,,2.085,2.093,2.071,2.081,4409644.0,9186541.0,,,sina:510880
2010-09-21,510880,,2.089,2.09,2.076,2.082,2705771.0,5627402.0,,,sina:510880
2010-09-27,510880,,2.083,2.1,2.082,2.1,3982055.0,8327653.0,,,sina:510880
2010-09-28,510880,,2.1,2.1,2.076,2.079,1656828.0,3456630.0,,,sina:510880
2010-09-29,510880,,2.08,2.102,2.079,2.084,3605537.0,7539361.0,,,sina:510880
2010-09-30,510880,,2.079,2.13,2.075,2.121,6884454.0,14528864.0,,,sina:510880
2010-10-08,510880,,2.14,2.196,2.131,2.186,10905850.0,23699386.0,,,sina:510880
2010-10-11,510880,,2.19,2.265,2.19,2.25,23239536.0,52065888.0,,,sina:510880
2010-10-12,510880,,2.248,2.28,2.232,2.273,16077043.0,36272716.0,,,sina:510880
2010-10-13,510880,,2.274,2.296,2.26,2.29,12141761.0,27732838.0,,,sina:510880
2010-10-14,510880,,2.303,2.343,2.302,2.322,19508060.0,45283120.0,,,sina:510880
2010-10-15,510880,,2.303,2.416,2.3,2.415,32683278.0,77582560.0,,,sina:510880
2010-10-18,510880,,2.429,2.48,2.4,2.41,87402728.0,213003168.0,,,sina:510880
2010-10-19,510880,,2.41,2.445,2.39,2.445,20387948.0,49264524.0,,,sina:510880
2010-10-20,510880,,2.41,2.475,2.398,2.45,77359064.0,189149952.0,,,sina:510880
2010-10-21,510880,,2.453,2.465,2.408,2.422,51231984.0,124618632.0,,,sina:510880
2010-10-22,510880,,2.4,2.419,2.388,2.396,13921724.0,33435864.0,,,sina:510880
2010-10-25,510880,,2.394,2.452,2.39,2.451,31763808.0,77352368.0,,,sina:510880
2010-10-26,510880,,2.452,2.465,2.419,2.431,14565755.0,35537412.0,,,sina:510880
2010-10-27,510880,,2.419,2.453,2.411,2.417,30495140.0,74419896.0,,,sina:510880
2010-10-28,510880,,2.407,2.428,2.4,2.417,15229484.0,36801064.0,,,sina:510880
2010-10-29,510880,,2.418,2.425,2.375,2.381,34481024.0,82729904.0,,,sina:510880
2010-11-01,510880,,2.382,2.451,2.382,2.449,40270028.0,98075272.0,,,sina:510880
2010-11-02,510880,,2.445,2.472,2.38,2.436,37476072.0,91482504.0,,,sina:510880
2010-11-03,510880,,2.43,2.45,2.416,2.419,50121764.0,121986080.0,,,sina:510880
2010-11-04,510880,,2.419,2.46,2.419,2.453,23368468.0,57125464.0,,,sina:510880
2010-11-05,510880,,2.48,2.496,2.461,2.478,22289100.0,55222120.0,,,sina:510880
2010-11-08,510880,,2.485,2.514,2.475,2.508,10075955.0,25155282.0,,,sina:510880
2010-11-09,510880,,2.509,2.509,2.473,2.484,16246336.0,40409560.0,,,sina:510880
2010-11-10,510880,,2.477,2.478,2.446,2.457,27953816.0,68685080.0,,,sina:510880
2010-11-11,510880,,2.454,2.507,2.451,2.471,31839020.0,79268864.0,,,sina:510880
2010-11-12,510880,,2.469,2.474,2.348,2.353,37842108.0,92055504.0,,,sina:510880
2010-11-15,510880,,2.366,2.37,2.309,2.366,48478944.0,112968888.0,,,sina:510880
2010-11-16,510880,,2.361,2.361,2.265,2.269,12280402.0,28421688.0,,,sina:510880
2010-11-17,510880,,2.258,2.269,2.228,2.232,27376302.0,61632744.0,,,sina:510880
2010-11-18,510880,,2.247,2.263,2.23,2.254,8649569.0,19476776.0,,,sina:510880
2010-11-19,510880,,2.267,2.275,2.203,2.274,9146807.0,20513884.0,,,sina:510880
2010-11-22,510880,,2.257,2.273,2.233,2.247,28505392.0,64266792.0,,,sina:510880
2010-11-23,510880,,2.24,2.24,2.186,2.217,29461988.0,65065560.0,,,sina:510880
2010-11-24,510880,,2.195,2.233,2.195,2.225,10469769.0,23181278.0,,,sina:510880
2010-11-25,510880,,2.229,2.254,2.222,2.25,9309481.0,20855658.0,,,sina:510880
2010-11-26,510880,,2.246,2.259,2.228,2.24,29449816.0,66108036.0,,,sina:510880
2010-11-29,510880,,2.23,2.234,2.211,2.22,2394180.0,5316834.0,,,sina:510880
2010-11-30,510880,,2.22,2.237,2.153,2.194,46922552.0,103017680.0,,,sina:510880
2010-12-01,510880,,2.193,2.209,2.171,2.2,4326572.0,9471796.0,,,sina:510880
2010-12-02,510880,,2.227,2.249,2.213,2.213,27081792.0,60315264.0,,,sina:510880
2010-12-03,510880,,2.214,2.218,2.196,2.209,3895709.0,8599164.0,,,sina:510880
2010-12-06,510880,,2.212,2.225,2.201,2.216,5571134.0,12320684.0,,,sina:510880
2010-12-07,510880,,2.201,2.236,2.18,2.229,5626881.0,12416420.0,,,sina:510880
2010-12-08,510880,,2.235,2.235,2.202,2.205,13099341.0,28919494.0,,,sina:510880
2010-12-09,510880,,2.21,2.21,2.18,2.181,5072688.0,11122084.0,,,sina:510880
2010-12-10,510880,,2.172,2.204,2.168,2.192,12081290.0,26287580.0,,,sina:510880
2010-12-13,510880,,2.191,2.26,2.191,2.258,27057640.0,60321728.0,,,sina:510880
2010-12-14,510880,,2.263,2.273,2.251,2.258,26276876.0,59393496.0,,,sina:510880
2010-12-15,510880,,2.256,2.274,2.248,2.252,30190780.0,68289688.0,,,sina:510880
2010-12-16,510880,,2.25,2.259,2.246,2.25,24644546.0,55573092.0,,,sina:510880
2010-12-17,510880,,2.24,2.251,2.238,2.245,1905126.0,4272357.0,,,sina:510880
2010-12-20,510880,,2.252,2.26,2.177,2.204,7173164.0,15873940.0,,,sina:510880
2010-12-21,510880,,2.216,2.262,2.201,2.253,4706119.0,10541365.0,,,sina:510880
2010-12-22,510880,,2.244,2.263,2.226,2.234,2135028.0,4797559.0,,,sina:510880
2010-12-23,510880,,2.237,2.26,2.227,2.237,3623567.0,8122821.0,,,sina:510880
2010-12-24,510880,,2.228,2.228,2.205,2.214,2584611.0,5735115.0,,,sina:510880
2010-12-27,510880,,2.22,2.253,2.18,2.181,4279144.0,9475843.0,,,sina:510880
2010-12-28,510880,,2.165,2.188,2.15,2.154,8231619.0,17814176.0,,,sina:510880
2010-12-29,510880,,2.159,2.16,2.138,2.151,2561940.0,5497817.0,,,sina:510880
2010-12-30,510880,,2.151,2.164,2.135,2.154,27376156.0,58625592.0,,,sina:510880
2010-12-31,510880,,2.16,2.179,2.146,2.178,13264155.0,28766276.0,,,sina:510880
2011-01-04,510880,,2.182,2.235,2.182,2.22,4013813.0,8866536.0,,,sina:510880
2011-01-05,510880,,2.208,2.224,2.198,2.22,23318194.0,51678472.0,,,sina:510880
2011-01-06,510880,,2.22,2.225,2.205,2.206,1487420.0,3289709.0,,,sina:510880
2011-01-07,510880,,2.201,2.245,2.193,2.222,6140966.0,13676364.0,,,sina:510880
2011-01-10,510880,,2.208,2.229,2.184,2.192,26574136.0,58465152.0,,,sina:510880
2011-01-11,510880,,2.188,2.212,2.183,2.21,4345967.0,9530972.0,,,sina:510880
2011-01-12,510880,,2.215,2.23,2.201,2.22,2174463.0,4820281.0,,,sina:510880
2011-01-13,510880,,2.228,2.236,2.216,2.221,2404627.0,5349810.0,,,sina:510880
2011-01-14,510880,,2.224,2.224,2.193,2.203,2621183.0,5778558.0,,,sina:510880
2011-01-17,510880,,2.202,2.202,2.133,2.14,31902632.0,68452448.0,,,sina:510880
2011-01-18,510880,,2.139,2.14,2.123,2.131,2997531.0,6385533.0,,,sina:510880
2011-01-19,510880,,2.133,2.175,2.124,2.169,3046061.0,6552687.0,,,sina:510880
2011-01-20,510880,,2.165,2.168,2.109,2.11,4302946.0,9145904.0,,,sina:510880
2011-01-21,510880,,2.111,2.163,2.108,2.136,3161237.0,6738349.0,,,sina:510880
2011-01-24,510880,,2.138,2.146,2.118,2.127,2292563.0,4888455.0,,,sina:510880
2011-01-25,510880,,2.127,2.134,2.113,2.12,2017711.0,4281408.0,,,sina:510880
2011-01-26,510880,,2.12,2.134,2.12,2.128,1779403.0,3785281.0,,,sina:510880
2011-01-27,510880,,2.12,2.17,2.11,2.163,3385078.0,7284217.0,,,sina:510880
2011-01-28,510880,,2.16,2.172,2.151,2.169,2260738.0,4890470.0,,,sina:510880
2011-01-31,510880,,2.168,2.187,2.165,2.186,1165725.0,2540780.0,,,sina:510880
2011-02-01,510880,,2.19,2.195,2.182,2.191,2043036.0,4473382.0,,,sina:510880
2011-02-09,510880,,2.183,2.198,2.169,2.17,2439088.0,5316495.0,,,sina:510880
2011-02-10,510880,,2.17,2.2,2.155,2.198,5463496.0,11931952.0,,,sina:510880
2011-02-11,510880,,2.197,2.204,2.185,2.2,2062862.0,4533144.0,,,sina:510880
2011-02-14,510880,,2.2,2.292,2.2,2.283,34471028.0,77946400.0,,,sina:510880
2011-02-15,510880,,2.284,2.305,2.278,2.278,29873976.0,68568440.0,,,sina:510880
2011-02-16,510880,,2.275,2.294,2.268,2.292,6531857.0,14882041.0,,,sina:510880
2011-02-17,510880,,2.293,2.305,2.277,2.288,3604646.0,8259656.0,,,sina:510880
2011-02-18,510880,,2.284,2.288,2.263,2.27,10001987.0,22749016.0,,,sina:510880
2011-02-21,510880,,2.265,2.305,2.259,2.305,6791504.0,15584894.0,,,sina:510880
2011-02-22,510880,,2.304,2.31,2.24,2.243,26142496.0,59863560.0,,,sina:510880
2011-02-23,510880,,2.239,2.246,2.234,2.243,3267664.0,7321179.0,,,sina:510880
2011-02-24,510880,,2.244,2.266,2.236,2.257,2857579.0,6435244.0,,,sina:510880
2011-02-25,510880,,2.261,2.275,2.24,2.264,2485057.0,5605628.0,,,sina:510880
2011-02-28,510880,,2.266,2.288,2.25,2.285,3829200.0,8707215.0,,,sina:510880
2011-03-01,510880,,2.281,2.31,2.28,2.295,11677922.0,26865856.0,,,sina:510880
2011-03-02,510880,,2.286,2.297,2.273,2.281,4841966.0,11046437.0,,,sina:510880
2011-03-03,510880,,2.28,2.313,2.28,2.29,10949357.0,25199494.0,,,sina:510880
2011-03-04,510880,,2.29,2.328,2.287,2.323,26829926.0,61668328.0,,,sina:510880
2011-03-07,510880,,2.324,2.384,2.324,2.383,12233622.0,28938134.0,,,sina:510880
2011-03-08,510880,,2.382,2.388,2.37,2.38,14977608.0,35673768.0,,,sina:510880
2011-03-09,510880,,2.38,2.388,2.368,2.369,19583580.0,46644700.0,,,sina:510880
2011-03-10,510880,,2.367,2.367,2.327,2.33,8552730.0,20014540.0,,,sina:510880
2011-03-11,510880,,2.327,2.336,2.306,2.308,12976594.0,30183652.0,,,sina:510880
2011-03-14,510880,,2.301,2.317,2.296,2.31,2857250.0,6587312.0,,,sina:510880
2011-03-15,510880,,2.312,2.312,2.24,2.27,17787204.0,40074088.0,,,sina:510880
2011-03-16,510880,,2.27,2.309,2.27,2.302,4704087.0,10777307.0,,,sina:510880
2011-03-17,510880,,2.285,2.309,2.271,2.28,7314041.0,16799940.0,,,sina:510880
2011-03-18,510880,,2.287,2.304,2.283,2.286,2692250.0,6178094.0,,,sina:510880
2011-03-21,510880,,2.287,2.296,2.269,2.273,2829983.0,6454858.0,,,sina:510880
2011-03-22,510880,,2.275,2.296,2.264,2.29,22177772.0,50657556.0,,,sina:510880
2011-03-23,510880,,2.288,2.318,2.282,2.315,24221896.0,56013856.0,,,sina:510880
2011-03-24,510880,,2.315,2.322,2.31,2.315,1794369.0,4157544.0,,,sina:510880
2011-03-25,510880,,2.311,2.352,2.311,2.347,32959534.0,77065424.0,,,sina:510880
2011-03-28,510880,,2.351,2.36,2.338,2.339,7221607.0,17014056.0,,,sina:510880
2011-03-29,510880,,2.333,2.367,2.33,2.336,26386892.0,62059332.0,,,sina:510880
2011-03-30,510880,,2.331,2.34,2.318,2.33,44824840.0,104243400.0,,,sina:510880
2011-03-31,510880,,2.33,2.336,2.308,2.311,2449000.0,5680306.0,,,sina:510880
2011-04-01,510880,,2.319,2.347,2.312,2.345,23153048.0,54215840.0,,,sina:510880
2011-04-06,510880,,2.333,2.397,2.326,2.389,32937340.0,78135704.0,,,sina:510880
2011-04-07,510880,,2.387,2.397,2.378,2.387,13606817.0,32464060.0,,,sina:510880
2011-04-08,510880,,2.39,2.403,2.381,2.4,26772316.0,64194960.0,,,sina:510880
2011-04-11,510880,,2.401,2.43,2.397,2.399,30148710.0,72810776.0,,,sina:510880
2011-04-12,510880,,2.395,2.42,2.383,2.401,5295974.0,12713506.0,,,sina:510880
2011-04-13,510880,,2.39,2.418,2.383,2.416,2978728.0,7158822.0,,,sina:510880
2011-04-14,510880,,2.417,2.431,2.413,2.415,7237475.0,17555842.0,,,sina:510880
2011-04-15,510880,,2.407,2.432,2.402,2.423,2853676.0,6898300.0,,,sina:510880
2011-04-18,510880,,2.406,2.44,2.406,2.43,42218480.0,102573280.0,,,sina:510880
2011-04-19,510880,,2.42,2.42,2.373,2.38,46584520.0,111591648.0,,,sina:510880
2011-04-20,510880,,2.382,2.395,2.367,2.375,5958770.0,14180390.0,,,sina:510880
2011-04-21,510880,,2.382,2.405,2.382,2.398,5295261.0,12692559.0,,,sina:510880
2011-04-22,510880,,2.398,2.407,2.379,2.381,2488395.0,5941201.0,,,sina:510880
2011-04-25,510880,,2.38,2.38,2.342,2.342,12587036.0,29622106.0,,,sina:510880
2011-04-26,510880,,2.341,2.348,2.322,2.326,2878111.0,6717953.0,,,sina:510880
2011-04-27,510880,,2.342,2.346,2.312,2.322,2728427.0,6349291.0,,,sina:510880
2011-04-28,510880,,2.323,2.346,2.298,2.304,12539031.0,29123248.0,,,sina:510880
2011-04-29,510880,,2.304,2.322,2.285,2.322,18629406.0,43044972.0,,,sina:510880
2011-05-03,510880,,2.32,2.33,2.304,2.329,3615590.0,8400868.0,,,sina:510880
2011-05-04,510880,,2.326,2.326,2.27,2.274,10459841.0,23993128.0,,,sina:510880
2011-05-05,510880,,2.285,2.285,2.258,2.273,3825683.0,8691406.0,,,sina:510880
2011-05-06,510880,,2.265,2.283,2.253,2.27,9156164.0,20727568.0,,,sina:510880
2011-05-09,510880,,2.276,2.285,2.268,2.275,2381547.0,5423652.0,,,sina:510880
2011-05-10,510880,,2.275,2.288,2.272,2.288,7402796.0,16896344.0,,,sina:510880
2011-05-11,510880,,2.288,2.291,2.275,2.28,1866756.0,4264181.0,,,sina:510880
2011-05-12,510880,,2.275,2.275,2.256,2.258,1993369.0,4508246.0,,,sina:510880
2011-05-13,510880,,2.26,2.275,2.248,2.275,1993250.0,4504700.0,,,sina:510880
2011-05-16,510880,,2.274,2.274,2.248,2.249,2079289.0,4692701.0,,,sina:510880
2011-05-17,510880,,2.24,2.268,2.228,2.261,2710403.0,6097385.0,,,sina:510880
2011-05-18,510880,,2.262,2.278,2.25,2.271,1909944.0,4331975.0,,,sina:510880
2011-05-19,510880,,2.264,2.28,2.257,2.258,17576316.0,39952592.0,,,sina:510880
2011-05-20,510880,,2.251,2.265,2.251,2.252,4437890.0,10027951.0,,,sina:510880
2011-05-23,510880,,2.249,2.253,2.186,2.19,7954476.0,17570592.0,,,sina:510880
2011-05-24,510880,,2.188,2.188,2.173,2.18,3140601.0,6844913.0,,,sina:510880
2011-05-25,510880,,2.182,2.183,2.158,2.16,2078126.0,4507636.0,,,sina:510880
2011-05-26,510880,,2.165,2.179,2.163,2.167,9108807.0,19742814.0,,,sina:510880
2011-05-27,510880,,2.17,2.18,2.158,2.158,2338802.0,5071263.0,,,sina:510880
2011-05-30,510880,,2.158,2.172,2.146,2.161,2251066.0,4862203.0,,,sina:510880
2011-05-31,510880,,2.168,2.187,2.159,2.187,9304154.0,20205984.0,,,sina:510880
2011-06-01,510880,,2.187,2.187,2.175,2.181,1569679.0,3420588.0,,,sina:510880
2011-06-02,510880,,2.169,2.17,2.132,2.149,3162917.0,6806917.0,,,sina:510880
2011-06-03,510880,,2.142,2.167,2.142,2.165,3549731.0,7655363.0,,,sina:510880
2011-06-07,510880,,2.163,2.172,2.155,2.169,18174224.0,39365320.0,,,sina:510880
2011-06-08,510880,,2.169,2.169,2.148,2.167,1766871.0,3814137.0,,,sina:510880
2011-06-09,510880,,2.157,2.165,2.14,2.142,1692589.0,3638484.0,,,sina:510880
2011-06-10,510880,,2.14,2.155,2.13,2.149,4830995.0,10314435.0,,,sina:510880
2011-06-13,510880,,2.144,2.145,2.123,2.143,27390948.0,58399120.0,,,sina:510880
2011-06-14,510880,,2.143,2.167,2.131,2.156,2055777.0,4432334.0,,,sina:510880
2011-06-15,510880,,2.148,2.162,2.148,2.149,2198580.0,4735844.0,,,sina:510880
2011-06-16,510880,,2.139,2.139,2.118,2.125,3485773.0,7415167.0,,,sina:510880
2011-06-17,510880,,2.123,2.132,2.108,2.11,6683055.0,14116637.0,,,sina:510880
2011-06-20,510880,,2.108,2.11,2.096,2.103,1934275.0,4064058.0,,,sina:510880
2011-06-21,510880,,2.101,2.119,2.101,2.116,2339796.0,4934849.0,,,sina:510880
2011-06-22,510880,,2.117,2.123,2.11,2.117,1214961.0,2571523.0,,,sina:510880
2011-06-23,510880,,2.115,2.149,2.105,2.147,2501642.0,5324022.0,,,sina:510880
2011-06-24,510880,,2.145,2.213,2.138,2.204,6923322.0,15116158.0,,,sina:510880
2011-06-27,510880,,2.195,2.215,2.192,2.197,7628543.0,16816976.0,,,sina:510880
2011-06-28,510880,,2.2,2.203,2.181,2.198,1877790.0,4117230.0,,,sina:510880
2011-06-29,510880,,2.198,2.2,2.176,2.178,1962075.0,4298040.0,,,sina:510880
2011-06-30,510880,,2.176,2.207,2.176,2.195,1926307.0,4229410.0,,,sina:510880
2011-07-01,510880,,2.183,2.205,2.182,2.196,1956762.0,4299335.0,,,sina:510880
2011-07-04,510880,,2.205,2.246,2.2,2.239,4771001.0,10638186.0,,,sina:510880
2011-07-05,510880,,2.242,2.244,2.229,2.237,1985795.0,4441436.0,,,sina:510880
2011-07-06,510880,,2.237,2.239,2.213,2.228,1706287.0,3790321.0,,,sina:510880
2011-07-07,510880,,2.235,2.243,2.221,2.228,2354340.0,5256757.0,,,sina:510880
2011-07-08,510880,,2.221,2.232,2.216,2.226,1989014.0,4425380.0,,,sina:510880
2011-07-11,510880,,2.222,2.226,2.212,2.222,2860218.0,6341390.0,,,sina:510880
2011-07-12,510880,,2.218,2.218,2.18,2.182,2355471.0,5166285.0,,,sina:510880
2011-07-13,510880,,2.178,2.211,2.178,2.207,1567207.0,3448370.0,,,sina:510880
2011-07-14,510880,,2.205,2.22,2.203,2.215,1535544.0,3397126.0,,,sina:510880
2011-07-15,510880,,2.201,2.223,2.201,2.22,4324846.0,9584868.0,,,sina:510880
2011-07-18,510880,,2.221,2.226,2.211,2.217,3221782.0,7141166.0,,,sina:510880
2011-07-19,510880,,2.214,2.215,2.197,2.2,1679097.0,3697810.0,,,sina:510880
2011-07-20,510880,,2.205,2.215,2.19,2.193,2068416.0,4545837.0,,,sina:510880
2011-07-21,510880,,2.2,2.2,2.179,2.18,1881637.0,4116348.0,,,sina:510880
2011-07-22,510880,,2.18,2.19,2.176,2.177,1127226.0,2459530.0,,,sina:510880
2011-07-25,510880,,2.18,2.18,2.111,2.12,4309515.0,9190816.0,,,sina:510880
2011-07-26,510880,,2.12,2.126,2.108,2.116,1533518.0,3244020.0,,,sina:510880
2011-07-27,510880,,2.11,2.127,2.102,2.125,3844596.0,8147662.0,,,sina:510880
2011-07-28,510880,,2.115,2.117,2.098,2.112,11909894.0,25089538.0,,,sina:510880
2011-07-29,510880,,2.112,2.134,2.106,2.118,1699349.0,3604369.0,,,sina:510880
2011-08-01,510880,,2.115,2.132,2.108,2.125,1223975.0,2600352.0,,,sina:510880
2011-08-02,510880,,2.12,2.12,2.09,2.11,2174940.0,4562513.0,,,sina:510880
2011-08-03,510880,,2.108,2.113,2.093,2.103,1713797.0,3603312.0,,,sina:510880
2011-08-04,510880,,2.11,2.119,2.102,2.107,919128.0,1939631.0,,,sina:510880
2011-08-05,510880,,2.06,2.08,2.05,2.061,8931096.0,18415096.0,,,sina:510880
2011-08-08,510880,,2.058,2.058,1.966,1.988,4476943.0,8994077.0,,,sina:510880
2011-08-09,510880,,1.977,2.008,1.925,1.989,6588058.0,13003995.0,,,sina:510880
2011-08-10,510880,,2.003,2.028,2.003,2.007,2978385.0,6008241.0,,,sina:510880
2011-08-11,510880,,1.971,2.032,1.971,2.032,3714612.0,7506818.0,,,sina:510880
2011-08-12,510880,,2.034,2.05,2.033,2.038,1935462.0,3949152.0,,,sina:510880
2011-08-15,510880,,2.029,2.067,2.029,2.066,2272939.0,4664945.0,,,sina:510880
2011-08-16,510880,,2.066,2.075,2.054,2.057,1843106.0,3806706.0,,,sina:510880
2011-08-17,510880,,2.055,2.065,2.05,2.059,3891388.0,8014610.0,,,sina:510880
2011-08-18,510880,,2.057,2.057,2.03,2.034,1450699.0,2966190.0,,,sina:510880
2011-08-19,510880,,2.0,2.016,1.991,2.008,1789965.0,3588330.0,,,sina:510880
2011-08-22,510880,,2.01,2.021,1.989,1.995,1733904.0,3468059.0,,,sina:510880
2011-08-23,510880,,2.0,2.024,1.992,2.024,1807058.0,3636364.0,,,sina:510880
2011-08-24,510880,,2.028,2.037,2.014,2.017,2214130.0,4485412.0,,,sina:510880
2011-08-25,510880,,2.017,2.087,2.017,2.085,7614114.0,15735347.0,,,sina:510880
2011-08-26,510880,,2.08,2.082,2.065,2.079,1664887.0,3455316.0,,,sina:510880
2011-08-29,510880,,2.068,2.068,2.042,2.049,1391058.0,2851435.0,,,sina:510880
2011-08-30,510880,,2.061,2.081,2.045,2.047,3670083.0,7574706.0,,,sina:510880
2011-08-31,510880,,2.048,2.053,2.035,2.047,1685421.0,3444985.0,,,sina:510880
2011-09-01,510880,,2.055,2.063,2.04,2.041,1567999.0,3213671.0,,,sina:510880
2011-09-02,510880,,2.041,2.043,2.016,2.019,3917449.0,7936253.0,,,sina:510880
2011-09-05,510880,,2.015,2.016,1.979,1.98,9403753.0,18679280.0,,,sina:510880
2011-09-06,510880,,1.97,1.98,1.964,1.966,5833105.0,11500024.0,,,sina:510880
2011-09-07,510880,,1.98,2.01,1.973,2.01,2353212.0,4693968.0,,,sina:510880
2011-09-08,510880,,2.018,2.018,2.0,2.0,1286448.0,2580790.0,,,sina:510880
2011-09-09,510880,,2.008,2.03,1.995,2.003,16293642.0,32564516.0,,,sina:510880
2011-09-13,510880,,1.996,1.998,1.977,1.994,3370300.0,6708327.0,,,sina:510880
2011-09-14,510880,,1.999,2.003,1.972,2.0,2716098.0,5406829.0,,,sina:510880
2011-09-15,510880,,2.007,2.012,1.997,1.999,1193797.0,2391275.0,,,sina:510880
2011-09-16,510880,,2.0,2.011,1.995,1.999,1005856.0,2015635.0,,,sina:510880
2011-09-19,510880,,1.99,2.019,1.967,1.968,9671155.0,19072412.0,,,sina:510880
2011-09-20,510880,,1.967,1.984,1.96,1.979,2515211.0,4953283.0,,,sina:510880
2011-09-21,510880,,1.979,2.03,1.971,2.028,3211929.0,6447567.0,,,sina:510880
2011-09-22,510880,,2.018,2.018,1.97,1.971,2609100.0,5208428.0,,,sina:510880
2011-09-23,510880,,1.961,1.985,1.945,1.965,2710490.0,5304916.0,,,sina:510880
2011-09-26,510880,,1.965,1.97,1.93,1.936,2894852.0,5636236.0,,,sina:510880
2011-09-27,510880,,1.948,1.961,1.941,1.951,1951669.0,3808800.0,,,sina:510880
2011-09-28,510880,,1.96,1.968,1.937,1.946,1717463.0,3357525.0,,,sina:510880
2011-09-29,510880,,1.943,1.946,1.92,1.936,2409442.0,4661140.0,,,sina:510880
2011-09-30,510880,,1.932,1.944,1.928,1.937,2089718.0,4042465.0,,,sina:510880
2011-10-10,510880,,1.937,1.945,1.919,1.927,9412200.0,18141488.0,,,sina:510880
2011-10-11,510880,,1.96,1.98,1.904,1.915,3123550.0,6045688.0,,,sina:510880
2011-10-12,510880,,1.91,1.97,1.9,1.968,4511436.0,8777917.0,,,sina:510880
2011-10-13,510880,,1.964,1.978,1.96,1.973,2129395.0,4187518.0,,,sina:510880
2011-10-14,510880,,1.966,1.978,1.956,1.973,2678601.0,5264086.0,,,sina:510880
2011-10-17,510880,,1.977,1.988,1.971,1.974,2502911.0,4952911.0,,,sina:510880
2011-10-18,510880,,1.973,1.973,1.93,1.932,2834800.0,5518645.0,,,sina:510880
2011-10-19,510880,,1.933,1.945,1.931,1.937,1179388.0,2285566.0,,,sina:510880
2011-10-20,510880,,1.935,1.935,1.885,1.892,7137830.0,13581400.0,,,sina:510880
2011-10-21,510880,,1.887,1.908,1.887,1.902,1795710.0,3412917.0,,,sina:510880
2011-10-24,510880,,1.882,1.905,1.86,1.9,9978161.0,18875376.0,,,sina:510880
2011-10-25,510880,,1.901,1.935,1.894,1.934,3781232.0,7246944.0,,,sina:510880
2011-10-26,510880,,1.92,1.959,1.915,1.941,3987552.0,7764991.0,,,sina:510880
2011-10-27,510880,,1.948,1.959,1.94,1.948,2861826.0,5578794.0,,,sina:510880
2011-10-28,510880,,1.958,1.988,1.958,1.976,27458362.0,54163212.0,,,sina:510880
2011-10-31,510880,,1.976,1.976,1.957,1.964,1999099.0,3927041.0,,,sina:510880
2011-11-01,510880,,1.956,1.985,1.953,1.965,4910708.0,9675795.0,,,sina:510880
2011-11-02,510880,,1.955,1.994,1.945,1.991,3619343.0,7133303.0,,,sina:510880
2011-11-03,510880,,2.0,2.016,1.995,1.996,4249277.0,8512547.0,,,sina:510880
2011-11-04,510880,,2.0,2.015,1.996,2.003,5580119.0,11184045.0,,,sina:510880
2011-11-07,510880,,1.998,2.008,1.991,1.992,3212056.0,6422377.0,,,sina:510880
2011-11-08,510880,,1.992,2.011,1.992,1.998,2661602.0,5330390.0,,,sina:510880
2011-11-09,510880,,2.003,2.011,1.99,2.009,2073401.0,4151483.0,,,sina:510880
2011-11-10,510880,,1.996,1.997,1.978,1.978,3247700.0,6451764.0,,,sina:510880
2011-11-11,510880,,1.98,1.987,1.971,1.973,2030016.0,4018868.0,,,sina:510880
2011-11-14,510880,,1.989,2.011,1.987,2.011,4450506.0,8920806.0,,,sina:510880
2011-11-15,510880,,2.006,2.009,2.001,2.003,1724021.0,3454124.0,,,sina:510880
2011-11-16,510880,,2.001,2.011,1.95,1.953,4827102.0,9532095.0,,,sina:510880
2011-11-17,510880,,1.953,1.974,1.952,1.956,1729908.0,3387980.0,,,sina:510880
2011-11-18,510880,,1.935,1.97,1.915,1.92,6825502.0,13175882.0,,,sina:510880
2011-11-21,510880,,1.918,1.927,1.91,1.92,2705081.0,5184680.0,,,sina:510880
2011-11-22,510880,,1.915,1.92,1.903,1.917,3114679.0,5955376.0,,,sina:510880
2011-11-23,510880,,1.911,1.927,1.897,1.902,2875300.0,5480682.0,,,sina:510880
2011-11-24,510880,,1.901,1.91,1.885,1.896,2025676.0,3838868.0,,,sina:510880
2011-11-25,510880,,1.9,1.908,1.88,1.891,18282322.0,34557168.0,,,sina:510880
2011-11-28,510880,,1.891,1.909,1.883,1.895,27076100.0,51338216.0,,,sina:510880
2011-11-29,510880,,1.907,1.922,1.897,1.92,6261000.0,11977996.0,,,sina:510880
2011-11-30,510880,,1.919,1.919,1.85,1.86,11588700.0,21791984.0,,,sina:510880
2011-12-01,510880,,1.91,1.925,1.89,1.896,17388550.0,33215768.0,,,sina:510880
2011-12-02,510880,,1.891,1.894,1.866,1.876,9647810.0,18077388.0,,,sina:510880
2011-12-05,510880,,1.871,1.871,1.858,1.858,11300345.0,21050556.0,,,sina:510880
2011-12-06,510880,,1.86,1.866,1.851,1.865,12412200.0,23077476.0,,,sina:510880
2011-12-07,510880,,1.864,1.872,1.851,1.865,15794802.0,29446714.0,,,sina:510880
2011-12-08,510880,,1.861,1.878,1.847,1.865,14424284.0,26795628.0,,,sina:510880
2011-12-09,510880,,1.863,1.865,1.851,1.858,13803484.0,25605064.0,,,sina:510880
2011-12-12,510880,,1.852,1.858,1.842,1.843,15333026.0,28405306.0,,,sina:510880
2011-12-13,510880,,1.84,1.843,1.817,1.819,18596066.0,33893052.0,,,sina:510880
2011-12-14,510880,,1.813,1.827,1.801,1.808,8211761.0,14892755.0,,,sina:510880
2011-12-15,510880,,1.806,1.806,1.776,1.776,3447367.0,6155269.0,,,sina:510880
2011-12-16,510880,,1.778,1.804,1.759,1.802,4426951.0,7889571.0,,,sina:510880
2011-12-19,510880,,1.798,1.798,1.754,1.79,10603545.0,18737678.0,,,sina:510880
2011-12-20,510880,,1.781,1.805,1.78,1.785,4303963.0,7718291.0,,,sina:510880
2011-12-21,510880,,1.798,1.8,1.762,1.762,2161555.0,3860687.0,,,sina:510880
2011-12-22,510880,,1.759,1.779,1.74,1.765,4932326.0,8662629.0,,,sina:510880
2011-12-23,510880,,1.765,1.787,1.765,1.779,1738000.0,3091101.0,,,sina:510880
2011-12-26,510880,,1.778,1.788,1.767,1.768,3319956.0,5889290.0,,,sina:510880
2011-12-27,510880,,1.773,1.775,1.758,1.762,3869179.0,6821476.0,,,sina:510880
2011-12-28,510880,,1.756,1.76,1.74,1.76,1701278.0,2979729.0,,,sina:510880
2011-12-29,510880,,1.753,1.766,1.753,1.763,1425061.0,2510979.0,,,sina:510880
2011-12-30,510880,,1.763,1.785,1.763,1.776,2858859.0,5077815.0,,,sina:510880
2012-01-04,510880,,1.787,1.793,1.758,1.758,3160200.0,5629253.0,,,sina:510880
2012-01-05,510880,,1.741,1.779,1.741,1.752,7989700.0,14063490.0,,,sina:510880
2012-01-06,510880,,1.745,1.767,1.745,1.765,6420546.0,11307072.0,,,sina:510880
2012-01-09,510880,,1.776,1.815,1.757,1.815,9554662.0,17200260.0,,,sina:510880
2012-01-10,510880,,1.81,1.861,1.802,1.86,9071103.0,16673656.0,,,sina:510880
2012-01-11,510880,,1.875,1.875,1.843,1.847,13951303.0,25841180.0,,,sina:510880
2012-01-12,510880,,1.838,1.863,1.835,1.853,6039192.0,11187263.0,,,sina:510880
2012-01-13,510880,,1.847,1.854,1.821,1.832,2166070.0,3985901.0,,,sina:510880
2012-01-16,510880,,1.839,1.839,1.814,1.815,1440601.0,2632045.0,,,sina:510880
2012-01-17,510880,,1.816,1.886,1.802,1.886,6420608.0,11939949.0,,,sina:510880
2012-01-18,510880,,1.887,1.894,1.857,1.861,4613168.0,8680091.0,,,sina:510880
2012-01-19,510880,,1.858,1.902,1.858,1.893,3739261.0,7066149.0,,,sina:510880
2012-01-20,510880,,1.9,1.92,1.886,1.914,6438355.0,12272511.0,,,sina:510880
2012-01-30,510880,,1.92,1.92,1.88,1.881,16988040.0,32315762.0,,,sina:510880
2012-01-31,510880,,1.885,1.886,1.873,1.884,2509677.0,4717954.0,,,sina:510880
2012-02-01,510880,,1.87,1.887,1.858,1.86,2646066.0,4958205.0,,,sina:510880
2012-02-02,510880,,1.858,1.898,1.858,1.895,2894710.0,5433238.0,,,sina:510880
2012-02-03,510880,,1.895,1.917,1.88,1.908,19622372.0,37321712.0,,,sina:510880
2012-02-06,510880,,1.909,1.919,1.898,1.906,26906128.0,51375008.0,,,sina:510880
2012-02-07,510880,,1.9,1.9,1.863,1.875,3216151.0,6037358.0,,,sina:510880
2012-02-08,510880,,1.873,1.926,1.87,1.917,8758542.0,16716038.0,,,sina:510880
2012-02-09,510880,,1.91,1.923,1.903,1.917,3846559.0,7360192.0,,,sina:510880
2012-02-10,510880,,1.917,1.932,1.904,1.91,5545687.0,10630783.0,,,sina:510880
2012-02-13,510880,,1.907,1.918,1.892,1.903,3194600.0,6091322.0,,,sina:510880
2012-02-14,510880,,1.903,1.904,1.888,1.9,2483740.0,4706579.0,,,sina:510880
2012-02-15,510880,,1.902,1.924,1.888,1.91,11084231.0,21216880.0,,,sina:510880
2012-02-16,510880,,1.912,1.919,1.898,1.91,5142941.0,9816158.0,,,sina:510880
2012-02-17,510880,,1.913,1.92,1.903,1.911,2686036.0,5138658.0,,,sina:510880
2012-02-20,510880,,1.924,1.933,1.909,1.909,8320207.0,16014429.0,,,sina:510880
2012-02-21,510880,,1.909,1.923,1.9,1.922,8974218.0,17165344.0,,,sina:510880
2012-02-22,510880,,1.919,1.942,1.917,1.941,5284203.0,10214740.0,,,sina:510880
2012-02-23,510880,,1.942,1.952,1.938,1.942,5313123.0,10320724.0,,,sina:510880
2012-02-24,510880,,1.945,1.972,1.941,1.971,28419516.0,55588584.0,,,sina:510880
2012-02-27,510880,,1.973,1.999,1.973,1.983,11605857.0,23086966.0,,,sina:510880
2012-02-28,510880,,1.98,1.991,1.975,1.99,6754410.0,13398849.0,,,sina:510880
2012-02-29,510880,,1.99,1.99,1.959,1.961,9426197.0,18600476.0,,,sina:510880
2012-03-01,510880,,1.96,1.976,1.955,1.969,2914522.0,5735841.0,,,sina:510880
2012-03-02,510880,,1.969,1.99,1.969,1.99,2862294.0,5679295.0,,,sina:510880
2012-03-05,510880,,1.991,2.0,1.976,1.98,2783104.0,5535117.0,,,sina:510880
2012-03-06,510880,,1.974,1.978,1.946,1.951,3396373.0,6649571.0,,,sina:510880
2012-03-07,510880,,1.943,1.949,1.934,1.935,1875900.0,3641262.0,,,sina:510880
2012-03-08,510880,,1.939,1.96,1.939,1.952,3470480.0,6775612.0,,,sina:510880
2012-03-09,510880,,1.96,1.969,1.949,1.965,3678630.0,7208728.0,,,sina:510880
2012-03-12,510880,,1.963,1.974,1.945,1.955,7273924.0,14190534.0,,,sina:510880
2012-03-13,510880,,1.957,1.973,1.949,1.972,9666937.0,19016584.0,,,sina:510880
2012-03-14,510880,,1.976,1.986,1.929,1.93,6011353.0,11796365.0,,,sina:510880
2012-03-15,510880,,1.932,1.936,1.906,1.913,5857850.0,11246398.0,,,sina:510880
2012-03-16,510880,,1.913,1.934,1.913,1.93,1958950.0,3772447.0,,,sina:510880
2012-03-19,510880,,1.93,1.939,1.92,1.933,2002590.0,3861427.0,,,sina:510880
2012-03-20,510880,,1.93,1.935,1.914,1.918,1823125.0,3506212.0,,,sina:510880
2012-03-21,510880,,1.913,1.929,1.905,1.913,1563300.0,2997269.0,,,sina:510880
2012-03-22,510880,,1.91,1.922,1.904,1.917,1075221.0,2055836.0,,,sina:510880
2012-03-23,510880,,1.91,1.91,1.895,1.898,2435592.0,4631698.0,,,sina:510880
2012-03-26,510880,,1.898,1.904,1.895,1.902,5619639.0,10657458.0,,,sina:510880
2012-03-27,510880,,1.903,1.91,1.897,1.9,922792.0,1756515.0,,,sina:510880
2012-03-28,510880,,1.897,1.898,1.855,1.863,32337494.0,61072088.0,,,sina:510880
2012-03-29,510880,,1.861,1.861,1.837,1.84,1864876.0,3443594.0,,,sina:510880
2012-03-30,510880,,1.84,1.858,1.84,1.848,1216517.0,2247055.0,,,sina:510880
2012-04-05,510880,,1.849,1.887,1.842,1.886,2998231.0,5598034.0,,,sina:510880
2012-04-06,510880,,1.876,1.887,1.876,1.88,1079965.0,2032051.0,,,sina:510880
2012-04-09,510880,,1.875,1.88,1.852,1.868,743410.0,1391039.0,,,sina:510880
2012-04-10,510880,,1.861,1.882,1.851,1.88,2098611.0,3913528.0,,,sina:510880
2012-04-11,510880,,1.876,1.89,1.868,1.878,1273321.0,2393745.0,,,sina:510880
2012-04-12,510880,,1.88,1.919,1.88,1.917,3481382.0,6623801.0,,,sina:510880
2012-04-13,510880,,1.919,1.935,1.914,1.929,2318409.0,4467440.0,,,sina:510880
2012-04-16,510880,,1.924,1.928,1.911,1.923,717991.0,1378905.0,,,sina:510880
2012-04-17,510880,,1.92,1.924,1.901,1.902,1225839.0,2344048.0,,,sina:510880
2012-04-18,510880,,1.908,1.94,1.903,1.938,2429726.0,4685873.0,,,sina:510880
2012-04-19,510880,,1.939,1.943,1.93,1.94,1762725.0,3418839.0,,,sina:510880
2012-04-20,510880,,1.934,1.965,1.934,1.962,2616900.0,5121712.0,,,sina:510880
2012-04-23,510880,,1.96,1.965,1.95,1.95,1770302.0,3462054.0,,,sina:510880
2012-04-24,510880,,1.943,1.979,1.93,1.955,6902667.0,13527227.0,,,sina:510880
2012-04-25,510880,,1.954,1.966,1.941,1.962,2669351.0,5228421.0,,,sina:510880
2012-04-26,510880,,1.963,1.969,1.953,1.958,2175495.0,4265136.0,,,sina:510880
2012-04-27,510880,,1.958,1.963,1.952,1.958,2936661.0,5746349.0,,,sina:510880
2012-05-02,510880,,1.976,1.997,1.97,1.985,12873832.0,25566412.0,,,sina:510880
2012-05-03,510880,,1.985,1.989,1.978,1.987,1651701.0,3278906.0,,,sina:510880
2012-05-04,510880,,1.989,1.998,1.978,1.997,6502531.0,12954349.0,,,sina:510880
2012-05-07,510880,,1.992,1.998,1.986,1.995,13418715.0,26760900.0,,,sina:510880
2012-05-08,510880,,1.993,1.996,1.979,1.984,1755799.0,3485166.0,,,sina:510880
2012-05-09,510880,,1.979,1.979,1.954,1.955,3372140.0,6621766.0,,,sina:510880
2012-05-10,510880,,1.952,1.962,1.952,1.953,2142396.0,4191814.0,,,sina:510880
2012-05-11,510880,,1.951,1.966,1.94,1.94,4395395.0,8574479.0,,,sina:510880
2012-05-14,510880,,1.953,1.962,1.931,1.931,2434364.0,4726225.0,,,sina:510880
2012-05-15,510880,,1.928,1.929,1.912,1.929,1774035.0,3404785.0,,,sina:510880
2012-05-16,510880,,1.927,1.927,1.896,1.9,1780900.0,3398888.0,,,sina:510880
2012-05-17,510880,,1.898,1.931,1.898,1.926,2685305.0,5133151.0,,,sina:510880
2012-05-18,510880,,1.919,1.919,1.9,1.909,2226384.0,4247488.0,,,sina:510880
2012-05-21,510880,,1.903,1.917,1.901,1.913,2322712.0,4436035.0,,,sina:510880
2012-05-22,510880,,1.92,1.933,1.913,1.931,2467003.0,4747013.0,,,sina:510880
2012-05-23,510880,,1.929,1.934,1.91,1.92,36203240.0,69341856.0,,,sina:510880
2012-05-24,510880,,1.926,1.93,1.911,1.926,1108878.0,2129712.0,,,sina:510880
2012-05-25,510880,,1.919,1.924,1.89,1.899,2540001.0,4832297.0,,,sina:510880
2012-05-28,510880,,1.9,1.922,1.888,1.921,2193501.0,4180847.0,,,sina:510880
2012-05-29,510880,,1.92,1.95,1.912,1.949,3080904.0,5967981.0,,,sina:510880
2012-05-30,510880,,1.948,1.948,1.933,1.935,761900.0,1476548.0,,,sina:510880
2012-05-31,510880,,1.931,1.938,1.922,1.93,1674332.0,3230357.0,,,sina:510880
2012-06-01,510880,,1.931,1.938,1.924,1.93,833955.0,1610761.0,,,sina:510880
2012-06-04,510880,,1.915,1.915,1.879,1.886,5409664.0,10258816.0,,,sina:510880
2012-06-05,510880,,1.881,1.895,1.878,1.881,1553931.0,2927618.0,,,sina:510880
2012-06-06,510880,,1.888,1.889,1.86,1.874,3136200.0,5878988.0,,,sina:510880
2012-06-07,510880,,1.887,1.898,1.865,1.87,1839955.0,3451347.0,,,sina:510880
2012-06-08,510880,,1.886,1.886,1.856,1.86,2133102.0,3976623.0,,,sina:510880
2012-06-11,510880,,1.865,1.885,1.859,1.883,1400209.0,2625313.0,,,sina:510880
2012-06-12,510880,,1.876,1.876,1.851,1.859,1911100.0,3553611.0,,,sina:510880
2012-06-13,510880,,1.861,1.884,1.857,1.883,1787003.0,3350979.0,,,sina:510880
2012-06-14,510880,,1.872,1.883,1.868,1.868,2055700.0,3853929.0,,,sina:510880
2012-06-15,510880,,1.877,1.886,1.868,1.881,3102398.0,5831251.0,,,sina:510880
2012-06-18,510880,,1.884,1.899,1.883,1.889,3342275.0,6322198.0,,,sina:510880
2012-06-19,510880,,1.883,1.887,1.878,1.879,1256828.0,2365181.0,,,sina:510880
2012-06-20,510880,,1.88,1.886,1.875,1.879,942863.0,1772446.0,,,sina:510880
2012-06-21,510880,,1.88,1.88,1.841,1.844,3798282.0,7024538.0,,,sina:510880
2012-06-25,510880,,1.838,1.842,1.818,1.824,2464031.0,4512209.0,,,sina:510880
2012-06-26,510880,,1.822,1.822,1.805,1.818,2378950.0,4313643.0,,,sina:510880
2012-06-27,510880,,1.816,1.824,1.81,1.811,1516600.0,2753118.0,,,sina:510880
2012-06-28,510880,,1.814,1.82,1.801,1.801,1765950.0,3192514.0,,,sina:510880
2012-06-29,510880,,1.802,1.819,1.792,1.818,1809206.0,3271425.0,,,sina:510880
2012-07-02,510880,,1.826,1.826,1.801,1.81,2319600.0,4214436.0,,,sina:510880
2012-07-03,510880,,1.81,1.827,1.809,1.819,1999700.0,3635749.0,,,sina:510880
2012-07-04,510880,,1.819,1.823,1.81,1.817,8090230.0,14693255.0,,,sina:510880
2012-07-05,510880,,1.813,1.813,1.792,1.804,2379300.0,4283097.0,,,sina:510880
2012-07-06,510880,,1.817,1.818,1.79,1.814,2990089.0,5392146.0,,,sina:510880
2012-07-09,510880,,1.805,1.807,1.772,1.779,3314000.0,5947965.0,,,sina:510880
2012-07-10,510880,,1.774,1.779,1.769,1.776,2043063.0,3624017.0,,,sina:510880
2012-07-11,510880,,1.774,1.784,1.77,1.784,2725361.0,4843895.0,,,sina:510880
2012-07-12,510880,,1.785,1.803,1.77,1.798,10501122.0,18828304.0,,,sina:510880
2012-07-13,510880,,1.798,1.806,1.791,1.795,13630498.0,24461808.0,,,sina:510880
2012-07-16,510880,,1.797,1.799,1.772,1.774,1967440.0,3512777.0,,,sina:510880
2012-07-17,510880,,1.774,1.79,1.774,1.787,2894301.0,5153592.0,,,sina:510880
2012-07-18,510880,,1.788,1.797,1.776,1.795,2313889.0,4133615.0,,,sina:510880
2012-07-19,510880,,1.799,1.819,1.793,1.802,23644040.0,42894336.0,,,sina:510880
2012-07-20,510880,,1.808,1.808,1.785,1.787,2913951.0,5227185.0,,,sina:510880
2012-07-23,510880,,1.778,1.778,1.756,1.761,3576301.0,6304361.0,,,sina:510880
2012-07-24,510880,,1.758,1.766,1.75,1.763,3245055.0,5707296.0,,,sina:510880
2012-07-25,510880,,1.76,1.764,1.753,1.759,2034001.0,3579849.0,,,sina:510880
2012-07-26,510880,,1.755,1.758,1.745,1.747,2378220.0,4166880.0,,,sina:510880
2012-07-27,510880,,1.753,1.762,1.75,1.755,2316003.0,4062746.0,,,sina:510880
2012-07-30,510880,,1.766,1.766,1.751,1.752,1918900.0,3371867.0,,,sina:510880
2012-07-31,510880,,1.752,1.759,1.752,1.756,1886220.0,3309966.0,,,sina:510880
2012-08-01,510880,,1.758,1.772,1.756,1.764,4679682.0,8249330.0,,,sina:510880
2012-08-02,510880,,1.764,1.769,1.754,1.757,2976102.0,5243249.0,,,sina:510880
2012-08-03,510880,,1.76,1.768,1.756,1.768,2996361.0,5278592.0,,,sina:510880
2012-08-06,510880,,1.771,1.786,1.768,1.784,4231124.0,7521052.0,,,sina:510880
2012-08-07,510880,,1.778,1.785,1.776,1.782,2561558.0,4560469.0,,,sina:510880
2012-08-08,510880,,1.785,1.793,1.782,1.785,2398090.0,4283705.0,,,sina:510880
2012-08-09,510880,,1.787,1.793,1.773,1.793,2220251.0,3958396.0,,,sina:510880
2012-08-10,510880,,1.792,1.798,1.785,1.789,3097399.0,5554025.0,,,sina:510880
2012-08-13,510880,,1.79,1.79,1.75,1.755,4064832.0,7201525.0,,,sina:510880
2012-08-14,510880,,1.752,1.766,1.742,1.752,3740512.0,6543619.0,,,sina:510880
2012-08-15,510880,,1.75,1.75,1.734,1.735,2576600.0,4481144.0,,,sina:510880
2012-08-16,510880,,1.735,1.739,1.73,1.734,2826300.0,4901526.0,,,sina:510880
2012-08-17,510880,,1.732,1.741,1.724,1.73,3215416.0,5567381.0,,,sina:510880
2012-08-20,510880,,1.725,1.729,1.714,1.722,3360526.0,5777096.0,,,sina:510880
2012-08-21,510880,,1.72,1.735,1.717,1.731,6756661.0,11659778.0,,,sina:510880
2012-08-22,510880,,1.726,1.732,1.715,1.719,3263112.0,5624989.0,,,sina:510880
2012-08-23,510880,,1.715,1.731,1.715,1.724,24344784.0,41893588.0,,,sina:510880
2012-08-24,510880,,1.721,1.722,1.71,1.71,3534600.0,6072327.0,,,sina:510880
2012-08-27,510880,,1.709,1.709,1.68,1.681,4451091.0,7543205.0,,,sina:510880
2012-08-28,510880,,1.682,1.699,1.68,1.693,3511353.0,5929949.0,,,sina:510880
2012-08-29,510880,,1.69,1.698,1.683,1.684,2905541.0,4908213.0,,,sina:510880
2012-08-30,510880,,1.682,1.696,1.678,1.693,3031970.0,5116315.0,,,sina:510880
2012-08-31,510880,,1.693,1.696,1.688,1.691,2363114.0,3996682.0,,,sina:510880
2012-09-03,510880,,1.699,1.7,1.684,1.699,3586469.0,6071114.0,,,sina:510880
2012-09-04,510880,,1.699,1.7,1.676,1.682,4158078.0,7020211.0,,,sina:510880
2012-09-05,510880,,1.682,1.682,1.667,1.673,3518027.0,5889683.0,,,sina:510880
2012-09-06,510880,,1.673,1.682,1.668,1.676,4546301.0,7610257.0,,,sina:510880
2012-09-07,510880,,1.685,1.76,1.685,1.743,10988622.0,19042194.0,,,sina:510880
2012-09-10,510880,,1.753,1.753,1.738,1.746,3274579.0,5714011.0,,,sina:510880
2012-09-11,510880,,1.747,1.747,1.723,1.729,3182377.0,5502465.0,,,sina:510880
2012-09-12,510880,,1.739,1.744,1.722,1.732,2979242.0,5160463.0,,,sina:510880
2012-09-13,510880,,1.73,1.737,1.725,1.726,2363649.0,4089042.0,,,sina:510880
2012-09-14,510880,,1.73,1.748,1.728,1.738,4546389.0,7898230.0,,,sina:510880
2012-09-17,510880,,1.737,1.737,1.707,1.707,3082900.0,5303371.0,,,sina:510880
2012-09-18,510880,,1.704,1.704,1.683,1.683,2361500.0,3999413.0,,,sina:510880
2012-09-19,510880,,1.688,1.696,1.683,1.687,470221.0,793579.0,,,sina:510880
2012-09-20,510880,,1.686,1.686,1.664,1.665,2011550.0,3367506.0,,,sina:510880
2012-09-21,510880,,1.661,1.673,1.66,1.67,2243993.0,3739000.0,,,sina:510880
2012-09-24,510880,,1.645,1.673,1.645,1.665,4915038.0,8127177.0,,,sina:510880
2012-09-25,510880,,1.663,1.672,1.66,1.667,1362065.0,2270419.0,,,sina:510880
2012-09-26,510880,,1.662,1.67,1.656,1.658,619600.0,1030305.0,,,sina:510880
2012-09-27,510880,,1.658,1.72,1.653,1.695,9832408.0,16688195.0,,,sina:510880
2012-09-28,510880,,1.692,1.73,1.689,1.727,5876840.0,10099596.0,,,sina:510880
2012-10-08,510880,,1.726,1.739,1.706,1.717,1323130.0,2277512.0,,,sina:510880
2012-10-09,510880,,1.716,1.753,1.716,1.742,8296901.0,14486171.0,,,sina:510880
2012-10-10,510880,,1.742,1.744,1.734,1.741,1497454.0,2607093.0,,,sina:510880
2012-10-11,510880,,1.744,1.744,1.731,1.731,2145720.0,3725329.0,,,sina:510880
2012-10-12,510880,,1.739,1.749,1.728,1.738,2479165.0,4318300.0,,,sina:510880
2012-10-15,510880,,1.73,1.737,1.722,1.727,877031.0,1515548.0,,,sina:510880
2012-10-16,510880,,1.735,1.739,1.724,1.733,2098230.0,3637295.0,,,sina:510880
2012-10-17,510880,,1.734,1.742,1.723,1.734,1594238.0,2765932.0,,,sina:510880
2012-10-18,510880,,1.738,1.757,1.737,1.751,20217364.0,35334432.0,,,sina:510880
2012-10-19,510880,,1.741,1.755,1.741,1.75,6299551.0,11041395.0,,,sina:510880
2012-10-22,510880,,1.744,1.761,1.74,1.76,1802882.0,3159119.0,,,sina:510880
2012-10-23,510880,,1.761,1.761,1.74,1.74,1556189.0,2719089.0,,,sina:510880
2012-10-24,510880,,1.736,1.745,1.733,1.735,674904.0,1172329.0,,,sina:510880
2012-10-25,510880,,1.735,1.744,1.728,1.728,2396779.0,4161436.0,,,sina:510880
2012-10-26,510880,,1.73,1.73,1.696,1.7,2500901.0,4278225.0,,,sina:510880
2012-10-29,510880,,1.695,1.703,1.691,1.693,1252500.0,2123612.0,,,sina:510880
2012-10-30,510880,,1.69,1.705,1.688,1.696,1553900.0,2631535.0,,,sina:510880
2012-10-31,510880,,1.699,1.7,1.688,1.698,1104083.0,1871520.0,,,sina:510880
2012-11-01,510880,,1.7,1.734,1.7,1.729,2721796.0,4690515.0,,,sina:510880
2012-11-02,510880,,1.73,1.744,1.726,1.742,1651744.0,2868295.0,,,sina:510880
2012-11-05,510880,,1.739,1.749,1.739,1.743,1498339.0,2612618.0,,,sina:510880
2012-11-06,510880,,1.748,1.748,1.715,1.734,2586400.0,4473641.0,,,sina:510880
2012-11-07,510880,,1.736,1.74,1.722,1.734,1267701.0,2197743.0,,,sina:510880
2012-11-08,510880,,1.728,1.728,1.711,1.714,1341000.0,2304445.0,,,sina:510880
2012-11-09,510880,,1.71,1.713,1.7,1.702,2104653.0,3587577.0,,,sina:510880
2012-11-12,510880,,1.703,1.716,1.702,1.715,2355251.0,4026189.0,,,sina:510880
2012-11-13,510880,,1.715,1.715,1.688,1.689,2949394.0,5004237.0,,,sina:510880
2012-11-14,510880,,1.689,1.7,1.689,1.697,2517742.0,4265137.0,,,sina:510880
2012-11-15,510880,,1.696,1.697,1.682,1.684,1785190.0,3018462.0,,,sina:510880
2012-11-16,510880,,1.683,1.683,1.661,1.662,3381252.0,5638186.0,,,sina:510880
2012-11-19,510880,,1.663,1.677,1.658,1.677,2419399.0,4026266.0,,,sina:510880
2012-11-20,510880,,1.677,1.679,1.66,1.661,2147300.0,3580730.0,,,sina:510880
2012-11-21,510880,,1.667,1.682,1.66,1.681,3575000.0,5965809.0,,,sina:510880
2012-11-22,510880,,1.68,1.68,1.668,1.672,2211650.0,3706036.0,,,sina:510880
2012-11-23,510880,,1.67,1.69,1.67,1.684,3389689.0,5710164.0,,,sina:510880
2012-11-26,510880,,1.684,1.684,1.672,1.68,1840601.0,3092467.0,,,sina:510880
2012-11-27,510880,,1.672,1.675,1.667,1.668,3045540.0,5088810.0,,,sina:510880
2012-11-28,510880,,1.666,1.666,1.655,1.657,2655155.0,4407953.0,,,sina:510880
2012-11-29,510880,,1.66,1.662,1.65,1.651,2277200.0,3771436.0,,,sina:510880
2012-11-30,510880,,1.65,1.656,1.637,1.655,2717146.0,4474177.0,,,sina:510880
2012-12-03,510880,,1.65,1.66,1.642,1.642,2364950.0,3894082.0,,,sina:510880
2012-12-04,510880,,1.645,1.655,1.638,1.653,3303953.0,5424762.0,,,sina:510880
2012-12-05,510880,,1.653,1.715,1.648,1.71,6319133.0,10743157.0,,,sina:510880
2012-12-06,510880,,1.709,1.712,1.702,1.708,3375774.0,5765915.0,,,sina:510880
2012-12-07,510880,,1.705,1.744,1.703,1.743,29671044.0,51636044.0,,,sina:510880
2012-12-10,510880,,1.743,1.76,1.743,1.755,89922640.0,157948768.0,,,sina:510880
2012-12-11,510880,,1.755,1.761,1.746,1.749,1880457.0,3295484.0,,,sina:510880
2012-12-12,510880,,1.749,1.757,1.745,1.751,2518308.0,4408047.0,,,sina:510880
2012-12-13,510880,,1.746,1.75,1.734,1.735,17516060.0,30418896.0,,,sina:510880
2012-12-14,510880,,1.732,1.823,1.732,1.822,12891319.0,23109856.0,,,sina:510880
2012-12-17,510880,,1.816,1.843,1.816,1.836,9836602.0,18078592.0,,,sina:510880
2012-12-18,510880,,1.8,1.82,1.786,1.8,4361090.0,7868927.0,,,sina:510880
2012-12-19,510880,,1.796,1.807,1.79,1.796,2124410.0,3820298.0,,,sina:510880
2012-12-20,510880,,1.794,1.812,1.784,1.808,2048777.0,3677372.0,,,sina:510880
2012-12-21,510880,,1.812,1.819,1.79,1.792,1582361.0,2852856.0,,,sina:510880
2012-12-24,510880,,1.79,1.808,1.79,1.796,1668327.0,3003155.0,,,sina:510880
2012-12-25,510880,,1.787,1.856,1.784,1.848,7225966.0,13298717.0,,,sina:510880
2012-12-26,510880,,1.85,1.856,1.84,1.847,3531839.0,6526460.0,,,sina:510880
2012-12-27,510880,,1.848,1.864,1.838,1.841,3429816.0,6331315.0,,,sina:510880
2012-12-28,510880,,1.838,1.876,1.838,1.874,6019894.0,11216558.0,,,sina:510880
2012-12-31,510880,,1.87,1.9,1.87,1.9,7279108.0,13719869.0,,,sina:510880
2013-01-04,510880,,1.902,1.938,1.897,1.909,3244179.0,6214592.0,,,sina:510880
2013-01-07,510880,,1.895,1.939,1.895,1.927,5463603.0,10520267.0,,,sina:510880
2013-01-08,510880,,1.923,1.93,1.898,1.911,2833997.0,5409812.0,,,sina:510880
2013-01-09,510880,,1.908,1.91,1.893,1.9,1898583.0,3612273.0,,,sina:510880
2013-01-10,510880,,1.899,1.923,1.899,1.907,2662471.0,5085320.0,,,sina:510880
2013-01-11,510880,,1.905,1.912,1.862,1.868,3586100.0,6750104.0,,,sina:510880
2013-01-14,510880,,1.863,1.953,1.862,1.949,9254176.0,17715558.0,,,sina:510880
2013-01-15,510880,,1.949,1.958,1.938,1.951,5689053.0,11082977.0,,,sina:510880
2013-01-16,510880,,1.95,1.952,1.905,1.924,3157533.0,6085350.0,,,sina:510880
2013-01-17,510880,,1.921,1.924,1.899,1.912,2550810.0,4871581.0,,,sina:510880
2013-01-18,510880,,1.911,1.955,1.911,1.944,3706906.0,7177810.0,,,sina:510880
2013-01-21,510880,,1.945,1.963,1.936,1.963,4165489.0,8139970.0,,,sina:510880
2013-01-22,510880,,1.963,1.99,1.946,1.966,5389023.0,10610680.0,,,sina:510880
2013-01-23,510880,,1.961,1.98,1.951,1.979,2753146.0,5403008.0,,,sina:510880
2013-01-24,510880,,1.97,2.033,1.96,1.975,8882100.0,17720226.0,,,sina:510880
2013-01-25,510880,,1.971,1.979,1.962,1.966,1433823.0,2821667.0,,,sina:510880
2013-01-28,510880,,1.96,2.038,1.96,2.038,12367560.0,24865780.0,,,sina:510880
2013-01-29,510880,,2.034,2.086,2.032,2.069,11196682.0,23097642.0,,,sina:510880
2013-01-30,510880,,2.075,2.083,2.057,2.079,3346044.0,6927625.0,,,sina:510880
2013-01-31,510880,,2.083,2.091,2.071,2.088,4033482.0,8404985.0,,,sina:510880
2013-02-01,510880,,2.081,2.153,2.076,2.152,6831113.0,14495137.0,,,sina:510880
2013-02-04,510880,,2.154,2.2,2.152,2.162,11438489.0,24881232.0,,,sina:510880
2013-02-05,510880,,2.15,2.169,2.133,2.16,13013596.0,28043278.0,,,sina:510880
2013-02-06,510880,,2.156,2.175,2.154,2.163,14065302.0,30369920.0,,,sina:510880
2013-02-07,510880,,2.159,2.161,2.091,2.123,8110155.0,17222384.0,,,sina:510880
2013-02-08,510880,,2.123,2.141,2.098,2.118,5823936.0,12334142.0,,,sina:510880
2013-02-18,510880,,2.12,2.13,2.096,2.1,3545551.0,7476773.0,,,sina:510880
2013-02-19,510880,,2.091,2.1,2.068,2.07,112770784.0,235212624.0,,,sina:510880
2013-02-20,510880,,2.07,2.076,2.035,2.061,5947515.0,12219389.0,,,sina:510880
2013-02-21,510880,,2.06,2.06,1.968,1.981,9687251.0,19373962.0,,,sina:510880
2013-02-22,510880,,1.975,1.989,1.952,1.955,5195028.0,10200858.0,,,sina:510880
2013-02-25,510880,,1.957,1.989,1.957,1.976,2542450.0,5025166.0,,,sina:510880
2013-02-26,510880,,1.974,2.007,1.954,1.954,5394046.0,10709141.0,,,sina:510880
2013-02-27,510880,,1.955,1.995,1.955,1.978,2577942.0,5085921.0,,,sina:510880
2013-02-28,510880,,1.987,2.045,1.98,2.044,7673620.0,15507337.0,,,sina:510880
2013-03-01,510880,,2.045,2.054,2.004,2.037,4965570.0,10063866.0,,,sina:510880
2013-03-04,510880,,2.022,2.022,1.926,1.935,9986743.0,19602324.0,,,sina:510880
2013-03-05,510880,,1.935,2.027,1.935,2.019,9122490.0,18105456.0,,,sina:510880
2013-03-06,510880,,2.026,2.058,2.015,2.048,5912579.0,12049728.0,,,sina:510880
2013-03-07,510880,,2.039,2.055,1.997,2.02,4746719.0,9646255.0,,,sina:510880
2013-03-08,510880,,2.021,2.035,2.006,2.015,2658942.0,5373565.0,,,sina:510880
2013-03-11,510880,,2.015,2.015,1.981,1.994,2336506.0,4664413.0,,,sina:510880
2013-03-12,510880,,1.995,2.01,1.943,1.959,5351499.0,10535411.0,,,sina:510880
2013-03-13,510880,,1.96,1.97,1.935,1.945,4584801.0,8936939.0,,,sina:510880
2013-03-14,510880,,1.938,1.957,1.93,1.946,3097508.0,6019642.0,,,sina:510880
2013-03-15,510880,,1.948,2.004,1.928,1.966,4725703.0,9327036.0,,,sina:510880
2013-03-18,510880,,1.95,1.965,1.932,1.935,3583967.0,6968305.0,,,sina:510880
2013-03-19,510880,,1.933,1.955,1.928,1.951,3302113.0,6404936.0,,,sina:510880
2013-03-20,510880,,1.952,2.029,1.952,2.028,9467398.0,19012688.0,,,sina:510880
2013-03-21,510880,,2.034,2.039,2.018,2.024,4066617.0,8247916.0,,,sina:510880
2013-03-22,510880,,2.028,2.038,2.018,2.031,3539909.0,7185102.0,,,sina:510880
2013-03-25,510880,,2.038,2.053,2.022,2.026,4935728.0,10045496.0,,,sina:510880
2013-03-26,510880,,2.02,2.02,1.969,1.985,6623258.0,13142700.0,,,sina:510880
2013-03-27,510880,,1.984,2.014,1.978,1.992,4949478.0,9875660.0,,,sina:510880
2013-03-28,510880,,1.978,1.978,1.893,1.902,13512549.0,25768564.0,,,sina:510880
2013-03-29,510880,,1.903,1.912,1.892,1.902,3852014.0,7321227.0,,,sina:510880
2013-04-01,510880,,1.902,1.913,1.899,1.902,1664563.0,3171385.0,,,sina:510880
2013-04-02,510880,,1.91,1.92,1.89,1.901,3277984.0,6239689.0,,,sina:510880
2013-04-03,510880,,1.904,1.923,1.9,1.908,4178851.0,7990460.0,,,sina:510880
2013-04-08,510880,,1.879,1.897,1.872,1.894,4813589.0,9069511.0,,,sina:510880
2013-04-09,510880,,1.9,1.919,1.899,1.906,3787285.0,7225312.0,,,sina:510880
2013-04-10,510880,,1.906,1.907,1.885,1.893,3448100.0,6549317.0,,,sina:510880
2013-04-11,510880,,1.908,1.914,1.892,1.892,4763055.0,9081205.0,,,sina:510880
2013-04-12,510880,,1.897,1.899,1.881,1.885,1653000.0,3121461.0,,,sina:510880
2013-04-15,510880,,1.885,1.885,1.865,1.867,3753543.0,7016493.0,,,sina:510880
2013-04-16,510880,,1.863,1.871,1.841,1.87,5946706.0,11044795.0,,,sina:510880
2013-04-17,510880,,1.87,1.87,1.838,1.855,6843142.0,12663634.0,,,sina:510880
2013-04-18,510880,,1.851,1.863,1.827,1.862,20638064.0,38170652.0,,,sina:510880
2013-04-19,510880,,1.859,1.94,1.859,1.928,18450148.0,35009100.0,,,sina:510880
2013-04-22,510880,,1.921,1.939,1.919,1.934,6632853.0,12790667.0,,,sina:510880
2013-04-23,510880,,1.931,1.938,1.851,1.878,8809743.0,16705517.0,,,sina:510880
2013-04-24,510880,,1.877,1.924,1.873,1.91,6481298.0,12264323.0,,,sina:510880
2013-04-25,510880,,1.908,1.911,1.88,1.889,3707620.0,7010563.0,,,sina:510880
2013-04-26,510880,,1.89,1.905,1.88,1.884,3058791.0,5785613.0,,,sina:510880
2013-05-02,510880,,1.876,1.886,1.864,1.886,3847234.0,7207457.0,,,sina:510880
2013-05-03,510880,,1.886,1.947,1.886,1.92,7302614.0,14077911.0,,,sina:510880
2013-05-06,510880,,1.932,1.948,1.925,1.936,4743901.0,9179214.0,,,sina:510880
2013-05-07,510880,,1.935,1.943,1.923,1.932,4383000.0,8469798.0,,,sina:510880
2013-05-08,510880,,1.945,1.958,1.931,1.937,3910079.0,7606483.0,,,sina:510880
2013-05-09,510880,,1.94,1.94,1.918,1.928,3942641.0,7610604.0,,,sina:510880
2013-05-10,510880,,1.926,1.945,1.921,1.94,2951758.0,5717035.0,,,sina:510880
2013-05-13,510880,,1.939,1.944,1.925,1.932,2695036.0,5208311.0,,,sina:510880
2013-05-14,510880,,1.932,1.932,1.911,1.915,1361800.0,2612209.0,,,sina:510880
2013-05-15,510880,,1.915,1.929,1.915,1.928,5798106.0,11149156.0,,,sina:510880
2013-05-16,510880,,1.925,1.956,1.911,1.954,4299553.0,8355526.0,,,sina:510880
2013-05-17,510880,,1.954,1.982,1.948,1.979,6003334.0,11789996.0,,,sina:510880
2013-05-20,510880,,1.979,2.016,1.979,1.997,9200550.0,18396496.0,,,sina:510880
2013-05-21,510880,,1.995,2.0,1.98,1.986,6351653.0,12644411.0,,,sina:510880
2013-05-22,510880,,1.986,1.997,1.951,1.993,3563638.0,7090379.0,,,sina:510880
2013-05-23,510880,,1.98,1.987,1.957,1.961,3888864.0,7660229.0,,,sina:510880
2013-05-24,510880,,1.961,1.975,1.952,1.962,3156510.0,6201988.0,,,sina:510880
2013-05-27,510880,,1.962,1.974,1.955,1.962,1036040.0,2035813.0,,,sina:510880
2013-05-28,510880,,1.964,1.996,1.953,1.994,6534005.0,12895903.0,,,sina:510880
2013-05-29,510880,,1.995,2.008,1.992,1.992,3640710.0,7283892.0,,,sina:510880
2013-05-30,510880,,1.988,1.994,1.981,1.984,4680800.0,9300973.0,,,sina:510880
2013-05-31,510880,,1.983,1.993,1.971,1.971,3819050.0,7565490.0,,,sina:510880
2013-06-03,510880,,1.974,1.987,1.967,1.97,4546901.0,8989477.0,,,sina:510880
2013-06-04,510880,,1.964,1.97,1.954,1.958,2681497.0,5254600.0,,,sina:510880
2013-06-05,510880,,1.96,1.96,1.931,1.94,2010028.0,3910004.0,,,sina:510880
2013-06-06,510880,,1.939,1.939,1.917,1.92,4321654.0,8318827.0,,,sina:510880
2013-06-07,510880,,1.919,1.93,1.892,1.899,2815660.0,5365339.0,,,sina:510880
2013-06-13,510880,,1.896,1.896,1.811,1.834,6020054.0,11044071.0,,,sina:510880
2013-06-14,510880,,1.836,1.847,1.834,1.84,2657272.0,4885459.0,,,sina:510880
2013-06-17,510880,,1.845,1.85,1.826,1.827,2029526.0,3722228.0,,,sina:510880
2013-06-18,510880,,1.831,1.845,1.827,1.838,3898028.0,7158262.0,,,sina:510880
2013-06-19,510880,,1.831,1.831,1.798,1.817,2943515.0,5324970.0,,,sina:510880
2013-06-20,510880,,1.809,1.809,1.758,1.765,3877888.0,6889829.0,,,sina:510880
2013-06-21,510880,,1.762,1.764,1.724,1.761,3988405.0,6973030.0,,,sina:510880
2013-06-24,510880,,1.755,1.755,1.65,1.662,6856079.0,11536135.0,,,sina:510880
2013-06-25,510880,,1.664,1.664,1.524,1.64,8719927.0,13995283.0,,,sina:510880
2013-06-26,510880,,1.648,1.653,1.608,1.619,3626650.0,5897014.0,,,sina:510880
2013-06-27,510880,,1.625,1.656,1.622,1.637,4593169.0,7531930.0,,,sina:510880
2013-06-28,510880,,1.633,1.699,1.623,1.695,6285830.0,10499411.0,,,sina:510880
2013-07-01,510880,,1.69,1.695,1.669,1.694,3565972.0,6011903.0,,,sina:510880
2013-07-02,510880,,1.695,1.695,1.672,1.69,4092152.0,6884852.0,,,sina:510880
2013-07-03,510880,,1.675,1.679,1.653,1.674,4102841.0,6832383.0,,,sina:510880
2013-07-04,510880,,1.67,1.707,1.658,1.688,6888653.0,11558951.0,,,sina:510880
2013-07-05,510880,,1.685,1.698,1.68,1.686,1947508.0,3291172.0,,,sina:510880
2013-07-08,510880,,1.671,1.678,1.655,1.661,3260628.0,5429470.0,,,sina:510880
2013-07-09,510880,,1.661,1.673,1.657,1.67,2251800.0,3748876.0,,,sina:510880
2013-07-10,510880,,1.672,1.705,1.668,1.704,2980741.0,5034643.0,,,sina:510880
2013-07-11,510880,,1.708,1.823,1.708,1.805,10033060.0,17734024.0,,,sina:510880
2013-07-12,510880,,1.799,1.809,1.752,1.758,4792018.0,8525017.0,,,sina:510880
2013-07-15,510880,,1.756,1.793,1.753,1.769,2836202.0,5019787.0,,,sina:510880
2013-07-16,510880,,1.766,1.772,1.745,1.771,3376084.0,5931325.0,,,sina:510880
2013-07-17,510880,,1.765,1.777,1.75,1.75,3096036.0,5454129.0,,,sina:510880
2013-07-18,510880,,1.75,1.75,1.71,1.71,3617554.0,6243882.0,,,sina:510880
2013-07-19,510880,,1.724,1.724,1.678,1.68,4626900.0,7885546.0,,,sina:510880
2013-07-22,510880,,1.673,1.682,1.655,1.682,4438594.0,7411317.0,,,sina:510880
2013-07-23,510880,,1.683,1.735,1.671,1.717,4084366.0,6996627.0,,,sina:510880
2013-07-24,510880,,1.713,1.713,1.675,1.696,6870194.0,11636371.0,,,sina:510880
2013-07-25,510880,,1.702,1.707,1.683,1.687,3637296.0,6151095.0,,,sina:510880
2013-07-26,510880,,1.681,1.691,1.672,1.687,3212524.0,5402662.0,,,sina:510880
2013-07-29,510880,,1.675,1.675,1.639,1.644,5584241.0,9225197.0,,,sina:510880
2013-07-30,510880,,1.65,1.69,1.643,1.663,3685798.0,6135032.0,,,sina:510880
2013-07-31,510880,,1.67,1.7,1.665,1.668,3630186.0,6095274.0,,,sina:510880
2013-08-01,510880,,1.668,1.7,1.665,1.697,3833972.0,6465045.0,,,sina:510880
2013-08-02,510880,,1.697,1.716,1.69,1.692,2828687.0,4816365.0,,,sina:510880
2013-08-05,510880,,1.705,1.709,1.688,1.706,2398308.0,4078278.0,,,sina:510880
2013-08-06,510880,,1.705,1.72,1.692,1.715,3752801.0,6405684.0,,,sina:510880
2013-08-07,510880,,1.715,1.727,1.701,1.704,3244637.0,5566583.0,,,sina:510880
2013-08-08,510880,,1.7,1.714,1.695,1.698,3712445.0,6325495.0,,,sina:510880
2013-08-09,510880,,1.703,1.715,1.684,1.696,2224982.0,3787092.0,,,sina:510880
2013-08-12,510880,,1.696,1.761,1.696,1.76,8725442.0,15196794.0,,,sina:510880
2013-08-13,510880,,1.759,1.779,1.747,1.774,4596690.0,8134482.0,,,sina:510880
2013-08-14,510880,,1.775,1.805,1.766,1.77,4503761.0,8037767.0,,,sina:510880
2013-08-15,510880,,1.77,1.79,1.764,1.764,2325600.0,4132809.0,,,sina:510880
2013-08-16,510880,,1.759,1.85,1.74,1.761,9311177.0,16680709.0,,,sina:510880
2013-08-19,510880,,1.746,1.786,1.746,1.777,4625993.0,8122745.0,,,sina:510880
2013-08-20,510880,,1.771,1.806,1.763,1.774,4550677.0,8126053.0,,,sina:510880
2013-08-21,510880,,1.774,1.779,1.75,1.762,2829990.0,4985453.0,,,sina:510880
2013-08-22,510880,,1.76,1.79,1.756,1.761,3361462.0,5948766.0,,,sina:510880
2013-08-23,510880,,1.763,1.779,1.718,1.743,4687987.0,8190913.0,,,sina:510880
2013-08-26,510880,,1.744,1.777,1.741,1.775,5737179.0,10121009.0,,,sina:510880
2013-08-27,510880,,1.773,1.785,1.764,1.776,2755537.0,4889984.0,,,sina:510880
2013-08-28,510880,,1.77,1.777,1.751,1.767,2697124.0,4761312.0,,,sina:510880
2013-08-29,510880,,1.767,1.777,1.759,1.765,2072205.0,3658636.0,,,sina:510880
2013-08-30,510880,,1.765,1.776,1.752,1.764,2109499.0,3723967.0,,,sina:510880
2013-09-02,510880,,1.77,1.779,1.759,1.768,2771725.0,4900550.0,,,sina:510880
2013-09-03,510880,,1.775,1.798,1.771,1.796,4553201.0,8149833.0,,,sina:510880
2013-09-04,510880,,1.787,1.803,1.787,1.795,3298566.0,5934012.0,,,sina:510880
2013-09-05,510880,,1.795,1.802,1.791,1.793,2614588.0,4693575.0,,,sina:510880
2013-09-06,510880,,1.792,1.815,1.791,1.806,4195579.0,7557785.0,,,sina:510880
2013-09-09,510880,,1.816,1.918,1.816,1.912,14743610.0,27757260.0,,,sina:510880
2013-09-10,510880,,1.916,1.926,1.896,1.924,5075029.0,9701642.0,,,sina:510880
2013-09-11,510880,,1.924,1.955,1.924,1.931,4907090.0,9537647.0,,,sina:510880
2013-09-12,510880,,1.931,1.992,1.915,1.961,6398485.0,12489914.0,,,sina:510880
2013-09-13,510880,,1.96,1.96,1.919,1.929,3078422.0,5954637.0,,,sina:510880
2013-09-16,510880,,1.93,1.943,1.905,1.918,3421357.0,6560551.0,,,sina:510880
2013-09-17,510880,,1.925,1.935,1.888,1.889,3868012.0,7383203.0,,,sina:510880
2013-09-18,510880,,1.889,1.898,1.87,1.889,2417582.0,4548717.0,,,sina:510880
2013-09-23,510880,,1.895,1.907,1.881,1.897,3610532.0,6839258.0,,,sina:510880
2013-09-24,510880,,1.897,1.897,1.845,1.854,4962100.0,9240885.0,,,sina:510880
2013-09-25,510880,,1.857,1.868,1.843,1.85,3260716.0,6051017.0,,,sina:510880
2013-09-26,510880,,1.849,1.849,1.81,1.819,4572012.0,8338007.0,,,sina:510880
2013-09-27,510880,,1.818,1.827,1.809,1.815,3005231.0,5460832.0,,,sina:510880
2013-09-30,510880,,1.817,1.832,1.817,1.83,2527710.0,4618010.0,,,sina:510880
2013-10-08,510880,,1.82,1.85,1.805,1.842,3582532.0,6548402.0,,,sina:510880
2013-10-09,510880,,1.84,1.857,1.833,1.85,3476147.0,6425624.0,,,sina:510880
2013-10-10,510880,,1.851,1.855,1.819,1.821,4218353.0,7769896.0,,,sina:510880
2013-10-11,510880,,1.825,1.857,1.821,1.85,6169984.0,11372318.0,,,sina:510880
2013-10-14,510880,,1.85,1.856,1.841,1.845,4005755.0,7394805.0,,,sina:510880
2013-10-15,510880,,1.849,1.849,1.822,1.83,3229900.0,5944454.0,,,sina:510880
2013-10-16,510880,,1.829,1.829,1.803,1.806,4161300.0,7543980.0,,,sina:510880
2013-10-17,510880,,1.812,1.819,1.802,1.805,2988773.0,5406326.0,,,sina:510880
2013-10-18,510880,,1.81,1.819,1.803,1.809,1553298.0,2810595.0,,,sina:510880
2013-10-21,510880,,1.811,1.831,1.8,1.829,3923255.0,7134016.0,,,sina:510880
2013-10-22,510880,,1.829,1.829,1.809,1.811,3225226.0,5860575.0,,,sina:510880
2013-10-23,510880,,1.817,1.847,1.809,1.814,4821044.0,8804871.0,,,sina:510880
2013-10-24,510880,,1.812,1.812,1.79,1.791,4525709.0,8144993.0,,,sina:510880
2013-10-25,510880,,1.791,1.807,1.775,1.78,3825228.0,6863752.0,,,sina:510880
2013-10-28,510880,,1.799,1.8,1.773,1.78,2134553.0,3803264.0,,,sina:510880
2013-10-29,510880,,1.781,1.833,1.781,1.802,5205872.0,9399169.0,,,sina:510880
2013-10-30,510880,,1.805,1.831,1.803,1.828,4683586.0,8520090.0,,,sina:510880
2013-10-31,510880,,1.834,1.834,1.806,1.809,2471616.0,4479452.0,,,sina:510880
2013-11-01,510880,,1.81,1.833,1.807,1.824,2830451.0,5145456.0,,,sina:510880
2013-11-04,510880,,1.83,1.838,1.818,1.822,1201600.0,2195437.0,,,sina:510880
2013-11-05,510880,,1.816,1.816,1.789,1.811,2818910.0,5082936.0,,,sina:510880
2013-11-06,510880,,1.811,1.811,1.79,1.791,3300460.0,5935881.0,,,sina:510880
2013-11-07,510880,,1.791,1.797,1.785,1.791,2665500.0,4771539.0,,,sina:510880
2013-11-08,510880,,1.79,1.796,1.772,1.777,3230306.0,5767125.0,,,sina:510880
2013-11-11,510880,,1.768,1.777,1.764,1.77,2339801.0,4141678.0,,,sina:510880
2013-11-12,510880,,1.775,1.79,1.768,1.788,1256420.0,2238801.0,,,sina:510880
2013-11-13,510880,,1.784,1.784,1.743,1.745,4992067.0,8765578.0,,,sina:510880
2013-11-14,510880,,1.745,1.753,1.727,1.737,5529095.0,9610933.0,,,sina:510880
2013-11-15,510880,,1.733,1.786,1.733,1.768,64797304.0,115088072.0,,,sina:510880
2013-11-18,510880,,1.773,1.841,1.77,1.841,9667895.0,17385624.0,,,sina:510880
2013-11-19,510880,,1.841,1.841,1.81,1.83,5160300.0,9437493.0,,,sina:510880
2013-11-20,510880,,1.835,1.839,1.814,1.827,53536252.0,97510952.0,,,sina:510880
2013-11-21,510880,,1.821,1.824,1.8,1.822,4013550.0,7259623.0,,,sina:510880
2013-11-22,510880,,1.826,1.828,1.814,1.815,4015665.0,7308360.0,,,sina:510880
2013-11-25,510880,,1.814,1.826,1.803,1.807,3055018.0,5535998.0,,,sina:510880
2013-11-26,510880,,1.805,1.815,1.798,1.8,2982097.0,5379017.0,,,sina:510880
2013-11-27,510880,,1.798,1.829,1.797,1.812,4513244.0,8172777.0,,,sina:510880
2013-11-28,510880,,1.816,1.841,1.815,1.825,8189751.0,14969041.0,,,sina:510880
2013-11-29,510880,,1.827,1.833,1.824,1.824,2761802.0,5048229.0,,,sina:510880
2013-12-02,510880,,1.828,1.86,1.821,1.847,7392927.0,13612562.0,,,sina:510880
2013-12-03,510880,,1.839,1.858,1.835,1.855,6154837.0,11350766.0,,,sina:510880
2013-12-04,510880,,1.84,1.874,1.84,1.863,7989738.0,14890284.0,,,sina:510880
2013-12-05,510880,,1.86,1.864,1.853,1.859,1706446.0,3171571.0,,,sina:510880
2013-12-06,510880,,1.852,1.855,1.839,1.845,1877888.0,3464121.0,,,sina:510880
2013-12-09,510880,,1.843,1.854,1.842,1.845,2429601.0,4490139.0,,,sina:510880
2013-12-10,510880,,1.849,1.853,1.843,1.848,1277543.0,2360394.0,,,sina:510880
2013-12-11,510880,,1.844,1.844,1.81,1.818,3064198.0,5590605.0,,,sina:510880
2013-12-12,510880,,1.815,1.82,1.81,1.81,3519435.0,6390070.0,,,sina:510880
2013-12-13,510880,,1.807,1.808,1.793,1.799,5353396.0,9629148.0,,,sina:510880
2013-12-16,510880,,1.799,1.8,1.779,1.78,4394505.0,7852485.0,,,sina:510880
2013-12-17,510880,,1.779,1.786,1.77,1.774,2723364.0,4834203.0,,,sina:510880
2013-12-18,510880,,1.77,1.777,1.769,1.769,4761264.0,8440856.0,,,sina:510880
2013-12-19,510880,,1.773,1.778,1.75,1.751,4107528.0,7259254.0,,,sina:510880
2013-12-20,510880,,1.751,1.757,1.72,1.724,5743467.0,9978938.0,,,sina:510880
2013-12-23,510880,,1.726,1.73,1.713,1.723,3645274.0,6282190.0,,,sina:510880
2013-12-24,510880,,1.722,1.736,1.713,1.718,3798600.0,6560216.0,,,sina:510880
2013-12-25,510880,,1.718,1.729,1.715,1.728,2299114.0,3956993.0,,,sina:510880
2013-12-26,510880,,1.722,1.729,1.698,1.698,3326900.0,5693537.0,,,sina:510880
2013-12-27,510880,,1.698,1.737,1.698,1.725,7462102.0,12806266.0,,,sina:510880
2013-12-30,510880,,1.726,1.738,1.721,1.725,3702102.0,6413910.0,,,sina:510880
2013-12-31,510880,,1.727,1.745,1.72,1.741,3467544.0,5996042.0,,,sina:510880
2014-01-02,510880,,1.738,1.738,1.727,1.73,1927218.0,3334619.0,,,sina:510880
2014-01-03,510880,,1.723,1.724,1.704,1.707,2263167.0,3876373.0,,,sina:510880
2014-01-06,510880,,1.707,1.707,1.668,1.672,4586956.0,7692147.0,,,sina:510880
2014-01-07,510880,,1.67,1.682,1.656,1.671,4409492.0,7376130.0,,,sina:510880
2014-01-08,510880,,1.671,1.69,1.662,1.672,1983542.0,3317180.0,,,sina:510880
2014-01-09,510880,,1.673,1.678,1.658,1.66,4074196.0,6805531.0,,,sina:510880
2014-01-10,510880,,1.653,1.662,1.649,1.656,1449228.0,2396159.0,,,sina:510880
2014-01-13,510880,,1.656,1.665,1.648,1.653,4937600.0,8158808.0,,,sina:510880
2014-01-14,510880,,1.653,1.664,1.648,1.662,2785156.0,4603829.0,,,sina:510880
2014-01-15,510880,,1.662,1.665,1.651,1.663,3326976.0,5518224.0,,,sina:510880
2014-01-16,510880,,1.663,1.67,1.651,1.664,6264396.0,10403128.0,,,sina:510880
2014-01-17,510880,,1.664,1.664,1.645,1.649,4509399.0,7454396.0,,,sina:510880
2014-01-20,510880,,1.646,1.655,1.63,1.639,4060000.0,6665392.0,,,sina:510880
2014-01-21,510880,,1.609,1.609,1.58,1.581,4882340.0,7761421.0,,,sina:510880
2014-01-22,510880,,1.581,1.615,1.581,1.614,6340769.0,10166188.0,,,sina:510880
2014-01-23,510880,,1.615,1.617,1.606,1.61,10213480.0,16448112.0,,,sina:510880
2014-01-24,510880,,1.608,1.625,1.606,1.62,5043559.0,8166568.0,,,sina:510880
2014-01-27,510880,,1.616,1.617,1.604,1.609,3003970.0,4833389.0,,,sina:510880
2014-01-28,510880,,1.61,1.621,1.604,1.609,4302271.0,6920483.0,,,sina:510880
2014-01-29,510880,,1.612,1.63,1.611,1.622,2866857.0,4638162.0,,,sina:510880
2014-01-30,510880,,1.62,1.622,1.61,1.611,2204899.0,3559543.0,,,sina:510880
2014-02-07,510880,,1.61,1.615,1.597,1.613,3460520.0,5551983.0,,,sina:510880
2014-02-10,510880,,1.619,1.651,1.615,1.648,4751505.0,7762075.0,,,sina:510880
2014-02-11,510880,,1.648,1.669,1.641,1.665,5760431.0,9528994.0,,,sina:510880
2014-02-12,510880,,1.662,1.671,1.66,1.668,9214503.0,15334668.0,,,sina:510880
2014-02-13,510880,,1.667,1.683,1.661,1.668,4273684.0,7142554.0,,,sina:510880
2014-02-14,510880,,1.666,1.682,1.665,1.682,4251097.0,7112929.0,,,sina:510880
2014-02-17,510880,,1.683,1.69,1.675,1.685,3127968.0,5253994.0,,,sina:510880
2014-02-18,510880,,1.686,1.686,1.667,1.669,4690603.0,7855153.0,,,sina:510880
2014-02-19,510880,,1.669,1.697,1.666,1.684,3068938.0,5157366.0,,,sina:510880
2014-02-20,510880,,1.686,1.718,1.686,1.696,9891869.0,16812224.0,,,sina:510880
2014-02-21,510880,,1.688,1.694,1.664,1.677,4306890.0,7226528.0,,,sina:510880
2014-02-24,510880,,1.668,1.668,1.634,1.648,3314377.0,5451392.0,,,sina:510880
2014-02-25,510880,,1.648,1.655,1.605,1.616,4028607.0,6589790.0,,,sina:510880
2014-02-26,510880,,1.613,1.617,1.597,1.615,3848156.0,6193269.0,,,sina:510880
2014-02-27,510880,,1.615,1.645,1.615,1.626,4366599.0,7110124.0,,,sina:510880
2014-02-28,510880,,1.622,1.636,1.607,1.636,2710116.0,4402814.0,,,sina:510880
2014-03-03,510880,,1.633,1.649,1.622,1.641,4079153.0,6677843.0,,,sina:510880
2014-03-04,510880,,1.639,1.639,1.62,1.631,3522501.0,5732382.0,,,sina:510880
2014-03-05,510880,,1.631,1.635,1.623,1.624,2894377.0,4716403.0,,,sina:510880
2014-03-06,510880,,1.621,1.627,1.606,1.624,3204670.0,5172508.0,,,sina:510880
2014-03-07,510880,,1.622,1.632,1.615,1.619,2213599.0,3597001.0,,,sina:510880
2014-03-10,510880,,1.611,1.616,1.568,1.57,5445439.0,8661921.0,,,sina:510880
2014-03-11,510880,,1.57,1.578,1.562,1.569,3336740.0,5235921.0,,,sina:510880
2014-03-12,510880,,1.569,1.588,1.56,1.57,6129756.0,9622378.0,,,sina:510880
2014-03-13,510880,,1.573,1.602,1.573,1.593,3518844.0,5601049.0,,,sina:510880
2014-03-14,510880,,1.586,1.597,1.583,1.59,2673841.0,4252999.0,,,sina:510880
2014-03-17,510880,,1.593,1.605,1.586,1.605,4545424.0,7262970.0,,,sina:510880
2014-03-18,510880,,1.605,1.615,1.593,1.605,2510038.0,4035637.0,,,sina:510880
2014-03-19,510880,,1.602,1.602,1.588,1.597,2443447.0,3895887.0,,,sina:510880
2014-03-20,510880,,1.591,1.61,1.581,1.581,3214300.0,5119733.0,,,sina:510880
2014-03-21,510880,,1.582,1.621,1.567,1.617,6772001.0,10741794.0,,,sina:510880
2014-03-24,510880,,1.618,1.64,1.61,1.63,4553333.0,7391379.0,,,sina:510880
2014-03-25,510880,,1.633,1.648,1.627,1.635,3164504.0,5169153.0,,,sina:510880
2014-03-26,510880,,1.634,1.639,1.624,1.63,2827818.0,4609526.0,,,sina:510880
2014-03-27,510880,,1.63,1.636,1.602,1.622,3883348.0,6299365.0,,,sina:510880
2014-03-28,510880,,1.621,1.627,1.606,1.615,2795512.0,4532898.0,,,sina:510880
2014-03-31,510880,,1.614,1.618,1.603,1.607,2446700.0,3938890.0,,,sina:510880
2014-04-01,510880,,1.61,1.622,1.609,1.619,2224675.0,3588801.0,,,sina:510880
2014-04-02,510880,,1.616,1.634,1.616,1.629,3053212.0,4966278.0,,,sina:510880
2014-04-03,510880,,1.63,1.636,1.612,1.615,2428560.0,3944064.0,,,sina:510880
2014-04-04,510880,,1.611,1.623,1.606,1.621,1939401.0,3130399.0,,,sina:510880
2014-04-08,510880,,1.622,1.662,1.616,1.655,8191136.0,13473994.0,,,sina:510880
2014-04-09,510880,,1.658,1.666,1.655,1.658,4779594.0,7941438.0,,,sina:510880
2014-04-10,510880,,1.665,1.693,1.651,1.682,4802740.0,8016753.0,,,sina:510880
2014-04-11,510880,,1.683,1.69,1.675,1.686,2803605.0,4720407.0,,,sina:510880
2014-04-14,510880,,1.684,1.695,1.67,1.68,2319135.0,3888834.0,,,sina:510880
2014-04-15,510880,,1.679,1.679,1.656,1.659,4789952.0,7977319.0,,,sina:510880
2014-04-16,510880,,1.658,1.664,1.651,1.658,2335210.0,3870916.0,,,sina:510880
2014-04-17,510880,,1.657,1.663,1.65,1.653,2972400.0,4921227.0,,,sina:510880
2014-04-18,510880,,1.65,1.661,1.64,1.653,2686253.0,4431998.0,,,sina:510880
2014-04-21,510880,,1.645,1.655,1.632,1.633,4347960.0,7162715.0,,,sina:510880
2014-04-22,510880,,1.631,1.638,1.621,1.637,5330710.0,8695780.0,,,sina:510880
2014-04-23,510880,,1.635,1.637,1.628,1.634,3936874.0,6425640.0,,,sina:510880
2014-04-24,510880,,1.634,1.64,1.629,1.633,2487753.0,4064235.0,,,sina:510880
2014-04-25,510880,,1.633,1.638,1.621,1.623,2999990.0,4887502.0,,,sina:510880
2014-04-28,510880,,1.622,1.622,1.6,1.601,3137934.0,5042069.0,,,sina:510880
2014-04-29,510880,,1.602,1.614,1.601,1.613,2808574.0,4514241.0,,,sina:510880
2014-04-30,510880,,1.613,1.626,1.609,1.62,2719031.0,4397464.0,,,sina:510880
2014-05-05,510880,,1.617,1.624,1.606,1.62,4880317.0,7856157.0,,,sina:510880
2014-05-06,510880,,1.617,1.629,1.617,1.624,2828710.0,4595125.0,,,sina:510880
2014-05-07,510880,,1.623,1.623,1.612,1.614,676080.0,1094352.0,,,sina:510880
2014-05-08,510880,,1.61,1.629,1.61,1.614,2149575.0,3475035.0,,,sina:510880
2014-05-09,510880,,1.614,1.617,1.601,1.607,1203000.0,1932929.0,,,sina:510880
2014-05-12,510880,,1.612,1.64,1.61,1.638,3635376.0,5916646.0,,,sina:510880
2014-05-13,510880,,1.638,1.64,1.628,1.635,635189.0,1038670.0,,,sina:510880
2014-05-14,510880,,1.632,1.637,1.628,1.634,2891200.0,4713366.0,,,sina:510880
2014-05-15,510880,,1.634,1.634,1.618,1.619,2204250.0,3588387.0,,,sina:510880
2014-05-16,510880,,1.618,1.621,1.611,1.618,2175209.0,3521007.0,,,sina:510880
2014-05-19,510880,,1.613,1.613,1.601,1.608,2517342.0,4036514.0,,,sina:510880
2014-05-20,510880,,1.607,1.614,1.603,1.605,2198376.0,3540770.0,,,sina:510880
2014-05-21,510880,,1.605,1.62,1.595,1.62,3124903.0,5023792.0,,,sina:510880
2014-05-22,510880,,1.617,1.631,1.609,1.614,2075899.0,3372977.0,,,sina:510880
2014-05-23,510880,,1.614,1.624,1.61,1.624,2002800.0,3234046.0,,,sina:510880
2014-05-26,510880,,1.626,1.635,1.626,1.633,3964256.0,6470615.0,,,sina:510880
2014-05-27,510880,,1.629,1.637,1.629,1.634,2107155.0,3440127.0,,,sina:510880
2014-05-28,510880,,1.634,1.643,1.629,1.642,2028344.0,3322154.0,,,sina:510880
2014-05-29,510880,,1.64,1.642,1.628,1.63,2235500.0,3658487.0,,,sina:510880
2014-05-30,510880,,1.627,1.634,1.621,1.629,2953400.0,4811106.0,,,sina:510880
2014-06-03,510880,,1.629,1.633,1.623,1.624,3570460.0,5817050.0,,,sina:510880
2014-06-04,510880,,1.623,1.624,1.608,1.612,1010500.0,1630601.0,,,sina:510880
2014-06-05,510880,,1.61,1.624,1.609,1.624,1331525.0,2151260.0,,,sina:510880
2014-06-06,510880,,1.623,1.623,1.611,1.614,1165089.0,1884204.0,,,sina:510880
2014-06-09,510880,,1.61,1.625,1.61,1.615,2503411.0,4047178.0,,,sina:510880
2014-06-10,510880,,1.616,1.634,1.613,1.629,2355633.0,3829321.0,,,sina:510880
2014-06-11,510880,,1.629,1.635,1.623,1.634,3667072.0,5973313.0,,,sina:510880
2014-06-12,510880,,1.629,1.632,1.625,1.627,1641000.0,2669585.0,,,sina:510880
2014-06-13,510880,,1.625,1.652,1.622,1.646,6285958.0,10343370.0,,,sina:510880
2014-06-16,510880,,1.641,1.661,1.64,1.659,3873957.0,6397459.0,,,sina:510880
2014-06-17,510880,,1.656,1.656,1.64,1.648,3151634.0,5202398.0,,,sina:510880
2014-06-18,510880,,1.648,1.648,1.638,1.639,3203902.0,5261471.0,,,sina:510880
2014-06-19,510880,,1.638,1.641,1.613,1.617,3427477.0,5588698.0,,,sina:510880
2014-06-20,510880,,1.62,1.626,1.614,1.624,2723794.0,4414245.0,,,sina:510880
2014-06-23,510880,,1.621,1.632,1.621,1.628,3028527.0,4932293.0,,,sina:510880
2014-06-24,510880,,1.628,1.63,1.623,1.629,1368158.0,2225162.0,,,sina:510880
2014-06-25,510880,,1.629,1.629,1.621,1.624,1896709.0,3079006.0,,,sina:510880
2014-06-26,510880,,1.625,1.632,1.624,1.63,1097053.0,1787554.0,,,sina:510880
2014-06-27,510880,,1.628,1.639,1.625,1.632,3814383.0,6224788.0,,,sina:510880
2014-06-30,510880,,1.632,1.648,1.632,1.644,2960870.0,4868131.0,,,sina:510880
2014-07-01,510880,,1.648,1.65,1.641,1.645,2379135.0,3914714.0,,,sina:510880
2014-07-02,510880,,1.644,1.655,1.642,1.653,2200357.0,3627362.0,,,sina:510880
2014-07-03,510880,,1.649,1.663,1.647,1.656,3459803.0,5723970.0,,,sina:510880
2014-07-04,510880,,1.658,1.661,1.653,1.657,2037726.0,3377539.0,,,sina:510880
2014-07-07,510880,,1.656,1.658,1.648,1.654,2678770.0,4427378.0,,,sina:510880
2014-07-08,510880,,1.65,1.663,1.65,1.66,3679787.0,6088814.0,,,sina:510880
2014-07-09,510880,,1.656,1.662,1.642,1.644,2195650.0,3619473.0,,,sina:510880
2014-07-10,510880,,1.644,1.647,1.64,1.643,2484155.0,4082380.0,,,sina:510880
2014-07-11,510880,,1.643,1.652,1.64,1.65,1574221.0,2595917.0,,,sina:510880
2014-07-14,510880,,1.65,1.672,1.65,1.671,4227842.0,7025977.0,,,sina:510880
2014-07-15,510880,,1.667,1.672,1.664,1.67,3683187.0,6139315.0,,,sina:510880
2014-07-16,510880,,1.668,1.681,1.668,1.669,2285515.0,3826655.0,,,sina:510880
2014-07-17,510880,,1.667,1.67,1.661,1.665,2098286.0,3495233.0,,,sina:510880
2014-07-18,510880,,1.665,1.677,1.662,1.668,2410787.0,4023766.0,,,sina:510880
2014-07-21,510880,,1.668,1.67,1.664,1.666,2248462.0,3747045.0,,,sina:510880
2014-07-22,510880,,1.665,1.698,1.662,1.686,7055856.0,11875334.0,,,sina:510880
2014-07-23,510880,,1.686,1.698,1.682,1.69,6243408.0,10562381.0,,,sina:510880
2014-07-24,510880,,1.689,1.72,1.689,1.716,6564322.0,11207860.0,,,sina:510880
2014-07-25,510880,,1.716,1.734,1.715,1.732,2873754.0,4952187.0,,,sina:510880
2014-07-28,510880,,1.732,1.781,1.732,1.77,8328689.0,14662794.0,,,sina:510880
2014-07-29,510880,,1.775,1.79,1.768,1.78,7175082.0,12758387.0,,,sina:510880
2014-07-30,510880,,1.774,1.784,1.766,1.771,7698948.0,13678879.0,,,sina:510880
2014-07-31,510880,,1.77,1.797,1.768,1.796,5167781.0,9201890.0,,,sina:510880
2014-08-01,510880,,1.789,1.812,1.788,1.788,4409288.0,7932714.0,,,sina:510880
2014-08-04,510880,,1.787,1.812,1.787,1.811,2442780.0,4402089.0,,,sina:510880
2014-08-05,510880,,1.812,1.814,1.802,1.81,3010552.0,5443042.0,,,sina:510880
2014-08-06,510880,,1.808,1.814,1.792,1.808,3756045.0,6771897.0,,,sina:510880
2014-08-07,510880,,1.803,1.81,1.785,1.789,2832440.0,5088435.0,,,sina:510880
2014-08-08,510880,,1.781,1.796,1.781,1.79,1999561.0,3575877.0,,,sina:510880
2014-08-11,510880,,1.79,1.822,1.79,1.821,3601760.0,6529166.0,,,sina:510880
2014-08-12,510880,,1.819,1.823,1.812,1.82,4163803.0,7568459.0,,,sina:510880
2014-08-13,510880,,1.818,1.826,1.804,1.817,4976049.0,9036597.0,,,sina:510880
2014-08-14,510880,,1.816,1.822,1.807,1.809,2551100.0,4627304.0,,,sina:510880
2014-08-15,510880,,1.809,1.822,1.804,1.82,3801396.0,6883659.0,,,sina:510880
2014-08-18,510880,,1.817,1.83,1.814,1.826,5714352.0,10414677.0,,,sina:510880
2014-08-19,510880,,1.826,1.83,1.818,1.827,4193823.0,7655805.0,,,sina:510880
2014-08-20,510880,,1.825,1.828,1.817,1.821,4141401.0,7547824.0,,,sina:510880
2014-08-21,510880,,1.821,1.821,1.795,1.808,3739274.0,6757928.0,,,sina:510880
2014-08-22,510880,,1.804,1.815,1.8,1.815,6501544.0,11770066.0,,,sina:510880
2014-08-25,510880,,1.816,1.816,1.8,1.804,3448980.0,6225736.0,,,sina:510880
2014-08-26,510880,,1.8,1.808,1.786,1.787,3997163.0,7196627.0,,,sina:510880
2014-08-27,510880,,1.788,1.798,1.785,1.788,4928431.0,8819044.0,,,sina:510880
2014-08-28,510880,,1.788,1.791,1.77,1.78,5679344.0,10127023.0,,,sina:510880
2014-08-29,510880,,1.78,1.798,1.777,1.797,3499109.0,6242178.0,,,sina:510880
2014-09-01,510880,,1.802,1.81,1.793,1.804,2826611.0,5093687.0,,,sina:510880
2014-09-02,510880,,1.803,1.829,1.801,1.828,3985352.0,7231385.0,,,sina:510880
2014-09-03,510880,,1.828,1.848,1.828,1.842,4924567.0,9073977.0,,,sina:510880
2014-09-04,510880,,1.843,1.857,1.838,1.856,5533325.0,10218138.0,,,sina:510880
2014-09-05,510880,,1.856,1.885,1.856,1.881,6833196.0,12768197.0,,,sina:510880
2014-09-09,510880,,1.88,1.881,1.87,1.873,6799827.0,12741086.0,,,sina:510880
2014-09-10,510880,,1.872,1.872,1.861,1.864,3104891.0,5785354.0,,,sina:510880
2014-09-11,510880,,1.864,1.888,1.86,1.866,4148671.0,7758414.0,,,sina:510880
2014-09-12,510880,,1.861,1.875,1.856,1.873,4068580.0,7590111.0,,,sina:510880
2014-09-15,510880,,1.873,1.88,1.864,1.875,6052209.0,11332859.0,,,sina:510880
2014-09-16,510880,,1.878,1.887,1.85,1.851,4538521.0,8504223.0,,,sina:510880
2014-09-17,510880,,1.853,1.855,1.84,1.851,3065577.0,5661876.0,,,sina:510880
2014-09-18,510880,,1.851,1.876,1.843,1.856,4830888.0,8977572.0,,,sina:510880
2014-09-19,510880,,1.854,1.88,1.853,1.879,3405288.0,6352124.0,,,sina:510880
2014-09-22,510880,,1.866,1.866,1.842,1.844,3409328.0,6316407.0,,,sina:510880
2014-09-23,510880,,1.844,1.86,1.844,1.855,3511253.0,6509755.0,,,sina:510880
2014-09-24,510880,,1.85,1.885,1.846,1.881,5635389.0,10529370.0,,,sina:510880
2014-09-25,510880,,1.887,1.899,1.875,1.885,4069518.0,7690358.0,,,sina:510880
2014-09-26,510880,,1.87,1.889,1.87,1.882,1340515.0,2521565.0,,,sina:510880
2014-09-29,510880,,1.88,1.897,1.88,1.897,3364208.0,6358780.0,,,sina:510880
2014-09-30,510880,,1.898,1.903,1.895,1.903,2279987.0,4330489.0,,,sina:510880
2014-10-08,510880,,1.9,1.912,1.893,1.91,4174633.0,7946523.0,,,sina:510880
2014-10-09,510880,,1.91,1.916,1.901,1.911,5441181.0,10385597.0,,,sina:510880
2014-10-10,510880,,1.91,1.91,1.892,1.898,3134013.0,5956076.0,,,sina:510880
2014-10-13,510880,,1.89,1.89,1.87,1.884,3136403.0,5882791.0,,,sina:510880
2014-10-14,510880,,1.882,1.908,1.876,1.886,3768809.0,7127999.0,,,sina:510880
2014-10-15,510880,,1.886,1.892,1.872,1.892,3848046.0,7245551.0,,,sina:510880
2014-10-16,510880,,1.889,1.91,1.879,1.888,4794960.0,9103996.0,,,sina:510880
2014-10-17,510880,,1.885,1.894,1.86,1.884,3804706.0,7132941.0,,,sina:510880
2014-10-20,510880,,1.881,1.893,1.88,1.893,5129497.0,9665935.0,,,sina:510880
2014-10-21,510880,,1.893,1.893,1.875,1.878,2796842.0,5277229.0,,,sina:510880
2014-10-22,510880,,1.876,1.882,1.868,1.869,4954246.0,9298499.0,,,sina:510880
2014-10-23,510880,,1.868,1.868,1.842,1.845,3908506.0,7257927.0,,,sina:510880
2014-10-24,510880,,1.845,1.851,1.841,1.844,3180285.0,5870631.0,,,sina:510880
2014-10-27,510880,,1.843,1.843,1.822,1.83,3385463.0,6209488.0,,,sina:510880
2014-10-28,510880,,1.832,1.861,1.832,1.861,3316997.0,6111220.0,,,sina:510880
2014-10-29,510880,,1.862,1.898,1.862,1.891,4920542.0,9233698.0,,,sina:510880
2014-10-30,510880,,1.89,1.926,1.885,1.919,7069181.0,13512776.0,,,sina:510880
2014-10-31,510880,,1.925,1.967,1.921,1.964,8769142.0,17050332.0,,,sina:510880
2014-11-03,510880,,1.965,1.974,1.956,1.965,5238176.0,10288530.0,,,sina:510880
2014-11-04,510880,,1.961,1.97,1.952,1.963,3445524.0,6764347.0,,,sina:510880
2014-11-05,510880,,1.969,1.975,1.95,1.963,3886081.0,7645889.0,,,sina:510880
2014-11-06,510880,,1.962,1.965,1.945,1.964,2907428.0,5680559.0,,,sina:510880
2014-11-07,510880,,1.964,1.993,1.956,1.963,4274563.0,8436988.0,,,sina:510880
2014-11-10,510880,,1.966,2.016,1.966,2.015,7215406.0,14422683.0,,,sina:510880
2014-11-11,510880,,2.031,2.049,1.986,2.02,7919343.0,16076215.0,,,sina:510880
2014-11-12,510880,,2.002,2.04,1.991,2.039,4901255.0,9893573.0,,,sina:510880
2014-11-13,510880,,2.045,2.054,2.025,2.034,6315866.0,12901765.0,,,sina:510880
2014-11-14,510880,,2.033,2.034,2.013,2.027,3460937.0,6993402.0,,,sina:510880
2014-11-17,510880,,2.045,2.063,2.025,2.029,5881532.0,12002600.0,,,sina:510880
2014-11-18,510880,,2.024,2.029,1.998,2.004,4922864.0,9886926.0,,,sina:510880
2014-11-19,510880,,1.998,2.004,1.992,1.996,3903668.0,7804035.0,,,sina:510880
2014-11-20,510880,,1.99,2.0,1.983,1.998,3551273.0,7077224.0,,,sina:510880
2014-11-21,510880,,1.998,2.039,1.988,2.03,4910129.0,9823753.0,,,sina:510880
2014-11-24,510880,,2.044,2.076,2.03,2.062,9834703.0,20204986.0,,,sina:510880
2014-11-25,510880,,2.062,2.099,2.057,2.099,8489389.0,17623596.0,,,sina:510880
2014-11-26,510880,,2.099,2.118,2.098,2.117,7067710.0,14894730.0,,,sina:510880
2014-11-27,510880,,2.118,2.134,2.109,2.124,6788865.0,14395589.0,,,sina:510880
2014-11-28,510880,,2.124,2.179,2.111,2.178,9870730.0,21188512.0,,,sina:510880
2014-12-01,510880,,2.184,2.213,2.182,2.188,7744776.0,17010808.0,,,sina:510880
2014-12-02,510880,,2.186,2.27,2.17,2.256,10694625.0,23675958.0,,,sina:510880
2014-12-03,510880,,2.257,2.3,2.215,2.258,9272516.0,21027862.0,,,sina:510880
2014-12-04,510880,,2.262,2.358,2.248,2.352,13332036.0,30689916.0,,,sina:510880
2014-12-05,510880,,2.359,2.419,2.28,2.367,15773818.0,37131192.0,,,sina:510880
2014-12-08,510880,,2.341,2.45,2.32,2.432,16825014.0,40199292.0,,,sina:510880
2014-12-09,510880,,2.418,2.51,2.33,2.337,16804604.0,40947196.0,,,sina:510880
2014-12-10,510880,,2.34,2.423,2.292,2.421,13147928.0,30923092.0,,,sina:510880
2014-12-11,510880,,2.4,2.459,2.385,2.416,7345489.0,17754342.0,,,sina:510880
2014-12-12,510880,,2.415,2.43,2.388,2.405,5883279.0,14183320.0,,,sina:510880
2014-12-15,510880,,2.404,2.42,2.366,2.412,8672618.0,20706018.0,,,sina:510880
2014-12-16,510880,,2.401,2.46,2.39,2.459,10662402.0,25876120.0,,,sina:510880
2014-12-17,510880,,2.462,2.52,2.439,2.499,13196263.0,32768824.0,,,sina:510880
2014-12-18,510880,,2.498,2.516,2.464,2.495,10858316.0,27100040.0,,,sina:510880
2014-12-19,510880,,2.491,2.59,2.481,2.59,16719428.0,42473864.0,,,sina:510880
2014-12-22,510880,,2.598,2.684,2.59,2.631,18538512.0,48949540.0,,,sina:510880
2014-12-23,510880,,2.62,2.625,2.512,2.531,21127556.0,54299776.0,,,sina:510880
2014-12-24,510880,,2.518,2.535,2.43,2.457,15191268.0,37559008.0,,,sina:510880
2014-12-25,510880,,2.461,2.55,2.459,2.547,8869863.0,22260772.0,,,sina:510880
2014-12-26,510880,,2.556,2.61,2.533,2.603,15457751.0,39955680.0,,,sina:510880
2014-12-29,510880,,2.618,2.645,2.555,2.592,13430756.0,35154204.0,,,sina:510880
2014-12-30,510880,,2.584,2.612,2.541,2.564,13021784.0,33538936.0,,,sina:510880
2014-12-31,510880,,2.57,2.635,2.563,2.625,15697066.0,40821060.0,,,sina:510880
2015-01-05,510880,,2.628,2.766,2.626,2.746,22505544.0,60941048.0,,,sina:510880
2015-01-06,510880,,2.73,2.799,2.695,2.741,26690304.0,73328080.0,,,sina:510880
2015-01-07,510880,,2.73,2.74,2.698,2.731,11713380.0,31808640.0,,,sina:510880
2015-01-08,510880,,2.73,2.734,2.66,2.668,31136760.0,83675128.0,,,sina:510880
2015-01-09,510880,,2.662,2.755,2.63,2.651,13516129.0,36352248.0,,,sina:510880
2015-01-12,510880,,2.657,2.657,2.566,2.597,15042750.0,39064572.0,,,sina:510880
2015-01-13,510880,,2.589,2.609,2.581,2.6,7577085.0,19667180.0,,,sina:510880
2015-01-14,510880,,2.606,2.629,2.586,2.591,6563108.0,17129184.0,,,sina:510880
2015-01-15,510880,,2.591,2.671,2.582,2.667,7959819.0,20931306.0,,,sina:510880
2015-01-16,510880,,2.67,2.715,2.668,2.692,7846042.0,21153078.0,,,sina:510880
2015-01-19,510880,,2.62,2.62,2.431,2.446,22144464.0,55832464.0,,,sina:510880
2015-01-20,510880,,2.43,2.446,2.382,2.426,15052115.0,36389160.0,,,sina:510880
2015-01-21,510880,,2.426,2.543,2.426,2.527,10157432.0,25250744.0,,,sina:510880
2015-01-22,510880,,2.53,2.54,2.505,2.528,7913509.0,19956788.0,,,sina:510880
2015-01-23,510880,,2.531,2.564,2.518,2.525,10939561.0,27780486.0,,,sina:510880
2015-01-26,510880,,2.527,2.558,2.51,2.556,5093611.0,12880860.0,,,sina:510880
2015-01-27,510880,,2.55,2.554,2.493,2.537,6117315.0,15466068.0,,,sina:510880
2015-01-28,510880,,2.531,2.545,2.507,2.519,3415821.0,8617628.0,,,sina:510880
2015-01-29,510880,,2.51,2.51,2.473,2.495,6165059.0,15380519.0,,,sina:510880
2015-01-30,510880,,2.497,2.516,2.468,2.477,7411164.0,18479528.0,,,sina:510880
2015-02-02,510880,,2.468,2.468,2.4,2.406,6798160.0,16415282.0,,,sina:510880
2015-02-03,510880,,2.41,2.445,2.402,2.442,5448119.0,13176120.0,,,sina:510880
2015-02-04,510880,,2.449,2.465,2.422,2.423,4984381.0,12196689.0,,,sina:510880
2015-02-05,510880,,2.47,2.499,2.38,2.386,8081069.0,19688472.0,,,sina:510880
2015-02-06,510880,,2.378,2.378,2.312,2.325,8090808.0,18974796.0,,,sina:510880
2015-02-09,510880,,2.323,2.346,2.3,2.326,7984215.0,18531968.0,,,sina:510880
2015-02-10,510880,,2.318,2.376,2.318,2.373,8541821.0,20085482.0,,,sina:510880
2015-02-11,510880,,2.385,2.388,2.37,2.378,3825346.0,9109987.0,,,sina:510880
2015-02-12,510880,,2.38,2.386,2.359,2.383,3629494.0,8616236.0,,,sina:510880
2015-02-13,510880,,2.387,2.436,2.387,2.41,4442430.0,10715641.0,,,sina:510880
2015-02-16,510880,,2.413,2.421,2.402,2.419,8386902.0,20272268.0,,,sina:510880
2015-02-17,510880,,2.419,2.448,2.419,2.442,10445420.0,25420444.0,,,sina:510880
2015-02-25,510880,,2.448,2.453,2.42,2.429,4444081.0,10859661.0,,,sina:510880
2015-02-26,510880,,2.427,2.505,2.427,2.503,7443237.0,18384004.0,,,sina:510880
2015-02-27,510880,,2.5,2.513,2.49,2.503,6656198.0,16654195.0,,,sina:510880
2015-03-02,510880,,2.511,2.53,2.5,2.527,15739469.0,39465624.0,,,sina:510880
2015-03-03,510880,,2.526,2.526,2.494,2.495,10347201.0,25974884.0,,,sina:510880
2015-03-04,510880,,2.495,2.507,2.481,2.498,5680355.0,14179971.0,,,sina:510880
2015-03-05,510880,,2.495,2.498,2.445,2.468,6160221.0,15204368.0,,,sina:510880
2015-03-06,510880,,2.471,2.483,2.46,2.466,5297217.0,13093996.0,,,sina:510880
2015-03-09,510880,,2.43,2.539,2.43,2.538,8245538.0,20581256.0,,,sina:510880
2015-03-10,510880,,2.535,2.541,2.502,2.524,7031814.0,17777016.0,,,sina:510880
2015-03-11,510880,,2.529,2.559,2.515,2.535,10125894.0,25736888.0,,,sina:510880
2015-03-12,510880,,2.54,2.6,2.54,2.59,13652071.0,35203744.0,,,sina:510880
2015-03-13,510880,,2.6,2.625,2.592,2.606,7658970.0,19988692.0,,,sina:510880
2015-03-16,510880,,2.616,2.657,2.61,2.656,8569450.0,22624264.0,,,sina:510880
2015-03-17,510880,,2.665,2.7,2.663,2.699,11751432.0,31546044.0,,,sina:510880
2015-03-18,510880,,2.706,2.786,2.706,2.785,62141224.0,170223728.0,,,sina:510880
2015-03-19,510880,,2.785,2.8,2.77,2.782,16800588.0,46824340.0,,,sina:510880
2015-03-20,510880,,2.79,2.826,2.782,2.818,9829485.0,27553932.0,,,sina:510880
2015-03-23,510880,,2.828,2.877,2.828,2.876,10234552.0,29236928.0,,,sina:510880
2015-03-24,510880,,2.875,2.912,2.822,2.899,16357570.0,47064612.0,,,sina:510880
2015-03-25,510880,,2.88,2.9,2.864,2.882,7281902.0,20985832.0,,,sina:510880
2015-03-26,510880,,2.868,2.912,2.836,2.865,8026645.0,23093872.0,,,sina:510880
2015-03-27,510880,,2.866,2.896,2.85,2.886,5634888.0,16191501.0,,,sina:510880
2015-03-30,510880,,2.89,2.972,2.89,2.971,8685695.0,25547130.0,,,sina:510880
2015-03-31,510880,,2.981,2.998,2.928,2.935,8028795.0,23822332.0,,,sina:510880
2015-04-01,510880,,2.934,2.998,2.931,2.981,7209311.0,21406346.0,,,sina:510880
2015-04-02,510880,,3.0,3.024,2.97,3.023,9918541.0,29752606.0,,,sina:510880
2015-04-03,510880,,3.02,3.078,3.0,3.075,8193486.0,24985662.0,,,sina:510880
2015-04-07,510880,,3.1,3.199,3.1,3.181,10331692.0,32604550.0,,,sina:510880
2015-04-08,510880,,3.183,3.232,3.152,3.231,12334018.0,39506720.0,,,sina:510880
2015-04-09,510880,,3.231,3.26,3.145,3.221,12204941.0,39036036.0,,,sina:510880
2015-04-10,510880,,3.209,3.294,3.182,3.292,46770064.0,152282448.0,,,sina:510880
2015-04-13,510880,,3.33,3.338,3.286,3.33,9894291.0,32799574.0,,,sina:510880
2015-04-14,510880,,3.302,3.375,3.29,3.346,8502758.0,28365016.0,,,sina:510880
2015-04-15,510880,,3.343,3.375,3.3,3.321,8465671.0,28265902.0,,,sina:510880
2015-04-16,510880,,3.28,3.394,3.246,3.393,11363699.0,37884792.0,,,sina:510880
2015-04-17,510880,,3.42,3.479,3.415,3.455,12280072.0,42294968.0,,,sina:510880
2015-04-20,510880,,3.425,3.474,3.344,3.35,16927564.0,57599640.0,,,sina:510880
2015-04-21,510880,,3.36,3.419,3.335,3.412,10126525.0,34196380.0,,,sina:510880
2015-04-22,510880,,3.422,3.518,3.422,3.517,8504043.0,29615686.0,,,sina:510880
2015-04-23,510880,,3.53,3.555,3.5,3.527,9758024.0,34417304.0,,,sina:510880
2015-04-24,510880,,3.51,3.51,3.42,3.471,10027216.0,34788092.0,,,sina:510880
2015-04-27,510880,,3.475,3.545,3.475,3.542,11620193.0,40886440.0,,,sina:510880
2015-04-28,510880,,3.54,3.55,3.45,3.475,10275898.0,35972284.0,,,sina:510880
2015-04-29,510880,,3.471,3.5,3.434,3.478,5590505.0,19361160.0,,,sina:510880
2015-04-30,510880,,3.488,3.515,3.47,3.477,5174611.0,18085322.0,,,sina:510880
2015-05-04,510880,,3.476,3.53,3.447,3.527,7641680.0,26756586.0,,,sina:510880
2015-05-05,510880,,3.527,3.545,3.35,3.374,10738139.0,36903632.0,,,sina:510880
2015-05-06,510880,,3.369,3.42,3.266,3.299,7787331.0,26197276.0,,,sina:510880
2015-05-07,510880,,3.29,3.29,3.183,3.191,11129754.0,35885856.0,,,sina:510880
2015-05-08,510880,,3.195,3.268,3.186,3.258,8003689.0,25826236.0,,,sina:510880
2015-05-11,510880,,3.271,3.369,3.25,3.369,14898299.0,49224888.0,,,sina:510880
2015-05-12,510880,,3.369,3.416,3.36,3.412,6430819.0,21809136.0,,,sina:510880
2015-05-13,510880,,3.41,3.415,3.375,3.383,7037182.0,23907766.0,,,sina:510880
2015-05-14,510880,,3.374,3.417,3.361,3.398,8952176.0,30389048.0,,,sina:510880
2015-05-15,510880,,3.382,3.384,3.32,3.349,5687894.0,19063136.0,,,sina:510880
2015-05-18,510880,,3.338,3.355,3.3,3.307,7263985.0,24202864.0,,,sina:510880
2015-05-19,510880,,3.3,3.418,3.3,3.413,8755375.0,29627360.0,,,sina:510880
2015-05-20,510880,,3.419,3.503,3.419,3.431,8196751.0,28371822.0,,,sina:510880
2015-05-21,510880,,3.433,3.53,3.433,3.527,8849292.0,30847584.0,,,sina:510880
2015-05-22,510880,,3.561,3.618,3.546,3.616,11633018.0,41742428.0,,,sina:510880
2015-05-25,510880,,3.624,3.743,3.612,3.742,9064912.0,33534068.0,,,sina:510880
2015-05-26,510880,,3.77,3.795,3.684,3.794,11404673.0,42823728.0,,,sina:510880
2015-05-27,510880,,3.864,3.864,3.745,3.794,24892840.0,94528136.0,,,sina:510880
2015-05-28,510880,,3.779,3.822,3.539,3.57,13196127.0,48837736.0,,,sina:510880
2015-05-29,510880,,3.545,3.66,3.391,3.533,11927326.0,41990024.0,,,sina:510880
2015-06-01,510880,,3.514,3.802,3.514,3.785,9025443.0,33094728.0,,,sina:510880
2015-06-02,510880,,3.79,3.845,3.74,3.84,10989724.0,41658880.0,,,sina:510880
2015-06-03,510880,,3.839,3.84,3.757,3.822,12928509.0,49185520.0,,,sina:510880
2015-06-04,510880,,3.81,3.88,3.666,3.874,15897496.0,60410656.0,,,sina:510880
2015-06-05,510880,,3.91,4.039,3.885,3.96,14279261.0,56459492.0,,,sina:510880
2015-06-08,510880,,3.99,4.079,3.954,4.053,31961288.0,128408360.0,,,sina:510880
2015-06-09,510880,,4.054,4.07,3.995,4.067,38857424.0,156787952.0,,,sina:510880
2015-06-10,510880,,4.04,4.09,3.986,4.055,18406988.0,74533936.0,,,sina:510880
2015-06-11,510880,,4.053,4.058,4.01,4.046,13084605.0,52799232.0,,,sina:510880
2015-06-12,510880,,4.049,4.159,4.049,4.154,14143867.0,58275212.0,,,sina:510880
2015-06-15,510880,,4.154,4.208,4.126,4.132,46337340.0,193105504.0,,,sina:510880
2015-06-16,510880,,4.1,4.121,3.936,3.975,34540712.0,139362688.0,,,sina:510880
2015-06-17,510880,,3.952,4.075,3.86,4.069,16587903.0,65943224.0,,,sina:510880
2015-06-18,510880,,4.07,4.097,3.96,3.98,238170432.0,965855168.0,,,sina:510880
2015-06-19,510880,,3.968,3.968,3.69,3.699,52072604.0,199715456.0,,,sina:510880
2015-06-23,510880,,3.7,3.755,3.503,3.755,113607128.0,417055808.0,,,sina:510880
2015-06-24,510880,,3.766,3.865,3.75,3.865,207759920.0,793397696.0,,,sina:510880
2015-06-25,510880,,3.86,3.89,3.695,3.738,315412320.0,1196753280.0,,,sina:510880
2015-06-26,510880,,3.695,3.695,3.364,3.368,464861120.0,1649760128.0,,,sina:510880
2015-06-29,510880,,3.48,3.533,3.154,3.339,593227712.0,2003161344.0,,,sina:510880
2015-06-30,510880,,3.369,3.55,3.178,3.546,371966592.0,1277069696.0,,,sina:510880
2015-07-01,510880,,3.52,3.56,3.3,3.314,451250368.0,1566974336.0,,,sina:510880
2015-07-02,510880,,3.314,3.348,3.109,3.161,331038912.0,1073437696.0,,,sina:510880
2015-07-03,510880,,3.145,3.19,2.93,2.94,135516128.0,413990912.0,,,sina:510880
2015-07-06,510880,,3.234,3.234,2.906,3.05,50443684.0,153619024.0,,,sina:510880
2015-07-07,510880,,3.048,3.048,2.795,2.942,43209196.0,128612504.0,,,sina:510880
2015-07-08,510880,,2.648,2.9,2.648,2.648,19941816.0,54213000.0,,,sina:510880
2015-07-09,510880,,2.6,2.913,2.6,2.913,17171832.0,48706864.0,,,sina:510880
2015-07-10,510880,,3.03,3.204,3.02,3.204,23858400.0,74518800.0,,,sina:510880
2015-07-13,510880,,3.338,3.395,3.15,3.393,44872104.0,146713200.0,,,sina:510880
2015-07-14,510880,,3.33,3.372,3.18,3.23,99093032.0,325950560.0,,,sina:510880
2015-07-15,510880,,3.199,3.23,3.044,3.055,20121940.0,63325352.0,,,sina:510880
2015-07-16,510880,,3.002,3.17,3.001,3.098,41024804.0,127884728.0,,,sina:510880
2015-07-17,510880,,3.105,3.255,3.105,3.238,199733408.0,638762368.0,,,sina:510880
2015-07-20,510880,,3.21,3.269,3.18,3.225,205432608.0,662706304.0,,,sina:510880
2015-07-21,510880,,3.195,3.28,3.17,3.256,158615232.0,514928224.0,,,sina:510880
2015-07-22,510880,,3.252,3.269,3.197,3.236,124997056.0,403714016.0,,,sina:510880
2015-07-23,510880,,3.237,3.326,3.222,3.325,92601712.0,305588736.0,,,sina:510880
2015-07-24,510880,,3.31,3.36,3.25,3.259,167605024.0,555548096.0,,,sina:510880
2015-07-27,510880,,3.215,3.245,2.934,2.956,142259392.0,449559680.0,,,sina:510880
2015-07-28,510880,,2.918,3.044,2.85,2.97,214490880.0,632622976.0,,,sina:510880
2015-07-29,510880,,2.978,3.114,2.966,3.094,82547640.0,247316496.0,,,sina:510880
2015-07-30,510880,,3.105,3.136,3.03,3.03,93478288.0,289028000.0,,,sina:510880
2015-07-31,510880,,3.0,3.09,2.986,3.018,18018060.0,54462676.0,,,sina:510880
2015-08-03,510880,,3.006,3.1,2.98,3.099,15540106.0,46904520.0,,,sina:510880
2015-08-04,510880,,3.07,3.179,3.057,3.157,18365516.0,56996384.0,,,sina:510880
2015-08-05,510880,,3.173,3.178,3.09,3.09,20595152.0,64615840.0,,,sina:510880
2015-08-06,510880,,3.069,3.1,3.04,3.06,14448214.0,44391068.0,,,sina:510880
2015-08-07,510880,,3.066,3.138,3.066,3.12,20797266.0,64834656.0,,,sina:510880
2015-08-10,510880,,3.136,3.28,3.136,3.264,11417376.0,36575952.0,,,sina:510880
2015-08-11,510880,,3.256,3.286,3.221,3.248,17247972.0,56062424.0,,,sina:510880
2015-08-12,510880,,3.221,3.248,3.196,3.197,24720342.0,79467712.0,,,sina:510880
2015-08-13,510880,,3.2,3.242,3.145,3.241,30650196.0,98040048.0,,,sina:510880
2015-08-14,510880,,3.268,3.273,3.218,3.238,18062796.0,58558256.0,,,sina:510880
2015-08-17,510880,,3.21,3.266,3.186,3.265,44198496.0,142397952.0,,,sina:510880
2015-08-18,510880,,3.268,3.289,2.953,3.103,66631760.0,212683440.0,,,sina:510880
2015-08-19,510880,,3.022,3.137,2.9,3.12,116803432.0,354948864.0,,,sina:510880
2015-08-20,510880,,3.085,3.085,3.01,3.013,32095124.0,98142080.0,,,sina:510880
2015-08-21,510880,,2.997,3.005,2.854,2.879,67399064.0,197286512.0,,,sina:510880
2015-08-24,510880,,2.83,2.83,2.591,2.591,12491014.0,33068580.0,,,sina:510880
2015-08-25,510880,,2.41,2.522,2.344,2.354,35275508.0,87079768.0,,,sina:510880
2015-08-26,510880,,2.45,2.5,2.305,2.373,217917728.0,526980736.0,,,sina:510880
2015-08-27,510880,,2.395,2.53,2.395,2.526,132979920.0,323983424.0,,,sina:510880
2015-08-28,510880,,2.533,2.653,2.533,2.648,129952112.0,336986240.0,,,sina:510880
2015-08-31,510880,,2.6,2.66,2.56,2.638,121366648.0,314698528.0,,,sina:510880
2015-09-01,510880,,2.63,2.64,2.523,2.63,124251544.0,321555328.0,,,sina:510880
2015-09-02,510880,,2.588,2.675,2.522,2.65,109473752.0,284585408.0,,,sina:510880
2015-09-07,510880,,2.625,2.71,2.5,2.568,84436416.0,221649984.0,,,sina:510880
2015-09-08,510880,,2.56,2.65,2.503,2.645,14613181.0,37723352.0,,,sina:510880
2015-09-09,510880,,2.65,2.88,2.63,2.7,13083184.0,35123452.0,,,sina:510880
2015-09-10,510880,,2.668,2.688,2.64,2.648,4360286.0,11614307.0,,,sina:510880
2015-09-11,510880,,2.64,2.668,2.598,2.644,1449198.0,3827386.0,,,sina:510880
2015-09-14,510880,,2.65,2.664,2.544,2.545,2910200.0,7530433.0,,,sina:510880
2015-09-15,510880,,2.53,2.532,2.455,2.463,3394008.0,8433599.0,,,sina:510880
2015-09-16,510880,,2.464,2.649,2.46,2.603,3475807.0,8805926.0,,,sina:510880
2015-09-17,510880,,2.514,2.611,2.514,2.526,6340800.0,16426966.0,,,sina:510880
2015-09-18,510880,,2.555,2.57,2.511,2.527,947100.0,2396719.0,,,sina:510880
2015-09-21,510880,,2.506,2.56,2.501,2.558,1060967.0,2698825.0,,,sina:510880
2015-09-22,510880,,2.559,2.586,2.559,2.576,1890449.0,4865780.0,,,sina:510880
2015-09-23,510880,,2.566,2.566,2.54,2.554,875400.0,2230859.0,,,sina:510880
2015-09-24,510880,,2.539,2.56,2.5,2.556,665001.0,1691306.0,,,sina:510880
2015-09-25,510880,,2.55,2.556,2.491,2.517,995800.0,2505953.0,,,sina:510880
2015-09-28,510880,,2.496,2.518,2.496,2.51,1249400.0,3134277.0,,,sina:510880
2015-09-29,510880,,2.501,2.509,2.475,2.478,693552.0,1726571.0,,,sina:510880
2015-09-30,510880,,2.485,2.499,2.478,2.491,382001.0,951275.0,,,sina:510880
2015-10-08,510880,,2.566,2.57,2.531,2.555,2949810.0,7542082.0,,,sina:510880
2015-10-09,510880,,2.552,2.58,2.545,2.578,3238410.0,8314787.0,,,sina:510880
2015-10-12,510880,,2.578,2.68,2.577,2.661,2974382.0,7855107.0,,,sina:510880
2015-10-13,510880,,2.661,2.667,2.65,2.658,1205730.0,3205101.0,,,sina:510880
2015-10-14,510880,,2.667,2.667,2.631,2.64,1267151.0,3357482.0,,,sina:510880
2015-10-15,510880,,2.633,2.7,2.632,2.693,1717733.0,4595383.0,,,sina:510880
2015-10-16,510880,,2.68,2.75,2.68,2.731,2824497.0,7692465.0,,,sina:510880
2015-10-19,510880,,2.734,2.77,2.724,2.738,1964511.0,5393375.0,,,sina:510880
2015-10-20,510880,,2.76,2.762,2.732,2.76,1149650.0,3156357.0,,,sina:510880
2015-10-21,510880,,2.75,2.782,2.67,2.678,1716182.0,4692428.0,,,sina:510880
2015-10-22,510880,,2.683,2.72,2.65,2.718,1421250.0,3824209.0,,,sina:510880
2015-10-23,510880,,2.719,2.77,2.701,2.757,1177831.0,3234153.0,,,sina:510880
2015-10-26,510880,,2.775,2.796,2.77,2.78,1837739.0,5110943.0,,,sina:510880
2015-10-27,510880,,2.776,2.79,2.73,2.788,1199384.0,3307222.0,,,sina:510880
2015-10-28,510880,,2.78,2.79,2.755,2.756,750200.0,2078494.0,,,sina:510880
2015-10-29,510880,,2.763,2.77,2.741,2.75,656200.0,1808297.0,,,sina:510880
2015-10-30,510880,,2.75,2.76,2.736,2.75,444400.0,1222403.0,,,sina:510880
2015-11-02,510880,,2.75,2.756,2.716,2.73,540000.0,1475993.0,,,sina:510880
2015-11-03,510880,,2.734,2.734,2.694,2.699,927700.0,2512780.0,,,sina:510880
2015-11-04,510880,,2.7,2.79,2.697,2.786,1952303.0,5383930.0,,,sina:510880
2015-11-05,510880,,2.797,2.888,2.78,2.839,3462015.0,9841118.0,,,sina:510880
2015-11-06,510880,,2.841,2.9,2.84,2.886,2634280.0,7564782.0,,,sina:510880
2015-11-09,510880,,2.901,3.03,2.901,2.945,5046685.0,14846893.0,,,sina:510880
2015-11-10,510880,,2.937,2.954,2.911,2.935,4076743.0,11940151.0,,,sina:510880
2015-11-11,510880,,2.92,2.955,2.9,2.932,1451718.0,4264299.0,,,sina:510880
2015-11-12,510880,,2.932,2.939,2.9,2.9,1608502.0,4679709.0,,,sina:510880
2015-11-13,510880,,2.9,2.9,2.876,2.877,791100.0,2284291.0,,,sina:510880
2015-11-16,510880,,2.856,2.886,2.846,2.886,755531.0,2164801.0,,,sina:510880
2015-11-17,510880,,2.896,2.94,2.896,2.902,1614151.0,4713183.0,,,sina:510880
2015-11-18,510880,,2.901,2.901,2.876,2.877,689653.0,1989393.0,,,sina:510880
2015-11-19,510880,,2.88,2.909,2.872,2.906,608990.0,1760512.0,,,sina:510880
2015-11-20,510880,,2.906,2.91,2.887,2.898,836563.0,2426343.0,,,sina:510880
2015-11-23,510880,,2.89,2.923,2.878,2.893,1829800.0,5319849.0,,,sina:510880
2015-11-24,510880,,2.893,2.9,2.857,2.889,842766.0,2423746.0,,,sina:510880
2015-11-25,510880,,2.88,2.925,2.861,2.918,1858729.0,5393794.0,,,sina:510880
2015-11-26,510880,,2.926,2.947,2.912,2.915,1769894.0,5183003.0,,,sina:510880
2015-11-27,510880,,2.91,2.91,2.781,2.832,1389955.0,3968441.0,,,sina:510880
2015-11-30,510880,,2.8,2.82,2.741,2.799,1594075.0,4425324.0,,,sina:510880
2015-12-01,510880,,2.799,2.799,2.76,2.778,907344.0,2514607.0,,,sina:510880
2015-12-02,510880,,2.779,2.865,2.762,2.851,1322121.0,3728378.0,,,sina:510880
2015-12-03,510880,,2.852,2.882,2.833,2.88,942900.0,2701363.0,,,sina:510880
2015-12-04,510880,,2.86,2.878,2.82,2.831,905900.0,2569846.0,,,sina:510880
2015-12-07,510880,,2.831,2.847,2.803,2.825,332440.0,939998.0,,,sina:510880
2015-12-08,510880,,2.82,2.82,2.78,2.79,672676.0,1877220.0,,,sina:510880
2015-12-09,510880,,2.777,2.788,2.768,2.785,547181.0,1520136.0,,,sina:510880
2015-12-10,510880,,2.785,2.805,2.768,2.771,418376.0,1167020.0,,,sina:510880
2015-12-11,510880,,2.766,2.779,2.744,2.753,584907.0,1610122.0,,,sina:510880
2015-12-14,510880,,2.752,2.809,2.716,2.806,844300.0,2331744.0,,,sina:510880
2015-12-15,510880,,2.805,2.805,2.78,2.788,448700.0,1254296.0,,,sina:510880
2015-12-16,510880,,2.79,2.805,2.78,2.78,528464.0,1476523.0,,,sina:510880
2015-12-17,510880,,2.796,2.85,2.796,2.834,1634400.0,4616008.0,,,sina:510880
2015-12-18,510880,,2.834,2.858,2.826,2.835,1017648.0,2890264.0,,,sina:510880
2015-12-21,510880,,2.835,2.92,2.826,2.91,3239683.0,9350020.0,,,sina:510880
2015-12-22,510880,,2.917,2.928,2.902,2.909,1267273.0,3697162.0,,,sina:510880
2015-12-23,510880,,2.915,2.95,2.909,2.927,1815897.0,5326153.0,,,sina:510880
2015-12-24,510880,,2.928,2.928,2.867,2.896,1467000.0,4237919.0,,,sina:510880
2015-12-25,510880,,2.896,2.905,2.89,2.899,638176.0,1849837.0,,,sina:510880
2015-12-28,510880,,2.9,2.94,2.83,2.836,2707534.0,7801677.0,,,sina:510880
2015-12-29,510880,,2.839,2.87,2.828,2.849,1172492.0,3324353.0,,,sina:510880
2015-12-30,510880,,2.859,2.859,2.84,2.85,436100.0,1241589.0,,,sina:510880
2015-12-31,510880,,2.865,2.866,2.84,2.853,581000.0,1658482.0,,,sina:510880
2016-01-04,510880,,2.856,2.861,2.716,2.726,1875900.0,5211335.0,,,sina:510880
2016-01-05,510880,,2.72,2.72,2.61,2.686,3296300.0,8854757.0,,,sina:510880
2016-01-06,510880,,2.71,2.729,2.68,2.729,1974915.0,5319856.0,,,sina:510880
2016-01-07,510880,,2.686,2.718,2.563,2.595,312501.0,824288.0,,,sina:510880
2016-01-08,510880,,2.6,2.709,2.56,2.631,4618500.0,12100782.0,,,sina:510880
2016-01-11,510880,,2.62,2.62,2.528,2.537,2284300.0,5866017.0,,,sina:510880
2016-01-12,510880,,2.54,2.568,2.462,2.491,2022300.0,5057017.0,,,sina:510880
2016-01-13,510880,,2.502,2.516,2.47,2.47,1236385.0,3083332.0,,,sina:510880
2016-01-14,510880,,2.448,2.5,2.402,2.496,1967300.0,4841339.0,,,sina:510880
2016-01-15,510880,,2.46,2.49,2.398,2.416,2439200.0,5943999.0,,,sina:510880
2016-01-18,510880,,2.41,2.421,2.375,2.406,1521411.0,3656345.0,,,sina:510880
2016-01-19,510880,,2.412,2.478,2.4,2.477,1956177.0,4782421.0,,,sina:510880
2016-01-20,510880,,2.438,2.438,2.367,2.387,2145301.0,5139587.0,,,sina:510880
2016-01-21,510880,,2.375,2.401,2.325,2.337,1237287.0,2918842.0,,,sina:510880
2016-01-22,510880,,2.335,2.355,2.317,2.35,1466134.0,3424708.0,,,sina:510880
2016-01-25,510880,,2.355,2.371,2.349,2.364,669300.0,1579848.0,,,sina:510880
2016-01-26,510880,,2.364,2.364,2.2,2.23,2371284.0,5431003.0,,,sina:510880
2016-01-27,510880,,2.225,2.238,2.15,2.206,2218903.0,4879543.0,,,sina:510880
2016-01-28,510880,,2.205,2.217,2.166,2.175,814500.0,1784896.0,,,sina:510880
2016-01-29,510880,,2.177,2.23,2.17,2.22,1237840.0,2734187.0,,,sina:510880
2016-02-01,510880,,2.221,2.227,2.169,2.183,1068000.0,2343392.0,,,sina:510880
2016-02-02,510880,,2.182,2.227,2.182,2.222,810001.0,1793397.0,,,sina:510880
2016-02-03,510880,,2.208,2.215,2.188,2.211,610600.0,1345411.0,,,sina:510880
2016-02-04,510880,,2.217,2.239,2.217,2.232,1470600.0,3275061.0,,,sina:510880
2016-02-05,510880,,2.249,2.249,2.222,2.232,906800.0,2025700.0,,,sina:510880
2016-02-15,510880,,2.2,2.227,2.188,2.213,921800.0,2029679.0,,,sina:510880
2016-02-16,510880,,2.229,2.269,2.229,2.269,1191500.0,2689238.0,,,sina:510880
2016-02-17,510880,,2.264,2.29,2.26,2.288,880500.0,2004299.0,,,sina:510880
2016-02-18,510880,,2.3,2.308,2.29,2.292,1093200.0,2514312.0,,,sina:510880
2016-02-19,510880,,2.292,2.299,2.28,2.293,1210556.0,2772532.0,,,sina:510880
2016-02-22,510880,,2.3,2.34,2.3,2.335,1478552.0,3439142.0,,,sina:510880
2016-02-23,510880,,2.338,2.338,2.3,2.314,535676.0,1239351.0,,,sina:510880
2016-02-24,510880,,2.315,2.333,2.301,2.323,861701.0,1993868.0,,,sina:510880
2016-02-25,510880,,2.318,2.322,2.189,2.231,1695100.0,3827819.0,,,sina:510880
2016-02-26,510880,,2.234,2.25,2.178,2.225,2623400.0,5795307.0,,,sina:510880
2016-02-29,510880,,2.225,2.225,2.148,2.185,2892053.0,6276187.0,,,sina:510880
2016-03-01,510880,,2.201,2.22,2.182,2.207,1402224.0,3082687.0,,,sina:510880
2016-03-02,510880,,2.218,2.313,2.218,2.312,2458950.0,5605159.0,,,sina:510880
2016-03-03,510880,,2.329,2.329,2.307,2.311,1289829.0,2990041.0,,,sina:510880
2016-03-04,510880,,2.319,2.36,2.29,2.34,2528751.0,5874425.0,,,sina:510880
2016-03-07,510880,,2.359,2.37,2.342,2.352,1309702.0,3087700.0,,,sina:510880
2016-03-08,510880,,2.351,2.352,2.3,2.346,852209.0,1978613.0,,,sina:510880
2016-03-09,510880,,2.345,2.345,2.3,2.318,637881.0,1480817.0,,,sina:510880
2016-03-10,510880,,2.328,2.349,2.303,2.306,443070.0,1028434.0,,,sina:510880
2016-03-11,510880,,2.305,2.315,2.284,2.308,672338.0,1543173.0,,,sina:510880
2016-03-14,510880,,2.31,2.355,2.309,2.329,2310057.0,5394640.0,,,sina:510880
2016-03-15,510880,,2.33,2.334,2.304,2.329,1302004.0,3017179.0,,,sina:510880
2016-03-16,510880,,2.329,2.362,2.329,2.341,1295202.0,3040258.0,,,sina:510880
2016-03-17,510880,,2.343,2.383,2.341,2.366,1063334.0,2515387.0,,,sina:510880
2016-03-18,510880,,2.38,2.405,2.369,2.4,988646.0,2363614.0,,,sina:510880
2016-03-21,510880,,2.406,2.432,2.406,2.424,2296632.0,5561068.0,,,sina:510880
2016-03-22,510880,,2.424,2.424,2.41,2.418,926611.0,2239697.0,,,sina:510880
2016-03-23,510880,,2.416,2.426,2.39,2.409,2088570.0,5037864.0,,,sina:510880
2016-03-24,510880,,2.4,2.404,2.378,2.379,1839810.0,4388634.0,,,sina:510880
2016-03-25,510880,,2.379,2.399,2.375,2.382,559771.0,1332326.0,,,sina:510880
2016-03-28,510880,,2.383,2.426,2.362,2.383,1390760.0,3327913.0,,,sina:510880
2016-03-29,510880,,2.37,2.378,2.338,2.341,902802.0,2122642.0,,,sina:510880
2016-03-30,510880,,2.345,2.406,2.345,2.404,1293620.0,3077069.0,,,sina:510880
2016-03-31,510880,,2.412,2.419,2.39,2.404,1679706.0,4035991.0,,,sina:510880
2016-04-01,510880,,2.405,2.408,2.381,2.408,725040.0,1736124.0,,,sina:510880
2016-04-05,510880,,2.408,2.448,2.399,2.447,2574628.0,6254499.0,,,sina:510880
2016-04-06,510880,,2.43,2.448,2.43,2.438,907830.0,2213681.0,,,sina:510880
2016-04-07,510880,,2.438,2.449,2.418,2.418,863006.0,2096659.0,,,sina:510880
2016-04-08,510880,,2.408,2.41,2.398,2.409,795027.0,1910455.0,,,sina:510880
2016-04-11,510880,,2.408,2.446,2.408,2.436,1851288.0,4505539.0,,,sina:510880
2016-04-12,510880,,2.436,2.436,2.418,2.425,875241.0,2120609.0,,,sina:510880
2016-04-13,510880,,2.431,2.482,2.4,2.467,2967481.0,7280992.0,,,sina:510880
2016-04-14,510880,,2.471,2.48,2.455,2.47,1245254.0,3071031.0,,,sina:510880
2016-04-15,510880,,2.479,2.479,2.459,2.468,971890.0,2395905.0,,,sina:510880
2016-04-18,510880,,2.465,2.465,2.435,2.451,616585.0,1506979.0,,,sina:510880
2016-04-19,510880,,2.453,2.463,2.433,2.446,970410.0,2373404.0,,,sina:510880
2016-04-20,510880,,2.45,2.601,2.361,2.409,3857207.0,9345116.0,,,sina:510880
2016-04-21,510880,,2.408,2.432,2.383,2.417,2259290.0,5452553.0,,,sina:510880
2016-04-22,510880,,2.416,2.416,2.391,2.416,955196.0,2296361.0,,,sina:510880
2016-04-25,510880,,2.416,2.416,2.385,2.4,398176.0,953910.0,,,sina:510880
2016-04-26,510880,,2.409,2.42,2.4,2.412,826564.0,1989453.0,,,sina:510880
2016-04-27,510880,,2.426,2.426,2.412,2.416,1162634.0,2807790.0,,,sina:510880
2016-04-28,510880,,2.42,2.429,2.39,2.41,733900.0,1766409.0,,,sina:510880
2016-04-29,510880,,2.411,2.411,2.4,2.406,1073000.0,2580417.0,,,sina:510880
2016-05-03,510880,,2.418,2.435,2.395,2.432,1530040.0,3707678.0,,,sina:510880
2016-05-04,510880,,2.432,2.432,2.411,2.424,635500.0,1537260.0,,,sina:510880
2016-05-05,510880,,2.423,2.423,2.404,2.415,422500.0,1019183.0,,,sina:510880
2016-05-06,510880,,2.415,2.418,2.361,2.374,1509411.0,3608805.0,,,sina:510880
2016-05-09,510880,,2.379,2.379,2.291,2.304,2699000.0,6253104.0,,,sina:510880
2016-05-10,510880,,2.302,2.33,2.29,2.295,1144000.0,2629378.0,,,sina:510880
2016-05-11,510880,,2.302,2.308,2.288,2.296,963969.0,2216418.0,,,sina:510880
2016-05-12,510880,,2.296,2.317,2.274,2.305,819485.0,1878520.0,,,sina:510880
2016-05-13,510880,,2.297,2.316,2.297,2.306,820100.0,1890239.0,,,sina:510880
2016-05-16,510880,,2.302,2.316,2.297,2.316,1111591.0,2564132.0,,,sina:510880
2016-05-17,510880,,2.317,2.324,2.309,2.318,807100.0,1868865.0,,,sina:510880
2016-05-18,510880,,2.317,2.317,2.277,2.3,1839900.0,4211520.0,,,sina:510880
2016-05-19,510880,,2.297,2.308,2.284,2.292,455900.0,1049459.0,,,sina:510880
2016-05-20,510880,,2.29,2.299,2.287,2.294,426660.0,977574.0,,,sina:510880
2016-05-23,510880,,2.306,2.32,2.3,2.305,499500.0,1154355.0,,,sina:510880
2016-05-24,510880,,2.307,2.307,2.29,2.299,446800.0,1025506.0,,,sina:510880
2016-05-25,510880,,2.307,2.31,2.297,2.297,473290.0,1089265.0,,,sina:510880
2016-05-26,510880,,2.304,2.304,2.282,2.297,1039800.0,2378873.0,,,sina:510880
2016-05-27,510880,,2.297,2.309,2.216,2.302,358610.0,823845.0,,,sina:510880
2016-05-30,510880,,2.297,2.32,2.291,2.311,893110.0,2057496.0,,,sina:510880
2016-05-31,510880,,2.311,2.38,2.311,2.377,2061796.0,4857723.0,,,sina:510880
2016-06-01,510880,,2.383,2.383,2.346,2.371,997235.0,2361783.0,,,sina:510880
2016-06-02,510880,,2.377,2.377,2.362,2.371,462630.0,1095576.0,,,sina:510880
2016-06-03,510880,,2.371,2.379,2.365,2.375,498740.0,1183480.0,,,sina:510880
2016-06-06,510880,,2.381,2.381,2.372,2.376,463097.0,1100467.0,,,sina:510880
2016-06-07,510880,,2.381,2.382,2.37,2.376,426900.0,1014145.0,,,sina:510880
2016-06-08,510880,,2.381,2.381,2.362,2.364,1178606.0,2789346.0,,,sina:510880
2016-06-13,510880,,2.364,2.364,2.31,2.312,1116100.0,2613104.0,,,sina:510880
2016-06-14,510880,,2.314,2.326,2.3,2.318,593600.0,1373204.0,,,sina:510880
2016-06-15,510880,,2.317,2.34,2.31,2.338,810800.0,1885321.0,,,sina:510880
2016-06-16,510880,,2.338,2.339,2.32,2.321,1128700.0,2631291.0,,,sina:510880
2016-06-17,510880,,2.321,2.345,2.321,2.334,791816.0,1852791.0,,,sina:510880
2016-06-20,510880,,2.344,2.348,2.33,2.34,693864.0,1620615.0,,,sina:510880
2016-06-21,510880,,2.341,2.356,2.339,2.34,1638146.0,3846631.0,,,sina:510880
2016-06-22,510880,,2.35,2.379,2.339,2.37,1306446.0,3065828.0,,,sina:510880
2016-06-23,510880,,2.364,2.364,2.347,2.348,776840.0,1827299.0,,,sina:510880
2016-06-24,510880,,2.35,2.356,2.313,2.327,1389640.0,3244458.0,,,sina:510880
2016-06-27,510880,,2.318,2.35,2.29,2.348,1979065.0,4606729.0,,,sina:510880
2016-06-28,510880,,2.343,2.347,2.329,2.344,1265975.0,2954066.0,,,sina:510880
2016-06-29,510880,,2.35,2.36,2.35,2.358,754391.0,1778203.0,,,sina:510880
2016-06-30,510880,,2.36,2.378,2.358,2.366,889817.0,2104766.0,,,sina:510880
2016-07-01,510880,,2.37,2.381,2.366,2.372,994572.0,2361455.0,,,sina:510880
2016-07-04,510880,,2.375,2.42,2.372,2.411,1907121.0,4571153.0,,,sina:510880
2016-07-05,510880,,2.411,2.428,2.41,2.424,1222331.0,2958334.0,,,sina:510880
2016-07-06,510880,,2.422,2.422,2.408,2.416,804399.0,1941038.0,,,sina:510880
2016-07-07,510880,,2.417,2.42,2.409,2.418,535604.0,1293839.0,,,sina:510880
2016-07-08,510880,,2.412,2.418,2.407,2.408,773710.0,1865538.0,,,sina:510880
2016-07-11,510880,,2.408,2.43,2.408,2.418,1420350.0,3439299.0,,,sina:510880
2016-07-12,510880,,2.425,2.478,2.408,2.476,2004461.0,4916432.0,,,sina:510880
2016-07-13,510880,,2.476,2.507,2.476,2.491,1070861.0,2671119.0,,,sina:510880
2016-07-14,510880,,2.491,2.495,2.478,2.483,729761.0,1813574.0,,,sina:510880
2016-07-15,510880,,2.482,2.5,2.482,2.49,1287352.0,3208199.0,,,sina:510880
2016-07-18,510880,,2.489,2.503,2.484,2.499,1098232.0,2739981.0,,,sina:510880
2016-07-19,510880,,2.499,2.499,2.476,2.485,1447549.0,3600393.0,,,sina:510880
2016-07-20,510880,,2.485,2.493,2.48,2.486,623359.0,1550329.0,,,sina:510880
2016-07-21,510880,,2.486,2.508,2.486,2.503,754600.0,1885407.0,,,sina:510880
2016-07-22,510880,,2.502,2.503,2.479,2.486,934400.0,2326190.0,,,sina:510880
2016-07-25,510880,,2.493,2.495,2.476,2.491,603806.0,1503727.0,,,sina:510880
2016-07-26,510880,,2.49,2.52,2.489,2.52,1402280.0,3513424.0,,,sina:510880
2016-07-27,510880,,2.524,2.535,2.47,2.498,2226468.0,5566049.0,,,sina:510880
2016-07-28,510880,,2.49,2.528,2.482,2.516,1297534.0,3254100.0,,,sina:510880
2016-07-29,510880,,2.519,2.535,2.515,2.525,1130100.0,2857710.0,,,sina:510880
2016-08-01,510880,,2.53,2.53,2.492,2.509,1816320.0,4544094.0,,,sina:510880
2016-08-02,510880,,2.518,2.518,2.493,2.511,1111400.0,2782255.0,,,sina:510880
2016-08-03,510880,,2.511,2.514,2.499,2.508,634685.0,1591262.0,,,sina:510880
2016-08-04,510880,,2.509,2.514,2.5,2.508,707600.0,1771120.0,,,sina:510880
2016-08-05,510880,,2.508,2.524,2.508,2.52,776753.0,1954344.0,,,sina:510880
2016-08-08,510880,,2.52,2.532,2.505,2.532,1004700.0,2534728.0,,,sina:510880
2016-08-09,510880,,2.532,2.558,2.532,2.557,1232214.0,3142038.0,,,sina:510880
2016-08-10,510880,,2.557,2.578,2.55,2.554,2346800.0,6021893.0,,,sina:510880
2016-08-11,510880,,2.555,2.581,2.545,2.545,4570430.0,11692984.0,,,sina:510880
2016-08-12,510880,,2.545,2.604,2.545,2.598,3927517.0,10131166.0,,,sina:510880
2016-08-15,510880,,2.603,2.679,2.603,2.657,9632444.0,25499058.0,,,sina:510880
2016-08-16,510880,,2.66,2.675,2.628,2.633,7796948.0,20688436.0,,,sina:510880
2016-08-17,510880,,2.635,2.655,2.628,2.644,2011553.0,5309768.0,,,sina:510880
2016-08-18,510880,,2.644,2.655,2.629,2.631,2050654.0,5419423.0,,,sina:510880
2016-08-19,510880,,2.631,2.645,2.62,2.641,1721318.0,4524984.0,,,sina:510880
2016-08-22,510880,,2.643,2.644,2.62,2.629,932508.0,2455309.0,,,sina:510880
2016-08-23,510880,,2.629,2.635,2.618,2.626,1023163.0,2687578.0,,,sina:510880
2016-08-24,510880,,2.633,2.638,2.613,2.619,2045852.0,5360894.0,,,sina:510880
2016-08-25,510880,,2.617,2.619,2.59,2.606,1388992.0,3614399.0,,,sina:510880
2016-08-26,510880,,2.608,2.619,2.596,2.603,774861.0,2021057.0,,,sina:510880
2016-08-29,510880,,2.603,2.609,2.592,2.607,428111.0,1113652.0,,,sina:510880
2016-08-30,510880,,2.606,2.619,2.6,2.604,1386753.0,3614762.0,,,sina:510880
2016-08-31,510880,,2.605,2.624,2.602,2.617,1075200.0,2806268.0,,,sina:510880
2016-09-01,510880,,2.622,2.622,2.601,2.602,1653335.0,4314856.0,,,sina:510880
2016-09-02,510880,,2.604,2.613,2.591,2.609,769135.0,2000520.0,,,sina:510880
2016-09-05,510880,,2.609,2.625,2.609,2.622,3974033.0,10402521.0,,,sina:510880
2016-09-06,510880,,2.623,2.632,2.615,2.631,1860700.0,4884064.0,,,sina:510880
2016-09-07,510880,,2.631,2.65,2.631,2.638,1991406.0,5260104.0,,,sina:510880
2016-09-08,510880,,2.638,2.645,2.629,2.637,1693300.0,4456995.0,,,sina:510880
2016-09-09,510880,,2.637,2.645,2.629,2.63,2087700.0,5503246.0,,,sina:510880
2016-09-12,510880,,2.625,2.625,2.559,2.569,4314201.0,11137298.0,,,sina:510880
2016-09-13,510880,,2.574,2.602,2.56,2.568,2286982.0,5875614.0,,,sina:510880
2016-09-14,510880,,2.567,2.567,2.552,2.557,1700642.0,4348861.0,,,sina:510880
2016-09-19,510880,,2.56,2.576,2.56,2.571,1431300.0,3675760.0,,,sina:510880
2016-09-20,510880,,2.572,2.575,2.56,2.573,1298634.0,3335441.0,,,sina:510880
2016-09-21,510880,,2.573,2.582,2.573,2.579,1648274.0,4248143.0,,,sina:510880
2016-09-22,510880,,2.587,2.61,2.586,2.6,1504775.0,3910426.0,,,sina:510880
2016-09-23,510880,,2.606,2.61,2.583,2.591,743900.0,1930047.0,,,sina:510880
2016-09-26,510880,,2.583,2.586,2.554,2.557,1294000.0,3324030.0,,,sina:510880
2016-09-27,510880,,2.552,2.559,2.539,2.554,1967200.0,5014724.0,,,sina:510880
2016-09-28,510880,,2.563,2.563,2.548,2.551,712400.0,1818494.0,,,sina:510880
2016-09-29,510880,,2.553,2.567,2.553,2.561,816061.0,2090628.0,,,sina:510880
2016-09-30,510880,,2.56,2.57,2.558,2.57,1023832.0,2625238.0,,,sina:510880
2016-10-10,510880,,2.57,2.61,2.57,2.6,2407090.0,6234101.0,,,sina:510880
2016-10-11,510880,,2.601,2.607,2.596,2.604,1486101.0,3865606.0,,,sina:510880
2016-10-12,510880,,2.603,2.603,2.593,2.597,871028.0,2261490.0,,,sina:510880
2016-10-13,510880,,2.597,2.61,2.596,2.609,1203959.0,3134957.0,,,sina:510880
2016-10-14,510880,,2.609,2.61,2.596,2.609,1148994.0,2989620.0,,,sina:510880
2016-10-17,510880,,2.619,2.619,2.59,2.594,1826015.0,4754963.0,,,sina:510880
2016-10-18,510880,,2.594,2.626,2.592,2.625,1939606.0,5061887.0,,,sina:510880
2016-10-19,510880,,2.625,2.64,2.623,2.626,1252506.0,3295526.0,,,sina:510880
2016-10-20,510880,,2.625,2.63,2.62,2.625,1738700.0,4565811.0,,,sina:510880
2016-10-21,510880,,2.628,2.648,2.625,2.643,2140097.0,5638870.0,,,sina:510880
2016-10-24,510880,,2.643,2.686,2.643,2.679,3335620.0,8910686.0,,,sina:510880
2016-10-25,510880,,2.679,2.682,2.67,2.679,1757476.0,4702240.0,,,sina:510880
2016-10-26,510880,,2.676,2.679,2.655,2.658,3827174.0,10193640.0,,,sina:510880
2016-10-27,510880,,2.66,2.661,2.646,2.658,2007192.0,5327524.0,,,sina:510880
2016-10-28,510880,,2.658,2.667,2.645,2.65,1877749.0,4990079.0,,,sina:510880
2016-10-31,510880,,2.657,2.657,2.634,2.644,1449158.0,3827374.0,,,sina:510880
2016-11-01,510880,,2.645,2.658,2.642,2.657,1307600.0,3465537.0,,,sina:510880
2016-11-02,510880,,2.658,2.658,2.634,2.639,6282483.0,16621080.0,,,sina:510880
2016-11-03,510880,,2.635,2.662,2.63,2.656,3045117.0,8061477.0,,,sina:510880
2016-11-04,510880,,2.656,2.669,2.65,2.653,4661666.0,12401517.0,,,sina:510880
2016-11-07,510880,,2.652,2.678,2.65,2.665,6594650.0,17566954.0,,,sina:510880
2016-11-08,510880,,2.676,2.685,2.665,2.677,5301006.0,14186013.0,,,sina:510880
2016-11-09,510880,,2.677,2.677,2.638,2.658,11169203.0,29767092.0,,,sina:510880
2016-11-10,510880,,2.661,2.696,2.661,2.691,2571511.0,6918911.0,,,sina:510880
2016-11-11,510880,,2.695,2.713,2.689,2.708,3308898.0,8939339.0,,,sina:510880
2016-11-14,510880,,2.707,2.728,2.7,2.714,3435100.0,9331062.0,,,sina:510880
2016-11-15,510880,,2.714,2.715,2.7,2.705,1375559.0,3721724.0,,,sina:510880
2016-11-16,510880,,2.706,2.714,2.701,2.711,1966626.0,5322553.0,,,sina:510880
2016-11-17,510880,,2.71,2.718,2.699,2.715,1679074.0,4545629.0,,,sina:510880
2016-11-18,510880,,2.714,2.726,2.705,2.707,1423506.0,3866139.0,,,sina:510880
2016-11-21,510880,,2.709,2.749,2.707,2.732,2815439.0,7675888.0,,,sina:510880
2016-11-22,510880,,2.736,2.761,2.732,2.759,2538541.0,6974265.0,,,sina:510880
2016-11-23,510880,,2.759,2.784,2.755,2.764,3289785.0,9114963.0,,,sina:510880
2016-11-24,510880,,2.765,2.784,2.759,2.77,1863225.0,5161260.0,,,sina:510880
2016-11-25,510880,,2.771,2.801,2.761,2.8,3493070.0,9734237.0,,,sina:510880
2016-11-28,510880,,2.803,2.842,2.803,2.82,5315701.0,15033326.0,,,sina:510880
2016-11-29,510880,,2.824,2.866,2.809,2.832,6353093.0,18047991.0,,,sina:510880
2016-11-30,510880,,2.832,2.832,2.79,2.796,4276600.0,11997408.0,,,sina:510880
2016-12-01,510880,,2.796,2.831,2.796,2.828,5797901.0,16360079.0,,,sina:510880
2016-12-02,510880,,2.822,2.838,2.797,2.808,4011607.0,11285694.0,,,sina:510880
2016-12-05,510880,,2.8,2.8,2.765,2.772,3450563.0,9578740.0,,,sina:510880
2016-12-06,510880,,2.76,2.789,2.76,2.765,2060829.0,5710920.0,,,sina:510880
2016-12-07,510880,,2.767,2.778,2.752,2.777,1989900.0,5501537.0,,,sina:510880
2016-12-08,510880,,2.778,2.789,2.778,2.784,1348300.0,3752896.0,,,sina:510880
2016-12-09,510880,,2.785,2.816,2.775,2.808,3749600.0,10492900.0,,,sina:510880
2016-12-12,510880,,2.805,2.811,2.741,2.759,8338220.0,23051565.0,,,sina:510880
2016-12-13,510880,,2.748,2.753,2.722,2.742,3313261.0,9074559.0,,,sina:510880
2016-12-14,510880,,2.738,2.753,2.727,2.727,3408801.0,9332214.0,,,sina:510880
2016-12-15,510880,,2.727,2.727,2.667,2.675,6002100.0,16144023.0,,,sina:510880
2016-12-16,510880,,2.688,2.688,2.67,2.68,2376200.0,6362763.0,,,sina:510880
2016-12-19,510880,,2.68,2.687,2.672,2.676,1682400.0,4507636.0,,,sina:510880
2016-12-20,510880,,2.679,2.679,2.64,2.655,4481100.0,11878670.0,,,sina:510880
2016-12-21,510880,,2.659,2.684,2.659,2.682,2338810.0,6252455.0,,,sina:510880
2016-12-22,510880,,2.683,2.691,2.676,2.687,2010571.0,5394974.0,,,sina:510880
2016-12-23,510880,,2.688,2.688,2.655,2.659,2620100.0,6982090.0,,,sina:510880
2016-12-26,510880,,2.662,2.67,2.633,2.669,3261900.0,8622012.0,,,sina:510880
2016-12-27,510880,,2.67,2.675,2.665,2.668,1513200.0,4039033.0,,,sina:510880
2016-12-28,510880,,2.668,2.671,2.65,2.656,2090400.0,5559949.0,,,sina:510880
2016-12-29,510880,,2.655,2.663,2.651,2.657,5245800.0,13948719.0,,,sina:510880
2016-12-30,510880,,2.658,2.666,2.654,2.663,4962500.0,13205606.0,,,sina:510880
2017-01-03,510880,,2.666,2.692,2.666,2.687,2885428.0,7749880.0,,,sina:510880
2017-01-04,510880,,2.69,2.711,2.685,2.707,2678834.0,7236641.0,,,sina:510880
2017-01-05,510880,,2.71,2.713,2.701,2.71,2109600.0,5712043.0,,,sina:510880
2017-01-06,510880,,2.713,2.72,2.701,2.709,2373301.0,6431743.0,,,sina:510880
2017-01-09,510880,,2.709,2.721,2.705,2.72,2068487.0,5615277.0,,,sina:510880
2017-01-10,510880,,2.718,2.721,2.706,2.711,2413700.0,6546913.0,,,sina:510880
2017-01-11,510880,,2.711,2.711,2.691,2.694,2148400.0,5801891.0,,,sina:510880
2017-01-12,510880,,2.695,2.699,2.682,2.686,3964876.0,10681488.0,,,sina:510880
2017-01-13,510880,,2.686,2.695,2.677,2.695,3370518.0,9050162.0,,,sina:510880
2017-01-16,510880,,2.695,2.729,2.674,2.722,6000201.0,16151911.0,,,sina:510880
2017-01-17,510880,,2.706,2.72,2.705,2.72,1793300.0,4865490.0,,,sina:510880
2017-01-18,510880,,2.719,2.737,2.716,2.733,2750700.0,7508571.0,,,sina:510880
2017-01-19,510880,,2.733,2.744,2.725,2.725,3209700.0,8779497.0,,,sina:510880
2017-01-20,510880,,2.727,2.746,2.727,2.744,1939300.0,5314239.0,,,sina:510880
2017-01-23,510880,,2.73,2.73,2.649,2.652,4351600.0,11587998.0,,,sina:510880
2017-01-24,510880,,2.654,2.669,2.65,2.666,2025800.0,5388080.0,,,sina:510880
2017-01-25,510880,,2.668,2.675,2.661,2.672,2348000.0,6268663.0,,,sina:510880
2017-01-26,510880,,2.673,2.686,2.673,2.676,7669800.0,20548556.0,,,sina:510880
2017-02-03,510880,,2.684,2.684,2.657,2.658,4448900.0,11851713.0,,,sina:510880
2017-02-06,510880,,2.656,2.669,2.655,2.662,4324200.0,11500421.0,,,sina:510880
2017-02-07,510880,,2.667,2.67,2.655,2.661,3075300.0,8177797.0,,,sina:510880
2017-02-08,510880,,2.662,2.669,2.648,2.668,3150100.0,8369216.0,,,sina:510880
2017-02-09,510880,,2.668,2.683,2.666,2.678,4062595.0,10871263.0,,,sina:510880
2017-02-10,510880,,2.678,2.7,2.678,2.694,5956000.0,16015026.0,,,sina:510880
2017-02-13,510880,,2.698,2.709,2.694,2.704,5195786.0,14044576.0,,,sina:510880
2017-02-14,510880,,2.704,2.706,2.693,2.7,3493410.0,9425942.0,,,sina:510880
2017-02-15,510880,,2.7,2.725,2.7,2.705,17863270.0,48539844.0,,,sina:510880
2017-02-16,510880,,2.704,2.718,2.704,2.717,12195900.0,33069769.0,,,sina:510880
2017-02-17,510880,,2.717,2.72,2.696,2.699,14190010.0,38419639.0,,,sina:510880
2017-02-20,510880,,2.698,2.735,2.698,2.735,5247400.0,14297248.0,,,sina:510880
2017-02-21,510880,,2.736,2.752,2.734,2.741,3695314.0,10134041.0,,,sina:510880
2017-02-22,510880,,2.74,2.757,2.735,2.755,10485700.0,28803638.0,,,sina:510880
2017-02-23,510880,,2.751,2.757,2.7,2.742,7402500.0,20313233.0,,,sina:510880
2017-02-24,510880,,2.742,2.745,2.728,2.739,4198400.0,11483220.0,,,sina:510880
2017-02-27,510880,,2.738,2.738,2.718,2.722,4938800.0,13487511.0,,,sina:510880
2017-02-28,510880,,2.71,2.733,2.71,2.73,6306093.0,17181207.0,,,sina:510880
2017-03-01,510880,,2.734,2.741,2.726,2.731,14411600.0,39405081.0,,,sina:510880
2017-03-02,510880,,2.732,2.736,2.712,2.715,8182201.0,22294964.0,,,sina:510880
2017-03-03,510880,,2.715,2.716,2.701,2.712,5370100.0,14553106.0,,,sina:510880
2017-03-06,510880,,2.71,2.723,2.71,2.721,8582100.0,23338175.0,,,sina:510880
2017-03-07,510880,,2.72,2.72,2.709,2.718,6354501.0,17242137.0,,,sina:510880
2017-03-08,510880,,2.717,2.719,2.71,2.713,5080800.0,13792307.0,,,sina:510880
2017-03-09,510880,,2.712,2.712,2.689,2.694,9006500.0,24263837.0,,,sina:510880
2017-03-10,510880,,2.696,2.698,2.688,2.694,5521054.0,14866557.0,,,sina:510880
2017-03-13,510880,,2.693,2.722,2.686,2.72,4660864.0,12618692.0,,,sina:510880
2017-03-14,510880,,2.721,2.726,2.714,2.724,4245311.0,11559473.0,,,sina:510880
2017-03-15,510880,,2.722,2.73,2.711,2.729,5713600.0,15563093.0,,,sina:510880
2017-03-16,510880,,2.73,2.745,2.73,2.738,12983151.0,35538442.0,,,sina:510880
2017-03-17,510880,,2.74,2.74,2.703,2.709,10419700.0,28397349.0,,,sina:510880
2017-03-20,510880,,2.718,2.735,2.708,2.728,9848150.0,26783146.0,,,sina:510880
2017-03-21,510880,,2.726,2.737,2.718,2.736,5887472.0,16059948.0,,,sina:510880
2017-03-22,510880,,2.73,2.731,2.712,2.715,4638041.0,12612032.0,,,sina:510880
2017-03-23,510880,,2.716,2.734,2.709,2.717,4254006.0,11584266.0,,,sina:510880
2017-03-24,510880,,2.72,2.752,2.718,2.746,6166184.0,16864482.0,,,sina:510880
2017-03-27,510880,,2.747,2.765,2.746,2.751,4871164.0,13418753.0,,,sina:510880
2017-03-28,510880,,2.751,2.752,2.733,2.738,3345200.0,9168879.0,,,sina:510880
2017-03-29,510880,,2.738,2.747,2.729,2.736,2890166.0,7910251.0,,,sina:510880
2017-03-30,510880,,2.731,2.74,2.713,2.73,4091550.0,11144809.0,,,sina:510880
2017-03-31,510880,,2.735,2.753,2.729,2.751,4322550.0,11868504.0,,,sina:510880
2017-04-05,510880,,2.76,2.784,2.76,2.783,6322454.0,17553005.0,,,sina:510880
2017-04-06,510880,,2.784,2.791,2.779,2.787,6542000.0,18205908.0,,,sina:510880
2017-04-07,510880,,2.787,2.793,2.776,2.792,5934354.0,16528160.0,,,sina:510880
2017-04-10,510880,,2.792,2.798,2.784,2.79,5144810.0,14367710.0,,,sina:510880
2017-04-11,510880,,2.789,2.795,2.76,2.792,8170902.0,22681838.0,,,sina:510880
2017-04-12,510880,,2.8,2.8,2.775,2.78,5468502.0,15226870.0,,,sina:510880
2017-04-13,510880,,2.78,2.791,2.775,2.788,2876500.0,8012593.0,,,sina:510880
2017-04-14,510880,,2.788,2.793,2.759,2.764,7245900.0,20062942.0,,,sina:510880
2017-04-17,510880,,2.764,2.764,2.737,2.754,7670730.0,21074111.0,,,sina:510880
2017-04-18,510880,,2.753,2.763,2.74,2.74,7849000.0,21611168.0,,,sina:510880
2017-04-19,510880,,2.736,2.736,2.704,2.722,9835900.0,26734869.0,,,sina:510880
2017-04-20,510880,,2.721,2.734,2.718,2.73,4739900.0,12924412.0,,,sina:510880
2017-04-21,510880,,2.731,2.752,2.728,2.749,5474901.0,14984821.0,,,sina:510880
2017-04-24,510880,,2.748,2.748,2.705,2.726,10193306.0,27705617.0,,,sina:510880
2017-04-25,510880,,2.728,2.737,2.72,2.733,4503800.0,12301124.0,,,sina:510880
2017-04-26,510880,,2.734,2.745,2.73,2.736,5411000.0,14816719.0,,,sina:510880
2017-04-27,510880,,2.737,2.737,2.708,2.734,10425700.0,28346244.0,,,sina:510880
2017-04-28,510880,,2.734,2.734,2.71,2.72,8009900.0,21782307.0,,,sina:510880
2017-05-02,510880,,2.719,2.72,2.701,2.705,8812000.0,23886793.0,,,sina:510880
2017-05-03,510880,,2.704,2.71,2.689,2.692,7769800.0,20964039.0,,,sina:510880
2017-05-04,510880,,2.694,2.699,2.678,2.685,4432600.0,11915081.0,,,sina:510880
2017-05-05,510880,,2.687,2.687,2.66,2.679,8342771.0,22270191.0,,,sina:510880
2017-05-08,510880,,2.678,2.682,2.66,2.679,6869100.0,18329079.0,,,sina:510880
2017-05-09,510880,,2.675,2.689,2.665,2.683,3894600.0,10424923.0,,,sina:510880
2017-05-10,510880,,2.68,2.686,2.662,2.665,6260500.0,16747298.0,,,sina:510880
2017-05-11,510880,,2.666,2.684,2.652,2.678,7303100.0,19470059.0,,,sina:510880
2017-05-12,510880,,2.679,2.706,2.675,2.705,6018200.0,16202786.0,,,sina:510880
2017-05-15,510880,,2.705,2.721,2.705,2.721,5957598.0,16169668.0,,,sina:510880
2017-05-16,510880,,2.719,2.731,2.697,2.73,6459400.0,17536242.0,,,sina:510880
2017-05-17,510880,,2.726,2.739,2.719,2.723,4755110.0,12986910.0,,,sina:510880
2017-05-18,510880,,2.721,2.721,2.697,2.707,4701500.0,12726169.0,,,sina:510880
2017-05-19,510880,,2.707,2.714,2.7,2.712,6263487.0,16958137.0,,,sina:510880
2017-05-22,510880,,2.71,2.725,2.696,2.71,8514300.0,23055390.0,,,sina:510880
2017-05-23,510880,,2.704,2.735,2.704,2.733,7912631.0,21557403.0,,,sina:510880
2017-05-24,510880,,2.732,2.732,2.711,2.73,7390143.0,20109377.0,,,sina:510880
2017-05-25,510880,,2.729,2.788,2.722,2.78,17229164.0,47611499.0,,,sina:510880
2017-05-26,510880,,2.78,2.793,2.77,2.787,8351509.0,23272550.0,,,sina:510880
2017-05-31,510880,,2.791,2.805,2.779,2.8,7117011.0,19882111.0,,,sina:510880
2017-06-01,510880,,2.798,2.808,2.788,2.807,4446454.0,12436675.0,,,sina:510880
2017-06-02,510880,,2.806,2.816,2.8,2.808,3835800.0,10771191.0,,,sina:510880
2017-06-05,510880,,2.806,2.81,2.78,2.784,6034100.0,16833774.0,,,sina:510880
2017-06-06,510880,,2.784,2.792,2.774,2.792,4668201.0,12994162.0,,,sina:510880
2017-06-07,510880,,2.792,2.818,2.792,2.817,4070200.0,11447899.0,,,sina:510880
2017-06-08,510880,,2.819,2.851,2.816,2.848,5477754.0,15517101.0,,,sina:510880
2017-06-09,510880,,2.847,2.866,2.84,2.852,6162376.0,17604182.0,,,sina:510880
2017-06-12,510880,,2.854,2.882,2.841,2.857,5985654.0,17142852.0,,,sina:510880
2017-06-13,510880,,2.865,2.867,2.846,2.865,5080900.0,14519677.0,,,sina:510880
2017-06-14,510880,,2.865,2.865,2.825,2.829,8059729.0,22863860.0,,,sina:510880
2017-06-15,510880,,2.831,2.834,2.808,2.814,5318793.0,14976024.0,,,sina:510880
2017-06-16,510880,,2.814,2.82,2.8,2.804,4259600.0,11967259.0,,,sina:510880
2017-06-19,510880,,2.806,2.826,2.796,2.821,3932610.0,11075744.0,,,sina:510880
2017-06-20,510880,,2.825,2.828,2.81,2.81,5380092.0,15138365.0,,,sina:510880
2017-06-21,510880,,2.822,2.843,2.808,2.842,5233853.0,14767491.0,,,sina:510880
2017-06-22,510880,,2.841,2.877,2.835,2.851,9088467.0,26033232.0,,,sina:510880
2017-06-23,510880,,2.85,2.873,2.835,2.872,4857944.0,13841848.0,,,sina:510880
2017-06-26,510880,,2.87,2.902,2.87,2.896,5365277.0,15515993.0,,,sina:510880
2017-06-27,510880,,2.895,2.901,2.882,2.897,3405521.0,9835146.0,,,sina:510880
2017-06-28,510880,,2.891,2.911,2.886,2.889,3178627.0,9208764.0,,,sina:510880
2017-06-29,510880,,2.889,2.906,2.888,2.903,3991784.0,11553547.0,,,sina:510880
2017-06-30,510880,,2.9,2.915,2.885,2.911,5264911.0,15286751.0,,,sina:510880
2017-07-03,510880,,2.912,2.917,2.895,2.913,4962000.0,14410445.0,,,sina:510880
2017-07-04,510880,,2.903,2.911,2.888,2.899,4795222.0,13889350.0,,,sina:510880
2017-07-05,510880,,2.894,2.919,2.89,2.916,4294300.0,12472980.0,,,sina:510880
2017-07-06,510880,,2.916,2.932,2.91,2.928,5161229.0,15082971.0,,,sina:510880
2017-07-07,510880,,2.93,2.939,2.92,2.939,5151677.0,15084631.0,,,sina:510880
2017-07-10,510880,,2.939,2.95,2.93,2.938,3137000.0,9223117.0,,,sina:510880
2017-07-11,510880,,2.938,2.969,2.935,2.955,5486805.0,16195858.0,,,sina:510880
2017-07-12,510880,,2.954,2.966,2.926,2.938,6122664.0,18053695.0,,,sina:510880
2017-07-13,510880,,2.938,2.964,2.937,2.963,4235400.0,12513119.0,,,sina:510880
2017-07-14,510880,,2.963,2.993,2.963,2.992,4170533.0,12408195.0,,,sina:510880
2017-07-17,510880,,2.993,3.01,2.942,2.975,9965000.0,29749266.0,,,sina:510880
2017-07-18,510880,,2.98,2.985,2.948,2.975,6293369.0,18654883.0,,,sina:510880
2017-07-19,510880,,2.976,3.005,2.973,3.004,6482780.0,19379315.0,,,sina:510880
2017-07-20,510880,,3.001,3.019,2.991,3.019,8376901.0,25169308.0,,,sina:510880
2017-07-21,510880,,3.018,3.027,3.011,3.02,3751307.0,11324509.0,,,sina:510880
2017-07-24,510880,,3.025,3.041,3.01,3.034,4813353.0,14578285.0,,,sina:510880
2017-07-25,510880,,3.035,3.036,3.015,3.02,5983573.0,18090932.0,,,sina:510880
2017-07-26,510880,,3.025,3.048,2.986,3.005,8277053.0,24873774.0,,,sina:510880
2017-07-27,510880,,3.005,3.005,2.986,3.005,3780310.0,11323616.0,,,sina:510880
2017-07-28,510880,,3.003,3.006,2.99,3.003,2741410.0,8221452.0,,,sina:510880
2017-07-31,510880,,3.003,3.01,2.997,3.007,5076000.0,15248712.0,,,sina:510880
2017-08-01,510880,,3.009,3.027,3.007,3.026,6017900.0,18167009.0,,,sina:510880
2017-08-02,510880,,3.028,3.042,2.723,3.02,3859010.0,11613950.0,,,sina:510880
2017-08-03,510880,,3.02,3.028,2.985,2.997,6268911.0,18823484.0,,,sina:510880
2017-08-04,510880,,2.99,3.002,2.984,2.985,9116753.0,27287730.0,,,sina:510880
2017-08-07,510880,,2.99,2.995,2.965,2.994,5428169.0,16192153.0,,,sina:510880
2017-08-08,510880,,2.992,2.994,2.977,2.98,4130840.0,12320286.0,,,sina:510880
2017-08-09,510880,,2.981,2.982,2.97,2.975,3120140.0,9286733.0,,,sina:510880
2017-08-10,510880,,2.974,2.98,2.948,2.967,5612479.0,16629399.0,,,sina:510880
2017-08-11,510880,,2.963,2.963,2.916,2.92,10182100.0,29812224.0,,,sina:510880
2017-08-14,510880,,2.91,2.939,2.91,2.933,3994286.0,11700487.0,,,sina:510880
2017-08-15,510880,,2.933,2.965,2.93,2.95,5252302.0,15510417.0,,,sina:510880
2017-08-16,510880,,2.95,2.95,2.937,2.943,3009901.0,8850750.0,,,sina:510880
2017-08-17,510880,,2.944,2.962,2.943,2.957,2582731.0,7617544.0,,,sina:510880
2017-08-18,510880,,2.95,2.967,2.94,2.961,3132007.0,9256368.0,,,sina:510880
2017-08-21,510880,,2.96,2.973,2.958,2.97,2971270.0,8815492.0,,,sina:510880
2017-08-22,510880,,2.97,2.983,2.967,2.973,4050201.0,12033091.0,,,sina:510880
2017-08-23,510880,,2.972,2.991,2.972,2.984,4243812.0,12656542.0,,,sina:510880
2017-08-24,510880,,2.984,2.995,2.977,2.978,3270300.0,9760586.0,,,sina:510880
2017-08-25,510880,,2.978,3.03,2.977,3.028,8236420.0,24749942.0,,,sina:510880
2017-08-28,510880,,3.028,3.059,3.028,3.037,4685658.0,14252008.0,,,sina:510880
2017-08-29,510880,,3.034,3.045,3.03,3.039,4149600.0,12603200.0,,,sina:510880
2017-08-30,510880,,3.044,3.053,3.028,3.032,3010100.0,9152577.0,,,sina:510880
2017-08-31,510880,,3.034,3.044,3.0,3.015,5385842.0,16226466.0,,,sina:510880
2017-09-01,510880,,3.015,3.032,3.007,3.014,5723700.0,17268827.0,,,sina:510880
2017-09-04,510880,,3.015,3.022,3.005,3.018,5877950.0,17707823.0,,,sina:510880
2017-09-05,510880,,3.019,3.032,3.012,3.026,3508050.0,10603705.0,,,sina:510880
2017-09-06,510880,,3.023,3.025,3.013,3.023,2547100.0,7685947.0,,,sina:510880
2017-09-07,510880,,3.023,3.028,3.012,3.013,4014600.0,12117288.0,,,sina:510880
2017-09-08,510880,,3.013,3.023,3.008,3.015,3780701.0,11397304.0,,,sina:510880
2017-09-11,510880,,3.015,3.033,3.012,3.019,4883400.0,14757015.0,,,sina:510880
2017-09-12,510880,,3.02,3.03,3.017,3.025,3415200.0,10323363.0,,,sina:510880
2017-09-13,510880,,3.025,3.028,3.016,3.024,1785300.0,5394837.0,,,sina:510880
2017-09-14,510880,,3.024,3.027,3.003,3.006,5879630.0,17725277.0,,,sina:510880
2017-09-15,510880,,3.007,3.009,2.993,2.997,3636897.0,10907678.0,,,sina:510880
2017-09-18,510880,,2.999,3.016,2.997,3.01,3580793.0,10777430.0,,,sina:510880
2017-09-19,510880,,3.011,3.025,3.0,3.004,3205291.0,9638481.0,,,sina:510880
2017-09-20,510880,,3.005,3.025,3.0,3.02,4077960.0,12280955.0,,,sina:510880
2017-09-21,510880,,3.02,3.034,3.013,3.029,2625947.0,7946183.0,,,sina:510880
2017-09-22,510880,,3.028,3.035,3.018,3.033,5008994.0,15143620.0,,,sina:510880
2017-09-25,510880,,3.032,3.033,3.021,3.03,3851109.0,11657512.0,,,sina:510880
2017-09-26,510880,,3.025,3.033,3.02,3.026,2376307.0,7191804.0,,,sina:510880
2017-09-27,510880,,3.026,3.034,3.023,3.03,1788615.0,5419499.0,,,sina:510880
2017-09-28,510880,,3.024,3.029,3.021,3.026,2143500.0,6481165.0,,,sina:510880
2017-09-29,510880,,3.026,3.037,3.026,3.036,2841344.0,8617672.0,,,sina:510880
2017-10-09,510880,,3.07,3.088,3.055,3.058,4447771.0,13664519.0,,,sina:510880
2017-10-10,510880,,3.058,3.068,3.032,3.05,5232655.0,15921728.0,,,sina:510880
2017-10-11,510880,,3.052,3.068,3.041,3.062,3228728.0,9874054.0,,,sina:510880
2017-10-12,510880,,3.062,3.072,3.057,3.068,2604200.0,7973476.0,,,sina:510880
2017-10-13,510880,,3.069,3.075,3.062,3.069,4905533.0,15051177.0,,,sina:510880
2017-10-16,510880,,3.069,3.069,3.06,3.065,3157000.0,9673469.0,,,sina:510880
2017-10-17,510880,,3.064,3.065,3.054,3.061,2248800.0,6879146.0,,,sina:510880
2017-10-18,510880,,3.06,3.077,3.059,3.076,3030900.0,9294945.0,,,sina:510880
2017-10-19,510880,,3.076,3.088,3.076,3.083,4773376.0,14708869.0,,,sina:510880
2017-10-20,510880,,3.081,3.095,3.076,3.093,4030617.0,12430878.0,,,sina:510880
2017-10-23,510880,,3.092,3.093,3.086,3.089,2423163.0,7486200.0,,,sina:510880
2017-10-24,510880,,3.087,3.107,3.082,3.106,3549799.0,10988027.0,,,sina:510880
2017-10-25,510880,,3.107,3.111,3.102,3.111,2174300.0,6755110.0,,,sina:510880
2017-10-26,510880,,3.111,3.124,3.099,3.104,4709220.0,14655413.0,,,sina:510880
2017-10-27,510880,,3.116,3.12,3.106,3.119,3473700.0,10808681.0,,,sina:510880
2017-10-30,510880,,3.12,3.125,3.085,3.112,6399132.0,19850642.0,,,sina:510880
2017-10-31,510880,,3.108,3.108,3.088,3.1,4849269.0,15002603.0,,,sina:510880
2017-11-01,510880,,3.1,3.104,3.075,3.075,5582300.0,17225299.0,,,sina:510880
2017-11-02,510880,,3.074,3.078,3.057,3.072,4783901.0,14653462.0,,,sina:510880
2017-11-03,510880,,3.072,3.072,3.043,3.063,6149200.0,18780492.0,,,sina:510880
2017-11-06,510880,,3.062,3.075,3.049,3.075,3242400.0,9924692.0,,,sina:510880
2017-11-07,510880,,3.075,3.105,3.075,3.093,5073087.0,15693598.0,,,sina:510880
2017-11-08,510880,,3.093,3.121,3.091,3.101,4126000.0,12825465.0,,,sina:510880
2017-11-09,510880,,3.104,3.119,3.1,3.117,2696037.0,8377743.0,,,sina:510880
2017-11-10,510880,,3.119,3.138,3.1,3.136,4611796.0,14413076.0,,,sina:510880
2017-11-13,510880,,3.136,3.167,3.136,3.159,3957353.0,12490243.0,,,sina:510880
2017-11-14,510880,,3.158,3.164,3.137,3.143,4350665.0,13704619.0,,,sina:510880
2017-11-15,510880,,3.143,3.143,3.119,3.124,4098639.0,12814208.0,,,sina:510880
2017-11-16,510880,,3.123,3.126,3.113,3.123,3588400.0,11188797.0,,,sina:510880
2017-11-17,510880,,3.123,3.161,3.121,3.158,5266620.0,16533721.0,,,sina:510880
2017-11-20,510880,,3.155,3.185,3.128,3.181,6773800.0,21344608.0,,,sina:510880
2017-11-21,510880,,3.181,3.221,3.172,3.207,6674155.0,21396265.0,,,sina:510880
2017-11-22,510880,,3.21,3.244,3.205,3.221,4287488.0,13846788.0,,,sina:510880
2017-11-23,510880,,3.22,3.232,3.138,3.155,8449668.0,26948132.0,,,sina:510880
2017-11-24,510880,,3.152,3.16,3.122,3.15,10001300.0,31362697.0,,,sina:510880
2017-11-27,510880,,3.15,3.15,3.104,3.121,9300600.0,28993292.0,,,sina:510880
2017-11-28,510880,,3.112,3.123,3.095,3.113,6112000.0,18989105.0,,,sina:510880
2017-11-29,510880,,3.114,3.13,3.091,3.112,3801000.0,11811088.0,,,sina:510880
2017-11-30,510880,,3.111,3.116,3.089,3.093,6137000.0,19041704.0,,,sina:510880
2017-12-01,510880,,3.093,3.098,3.077,3.09,5788500.0,17863050.0,,,sina:510880
2017-12-04,510880,,3.09,3.098,3.076,3.089,5338500.0,16471932.0,,,sina:510880
2017-12-05,510880,,3.089,3.132,3.088,3.124,9323582.0,28980179.0,,,sina:510880
2017-12-06,510880,,3.123,3.123,3.07,3.096,6029510.0,18650924.0,,,sina:510880
2017-12-07,510880,,3.093,3.095,3.061,3.071,6341553.0,19499907.0,,,sina:510880
2017-12-08,510880,,3.068,3.071,3.05,3.067,5795253.0,17729397.0,,,sina:510880
2017-12-11,510880,,3.065,3.097,3.054,3.097,5174854.0,15861894.0,,,sina:510880
2017-12-12,510880,,3.089,3.09,3.053,3.055,6319900.0,19415093.0,,,sina:510880
2017-12-13,510880,,3.055,3.069,3.042,3.068,5041900.0,15385956.0,,,sina:510880
2017-12-14,510880,,3.068,3.074,3.052,3.056,5366839.0,16432939.0,,,sina:510880
2017-12-15,510880,,3.051,3.056,3.031,3.032,6500300.0,19751948.0,,,sina:510880
2017-12-18,510880,,3.036,3.042,3.027,3.036,4613577.0,13998889.0,,,sina:510880
2017-12-19,510880,,3.037,3.061,3.037,3.061,4822776.0,14693470.0,,,sina:510880
2017-12-20,510880,,3.061,3.07,3.053,3.062,4828000.0,14779175.0,,,sina:510880
2017-12-21,510880,,3.065,3.078,3.045,3.069,6203976.0,19002137.0,,,sina:510880
2017-12-22,510880,,3.071,3.078,3.066,3.067,6684608.0,20536459.0,,,sina:510880
2017-12-25,510880,,3.066,3.095,3.065,3.07,8479976.0,26100019.0,,,sina:510880
2017-12-26,510880,,3.07,3.09,3.067,3.089,6775073.0,20845272.0,,,sina:510880
2017-12-27,510880,,3.09,3.098,3.065,3.07,5808000.0,17920053.0,,,sina:510880
2017-12-28,510880,,3.072,3.09,3.064,3.086,5289393.0,16300156.0,,,sina:510880
2017-12-29,510880,,3.087,3.102,3.086,3.102,9553582.0,29565986.0,,,sina:510880
2018-01-02,510880,,3.103,3.15,3.103,3.147,7375182.0,23160895.0,,,sina:510880
2018-01-03,510880,,3.148,3.177,3.14,3.162,5740300.0,18154962.0,,,sina:510880
2018-01-04,510880,,3.161,3.171,3.154,3.163,3981050.0,12587876.0,,,sina:510880
2018-01-05,510880,,3.163,3.203,3.158,3.195,6048310.0,19257666.0,,,sina:510880
2018-01-08,510880,,3.194,3.235,3.193,3.217,7769900.0,24998529.0,,,sina:510880
2018-01-09,510880,,3.219,3.223,3.207,3.216,4207601.0,13524034.0,,,sina:510880
2018-01-10,510880,,3.216,3.235,3.207,3.226,11343290.0,36553788.0,,,sina:510880
2018-01-11,510880,,3.225,3.232,3.204,3.218,7610445.0,24456711.0,,,sina:510880
2018-01-12,510880,,3.217,3.237,3.212,3.226,4950455.0,15983304.0,,,sina:510880
2018-01-15,510880,,3.227,3.249,3.215,3.221,5113502.0,16528418.0,,,sina:510880
2018-01-16,510880,,3.219,3.245,3.215,3.244,4910000.0,15863174.0,,,sina:510880
2018-01-17,510880,,3.25,3.284,3.235,3.254,9093756.0,29647665.0,,,sina:510880
2018-01-18,510880,,3.255,3.284,3.255,3.282,6850700.0,22390921.0,,,sina:510880
2018-01-19,510880,,3.286,3.317,3.285,3.298,8048902.0,26590502.0,,,sina:510880
2018-01-22,510880,,3.296,3.323,3.293,3.319,6677000.0,22124584.0,,,sina:510880
2018-01-23,510880,,3.217,3.26,3.212,3.259,9785600.0,31722233.0,,,sina:510880
2018-01-24,510880,,3.261,3.287,3.249,3.269,6029000.0,19705092.0,,,sina:510880
2018-01-25,510880,,3.268,3.275,3.229,3.255,6791600.0,22092818.0,,,sina:510880
2018-01-26,510880,,3.252,3.3,3.246,3.291,6069443.0,19884785.0,,,sina:510880
2018-01-29,510880,,3.284,3.324,3.24,3.259,10040400.0,32976370.0,,,sina:510880
2018-01-30,510880,,3.258,3.264,3.221,3.228,8259138.0,26788089.0,,,sina:510880
2018-01-31,510880,,3.222,3.232,3.196,3.225,6493850.0,20875656.0,,,sina:510880
2018-02-01,510880,,3.227,3.244,3.197,3.222,6944264.0,22320105.0,,,sina:510880
2018-02-02,510880,,3.212,3.257,3.181,3.253,6507830.0,20930515.0,,,sina:510880
2018-02-05,510880,,3.23,3.306,3.22,3.303,6163901.0,20142055.0,,,sina:510880
2018-02-06,510880,,3.268,3.269,3.2,3.215,15387423.0,49747161.0,,,sina:510880
2018-02-07,510880,,3.25,3.272,3.146,3.152,12718300.0,40722697.0,,,sina:510880
2018-02-08,510880,,3.146,3.148,3.06,3.094,12625900.0,39186810.0,,,sina:510880
2018-02-09,510880,,3.049,3.049,2.908,2.978,20763664.0,61555479.0,,,sina:510880
2018-02-12,510880,,2.983,3.0,2.96,2.984,9925400.0,29600301.0,,,sina:510880
2018-02-13,510880,,2.993,3.054,2.993,3.023,7455700.0,22582188.0,,,sina:510880
2018-02-14,510880,,3.023,3.035,3.0,3.032,7699894.0,23224764.0,,,sina:510880
2018-02-22,510880,,3.07,3.09,3.056,3.09,6312600.0,19412366.0,,,sina:510880
2018-02-23,510880,,3.09,3.112,3.077,3.104,6777700.0,20969443.0,,,sina:510880
2018-02-26,510880,,3.113,3.136,3.086,3.123,7587300.0,23604509.0,,,sina:510880
2018-02-27,510880,,3.13,3.134,3.078,3.084,8972005.0,27752945.0,,,sina:510880
2018-02-28,510880,,3.071,3.071,3.035,3.056,6735700.0,20565994.0,,,sina:510880
2018-03-01,510880,,3.049,3.07,3.027,3.05,6424593.0,19610723.0,,,sina:510880
2018-03-02,510880,,3.041,3.057,3.023,3.048,5898811.0,17926735.0,,,sina:510880
2018-03-05,510880,,3.048,3.07,3.035,3.05,3777486.0,11517139.0,,,sina:510880
2018-03-06,510880,,3.061,3.079,3.039,3.075,5390467.0,16486153.0,,,sina:510880
2018-03-07,510880,,3.076,3.102,3.068,3.071,6324467.0,19522145.0,,,sina:510880
2018-03-08,510880,,3.07,3.088,3.066,3.084,2588000.0,7970677.0,,,sina:510880
2018-03-09,510880,,3.094,3.094,3.077,3.086,5372600.0,16574973.0,,,sina:510880
2018-03-12,510880,,3.095,3.104,3.088,3.092,4854900.0,15024759.0,,,sina:510880
2018-03-13,510880,,3.092,3.101,3.077,3.08,4732500.0,14626694.0,,,sina:510880
2018-03-14,510880,,3.079,3.079,3.062,3.072,3070711.0,9422942.0,,,sina:510880
2018-03-15,510880,,3.07,3.077,3.058,3.066,4999449.0,15323686.0,,,sina:510880
2018-03-16,510880,,3.067,3.075,3.045,3.049,3808000.0,11651193.0,,,sina:510880
2018-03-19,510880,,3.048,3.05,3.024,3.034,4954400.0,15029263.0,,,sina:510880
2018-03-20,510880,,3.034,3.04,3.014,3.04,4160650.0,12589134.0,,,sina:510880
2018-03-21,510880,,3.046,3.057,3.025,3.03,3903500.0,11888636.0,,,sina:510880
2018-03-22,510880,,3.039,3.039,2.996,3.01,6250200.0,18817193.0,,,sina:510880
2018-03-23,510880,,2.968,2.968,2.905,2.943,17086613.0,50106404.0,,,sina:510880
2018-03-26,510880,,2.935,2.935,2.877,2.913,11061200.0,32021237.0,,,sina:510880
2018-03-27,510880,,2.924,2.98,2.902,2.913,7754901.0,22665108.0,,,sina:510880
2018-03-28,510880,,2.902,2.919,2.877,2.877,8968963.0,25911017.0,,,sina:510880
2018-03-29,510880,,2.878,2.934,2.861,2.928,6576701.0,19026975.0,,,sina:510880
2018-03-30,510880,,2.928,2.934,2.913,2.921,4786200.0,13990086.0,,,sina:510880
2018-04-02,510880,,2.921,2.935,2.903,2.905,6174700.0,18014868.0,,,sina:510880
2018-04-03,510880,,2.891,2.892,2.86,2.865,9279300.0,26610603.0,,,sina:510880
2018-04-04,510880,,2.867,2.89,2.865,2.866,5976300.0,17205251.0,,,sina:510880
2018-04-09,510880,,2.864,2.874,2.848,2.864,4427600.0,12673800.0,,,sina:510880
2018-04-10,510880,,2.865,2.917,2.865,2.916,5986600.0,17295512.0,,,sina:510880
2018-04-11,510880,,2.919,2.949,2.916,2.938,5616255.0,16474270.0,,,sina:510880
2018-04-12,510880,,2.938,2.938,2.906,2.908,4811400.0,14040456.0,,,sina:510880
2018-04-13,510880,,2.933,2.933,2.892,2.895,3290053.0,9562035.0,,,sina:510880
2018-04-16,510880,,2.895,2.895,2.833,2.842,9955000.0,28393196.0,,,sina:510880
2018-04-17,510880,,2.85,2.852,2.81,2.818,6669700.0,18890319.0,,,sina:510880
2018-04-18,510880,,2.833,2.845,2.788,2.82,9178900.0,25781650.0,,,sina:510880
2018-04-19,510880,,2.82,2.84,2.815,2.838,4768901.0,13504674.0,,,sina:510880
2018-04-20,510880,,2.836,2.846,2.795,2.803,5574600.0,15663635.0,,,sina:510880
2018-04-23,510880,,2.801,2.816,2.79,2.803,4645463.0,13007792.0,,,sina:510880
2018-04-24,510880,,2.802,2.878,2.802,2.859,7532907.0,21503199.0,,,sina:510880
2018-04-25,510880,,2.85,2.855,2.837,2.841,3952000.0,11236387.0,,,sina:510880
2018-04-26,510880,,2.844,2.848,2.797,2.801,6655700.0,18714101.0,,,sina:510880
2018-04-27,510880,,2.808,2.816,2.773,2.806,8672181.0,24189968.0,,,sina:510880
2018-05-02,510880,,2.812,2.822,2.806,2.818,5243686.0,14756792.0,,,sina:510880
2018-05-03,510880,,2.818,2.841,2.809,2.835,5562040.0,15691747.0,,,sina:510880
2018-05-04,510880,,2.835,2.842,2.83,2.834,3166900.0,8979463.0,,,sina:510880
2018-05-07,510880,,2.834,2.866,2.831,2.865,4175500.0,11914468.0,,,sina:510880
2018-05-08,510880,,2.865,2.894,2.86,2.89,5860300.0,16910072.0,,,sina:510880
2018-05-09,510880,,2.896,2.896,2.879,2.884,4171301.0,12043995.0,,,sina:510880
2018-05-10,510880,,2.887,2.907,2.887,2.905,3217100.0,9325662.0,,,sina:510880
2018-05-11,510880,,2.905,2.913,2.896,2.899,3025000.0,8780567.0,,,sina:510880
2018-05-14,510880,,2.902,2.917,2.9,2.905,3404600.0,9903604.0,,,sina:510880
2018-05-15,510880,,2.911,2.916,2.901,2.915,3658412.0,10642102.0,,,sina:510880
2018-05-16,510880,,2.912,2.916,2.902,2.904,3267272.0,9503430.0,,,sina:510880
2018-05-17,510880,,2.901,2.909,2.894,2.898,2855772.0,8284553.0,,,sina:510880
2018-05-18,510880,,2.898,2.929,2.889,2.928,4204300.0,12231138.0,,,sina:510880
2018-05-21,510880,,2.935,2.949,2.933,2.937,5841200.0,17186506.0,,,sina:510880
2018-05-22,510880,,2.937,2.939,2.916,2.923,2938600.0,8589966.0,,,sina:510880
2018-05-23,510880,,2.92,2.922,2.9,2.9,4640900.0,13506476.0,,,sina:510880
2018-05-24,510880,,2.9,2.901,2.875,2.877,5297800.0,15299019.0,,,sina:510880
2018-05-25,510880,,2.876,2.885,2.865,2.881,4878300.0,14021131.0,,,sina:510880
2018-05-28,510880,,2.878,2.885,2.865,2.876,4187400.0,12043733.0,,,sina:510880
2018-05-29,510880,,2.874,2.882,2.865,2.873,3939159.0,11317604.0,,,sina:510880
2018-05-30,510880,,2.864,2.864,2.828,2.834,7643300.0,21719872.0,,,sina:510880
2018-05-31,510880,,2.842,2.879,2.842,2.875,4947732.0,14154932.0,,,sina:510880
2018-06-01,510880,,2.871,2.883,2.853,2.864,3653000.0,10469334.0,,,sina:510880
2018-06-04,510880,,2.869,2.885,2.869,2.881,3491900.0,10045153.0,,,sina:510880
2018-06-05,510880,,2.884,2.898,2.871,2.895,3222102.0,9285849.0,,,sina:510880
2018-06-06,510880,,2.893,2.893,2.882,2.888,2514953.0,7262654.0,,,sina:510880
2018-06-07,510880,,2.889,2.897,2.878,2.878,3965600.0,11452527.0,,,sina:510880
2018-06-08,510880,,2.877,2.877,2.835,2.844,6082000.0,17317194.0,,,sina:510880
2018-06-11,510880,,2.842,2.843,2.827,2.84,5209100.0,14762497.0,,,sina:510880
2018-06-12,510880,,2.841,2.869,2.833,2.86,3616428.0,10316669.0,,,sina:510880
2018-06-13,510880,,2.859,2.866,2.854,2.857,1989368.0,5691612.0,,,sina:510880
2018-06-14,510880,,2.852,2.865,2.841,2.855,2056100.0,5867713.0,,,sina:510880
2018-06-15,510880,,2.855,2.864,2.845,2.853,4138100.0,11810141.0,,,sina:510880
2018-06-19,510880,,2.849,2.85,2.75,2.786,12437206.0,34857505.0,,,sina:510880
2018-06-20,510880,,2.776,2.785,2.758,2.781,6913895.0,19170451.0,,,sina:510880
2018-06-21,510880,,2.781,2.8,2.758,2.761,6141000.0,17065987.0,,,sina:510880
2018-06-22,510880,,2.758,2.761,2.733,2.756,4569300.0,12553856.0,,,sina:510880
2018-06-25,510880,,2.762,2.776,2.735,2.736,5455100.0,15023768.0,,,sina:510880
2018-06-26,510880,,2.72,2.72,2.673,2.703,12324300.0,33206891.0,,,sina:510880
2018-06-27,510880,,2.703,2.712,2.659,2.671,12193700.0,32724794.0,,,sina:510880
2018-06-28,510880,,2.674,2.675,2.639,2.644,8967355.0,23819439.0,,,sina:510880
2018-06-29,510880,,2.647,2.693,2.646,2.69,9904010.0,26412139.0,,,sina:510880
2018-07-02,510880,,2.691,2.691,2.599,2.615,26136161.0,68621628.0,,,sina:510880
2018-07-03,510880,,2.621,2.624,2.564,2.62,10353300.0,26916632.0,,,sina:510880
2018-07-04,510880,,2.619,2.633,2.61,2.613,5321300.0,13956518.0,,,sina:510880
2018-07-05,510880,,2.614,2.628,2.59,2.599,5840100.0,15206532.0,,,sina:510880
2018-07-06,510880,,2.602,2.63,2.573,2.616,8090900.0,21033781.0,,,sina:510880
2018-07-09,510880,,2.62,2.673,2.619,2.671,9678700.0,25675396.0,,,sina:510880
2018-07-10,510880,,2.671,2.686,2.66,2.681,6783500.0,18125288.0,,,sina:510880
2018-07-11,510880,,2.64,2.652,2.626,2.643,8627200.0,22770851.0,,,sina:510880
2018-07-12,510880,,2.64,2.7,2.64,2.688,8567700.0,22939142.0,,,sina:510880
2018-07-13,510880,,2.694,2.699,2.68,2.685,3198626.0,8604768.0,,,sina:510880
2018-07-16,510880,,2.686,2.694,2.66,2.675,4868764.0,13018962.0,,,sina:510880
2018-07-17,510880,,2.663,2.674,2.646,2.662,5556664.0,14748204.0,,,sina:510880
2018-07-18,510880,,2.662,2.695,2.662,2.676,4578400.0,12272529.0,,,sina:510880
2018-07-19,510880,,2.677,2.69,2.665,2.665,4812800.0,12867530.0,,,sina:510880
2018-07-20,510880,,2.666,2.74,2.658,2.732,7376800.0,19973420.0,,,sina:510880
2018-07-23,510880,,2.726,2.774,2.719,2.769,6593000.0,18117456.0,,,sina:510880
2018-07-24,510880,,2.77,2.802,2.77,2.791,6886100.0,19231389.0,,,sina:510880
2018-07-25,510880,,2.799,2.799,2.781,2.79,3917600.0,10918547.0,,,sina:510880
2018-07-26,510880,,2.79,2.802,2.768,2.773,4102900.0,11406249.0,,,sina:510880
2018-07-27,510880,,2.773,2.78,2.762,2.765,2993800.0,8293728.0,,,sina:510880
2018-07-30,510880,,2.765,2.793,2.756,2.77,5002300.0,13873054.0,,,sina:510880
2018-07-31,510880,,2.769,2.794,2.759,2.787,4866700.0,13509763.0,,,sina:510880
2018-08-01,510880,,2.789,2.798,2.734,2.736,6998541.0,19354477.0,,,sina:510880
2018-08-02,510880,,2.73,2.73,2.653,2.679,11246100.0,30211444.0,,,sina:510880
2018-08-03,510880,,2.682,2.697,2.665,2.666,6574000.0,17628971.0,,,sina:510880
2018-08-06,510880,,2.671,2.689,2.639,2.65,6654600.0,17684680.0,,,sina:510880
2018-08-07,510880,,2.653,2.706,2.642,2.706,7626900.0,20378665.0,,,sina:510880
2018-08-08,510880,,2.704,2.704,2.671,2.671,5076500.0,13636647.0,,,sina:510880
2018-08-09,510880,,2.67,2.723,2.663,2.715,5045661.0,13655272.0,,,sina:510880
2018-08-10,510880,,2.718,2.723,2.688,2.705,4151000.0,11230875.0,,,sina:510880
2018-08-13,510880,,2.69,2.69,2.652,2.684,7313148.0,19503520.0,,,sina:510880
2018-08-14,510880,,2.684,2.689,2.672,2.678,3864700.0,10356345.0,,,sina:510880
2018-08-15,510880,,2.68,2.684,2.631,2.632,9480848.0,25112794.0,,,sina:510880
2018-08-16,510880,,2.623,2.64,2.592,2.622,7776800.0,20365028.0,,,sina:510880
2018-08-17,510880,,2.637,2.642,2.595,2.597,6771400.0,17707034.0,,,sina:510880
2018-08-20,510880,,2.6,2.625,2.595,2.623,5841400.0,15220382.0,,,sina:510880
2018-08-21,510880,,2.625,2.658,2.625,2.649,4651300.0,12304015.0,,,sina:510880
2018-08-22,510880,,2.649,2.654,2.633,2.638,2793428.0,7373724.0,,,sina:510880
2018-08-23,510880,,2.638,2.659,2.625,2.647,3817500.0,10087288.0,,,sina:510880
2018-08-24,510880,,2.646,2.675,2.633,2.657,4820853.0,12798902.0,,,sina:510880
2018-08-27,510880,,2.66,2.711,2.66,2.709,6179955.0,16619848.0,,,sina:510880
2018-08-28,510880,,2.709,2.717,2.703,2.707,4588505.0,12430381.0,,,sina:510880
2018-08-29,510880,,2.705,2.709,2.687,2.704,6572533.0,17716777.0,,,sina:510880
2018-08-30,510880,,2.695,2.709,2.68,2.686,7604901.0,20445317.0,,,sina:510880
2018-08-31,510880,,2.679,2.691,2.662,2.676,4637645.0,12410370.0,,,sina:510880
2018-09-03,510880,,2.678,2.682,2.65,2.672,5063274.0,13495329.0,,,sina:510880
2018-09-04,510880,,2.673,2.702,2.666,2.696,5183200.0,13896248.0,,,sina:510880
2018-09-05,510880,,2.691,2.694,2.653,2.66,5887600.0,15736099.0,,,sina:510880
2018-09-06,510880,,2.648,2.663,2.633,2.635,4998300.0,13234260.0,,,sina:510880
2018-09-07,510880,,2.64,2.667,2.63,2.647,5627400.0,14893074.0,,,sina:510880
2018-09-10,510880,,2.643,2.65,2.63,2.635,9481100.0,24989025.0,,,sina:510880
2018-09-11,510880,,2.634,2.635,2.613,2.624,5542000.0,14538105.0,,,sina:510880
2018-09-12,510880,,2.627,2.634,2.606,2.62,5634000.0,14748205.0,,,sina:510880
2018-09-13,510880,,2.635,2.65,2.623,2.649,5455200.0,14379198.0,,,sina:510880
2018-09-14,510880,,2.65,2.659,2.643,2.652,3881600.0,10289656.0,,,sina:510880
2018-09-17,510880,,2.649,2.649,2.632,2.638,6726400.0,17758647.0,,,sina:510880
2018-09-18,510880,,2.634,2.677,2.63,2.676,4775300.0,12683199.0,,,sina:510880
2018-09-19,510880,,2.676,2.719,2.669,2.711,10988606.0,29720471.0,,,sina:510880
2018-09-20,510880,,2.714,2.717,2.699,2.702,4293500.0,11621853.0,,,sina:510880
2018-09-21,510880,,2.708,2.78,2.702,2.778,9006400.0,24688834.0,,,sina:510880
2018-09-25,510880,,2.755,2.763,2.747,2.755,6366018.0,17531733.0,,,sina:510880
2018-09-26,510880,,2.76,2.809,2.758,2.775,8113300.0,22597562.0,,,sina:510880
2018-09-27,510880,,2.772,2.783,2.768,2.779,3875900.0,10759278.0,,,sina:510880
2018-09-28,510880,,2.779,2.805,2.779,2.801,5636900.0,15754211.0,,,sina:510880
2018-10-08,510880,,2.769,2.769,2.703,2.707,13441500.0,36703308.0,,,sina:510880
2018-10-09,510880,,2.707,2.717,2.696,2.699,7593100.0,20543124.0,,,sina:510880
2018-10-10,510880,,2.703,2.723,2.689,2.709,5351600.0,14478829.0,,,sina:510880
2018-10-11,510880,,2.645,2.675,2.571,2.598,35491100.0,92807351.0,,,sina:510880
2018-10-12,510880,,2.597,2.624,2.561,2.614,17905500.0,46367576.0,,,sina:510880
2018-10-15,510880,,2.623,2.624,2.567,2.575,11822900.0,30625931.0,,,sina:510880
2018-10-16,510880,,2.573,2.59,2.55,2.554,10769400.0,27671913.0,,,sina:510880
2018-10-17,510880,,2.571,2.587,2.542,2.574,10681100.0,27450095.0,,,sina:510880
2018-10-18,510880,,2.565,2.565,2.525,2.53,16203200.0,41153358.0,,,sina:510880
2018-10-19,510880,,2.519,2.589,2.5,2.587,13352853.0,33969148.0,,,sina:510880
2018-10-22,510880,,2.602,2.695,2.602,2.675,20200500.0,53741006.0,,,sina:510880
2018-10-23,510880,,2.676,2.676,2.605,2.612,19162000.0,50573059.0,,,sina:510880
2018-10-24,510880,,2.611,2.656,2.603,2.624,11226400.0,29472973.0,,,sina:510880
2018-10-25,510880,,2.58,2.625,2.554,2.621,12246800.0,31694287.0,,,sina:510880
2018-10-26,510880,,2.63,2.645,2.609,2.625,5333628.0,13989059.0,,,sina:510880
2018-10-29,510880,,2.625,2.631,2.562,2.574,13526900.0,35073596.0,,,sina:510880
2018-10-30,510880,,2.569,2.615,2.561,2.588,8594701.0,22241390.0,,,sina:510880
2018-10-31,510880,,2.598,2.622,2.592,2.616,9701300.0,25276624.0,,,sina:510880
2018-11-01,510880,,2.621,2.64,2.61,2.613,8981263.0,23616970.0,,,sina:510880
2018-11-02,510880,,2.652,2.675,2.633,2.675,13401676.0,35590320.0,,,sina:510880
2018-11-05,510880,,2.661,2.671,2.635,2.66,8988300.0,23845740.0,,,sina:510880
2018-11-06,510880,,2.659,2.66,2.64,2.656,4352100.0,11535803.0,,,sina:510880
2018-11-07,510880,,2.656,2.673,2.638,2.641,6971400.0,18505923.0,,,sina:510880
2018-11-08,510880,,2.651,2.663,2.634,2.643,9558400.0,25320289.0,,,sina:510880
2018-11-09,510880,,2.632,2.633,2.605,2.606,8721400.0,22812429.0,,,sina:510880
2018-11-12,510880,,2.603,2.636,2.6,2.636,5522601.0,14465445.0,,,sina:510880
2018-11-13,510880,,2.619,2.66,2.611,2.65,6374402.0,16815936.0,,,sina:510880
2018-11-14,510880,,2.65,2.656,2.622,2.625,6158100.0,16248563.0,,,sina:510880
2018-11-15,510880,,2.625,2.648,2.625,2.644,5025000.0,13255206.0,,,sina:510880
2018-11-16,510880,,2.65,2.665,2.638,2.65,7173676.0,19017068.0,,,sina:510880
2018-11-19,510880,,2.651,2.675,2.651,2.674,6831539.0,18198578.0,,,sina:510880
2018-11-20,510880,,2.665,2.671,2.625,2.629,9643800.0,25499755.0,,,sina:510880
2018-11-21,510880,,2.618,2.633,2.607,2.629,4723600.0,12384648.0,,,sina:510880
2018-11-22,510880,,2.632,2.636,2.61,2.62,4042200.0,10589531.0,,,sina:510880
2018-11-23,510880,,2.619,2.619,2.57,2.575,15488500.0,40076272.0,,,sina:510880
2018-11-26,510880,,2.575,2.591,2.567,2.578,6314500.0,16281537.0,,,sina:510880
2018-11-27,510880,,2.58,2.587,2.564,2.572,5631700.0,14507982.0,,,sina:510880
2018-11-28,510880,,2.57,2.589,2.558,2.588,4698200.0,12103874.0,,,sina:510880
2018-11-29,510880,,2.598,2.598,2.57,2.571,5192238.0,13414805.0,,,sina:510880
2018-11-30,510880,,2.57,2.588,2.564,2.587,5190000.0,13375615.0,,,sina:510880
2018-12-03,510880,,2.628,2.654,2.622,2.643,12109743.0,31969510.0,,,sina:510880
2018-12-04,510880,,2.644,2.653,2.63,2.649,5634244.0,14898726.0,,,sina:510880
2018-12-05,510880,,2.629,2.652,2.624,2.642,4729300.0,12490120.0,,,sina:510880
2018-12-06,510880,,2.625,2.63,2.605,2.611,7176400.0,18765518.0,,,sina:510880
2018-12-07,510880,,2.611,2.623,2.61,2.621,2562100.0,6705768.0,,,sina:510880
2018-12-10,510880,,2.615,2.62,2.6,2.607,5301700.0,13822835.0,,,sina:510880
2018-12-11,510880,,2.611,2.615,2.604,2.609,2951200.0,7699071.0,,,sina:510880
2018-12-12,510880,,2.615,2.63,2.615,2.625,3181200.0,8346053.0,,,sina:510880
2018-12-13,510880,,2.629,2.663,2.626,2.652,11186100.0,29664008.0,,,sina:510880
2018-12-14,510880,,2.65,2.653,2.634,2.636,10001700.0,26410011.0,,,sina:510880
2018-12-17,510880,,2.633,2.651,2.629,2.65,4467700.0,11796448.0,,,sina:510880
2018-12-18,510880,,2.643,2.65,2.619,2.634,6665600.0,17533955.0,,,sina:510880
2018-12-19,510880,,2.631,2.643,2.617,2.619,5137000.0,13502008.0,,,sina:510880
2018-12-20,510880,,2.616,2.63,2.589,2.604,10276300.0,26771934.0,,,sina:510880
2018-12-21,510880,,2.6,2.602,2.576,2.59,10693700.0,27634290.0,,,sina:510880
2018-12-24,510880,,2.585,2.605,2.579,2.605,5376500.0,13932059.0,,,sina:510880
2018-12-25,510880,,2.594,2.594,2.547,2.58,16294200.0,41816763.0,,,sina:510880
2018-12-26,510880,,2.578,2.589,2.574,2.582,4250900.0,10969119.0,,,sina:510880
2018-12-27,510880,,2.601,2.613,2.569,2.579,6200100.0,16062470.0,,,sina:510880
2018-12-28,510880,,2.578,2.587,2.569,2.583,6062700.0,15628483.0,,,sina:510880
2019-01-02,510880,,2.587,2.59,2.529,2.539,16917500.0,43083614.0,,,sina:510880
2019-01-03,510880,,2.535,2.557,2.529,2.532,8427900.0,21395968.0,,,sina:510880
2019-01-04,510880,,2.52,2.567,2.512,2.566,9693101.0,24688398.0,,,sina:510880
2019-01-07,510880,,2.575,2.594,2.572,2.591,7740301.0,19981101.0,,,sina:510880
2019-01-08,510880,,2.59,2.597,2.579,2.596,7366301.0,19077133.0,,,sina:510880
2019-01-09,510880,,2.596,2.639,2.596,2.608,11184900.0,29370683.0,,,sina:510880
2019-01-10,510880,,2.61,2.617,2.6,2.6,8166901.0,21295085.0,,,sina:510880
2019-01-11,510880,,2.602,2.616,2.599,2.611,5189100.0,13532694.0,,,sina:510880
2019-01-14,510880,,2.612,2.62,2.61,2.613,6062000.0,15844453.0,,,sina:510880
2019-01-15,510880,,2.614,2.635,2.605,2.631,9463800.0,24819125.0,,,sina:510880
2019-01-16,510880,,2.538,2.539,2.531,2.535,7205000.0,18262197.0,,,sina:510880
2019-01-17,510880,,2.536,2.547,2.528,2.528,6874701.0,17432913.0,,,sina:510880
2019-01-18,510880,,2.53,2.562,2.53,2.56,7131301.0,18169653.0,,,sina:510880
2019-01-21,510880,,2.565,2.578,2.562,2.571,10495800.0,26989073.0,,,sina:510880
2019-01-22,510880,,2.57,2.577,2.539,2.546,11872700.0,30319993.0,,,sina:510880
2019-01-23,510880,,2.543,2.555,2.538,2.549,3688827.0,9399613.0,,,sina:510880
2019-01-24,510880,,2.545,2.56,2.538,2.558,8090000.0,20602347.0,,,sina:510880
2019-01-25,510880,,2.558,2.576,2.558,2.566,8392100.0,21544536.0,,,sina:510880
2019-01-28,510880,,2.574,2.595,2.564,2.567,10107490.0,26050847.0,,,sina:510880
2019-01-29,510880,,2.559,2.583,2.542,2.578,11570455.0,29667602.0,,,sina:510880
2019-01-30,510880,,2.574,2.584,2.56,2.569,5942684.0,15284542.0,,,sina:510880
2019-01-31,510880,,2.571,2.594,2.571,2.585,7331076.0,18928787.0,,,sina:510880
2019-02-01,510880,,2.588,2.608,2.58,2.607,11730062.0,30414010.0,,,sina:510880
2019-02-11,510880,,2.607,2.63,2.6,2.622,16877560.0,44193557.0,,,sina:510880
2019-02-12,510880,,2.632,2.65,2.622,2.641,13756101.0,36255722.0,,,sina:510880
2019-02-13,510880,,2.643,2.689,2.64,2.672,18872602.0,50291447.0,,,sina:510880
2019-02-14,510880,,2.673,2.685,2.665,2.677,8770497.0,23445887.0,,,sina:510880
2019-02-15,510880,,2.674,2.674,2.634,2.638,12139166.0,32211539.0,,,sina:510880
2019-02-18,510880,,2.647,2.698,2.647,2.698,10353918.0,27728101.0,,,sina:510880
2019-02-19,510880,,2.7,2.716,2.682,2.694,11884218.0,32076613.0,,,sina:510880
2019-02-20,510880,,2.696,2.702,2.682,2.697,8753127.0,23579118.0,,,sina:510880
2019-02-21,510880,,2.697,2.711,2.675,2.679,11398376.0,30726652.0,,,sina:510880
2019-02-22,510880,,2.68,2.708,2.667,2.707,11249053.0,30194175.0,,,sina:510880
2019-02-25,510880,,2.713,2.827,2.713,2.825,32200990.0,88856620.0,,,sina:510880
2019-02-26,510880,,2.818,2.854,2.8,2.808,22776076.0,64268276.0,,,sina:510880
2019-02-27,510880,,2.8,2.848,2.792,2.806,14709501.0,41486327.0,,,sina:510880
2019-02-28,510880,,2.805,2.827,2.8,2.807,10027700.0,28204196.0,,,sina:510880
2019-03-01,510880,,2.816,2.836,2.799,2.835,11799176.0,33227362.0,,,sina:510880
2019-03-04,510880,,2.84,2.91,2.84,2.869,18469337.0,53018963.0,,,sina:510880
2019-03-05,510880,,2.866,2.885,2.852,2.884,12732900.0,36509479.0,,,sina:510880
2019-03-06,510880,,2.884,2.927,2.867,2.919,18930662.0,54919772.0,,,sina:510880
2019-03-07,510880,,2.916,2.926,2.885,2.91,20191302.0,58707876.0,,,sina:510880
2019-03-08,510880,,2.887,2.887,2.79,2.793,26531763.0,75256681.0,,,sina:510880
2019-03-11,510880,,2.789,2.836,2.785,2.83,12995614.0,36526821.0,,,sina:510880
2019-03-12,510880,,2.85,2.888,2.834,2.858,12646164.0,36204004.0,,,sina:510880
2019-03-13,510880,,2.858,2.864,2.833,2.837,11096063.0,31583424.0,,,sina:510880
2019-03-14,510880,,2.836,2.858,2.791,2.805,12391324.0,34899603.0,,,sina:510880
2019-03-15,510880,,2.804,2.852,2.804,2.832,9808619.0,27740597.0,,,sina:510880
2019-03-18,510880,,2.834,2.91,2.83,2.907,15883929.0,45659415.0,,,sina:510880
2019-03-19,510880,,2.909,2.927,2.891,2.904,11000228.0,31970288.0,,,sina:510880
2019-03-20,510880,,2.893,2.914,2.866,2.902,9572310.0,27653319.0,,,sina:510880
2019-03-21,510880,,2.905,2.932,2.905,2.917,12837328.0,37495253.0,,,sina:510880
2019-03-22,510880,,2.916,2.926,2.88,2.919,9566437.0,27760824.0,,,sina:510880
2019-03-25,510880,,2.871,2.913,2.871,2.876,11010600.0,31841229.0,,,sina:510880
2019-03-26,510880,,2.878,2.892,2.825,2.83,15089900.0,43039273.0,,,sina:510880
2019-03-27,510880,,2.845,2.878,2.841,2.875,9794400.0,28033924.0,,,sina:510880
2019-03-28,510880,,2.875,2.889,2.853,2.862,11554663.0,33199949.0,,,sina:510880
2019-03-29,510880,,2.862,2.926,2.845,2.919,18476300.0,53332956.0,,,sina:510880
2019-04-01,510880,,2.922,3.0,2.922,2.996,19981367.0,59497545.0,,,sina:510880
2019-04-02,510880,,3.007,3.014,2.988,2.994,11909066.0,35741667.0,,,sina:510880
2019-04-03,510880,,2.99,3.03,2.962,3.026,10899463.0,32703705.0,,,sina:510880
2019-04-04,510880,,3.043,3.068,3.03,3.061,11513230.0,35141505.0,,,sina:510880
2019-04-08,510880,,3.07,3.093,3.031,3.076,17567869.0,53863859.0,,,sina:510880
2019-04-09,510880,,3.07,3.08,3.055,3.069,7148706.0,21938531.0,,,sina:510880
2019-04-10,510880,,3.06,3.082,3.037,3.062,7483800.0,22860270.0,,,sina:510880
2019-04-11,510880,,3.062,3.077,3.021,3.035,9470800.0,28870634.0,,,sina:510880
2019-04-12,510880,,3.03,3.031,2.993,3.011,9970400.0,30010571.0,,,sina:510880
2019-04-15,510880,,3.06,3.065,3.001,3.005,12220583.0,37174207.0,,,sina:510880
2019-04-16,510880,,2.999,3.045,2.965,3.045,16714339.0,50138597.0,,,sina:510880
2019-04-17,510880,,3.044,3.059,3.022,3.049,12241800.0,37252116.0,,,sina:510880
2019-04-18,510880,,3.05,3.05,3.022,3.025,6874500.0,20861899.0,,,sina:510880
2019-04-19,510880,,3.025,3.04,3.002,3.032,7292400.0,22040679.0,,,sina:510880
2019-04-22,510880,,3.035,3.038,2.97,2.972,15326600.0,45867857.0,,,sina:510880
2019-04-23,510880,,2.97,2.974,2.941,2.945,14316900.0,42322795.0,,,sina:510880
2019-04-24,510880,,2.945,2.969,2.933,2.966,10377706.0,30686316.0,,,sina:510880
2019-04-25,510880,,2.965,2.965,2.896,2.899,17306100.0,50502739.0,,,sina:510880
2019-04-26,510880,,2.898,2.898,2.861,2.865,17183004.0,49438124.0,,,sina:510880
2019-04-29,510880,,2.865,2.883,2.846,2.847,14758370.0,42265402.0,,,sina:510880
2019-04-30,510880,,2.849,2.877,2.845,2.874,9953701.0,28485509.0,,,sina:510880
2019-05-06,510880,,2.831,2.835,2.71,2.741,37469300.0,103606677.0,,,sina:510880
2019-05-07,510880,,2.746,2.779,2.746,2.771,15909220.0,43976252.0,,,sina:510880
2019-05-08,510880,,2.741,2.773,2.72,2.741,15231121.0,41804381.0,,,sina:510880
2019-05-09,510880,,2.727,2.736,2.698,2.7,18154000.0,49248658.0,,,sina:510880
2019-05-10,510880,,2.715,2.763,2.677,2.76,20818606.0,56921456.0,,,sina:510880
2019-05-13,510880,,2.72,2.739,2.715,2.722,11791900.0,32139558.0,,,sina:510880
2019-05-14,510880,,2.712,2.722,2.699,2.706,11340800.0,30751233.0,,,sina:510880
2019-05-15,510880,,2.719,2.753,2.718,2.747,11277200.0,30849940.0,,,sina:510880
2019-05-16,510880,,2.747,2.763,2.721,2.76,8048200.0,22156407.0,,,sina:510880
2019-05-17,510880,,2.76,2.767,2.701,2.704,13760800.0,37483837.0,,,sina:510880
2019-05-20,510880,,2.704,2.715,2.672,2.691,11411600.0,30662879.0,,,sina:510880
2019-05-21,510880,,2.696,2.733,2.689,2.718,9076000.0,24648934.0,,,sina:510880
2019-05-22,510880,,2.717,2.725,2.703,2.715,5255600.0,14267884.0,,,sina:510880
2019-05-23,510880,,2.709,2.709,2.685,2.687,12771400.0,34408987.0,,,sina:510880
2019-05-24,510880,,2.689,2.7,2.68,2.687,9506101.0,25543600.0,,,sina:510880
2019-05-27,510880,,2.687,2.715,2.671,2.714,10899806.0,29347967.0,,,sina:510880
2019-05-28,510880,,2.714,2.737,2.706,2.715,9953606.0,27103626.0,,,sina:510880
2019-05-29,510880,,2.715,2.727,2.711,2.718,6368555.0,17308899.0,,,sina:510880
2019-05-30,510880,,2.714,2.718,2.699,2.718,6555000.0,17737385.0,,,sina:510880
2019-05-31,510880,,2.717,2.73,2.71,2.713,5186200.0,14103418.0,,,sina:510880
2019-06-03,510880,,2.721,2.729,2.695,2.701,8375100.0,22695758.0,,,sina:510880
2019-06-04,510880,,2.7,2.701,2.688,2.691,6903800.0,18585086.0,,,sina:510880
2019-06-05,510880,,2.711,2.718,2.698,2.702,8916800.0,24119471.0,,,sina:510880
2019-06-06,510880,,2.7,2.7,2.675,2.675,11291600.0,30304556.0,,,sina:510880
2019-06-10,510880,,2.685,2.712,2.681,2.699,5803000.0,15662269.0,,,sina:510880
2019-06-11,510880,,2.703,2.76,2.701,2.759,16138607.0,44160779.0,,,sina:510880
2019-06-12,510880,,2.756,2.756,2.736,2.741,6356907.0,17443779.0,,,sina:510880
2019-06-13,510880,,2.74,2.741,2.715,2.732,8634900.0,23567496.0,,,sina:510880
2019-06-14,510880,,2.726,2.74,2.707,2.708,7694200.0,20937719.0,,,sina:510880
2019-06-17,510880,,2.708,2.726,2.702,2.716,5010882.0,13610065.0,,,sina:510880
2019-06-18,510880,,2.717,2.724,2.712,2.719,6167600.0,16757763.0,,,sina:510880
2019-06-19,510880,,2.757,2.768,2.738,2.738,12744082.0,35039584.0,,,sina:510880
2019-06-20,510880,,2.738,2.796,2.735,2.786,19752251.0,54629865.0,,,sina:510880
2019-06-21,510880,,2.786,2.803,2.781,2.792,10202745.0,28488506.0,,,sina:510880
2019-06-24,510880,,2.792,2.797,2.783,2.794,9740500.0,27183325.0,,,sina:510880
2019-06-25,510880,,2.793,2.795,2.751,2.769,9426145.0,26088819.0,,,sina:510880
2019-06-26,510880,,2.764,2.781,2.76,2.775,5262345.0,14591724.0,,,sina:510880
2019-06-27,510880,,2.777,2.805,2.777,2.797,8125745.0,22725421.0,,,sina:510880
2019-06-28,510880,,2.797,2.799,2.774,2.786,13669000.0,37996781.0,,,sina:510880
2019-07-01,510880,,2.83,2.83,2.813,2.826,11400653.0,32176883.0,,,sina:510880
2019-07-02,510880,,2.825,2.841,2.819,2.839,10101501.0,28588185.0,,,sina:510880
2019-07-03,510880,,2.838,2.845,2.828,2.841,7831800.0,22217373.0,,,sina:510880
2019-07-04,510880,,2.838,2.856,2.83,2.838,8374201.0,23820866.0,,,sina:510880
2019-07-05,510880,,2.839,2.847,2.827,2.843,3523300.0,9995864.0,,,sina:510880
2019-07-08,510880,,2.837,2.843,2.771,2.782,12843400.0,35863775.0,,,sina:510880
2019-07-09,510880,,2.781,2.792,2.775,2.779,5234700.0,14558709.0,,,sina:510880
2019-07-10,510880,,2.779,2.788,2.758,2.763,6389000.0,17695529.0,,,sina:510880
2019-07-11,510880,,2.768,2.784,2.758,2.764,7109800.0,19687326.0,,,sina:510880
2019-07-12,510880,,2.767,2.78,2.76,2.777,3754721.0,10414967.0,,,sina:510880
2019-07-15,510880,,2.776,2.787,2.736,2.778,6603121.0,18220808.0,,,sina:510880
2019-07-16,510880,,2.777,2.785,2.771,2.78,4029128.0,11195543.0,,,sina:510880
2019-07-17,510880,,2.777,2.784,2.768,2.777,3290300.0,9140199.0,,,sina:510880
2019-07-18,510880,,2.771,2.771,2.751,2.751,6934300.0,19122846.0,,,sina:510880
2019-07-19,510880,,2.75,2.779,2.75,2.768,4148700.0,11478627.0,,,sina:510880
2019-07-22,510880,,2.768,2.776,2.742,2.747,6271000.0,17267514.0,,,sina:510880
2019-07-23,510880,,2.75,2.759,2.748,2.758,3454200.0,9511079.0,,,sina:510880
2019-07-24,510880,,2.76,2.788,2.76,2.779,5701200.0,15853472.0,,,sina:510880
2019-07-25,510880,,2.781,2.795,2.78,2.794,5254800.0,14649366.0,,,sina:510880
2019-07-26,510880,,2.793,2.808,2.787,2.805,5704900.0,15958721.0,,,sina:510880
2019-07-29,510880,,2.805,2.812,2.8,2.81,5855200.0,16437983.0,,,sina:510880
2019-07-30,510880,,2.808,2.834,2.808,2.826,4585400.0,12957256.0,,,sina:510880
2019-07-31,510880,,2.822,2.822,2.803,2.808,4439200.0,12470634.0,,,sina:510880
2019-08-01,510880,,2.805,2.805,2.781,2.787,5762000.0,16078977.0,,,sina:510880
2019-08-02,510880,,2.749,2.753,2.741,2.751,15467300.0,42477397.0,,,sina:510880
2019-08-05,510880,,2.747,2.747,2.703,2.706,15845700.0,43107292.0,,,sina:510880
2019-08-06,510880,,2.68,2.682,2.63,2.66,20316200.0,53981178.0,,,sina:510880
2019-08-07,510880,,2.667,2.67,2.652,2.652,7581100.0,20166129.0,,,sina:510880
2019-08-08,510880,,2.661,2.677,2.661,2.673,5337200.0,14252062.0,,,sina:510880
2019-08-09,510880,,2.683,2.685,2.666,2.675,8503200.0,22741169.0,,,sina:510880
2019-08-12,510880,,2.674,2.704,2.67,2.704,5731200.0,15395697.0,,,sina:510880
2019-08-13,510880,,2.694,2.694,2.685,2.688,5568300.0,14969555.0,,,sina:510880
2019-08-14,510880,,2.703,2.719,2.692,2.694,6531200.0,17674501.0,,,sina:510880
2019-08-15,510880,,2.672,2.711,2.657,2.708,6292800.0,16908254.0,,,sina:510880
2019-08-16,510880,,2.712,2.719,2.702,2.709,5145800.0,13946322.0,,,sina:510880
2019-08-19,510880,,2.711,2.754,2.711,2.753,10329821.0,28256522.0,,,sina:510880
2019-08-20,510880,,2.754,2.76,2.744,2.759,7522221.0,20702403.0,,,sina:510880
2019-08-21,510880,,2.757,2.763,2.751,2.758,4496500.0,12398310.0,,,sina:510880
2019-08-22,510880,,2.758,2.76,2.741,2.75,6121200.0,16819855.0,,,sina:510880
2019-08-23,510880,,2.75,2.76,2.741,2.757,8899399.0,24481652.0,,,sina:510880
2019-08-26,510880,,2.73,2.748,2.721,2.744,6815923.0,18642233.0,,,sina:510880
2019-08-27,510880,,2.744,2.789,2.742,2.78,12087000.0,33521612.0,,,sina:510880
2019-08-28,510880,,2.774,2.781,2.761,2.767,5860100.0,16229891.0,,,sina:510880
2019-08-29,510880,,2.77,2.772,2.747,2.754,6433200.0,17719684.0,,,sina:510880
2019-08-30,510880,,2.762,2.773,2.736,2.739,9372901.0,25820809.0,,,sina:510880
2019-09-02,510880,,2.741,2.78,2.741,2.77,7149500.0,19779892.0,,,sina:510880
2019-09-03,510880,,2.771,2.779,2.767,2.779,4407500.0,12214883.0,,,sina:510880
2019-09-04,510880,,2.779,2.818,2.776,2.815,8658002.0,24209026.0,,,sina:510880
2019-09-05,510880,,2.825,2.866,2.824,2.838,12417900.0,35393477.0,,,sina:510880
2019-09-06,510880,,2.84,2.852,2.836,2.85,7628900.0,21704300.0,,,sina:510880
2019-09-09,510880,,2.87,2.877,2.855,2.864,6233900.0,17839173.0,,,sina:510880
2019-09-10,510880,,2.864,2.865,2.847,2.855,4972306.0,14181160.0,,,sina:510880
2019-09-11,510880,,2.859,2.863,2.847,2.849,6822006.0,19462514.0,,,sina:510880
2019-09-12,510880,,2.85,2.872,2.85,2.866,5873000.0,16807249.0,,,sina:510880
2019-09-16,510880,,2.869,2.881,2.867,2.875,6651600.0,19121274.0,,,sina:510880
2019-09-17,510880,,2.873,2.873,2.83,2.84,7858640.0,22380682.0,,,sina:510880
2019-09-18,510880,,2.842,2.848,2.838,2.843,3842000.0,10917302.0,,,sina:510880
2019-09-19,510880,,2.842,2.846,2.834,2.846,2934876.0,8337154.0,,,sina:510880
2019-09-20,510880,,2.847,2.853,2.844,2.847,3212776.0,9150487.0,,,sina:510880
2019-09-23,510880,,2.845,2.846,2.806,2.819,7401253.0,20841669.0,,,sina:510880
2019-09-24,510880,,2.822,2.838,2.816,2.822,4732500.0,13370587.0,,,sina:510880
2019-09-25,510880,,2.822,2.822,2.793,2.795,6489500.0,18174404.0,,,sina:510880
2019-09-26,510880,,2.799,2.809,2.79,2.795,6083700.0,17019123.0,,,sina:510880
2019-09-27,510880,,2.795,2.797,2.776,2.781,7613100.0,21180059.0,,,sina:510880
2019-09-30,510880,,2.779,2.782,2.756,2.763,9006600.0,24952577.0,,,sina:510880
2019-10-08,510880,,2.766,2.78,2.758,2.773,5939255.0,16456234.0,,,sina:510880
2019-10-09,510880,,2.768,2.798,2.761,2.795,5526900.0,15394187.0,,,sina:510880
2019-10-10,510880,,2.796,2.808,2.795,2.807,5682655.0,15915777.0,,,sina:510880
2019-10-11,510880,,2.811,2.842,2.811,2.836,9632155.0,27220660.0,,,sina:510880
2019-10-14,510880,,2.841,2.877,2.841,2.862,11154208.0,31933959.0,,,sina:510880
2019-10-15,510880,,2.861,2.864,2.844,2.849,5261453.0,15001217.0,,,sina:510880
2019-10-16,510880,,2.845,2.868,2.839,2.842,5507953.0,15690843.0,,,sina:510880
2019-10-17,510880,,2.831,2.842,2.821,2.827,4690053.0,13275149.0,,,sina:510880
2019-10-18,510880,,2.83,2.838,2.789,2.798,8946211.0,25126581.0,,,sina:510880
2019-10-21,510880,,2.797,2.808,2.782,2.803,5869243.0,16409816.0,,,sina:510880
2019-10-22,510880,,2.804,2.809,2.792,2.807,6054900.0,16957233.0,,,sina:510880
2019-10-23,510880,,2.807,2.81,2.796,2.802,3895200.0,10921840.0,,,sina:510880
2019-10-24,510880,,2.798,2.813,2.794,2.807,3712506.0,10410815.0,,,sina:510880
2019-10-25,510880,,2.805,2.81,2.787,2.81,5371353.0,15035453.0,,,sina:510880
2019-10-28,510880,,2.809,2.822,2.809,2.82,9273401.0,26110860.0,,,sina:510880
2019-10-29,510880,,2.82,2.82,2.808,2.808,5480100.0,15408423.0,,,sina:510880
2019-10-30,510880,,2.805,2.805,2.772,2.777,11233901.0,31241138.0,,,sina:510880
2019-10-31,510880,,2.777,2.778,2.761,2.765,8996455.0,24917226.0,,,sina:510880
2019-11-01,510880,,2.762,2.791,2.756,2.789,7617755.0,21140051.0,,,sina:510880
2019-11-04,510880,,2.79,2.805,2.785,2.797,7668443.0,21466841.0,,,sina:510880
2019-11-05,510880,,2.801,2.828,2.794,2.811,9269481.0,26049067.0,,,sina:510880
2019-11-06,510880,,2.811,2.811,2.79,2.794,6579183.0,18430862.0,,,sina:510880
2019-11-07,510880,,2.794,2.807,2.793,2.801,4931692.0,13803365.0,,,sina:510880
2019-11-08,510880,,2.82,2.821,2.787,2.791,6967800.0,19519797.0,,,sina:510880
2019-11-11,510880,,2.785,2.785,2.739,2.74,22050900.0,60754919.0,,,sina:510880
2019-11-12,510880,,2.74,2.747,2.73,2.745,10019353.0,27453927.0,,,sina:510880
2019-11-13,510880,,2.742,2.742,2.728,2.732,9563200.0,26134995.0,,,sina:510880
2019-11-14,510880,,2.732,2.734,2.723,2.73,6215200.0,16961019.0,,,sina:510880
2019-11-15,510880,,2.73,2.733,2.715,2.715,10174100.0,27705193.0,,,sina:510880
2019-11-18,510880,,2.717,2.73,2.703,2.729,8403398.0,22819153.0,,,sina:510880
2019-11-19,510880,,2.734,2.751,2.728,2.75,7039700.0,19317838.0,,,sina:510880
2019-11-20,510880,,2.751,2.754,2.736,2.738,15329500.0,42057178.0,,,sina:510880
2019-11-21,510880,,2.735,2.741,2.725,2.736,4473300.0,12231808.0,,,sina:510880
2019-11-22,510880,,2.74,2.756,2.729,2.738,6952800.0,19048943.0,,,sina:510880
2019-11-25,510880,,2.738,2.774,2.737,2.769,12577100.0,34674320.0,,,sina:510880
2019-11-26,510880,,2.778,2.779,2.76,2.763,5616800.0,15538104.0,,,sina:510880
2019-11-27,510880,,2.763,2.767,2.752,2.757,4552210.0,12560721.0,,,sina:510880
2019-11-28,510880,,2.755,2.761,2.747,2.75,6077400.0,16718403.0,,,sina:510880
2019-11-29,510880,,2.747,2.755,2.738,2.744,6125630.0,16811716.0,,,sina:510880
2019-12-02,510880,,2.743,2.763,2.743,2.752,7437600.0,20488274.0,,,sina:510880
2019-12-03,510880,,2.75,2.756,2.739,2.755,5204803.0,14296265.0,,,sina:510880
2019-12-04,510880,,2.745,2.754,2.734,2.741,7520901.0,20616694.0,,,sina:510880
2019-12-05,510880,,2.747,2.757,2.744,2.754,14268211.0,39255705.0,,,sina:510880
2019-12-06,510880,,2.753,2.756,2.741,2.749,8493800.0,23331690.0,,,sina:510880
2019-12-09,510880,,2.748,2.767,2.748,2.765,10090000.0,27829928.0,,,sina:510880
2019-12-10,510880,,2.765,2.772,2.762,2.772,8416290.0,23279552.0,,,sina:510880
2019-12-11,510880,,2.772,2.791,2.772,2.787,20977900.0,58434315.0,,,sina:510880
2019-12-12,510880,,2.787,2.79,2.781,2.786,7917750.0,22050409.0,,,sina:510880
2019-12-13,510880,,2.798,2.821,2.798,2.817,12437900.0,34946634.0,,,sina:510880
2019-12-16,510880,,2.826,2.842,2.825,2.841,13949249.0,39520761.0,,,sina:510880
2019-12-17,510880,,2.841,2.878,2.832,2.86,19326500.0,55181057.0,,,sina:510880
2019-12-18,510880,,2.86,2.871,2.852,2.855,12622800.0,36127960.0,,,sina:510880
2019-12-19,510880,,2.858,2.865,2.854,2.863,13892591.0,39725148.0,,,sina:510880
2019-12-20,510880,,2.865,2.867,2.846,2.848,11431000.0,32658865.0,,,sina:510880
2019-12-23,510880,,2.848,2.851,2.814,2.817,14617300.0,41409669.0,,,sina:510880
2019-12-24,510880,,2.818,2.826,2.806,2.825,14149300.0,39826822.0,,,sina:510880
2019-12-25,510880,,2.825,2.827,2.815,2.825,8047400.0,22709711.0,,,sina:510880
2019-12-26,510880,,2.827,2.854,2.826,2.853,7753852.0,22034426.0,,,sina:510880
2019-12-27,510880,,2.855,2.873,2.855,2.855,12930400.0,37016129.0,,,sina:510880
2019-12-30,510880,,2.853,2.88,2.846,2.879,14370501.0,41197181.0,,,sina:510880
2019-12-31,510880,,2.879,2.9,2.875,2.897,13474858.0,38845525.0,,,sina:510880
2020-01-02,510880,,2.91,2.943,2.91,2.934,21465600.0,62973571.0,,,sina:510880
2020-01-03,510880,,2.934,2.939,2.918,2.927,18358800.0,53770238.0,,,sina:510880
2020-01-06,510880,,2.923,2.945,2.916,2.921,15483437.0,45362862.0,,,sina:510880
2020-01-07,510880,,2.919,2.942,2.919,2.941,11067900.0,32464817.0,,,sina:510880
2020-01-08,510880,,2.939,2.939,2.914,2.921,33632500.0,98451932.0,,,sina:510880
2020-01-09,510880,,2.93,2.946,2.93,2.944,30841600.0,90678072.0,,,sina:510880
2020-01-10,510880,,2.946,2.951,2.923,2.935,27117800.0,79515320.0,,,sina:510880
2020-01-13,510880,,2.936,2.948,2.923,2.946,15377228.0,45113383.0,,,sina:510880
2020-01-14,510880,,2.954,2.966,2.951,2.961,33683100.0,99691694.0,,,sina:510880
2020-01-15,510880,,2.959,2.962,2.935,2.951,27896176.0,82198875.0,,,sina:510880
2020-01-16,510880,,2.951,2.954,2.939,2.947,13418300.0,39505598.0,,,sina:510880
2020-01-17,510880,,2.8,2.816,2.78,2.784,50045800.0,139739876.0,,,sina:510880
2020-01-20,510880,,2.784,2.789,2.77,2.784,17899418.0,49786068.0,,,sina:510880
2020-01-21,510880,,2.784,2.8,2.731,2.733,37772200.0,103736489.0,,,sina:510880
2020-01-22,510880,,2.732,2.742,2.694,2.729,28097100.0,76434952.0,,,sina:510880
2020-01-23,510880,,2.72,2.73,2.649,2.667,52207000.0,140102816.0,,,sina:510880
2020-02-03,510880,,2.456,2.456,2.41,2.418,112035245.0,273345272.0,,,sina:510880
2020-02-04,510880,,2.418,2.483,2.413,2.482,48179164.0,118270914.0,,,sina:510880
2020-02-05,510880,,2.483,2.533,2.476,2.514,48715800.0,122103113.0,,,sina:510880
2020-02-06,510880,,2.516,2.53,2.49,2.52,40017228.0,100369276.0,,,sina:510880
2020-02-07,510880,,2.513,2.515,2.49,2.514,28510302.0,71327681.0,,,sina:510880
2020-02-10,510880,,2.513,2.558,2.496,2.557,48961841.0,123865009.0,,,sina:510880
2020-02-11,510880,,2.563,2.585,2.553,2.571,23276100.0,59931699.0,,,sina:510880
2020-02-12,510880,,2.571,2.578,2.557,2.578,15841800.0,40669799.0,,,sina:510880
2020-02-13,510880,,2.576,2.581,2.56,2.562,16242100.0,41735460.0,,,sina:510880
2020-02-14,510880,,2.559,2.578,2.558,2.577,13772501.0,35369095.0,,,sina:510880
2020-02-17,510880,,2.577,2.623,2.577,2.622,20454525.0,53193444.0,,,sina:510880
2020-02-18,510880,,2.623,2.635,2.612,2.624,19276778.0,50549235.0,,,sina:510880
2020-02-19,510880,,2.623,2.634,2.615,2.622,16729928.0,43943939.0,,,sina:510880
2020-02-20,510880,,2.622,2.659,2.619,2.658,27621300.0,72937111.0,,,sina:510880
2020-02-21,510880,,2.658,2.692,2.655,2.674,34861600.0,93242672.0,,,sina:510880
2020-02-24,510880,,2.672,2.672,2.638,2.656,29550843.0,78397388.0,,,sina:510880
2020-02-25,510880,,2.625,2.626,2.58,2.622,32986360.0,86201915.0,,,sina:510880
2020-02-26,510880,,2.59,2.661,2.59,2.629,29497556.0,77769726.0,,,sina:510880
2020-02-27,510880,,2.634,2.652,2.625,2.631,15448549.0,40738834.0,,,sina:510880
2020-02-28,510880,,2.6,2.601,2.545,2.558,45632100.0,117307850.0,,,sina:510880
2020-03-02,510880,,2.559,2.644,2.559,2.637,25554100.0,66931760.0,,,sina:510880
2020-03-03,510880,,2.66,2.68,2.628,2.644,27956618.0,74123983.0,,,sina:510880
2020-03-04,510880,,2.637,2.669,2.629,2.668,19448548.0,51504815.0,,,sina:510880
2020-03-05,510880,,2.675,2.696,2.672,2.69,26597931.0,71445259.0,,,sina:510880
2020-03-06,510880,,2.675,2.675,2.655,2.667,15650597.0,41700405.0,,,sina:510880
2020-03-09,510880,,2.621,2.63,2.593,2.596,30188173.0,78723001.0,,,sina:510880
2020-03-10,510880,,2.59,2.639,2.578,2.633,24092650.0,62780319.0,,,sina:510880
2020-03-11,510880,,2.633,2.643,2.616,2.617,28118900.0,73949018.0,,,sina:510880
2020-03-12,510880,,2.597,2.598,2.568,2.576,47657300.0,123026418.0,,,sina:510880
2020-03-13,510880,,2.5,2.552,2.471,2.532,49634650.0,123932274.0,,,sina:510880
2020-03-16,510880,,2.535,2.563,2.466,2.474,70245868.0,175597107.0,,,sina:510880
2020-03-17,510880,,2.475,2.5,2.415,2.451,68388262.0,167649515.0,,,sina:510880
2020-03-18,510880,,2.461,2.482,2.418,2.425,21863200.0,53621865.0,,,sina:510880
2020-03-19,510880,,2.42,2.424,2.346,2.382,68702263.0,163124920.0,,,sina:510880
2020-03-20,510880,,2.392,2.408,2.375,2.407,45074183.0,107946086.0,,,sina:510880
2020-03-23,510880,,2.369,2.369,2.326,2.332,49328364.0,115581757.0,,,sina:510880
2020-03-24,510880,,2.368,2.378,2.341,2.374,17001240.0,40135107.0,,,sina:510880
2020-03-25,510880,,2.412,2.438,2.408,2.431,19826541.0,47980377.0,,,sina:510880
2020-03-26,510880,,2.428,2.43,2.411,2.413,11516199.0,27863057.0,,,sina:510880
2020-03-27,510880,,2.433,2.449,2.423,2.426,13388400.0,32569254.0,,,sina:510880
2020-03-30,510880,,2.408,2.415,2.386,2.404,11349053.0,27207591.0,,,sina:510880
2020-03-31,510880,,2.418,2.424,2.397,2.399,11625840.0,27981641.0,,,sina:510880
2020-04-01,510880,,2.399,2.412,2.383,2.383,15514879.0,37211015.0,,,sina:510880
2020-04-02,510880,,2.38,2.411,2.35,2.409,9669171.0,23115621.0,,,sina:510880
2020-04-03,510880,,2.409,2.414,2.393,2.402,11607900.0,27870440.0,,,sina:510880
2020-04-07,510880,,2.424,2.439,2.422,2.437,29299431.0,71197076.0,,,sina:510880
2020-04-08,510880,,2.434,2.439,2.424,2.438,17540055.0,42638473.0,,,sina:510880
2020-04-09,510880,,2.44,2.448,2.436,2.437,10279134.0,25092264.0,,,sina:510880
2020-04-10,510880,,2.437,2.443,2.415,2.42,12059576.0,29270705.0,,,sina:510880
2020-04-13,510880,,2.42,2.421,2.401,2.41,14483012.0,34854720.0,,,sina:510880
2020-04-14,510880,,2.413,2.435,2.413,2.434,8102577.0,19635709.0,,,sina:510880
2020-04-15,510880,,2.436,2.439,2.421,2.425,10541901.0,25590180.0,,,sina:510880
2020-04-16,510880,,2.421,2.424,2.41,2.417,7619700.0,18407450.0,,,sina:510880
2020-04-17,510880,,2.424,2.435,2.421,2.424,11883921.0,28853016.0,,,sina:510880
2020-04-20,510880,,2.424,2.428,2.416,2.427,7853968.0,19036158.0,,,sina:510880
2020-04-21,510880,,2.426,2.426,2.397,2.411,15734320.0,37874121.0,,,sina:510880
2020-04-22,510880,,2.404,2.413,2.394,2.412,10132561.0,24349178.0,,,sina:510880
2020-04-23,510880,,2.413,2.417,2.403,2.404,7994500.0,19257913.0,,,sina:510880
2020-04-24,510880,,2.403,2.404,2.382,2.386,37980200.0,90883924.0,,,sina:510880
2020-04-27,510880,,2.387,2.401,2.386,2.397,10356299.0,24798664.0,,,sina:510880
2020-04-28,510880,,2.395,2.396,2.346,2.379,17382100.0,41270508.0,,,sina:510880
2020-04-29,510880,,2.378,2.416,2.375,2.411,48644250.0,117150978.0,,,sina:510880
2020-04-30,510880,,2.413,2.452,2.413,2.452,19040569.0,46484089.0,,,sina:510880
2020-05-06,510880,,2.442,2.451,2.422,2.451,13009169.0,31727833.0,,,sina:510880
2020-05-07,510880,,2.451,2.455,2.44,2.452,10075828.0,24666261.0,,,sina:510880
2020-05-08,510880,,2.453,2.472,2.453,2.469,11128490.0,27419101.0,,,sina:510880
2020-05-11,510880,,2.469,2.483,2.457,2.467,21041200.0,51939193.0,,,sina:510880
2020-05-12,510880,,2.467,2.469,2.446,2.456,10720100.0,26317435.0,,,sina:510880
2020-05-13,510880,,2.45,2.461,2.441,2.458,9637900.0,23617878.0,,,sina:510880
2020-05-14,510880,,2.458,2.459,2.434,2.434,77861700.0,190026189.0,,,sina:510880
2020-05-15,510880,,2.436,2.444,2.427,2.429,25505300.0,62064873.0,,,sina:510880
2020-05-18,510880,,2.43,2.436,2.422,2.429,8652600.0,21022955.0,,,sina:510880
2020-05-19,510880,,2.435,2.446,2.431,2.437,6950400.0,16948798.0,,,sina:510880
2020-05-20,510880,,2.437,2.438,2.419,2.421,13320500.0,32309727.0,,,sina:510880
2020-05-21,510880,,2.422,2.427,2.41,2.413,9665100.0,23388835.0,,,sina:510880
2020-05-22,510880,,2.414,2.415,2.371,2.379,27280200.0,65090336.0,,,sina:510880
2020-05-25,510880,,2.379,2.38,2.364,2.378,9989000.0,23696059.0,,,sina:510880
2020-05-26,510880,,2.38,2.391,2.379,2.39,7941076.0,18940283.0,,,sina:510880
2020-05-27,510880,,2.391,2.408,2.389,2.402,26009376.0,62509329.0,,,sina:510880
2020-05-28,510880,,2.402,2.414,2.391,2.406,26277401.0,63106460.0,,,sina:510880
2020-05-29,510880,,2.403,2.403,2.386,2.392,9977137.0,23868146.0,,,sina:510880
2020-06-01,510880,,2.392,2.433,2.392,2.432,21745950.0,52608255.0,,,sina:510880
2020-06-02,510880,,2.432,2.443,2.43,2.438,14063069.0,34259832.0,,,sina:510880
2020-06-03,510880,,2.445,2.465,2.445,2.448,13050798.0,32075021.0,,,sina:510880
2020-06-04,510880,,2.467,2.469,2.45,2.459,16885371.0,41494345.0,,,sina:510880
2020-06-05,510880,,2.459,2.459,2.436,2.444,9975000.0,24373943.0,,,sina:510880
2020-06-08,510880,,2.446,2.46,2.446,2.454,10981565.0,26947076.0,,,sina:510880
2020-06-09,510880,,2.454,2.462,2.454,2.46,9353999.0,22998635.0,,,sina:510880
2020-06-10,510880,,2.46,2.461,2.446,2.45,7905475.0,19367438.0,,,sina:510880
2020-06-11,510880,,2.452,2.453,2.43,2.433,16735794.0,40868325.0,,,sina:510880
2020-06-12,510880,,2.42,2.431,2.401,2.43,7978310.0,19284839.0,,,sina:510880
2020-06-15,510880,,2.43,2.431,2.411,2.414,10970301.0,26533394.0,,,sina:510880
2020-06-16,510880,,2.42,2.444,2.42,2.442,10908326.0,26556886.0,,,sina:510880
2020-06-17,510880,,2.442,2.456,2.441,2.45,8927254.0,21854047.0,,,sina:510880
2020-06-18,510880,,2.45,2.477,2.444,2.471,17106447.0,42231964.0,,,sina:510880
2020-06-19,510880,,2.471,2.473,2.462,2.468,11886817.0,29317250.0,,,sina:510880
2020-06-22,510880,,2.468,2.47,2.453,2.456,13525131.0,33299644.0,,,sina:510880
2020-06-23,510880,,2.456,2.456,2.442,2.447,10342342.0,25303913.0,,,sina:510880
2020-06-24,510880,,2.448,2.455,2.446,2.45,10856442.0,26594894.0,,,sina:510880
2020-06-29,510880,,2.45,2.45,2.429,2.432,19448400.0,47366741.0,,,sina:510880
2020-06-30,510880,,2.436,2.451,2.436,2.449,15570536.0,38082316.0,,,sina:510880
2020-07-01,510880,,2.451,2.49,2.451,2.489,29737649.0,73582846.0,,,sina:510880
2020-07-02,510880,,2.49,2.548,2.48,2.546,30811623.0,77790752.0,,,sina:510880
2020-07-03,510880,,2.55,2.591,2.55,2.583,32670780.0,84128419.0,,,sina:510880
2020-07-06,510880,,2.597,2.773,2.597,2.766,124745179.0,335636633.0,,,sina:510880
2020-07-07,510880,,2.783,2.853,2.71,2.723,98402743.0,271302252.0,,,sina:510880
2020-07-08,510880,,2.724,2.766,2.695,2.763,47165112.0,128657329.0,,,sina:510880
2020-07-09,510880,,2.76,2.782,2.726,2.775,42765544.0,117747755.0,,,sina:510880
2020-07-10,510880,,2.775,2.775,2.7,2.713,37008709.0,101117270.0,,,sina:510880
2020-07-13,510880,,2.712,2.774,2.705,2.766,38728155.0,106373636.0,,,sina:510880
2020-07-14,510880,,2.768,2.793,2.712,2.75,30940007.0,85222858.0,,,sina:510880
2020-07-15,510880,,2.76,2.766,2.685,2.71,34679511.0,94254557.0,,,sina:510880
2020-07-16,510880,,2.71,2.732,2.636,2.638,58599094.0,157999641.0,,,sina:510880
2020-07-17,510880,,2.639,2.67,2.62,2.64,29394901.0,77658678.0,,,sina:510880
2020-07-20,510880,,2.644,2.744,2.644,2.741,38802901.0,105211891.0,,,sina:510880
2020-07-21,510880,,2.745,2.756,2.725,2.734,23558385.0,64526973.0,,,sina:510880
2020-07-22,510880,,2.734,2.767,2.731,2.735,28182310.0,77405401.0,,,sina:510880
2020-07-23,510880,,2.732,2.732,2.662,2.702,23980259.0,64632557.0,,,sina:510880
2020-07-24,510880,,2.702,2.703,2.608,2.625,30262153.0,80259980.0,,,sina:510880
2020-07-27,510880,,2.625,2.64,2.597,2.612,17652155.0,46116246.0,,,sina:510880
2020-07-28,510880,,2.614,2.643,2.614,2.631,13779755.0,36238028.0,,,sina:510880
2020-07-29,510880,,2.622,2.667,2.613,2.662,18831000.0,49853066.0,,,sina:510880
2020-07-30,510880,,2.674,2.685,2.663,2.664,14300005.0,38197043.0,,,sina:510880
2020-07-31,510880,,2.665,2.7,2.66,2.683,16872600.0,45235326.0,,,sina:510880
2020-08-03,510880,,2.702,2.746,2.702,2.744,38991010.0,106396095.0,,,sina:510880
2020-08-04,510880,,2.758,2.765,2.73,2.745,34065113.0,93639375.0,,,sina:510880
2020-08-05,510880,,2.745,2.745,2.708,2.73,11912412.0,32472526.0,,,sina:510880
2020-08-06,510880,,2.731,2.747,2.714,2.743,22095712.0,60406271.0,,,sina:510880
2020-08-07,510880,,2.743,2.743,2.71,2.738,26491100.0,72247637.0,,,sina:510880
2020-08-10,510880,,2.74,2.777,2.74,2.77,51219000.0,141510518.0,,,sina:510880
2020-08-11,510880,,2.77,2.798,2.75,2.757,38725738.0,107374357.0,,,sina:510880
2020-08-12,510880,,2.757,2.757,2.703,2.737,28792438.0,78540471.0,,,sina:510880
2020-08-13,510880,,2.742,2.768,2.74,2.761,29272279.0,80813546.0,,,sina:510880
2020-08-14,510880,,2.763,2.777,2.73,2.775,19437479.0,53639602.0,,,sina:510880
2020-08-17,510880,,2.78,2.85,2.78,2.837,42424966.0,119849839.0,,,sina:510880
2020-08-18,510880,,2.838,2.848,2.832,2.84,24444800.0,69438217.0,,,sina:510880
2020-08-19,510880,,2.843,2.86,2.825,2.832,25836863.0,73408872.0,,,sina:510880
2020-08-20,510880,,2.832,2.835,2.81,2.817,18092500.0,51066795.0,,,sina:510880
2020-08-21,510880,,2.818,2.829,2.801,2.814,21971653.0,61897373.0,,,sina:510880
2020-08-24,510880,,2.822,2.828,2.812,2.818,18544900.0,52289385.0,,,sina:510880
2020-08-25,510880,,2.829,2.836,2.798,2.805,23720800.0,66759614.0,,,sina:510880
2020-08-26,510880,,2.805,2.807,2.757,2.765,29135700.0,80913934.0,,,sina:510880
2020-08-27,510880,,2.767,2.773,2.745,2.766,14644100.0,40404289.0,,,sina:510880
2020-08-28,510880,,2.766,2.802,2.762,2.799,16309809.0,45376963.0,,,sina:510880
2020-08-31,510880,,2.807,2.817,2.788,2.789,23266700.0,65267813.0,,,sina:510880
2020-09-01,510880,,2.789,2.791,2.766,2.787,14881400.0,41358405.0,,,sina:510880
2020-09-02,510880,,2.79,2.799,2.775,2.787,12580046.0,35072501.0,,,sina:510880
2020-09-03,510880,,2.787,2.804,2.775,2.782,15520500.0,43261289.0,,,sina:510880
2020-09-04,510880,,2.781,2.781,2.737,2.762,23513500.0,64665831.0,,,sina:510880
2020-09-07,510880,,2.765,2.786,2.745,2.749,23904000.0,66094335.0,,,sina:510880
2020-09-08,510880,,2.752,2.766,2.74,2.761,18505900.0,50874352.0,,,sina:510880
2020-09-09,510880,,2.749,2.757,2.725,2.739,22490200.0,61736833.0,,,sina:510880
2020-09-10,510880,,2.743,2.756,2.718,2.721,22214200.0,60782705.0,,,sina:510880
2020-09-11,510880,,2.722,2.723,2.697,2.718,21580310.0,58411098.0,,,sina:510880
2020-09-14,510880,,2.721,2.727,2.71,2.72,18116100.0,49250503.0,,,sina:510880
2020-09-15,510880,,2.722,2.728,2.716,2.728,13407600.0,36514086.0,,,sina:510880
2020-09-16,510880,,2.728,2.746,2.722,2.736,13233200.0,36163205.0,,,sina:510880
2020-09-17,510880,,2.736,2.749,2.725,2.739,15109799.0,41304773.0,,,sina:510880
2020-09-18,510880,,2.74,2.774,2.734,2.773,16807856.0,46349784.0,,,sina:510880
2020-09-21,510880,,2.775,2.778,2.758,2.761,19910400.0,55106746.0,,,sina:510880
2020-09-22,510880,,2.759,2.759,2.723,2.729,22888500.0,62644825.0,,,sina:510880
2020-09-23,510880,,2.73,2.738,2.721,2.728,13461121.0,36709774.0,,,sina:510880
2020-09-24,510880,,2.728,2.729,2.685,2.689,44416800.0,119783094.0,,,sina:510880
2020-09-25,510880,,2.692,2.7,2.668,2.683,28910200.0,77525757.0,,,sina:510880
2020-09-28,510880,,2.684,2.691,2.677,2.685,18749300.0,50310694.0,,,sina:510880
2020-09-29,510880,,2.687,2.699,2.68,2.685,18680200.0,50226038.0,,,sina:510880
2020-09-30,510880,,2.685,2.695,2.666,2.678,41309900.0,110765364.0,,,sina:510880
2020-10-09,510880,,2.695,2.724,2.695,2.715,40924200.0,111125926.0,,,sina:510880
2020-10-12,510880,,2.717,2.761,2.717,2.76,46064600.0,126423400.0,,,sina:510880
2020-10-13,510880,,2.762,2.766,2.741,2.755,34909088.0,95966368.0,,,sina:510880
2020-10-14,510880,,2.756,2.758,2.74,2.743,26976790.0,74019256.0,,,sina:510880
2020-10-15,510880,,2.743,2.745,2.732,2.735,27133500.0,74282779.0,,,sina:510880
2020-10-16,510880,,2.735,2.745,2.731,2.738,23739384.0,64969079.0,,,sina:510880
2020-10-19,510880,,2.741,2.765,2.724,2.727,36930285.0,101239060.0,,,sina:510880
2020-10-20,510880,,2.727,2.727,2.707,2.723,32603500.0,88480760.0,,,sina:510880
2020-10-21,510880,,2.723,2.726,2.707,2.719,23769600.0,64472769.0,,,sina:510880
2020-10-22,510880,,2.719,2.721,2.703,2.707,21742300.0,58869977.0,,,sina:510880
2020-10-23,510880,,2.708,2.716,2.696,2.699,31477200.0,85140349.0,,,sina:510880
2020-10-26,510880,,2.698,2.699,2.677,2.683,45663300.0,122566975.0,,,sina:510880
2020-10-27,510880,,2.681,2.682,2.667,2.675,30302600.0,81001808.0,,,sina:510880
2020-10-28,510880,,2.675,2.682,2.66,2.679,26585300.0,71003267.0,,,sina:510880
2020-10-29,510880,,2.671,2.709,2.662,2.703,25558298.0,68721500.0,,,sina:510880
2020-10-30,510880,,2.703,2.72,2.684,2.687,45852800.0,123949283.0,,,sina:510880
2020-11-02,510880,,2.688,2.703,2.688,2.698,27923400.0,75251306.0,,,sina:510880
2020-11-03,510880,,2.7,2.718,2.7,2.716,24090253.0,65332039.0,,,sina:510880
2020-11-04,510880,,2.719,2.743,2.719,2.741,35806409.0,97888753.0,,,sina:510880
2020-11-05,510880,,2.756,2.79,2.756,2.787,73543686.0,203925070.0,,,sina:510880
2020-11-06,510880,,2.787,2.811,2.782,2.81,45967140.0,128530808.0,,,sina:510880
2020-11-09,510880,,2.825,2.865,2.825,2.861,45194953.0,128957853.0,,,sina:510880
2020-11-10,510880,,2.87,2.878,2.844,2.85,38248200.0,109412684.0,,,sina:510880
2020-11-11,510880,,2.849,2.878,2.841,2.865,29470659.0,84417847.0,,,sina:510880
2020-11-12,510880,,2.865,2.88,2.855,2.878,24220900.0,69508821.0,,,sina:510880
2020-11-13,510880,,2.878,2.878,2.84,2.858,36077100.0,102844184.0,,,sina:510880
2020-11-16,510880,,2.868,2.917,2.868,2.915,38361550.0,111162587.0,,,sina:510880
2020-11-17,510880,,2.916,2.94,2.916,2.926,45682866.0,133807502.0,,,sina:510880
2020-11-18,510880,,2.926,2.943,2.921,2.94,35912700.0,105357250.0,,,sina:510880
2020-11-19,510880,,2.94,2.942,2.911,2.921,43161200.0,125980432.0,,,sina:510880
2020-11-20,510880,,2.921,2.936,2.908,2.936,27296501.0,79757752.0,,,sina:510880
2020-11-23,510880,,2.939,2.995,2.938,2.98,42959258.0,127699260.0,,,sina:510880
2020-11-24,510880,,2.986,2.99,2.961,2.975,44132800.0,131167208.0,,,sina:510880
2020-11-25,510880,,2.977,2.989,2.94,2.943,57585101.0,170650783.0,,,sina:510880
2020-11-26,510880,,2.943,2.944,2.919,2.935,31007500.0,90782480.0,,,sina:510880
2020-11-27,510880,,2.935,2.96,2.922,2.956,32894000.0,96718857.0,,,sina:510880
2020-11-30,510880,,2.958,2.98,2.924,2.929,51682300.0,152637647.0,,,sina:510880
2020-12-01,510880,,2.929,2.94,2.905,2.935,39893801.0,116442245.0,,,sina:510880
2020-12-02,510880,,2.936,2.945,2.921,2.937,21991109.0,64550266.0,,,sina:510880
2020-12-03,510880,,2.935,2.935,2.906,2.912,48251100.0,140638710.0,,,sina:510880
2020-12-04,510880,,2.912,2.913,2.879,2.901,52082569.0,150592675.0,,,sina:510880
2020-12-07,510880,,2.902,2.907,2.857,2.857,75372200.0,216417847.0,,,sina:510880
2020-12-08,510880,,2.858,2.87,2.845,2.85,44291900.0,126420293.0,,,sina:510880
2020-12-09,510880,,2.851,2.853,2.81,2.812,66156400.0,187336248.0,,,sina:510880
2020-12-10,510880,,2.812,2.832,2.811,2.829,42267200.0,119307764.0,,,sina:510880
2020-12-11,510880,,2.83,2.84,2.8,2.822,55688600.0,156835352.0,,,sina:510880
2020-12-14,510880,,2.823,2.826,2.772,2.784,94869800.0,264092476.0,,,sina:510880
2020-12-15,510880,,2.785,2.787,2.751,2.771,105006300.0,290263523.0,,,sina:510880
2020-12-16,510880,,2.771,2.781,2.763,2.769,84800000.0,235116497.0,,,sina:510880
2020-12-17,510880,,2.769,2.795,2.747,2.795,79628901.0,220160391.0,,,sina:510880
2020-12-18,510880,,2.795,2.829,2.795,2.813,69945300.0,196894103.0,,,sina:510880
2020-12-21,510880,,2.813,2.825,2.796,2.817,54380600.0,153022200.0,,,sina:510880
2020-12-22,510880,,2.815,2.815,2.751,2.758,139462000.0,387481612.0,,,sina:510880
2020-12-23,510880,,2.76,2.771,2.75,2.761,66569592.0,183850257.0,,,sina:510880
2020-12-24,510880,,2.762,2.771,2.741,2.751,88711500.0,244001282.0,,,sina:510880
2020-12-25,510880,,2.75,2.773,2.737,2.761,43828682.0,120726443.0,,,sina:510880
2020-12-28,510880,,2.761,2.765,2.74,2.748,72723800.0,199890477.0,,,sina:510880
2020-12-29,510880,,2.749,2.756,2.721,2.723,104982700.0,286844709.0,,,sina:510880
2020-12-30,510880,,2.724,2.739,2.714,2.728,49561000.0,135138473.0,,,sina:510880
2020-12-31,510880,,2.728,2.742,2.721,2.739,76564118.0,209146504.0,,,sina:510880
2021-01-04,510880,,2.739,2.746,2.721,2.746,89204540.0,244058653.0,,,sina:510880
2021-01-05,510880,,2.746,2.746,2.701,2.724,192253570.0,521180251.0,,,sina:510880
2021-01-06,510880,,2.724,2.73,2.709,2.721,81536612.0,221425261.0,,,sina:510880
2021-01-07,510880,,2.721,2.726,2.7,2.711,107618900.0,291741604.0,,,sina:510880
2021-01-08,510880,,2.712,2.726,2.699,2.724,74348680.0,201713302.0,,,sina:510880
2021-01-11,510880,,2.725,2.728,2.687,2.691,232458300.0,628123151.0,,,sina:510880
2021-01-12,510880,,2.692,2.714,2.691,2.712,167610400.0,452203403.0,,,sina:510880
2021-01-13,510880,,2.713,2.727,2.705,2.719,128080182.0,347696897.0,,,sina:510880
2021-01-14,510880,,2.719,2.728,2.705,2.717,136854100.0,371970557.0,,,sina:510880
2021-01-15,510880,,2.717,2.74,2.717,2.735,98152300.0,268201390.0,,,sina:510880
2021-01-18,510880,,2.63,2.63,2.59,2.608,254796253.0,662468899.0,,,sina:510880
2021-01-19,510880,,2.609,2.626,2.591,2.611,105008200.0,273791601.0,,,sina:510880
2021-01-20,510880,,2.612,2.62,2.601,2.609,88787700.0,231582660.0,,,sina:510880
2021-01-21,510880,,2.61,2.622,2.603,2.613,126398663.0,330260802.0,,,sina:510880
2021-01-22,510880,,2.615,2.616,2.583,2.589,186428400.0,483418012.0,,,sina:510880
2021-01-25,510880,,2.589,2.589,2.552,2.554,169997258.0,434816368.0,,,sina:510880
2021-01-26,510880,,2.554,2.562,2.541,2.543,88596998.0,225861634.0,,,sina:510880
2021-01-27,510880,,2.543,2.558,2.54,2.542,68979801.0,175708397.0,,,sina:510880
2021-01-28,510880,,2.541,2.541,2.508,2.51,84392500.0,212364201.0,,,sina:510880
2021-01-29,510880,,2.511,2.522,2.48,2.494,88992600.0,222661855.0,,,sina:510880
2021-02-01,510880,,2.495,2.514,2.479,2.511,70410800.0,175456696.0,,,sina:510880
2021-02-02,510880,,2.511,2.519,2.51,2.517,52999500.0,133239426.0,,,sina:510880
2021-02-03,510880,,2.517,2.519,2.492,2.497,59234753.0,148138871.0,,,sina:510880
2021-02-04,510880,,2.496,2.497,2.47,2.48,96577200.0,239479290.0,,,sina:510880
2021-02-05,510880,,2.48,2.505,2.471,2.499,54482700.0,135912033.0,,,sina:510880
2021-02-08,510880,,2.499,2.521,2.493,2.512,60929500.0,152932794.0,,,sina:510880
2021-02-09,510880,,2.512,2.528,2.503,2.528,53307600.0,134176836.0,,,sina:510880
2021-02-10,510880,,2.529,2.549,2.529,2.547,88683800.0,225287629.0,,,sina:510880
2021-02-18,510880,,2.57,2.614,2.57,2.61,132889512.0,345074493.0,,,sina:510880
2021-02-19,510880,,2.61,2.664,2.61,2.662,256265253.0,678413720.0,,,sina:510880
2021-02-22,510880,,2.664,2.741,2.664,2.706,359092551.0,974001080.0,,,sina:510880
2021-02-23,510880,,2.707,2.708,2.669,2.678,140518500.0,377243394.0,,,sina:510880
2021-02-24,510880,,2.678,2.683,2.63,2.647,109227718.0,290277016.0,,,sina:510880
2021-02-25,510880,,2.649,2.699,2.649,2.689,127616364.0,342697828.0,,,sina:510880
2021-02-26,510880,,2.683,2.683,2.631,2.637,111138522.0,294372947.0,,,sina:510880
2021-03-01,510880,,2.638,2.673,2.638,2.672,67053130.0,178164590.0,,,sina:510880
2021-03-02,510880,,2.682,2.69,2.64,2.657,108083800.0,287602350.0,,,sina:510880
2021-03-03,510880,,2.658,2.724,2.657,2.722,192024826.0,519298299.0,,,sina:510880
2021-03-04,510880,,2.722,2.747,2.706,2.718,191659010.0,521915480.0,,,sina:510880
2021-03-05,510880,,2.7,2.702,2.668,2.69,74136501.0,198911686.0,,,sina:510880
2021-03-08,510880,,2.698,2.724,2.673,2.679,90904501.0,245276984.0,,,sina:510880
2021-03-09,510880,,2.68,2.708,2.63,2.668,173080230.0,462668973.0,,,sina:510880
2021-03-10,510880,,2.675,2.683,2.65,2.653,81362543.0,216657580.0,,,sina:510880
2021-03-11,510880,,2.653,2.702,2.653,2.7,82849742.0,222134441.0,,,sina:510880
2021-03-12,510880,,2.708,2.735,2.694,2.727,118048813.0,320777473.0,,,sina:510880
2021-03-15,510880,,2.727,2.762,2.726,2.752,119698300.0,328923973.0,,,sina:510880
2021-03-16,510880,,2.753,2.76,2.73,2.755,67204512.0,184760888.0,,,sina:510880
2021-03-17,510880,,2.754,2.754,2.724,2.741,57404264.0,157032518.0,,,sina:510880
2021-03-18,510880,,2.742,2.755,2.735,2.741,48444000.0,132942329.0,,,sina:510880
2021-03-19,510880,,2.735,2.745,2.712,2.724,62021300.0,169068636.0,,,sina:510880
2021-03-22,510880,,2.725,2.755,2.725,2.75,74633547.0,204915599.0,,,sina:510880
2021-03-23,510880,,2.75,2.755,2.716,2.729,80547937.0,219659532.0,,,sina:510880
2021-03-24,510880,,2.714,2.723,2.671,2.681,120757515.0,324573370.0,,,sina:510880
2021-03-25,510880,,2.681,2.702,2.68,2.683,59891149.0,161015722.0,,,sina:510880
2021-03-26,510880,,2.685,2.717,2.685,2.715,57568100.0,155937201.0,,,sina:510880
2021-03-29,510880,,2.728,2.756,2.718,2.751,120932801.0,331974442.0,,,sina:510880
2021-03-30,510880,,2.751,2.755,2.728,2.75,59314402.0,162653170.0,,,sina:510880
2021-03-31,510880,,2.75,2.75,2.732,2.743,46845700.0,128365046.0,,,sina:510880
2021-04-01,510880,,2.744,2.769,2.737,2.761,83195736.0,228877523.0,,,sina:510880
2021-04-02,510880,,2.761,2.766,2.733,2.738,101892951.0,279346455.0,,,sina:510880
2021-04-06,510880,,2.74,2.752,2.74,2.745,54854031.0,150624758.0,,,sina:510880
2021-04-07,510880,,2.745,2.767,2.732,2.765,86225406.0,237430449.0,,,sina:510880
2021-04-08,510880,,2.765,2.779,2.759,2.766,71461106.0,197769558.0,,,sina:510880
2021-04-09,510880,,2.767,2.774,2.754,2.77,71050201.0,196649971.0,,,sina:510880
2021-04-12,510880,,2.771,2.786,2.764,2.777,83678812.0,232461120.0,,,sina:510880
2021-04-13,510880,,2.775,2.776,2.744,2.745,121185500.0,333601945.0,,,sina:510880
2021-04-14,510880,,2.745,2.756,2.738,2.751,71205500.0,195551283.0,,,sina:510880
2021-04-15,510880,,2.752,2.759,2.746,2.755,39205901.0,107935626.0,,,sina:510880
2021-04-16,510880,,2.755,2.799,2.755,2.79,142883054.0,398129699.0,,,sina:510880
2021-04-19,510880,,2.79,2.809,2.781,2.802,67400401.0,188719748.0,,,sina:510880
2021-04-20,510880,,2.799,2.802,2.791,2.794,61519900.0,172056437.0,,,sina:510880
2021-04-21,510880,,2.79,2.792,2.772,2.785,58733800.0,163354733.0,,,sina:510880
2021-04-22,510880,,2.785,2.811,2.785,2.793,57038100.0,159684490.0,,,sina:510880
2021-04-23,510880,,2.789,2.791,2.776,2.788,83048600.0,231116294.0,,,sina:510880
2021-04-26,510880,,2.792,2.804,2.773,2.78,94835300.0,264308013.0,,,sina:510880
2021-04-27,510880,,2.777,2.778,2.75,2.767,107965000.0,297974985.0,,,sina:510880
2021-04-28,510880,,2.763,2.771,2.75,2.77,63181951.0,174639837.0,,,sina:510880
2021-04-29,510880,,2.77,2.79,2.76,2.786,65654253.0,182321076.0,,,sina:510880
2021-04-30,510880,,2.78,2.783,2.746,2.757,171453100.0,472699220.0,,,sina:510880
2021-05-06,510880,,2.758,2.805,2.758,2.798,169067156.0,472327939.0,,,sina:510880
2021-05-07,510880,,2.808,2.848,2.802,2.829,122937057.0,347618742.0,,,sina:510880
2021-05-10,510880,,2.841,2.873,2.835,2.87,102924939.0,293451318.0,,,sina:510880
2021-05-11,510880,,2.867,2.868,2.801,2.843,98627400.0,278998930.0,,,sina:510880
2021-05-12,510880,,2.837,2.859,2.827,2.854,63286328.0,180334809.0,,,sina:510880
2021-05-13,510880,,2.83,2.847,2.807,2.811,115171006.0,324950162.0,,,sina:510880
2021-05-14,510880,,2.811,2.825,2.807,2.817,64349664.0,181044420.0,,,sina:510880
2021-05-17,510880,,2.817,2.831,2.81,2.812,79067500.0,222677237.0,,,sina:510880
2021-05-18,510880,,2.812,2.828,2.808,2.824,45792799.0,129183886.0,,,sina:510880
2021-05-19,510880,,2.823,2.823,2.795,2.799,126197300.0,353601427.0,,,sina:510880
2021-05-20,510880,,2.775,2.775,2.737,2.755,267570400.0,734884212.0,,,sina:510880
2021-05-21,510880,,2.755,2.774,2.754,2.76,65796949.0,181761442.0,,,sina:510880
2021-05-24,510880,,2.76,2.77,2.752,2.758,73721500.0,203398892.0,,,sina:510880
2021-05-25,510880,,2.758,2.792,2.748,2.785,111278500.0,308439372.0,,,sina:510880
2021-05-26,510880,,2.785,2.813,2.782,2.804,67256100.0,188437574.0,,,sina:510880
2021-05-27,510880,,2.804,2.819,2.797,2.816,80468303.0,226103855.0,,,sina:510880
2021-05-28,510880,,2.822,2.834,2.804,2.812,60578651.0,170741041.0,,,sina:510880
2021-05-31,510880,,2.823,2.824,2.796,2.815,105748053.0,297320371.0,,,sina:510880
2021-06-01,510880,,2.815,2.838,2.798,2.837,97397900.0,274704340.0,,,sina:510880
2021-06-02,510880,,2.837,2.838,2.823,2.832,69839979.0,197723095.0,,,sina:510880
2021-06-03,510880,,2.832,2.868,2.832,2.846,111056866.0,316906543.0,,,sina:510880
2021-06-04,510880,,2.847,2.85,2.822,2.84,62514900.0,177160283.0,,,sina:510880
2021-06-07,510880,,2.84,2.85,2.83,2.837,51145753.0,145152460.0,,,sina:510880
2021-06-08,510880,,2.838,2.84,2.82,2.826,66384501.0,187672805.0,,,sina:510880
2021-06-09,510880,,2.826,2.857,2.822,2.842,104401939.0,297102283.0,,,sina:510880
2021-06-10,510880,,2.842,2.87,2.84,2.853,81874539.0,233895589.0,,,sina:510880
2021-06-11,510880,,2.862,2.87,2.852,2.857,64379217.0,184155299.0,,,sina:510880
2021-06-15,510880,,2.867,2.87,2.832,2.841,95232000.0,270860926.0,,,sina:510880
2021-06-16,510880,,2.841,2.857,2.826,2.832,74276100.0,210574408.0,,,sina:510880
2021-06-17,510880,,2.832,2.842,2.818,2.824,59775800.0,169073259.0,,,sina:510880
2021-06-18,510880,,2.824,2.828,2.818,2.824,55202700.0,155773135.0,,,sina:510880
2021-06-21,510880,,2.823,2.823,2.81,2.812,62711900.0,176478472.0,,,sina:510880
2021-06-22,510880,,2.812,2.841,2.812,2.837,55515100.0,157109787.0,,,sina:510880
2021-06-23,510880,,2.838,2.878,2.837,2.873,119935100.0,343279359.0,,,sina:510880
2021-06-24,510880,,2.876,2.903,2.865,2.885,102479301.0,296189722.0,,,sina:510880
2021-06-25,510880,,2.886,2.903,2.878,2.895,70678501.0,204518998.0,,,sina:510880
2021-06-28,510880,,2.895,2.895,2.856,2.859,88658073.0,254155154.0,,,sina:510880
2021-06-29,510880,,2.859,2.859,2.836,2.838,67864800.0,192953482.0,,,sina:510880
2021-06-30,510880,,2.838,2.859,2.834,2.852,46118211.0,131384064.0,,,sina:510880
2021-07-01,510880,,2.855,2.871,2.846,2.853,47653802.0,136352251.0,,,sina:510880
2021-07-02,510880,,2.853,2.856,2.828,2.829,99310705.0,281617536.0,,,sina:510880
2021-07-05,510880,,2.83,2.842,2.82,2.836,84361601.0,238757533.0,,,sina:510880
2021-07-06,510880,,2.836,2.843,2.83,2.843,43956206.0,124675263.0,,,sina:510880
2021-07-07,510880,,2.84,2.85,2.828,2.846,59188300.0,167871898.0,,,sina:510880
2021-07-08,510880,,2.846,2.846,2.8,2.803,186436700.0,524705160.0,,,sina:510880
2021-07-09,510880,,2.803,2.822,2.777,2.821,67643900.0,189839625.0,,,sina:510880
2021-07-12,510880,,2.821,2.842,2.815,2.826,52706272.0,149107702.0,,,sina:510880
2021-07-13,510880,,2.827,2.851,2.822,2.848,86056771.0,244483695.0,,,sina:510880
2021-07-14,510880,,2.848,2.864,2.846,2.854,80661050.0,230467321.0,,,sina:510880
2021-07-15,510880,,2.854,2.887,2.835,2.885,128152099.0,368327528.0,,,sina:510880
2021-07-16,510880,,2.885,2.913,2.878,2.897,167622804.0,486934210.0,,,sina:510880
2021-07-19,510880,,2.9,2.911,2.884,2.889,62487542.0,181034519.0,,,sina:510880
2021-07-20,510880,,2.883,2.883,2.853,2.869,41775242.0,119613041.0,,,sina:510880
2021-07-21,510880,,2.873,2.888,2.858,2.865,49400700.0,141551763.0,,,sina:510880
2021-07-22,510880,,2.865,2.89,2.859,2.89,51536142.0,148472882.0,,,sina:510880
2021-07-23,510880,,2.894,2.913,2.872,2.881,86382142.0,250435465.0,,,sina:510880
2021-07-26,510880,,2.88,2.88,2.808,2.832,173397801.0,491898553.0,,,sina:510880
2021-07-27,510880,,2.832,2.852,2.767,2.773,190676442.0,534206855.0,,,sina:510880
2021-07-28,510880,,2.774,2.791,2.714,2.747,160431100.0,440520823.0,,,sina:510880
2021-07-29,510880,,2.758,2.778,2.745,2.769,125746800.0,346934774.0,,,sina:510880
2021-07-30,510880,,2.769,2.803,2.756,2.8,59807997.0,166448020.0,,,sina:510880
2021-08-02,510880,,2.799,2.799,2.72,2.777,133443700.0,366210390.0,,,sina:510880
2021-08-03,510880,,2.765,2.77,2.733,2.738,119959806.0,329226205.0,,,sina:510880
2021-08-04,510880,,2.739,2.764,2.739,2.762,62615101.0,172452781.0,,,sina:510880
2021-08-05,510880,,2.761,2.776,2.743,2.75,58970053.0,162426206.0,,,sina:510880
2021-08-06,510880,,2.75,2.763,2.735,2.761,64120800.0,176490222.0,,,sina:510880
2021-08-09,510880,,2.761,2.812,2.752,2.801,133293999.0,372786385.0,,,sina:510880
2021-08-10,510880,,2.801,2.803,2.781,2.8,43975000.0,122818529.0,,,sina:510880
2021-08-11,510880,,2.809,2.861,2.808,2.858,188364700.0,537017704.0,,,sina:510880
2021-08-12,510880,,2.857,2.896,2.841,2.889,194729398.0,562271912.0,,,sina:510880
2021-08-13,510880,,2.887,2.891,2.869,2.884,95549706.0,275390650.0,,,sina:510880
2021-08-16,510880,,2.884,2.909,2.881,2.892,121967400.0,353359122.0,,,sina:510880
2021-08-17,510880,,2.89,2.908,2.852,2.858,102758101.0,295825653.0,,,sina:510880
2021-08-18,510880,,2.858,2.88,2.857,2.876,64490110.0,185024404.0,,,sina:510880
2021-08-19,510880,,2.869,2.873,2.849,2.866,43372616.0,124168770.0,,,sina:510880
2021-08-20,510880,,2.864,2.883,2.849,2.881,78500411.0,224926439.0,,,sina:510880
2021-08-23,510880,,2.894,2.91,2.889,2.894,92720715.0,268748285.0,,,sina:510880
2021-08-24,510880,,2.903,2.927,2.9,2.918,181725266.0,529770195.0,,,sina:510880
2021-08-25,510880,,2.918,2.952,2.914,2.952,114794141.0,337034160.0,,,sina:510880
2021-08-26,510880,,2.951,3.008,2.945,2.993,180366486.0,539542479.0,,,sina:510880
2021-08-27,510880,,2.991,3.025,2.95,3.022,98158950.0,295215740.0,,,sina:510880
2021-08-30,510880,,3.026,3.05,3.015,3.047,89855033.0,272830536.0,,,sina:510880
2021-08-31,510880,,3.047,3.122,3.035,3.12,92505049.0,285661626.0,,,sina:510880
2021-09-01,510880,,3.133,3.168,3.084,3.115,146045892.0,455905458.0,,,sina:510880
2021-09-02,510880,,3.114,3.196,3.11,3.194,92919359.0,293427061.0,,,sina:510880
2021-09-03,510880,,3.194,3.196,3.163,3.171,97503250.0,309707761.0,,,sina:510880
2021-09-06,510880,,3.181,3.216,3.174,3.199,82565670.0,263612114.0,,,sina:510880
2021-09-07,510880,,3.205,3.291,3.204,3.28,115868404.0,377698273.0,,,sina:510880
2021-09-08,510880,,3.281,3.333,3.266,3.316,103735871.0,342295407.0,,,sina:510880
2021-09-09,510880,,3.318,3.422,3.3,3.417,141801865.0,478579169.0,,,sina:510880
2021-09-10,510880,,3.418,3.423,3.349,3.354,196972117.0,666206550.0,,,sina:510880
2021-09-13,510880,,3.354,3.448,3.349,3.426,151300608.0,515098233.0,,,sina:510880
2021-09-14,510880,,3.426,3.426,3.35,3.356,135428983.0,457733191.0,,,sina:510880
2021-09-15,510880,,3.355,3.374,3.31,3.333,140710358.0,469213438.0,,,sina:510880
2021-09-16,510880,,3.358,3.401,3.315,3.32,106777100.0,359155234.0,,,sina:510880
2021-09-17,510880,,3.315,3.347,3.175,3.231,171614282.0,557034837.0,,,sina:510880
2021-09-22,510880,,3.215,3.289,3.175,3.289,133237058.0,430435672.0,,,sina:510880
2021-09-23,510880,,3.331,3.355,3.257,3.28,76679801.0,252965615.0,,,sina:510880
2021-09-24,510880,,3.265,3.267,3.16,3.166,151700311.0,485141079.0,,,sina:510880
2021-09-27,510880,,3.166,3.184,3.069,3.081,198623765.0,616851894.0,,,sina:510880
2021-09-28,510880,,3.081,3.164,3.08,3.159,95742665.0,299674452.0,,,sina:510880
2021-09-29,510880,,3.158,3.159,3.057,3.075,98007070.0,302838464.0,,,sina:510880
2021-09-30,510880,,3.074,3.093,3.041,3.09,87597800.0,268920995.0,,,sina:510880
2021-10-08,510880,,3.117,3.133,3.055,3.08,77981458.0,239836659.0,,,sina:510880
2021-10-11,510880,,3.082,3.125,3.071,3.123,87986858.0,273105483.0,,,sina:510880
2021-10-12,510880,,3.123,3.163,3.044,3.083,106565700.0,328443943.0,,,sina:510880
2021-10-13,510880,,3.083,3.085,3.003,3.043,104397700.0,316476018.0,,,sina:510880
2021-10-14,510880,,3.029,3.047,3.001,3.026,53846226.0,162938722.0,,,sina:510880
2021-10-15,510880,,3.026,3.056,3.006,3.048,60308100.0,182839100.0,,,sina:510880
2021-10-18,510880,,3.048,3.1,3.034,3.097,67931000.0,208984179.0,,,sina:510880
2021-10-19,510880,,3.097,3.124,3.07,3.109,56094400.0,174311863.0,,,sina:510880
2021-10-20,510880,,3.088,3.088,3.028,3.035,102562200.0,311805593.0,,,sina:510880
2021-10-21,510880,,3.031,3.101,3.03,3.073,88445951.0,271973356.0,,,sina:510880
2021-10-22,510880,,3.067,3.094,3.006,3.011,169814600.0,514080264.0,,,sina:510880
2021-10-25,510880,,3.013,3.02,2.98,3.01,80403253.0,241653957.0,,,sina:510880
2021-10-26,510880,,3.01,3.013,2.976,2.984,114637700.0,342754379.0,,,sina:510880
2021-10-27,510880,,2.98,2.98,2.909,2.913,130591400.0,382216351.0,,,sina:510880
2021-10-28,510880,,2.9,2.901,2.828,2.836,171629200.0,487826810.0,,,sina:510880
2021-10-29,510880,,2.836,2.847,2.82,2.84,115858000.0,328268926.0,,,sina:510880
2021-11-01,510880,,2.838,2.857,2.818,2.849,78802964.0,223832581.0,,,sina:510880
2021-11-02,510880,,2.85,2.857,2.768,2.798,215914101.0,604623050.0,,,sina:510880
2021-11-03,510880,,2.798,2.845,2.796,2.839,84907300.0,239818596.0,,,sina:510880
2021-11-04,510880,,2.837,2.838,2.811,2.832,71639204.0,202065461.0,,,sina:510880
2021-11-05,510880,,2.824,2.824,2.791,2.793,105238402.0,294914811.0,,,sina:510880
2021-11-08,510880,,2.793,2.807,2.785,2.79,79703700.0,222808928.0,,,sina:510880
2021-11-09,510880,,2.79,2.793,2.766,2.776,100244693.0,278235844.0,,,sina:510880
2021-11-10,510880,,2.77,2.771,2.726,2.769,124031700.0,340086989.0,,,sina:510880
2021-11-11,510880,,2.77,2.82,2.77,2.816,108539401.0,304356156.0,,,sina:510880
2021-11-12,510880,,2.817,2.819,2.789,2.8,75690453.0,211897829.0,,,sina:510880
2021-11-15,510880,,2.8,2.805,2.786,2.804,48963202.0,136936718.0,,,sina:510880
2021-11-16,510880,,2.804,2.816,2.785,2.787,82531900.0,230849502.0,,,sina:510880
2021-11-17,510880,,2.787,2.792,2.777,2.79,47032174.0,131001754.0,,,sina:510880
2021-11-18,510880,,2.791,2.807,2.786,2.79,46983374.0,131336721.0,,,sina:510880
2021-11-19,510880,,2.787,2.835,2.776,2.826,95727753.0,268921613.0,,,sina:510880
2021-11-22,510880,,2.828,2.84,2.819,2.825,93285400.0,263721796.0,,,sina:510880
2021-11-23,510880,,2.825,2.85,2.82,2.838,70461464.0,200044011.0,,,sina:510880
2021-11-24,510880,,2.842,2.871,2.842,2.87,69275300.0,197919903.0,,,sina:510880
2021-11-25,510880,,2.87,2.88,2.843,2.859,57873000.0,165362116.0,,,sina:510880
2021-11-26,510880,,2.85,2.85,2.822,2.827,55498501.0,157140533.0,,,sina:510880
2021-11-29,510880,,2.808,2.808,2.778,2.792,91388950.0,254651748.0,,,sina:510880
2021-11-30,510880,,2.792,2.818,2.783,2.794,56266400.0,157409313.0,,,sina:510880
2021-12-01,510880,,2.793,2.821,2.783,2.819,55568900.0,156005758.0,,,sina:510880
2021-12-02,510880,,2.818,2.841,2.811,2.834,60460700.0,171058364.0,,,sina:510880
2021-12-03,510880,,2.834,2.88,2.817,2.865,93361906.0,266551655.0,,,sina:510880
2021-12-06,510880,,2.865,2.897,2.85,2.857,135949606.0,390765863.0,,,sina:510880
2021-12-07,510880,,2.877,2.888,2.855,2.887,67277500.0,193500025.0,,,sina:510880
2021-12-08,510880,,2.887,2.888,2.867,2.887,58121381.0,167325359.0,,,sina:510880
2021-12-09,510880,,2.887,2.906,2.877,2.898,71783700.0,207876355.0,,,sina:510880
2021-12-10,510880,,2.89,2.89,2.87,2.878,85855200.0,247052280.0,,,sina:510880
2021-12-13,510880,,2.878,2.884,2.865,2.869,59091400.0,169731982.0,,,sina:510880
2021-12-14,510880,,2.865,2.865,2.831,2.831,92762000.0,263518251.0,,,sina:510880
2021-12-15,510880,,2.828,2.852,2.821,2.843,49801300.0,141394745.0,,,sina:510880
2021-12-16,510880,,2.846,2.886,2.845,2.885,93899223.0,269980615.0,,,sina:510880
2021-12-17,510880,,2.889,2.898,2.864,2.869,69537081.0,200057127.0,,,sina:510880
2021-12-20,510880,,2.868,2.882,2.839,2.843,67948181.0,193779494.0,,,sina:510880
2021-12-21,510880,,2.842,2.885,2.84,2.882,77878842.0,223883408.0,,,sina:510880
2021-12-22,510880,,2.882,2.885,2.867,2.877,40729700.0,117104222.0,,,sina:510880
2021-12-23,510880,,2.876,2.89,2.869,2.886,54708458.0,157482683.0,,,sina:510880
2021-12-24,510880,,2.886,2.887,2.866,2.875,44667800.0,128333116.0,,,sina:510880
2021-12-27,510880,,2.874,2.898,2.87,2.882,50562300.0,145875503.0,,,sina:510880
2021-12-28,510880,,2.882,2.885,2.854,2.865,67395100.0,192874123.0,,,sina:510880
2021-12-29,510880,,2.864,2.867,2.852,2.855,46748300.0,133611469.0,,,sina:510880
2021-12-30,510880,,2.855,2.858,2.848,2.852,39446500.0,112535835.0,,,sina:510880
2021-12-31,510880,,2.852,2.879,2.851,2.876,55859121.0,160338192.0,,,sina:510880
2022-01-04,510880,,2.892,2.922,2.891,2.918,124269654.0,361385077.0,,,sina:510880
2022-01-05,510880,,2.917,2.917,2.891,2.909,70152460.0,203801195.0,,,sina:510880
2022-01-06,510880,,2.905,2.921,2.895,2.913,89772719.0,261710121.0,,,sina:510880
2022-01-07,510880,,2.912,2.945,2.908,2.929,72756024.0,213333837.0,,,sina:510880
2022-01-10,510880,,2.929,2.949,2.921,2.948,80730390.0,237005126.0,,,sina:510880
2022-01-11,510880,,2.947,2.98,2.94,2.969,68046352.0,201931038.0,,,sina:510880
2022-01-12,510880,,2.969,2.972,2.938,2.957,77454600.0,228812927.0,,,sina:510880
2022-01-13,510880,,2.957,2.98,2.955,2.956,78052400.0,231662358.0,,,sina:510880
2022-01-14,510880,,2.955,2.955,2.908,2.911,109453358.0,319212063.0,,,sina:510880
2022-01-17,510880,,2.825,2.849,2.818,2.828,82274600.0,232787467.0,,,sina:510880
2022-01-18,510880,,2.828,2.866,2.822,2.858,52728246.0,149910001.0,,,sina:510880
2022-01-19,510880,,2.858,2.893,2.858,2.875,106750600.0,307467199.0,,,sina:510880
2022-01-20,510880,,2.872,2.89,2.851,2.861,118363200.0,339574560.0,,,sina:510880
2022-01-21,510880,,2.861,2.866,2.841,2.858,69443800.0,197990946.0,,,sina:510880
2022-01-24,510880,,2.856,2.857,2.825,2.844,59217500.0,168394805.0,,,sina:510880
2022-01-25,510880,,2.841,2.841,2.764,2.765,159771900.0,446286086.0,,,sina:510880
2022-01-26,510880,,2.765,2.782,2.749,2.773,124044500.0,343083039.0,,,sina:510880
2022-01-27,510880,,2.773,2.786,2.754,2.755,91999900.0,254737683.0,,,sina:510880
2022-01-28,510880,,2.756,2.767,2.725,2.747,145588849.0,399632344.0,,,sina:510880
2022-02-07,510880,,2.753,2.812,2.753,2.806,95512157.0,266826407.0,,,sina:510880
2022-02-08,510880,,2.817,2.877,2.815,2.873,122562910.0,349111992.0,,,sina:510880
2022-02-09,510880,,2.873,2.898,2.872,2.879,101588210.0,292975226.0,,,sina:510880
2022-02-10,510880,,2.878,2.922,2.851,2.92,143787401.0,416937103.0,,,sina:510880
2022-02-11,510880,,2.919,2.955,2.909,2.923,161532790.0,474829587.0,,,sina:510880
2022-02-14,510880,,2.922,2.922,2.87,2.877,115670111.0,334343401.0,,,sina:510880
2022-02-15,510880,,2.876,2.877,2.848,2.858,86118800.0,246354430.0,,,sina:510880
2022-02-16,510880,,2.858,2.892,2.858,2.887,75991901.0,218883048.0,,,sina:510880
2022-02-17,510880,,2.886,2.886,2.861,2.873,97102104.0,279415983.0,,,sina:510880
2022-02-18,510880,,2.869,2.928,2.861,2.926,122724000.0,357450588.0,,,sina:510880
2022-02-21,510880,,2.922,2.953,2.908,2.952,115546255.0,338433756.0,,,sina:510880
2022-02-22,510880,,2.935,2.944,2.91,2.941,93539600.0,273648182.0,,,sina:510880
2022-02-23,510880,,2.938,2.938,2.891,2.91,83103306.0,241717129.0,,,sina:510880
2022-02-24,510880,,2.906,2.91,2.856,2.885,115864200.0,333982152.0,,,sina:510880
2022-02-25,510880,,2.884,2.91,2.846,2.865,96204911.0,276612482.0,,,sina:510880
2022-02-28,510880,,2.865,2.877,2.839,2.874,65495900.0,187353801.0,,,sina:510880
2022-03-01,510880,,2.878,2.911,2.874,2.904,66320179.0,191864488.0,,,sina:510880
2022-03-02,510880,,2.906,2.941,2.905,2.937,140083823.0,409975845.0,,,sina:510880
2022-03-03,510880,,2.939,2.979,2.939,2.972,168163468.0,499386302.0,,,sina:510880
2022-03-04,510880,,2.968,2.987,2.934,2.962,111586106.0,330429079.0,,,sina:510880
2022-03-07,510880,,2.975,2.988,2.929,2.942,125566975.0,370867959.0,,,sina:510880
2022-03-08,510880,,2.936,2.936,2.851,2.859,134150986.0,386860865.0,,,sina:510880
2022-03-09,510880,,2.86,2.885,2.745,2.802,262687124.0,740788366.0,,,sina:510880
2022-03-10,510880,,2.819,2.873,2.803,2.848,207405162.0,590208056.0,,,sina:510880
2022-03-11,510880,,2.842,2.872,2.791,2.868,83921800.0,238318929.0,,,sina:510880
2022-03-14,510880,,2.862,2.897,2.826,2.829,124683393.0,356651095.0,,,sina:510880
2022-03-15,510880,,2.821,2.821,2.666,2.671,342079109.0,933454133.0,,,sina:510880
2022-03-16,510880,,2.674,2.738,2.6,2.73,273819744.0,733318777.0,,,sina:510880
2022-03-17,510880,,2.752,2.792,2.739,2.76,137051320.0,378095614.0,,,sina:510880
2022-03-18,510880,,2.76,2.836,2.752,2.83,126843677.0,355787498.0,,,sina:510880
2022-03-21,510880,,2.829,2.86,2.821,2.849,91309377.0,259608329.0,,,sina:510880
2022-03-22,510880,,2.847,2.909,2.835,2.897,134671624.0,388568960.0,,,sina:510880
2022-03-23,510880,,2.895,2.907,2.862,2.893,105196371.0,303894053.0,,,sina:510880
2022-03-24,510880,,2.887,2.91,2.878,2.9,102576158.0,297424648.0,,,sina:510880
2022-03-25,510880,,2.899,2.929,2.889,2.901,129277750.0,375960119.0,,,sina:510880
2022-03-28,510880,,2.9,2.951,2.87,2.947,230514487.0,676216232.0,,,sina:510880
2022-03-29,510880,,2.944,2.967,2.926,2.965,134578398.0,397132437.0,,,sina:510880
2022-03-30,510880,,2.952,2.98,2.94,2.973,107646861.0,319005873.0,,,sina:510880
2022-03-31,510880,,2.972,3.038,2.972,3.012,216670064.0,653350577.0,,,sina:510880
2022-04-01,510880,,3.006,3.049,2.992,3.045,120941289.0,365883001.0,,,sina:510880
2022-04-06,510880,,3.043,3.096,3.031,3.09,144312820.0,442130261.0,,,sina:510880
2022-04-07,510880,,3.075,3.09,3.035,3.044,208741545.0,638769619.0,,,sina:510880
2022-04-08,510880,,3.04,3.08,3.01,3.079,184847544.0,563347897.0,,,sina:510880
2022-04-11,510880,,3.076,3.076,3.012,3.02,253375600.0,771250766.0,,,sina:510880
2022-04-12,510880,,3.017,3.044,2.985,3.01,139757900.0,421213103.0,,,sina:510880
2022-04-13,510880,,3.001,3.069,2.997,3.033,84099767.0,255283569.0,,,sina:510880
2022-04-14,510880,,3.038,3.098,3.031,3.089,92435767.0,283970892.0,,,sina:510880
2022-04-15,510880,,3.08,3.12,3.045,3.056,112417701.0,346550240.0,,,sina:510880
2022-04-18,510880,,3.04,3.044,2.981,2.992,114262200.0,343546824.0,,,sina:510880
2022-04-19,510880,,2.986,3.039,2.968,3.036,105053200.0,316634859.0,,,sina:510880
2022-04-20,510880,,3.02,3.026,2.932,2.949,145260600.0,431732533.0,,,sina:510880
2022-04-21,510880,,2.939,2.96,2.88,2.895,165488000.0,481824473.0,,,sina:510880
2022-04-22,510880,,2.886,2.931,2.858,2.925,140201453.0,408026586.0,,,sina:510880
2022-04-25,510880,,2.899,2.899,2.8,2.801,223759553.0,635732956.0,,,sina:510880
2022-04-26,510880,,2.801,2.828,2.753,2.762,227688093.0,633145239.0,,,sina:510880
2022-04-27,510880,,2.765,2.799,2.735,2.798,220067649.0,609292803.0,,,sina:510880
2022-04-28,510880,,2.796,2.849,2.788,2.844,143509400.0,404972299.0,,,sina:510880
2022-04-29,510880,,2.844,2.886,2.812,2.878,148325600.0,423207900.0,,,sina:510880
2022-05-05,510880,,2.877,2.886,2.847,2.867,92666600.0,265651154.0,,,sina:510880
2022-05-06,510880,,2.829,2.835,2.783,2.792,130603500.0,365960912.0,,,sina:510880
2022-05-09,510880,,2.788,2.788,2.761,2.784,120205776.0,333820255.0,,,sina:510880
2022-05-10,510880,,2.784,2.788,2.726,2.787,154643200.0,426023741.0,,,sina:510880
2022-05-11,510880,,2.786,2.808,2.778,2.785,104750970.0,292617341.0,,,sina:510880
2022-05-12,510880,,2.785,2.795,2.75,2.773,107704403.0,298486460.0,,,sina:510880
2022-05-13,510880,,2.773,2.829,2.773,2.828,129872357.0,364637155.0,,,sina:510880
2022-05-16,510880,,2.856,2.879,2.829,2.872,131531278.0,375899888.0,,,sina:510880
2022-05-17,510880,,2.871,2.879,2.836,2.862,64263670.0,183657461.0,,,sina:510880
2022-05-18,510880,,2.861,2.861,2.827,2.834,72257604.0,204993412.0,,,sina:510880
2022-05-19,510880,,2.81,2.837,2.799,2.837,67904600.0,191397309.0,,,sina:510880
2022-05-20,510880,,2.837,2.88,2.836,2.876,104024150.0,298324700.0,,,sina:510880
2022-05-23,510880,,2.883,2.898,2.872,2.88,65938245.0,190068279.0,,,sina:510880
2022-05-24,510880,,2.88,2.887,2.834,2.836,77251185.0,221018002.0,,,sina:510880
2022-05-25,510880,,2.833,2.867,2.822,2.865,74356400.0,212126326.0,,,sina:510880
2022-05-26,510880,,2.867,2.91,2.859,2.905,122836400.0,355368972.0,,,sina:510880
2022-05-27,510880,,2.906,2.915,2.895,2.904,110906300.0,322004062.0,,,sina:510880
2022-05-30,510880,,2.904,2.915,2.878,2.89,70676500.0,204191834.0,,,sina:510880
2022-05-31,510880,,2.888,2.897,2.875,2.894,64349000.0,185680252.0,,,sina:510880
2022-06-01,510880,,2.89,2.905,2.877,2.903,69998251.0,202341214.0,,,sina:510880
2022-06-02,510880,,2.902,2.902,2.869,2.885,68971907.0,198647349.0,,,sina:510880
2022-06-06,510880,,2.883,2.886,2.859,2.884,152923800.0,439627707.0,,,sina:510880
2022-06-07,510880,,2.884,2.912,2.872,2.899,106024260.0,306825196.0,,,sina:510880
2022-06-08,510880,,2.904,2.938,2.888,2.937,117181760.0,341857243.0,,,sina:510880
2022-06-09,510880,,2.935,2.969,2.926,2.944,87280586.0,257068255.0,,,sina:510880
2022-06-10,510880,,2.939,2.972,2.919,2.964,86191186.0,254638465.0,,,sina:510880
2022-06-13,510880,,2.954,2.954,2.901,2.92,72199286.0,210962351.0,,,sina:510880
2022-06-14,510880,,2.905,2.96,2.897,2.958,157149900.0,459615657.0,,,sina:510880
2022-06-15,510880,,2.955,3.001,2.943,2.961,132136053.0,393702110.0,,,sina:510880
2022-06-16,510880,,2.96,2.975,2.904,2.914,106941700.0,312929275.0,,,sina:510880
2022-06-17,510880,,2.9,2.914,2.885,2.907,107441950.0,311393231.0,,,sina:510880
2022-06-20,510880,,2.902,2.902,2.875,2.885,92679000.0,267177374.0,,,sina:510880
2022-06-21,510880,,2.885,2.905,2.878,2.891,73990800.0,214252619.0,,,sina:510880
2022-06-22,510880,,2.89,2.894,2.85,2.855,89269300.0,256144762.0,,,sina:510880
2022-06-23,510880,,2.853,2.883,2.84,2.879,89602800.0,256530803.0,,,sina:510880
2022-06-24,510880,,2.88,2.892,2.87,2.883,65272200.0,187892210.0,,,sina:510880
2022-06-27,510880,,2.883,2.915,2.88,2.91,92013601.0,267258326.0,,,sina:510880
2022-06-28,510880,,2.91,2.935,2.906,2.935,73016401.0,213481306.0,,,sina:510880
2022-06-29,510880,,2.934,2.97,2.93,2.947,113871351.0,336337179.0,,,sina:510880
2022-06-30,510880,,2.947,2.972,2.938,2.964,80930051.0,239596096.0,,,sina:510880
2022-07-01,510880,,2.962,2.976,2.936,2.969,100854600.0,298337923.0,,,sina:510880
2022-07-04,510880,,2.966,2.981,2.957,2.975,61256659.0,181800280.0,,,sina:510880
2022-07-05,510880,,2.98,3.004,2.972,2.989,122446734.0,366071726.0,,,sina:510880
2022-07-06,510880,,2.974,2.975,2.905,2.923,108013034.0,316190698.0,,,sina:510880
2022-07-07,510880,,2.922,2.944,2.911,2.936,48513558.0,142204590.0,,,sina:510880
2022-07-08,510880,,2.948,2.955,2.93,2.934,55512401.0,163097998.0,,,sina:510880
2022-07-11,510880,,2.931,2.931,2.896,2.907,70814800.0,205670178.0,,,sina:510880
2022-07-12,510880,,2.907,2.944,2.907,2.93,68649845.0,201131104.0,,,sina:510880
2022-07-13,510880,,2.93,2.936,2.914,2.928,40452300.0,118288747.0,,,sina:510880
2022-07-14,510880,,2.928,2.928,2.89,2.898,89442600.0,259196175.0,,,sina:510880
2022-07-15,510880,,2.898,2.91,2.857,2.858,101146732.0,291245066.0,,,sina:510880
2022-07-18,510880,,2.859,2.917,2.859,2.917,116797200.0,339116684.0,,,sina:510880
2022-07-19,510880,,2.917,2.927,2.905,2.921,49310165.0,143799156.0,,,sina:510880
2022-07-20,510880,,2.92,2.935,2.92,2.926,39950700.0,116957199.0,,,sina:510880
2022-07-21,510880,,2.925,2.925,2.88,2.882,88132800.0,254806513.0,,,sina:510880
2022-07-22,510880,,2.88,2.886,2.85,2.865,124326300.0,356166693.0,,,sina:510880
2022-07-25,510880,,2.867,2.885,2.865,2.874,53707100.0,154249151.0,,,sina:510880
2022-07-26,510880,,2.874,2.921,2.862,2.912,113616723.0,329550853.0,,,sina:510880
2022-07-27,510880,,2.907,2.922,2.893,2.912,67072200.0,195244569.0,,,sina:510880
2022-07-28,510880,,2.918,2.929,2.91,2.923,83951740.0,245193656.0,,,sina:510880
2022-07-29,510880,,2.925,2.931,2.896,2.901,59259230.0,172407870.0,,,sina:510880
2022-08-01,510880,,2.901,2.914,2.874,2.908,80569700.0,233412233.0,,,sina:510880
2022-08-02,510880,,2.9,2.901,2.827,2.845,177488300.0,506095433.0,,,sina:510880
2022-08-03,510880,,2.843,2.875,2.812,2.817,125822604.0,357210142.0,,,sina:510880
2022-08-04,510880,,2.82,2.829,2.796,2.821,130782800.0,367557703.0,,,sina:510880
2022-08-05,510880,,2.821,2.829,2.8,2.825,110346900.0,310308328.0,,,sina:510880
2022-08-08,510880,,2.826,2.861,2.821,2.856,87118100.0,248224904.0,,,sina:510880
2022-08-09,510880,,2.856,2.88,2.847,2.877,67784300.0,194631564.0,,,sina:510880
2022-08-10,510880,,2.876,2.88,2.852,2.861,50348100.0,144108965.0,,,sina:510880
2022-08-11,510880,,2.867,2.889,2.863,2.888,73109102.0,210635118.0,,,sina:510880
2022-08-12,510880,,2.888,2.918,2.888,2.915,110716379.0,322211704.0,,,sina:510880
2022-08-15,510880,,2.913,2.944,2.91,2.929,96842301.0,283963414.0,,,sina:510880
2022-08-16,510880,,2.929,2.946,2.922,2.939,103386188.0,303620120.0,,,sina:510880
2022-08-17,510880,,2.937,2.95,2.925,2.943,78988518.0,232402956.0,,,sina:510880
2022-08-18,510880,,2.941,2.954,2.916,2.919,67169719.0,196591374.0,,,sina:510880
2022-08-19,510880,,2.922,2.964,2.922,2.944,131903241.0,389189740.0,,,sina:510880
2022-08-22,510880,,2.945,2.974,2.942,2.97,85062041.0,252134030.0,,,sina:510880
2022-08-23,510880,,2.969,2.993,2.948,2.98,89838791.0,267437970.0,,,sina:510880
2022-08-24,510880,,2.981,2.988,2.934,2.936,81575735.0,241347361.0,,,sina:510880
2022-08-25,510880,,2.943,3.003,2.943,3.001,188511786.0,563178935.0,,,sina:510880
2022-08-26,510880,,3.0,3.007,2.975,2.98,85533451.0,255627411.0,,,sina:510880
2022-08-29,510880,,2.979,3.007,2.938,3.002,96707300.0,288554415.0,,,sina:510880
2022-08-30,510880,,3.0,3.008,2.959,2.975,54685700.0,162812945.0,,,sina:510880
2022-08-31,510880,,2.974,2.98,2.946,2.957,61983417.0,183514643.0,,,sina:510880
2022-09-01,510880,,2.955,3.019,2.95,2.985,150443519.0,450895201.0,,,sina:510880
2022-09-02,510880,,2.985,2.991,2.969,2.979,48870900.0,145499574.0,,,sina:510880
2022-09-05,510880,,2.99,3.035,2.979,3.033,164081814.0,495637940.0,,,sina:510880
2022-09-06,510880,,3.038,3.086,3.032,3.082,121584220.0,372872185.0,,,sina:510880
2022-09-07,510880,,3.081,3.086,3.057,3.074,72178800.0,221861140.0,,,sina:510880
2022-09-08,510880,,3.072,3.084,3.043,3.065,57358359.0,175933465.0,,,sina:510880
2022-09-09,510880,,3.067,3.112,3.067,3.108,92363170.0,286265047.0,,,sina:510880
2022-09-13,510880,,3.107,3.112,3.077,3.085,58992706.0,182567215.0,,,sina:510880
2022-09-14,510880,,3.069,3.092,3.055,3.059,58471499.0,179516068.0,,,sina:510880
2022-09-15,510880,,3.073,3.106,3.035,3.071,115922899.0,356165435.0,,,sina:510880
2022-09-16,510880,,3.065,3.068,2.974,2.981,98692735.0,297417656.0,,,sina:510880
2022-09-19,510880,,2.974,2.998,2.954,2.981,84104219.0,250782013.0,,,sina:510880
2022-09-20,510880,,2.991,3.002,2.973,2.978,47397500.0,141484064.0,,,sina:510880
2022-09-21,510880,,2.973,3.014,2.96,3.005,62024053.0,185551315.0,,,sina:510880
2022-09-22,510880,,2.996,3.023,2.99,3.017,56268700.0,169303488.0,,,sina:510880
2022-09-23,510880,,3.014,3.036,2.985,2.993,74847900.0,224904412.0,,,sina:510880
2022-09-26,510880,,2.984,2.997,2.938,2.945,89114800.0,264845105.0,,,sina:510880
2022-09-27,510880,,2.945,2.963,2.906,2.961,56800900.0,166582598.0,,,sina:510880
2022-09-28,510880,,2.961,2.965,2.933,2.94,59047000.0,173862188.0,,,sina:510880
2022-09-29,510880,,2.949,2.973,2.921,2.935,58634200.0,172937702.0,,,sina:510880
2022-09-30,510880,,2.935,2.976,2.932,2.96,50343100.0,148680974.0,,,sina:510880
2022-10-10,510880,,2.961,3.014,2.96,2.965,75905100.0,226563525.0,,,sina:510880
2022-10-11,510880,,2.965,2.971,2.93,2.955,65768500.0,193896407.0,,,sina:510880
2022-10-12,510880,,2.954,2.991,2.926,2.99,54109800.0,159773464.0,,,sina:510880
2022-10-13,510880,,2.986,2.986,2.925,2.944,88015600.0,259010066.0,,,sina:510880
2022-10-14,510880,,2.948,2.987,2.948,2.976,60377047.0,179562588.0,,,sina:510880
2022-10-17,510880,,2.976,2.976,2.925,2.967,52517601.0,154784435.0,,,sina:510880
2022-10-18,510880,,2.965,2.979,2.95,2.962,33860200.0,100393704.0,,,sina:510880
2022-10-19,510880,,2.961,2.98,2.95,2.959,42267200.0,125469677.0,,,sina:510880
2022-10-20,510880,,2.955,2.955,2.925,2.933,65409732.0,191859245.0,,,sina:510880
2022-10-21,510880,,2.933,2.962,2.933,2.946,40298301.0,118821049.0,,,sina:510880
2022-10-24,510880,,2.945,2.953,2.879,2.894,93107776.0,270974434.0,,,sina:510880
2022-10-25,510880,,2.895,2.9,2.846,2.866,81789476.0,234449644.0,,,sina:510880
2022-10-26,510880,,2.865,2.88,2.84,2.849,80650200.0,230598026.0,,,sina:510880
2022-10-27,510880,,2.85,2.877,2.849,2.863,62659200.0,179621077.0,,,sina:510880
2022-10-28,510880,,2.86,2.86,2.803,2.814,106127400.0,299876415.0,,,sina:510880
2022-10-31,510880,,2.814,2.815,2.738,2.747,188546700.0,520446726.0,,,sina:510880
2022-11-01,510880,,2.748,2.767,2.725,2.767,161348800.0,442238474.0,,,sina:510880
2022-11-02,510880,,2.767,2.806,2.751,2.8,83173200.0,231424407.0,,,sina:510880
2022-11-03,510880,,2.789,2.795,2.771,2.781,56708297.0,157847968.0,,,sina:510880
2022-11-04,510880,,2.781,2.844,2.781,2.829,72255300.0,203877597.0,,,sina:510880
2022-11-07,510880,,2.829,2.865,2.823,2.854,60753769.0,173023737.0,,,sina:510880
2022-11-08,510880,,2.854,2.862,2.844,2.854,46140929.0,131609691.0,,,sina:510880
2022-11-09,510880,,2.854,2.88,2.851,2.852,68850301.0,197164153.0,,,sina:510880
2022-11-10,510880,,2.847,2.87,2.816,2.859,71630500.0,204058304.0,,,sina:510880
2022-11-11,510880,,2.898,2.938,2.887,2.921,119456001.0,347741401.0,,,sina:510880
2022-11-14,510880,,2.95,2.972,2.9,2.91,78623800.0,230653245.0,,,sina:510880
2022-11-15,510880,,2.91,2.923,2.888,2.92,49216950.0,143360828.0,,,sina:510880
2022-11-16,510880,,2.92,2.923,2.907,2.911,36166330.0,105405225.0,,,sina:510880
2022-11-17,510880,,2.91,2.91,2.872,2.89,63827668.0,184171854.0,,,sina:510880
2022-11-18,510880,,2.89,2.891,2.871,2.877,53541700.0,154123180.0,,,sina:510880
2022-11-21,510880,,2.868,2.871,2.839,2.866,46031568.0,131386213.0,,,sina:510880
2022-11-22,510880,,2.866,2.905,2.865,2.885,55243002.0,159345661.0,,,sina:510880
2022-11-23,510880,,2.884,2.916,2.88,2.901,94430000.0,274258846.0,,,sina:510880
2022-11-24,510880,,2.913,2.92,2.897,2.917,49144981.0,143185060.0,,,sina:510880
2022-11-25,510880,,2.916,2.97,2.913,2.966,132863784.0,392629164.0,,,sina:510880
2022-11-28,510880,,2.946,2.956,2.918,2.948,62533665.0,183818533.0,,,sina:510880
2022-11-29,510880,,2.985,3.036,2.97,3.034,201603967.0,607437968.0,,,sina:510880
2022-11-30,510880,,3.028,3.063,3.004,3.014,88283935.0,267525107.0,,,sina:510880
2022-12-01,510880,,3.038,3.044,2.99,2.993,68816606.0,207140895.0,,,sina:510880
2022-12-02,510880,,2.993,2.993,2.955,2.972,103666700.0,307550700.0,,,sina:510880
2022-12-05,510880,,2.983,3.034,2.983,3.025,86901500.0,262062372.0,,,sina:510880
2022-12-06,510880,,3.022,3.023,2.999,3.013,67770800.0,203853657.0,,,sina:510880
2022-12-07,510880,,3.006,3.018,2.985,2.998,46625100.0,139918417.0,,,sina:510880
2022-12-08,510880,,2.997,3.022,2.989,3.013,49694000.0,149492388.0,,,sina:510880
2022-12-09,510880,,3.011,3.025,3.0,3.02,54218300.0,163344675.0,,,sina:510880
2022-12-12,510880,,3.008,3.011,2.957,2.958,82176300.0,244570794.0,,,sina:510880
2022-12-13,510880,,2.958,2.982,2.953,2.972,34846438.0,103509561.0,,,sina:510880
2022-12-14,510880,,2.972,2.974,2.96,2.966,34461200.0,102197956.0,,,sina:510880
2022-12-15,510880,,2.964,2.965,2.923,2.931,73936000.0,216964764.0,,,sina:510880
2022-12-16,510880,,2.926,2.968,2.92,2.953,58714200.0,173326482.0,,,sina:510880
2022-12-19,510880,,2.953,2.964,2.898,2.914,72754600.0,212598731.0,,,sina:510880
2022-12-20,510880,,2.914,2.915,2.865,2.88,80203700.0,231240543.0,,,sina:510880
2022-12-21,510880,,2.882,2.899,2.87,2.883,74895000.0,215714424.0,,,sina:510880
2022-12-22,510880,,2.89,2.906,2.852,2.861,77455600.0,222861041.0,,,sina:510880
2022-12-23,510880,,2.86,2.869,2.843,2.851,67151900.0,191529018.0,,,sina:510880
2022-12-26,510880,,2.851,2.856,2.842,2.844,65526100.0,186517983.0,,,sina:510880
2022-12-27,510880,,2.846,2.877,2.846,2.872,66616400.0,191115142.0,,,sina:510880
2022-12-28,510880,,2.872,2.883,2.854,2.878,44516900.0,127890499.0,,,sina:510880
2022-12-29,510880,,2.876,2.876,2.841,2.849,74464500.0,212229124.0,,,sina:510880
2022-12-30,510880,,2.85,2.865,2.846,2.863,55376500.0,158246823.0,,,sina:510880
2023-01-03,510880,,2.864,2.883,2.854,2.876,48583200.0,139524146.0,,,sina:510880
2023-01-04,510880,,2.876,2.905,2.869,2.897,53686317.0,155397648.0,,,sina:510880
2023-01-05,510880,,2.9,2.908,2.892,2.902,50186053.0,145528108.0,,,sina:510880
2023-01-06,510880,,2.902,2.904,2.892,2.897,51267700.0,148478958.0,,,sina:510880
2023-01-09,510880,,2.901,2.907,2.89,2.899,51867400.0,150340272.0,,,sina:510880
2023-01-10,510880,,2.9,2.904,2.878,2.883,85262100.0,245937423.0,,,sina:510880
2023-01-11,510880,,2.883,2.911,2.881,2.905,64943100.0,188233342.0,,,sina:510880
2023-01-12,510880,,2.905,2.906,2.882,2.892,90597300.0,261787768.0,,,sina:510880
2023-01-13,510880,,2.893,2.91,2.893,2.907,66760753.0,193887486.0,,,sina:510880
2023-01-16,510880,,2.82,2.82,2.77,2.788,186379353.0,519675045.0,,,sina:510880
2023-01-17,510880,,2.788,2.792,2.776,2.78,106421800.0,295838452.0,,,sina:510880
2023-01-18,510880,,2.78,2.791,2.78,2.783,75283900.0,209632690.0,,,sina:510880
2023-01-19,510880,,2.784,2.79,2.775,2.789,90972000.0,252977954.0,,,sina:510880
2023-01-20,510880,,2.79,2.818,2.79,2.817,88700498.0,249116778.0,,,sina:510880
2023-01-30,510880,,2.833,2.849,2.8,2.801,127149100.0,358000624.0,,,sina:510880
2023-01-31,510880,,2.801,2.81,2.796,2.809,60527300.0,169838230.0,,,sina:510880
2023-02-01,510880,,2.809,2.815,2.796,2.813,78093727.0,219003348.0,,,sina:510880
2023-02-02,510880,,2.813,2.823,2.802,2.817,68580008.0,193023853.0,,,sina:510880
2023-02-03,510880,,2.815,2.816,2.786,2.799,139694000.0,390425628.0,,,sina:510880
2023-02-06,510880,,2.792,2.792,2.777,2.784,86270600.0,240113329.0,,,sina:510880
2023-02-07,510880,,2.784,2.802,2.784,2.795,58756917.0,164218406.0,,,sina:510880
2023-02-08,510880,,2.797,2.802,2.786,2.788,59525900.0,166306998.0,,,sina:510880
2023-02-09,510880,,2.786,2.8,2.781,2.797,56688600.0,158441046.0,,,sina:510880
2023-02-10,510880,,2.798,2.805,2.792,2.8,69044200.0,193255409.0,,,sina:510880
2023-02-13,510880,,2.8,2.806,2.787,2.805,69617900.0,194855539.0,,,sina:510880
2023-02-14,510880,,2.804,2.823,2.804,2.822,96506800.0,271916690.0,,,sina:510880
2023-02-15,510880,,2.822,2.823,2.805,2.809,59031800.0,165941895.0,,,sina:510880
2023-02-16,510880,,2.809,2.827,2.78,2.794,128882900.0,362060765.0,,,sina:510880
2023-02-17,510880,,2.799,2.814,2.791,2.799,114880900.0,322096574.0,,,sina:510880
2023-02-20,510880,,2.799,2.844,2.799,2.843,175180900.0,495237396.0,,,sina:510880
2023-02-21,510880,,2.848,2.886,2.848,2.879,130005541.0,373481898.0,,,sina:510880
2023-02-22,510880,,2.879,2.889,2.86,2.883,80162400.0,230813153.0,,,sina:510880
2023-02-23,510880,,2.894,2.91,2.882,2.894,96237928.0,278872064.0,,,sina:510880
2023-02-24,510880,,2.893,2.896,2.869,2.886,73935565.0,213207989.0,,,sina:510880
2023-02-27,510880,,2.88,2.907,2.88,2.891,73067550.0,211572943.0,,,sina:510880
2023-02-28,510880,,2.891,2.898,2.877,2.898,51958359.0,150034861.0,,,sina:510880
2023-03-01,510880,,2.899,2.916,2.898,2.915,112762711.0,328135308.0,,,sina:510880
2023-03-02,510880,,2.915,2.942,2.91,2.929,86228774.0,252651667.0,,,sina:510880
2023-03-03,510880,,2.93,2.948,2.921,2.944,87213463.0,256196216.0,,,sina:510880
2023-03-06,510880,,2.945,2.95,2.927,2.93,91306800.0,268088307.0,,,sina:510880
2023-03-07,510880,,2.929,2.97,2.92,2.923,111609900.0,329211304.0,,,sina:510880
2023-03-08,510880,,2.92,2.922,2.901,2.921,77218638.0,224811490.0,,,sina:510880
2023-03-09,510880,,2.922,2.939,2.915,2.917,57295400.0,167495220.0,,,sina:510880
2023-03-10,510880,,2.914,2.914,2.87,2.877,97365800.0,281052253.0,,,sina:510880
2023-03-13,510880,,2.873,2.91,2.87,2.91,72623800.0,209998465.0,,,sina:510880
2023-03-14,510880,,2.91,2.923,2.883,2.895,71521600.0,207670627.0,,,sina:510880
2023-03-15,510880,,2.899,2.925,2.886,2.919,88122000.0,256196945.0,,,sina:510880
2023-03-16,510880,,2.91,2.924,2.894,2.898,72016400.0,209392783.0,,,sina:510880
2023-03-17,510880,,2.901,2.93,2.901,2.917,77682000.0,226786099.0,,,sina:510880
2023-03-20,510880,,2.917,2.941,2.902,2.904,95327000.0,278501185.0,,,sina:510880
2023-03-21,510880,,2.906,2.914,2.887,2.896,63657800.0,184341646.0,,,sina:510880
2023-03-22,510880,,2.9,2.921,2.893,2.91,54584066.0,158789472.0,,,sina:510880
2023-03-23,510880,,2.909,2.915,2.896,2.912,42059400.0,122322128.0,,,sina:510880
2023-03-24,510880,,2.915,2.917,2.89,2.894,62030900.0,179647395.0,,,sina:510880
2023-03-27,510880,,2.894,2.894,2.86,2.873,97238353.0,278881016.0,,,sina:510880
2023-03-28,510880,,2.875,2.886,2.866,2.878,45533700.0,130962553.0,,,sina:510880
2023-03-29,510880,,2.88,2.89,2.871,2.876,34230274.0,98502953.0,,,sina:510880
2023-03-30,510880,,2.875,2.888,2.858,2.887,67884200.0,194987414.0,,,sina:510880
2023-03-31,510880,,2.889,2.905,2.884,2.894,55129200.0,159721785.0,,,sina:510880
2023-04-03,510880,,2.894,2.918,2.894,2.915,75613500.0,220176079.0,,,sina:510880
2023-04-04,510880,,2.913,2.935,2.907,2.928,110291700.0,322909367.0,,,sina:510880
2023-04-06,510880,,2.928,2.928,2.909,2.911,31225906.0,91008860.0,,,sina:510880
2023-04-07,510880,,2.91,2.922,2.905,2.912,37052900.0,107890557.0,,,sina:510880
2023-04-10,510880,,2.912,2.913,2.901,2.909,45922792.0,133549938.0,,,sina:510880
2023-04-11,510880,,2.909,2.932,2.903,2.932,79054500.0,231070532.0,,,sina:510880
2023-04-12,510880,,2.934,2.967,2.934,2.966,128781253.0,381179772.0,,,sina:510880
2023-04-13,510880,,2.964,2.986,2.961,2.973,107516040.0,319787901.0,,,sina:510880
2023-04-14,510880,,2.973,2.979,2.954,2.965,62391435.0,184942348.0,,,sina:510880
2023-04-17,510880,,2.962,3.0,2.952,2.999,99264253.0,296290766.0,,,sina:510880
2023-04-18,510880,,2.997,3.019,2.99,3.018,119134496.0,358379733.0,,,sina:510880
2023-04-19,510880,,3.016,3.025,3.006,3.013,123493956.0,372704726.0,,,sina:510880
2023-04-20,510880,,3.01,3.021,2.984,3.009,71219301.0,213582218.0,,,sina:510880
2023-04-21,510880,,3.009,3.038,2.991,2.992,67684800.0,203993526.0,,,sina:510880
2023-04-24,510880,,2.993,3.004,2.98,2.987,175007101.0,523034033.0,,,sina:510880
2023-04-25,510880,,2.988,3.013,2.97,3.009,112814600.0,338306937.0,,,sina:510880
2023-04-26,510880,,2.999,3.032,2.97,3.015,122174900.0,367421983.0,,,sina:510880
2023-04-27,510880,,3.014,3.037,2.999,3.023,121086700.0,365975685.0,,,sina:510880
2023-04-28,510880,,3.016,3.061,3.013,3.059,160162400.0,487420768.0,,,sina:510880
2023-05-04,510880,,3.052,3.135,3.042,3.13,110225394.0,342886224.0,,,sina:510880
2023-05-05,510880,,3.138,3.179,3.119,3.158,103719097.0,326728367.0,,,sina:510880
2023-05-08,510880,,3.155,3.263,3.148,3.249,194076954.0,626117647.0,,,sina:510880
2023-05-09,510880,,3.249,3.285,3.208,3.211,206046131.0,669668909.0,,,sina:510880
2023-05-10,510880,,3.2,3.212,3.132,3.143,172259637.0,544893190.0,,,sina:510880
2023-05-11,510880,,3.145,3.164,3.125,3.136,78337498.0,246173841.0,,,sina:510880
2023-05-12,510880,,3.136,3.163,3.11,3.123,92668900.0,290498742.0,,,sina:510880
2023-05-15,510880,,3.122,3.123,3.046,3.116,122320000.0,376965463.0,,,sina:510880
2023-05-16,510880,,3.113,3.138,3.091,3.096,79416149.0,247617056.0,,,sina:510880
2023-05-17,510880,,3.096,3.105,3.071,3.083,72269820.0,223115089.0,,,sina:510880
2023-05-18,510880,,3.085,3.129,3.084,3.111,65427820.0,203631845.0,,,sina:510880
2023-05-19,510880,,3.098,3.098,3.064,3.068,209455600.0,644546232.0,,,sina:510880
2023-05-22,510880,,3.065,3.076,3.045,3.058,69759400.0,213381011.0,,,sina:510880
2023-05-23,510880,,3.056,3.066,3.02,3.02,67180700.0,204377434.0,,,sina:510880
2023-05-24,510880,,3.018,3.018,2.974,2.978,96195399.0,287369302.0,,,sina:510880
2023-05-25,510880,,2.974,2.978,2.932,2.963,91052700.0,268765483.0,,,sina:510880
2023-05-26,510880,,2.96,2.999,2.946,2.991,105758900.0,314225158.0,,,sina:510880
2023-05-29,510880,,2.999,3.044,2.981,3.022,153613900.0,463052316.0,,,sina:510880
2023-05-30,510880,,3.016,3.029,2.98,3.021,80546630.0,242262389.0,,,sina:510880
2023-05-31,510880,,3.012,3.018,2.982,2.988,78721000.0,235788344.0,,,sina:510880
2023-06-01,510880,,2.99,3.011,2.971,2.985,64527800.0,192860693.0,,,sina:510880
2023-06-02,510880,,2.987,3.0,2.977,2.984,85495900.0,255216880.0,,,sina:510880
2023-06-05,510880,,2.985,3.005,2.973,3.002,61297600.0,183532760.0,,,sina:510880
2023-06-06,510880,,3.002,3.038,2.982,2.992,81204535.0,244827859.0,,,sina:510880
2023-06-07,510880,,2.991,3.028,2.976,3.023,97089500.0,292681837.0,,,sina:510880
2023-06-08,510880,,3.021,3.068,3.006,3.06,100371600.0,305208527.0,,,sina:510880
2023-06-09,510880,,3.058,3.059,3.032,3.041,60166000.0,183079655.0,,,sina:510880
2023-06-12,510880,,3.041,3.041,3.006,3.01,76298500.0,230181326.0,,,sina:510880
2023-06-13,510880,,3.004,3.017,2.998,3.003,49448020.0,148532062.0,,,sina:510880
2023-06-14,510880,,3.003,3.025,2.984,2.985,78180600.0,234506339.0,,,sina:510880
2023-06-15,510880,,2.988,2.997,2.98,2.994,58757000.0,175553046.0,,,sina:510880
2023-06-16,510880,,2.994,3.001,2.988,2.989,87889300.0,263149365.0,,,sina:510880
2023-06-19,510880,,2.989,2.99,2.95,2.952,103081422.0,305355734.0,,,sina:510880
2023-06-20,510880,,2.95,2.951,2.922,2.925,83787500.0,245848047.0,,,sina:510880
2023-06-21,510880,,2.924,2.938,2.905,2.908,95955209.0,280357291.0,,,sina:510880
2023-06-26,510880,,2.9,2.9,2.861,2.862,185650900.0,533908538.0,,,sina:510880
2023-06-27,510880,,2.862,2.92,2.862,2.915,114655500.0,331625619.0,,,sina:510880
2023-06-28,510880,,2.911,2.938,2.905,2.935,79024700.0,231038912.0,,,sina:510880
2023-06-29,510880,,2.934,2.943,2.918,2.933,76133400.0,223326056.0,,,sina:510880
2023-06-30,510880,,2.931,2.948,2.929,2.938,71608401.0,210589391.0,,,sina:510880
2023-07-03,510880,,2.94,2.975,2.94,2.973,97236200.0,287933595.0,,,sina:510880
2023-07-04,510880,,2.97,2.97,2.936,2.95,64226300.0,189330282.0,,,sina:510880
2023-07-05,510880,,2.944,2.957,2.933,2.948,109278300.0,322285370.0,,,sina:510880
2023-07-06,510880,,2.948,2.957,2.934,2.941,55686809.0,163866682.0,,,sina:510880
2023-07-07,510880,,2.936,2.961,2.932,2.959,59335022.0,175070563.0,,,sina:510880
2023-07-10,510880,,2.96,2.972,2.954,2.966,47931012.0,142027990.0,,,sina:510880
2023-07-11,510880,,2.968,2.973,2.95,2.964,40194180.0,119043555.0,,,sina:510880
2023-07-12,510880,,2.966,2.969,2.94,2.946,51387480.0,151754232.0,,,sina:510880
2023-07-13,510880,,2.95,2.981,2.948,2.977,66926200.0,198755934.0,,,sina:510880
2023-07-14,510880,,2.979,3.002,2.978,2.992,73284063.0,219133170.0,,,sina:510880
2023-07-17,510880,,2.983,2.983,2.96,2.975,46000300.0,136395587.0,,,sina:510880
2023-07-18,510880,,2.974,2.981,2.96,2.968,37397400.0,111046331.0,,,sina:510880
2023-07-19,510880,,2.965,2.988,2.965,2.987,47309100.0,140887349.0,,,sina:510880
2023-07-20,510880,,2.987,2.996,2.972,2.978,41569153.0,124019111.0,,,sina:510880
2023-07-21,510880,,2.974,2.984,2.967,2.978,37754200.0,112343994.0,,,sina:510880
2023-07-24,510880,,2.97,2.988,2.961,2.976,57460100.0,170934718.0,,,sina:510880
2023-07-25,510880,,2.993,3.019,2.993,3.018,107629214.0,324197418.0,,,sina:510880
2023-07-26,510880,,3.019,3.031,3.015,3.025,88312200.0,266949260.0,,,sina:510880
2023-07-27,510880,,3.024,3.058,3.019,3.034,102028283.0,310293894.0,,,sina:510880
2023-07-28,510880,,3.028,3.093,3.027,3.086,134814800.0,414367885.0,,,sina:510880
2023-07-31,510880,,3.101,3.134,3.093,3.106,115187491.0,357919395.0,,,sina:510880
2023-08-01,510880,,3.105,3.125,3.096,3.11,105422589.0,327903473.0,,,sina:510880
2023-08-02,510880,,3.108,3.108,3.065,3.071,92751100.0,285621180.0,,,sina:510880
2023-08-03,510880,,3.063,3.088,3.051,3.087,70156394.0,215303794.0,,,sina:510880
2023-08-04,510880,,3.097,3.112,3.073,3.076,90478000.0,279491037.0,,,sina:510880
2023-08-07,510880,,3.072,3.072,3.039,3.048,55295600.0,168500139.0,,,sina:510880
2023-08-08,510880,,3.042,3.059,3.033,3.043,55814500.0,169965281.0,,,sina:510880
2023-08-09,510880,,3.043,3.043,3.03,3.033,37008564.0,112315761.0,,,sina:510880
2023-08-10,510880,,3.033,3.065,3.029,3.054,40919500.0,124854924.0,,,sina:510880
2023-08-11,510880,,3.054,3.061,3.011,3.012,50088900.0,151592860.0,,,sina:510880
2023-08-14,510880,,2.997,3.012,2.972,3.006,81355151.0,243440080.0,,,sina:510880
2023-08-15,510880,,3.006,3.036,2.997,3.03,99455122.0,300584131.0,,,sina:510880
2023-08-16,510880,,3.025,3.043,3.006,3.029,74871978.0,226597756.0,,,sina:510880
2023-08-17,510880,,3.013,3.029,3.0,3.028,69016074.0,208002829.0,,,sina:510880
2023-08-18,510880,,3.024,3.058,3.023,3.029,78958046.0,239931265.0,,,sina:510880
2023-08-21,510880,,3.029,3.034,3.0,3.004,86661872.0,261038783.0,,,sina:510880
2023-08-22,510880,,3.005,3.031,2.993,3.022,82506000.0,248446640.0,,,sina:510880
2023-08-23,510880,,3.019,3.058,3.016,3.028,79397401.0,241209477.0,,,sina:510880
2023-08-24,510880,,3.028,3.039,3.007,3.012,72440000.0,218735083.0,,,sina:510880
2023-08-25,510880,,3.01,3.033,3.001,3.015,106847963.0,322352398.0,,,sina:510880
2023-08-28,510880,,3.15,3.168,3.047,3.057,172673199.0,531886076.0,,,sina:510880
2023-08-29,510880,,3.049,3.064,3.035,3.057,86003564.0,262486451.0,,,sina:510880
2023-08-30,510880,,3.057,3.057,3.016,3.027,92629001.0,280901441.0,,,sina:510880
2023-08-31,510880,,3.024,3.034,2.988,2.994,102337554.0,307111445.0,,,sina:510880
2023-09-01,510880,,2.995,3.028,2.995,3.022,66712669.0,201150060.0,,,sina:510880
2023-09-04,510880,,3.032,3.075,3.032,3.068,105903360.0,324183861.0,,,sina:510880
2023-09-05,510880,,3.068,3.068,3.034,3.044,61836014.0,188196574.0,,,sina:510880
2023-09-06,510880,,3.036,3.049,3.025,3.041,45688400.0,138699883.0,,,sina:510880
2023-09-07,510880,,3.04,3.057,3.031,3.033,72547621.0,220821934.0,,,sina:510880
2023-09-08,510880,,3.025,3.029,3.007,3.014,69540000.0,209658836.0,,,sina:510880
2023-09-11,510880,,3.015,3.039,3.014,3.035,46378225.0,140555589.0,,,sina:510880
2023-09-12,510880,,3.033,3.038,3.026,3.03,31238825.0,94657868.0,,,sina:510880
2023-09-13,510880,,3.033,3.057,3.033,3.045,71652376.0,218130039.0,,,sina:510880
2023-09-14,510880,,3.044,3.086,3.037,3.083,119430806.0,366654561.0,,,sina:510880
2023-09-15,510880,,3.085,3.11,3.072,3.085,104789693.0,323953456.0,,,sina:510880
2023-09-18,510880,,3.084,3.087,3.054,3.087,61768300.0,189560174.0,,,sina:510880
2023-09-19,510880,,3.085,3.113,3.082,3.108,73535350.0,228239533.0,,,sina:510880
2023-09-20,510880,,3.106,3.121,3.095,3.116,65517532.0,204077919.0,,,sina:510880
2023-09-21,510880,,3.107,3.123,3.095,3.097,104729399.0,324973555.0,,,sina:510880
2023-09-22,510880,,3.083,3.112,3.082,3.111,100762067.0,312511526.0,,,sina:510880
2023-09-25,510880,,3.107,3.125,3.095,3.105,86118600.0,268039907.0,,,sina:510880
2023-09-26,510880,,3.101,3.11,3.088,3.092,44600700.0,137978930.0,,,sina:510880
2023-09-27,510880,,3.091,3.097,3.075,3.081,71082300.0,219143618.0,,,sina:510880
2023-09-28,510880,,3.084,3.09,3.076,3.077,52079000.0,160507715.0,,,sina:510880
2023-10-09,510880,,3.077,3.078,3.042,3.072,66265900.0,202879871.0,,,sina:510880
2023-10-10,510880,,3.072,3.078,3.041,3.043,63708100.0,194512034.0,,,sina:510880
2023-10-11,510880,,3.047,3.051,3.026,3.034,76037100.0,230940816.0,,,sina:510880
2023-10-12,510880,,3.043,3.066,3.041,3.06,62037103.0,189335370.0,,,sina:510880
2023-10-13,510880,,3.046,3.065,3.037,3.056,53520215.0,163522910.0,,,sina:510880
2023-10-16,510880,,3.058,3.076,3.05,3.075,70751010.0,216776420.0,,,sina:510880
2023-10-17,510880,,3.073,3.076,3.059,3.071,39328200.0,120585680.0,,,sina:510880
2023-10-18,510880,,3.068,3.071,3.047,3.048,52982500.0,161883635.0,,,sina:510880
2023-10-19,510880,,3.039,3.043,3.0,3.003,91039100.0,274436031.0,,,sina:510880
2023-10-20,510880,,2.999,2.999,2.97,2.98,107055000.0,319540227.0,,,sina:510880
2023-10-23,510880,,2.979,2.983,2.935,2.95,80500862.0,238086559.0,,,sina:510880
2023-10-24,510880,,2.968,2.972,2.95,2.971,69351300.0,205279078.0,,,sina:510880
2023-10-25,510880,,2.987,3.003,2.981,2.994,83523800.0,249738015.0,,,sina:510880
2023-10-26,510880,,2.987,3.007,2.975,3.004,52428800.0,156824086.0,,,sina:510880
2023-10-27,510880,,3.004,3.027,2.998,3.015,80812200.0,243815269.0,,,sina:510880
2023-10-30,510880,,3.009,3.01,2.97,2.974,118171838.0,351932913.0,,,sina:510880
2023-10-31,510880,,2.972,2.983,2.961,2.982,53211888.0,158216602.0,,,sina:510880
2023-11-01,510880,,2.983,2.985,2.964,2.979,55255150.0,164238770.0,,,sina:510880
2023-11-02,510880,,2.979,2.998,2.977,2.988,53830712.0,161037369.0,,,sina:510880
2023-11-03,510880,,2.988,2.996,2.97,2.974,70046700.0,208714193.0,,,sina:510880
2023-11-06,510880,,2.974,2.978,2.948,2.955,172542660.0,509516531.0,,,sina:510880
2023-11-07,510880,,2.952,2.96,2.94,2.957,58693200.0,173182766.0,,,sina:510880
2023-11-08,510880,,2.953,2.963,2.945,2.956,50499789.0,149216320.0,,,sina:510880
2023-11-09,510880,,2.956,2.983,2.953,2.981,90250558.0,268600330.0,,,sina:510880
2023-11-10,510880,,2.971,2.979,2.957,2.973,50737294.0,150542193.0,,,sina:510880
2023-11-13,510880,,2.977,2.983,2.955,2.978,44482028.0,131909519.0,,,sina:510880
2023-11-14,510880,,2.978,2.981,2.96,2.968,44989800.0,133462722.0,,,sina:510880
2023-11-15,510880,,2.98,2.984,2.97,2.977,43642050.0,129854731.0,,,sina:510880
2023-11-16,510880,,2.977,2.985,2.968,2.979,54895312.0,163561653.0,,,sina:510880
2023-11-17,510880,,2.974,2.977,2.959,2.969,42546443.0,126158077.0,,,sina:510880
2023-11-20,510880,,2.97,2.978,2.962,2.973,46994700.0,139661371.0,,,sina:510880
2023-11-21,510880,,2.976,3.007,2.975,2.989,74451569.0,222860684.0,,,sina:510880
2023-11-22,510880,,2.983,3.0,2.981,2.981,62422629.0,186678900.0,,,sina:510880
2023-11-23,510880,,2.981,3.005,2.978,3.001,78975166.0,236404539.0,,,sina:510880
2023-11-24,510880,,2.998,3.015,2.998,3.009,54047416.0,162595960.0,,,sina:510880
2023-11-27,510880,,3.002,3.006,2.987,3.0,60792100.0,181918979.0,,,sina:510880
2023-11-28,510880,,2.996,2.996,2.978,2.994,47899900.0,143007650.0,,,sina:510880
2023-11-29,510880,,2.994,2.999,2.976,2.981,53477001.0,159578384.0,,,sina:510880
2023-11-30,510880,,2.977,2.991,2.975,2.99,45284200.0,135116873.0,,,sina:510880
2023-12-01,510880,,2.99,3.005,2.987,3.002,60824500.0,182432761.0,,,sina:510880
2023-12-04,510880,,3.002,3.014,2.996,3.008,66769900.0,200666266.0,,,sina:510880
2023-12-05,510880,,3.004,3.004,2.97,2.972,79642395.0,238037773.0,,,sina:510880
2023-12-06,510880,,2.973,2.974,2.941,2.969,68120100.0,201514304.0,,,sina:510880
2023-12-07,510880,,2.966,2.978,2.953,2.97,44796400.0,132906112.0,,,sina:510880
2023-12-08,510880,,2.97,2.982,2.955,2.971,45438800.0,134990555.0,,,sina:510880
2023-12-11,510880,,2.963,3.0,2.921,2.997,103498712.0,306446892.0,,,sina:510880
2023-12-12,510880,,2.991,3.01,2.98,3.009,79682300.0,238997947.0,,,sina:510880
2023-12-13,510880,,3.003,3.01,2.986,2.987,48040200.0,144041471.0,,,sina:510880
2023-12-14,510880,,2.997,3.006,2.98,2.995,59005900.0,176857125.0,,,sina:510880
2023-12-15,510880,,2.998,3.002,2.972,2.978,65631700.0,195802391.0,,,sina:510880
2023-12-18,510880,,2.972,2.99,2.962,2.975,49728912.0,148067048.0,,,sina:510880
2023-12-19,510880,,2.971,2.974,2.955,2.967,70795600.0,209782264.0,,,sina:510880
2023-12-20,510880,,2.97,2.987,2.961,2.965,66441112.0,197627032.0,,,sina:510880
2023-12-21,510880,,2.959,2.959,2.929,2.945,110704800.0,325507067.0,,,sina:510880
2023-12-22,510880,,2.946,2.959,2.933,2.941,78736042.0,231843127.0,,,sina:510880
2023-12-25,510880,,2.937,2.94,2.918,2.939,68357200.0,200047872.0,,,sina:510880
2023-12-26,510880,,2.938,2.957,2.919,2.922,81675800.0,239747051.0,,,sina:510880
2023-12-27,510880,,2.92,2.935,2.907,2.934,82812327.0,242209513.0,,,sina:510880
2023-12-28,510880,,2.934,2.938,2.908,2.916,157440300.0,459288706.0,,,sina:510880
2023-12-29,510880,,2.916,2.935,2.907,2.931,108213960.0,316097312.0,,,sina:510880
2024-01-02,510880,,2.931,2.983,2.93,2.97,145816989.0,432515576.0,,,sina:510880
2024-01-03,510880,,2.968,3.014,2.965,3.01,244179313.0,733444176.0,,,sina:510880
2024-01-04,510880,,3.008,3.04,3.003,3.034,246967953.0,747167919.0,,,sina:510880
2024-01-05,510880,,3.03,3.087,3.026,3.044,321240200.0,984456676.0,,,sina:510880
2024-01-08,510880,,3.04,3.042,3.013,3.015,119728400.0,362024466.0,,,sina:510880
2024-01-09,510880,,3.014,3.042,2.991,3.038,107309100.0,324000371.0,,,sina:510880
2024-01-10,510880,,3.026,3.045,3.019,3.023,85594400.0,258955427.0,,,sina:510880
2024-01-11,510880,,3.02,3.02,2.991,2.995,110549200.0,331815755.0,,,sina:510880
2024-01-12,510880,,2.995,3.017,2.99,3.01,112794000.0,339434882.0,,,sina:510880
2024-01-15,510880,,3.0,3.025,2.99,3.024,53472700.0,161052976.0,,,sina:510880
2024-01-16,510880,,3.022,3.036,3.009,3.034,106610355.0,322106829.0,,,sina:510880
2024-01-17,510880,,3.032,3.042,2.993,2.997,102852200.0,310917036.0,,,sina:510880
2024-01-18,510880,,2.993,2.993,2.9,2.972,291413900.0,857370693.0,,,sina:510880
2024-01-19,510880,,2.967,2.975,2.941,2.95,133033264.0,393130633.0,,,sina:510880
2024-01-22,510880,,2.95,2.952,2.842,2.881,306073753.0,885868183.0,,,sina:510880
2024-01-23,510880,,2.779,2.779,2.71,2.768,302400943.0,829643281.0,,,sina:510880
2024-01-24,510880,,2.773,2.845,2.766,2.836,162034243.0,452951071.0,,,sina:510880
2024-01-25,510880,,2.836,2.91,2.836,2.908,182523900.0,526075343.0,,,sina:510880
2024-01-26,510880,,2.905,2.955,2.901,2.949,201314024.0,590150297.0,,,sina:510880
2024-01-29,510880,,2.953,2.987,2.95,2.964,181188403.0,537473140.0,,,sina:510880
2024-01-30,510880,,2.95,2.978,2.925,2.93,222367359.0,655604462.0,,,sina:510880
2024-01-31,510880,,2.924,2.96,2.913,2.934,139043363.0,408451765.0,,,sina:510880
2024-02-01,510880,,2.923,2.926,2.894,2.904,103071600.0,299953702.0,,,sina:510880
2024-02-02,510880,,2.902,2.953,2.851,2.912,310794398.0,907374977.0,,,sina:510880
2024-02-05,510880,,2.896,2.94,2.861,2.918,193436841.0,561841598.0,,,sina:510880
2024-02-06,510880,,2.91,2.977,2.888,2.96,220979100.0,649425457.0,,,sina:510880
2024-02-07,510880,,2.959,3.006,2.931,3.004,211241868.0,629229074.0,,,sina:510880
2024-02-08,510880,,3.003,3.028,2.988,3.005,157435563.0,473782142.0,,,sina:510880
2024-02-19,510880,,3.007,3.079,2.983,3.075,209851897.0,638557517.0,,,sina:510880
2024-02-20,510880,,3.063,3.127,3.056,3.119,207746746.0,645505995.0,,,sina:510880
2024-02-21,510880,,3.111,3.154,3.102,3.112,217641302.0,681530656.0,,,sina:510880
2024-02-22,510880,,3.107,3.172,3.105,3.17,175098700.0,551476051.0,,,sina:510880
2024-02-23,510880,,3.168,3.187,3.141,3.152,176915000.0,558730587.0,,,sina:510880
2024-02-26,510880,,3.151,3.151,3.07,3.083,195111634.0,606051288.0,,,sina:510880
2024-02-27,510880,,3.071,3.109,3.061,3.1,97814640.0,302095035.0,,,sina:510880
2024-02-28,510880,,3.1,3.125,3.076,3.094,122426679.0,379135091.0,,,sina:510880
2024-02-29,510880,,3.076,3.114,3.072,3.112,98182151.0,303902063.0,,,sina:510880
2024-03-01,510880,,3.106,3.125,3.098,3.107,137353950.0,427297985.0,,,sina:510880
2024-03-04,510880,,3.108,3.136,3.093,3.134,109761600.0,342053833.0,,,sina:510880
2024-03-05,510880,,3.128,3.157,3.119,3.155,100365293.0,315548619.0,,,sina:510880
2024-03-06,510880,,3.151,3.181,3.148,3.153,85032795.0,269154706.0,,,sina:510880
2024-03-07,510880,,3.153,3.193,3.151,3.172,125412142.0,397966453.0,,,sina:510880
2024-03-08,510880,,3.173,3.195,3.154,3.189,134488700.0,427438924.0,,,sina:510880
2024-03-11,510880,,3.187,3.19,3.133,3.157,141793751.0,446909608.0,,,sina:510880
2024-03-12,510880,,3.151,3.151,3.072,3.086,202924309.0,627475471.0,,,sina:510880
2024-03-13,510880,,3.077,3.078,3.041,3.068,158809227.0,486439842.0,,,sina:510880
2024-03-14,510880,,3.059,3.083,3.051,3.077,101209032.0,310930649.0,,,sina:510880
2024-03-15,510880,,3.07,3.076,3.044,3.071,107864900.0,329546901.0,,,sina:510880
2024-03-18,510880,,3.068,3.068,3.04,3.054,158092500.0,481928019.0,,,sina:510880
2024-03-19,510880,,3.054,3.076,3.047,3.052,81260800.0,248644447.0,,,sina:510880
2024-03-20,510880,,3.051,3.067,3.031,3.058,105249153.0,321309390.0,,,sina:510880
2024-03-21,510880,,3.057,3.07,3.044,3.062,53729800.0,164432373.0,,,sina:510880
2024-03-22,510880,,3.06,3.07,3.041,3.068,121480900.0,371517272.0,,,sina:510880
2024-03-25,510880,,3.063,3.109,3.047,3.078,140359426.0,433327000.0,,,sina:510880
2024-03-26,510880,,3.072,3.08,3.043,3.061,104191700.0,318330435.0,,,sina:510880
2024-03-27,510880,,3.057,3.084,3.052,3.06,121895574.0,374451098.0,,,sina:510880
2024-03-28,510880,,3.058,3.062,3.03,3.052,127257400.0,387817807.0,,,sina:510880
2024-03-29,510880,,3.049,3.075,3.04,3.072,113915205.0,348914884.0,,,sina:510880
2024-04-01,510880,,3.07,3.072,3.057,3.067,72014321.0,220555190.0,,,sina:510880
2024-04-02,510880,,3.067,3.095,3.066,3.088,98249497.0,303191431.0,,,sina:510880
2024-04-03,510880,,3.088,3.127,3.084,3.125,132608200.0,412547985.0,,,sina:510880
2024-04-08,510880,,3.121,3.161,3.103,3.135,114964901.0,361079788.0,,,sina:510880
2024-04-09,510880,,3.132,3.148,3.104,3.12,92734700.0,289327266.0,,,sina:510880
2024-04-10,510880,,3.12,3.151,3.115,3.131,132532576.0,415578633.0,,,sina:510880
2024-04-11,510880,,3.123,3.186,3.118,3.171,128032500.0,404816747.0,,,sina:510880
2024-04-12,510880,,3.164,3.182,3.152,3.164,86256612.0,273314685.0,,,sina:510880
2024-04-15,510880,,3.165,3.232,3.156,3.23,142635870.0,457726472.0,,,sina:510880
2024-04-16,510880,,3.229,3.27,3.203,3.244,190940500.0,618443141.0,,,sina:510880
2024-04-17,510880,,3.226,3.282,3.203,3.277,172064263.0,558835097.0,,,sina:510880
2024-04-18,510880,,3.276,3.32,3.27,3.286,171600500.0,565504225.0,,,sina:510880
2024-04-19,510880,,3.274,3.325,3.267,3.308,214235900.0,707693956.0,,,sina:510880
2024-04-22,510880,,3.306,3.318,3.22,3.221,226259562.0,735673390.0,,,sina:510880
2024-04-23,510880,,3.207,3.216,3.162,3.173,170174600.0,541887570.0,,,sina:510880
2024-04-24,510880,,3.173,3.179,3.14,3.174,150520100.0,475262342.0,,,sina:510880
2024-04-25,510880,,3.166,3.194,3.161,3.193,100409299.0,319003727.0,,,sina:510880
2024-04-26,510880,,3.187,3.204,3.143,3.164,148548600.0,469800614.0,,,sina:510880
2024-04-29,510880,,3.15,3.153,3.1,3.13,189352927.0,591166881.0,,,sina:510880
2024-04-30,510880,,3.124,3.161,3.122,3.143,112682098.0,354444371.0,,,sina:510880
2024-05-06,510880,,3.148,3.161,3.128,3.16,132451471.0,417117574.0,,,sina:510880
2024-05-07,510880,,3.156,3.165,3.143,3.16,83915500.0,264589415.0,,,sina:510880
2024-05-08,510880,,3.158,3.192,3.154,3.182,134912900.0,428965922.0,,,sina:510880
2024-05-09,510880,,3.18,3.198,3.172,3.193,98165800.0,312695364.0,,,sina:510880
2024-05-10,510880,,3.19,3.212,3.182,3.212,106906190.0,341996408.0,,,sina:510880
2024-05-13,510880,,3.207,3.22,3.173,3.216,108676600.0,347573335.0,,,sina:510880
2024-05-14,510880,,3.211,3.214,3.184,3.203,114448501.0,366107123.0,,,sina:510880
2024-05-15,510880,,3.199,3.221,3.186,3.202,91991301.0,294878769.0,,,sina:510880
2024-05-16,510880,,3.201,3.223,3.199,3.209,115589511.0,371308246.0,,,sina:510880
2024-05-17,510880,,3.209,3.233,3.196,3.23,106958000.0,343177582.0,,,sina:510880
2024-05-20,510880,,3.228,3.277,3.228,3.269,108426500.0,352499537.0,,,sina:510880
2024-05-21,510880,,3.261,3.292,3.259,3.285,88676206.0,290865366.0,,,sina:510880
2024-05-22,510880,,3.286,3.317,3.284,3.285,130201490.0,429529429.0,,,sina:510880
2024-05-23,510880,,3.275,3.28,3.236,3.243,137971800.0,448857690.0,,,sina:510880
2024-05-24,510880,,3.239,3.277,3.231,3.238,116394730.0,379070814.0,,,sina:510880
2024-05-27,510880,,3.24,3.295,3.24,3.295,103511600.0,339238701.0,,,sina:510880
2024-05-28,510880,,3.29,3.303,3.273,3.286,119592706.0,393670913.0,,,sina:510880
2024-05-29,510880,,3.28,3.316,3.274,3.289,133830250.0,441131422.0,,,sina:510880
2024-05-30,510880,,3.279,3.307,3.257,3.266,119783400.0,392687175.0,,,sina:510880
2024-05-31,510880,,3.265,3.288,3.265,3.273,63365200.0,207572224.0,,,sina:510880
2024-06-03,510880,,3.268,3.269,3.226,3.242,102457700.0,332403966.0,,,sina:510880
2024-06-04,510880,,3.238,3.258,3.223,3.255,84725163.0,274771920.0,,,sina:510880
2024-06-05,510880,,3.253,3.259,3.213,3.217,88543175.0,286385124.0,,,sina:510880
2024-06-06,510880,,3.217,3.25,3.216,3.234,77010590.0,248989697.0,,,sina:510880
2024-06-07,510880,,3.232,3.262,3.232,3.261,77525000.0,251902045.0,,,sina:510880
2024-06-11,510880,,3.259,3.26,3.189,3.205,118279470.0,380005617.0,,,sina:510880
2024-06-12,510880,,3.199,3.25,3.184,3.246,100102600.0,322266154.0,,,sina:510880
2024-06-13,510880,,3.24,3.246,3.207,3.218,70373900.0,226662702.0,,,sina:510880
2024-06-14,510880,,3.217,3.232,3.206,3.223,83118700.0,267653356.0,,,sina:510880
2024-06-17,510880,,3.215,3.225,3.173,3.181,118964900.0,379494049.0,,,sina:510880
2024-06-18,510880,,3.181,3.193,3.158,3.188,76288055.0,242461141.0,,,sina:510880
2024-06-19,510880,,3.187,3.201,3.18,3.188,64572000.0,206053855.0,,,sina:510880
2024-06-20,510880,,3.186,3.202,3.181,3.194,63729083.0,203378892.0,,,sina:510880
2024-06-21,510880,,3.192,3.204,3.182,3.199,74075300.0,236594818.0,,,sina:510880
2024-06-24,510880,,3.191,3.191,3.143,3.157,93449500.0,295363246.0,,,sina:510880
2024-06-25,510880,,3.156,3.182,3.155,3.17,72398700.0,229236035.0,,,sina:510880
2024-06-26,510880,,3.169,3.181,3.152,3.178,67598900.0,214021107.0,,,sina:510880
2024-06-27,510880,,3.178,3.191,3.165,3.178,83666100.0,266049053.0,,,sina:510880
2024-06-28,510880,,3.176,3.209,3.169,3.201,79768726.0,254985981.0,,,sina:510880
2024-07-01,510880,,3.195,3.272,3.192,3.269,153585806.0,499009361.0,,,sina:510880
2024-07-02,510880,,3.267,3.28,3.245,3.271,81739180.0,266958356.0,,,sina:510880
2024-07-03,510880,,3.271,3.278,3.243,3.249,81225300.0,264655992.0,,,sina:510880
2024-07-04,510880,,3.249,3.263,3.229,3.235,66402000.0,215325824.0,,,sina:510880
2024-07-05,510880,,3.235,3.244,3.2,3.218,115719800.0,371881325.0,,,sina:510880
2024-07-08,510880,,3.217,3.227,3.2,3.207,82272100.0,264212320.0,,,sina:510880
2024-07-09,510880,,3.206,3.235,3.183,3.233,96999700.0,311501408.0,,,sina:510880
2024-07-10,510880,,3.227,3.228,3.163,3.167,151426000.0,481635213.0,,,sina:510880
2024-07-11,510880,,3.17,3.179,3.151,3.162,140520499.0,443982393.0,,,sina:510880
2024-07-12,510880,,3.162,3.18,3.151,3.158,86935464.0,274879380.0,,,sina:510880
2024-07-15,510880,,3.152,3.198,3.138,3.195,101107233.0,321323695.0,,,sina:510880
2024-07-16,510880,,3.191,3.198,3.168,3.182,79006789.0,251130425.0,,,sina:510880
2024-07-17,510880,,3.18,3.186,3.157,3.169,63820379.0,201954786.0,,,sina:510880
2024-07-18,510880,,3.166,3.174,3.137,3.173,89881800.0,283359890.0,,,sina:510880
2024-07-19,510880,,3.164,3.166,3.132,3.15,113611200.0,357154250.0,,,sina:510880
2024-07-22,510880,,3.143,3.143,3.091,3.118,174559436.0,543203072.0,,,sina:510880
2024-07-23,510880,,3.113,3.119,3.093,3.097,73947100.0,229830204.0,,,sina:510880
2024-07-24,510880,,3.094,3.107,3.081,3.099,77790100.0,240726775.0,,,sina:510880
2024-07-25,510880,,3.09,3.093,3.06,3.085,98300900.0,302561240.0,,,sina:510880
2024-07-26,510880,,3.081,3.088,3.051,3.067,80586431.0,247013868.0,,,sina:510880
2024-07-29,510880,,3.06,3.08,3.053,3.079,56212900.0,172570612.0,,,sina:510880
2024-07-30,510880,,3.075,3.076,3.052,3.064,54735300.0,167497865.0,,,sina:510880
2024-07-31,510880,,3.063,3.095,3.059,3.093,99866400.0,307491908.0,,,sina:510880
2024-08-01,510880,,3.093,3.106,3.084,3.096,59219600.0,183314308.0,,,sina:510880
2024-08-02,510880,,3.082,3.1,3.068,3.088,86214600.0,266371163.0,,,sina:510880
2024-08-05,510880,,3.082,3.088,3.043,3.047,112849100.0,345893056.0,,,sina:510880
2024-08-06,510880,,3.048,3.066,3.013,3.036,107981562.0,327458332.0,,,sina:510880
2024-08-07,510880,,3.025,3.063,3.023,3.048,75656800.0,230656971.0,,,sina:510880
2024-08-08,510880,,3.048,3.063,3.038,3.059,65790400.0,200808544.0,,,sina:510880
2024-08-09,510880,,3.059,3.065,3.044,3.048,81646700.0,249206238.0,,,sina:510880
2024-08-12,510880,,3.043,3.075,3.035,3.068,72191773.0,221021131.0,,,sina:510880
2024-08-13,510880,,3.064,3.076,3.05,3.069,96106607.0,294386057.0,,,sina:510880
2024-08-14,510880,,3.068,3.075,3.057,3.062,46971472.0,144050369.0,,,sina:510880
2024-08-15,510880,,3.06,3.098,3.053,3.091,86941756.0,268150604.0,,,sina:510880
2024-08-16,510880,,3.091,3.103,3.083,3.096,58437100.0,180875895.0,,,sina:510880
2024-08-19,510880,,3.095,3.128,3.092,3.126,88244900.0,275316304.0,,,sina:510880
2024-08-20,510880,,3.128,3.13,3.076,3.091,86662300.0,268071028.0,,,sina:510880
2024-08-21,510880,,3.085,3.086,3.04,3.058,94565686.0,288945858.0,,,sina:510880
2024-08-22,510880,,3.056,3.074,3.05,3.061,74396800.0,227956652.0,,,sina:510880
2024-08-23,510880,,3.06,3.07,3.045,3.059,66242775.0,202301178.0,,,sina:510880
2024-08-26,510880,,3.056,3.059,3.026,3.043,73755728.0,223879047.0,,,sina:510880
2024-08-27,510880,,3.038,3.054,3.035,3.05,50812698.0,154827183.0,,,sina:510880
2024-08-28,510880,,3.045,3.058,3.028,3.037,50305100.0,152913498.0,,,sina:510880
2024-08-29,510880,,3.035,3.035,2.976,2.981,122878200.0,367673933.0,,,sina:510880
2024-08-30,510880,,2.979,3.012,2.956,2.99,115116000.0,343487081.0,,,sina:510880
2024-09-02,510880,,2.984,3.022,2.954,3.005,97341900.0,292124401.0,,,sina:510880
2024-09-03,510880,,3.003,3.013,2.959,2.978,112622400.0,334918991.0,,,sina:510880
2024-09-04,510880,,2.97,2.984,2.952,2.977,64247500.0,190762708.0,,,sina:510880
2024-09-05,510880,,2.974,2.988,2.966,2.979,51889455.0,154374591.0,,,sina:510880
2024-09-06,510880,,2.98,2.991,2.953,2.955,65942853.0,195875597.0,,,sina:510880
2024-09-09,510880,,2.946,2.948,2.891,2.9,117983600.0,343230502.0,,,sina:510880
2024-09-10,510880,,2.899,2.912,2.883,2.907,97889100.0,283409499.0,,,sina:510880
2024-09-11,510880,,2.902,2.902,2.83,2.843,148072830.0,422393854.0,,,sina:510880
2024-09-12,510880,,2.84,2.864,2.83,2.853,175512200.0,500124280.0,,,sina:510880
2024-09-13,510880,,2.851,2.876,2.842,2.845,132952450.0,380204794.0,,,sina:510880
2024-09-18,510880,,2.844,2.882,2.842,2.878,98923500.0,282934205.0,,,sina:510880
2024-09-19,510880,,2.879,2.886,2.849,2.873,98601100.0,282940216.0,,,sina:510880
2024-09-20,510880,,2.872,2.879,2.856,2.874,61729600.0,176994157.0,,,sina:510880
2024-09-23,510880,,2.87,2.912,2.865,2.905,90240600.0,261275260.0,,,sina:510880
2024-09-24,510880,,2.932,3.04,2.92,3.039,249189600.0,746372074.0,,,sina:510880
2024-09-25,510880,,3.086,3.149,3.079,3.085,347754517.0,1082686965.0,,,sina:510880
2024-09-26,510880,,3.079,3.194,3.074,3.189,297067851.0,932807748.0,,,sina:510880
2024-09-27,510880,,3.224,3.253,3.138,3.178,241338400.0,768259732.0,,,sina:510880
2024-09-30,510880,,3.255,3.433,3.232,3.399,587413977.0,1951601206.0,,,sina:510880
2024-10-08,510880,,3.731,3.731,3.316,3.404,507637798.0,1766260048.0,,,sina:510880
2024-10-09,510880,,3.37,3.37,3.146,3.148,269941474.0,869561173.0,,,sina:510880
2024-10-10,510880,,3.148,3.345,3.148,3.27,403220818.0,1319200654.0,,,sina:510880
2024-10-11,510880,,3.272,3.3,3.195,3.226,265261600.0,862469389.0,,,sina:510880
2024-10-14,510880,,3.238,3.334,3.238,3.312,231364800.0,762403772.0,,,sina:510880
2024-10-15,510880,,3.3,3.308,3.229,3.231,190007400.0,621221100.0,,,sina:510880
2024-10-16,510880,,3.213,3.3,3.209,3.279,170885400.0,558279644.0,,,sina:510880
2024-10-17,510880,,3.278,3.302,3.228,3.231,138273900.0,450750236.0,,,sina:510880
2024-10-18,510880,,3.225,3.287,3.181,3.252,238583443.0,770905583.0,,,sina:510880
2024-10-21,510880,,3.255,3.26,3.211,3.232,207138769.0,668863440.0,,,sina:510880
2024-10-22,510880,,3.232,3.258,3.218,3.244,115096213.0,372895639.0,,,sina:510880
2024-10-23,510880,,3.244,3.255,3.232,3.245,147476000.0,478138345.0,,,sina:510880
2024-10-24,510880,,3.239,3.241,3.216,3.226,153592613.0,495789574.0,,,sina:510880
2024-10-25,510880,,3.226,3.234,3.214,3.224,115292800.0,371592637.0,,,sina:510880
2024-10-28,510880,,3.221,3.246,3.214,3.245,163889200.0,529689427.0,,,sina:510880
2024-10-29,510880,,3.243,3.25,3.192,3.2,143261100.0,460595983.0,,,sina:510880
2024-10-30,510880,,3.2,3.205,3.146,3.165,146092600.0,462622652.0,,,sina:510880
2024-10-31,510880,,3.164,3.164,3.117,3.146,134801800.0,423354446.0,,,sina:510880
2024-11-01,510880,,3.14,3.193,3.136,3.175,195546600.0,620888484.0,,,sina:510880
2024-11-04,510880,,3.18,3.192,3.143,3.189,90916706.0,288044828.0,,,sina:510880
2024-11-05,510880,,3.188,3.218,3.179,3.218,137628278.0,440700142.0,,,sina:510880
2024-11-06,510880,,3.218,3.218,3.178,3.19,202193074.0,645621491.0,,,sina:510880
2024-11-07,510880,,3.181,3.26,3.177,3.259,183247500.0,590799638.0,,,sina:510880
2024-11-08,510880,,3.266,3.278,3.207,3.226,171141067.0,553405289.0,,,sina:510880
2024-11-11,510880,,3.22,3.22,3.172,3.193,179443532.0,571324327.0,,,sina:510880
2024-11-12,510880,,3.19,3.215,3.16,3.173,186292600.0,594122359.0,,,sina:510880
2024-11-13,510880,,3.17,3.196,3.162,3.193,138758400.0,441594912.0,,,sina:510880
2024-11-14,510880,,3.188,3.199,3.163,3.167,133618400.0,425095871.0,,,sina:510880
2024-11-15,510880,,3.16,3.195,3.155,3.17,226436200.0,719396361.0,,,sina:510880
2024-11-18,510880,,3.187,3.26,3.185,3.218,272079820.0,879480495.0,,,sina:510880
2024-11-19,510880,,3.218,3.229,3.18,3.209,232906567.0,745195537.0,,,sina:510880
2024-11-20,510880,,3.205,3.216,3.195,3.215,110815723.0,355272026.0,,,sina:510880
2024-11-21,510880,,3.21,3.222,3.205,3.218,91284152.0,293282711.0,,,sina:510880
2024-11-22,510880,,3.218,3.231,3.137,3.142,197781147.0,628523274.0,,,sina:510880
2024-11-25,510880,,3.142,3.173,3.133,3.148,202268832.0,636641287.0,,,sina:510880
2024-11-26,510880,,3.142,3.17,3.135,3.159,88939542.0,280983607.0,,,sina:510880
2024-11-27,510880,,3.159,3.191,3.125,3.189,224876200.0,711555586.0,,,sina:510880
2024-11-28,510880,,3.185,3.2,3.179,3.186,92765311.0,295960702.0,,,sina:510880
2024-11-29,510880,,3.185,3.214,3.185,3.201,123905600.0,396986685.0,,,sina:510880
2024-12-02,510880,,3.209,3.213,3.183,3.209,121409100.0,388125396.0,,,sina:510880
2024-12-03,510880,,3.202,3.245,3.193,3.241,243412596.0,785749045.0,,,sina:510880
2024-12-04,510880,,3.238,3.28,3.22,3.266,262912500.0,856472737.0,,,sina:510880
2024-12-05,510880,,3.264,3.27,3.252,3.259,249777833.0,814408173.0,,,sina:510880
2024-12-06,510880,,3.259,3.313,3.259,3.302,328714635.0,1083884518.0,,,sina:510880
2024-12-09,510880,,3.302,3.33,3.288,3.31,250858000.0,831408475.0,,,sina:510880
2024-12-10,510880,,3.35,3.371,3.3,3.306,404395135.0,1346996877.0,,,sina:510880
2024-12-11,510880,,3.302,3.325,3.3,3.319,129654653.0,429677946.0,,,sina:510880
2024-12-12,510880,,3.321,3.328,3.309,3.325,128889953.0,427887083.0,,,sina:510880
2024-12-13,510880,,3.322,3.322,3.28,3.288,191578400.0,631300359.0,,,sina:510880
2024-12-16,510880,,3.285,3.338,3.281,3.317,190872500.0,632894247.0,,,sina:510880
2024-12-17,510880,,3.308,3.336,3.302,3.312,176041100.0,584300688.0,,,sina:510880
2024-12-18,510880,,3.319,3.35,3.317,3.332,196912001.0,656843420.0,,,sina:510880
2024-12-19,510880,,3.32,3.321,3.278,3.292,181173800.0,597160320.0,,,sina:510880
2024-12-20,510880,,3.284,3.298,3.262,3.264,142620200.0,466696688.0,,,sina:510880
2024-12-23,510880,,3.26,3.302,3.26,3.278,161772811.0,531636042.0,,,sina:510880
2024-12-24,510880,,3.278,3.316,3.273,3.311,163945800.0,541523489.0,,,sina:510880
2024-12-25,510880,,3.311,3.334,3.305,3.326,169528800.0,563198679.0,,,sina:510880
2024-12-26,510880,,3.327,3.329,3.304,3.316,161861100.0,535843856.0,,,sina:510880
2024-12-27,510880,,3.308,3.317,3.282,3.315,151024500.0,498771822.0,,,sina:510880
2024-12-30,510880,,3.314,3.365,3.31,3.362,249438901.0,835007238.0,,,sina:510880
2024-12-31,510880,,3.363,3.388,3.345,3.351,242627000.0,816818217.0,,,sina:510880
2025-01-02,510880,,3.351,3.368,3.255,3.279,291280800.0,963523375.0,,,sina:510880
2025-01-03,510880,,3.282,3.29,3.238,3.248,312030900.0,1017359129.0,,,sina:510880
2025-01-06,510880,,3.243,3.249,3.21,3.248,159646100.0,515785771.0,,,sina:510880
2025-01-07,510880,,3.247,3.247,3.2,3.234,164322500.0,528765167.0,,,sina:510880
2025-01-08,510880,,3.225,3.243,3.194,3.228,128830000.0,414840256.0,,,sina:510880
2025-01-09,510880,,3.222,3.222,3.18,3.184,191348601.0,610367009.0,,,sina:510880
2025-01-10,510880,,3.185,3.193,3.15,3.151,211617600.0,669076458.0,,,sina:510880
2025-01-13,510880,,3.14,3.152,3.11,3.124,136759300.0,427664333.0,,,sina:510880
2025-01-14,510880,,3.125,3.179,3.123,3.174,201953700.0,637514555.0,,,sina:510880
2025-01-15,510880,,3.174,3.211,3.169,3.183,143646700.0,457884994.0,,,sina:510880
2025-01-16,510880,,3.188,3.219,3.188,3.213,134217000.0,430139438.0,,,sina:510880
2025-01-17,510880,,3.21,3.212,3.181,3.196,133009600.0,425256965.0,,,sina:510880
2025-01-20,510880,,3.196,3.206,3.18,3.185,161191701.0,514639382.0,,,sina:510880
2025-01-21,510880,,3.053,3.055,3.017,3.027,217611460.0,659378954.0,,,sina:510880
2025-01-22,510880,,3.027,3.027,2.996,3.003,129926501.0,390232798.0,,,sina:510880
2025-01-23,510880,,3.019,3.063,3.019,3.052,207932337.0,633230475.0,,,sina:510880
2025-01-24,510880,,3.045,3.077,3.031,3.067,176820420.0,540343135.0,,,sina:510880
2025-01-27,510880,,3.067,3.114,3.067,3.105,140551700.0,435627010.0,,,sina:510880
2025-02-05,510880,,3.106,3.111,3.036,3.043,234095900.0,715366927.0,,,sina:510880
2025-02-06,510880,,3.041,3.049,3.02,3.041,252298000.0,764346957.0,,,sina:510880
2025-02-07,510880,,3.041,3.061,3.023,3.054,277715501.0,845621577.0,,,sina:510880
2025-02-10,510880,,3.05,3.052,3.037,3.047,218705949.0,665773849.0,,,sina:510880
2025-02-11,510880,,3.047,3.061,3.045,3.06,179773401.0,549307825.0,,,sina:510880
2025-02-12,510880,,3.061,3.064,3.045,3.062,181305700.0,553650356.0,,,sina:510880
2025-02-13,510880,,3.06,3.074,3.057,3.065,208861300.0,640334377.0,,,sina:510880
2025-02-14,510880,,3.064,3.07,3.051,3.068,225514046.0,689851319.0,,,sina:510880
2025-02-17,510880,,3.068,3.071,3.042,3.055,193882163.0,591055793.0,,,sina:510880
2025-02-18,510880,,3.053,3.071,3.043,3.053,249105369.0,761812600.0,,,sina:510880
2025-02-19,510880,,3.048,3.05,3.03,3.035,223587300.0,678959018.0,,,sina:510880
2025-02-20,510880,,3.03,3.033,3.02,3.022,196738500.0,594853971.0,,,sina:510880
2025-02-21,510880,,3.023,3.027,2.995,3.0,352205600.0,1058072446.0,,,sina:510880
2025-02-24,510880,,2.999,3.002,2.981,2.996,235457477.0,704388238.0,,,sina:510880
2025-02-25,510880,,2.991,3.0,2.972,2.975,208777400.0,623072744.0,,,sina:510880
2025-02-26,510880,,2.975,3.008,2.975,3.001,207659401.0,622448532.0,,,sina:510880
2025-02-27,510880,,3.002,3.028,2.996,3.028,187680756.0,565650501.0,,,sina:510880
2025-02-28,510880,,3.027,3.039,3.007,3.01,163965650.0,495345853.0,,,sina:510880
2025-03-03,510880,,3.01,3.019,2.996,2.997,205102343.0,615784707.0,,,sina:510880
2025-03-04,510880,,2.997,3.002,2.983,2.996,97408000.0,291657495.0,,,sina:510880
2025-03-05,510880,,2.996,3.004,2.984,3.004,113282400.0,339089688.0,,,sina:510880
2025-03-06,510880,,3.004,3.007,2.985,2.998,172287800.0,515598502.0,,,sina:510880
2025-03-07,510880,,2.996,3.007,2.992,2.997,224683269.0,673568017.0,,,sina:510880
2025-03-10,510880,,2.995,3.002,2.985,3.001,136822900.0,409759286.0,,,sina:510880
2025-03-11,510880,,2.993,3.023,2.986,3.022,188485969.0,566783383.0,,,sina:510880
2025-03-12,510880,,3.022,3.026,3.011,3.018,102018427.0,307969053.0,,,sina:510880
2025-03-13,510880,,3.014,3.047,3.013,3.046,205799156.0,625036125.0,,,sina:510880
2025-03-14,510880,,3.043,3.077,3.041,3.068,241624061.0,740449971.0,,,sina:510880
2025-03-17,510880,,3.069,3.081,3.063,3.077,136369884.0,419182885.0,,,sina:510880
2025-03-18,510880,,3.077,3.079,3.054,3.065,134980698.0,413544469.0,,,sina:510880
2025-03-19,510880,,3.061,3.07,3.051,3.066,100744501.0,308412086.0,,,sina:510880
2025-03-20,510880,,3.066,3.077,3.058,3.061,191114200.0,585948012.0,,,sina:510880
2025-03-21,510880,,3.058,3.08,3.043,3.055,174555717.0,534916071.0,,,sina:510880
2025-03-24,510880,,3.054,3.08,3.054,3.078,146219701.0,448782776.0,,,sina:510880
2025-03-25,510880,,3.073,3.1,3.072,3.1,169054626.0,522325495.0,,,sina:510880
2025-03-26,510880,,3.096,3.103,3.084,3.101,171399001.0,530788815.0,,,sina:510880
2025-03-27,510880,,3.1,3.105,3.091,3.099,93902700.0,291081985.0,,,sina:510880
2025-03-28,510880,,3.095,3.099,3.074,3.082,157192901.0,484495058.0,,,sina:510880
2025-03-31,510880,,3.079,3.095,3.067,3.073,150717500.0,464119231.0,,,sina:510880
2025-04-01,510880,,3.071,3.098,3.07,3.097,113641700.0,350848542.0,,,sina:510880
2025-04-02,510880,,3.097,3.116,3.092,3.112,133127236.0,413946188.0,,,sina:510880
2025-04-03,510880,,3.098,3.12,3.089,3.117,145169479.0,451452176.0,,,sina:510880
2025-04-07,510880,,3.05,3.053,2.875,2.938,471864511.0,1400235161.0,,,sina:510880
2025-04-08,510880,,2.939,3.003,2.938,3.003,298132600.0,888849289.0,,,sina:510880
2025-04-09,510880,,2.983,3.012,2.945,3.007,268858300.0,801625258.0,,,sina:510880
2025-04-10,510880,,3.02,3.048,3.01,3.038,291703000.0,885372931.0,,,sina:510880
2025-04-11,510880,,3.03,3.031,3.013,3.023,120779888.0,365078983.0,,,sina:510880
2025-04-14,510880,,3.023,3.055,3.02,3.051,123122425.0,374237437.0,,,sina:510880
2025-04-15,510880,,3.051,3.067,3.044,3.066,118990570.0,363495779.0,,,sina:510880
2025-04-16,510880,,3.063,3.084,3.056,3.082,147468500.0,452387325.0,,,sina:510880
2025-04-17,510880,,3.078,3.078,3.061,3.075,81058528.0,248877279.0,,,sina:510880
2025-04-18,510880,,3.067,3.08,3.066,3.077,83169155.0,255559322.0,,,sina:510880
2025-04-21,510880,,3.075,3.094,3.065,3.067,97844810.0,301075505.0,,,sina:510880
2025-04-22,510880,,3.064,3.082,3.063,3.077,125932900.0,387436756.0,,,sina:510880
2025-04-23,510880,,3.077,3.08,3.058,3.061,106024706.0,324950805.0,,,sina:510880
2025-04-24,510880,,3.06,3.081,3.055,3.074,95897590.0,294733956.0,,,sina:510880
2025-04-25,510880,,3.072,3.079,3.064,3.071,70100003.0,215152749.0,,,sina:510880
2025-04-28,510880,,3.07,3.077,3.06,3.074,118311494.0,363368046.0,,,sina:510880
2025-04-29,510880,,3.071,3.076,3.057,3.062,79978494.0,245018119.0,,,sina:510880
2025-04-30,510880,,3.062,3.062,3.034,3.038,117201200.0,356508256.0,,,sina:510880
2025-05-06,510880,,3.04,3.043,3.02,3.03,116445701.0,352428894.0,,,sina:510880
2025-05-07,510880,,3.043,3.055,3.036,3.049,168755169.0,513728435.0,,,sina:510880
2025-05-08,510880,,3.049,3.059,3.04,3.053,89909801.0,274413601.0,,,sina:510880
2025-05-09,510880,,3.051,3.074,3.05,3.07,129185300.0,396206112.0,,,sina:510880
2025-05-12,510880,,3.073,3.084,3.067,3.083,91184195.0,280634398.0,,,sina:510880
2025-05-13,510880,,3.09,3.107,3.083,3.105,198210201.0,614150598.0,,,sina:510880
2025-05-14,510880,,3.101,3.134,3.095,3.133,197015500.0,614422151.0,,,sina:510880
2025-05-15,510880,,3.132,3.145,3.123,3.124,141456107.0,442995927.0,,,sina:510880
2025-05-16,510880,,3.118,3.123,3.09,3.106,86700630.0,268988030.0,,,sina:510880
2025-05-19,510880,,3.106,3.121,3.104,3.117,86716277.0,270282355.0,,,sina:510880
2025-05-20,510880,,3.118,3.127,3.112,3.121,91527828.0,285541297.0,,,sina:510880
2025-05-21,510880,,3.121,3.158,3.12,3.15,115707933.0,364002124.0,,,sina:510880
2025-05-22,510880,,3.147,3.157,3.137,3.151,72560286.0,228471311.0,,,sina:510880
2025-05-23,510880,,3.152,3.168,3.122,3.123,89887004.0,282705233.0,,,sina:510880
2025-05-26,510880,,3.119,3.128,3.102,3.107,95942718.0,298445311.0,,,sina:510880
2025-05-27,510880,,3.105,3.114,3.087,3.095,75818830.0,235010069.0,,,sina:510880
2025-05-28,510880,,3.095,3.103,3.086,3.1,55699568.0,172392932.0,,,sina:510880
2025-05-29,510880,,3.1,3.11,3.097,3.108,71506852.0,221997032.0,,,sina:510880
2025-05-30,510880,,3.104,3.123,3.104,3.122,80482384.0,250818749.0,,,sina:510880
2025-06-03,510880,,3.118,3.139,3.103,3.134,74922500.0,234014853.0,,,sina:510880
2025-06-04,510880,,3.135,3.142,3.124,3.142,69241081.0,217069614.0,,,sina:510880
2025-06-05,510880,,3.14,3.149,3.116,3.124,78906418.0,246694544.0,,,sina:510880
2025-06-06,510880,,3.124,3.138,3.12,3.124,111079251.0,347082120.0,,,sina:510880
2025-06-09,510880,,3.124,3.129,3.11,3.128,75424100.0,235332325.0,,,sina:510880
2025-06-10,510880,,3.125,3.148,3.118,3.133,106585668.0,334252841.0,,,sina:510880
2025-06-11,510880,,3.131,3.144,3.129,3.142,63494630.0,199338142.0,,,sina:510880
2025-06-12,510880,,3.142,3.143,3.133,3.14,51247128.0,160803595.0,,,sina:510880
2025-06-13,510880,,3.139,3.143,3.119,3.125,125091346.0,391104908.0,,,sina:510880
2025-06-16,510880,,3.121,3.132,3.117,3.131,60081687.0,187725550.0,,,sina:510880
2025-06-17,510880,,3.131,3.138,3.126,3.134,60362136.0,189105442.0,,,sina:510880
2025-06-18,510880,,3.132,3.14,3.122,3.138,69871022.0,219000791.0,,,sina:510880
2025-06-19,510880,,3.137,3.137,3.118,3.124,73519113.0,229796892.0,,,sina:510880
2025-06-20,510880,,3.124,3.145,3.124,3.14,91566508.0,287317349.0,,,sina:510880
2025-06-23,510880,,3.136,3.159,3.118,3.153,111588538.0,350443162.0,,,sina:510880
2025-06-24,510880,,3.145,3.16,3.139,3.157,102083849.0,321835872.0,,,sina:510880
2025-06-25,510880,,3.158,3.178,3.147,3.173,133355588.0,421989600.0,,,sina:510880
2025-06-26,510880,,3.17,3.185,3.165,3.18,98276704.0,312154800.0,,,sina:510880
2025-06-27,510880,,3.179,3.193,3.147,3.154,127815823.0,404722320.0,,,sina:510880
2025-06-30,510880,,3.148,3.155,3.14,3.152,136603834.0,429836144.0,,,sina:510880
2025-07-01,510880,,3.152,3.176,3.151,3.175,99495111.0,315150085.0,,,sina:510880
2025-07-02,510880,,3.177,3.2,3.175,3.199,117885402.0,376313306.0,,,sina:510880
2025-07-03,510880,,3.197,3.207,3.188,3.198,108784637.0,348047433.0,,,sina:510880
2025-07-04,510880,,3.197,3.233,3.196,3.222,167707650.0,539974042.0,,,sina:510880
2025-07-07,510880,,3.219,3.235,3.207,3.235,95827567.0,308935440.0,,,sina:510880
2025-07-08,510880,,3.232,3.242,3.218,3.229,71753460.0,231601535.0,,,sina:510880
2025-07-09,510880,,3.228,3.252,3.226,3.245,78020949.0,253102861.0,,,sina:510880
2025-07-10,510880,,3.244,3.277,3.243,3.271,75563978.0,246576780.0,,,sina:510880
2025-07-11,510880,,3.27,3.287,3.25,3.25,136776468.0,447220525.0,,,sina:510880
2025-07-14,510880,,3.247,3.284,3.246,3.272,108586124.0,355275711.0,,,sina:510880
2025-07-15,510880,,3.268,3.272,3.226,3.233,124622482.0,403984389.0,,,sina:510880
2025-07-16,510880,,3.232,3.234,3.205,3.221,165737333.0,533075010.0,,,sina:510880
2025-07-17,510880,,3.219,3.225,3.204,3.212,108941068.0,349830234.0,,,sina:510880
2025-07-18,510880,,3.212,3.228,3.211,3.226,80614306.0,259717719.0,,,sina:510880
2025-07-21,510880,,3.226,3.248,3.225,3.247,100531310.0,325907446.0,,,sina:510880
2025-07-22,510880,,3.247,3.305,3.224,3.3,195337026.0,640154670.0,,,sina:510880
2025-07-23,510880,,3.314,3.329,3.294,3.297,154403420.0,511370562.0,,,sina:510880
2025-07-24,510880,,3.294,3.308,3.275,3.307,132457271.0,436800288.0,,,sina:510880
2025-07-25,510880,,3.304,3.325,3.288,3.293,116835480.0,386062855.0,,,sina:510880
2025-07-28,510880,,3.282,3.282,3.25,3.26,142440656.0,464594889.0,,,sina:510880
2025-07-29,510880,,3.251,3.259,3.234,3.251,117932676.0,382663718.0,,,sina:510880
2025-07-30,510880,,3.25,3.282,3.249,3.262,135363979.0,442289421.0,,,sina:510880
2025-07-31,510880,,3.251,3.255,3.196,3.211,199017169.0,638954821.0,,,sina:510880
2025-08-01,510880,,3.21,3.222,3.196,3.208,88037917.0,282201386.0,,,sina:510880
2025-08-04,510880,,3.195,3.224,3.194,3.222,88429429.0,284009313.0,,,sina:510880
2025-08-05,510880,,3.223,3.256,3.218,3.254,87068700.0,282106022.0,,,sina:510880
2025-08-06,510880,,3.255,3.27,3.252,3.267,114725800.0,374422005.0,,,sina:510880
2025-08-07,510880,,3.267,3.284,3.255,3.279,147066654.0,481477943.0,,,sina:510880
2025-08-08,510880,,3.275,3.288,3.27,3.278,98807450.0,324005803.0,,,sina:510880
2025-08-11,510880,,3.277,3.283,3.257,3.26,161379799.0,526366177.0,,,sina:510880
2025-08-12,510880,,3.26,3.292,3.26,3.278,104948160.0,344012480.0,,,sina:510880
2025-08-13,510880,,3.278,3.282,3.255,3.258,107908288.0,351994155.0,,,sina:510880
2025-08-14,510880,,3.258,3.265,3.234,3.237,109252707.0,354894970.0,,,sina:510880
2025-08-15,510880,,3.233,3.233,3.209,3.231,129936100.0,418361746.0,,,sina:510880
2025-08-18,510880,,3.23,3.236,3.214,3.223,134969065.0,434845368.0,,,sina:510880
2025-08-19,510880,,3.221,3.223,3.212,3.217,103232286.0,332002502.0,,,sina:510880
2025-08-20,510880,,3.214,3.241,3.206,3.24,112975538.0,364871739.0,,,sina:510880
2025-08-21,510880,,3.24,3.258,3.231,3.256,127908198.0,415674551.0,,,sina:510880
2025-08-22,510880,,3.258,3.258,3.226,3.253,169201858.0,547820885.0,,,sina:510880
2025-08-25,510880,,3.254,3.274,3.243,3.273,176378554.0,574875219.0,,,sina:510880
2025-08-26,510880,,3.27,3.273,3.26,3.261,107061647.0,349638135.0,,,sina:510880
2025-08-27,510880,,3.258,3.259,3.205,3.208,190896900.0,616117897.0,,,sina:510880
2025-08-28,510880,,3.205,3.214,3.176,3.205,224181088.0,716433418.0,,,sina:510880
2025-08-29,510880,,3.201,3.227,3.186,3.189,180980728.0,579134004.0,,,sina:510880
2025-09-01,510880,,3.188,3.198,3.164,3.171,212962041.0,676408329.0,,,sina:510880
2025-09-02,510880,,3.171,3.187,3.165,3.186,138606235.0,440228971.0,,,sina:510880
2025-09-03,510880,,3.185,3.188,3.148,3.153,175130628.0,553425776.0,,,sina:510880
2025-09-04,510880,,3.149,3.175,3.122,3.172,204558395.0,643178290.0,,,sina:510880
2025-09-05,510880,,3.166,3.167,3.144,3.162,135163612.0,426184701.0,,,sina:510880
2025-09-08,510880,,3.16,3.171,3.152,3.168,111711496.0,353563515.0,,,sina:510880
2025-09-09,510880,,3.168,3.174,3.155,3.17,102677291.0,325048395.0,,,sina:510880
2025-09-10,510880,,3.167,3.172,3.156,3.169,86565900.0,274032957.0,,,sina:510880
2025-09-11,510880,,3.167,3.174,3.15,3.174,175492519.0,554593269.0,,,sina:510880
2025-09-12,510880,,3.171,3.178,3.154,3.159,136000431.0,430411442.0,,,sina:510880
2025-09-15,510880,,3.156,3.156,3.135,3.142,163360700.0,513234756.0,,,sina:510880
2025-09-16,510880,,3.145,3.159,3.131,3.135,115256577.0,361916019.0,,,sina:510880
2025-09-17,510880,,3.134,3.153,3.125,3.149,155671600.0,489338053.0,,,sina:510880
2025-09-18,510880,,3.15,3.15,3.082,3.096,343379949.0,1068605314.0,,,sina:510880
2025-09-19,510880,,3.096,3.114,3.077,3.113,254907648.0,789274234.0,,,sina:510880
2025-09-22,510880,,3.112,3.113,3.08,3.087,140548279.0,434515263.0,,,sina:510880
2025-09-23,510880,,3.087,3.107,3.07,3.105,226650330.0,701061686.0,,,sina:510880
2025-09-24,510880,,3.1,3.122,3.093,3.111,147229828.0,457454869.0,,,sina:510880
2025-09-25,510880,,3.106,3.108,3.083,3.097,132771900.0,410443852.0,,,sina:510880
2025-09-26,510880,,3.095,3.104,3.08,3.098,137495261.0,425490676.0,,,sina:510880
2025-09-29,510880,,3.091,3.105,3.072,3.093,214805423.0,662483851.0,,,sina:510880
2025-09-30,510880,,3.091,3.092,3.073,3.082,115426700.0,355382758.0,,,sina:510880
2025-10-09,510880,,3.082,3.103,3.068,3.103,192947361.0,594695149.0,,,sina:510880
2025-10-10,510880,,3.1,3.141,3.091,3.136,265947347.0,832048253.0,,,sina:510880
2025-10-13,510880,,3.125,3.145,3.094,3.14,238490581.0,743812669.0,,,sina:510880
2025-10-14,510880,,3.139,3.205,3.126,3.204,474243200.0,1507596097.0,,,sina:510880
2025-10-15,510880,,3.203,3.215,3.187,3.207,238431243.0,763943699.0,,,sina:510880
2025-10-16,510880,,3.201,3.244,3.197,3.239,242080231.0,781310136.0,,,sina:510880
2025-10-17,510880,,3.239,3.268,3.224,3.229,243919045.0,792139562.0,,,sina:510880
2025-10-20,510880,,3.229,3.258,3.2,3.256,252638582.0,816254793.0,,,sina:510880
2025-10-21,510880,,3.243,3.253,3.228,3.248,160358423.0,519618096.0,,,sina:510880
2025-10-22,510880,,3.241,3.256,3.238,3.253,117732243.0,382621933.0,,,sina:510880
2025-10-23,510880,,3.248,3.283,3.248,3.278,225949709.0,739691906.0,,,sina:510880
2025-10-24,510880,,3.265,3.273,3.254,3.259,195565725.0,637760802.0,,,sina:510880
2025-10-27,510880,,3.253,3.286,3.235,3.272,181602250.0,592349598.0,,,sina:510880
2025-10-28,510880,,3.268,3.279,3.253,3.267,122988372.0,401591094.0,,,sina:510880
2025-10-29,510880,,3.265,3.265,3.23,3.249,171294655.0,555620855.0,,,sina:510880
2025-10-30,510880,,3.245,3.271,3.242,3.248,114843191.0,373835004.0,,,sina:510880
2025-10-31,510880,,3.247,3.248,3.225,3.24,114408542.0,370000179.0,,,sina:510880
2025-11-03,510880,,3.24,3.285,3.239,3.283,191633780.0,626811594.0,,,sina:510880
2025-11-04,510880,,3.283,3.327,3.28,3.313,223001855.0,737846054.0,,,sina:510880
2025-11-05,510880,,3.306,3.332,3.292,3.322,128942958.0,427582154.0,,,sina:510880
2025-11-06,510880,,3.315,3.335,3.302,3.326,94328311.0,313556933.0,,,sina:510880
2025-11-07,510880,,3.326,3.35,3.325,3.331,75841424.0,252940407.0,,,sina:510880
2025-11-10,510880,,3.328,3.358,3.317,3.356,95077894.0,318181716.0,,,sina:510880
2025-11-11,510880,,3.354,3.354,3.327,3.347,91917953.0,307055315.0,,,sina:510880
2025-11-12,510880,,3.345,3.375,3.345,3.36,109340171.0,367505154.0,,,sina:510880
2025-11-13,510880,,3.352,3.368,3.336,3.361,103080047.0,345429308.0,,,sina:510880
2025-11-14,510880,,3.356,3.381,3.346,3.348,99226760.0,333939431.0,,,sina:510880
2025-11-17,510880,,3.348,3.348,3.311,3.329,134521516.0,447738536.0,,,sina:510880
2025-11-18,510880,,3.324,3.327,3.273,3.284,178681585.0,588238947.0,,,sina:510880
2025-11-19,510880,,3.283,3.308,3.282,3.3,105795193.0,348660939.0,,,sina:510880
2025-11-20,510880,,3.299,3.333,3.295,3.3,102651083.0,339974086.0,,,sina:510880
2025-11-21,510880,,3.29,3.3,3.25,3.255,203958688.0,666227783.0,,,sina:510880
2025-11-24,510880,,3.253,3.265,3.227,3.227,171180394.0,553967594.0,,,sina:510880
2025-11-25,510880,,3.226,3.246,3.22,3.243,129958849.0,420361711.0,,,sina:510880
2025-11-26,510880,,3.24,3.252,3.223,3.226,147222900.0,475840020.0,,,sina:510880
2025-11-27,510880,,3.226,3.239,3.208,3.23,124318854.0,401048374.0,,,sina:510880
2025-11-28,510880,,3.23,3.232,3.215,3.23,89971333.0,290065589.0,,,sina:510880
2025-12-01,510880,,3.23,3.245,3.222,3.245,114560230.0,370453373.0,,,sina:510880
2025-12-02,510880,,3.244,3.25,3.236,3.249,98340779.0,319016055.0,,,sina:510880
2025-12-03,510880,,3.246,3.264,3.236,3.241,94656824.0,307606155.0,,,sina:510880
2025-12-04,510880,,3.238,3.248,3.224,3.228,85025900.0,274815447.0,,,sina:510880
2025-12-05,510880,,3.227,3.23,3.206,3.226,107288900.0,345204617.0,,,sina:510880
2025-12-08,510880,,3.225,3.227,3.193,3.21,195997498.0,628441255.0,,,sina:510880
2025-12-09,510880,,3.203,3.204,3.181,3.184,143744500.0,458517490.0,,,sina:510880
2025-12-10,510880,,3.186,3.191,3.16,3.171,150870312.0,478269249.0,,,sina:510880
2025-12-11,510880,,3.171,3.174,3.145,3.155,183537188.0,579234276.0,,,sina:510880
2025-12-12,510880,,3.155,3.159,3.135,3.142,180122193.0,565760514.0,,,sina:510880
2025-12-15,510880,,3.143,3.175,3.133,3.168,147648857.0,467091226.0,,,sina:510880
2025-12-16,510880,,3.167,3.167,3.135,3.14,218581300.0,686949710.0,,,sina:510880
2025-12-17,510880,,3.136,3.154,3.124,3.143,157998518.0,495539898.0,,,sina:510880
2025-12-18,510880,,3.143,3.18,3.14,3.175,162248076.0,513315654.0,,,sina:510880
2025-12-19,510880,,3.175,3.183,3.159,3.174,127672494.0,404755029.0,,,sina:510880
2025-12-22,510880,,3.174,3.174,3.155,3.159,150432000.0,475517527.0,,,sina:510880
2025-12-23,510880,,3.158,3.173,3.155,3.16,121823000.0,385373319.0,,,sina:510880
2025-12-24,510880,,3.16,3.166,3.146,3.165,127133408.0,401114744.0,,,sina:510880
2025-12-25,510880,,3.165,3.177,3.163,3.174,112772764.0,357444737.0,,,sina:510880
2025-12-26,510880,,3.17,3.187,3.167,3.187,121476500.0,386249074.0,,,sina:510880
2025-12-29,510880,,3.187,3.2,3.172,3.185,155206513.0,494659817.0,,,sina:510880
2025-12-30,510880,,3.179,3.194,3.171,3.188,137469558.0,437951361.0,,,sina:510880
2025-12-31,510880,,3.188,3.194,3.175,3.183,105880010.0,337059439.0,,,sina:510880
2026-01-05,510880,,3.183,3.193,3.17,3.18,160709824.0,510847599.0,,,sina:510880
2026-01-06,510880,,3.18,3.219,3.172,3.218,212208423.0,677876074.0,,,sina:510880
2026-01-07,510880,,3.218,3.232,3.202,3.232,145318753.0,467902780.0,,,sina:510880
2026-01-08,510880,,3.23,3.231,3.213,3.221,109021090.0,351116569.0,,,sina:510880
2026-01-09,510880,,3.221,3.235,3.216,3.234,121750149.0,392760656.0,,,sina:510880
2026-01-12,510880,,3.233,3.237,3.214,3.231,142405448.0,459145758.0,,,sina:510880
2026-01-13,510880,,3.228,3.245,3.224,3.229,141142025.0,456857959.0,,,sina:510880
2026-01-14,510880,,3.228,3.236,3.197,3.199,194456918.0,625541707.0,,,sina:510880
2026-01-15,510880,,3.199,3.209,3.183,3.188,153320022.0,490206980.0,,,sina:510880
2026-01-16,510880,,3.189,3.2,3.155,3.163,254663722.0,808039637.0,,,sina:510880
2026-01-19,510880,,3.163,3.18,3.154,3.179,169245729.0,536333533.0,,,sina:510880
2026-01-20,510880,,3.18,3.218,3.175,3.217,194369138.0,621283721.0,,,sina:510880
2026-01-21,510880,,3.078,3.079,3.052,3.057,301877800.0,923943262.0,,,sina:510880
2026-01-22,510880,,3.059,3.08,3.055,3.077,155801800.0,478674278.0,,,sina:510880
2026-01-23,510880,,3.081,3.082,3.059,3.069,161176568.0,494701122.0,,,sina:510880
2026-01-26,510880,,3.069,3.109,3.064,3.106,211831264.0,654976910.0,,,sina:510880
2026-01-27,510880,,3.106,3.113,3.075,3.081,260210876.0,804341780.0,,,sina:510880
2026-01-28,510880,,3.082,3.148,3.072,3.132,329895023.0,1028739544.0,,,sina:510880
2026-01-29,510880,,3.134,3.168,3.12,3.166,225603099.0,709880740.0,,,sina:510880
2026-01-30,510880,,3.165,3.196,3.124,3.144,264593377.0,834801090.0,,,sina:510880
2026-02-02,510880,,3.137,3.138,3.042,3.046,401047605.0,1235729327.0,,,sina:510880
2026-02-03,510880,,3.049,3.064,3.028,3.051,237958217.0,724610538.0,,,sina:510880
2026-02-04,510880,,3.056,3.153,3.056,3.15,437466557.0,1363521066.0,,,sina:510880
2026-02-05,510880,,3.132,3.143,3.112,3.136,149211527.0,466573398.0,,,sina:510880
2026-02-06,510880,,3.11,3.141,3.1,3.126,151344403.0,472796203.0,,,sina:510880
2026-02-09,510880,,3.126,3.146,3.125,3.144,93180979.0,292349656.0,,,sina:510880
2026-02-10,510880,,3.144,3.16,3.132,3.156,118853689.0,374162405.0,,,sina:510880
2026-02-11,510880,,3.153,3.192,3.143,3.183,224707518.0,713970108.0,,,sina:510880
2026-02-12,510880,,3.185,3.198,3.169,3.18,142012267.0,452049042.0,,,sina:510880
2026-02-13,510880,,3.17,3.175,3.134,3.137,148983293.0,469202890.0,,,sina:510880
2026-02-24,510880,,3.152,3.196,3.152,3.19,217299547.0,691885851.0,,,sina:510880
2026-02-25,510880,,3.19,3.237,3.187,3.194,363803227.0,1167864053.0,,,sina:510880
2026-02-26,510880,,3.197,3.211,3.178,3.195,120777051.0,385766967.0,,,sina:510880
2026-02-27,510880,,3.193,3.237,3.19,3.232,206367498.0,665145099.0,,,sina:510880
2026-03-02,510880,,3.275,3.306,3.235,3.303,325190372.0,1065672481.0,,,sina:510880
2026-03-03,510880,,3.306,3.404,3.296,3.367,374115273.0,1253251550.0,,,sina:510880
2026-03-04,510880,,3.341,3.341,3.251,3.304,168292053.0,553439482.0,,,sina:510880
2026-03-05,510880,,3.283,3.312,3.255,3.291,138530487.0,454326194.0,,,sina:510880
2026-03-06,510880,,3.282,3.29,3.253,3.285,122717861.0,401360823.0,,,sina:510880
2026-03-09,510880,,3.347,3.373,3.308,3.309,202199892.0,675842638.0,,,sina:510880
2026-03-10,510880,,3.256,3.283,3.24,3.27,129612243.0,423148675.0,,,sina:510880
2026-03-11,510880,,3.263,3.317,3.24,3.313,134046487.0,439613998.0,,,sina:510880
2026-03-12,510880,,3.325,3.392,3.313,3.381,207427219.0,698295169.0,,,sina:510880
2026-03-13,510880,,3.38,3.408,3.358,3.364,204236448.0,690999168.0,,,sina:510880
2026-03-16,510880,,3.365,3.381,3.33,3.335,113578600.0,379859829.0,,,sina:510880
2026-03-17,510880,,3.325,3.349,3.308,3.309,112049787.0,372500010.0,,,sina:510880
2026-03-18,510880,,3.308,3.319,3.261,3.296,118516785.0,389647686.0,,,sina:510880
2026-03-19,510880,,3.306,3.329,3.296,3.305,134593615.0,445624309.0,,,sina:510880
2026-03-20,510880,,3.275,3.329,3.273,3.296,107415600.0,355018429.0,,,sina:510880
2026-03-23,510880,,3.305,3.306,3.226,3.234,202280443.0,660155165.0,,,sina:510880
2026-03-24,510880,,3.23,3.27,3.227,3.269,139870305.0,455037626.0,,,sina:510880
2026-03-25,510880,,3.25,3.257,3.21,3.256,157561500.0,509345306.0,,,sina:510880
2026-03-26,510880,,3.251,3.288,3.248,3.268,114829500.0,375558985.0,,,sina:510880
2026-03-27,510880,,3.267,3.283,3.243,3.267,88778799.0,289198915.0,,,sina:510880
2026-03-30,510880,,3.262,3.304,3.262,3.299,108153999.0,355809927.0,,,sina:510880
2026-03-31,510880,,3.293,3.314,3.248,3.251,159039900.0,519957179.0,,,sina:510880
2026-04-01,510880,,3.248,3.269,3.236,3.241,132234201.0,429458774.0,,,sina:510880
2026-04-02,510880,,3.24,3.27,3.238,3.258,100208745.0,326342217.0,,,sina:510880
2026-04-03,510880,,3.256,3.259,3.204,3.216,152336599.0,490888645.0,,,sina:510880
2026-04-07,510880,,3.217,3.232,3.196,3.228,102118372.0,328441978.0,,,sina:510880
2026-04-08,510880,,3.21,3.228,3.186,3.227,171453300.0,549273612.0,,,sina:510880
2026-04-09,510880,,3.222,3.232,3.202,3.212,79258200.0,254702266.0,,,sina:510880
2026-04-10,510880,,3.211,3.231,3.205,3.218,83960572.0,270381505.0,,,sina:510880
2026-04-13,510880,,3.225,3.233,3.202,3.223,113707200.0,365930898.0,,,sina:510880
2026-04-14,510880,,3.216,3.224,3.205,3.223,99129016.0,318664154.0,,,sina:510880
2026-04-15,510880,,3.221,3.242,3.206,3.24,115504450.0,372895343.0,,,sina:510880
2026-04-16,510880,,3.23,3.251,3.23,3.244,94220260.0,305409124.0,,,sina:510880
2026-04-17,510880,,3.24,3.244,3.216,3.218,106833300.0,344442966.0,,,sina:510880
2026-04-20,510880,,3.219,3.235,3.212,3.225,89628031.0,288666367.0,,,sina:510880
2026-04-21,510880,,3.224,3.273,3.222,3.265,218600872.0,712181256.0,,,sina:510880
2026-04-22,510880,,3.268,3.281,3.259,3.269,112700900.0,368498363.0,,,sina:510880
2026-04-23,510880,,3.269,3.294,3.253,3.293,121308325.0,397569032.0,,,sina:510880
2026-04-24,510880,,3.277,3.292,3.266,3.28,146004600.0,478523898.0,,,sina:510880
2026-04-27,510880,,3.27,3.293,3.264,3.275,100852200.0,330541990.0,,,sina:510880
2026-04-28,510880,,3.27,3.326,3.265,3.325,165336452.0,545846331.0,,,sina:510880
2026-04-29,510880,,3.315,3.36,3.313,3.347,139571871.0,466652880.0,,,sina:510880
2026-04-30,510880,,3.34,3.357,3.324,3.341,143435124.0,478767666.0,,,sina:510880
2026-05-06,510880,,3.335,3.342,3.3,3.341,145180000.0,481710572.0,,,sina:510880
2026-05-07,510880,,3.327,3.327,3.268,3.272,293781100.0,964538060.0,,,sina:510880
2026-05-08,510880,,3.273,3.292,3.25,3.261,159384137.0,519812739.0,,,sina:510880
2026-05-11,510880,,3.261,3.276,3.253,3.263,146354012.0,477609074.0,,,sina:510880
2026-05-12,510880,,3.26,3.284,3.255,3.257,117147994.0,382461892.0,,,sina:510880
2026-05-13,510880,,3.258,3.271,3.23,3.244,122094995.0,396171454.0,,,sina:510880
2026-05-14,510880,,3.244,3.246,3.222,3.223,102244144.0,330506928.0,,,sina:510880
2026-05-15,510880,,3.224,3.244,3.21,3.223,160566378.0,517776590.0,,,sina:510880
2026-05-18,510880,,3.22,3.234,3.2,3.217,188532470.0,605137252.0,,,sina:510880
2026-05-19,510880,,3.217,3.228,3.208,3.222,96124900.0,309449822.0,,,sina:510880
2026-05-20,510880,,3.222,3.23,3.208,3.215,135717273.0,436881640.0,,,sina:510880
2026-05-21,510880,,3.205,3.215,3.167,3.172,230279100.0,734993648.0,,,sina:510880
2026-05-22,510880,,3.173,3.175,3.138,3.156,168086350.0,530077819.0,,,sina:510880
2026-05-25,510880,,3.178,3.219,3.178,3.185,197291430.0,630135948.0,,,sina:510880
2026-05-26,510880,,3.178,3.192,3.163,3.186,124157400.0,394360503.0,,,sina:510880
2026-05-27,510880,,3.18,3.183,3.143,3.17,178428700.0,563920657.0,,,sina:510880
2026-05-28,510880,,3.163,3.193,3.157,3.17,144437000.0,459099902.0,,,sina:510880
2026-05-29,510880,,3.165,3.212,3.162,3.206,213209600.0,681631366.0,,,sina:510880
2026-06-01,510880,,3.212,3.315,3.206,3.307,399834249.0,1309404277.0,,,sina:510880
2026-06-02,510880,,3.307,3.365,3.294,3.308,325440124.0,1082836907.0,,,sina:510880
2026-06-03,510880,,3.29,3.339,3.264,3.324,218034938.0,718390296.0,,,sina:510880
2026-06-04,510880,,3.318,3.354,3.292,3.327,169110500.0,562193731.0,,,sina:510880
2026-06-05,510880,,3.314,3.355,3.311,3.321,223490701.0,745405168.0,,,sina:510880
2026-06-08,510880,,3.309,3.338,3.278,3.304,174442677.0,576629250.0,,,sina:510880
2026-06-09,510880,,3.28,3.3,3.266,3.291,118373095.0,388507413.0,,,sina:510880
2026-06-10,510880,,3.274,3.286,3.251,3.261,122751960.0,400792866.0,,,sina:510880
2026-06-11,510880,,3.268,3.283,3.248,3.26,90954372.0,296504768.0,,,sina:510880
2026-06-12,510880,,3.246,3.309,3.238,3.303,135811601.0,445662306.0,,,sina:510880
2026-06-15,510880,,3.291,3.295,3.239,3.249,216552422.0,704890629.0,,,sina:510880
2026-06-16,510880,,3.239,3.239,3.19,3.196,289523803.0,928062649.0,,,sina:510880
2026-06-17,510880,红利ETF,3.198,3.198,3.15,3.16,2767881.0,876401837.0,-1.13,3.48,
2026-06-18,510880,红利ETF,3.16,3.161,3.091,3.098,4309489.0,1341694581.0,-1.96,5.41,
2026-06-22,510880,红利ETF,3.099,3.127,3.058,3.125,3540884.0,1093673375.0,0.87,4.45,
2026-06-23,510880,红利ETF,3.12,3.157,3.1,3.104,2060253.0,644638369.0,-0.67,2.59,
2026-06-24,510880,红利ETF,3.105,3.107,3.047,3.048,341368300.0,1050304917.0250002,,,
2026-06-25,510880,红利ETF,3.042,3.049,3.0,3.006,342219900.0,1034958532.575,,,
2026-06-26,510880,红利ETF,3.006,3.013,2.949,2.954,367663100.0,1095819869.55,,,
2026-06-29,510880,红利ETF,2.954,2.98,2.896,2.972,341791100.0,1008454640.55,,,
2026-06-30,510880,红利ETF,2.97,2.97,2.901,2.916,283484900.0,833232992.3249999,,,
2026-07-01,510880,红利ETF,2.902,2.977,2.902,2.963,245440500.0,720613308.0,,,
2026-07-02,510880,红利ETF,2.968,3.024,2.963,2.993,505978000.0,1511356286.0,,,
2026-07-03,510880,红利ETF,3.0,3.043,3.0,3.024,238643400.0,719927476.95,,,
2026-07-06,510880,红利ETF,3.018,3.091,3.007,3.089,255537900.0,779710017.375,,,
2026-07-07,510880,红利ETF,3.09,3.094,3.024,3.044,385326800.0,1180255988.4,,,
2026-07-08,510880,红利ETF,3.045,3.103,3.031,3.08,293082600.0,898224898.35,,,
2026-07-09,510880,红利ETF,3.067,3.067,3.03,3.04,218332100.0,666131237.0999999,,,
2026-07-10,510880,红利ETF,3.025,3.057,3.008,3.045,161705300.0,490573453.87500006,,,
2026-07-13,510880,红利ETF,3.039,3.077,3.027,3.066,253702100.0,774362234.725,,,
2026-07-14,510880,红利ETF,3.07,3.148,3.065,3.138,494239200.0,1534736275.8,,,
2026-07-15,510880,红利ETF,3.123,3.19,3.112,3.185,239574200.0,755257665.5,,,
2026-07-16,510880,红利ETF,3.178,3.207,3.139,3.146,259415500.0,821698596.2499999,,,
2026-07-17,510880,红利ETF,3.147,3.175,3.133,3.135,259033200.0,815306997.0,,,
2026-07-20,510880,红利ETF,3.14,3.248,3.139,3.242,547923800.0,1749109750.5499997,,,
2026-07-21,510880,红利ETF,3.238,3.279,3.2,3.205,472993400.0,1528005178.7,,,
2026-07-22,510880,红利ETF,3.201,3.257,3.181,3.253,312370300.0,1006769476.9,,,
2026-07-23,510880,红利ETF,3.236,3.287,3.233,3.28,280334700.0,913610787.3,,,
2026-07-24,510880,红利ETF,3.279,3.296,3.223,3.223,201775600.0,656830021.9000001,,,
2026-07-27,510880,红利ETF,3.216,3.242,3.2,3.232,214971400.0,692745336.5,,,
2026-07-28,510880,红利ETF,3.219,3.235,3.189,3.232,526174200.0,1693623206.25,,,
2026-07-29,510880,红利ETF,3.23,3.286,3.221,3.273,286448600.0,931674071.5,,,
2026-07-30,510880,红利ETF,3.274,3.313,3.274,3.312,371960000.0,1224957270.0000002,,,
2026-07-31,510880,红利ETF,3.281,3.309,3.248,3.304,264077900.0,867627940.4499999,,,
2026-08-03,510880,红利ETF,3.291,3.325,3.281,3.285,146742200.0,483588920.1,,,
2026-08-04,510880,红利ETF,3.28,3.284,3.222,3.237,262916100.0,855989092.5749998,,,
2026-08-05,510880,红利ETF,3.228,3.238,3.205,3.228,264186300.0,851934770.9250001,,,
2026-08-06,510880,红利ETF,3.227,3.299,3.225,3.288,312472500.0,1018582231.875,,,
2026-08-07,510880,红利ETF,3.277,3.293,3.256,3.282,161692600.0,529866650.20000005,,,
2026-08-10,510880,红利ETF,3.276,3.332,3.274,3.319,310428200.0,1024490667.0500001,,,
2026-08-11,510880,红利ETF,3.33,3.35,3.3,3.31,168747500.0,560663568.75,,,
