date,symbol,name,open,high,low,close,volume,amount,pct_change,turnover_rate,source_file,amplitude,change
2021-03-03,159870,,0.973,0.991,0.973,0.988,151165640.0,148421005.0,,,sina:159870,,
2021-03-04,159870,,0.991,0.992,0.936,0.942,207022623.0,197252169.0,,,sina:159870,,
2021-03-05,159870,,0.934,0.947,0.922,0.94,80941942.0,75631120.0,,,sina:159870,,
2021-03-08,159870,,0.954,0.966,0.911,0.912,165515333.0,154642798.0,,,sina:159870,,
2021-03-09,159870,,0.912,0.912,0.87,0.877,117964355.0,105099421.0,,,sina:159870,,
2021-03-10,159870,,0.889,0.899,0.88,0.888,62820029.0,55953097.0,,,sina:159870,,
2021-03-11,159870,,0.89,0.913,0.885,0.908,76971327.0,69498111.0,,,sina:159870,,
2021-03-12,159870,,0.915,0.929,0.907,0.925,88671155.0,81672059.0,,,sina:159870,,
2021-03-15,159870,,0.92,0.922,0.89,0.901,74426809.0,67468065.0,,,sina:159870,,
2021-03-16,159870,,0.901,0.911,0.893,0.909,41027380.0,37113687.0,,,sina:159870,,
2021-03-17,159870,,0.905,0.924,0.893,0.92,51833913.0,47360925.0,,,sina:159870,,
2021-03-18,159870,,0.914,0.948,0.914,0.941,88989088.0,83356940.0,,,sina:159870,,
2021-03-19,159870,,0.922,0.925,0.899,0.908,81494399.0,74215748.0,,,sina:159870,,
2021-03-22,159870,,0.901,0.918,0.888,0.898,68911431.0,61909205.0,,,sina:159870,,
2021-03-23,159870,,0.896,0.898,0.855,0.865,134050873.0,116776776.0,,,sina:159870,,
2021-03-24,159870,,0.853,0.856,0.823,0.827,125959663.0,105152096.0,,,sina:159870,,
2021-03-25,159870,,0.825,0.85,0.824,0.845,97653929.0,82194477.0,,,sina:159870,,
2021-03-26,159870,,0.845,0.863,0.84,0.86,67139138.0,57321482.0,,,sina:159870,,
2021-03-29,159870,,0.862,0.882,0.855,0.87,68163911.0,59409148.0,,,sina:159870,,
2021-03-30,159870,,0.87,0.887,0.867,0.884,57364956.0,50537293.0,,,sina:159870,,
2021-03-31,159870,,0.877,0.883,0.856,0.866,39860469.0,34465126.0,,,sina:159870,,
2021-04-01,159870,,0.866,0.882,0.865,0.879,40187734.0,35120144.0,,,sina:159870,,
2021-04-02,159870,,0.882,0.892,0.877,0.885,54925861.0,48641670.0,,,sina:159870,,
2021-04-06,159870,,0.885,0.892,0.875,0.881,40519802.0,35677962.0,,,sina:159870,,
2021-04-07,159870,,0.884,0.888,0.87,0.884,37592435.0,32994517.0,,,sina:159870,,
2021-04-08,159870,,0.881,0.892,0.874,0.887,37244085.0,32998108.0,,,sina:159870,,
2021-04-09,159870,,0.887,0.889,0.865,0.87,45190086.0,39437841.0,,,sina:159870,,
2021-04-12,159870,,0.877,0.877,0.834,0.84,74358270.0,62896714.0,,,sina:159870,,
2021-04-13,159870,,0.841,0.853,0.838,0.843,41775556.0,35293236.0,,,sina:159870,,
2021-04-14,159870,,0.839,0.856,0.839,0.855,39605676.0,33747172.0,,,sina:159870,,
2021-04-15,159870,,0.855,0.855,0.841,0.854,30678647.0,25953610.0,,,sina:159870,,
2021-04-16,159870,,0.853,0.855,0.844,0.852,32394473.0,27515323.0,,,sina:159870,,
2021-04-19,159870,,0.849,0.88,0.845,0.876,73098120.0,63669592.0,,,sina:159870,,
2021-04-20,159870,,0.876,0.89,0.873,0.883,73563723.0,65050224.0,,,sina:159870,,
2021-04-21,159870,,0.88,0.886,0.869,0.884,31192490.0,27461486.0,,,sina:159870,,
2021-04-22,159870,,0.884,0.89,0.875,0.88,31329661.0,27554099.0,,,sina:159870,,
2021-04-23,159870,,0.88,0.894,0.877,0.89,45113945.0,40060129.0,,,sina:159870,,
2021-04-26,159870,,0.892,0.92,0.892,0.896,95043391.0,86360227.0,,,sina:159870,,
2021-04-27,159870,,0.897,0.898,0.882,0.89,27232463.0,24219822.0,,,sina:159870,,
2021-04-28,159870,,0.887,0.901,0.88,0.9,37337221.0,33400922.0,,,sina:159870,,
2021-04-29,159870,,0.9,0.9,0.887,0.896,39349460.0,35164373.0,,,sina:159870,,
2021-04-30,159870,,0.894,0.897,0.883,0.891,40769638.0,36266076.0,,,sina:159870,,
2021-05-06,159870,,0.889,0.908,0.887,0.901,53920976.0,48449332.0,,,sina:159870,,
2021-05-07,159870,,0.904,0.924,0.9,0.91,101302024.0,92649868.0,,,sina:159870,,
2021-05-10,159870,,0.916,0.919,0.894,0.9,71719677.0,64931659.0,,,sina:159870,,
2021-05-11,159870,,0.891,0.892,0.861,0.878,72719483.0,63454938.0,,,sina:159870,,
2021-05-12,159870,,0.875,0.888,0.868,0.885,55879640.0,49007941.0,,,sina:159870,,
2021-05-13,159870,,0.878,0.879,0.859,0.863,82510472.0,71440870.0,,,sina:159870,,
2021-05-14,159870,,0.861,0.874,0.854,0.874,52012972.0,45084133.0,,,sina:159870,,
2021-05-17,159870,,0.874,0.901,0.871,0.897,106561814.0,95197719.0,,,sina:159870,,
2021-05-18,159870,,0.897,0.905,0.896,0.903,51846706.0,46734319.0,,,sina:159870,,
2021-05-19,159870,,0.903,0.906,0.893,0.903,48325399.0,43606063.0,,,sina:159870,,
2021-05-20,159870,,0.893,0.899,0.883,0.891,51397703.0,45704791.0,,,sina:159870,,
2021-05-21,159870,,0.888,0.897,0.88,0.886,33782862.0,29891760.0,,,sina:159870,,
2021-05-24,159870,,0.886,0.889,0.88,0.889,28830881.0,25520740.0,,,sina:159870,,
2021-05-25,159870,,0.889,0.911,0.886,0.91,78434830.0,70742306.0,,,sina:159870,,
2021-05-26,159870,,0.91,0.928,0.91,0.923,180907654.0,167155167.0,,,sina:159870,,
2021-05-27,159870,,0.923,0.933,0.918,0.932,88880678.0,82354145.0,,,sina:159870,,
2021-05-28,159870,,0.931,0.95,0.927,0.931,88136977.0,82787221.0,,,sina:159870,,
2021-05-31,159870,,0.932,0.942,0.93,0.941,42298091.0,39641596.0,,,sina:159870,,
2021-06-01,159870,,0.941,0.974,0.931,0.97,111093058.0,106180738.0,,,sina:159870,,
2021-06-02,159870,,0.97,0.981,0.963,0.971,113106525.0,109893138.0,,,sina:159870,,
2021-06-03,159870,,0.966,0.974,0.956,0.957,67442371.0,64965642.0,,,sina:159870,,
2021-06-04,159870,,0.95,0.973,0.95,0.965,75963275.0,73269840.0,,,sina:159870,,
2021-06-07,159870,,0.967,0.979,0.962,0.97,34612743.0,33583130.0,,,sina:159870,,
2021-06-08,159870,,0.969,0.977,0.946,0.953,48811791.0,46786932.0,,,sina:159870,,
2021-06-09,159870,,0.952,0.973,0.95,0.968,76447260.0,73701667.0,,,sina:159870,,
2021-06-10,159870,,0.97,0.981,0.963,0.978,76433211.0,74483168.0,,,sina:159870,,
2021-06-11,159870,,0.976,0.979,0.966,0.969,33041496.0,32129506.0,,,sina:159870,,
2021-06-15,159870,,0.97,0.98,0.957,0.96,141549398.0,136629834.0,,,sina:159870,,
2021-06-16,159870,,0.952,0.96,0.93,0.931,36918195.0,34745033.0,,,sina:159870,,
2021-06-17,159870,,0.929,0.936,0.924,0.934,23952848.0,22295587.0,,,sina:159870,,
2021-06-18,159870,,0.934,0.934,0.925,0.933,26674414.0,24792373.0,,,sina:159870,,
2021-06-21,159870,,0.941,0.941,0.925,0.934,34248265.0,31893550.0,,,sina:159870,,
2021-06-22,159870,,0.94,0.949,0.935,0.942,59570276.0,56094760.0,,,sina:159870,,
2021-06-23,159870,,0.948,0.954,0.94,0.952,62828024.0,59560655.0,,,sina:159870,,
2021-06-24,159870,,0.955,0.961,0.949,0.958,59272122.0,56616163.0,,,sina:159870,,
2021-06-25,159870,,0.958,0.987,0.957,0.983,103307336.0,100932513.0,,,sina:159870,,
2021-06-28,159870,,0.985,0.99,0.98,0.989,72298707.0,71286777.0,,,sina:159870,,
2021-06-29,159870,,0.982,0.999,0.982,0.987,59331182.0,58852602.0,,,sina:159870,,
2021-06-30,159870,,0.991,0.996,0.984,0.995,55228893.0,54763740.0,,,sina:159870,,
2021-07-01,159870,,0.995,0.999,0.972,0.975,55788614.0,54888542.0,,,sina:159870,,
2021-07-02,159870,,0.969,0.971,0.953,0.959,44636769.0,42858337.0,,,sina:159870,,
2021-07-05,159870,,0.958,0.977,0.957,0.977,42767281.0,41322884.0,,,sina:159870,,
2021-07-06,159870,,0.981,1.014,0.981,1.004,133932851.0,134041901.0,,,sina:159870,,
2021-07-07,159870,,0.993,1.017,0.983,1.014,150277685.0,151517933.0,,,sina:159870,,
2021-07-08,159870,,1.014,1.034,1.012,1.012,133392844.0,136307033.0,,,sina:159870,,
2021-07-09,159870,,1.017,1.039,1.003,1.037,120348810.0,123315203.0,,,sina:159870,,
2021-07-12,159870,,1.049,1.079,1.047,1.071,190668574.0,203556210.0,,,sina:159870,,
2021-07-13,159870,,1.069,1.082,1.055,1.074,131660384.0,140535082.0,,,sina:159870,,
2021-07-14,159870,,1.073,1.077,1.051,1.06,102810640.0,109308508.0,,,sina:159870,,
2021-07-15,159870,,1.057,1.093,1.057,1.082,99119033.0,106905072.0,,,sina:159870,,
2021-07-16,159870,,1.084,1.091,1.069,1.07,78180287.0,84547916.0,,,sina:159870,,
2021-07-19,159870,,1.07,1.079,1.045,1.055,95407431.0,101271038.0,,,sina:159870,,
2021-07-20,159870,,1.035,1.048,1.027,1.047,94347725.0,97669072.0,,,sina:159870,,
2021-07-21,159870,,1.048,1.077,1.048,1.072,69823427.0,74436786.0,,,sina:159870,,
2021-07-22,159870,,1.074,1.092,1.069,1.09,131638949.0,142489706.0,,,sina:159870,,
2021-07-23,159870,,1.093,1.106,1.077,1.08,65107545.0,71015981.0,,,sina:159870,,
2021-07-26,159870,,1.077,1.087,1.042,1.069,61540871.0,65824650.0,,,sina:159870,,
2021-07-27,159870,,1.074,1.088,1.032,1.034,64984750.0,69236927.0,,,sina:159870,,
2021-07-28,159870,,1.013,1.032,0.998,1.016,57251194.0,58045735.0,,,sina:159870,,
2021-07-29,159870,,1.03,1.058,1.027,1.056,85098144.0,89101602.0,,,sina:159870,,
2021-07-30,159870,,1.055,1.068,1.035,1.048,56137398.0,58943313.0,,,sina:159870,,
2021-08-02,159870,,1.045,1.09,1.044,1.09,62670249.0,67262383.0,,,sina:159870,,
2021-08-03,159870,,1.089,1.09,1.067,1.078,56825564.0,61313666.0,,,sina:159870,,
2021-08-04,159870,,1.078,1.103,1.07,1.103,73284935.0,80219130.0,,,sina:159870,,
2021-08-05,159870,,1.103,1.103,1.078,1.087,49926958.0,54290914.0,,,sina:159870,,
2021-08-06,159870,,1.094,1.099,1.076,1.087,38781815.0,42139477.0,,,sina:159870,,
2021-08-09,159870,,1.081,1.103,1.078,1.098,45420236.0,49578377.0,,,sina:159870,,
2021-08-10,159870,,1.096,1.096,1.068,1.082,48984713.0,52907945.0,,,sina:159870,,
2021-08-11,159870,,1.083,1.091,1.076,1.085,38701824.0,42019193.0,,,sina:159870,,
2021-08-12,159870,,1.085,1.095,1.077,1.091,45257498.0,49212779.0,,,sina:159870,,
2021-08-13,159870,,1.091,1.123,1.091,1.11,66416826.0,73747540.0,,,sina:159870,,
2021-08-16,159870,,1.115,1.127,1.09,1.095,60071460.0,66530304.0,,,sina:159870,,
2021-08-17,159870,,1.089,1.1,1.062,1.064,82074038.0,88693446.0,,,sina:159870,,
2021-08-18,159870,,1.061,1.084,1.06,1.074,35089213.0,37603598.0,,,sina:159870,,
2021-08-19,159870,,1.065,1.072,1.041,1.065,48669389.0,51414349.0,,,sina:159870,,
2021-08-20,159870,,1.057,1.073,1.042,1.057,34787769.0,36705485.0,,,sina:159870,,
2021-08-23,159870,,1.058,1.078,1.056,1.076,46661151.0,49924836.0,,,sina:159870,,
2021-08-24,159870,,1.08,1.095,1.076,1.095,45998303.0,50086407.0,,,sina:159870,,
2021-08-25,159870,,1.095,1.097,1.073,1.096,40928964.0,44397788.0,,,sina:159870,,
2021-08-26,159870,,1.09,1.1,1.086,1.094,39431625.0,43145688.0,,,sina:159870,,
2021-08-27,159870,,1.086,1.1,1.078,1.1,30487269.0,33303414.0,,,sina:159870,,
2021-08-30,159870,,1.11,1.135,1.104,1.12,94903282.0,106192601.0,,,sina:159870,,
2021-08-31,159870,,1.117,1.12,1.092,1.11,52524690.0,57880521.0,,,sina:159870,,
2021-09-01,159870,,1.11,1.116,1.067,1.09,51167738.0,55902865.0,,,sina:159870,,
2021-09-02,159870,,1.084,1.115,1.08,1.113,48776255.0,53827266.0,,,sina:159870,,
2021-09-03,159870,,1.113,1.114,1.075,1.083,47388274.0,51921910.0,,,sina:159870,,
2021-09-06,159870,,1.078,1.102,1.07,1.1,45294838.0,49375509.0,,,sina:159870,,
2021-09-07,159870,,1.099,1.148,1.097,1.148,90859736.0,103024468.0,,,sina:159870,,
2021-09-08,159870,,1.15,1.165,1.142,1.162,77525923.0,89569639.0,,,sina:159870,,
2021-09-09,159870,,1.162,1.175,1.15,1.169,83982746.0,97684545.0,,,sina:159870,,
2021-09-10,159870,,1.169,1.175,1.147,1.161,76062703.0,88286083.0,,,sina:159870,,
2021-09-13,159870,,1.161,1.21,1.161,1.21,90338014.0,107722378.0,,,sina:159870,,
2021-09-14,159870,,1.209,1.225,1.182,1.201,106421933.0,128165625.0,,,sina:159870,,
2021-09-15,159870,,1.198,1.209,1.191,1.209,90516535.0,108568660.0,,,sina:159870,,
2021-09-16,159870,,1.217,1.235,1.187,1.187,79664012.0,96596464.0,,,sina:159870,,
2021-09-17,159870,,1.183,1.204,1.152,1.186,79634197.0,93949975.0,,,sina:159870,,
2021-09-22,159870,,1.181,1.184,1.162,1.184,54389092.0,63871893.0,,,sina:159870,,
2021-09-23,159870,,1.191,1.2,1.16,1.165,52404572.0,61498561.0,,,sina:159870,,
2021-09-24,159870,,1.165,1.165,1.124,1.127,65119238.0,74035839.0,,,sina:159870,,
2021-09-27,159870,,1.12,1.128,1.072,1.089,95893885.0,105121040.0,,,sina:159870,,
2021-09-28,159870,,1.081,1.095,1.073,1.077,56786636.0,61421844.0,,,sina:159870,,
2021-09-29,159870,,1.059,1.073,1.038,1.04,133619169.0,139883662.0,,,sina:159870,,
2021-09-30,159870,,1.04,1.073,1.04,1.069,52103877.0,55367764.0,,,sina:159870,,
2021-10-08,159870,,1.082,1.09,1.044,1.049,43144350.0,45548328.0,,,sina:159870,,
2021-10-11,159870,,1.049,1.063,1.035,1.053,38423401.0,40488208.0,,,sina:159870,,
2021-10-12,159870,,1.059,1.059,1.011,1.026,38850131.0,39882150.0,,,sina:159870,,
2021-10-13,159870,,1.02,1.034,1.015,1.033,35334428.0,36244135.0,,,sina:159870,,
2021-10-14,159870,,1.028,1.04,1.024,1.035,33649595.0,34752990.0,,,sina:159870,,
2021-10-15,159870,,1.032,1.043,1.021,1.043,35868447.0,37086288.0,,,sina:159870,,
2021-10-18,159870,,1.04,1.058,1.034,1.058,40376403.0,42196666.0,,,sina:159870,,
2021-10-19,159870,,1.056,1.072,1.054,1.072,45436661.0,48375087.0,,,sina:159870,,
2021-10-20,159870,,1.055,1.087,1.055,1.075,57690425.0,62121920.0,,,sina:159870,,
2021-10-21,159870,,1.075,1.083,1.067,1.073,29116181.0,31312789.0,,,sina:159870,,
2021-10-22,159870,,1.076,1.081,1.066,1.067,27014930.0,28931407.0,,,sina:159870,,
2021-10-25,159870,,1.061,1.079,1.061,1.079,29388218.0,31487541.0,,,sina:159870,,
2021-10-26,159870,,1.085,1.089,1.069,1.074,35691793.0,38535548.0,,,sina:159870,,
2021-10-27,159870,,1.07,1.082,1.065,1.076,38714288.0,41619303.0,,,sina:159870,,
2021-10-28,159870,,1.076,1.076,1.038,1.043,36569188.0,38519869.0,,,sina:159870,,
2021-10-29,159870,,1.043,1.055,1.037,1.053,30458309.0,31867007.0,,,sina:159870,,
2021-11-01,159870,,1.051,1.06,1.038,1.047,31821578.0,33314389.0,,,sina:159870,,
2021-11-02,159870,,1.04,1.048,1.017,1.026,38285810.0,39578276.0,,,sina:159870,,
2021-11-03,159870,,1.026,1.028,1.012,1.026,24719222.0,25265496.0,,,sina:159870,,
2021-11-04,159870,,1.03,1.043,1.026,1.032,35221269.0,36371739.0,,,sina:159870,,
2021-11-05,159870,,1.03,1.031,0.995,0.998,53105879.0,53549451.0,,,sina:159870,,
2021-11-08,159870,,0.995,1.007,0.992,1.005,36429109.0,36432878.0,,,sina:159870,,
2021-11-09,159870,,1.01,1.014,1.0,1.005,35285391.0,35434409.0,,,sina:159870,,
2021-11-10,159870,,1.0,1.002,0.975,0.995,47101760.0,46463696.0,,,sina:159870,,
2021-11-11,159870,,0.992,1.007,0.992,1.007,32439070.0,32501083.0,,,sina:159870,,
2021-11-12,159870,,1.009,1.012,1.003,1.01,33357309.0,33628615.0,,,sina:159870,,
2021-11-15,159870,,1.01,1.01,0.985,0.991,42901738.0,42595844.0,,,sina:159870,,
2021-11-16,159870,,0.993,0.999,0.986,0.988,35037586.0,34766025.0,,,sina:159870,,
2021-11-17,159870,,0.988,1.003,0.986,1.003,38823426.0,38751350.0,,,sina:159870,,
2021-11-18,159870,,1.003,1.011,0.997,1.008,40437056.0,40617567.0,,,sina:159870,,
2021-11-19,159870,,1.008,1.014,1.003,1.013,42029482.0,42389851.0,,,sina:159870,,
2021-11-22,159870,,1.013,1.03,1.013,1.03,47355508.0,48589869.0,,,sina:159870,,
2021-11-23,159870,,1.028,1.029,1.021,1.025,34794611.0,35658003.0,,,sina:159870,,
2021-11-24,159870,,1.028,1.028,1.008,1.013,36562267.0,37081897.0,,,sina:159870,,
2021-11-25,159870,,1.015,1.016,1.007,1.016,30507886.0,30874704.0,,,sina:159870,,
2021-11-26,159870,,1.016,1.024,1.011,1.019,37347847.0,38024338.0,,,sina:159870,,
2021-11-29,159870,,1.003,1.02,1.0,1.018,50352525.0,51101070.0,,,sina:159870,,
2021-11-30,159870,,1.018,1.027,1.012,1.024,36366001.0,37076168.0,,,sina:159870,,
2021-12-01,159870,,1.02,1.025,1.014,1.024,42764145.0,43652960.0,,,sina:159870,,
2021-12-02,159870,,1.024,1.032,1.02,1.022,38410706.0,39380333.0,,,sina:159870,,
2021-12-03,159870,,1.027,1.027,1.011,1.022,38399223.0,39020710.0,,,sina:159870,,
2021-12-06,159870,,1.027,1.031,1.017,1.018,51440382.0,52751958.0,,,sina:159870,,
2021-12-07,159870,,1.024,1.024,1.001,1.01,49097612.0,49589365.0,,,sina:159870,,
2021-12-08,159870,,1.009,1.025,1.009,1.024,34319120.0,35018092.0,,,sina:159870,,
2021-12-09,159870,,1.021,1.031,1.02,1.031,54234444.0,55717111.0,,,sina:159870,,
2021-12-10,159870,,1.028,1.035,1.024,1.035,40878994.0,42173410.0,,,sina:159870,,
2021-12-13,159870,,1.04,1.063,1.04,1.056,82840803.0,87466291.0,,,sina:159870,,
2021-12-14,159870,,1.057,1.057,1.033,1.037,51031403.0,53010807.0,,,sina:159870,,
2021-12-15,159870,,1.032,1.045,1.026,1.028,36358216.0,37595848.0,,,sina:159870,,
2021-12-16,159870,,1.029,1.036,1.028,1.036,33062428.0,34108114.0,,,sina:159870,,
2021-12-17,159870,,1.04,1.041,1.019,1.02,39545802.0,40540204.0,,,sina:159870,,
2021-12-20,159870,,1.016,1.019,0.986,0.991,50761297.0,50633783.0,,,sina:159870,,
2021-12-21,159870,,0.991,1.0,0.985,0.996,34688117.0,34407770.0,,,sina:159870,,
2021-12-22,159870,,0.997,1.009,0.997,1.006,31986805.0,32109912.0,,,sina:159870,,
2021-12-23,159870,,1.007,1.007,0.995,1.001,27880077.0,27864888.0,,,sina:159870,,
2021-12-24,159870,,1.0,1.003,0.976,0.981,41760426.0,41146269.0,,,sina:159870,,
2021-12-27,159870,,0.981,0.988,0.979,0.986,19821444.0,19513709.0,,,sina:159870,,
2021-12-28,159870,,0.988,1.0,0.983,0.999,27818759.0,27600883.0,,,sina:159870,,
2021-12-29,159870,,1.001,1.01,0.997,0.999,33647496.0,33729006.0,,,sina:159870,,
2021-12-30,159870,,0.997,1.003,0.996,0.999,27945480.0,27932269.0,,,sina:159870,,
2021-12-31,159870,,1.0,1.005,0.998,1.005,32981230.0,33053676.0,,,sina:159870,,
2022-01-04,159870,,1.005,1.01,0.985,0.993,32250402.0,32024405.0,,,sina:159870,,
2022-01-05,159870,,0.993,0.995,0.976,0.979,38294590.0,37714096.0,,,sina:159870,,
2022-01-06,159870,,0.979,0.986,0.97,0.983,37922754.0,37169831.0,,,sina:159870,,
2022-01-07,159870,,0.984,0.985,0.974,0.978,36198966.0,35420343.0,,,sina:159870,,
2022-01-10,159870,,0.976,0.986,0.972,0.981,29602348.0,29045237.0,,,sina:159870,,
2022-01-11,159870,,0.985,0.991,0.974,0.979,43997370.0,43288015.0,,,sina:159870,,
2022-01-12,159870,,0.978,0.999,0.978,0.999,46142423.0,45765082.0,,,sina:159870,,
2022-01-13,159870,,0.999,0.999,0.98,0.982,51431272.0,50796315.0,,,sina:159870,,
2022-01-14,159870,,0.979,0.986,0.971,0.978,26820156.0,26199856.0,,,sina:159870,,
2022-01-17,159870,,0.977,0.985,0.975,0.985,18405238.0,18044159.0,,,sina:159870,,
2022-01-18,159870,,0.982,0.991,0.977,0.989,33411428.0,32958375.0,,,sina:159870,,
2022-01-19,159870,,0.985,0.99,0.964,0.973,36629783.0,35708835.0,,,sina:159870,,
2022-01-20,159870,,0.973,0.978,0.96,0.961,26225415.0,25386801.0,,,sina:159870,,
2022-01-21,159870,,0.962,0.963,0.948,0.95,33330821.0,31781756.0,,,sina:159870,,
2022-01-24,159870,,0.948,0.964,0.937,0.96,25532098.0,24261493.0,,,sina:159870,,
2022-01-25,159870,,0.95,0.968,0.937,0.938,25546923.0,24323820.0,,,sina:159870,,
2022-01-26,159870,,0.938,0.949,0.933,0.943,24713000.0,23290729.0,,,sina:159870,,
2022-01-27,159870,,0.945,0.948,0.925,0.925,29286195.0,27512337.0,,,sina:159870,,
2022-01-28,159870,,0.926,0.934,0.907,0.917,28926140.0,26666700.0,,,sina:159870,,
2022-02-07,159870,,0.922,0.947,0.922,0.943,23213316.0,21832729.0,,,sina:159870,,
2022-02-08,159870,,0.943,0.943,0.916,0.938,34340510.0,31915829.0,,,sina:159870,,
2022-02-09,159870,,0.938,0.947,0.93,0.946,31173594.0,29334075.0,,,sina:159870,,
2022-02-10,159870,,0.95,0.956,0.942,0.952,31050542.0,29448813.0,,,sina:159870,,
2022-02-11,159870,,0.95,0.966,0.942,0.946,42037119.0,40183009.0,,,sina:159870,,
2022-02-14,159870,,0.936,0.958,0.935,0.939,35828088.0,33900988.0,,,sina:159870,,
2022-02-15,159870,,0.939,0.954,0.938,0.953,30239890.0,28654130.0,,,sina:159870,,
2022-02-16,159870,,0.956,0.962,0.949,0.956,30186666.0,28857349.0,,,sina:159870,,
2022-02-17,159870,,0.953,0.973,0.949,0.969,37308135.0,35953943.0,,,sina:159870,,
2022-02-18,159870,,0.962,0.975,0.958,0.974,46456217.0,44967767.0,,,sina:159870,,
2022-02-21,159870,,0.969,0.979,0.965,0.973,32563735.0,31577392.0,,,sina:159870,,
2022-02-22,159870,,0.966,0.972,0.959,0.972,25362165.0,24515512.0,,,sina:159870,,
2022-02-23,159870,,0.972,0.993,0.972,0.992,46665499.0,45967191.0,,,sina:159870,,
2022-02-24,159870,,0.991,0.999,0.962,0.975,54986283.0,54253283.0,,,sina:159870,,
2022-02-25,159870,,0.984,0.997,0.98,0.984,31277078.0,30927595.0,,,sina:159870,,
2022-02-28,159870,,0.979,0.991,0.974,0.991,32594299.0,32141666.0,,,sina:159870,,
2022-03-01,159870,,0.99,0.994,0.972,0.98,28448469.0,27888703.0,,,sina:159870,,
2022-03-02,159870,,0.979,0.979,0.959,0.961,69045707.0,66463765.0,,,sina:159870,,
2022-03-03,159870,,0.966,0.966,0.952,0.954,46538513.0,44617009.0,,,sina:159870,,
2022-03-04,159870,,0.95,0.952,0.931,0.935,29455874.0,27781384.0,,,sina:159870,,
2022-03-07,159870,,0.93,0.93,0.896,0.9,41178634.0,37603998.0,,,sina:159870,,
2022-03-08,159870,,0.9,0.907,0.861,0.874,33978176.0,30086186.0,,,sina:159870,,
2022-03-09,159870,,0.88,0.88,0.819,0.857,40103114.0,34140888.0,,,sina:159870,,
2022-03-10,159870,,0.874,0.899,0.874,0.895,44651157.0,39830331.0,,,sina:159870,,
2022-03-11,159870,,0.891,0.897,0.867,0.897,72355568.0,63894331.0,,,sina:159870,,
2022-03-14,159870,,0.881,0.901,0.878,0.88,57484571.0,51061979.0,,,sina:159870,,
2022-03-15,159870,,0.888,0.888,0.841,0.842,55602000.0,47966070.0,,,sina:159870,,
2022-03-16,159870,,0.86,0.879,0.827,0.876,61989471.0,53009790.0,,,sina:159870,,
2022-03-17,159870,,0.877,0.908,0.877,0.894,61148731.0,54759691.0,,,sina:159870,,
2022-03-18,159870,,0.88,0.889,0.874,0.887,72318126.0,63752445.0,,,sina:159870,,
2022-03-21,159870,,0.9,0.9,0.878,0.888,52850339.0,46895120.0,,,sina:159870,,
2022-03-22,159870,,0.88,0.889,0.875,0.88,111590341.0,98147511.0,,,sina:159870,,
2022-03-23,159870,,0.879,0.889,0.877,0.882,46398921.0,41018165.0,,,sina:159870,,
2022-03-24,159870,,0.88,0.886,0.865,0.881,41196048.0,36072922.0,,,sina:159870,,
2022-03-25,159870,,0.881,0.885,0.861,0.863,32281288.0,28208763.0,,,sina:159870,,
2022-03-28,159870,,0.862,0.862,0.843,0.853,27347223.0,23251615.0,,,sina:159870,,
2022-03-29,159870,,0.856,0.868,0.852,0.862,31114380.0,26784020.0,,,sina:159870,,
2022-03-30,159870,,0.862,0.882,0.862,0.882,30031659.0,26291693.0,,,sina:159870,,
2022-03-31,159870,,0.882,0.882,0.863,0.864,47272087.0,40990152.0,,,sina:159870,,
2022-04-01,159870,,0.86,0.883,0.858,0.88,54521209.0,47818719.0,,,sina:159870,,
2022-04-06,159870,,0.878,0.878,0.86,0.872,31006745.0,26881864.0,,,sina:159870,,
2022-04-07,159870,,0.863,0.881,0.863,0.87,40842851.0,35694671.0,,,sina:159870,,
2022-04-08,159870,,0.867,0.888,0.864,0.888,66226286.0,58177394.0,,,sina:159870,,
2022-04-11,159870,,0.888,0.891,0.853,0.856,55533253.0,48021840.0,,,sina:159870,,
2022-04-12,159870,,0.849,0.859,0.84,0.855,39778374.0,33842919.0,,,sina:159870,,
2022-04-13,159870,,0.849,0.854,0.84,0.842,35042061.0,29714238.0,,,sina:159870,,
2022-04-14,159870,,0.843,0.853,0.836,0.848,40171399.0,33966418.0,,,sina:159870,,
2022-04-15,159870,,0.842,0.845,0.828,0.835,39138775.0,32755950.0,,,sina:159870,,
2022-04-18,159870,,0.829,0.837,0.818,0.832,52652508.0,43692996.0,,,sina:159870,,
2022-04-19,159870,,0.832,0.841,0.827,0.834,47727677.0,39850358.0,,,sina:159870,,
2022-04-20,159870,,0.831,0.836,0.805,0.809,50148417.0,40988838.0,,,sina:159870,,
2022-04-21,159870,,0.807,0.808,0.774,0.782,48410177.0,38323803.0,,,sina:159870,,
2022-04-22,159870,,0.775,0.782,0.765,0.774,40927133.0,31657264.0,,,sina:159870,,
2022-04-25,159870,,0.763,0.763,0.72,0.72,42826291.0,31857849.0,,,sina:159870,,
2022-04-26,159870,,0.728,0.73,0.7,0.702,50503411.0,36105176.0,,,sina:159870,,
2022-04-27,159870,,0.69,0.742,0.69,0.74,51792327.0,37203869.0,,,sina:159870,,
2022-04-28,159870,,0.74,0.756,0.737,0.746,47657426.0,35525354.0,,,sina:159870,,
2022-04-29,159870,,0.755,0.777,0.743,0.776,49590177.0,37745164.0,,,sina:159870,,
2022-05-05,159870,,0.772,0.802,0.772,0.794,32297274.0,25546187.0,,,sina:159870,,
2022-05-06,159870,,0.774,0.794,0.771,0.782,41465107.0,32530657.0,,,sina:159870,,
2022-05-09,159870,,0.774,0.787,0.774,0.782,29897852.0,23375579.0,,,sina:159870,,
2022-05-10,159870,,0.781,0.788,0.764,0.788,49111715.0,38311615.0,,,sina:159870,,
2022-05-11,159870,,0.787,0.822,0.785,0.808,91732697.0,74462469.0,,,sina:159870,,
2022-05-12,159870,,0.808,0.811,0.797,0.807,35970950.0,28967880.0,,,sina:159870,,
2022-05-13,159870,,0.806,0.818,0.804,0.811,40361783.0,32686537.0,,,sina:159870,,
2022-05-16,159870,,0.812,0.831,0.811,0.814,39022564.0,31958179.0,,,sina:159870,,
2022-05-17,159870,,0.813,0.827,0.811,0.826,40056678.0,32802002.0,,,sina:159870,,
2022-05-18,159870,,0.829,0.831,0.818,0.824,34565389.0,28474992.0,,,sina:159870,,
2022-05-19,159870,,0.812,0.831,0.807,0.826,54057341.0,44356422.0,,,sina:159870,,
2022-05-20,159870,,0.83,0.845,0.829,0.845,45583532.0,38247523.0,,,sina:159870,,
2022-05-23,159870,,0.841,0.852,0.839,0.85,31275869.0,26469725.0,,,sina:159870,,
2022-05-24,159870,,0.847,0.853,0.818,0.818,51022059.0,42767745.0,,,sina:159870,,
2022-05-25,159870,,0.822,0.829,0.816,0.825,32481409.0,26721377.0,,,sina:159870,,
2022-05-26,159870,,0.822,0.839,0.812,0.835,55649178.0,45937968.0,,,sina:159870,,
2022-05-27,159870,,0.833,0.85,0.833,0.84,49704240.0,41871505.0,,,sina:159870,,
2022-05-30,159870,,0.845,0.852,0.838,0.852,39311005.0,33304950.0,,,sina:159870,,
2022-05-31,159870,,0.85,0.857,0.843,0.857,50218137.0,42789607.0,,,sina:159870,,
2022-06-01,159870,,0.857,0.859,0.846,0.853,45527543.0,38852305.0,,,sina:159870,,
2022-06-02,159870,,0.852,0.861,0.847,0.859,39890307.0,34186736.0,,,sina:159870,,
2022-06-06,159870,,0.857,0.891,0.857,0.891,50918864.0,44851135.0,,,sina:159870,,
2022-06-07,159870,,0.89,0.895,0.881,0.886,80722961.0,71705089.0,,,sina:159870,,
2022-06-08,159870,,0.886,0.9,0.876,0.894,54278304.0,48359655.0,,,sina:159870,,
2022-06-09,159870,,0.894,0.899,0.883,0.893,55542982.0,49534242.0,,,sina:159870,,
2022-06-10,159870,,0.881,0.919,0.881,0.914,130787224.0,119190509.0,,,sina:159870,,
2022-06-13,159870,,0.915,0.924,0.901,0.922,124961073.0,114543440.0,,,sina:159870,,
2022-06-14,159870,,0.913,0.932,0.902,0.932,104837700.0,96118246.0,,,sina:159870,,
2022-06-15,159870,,0.933,0.944,0.918,0.918,51349324.0,47769941.0,,,sina:159870,,
2022-06-16,159870,,0.915,0.927,0.901,0.907,153541560.0,139425302.0,,,sina:159870,,
2022-06-17,159870,,0.898,0.933,0.898,0.933,63351999.0,58303006.0,,,sina:159870,,
2022-06-20,159870,,0.936,0.941,0.919,0.923,46209426.0,42874082.0,,,sina:159870,,
2022-06-21,159870,,0.921,0.924,0.901,0.915,62230831.0,56640278.0,,,sina:159870,,
2022-06-22,159870,,0.911,0.92,0.895,0.901,209254403.0,189302125.0,,,sina:159870,,
2022-06-23,159870,,0.901,0.917,0.887,0.916,77611959.0,70068722.0,,,sina:159870,,
2022-06-24,159870,,0.91,0.932,0.91,0.929,50326144.0,46515952.0,,,sina:159870,,
2022-06-27,159870,,0.929,0.945,0.928,0.935,56955181.0,53280154.0,,,sina:159870,,
2022-06-28,159870,化工ETF,0.93,0.951,0.93,0.951,49698500.0,46741439.25,,,,,
2022-06-29,159870,化工ETF,0.952,0.952,0.925,0.926,50268700.0,47189742.125,,,,,
2022-06-30,159870,化工ETF,0.926,0.942,0.926,0.937,33619900.0,31358961.724999998,,,,,
2022-07-01,159870,化工ETF,0.931,0.949,0.931,0.943,44962000.0,42196837.0,,,,,
2022-07-04,159870,化工ETF,0.942,0.962,0.938,0.962,49610900.0,47179965.89999999,,,,,
2022-07-05,159870,化工ETF,0.972,0.976,0.956,0.972,52090400.0,50475597.6,,,,,
2022-07-06,159870,化工ETF,0.963,0.967,0.94,0.951,51956000.0,49630969.0,,,,,
2022-07-07,159870,化工ETF,0.951,0.964,0.941,0.958,46273100.0,44121400.849999994,,,,,
2022-07-08,159870,化工ETF,0.951,0.965,0.94,0.941,44463000.0,42206502.75,,,,,
2022-07-11,159870,化工ETF,0.932,0.937,0.907,0.915,50462200.0,46563995.05,,,,,
2022-07-12,159870,化工ETF,0.911,0.92,0.9,0.905,41889100.0,38077191.9,,,,,
2022-07-13,159870,化工ETF,0.904,0.914,0.893,0.911,51395400.0,46538534.699999996,,,,,
2022-07-14,159870,化工ETF,0.905,0.922,0.903,0.916,48289200.0,44015605.800000004,,,,,
2022-07-15,159870,化工ETF,0.911,0.923,0.902,0.903,58720300.0,53420792.925000004,,,,,
2022-07-18,159870,化工ETF,0.899,0.912,0.892,0.911,47403200.0,42828791.199999996,,,,,
2022-07-19,159870,化工ETF,0.911,0.917,0.906,0.913,41794200.0,38105861.85,,,,,
2022-07-20,159870,化工ETF,0.911,0.921,0.909,0.913,45598300.0,41654047.05,,,,,
2022-07-21,159870,化工ETF,0.913,0.914,0.894,0.895,37708100.0,34088122.4,,,,,
2022-07-22,159870,化工ETF,0.895,0.9,0.88,0.889,48223400.0,42967049.4,,,,,
2022-07-25,159870,化工ETF,0.889,0.893,0.88,0.881,29897800.0,26481976.35,,,,,
2022-07-26,159870,化工ETF,0.881,0.898,0.88,0.894,34524200.0,30666120.65,,,,,
2022-07-27,159870,化工ETF,0.9,0.9,0.882,0.89,17961100.0,16039262.3,,,,,
2022-07-28,159870,化工ETF,0.89,0.898,0.886,0.893,32049900.0,28580498.325000003,,,,,
2022-07-29,159870,化工ETF,0.892,0.898,0.88,0.88,41867000.0,37156962.5,,,,,
2022-08-01,159870,化工ETF,0.88,0.892,0.868,0.891,39061300.0,34481362.574999996,,,,,
2022-08-02,159870,化工ETF,0.89,0.89,0.86,0.871,52435300.0,46025084.575,,,,,
2022-08-03,159870,化工ETF,0.871,0.885,0.858,0.858,164335100.0,142642866.8,,,,,
2022-08-04,159870,化工ETF,0.859,0.871,0.855,0.862,63780200.0,54962587.35,,,,,
2022-08-05,159870,化工ETF,0.862,0.879,0.862,0.878,97520700.0,84867389.175,,,,,
2022-08-08,159870,化工ETF,0.88,0.888,0.871,0.887,31175400.0,27481115.099999998,,,,,
2022-08-09,159870,化工ETF,0.887,0.9,0.884,0.896,29239400.0,26074234.95,,,,,
2022-08-10,159870,化工ETF,0.902,0.904,0.892,0.898,30116600.0,27074823.400000002,,,,,
2022-08-11,159870,化工ETF,0.898,0.913,0.894,0.912,60156400.0,54396424.7,,,,,
2022-08-12,159870,化工ETF,0.907,0.92,0.907,0.918,39901400.0,36429978.2,,,,,
2022-08-15,159870,化工ETF,0.914,0.931,0.912,0.925,48704900.0,44832860.45,,,,,
2022-08-16,159870,化工ETF,0.926,0.927,0.918,0.92,39750500.0,36679773.875,,,,,
2022-08-17,159870,化工ETF,0.919,0.92,0.901,0.907,47685900.0,43477619.325,,,,,
2022-08-18,159870,化工ETF,0.907,0.908,0.893,0.895,38845600.0,34990174.199999996,,,,,
2022-08-19,159870,化工ETF,0.891,0.896,0.878,0.88,37914400.0,33601637.0,,,,,
2022-08-22,159870,化工ETF,0.875,0.905,0.874,0.904,107497200.0,95618759.4,,,,,
2022-08-23,159870,化工ETF,0.899,0.907,0.895,0.905,43626000.0,39328839.0,,,,,
2022-08-24,159870,化工ETF,0.906,0.907,0.874,0.878,43749000.0,38991296.25,,,,,
2022-08-25,159870,化工ETF,0.875,0.883,0.858,0.876,52108900.0,45491069.7,,,,,
2022-08-26,159870,化工ETF,0.874,0.888,0.871,0.872,46580100.0,40815812.625,,,,,
2022-08-29,159870,化工ETF,0.865,0.873,0.861,0.872,39155100.0,33976838.025,,,,,
2022-08-30,159870,化工ETF,0.869,0.873,0.857,0.864,100145700.0,86701139.775,,,,,
2022-08-31,159870,化工ETF,0.858,0.861,0.84,0.846,38814200.0,33040587.749999996,,,,,
2022-09-01,159870,化工ETF,0.844,0.851,0.837,0.839,31394700.0,26457883.424999997,,,,,
2022-09-02,159870,化工ETF,0.838,0.843,0.833,0.836,34941400.0,29263422.499999996,,,,,
2022-09-05,159870,化工ETF,0.832,0.843,0.832,0.843,30873900.0,25856891.249999996,,,,,
2022-09-06,159870,化工ETF,0.849,0.868,0.844,0.867,125871600.0,107871961.2,,,,,
2022-09-07,159870,化工ETF,0.868,0.875,0.859,0.87,95555300.0,82942000.4,,,,,
2022-09-08,159870,化工ETF,0.87,0.871,0.859,0.861,55918800.0,48383741.699999996,,,,,
2022-09-09,159870,化工ETF,0.86,0.873,0.858,0.869,112441200.0,97261638.00000001,,,,,
2022-09-13,159870,化工ETF,0.874,0.874,0.862,0.863,62238300.0,54038403.975,,,,,
2022-09-14,159870,化工ETF,0.848,0.858,0.846,0.849,87702400.0,74568965.60000001,,,,,
2022-09-15,159870,化工ETF,0.85,0.856,0.821,0.829,80589500.0,67614590.5,,,,,
2022-09-16,159870,化工ETF,0.83,0.83,0.81,0.812,73423700.0,60244145.85,,,,,
2022-09-19,159870,化工ETF,0.815,0.824,0.808,0.811,77724100.0,63306279.45,,,,,
2022-09-20,159870,化工ETF,0.814,0.831,0.814,0.824,45108200.0,37022555.15,,,,,
2022-09-21,159870,化工ETF,0.823,0.823,0.812,0.82,49984200.0,40962051.89999999,,,,,
2022-09-22,159870,化工ETF,0.818,0.828,0.812,0.816,39645500.0,32449841.75,,,,,
2022-09-23,159870,化工ETF,0.813,0.825,0.804,0.813,119796500.0,97484401.875,,,,,
2022-09-26,159870,化工ETF,0.8,0.817,0.8,0.802,54489000.0,43850022.75000001,,,,,
2022-09-27,159870,化工ETF,0.802,0.806,0.79,0.805,47135900.0,37744071.925000004,,,,,
2022-09-28,159870,化工ETF,0.805,0.807,0.78,0.781,52219000.0,41422721.75,,,,,
2022-09-29,159870,化工ETF,0.785,0.796,0.785,0.791,40801200.0,32202347.1,,,,,
2022-09-30,159870,化工ETF,0.79,0.8,0.783,0.784,47025300.0,37114718.025,,,,,
2022-10-10,159870,化工ETF,0.784,0.785,0.759,0.764,60911500.0,47084589.5,,,,,
2022-10-11,159870,化工ETF,0.766,0.781,0.763,0.781,55082300.0,42564847.325,,,,,
2022-10-12,159870,化工ETF,0.78,0.789,0.755,0.788,68919900.0,53619682.2,,,,,
2022-10-13,159870,化工ETF,0.781,0.786,0.776,0.78,46498500.0,36303703.875,,,,,
2022-10-14,159870,化工ETF,0.785,0.799,0.778,0.794,48953400.0,38624232.6,,,,,
2022-10-17,159870,化工ETF,0.794,0.795,0.782,0.794,50395100.0,39875122.875,,,,,
2022-10-18,159870,化工ETF,0.796,0.8,0.789,0.793,40911200.0,32503948.400000002,,,,,
2022-10-19,159870,化工ETF,0.791,0.8,0.778,0.78,67977800.0,53515523.050000004,,,,,
2022-10-20,159870,化工ETF,0.773,0.784,0.761,0.771,79336800.0,61267843.800000004,,,,,
2022-10-21,159870,化工ETF,0.774,0.774,0.759,0.765,44555700.0,34218777.6,,,,,
2022-10-24,159870,化工ETF,0.768,0.776,0.749,0.755,57207000.0,43591734.00000001,,,,,
2022-10-25,159870,化工ETF,0.749,0.752,0.732,0.745,49261600.0,36675261.199999996,,,,,
2022-10-26,159870,化工ETF,0.744,0.76,0.742,0.753,47751300.0,35801537.175,,,,,
2022-10-27,159870,化工ETF,0.756,0.762,0.747,0.748,47405200.0,35707966.9,,,,,
2022-10-28,159870,化工ETF,0.748,0.748,0.717,0.718,48838400.0,35786337.6,,,,,
2022-10-31,159870,化工ETF,0.722,0.722,0.706,0.709,108441100.0,77508276.225,,,,,
2022-11-01,159870,化工ETF,0.714,0.735,0.707,0.735,46827100.0,33844286.525,,,,,
2022-11-02,159870,化工ETF,0.73,0.747,0.73,0.742,46996500.0,34648169.625,,,,,
2022-11-03,159870,化工ETF,0.738,0.75,0.737,0.747,38319700.0,28471537.1,,,,,
2022-11-04,159870,化工ETF,0.742,0.778,0.742,0.777,63236300.0,48043778.925000004,,,,,
2022-11-07,159870,化工ETF,0.779,0.792,0.768,0.784,148009000.0,115558026.75000001,,,,,
2022-11-08,159870,化工ETF,0.784,0.793,0.778,0.784,55850900.0,43828993.775000006,,,,,
2022-11-09,159870,化工ETF,0.788,0.789,0.779,0.78,31769800.0,24907523.2,,,,,
2022-11-10,159870,化工ETF,0.771,0.777,0.761,0.766,46802100.0,35979114.375,,,,,
2022-11-11,159870,化工ETF,0.783,0.79,0.774,0.786,78748000.0,61679371.0,,,,,
2022-11-14,159870,化工ETF,0.79,0.797,0.775,0.778,43146300.0,33869845.5,,,,,
2022-11-15,159870,化工ETF,0.783,0.792,0.772,0.792,39500600.0,30998095.85,,,,,
2022-11-16,159870,化工ETF,0.788,0.793,0.781,0.783,44204400.0,34755709.50000001,,,,,
2022-11-17,159870,化工ETF,0.781,0.781,0.766,0.775,42495100.0,32965573.825000003,,,,,
2022-11-18,159870,化工ETF,0.772,0.779,0.766,0.768,44806800.0,34557244.5,,,,,
2022-11-21,159870,化工ETF,0.765,0.772,0.755,0.772,35045500.0,26844853.0,,,,,
2022-11-22,159870,化工ETF,0.774,0.774,0.754,0.757,75130400.0,57455973.400000006,,,,,
2022-11-23,159870,化工ETF,0.757,0.767,0.756,0.764,44126300.0,33580114.3,,,,,
2022-11-24,159870,化工ETF,0.762,0.777,0.762,0.777,58070500.0,44685249.75000001,,,,,
2022-11-25,159870,化工ETF,0.775,0.775,0.766,0.768,44112200.0,34010506.2,,,,,
2022-11-28,159870,化工ETF,0.762,0.763,0.748,0.762,40535500.0,30756310.625,,,,,
2022-11-29,159870,化工ETF,0.762,0.777,0.762,0.774,44331000.0,34079456.25,,,,,
2022-11-30,159870,化工ETF,0.774,0.78,0.771,0.773,54022200.0,41840193.9,,,,,
2022-12-01,159870,化工ETF,0.78,0.791,0.78,0.787,101515600.0,79638988.2,,,,,
2022-12-02,159870,化工ETF,0.787,0.791,0.782,0.79,39250200.0,30909532.5,,,,,
2022-12-05,159870,化工ETF,0.791,0.795,0.785,0.793,69051400.0,54619657.400000006,,,,,
2022-12-06,159870,化工ETF,0.793,0.806,0.786,0.801,127322100.0,101412052.65,,,,,
2022-12-07,159870,化工ETF,0.798,0.809,0.797,0.805,48280000.0,38732630.00000001,,,,,
2022-12-08,159870,化工ETF,0.8,0.811,0.793,0.803,55510200.0,44505302.85,,,,,
2022-12-09,159870,化工ETF,0.805,0.813,0.801,0.811,57765300.0,46645479.75000001,,,,,
2022-12-12,159870,化工ETF,0.806,0.81,0.794,0.795,39391200.0,31562199.0,,,,,
2022-12-13,159870,化工ETF,0.793,0.796,0.786,0.789,30090300.0,23801427.3,,,,,
2022-12-14,159870,化工ETF,0.789,0.792,0.786,0.789,28868600.0,22777325.400000002,,,,,
2022-12-15,159870,化工ETF,0.789,0.79,0.778,0.788,30062500.0,23636640.625,,,,,
2022-12-16,159870,化工ETF,0.783,0.787,0.777,0.781,28816000.0,22534112.0,,,,,
2022-12-19,159870,化工ETF,0.776,0.79,0.772,0.775,41126200.0,32006465.150000006,,,,,
2022-12-20,159870,化工ETF,0.773,0.775,0.762,0.765,27997900.0,21523385.625,,,,,
2022-12-21,159870,化工ETF,0.765,0.773,0.762,0.766,19691500.0,15093534.750000002,,,,,
2022-12-22,159870,化工ETF,0.767,0.774,0.748,0.752,107787100.0,81945142.775,,,,,
2022-12-23,159870,化工ETF,0.748,0.754,0.74,0.743,37626600.0,28078850.250000004,,,,,
2022-12-26,159870,化工ETF,0.75,0.76,0.745,0.758,23541300.0,17732484.224999998,,,,,
2022-12-27,159870,化工ETF,0.762,0.769,0.761,0.767,106444400.0,81403354.9,,,,,
2022-12-28,159870,化工ETF,0.768,0.768,0.755,0.758,82949200.0,63228027.699999996,,,,,
2022-12-29,159870,化工ETF,0.757,0.762,0.754,0.756,19088000.0,14454388.0,,,,,
2022-12-30,159870,化工ETF,0.756,0.764,0.753,0.753,33937400.0,25673643.099999998,,,,,
2023-01-03,159870,化工ETF,0.754,0.76,0.745,0.76,51794300.0,39091747.925000004,,,,,
2023-01-04,159870,化工ETF,0.756,0.76,0.751,0.755,41058100.0,31019394.549999997,,,,,
2023-01-05,159870,化工ETF,0.757,0.77,0.756,0.767,39641800.0,30226872.5,,,,,
2023-01-06,159870,化工ETF,0.765,0.786,0.765,0.781,71806600.0,55596260.05,,,,,
2023-01-09,159870,化工ETF,0.781,0.792,0.781,0.784,44075700.0,34577386.650000006,,,,,
2023-01-10,159870,化工ETF,0.784,0.784,0.772,0.779,43583900.0,33984546.025000006,,,,,
2023-01-11,159870,化工ETF,0.779,0.785,0.774,0.776,42779700.0,33303996.450000003,,,,,
2023-01-12,159870,化工ETF,0.776,0.785,0.776,0.78,48516100.0,37806170.925,,,,,
2023-01-13,159870,化工ETF,0.783,0.786,0.776,0.782,110081400.0,86056134.44999999,,,,,
2023-01-16,159870,化工ETF,0.783,0.799,0.779,0.793,183216800.0,144466446.79999998,,,,,
2023-01-17,159870,化工ETF,0.791,0.802,0.791,0.799,51932200.0,41325048.150000006,,,,,
2023-01-18,159870,化工ETF,0.802,0.803,0.798,0.8,103595500.0,82954096.62500001,,,,,
2023-01-19,159870,化工ETF,0.799,0.804,0.795,0.804,28131600.0,22519345.8,,,,,
2023-01-20,159870,化工ETF,0.806,0.811,0.802,0.811,87621100.0,70754038.25,,,,,
2023-01-30,159870,化工ETF,0.822,0.83,0.817,0.818,44347000.0,36442147.25,,,,,
2023-01-31,159870,化工ETF,0.815,0.825,0.814,0.823,80448600.0,65907515.550000004,,,,,
2023-02-01,159870,化工ETF,0.822,0.835,0.822,0.835,49768600.0,41233285.1,,,,,
2023-02-02,159870,化工ETF,0.84,0.84,0.827,0.838,37383600.0,31262035.499999996,,,,,
2023-02-03,159870,化工ETF,0.835,0.836,0.82,0.83,40791100.0,33866810.775,,,,,
2023-02-06,159870,化工ETF,0.826,0.826,0.814,0.818,119180200.0,97846944.19999999,,,,,
2023-02-07,159870,化工ETF,0.815,0.822,0.813,0.816,32360400.0,26422266.6,,,,,
2023-02-08,159870,化工ETF,0.816,0.824,0.816,0.818,30179800.0,24702166.299999997,,,,,
2023-02-09,159870,化工ETF,0.813,0.826,0.813,0.825,108477700.0,88870355.72500001,,,,,
2023-02-10,159870,化工ETF,0.819,0.829,0.818,0.823,34901200.0,28697511.700000003,,,,,
2023-02-13,159870,化工ETF,0.823,0.829,0.818,0.828,32173300.0,26526885.849999998,,,,,
2023-02-14,159870,化工ETF,0.829,0.837,0.825,0.835,127682600.0,106168081.89999999,,,,,
2023-02-15,159870,化工ETF,0.838,0.838,0.827,0.829,89941800.0,74921519.39999999,,,,,
2023-02-16,159870,化工ETF,0.829,0.834,0.809,0.814,95933900.0,78809698.85,,,,,
2023-02-17,159870,化工ETF,0.811,0.828,0.811,0.818,84447800.0,68993852.6,,,,,
2023-02-20,159870,化工ETF,0.82,0.831,0.81,0.83,51365300.0,42260800.574999996,,,,,
2023-02-21,159870,化工ETF,0.83,0.845,0.83,0.839,142196400.0,118876190.4,,,,,
2023-02-22,159870,化工ETF,0.838,0.838,0.828,0.83,37821300.0,31524053.549999997,,,,,
2023-02-23,159870,化工ETF,0.831,0.832,0.825,0.827,218851600.0,181373263.49999997,,,,,
2023-02-24,159870,化工ETF,0.827,0.827,0.816,0.82,31705500.0,26077773.749999996,,,,,
2023-02-27,159870,化工ETF,0.816,0.831,0.813,0.826,95551200.0,78495310.8,,,,,
2023-02-28,159870,化工ETF,0.825,0.827,0.817,0.827,44227600.0,36443542.400000006,,,,,
2023-03-01,159870,化工ETF,0.825,0.829,0.822,0.827,59984100.0,49531870.574999996,,,,,
2023-03-02,159870,化工ETF,0.825,0.83,0.825,0.827,24699900.0,20420642.324999996,,,,,
2023-03-03,159870,化工ETF,0.823,0.827,0.817,0.822,51550000.0,42386987.49999999,,,,,
2023-03-06,159870,化工ETF,0.818,0.821,0.806,0.813,71772700.0,58458864.15,,,,,
2023-03-07,159870,化工ETF,0.814,0.817,0.801,0.802,72742200.0,58812068.7,,,,,
2023-03-08,159870,化工ETF,0.801,0.802,0.794,0.798,24374800.0,19469371.5,,,,,
2023-03-09,159870,化工ETF,0.799,0.8,0.792,0.793,37559400.0,29897282.400000002,,,,,
2023-03-10,159870,化工ETF,0.79,0.79,0.779,0.781,66122900.0,51906476.5,,,,,
2023-03-13,159870,化工ETF,0.78,0.787,0.776,0.78,25348800.0,19791075.6,,,,,
2023-03-14,159870,化工ETF,0.777,0.779,0.76,0.771,40035900.0,30897705.825,,,,,
2023-03-15,159870,化工ETF,0.774,0.78,0.771,0.773,42155400.0,32649357.299999997,,,,,
2023-03-16,159870,化工ETF,0.77,0.771,0.754,0.756,215050100.0,164029463.775,,,,,
2023-03-17,159870,化工ETF,0.761,0.765,0.754,0.757,48568500.0,36875633.625,,,,,
2023-03-20,159870,化工ETF,0.759,0.761,0.753,0.755,32943600.0,24938305.2,,,,,
2023-03-21,159870,化工ETF,0.758,0.765,0.755,0.764,46468800.0,35339522.4,,,,,
2023-03-22,159870,化工ETF,0.765,0.773,0.762,0.764,49368000.0,37815888.0,,,,,
2023-03-23,159870,化工ETF,0.763,0.764,0.758,0.763,120711000.0,91981782.0,,,,,
2023-03-24,159870,化工ETF,0.765,0.765,0.757,0.76,44470700.0,33875555.725,,,,,
2023-03-27,159870,化工ETF,0.76,0.761,0.752,0.76,35652500.0,27033508.125000004,,,,,
2023-03-28,159870,化工ETF,0.779,0.783,0.762,0.763,172584500.0,133192087.87500001,,,,,
2023-03-29,159870,化工ETF,0.763,0.768,0.759,0.759,75506600.0,57554905.85,,,,,
2023-03-30,159870,化工ETF,0.76,0.762,0.749,0.762,73447800.0,55691794.35,,,,,
2023-03-31,159870,化工ETF,0.76,0.773,0.76,0.766,201750100.0,154288388.975,,,,,
2023-04-03,159870,化工ETF,0.764,0.768,0.76,0.767,199888100.0,152864424.475,,,,,
2023-04-04,159870,化工ETF,0.768,0.769,0.751,0.754,138966800.0,105684251.39999999,,,,,
2023-04-06,159870,化工ETF,0.751,0.756,0.749,0.756,103864400.0,78209893.2,,,,,
2023-04-07,159870,化工ETF,0.754,0.761,0.752,0.76,76519800.0,57906358.650000006,,,,,
2023-04-10,159870,化工ETF,0.762,0.763,0.757,0.763,83417300.0,63501419.625,,,,,
2023-04-11,159870,化工ETF,0.764,0.764,0.758,0.762,65389000.0,49826418.0,,,,,
2023-04-12,159870,化工ETF,0.762,0.763,0.754,0.757,74098200.0,56240533.8,,,,,
2023-04-13,159870,化工ETF,0.755,0.756,0.745,0.748,121928000.0,91567928.00000001,,,,,
2023-04-14,159870,化工ETF,0.747,0.756,0.747,0.752,73790500.0,55379770.24999999,,,,,
2023-04-17,159870,化工ETF,0.752,0.769,0.752,0.769,311203400.0,236670185.7,,,,,
2023-04-18,159870,化工ETF,0.768,0.774,0.766,0.77,111924100.0,86125594.95,,,,,
2023-04-19,159870,化工ETF,0.77,0.771,0.759,0.761,87222200.0,66746788.55,,,,,
2023-04-20,159870,化工ETF,0.76,0.76,0.744,0.746,128530600.0,96719276.5,,,,,
2023-04-21,159870,化工ETF,0.744,0.747,0.726,0.726,142363400.0,104743871.55,,,,,
2023-04-24,159870,化工ETF,0.727,0.728,0.713,0.716,111529900.0,80413057.9,,,,,
2023-04-25,159870,化工ETF,0.717,0.718,0.697,0.702,105805300.0,74963055.05,,,,,
2023-04-26,159870,化工ETF,0.702,0.717,0.697,0.712,96859900.0,68479949.3,,,,,
2023-04-27,159870,化工ETF,0.71,0.717,0.705,0.713,74294100.0,52841678.625,,,,,
2023-04-28,159870,化工ETF,0.712,0.715,0.705,0.709,117142400.0,83200389.6,,,,,
2023-05-04,159870,化工ETF,0.707,0.707,0.7,0.704,88403700.0,62280406.64999999,,,,,
2023-05-05,159870,化工ETF,0.704,0.704,0.689,0.696,133762100.0,93399386.325,,,,,
2023-05-08,159870,化工ETF,0.696,0.701,0.692,0.699,91777700.0,63969056.900000006,,,,,
2023-05-09,159870,化工ETF,0.698,0.7,0.689,0.691,95980900.0,66658735.04999999,,,,,
2023-05-10,159870,化工ETF,0.691,0.702,0.689,0.698,98211100.0,68256714.5,,,,,
2023-05-11,159870,化工ETF,0.698,0.701,0.693,0.696,81204600.0,56599606.199999996,,,,,
2023-05-12,159870,化工ETF,0.695,0.7,0.685,0.686,112759600.0,77973263.4,,,,,
2023-05-15,159870,化工ETF,0.686,0.7,0.686,0.699,102575900.0,71059454.725,,,,,
2023-05-16,159870,化工ETF,0.702,0.704,0.695,0.698,65013400.0,45493126.65,,,,,
2023-05-17,159870,化工ETF,0.697,0.7,0.692,0.693,82162300.0,57143879.65,,,,,
2023-05-18,159870,化工ETF,0.695,0.695,0.682,0.685,200253700.0,138024862.725,,,,,
2023-05-19,159870,化工ETF,0.683,0.688,0.68,0.686,85823900.0,58725003.57500001,,,,,
2023-05-22,159870,化工ETF,0.686,0.694,0.682,0.694,87742100.0,60454306.9,,,,,
2023-05-23,159870,化工ETF,0.694,0.697,0.689,0.69,72633200.0,50298491.0,,,,,
2023-05-24,159870,化工ETF,0.688,0.692,0.683,0.685,67630700.0,46462290.900000006,,,,,
2023-05-25,159870,化工ETF,0.685,0.685,0.673,0.677,91258700.0,62055916.00000001,,,,,
2023-05-26,159870,化工ETF,0.678,0.678,0.668,0.672,68633500.0,46258979.0,,,,,
2023-05-29,159870,化工ETF,0.674,0.676,0.661,0.664,111300400.0,74432142.5,,,,,
2023-05-30,159870,化工ETF,0.663,0.664,0.651,0.661,132274400.0,87268035.4,,,,,
2023-05-31,159870,化工ETF,0.659,0.659,0.652,0.656,76544700.0,50251595.55,,,,,
2023-06-01,159870,化工ETF,0.656,0.665,0.654,0.659,82846400.0,54554354.4,,,,,
2023-06-02,159870,化工ETF,0.66,0.681,0.66,0.681,355040300.0,238054521.15000004,,,,,
2023-06-05,159870,化工ETF,0.681,0.682,0.675,0.68,246240100.0,167320147.95,,,,,
2023-06-06,159870,化工ETF,0.679,0.68,0.671,0.672,65100000.0,43975050.0,,,,,
2023-06-07,159870,化工ETF,0.672,0.675,0.662,0.664,66722300.0,44587176.975,,,,,
2023-06-08,159870,化工ETF,0.662,0.671,0.662,0.668,71899400.0,47867025.550000004,,,,,
2023-06-09,159870,化工ETF,0.669,0.672,0.662,0.664,88800900.0,59208000.075,,,,,
2023-06-12,159870,化工ETF,0.665,0.672,0.659,0.669,83038900.0,55324667.125,,,,,
2023-06-13,159870,化工ETF,0.67,0.67,0.665,0.67,109646600.0,73326163.75,,,,,
2023-06-14,159870,化工ETF,0.671,0.677,0.669,0.673,99307800.0,66784495.5,,,,,
2023-06-15,159870,化工ETF,0.672,0.686,0.669,0.685,150651500.0,102141717.0,,,,,
2023-06-16,159870,化工ETF,0.684,0.689,0.679,0.685,187235300.0,128115754.025,,,,,
2023-06-19,159870,化工ETF,0.685,0.687,0.676,0.676,108693200.0,74020069.2,,,,,
2023-06-20,159870,化工ETF,0.677,0.679,0.673,0.673,75150200.0,50763960.1,,,,,
2023-06-21,159870,化工ETF,0.673,0.68,0.666,0.667,80773000.0,54239069.5,,,,,
2023-06-26,159870,化工ETF,0.664,0.67,0.659,0.665,127984600.0,85045766.70000002,,,,,
2023-06-27,159870,化工ETF,0.665,0.675,0.664,0.675,99867200.0,66886057.20000001,,,,,
2023-06-28,159870,化工ETF,0.674,0.678,0.67,0.675,102338000.0,69001396.5,,,,,
2023-06-29,159870,化工ETF,0.675,0.676,0.666,0.666,85426100.0,57299556.575,,,,,
2023-06-30,159870,化工ETF,0.665,0.682,0.664,0.679,172659800.0,116113715.50000001,,,,,
2023-07-03,159870,化工ETF,0.679,0.687,0.679,0.683,149572600.0,102008513.20000002,,,,,
2023-07-04,159870,化工ETF,0.683,0.684,0.678,0.681,89684300.0,61119850.45,,,,,
2023-07-05,159870,化工ETF,0.681,0.682,0.678,0.68,86521100.0,58855978.275,,,,,
2023-07-06,159870,化工ETF,0.68,0.681,0.669,0.672,93364400.0,63067652.20000001,,,,,
2023-07-07,159870,化工ETF,0.672,0.672,0.664,0.668,171883700.0,114990195.30000001,,,,,
2023-07-10,159870,化工ETF,0.668,0.682,0.667,0.68,135739700.0,91522492.72500001,,,,,
2023-07-11,159870,化工ETF,0.679,0.683,0.673,0.682,94822500.0,64408183.125000015,,,,,
2023-07-12,159870,化工ETF,0.683,0.692,0.68,0.689,231803800.0,159017406.8,,,,,
2023-07-13,159870,化工ETF,0.689,0.695,0.688,0.691,620334600.0,428496124.95,,,,,
2023-07-14,159870,化工ETF,0.689,0.692,0.687,0.688,170670300.0,117591836.7,,,,,
2023-07-17,159870,化工ETF,0.688,0.689,0.68,0.685,109877400.0,75320957.7,,,,,
2023-07-18,159870,化工ETF,0.684,0.691,0.682,0.69,95150100.0,65344331.175,,,,,
2023-07-19,159870,化工ETF,0.688,0.691,0.684,0.686,275093100.0,189057732.975,,,,,
2023-07-20,159870,化工ETF,0.688,0.701,0.687,0.692,235042500.0,162649410.0,,,,,
2023-07-21,159870,化工ETF,0.69,0.696,0.685,0.69,143294400.0,98908959.6,,,,,
2023-07-24,159870,化工ETF,0.691,0.691,0.678,0.679,206300500.0,141264267.375,,,,,
2023-07-25,159870,化工ETF,0.684,0.698,0.684,0.695,570219400.0,393593940.85,,,,,
2023-07-26,159870,化工ETF,0.695,0.703,0.695,0.7,220105600.0,153688735.2,,,,,
2023-07-27,159870,化工ETF,0.7,0.704,0.695,0.696,321298600.0,224507396.74999997,,,,,
2023-07-28,159870,化工ETF,0.694,0.707,0.692,0.706,334758500.0,234247260.37499997,,,,,
2023-07-31,159870,化工ETF,0.705,0.72,0.705,0.713,313043600.0,222495738.7,,,,,
2023-08-01,159870,化工ETF,0.712,0.717,0.707,0.711,259139900.0,184442823.825,,,,,
2023-08-02,159870,化工ETF,0.71,0.712,0.703,0.705,146445400.0,103610120.49999999,,,,,
2023-08-03,159870,化工ETF,0.702,0.708,0.702,0.708,145889900.0,102852379.5,,,,,
2023-08-04,159870,化工ETF,0.711,0.714,0.704,0.705,188839600.0,133792856.59999998,,,,,
2023-08-07,159870,化工ETF,0.705,0.705,0.696,0.701,182439900.0,128027199.82499997,,,,,
2023-08-08,159870,化工ETF,0.701,0.705,0.692,0.704,184597400.0,129310478.69999999,,,,,
2023-08-09,159870,化工ETF,0.701,0.704,0.698,0.702,207793600.0,145715262.0,,,,,
2023-08-10,159870,化工ETF,0.702,0.706,0.7,0.705,109597300.0,77074301.225,,,,,
2023-08-11,159870,化工ETF,0.705,0.705,0.691,0.691,134561900.0,93924206.19999999,,,,,
2023-08-14,159870,化工ETF,0.687,0.688,0.678,0.686,198750100.0,136094130.975,,,,,
2023-08-15,159870,化工ETF,0.684,0.688,0.675,0.68,153131600.0,104397468.30000001,,,,,
2023-08-16,159870,化工ETF,0.677,0.682,0.674,0.674,154234300.0,104378062.52499999,,,,,
2023-08-17,159870,化工ETF,0.672,0.676,0.666,0.675,170423800.0,114567399.55,,,,,
2023-08-18,159870,化工ETF,0.673,0.677,0.667,0.668,183774000.0,123358297.50000003,,,,,
2023-08-21,159870,化工ETF,0.668,0.669,0.658,0.659,120508800.0,79957588.8,,,,,
2023-08-22,159870,化工ETF,0.659,0.665,0.649,0.655,129942700.0,85372353.9,,,,,
2023-08-23,159870,化工ETF,0.655,0.656,0.643,0.644,90628700.0,58863340.65,,,,,
2023-08-24,159870,化工ETF,0.644,0.651,0.64,0.648,159618700.0,103073775.525,,,,,
2023-08-25,159870,化工ETF,0.644,0.653,0.643,0.647,100862000.0,65232498.49999999,,,,,
2023-08-28,159870,化工ETF,0.674,0.677,0.648,0.651,144415000.0,95674937.50000001,,,,,
2023-08-29,159870,化工ETF,0.649,0.66,0.648,0.66,116902000.0,76483133.50000001,,,,,
2023-08-30,159870,化工ETF,0.658,0.663,0.655,0.659,153716700.0,101260876.12500001,,,,,
2023-08-31,159870,化工ETF,0.657,0.66,0.652,0.654,82652400.0,54199311.300000004,,,,,
2023-09-01,159870,化工ETF,0.656,0.663,0.655,0.66,56511100.0,37212559.35,,,,,
2023-09-04,159870,化工ETF,0.663,0.678,0.663,0.676,193319700.0,129524198.99999999,,,,,
2023-09-05,159870,化工ETF,0.675,0.676,0.671,0.672,82700400.0,55698719.4,,,,,
2023-09-06,159870,化工ETF,0.672,0.674,0.668,0.673,85575300.0,57485207.775000006,,,,,
2023-09-07,159870,化工ETF,0.672,0.673,0.662,0.662,153848100.0,102655144.72500001,,,,,
2023-09-08,159870,化工ETF,0.662,0.664,0.656,0.657,113992000.0,75206222.0,,,,,
2023-09-11,159870,化工ETF,0.659,0.665,0.658,0.662,68112500.0,45022362.5,,,,,
2023-09-12,159870,化工ETF,0.662,0.666,0.66,0.664,53483900.0,35459825.7,,,,,
2023-09-13,159870,化工ETF,0.663,0.668,0.655,0.66,109283400.0,72290969.1,,,,,
2023-09-14,159870,化工ETF,0.658,0.66,0.653,0.656,97235200.0,63859217.60000001,,,,,
2023-09-15,159870,化工ETF,0.659,0.66,0.648,0.65,73217100.0,47902287.675000004,,,,,
2023-09-18,159870,化工ETF,0.648,0.656,0.645,0.652,53095300.0,34525218.825,,,,,
2023-09-19,159870,化工ETF,0.651,0.653,0.647,0.649,49519100.0,32187415.0,,,,,
2023-09-20,159870,化工ETF,0.649,0.649,0.644,0.644,77537600.0,50128058.400000006,,,,,
2023-09-21,159870,化工ETF,0.645,0.648,0.641,0.644,66018400.0,42548858.800000004,,,,,
2023-09-22,159870,化工ETF,0.642,0.648,0.638,0.647,110945800.0,71421358.75,,,,,
2023-09-25,159870,化工ETF,0.648,0.648,0.642,0.643,211627000.0,136552321.75,,,,,
2023-09-26,159870,化工ETF,0.642,0.644,0.635,0.636,82981200.0,53045732.10000001,,,,,
2023-09-27,159870,化工ETF,0.635,0.644,0.634,0.638,91871700.0,58591176.675000004,,,,,
2023-09-28,159870,化工ETF,0.638,0.641,0.633,0.635,427244300.0,272047808.02500004,,,,,
2023-10-09,159870,化工ETF,0.635,0.636,0.628,0.633,226798300.0,143563323.9,,,,,
2023-10-10,159870,化工ETF,0.634,0.638,0.628,0.63,248474600.0,157160184.50000003,,,,,
2023-10-11,159870,化工ETF,0.63,0.634,0.626,0.629,92149600.0,58031210.599999994,,,,,
2023-10-12,159870,化工ETF,0.63,0.638,0.63,0.637,118589200.0,75155905.49999999,,,,,
2023-10-13,159870,化工ETF,0.632,0.634,0.627,0.628,63418700.0,39969635.675,,,,,
2023-10-16,159870,化工ETF,0.629,0.631,0.62,0.622,75480100.0,47212802.55,,,,,
2023-10-17,159870,化工ETF,0.623,0.629,0.621,0.626,64791300.0,40478364.675000004,,,,,
2023-10-18,159870,化工ETF,0.627,0.627,0.615,0.616,86914600.0,53995695.25,,,,,
2023-10-19,159870,化工ETF,0.614,0.616,0.606,0.607,73620200.0,44963537.15,,,,,
2023-10-20,159870,化工ETF,0.606,0.614,0.604,0.609,111219500.0,67649260.875,,,,,
2023-10-23,159870,化工ETF,0.608,0.609,0.591,0.596,116902300.0,70258282.3,,,,,
2023-10-24,159870,化工ETF,0.595,0.6,0.593,0.6,93897900.0,56057046.3,,,,,
2023-10-25,159870,化工ETF,0.604,0.61,0.602,0.604,75373600.0,45601028.0,,,,,
2023-10-26,159870,化工ETF,0.603,0.605,0.596,0.604,57086300.0,34365952.6,,,,,
2023-10-27,159870,化工ETF,0.603,0.624,0.6,0.621,141136900.0,86375782.8,,,,,
2023-10-30,159870,化工ETF,0.618,0.634,0.618,0.631,116206500.0,72658114.125,,,,,
2023-10-31,159870,化工ETF,0.632,0.633,0.627,0.63,62692000.0,39527306.00000001,,,,,
2023-11-01,159870,化工ETF,0.631,0.632,0.624,0.626,47308100.0,29721313.825000003,,,,,
2023-11-02,159870,化工ETF,0.626,0.628,0.619,0.62,37576300.0,23419428.975,,,,,
2023-11-03,159870,化工ETF,0.622,0.628,0.619,0.625,56177700.0,35026795.949999996,,,,,
2023-11-06,159870,化工ETF,0.628,0.633,0.626,0.633,98379000.0,61978770.0,,,,,
2023-11-07,159870,化工ETF,0.633,0.633,0.627,0.629,129913200.0,81910272.60000001,,,,,
2023-11-08,159870,化工ETF,0.632,0.632,0.617,0.622,112981600.0,70698236.2,,,,,
2023-11-09,159870,化工ETF,0.621,0.628,0.619,0.624,63746900.0,39714318.7,,,,,
2023-11-10,159870,化工ETF,0.623,0.624,0.619,0.621,52594100.0,32700381.675,,,,,
2023-11-13,159870,化工ETF,0.622,0.623,0.616,0.623,63779900.0,39607317.9,,,,,
2023-11-14,159870,化工ETF,0.624,0.626,0.618,0.621,47959700.0,29842923.325,,,,,
2023-11-15,159870,化工ETF,0.626,0.629,0.624,0.627,70521400.0,44181657.1,,,,,
2023-11-16,159870,化工ETF,0.627,0.627,0.619,0.621,46176400.0,28790985.4,,,,,
2023-11-17,159870,化工ETF,0.618,0.619,0.614,0.618,57463000.0,35469036.75,,,,,
2023-11-20,159870,化工ETF,0.618,0.62,0.611,0.619,58067800.0,35827832.6,,,,,
2023-11-21,159870,化工ETF,0.619,0.624,0.617,0.619,74165400.0,45964006.65,,,,,
2023-11-22,159870,化工ETF,0.619,0.619,0.609,0.609,58117900.0,35684390.6,,,,,
2023-11-23,159870,化工ETF,0.609,0.613,0.608,0.613,67232100.0,41062005.075,,,,,
2023-11-24,159870,化工ETF,0.612,0.613,0.607,0.608,42717200.0,26057492.0,,,,,
2023-11-27,159870,化工ETF,0.608,0.608,0.598,0.602,55984600.0,33814698.4,,,,,
2023-11-28,159870,化工ETF,0.601,0.606,0.599,0.606,45078100.0,27182094.3,,,,,
2023-11-29,159870,化工ETF,0.604,0.605,0.599,0.6,47886700.0,28827793.4,,,,,
2023-11-30,159870,化工ETF,0.6,0.603,0.595,0.599,58589400.0,35109697.949999996,,,,,
2023-12-01,159870,化工ETF,0.599,0.6,0.589,0.594,76243100.0,45402766.050000004,,,,,
2023-12-04,159870,化工ETF,0.593,0.596,0.591,0.592,50179300.0,29756324.9,,,,,
2023-12-05,159870,化工ETF,0.591,0.594,0.582,0.583,63223600.0,37143864.99999999,,,,,
2023-12-06,159870,化工ETF,0.584,0.593,0.582,0.589,65972400.0,38725798.8,,,,,
2023-12-07,159870,化工ETF,0.588,0.589,0.58,0.585,65382800.0,38281629.4,,,,,
2023-12-08,159870,化工ETF,0.584,0.586,0.582,0.583,40300300.0,23525300.124999996,,,,,
2023-12-11,159870,化工ETF,0.581,0.589,0.575,0.588,71266000.0,41565894.5,,,,,
2023-12-12,159870,化工ETF,0.586,0.59,0.584,0.59,43716500.0,25683443.75,,,,,
2023-12-13,159870,化工ETF,0.588,0.588,0.576,0.577,58583000.0,34109951.75,,,,,
2023-12-14,159870,化工ETF,0.579,0.583,0.574,0.574,47950900.0,27691644.75,,,,,
2023-12-15,159870,化工ETF,0.576,0.581,0.572,0.574,62698800.0,36098834.1,,,,,
2023-12-18,159870,化工ETF,0.573,0.573,0.564,0.566,80982200.0,46078871.8,,,,,
2023-12-19,159870,化工ETF,0.564,0.568,0.562,0.566,40437900.0,22847413.499999996,,,,,
2023-12-20,159870,化工ETF,0.566,0.569,0.561,0.563,228350300.0,128960831.925,,,,,
2023-12-21,159870,化工ETF,0.562,0.568,0.558,0.564,138868300.0,78182852.89999999,,,,,
2023-12-22,159870,化工ETF,0.565,0.574,0.56,0.57,96132800.0,54531330.79999999,,,,,
2023-12-25,159870,化工ETF,0.57,0.575,0.568,0.572,41240200.0,23558464.249999996,,,,,
2023-12-26,159870,化工ETF,0.572,0.575,0.569,0.572,34509400.0,19739376.799999997,,,,,
2023-12-27,159870,化工ETF,0.572,0.572,0.565,0.57,43095700.0,24553775.075,,,,,
2023-12-28,159870,化工ETF,0.57,0.589,0.567,0.587,97335800.0,56284426.349999994,,,,,
2023-12-29,159870,化工ETF,0.585,0.589,0.584,0.589,47816400.0,28056272.7,,,,,
2024-01-02,159870,化工ETF,0.589,0.589,0.581,0.583,38254000.0,22397716.999999996,,,,,
2024-01-03,159870,化工ETF,0.582,0.586,0.579,0.585,72750900.0,42413774.699999996,,,,,
2024-01-04,159870,化工ETF,0.585,0.586,0.576,0.581,65306600.0,38008441.199999996,,,,,
2024-01-05,159870,化工ETF,0.578,0.584,0.57,0.573,76390500.0,44020025.62499999,,,,,
2024-01-08,159870,化工ETF,0.571,0.575,0.561,0.562,45624100.0,25880270.725,,,,,
2024-01-09,159870,化工ETF,0.563,0.567,0.557,0.561,38326500.0,21539493.000000004,,,,,
2024-01-10,159870,化工ETF,0.559,0.568,0.556,0.562,31827300.0,17863072.125,,,,,
2024-01-11,159870,化工ETF,0.561,0.566,0.554,0.564,61351000.0,34433248.75,,,,,
2024-01-12,159870,化工ETF,0.562,0.568,0.559,0.56,38087100.0,21414471.975,,,,,
2024-01-15,159870,化工ETF,0.559,0.561,0.554,0.555,47852800.0,26665972.8,,,,,
2024-01-16,159870,化工ETF,0.554,0.558,0.548,0.555,46446800.0,25719915.5,,,,,
2024-01-17,159870,化工ETF,0.553,0.553,0.539,0.54,46929400.0,25635184.75,,,,,
2024-01-18,159870,化工ETF,0.539,0.544,0.525,0.541,68821400.0,36974297.15,,,,,
2024-01-19,159870,化工ETF,0.538,0.549,0.538,0.541,75450800.0,40856608.20000001,,,,,
2024-01-22,159870,化工ETF,0.542,0.542,0.517,0.521,59497500.0,31563423.750000004,,,,,
2024-01-23,159870,化工ETF,0.52,0.531,0.514,0.527,62579400.0,32729026.200000007,,,,,
2024-01-24,159870,化工ETF,0.53,0.533,0.516,0.532,49768100.0,26265114.775000002,,,,,
2024-01-25,159870,化工ETF,0.531,0.545,0.53,0.545,50237900.0,27015430.724999998,,,,,
2024-01-26,159870,化工ETF,0.544,0.549,0.541,0.543,53546700.0,29142791.475,,,,,
2024-01-29,159870,化工ETF,0.539,0.547,0.533,0.533,44363300.0,23867455.400000002,,,,,
2024-01-30,159870,化工ETF,0.531,0.534,0.521,0.522,36810400.0,19399080.8,,,,,
2024-01-31,159870,化工ETF,0.52,0.526,0.511,0.512,55388800.0,28649856.8,,,,,
2024-02-01,159870,化工ETF,0.512,0.518,0.505,0.511,49162100.0,25146414.150000002,,,,,
2024-02-02,159870,化工ETF,0.512,0.514,0.484,0.498,87055500.0,43701861.0,,,,,
2024-02-05,159870,化工ETF,0.496,0.507,0.475,0.495,88117400.0,43463907.55,,,,,
2024-02-06,159870,化工ETF,0.494,0.529,0.492,0.528,108803300.0,55571285.475,,,,,
2024-02-07,159870,化工ETF,0.524,0.55,0.524,0.549,100618000.0,54006711.50000001,,,,,
2024-02-08,159870,化工ETF,0.55,0.57,0.55,0.556,102905200.0,57266743.8,,,,,
2024-02-19,159870,化工ETF,0.56,0.564,0.55,0.556,61495800.0,34283908.50000001,,,,,
2024-02-20,159870,化工ETF,0.555,0.559,0.551,0.557,42457800.0,23585307.900000006,,,,,
2024-02-21,159870,化工ETF,0.557,0.574,0.554,0.563,49589500.0,27869299.000000004,,,,,
2024-02-22,159870,化工ETF,0.563,0.569,0.563,0.569,41223400.0,23332444.4,,,,,
2024-02-23,159870,化工ETF,0.57,0.57,0.563,0.568,44848300.0,25462622.325,,,,,
2024-02-26,159870,化工ETF,0.567,0.573,0.564,0.567,51100600.0,29012365.65,,,,,
2024-02-27,159870,化工ETF,0.564,0.574,0.563,0.574,29860100.0,16982931.874999996,,,,,
2024-02-28,159870,化工ETF,0.574,0.585,0.566,0.566,64824400.0,37128175.1,,,,,
2024-02-29,159870,化工ETF,0.566,0.582,0.564,0.582,104007600.0,59648358.6,,,,,
2024-03-01,159870,化工ETF,0.58,0.585,0.578,0.584,44168800.0,25695199.4,,,,,
2024-03-04,159870,化工ETF,0.583,0.588,0.576,0.583,93367700.0,54386685.25,,,,,
2024-03-05,159870,化工ETF,0.578,0.579,0.574,0.578,99009900.0,57153464.77499999,,,,,
2024-03-06,159870,化工ETF,0.575,0.583,0.573,0.577,52896700.0,30521395.9,,,,,
2024-03-07,159870,化工ETF,0.576,0.585,0.575,0.576,65508500.0,37863913.0,,,,,
2024-03-08,159870,化工ETF,0.574,0.583,0.574,0.578,63651900.0,36743059.275,,,,,
2024-03-11,159870,化工ETF,0.577,0.59,0.577,0.589,69497100.0,40534183.574999996,,,,,
2024-03-12,159870,化工ETF,0.59,0.592,0.585,0.589,59043000.0,34776327.0,,,,,
2024-03-13,159870,化工ETF,0.587,0.591,0.584,0.585,342545000.0,200988278.75,,,,,
2024-03-14,159870,化工ETF,0.585,0.591,0.578,0.58,67727200.0,39518821.2,,,,,
2024-03-15,159870,化工ETF,0.581,0.591,0.576,0.591,66550300.0,38915287.925,,,,,
2024-03-18,159870,化工ETF,0.59,0.595,0.586,0.595,55184600.0,32641690.900000002,,,,,
2024-03-19,159870,化工ETF,0.595,0.596,0.589,0.589,50388500.0,29842589.124999996,,,,,
2024-03-20,159870,化工ETF,0.589,0.592,0.587,0.589,35489000.0,20911893.25,,,,,
2024-03-21,159870,化工ETF,0.588,0.591,0.583,0.585,36135700.0,21202621.975,,,,,
2024-03-22,159870,化工ETF,0.584,0.585,0.574,0.576,73523700.0,42625365.074999996,,,,,
2024-03-25,159870,化工ETF,0.574,0.58,0.57,0.573,52173200.0,29960460.099999998,,,,,
2024-03-26,159870,化工ETF,0.571,0.581,0.569,0.581,45536100.0,26206025.549999997,,,,,
2024-03-27,159870,化工ETF,0.579,0.581,0.57,0.57,49082300.0,28222322.499999996,,,,,
2024-03-28,159870,化工ETF,0.571,0.581,0.57,0.574,48920400.0,28080309.599999998,,,,,
2024-03-29,159870,化工ETF,0.575,0.588,0.573,0.588,62538600.0,36334926.599999994,,,,,
2024-04-01,159870,化工ETF,0.589,0.603,0.587,0.6,108092800.0,64288192.8,,,,,
2024-04-02,159870,化工ETF,0.6,0.606,0.597,0.606,92281600.0,55576593.599999994,,,,,
2024-04-03,159870,化工ETF,0.607,0.611,0.602,0.609,130326800.0,79140949.3,,,,,
2024-04-08,159870,化工ETF,0.609,0.612,0.599,0.6,203834200.0,123319691.0,,,,,
2024-04-09,159870,化工ETF,0.6,0.609,0.599,0.609,132180900.0,79870308.82499999,,,,,
2024-04-10,159870,化工ETF,0.608,0.609,0.601,0.604,131239900.0,79465759.44999999,,,,,
2024-04-11,159870,化工ETF,0.601,0.61,0.596,0.606,103016700.0,62144824.275,,,,,
2024-04-12,159870,化工ETF,0.607,0.607,0.598,0.599,85359900.0,51450679.725,,,,,
2024-04-15,159870,化工ETF,0.597,0.615,0.595,0.61,152491500.0,92142988.875,,,,,
2024-04-16,159870,化工ETF,0.608,0.609,0.589,0.591,126011300.0,75512271.52499999,,,,,
2024-04-17,159870,化工ETF,0.591,0.604,0.591,0.603,73125800.0,43674384.050000004,,,,,
2024-04-18,159870,化工ETF,0.604,0.61,0.598,0.603,93194400.0,56266118.99999999,,,,,
2024-04-19,159870,化工ETF,0.604,0.613,0.601,0.611,119881400.0,72797980.14999999,,,,,
2024-04-22,159870,化工ETF,0.609,0.613,0.602,0.602,83592600.0,50698911.89999999,,,,,
2024-04-23,159870,化工ETF,0.602,0.602,0.587,0.588,94558700.0,56238786.82499999,,,,,
2024-04-24,159870,化工ETF,0.587,0.591,0.583,0.59,62188800.0,36551467.2,,,,,
2024-04-25,159870,化工ETF,0.59,0.597,0.588,0.592,242679600.0,143605653.3,,,,,
2024-04-26,159870,化工ETF,0.589,0.602,0.588,0.602,83932400.0,49960761.099999994,,,,,
2024-04-29,159870,化工ETF,0.603,0.62,0.6,0.618,126166800.0,76993289.7,,,,,
2024-04-30,159870,化工ETF,0.618,0.618,0.61,0.612,83972100.0,51600855.449999996,,,,,
2024-05-06,159870,化工ETF,0.62,0.636,0.619,0.636,355981400.0,223467323.85000002,,,,,
2024-05-07,159870,化工ETF,0.636,0.642,0.633,0.642,347083300.0,221525916.225,,,,,
2024-05-08,159870,化工ETF,0.64,0.64,0.63,0.631,187711900.0,119243984.475,,,,,
2024-05-09,159870,化工ETF,0.63,0.641,0.63,0.637,183663500.0,116534490.74999999,,,,,
2024-05-10,159870,化工ETF,0.637,0.639,0.628,0.634,138105500.0,87627939.75,,,,,
2024-05-13,159870,化工ETF,0.628,0.632,0.624,0.631,113543400.0,71390412.75,,,,,
2024-05-14,159870,化工ETF,0.63,0.633,0.625,0.626,89030200.0,55955480.7,,,,,
2024-05-15,159870,化工ETF,0.624,0.627,0.619,0.622,378204100.0,235621154.3,,,,,
2024-05-16,159870,化工ETF,0.622,0.626,0.619,0.621,128941600.0,80201675.19999999,,,,,
2024-05-17,159870,化工ETF,0.621,0.631,0.619,0.63,132069500.0,82576454.875,,,,,
2024-05-20,159870,化工ETF,0.631,0.638,0.626,0.633,169827700.0,107331106.4,,,,,
2024-05-21,159870,化工ETF,0.635,0.635,0.62,0.622,120377700.0,75597195.6,,,,,
2024-05-22,159870,化工ETF,0.621,0.629,0.621,0.626,157650700.0,98413449.475,,,,,
2024-05-23,159870,化工ETF,0.622,0.623,0.609,0.611,170158100.0,104859929.125,,,,,
2024-05-24,159870,化工ETF,0.61,0.614,0.608,0.608,93522000.0,57048420.0,,,,,
2024-05-27,159870,化工ETF,0.612,0.615,0.605,0.615,69177600.0,42319396.800000004,,,,,
2024-05-28,159870,化工ETF,0.615,0.616,0.606,0.607,93894000.0,57369234.0,,,,,
2024-05-29,159870,化工ETF,0.606,0.614,0.606,0.608,64687700.0,39362465.449999996,,,,,
2024-05-30,159870,化工ETF,0.61,0.62,0.608,0.61,407886000.0,249626232.0,,,,,
2024-05-31,159870,化工ETF,0.609,0.613,0.603,0.604,176285700.0,107049491.32500002,,,,,
2024-06-03,159870,化工ETF,0.604,0.604,0.593,0.598,122234800.0,73310321.3,,,,,
2024-06-04,159870,化工ETF,0.598,0.607,0.594,0.605,92012700.0,55299632.699999996,,,,,
2024-06-05,159870,化工ETF,0.605,0.608,0.6,0.602,63887900.0,38572319.625,,,,,
2024-06-06,159870,化工ETF,0.601,0.606,0.596,0.6,80519600.0,48372149.7,,,,,
2024-06-07,159870,化工ETF,0.602,0.604,0.592,0.596,77069900.0,46126335.150000006,,,,,
2024-06-11,159870,化工ETF,0.593,0.597,0.59,0.597,112584400.0,66903279.699999996,,,,,
2024-06-12,159870,化工ETF,0.596,0.597,0.59,0.594,47494700.0,28223725.474999998,,,,,
2024-06-13,159870,化工ETF,0.595,0.596,0.585,0.586,77671800.0,45865197.9,,,,,
2024-06-14,159870,化工ETF,0.587,0.587,0.577,0.586,88715400.0,51831972.449999996,,,,,
2024-06-17,159870,化工ETF,0.582,0.587,0.58,0.584,51696200.0,30151808.65,,,,,
2024-06-18,159870,化工ETF,0.585,0.59,0.583,0.588,59310500.0,34785608.25,,,,,
2024-06-19,159870,化工ETF,0.588,0.589,0.58,0.58,45413200.0,26532662.099999998,,,,,
2024-06-20,159870,化工ETF,0.582,0.584,0.573,0.574,64044800.0,37033905.599999994,,,,,
2024-06-21,159870,化工ETF,0.574,0.58,0.573,0.576,61690200.0,35518132.65,,,,,
2024-06-24,159870,化工ETF,0.574,0.574,0.564,0.568,80572600.0,45926381.99999999,,,,,
2024-06-25,159870,化工ETF,0.568,0.579,0.568,0.574,77604600.0,44409232.349999994,,,,,
2024-06-26,159870,化工ETF,0.574,0.582,0.567,0.582,59074200.0,34041507.74999999,,,,,
2024-06-27,159870,化工ETF,0.58,0.58,0.566,0.567,47618300.0,27297190.474999998,,,,,
2024-06-28,159870,化工ETF,0.567,0.574,0.565,0.567,52445500.0,29802155.374999996,,,,,
2024-07-01,159870,化工ETF,0.566,0.579,0.566,0.577,57607500.0,32951489.999999996,,,,,
2024-07-02,159870,化工ETF,0.575,0.577,0.564,0.566,60426000.0,34473033.0,,,,,
2024-07-03,159870,化工ETF,0.566,0.567,0.561,0.562,216639600.0,122184734.4,,,,,
2024-07-04,159870,化工ETF,0.564,0.565,0.556,0.556,86943400.0,48710039.85,,,,,
2024-07-05,159870,化工ETF,0.556,0.562,0.553,0.56,51375700.0,28654796.675000004,,,,,
2024-07-08,159870,化工ETF,0.559,0.56,0.547,0.548,61076100.0,33805621.35000001,,,,,
2024-07-09,159870,化工ETF,0.548,0.554,0.54,0.551,74344700.0,40759481.775000006,,,,,
2024-07-10,159870,化工ETF,0.549,0.554,0.546,0.547,121007100.0,66432897.900000006,,,,,
2024-07-11,159870,化工ETF,0.551,0.566,0.55,0.564,83749000.0,46711004.75,,,,,
2024-07-12,159870,化工ETF,0.563,0.567,0.562,0.565,46637600.0,26315265.799999997,,,,,
2024-07-15,159870,化工ETF,0.562,0.565,0.559,0.56,60269300.0,33841211.95,,,,,
2024-07-16,159870,化工ETF,0.56,0.561,0.554,0.558,52527400.0,29323421.05000001,,,,,
2024-07-17,159870,化工ETF,0.56,0.56,0.549,0.554,57520500.0,31967017.875000004,,,,,
2024-07-18,159870,化工ETF,0.552,0.557,0.546,0.555,81039200.0,44774158.0,,,,,
2024-07-19,159870,化工ETF,0.553,0.56,0.55,0.558,62056700.0,34456982.675000004,,,,,
2024-07-22,159870,化工ETF,0.559,0.559,0.546,0.549,62266700.0,34449051.775,,,,,
2024-07-23,159870,化工ETF,0.55,0.551,0.53,0.53,74817900.0,40420370.47500001,,,,,
2024-07-24,159870,化工ETF,0.529,0.533,0.522,0.525,52572500.0,27718850.625,,,,,
2024-07-25,159870,化工ETF,0.523,0.529,0.522,0.526,54507000.0,28616174.999999996,,,,,
2024-07-26,159870,化工ETF,0.525,0.536,0.525,0.532,51260700.0,27142540.65,,,,,
2024-07-29,159870,化工ETF,0.533,0.534,0.525,0.525,31697800.0,16776060.65,,,,,
2024-07-30,159870,化工ETF,0.525,0.526,0.516,0.519,80252700.0,41851783.050000004,,,,,
2024-07-31,159870,化工ETF,0.52,0.54,0.518,0.539,84584500.0,44766346.625,,,,,
2024-08-01,159870,化工ETF,0.541,0.545,0.528,0.529,70060400.0,37534859.300000004,,,,,
2024-08-02,159870,化工ETF,0.528,0.53,0.523,0.524,45318300.0,23848755.375,,,,,
2024-08-05,159870,化工ETF,0.523,0.531,0.514,0.515,68475400.0,35658564.550000004,,,,,
2024-08-06,159870,化工ETF,0.518,0.524,0.514,0.519,49749100.0,25807345.625000004,,,,,
2024-08-07,159870,化工ETF,0.519,0.523,0.514,0.52,44937200.0,23322406.800000004,,,,,
2024-08-08,159870,化工ETF,0.52,0.53,0.518,0.526,64662100.0,33850609.35,,,,,
2024-08-09,159870,化工ETF,0.528,0.53,0.519,0.521,76780800.0,40271529.599999994,,,,,
2024-08-12,159870,化工ETF,0.519,0.521,0.516,0.518,38587200.0,20007463.2,,,,,
2024-08-13,159870,化工ETF,0.521,0.522,0.512,0.518,52755200.0,27340382.400000006,,,,,
2024-08-14,159870,化工ETF,0.517,0.518,0.504,0.504,73575300.0,37578584.475,,,,,
2024-08-15,159870,化工ETF,0.504,0.513,0.502,0.507,74870900.0,37922110.849999994,,,,,
2024-08-16,159870,化工ETF,0.507,0.509,0.502,0.504,59051500.0,29850533.250000004,,,,,
2024-08-19,159870,化工ETF,0.504,0.511,0.503,0.504,42646400.0,21557755.200000003,,,,,
2024-08-20,159870,化工ETF,0.505,0.506,0.496,0.497,53883800.0,26995783.8,,,,,
2024-08-21,159870,化工ETF,0.496,0.5,0.494,0.497,43393300.0,21555621.775,,,,,
2024-08-22,159870,化工ETF,0.497,0.499,0.494,0.494,41939000.0,20801744.0,,,,,
2024-08-23,159870,化工ETF,0.494,0.501,0.493,0.496,34207800.0,16967068.8,,,,,
2024-08-26,159870,化工ETF,0.498,0.501,0.495,0.498,33465000.0,16665570.0,,,,,
2024-08-27,159870,化工ETF,0.495,0.498,0.494,0.497,46056400.0,22843974.4,,,,,
2024-08-28,159870,化工ETF,0.494,0.501,0.494,0.499,45629800.0,22678010.6,,,,,
2024-08-29,159870,化工ETF,0.498,0.507,0.496,0.504,59424300.0,29786430.375,,,,,
2024-08-30,159870,化工ETF,0.504,0.522,0.5,0.514,109260600.0,55722906.0,,,,,
2024-09-02,159870,化工ETF,0.511,0.514,0.505,0.505,53596300.0,27267117.625000004,,,,,
2024-09-03,159870,化工ETF,0.505,0.514,0.503,0.512,57857300.0,29420437.049999997,,,,,
2024-09-04,159870,化工ETF,0.509,0.514,0.506,0.509,44317200.0,22579613.400000002,,,,,
2024-09-05,159870,化工ETF,0.509,0.515,0.504,0.507,65485500.0,33315748.125000004,,,,,
2024-09-06,159870,化工ETF,0.508,0.508,0.497,0.498,47648700.0,23955383.925,,,,,
2024-09-09,159870,化工ETF,0.5,0.501,0.493,0.495,41231300.0,20502263.924999997,,,,,
2024-09-10,159870,化工ETF,0.495,0.496,0.485,0.49,61545100.0,30249416.649999995,,,,,
2024-09-11,159870,化工ETF,0.49,0.497,0.488,0.495,38801400.0,19109689.5,,,,,
2024-09-12,159870,化工ETF,0.494,0.5,0.492,0.494,58264200.0,28840779.0,,,,,
2024-09-13,159870,化工ETF,0.493,0.494,0.487,0.488,31894800.0,15644399.400000002,,,,,
2024-09-18,159870,化工ETF,0.487,0.492,0.484,0.49,42430200.0,20716545.15,,,,,
2024-09-19,159870,化工ETF,0.494,0.505,0.487,0.498,46929700.0,23277131.2,,,,,
2024-09-20,159870,化工ETF,0.496,0.499,0.49,0.496,44322500.0,21950718.125,,,,,
2024-09-23,159870,化工ETF,0.496,0.5,0.492,0.495,31001700.0,15369092.775,,,,,
2024-09-24,159870,化工ETF,0.499,0.52,0.498,0.519,113999600.0,58025796.4,,,,,
2024-09-25,159870,化工ETF,0.524,0.536,0.52,0.521,110840400.0,58218920.1,,,,,
2024-09-26,159870,化工ETF,0.519,0.546,0.519,0.544,119264500.0,63448714.0,,,,,
2024-09-27,159870,化工ETF,0.552,0.585,0.551,0.582,210470500.0,119442008.75,,,,,
2024-09-30,159870,化工ETF,0.601,0.64,0.593,0.639,288395200.0,178300332.39999998,,,,,
2024-10-08,159870,化工ETF,0.703,0.703,0.625,0.656,429943100.0,288814277.42499995,,,,,
2024-10-09,159870,化工ETF,0.638,0.638,0.593,0.594,240672800.0,148194276.6,,,,,
2024-10-10,159870,化工ETF,0.597,0.613,0.591,0.599,161520700.0,96912420.0,,,,,
2024-10-11,159870,化工ETF,0.601,0.601,0.57,0.577,125133700.0,73484765.32499999,,,,,
2024-10-14,159870,化工ETF,0.579,0.588,0.571,0.585,116243400.0,67508354.54999998,,,,,
2024-10-15,159870,化工ETF,0.581,0.588,0.572,0.573,118181700.0,68368113.45,,,,,
2024-10-16,159870,化工ETF,0.569,0.578,0.566,0.568,84022200.0,47913659.55,,,,,
2024-10-17,159870,化工ETF,0.571,0.575,0.558,0.56,84246800.0,47683688.800000004,,,,,
2024-10-18,159870,化工ETF,0.56,0.59,0.556,0.577,207681600.0,118534273.2,,,,,
2024-10-21,159870,化工ETF,0.578,0.583,0.569,0.578,128318000.0,74039486.0,,,,,
2024-10-22,159870,化工ETF,0.577,0.586,0.575,0.586,98366300.0,57150820.3,,,,,
2024-10-23,159870,化工ETF,0.587,0.598,0.582,0.595,155176200.0,91631546.1,,,,,
2024-10-24,159870,化工ETF,0.59,0.592,0.581,0.583,134522900.0,78897680.85000001,,,,,
2024-10-25,159870,化工ETF,0.584,0.603,0.582,0.6,176494700.0,104528986.07499999,,,,,
2024-10-28,159870,化工ETF,0.6,0.605,0.592,0.604,144919600.0,86987989.89999999,,,,,
2024-10-29,159870,化工ETF,0.604,0.604,0.588,0.59,150274600.0,89638798.9,,,,,
2024-10-30,159870,化工ETF,0.588,0.594,0.583,0.587,95336200.0,56057685.59999999,,,,,
2024-10-31,159870,化工ETF,0.587,0.59,0.581,0.586,102441400.0,60030660.4,,,,,
2024-11-01,159870,化工ETF,0.585,0.6,0.584,0.591,135865700.0,80160763.0,,,,,
2024-11-04,159870,化工ETF,0.593,0.597,0.589,0.597,97317300.0,57806476.199999996,,,,,
2024-11-05,159870,化工ETF,0.597,0.613,0.595,0.612,182049600.0,110003470.8,,,,,
2024-11-06,159870,化工ETF,0.612,0.625,0.61,0.615,157488400.0,96934110.19999999,,,,,
2024-11-07,159870,化工ETF,0.61,0.627,0.61,0.626,197323300.0,121995130.225,,,,,
2024-11-08,159870,化工ETF,0.629,0.637,0.622,0.626,183492800.0,115325224.8,,,,,
2024-11-11,159870,化工ETF,0.619,0.635,0.617,0.635,117044000.0,73328066.0,,,,,
2024-11-12,159870,化工ETF,0.635,0.648,0.625,0.629,149502600.0,94822024.05,,,,,
2024-11-13,159870,化工ETF,0.626,0.636,0.622,0.632,104954700.0,66016506.3,,,,,
2024-11-14,159870,化工ETF,0.631,0.634,0.614,0.616,95293900.0,59439570.12499999,,,,,
2024-11-15,159870,化工ETF,0.615,0.617,0.607,0.609,96609500.0,59125014.0,,,,,
2024-11-18,159870,化工ETF,0.607,0.615,0.595,0.599,73660100.0,44490700.4,,,,,
2024-11-19,159870,化工ETF,0.599,0.612,0.595,0.612,85478200.0,51671571.900000006,,,,,
2024-11-20,159870,化工ETF,0.611,0.619,0.609,0.618,80323100.0,49338464.175,,,,,
2024-11-21,159870,化工ETF,0.618,0.621,0.613,0.617,129359100.0,79846904.475,,,,,
2024-11-22,159870,化工ETF,0.615,0.615,0.594,0.595,92847600.0,56149586.1,,,,,
2024-11-25,159870,化工ETF,0.597,0.601,0.588,0.594,84517900.0,50288150.5,,,,,
2024-11-26,159870,化工ETF,0.594,0.595,0.588,0.589,54490000.0,32230834.999999996,,,,,
2024-11-27,159870,化工ETF,0.587,0.598,0.581,0.598,71911300.0,42499578.3,,,,,
2024-11-28,159870,化工ETF,0.598,0.598,0.59,0.591,47840000.0,28428919.999999996,,,,,
2024-11-29,159870,化工ETF,0.591,0.602,0.589,0.598,54905000.0,32668475.0,,,,,
2024-12-02,159870,化工ETF,0.597,0.604,0.594,0.604,54862200.0,32903604.45,,,,,
2024-12-03,159870,化工ETF,0.602,0.604,0.597,0.601,51975400.0,31237215.4,,,,,
2024-12-04,159870,化工ETF,0.6,0.6,0.591,0.593,71230900.0,42453616.400000006,,,,,
2024-12-05,159870,化工ETF,0.592,0.593,0.589,0.592,40978000.0,24238486.999999996,,,,,
2024-12-06,159870,化工ETF,0.593,0.601,0.589,0.601,74314500.0,44291442.0,,,,,
2024-12-09,159870,化工ETF,0.6,0.606,0.597,0.6,70240400.0,42196920.3,,,,,
2024-12-10,159870,化工ETF,0.615,0.621,0.602,0.604,106593000.0,65075026.49999999,,,,,
2024-12-11,159870,化工ETF,0.603,0.608,0.602,0.605,45674600.0,27610295.699999996,,,,,
2024-12-12,159870,化工ETF,0.605,0.611,0.602,0.611,59971900.0,36417936.275,,,,,
2024-12-13,159870,化工ETF,0.608,0.609,0.595,0.596,75286000.0,45322172.0,,,,,
2024-12-16,159870,化工ETF,0.594,0.596,0.586,0.589,47540700.0,28108438.874999996,,,,,
2024-12-17,159870,化工ETF,0.588,0.594,0.587,0.591,41356700.0,24400452.999999993,,,,,
2024-12-18,159870,化工ETF,0.589,0.594,0.589,0.589,37444700.0,22101734.174999997,,,,,
2024-12-19,159870,化工ETF,0.585,0.588,0.581,0.586,44551400.0,26062569.0,,,,,
2024-12-20,159870,化工ETF,0.585,0.588,0.582,0.585,27871700.0,16304944.499999998,,,,,
2024-12-23,159870,化工ETF,0.586,0.591,0.583,0.584,62817900.0,36811289.4,,,,,
2024-12-24,159870,化工ETF,0.585,0.591,0.584,0.59,120748800.0,70939919.99999999,,,,,
2024-12-25,159870,化工ETF,0.59,0.591,0.581,0.584,63824600.0,37433127.9,,,,,
2024-12-26,159870,化工ETF,0.586,0.587,0.583,0.586,30145300.0,17650073.15,,,,,
2024-12-27,159870,化工ETF,0.586,0.589,0.583,0.585,38333700.0,22453964.775,,,,,
2024-12-30,159870,化工ETF,0.585,0.589,0.584,0.587,36214200.0,21230574.749999996,,,,,
2024-12-31,159870,化工ETF,0.587,0.588,0.576,0.578,74906400.0,43614251.400000006,,,,,
2025-01-02,159870,化工ETF,0.576,0.578,0.558,0.562,109842200.0,62445290.7,,,,,
2025-01-03,159870,化工ETF,0.561,0.572,0.558,0.56,83115200.0,46773078.800000004,,,,,
2025-01-06,159870,化工ETF,0.56,0.568,0.559,0.564,78448000.0,44146612.00000001,,,,,
2025-01-07,159870,化工ETF,0.564,0.567,0.557,0.564,37221600.0,20955760.799999997,,,,,
2025-01-08,159870,化工ETF,0.563,0.563,0.546,0.556,57151900.0,31833608.299999997,,,,,
2025-01-09,159870,化工ETF,0.554,0.562,0.553,0.557,32717300.0,18207177.450000003,,,,,
2025-01-10,159870,化工ETF,0.557,0.562,0.55,0.55,42311200.0,23472138.200000003,,,,,
2025-01-13,159870,化工ETF,0.548,0.558,0.546,0.553,66788800.0,36817326.0,,,,,
2025-01-14,159870,化工ETF,0.554,0.567,0.552,0.567,117528500.0,65815960.00000001,,,,,
2025-01-15,159870,化工ETF,0.565,0.567,0.561,0.563,84723800.0,47784223.199999996,,,,,
2025-01-16,159870,化工ETF,0.565,0.571,0.56,0.565,103134300.0,58296663.075,,,,,
2025-01-17,159870,化工ETF,0.565,0.575,0.563,0.573,79817900.0,45416385.099999994,,,,,
2025-01-20,159870,化工ETF,0.576,0.578,0.57,0.573,43710900.0,25100984.324999996,,,,,
2025-01-21,159870,化工ETF,0.575,0.575,0.565,0.568,52574500.0,30006895.874999993,,,,,
2025-01-22,159870,化工ETF,0.567,0.567,0.558,0.564,48992000.0,27631487.999999996,,,,,
2025-01-23,159870,化工ETF,0.567,0.571,0.562,0.563,45600500.0,25798482.875,,,,,
2025-01-24,159870,化工ETF,0.563,0.567,0.561,0.567,38244700.0,21589133.15,,,,,
2025-01-27,159870,化工ETF,0.567,0.577,0.567,0.572,68252100.0,38954886.07499999,,,,,
2025-02-05,159870,化工ETF,0.574,0.575,0.566,0.568,36705100.0,20949435.825,,,,,
2025-02-06,159870,化工ETF,0.566,0.572,0.564,0.572,36309000.0,20641666.5,,,,,
2025-02-07,159870,化工ETF,0.57,0.582,0.568,0.58,80720500.0,46414287.5,,,,,
2025-02-10,159870,化工ETF,0.582,0.585,0.578,0.585,172283200.0,100354963.99999999,,,,,
2025-02-11,159870,化工ETF,0.583,0.587,0.58,0.585,166288100.0,97070678.375,,,,,
2025-02-12,159870,化工ETF,0.582,0.592,0.582,0.592,185224200.0,108726605.39999999,,,,,
2025-02-13,159870,化工ETF,0.591,0.599,0.59,0.591,71590500.0,42435268.875,,,,,
2025-02-14,159870,化工ETF,0.593,0.593,0.586,0.59,124896200.0,73751206.1,,,,,
2025-02-17,159870,化工ETF,0.589,0.591,0.584,0.59,52983900.0,31181025.149999995,,,,,
2025-02-18,159870,化工ETF,0.589,0.595,0.584,0.585,90855300.0,53445630.224999994,,,,,
2025-02-19,159870,化工ETF,0.587,0.591,0.584,0.59,56111500.0,32993562.0,,,,,
2025-02-20,159870,化工ETF,0.59,0.593,0.587,0.591,41457600.0,24470348.4,,,,,
2025-02-21,159870,化工ETF,0.593,0.596,0.587,0.593,82606300.0,48923581.175,,,,,
2025-02-24,159870,化工ETF,0.592,0.597,0.589,0.593,106223700.0,62964098.175,,,,,
2025-02-25,159870,化工ETF,0.59,0.59,0.583,0.584,49549700.0,29073286.474999994,,,,,
2025-02-26,159870,化工ETF,0.585,0.593,0.585,0.592,54312300.0,31976366.625,,,,,
2025-02-27,159870,化工ETF,0.592,0.596,0.589,0.596,61072600.0,36231319.949999996,,,,,
2025-02-28,159870,化工ETF,0.593,0.601,0.587,0.592,82132400.0,48725046.300000004,,,,,
2025-03-03,159870,化工ETF,0.59,0.603,0.589,0.598,83926500.0,49936267.5,,,,,
2025-03-04,159870,化工ETF,0.596,0.596,0.589,0.594,59499300.0,35327709.375,,,,,
2025-03-05,159870,化工ETF,0.593,0.595,0.588,0.592,43347300.0,25661601.599999998,,,,,
2025-03-06,159870,化工ETF,0.591,0.597,0.589,0.597,118134900.0,70113063.14999999,,,,,
2025-03-07,159870,化工ETF,0.595,0.601,0.593,0.597,94118100.0,56141446.650000006,,,,,
2025-03-10,159870,化工ETF,0.599,0.6,0.594,0.599,132779700.0,79402260.6,,,,,
2025-03-11,159870,化工ETF,0.596,0.604,0.593,0.604,156638300.0,93865501.27499999,,,,,
2025-03-12,159870,化工ETF,0.604,0.606,0.601,0.602,145555000.0,87806053.75,,,,,
2025-03-13,159870,化工ETF,0.602,0.604,0.595,0.599,71707100.0,43024260.00000001,,,,,
2025-03-14,159870,化工ETF,0.598,0.607,0.596,0.606,112481400.0,67685682.45,,,,,
2025-03-17,159870,化工ETF,0.61,0.61,0.605,0.608,175488100.0,106740636.82499999,,,,,
2025-03-18,159870,化工ETF,0.607,0.609,0.604,0.606,71354600.0,43276564.900000006,,,,,
2025-03-19,159870,化工ETF,0.605,0.606,0.601,0.603,51815000.0,31283306.25,,,,,
2025-03-20,159870,化工ETF,0.602,0.603,0.598,0.599,42326000.0,25416763.0,,,,,
2025-03-21,159870,化工ETF,0.598,0.602,0.589,0.59,78313600.0,46577013.6,,,,,
2025-03-24,159870,化工ETF,0.591,0.593,0.587,0.592,112404900.0,66403194.67499999,,,,,
2025-03-25,159870,化工ETF,0.593,0.6,0.589,0.599,177352900.0,105569313.725,,,,,
2025-03-26,159870,化工ETF,0.599,0.602,0.597,0.597,113632400.0,68037399.5,,,,,
2025-03-27,159870,化工ETF,0.598,0.602,0.593,0.598,204861900.0,122456200.725,,,,,
2025-03-28,159870,化工ETF,0.599,0.599,0.587,0.59,245725900.0,145899753.125,,,,,
2025-03-31,159870,化工ETF,0.586,0.59,0.579,0.583,212256800.0,124064099.60000001,,,,,
2025-04-01,159870,化工ETF,0.584,0.588,0.582,0.586,71471200.0,41810652.0,,,,,
2025-04-02,159870,化工ETF,0.585,0.589,0.584,0.587,49778800.0,29182821.499999996,,,,,
2025-04-03,159870,化工ETF,0.582,0.585,0.577,0.58,128750300.0,74803924.3,,,,,
2025-04-07,159870,化工ETF,0.56,0.56,0.522,0.522,153374100.0,82975388.10000001,,,,,
2025-04-08,159870,化工ETF,0.528,0.536,0.524,0.536,116264500.0,61736449.5,,,,,
2025-04-09,159870,化工ETF,0.529,0.54,0.52,0.537,173191100.0,92051069.65000002,,,,,
2025-04-10,159870,化工ETF,0.543,0.553,0.542,0.547,81916200.0,44746724.25000001,,,,,
2025-04-11,159870,化工ETF,0.545,0.552,0.543,0.548,76771100.0,41993791.7,,,,,
2025-04-14,159870,化工ETF,0.55,0.555,0.549,0.55,53835800.0,29663525.8,,,,,
2025-04-15,159870,化工ETF,0.551,0.551,0.542,0.545,54658700.0,29911973.575,,,,,
2025-04-16,159870,化工ETF,0.545,0.545,0.534,0.54,48747300.0,26372289.299999997,,,,,
2025-04-17,159870,化工ETF,0.54,0.544,0.538,0.541,38682200.0,20917399.650000002,,,,,
2025-04-18,159870,化工ETF,0.54,0.542,0.538,0.541,42985200.0,23222754.3,,,,,
2025-04-21,159870,化工ETF,0.54,0.547,0.539,0.546,47330200.0,25700298.6,,,,,
2025-04-22,159870,化工ETF,0.546,0.55,0.544,0.547,44747700.0,24465804.975,,,,,
2025-04-23,159870,化工ETF,0.548,0.553,0.548,0.551,50639800.0,27851890.000000004,,,,,
2025-04-24,159870,化工ETF,0.552,0.553,0.546,0.55,60862600.0,33489645.650000006,,,,,
2025-04-25,159870,化工ETF,0.551,0.557,0.551,0.555,54238000.0,30020733.000000007,,,,,
2025-04-28,159870,化工ETF,0.552,0.553,0.548,0.55,36782300.0,20257851.725,,,,,
2025-04-29,159870,化工ETF,0.549,0.554,0.549,0.551,37379000.0,20586484.250000004,,,,,
2025-04-30,159870,化工ETF,0.552,0.555,0.551,0.553,34193000.0,18900180.750000004,,,,,
2025-05-06,159870,化工ETF,0.553,0.561,0.553,0.561,51406200.0,28633253.400000002,,,,,
2025-05-07,159870,化工ETF,0.564,0.568,0.56,0.565,55580600.0,31361353.55,,,,,
2025-05-08,159870,化工ETF,0.562,0.565,0.561,0.563,40230400.0,22639657.599999998,,,,,
2025-05-09,159870,化工ETF,0.564,0.564,0.557,0.558,53107400.0,29779974.549999997,,,,,
2025-05-12,159870,化工ETF,0.561,0.567,0.561,0.566,52733900.0,29728736.125,,,,,
2025-05-13,159870,化工ETF,0.568,0.571,0.565,0.567,57931400.0,32890552.349999998,,,,,
2025-05-14,159870,化工ETF,0.567,0.573,0.565,0.571,78700800.0,44780755.199999996,,,,,
2025-05-15,159870,化工ETF,0.571,0.572,0.564,0.565,50714300.0,28805722.4,,,,,
2025-05-16,159870,化工ETF,0.565,0.566,0.562,0.564,26257100.0,14815568.674999997,,,,,
2025-05-19,159870,化工ETF,0.564,0.564,0.559,0.563,28776300.0,16186668.75,,,,,
2025-05-20,159870,化工ETF,0.562,0.566,0.561,0.565,30378600.0,17118341.1,,,,,
2025-05-21,159870,化工ETF,0.564,0.568,0.564,0.567,41998300.0,23760538.224999998,,,,,
2025-05-22,159870,化工ETF,0.567,0.567,0.56,0.561,36249600.0,20435712.0,,,,,
2025-05-23,159870,化工ETF,0.561,0.565,0.558,0.559,48527000.0,27211515.250000004,,,,,
2025-05-26,159870,化工ETF,0.557,0.561,0.555,0.556,31627200.0,17624257.2,,,,,
2025-05-27,159870,化工ETF,0.556,0.557,0.552,0.556,32077800.0,17811198.45,,,,,
2025-05-28,159870,化工ETF,0.558,0.558,0.552,0.553,29520300.0,16391146.575000001,,,,,
2025-05-29,159870,化工ETF,0.552,0.558,0.551,0.558,40621600.0,22534832.6,,,,,
2025-05-30,159870,化工ETF,0.558,0.558,0.552,0.553,33881300.0,18812591.825,,,,,
2025-06-03,159870,化工ETF,0.553,0.554,0.55,0.553,28175200.0,15566798.0,,,,,
2025-06-04,159870,化工ETF,0.553,0.559,0.552,0.558,30630800.0,17015409.400000002,,,,,
2025-06-05,159870,化工ETF,0.558,0.56,0.555,0.559,29748300.0,16599551.400000002,,,,,
2025-06-06,159870,化工ETF,0.559,0.566,0.558,0.563,59307700.0,33301273.549999993,,,,,
2025-06-09,159870,化工ETF,0.564,0.567,0.564,0.567,37186500.0,21028965.749999996,,,,,
2025-06-10,159870,化工ETF,0.566,0.57,0.56,0.563,52403500.0,29594876.625,,,,,
2025-06-11,159870,化工ETF,0.564,0.569,0.563,0.567,39156800.0,22152959.599999998,,,,,
2025-06-12,159870,化工ETF,0.568,0.568,0.564,0.567,21631100.0,12259425.924999999,,,,,
2025-06-13,159870,化工ETF,0.566,0.571,0.565,0.568,55952900.0,31753270.749999993,,,,,
2025-06-16,159870,化工ETF,0.569,0.571,0.565,0.566,34447300.0,19557454.575,,,,,
2025-06-17,159870,化工ETF,0.565,0.569,0.564,0.565,25716600.0,14549166.45,,,,,
2025-06-18,159870,化工ETF,0.566,0.566,0.561,0.562,22049400.0,12430349.25,,,,,
2025-06-19,159870,化工ETF,0.561,0.565,0.556,0.559,37909700.0,21238909.425,,,,,
2025-06-20,159870,化工ETF,0.558,0.561,0.555,0.557,25733000.0,14352580.750000002,,,,,
2025-06-23,159870,化工ETF,0.556,0.558,0.553,0.558,38255000.0,21279343.75,,,,,
2025-06-24,159870,化工ETF,0.558,0.564,0.556,0.564,49186100.0,27568809.05,,,,,
2025-06-25,159870,化工ETF,0.564,0.568,0.561,0.568,52977400.0,29945475.349999994,,,,,
2025-06-26,159870,化工ETF,0.568,0.57,0.565,0.566,54903400.0,31143953.649999995,,,,,
2025-06-27,159870,化工ETF,0.567,0.572,0.567,0.568,50973600.0,28978491.6,,,,,
2025-06-30,159870,化工ETF,0.57,0.572,0.568,0.572,31279200.0,17844783.6,,,,,
2025-07-01,159870,化工ETF,0.572,0.573,0.567,0.573,47797000.0,27304036.25,,,,,
2025-07-02,159870,化工ETF,0.572,0.576,0.57,0.575,76040000.0,43589929.99999999,,,,,
2025-07-03,159870,化工ETF,0.577,0.58,0.574,0.578,50657500.0,29242041.874999996,,,,,
2025-07-04,159870,化工ETF,0.578,0.578,0.571,0.573,67326600.0,38712795.0,,,,,
2025-07-07,159870,化工ETF,0.571,0.574,0.571,0.573,42893300.0,24545690.924999997,,,,,
2025-07-08,159870,化工ETF,0.573,0.581,0.572,0.581,58246000.0,33593380.5,,,,,
2025-07-09,159870,化工ETF,0.581,0.582,0.573,0.575,143699000.0,83022097.25,,,,,
2025-07-10,159870,化工ETF,0.575,0.581,0.574,0.581,96902200.0,55985246.05,,,,,
2025-07-11,159870,化工ETF,0.582,0.585,0.578,0.579,133928600.0,77812516.6,,,,,
2025-07-14,159870,化工ETF,0.58,0.584,0.58,0.582,59257000.0,34457945.5,,,,,
2025-07-15,159870,化工ETF,0.58,0.584,0.575,0.578,76378800.0,44242419.900000006,,,,,
2025-07-16,159870,化工ETF,0.576,0.579,0.574,0.576,61979800.0,35715859.74999999,,,,,
2025-07-17,159870,化工ETF,0.576,0.58,0.575,0.58,57295000.0,33102186.25,,,,,
2025-07-18,159870,化工ETF,0.581,0.593,0.58,0.593,117356500.0,68858926.375,,,,,
2025-07-21,159870,化工ETF,0.597,0.609,0.596,0.608,533527700.0,321450439.25,,,,,
2025-07-22,159870,化工ETF,0.609,0.622,0.606,0.622,1432305200.0,880509621.6999998,,,,,
2025-07-23,159870,化工ETF,0.629,0.635,0.616,0.617,763962500.0,476903590.625,,,,,
2025-07-24,159870,化工ETF,0.617,0.624,0.615,0.624,332905400.0,206401348.00000003,,,,,
2025-07-25,159870,化工ETF,0.629,0.632,0.624,0.624,478174900.0,299935206.02500004,,,,,
2025-07-28,159870,化工ETF,0.62,0.627,0.615,0.623,582460200.0,361853399.25,,,,,
2025-07-29,159870,化工ETF,0.622,0.625,0.616,0.623,315839600.0,196294311.4,,,,,
2025-07-30,159870,化工ETF,0.625,0.637,0.624,0.63,974899600.0,613211848.4,,,,,
2025-07-31,159870,化工ETF,0.625,0.625,0.609,0.611,1128352000.0,696757359.9999999,,,,,
2025-08-01,159870,化工ETF,0.61,0.615,0.607,0.61,212653100.0,129824717.55000001,,,,,
2025-08-04,159870,化工ETF,0.607,0.61,0.605,0.61,186419400.0,113342995.2,,,,,
2025-08-05,159870,化工ETF,0.611,0.615,0.611,0.614,464443300.0,284587632.075,,,,,
2025-08-06,159870,化工ETF,0.614,0.619,0.613,0.618,495261800.0,305081268.8,,,,,
2025-08-07,159870,化工ETF,0.619,0.623,0.614,0.618,674902200.0,417427010.70000005,,,,,
2025-08-08,159870,化工ETF,0.617,0.623,0.616,0.62,266440000.0,164926360.0,,,,,
2025-08-11,159870,化工ETF,0.623,0.631,0.62,0.63,348589000.0,218216714.0,,,,,
2025-08-12,159870,化工ETF,0.628,0.633,0.625,0.631,445974300.0,280629328.275,,,,,
2025-08-13,159870,化工ETF,0.631,0.635,0.63,0.633,599128000.0,378798678.0,,,,,
2025-08-14,159870,化工ETF,0.633,0.634,0.622,0.624,751098600.0,471877695.45,,,,,
2025-08-15,159870,化工ETF,0.623,0.64,0.623,0.64,766517200.0,484055611.79999995,,,,,
2025-08-18,159870,化工ETF,0.643,0.647,0.639,0.64,699596400.0,449315787.9,,,,,
2025-08-19,159870,化工ETF,0.64,0.644,0.635,0.636,448572500.0,286525684.37499994,,,,,
2025-08-20,159870,化工ETF,0.634,0.649,0.633,0.649,787198300.0,504790909.875,,,,,
2025-08-21,159870,化工ETF,0.655,0.661,0.65,0.655,1513059100.0,991431975.275,,,,,
2025-08-22,159870,化工ETF,0.657,0.666,0.655,0.665,1391630700.0,919519985.025,,,,,
2025-08-25,159870,化工ETF,0.676,0.682,0.666,0.677,2565727900.0,1732507764.4750001,,,,,
2025-08-26,159870,化工ETF,0.677,0.693,0.673,0.69,2527670800.0,1727031074.1000001,,,,,
2025-08-27,159870,化工ETF,0.69,0.692,0.674,0.675,2760251800.0,1884561916.4499998,,,,,
2025-08-28,159870,化工ETF,0.672,0.681,0.662,0.68,1445535600.0,973929610.5000001,,,,,
2025-08-29,159870,化工ETF,0.682,0.695,0.68,0.691,1941459900.0,1333782951.3000002,,,,,
2025-09-01,159870,化工ETF,0.699,0.705,0.687,0.693,2497683500.0,1738387715.9999998,,,,,
2025-09-02,159870,化工ETF,0.694,0.695,0.673,0.677,1791811200.0,1226942719.2,,,,,
2025-09-03,159870,化工ETF,0.68,0.685,0.667,0.671,1647779500.0,1113486997.1250002,,,,,
2025-09-04,159870,化工ETF,0.67,0.676,0.654,0.665,2106863500.0,1403697806.875,,,,,
2025-09-05,159870,化工ETF,0.664,0.689,0.663,0.685,1950831700.0,1317299105.4250002,,,,,
2025-09-08,159870,化工ETF,0.69,0.713,0.683,0.712,2900861400.0,2029152549.3,,,,,
2025-09-09,159870,化工ETF,0.71,0.717,0.7,0.706,2671259300.0,1891919399.2250001,,,,,
2025-09-10,159870,化工ETF,0.701,0.704,0.688,0.697,1601364800.0,1116951948.0,,,,,
2025-09-11,159870,化工ETF,0.694,0.707,0.694,0.707,1291651100.0,904801595.5499998,,,,,
2025-09-12,159870,化工ETF,0.707,0.709,0.697,0.704,1424420100.0,1003147855.4250001,,,,,
2025-09-15,159870,化工ETF,0.705,0.71,0.704,0.705,1498757800.0,1058123006.8,,,,,
2025-09-16,159870,化工ETF,0.707,0.71,0.689,0.7,1692521900.0,1187304112.85,,,,,
2025-09-17,159870,化工ETF,0.698,0.705,0.695,0.704,1061765500.0,743766732.7499999,,,,,
2025-09-18,159870,化工ETF,0.704,0.706,0.688,0.695,1498876700.0,1046590655.7750001,,,,,
2025-09-19,159870,化工ETF,0.694,0.705,0.693,0.699,1085366700.0,757314614.925,,,,,
2025-09-22,159870,化工ETF,0.695,0.697,0.683,0.69,1189488000.0,822233579.9999999,,,,,
2025-09-23,159870,化工ETF,0.69,0.691,0.671,0.682,1079613200.0,737915622.2,,,,,
2025-09-24,159870,化工ETF,0.678,0.694,0.678,0.693,938429000.0,643527686.75,,,,,
2025-09-25,159870,化工ETF,0.693,0.699,0.691,0.692,771827000.0,535454981.2499999,,,,,
2025-09-26,159870,化工ETF,0.689,0.702,0.688,0.695,796180300.0,552151038.05,,,,,
2025-09-29,159870,化工ETF,0.698,0.714,0.698,0.713,1889603400.0,1333587599.55,,,,,
2025-09-30,159870,化工ETF,0.715,0.728,0.711,0.725,1091003400.0,785249697.15,,,,,
2025-10-09,159870,化工ETF,0.729,0.745,0.72,0.744,1664355100.0,1222468820.9499998,,,,,
2025-10-10,159870,化工ETF,0.737,0.746,0.735,0.738,1473150100.0,1088657923.9,,,,,
2025-10-13,159870,化工ETF,0.707,0.732,0.707,0.728,1304625400.0,937373349.8999999,,,,,
2025-10-14,159870,化工ETF,0.737,0.742,0.705,0.708,1094108200.0,791040228.6,,,,,
2025-10-15,159870,化工ETF,0.707,0.715,0.702,0.713,870374600.0,617313185.05,,,,,
2025-10-16,159870,化工ETF,0.713,0.713,0.697,0.7,1156664700.0,816316112.025,,,,,
2025-10-17,159870,化工ETF,0.699,0.707,0.683,0.684,1779987100.0,1233976057.0749998,,,,,
2025-10-20,159870,化工ETF,0.69,0.692,0.682,0.686,628964800.0,432413299.99999994,,,,,
2025-10-21,159870,化工ETF,0.688,0.693,0.684,0.693,765773200.0,528000621.4,,,,,
2025-10-22,159870,化工ETF,0.69,0.69,0.682,0.685,563396000.0,386912203.0,,,,,
2025-10-23,159870,化工ETF,0.684,0.702,0.679,0.701,645598800.0,446431570.2,,,,,
2025-10-24,159870,化工ETF,0.702,0.709,0.695,0.699,740726600.0,519434528.24999994,,,,,
2025-10-27,159870,化工ETF,0.704,0.713,0.704,0.708,898866600.0,635723402.8499999,,,,,
2025-10-28,159870,化工ETF,0.709,0.717,0.706,0.707,859089300.0,609738630.675,,,,,
2025-10-29,159870,化工ETF,0.709,0.729,0.708,0.729,783601300.0,563213434.375,,,,,
2025-10-30,159870,化工ETF,0.729,0.733,0.722,0.725,1096051700.0,797103598.8249999,,,,,
2025-10-31,159870,化工ETF,0.725,0.742,0.725,0.729,1321874000.0,965298488.4999999,,,,,
2025-11-03,159870,化工ETF,0.728,0.73,0.713,0.724,1224551200.0,886268931.0,,,,,
2025-11-04,159870,化工ETF,0.723,0.727,0.704,0.708,755848200.0,540809387.1,,,,,
2025-11-05,159870,化工ETF,0.698,0.718,0.698,0.712,602243900.0,425485315.35,,,,,
2025-11-06,159870,化工ETF,0.713,0.732,0.713,0.731,1348237700.0,973764678.825,,,,,
2025-11-07,159870,化工ETF,0.733,0.761,0.732,0.753,2405891300.0,1791787545.675,,,,,
2025-11-10,159870,化工ETF,0.763,0.783,0.763,0.769,2481816100.0,1909757488.9499998,,,,,
2025-11-11,159870,化工ETF,0.766,0.777,0.764,0.77,1026694200.0,789784513.35,,,,,
2025-11-12,159870,化工ETF,0.767,0.77,0.752,0.767,1530728500.0,1169476574.0,,,,,
2025-11-13,159870,化工ETF,0.766,0.798,0.766,0.796,1405376200.0,1098301500.3000002,,,,,
2025-11-14,159870,化工ETF,0.788,0.797,0.78,0.781,924612600.0,727207809.9,,,,,
2025-11-17,159870,化工ETF,0.781,0.797,0.776,0.79,1505659500.0,1183448367.0,,,,,
2025-11-18,159870,化工ETF,0.79,0.791,0.759,0.762,2005836100.0,1555525895.55,,,,,
2025-11-19,159870,化工ETF,0.76,0.777,0.76,0.773,796445000.0,611271537.5,,,,,
2025-11-20,159870,化工ETF,0.776,0.788,0.761,0.761,812167700.0,626587380.5500001,,,,,
2025-11-21,159870,化工ETF,0.747,0.751,0.729,0.729,934531500.0,690618778.5,,,,,
2025-11-24,159870,化工ETF,0.731,0.736,0.715,0.724,1091673300.0,793100652.4499999,,,,,
2025-11-25,159870,化工ETF,0.728,0.734,0.722,0.732,1003827600.0,731790320.4,,,,,
2025-11-26,159870,化工ETF,0.73,0.735,0.726,0.728,712173500.0,519708611.625,,,,,
2025-11-27,159870,化工ETF,0.727,0.741,0.726,0.737,815004200.0,597194327.55,,,,,
2025-11-28,159870,化工ETF,0.737,0.747,0.735,0.747,525394000.0,389579650.99999994,,,,,
2025-12-01,159870,化工ETF,0.751,0.761,0.749,0.755,922196500.0,695336161.0,,,,,
2025-12-02,159870,化工ETF,0.75,0.754,0.745,0.747,850042400.0,636681757.6,,,,,
2025-12-03,159870,化工ETF,0.748,0.755,0.744,0.747,771370700.0,577370968.9499999,,,,,
2025-12-04,159870,化工ETF,0.749,0.751,0.74,0.744,480158500.0,358198241.0,,,,,
2025-12-05,159870,化工ETF,0.743,0.757,0.741,0.755,868584700.0,650569940.3,,,,,
2025-12-08,159870,化工ETF,0.755,0.759,0.748,0.756,913983700.0,689600701.65,,,,,
2025-12-09,159870,化工ETF,0.753,0.757,0.741,0.745,530368700.0,397246156.3,,,,,
2025-12-10,159870,化工ETF,0.743,0.749,0.736,0.747,414607800.0,308364551.24999994,,,,,
2025-12-11,159870,化工ETF,0.748,0.755,0.741,0.742,323778100.0,241700351.65,,,,,
2025-12-12,159870,化工ETF,0.744,0.747,0.733,0.738,502469100.0,372078368.55,,,,,
2025-12-15,159870,化工ETF,0.737,0.749,0.734,0.741,549087300.0,406461873.825,,,,,
2025-12-16,159870,化工ETF,0.74,0.741,0.724,0.733,589155400.0,432734641.29999995,,,,,
2025-12-17,159870,化工ETF,0.733,0.759,0.732,0.755,1185132300.0,882627280.4250001,,,,,
2025-12-18,159870,化工ETF,0.751,0.769,0.751,0.754,804840200.0,608660401.25,,,,,
2025-12-19,159870,化工ETF,0.755,0.769,0.753,0.769,684142000.0,520974133.00000006,,,,,
2025-12-22,159870,化工ETF,0.771,0.781,0.77,0.78,891346700.0,691239365.85,,,,,
2025-12-23,159870,化工ETF,0.779,0.79,0.775,0.783,591213300.0,462180997.27500004,,,,,
2025-12-24,159870,化工ETF,0.782,0.797,0.781,0.796,750100700.0,591829452.3000001,,,,,
2025-12-25,159870,化工ETF,0.796,0.805,0.791,0.803,617098000.0,492907027.50000006,,,,,
2025-12-26,159870,化工ETF,0.807,0.82,0.805,0.82,876393000.0,712507509.0,,,,,
2025-12-29,159870,化工ETF,0.82,0.821,0.807,0.81,922082600.0,751036277.6999999,,,,,
2025-12-30,159870,化工ETF,0.801,0.831,0.801,0.826,1090633600.0,888593725.6000001,,,,,
2025-12-31,159870,化工ETF,0.825,0.828,0.817,0.824,691078000.0,569102732.9999999,,,,,
2026-01-05,159870,化工ETF,0.831,0.84,0.821,0.833,1135274000.0,943696512.5,,,,,
2026-01-06,159870,化工ETF,0.835,0.868,0.833,0.865,1554614000.0,1321810553.5,,,,,
2026-01-07,159870,化工ETF,0.865,0.87,0.856,0.861,1341661900.0,1157854219.7,,,,,
2026-01-08,159870,化工ETF,0.857,0.86,0.844,0.852,1285702000.0,1097025231.5,,,,,
2026-01-09,159870,化工ETF,0.848,0.859,0.846,0.854,1236549000.0,1053230610.75,,,,,
2026-01-12,159870,化工ETF,0.858,0.86,0.842,0.846,1451714500.0,1236134896.75,,,,,
2026-01-13,159870,化工ETF,0.845,0.86,0.844,0.851,1296484200.0,1102011570.0,,,,,
2026-01-14,159870,化工ETF,0.852,0.865,0.844,0.856,1610228700.0,1375537866.975,,,,,
2026-01-15,159870,化工ETF,0.848,0.876,0.846,0.865,1418467000.0,1218108536.25,,,,,
2026-01-16,159870,化工ETF,0.868,0.877,0.856,0.859,1197394500.0,1035746242.5,,,,,
2026-01-19,159870,化工ETF,0.855,0.888,0.854,0.887,2167871100.0,1888215728.1,,,,,
2026-01-20,159870,化工ETF,0.891,0.902,0.876,0.9,2397961200.0,2139580880.7,,,,,
2026-01-21,159870,化工ETF,0.9,0.91,0.888,0.906,1810454200.0,1631219234.2,,,,,
2026-01-22,159870,化工ETF,0.908,0.922,0.904,0.918,2358885400.0,2153662370.2000003,,,,,
2026-01-23,159870,化工ETF,0.923,0.93,0.916,0.926,1978259000.0,1827416751.2500002,,,,,
2026-01-26,159870,化工ETF,0.928,0.939,0.919,0.923,2596064100.0,2407200436.725,,,,,
2026-01-27,159870,化工ETF,0.92,0.932,0.902,0.912,2075947600.0,1902605975.4,,,,,
2026-01-28,159870,化工ETF,0.912,0.943,0.91,0.934,2480576400.0,2293913025.9,,,,,
2026-01-29,159870,化工ETF,0.938,0.945,0.922,0.926,2761771200.0,2576042086.7999997,,,,,
2026-01-30,159870,化工ETF,0.916,0.934,0.885,0.918,2464095600.0,2250335306.7000003,,,,,
2026-02-02,159870,化工ETF,0.897,0.904,0.854,0.854,3386702000.0,2970984329.5,,,,,
2026-02-03,159870,化工ETF,0.867,0.89,0.863,0.889,2373826500.0,2082439297.125,,,,,
2026-02-04,159870,化工ETF,0.891,0.894,0.877,0.89,1355289400.0,1203496987.2,,,,,
2026-02-05,159870,化工ETF,0.885,0.894,0.865,0.871,1810254100.0,1590760790.3749998,,,,,
2026-02-06,159870,化工ETF,0.855,0.904,0.855,0.894,2786966100.0,2444169269.7,,,,,
2026-02-09,159870,化工ETF,0.903,0.91,0.896,0.906,1575348000.0,1423720755.0,,,,,
2026-02-10,159870,化工ETF,0.906,0.907,0.892,0.905,1285169800.0,1159865744.5,,,,,
2026-02-11,159870,化工ETF,0.901,0.933,0.9,0.924,1614629700.0,1476578860.6499999,,,,,
2026-02-12,159870,化工ETF,0.92,0.932,0.919,0.925,1289583300.0,1191574969.2,,,,,
2026-02-13,159870,化工ETF,0.917,0.922,0.906,0.907,1292155700.0,1179738154.1000001,,,,,
2026-02-24,159870,化工ETF,0.922,0.94,0.917,0.939,1507571700.0,1401287895.15,,,,,
2026-02-25,159870,化工ETF,0.941,0.97,0.94,0.954,3522656400.0,3350926900.5,,,,,
2026-02-26,159870,化工ETF,0.96,0.969,0.949,0.956,1583862200.0,1518131918.6999998,,,,,
2026-02-27,159870,化工ETF,0.948,0.971,0.947,0.962,1397606400.0,1337509324.8,,,,,
2026-03-02,159870,化工ETF,0.979,0.981,0.955,0.981,2712613200.0,2642085256.7999997,,,,,
2026-03-03,159870,化工ETF,0.983,0.987,0.945,0.949,2627172200.0,2537848345.2,,,,,
2026-03-04,159870,化工ETF,0.93,0.951,0.929,0.932,2021741700.0,1891339360.35,,,,,
2026-03-05,159870,化工ETF,0.946,0.947,0.929,0.943,1362192000.0,1282163220.0,,,,,
2026-03-06,159870,化工ETF,0.937,0.967,0.928,0.961,1801671000.0,1708434525.75,,,,,
2026-03-09,159870,化工ETF,0.98,0.98,0.934,0.946,2419179800.0,2322412608.0,,,,,
2026-03-10,159870,化工ETF,0.931,0.95,0.931,0.94,1538505300.0,1443117971.3999999,,,,,
2026-03-11,159870,化工ETF,0.936,0.965,0.931,0.963,2069938300.0,1963853962.125,,,,,
2026-03-12,159870,化工ETF,0.97,0.975,0.952,0.961,1691332900.0,1631290582.05,,,,,
2026-03-13,159870,化工ETF,0.959,0.985,0.955,0.957,1851754400.0,1785091241.6,,,,,
2026-03-16,159870,化工ETF,0.957,0.964,0.918,0.925,3292633600.0,3098368217.6000004,,,,,
2026-03-17,159870,化工ETF,0.92,0.934,0.9,0.9,2326068800.0,2124863848.8,,,,,
2026-03-18,159870,化工ETF,0.901,0.905,0.883,0.898,1985814900.0,1780779511.5749998,,,,,
2026-03-19,159870,化工ETF,0.893,0.895,0.854,0.859,2367665600.0,2072299316.4,,,,,
2026-03-20,159870,化工ETF,0.855,0.872,0.848,0.85,2639861100.0,2260381066.875,,,,,
2026-03-23,159870,化工ETF,0.836,0.86,0.83,0.836,2302855700.0,1935550215.8500001,,,,,
2026-03-24,159870,化工ETF,0.848,0.848,0.819,0.844,1554369400.0,1305281703.65,,,,,
2026-03-25,159870,化工ETF,0.849,0.868,0.847,0.859,1497122500.0,1281162579.375,,,,,
2026-03-26,159870,化工ETF,0.86,0.882,0.857,0.861,1222622700.0,1057568635.5,,,,,
2026-03-27,159870,化工ETF,0.85,0.889,0.849,0.881,1320715700.0,1145390690.825,,,,,
2026-03-30,159870,化工ETF,0.881,0.892,0.875,0.889,1067703000.0,944116377.75,,,,,
2026-03-31,159870,化工ETF,0.885,0.89,0.862,0.867,1125255200.0,985723555.2,,,,,
2026-04-01,159870,化工ETF,0.876,0.884,0.87,0.874,1488571800.0,1303988896.8,,,,,
2026-04-02,159870,化工ETF,0.874,0.882,0.861,0.865,901495500.0,784751832.75,,,,,
2026-04-03,159870,化工ETF,0.869,0.87,0.848,0.854,680981000.0,585813905.25,,,,,
2026-04-07,159870,化工ETF,0.854,0.885,0.854,0.884,1070004300.0,930101237.7750001,,,,,
2026-04-08,159870,化工ETF,0.882,0.901,0.875,0.899,2184104300.0,1942214748.775,,,,,
2026-04-09,159870,化工ETF,0.894,0.908,0.887,0.9,1344691300.0,1206524268.925,,,,,
2026-04-10,159870,化工ETF,0.903,0.915,0.897,0.907,1123756000.0,1017561058.0,,,,,
2026-04-13,159870,化工ETF,0.907,0.914,0.892,0.906,1335324000.0,1208134389.0,,,,,
2026-04-14,159870,化工ETF,0.91,0.915,0.896,0.914,896818700.0,814983993.625,,,,,
2026-04-15,159870,化工ETF,0.916,0.918,0.895,0.896,960982400.0,870890300.0,,,,,
2026-04-16,159870,化工ETF,0.894,0.911,0.894,0.909,853121500.0,769515593.0,,,,,
2026-04-17,159870,化工ETF,0.908,0.912,0.895,0.898,1113319400.0,1005605748.05,,,,,
2026-04-20,159870,化工ETF,0.898,0.907,0.891,0.897,1045774200.0,939366675.15,,,,,
2026-04-21,159870,化工ETF,0.897,0.911,0.879,0.909,1016160100.0,913527929.9,,,,,
2026-04-22,159870,化工ETF,0.909,0.915,0.903,0.907,623039300.0,566031204.05,,,,,
2026-04-23,159870,化工ETF,0.908,0.91,0.889,0.897,1278628100.0,1152043918.1000001,,,,,
2026-04-24,159870,化工ETF,0.896,0.927,0.894,0.92,1426427600.0,1296979295.3000002,,,,,
2026-04-27,159870,化工ETF,0.92,0.928,0.917,0.926,905821600.0,835846881.4,,,,,
2026-04-28,159870,化工ETF,0.925,0.931,0.915,0.927,805197700.0,744405273.6500001,,,,,
2026-04-29,159870,化工ETF,0.924,0.96,0.917,0.956,1216567200.0,1142660742.6,,,,,
2026-04-30,159870,化工ETF,0.955,0.966,0.947,0.955,894406900.0,854829394.675,,,,,
2026-05-06,159870,化工ETF,0.952,0.968,0.94,0.968,1364407400.0,1305737881.8,,,,,
2026-05-07,159870,化工ETF,0.959,0.968,0.927,0.937,1812361200.0,1717665327.3,,,,,
2026-05-08,159870,化工ETF,0.931,0.939,0.916,0.921,935967100.0,867407509.925,,,,,
2026-05-11,159870,化工ETF,0.918,0.93,0.918,0.924,1237170200.0,1141289509.5000002,,,,,
2026-05-12,159870,化工ETF,0.924,0.926,0.91,0.918,1084694200.0,997376316.9000001,,,,,
2026-05-13,159870,化工ETF,0.918,0.925,0.915,0.92,892229100.0,820404657.4499999,,,,,
2026-05-14,159870,化工ETF,0.919,0.927,0.896,0.896,1530530500.0,1392017489.75,,,,,
2026-05-15,159870,化工ETF,0.9,0.913,0.892,0.896,1488090700.0,1339653652.675,,,,,
2026-05-18,159870,化工ETF,0.894,0.894,0.871,0.878,1722135400.0,1522798227.45,,,,,
2026-05-19,159870,化工ETF,0.875,0.878,0.857,0.868,781948000.0,679903786.0,,,,,
2026-05-20,159870,化工ETF,0.866,0.888,0.862,0.881,1197702000.0,1047090973.5,,,,,
2026-05-21,159870,化工ETF,0.882,0.893,0.856,0.858,1036846200.0,904389097.9499999,,,,,
2026-05-22,159870,化工ETF,0.857,0.873,0.853,0.868,758452200.0,654354635.55,,,,,
2026-05-25,159870,化工ETF,0.87,0.874,0.84,0.847,1082316700.0,928357149.4250001,,,,,
2026-05-26,159870,化工ETF,0.844,0.86,0.833,0.856,954659400.0,809789836.05,,,,,
2026-05-27,159870,化工ETF,0.854,0.862,0.836,0.841,616276500.0,522756541.12499994,,,,,
2026-05-28,159870,化工ETF,0.842,0.847,0.822,0.833,973941200.0,814214843.1999999,,,,,
2026-05-29,159870,化工ETF,0.834,0.836,0.813,0.816,1363771100.0,1124770214.725,,,,,
2026-06-01,159870,化工ETF,0.815,0.839,0.815,0.828,744240800.0,613440479.4,,,,,
2026-06-02,159870,化工ETF,0.833,0.837,0.816,0.833,844812500.0,700983171.875,,,,,
2026-06-03,159870,化工ETF,0.827,0.838,0.823,0.83,763843000.0,633607768.5,,,,,
2026-06-04,159870,化工ETF,0.823,0.825,0.81,0.814,1379072900.0,1128081632.2,,,,,
2026-06-05,159870,化工ETF,0.81,0.834,0.808,0.816,664116400.0,542583098.8,,,,,
2026-06-08,159870,化工ETF,0.803,0.817,0.785,0.791,1036775000.0,828383225.0,,,,,
2026-06-09,159870,化工ETF,0.795,0.805,0.782,0.804,651601000.0,519000196.50000006,,,,,
2026-06-10,159870,化工ETF,0.799,0.814,0.796,0.804,666243200.0,535159850.40000004,,,,,
2026-06-11,159870,化工ETF,0.81,0.82,0.798,0.816,646452000.0,524272571.99999994,,,,,
2026-06-12,159870,化工ETF,0.819,0.852,0.811,0.844,1693074800.0,1407791696.1999998,,,,,
2026-06-15,159870,化工ETF,0.856,0.87,0.853,0.866,1503668800.0,1295034754.0,,,,,
2026-06-16,159870,化工ETF,0.86,0.871,0.854,0.856,795277800.0,684137727.4499999,,,,,
2026-06-17,159870,化工ETF,0.85,0.86,0.846,0.858,790740300.0,674896846.0500001,,,,,
2026-06-18,159870,化工ETF,0.85,0.86,0.832,0.841,1482616500.0,1253922904.8749998,,,,,
2026-06-22,159870,化工ETF,0.837,0.898,0.835,0.898,1347876100.0,1168608578.7,,,,,
2026-06-23,159870,化工ETF,0.901,0.907,0.861,0.865,1009532300.0,891921787.05,,,,,
2026-06-24,159870,化工ETF,0.861,0.895,0.86,0.894,1085148200.0,952217545.5,,,,,
2026-06-25,159870,化工ETF,0.883,0.895,0.874,0.891,869339600.0,770017550.7,,,,,
2026-06-26,159870,化工ETF,0.89,0.895,0.855,0.856,756848800.0,661485851.2,,,,,
2026-06-29,159870,化工ETF,0.86,0.87,0.843,0.863,734517000.0,630950103.0,,,,,
2026-06-30,159870,化工ETF,0.858,0.863,0.847,0.862,553559700.0,474677442.75,,,,,
2026-07-01,159870,化工ETF,0.862,0.893,0.861,0.887,767544600.0,672177183.45,,,,,
2026-07-02,159870,化工ETF,0.874,0.899,0.863,0.879,914455000.0,803577331.25,,,,,
2026-07-03,159870,化工ETF,0.883,0.89,0.861,0.868,807001300.0,706529638.15,,,,,
2026-07-06,159870,化工ETF,0.867,0.895,0.861,0.861,1223164200.0,1065376018.2,,,,,
2026-07-07,159870,化工ETF,0.863,0.868,0.837,0.839,988101400.0,841615367.45,,,,,
2026-07-08,159870,化工ETF,0.836,0.842,0.804,0.805,950285100.0,780896780.925,,,,,
2026-07-09,159870,化工ETF,0.803,0.81,0.776,0.801,965221500.0,769764146.2500001,,,,,
2026-07-10,159870,化工ETF,0.801,0.805,0.785,0.786,485557600.0,385654123.8000001,,,,,
2026-07-13,159870,化工ETF,0.781,0.781,0.751,0.752,682858100.0,523240019.125,,,,,
2026-07-14,159870,化工ETF,0.759,0.778,0.75,0.776,794253700.0,608199770.775,,,,,
2026-07-15,159870,化工ETF,0.777,0.782,0.77,0.773,446344900.0,346140469.95,,,,,
2026-07-16,159870,化工ETF,0.764,0.769,0.746,0.749,477005300.0,361093012.1,,,,,
2026-07-17,159870,化工ETF,0.747,0.761,0.736,0.749,906449000.0,678250464.2500001,,,,,
2026-07-20,159870,化工ETF,0.748,0.752,0.73,0.741,795392100.0,590777482.275,,,,,
2026-07-21,159870,化工ETF,0.74,0.76,0.737,0.76,585444800.0,438644516.4,,,,,
2026-07-22,159870,化工ETF,0.755,0.777,0.754,0.773,709888100.0,542886924.475,,,,,
2026-07-23,159870,化工ETF,0.771,0.792,0.767,0.791,721108900.0,562645219.225,,,,,
2026-07-24,159870,化工ETF,0.783,0.793,0.765,0.766,624168200.0,484822649.35,,,,,
2026-07-27,159870,化工ETF,0.761,0.784,0.759,0.783,312140800.0,240894662.4,,,,,
2026-07-28,159870,化工ETF,0.773,0.78,0.767,0.774,370070800.0,286249763.8,,,,,
2026-07-29,159870,化工ETF,0.772,0.792,0.759,0.785,374063900.0,290647650.3,,,,,
2026-07-30,159870,化工ETF,0.782,0.795,0.773,0.782,535377600.0,419200660.8,,,,,
2026-07-31,159870,化工ETF,0.785,0.791,0.78,0.781,335994300.0,263503529.77500004,,,,,
2026-08-03,159870,化工ETF,0.778,0.789,0.765,0.778,467451100.0,363443230.25000006,,,,,
2026-08-04,159870,化工ETF,0.779,0.788,0.772,0.783,371582600.0,290020219.3,,,,,
2026-08-05,159870,化工ETF,0.782,0.808,0.781,0.808,706179200.0,561235919.2,,,,,
2026-08-06,159870,化工ETF,0.806,0.819,0.804,0.818,608741800.0,494146156.15,,,,,
2026-08-07,159870,化工ETF,0.816,0.828,0.813,0.826,369003300.0,302859458.47499996,,,,,
2026-08-10,159870,化工ETF,0.825,0.847,0.825,0.842,495768300.0,413842588.42499995,,,,,
2026-08-11,159870,化工ETF,0.838,0.843,0.819,0.819,773392800.0,641722675.8,,,,,
