date,symbol,name,open,high,low,close,volume,amount,pct_change,turnover_rate,amplitude,change
2021-02-09,159852,软件ETF,0.984,0.999,0.978,0.999,373117.0,36900657.0,2.57,0.33,2.16,0.025
2021-02-10,159852,软件ETF,0.999,1.017,0.995,1.013,601271.0,60653649.0,1.4,0.54,2.2,0.014
2021-02-18,159852,软件ETF,1.022,1.038,1.02,1.024,833666.0,85775371.0,1.09,0.74,1.78,0.011
2021-02-19,159852,软件ETF,1.025,1.037,1.016,1.034,537852.0,55144238.0,0.98,0.48,2.05,0.01
2021-02-22,159852,软件ETF,1.035,1.045,1.018,1.019,524830.0,54260928.0,-1.45,0.47,2.61,-0.015
2021-02-23,159852,软件ETF,1.02,1.023,1.008,1.011,237533.0,24123660.0,-0.79,0.21,1.47,-0.008
2021-02-24,159852,软件ETF,1.012,1.024,0.995,1.005,298989.0,30191264.0,-0.59,0.27,2.87,-0.006
2021-02-25,159852,软件ETF,1.005,1.011,0.987,0.993,385585.0,38274741.0,-1.19,0.34,2.39,-0.012
2021-02-26,159852,软件ETF,0.992,0.992,0.974,0.981,220550.0,21621312.0,-1.21,0.2,1.81,-0.012
2021-03-01,159852,软件ETF,0.982,1.001,0.982,1.0,186804.0,18548852.0,1.94,0.17,1.94,0.019
2021-03-02,159852,软件ETF,1.001,1.004,0.987,0.992,205465.0,20469564.0,-0.8,0.18,1.7,-0.008
2021-03-03,159852,软件ETF,0.992,1.001,0.989,1.001,141845.0,14123167.0,0.91,0.13,1.21,0.009
2021-03-04,159852,软件ETF,1.001,1.001,0.978,0.982,257419.0,25407540.0,-1.9,0.23,2.3,-0.019
2021-03-05,159852,软件ETF,0.98,0.996,0.971,0.992,165132.0,16285816.0,1.02,0.15,2.55,0.01
2021-03-08,159852,软件ETF,0.999,1.001,0.967,0.968,291980.0,28811571.0,-2.42,0.26,3.43,-0.024
2021-03-09,159852,软件ETF,0.967,0.968,0.933,0.946,299222.0,28583143.0,-2.27,0.27,3.62,-0.022
2021-03-10,159852,软件ETF,0.955,0.965,0.947,0.949,261429.0,24966016.0,0.32,0.23,1.9,0.003
2021-03-11,159852,软件ETF,0.949,0.959,0.944,0.956,270962.0,25818156.0,0.74,0.24,1.58,0.007
2021-03-12,159852,软件ETF,0.959,0.96,0.935,0.944,347831.0,32792320.0,-1.26,0.31,2.62,-0.012
2021-03-15,159852,软件ETF,0.944,0.944,0.917,0.926,318652.0,29649841.0,-1.91,0.28,2.86,-0.018
2021-03-16,159852,软件ETF,0.918,0.936,0.918,0.929,345555.0,32047638.0,0.32,0.31,1.94,0.003
2021-03-17,159852,软件ETF,0.929,0.941,0.917,0.939,371407.0,34759423.0,1.08,0.33,2.58,0.01
2021-03-18,159852,软件ETF,0.938,0.948,0.938,0.946,255295.0,24108908.0,0.75,0.23,1.06,0.007
2021-03-19,159852,软件ETF,0.944,0.944,0.925,0.93,319574.0,29771730.0,-1.69,0.29,2.01,-0.016
2021-03-22,159852,软件ETF,0.935,0.959,0.931,0.958,191572.0,18201506.0,3.01,0.17,3.01,0.028
2021-03-23,159852,软件ETF,0.958,0.961,0.942,0.948,378271.0,35905694.0,-1.04,0.34,1.98,-0.01
2021-03-24,159852,软件ETF,0.948,0.949,0.936,0.939,312448.0,29412082.0,-0.95,0.28,1.37,-0.009
2021-03-25,159852,软件ETF,0.939,0.953,0.929,0.948,332075.0,31399752.0,0.96,0.3,2.56,0.009
2021-03-26,159852,软件ETF,0.948,0.977,0.948,0.973,404270.0,39036578.0,2.64,0.36,3.06,0.025
2021-03-29,159852,软件ETF,0.973,0.977,0.96,0.963,269064.0,26051512.0,-1.03,0.24,1.75,-0.01
2021-03-30,159852,软件ETF,0.963,0.976,0.962,0.973,309017.0,30037077.0,1.04,0.28,1.45,0.01
2021-03-31,159852,软件ETF,0.973,0.976,0.963,0.971,255929.0,24819729.0,-0.21,0.23,1.34,-0.002
2021-04-01,159852,软件ETF,0.971,0.986,0.969,0.983,397131.0,38954444.0,1.24,0.35,1.75,0.012
2021-04-02,159852,软件ETF,0.98,0.995,0.98,0.983,297873.0,29418422.0,0.0,0.27,1.53,0.0
2021-04-06,159852,软件ETF,0.983,0.998,0.983,0.995,360710.0,35813761.0,1.22,0.32,1.53,0.012
2021-04-07,159852,软件ETF,0.996,0.996,0.975,0.984,328851.0,32252179.0,-1.11,0.29,2.11,-0.011
2021-04-08,159852,软件ETF,0.984,0.993,0.981,0.987,236794.0,23432163.0,0.3,0.21,1.22,0.003
2021-04-09,159852,软件ETF,0.987,0.987,0.976,0.98,320781.0,31409834.0,-0.71,0.29,1.11,-0.007
2021-04-12,159852,软件ETF,0.979,0.982,0.957,0.96,292003.0,28286610.0,-2.04,0.26,2.55,-0.02
2021-04-13,159852,软件ETF,0.959,0.975,0.959,0.965,399160.0,38635827.0,0.52,0.36,1.67,0.005
2021-04-14,159852,软件ETF,0.975,0.986,0.969,0.984,261412.0,25584741.0,1.97,0.23,1.76,0.019
2021-04-15,159852,软件ETF,0.984,0.985,0.976,0.983,328548.0,32217238.0,-0.1,0.29,0.91,-0.001
2021-04-16,159852,软件ETF,0.981,0.991,0.978,0.983,358562.0,35213523.0,0.0,0.32,1.32,0.0
2021-04-19,159852,软件ETF,0.983,1.017,0.983,1.014,617519.0,62269316.0,3.15,0.55,3.46,0.031
2021-04-20,159852,软件ETF,1.01,1.027,1.01,1.016,515479.0,52632399.0,0.2,0.46,1.68,0.002
2021-04-21,159852,软件ETF,1.015,1.015,1.007,1.011,293648.0,29726269.0,-0.49,0.26,0.79,-0.005
2021-04-22,159852,软件ETF,1.012,1.016,1.007,1.009,321429.0,32483553.0,-0.2,0.29,0.89,-0.002
2021-04-23,159852,软件ETF,1.009,1.013,1.004,1.008,313667.0,31640033.0,-0.1,0.28,0.89,-0.001
2021-04-26,159852,软件ETF,1.008,1.019,0.995,0.995,429542.0,43402165.0,-1.29,0.38,2.38,-0.013
2021-04-27,159852,软件ETF,0.995,1.002,0.991,1.0,321711.0,32105817.0,0.5,0.29,1.11,0.005
2021-04-28,159852,软件ETF,0.994,1.01,0.994,1.009,319034.0,32055560.0,0.9,0.28,1.6,0.009
2021-04-29,159852,软件ETF,1.009,1.019,1.006,1.011,307273.0,31043982.0,0.2,0.27,1.29,0.002
2021-04-30,159852,软件ETF,1.011,1.011,0.993,0.996,293977.0,29511938.0,-1.48,0.26,1.78,-0.015
2021-05-06,159852,软件ETF,0.996,0.997,0.976,0.98,314082.0,30970887.0,-1.61,0.28,2.11,-0.016
2021-05-07,159852,软件ETF,0.982,0.983,0.96,0.962,343806.0,33421900.0,-1.84,0.31,2.35,-0.018
2021-05-10,159852,软件ETF,0.96,0.964,0.949,0.954,383835.0,36668060.0,-0.83,0.34,1.56,-0.008
2021-05-11,159852,软件ETF,0.951,0.974,0.946,0.972,388629.0,37334998.0,1.89,0.35,2.94,0.018
2021-05-12,159852,软件ETF,0.969,0.98,0.962,0.978,329934.0,32068213.0,0.62,0.29,1.85,0.006
2021-05-13,159852,软件ETF,0.979,0.981,0.966,0.97,262549.0,25521347.0,-0.82,0.23,1.53,-0.008
2021-05-14,159852,软件ETF,0.97,0.989,0.966,0.988,404063.0,39447492.0,1.86,0.36,2.37,0.018
2021-05-17,159852,软件ETF,0.982,1.027,0.982,1.014,617636.0,62654927.0,2.63,0.55,4.55,0.026
2021-05-18,159852,软件ETF,1.01,1.026,1.007,1.023,386910.0,39430801.0,0.89,0.35,1.87,0.009
2021-05-19,159852,软件ETF,1.023,1.024,1.014,1.016,343935.0,35023167.0,-0.68,0.31,0.98,-0.007
2021-05-20,159852,软件ETF,1.015,1.037,1.015,1.029,492131.0,50715659.0,1.28,0.44,2.17,0.013
2021-05-21,159852,软件ETF,1.03,1.036,1.012,1.014,310350.0,31710715.0,-1.46,0.28,2.33,-0.015
2021-05-24,159852,软件ETF,1.014,1.046,1.014,1.046,590971.0,61236207.0,3.16,0.53,3.16,0.032
2021-05-25,159852,软件ETF,1.05,1.09,1.047,1.089,745768.0,79929360.0,4.11,0.67,4.11,0.043
2021-05-26,159852,软件ETF,1.088,1.094,1.073,1.076,431619.0,46744835.0,-1.19,0.38,1.93,-0.013
2021-05-27,159852,软件ETF,1.07,1.085,1.067,1.076,383414.0,41253342.0,0.0,0.34,1.67,0.0
2021-05-28,159852,软件ETF,1.076,1.083,1.067,1.076,390162.0,42053057.0,0.0,0.35,1.49,0.0
2021-05-31,159852,软件ETF,1.075,1.088,1.075,1.081,353084.0,38170808.0,0.46,0.31,1.21,0.005
2021-06-01,159852,软件ETF,1.081,1.082,1.065,1.076,360869.0,38767373.0,-0.46,0.32,1.57,-0.005
2021-06-02,159852,软件ETF,1.076,1.08,1.048,1.054,364023.0,38463836.0,-2.04,0.32,2.97,-0.022
2021-06-03,159852,软件ETF,1.054,1.064,1.042,1.043,315431.0,33306551.0,-1.04,0.28,2.09,-0.011
2021-06-04,159852,软件ETF,1.038,1.053,1.038,1.045,289797.0,30302041.0,0.19,0.26,1.44,0.002
2021-06-07,159852,软件ETF,1.048,1.066,1.046,1.066,449719.0,47671777.0,2.01,0.4,1.91,0.021
2021-06-08,159852,软件ETF,1.066,1.072,1.054,1.061,431175.0,45835835.0,-0.47,0.38,1.69,-0.005
2021-06-09,159852,软件ETF,1.056,1.07,1.055,1.069,362008.0,38454409.0,0.75,0.32,1.41,0.008
2021-06-10,159852,软件ETF,1.07,1.109,1.068,1.109,746576.0,81565561.0,3.74,0.67,3.84,0.04
2021-06-11,159852,软件ETF,1.11,1.114,1.086,1.088,455194.0,50091818.0,-1.89,0.41,2.52,-0.021
2021-06-15,159852,软件ETF,1.086,1.095,1.075,1.085,415856.0,45116097.0,-0.28,0.37,1.84,-0.003
2021-06-16,159852,软件ETF,1.076,1.091,1.053,1.055,480401.0,51450650.0,-2.76,0.43,3.5,-0.03
2021-06-17,159852,软件ETF,1.052,1.088,1.052,1.084,425983.0,45598619.0,2.75,0.38,3.41,0.029
2021-06-18,159852,软件ETF,1.086,1.103,1.072,1.079,388322.0,42300617.0,-0.46,0.35,2.86,-0.005
2021-06-21,159852,软件ETF,1.076,1.092,1.07,1.086,371417.0,40272240.0,0.65,0.33,2.04,0.007
2021-06-22,159852,软件ETF,1.088,1.089,1.075,1.084,315800.0,34233050.0,-0.18,0.28,1.29,-0.002
2021-06-23,159852,软件ETF,1.078,1.092,1.068,1.086,520176.0,56254568.0,0.18,0.46,2.21,0.002
2021-06-24,159852,软件ETF,1.087,1.087,1.054,1.059,493276.0,52523114.0,-2.49,0.44,3.04,-0.027
2021-06-25,159852,软件ETF,1.061,1.064,1.054,1.061,361502.0,38322719.0,0.19,0.32,0.94,0.002
2021-06-28,159852,软件ETF,1.06,1.081,1.058,1.077,485567.0,52125823.0,1.51,0.43,2.17,0.016
2021-06-29,159852,软件ETF,1.077,1.091,1.074,1.083,464889.0,50350602.0,0.56,0.41,1.58,0.006
2021-06-30,159852,软件ETF,1.082,1.102,1.079,1.101,482439.0,52771972.0,1.66,0.43,2.12,0.018
2021-07-01,159852,软件ETF,1.11,1.11,1.094,1.097,419314.0,46273270.0,-0.36,0.37,1.45,-0.004
2021-07-02,159852,软件ETF,1.095,1.095,1.062,1.063,496069.0,53303397.0,-3.1,0.44,3.01,-0.034
2021-07-05,159852,软件ETF,1.064,1.085,1.064,1.075,404494.0,43382673.0,1.13,0.36,1.98,0.012
2021-07-06,159852,软件ETF,1.078,1.083,1.059,1.07,341610.0,36639606.0,-0.47,0.3,2.23,-0.005
2021-07-07,159852,软件ETF,1.061,1.078,1.055,1.077,415797.0,44459669.0,0.65,0.37,2.15,0.007
2021-07-08,159852,软件ETF,1.076,1.092,1.076,1.088,273774.0,29726513.0,1.02,0.24,1.49,0.011
2021-07-09,159852,软件ETF,1.081,1.083,1.052,1.069,326877.0,34760291.0,-1.75,0.29,2.85,-0.019
2021-07-12,159852,软件ETF,1.073,1.125,1.072,1.124,555122.0,61435214.0,5.14,0.5,4.96,0.055
2021-07-13,159852,软件ETF,1.126,1.147,1.125,1.131,440403.0,49987168.0,0.62,0.39,1.96,0.007
2021-07-14,159852,软件ETF,1.127,1.132,1.115,1.115,383592.0,43144430.0,-1.41,0.34,1.5,-0.016
2021-07-15,159852,软件ETF,1.116,1.128,1.112,1.125,345339.0,38655205.0,0.9,0.31,1.43,0.01
2021-07-16,159852,软件ETF,1.125,1.133,1.108,1.11,336908.0,37765751.0,-1.33,0.3,2.22,-0.015
2021-07-19,159852,软件ETF,1.1,1.122,1.094,1.121,384385.0,42587794.0,0.99,0.34,2.52,0.011
2021-07-20,159852,软件ETF,1.117,1.117,1.092,1.103,374212.0,41250638.0,-1.61,0.33,2.23,-0.018
2021-07-21,159852,软件ETF,1.105,1.126,1.103,1.123,392243.0,43815359.0,1.81,0.35,2.09,0.02
2021-07-22,159852,软件ETF,1.139,1.139,1.123,1.134,378403.0,42838273.0,0.98,0.34,1.42,0.011
2021-07-23,159852,软件ETF,1.126,1.134,1.096,1.103,429271.0,47526184.0,-2.73,0.38,3.35,-0.031
2021-07-26,159852,软件ETF,1.101,1.111,1.063,1.077,424783.0,46045589.0,-2.36,0.38,4.35,-0.026
2021-07-27,159852,软件ETF,1.077,1.092,1.059,1.06,366925.0,39640727.0,-1.58,0.33,3.06,-0.017
2021-07-28,159852,软件ETF,1.055,1.059,1.025,1.035,384960.0,40158221.0,-2.36,0.34,3.21,-0.025
2021-07-29,159852,软件ETF,1.051,1.067,1.051,1.055,315440.0,33358919.0,1.93,0.28,1.55,0.02
2021-07-30,159852,软件ETF,1.055,1.064,1.042,1.062,391786.0,41220953.0,0.66,0.35,2.09,0.007
2021-08-02,159852,软件ETF,1.053,1.09,1.053,1.09,295878.0,31787926.0,2.64,0.26,3.48,0.028
2021-08-03,159852,软件ETF,1.09,1.113,1.086,1.101,483444.0,53300636.0,1.01,0.43,2.48,0.011
2021-08-04,159852,软件ETF,1.101,1.104,1.09,1.104,350200.0,38460299.0,0.27,0.31,1.27,0.003
2021-08-05,159852,软件ETF,1.102,1.102,1.07,1.074,358593.0,38773097.0,-2.72,0.32,2.9,-0.03
2021-08-06,159852,软件ETF,1.065,1.08,1.063,1.073,246309.0,26325618.0,-0.09,0.22,1.58,-0.001
2021-08-09,159852,软件ETF,1.069,1.099,1.068,1.099,423569.0,46084902.0,2.42,0.38,2.89,0.026
2021-08-10,159852,软件ETF,1.101,1.106,1.085,1.105,363335.0,39879527.0,0.55,0.32,1.91,0.006
2021-08-11,159852,软件ETF,1.104,1.105,1.087,1.092,282425.0,30934700.0,-1.18,0.25,1.63,-0.013
2021-08-12,159852,软件ETF,1.095,1.108,1.085,1.087,283969.0,31074463.0,-0.46,0.25,2.11,-0.005
2021-08-13,159852,软件ETF,1.08,1.085,1.053,1.061,306240.0,32575970.0,-2.39,0.27,2.94,-0.026
2021-08-16,159852,软件ETF,1.06,1.06,1.048,1.057,365304.0,38526703.0,-0.38,0.33,1.13,-0.004
2021-08-17,159852,软件ETF,1.058,1.06,1.029,1.031,447721.0,46890314.0,-2.46,0.4,2.93,-0.026
2021-08-18,159852,软件ETF,1.043,1.043,1.019,1.032,323097.0,33253523.0,0.1,0.29,2.33,0.001
2021-08-19,159852,软件ETF,1.032,1.047,1.032,1.039,315866.0,32847630.0,0.68,0.28,1.45,0.007
2021-08-20,159852,软件ETF,1.039,1.055,1.028,1.04,374602.0,38818489.0,0.1,0.33,2.6,0.001
2021-08-23,159852,软件ETF,1.042,1.072,1.041,1.071,354468.0,37716192.0,2.98,0.32,2.98,0.031
2021-08-24,159852,软件ETF,1.074,1.075,1.065,1.074,429868.0,45968088.0,0.28,0.38,0.93,0.003
2021-08-25,159852,软件ETF,1.074,1.075,1.053,1.058,406696.0,43099910.0,-1.49,0.36,2.05,-0.016
2021-08-26,159852,软件ETF,1.059,1.059,1.036,1.038,335050.0,35014326.0,-1.89,0.3,2.17,-0.02
2021-08-27,159852,软件ETF,1.045,1.045,1.029,1.035,345347.0,35680297.0,-0.29,0.31,1.54,-0.003
2021-08-30,159852,软件ETF,1.038,1.05,1.019,1.028,406720.0,41965220.0,-0.68,0.36,3.0,-0.007
2021-08-31,159852,软件ETF,1.024,1.024,0.998,1.008,370126.0,37226357.0,-1.95,0.33,2.53,-0.02
2021-09-01,159852,软件ETF,1.008,1.016,0.991,1.013,344665.0,34563026.0,0.5,0.31,2.48,0.005
2021-09-02,159852,软件ETF,1.013,1.013,0.995,0.999,341643.0,34301879.0,-1.38,0.3,1.78,-0.014
2021-09-03,159852,软件ETF,1.005,1.016,0.999,1.006,351930.0,35448954.0,0.7,0.31,1.7,0.007
2021-09-06,159852,软件ETF,1.005,1.029,1.0,1.027,440861.0,44882907.0,2.09,0.39,2.88,0.021
2021-09-07,159852,软件ETF,1.028,1.035,1.023,1.034,420359.0,43268980.0,0.68,0.37,1.17,0.007
2021-09-08,159852,软件ETF,1.034,1.04,1.024,1.03,398532.0,41229944.0,-0.39,0.36,1.55,-0.004
2021-09-09,159852,软件ETF,1.03,1.032,1.016,1.018,229803.0,23467780.0,-1.17,0.2,1.55,-0.012
2021-09-10,159852,软件ETF,1.019,1.03,1.018,1.023,223580.0,22867265.0,0.49,0.2,1.18,0.005
2021-09-13,159852,软件ETF,1.021,1.021,1.012,1.015,198570.0,20171150.0,-0.78,0.18,0.88,-0.008
2021-09-14,159852,软件ETF,1.015,1.036,1.013,1.017,241980.0,24832905.0,0.2,0.22,2.27,0.002
2021-09-15,159852,软件ETF,1.015,1.017,1.001,1.005,270016.0,27200123.0,-1.18,0.24,1.57,-0.012
2021-09-16,159852,软件ETF,1.006,1.011,0.99,0.995,403775.0,40322206.0,-1.0,0.36,2.09,-0.01
2021-09-17,159852,软件ETF,0.995,1.002,0.985,1.001,390855.0,38749824.0,0.6,0.35,1.71,0.006
2021-09-22,159852,软件ETF,1.0,1.002,0.986,0.999,320394.0,31866816.0,-0.2,0.29,1.6,-0.002
2021-09-23,159852,软件ETF,1.0,1.017,1.0,1.014,304926.0,30821890.0,1.5,0.27,1.7,0.015
2021-09-24,159852,软件ETF,1.015,1.032,1.012,1.029,434092.0,44596336.0,1.48,0.39,1.97,0.015
2021-09-27,159852,软件ETF,1.039,1.054,1.026,1.034,297600.0,30973682.0,0.49,0.27,2.72,0.005
2021-09-28,159852,软件ETF,1.029,1.036,1.019,1.025,193224.0,19857557.0,-0.87,0.17,1.64,-0.009
2021-09-29,159852,软件ETF,1.016,1.02,1.002,1.008,281156.0,28398119.0,-1.66,0.25,1.76,-0.017
2021-09-30,159852,软件ETF,1.008,1.035,1.008,1.031,376583.0,38651414.0,2.28,0.34,2.68,0.023
2021-10-08,159852,软件ETF,1.04,1.048,1.035,1.046,376882.0,39291325.0,1.45,0.34,1.26,0.015
2021-10-11,159852,软件ETF,1.046,1.046,1.032,1.036,201635.0,20935720.0,-0.96,0.18,1.34,-0.01
2021-10-12,159852,软件ETF,1.032,1.032,1.012,1.015,181520.0,18556074.0,-2.03,0.16,1.93,-0.021
2021-10-13,159852,软件ETF,1.015,1.03,1.015,1.029,241644.0,24766176.0,1.38,0.22,1.48,0.014
2021-10-14,159852,软件ETF,1.029,1.035,1.023,1.035,221580.0,22808377.0,0.58,0.2,1.17,0.006
2021-10-15,159852,软件ETF,1.035,1.057,1.029,1.052,439911.0,45923052.0,1.64,0.39,2.71,0.017
2021-10-18,159852,软件ETF,1.056,1.056,1.026,1.03,351139.0,36366716.0,-2.09,0.31,2.85,-0.022
2021-10-19,159852,软件ETF,1.029,1.043,1.028,1.041,295341.0,30580858.0,1.07,0.26,1.46,0.011
2021-10-20,159852,软件ETF,1.052,1.056,1.037,1.04,301287.0,31443939.0,-0.1,0.27,1.83,-0.001
2021-10-21,159852,软件ETF,1.038,1.044,1.025,1.031,362336.0,37505681.0,-0.87,0.32,1.83,-0.009
2021-10-22,159852,软件ETF,1.031,1.041,1.028,1.033,362146.0,37454413.0,0.19,0.32,1.26,0.002
2021-10-25,159852,软件ETF,1.03,1.035,1.018,1.035,199818.0,20497076.0,0.19,0.18,1.65,0.002
2021-10-26,159852,软件ETF,1.034,1.048,1.029,1.041,317472.0,32998084.0,0.58,0.28,1.84,0.006
2021-10-27,159852,软件ETF,1.041,1.044,1.025,1.03,257971.0,26593269.0,-1.06,0.23,1.83,-0.011
2021-10-28,159852,软件ETF,1.026,1.044,1.026,1.035,362659.0,37537641.0,0.49,0.32,1.75,0.005
2021-10-29,159852,软件ETF,1.035,1.068,1.035,1.066,487701.0,51477317.0,3.0,0.43,3.19,0.031
2021-11-01,159852,软件ETF,1.08,1.08,1.051,1.066,267162.0,28404126.0,0.0,0.24,2.72,0.0
2021-11-02,159852,软件ETF,1.065,1.076,1.053,1.062,259456.0,27586439.0,-0.38,0.23,2.16,-0.004
2021-11-03,159852,软件ETF,1.06,1.072,1.06,1.069,233388.0,24897470.0,0.66,0.21,1.13,0.007
2021-11-04,159852,软件ETF,1.07,1.072,1.061,1.07,299757.0,31938572.0,0.09,0.27,1.03,0.001
2021-11-05,159852,软件ETF,1.07,1.08,1.068,1.071,308144.0,33120444.0,0.09,0.27,1.12,0.001
2021-11-08,159852,软件ETF,1.073,1.074,1.06,1.068,240302.0,25631809.0,-0.28,0.21,1.31,-0.003
2021-11-09,159852,软件ETF,1.062,1.082,1.062,1.081,200940.0,21559927.0,1.22,0.18,1.87,0.013
2021-11-10,159852,软件ETF,1.081,1.084,1.069,1.076,140461.0,15093046.0,-0.46,0.13,1.39,-0.005
2021-11-11,159852,软件ETF,1.08,1.083,1.068,1.081,228676.0,24607734.0,0.46,0.2,1.39,0.005
2021-11-12,159852,软件ETF,1.081,1.094,1.078,1.092,389865.0,42320016.0,1.02,0.35,1.48,0.011
2021-11-15,159852,软件ETF,1.096,1.109,1.095,1.095,244997.0,27064175.0,0.27,0.22,1.28,0.003
2021-11-16,159852,软件ETF,1.101,1.102,1.085,1.085,262473.0,28636795.0,-0.91,0.23,1.55,-0.01
2021-11-17,159852,软件ETF,1.085,1.096,1.085,1.095,334045.0,36472082.0,0.92,0.3,1.01,0.01
2021-11-18,159852,软件ETF,1.099,1.099,1.073,1.074,368691.0,39851243.0,-1.92,0.33,2.37,-0.021
2021-11-19,159852,软件ETF,1.076,1.089,1.076,1.084,375162.0,40550396.0,0.93,0.33,1.21,0.01
2021-11-22,159852,软件ETF,1.084,1.096,1.08,1.091,182362.0,19825859.0,0.65,0.16,1.48,0.007
2021-11-23,159852,软件ETF,1.089,1.092,1.078,1.085,307778.0,33291096.0,-0.55,0.27,1.28,-0.006
2021-11-24,159852,软件ETF,1.085,1.085,1.063,1.068,288346.0,30839831.0,-1.57,0.26,2.03,-0.017
2021-11-25,159852,软件ETF,1.062,1.073,1.061,1.07,372962.0,39759023.0,0.19,0.33,1.12,0.002
2021-11-26,159852,软件ETF,1.069,1.073,1.06,1.07,193688.0,20641618.0,0.0,0.17,1.21,0.0
2021-11-29,159852,软件ETF,1.062,1.068,1.056,1.066,319749.0,33889636.0,-0.37,0.29,1.12,-0.004
2021-11-30,159852,软件ETF,1.066,1.083,1.066,1.076,297691.0,32000180.0,0.94,0.27,1.59,0.01
2021-12-01,159852,软件ETF,1.085,1.09,1.076,1.086,342663.0,37173917.0,0.93,0.31,1.3,0.01
2021-12-02,159852,软件ETF,1.086,1.086,1.06,1.06,328831.0,35163784.0,-2.39,0.29,2.39,-0.026
2021-12-03,159852,软件ETF,1.06,1.07,1.06,1.062,313054.0,33312646.0,0.19,0.28,0.94,0.002
2021-12-06,159852,软件ETF,1.062,1.062,1.047,1.048,222169.0,23363042.0,-1.32,0.2,1.41,-0.014
2021-12-07,159852,软件ETF,1.054,1.056,1.038,1.053,459810.0,48091246.0,0.48,0.41,1.72,0.005
2021-12-08,159852,软件ETF,1.051,1.074,1.048,1.072,323392.0,34529656.0,1.8,0.29,2.47,0.019
2021-12-09,159852,软件ETF,1.072,1.095,1.071,1.087,384417.0,41670858.0,1.4,0.34,2.24,0.015
2021-12-10,159852,软件ETF,1.083,1.085,1.071,1.074,288900.0,31070747.0,-1.2,0.26,1.29,-0.013
2021-12-13,159852,软件ETF,1.074,1.094,1.073,1.085,166233.0,18072499.0,1.02,0.15,1.96,0.011
2021-12-14,159852,软件ETF,1.082,1.092,1.077,1.091,169821.0,18478789.0,0.55,0.15,1.38,0.006
2021-12-15,159852,软件ETF,1.084,1.095,1.081,1.081,134700.0,14663223.0,-0.92,0.12,1.28,-0.01
2021-12-16,159852,软件ETF,1.081,1.086,1.078,1.082,131927.0,14276420.0,0.09,0.12,0.74,0.001
2021-12-17,159852,软件ETF,1.077,1.081,1.064,1.066,300638.0,32176032.0,-1.48,0.27,1.57,-0.016
2021-12-20,159852,软件ETF,1.05,1.068,1.05,1.051,221206.0,23465441.0,-1.41,0.2,1.69,-0.015
2021-12-21,159852,软件ETF,1.054,1.067,1.053,1.067,333800.0,35381986.0,1.52,0.3,1.33,0.016
2021-12-22,159852,软件ETF,1.073,1.075,1.065,1.068,154397.0,16522085.0,0.09,0.14,0.94,0.001
2021-12-23,159852,软件ETF,1.072,1.082,1.067,1.075,182622.0,19654869.0,0.66,0.16,1.4,0.007
2021-12-24,159852,软件ETF,1.075,1.077,1.066,1.07,226605.0,24227719.0,-0.47,0.2,1.02,-0.005
2021-12-27,159852,软件ETF,1.066,1.074,1.062,1.064,279193.0,29795741.0,-0.56,0.25,1.12,-0.006
2021-12-28,159852,软件ETF,1.065,1.071,1.064,1.07,126748.0,13533454.0,0.56,0.11,0.66,0.006
2021-12-29,159852,软件ETF,1.07,1.07,1.054,1.056,247152.0,26118225.0,-1.31,0.22,1.5,-0.014
2021-12-30,159852,软件ETF,1.056,1.071,1.055,1.068,259525.0,27642472.0,1.14,0.23,1.52,0.012
2021-12-31,159852,软件ETF,1.07,1.077,1.064,1.074,280287.0,29991402.0,0.56,0.25,1.22,0.006
2022-01-04,159852,软件ETF,1.069,1.084,1.068,1.077,401274.0,43217023.0,0.28,0.36,1.49,0.003
2022-01-05,159852,软件ETF,1.078,1.082,1.058,1.063,316116.0,33869917.0,-1.3,0.28,2.23,-0.014
2022-01-06,159852,软件ETF,1.056,1.056,1.032,1.037,270408.0,28130302.0,-2.45,0.24,2.26,-0.026
2022-01-07,159852,软件ETF,1.032,1.043,1.022,1.022,254692.0,26278214.0,-1.45,0.23,2.03,-0.015
2022-01-10,159852,软件ETF,1.021,1.039,1.008,1.036,263877.0,27256754.0,1.37,0.24,3.03,0.014
2022-01-11,159852,软件ETF,1.031,1.038,1.015,1.019,301370.0,30955448.0,-1.64,0.27,2.22,-0.017
2022-01-12,159852,软件ETF,1.021,1.028,1.019,1.025,203823.0,20832848.0,0.59,0.18,0.88,0.006
2022-01-13,159852,软件ETF,1.031,1.039,1.017,1.02,241968.0,24836926.0,-0.49,0.22,2.15,-0.005
2022-01-14,159852,软件ETF,1.018,1.025,1.008,1.014,301975.0,30784592.0,-0.59,0.27,1.67,-0.006
2022-01-17,159852,软件ETF,1.03,1.064,1.025,1.064,441600.0,46308919.0,4.93,0.39,3.85,0.05
2022-01-18,159852,软件ETF,1.063,1.099,1.061,1.077,554869.0,60093397.0,1.22,0.49,3.57,0.013
2022-01-19,159852,软件ETF,1.07,1.079,1.065,1.076,531136.0,57024485.0,-0.09,0.47,1.3,-0.001
2022-01-20,159852,软件ETF,1.076,1.076,1.062,1.068,389870.0,41634422.0,-0.74,0.35,1.3,-0.008
2022-01-21,159852,软件ETF,1.069,1.079,1.058,1.062,364619.0,38872124.0,-0.56,0.33,1.97,-0.006
2022-01-24,159852,软件ETF,1.062,1.073,1.053,1.067,409614.0,43731364.0,0.47,0.37,1.88,0.005
2022-01-25,159852,软件ETF,1.064,1.064,1.024,1.024,370086.0,38714010.0,-4.03,0.33,3.75,-0.043
2022-01-26,159852,软件ETF,1.024,1.039,1.01,1.025,321689.0,32880269.0,0.1,0.29,2.83,0.001
2022-01-27,159852,软件ETF,1.025,1.025,0.983,0.985,369709.0,36908498.0,-3.9,0.33,4.1,-0.04
2022-01-28,159852,软件ETF,0.993,0.993,0.967,0.968,344112.0,33772527.0,-1.73,0.31,2.64,-0.017
2022-02-07,159852,软件ETF,0.976,0.986,0.964,0.966,321928.0,31381533.0,-0.21,0.29,2.27,-0.002
2022-02-08,159852,软件ETF,0.966,0.966,0.944,0.963,280773.0,26712307.0,-0.31,0.25,2.28,-0.003
2022-02-09,159852,软件ETF,0.96,0.978,0.96,0.978,386626.0,37560376.0,1.56,0.34,1.87,0.015
2022-02-10,159852,软件ETF,0.979,0.979,0.955,0.96,352215.0,33889367.0,-1.84,0.31,2.45,-0.018
2022-02-11,159852,软件ETF,0.957,0.96,0.943,0.946,326851.0,31165115.0,-1.46,0.29,1.77,-0.014
2022-02-14,159852,软件ETF,0.946,0.948,0.925,0.941,356131.0,33409169.0,-0.53,0.32,2.43,-0.005
2022-02-15,159852,软件ETF,0.942,0.953,0.938,0.953,356463.0,33768504.0,1.28,0.32,1.59,0.012
2022-02-16,159852,软件ETF,0.968,0.968,0.949,0.952,308979.0,29464105.0,-0.1,0.28,1.99,-0.001
2022-02-17,159852,软件ETF,0.952,0.955,0.942,0.95,311140.0,29550144.0,-0.21,0.28,1.37,-0.002
2022-02-18,159852,软件ETF,0.95,0.959,0.944,0.958,281151.0,26858997.0,0.84,0.25,1.58,0.008
2022-02-21,159852,软件ETF,0.959,0.975,0.959,0.972,416031.0,40364107.0,1.46,0.37,1.67,0.014
2022-02-22,159852,软件ETF,0.97,0.97,0.95,0.954,359442.0,34288553.0,-1.85,0.32,2.06,-0.018
2022-02-23,159852,软件ETF,0.959,0.976,0.956,0.976,295620.0,28604914.0,2.31,0.26,2.1,0.022
2022-02-24,159852,软件ETF,0.962,0.971,0.929,0.944,366681.0,34831261.0,-3.28,0.33,4.3,-0.032
2022-02-25,159852,软件ETF,0.945,0.96,0.945,0.949,217095.0,20704030.0,0.53,0.19,1.59,0.005
2022-02-28,159852,软件ETF,0.957,0.959,0.938,0.951,356607.0,33790858.0,0.21,0.32,2.21,0.002
2022-03-01,159852,软件ETF,0.955,0.955,0.944,0.952,314089.0,29818822.0,0.11,0.28,1.16,0.001
2022-03-02,159852,软件ETF,0.952,0.952,0.94,0.945,274832.0,25937343.0,-0.74,0.25,1.26,-0.007
2022-03-03,159852,软件ETF,0.95,0.95,0.925,0.928,304286.0,28342797.0,-1.8,0.27,2.65,-0.017
2022-03-04,159852,软件ETF,0.926,0.926,0.899,0.905,454083.0,41212123.0,-2.48,0.41,2.91,-0.023
2022-03-07,159852,软件ETF,0.895,0.9,0.864,0.867,370724.0,32442936.0,-4.2,0.33,3.98,-0.038
2022-03-08,159852,软件ETF,0.86,0.878,0.851,0.856,329338.0,28530085.0,-1.27,0.29,3.11,-0.011
2022-03-09,159852,软件ETF,0.859,0.862,0.814,0.849,333654.0,28279341.0,-0.82,0.3,5.61,-0.007
2022-03-10,159852,软件ETF,0.875,0.875,0.851,0.853,212359.0,18251886.0,0.47,0.19,2.83,0.004
2022-03-11,159852,软件ETF,0.851,0.857,0.823,0.856,262021.0,21972088.0,0.35,0.23,3.99,0.003
2022-03-14,159852,软件ETF,0.841,0.854,0.83,0.831,370688.0,31269267.0,-2.92,0.33,2.8,-0.025
2022-03-15,159852,软件ETF,0.83,0.842,0.801,0.803,374978.0,30857535.0,-3.37,0.33,4.93,-0.028
2022-03-16,159852,软件ETF,0.81,0.834,0.792,0.831,497827.0,40049991.0,3.49,0.44,5.23,0.028
2022-03-17,159852,软件ETF,0.835,0.864,0.835,0.852,405688.0,34620699.0,2.53,0.36,3.49,0.021
2022-03-18,159852,软件ETF,0.861,0.861,0.841,0.855,256672.0,21783800.0,0.35,0.23,2.35,0.003
2022-03-21,159852,软件ETF,0.856,0.858,0.839,0.849,341877.0,29068177.0,-0.7,0.3,2.22,-0.006
2022-03-22,159852,软件ETF,0.85,0.854,0.842,0.848,335512.0,28423680.0,-0.12,0.3,1.41,-0.001
2022-03-23,159852,软件ETF,0.847,0.853,0.845,0.846,293536.0,24922786.0,-0.24,0.26,0.94,-0.002
2022-03-24,159852,软件ETF,0.85,0.85,0.83,0.833,325281.0,27154013.0,-1.54,0.29,2.36,-0.013
2022-03-25,159852,软件ETF,0.841,0.841,0.82,0.821,424937.0,35286409.0,-1.44,0.38,2.52,-0.012
2022-03-28,159852,软件ETF,0.813,0.822,0.807,0.816,322234.0,26269720.0,-0.61,0.29,1.83,-0.005
2022-03-29,159852,软件ETF,0.818,0.82,0.805,0.807,273867.0,22228253.0,-1.1,0.24,1.84,-0.009
2022-03-30,159852,软件ETF,0.815,0.827,0.811,0.827,142760.0,11693285.0,2.48,0.13,1.98,0.02
2022-03-31,159852,软件ETF,0.828,0.828,0.818,0.821,122562.0,10054560.0,-0.73,0.11,1.21,-0.006
2022-04-01,159852,软件ETF,0.814,0.825,0.813,0.822,145957.0,11970752.0,0.12,0.13,1.46,0.001
2022-04-06,159852,软件ETF,0.824,0.824,0.815,0.819,117957.0,9660045.0,-0.36,0.11,1.09,-0.003
2022-04-07,159852,软件ETF,0.817,0.819,0.8,0.801,140066.0,11309400.0,-2.2,0.12,2.32,-0.018
2022-04-08,159852,软件ETF,0.802,0.802,0.782,0.788,157791.0,12465141.0,-1.62,0.14,2.5,-0.013
2022-04-11,159852,软件ETF,0.781,0.785,0.746,0.75,104793.0,8006586.0,-4.82,0.09,4.95,-0.038
2022-04-12,159852,软件ETF,0.75,0.764,0.738,0.763,119357.0,9011643.0,1.73,0.11,3.47,0.013
2022-04-13,159852,软件ETF,0.754,0.759,0.747,0.748,154936.0,11676427.0,-1.97,0.14,1.57,-0.015
2022-04-14,159852,软件ETF,0.754,0.759,0.748,0.756,161968.0,12183953.0,1.07,0.14,1.47,0.008
2022-04-15,159852,软件ETF,0.758,0.758,0.738,0.747,175612.0,13075674.0,-1.19,0.16,2.65,-0.009
2022-04-18,159852,软件ETF,0.745,0.754,0.733,0.753,168464.0,12579915.0,0.8,0.15,2.81,0.006
2022-04-19,159852,软件ETF,0.755,0.763,0.745,0.748,181536.0,13674912.0,-0.66,0.16,2.39,-0.005
2022-04-20,159852,软件ETF,0.751,0.76,0.745,0.748,178226.0,13441546.0,0.0,0.16,2.01,0.0
2022-04-21,159852,软件ETF,0.739,0.748,0.721,0.726,198158.0,14605550.0,-2.94,0.18,3.61,-0.022
2022-04-22,159852,软件ETF,0.716,0.721,0.705,0.705,214027.0,15192710.0,-2.89,0.19,2.2,-0.021
2022-04-25,159852,软件ETF,0.7,0.7,0.655,0.66,232394.0,15709445.0,-6.38,0.21,6.38,-0.045
2022-04-26,159852,软件ETF,0.661,0.661,0.622,0.626,250286.0,16073407.0,-5.15,0.22,5.91,-0.034
2022-04-27,159852,软件ETF,0.61,0.657,0.61,0.656,295395.0,18723852.0,4.79,0.26,7.51,0.03
2022-04-28,159852,软件ETF,0.653,0.653,0.632,0.64,183316.0,11751717.0,-2.44,0.16,3.2,-0.016
2022-04-29,159852,软件ETF,0.645,0.693,0.645,0.692,247876.0,16564112.0,8.13,0.22,7.5,0.052
2022-05-05,159852,软件ETF,0.688,0.702,0.682,0.694,270472.0,18863719.0,0.29,0.24,2.89,0.002
2022-05-06,159852,软件ETF,0.682,0.71,0.674,0.697,455929.0,31752342.0,0.43,0.41,5.19,0.003
2022-05-09,159852,软件ETF,0.69,0.693,0.679,0.684,264283.0,18069040.0,-1.87,0.24,2.01,-0.013
2022-05-10,159852,软件ETF,0.671,0.699,0.67,0.697,319882.0,22073390.0,1.9,0.29,4.24,0.013
2022-05-11,159852,软件ETF,0.703,0.723,0.694,0.704,345987.0,24687260.0,1.0,0.31,4.16,0.007
2022-05-12,159852,软件ETF,0.702,0.713,0.699,0.709,287318.0,20311955.0,0.71,0.26,1.99,0.005
2022-05-13,159852,软件ETF,0.71,0.713,0.701,0.706,267075.0,18859741.0,-0.42,0.24,1.69,-0.003
2022-05-16,159852,软件ETF,0.712,0.716,0.699,0.7,260243.0,18356868.0,-0.85,0.23,2.41,-0.006
2022-05-17,159852,软件ETF,0.698,0.708,0.696,0.708,245738.0,17250754.0,1.14,0.22,1.71,0.008
2022-05-18,159852,软件ETF,0.716,0.723,0.71,0.711,343788.0,24594601.0,0.42,0.31,1.84,0.003
2022-05-19,159852,软件ETF,0.705,0.706,0.696,0.706,232677.0,16312897.0,-0.7,0.21,1.41,-0.005
2022-05-20,159852,软件ETF,0.704,0.72,0.704,0.72,232630.0,16614432.0,1.98,0.21,2.27,0.014
2022-05-23,159852,软件ETF,0.719,0.724,0.715,0.723,206257.0,14816194.0,0.42,0.18,1.25,0.003
2022-05-24,159852,软件ETF,0.72,0.723,0.687,0.688,266293.0,18854776.0,-4.84,0.24,4.98,-0.035
2022-05-25,159852,软件ETF,0.703,0.703,0.688,0.695,318335.0,22029623.0,1.02,0.28,2.18,0.007
2022-05-26,159852,软件ETF,0.695,0.705,0.679,0.701,325838.0,22583692.0,0.86,0.29,3.74,0.006
2022-05-27,159852,软件ETF,0.704,0.71,0.695,0.699,275639.0,19381360.0,-0.29,0.25,2.14,-0.002
2022-05-30,159852,软件ETF,0.702,0.723,0.7,0.72,31713100.0,22555942.375,,,,
2022-05-31,159852,软件ETF,0.722,0.74,0.717,0.738,31017100.0,22619220.175,,,,
2022-06-01,159852,软件ETF,0.734,0.743,0.732,0.738,27735700.0,20434276.975,,,,
2022-06-02,159852,软件ETF,0.739,0.755,0.733,0.755,27614000.0,20586237.0,,,,
2022-06-06,159852,软件ETF,0.757,0.785,0.754,0.785,31919600.0,24586071.9,,,,
2022-06-07,159852,软件ETF,0.787,0.787,0.774,0.781,23004800.0,17995504.8,,,,
2022-06-08,159852,软件ETF,0.781,0.793,0.775,0.786,31413400.0,24620252.25,,,,
2022-06-09,159852,软件ETF,0.78,0.784,0.76,0.76,26251100.0,20239598.1,,,,
2022-06-10,159852,软件ETF,0.76,0.776,0.759,0.776,13787900.0,10585660.225,,,,
2022-06-13,159852,软件ETF,0.776,0.779,0.767,0.776,22457500.0,17393333.75,,,,
2022-06-14,159852,软件ETF,0.763,0.776,0.744,0.768,22722500.0,17331586.875,,,,
2022-06-15,159852,软件ETF,0.771,0.8,0.771,0.786,25390200.0,19855136.4,,,,
2022-06-16,159852,软件ETF,0.789,0.796,0.782,0.786,22500200.0,17735782.650000002,,,,
2022-06-17,159852,软件ETF,0.779,0.79,0.771,0.789,21203800.0,16586672.55,,,,
2022-06-20,159852,软件ETF,0.794,0.806,0.786,0.805,27164400.0,21670400.1,,,,
2022-06-21,159852,软件ETF,0.806,0.807,0.79,0.8,23579900.0,18881604.925,,,,
2022-06-22,159852,软件ETF,0.801,0.803,0.779,0.779,21551800.0,17036697.9,,,,
2022-06-23,159852,软件ETF,0.779,0.81,0.779,0.81,27416800.0,21782647.6,,,,
2022-06-24,159852,软件ETF,0.81,0.817,0.805,0.814,20528100.0,16658553.15,,,,
2022-06-27,159852,软件ETF,0.814,0.821,0.81,0.813,21640300.0,17626024.349999998,,,,
2022-06-28,159852,软件ETF,0.813,0.825,0.8,0.825,21796900.0,17780821.175,,,,
2022-06-29,159852,软件ETF,0.824,0.837,0.813,0.82,24868700.0,20479374.45,,,,
2022-06-30,159852,软件ETF,0.819,0.825,0.81,0.822,22719600.0,18607352.400000002,,,,
2022-07-01,159852,软件ETF,0.822,0.824,0.805,0.809,18471300.0,15054109.500000002,,,,
2022-07-04,159852,软件ETF,0.81,0.82,0.807,0.815,18407200.0,14965053.6,,,,
2022-07-05,159852,软件ETF,0.812,0.818,0.79,0.802,23926100.0,19272473.55,,,,
2022-07-06,159852,软件ETF,0.802,0.81,0.792,0.798,18367200.0,14702943.6,,,,
2022-07-07,159852,软件ETF,0.798,0.802,0.789,0.797,16632300.0,13247626.950000001,,,,
2022-07-08,159852,软件ETF,0.802,0.806,0.793,0.793,15617500.0,12470573.750000002,,,,
2022-07-11,159852,软件ETF,0.793,0.793,0.772,0.776,19686900.0,15424686.150000002,,,,
2022-07-12,159852,软件ETF,0.775,0.777,0.763,0.764,18206000.0,14014068.5,,,,
2022-07-13,159852,软件ETF,0.761,0.768,0.76,0.763,16079000.0,12268276.999999998,,,,
2022-07-14,159852,软件ETF,0.76,0.774,0.74,0.768,16721100.0,12716396.549999999,,,,
2022-07-15,159852,软件ETF,0.764,0.773,0.75,0.75,18065300.0,13716079.025,,,,
2022-07-18,159852,软件ETF,0.752,0.777,0.751,0.775,34300800.0,26197236.0,,,,
2022-07-19,159852,软件ETF,0.775,0.794,0.769,0.794,24351000.0,19066833.0,,,,
2022-07-20,159852,软件ETF,0.797,0.8,0.79,0.798,18318100.0,14585787.125000002,,,,
2022-07-21,159852,软件ETF,0.792,0.803,0.788,0.793,18600400.0,14768717.600000001,,,,
2022-07-22,159852,软件ETF,0.791,0.798,0.78,0.786,21740400.0,17147740.5,,,,
2022-07-25,159852,软件ETF,0.786,0.793,0.773,0.776,20588400.0,16100128.8,,,,
2022-07-26,159852,软件ETF,0.773,0.787,0.773,0.787,19345800.0,15089724.0,,,,
2022-07-27,159852,软件ETF,0.793,0.795,0.785,0.787,21109200.0,16676268.0,,,,
2022-07-28,159852,软件ETF,0.792,0.802,0.792,0.794,19092300.0,15178378.499999998,,,,
2022-07-29,159852,软件ETF,0.794,0.795,0.784,0.786,16171200.0,12771205.2,,,,
2022-08-01,159852,软件ETF,0.783,0.8,0.776,0.794,18828500.0,14841565.124999998,,,,
2022-08-02,159852,软件ETF,0.79,0.79,0.758,0.765,20643900.0,16014505.425,,,,
2022-08-03,159852,软件ETF,0.764,0.796,0.764,0.776,22523200.0,17455480.000000004,,,,
2022-08-04,159852,软件ETF,0.778,0.784,0.771,0.779,20930700.0,16284084.6,,,,
2022-08-05,159852,软件ETF,0.78,0.819,0.78,0.819,26877300.0,21488401.35,,,,
2022-08-08,159852,软件ETF,0.822,0.826,0.81,0.825,22728400.0,18654334.3,,,,
2022-08-09,159852,软件ETF,0.823,0.825,0.808,0.814,21847700.0,17860494.749999996,,,,
2022-08-10,159852,软件ETF,0.814,0.814,0.798,0.803,17876600.0,14430885.35,,,,
2022-08-11,159852,软件ETF,0.806,0.817,0.802,0.814,20951900.0,16965801.025000002,,,,
2022-08-12,159852,软件ETF,0.812,0.816,0.806,0.808,16693300.0,13529919.65,,,,
2022-08-15,159852,软件ETF,0.806,0.806,0.794,0.797,19799700.0,15854609.775000002,,,,
2022-08-16,159852,软件ETF,0.795,0.801,0.786,0.79,18520300.0,14686597.9,,,,
2022-08-17,159852,软件ETF,0.79,0.796,0.78,0.796,15964600.0,12620016.299999999,,,,
2022-08-18,159852,软件ETF,0.79,0.793,0.787,0.792,17680800.0,13976672.4,,,,
2022-08-19,159852,软件ETF,0.792,0.798,0.774,0.777,23250900.0,18257769.225,,,,
2022-08-22,159852,软件ETF,0.777,0.785,0.766,0.782,16526000.0,12848965.000000002,,,,
2022-08-23,159852,软件ETF,0.782,0.791,0.782,0.79,20645600.0,16232603.0,,,,
2022-08-24,159852,软件ETF,0.789,0.789,0.755,0.757,22551900.0,17421342.75,,,,
2022-08-25,159852,软件ETF,0.759,0.76,0.745,0.757,21306200.0,16091507.549999999,,,,
2022-08-26,159852,软件ETF,0.757,0.763,0.753,0.754,15681400.0,11866899.450000001,,,,
2022-08-29,159852,软件ETF,0.748,0.753,0.742,0.752,19187200.0,14366416.0,,,,
2022-08-30,159852,软件ETF,0.75,0.76,0.75,0.759,17755300.0,13400812.675,,,,
2022-08-31,159852,软件ETF,0.76,0.765,0.749,0.756,19231000.0,14567482.500000002,,,,
2022-09-01,159852,软件ETF,0.756,0.767,0.756,0.759,18443800.0,14008066.100000001,,,,
2022-09-02,159852,软件ETF,0.763,0.768,0.758,0.767,18791400.0,14356629.6,,,,
2022-09-05,159852,软件ETF,0.77,0.77,0.754,0.762,19817300.0,15140417.200000001,,,,
2022-09-06,159852,软件ETF,0.763,0.766,0.757,0.763,16716800.0,12742380.799999999,,,,
2022-09-07,159852,软件ETF,0.76,0.77,0.757,0.766,19597500.0,14957791.875000002,,,,
2022-09-08,159852,软件ETF,0.767,0.769,0.757,0.758,16572600.0,12640750.65,,,,
2022-09-09,159852,软件ETF,0.759,0.771,0.756,0.769,15998700.0,12219007.124999998,,,,
2022-09-13,159852,软件ETF,0.77,0.783,0.77,0.775,18089900.0,14010627.549999999,,,,
2022-09-14,159852,软件ETF,0.757,0.777,0.751,0.775,19325300.0,14783854.5,,,,
2022-09-15,159852,软件ETF,0.778,0.785,0.761,0.767,17285000.0,13356983.75,,,,
2022-09-16,159852,软件ETF,0.764,0.788,0.76,0.77,24994600.0,19258339.3,,,,
2022-09-19,159852,软件ETF,0.77,0.77,0.747,0.749,45046600.0,34190369.4,,,,
2022-09-20,159852,软件ETF,0.749,0.755,0.743,0.745,18393600.0,13758412.8,,,,
2022-09-21,159852,软件ETF,0.741,0.746,0.727,0.744,16623800.0,12293300.1,,,,
2022-09-22,159852,软件ETF,0.742,0.756,0.737,0.744,18304900.0,13632574.275,,,,
2022-09-23,159852,软件ETF,0.744,0.749,0.728,0.734,19138800.0,14138788.5,,,,
2022-09-26,159852,软件ETF,0.726,0.73,0.716,0.717,20505700.0,14810241.825000001,,,,
2022-09-27,159852,软件ETF,0.722,0.739,0.72,0.739,19771500.0,14433195.0,,,,
2022-09-28,159852,软件ETF,0.74,0.74,0.72,0.72,16330400.0,11921192.0,,,,
2022-09-29,159852,软件ETF,0.722,0.735,0.717,0.72,19407500.0,14041326.25,,,,
2022-09-30,159852,软件ETF,0.72,0.724,0.71,0.712,17515100.0,12549569.149999999,,,,
2022-10-10,159852,软件ETF,0.706,0.712,0.691,0.694,19070700.0,13363793.025,,,,
2022-10-11,159852,软件ETF,0.699,0.699,0.688,0.691,17635500.0,12243445.875,,,,
2022-10-12,159852,软件ETF,0.69,0.723,0.685,0.723,23250900.0,16397697.224999998,,,,
2022-10-13,159852,软件ETF,0.724,0.752,0.721,0.741,30140900.0,22138491.049999997,,,,
2022-10-14,159852,软件ETF,0.741,0.762,0.74,0.762,29481100.0,22147676.375,,,,
2022-10-17,159852,软件ETF,0.763,0.785,0.755,0.78,38054200.0,29330274.650000002,,,,
2022-10-18,159852,软件ETF,0.783,0.786,0.765,0.77,37047400.0,28748782.400000002,,,,
2022-10-19,159852,软件ETF,0.775,0.775,0.758,0.765,31019800.0,23830961.35,,,,
2022-10-20,159852,软件ETF,0.763,0.79,0.76,0.774,44545600.0,34378066.8,,,,
2022-10-21,159852,软件ETF,0.767,0.791,0.763,0.787,33549600.0,26068039.2,,,,
2022-10-24,159852,软件ETF,0.782,0.811,0.782,0.788,55714000.0,44055845.5,,,,
2022-10-25,159852,软件ETF,0.78,0.786,0.757,0.769,37512100.0,28996853.3,,,,
2022-10-26,159852,软件ETF,0.763,0.821,0.762,0.821,45000500.0,35629145.875,,,,
2022-10-27,159852,软件ETF,0.821,0.852,0.817,0.835,69171500.0,57498809.375,,,,
2022-10-28,159852,软件ETF,0.83,0.838,0.812,0.817,63387900.0,52247476.574999996,,,,
2022-10-31,159852,软件ETF,0.817,0.863,0.807,0.853,86210500.0,71985767.5,,,,
2022-11-01,159852,软件ETF,0.854,0.874,0.836,0.861,63440700.0,54321099.375,,,,
2022-11-02,159852,软件ETF,0.862,0.869,0.85,0.865,91163200.0,78537096.8,,,,
2022-11-03,159852,软件ETF,0.851,0.861,0.834,0.842,80461900.0,68151229.30000001,,,,
2022-11-04,159852,软件ETF,0.836,0.86,0.835,0.857,49225500.0,41693998.5,,,,
2022-11-07,159852,软件ETF,0.853,0.872,0.847,0.85,50375800.0,43096496.9,,,,
2022-11-08,159852,软件ETF,0.843,0.86,0.832,0.86,70787600.0,60080975.49999999,,,,
2022-11-09,159852,软件ETF,0.855,0.86,0.841,0.85,64849200.0,55219093.8,,,,
2022-11-10,159852,软件ETF,0.844,0.935,0.838,0.847,70305100.0,60884216.6,,,,
2022-11-11,159852,软件ETF,0.871,0.874,0.842,0.845,114340400.0,98104063.2,,,,
2022-11-14,159852,软件ETF,0.849,0.858,0.842,0.857,81787300.0,69641885.95,,,,
2022-11-15,159852,软件ETF,0.856,0.882,0.85,0.876,112975700.0,97836956.2,,,,
2022-11-16,159852,软件ETF,0.877,0.886,0.865,0.868,100866900.0,88157670.60000001,,,,
2022-11-17,159852,软件ETF,0.863,0.897,0.856,0.897,128507100.0,112861360.575,,,,
2022-11-18,159852,软件ETF,0.899,0.91,0.874,0.885,131112400.0,116952260.8,,,,
2022-11-21,159852,软件ETF,0.874,0.879,0.852,0.865,92594800.0,80325989.0,,,,
2022-11-22,159852,软件ETF,0.86,0.868,0.852,0.854,87896900.0,75459488.64999999,,,,
2022-11-23,159852,软件ETF,0.85,0.862,0.837,0.848,66807600.0,56736354.300000004,,,,
2022-11-24,159852,软件ETF,0.846,0.853,0.833,0.836,69524300.0,58539460.60000001,,,,
2022-11-25,159852,软件ETF,0.83,0.834,0.818,0.821,66774200.0,55138795.65,,,,
2022-11-28,159852,软件ETF,0.81,0.817,0.801,0.808,59375800.0,48035022.2,,,,
2022-11-29,159852,软件ETF,0.807,0.824,0.806,0.822,53858500.0,43881212.875,,,,
2022-11-30,159852,软件ETF,0.821,0.821,0.809,0.82,44636600.0,36501579.65,,,,
2022-12-01,159852,软件ETF,0.83,0.854,0.826,0.854,127913900.0,107575589.89999999,,,,
2022-12-02,159852,软件ETF,0.848,0.856,0.834,0.838,68151200.0,57519612.8,,,,
2022-12-05,159852,软件ETF,0.836,0.852,0.836,0.843,66283800.0,55794388.64999999,,,,
2022-12-06,159852,软件ETF,0.839,0.848,0.834,0.843,69682000.0,58602562.0,,,,
2022-12-07,159852,软件ETF,0.836,0.844,0.833,0.837,72123200.0,60403179.99999999,,,,
2022-12-08,159852,软件ETF,0.834,0.84,0.822,0.824,73410500.0,60930715.0,,,,
2022-12-09,159852,软件ETF,0.823,0.828,0.816,0.824,52552100.0,43237240.27499999,,,,
2022-12-12,159852,软件ETF,0.824,0.84,0.824,0.836,43018500.0,35748373.5,,,,
2022-12-13,159852,软件ETF,0.838,0.845,0.814,0.816,34840800.0,28856892.599999998,,,,
2022-12-14,159852,软件ETF,0.825,0.829,0.817,0.818,35891400.0,29511703.65,,,,
2022-12-15,159852,软件ETF,0.82,0.833,0.815,0.825,48289700.0,39754495.525,,,,
2022-12-16,159852,软件ETF,0.827,0.827,0.806,0.81,41082500.0,33584943.75,,,,
2022-12-19,159852,软件ETF,0.815,0.815,0.788,0.794,33672900.0,27039338.7,,,,
2022-12-20,159852,软件ETF,0.79,0.799,0.769,0.771,61624900.0,48206078.025,,,,
2022-12-21,159852,软件ETF,0.774,0.782,0.766,0.772,55246500.0,42733167.75000001,,,,
2022-12-22,159852,软件ETF,0.775,0.789,0.771,0.78,40699200.0,31694502.000000004,,,,
2022-12-23,159852,软件ETF,0.779,0.799,0.776,0.793,49847800.0,39217756.650000006,,,,
2022-12-26,159852,软件ETF,0.789,0.801,0.789,0.801,41281100.0,32818474.5,,,,
2022-12-27,159852,软件ETF,0.801,0.805,0.797,0.803,38818300.0,31112867.450000003,,,,
2022-12-28,159852,软件ETF,0.803,0.807,0.796,0.797,38381400.0,30733906.050000004,,,,
2022-12-29,159852,软件ETF,0.796,0.82,0.794,0.813,42248300.0,34041567.725,,,,
2022-12-30,159852,软件ETF,0.814,0.825,0.812,0.815,29329800.0,23947781.7,,,,
2023-01-03,159852,软件ETF,0.813,0.856,0.81,0.856,77910900.0,64958212.875,,,,
2023-01-04,159852,软件ETF,0.863,0.866,0.846,0.857,75070000.0,64410060.0,,,,
2023-01-05,159852,软件ETF,0.859,0.861,0.848,0.859,55311100.0,47387784.925,,,,
2023-01-06,159852,软件ETF,0.856,0.86,0.849,0.855,62599400.0,53522487.0,,,,
2023-01-09,159852,软件ETF,0.859,0.862,0.85,0.861,70687200.0,60649617.6,,,,
2023-01-10,159852,软件ETF,0.862,0.863,0.851,0.858,60169900.0,51655859.150000006,,,,
2023-01-11,159852,软件ETF,0.86,0.861,0.836,0.84,76141500.0,64663168.87499999,,,,
2023-01-12,159852,软件ETF,0.842,0.855,0.836,0.846,64425800.0,54423694.55,,,,
2023-01-13,159852,软件ETF,0.845,0.849,0.838,0.848,53142200.0,44905159.0,,,,
2023-01-16,159852,软件ETF,0.853,0.881,0.851,0.871,70642300.0,61034947.2,,,,
2023-01-17,159852,软件ETF,0.873,0.878,0.866,0.868,59161400.0,51544369.75000001,,,,
2023-01-18,159852,软件ETF,0.866,0.895,0.866,0.891,99822100.0,87793536.95,,,,
2023-01-19,159852,软件ETF,0.891,0.92,0.887,0.917,100640600.0,90953942.25,,,,
2023-01-20,159852,软件ETF,0.918,0.937,0.917,0.925,66015700.0,61015010.725,,,,
2023-01-30,159852,软件ETF,0.943,0.953,0.938,0.947,97202400.0,91880568.6,,,,
2023-01-31,159852,软件ETF,0.948,0.948,0.919,0.922,84599300.0,79036896.025,,,,
2023-02-01,159852,软件ETF,0.922,0.943,0.922,0.943,63676700.0,59378522.75,,,,
2023-02-02,159852,软件ETF,0.945,0.96,0.94,0.946,64760800.0,61377048.199999996,,,,
2023-02-03,159852,软件ETF,0.939,0.965,0.922,0.961,105923300.0,100282884.27499999,,,,
2023-02-06,159852,软件ETF,0.959,0.984,0.956,0.967,100159800.0,96804446.7,,,,
2023-02-07,159852,软件ETF,0.966,0.966,0.948,0.954,72861200.0,69837460.2,,,,
2023-02-08,159852,软件ETF,0.954,0.958,0.942,0.948,67273800.0,63943746.89999999,,,,
2023-02-09,159852,软件ETF,0.94,0.966,0.935,0.966,65795100.0,62620486.425,,,,
2023-02-10,159852,软件ETF,0.964,0.969,0.944,0.95,81998300.0,78451873.525,,,,
2023-02-13,159852,软件ETF,0.948,0.96,0.94,0.956,51212900.0,48703467.9,,,,
2023-02-14,159852,软件ETF,0.954,0.965,0.945,0.953,70356300.0,67137499.27499999,,,,
2023-02-15,159852,软件ETF,0.955,0.976,0.946,0.974,77378300.0,74495958.325,,,,
2023-02-16,159852,软件ETF,0.975,0.991,0.952,0.963,82258300.0,79811115.575,,,,
2023-02-17,159852,软件ETF,0.956,0.958,0.914,0.915,69077500.0,64639270.625,,,,
2023-02-20,159852,软件ETF,0.908,0.948,0.908,0.945,79349000.0,73576360.25,,,,
2023-02-21,159852,软件ETF,0.942,0.959,0.936,0.944,67804200.0,64091920.05,,,,
2023-02-22,159852,软件ETF,0.937,0.951,0.925,0.947,79313500.0,74554690.0,,,,
2023-02-23,159852,软件ETF,0.944,0.944,0.923,0.927,64272300.0,60062464.35,,,,
2023-02-24,159852,软件ETF,0.93,0.939,0.92,0.934,63681300.0,59271369.975,,,,
2023-02-27,159852,软件ETF,0.922,0.931,0.917,0.921,61022200.0,56308235.05,,,,
2023-02-28,159852,软件ETF,0.931,0.945,0.921,0.934,65918300.0,61485294.324999996,,,,
2023-03-01,159852,软件ETF,0.932,0.966,0.925,0.963,66282400.0,62736291.599999994,,,,
2023-03-02,159852,软件ETF,0.964,0.98,0.961,0.971,70410100.0,68227386.89999999,,,,
2023-03-03,159852,软件ETF,0.965,0.971,0.949,0.966,62450400.0,60124122.6,,,,
2023-03-06,159852,软件ETF,0.962,0.969,0.954,0.961,60322000.0,57999603.0,,,,
2023-03-07,159852,软件ETF,0.958,0.965,0.934,0.934,68499700.0,64920590.675,,,,
2023-03-08,159852,软件ETF,0.937,0.955,0.933,0.955,80437600.0,76013532.0,,,,
2023-03-09,159852,软件ETF,0.95,0.963,0.94,0.958,79558500.0,75799360.875,,,,
2023-03-10,159852,软件ETF,0.952,0.962,0.946,0.948,61561600.0,58606643.199999996,,,,
2023-03-13,159852,软件ETF,0.941,0.991,0.938,0.991,89705500.0,86588233.875,,,,
2023-03-14,159852,软件ETF,0.987,0.994,0.973,0.994,90869300.0,89687999.1,,,,
2023-03-15,159852,软件ETF,0.994,1.0,0.968,0.972,102176300.0,100490391.05,,,,
2023-03-16,159852,软件ETF,0.969,0.979,0.953,0.965,92928600.0,89815491.89999999,,,,
2023-03-17,159852,软件ETF,0.97,1.018,0.97,1.012,98270400.0,97533372.0,,,,
2023-03-20,159852,软件ETF,1.012,1.019,0.985,0.996,91788200.0,92063564.60000001,,,,
2023-03-21,159852,软件ETF,0.986,0.999,0.974,0.991,80386800.0,79381965.0,,,,
2023-03-22,159852,软件ETF,0.989,0.996,0.976,0.994,94845200.0,93778191.5,,,,
2023-03-23,159852,软件ETF,0.989,1.041,0.985,1.041,99769300.0,101166070.2,,,,
2023-03-24,159852,软件ETF,1.039,1.076,1.035,1.076,74963500.0,79198937.75,,,,
2023-03-27,159852,软件ETF,1.079,1.12,1.07,1.102,160849600.0,175768400.4,,,,
2023-03-28,159852,软件ETF,1.092,1.114,1.084,1.09,110390400.0,120877488.00000001,,,,
2023-03-29,159852,软件ETF,1.085,1.114,1.059,1.089,124624700.0,135435892.72500002,,,,
2023-03-30,159852,软件ETF,1.083,1.094,1.07,1.08,96333600.0,104208871.80000003,,,,
2023-03-31,159852,软件ETF,1.073,1.15,1.062,1.15,140241100.0,155492319.625,,,,
2023-04-03,159852,软件ETF,1.143,1.22,1.143,1.22,101904900.0,120400639.35,,,,
2023-04-04,159852,软件ETF,1.206,1.231,1.188,1.21,140450100.0,169769058.375,,,,
2023-04-06,159852,软件ETF,1.197,1.197,1.161,1.176,160358900.0,189664488.975,,,,
2023-04-07,159852,软件ETF,1.169,1.192,1.155,1.18,122749100.0,144107443.4,,,,
2023-04-10,159852,软件ETF,1.17,1.179,1.095,1.097,146532000.0,166350452.99999997,,,,
2023-04-11,159852,软件ETF,1.092,1.115,1.085,1.099,85045300.0,93358478.075,,,,
2023-04-12,159852,软件ETF,1.099,1.136,1.09,1.125,120829200.0,134422485.0,,,,
2023-04-13,159852,软件ETF,1.118,1.124,1.091,1.092,135024200.0,149370521.25,,,,
2023-04-14,159852,软件ETF,1.095,1.112,1.071,1.1,92640900.0,101395465.05,,,,
2023-04-17,159852,软件ETF,1.094,1.096,1.068,1.088,89505200.0,97247399.8,,,,
2023-04-18,159852,软件ETF,1.076,1.102,1.067,1.09,86128800.0,93342087.00000001,,,,
2023-04-19,159852,软件ETF,1.083,1.107,1.079,1.086,111861600.0,121789316.99999999,,,,
2023-04-20,159852,软件ETF,1.082,1.115,1.08,1.115,118238800.0,129826202.4,,,,
2023-04-21,159852,软件ETF,1.113,1.123,1.051,1.053,115254300.0,125050915.5,,,,
2023-04-24,159852,软件ETF,1.052,1.057,1.025,1.037,92160900.0,96100778.47499998,,,,
2023-04-25,159852,软件ETF,1.038,1.058,1.025,1.036,85981500.0,89356273.875,,,,
2023-04-26,159852,软件ETF,1.035,1.04,0.983,0.992,71368500.0,72260606.25,,,,
2023-04-27,159852,软件ETF,0.983,1.002,0.966,0.976,93080300.0,91381584.525,,,,
2023-04-28,159852,软件ETF,0.977,1.02,0.968,1.016,89074700.0,88651595.175,,,,
2023-05-04,159852,软件ETF,1.006,1.018,0.975,0.988,88577300.0,88289423.775,,,,
2023-05-05,159852,软件ETF,0.978,1.001,0.977,0.99,102921800.0,101532355.69999999,,,,
2023-05-08,159852,软件ETF,0.997,1.023,0.981,1.017,105421800.0,105896198.1,,,,
2023-05-09,159852,软件ETF,1.02,1.035,1.004,1.008,98381600.0,100029491.8,,,,
2023-05-10,159852,软件ETF,1.007,1.018,0.985,0.996,88625900.0,88758838.85000001,,,,
2023-05-11,159852,软件ETF,1.0,1.012,0.977,0.978,52341500.0,51909682.625,,,,
2023-05-12,159852,软件ETF,0.968,0.988,0.968,0.975,93392200.0,91034046.95,,,,
2023-05-15,159852,软件ETF,0.977,0.986,0.955,0.981,89228800.0,86975772.8,,,,
2023-05-16,159852,软件ETF,0.981,0.981,0.943,0.947,75386700.0,72597392.1,,,,
2023-05-17,159852,软件ETF,0.942,0.955,0.939,0.947,76030400.0,71905750.8,,,,
2023-05-18,159852,软件ETF,0.95,0.98,0.947,0.978,84704500.0,81633961.875,,,,
2023-05-19,159852,软件ETF,0.984,0.984,0.963,0.972,52084500.0,50821450.875,,,,
2023-05-22,159852,软件ETF,0.971,0.971,0.946,0.952,73724900.0,70775904.0,,,,
2023-05-23,159852,软件ETF,0.954,0.96,0.942,0.942,48653600.0,46196593.2,,,,
2023-05-24,159852,软件ETF,0.934,0.943,0.918,0.929,94580100.0,88054073.10000001,,,,
2023-05-25,159852,软件ETF,0.928,0.935,0.906,0.92,69167300.0,63789542.42500001,,,,
2023-05-26,159852,软件ETF,0.923,0.939,0.915,0.936,70987500.0,65894146.875,,,,
2023-05-29,159852,软件ETF,0.94,0.947,0.923,0.928,95628700.0,89365020.15,,,,
2023-05-30,159852,软件ETF,0.922,0.959,0.916,0.957,96234000.0,90315609.0,,,,
2023-05-31,159852,软件ETF,0.957,0.969,0.947,0.967,119790500.0,114998880.0,,,,
2023-06-01,159852,软件ETF,0.967,1.019,0.947,1.007,154419700.0,152103404.49999997,,,,
2023-06-02,159852,软件ETF,1.012,1.02,1.0,1.015,127003200.0,128495487.60000002,,,,
2023-06-05,159852,软件ETF,1.01,1.028,1.009,1.019,156203000.0,158780349.5,,,,
2023-06-06,159852,软件ETF,1.013,1.019,0.979,0.987,92060000.0,92013970.0,,,,
2023-06-07,159852,软件ETF,0.987,1.005,0.983,0.995,77164300.0,76585567.75,,,,
2023-06-08,159852,软件ETF,0.99,0.992,0.972,0.99,61591200.0,60728923.199999996,,,,
2023-06-09,159852,软件ETF,0.981,1.009,0.977,1.009,94715800.0,94147505.19999999,,,,
2023-06-12,159852,软件ETF,1.007,1.023,1.001,1.012,93405800.0,94409912.34999998,,,,
2023-06-13,159852,软件ETF,1.011,1.058,1.001,1.05,132799900.0,136783896.99999997,,,,
2023-06-14,159852,软件ETF,1.049,1.054,1.038,1.052,113812500.0,119303953.12500001,,,,
2023-06-15,159852,软件ETF,1.049,1.06,1.031,1.033,137928000.0,143893386.0,,,,
2023-06-16,159852,软件ETF,1.031,1.075,1.022,1.073,138380300.0,145333910.07500002,,,,
2023-06-19,159852,软件ETF,1.073,1.101,1.063,1.099,102852500.0,111492109.99999999,,,,
2023-06-20,159852,软件ETF,1.099,1.143,1.087,1.133,132351100.0,147637652.04999998,,,,
2023-06-21,159852,软件ETF,1.129,1.129,1.086,1.087,128951500.0,142846024.125,,,,
2023-06-26,159852,软件ETF,1.07,1.076,1.019,1.02,155636900.0,162835106.62499997,,,,
2023-06-27,159852,软件ETF,1.02,1.039,1.009,1.028,98896400.0,101269913.60000001,,,,
2023-06-28,159852,软件ETF,1.022,1.023,0.97,0.994,108920800.0,109165871.79999998,,,,
2023-06-29,159852,软件ETF,0.987,1.003,0.976,0.996,68606800.0,67955035.39999999,,,,
2023-06-30,159852,软件ETF,0.987,1.0,0.978,0.993,81113300.0,80261610.35000001,,,,
2023-07-03,159852,软件ETF,0.988,0.994,0.955,0.983,94480500.0,92590890.0,,,,
2023-07-04,159852,软件ETF,0.975,1.002,0.973,0.992,77708100.0,76581332.55,,,,
2023-07-05,159852,软件ETF,0.992,0.998,0.972,0.973,90016200.0,88553436.75,,,,
2023-07-06,159852,软件ETF,0.972,0.994,0.969,0.976,76271200.0,74574165.8,,,,
2023-07-07,159852,软件ETF,0.971,0.976,0.94,0.961,98890000.0,95132180.0,,,,
2023-07-10,159852,软件ETF,0.96,0.964,0.951,0.955,90031400.0,86205065.5,,,,
2023-07-11,159852,软件ETF,0.954,0.969,0.954,0.959,76146100.0,73024109.89999999,,,,
2023-07-12,159852,软件ETF,0.957,0.963,0.933,0.935,78776900.0,74601724.30000001,,,,
2023-07-13,159852,软件ETF,0.936,0.946,0.924,0.942,99919700.0,93624758.89999999,,,,
2023-07-14,159852,软件ETF,0.941,0.973,0.941,0.964,110758800.0,105746964.29999998,,,,
2023-07-17,159852,软件ETF,0.963,0.977,0.956,0.96,62781800.0,60521655.199999996,,,,
2023-07-18,159852,软件ETF,0.956,0.961,0.943,0.944,58510100.0,55643105.099999994,,,,
2023-07-19,159852,软件ETF,0.954,0.966,0.946,0.949,81212100.0,77456040.37499999,,,,
2023-07-20,159852,软件ETF,0.95,0.951,0.918,0.921,87603200.0,81908992.0,,,,
2023-07-21,159852,软件ETF,0.915,0.926,0.91,0.915,58286300.0,53419393.95,,,,
2023-07-24,159852,软件ETF,0.924,0.929,0.905,0.914,69612000.0,63903816.00000001,,,,
2023-07-25,159852,软件ETF,0.922,0.941,0.922,0.939,110280100.0,102670773.10000001,,,,
2023-07-26,159852,软件ETF,0.94,0.941,0.915,0.921,96011300.0,89218500.525,,,,
2023-07-27,159852,软件ETF,0.92,0.922,0.908,0.911,75077000.0,68714224.25,,,,
2023-07-28,159852,软件ETF,0.908,0.939,0.904,0.938,140274200.0,129367880.95,,,,
2023-07-31,159852,软件ETF,0.935,0.952,0.931,0.948,86482400.0,81423179.6,,,,
2023-08-01,159852,软件ETF,0.946,0.95,0.932,0.942,98904800.0,93217774.0,,,,
2023-08-02,159852,软件ETF,0.937,0.951,0.936,0.945,78986200.0,74424746.95,,,,
2023-08-03,159852,软件ETF,0.939,0.951,0.938,0.951,95696200.0,90408984.95,,,,
2023-08-04,159852,软件ETF,0.952,0.984,0.952,0.971,116716400.0,112602146.9,,,,
2023-08-07,159852,软件ETF,0.979,0.979,0.966,0.971,134499300.0,130968693.37499999,,,,
2023-08-08,159852,软件ETF,0.973,0.975,0.963,0.965,92190500.0,89332594.5,,,,
2023-08-09,159852,软件ETF,0.959,0.974,0.956,0.958,118683700.0,114144048.475,,,,
2023-08-10,159852,软件ETF,0.959,0.959,0.947,0.958,78527400.0,75052562.55,,,,
2023-08-11,159852,软件ETF,0.958,0.96,0.933,0.934,82556900.0,78119466.625,,,,
2023-08-14,159852,软件ETF,0.92,0.951,0.916,0.951,83624000.0,78146628.0,,,,
2023-08-15,159852,软件ETF,0.948,0.949,0.928,0.938,81330700.0,76511856.02499999,,,,
2023-08-16,159852,软件ETF,0.939,0.939,0.901,0.904,120045100.0,110531525.82499999,,,,
2023-08-17,159852,软件ETF,0.897,0.908,0.891,0.906,106732500.0,96112616.25,,,,
2023-08-18,159852,软件ETF,0.901,0.913,0.882,0.883,103040000.0,92195040.0,,,,
2023-08-21,159852,软件ETF,0.882,0.893,0.876,0.877,94284100.0,83158576.2,,,,
2023-08-22,159852,软件ETF,0.881,0.893,0.866,0.89,112765300.0,99515377.25,,,,
2023-08-23,159852,软件ETF,0.888,0.888,0.852,0.854,113709400.0,98984032.69999999,,,,
2023-08-24,159852,软件ETF,0.856,0.863,0.848,0.85,96838000.0,82723861.5,,,,
2023-08-25,159852,软件ETF,0.85,0.85,0.811,0.818,95545500.0,79517742.375,,,,
2023-08-28,159852,软件ETF,0.865,0.875,0.823,0.824,115421900.0,97733493.825,,,,
2023-08-29,159852,软件ETF,0.819,0.859,0.817,0.852,83050100.0,69492171.175,,,,
2023-08-30,159852,软件ETF,0.854,0.879,0.854,0.874,84355300.0,72988423.325,,,,
2023-08-31,159852,软件ETF,0.875,0.885,0.866,0.873,90755400.0,79388286.15,,,,
2023-09-01,159852,软件ETF,0.874,0.877,0.861,0.867,66922200.0,58205583.45,,,,
2023-09-04,159852,软件ETF,0.868,0.873,0.858,0.873,81369800.0,70628986.4,,,,
2023-09-05,159852,软件ETF,0.872,0.875,0.856,0.857,73283300.0,63390054.5,,,,
2023-09-06,159852,软件ETF,0.856,0.857,0.843,0.855,66694300.0,56873564.324999996,,,,
2023-09-07,159852,软件ETF,0.854,0.857,0.839,0.841,78102000.0,66210970.49999999,,,,
2023-09-08,159852,软件ETF,0.834,0.841,0.827,0.835,75955100.0,63365542.175,,,,
2023-09-11,159852,软件ETF,0.838,0.862,0.832,0.851,74990300.0,63423046.225,,,,
2023-09-12,159852,软件ETF,0.854,0.855,0.845,0.848,56960700.0,48445075.35,,,,
2023-09-13,159852,软件ETF,0.843,0.846,0.815,0.821,96051300.0,79842643.125,,,,
2023-09-14,159852,软件ETF,0.817,0.822,0.809,0.813,86852800.0,70806745.2,,,,
2023-09-15,159852,软件ETF,0.816,0.816,0.802,0.805,65109800.0,52722660.55,,,,
2023-09-18,159852,软件ETF,0.801,0.818,0.8,0.807,81806300.0,65976780.95,,,,
2023-09-19,159852,软件ETF,0.806,0.808,0.791,0.794,70292900.0,56216746.775000006,,,,
2023-09-20,159852,软件ETF,0.794,0.8,0.787,0.788,75291500.0,59649690.875,,,,
2023-09-21,159852,软件ETF,0.787,0.795,0.784,0.786,60545600.0,47709932.800000004,,,,
2023-09-22,159852,软件ETF,0.784,0.818,0.784,0.817,97031000.0,77697573.25,,,,
2023-09-25,159852,软件ETF,0.814,0.817,0.802,0.804,61239600.0,49558146.3,,,,
2023-09-26,159852,软件ETF,0.803,0.825,0.803,0.813,89704100.0,72750025.1,,,,
2023-09-27,159852,软件ETF,0.811,0.816,0.809,0.812,71933400.0,58409920.800000004,,,,
2023-09-28,159852,软件ETF,0.816,0.816,0.808,0.812,66318100.0,53916615.3,,,,
2023-10-09,159852,软件ETF,0.812,0.819,0.805,0.814,66049800.0,53665462.5,,,,
2023-10-10,159852,软件ETF,0.812,0.825,0.812,0.819,69698200.0,56943429.4,,,,
2023-10-11,159852,软件ETF,0.823,0.843,0.816,0.832,100372400.0,83158533.39999999,,,,
2023-10-12,159852,软件ETF,0.836,0.841,0.823,0.828,69399600.0,57740467.199999996,,,,
2023-10-13,159852,软件ETF,0.821,0.823,0.81,0.813,74890800.0,61167060.9,,,,
2023-10-16,159852,软件ETF,0.81,0.814,0.798,0.803,78542200.0,63324648.75,,,,
2023-10-17,159852,软件ETF,0.803,0.806,0.794,0.803,66882100.0,53606003.15,,,,
2023-10-18,159852,软件ETF,0.8,0.8,0.77,0.79,80191700.0,63351443.0,,,,
2023-10-19,159852,软件ETF,0.783,0.8,0.78,0.781,55545800.0,43658998.800000004,,,,
2023-10-20,159852,软件ETF,0.775,0.779,0.755,0.757,71274300.0,54631750.949999996,,,,
2023-10-23,159852,软件ETF,0.754,0.76,0.735,0.74,67734400.0,50614530.4,,,,
2023-10-24,159852,软件ETF,0.746,0.753,0.73,0.739,71284500.0,52893099.0,,,,
2023-10-25,159852,软件ETF,0.741,0.761,0.74,0.748,70116800.0,52412308.00000001,,,,
2023-10-26,159852,软件ETF,0.739,0.747,0.736,0.746,71518700.0,53066875.4,,,,
2023-10-27,159852,软件ETF,0.746,0.752,0.732,0.752,90765200.0,67665456.60000001,,,,
2023-10-30,159852,软件ETF,0.75,0.76,0.743,0.756,86287600.0,64909847.1,,,,
2023-10-31,159852,软件ETF,0.755,0.757,0.744,0.752,56707800.0,42644265.6,,,,
2023-11-01,159852,软件ETF,0.748,0.758,0.745,0.746,67769300.0,50776148.025,,,,
2023-11-02,159852,软件ETF,0.745,0.753,0.739,0.739,62358100.0,46394426.4,,,,
2023-11-03,159852,软件ETF,0.742,0.762,0.742,0.758,89550300.0,67252275.3,,,,
2023-11-06,159852,软件ETF,0.763,0.786,0.763,0.784,85638000.0,66283812.0,,,,
2023-11-07,159852,软件ETF,0.781,0.796,0.78,0.793,137904900.0,108600108.75000001,,,,
2023-11-08,159852,软件ETF,0.792,0.812,0.789,0.801,134924200.0,107736973.70000002,,,,
2023-11-09,159852,软件ETF,0.798,0.807,0.789,0.796,85402200.0,68108254.50000001,,,,
2023-11-10,159852,软件ETF,0.793,0.794,0.785,0.787,82098400.0,64837211.400000006,,,,
2023-11-13,159852,软件ETF,0.792,0.817,0.792,0.81,124965300.0,100315894.575,,,,
2023-11-14,159852,软件ETF,0.812,0.824,0.808,0.817,111703800.0,91066522.95,,,,
2023-11-15,159852,软件ETF,0.824,0.83,0.814,0.816,87559100.0,71886021.1,,,,
2023-11-16,159852,软件ETF,0.812,0.821,0.806,0.806,110695200.0,89801481.0,,,,
2023-11-17,159852,软件ETF,0.802,0.814,0.8,0.807,83554100.0,67323716.075,,,,
2023-11-20,159852,软件ETF,0.807,0.821,0.801,0.814,78556600.0,63689763.45,,,,
2023-11-21,159852,软件ETF,0.813,0.818,0.802,0.805,65269500.0,52835660.25,,,,
2023-11-22,159852,软件ETF,0.799,0.808,0.792,0.793,79947500.0,63798105.0,,,,
2023-11-23,159852,软件ETF,0.791,0.798,0.779,0.796,87116500.0,68909151.5,,,,
2023-11-24,159852,软件ETF,0.794,0.796,0.77,0.773,96379400.0,75489165.05000001,,,,
2023-11-27,159852,软件ETF,0.765,0.777,0.76,0.769,171745800.0,131857837.94999999,,,,
2023-11-28,159852,软件ETF,0.767,0.774,0.761,0.769,91479800.0,70233616.45,,,,
2023-11-29,159852,软件ETF,0.768,0.769,0.758,0.76,73140600.0,55861133.25,,,,
2023-11-30,159852,软件ETF,0.76,0.762,0.749,0.754,82960900.0,62739180.625,,,,
2023-12-01,159852,软件ETF,0.755,0.782,0.752,0.779,102235300.0,78414475.1,,,,
2023-12-04,159852,软件ETF,0.779,0.792,0.777,0.785,87814200.0,68780472.15,,,,
2023-12-05,159852,软件ETF,0.78,0.783,0.756,0.757,93958200.0,72253855.8,,,,
2023-12-06,159852,软件ETF,0.754,0.767,0.748,0.758,92917500.0,70315318.125,,,,
2023-12-07,159852,软件ETF,0.758,0.777,0.755,0.771,111001200.0,84943668.3,,,,
2023-12-08,159852,软件ETF,0.771,0.798,0.771,0.789,113826700.0,89040936.075,,,,
2023-12-11,159852,软件ETF,0.788,0.81,0.781,0.807,125377400.0,99863099.10000001,,,,
2023-12-12,159852,软件ETF,0.805,0.81,0.802,0.806,73777100.0,59445898.325,,,,
2023-12-13,159852,软件ETF,0.806,0.812,0.794,0.795,94497100.0,75763049.92500001,,,,
2023-12-14,159852,软件ETF,0.799,0.807,0.789,0.79,72812300.0,57976793.875,,,,
2023-12-15,159852,软件ETF,0.792,0.794,0.78,0.782,54464200.0,42863325.400000006,,,,
2023-12-18,159852,软件ETF,0.777,0.787,0.765,0.77,76196600.0,59033315.85,,,,
2023-12-19,159852,软件ETF,0.769,0.781,0.763,0.776,68497600.0,52897271.6,,,,
2023-12-20,159852,软件ETF,0.78,0.78,0.749,0.749,80647600.0,61655090.2,,,,
2023-12-21,159852,软件ETF,0.745,0.765,0.744,0.756,79303200.0,59675657.99999999,,,,
2023-12-22,159852,软件ETF,0.757,0.757,0.734,0.738,77926900.0,58172430.85,,,,
2023-12-25,159852,软件ETF,0.734,0.748,0.733,0.739,64727200.0,47801037.2,,,,
2023-12-26,159852,软件ETF,0.736,0.739,0.716,0.724,71235700.0,51913016.375,,,,
2023-12-27,159852,软件ETF,0.723,0.731,0.72,0.724,69540000.0,50381729.99999999,,,,
2023-12-28,159852,软件ETF,0.721,0.751,0.715,0.747,83346400.0,61134584.39999999,,,,
2023-12-29,159852,软件ETF,0.744,0.755,0.744,0.753,79590100.0,59612984.89999999,,,,
2024-01-02,159852,软件ETF,0.756,0.756,0.736,0.737,74933700.0,55919273.62499999,,,,
2024-01-03,159852,软件ETF,0.737,0.738,0.712,0.72,87979900.0,63939392.325,,,,
2024-01-04,159852,软件ETF,0.717,0.718,0.704,0.707,71223300.0,50675377.95,,,,
2024-01-05,159852,软件ETF,0.707,0.709,0.689,0.695,76726900.0,53708830.0,,,,
2024-01-08,159852,软件ETF,0.692,0.693,0.673,0.673,85357300.0,58277696.574999996,,,,
2024-01-09,159852,软件ETF,0.672,0.678,0.658,0.663,90035700.0,60121338.675,,,,
2024-01-10,159852,软件ETF,0.662,0.665,0.647,0.653,86131900.0,56567125.324999996,,,,
2024-01-11,159852,软件ETF,0.653,0.674,0.651,0.671,211940200.0,140357397.45,,,,
2024-01-12,159852,软件ETF,0.67,0.67,0.656,0.658,149287100.0,99051990.85000001,,,,
2024-01-15,159852,软件ETF,0.655,0.659,0.648,0.65,89032000.0,58137896.0,,,,
2024-01-16,159852,软件ETF,0.651,0.651,0.632,0.642,106286100.0,68448248.4,,,,
2024-01-17,159852,软件ETF,0.637,0.642,0.626,0.627,78433400.0,49648342.2,,,,
2024-01-18,159852,软件ETF,0.626,0.635,0.614,0.633,107197000.0,67212519.0,,,,
2024-01-19,159852,软件ETF,0.628,0.634,0.621,0.622,72556000.0,45438195.0,,,,
2024-01-22,159852,软件ETF,0.618,0.622,0.586,0.594,105821000.0,64021705.0,,,,
2024-01-23,159852,软件ETF,0.592,0.617,0.585,0.613,145432300.0,87513886.525,,,,
2024-01-24,159852,软件ETF,0.613,0.621,0.595,0.62,116732700.0,71469595.57499999,,,,
2024-01-25,159852,软件ETF,0.614,0.636,0.61,0.634,103019000.0,64232346.49999999,,,,
2024-01-26,159852,软件ETF,0.633,0.636,0.623,0.623,68119500.0,42830135.62499999,,,,
2024-01-29,159852,软件ETF,0.624,0.629,0.603,0.605,86456200.0,53192177.050000004,,,,
2024-01-30,159852,软件ETF,0.6,0.613,0.591,0.591,80082000.0,47949097.49999999,,,,
2024-01-31,159852,软件ETF,0.59,0.592,0.558,0.561,106863000.0,61472940.75000001,,,,
2024-02-01,159852,软件ETF,0.557,0.585,0.552,0.571,122868000.0,69574005.0,,,,
2024-02-02,159852,软件ETF,0.568,0.576,0.527,0.544,120522200.0,66739168.25000001,,,,
2024-02-05,159852,软件ETF,0.53,0.553,0.502,0.523,150292700.0,79204252.89999999,,,,
2024-02-06,159852,软件ETF,0.516,0.566,0.51,0.561,129191000.0,69537055.74999999,,,,
2024-02-07,159852,软件ETF,0.561,0.584,0.56,0.579,99009600.0,56534481.60000001,,,,
2024-02-08,159852,软件ETF,0.582,0.608,0.582,0.602,119448700.0,70892803.44999999,,,,
2024-02-19,159852,软件ETF,0.619,0.625,0.603,0.619,113498100.0,69971578.65,,,,
2024-02-20,159852,软件ETF,0.618,0.618,0.606,0.616,78099100.0,47991896.949999996,,,,
2024-02-21,159852,软件ETF,0.611,0.636,0.605,0.618,81200800.0,50141494.00000001,,,,
2024-02-22,159852,软件ETF,0.618,0.643,0.618,0.637,92757900.0,58344719.1,,,,
2024-02-23,159852,软件ETF,0.641,0.644,0.63,0.642,73710600.0,47119501.05,,,,
2024-02-26,159852,软件ETF,0.646,0.654,0.637,0.645,56796500.0,36662140.75,,,,
2024-02-27,159852,软件ETF,0.644,0.68,0.638,0.679,86541600.0,57139091.4,,,,
2024-02-28,159852,软件ETF,0.683,0.696,0.646,0.647,142886700.0,95448315.6,,,,
2024-02-29,159852,软件ETF,0.642,0.676,0.64,0.676,83671500.0,55097682.75000001,,,,
2024-03-01,159852,软件ETF,0.678,0.707,0.674,0.705,110717900.0,76506068.89999999,,,,
2024-03-04,159852,软件ETF,0.71,0.714,0.692,0.705,105263900.0,74237365.475,,,,
2024-03-05,159852,软件ETF,0.702,0.712,0.691,0.699,74509700.0,52231299.69999999,,,,
2024-03-06,159852,软件ETF,0.696,0.702,0.681,0.693,89083800.0,61735073.4,,,,
2024-03-07,159852,软件ETF,0.693,0.697,0.67,0.671,80662900.0,55072594.974999994,,,,
2024-03-08,159852,软件ETF,0.67,0.681,0.662,0.678,66862300.0,44981612.324999996,,,,
2024-03-11,159852,软件ETF,0.669,0.69,0.665,0.689,70742500.0,47981100.625,,,,
2024-03-12,159852,软件ETF,0.689,0.698,0.684,0.69,56211700.0,38800125.925000004,,,,
2024-03-13,159852,软件ETF,0.692,0.709,0.692,0.702,85149700.0,59498352.875,,,,
2024-03-14,159852,软件ETF,0.695,0.697,0.679,0.69,66418300.0,45845231.575,,,,
2024-03-15,159852,软件ETF,0.683,0.691,0.674,0.69,47673600.0,32632579.2,,,,
2024-03-18,159852,软件ETF,0.689,0.705,0.688,0.705,58717500.0,40911418.125,,,,
2024-03-19,159852,软件ETF,0.705,0.709,0.698,0.701,76374900.0,53710648.425,,,,
2024-03-20,159852,软件ETF,0.697,0.72,0.697,0.719,88598900.0,62750170.925000004,,,,
2024-03-21,159852,软件ETF,0.724,0.741,0.715,0.716,82950200.0,60055944.8,,,,
2024-03-22,159852,软件ETF,0.713,0.716,0.694,0.708,89765500.0,63531532.62499999,,,,
2024-03-25,159852,软件ETF,0.708,0.713,0.685,0.686,59927400.0,41829325.2,,,,
2024-03-26,159852,软件ETF,0.679,0.689,0.662,0.668,77102800.0,52005838.6,,,,
2024-03-27,159852,软件ETF,0.67,0.67,0.634,0.636,72101000.0,47045902.5,,,,
2024-03-28,159852,软件ETF,0.643,0.668,0.634,0.658,84709800.0,55124902.35,,,,
2024-03-29,159852,软件ETF,0.657,0.658,0.641,0.653,51442400.0,33553305.4,,,,
2024-04-01,159852,软件ETF,0.659,0.67,0.655,0.67,59110100.0,39219551.35,,,,
2024-04-02,159852,软件ETF,0.672,0.672,0.65,0.655,63787800.0,42243470.55,,,,
2024-04-03,159852,软件ETF,0.65,0.654,0.635,0.637,74445300.0,47942773.199999996,,,,
2024-04-08,159852,软件ETF,0.636,0.639,0.626,0.631,84799300.0,53677956.9,,,,
2024-04-09,159852,软件ETF,0.632,0.635,0.625,0.635,51252700.0,32378893.225,,,,
2024-04-10,159852,软件ETF,0.633,0.633,0.615,0.62,60969100.0,38120929.775000006,,,,
2024-04-11,159852,软件ETF,0.618,0.631,0.617,0.621,63019000.0,39182063.25,,,,
2024-04-12,159852,软件ETF,0.624,0.628,0.613,0.614,60023800.0,37199750.050000004,,,,
2024-04-15,159852,软件ETF,0.616,0.622,0.604,0.613,62527000.0,38375946.25,,,,
2024-04-16,159852,软件ETF,0.612,0.613,0.591,0.593,65010600.0,39152633.849999994,,,,
2024-04-17,159852,软件ETF,0.601,0.614,0.595,0.613,68551200.0,41524889.4,,,,
2024-04-18,159852,软件ETF,0.613,0.618,0.6,0.61,67800500.0,41375255.125,,,,
2024-04-19,159852,软件ETF,0.604,0.607,0.591,0.594,65180200.0,39042939.8,,,,
2024-04-22,159852,软件ETF,0.588,0.6,0.577,0.594,39795400.0,23469337.15,,,,
2024-04-23,159852,软件ETF,0.592,0.597,0.588,0.593,49560300.0,29364477.75,,,,
2024-04-24,159852,软件ETF,0.595,0.613,0.594,0.612,62073700.0,37461477.949999996,,,,
2024-04-25,159852,软件ETF,0.606,0.611,0.601,0.604,49287800.0,29843762.899999995,,,,
2024-04-26,159852,软件ETF,0.607,0.627,0.603,0.626,67421700.0,41514911.775,,,,
2024-04-29,159852,软件ETF,0.623,0.648,0.623,0.643,73337900.0,46514563.074999996,,,,
2024-04-30,159852,软件ETF,0.645,0.645,0.627,0.632,59111400.0,37668739.650000006,,,,
2024-05-06,159852,软件ETF,0.642,0.653,0.638,0.64,65857100.0,42362579.574999996,,,,
2024-05-07,159852,软件ETF,0.638,0.649,0.634,0.639,62723300.0,40142912.0,,,,
2024-05-08,159852,软件ETF,0.634,0.634,0.618,0.621,63940800.0,40074896.39999999,,,,
2024-05-09,159852,软件ETF,0.621,0.629,0.619,0.628,54867900.0,34251286.574999996,,,,
2024-05-10,159852,软件ETF,0.628,0.631,0.617,0.62,44546600.0,27797078.4,,,,
2024-05-13,159852,软件ETF,0.616,0.619,0.606,0.612,48202900.0,29560428.424999997,,,,
2024-05-14,159852,软件ETF,0.614,0.618,0.605,0.609,54507100.0,33331091.649999995,,,,
2024-05-15,159852,软件ETF,0.607,0.607,0.6,0.6,39763900.0,23997513.65,,,,
2024-05-16,159852,软件ETF,0.603,0.61,0.599,0.603,80189600.0,48414471.0,,,,
2024-05-17,159852,软件ETF,0.602,0.615,0.598,0.615,81609300.0,49577649.75,,,,
2024-05-20,159852,软件ETF,0.614,0.627,0.609,0.622,66748800.0,41250758.4,,,,
2024-05-21,159852,软件ETF,0.62,0.623,0.614,0.616,57374600.0,35471846.449999996,,,,
2024-05-22,159852,软件ETF,0.616,0.622,0.611,0.621,55936600.0,34540850.5,,,,
2024-05-23,159852,软件ETF,0.621,0.623,0.603,0.604,67536900.0,41383235.475,,,,
2024-05-24,159852,软件ETF,0.601,0.607,0.589,0.59,60356700.0,36017860.724999994,,,,
2024-05-27,159852,软件ETF,0.59,0.595,0.581,0.595,53745500.0,31723281.374999996,,,,
2024-05-28,159852,软件ETF,0.592,0.594,0.585,0.586,43164400.0,25434622.7,,,,
2024-05-29,159852,软件ETF,0.586,0.593,0.582,0.585,37462900.0,21971990.849999998,,,,
2024-05-30,159852,软件ETF,0.584,0.59,0.577,0.586,50199100.0,29328824.174999997,,,,
2024-05-31,159852,软件ETF,0.587,0.597,0.586,0.594,59841500.0,35366326.5,,,,
2024-06-03,159852,软件ETF,0.59,0.594,0.583,0.589,49445400.0,29123340.599999998,,,,
2024-06-04,159852,软件ETF,0.589,0.591,0.581,0.59,334620700.0,196673316.425,,,,
2024-06-05,159852,软件ETF,0.59,0.598,0.588,0.592,115475900.0,68361732.8,,,,
2024-06-06,159852,软件ETF,0.594,0.595,0.576,0.578,136996500.0,80245699.875,,,,
2024-06-07,159852,软件ETF,0.58,0.583,0.569,0.574,83168200.0,47946467.300000004,,,,
2024-06-11,159852,软件ETF,0.573,0.584,0.566,0.583,82100000.0,47330649.99999999,,,,
2024-06-12,159852,软件ETF,0.583,0.591,0.58,0.586,76699900.0,44869441.5,,,,
2024-06-13,159852,软件ETF,0.588,0.59,0.581,0.588,64913400.0,38087937.45,,,,
2024-06-14,159852,软件ETF,0.584,0.593,0.58,0.591,80111200.0,47025274.4,,,,
2024-06-17,159852,软件ETF,0.588,0.591,0.583,0.588,60287000.0,35418612.49999999,,,,
2024-06-18,159852,软件ETF,0.589,0.597,0.585,0.596,84188800.0,49818722.4,,,,
2024-06-19,159852,软件ETF,0.597,0.597,0.586,0.587,73961600.0,43766776.8,,,,
2024-06-20,159852,软件ETF,0.586,0.586,0.57,0.572,111358200.0,64420718.69999999,,,,
2024-06-21,159852,软件ETF,0.568,0.575,0.564,0.574,60200000.0,34329049.99999999,,,,
2024-06-24,159852,软件ETF,0.571,0.571,0.556,0.557,72767800.0,41022847.25,,,,
2024-06-25,159852,软件ETF,0.557,0.56,0.538,0.544,92929100.0,51087772.724999994,,,,
2024-06-26,159852,软件ETF,0.544,0.573,0.542,0.571,133737900.0,74558879.25,,,,
2024-06-27,159852,软件ETF,0.567,0.568,0.557,0.559,80801800.0,45471212.949999996,,,,
2024-06-28,159852,软件ETF,0.557,0.564,0.546,0.549,98139100.0,54369061.400000006,,,,
2024-07-01,159852,软件ETF,0.547,0.549,0.536,0.543,95461900.0,51907408.12500001,,,,
2024-07-02,159852,软件ETF,0.542,0.552,0.541,0.542,68991900.0,37548841.575,,,,
2024-07-03,159852,软件ETF,0.541,0.542,0.528,0.53,93641700.0,50121719.925,,,,
2024-07-04,159852,软件ETF,0.53,0.534,0.517,0.517,66497800.0,34878096.1,,,,
2024-07-05,159852,软件ETF,0.515,0.525,0.511,0.521,80456500.0,41676467.0,,,,
2024-07-08,159852,软件ETF,0.518,0.518,0.501,0.503,75910500.0,38714355.0,,,,
2024-07-09,159852,软件ETF,0.503,0.512,0.496,0.51,88368800.0,44648336.199999996,,,,
2024-07-10,159852,软件ETF,0.507,0.518,0.504,0.509,80078000.0,40799741.00000001,,,,
2024-07-11,159852,软件ETF,0.517,0.525,0.514,0.522,80710300.0,41929000.85000001,,,,
2024-07-12,159852,软件ETF,0.521,0.521,0.514,0.517,100459500.0,52063135.87500001,,,,
2024-07-15,159852,软件ETF,0.516,0.516,0.505,0.507,58558300.0,29923291.3,,,,
2024-07-16,159852,软件ETF,0.505,0.519,0.502,0.518,67921700.0,34707988.70000001,,,,
2024-07-17,159852,软件ETF,0.518,0.523,0.514,0.515,73969200.0,38279061.00000001,,,,
2024-07-18,159852,软件ETF,0.51,0.517,0.502,0.514,113249100.0,57841977.825,,,,
2024-07-19,159852,软件ETF,0.511,0.526,0.509,0.525,111175500.0,57561115.12500001,,,,
2024-07-22,159852,软件ETF,0.537,0.54,0.529,0.535,161374200.0,86375540.55,,,,
2024-07-23,159852,软件ETF,0.53,0.533,0.517,0.519,113701800.0,59665019.54999999,,,,
2024-07-24,159852,软件ETF,0.515,0.52,0.507,0.509,76391300.0,39169639.075,,,,
2024-07-25,159852,软件ETF,0.507,0.518,0.505,0.511,74014000.0,37765643.5,,,,
2024-07-26,159852,软件ETF,0.511,0.519,0.51,0.515,64029500.0,32895155.624999996,,,,
2024-07-29,159852,软件ETF,0.517,0.517,0.51,0.514,62092500.0,31946591.249999996,,,,
2024-07-30,159852,软件ETF,0.512,0.519,0.509,0.516,76583300.0,39363816.2,,,,
2024-07-31,159852,软件ETF,0.515,0.541,0.514,0.54,129194600.0,68150151.50000001,,,,
2024-08-01,159852,软件ETF,0.537,0.542,0.53,0.535,89081600.0,47747737.6,,,,
2024-08-02,159852,软件ETF,0.53,0.538,0.524,0.526,96464900.0,51078164.550000004,,,,
2024-08-05,159852,软件ETF,0.522,0.531,0.511,0.511,102023600.0,52924742.50000001,,,,
2024-08-06,159852,软件ETF,0.516,0.52,0.508,0.515,102861800.0,52948111.550000004,,,,
2024-08-07,159852,软件ETF,0.514,0.517,0.51,0.512,92101500.0,47271094.875,,,,
2024-08-08,159852,软件ETF,0.51,0.514,0.5,0.507,96352500.0,48922981.87499999,,,,
2024-08-09,159852,软件ETF,0.509,0.513,0.504,0.505,90135100.0,45766097.025000006,,,,
2024-08-12,159852,软件ETF,0.504,0.505,0.494,0.497,95046300.0,47523149.99999999,,,,
2024-08-13,159852,软件ETF,0.498,0.499,0.491,0.498,74925700.0,37200610.050000004,,,,
2024-08-14,159852,软件ETF,0.498,0.501,0.494,0.495,55891200.0,27777926.4,,,,
2024-08-15,159852,软件ETF,0.494,0.506,0.492,0.501,127572400.0,63562948.3,,,,
2024-08-16,159852,软件ETF,0.501,0.501,0.496,0.496,74974700.0,37374887.95,,,,
2024-08-19,159852,软件ETF,0.494,0.506,0.494,0.5,82121100.0,40937368.35,,,,
2024-08-20,159852,软件ETF,0.497,0.499,0.486,0.488,94690100.0,46634874.25,,,,
2024-08-21,159852,软件ETF,0.487,0.491,0.484,0.485,65262000.0,31766278.5,,,,
2024-08-22,159852,软件ETF,0.486,0.492,0.474,0.474,119565800.0,57570932.699999996,,,,
2024-08-23,159852,软件ETF,0.475,0.487,0.475,0.484,126488500.0,60746102.12499999,,,,
2024-08-26,159852,软件ETF,0.484,0.488,0.482,0.483,65901700.0,31912898.225,,,,
2024-08-27,159852,软件ETF,0.481,0.485,0.473,0.475,66866900.0,31995811.649999995,,,,
2024-08-28,159852,软件ETF,0.474,0.477,0.467,0.474,74366100.0,35175165.3,,,,
2024-08-29,159852,软件ETF,0.473,0.485,0.472,0.483,76616200.0,36641697.65,,,,
2024-08-30,159852,软件ETF,0.481,0.503,0.481,0.497,164556200.0,80714816.1,,,,
2024-09-02,159852,软件ETF,0.495,0.495,0.478,0.478,109941000.0,53486296.5,,,,
2024-09-03,159852,软件ETF,0.478,0.489,0.478,0.488,127036900.0,61390581.925000004,,,,
2024-09-04,159852,软件ETF,0.485,0.492,0.484,0.486,70539900.0,34335296.325,,,,
2024-09-05,159852,软件ETF,0.487,0.495,0.487,0.491,73876400.0,36199436.0,,,,
2024-09-06,159852,软件ETF,0.49,0.493,0.481,0.482,74421200.0,36205913.8,,,,
2024-09-09,159852,软件ETF,0.481,0.484,0.475,0.477,64132400.0,30735452.699999996,,,,
2024-09-10,159852,软件ETF,0.479,0.493,0.471,0.49,109894000.0,53106275.49999999,,,,
2024-09-11,159852,软件ETF,0.488,0.494,0.486,0.492,90482600.0,44336474.0,,,,
2024-09-12,159852,软件ETF,0.492,0.499,0.49,0.49,83215300.0,41004339.074999996,,,,
2024-09-13,159852,软件ETF,0.491,0.492,0.484,0.485,78060800.0,38093670.4,,,,
2024-09-18,159852,软件ETF,0.485,0.489,0.478,0.488,62372500.0,30250662.5,,,,
2024-09-19,159852,软件ETF,0.49,0.502,0.483,0.498,128692500.0,63477575.62499999,,,,
2024-09-20,159852,软件ETF,0.498,0.506,0.497,0.502,221937600.0,111135253.2,,,,
2024-09-23,159852,软件ETF,0.504,0.513,0.503,0.507,138994600.0,70435513.55000001,,,,
2024-09-24,159852,软件ETF,0.508,0.523,0.499,0.523,148128000.0,76026696.00000001,,,,
2024-09-25,159852,软件ETF,0.527,0.545,0.527,0.53,173357100.0,92269316.475,,,,
2024-09-26,159852,软件ETF,0.528,0.558,0.526,0.558,191729500.0,104013253.75,,,,
2024-09-27,159852,软件ETF,0.574,0.614,0.57,0.614,203401100.0,120616852.3,,,,
2024-09-30,159852,软件ETF,0.675,0.675,0.656,0.675,166311700.0,111470416.92500003,,,,
2024-10-08,159852,软件ETF,0.743,0.743,0.743,0.743,43737000.0,32496591.0,,,,
2024-10-09,159852,软件ETF,0.8,0.817,0.758,0.775,640565800.0,504445567.50000006,,,,
2024-10-10,159852,软件ETF,0.776,0.783,0.704,0.708,286989800.0,213161673.95000002,,,,
2024-10-11,159852,软件ETF,0.688,0.703,0.67,0.684,220182000.0,151099897.49999997,,,,
2024-10-14,159852,软件ETF,0.685,0.734,0.663,0.734,405438400.0,285428633.59999996,,,,
2024-10-15,159852,软件ETF,0.73,0.756,0.681,0.71,495073900.0,356081902.575,,,,
2024-10-16,159852,软件ETF,0.683,0.721,0.683,0.708,240365900.0,167955672.625,,,,
2024-10-17,159852,软件ETF,0.72,0.746,0.713,0.726,338582700.0,245895685.87500003,,,,
2024-10-18,159852,软件ETF,0.715,0.799,0.703,0.763,428088900.0,318926230.5,,,,
2024-10-21,159852,软件ETF,0.761,0.795,0.752,0.776,361635100.0,278820662.09999996,,,,
2024-10-22,159852,软件ETF,0.773,0.773,0.745,0.76,231214500.0,176358859.875,,,,
2024-10-23,159852,软件ETF,0.761,0.774,0.748,0.751,266051700.0,201800214.45,,,,
2024-10-24,159852,软件ETF,0.743,0.748,0.738,0.747,132630200.0,98676868.8,,,,
2024-10-25,159852,软件ETF,0.747,0.76,0.739,0.749,145857600.0,109210878.0,,,,
2024-10-28,159852,软件ETF,0.747,0.76,0.743,0.758,105883600.0,79624467.19999999,,,,
2024-10-29,159852,软件ETF,0.759,0.776,0.754,0.755,163801800.0,124653169.8,,,,
2024-10-30,159852,软件ETF,0.747,0.779,0.743,0.775,206509900.0,157154033.9,,,,
2024-10-31,159852,软件ETF,0.776,0.801,0.764,0.779,235174500.0,183436110.0,,,,
2024-11-01,159852,软件ETF,0.767,0.776,0.732,0.736,184074200.0,138561854.05,,,,
2024-11-04,159852,软件ETF,0.732,0.751,0.724,0.75,95595700.0,70669121.225,,,,
2024-11-05,159852,软件ETF,0.75,0.814,0.747,0.813,258076300.0,201557590.29999998,,,,
2024-11-06,159852,软件ETF,0.812,0.846,0.804,0.817,238251600.0,195306749.1,,,,
2024-11-07,159852,软件ETF,0.801,0.859,0.797,0.856,251307500.0,208145436.875,,,,
2024-11-08,159852,软件ETF,0.873,0.885,0.856,0.862,261567200.0,227301896.8,,,,
2024-11-11,159852,软件ETF,0.856,0.903,0.854,0.903,248479400.0,218413392.6,,,,
2024-11-12,159852,软件ETF,0.91,0.91,0.873,0.887,183128700.0,163900186.5,,,,
2024-11-13,159852,软件ETF,0.88,0.906,0.87,0.905,222106800.0,197730578.70000002,,,,
2024-11-14,159852,软件ETF,0.9,0.908,0.868,0.871,188188600.0,166876241.04999998,,,,
2024-11-15,159852,软件ETF,0.865,0.89,0.836,0.838,219645700.0,188291276.325,,,,
2024-11-18,159852,软件ETF,0.84,0.846,0.787,0.794,246883700.0,201642261.975,,,,
2024-11-19,159852,软件ETF,0.794,0.813,0.774,0.813,259587100.0,207280299.35,,,,
2024-11-20,159852,软件ETF,0.804,0.833,0.801,0.826,209402300.0,170872276.8,,,,
2024-11-21,159852,软件ETF,0.823,0.857,0.816,0.845,214701600.0,179329511.39999998,,,,
2024-11-22,159852,软件ETF,0.841,0.865,0.816,0.819,172015000.0,143675528.75,,,,
2024-11-25,159852,软件ETF,0.82,0.828,0.79,0.816,197059700.0,160308065.95,,,,
2024-11-26,159852,软件ETF,0.808,0.822,0.795,0.795,125425300.0,100967366.5,,,,
2024-11-27,159852,软件ETF,0.792,0.826,0.778,0.826,158674200.0,127812068.1,,,,
2024-11-28,159852,软件ETF,0.827,0.836,0.811,0.813,153519900.0,126154977.825,,,,
2024-11-29,159852,软件ETF,0.808,0.856,0.808,0.842,207652000.0,172039682.0,,,,
2024-12-02,159852,软件ETF,0.837,0.851,0.831,0.847,170301000.0,143308291.5,,,,
2024-12-03,159852,软件ETF,0.847,0.849,0.827,0.837,187284600.0,157319064.0,,,,
2024-12-04,159852,软件ETF,0.839,0.842,0.82,0.825,144314600.0,119997589.89999999,,,,
2024-12-05,159852,软件ETF,0.825,0.851,0.824,0.845,200823500.0,167938651.875,,,,
2024-12-06,159852,软件ETF,0.848,0.862,0.833,0.846,180550600.0,152971495.85000002,,,,
2024-12-09,159852,软件ETF,0.847,0.862,0.832,0.846,165723300.0,140326204.275,,,,
2024-12-10,159852,软件ETF,0.88,0.886,0.857,0.859,230484300.0,200636583.15,,,,
2024-12-11,159852,软件ETF,0.853,0.861,0.846,0.859,113903100.0,97358674.725,,,,
2024-12-12,159852,软件ETF,0.86,0.86,0.843,0.859,107893300.0,92302718.14999999,,,,
2024-12-13,159852,软件ETF,0.852,0.855,0.833,0.834,114172700.0,96304672.44999999,,,,
2024-12-16,159852,软件ETF,0.834,0.836,0.811,0.816,120859400.0,99618360.44999999,,,,
2024-12-17,159852,软件ETF,0.813,0.82,0.801,0.803,103743100.0,83954103.675,,,,
2024-12-18,159852,软件ETF,0.806,0.818,0.796,0.812,121202000.0,97931216.0,,,,
2024-12-19,159852,软件ETF,0.805,0.828,0.8,0.825,93824800.0,76420299.6,,,,
2024-12-20,159852,软件ETF,0.823,0.839,0.817,0.829,125686300.0,103942570.1,,,,
2024-12-23,159852,软件ETF,0.829,0.829,0.801,0.804,122820800.0,100191067.6,,,,
2024-12-24,159852,软件ETF,0.806,0.809,0.792,0.808,128680100.0,103426630.375,,,,
2024-12-25,159852,软件ETF,0.807,0.807,0.792,0.8,115989500.0,92965584.25000001,,,,
2024-12-26,159852,软件ETF,0.8,0.821,0.8,0.814,129469000.0,104708053.74999999,,,,
2024-12-27,159852,软件ETF,0.811,0.831,0.807,0.813,131813900.0,107494235.45,,,,
2024-12-30,159852,软件ETF,0.813,0.815,0.797,0.809,101975500.0,82447191.75,,,,
2024-12-31,159852,软件ETF,0.809,0.811,0.769,0.771,185964600.0,146912034.0,,,,
2025-01-02,159852,软件ETF,0.767,0.768,0.721,0.733,163048500.0,121837991.625,,,,
2025-01-03,159852,软件ETF,0.731,0.734,0.7,0.701,189617200.0,135860723.79999998,,,,
2025-01-06,159852,软件ETF,0.696,0.708,0.69,0.696,161743700.0,112816230.74999999,,,,
2025-01-07,159852,软件ETF,0.697,0.709,0.696,0.708,165012300.0,115921140.74999999,,,,
2025-01-08,159852,软件ETF,0.706,0.71,0.679,0.703,154946000.0,108384727.0,,,,
2025-01-09,159852,软件ETF,0.695,0.715,0.695,0.708,120779300.0,84938042.725,,,,
2025-01-10,159852,软件ETF,0.707,0.718,0.692,0.694,116355300.0,81768687.075,,,,
2025-01-13,159852,软件ETF,0.684,0.704,0.68,0.7,128285600.0,88773635.2,,,,
2025-01-14,159852,软件ETF,0.702,0.745,0.7,0.745,248909600.0,179961640.8,,,,
2025-01-15,159852,软件ETF,0.742,0.742,0.729,0.733,187650300.0,138204445.95000002,,,,
2025-01-16,159852,软件ETF,0.738,0.762,0.732,0.74,189944400.0,141128689.20000002,,,,
2025-01-17,159852,软件ETF,0.733,0.747,0.731,0.74,123087200.0,90807581.79999998,,,,
2025-01-20,159852,软件ETF,0.746,0.749,0.736,0.74,112700600.0,83708370.65,,,,
2025-01-21,159852,软件ETF,0.744,0.747,0.735,0.746,93590800.0,69537964.4,,,,
2025-01-22,159852,软件ETF,0.744,0.745,0.736,0.741,76366600.0,56625833.900000006,,,,
2025-01-23,159852,软件ETF,0.749,0.77,0.74,0.741,130537100.0,97902825.0,,,,
2025-01-24,159852,软件ETF,0.736,0.77,0.736,0.77,168131300.0,126602868.89999998,,,,
2025-01-27,159852,软件ETF,0.786,0.787,0.758,0.759,233896100.0,180684737.25,,,,
2025-02-05,159852,软件ETF,0.799,0.832,0.793,0.827,401258500.0,326122845.875,,,,
2025-02-06,159852,软件ETF,0.821,0.852,0.811,0.85,439964200.0,366710160.7,,,,
2025-02-07,159852,软件ETF,0.848,0.9,0.846,0.881,565590300.0,491356573.125,,,,
2025-02-10,159852,软件ETF,0.892,0.913,0.888,0.913,462017500.0,416508776.25,,,,
2025-02-11,159852,软件ETF,0.903,0.913,0.89,0.894,538109300.0,484298370.0,,,,
2025-02-12,159852,软件ETF,0.89,0.929,0.89,0.927,434475100.0,394937865.90000004,,,,
2025-02-13,159852,软件ETF,0.925,0.93,0.905,0.909,492682900.0,451913390.02500004,,,,
2025-02-14,159852,软件ETF,0.902,0.95,0.901,0.948,580910700.0,537487625.175,,,,
2025-02-17,159852,软件ETF,0.966,0.974,0.935,0.944,521158700.0,497576268.825,,,,
2025-02-18,159852,软件ETF,0.932,0.949,0.907,0.911,498491500.0,460980014.625,,,,
2025-02-19,159852,软件ETF,0.911,0.94,0.903,0.937,584452200.0,539303267.5500001,,,,
2025-02-20,159852,软件ETF,0.934,0.942,0.921,0.936,331436800.0,309313393.6,,,,
2025-02-21,159852,软件ETF,0.943,0.985,0.928,0.98,451014700.0,432523097.3,,,,
2025-02-24,159852,软件ETF,0.979,0.998,0.966,0.983,441946900.0,433770882.35,,,,
2025-02-25,159852,软件ETF,0.951,0.98,0.948,0.956,382443100.0,366667322.125,,,,
2025-02-26,159852,软件ETF,0.956,0.964,0.943,0.958,352333200.0,336566289.3,,,,
2025-02-27,159852,软件ETF,0.956,0.961,0.914,0.931,413059800.0,388482741.9,,,,
2025-02-28,159852,软件ETF,0.922,0.928,0.877,0.88,328351600.0,296091055.3,,,,
2025-03-03,159852,软件ETF,0.89,0.906,0.875,0.889,311730300.0,277439967.0,,,,
2025-03-04,159852,软件ETF,0.878,0.902,0.876,0.901,264533600.0,235236503.79999998,,,,
2025-03-05,159852,软件ETF,0.901,0.918,0.895,0.914,275753100.0,250108061.70000002,,,,
2025-03-06,159852,软件ETF,0.935,0.972,0.929,0.966,562958000.0,535091579.00000006,,,,
2025-03-07,159852,软件ETF,0.962,0.968,0.938,0.947,651131700.0,621016858.8749999,,,,
2025-03-10,159852,软件ETF,0.946,0.948,0.917,0.925,366970100.0,342750073.4,,,,
2025-03-11,159852,软件ETF,0.905,0.924,0.905,0.923,227072300.0,207600850.275,,,,
2025-03-12,159852,软件ETF,0.932,0.939,0.92,0.921,252280200.0,234116025.60000002,,,,
2025-03-13,159852,软件ETF,0.916,0.921,0.896,0.902,433495000.0,393938581.25,,,,
2025-03-14,159852,软件ETF,0.9,0.924,0.895,0.921,266117500.0,242166925.0,,,,
2025-03-17,159852,软件ETF,0.925,0.926,0.915,0.917,172543600.0,158869519.70000002,,,,
2025-03-18,159852,软件ETF,0.923,0.93,0.912,0.918,187934300.0,173040506.72500002,,,,
2025-03-19,159852,软件ETF,0.912,0.914,0.898,0.902,251292200.0,227796379.3,,,,
2025-03-20,159852,软件ETF,0.901,0.904,0.887,0.889,220618400.0,197508622.6,,,,
2025-03-21,159852,软件ETF,0.884,0.884,0.855,0.855,238105400.0,207032645.29999998,,,,
2025-03-24,159852,软件ETF,0.856,0.858,0.832,0.851,252183700.0,214167007.225,,,,
2025-03-25,159852,软件ETF,0.85,0.852,0.832,0.836,229493300.0,193348105.24999997,,,,
2025-03-26,159852,软件ETF,0.834,0.843,0.831,0.835,152466200.0,127423626.65,,,,
2025-03-27,159852,软件ETF,0.834,0.845,0.825,0.836,223170200.0,186347117.0,,,,
2025-03-28,159852,软件ETF,0.837,0.843,0.829,0.83,191020100.0,159454028.47499996,,,,
2025-03-31,159852,软件ETF,0.821,0.827,0.804,0.823,312438600.0,255809103.75000003,,,,
2025-04-01,159852,软件ETF,0.825,0.83,0.813,0.814,257908800.0,211614170.4,,,,
2025-04-02,159852,软件ETF,0.812,0.824,0.812,0.818,194499200.0,158808596.8,,,,
2025-04-03,159852,软件ETF,0.807,0.827,0.806,0.817,278490300.0,226760726.775,,,,
2025-04-07,159852,软件ETF,0.786,0.786,0.735,0.735,245205200.0,186478554.6,,,,
2025-04-08,159852,软件ETF,0.732,0.746,0.712,0.733,415605200.0,303703499.9,,,,
2025-04-09,159852,软件ETF,0.718,0.766,0.706,0.76,366370200.0,270198022.5,,,,
2025-04-10,159852,软件ETF,0.776,0.79,0.766,0.766,356472100.0,276087641.45,,,,
2025-04-11,159852,软件ETF,0.76,0.783,0.758,0.776,211275500.0,162523678.375,,,,
2025-04-14,159852,软件ETF,0.788,0.788,0.774,0.777,212519100.0,166136806.42499998,,,,
2025-04-15,159852,软件ETF,0.777,0.777,0.763,0.768,161550900.0,124596131.625,,,,
2025-04-16,159852,软件ETF,0.767,0.77,0.752,0.762,164848400.0,125738117.10000001,,,,
2025-04-17,159852,软件ETF,0.758,0.779,0.757,0.771,187726100.0,143845124.125,,,,
2025-04-18,159852,软件ETF,0.769,0.775,0.764,0.77,153483800.0,118105784.10000001,,,,
2025-04-21,159852,软件ETF,0.768,0.787,0.761,0.787,214406100.0,166325532.07500002,,,,
2025-04-22,159852,软件ETF,0.785,0.786,0.772,0.774,299484300.0,233373140.775,,,,
2025-04-23,159852,软件ETF,0.779,0.787,0.772,0.779,179861900.0,140157385.575,,,,
2025-04-24,159852,软件ETF,0.778,0.778,0.758,0.761,179529300.0,138013149.375,,,,
2025-04-25,159852,软件ETF,0.762,0.778,0.761,0.769,308749200.0,236965011.00000003,,,,
2025-04-28,159852,软件ETF,0.77,0.777,0.765,0.767,186891000.0,143859347.25,,,,
2025-04-29,159852,软件ETF,0.765,0.778,0.761,0.775,135103900.0,103996227.025,,,,
2025-04-30,159852,软件ETF,0.776,0.797,0.774,0.794,365891700.0,287316457.425,,,,
2025-05-06,159852,软件ETF,0.803,0.826,0.801,0.824,384079600.0,312448754.6,,,,
2025-05-07,159852,软件ETF,0.84,0.846,0.809,0.818,359228100.0,297530673.825,,,,
2025-05-08,159852,软件ETF,0.813,0.825,0.811,0.822,169832300.0,138880363.325,,,,
2025-05-09,159852,软件ETF,0.82,0.82,0.805,0.806,267973700.0,217795624.67499998,,,,
2025-05-12,159852,软件ETF,0.81,0.819,0.808,0.819,169051700.0,137608083.8,,,,
2025-05-13,159852,软件ETF,0.823,0.826,0.81,0.811,222634100.0,182003376.75,,,,
2025-05-14,159852,软件ETF,0.811,0.829,0.804,0.819,234179400.0,191031845.54999998,,,,
2025-05-15,159852,软件ETF,0.815,0.816,0.794,0.794,261955300.0,210808527.67499998,,,,
2025-05-16,159852,软件ETF,0.791,0.796,0.788,0.792,269359800.0,213265621.65000004,,,,
2025-05-19,159852,软件ETF,0.791,0.792,0.778,0.786,132234300.0,104035335.52499999,,,,
2025-05-20,159852,软件ETF,0.788,0.792,0.782,0.787,129933400.0,102290069.15,,,,
2025-05-21,159852,软件ETF,0.788,0.788,0.781,0.782,195367000.0,153314253.25,,,,
2025-05-22,159852,软件ETF,0.782,0.786,0.775,0.776,134908500.0,105194902.875,,,,
2025-05-23,159852,软件ETF,0.776,0.781,0.762,0.762,155263600.0,119591787.89999999,,,,
2025-05-26,159852,软件ETF,0.763,0.772,0.762,0.77,154151200.0,118195432.6,,,,
2025-05-27,159852,软件ETF,0.769,0.769,0.76,0.763,93265600.0,71371500.4,,,,
2025-05-28,159852,软件ETF,0.764,0.766,0.753,0.755,85659400.0,65058314.300000004,,,,
2025-05-29,159852,软件ETF,0.757,0.778,0.755,0.778,472741700.0,362592883.90000004,,,,
2025-05-30,159852,软件ETF,0.773,0.773,0.761,0.765,197559100.0,151725388.8,,,,
2025-06-03,159852,软件ETF,0.761,0.777,0.761,0.77,166778700.0,127960957.57500002,,,,
2025-06-04,159852,软件ETF,0.771,0.778,0.768,0.776,122663200.0,94849319.4,,,,
2025-06-05,159852,软件ETF,0.778,0.795,0.776,0.792,298222600.0,234179296.65,,,,
2025-06-06,159852,软件ETF,0.792,0.793,0.784,0.789,133398600.0,105318194.70000002,,,,
2025-06-09,159852,软件ETF,0.791,0.803,0.787,0.799,151596000.0,120518820.0,,,,
2025-06-10,159852,软件ETF,0.797,0.799,0.768,0.775,282604600.0,221773959.85000002,,,,
2025-06-11,159852,软件ETF,0.775,0.787,0.772,0.777,210765800.0,163923100.95,,,,
2025-06-12,159852,软件ETF,0.771,0.781,0.77,0.773,113388300.0,87734197.125,,,,
2025-06-13,159852,软件ETF,0.77,0.773,0.761,0.764,124661200.0,95615140.4,,,,
2025-06-16,159852,软件ETF,0.764,0.776,0.76,0.776,117806600.0,90593275.39999999,,,,
2025-06-17,159852,软件ETF,0.777,0.777,0.769,0.773,160384000.0,124137216.0,,,,
2025-06-18,159852,软件ETF,0.772,0.774,0.765,0.772,122629100.0,94516378.825,,,,
2025-06-19,159852,软件ETF,0.772,0.775,0.755,0.758,151898900.0,116202658.5,,,,
2025-06-20,159852,软件ETF,0.757,0.76,0.741,0.743,179172900.0,134424468.225,,,,
2025-06-23,159852,软件ETF,0.737,0.755,0.735,0.752,181949400.0,135506815.64999998,,,,
2025-06-24,159852,软件ETF,0.755,0.775,0.753,0.774,252047200.0,192627072.6,,,,
2025-06-25,159852,软件ETF,0.773,0.812,0.772,0.808,348279800.0,275576391.75,,,,
2025-06-26,159852,软件ETF,0.807,0.819,0.803,0.804,559267800.0,452028199.35,,,,
2025-06-27,159852,软件ETF,0.804,0.82,0.796,0.803,248544500.0,200264730.875,,,,
2025-06-30,159852,软件ETF,0.802,0.813,0.802,0.811,155279300.0,125310395.10000001,,,,
2025-07-01,159852,软件ETF,0.811,0.811,0.797,0.802,174258000.0,140321254.5,,,,
2025-07-02,159852,软件ETF,0.8,0.8,0.785,0.788,143116300.0,113527004.97500001,,,,
2025-07-03,159852,软件ETF,0.788,0.794,0.785,0.79,107115000.0,84540513.75,,,,
2025-07-04,159852,软件ETF,0.788,0.802,0.782,0.79,228277900.0,180453679.95,,,,
2025-07-07,159852,软件ETF,0.785,0.79,0.783,0.785,123804800.0,97279621.60000001,,,,
2025-07-08,159852,软件ETF,0.785,0.799,0.783,0.799,196104200.0,155216474.29999998,,,,
2025-07-09,159852,软件ETF,0.8,0.802,0.791,0.794,132343100.0,105444364.925,,,,
2025-07-10,159852,软件ETF,0.792,0.799,0.786,0.794,124841000.0,98967702.75000001,,,,
2025-07-11,159852,软件ETF,0.794,0.819,0.785,0.812,299242400.0,240142026.0,,,,
2025-07-14,159852,软件ETF,0.81,0.81,0.796,0.801,255949400.0,205847304.95000005,,,,
2025-07-15,159852,软件ETF,0.799,0.82,0.796,0.82,832790300.0,673519155.1250001,,,,
2025-07-16,159852,软件ETF,0.821,0.827,0.81,0.814,630650900.0,515872436.2,,,,
2025-07-17,159852,软件ETF,0.812,0.835,0.81,0.831,576844000.0,474165768.0,,,,
2025-07-18,159852,软件ETF,0.833,0.844,0.831,0.834,367124500.0,306732519.74999994,,,,
2025-07-21,159852,软件ETF,0.833,0.837,0.826,0.833,321126600.0,267257612.85000002,,,,
2025-07-22,159852,软件ETF,0.83,0.833,0.821,0.827,534000100.0,442018582.775,,,,
2025-07-23,159852,软件ETF,0.826,0.841,0.823,0.829,845222700.0,701323535.3249999,,,,
2025-07-24,159852,软件ETF,0.829,0.845,0.826,0.845,314456500.0,262964248.12500003,,,,
2025-07-25,159852,软件ETF,0.846,0.857,0.843,0.857,411097700.0,349741368.275,,,,
2025-07-28,159852,软件ETF,0.86,0.862,0.847,0.852,320085500.0,273753123.875,,,,
2025-07-29,159852,软件ETF,0.847,0.86,0.838,0.86,459023700.0,390743924.625,,,,
2025-07-30,159852,软件ETF,0.855,0.861,0.84,0.848,453205300.0,385677710.3,,,,
2025-07-31,159852,软件ETF,0.845,0.87,0.845,0.852,742065500.0,632981871.5,,,,
2025-08-01,159852,软件ETF,0.858,0.861,0.837,0.853,521842400.0,444740185.4,,,,
2025-08-04,159852,软件ETF,0.846,0.857,0.843,0.857,254483200.0,216501582.39999998,,,,
2025-08-05,159852,软件ETF,0.857,0.862,0.847,0.856,326907800.0,279669622.90000004,,,,
2025-08-06,159852,软件ETF,0.856,0.864,0.851,0.864,463199200.0,397772313.0,,,,
2025-08-07,159852,软件ETF,0.864,0.871,0.853,0.859,476545800.0,410663343.15000004,,,,
2025-08-08,159852,软件ETF,0.856,0.861,0.834,0.835,649660600.0,549937697.9,,,,
2025-08-11,159852,软件ETF,0.832,0.853,0.832,0.851,617985000.0,520343369.99999994,,,,
2025-08-12,159852,软件ETF,0.85,0.854,0.844,0.854,351745200.0,299159292.59999996,,,,
2025-08-13,159852,软件ETF,0.857,0.865,0.85,0.861,518563700.0,445057295.52500004,,,,
2025-08-14,159852,软件ETF,0.864,0.87,0.847,0.848,592107800.0,507584411.54999995,,,,
2025-08-15,159852,软件ETF,0.845,0.884,0.842,0.88,765134100.0,660119444.775,,,,
2025-08-18,159852,软件ETF,0.883,0.931,0.882,0.922,859589800.0,777498974.1,,,,
2025-08-19,159852,软件ETF,0.918,0.931,0.911,0.917,509851300.0,468680807.525,,,,
2025-08-20,159852,软件ETF,0.911,0.924,0.896,0.924,462107600.0,422250819.5,,,,
2025-08-21,159852,软件ETF,0.924,0.939,0.917,0.924,454983300.0,421314535.79999995,,,,
2025-08-22,159852,软件ETF,0.922,0.966,0.919,0.966,581363000.0,548370649.75,,,,
2025-08-25,159852,软件ETF,0.99,0.99,0.956,0.972,824973300.0,805998914.1,,,,
2025-08-26,159852,软件ETF,0.965,0.995,0.961,0.986,654081200.0,638873812.1,,,,
2025-08-27,159852,软件ETF,1.001,1.019,0.983,0.983,839488500.0,836550290.25,,,,
2025-08-28,159852,软件ETF,0.97,1.011,0.963,1.011,859433900.0,849765268.625,,,,
2025-08-29,159852,软件ETF,1.011,1.012,0.988,0.995,692729400.0,693768494.1,,,,
2025-09-01,159852,软件ETF,1.0,1.013,0.979,0.989,595308700.0,592480983.675,,,,
2025-09-02,159852,软件ETF,0.986,0.986,0.945,0.951,837605400.0,809964421.8,,,,
2025-09-03,159852,软件ETF,0.955,0.96,0.916,0.921,493017500.0,462450415.0,,,,
2025-09-04,159852,软件ETF,0.921,0.929,0.875,0.891,528864000.0,478093056.0,,,,
2025-09-05,159852,软件ETF,0.892,0.908,0.878,0.906,593958700.0,532186995.2,,,,
2025-09-08,159852,软件ETF,0.905,0.919,0.899,0.919,516962400.0,470694265.20000005,,,,
2025-09-09,159852,软件ETF,0.913,0.914,0.894,0.896,416242500.0,376387280.62500006,,,,
2025-09-10,159852,软件ETF,0.898,0.91,0.898,0.9,463341200.0,417702091.8,,,,
2025-09-11,159852,软件ETF,0.904,0.936,0.895,0.935,591295000.0,542513162.5,,,,
2025-09-12,159852,软件ETF,0.939,0.952,0.929,0.931,419113500.0,393023684.62500006,,,,
2025-09-15,159852,软件ETF,0.93,0.938,0.926,0.931,746942800.0,695590482.5000001,,,,
2025-09-16,159852,软件ETF,0.929,0.946,0.925,0.946,537741000.0,503594446.49999994,,,,
2025-09-17,159852,软件ETF,0.946,0.959,0.937,0.955,479375100.0,455046813.67499995,,,,
2025-09-18,159852,软件ETF,0.951,0.968,0.925,0.938,748314500.0,707531359.75,,,,
2025-09-19,159852,软件ETF,0.933,0.946,0.926,0.928,440419700.0,411021685.02500004,,,,
2025-09-22,159852,软件ETF,0.931,0.943,0.927,0.943,291345200.0,272699107.2,,,,
2025-09-23,159852,软件ETF,0.94,0.94,0.895,0.915,658212100.0,607200662.25,,,,
2025-09-24,159852,软件ETF,0.907,0.946,0.906,0.946,613030100.0,567819130.125,,,,
2025-09-25,159852,软件ETF,0.947,0.973,0.941,0.96,707871400.0,676194154.8499999,,,,
2025-09-26,159852,软件ETF,0.954,0.955,0.923,0.924,704947700.0,661945890.3000001,,,,
2025-09-29,159852,软件ETF,0.925,0.951,0.918,0.94,523201800.0,488408880.3,,,,
2025-09-30,159852,软件ETF,0.95,0.961,0.947,0.956,477959000.0,455733906.5,,,,
2025-10-09,159852,软件ETF,0.96,0.991,0.947,0.981,874658300.0,848199886.425,,,,
2025-10-10,159852,软件ETF,0.972,0.972,0.929,0.932,913718700.0,869174913.3749999,,,,
2025-10-13,159852,软件ETF,0.905,0.958,0.905,0.942,1069885800.0,992319079.5,,,,
2025-10-14,159852,软件ETF,0.942,0.947,0.905,0.911,937145700.0,868031204.625,,,,
2025-10-15,159852,软件ETF,0.911,0.925,0.9,0.923,693197600.0,634102504.6,,,,
2025-10-16,159852,软件ETF,0.917,0.919,0.905,0.914,546432400.0,499302605.50000006,,,,
2025-10-17,159852,软件ETF,0.911,0.913,0.879,0.881,586207800.0,525242188.8,,,,
2025-10-20,159852,软件ETF,0.89,0.897,0.88,0.885,363285900.0,322597879.2,,,,
2025-10-21,159852,软件ETF,0.889,0.897,0.885,0.895,436440000.0,389086260.0,,,,
2025-10-22,159852,软件ETF,0.891,0.892,0.882,0.882,284789800.0,252537355.15,,,,
2025-10-23,159852,软件ETF,0.886,0.895,0.872,0.894,356961200.0,316535344.09999996,,,,
2025-10-24,159852,软件ETF,0.897,0.906,0.895,0.906,420813700.0,379153143.7,,,,
2025-10-27,159852,软件ETF,0.915,0.916,0.903,0.914,444363200.0,405259238.40000004,,,,
2025-10-28,159852,软件ETF,0.915,0.934,0.911,0.92,696610100.0,640881292.0,,,,
2025-10-29,159852,软件ETF,0.917,0.931,0.912,0.931,424989600.0,392159153.4,,,,
2025-10-30,159852,软件ETF,0.928,0.939,0.916,0.919,581434500.0,538117629.75,,,,
2025-10-31,159852,软件ETF,0.916,0.949,0.916,0.94,848036900.0,788886326.2249999,,,,
2025-11-03,159852,软件ETF,0.945,0.951,0.935,0.946,664231300.0,627200405.025,,,,
2025-11-04,159852,软件ETF,0.938,0.94,0.922,0.928,505269800.0,470911453.6,,,,
2025-11-05,159852,软件ETF,0.914,0.92,0.904,0.914,403986500.0,368839674.5,,,,
2025-11-06,159852,软件ETF,0.916,0.92,0.904,0.919,363931800.0,332906614.05,,,,
2025-11-07,159852,软件ETF,0.912,0.913,0.898,0.898,384152700.0,347754231.675,,,,
2025-11-10,159852,软件ETF,0.901,0.908,0.898,0.907,332761000.0,300649563.5,,,,
2025-11-11,159852,软件ETF,0.907,0.908,0.885,0.887,384643400.0,344928968.95,,,,
2025-11-12,159852,软件ETF,0.882,0.885,0.864,0.874,386579000.0,338739848.75,,,,
2025-11-13,159852,软件ETF,0.871,0.886,0.87,0.886,341558200.0,299973489.15000004,,,,
2025-11-14,159852,软件ETF,0.88,0.88,0.866,0.866,310490700.0,271058381.1,,,,
2025-11-17,159852,软件ETF,0.865,0.887,0.865,0.885,436653800.0,382290401.9,,,,
2025-11-18,159852,软件ETF,0.884,0.901,0.876,0.895,496252600.0,441168561.4,,,,
2025-11-19,159852,软件ETF,0.895,0.897,0.879,0.882,362476200.0,321969484.65000004,,,,
2025-11-20,159852,软件ETF,0.888,0.891,0.868,0.868,390845100.0,343455131.625,,,,
2025-11-21,159852,软件ETF,0.858,0.871,0.844,0.847,501624300.0,428888776.5,,,,
2025-11-24,159852,软件ETF,0.854,0.877,0.839,0.872,621406100.0,534719949.04999995,,,,
2025-11-25,159852,软件ETF,0.876,0.886,0.872,0.874,470679700.0,412786096.9,,,,
2025-11-26,159852,软件ETF,0.871,0.883,0.869,0.872,371928200.0,324972264.75,,,,
2025-11-27,159852,软件ETF,0.87,0.874,0.856,0.858,351842800.0,304168100.59999996,,,,
2025-11-28,159852,软件ETF,0.856,0.866,0.856,0.864,269552400.0,231949840.2,,,,
2025-12-01,159852,软件ETF,0.864,0.872,0.859,0.87,256146200.0,221886645.75,,,,
2025-12-02,159852,软件ETF,0.871,0.871,0.853,0.856,248214900.0,214147404.97499996,,,,
2025-12-03,159852,软件ETF,0.857,0.858,0.838,0.838,384467000.0,325931899.25,,,,
2025-12-04,159852,软件ETF,0.838,0.844,0.833,0.841,303914400.0,254984181.6,,,,
2025-12-05,159852,软件ETF,0.841,0.86,0.835,0.855,595844300.0,505127005.325,,,,
2025-12-08,159852,软件ETF,0.859,0.865,0.857,0.861,368026900.0,316687147.45,,,,
2025-12-09,159852,软件ETF,0.858,0.86,0.846,0.847,263019300.0,224289708.075,,,,
2025-12-10,159852,软件ETF,0.846,0.854,0.838,0.852,378558700.0,320828498.25,,,,
2025-12-11,159852,软件ETF,0.852,0.853,0.835,0.836,283888300.0,239601725.2,,,,
2025-12-12,159852,软件ETF,0.837,0.849,0.833,0.846,247686900.0,208366604.625,,,,
2025-12-15,159852,软件ETF,0.84,0.848,0.835,0.837,280901800.0,235957512.0,,,,
2025-12-16,159852,软件ETF,0.835,0.838,0.825,0.825,316950800.0,263306877.09999996,,,,
2025-12-17,159852,软件ETF,0.823,0.844,0.819,0.841,562649000.0,467983305.75,,,,
2025-12-18,159852,软件ETF,0.835,0.844,0.832,0.834,273028500.0,228320083.12499997,,,,
2025-12-19,159852,软件ETF,0.838,0.845,0.836,0.838,243488200.0,204347471.85,,,,
2025-12-22,159852,软件ETF,0.838,0.844,0.837,0.84,319603200.0,268386787.2,,,,
2025-12-23,159852,软件ETF,0.842,0.843,0.829,0.832,264558800.0,221303436.20000002,,,,
2025-12-24,159852,软件ETF,0.83,0.841,0.829,0.84,238530000.0,199172550.0,,,,
2025-12-25,159852,软件ETF,0.839,0.849,0.836,0.848,537479100.0,453094881.29999995,,,,
2025-12-26,159852,软件ETF,0.847,0.859,0.845,0.851,421058200.0,358109999.1,,,,
2025-12-29,159852,软件ETF,0.852,0.86,0.85,0.856,373180600.0,318882822.7,,,,
2025-12-30,159852,软件ETF,0.854,0.861,0.853,0.857,253466500.0,217030690.625,,,,
2025-12-31,159852,软件ETF,0.858,0.869,0.856,0.864,435733500.0,375493343.625,,,,
2026-01-05,159852,软件ETF,0.868,0.895,0.866,0.895,549832100.0,484402080.1,,,,
2026-01-06,159852,软件ETF,0.897,0.92,0.892,0.917,713409700.0,646705893.05,,,,
2026-01-07,159852,软件ETF,0.915,0.916,0.9,0.905,853915500.0,776209189.5,,,,
2026-01-08,159852,软件ETF,0.904,0.921,0.904,0.911,403573300.0,367251702.99999994,,,,
2026-01-09,159852,软件ETF,0.911,0.946,0.909,0.946,725470900.0,673236995.1999999,,,,
2026-01-12,159852,软件ETF,0.982,1.041,0.964,1.041,2622230400.0,2640586012.7999997,,,,
2026-01-13,159852,软件ETF,1.057,1.09,1.018,1.021,3418703500.0,3577673212.75,,,,
2026-01-14,159852,软件ETF,1.015,1.104,1.015,1.06,5326537100.0,5584874149.35,,,,
2026-01-15,159852,软件ETF,1.047,1.072,1.027,1.04,3456242000.0,3616957253.0,,,,
2026-01-16,159852,软件ETF,1.026,1.059,1.01,1.011,2586255800.0,2654791578.7,,,,
2026-01-19,159852,软件ETF,1.0,1.01,0.983,0.985,1492959100.0,1484747824.95,,,,
2026-01-20,159852,软件ETF,0.99,0.996,0.953,0.961,1638724400.0,1597756290.0,,,,
2026-01-21,159852,软件ETF,0.956,0.976,0.954,0.961,1081925900.0,1040542234.3249999,,,,
2026-01-22,159852,软件ETF,0.966,0.985,0.965,0.979,1253485900.0,1220581895.1249998,,,,
2026-01-23,159852,软件ETF,0.981,0.999,0.973,0.999,1166949000.0,1152945612.0,,,,
2026-01-26,159852,软件ETF,1.001,1.007,0.967,0.975,1038827000.0,1025841662.4999999,,,,
2026-01-27,159852,软件ETF,0.977,0.984,0.96,0.981,768870500.0,750033172.75,,,,
2026-01-28,159852,软件ETF,0.987,0.988,0.966,0.968,855311700.0,835853358.8249999,,,,
2026-01-29,159852,软件ETF,0.961,1.007,0.953,0.985,1430897200.0,1397271115.8,,,,
2026-01-30,159852,软件ETF,0.968,0.972,0.937,0.946,1710211000.0,1634534163.2500002,,,,
2026-02-02,159852,软件ETF,0.942,0.955,0.916,0.917,1543427800.0,1439246423.5,,,,
2026-02-03,159852,软件ETF,0.926,0.94,0.916,0.94,814032700.0,757457427.35,,,,
2026-02-04,159852,软件ETF,0.928,0.935,0.907,0.922,1191384900.0,1099648262.7,,,,
2026-02-05,159852,软件ETF,0.909,0.918,0.905,0.909,804089200.0,731922194.3,,,,
2026-02-06,159852,软件ETF,0.902,0.91,0.89,0.894,836705300.0,752198064.7,,,,
2026-02-09,159852,软件ETF,0.907,0.926,0.906,0.925,821640400.0,752622606.4,,,,
2026-02-10,159852,软件ETF,0.927,0.937,0.919,0.933,716751200.0,665861864.8000001,,,,
2026-02-11,159852,软件ETF,0.93,0.935,0.924,0.924,488337900.0,453299655.675,,,,
2026-02-12,159852,软件ETF,0.93,0.944,0.924,0.938,632490400.0,590746033.5999999,,,,
2026-02-13,159852,软件ETF,0.931,0.946,0.926,0.926,536183200.0,499856788.2,,,,
2026-02-24,159852,软件ETF,0.931,0.934,0.896,0.899,853923500.0,781340002.5,,,,
2026-02-25,159852,软件ETF,0.901,0.906,0.897,0.902,504548200.0,454850202.3,,,,
2026-02-26,159852,软件ETF,0.902,0.905,0.895,0.902,638063800.0,574895483.8000001,,,,
2026-02-27,159852,软件ETF,0.897,0.931,0.897,0.924,803999000.0,733448087.75,,,,
2026-03-02,159852,软件ETF,0.905,0.911,0.893,0.897,603103600.0,543697895.4,,,,
2026-03-03,159852,软件ETF,0.897,0.905,0.863,0.865,746992000.0,659220440.0,,,,
2026-03-04,159852,软件ETF,0.855,0.871,0.851,0.854,556908800.0,477688523.2,,,,
2026-03-05,159852,软件ETF,0.865,0.87,0.851,0.858,467508800.0,402525076.8,,,,
2026-03-06,159852,软件ETF,0.853,0.876,0.852,0.875,491935600.0,425032358.4,,,,
2026-03-09,159852,软件ETF,0.864,0.893,0.853,0.888,775767700.0,678408853.6500001,,,,
2026-03-10,159852,软件ETF,0.897,0.909,0.883,0.895,549910900.0,492720166.40000004,,,,
2026-03-11,159852,软件ETF,0.893,0.897,0.885,0.888,506325000.0,451008993.74999994,,,,
2026-03-12,159852,软件ETF,0.885,0.894,0.876,0.881,384747100.0,340116436.4,,,,
2026-03-13,159852,软件ETF,0.876,0.876,0.855,0.858,431918100.0,374149054.125,,,,
2026-03-16,159852,软件ETF,0.853,0.856,0.841,0.856,504386600.0,429485189.9,,,,
2026-03-17,159852,软件ETF,0.859,0.865,0.844,0.845,380282800.0,324476299.09999996,,,,
2026-03-18,159852,软件ETF,0.845,0.859,0.842,0.858,444558100.0,378318943.09999996,,,,
2026-03-19,159852,软件ETF,0.845,0.851,0.839,0.843,450887300.0,380774324.84999996,,,,
2026-03-20,159852,软件ETF,0.843,0.848,0.81,0.811,589728500.0,488295198.0,,,,
2026-03-23,159852,软件ETF,0.8,0.802,0.766,0.77,1025483700.0,804491962.65,,,,
2026-03-24,159852,软件ETF,0.781,0.785,0.763,0.78,556784500.0,432760752.625,,,,
2026-03-25,159852,软件ETF,0.78,0.802,0.78,0.794,673156300.0,531120320.7000001,,,,
2026-03-26,159852,软件ETF,0.793,0.794,0.767,0.769,344407600.0,268896233.7,,,,
2026-03-27,159852,软件ETF,0.758,0.78,0.758,0.776,280653900.0,215542195.20000002,,,,
2026-03-30,159852,软件ETF,0.764,0.778,0.756,0.777,295741500.0,227351278.125,,,,
2026-03-31,159852,软件ETF,0.774,0.787,0.766,0.768,274028400.0,212029474.5,,,,
2026-04-01,159852,软件ETF,0.783,0.787,0.778,0.785,323748400.0,253575934.3,,,,
2026-04-02,159852,软件ETF,0.78,0.78,0.756,0.761,579841700.0,446043227.72499996,,,,
2026-04-03,159852,软件ETF,0.762,0.767,0.75,0.751,254889200.0,193078569.0,,,,
2026-04-07,159852,软件ETF,0.752,0.759,0.746,0.751,211405900.0,158977236.8,,,,
2026-04-08,159852,软件ETF,0.769,0.804,0.767,0.804,635203500.0,499269950.99999994,,,,
2026-04-09,159852,软件ETF,0.79,0.792,0.781,0.784,350770100.0,275968376.175,,,,
2026-04-10,159852,软件ETF,0.789,0.808,0.789,0.795,447295100.0,355711428.27500004,,,,
2026-04-13,159852,软件ETF,0.785,0.804,0.785,0.797,286207500.0,226890995.62500003,,,,
2026-04-14,159852,软件ETF,0.814,0.819,0.804,0.814,471812500.0,383465609.37500006,,,,
2026-04-15,159852,软件ETF,0.82,0.821,0.801,0.803,353897400.0,287099265.75,,,,
2026-04-16,159852,软件ETF,0.808,0.821,0.807,0.821,456845100.0,371986122.675,,,,
2026-04-17,159852,软件ETF,0.818,0.822,0.811,0.819,325135500.0,265798271.25,,,,
2026-04-20,159852,软件ETF,0.819,0.833,0.817,0.829,396052800.0,326545533.6,,,,
2026-04-21,159852,软件ETF,0.829,0.829,0.811,0.816,342361000.0,281163971.25,,,,
2026-04-22,159852,软件ETF,0.813,0.833,0.812,0.833,403113400.0,331661549.85,,,,
2026-04-23,159852,软件ETF,0.833,0.838,0.816,0.823,398365500.0,329647451.24999994,,,,
2026-04-24,159852,软件ETF,0.819,0.826,0.8,0.82,428040400.0,349387976.49999994,,,,
2026-04-27,159852,软件ETF,0.821,0.824,0.807,0.82,371971100.0,304272359.79999995,,,,
2026-04-28,159852,软件ETF,0.816,0.816,0.795,0.801,540080300.0,435844802.09999996,,,,
2026-04-29,159852,软件ETF,0.799,0.805,0.793,0.802,382593700.0,305979311.57500005,,,,
2026-04-30,159852,软件ETF,0.802,0.815,0.802,0.811,342461900.0,276537984.25,,,,
2026-05-06,159852,软件ETF,0.821,0.852,0.819,0.842,668142500.0,556896773.7499999,,,,
2026-05-07,159852,软件ETF,0.848,0.854,0.837,0.854,559066000.0,474227734.5,,,,
2026-05-08,159852,软件ETF,0.857,0.871,0.848,0.858,743999600.0,638723656.5999999,,,,
2026-05-11,159852,软件ETF,0.855,0.866,0.848,0.864,693905000.0,595543966.25,,,,
2026-05-12,159852,软件ETF,0.862,0.862,0.838,0.841,863458400.0,734587233.8,,,,
2026-05-13,159852,软件ETF,0.835,0.851,0.826,0.85,909441600.0,764385664.8000001,,,,
2026-05-14,159852,软件ETF,0.855,0.863,0.816,0.816,730323400.0,611645847.4999999,,,,
2026-05-15,159852,软件ETF,0.816,0.83,0.801,0.805,627040500.0,509783926.50000006,,,,
2026-05-18,159852,软件ETF,0.801,0.822,0.8,0.814,529881600.0,428806684.8,,,,
2026-05-19,159852,软件ETF,0.815,0.829,0.811,0.829,520042300.0,426954728.29999995,,,,
2026-05-20,159852,软件ETF,0.822,0.826,0.807,0.81,513609800.0,419233999.25,,,,
2026-05-21,159852,软件ETF,0.813,0.836,0.79,0.792,854607700.0,690309369.675,,,,
2026-05-22,159852,软件ETF,0.791,0.799,0.78,0.789,466580200.0,368481712.95,,,,
2026-05-25,159852,软件ETF,0.795,0.806,0.786,0.803,529938200.0,422625714.5,,,,
2026-05-26,159852,软件ETF,0.797,0.807,0.782,0.798,474680400.0,377845598.40000004,,,,
2026-05-27,159852,软件ETF,0.794,0.802,0.779,0.78,446437500.0,352127578.125,,,,
2026-05-28,159852,软件ETF,0.78,0.782,0.752,0.772,577470700.0,445518645.0500001,,,,
2026-05-29,159852,软件ETF,0.778,0.786,0.744,0.748,607256500.0,463943966.0,,,,
2026-06-01,159852,软件ETF,0.751,0.791,0.75,0.777,1167285600.0,895599876.6,,,,
2026-06-02,159852,软件ETF,0.784,0.784,0.762,0.771,896655500.0,695132176.3750001,,,,
2026-06-03,159852,软件ETF,0.761,0.773,0.753,0.759,700269700.0,533255376.5500001,,,,
2026-06-04,159852,软件ETF,0.753,0.753,0.733,0.737,713659300.0,530962519.2,,,,
2026-06-05,159852,软件ETF,0.738,0.744,0.727,0.73,501079500.0,368168162.62499994,,,,
2026-06-08,159852,软件ETF,0.709,0.726,0.703,0.708,645979400.0,459614343.09999996,,,,
2026-06-09,159852,软件ETF,0.712,0.723,0.704,0.721,481121200.0,344001657.99999994,,,,
2026-06-10,159852,软件ETF,0.713,0.728,0.7,0.704,600558000.0,427146877.49999994,,,,
2026-06-11,159852,软件ETF,0.698,0.698,0.671,0.675,715405000.0,490410127.5,,,,
2026-06-12,159852,软件ETF,0.681,0.695,0.677,0.684,601685300.0,411703166.52500004,,,,
2026-06-15,159852,软件ETF,0.689,0.71,0.689,0.704,495770400.0,346047739.2,,,,
2026-06-16,159852,软件ETF,0.699,0.706,0.694,0.704,392715800.0,275195596.84999996,,,,
2026-06-17,159852,软件ETF,0.7,0.705,0.694,0.702,376816300.0,263865614.07499996,,,,
2026-06-18,159852,软件ETF,0.699,0.717,0.695,0.708,455703800.0,321157253.05,,,,
2026-06-22,159852,软件ETF,0.703,0.735,0.696,0.735,697033100.0,499946990.97499996,,,,
2026-06-23,159852,软件ETF,0.727,0.737,0.713,0.716,524165300.0,379102553.225,,,,
2026-06-24,159852,软件ETF,0.712,0.714,0.695,0.706,496184700.0,350678536.72499996,,,,
2026-06-25,159852,软件ETF,0.702,0.71,0.695,0.703,522425700.0,367004054.24999994,,,,
2026-06-26,159852,软件ETF,0.695,0.699,0.666,0.666,854589700.0,582402880.55,,,,
2026-06-29,159852,软件ETF,0.666,0.68,0.664,0.67,509351700.0,341265639.0,,,,
2026-06-30,159852,软件ETF,0.67,0.688,0.666,0.685,467318800.0,316491657.3,,,,
2026-07-01,159852,软件ETF,0.685,0.716,0.684,0.706,679658000.0,474231369.50000006,,,,
2026-07-02,159852,软件ETF,0.709,0.714,0.691,0.693,562467500.0,394711568.12499994,,,,
2026-07-03,159852,软件ETF,0.692,0.7,0.685,0.691,403509000.0,279228228.0,,,,
2026-07-06,159852,软件ETF,0.689,0.692,0.673,0.675,419269600.0,286046684.6,,,,
2026-07-07,159852,软件ETF,0.674,0.678,0.656,0.658,537895900.0,358507617.35,,,,
2026-07-08,159852,软件ETF,0.662,0.686,0.661,0.68,765268500.0,514451749.125,,,,
2026-07-09,159852,软件ETF,0.674,0.699,0.669,0.697,567721100.0,388747023.22499996,,,,
2026-07-10,159852,软件ETF,0.692,0.727,0.685,0.708,701633900.0,493248631.7,,,,
2026-07-13,159852,软件ETF,0.704,0.708,0.683,0.691,587133900.0,408938761.34999996,,,,
2026-07-14,159852,软件ETF,0.687,0.692,0.656,0.674,680564300.0,460912172.175,,,,
2026-07-15,159852,软件ETF,0.672,0.685,0.668,0.682,477069900.0,322857054.82500005,,,,
2026-07-16,159852,软件ETF,0.674,0.697,0.672,0.687,565607600.0,386027187.00000006,,,,
2026-07-17,159852,软件ETF,0.685,0.692,0.652,0.657,764924000.0,513646466.0,,,,
2026-07-20,159852,软件ETF,0.662,0.679,0.659,0.677,645009800.0,431672808.6499999,,,,
2026-07-21,159852,软件ETF,0.674,0.693,0.67,0.693,639031500.0,436138998.75,,,,
2026-07-22,159852,软件ETF,0.685,0.696,0.677,0.687,614626800.0,421787641.5,,,,
2026-07-23,159852,软件ETF,0.683,0.684,0.673,0.677,437315900.0,297046825.075,,,,
2026-07-24,159852,软件ETF,0.669,0.669,0.643,0.643,880507200.0,577612723.2,,,,
2026-07-27,159852,软件ETF,0.64,0.66,0.636,0.659,575763300.0,373526440.875,,,,
2026-07-28,159852,软件ETF,0.652,0.666,0.651,0.657,416132400.0,273190920.6,,,,
2026-07-29,159852,软件ETF,0.659,0.677,0.646,0.669,601352200.0,398546170.54999995,,,,
2026-07-30,159852,软件ETF,0.666,0.685,0.664,0.67,506057800.0,339691298.25,,,,
2026-07-31,159852,软件ETF,0.677,0.73,0.672,0.712,2155427500.0,1503949538.125,,,,
2026-08-03,159852,软件ETF,0.71,0.73,0.71,0.714,1655119100.0,1185065275.6,,,,
2026-08-04,159852,软件ETF,0.721,0.732,0.717,0.728,1140262600.0,826120253.7,,,,
2026-08-05,159852,软件ETF,0.725,0.756,0.725,0.747,1396078900.0,1030655247.925,,,,
2026-08-06,159852,软件ETF,0.735,0.754,0.73,0.738,1107670200.0,818845195.3499999,,,,
2026-08-07,159852,软件ETF,0.733,0.735,0.713,0.73,1297189100.0,944029367.525,,,,
2026-08-10,159852,软件ETF,0.728,0.736,0.719,0.728,772055600.0,561863462.9,,,,
2026-08-11,159852,软件ETF,0.729,0.735,0.717,0.726,834589000.0,606537555.75,,,,
