date,symbol,name,open,high,low,close,volume,amount,pct_change,turnover_rate,amplitude,change
2018-03-15,159954,H股ETF,1.011,1.025,1.007,1.021,2375851.0,241047388.0,-0.87,121.77,1.75,-0.009
2018-03-16,159954,H股ETF,1.02,1.028,1.016,1.018,709634.0,72583281.0,-0.29,36.37,1.18,-0.003
2018-03-19,159954,H股ETF,1.019,1.031,1.016,1.027,449428.0,46112463.0,0.88,23.04,1.47,0.009
2018-03-20,159954,H股ETF,1.02,1.024,1.013,1.024,307633.0,31314030.0,-0.29,15.77,1.07,-0.003
2018-03-21,159954,H股ETF,1.028,1.036,1.016,1.023,268183.0,27626245.0,-0.1,13.75,1.95,-0.001
2018-03-22,159954,H股ETF,1.022,1.028,1.007,1.01,136158.0,13806563.0,-1.27,6.98,2.05,-0.013
2018-03-23,159954,H股ETF,0.988,0.989,0.967,0.974,117753.0,11496348.0,-3.56,6.04,2.18,-0.036
2018-03-26,159954,H股ETF,0.974,0.984,0.965,0.975,77145.0,7505484.0,0.1,3.95,1.95,0.001
2018-03-27,159954,H股ETF,0.986,0.995,0.983,0.986,30406.0,3005465.0,1.13,1.56,1.23,0.011
2018-03-28,159954,H股ETF,0.98,0.98,0.969,0.973,47700.0,4652732.0,-1.32,2.44,1.12,-0.013
2018-03-29,159954,H股ETF,0.973,0.976,0.957,0.973,87285.0,8455435.0,0.0,4.47,1.95,0.0
2018-03-30,159954,H股ETF,0.975,0.977,0.967,0.974,78070.0,7599199.0,0.1,4.0,1.03,0.001
2018-04-02,159954,H股ETF,0.971,0.972,0.966,0.968,81536.0,7903798.0,-0.62,4.18,0.62,-0.006
2018-04-03,159954,H股ETF,0.96,0.974,0.958,0.973,43657.0,4212672.0,0.52,2.24,1.65,0.005
2018-04-04,159954,H股ETF,0.975,0.979,0.963,0.965,54871.0,5336680.0,-0.82,2.81,1.64,-0.008
2018-04-09,159954,H股ETF,0.969,0.979,0.964,0.973,68656.0,6684804.0,0.83,3.52,1.55,0.008
2018-04-10,159954,H股ETF,0.968,0.992,0.968,0.992,52040.0,5116723.0,1.95,2.67,2.47,0.019
2018-04-11,159954,H股ETF,0.992,0.996,0.985,0.989,59904.0,5937768.0,-0.3,3.07,1.11,-0.003
2018-04-12,159954,H股ETF,0.992,0.994,0.98,0.981,22225.0,2191662.0,-0.81,1.14,1.42,-0.008
2018-04-13,159954,H股ETF,0.988,0.993,0.983,0.986,91606.0,9049162.0,0.51,4.7,1.02,0.005
2018-04-16,159954,H股ETF,0.981,0.981,0.963,0.964,37755.0,3660345.0,-2.23,1.94,1.83,-0.022
2018-04-17,159954,H股ETF,0.965,0.97,0.955,0.956,103615.0,9979389.0,-0.83,5.31,1.56,-0.008
2018-04-18,159954,H股ETF,0.968,0.97,0.954,0.962,114288.0,10981706.0,0.63,5.86,1.67,0.006
2018-04-19,159954,H股ETF,0.969,0.98,0.968,0.975,57187.0,5578566.0,1.35,2.93,1.25,0.013
2018-04-20,159954,H股ETF,0.977,0.983,0.968,0.969,49104.0,4776583.0,-0.62,2.52,1.54,-0.006
2018-04-23,159954,H股ETF,0.969,0.972,0.964,0.968,69123.0,6687604.0,-0.1,3.54,0.83,-0.001
2018-04-24,159954,H股ETF,0.97,0.987,0.97,0.984,70352.0,6906961.0,1.65,3.61,1.76,0.016
2018-04-25,159954,H股ETF,0.98,0.984,0.974,0.977,27535.0,2689960.0,-0.71,1.41,1.02,-0.007
2018-04-26,159954,H股ETF,0.977,0.983,0.962,0.967,72036.0,7027488.0,-1.02,3.69,2.15,-0.01
2018-04-27,159954,H股ETF,0.968,0.98,0.967,0.976,30859.0,3004289.0,0.93,1.58,1.34,0.009
2018-05-02,159954,H股ETF,0.992,0.993,0.982,0.989,69596.0,6876988.0,1.33,3.57,1.13,0.013
2018-05-03,159954,H股ETF,0.981,0.982,0.971,0.979,17889.0,1746450.0,-1.01,0.92,1.11,-0.01
2018-05-04,159954,H股ETF,0.976,0.978,0.968,0.971,10645.0,1035718.0,-0.82,0.55,1.02,-0.008
2018-05-07,159954,H股ETF,0.972,0.976,0.962,0.972,54796.0,5315616.0,0.1,2.81,1.44,0.001
2018-05-08,159954,H股ETF,0.974,0.99,0.974,0.988,38527.0,3797501.0,1.65,1.97,1.65,0.016
2018-05-09,159954,H股ETF,0.986,0.992,0.985,0.989,36046.0,3564095.0,0.1,1.85,0.71,0.001
2018-05-10,159954,H股ETF,0.993,1.003,0.992,0.995,34012.0,3396786.0,0.61,1.74,1.11,0.006
2018-05-11,159954,H股ETF,0.999,1.004,0.997,1.0,38024.0,3802627.0,0.5,1.95,0.7,0.005
2018-05-14,159954,H股ETF,1.006,1.015,1.006,1.012,98888.0,9993330.0,1.2,5.07,0.9,0.012
2018-05-15,159954,H股ETF,1.015,1.016,1.005,1.009,36380.0,3676896.0,-0.3,1.86,1.09,-0.003
2018-05-16,159954,H股ETF,1.007,1.012,1.0,1.006,44079.0,4429365.0,-0.3,2.26,1.19,-0.003
2018-05-17,159954,H股ETF,1.009,1.012,0.999,1.001,24413.0,2452877.0,-0.5,1.25,1.29,-0.005
2018-05-18,159954,H股ETF,1.0,1.009,0.998,1.008,25401.0,2551622.0,0.7,1.3,1.1,0.007
2018-05-21,159954,H股ETF,1.01,1.017,1.01,1.011,78418.0,7950396.0,0.3,4.02,0.69,0.003
2018-05-22,159954,H股ETF,1.012,1.012,1.006,1.007,8541.0,860603.0,-0.4,0.44,0.59,-0.004
2018-05-23,159954,H股ETF,1.001,1.001,0.991,0.992,10963.0,1091789.0,-1.49,0.56,0.99,-0.015
2018-05-24,159954,H股ETF,0.989,0.993,0.986,0.989,25850.0,2562724.0,-0.3,1.32,0.71,-0.003
2018-05-25,159954,H股ETF,0.993,0.994,0.987,0.988,4121.0,408111.0,-0.1,0.21,0.71,-0.001
2018-05-28,159954,H股ETF,0.988,0.995,0.984,0.994,3218.0,318868.0,0.61,0.16,1.11,0.006
2018-05-29,159954,H股ETF,0.991,0.992,0.986,0.987,35000.0,3456491.0,-0.7,1.79,0.6,-0.007
2018-05-30,159954,H股ETF,0.975,0.977,0.967,0.968,13820.0,1342648.0,-1.93,0.71,1.01,-0.019
2018-05-31,159954,H股ETF,0.971,0.98,0.971,0.98,13564.0,1325452.0,1.24,0.7,0.93,0.012
2018-06-01,159954,H股ETF,0.984,0.99,0.982,0.986,40843.0,4019742.0,0.61,2.09,0.82,0.006
2018-06-04,159954,H股ETF,0.99,1.007,0.99,1.007,51657.0,5186091.0,2.13,2.65,1.72,0.021
2018-06-05,159954,H股ETF,1.008,1.01,1.002,1.008,36949.0,3718908.0,0.1,1.89,0.79,0.001
2018-06-06,159954,H股ETF,1.014,1.015,1.007,1.008,15720.0,1587852.0,0.0,0.81,0.79,0.0
2018-06-07,159954,H股ETF,1.011,1.02,1.011,1.019,71872.0,7309673.0,1.09,3.68,0.89,0.011
2018-06-08,159954,H股ETF,1.014,1.014,1.003,1.003,45763.0,4619927.0,-1.57,2.35,1.08,-0.016
2018-06-11,159954,H股ETF,1.003,1.005,0.999,1.003,20428.0,2047535.0,0.0,1.05,0.6,0.0
2018-06-12,159954,H股ETF,1.003,1.009,1.0,1.008,24939.0,2509410.0,0.5,1.28,0.9,0.005
2018-06-13,159954,H股ETF,1.008,1.008,0.995,0.995,8115.0,809568.0,-1.29,0.42,1.29,-0.013
2018-06-14,159954,H股ETF,0.993,0.998,0.982,0.983,8946.0,885616.0,-1.21,0.46,1.61,-0.012
2018-06-15,159954,H股ETF,0.984,0.989,0.984,0.986,21779.0,2148986.0,0.31,1.12,0.51,0.003
2018-06-19,159954,H股ETF,0.97,0.972,0.95,0.953,17261.0,1658316.0,-3.35,0.88,2.23,-0.033
2018-06-20,159954,H股ETF,0.958,0.972,0.953,0.961,3146.0,303435.0,0.84,0.16,1.99,0.008
2018-06-21,159954,H股ETF,0.957,0.972,0.954,0.955,7535.0,723212.0,-0.62,0.39,1.87,-0.006
2018-06-22,159954,H股ETF,0.95,0.955,0.946,0.952,6193.0,588339.0,-0.31,0.32,0.94,-0.003
2018-06-25,159954,H股ETF,0.956,0.959,0.946,0.946,10046.0,955105.0,-0.63,0.51,1.37,-0.006
2018-06-26,159954,H股ETF,0.946,0.948,0.932,0.944,20493.0,1932767.0,-0.21,1.05,1.69,-0.002
2018-06-27,159954,H股ETF,0.944,0.948,0.933,0.933,32953.0,3096969.0,-1.17,1.69,1.59,-0.011
2018-06-28,159954,H股ETF,0.921,0.941,0.921,0.925,14493.0,1348866.0,-0.86,0.74,2.14,-0.008
2018-06-29,159954,H股ETF,0.933,0.948,0.933,0.948,25748.0,2425880.0,2.49,1.32,1.62,0.023
2018-07-02,159954,H股ETF,0.944,0.948,0.942,0.942,6240.0,590031.0,-0.63,0.32,0.63,-0.006
2018-07-03,159954,H股ETF,0.943,0.943,0.92,0.937,67394.0,6266051.0,-0.53,3.45,2.44,-0.005
2018-07-04,159954,H股ETF,0.94,0.946,0.918,0.92,71340.0,6667643.0,-1.81,3.66,2.99,-0.017
2018-07-05,159954,H股ETF,0.922,0.928,0.911,0.917,48162.0,4429554.0,-0.33,2.47,1.85,-0.003
2018-07-06,159954,H股ETF,0.927,0.935,0.915,0.925,28045.0,2599673.0,0.87,1.44,2.18,0.008
2018-07-09,159954,H股ETF,0.936,0.944,0.936,0.944,40649.0,3818115.0,2.05,2.08,0.86,0.019
2018-07-10,159954,H股ETF,0.943,0.943,0.937,0.942,20906.0,1967441.0,-0.21,1.07,0.64,-0.002
2018-07-11,159954,H股ETF,0.938,0.938,0.92,0.928,14950.0,1390322.0,-1.49,0.77,1.91,-0.014
2018-07-12,159954,H股ETF,0.932,0.951,0.932,0.95,44643.0,4197678.0,2.37,2.29,2.05,0.022
2018-07-13,159954,H股ETF,0.95,0.95,0.942,0.943,20231.0,1912315.0,-0.74,1.04,0.84,-0.007
2018-07-16,159954,H股ETF,0.943,0.943,0.933,0.938,21231.0,1991009.0,-0.53,1.09,1.06,-0.005
2018-07-17,159954,H股ETF,0.936,0.938,0.925,0.927,15586.0,1447162.0,-1.17,0.8,1.39,-0.011
2018-07-18,159954,H股ETF,0.931,0.94,0.929,0.93,25512.0,2384852.0,0.32,1.31,1.19,0.003
2018-07-19,159954,H股ETF,0.93,0.944,0.93,0.934,9212.0,865417.0,0.43,0.47,1.51,0.004
2018-07-20,159954,H股ETF,0.938,0.956,0.932,0.954,23837.0,2249181.0,2.14,1.22,2.57,0.02
2018-07-23,159954,H股ETF,0.954,0.959,0.945,0.958,21582.0,2062179.0,0.42,1.11,1.47,0.004
2018-07-24,159954,H股ETF,0.961,0.984,0.961,0.984,73845.0,7219481.0,2.71,3.78,2.4,0.026
2018-07-25,159954,H股ETF,0.988,0.992,0.983,0.988,32835.0,3237184.0,0.41,1.68,0.91,0.004
2018-07-26,159954,H股ETF,0.984,0.984,0.973,0.975,5086.0,496498.0,-1.32,0.26,1.11,-0.013
2018-07-27,159954,H股ETF,0.976,0.983,0.974,0.982,23923.0,2343386.0,0.72,1.23,0.92,0.007
2018-07-30,159954,H股ETF,0.981,0.992,0.981,0.986,62184.0,6125530.0,0.41,3.19,1.12,0.004
2018-07-31,159954,H股ETF,0.984,0.988,0.983,0.987,12049.0,1187689.0,0.1,0.62,0.51,0.001
2018-08-01,159954,H股ETF,0.991,0.995,0.983,0.983,36851.0,3644091.0,-0.41,1.89,1.22,-0.004
2018-08-02,159954,H股ETF,0.974,0.974,0.952,0.957,87197.0,8412312.0,-2.64,4.47,2.24,-0.026
2018-08-03,159954,H股ETF,0.965,0.966,0.96,0.96,28872.0,2780024.0,0.31,1.48,0.63,0.003
2018-08-06,159954,H股ETF,0.959,0.973,0.958,0.961,73846.0,7130632.0,0.1,3.78,1.56,0.001
2018-08-07,159954,H股ETF,0.966,0.976,0.962,0.975,69965.0,6777783.0,1.46,3.59,1.46,0.014
2018-08-08,159954,H股ETF,0.976,0.977,0.97,0.973,11648.0,1133820.0,-0.21,0.6,0.72,-0.002
2018-08-09,159954,H股ETF,0.97,0.993,0.968,0.992,45605.0,4493040.0,1.95,2.34,2.57,0.019
2018-08-10,159954,H股ETF,0.99,0.994,0.982,0.983,25986.0,2565416.0,-0.91,1.33,1.21,-0.009
2018-08-13,159954,H股ETF,0.97,0.974,0.966,0.971,24917.0,2416298.0,-1.22,1.28,0.81,-0.012
2018-08-14,159954,H股ETF,0.975,0.975,0.963,0.967,16533.0,1602537.0,-0.41,0.85,1.24,-0.004
2018-08-15,159954,H股ETF,0.967,0.967,0.952,0.953,21317.0,2042349.0,-1.45,1.09,1.55,-0.014
2018-08-16,159954,H股ETF,0.945,0.965,0.945,0.95,51748.0,4935990.0,-0.31,2.65,2.1,-0.003
2018-08-17,159954,H股ETF,0.955,0.961,0.948,0.948,17873.0,1713023.0,-0.21,0.92,1.37,-0.002
2018-08-20,159954,H股ETF,0.953,0.959,0.95,0.956,63936.0,6095817.0,0.84,3.28,0.95,0.008
2018-08-21,159954,H股ETF,0.959,0.966,0.956,0.961,39171.0,3766236.0,0.52,2.01,1.05,0.005
2018-08-22,159954,H股ETF,0.962,0.969,0.957,0.968,30595.0,2948168.0,0.73,1.57,1.25,0.007
2018-08-23,159954,H股ETF,0.971,0.975,0.964,0.97,24161.0,2343964.0,0.21,1.24,1.14,0.002
2018-08-24,159954,H股ETF,0.975,0.977,0.964,0.971,9494.0,918410.0,0.1,0.49,1.34,0.001
2018-08-27,159954,H股ETF,0.974,0.988,0.974,0.988,13956.0,1362785.0,1.75,0.72,1.44,0.017
2018-08-28,159954,H股ETF,0.989,0.995,0.982,0.985,26220.0,2589159.0,-0.3,1.34,1.32,-0.003
2018-08-29,159954,H股ETF,0.984,0.988,0.983,0.984,16666.0,1643281.0,-0.1,0.85,0.51,-0.001
2018-08-30,159954,H股ETF,0.988,0.99,0.98,0.98,21812.0,2147516.0,-0.41,1.12,1.02,-0.004
2018-08-31,159954,H股ETF,0.965,0.974,0.965,0.972,5767.0,557936.0,-0.82,0.3,0.92,-0.008
2018-09-03,159954,H股ETF,0.97,0.971,0.964,0.966,972.0,93934.0,-0.62,0.05,0.72,-0.006
2018-09-04,159954,H股ETF,0.962,0.976,0.962,0.976,19561.0,1886722.0,1.04,1.0,1.45,0.01
2018-09-05,159954,H股ETF,0.974,0.974,0.957,0.957,5508.0,529342.0,-1.95,0.28,1.74,-0.019
2018-09-06,159954,H股ETF,0.957,0.957,0.944,0.946,2615.0,249050.0,-1.15,0.13,1.36,-0.011
2018-09-07,159954,H股ETF,0.951,0.96,0.947,0.95,7031.0,667443.0,0.42,0.36,1.37,0.004
2018-09-10,159954,H股ETF,0.946,0.946,0.938,0.939,1694.0,159427.0,-1.16,0.09,0.84,-0.011
2018-09-11,159954,H股ETF,0.942,0.942,0.932,0.935,4797.0,450386.0,-0.43,0.25,1.06,-0.004
2018-09-12,159954,H股ETF,0.931,0.931,0.923,0.925,4545.0,420758.0,-1.07,0.23,0.86,-0.01
2018-09-13,159954,H股ETF,0.932,0.946,0.932,0.946,20821.0,1966631.0,2.27,1.07,1.51,0.021
2018-09-14,159954,H股ETF,0.951,0.955,0.946,0.955,7950.0,756341.0,0.95,0.41,0.95,0.009
2018-09-17,159954,H股ETF,0.946,0.946,0.94,0.944,26759.0,2526009.0,-1.15,1.37,0.63,-0.011
2018-09-18,159954,H股ETF,0.937,0.955,0.937,0.955,35365.0,3343362.0,1.17,1.81,1.91,0.011
2018-09-19,159954,H股ETF,0.957,0.973,0.957,0.972,7194.0,696101.0,1.78,0.37,1.68,0.017
2018-09-20,159954,H股ETF,1.069,1.069,0.969,0.971,9739.0,948686.0,-0.1,0.5,10.29,-0.001
2018-09-21,159954,H股ETF,0.98,0.998,0.979,0.997,34282.0,3386819.0,2.68,1.76,1.96,0.026
2018-09-25,159954,H股ETF,0.977,0.983,0.977,0.983,19359.0,1895970.0,-1.4,0.99,0.6,-0.014
2018-09-26,159954,H股ETF,0.984,1.004,0.984,0.998,21521.0,2145121.0,1.53,1.1,2.03,0.015
2018-09-27,159954,H股ETF,1.0,1.0,0.988,0.989,7870.0,779980.0,-0.9,0.4,1.2,-0.009
2018-09-28,159954,H股ETF,0.993,1.005,0.993,0.997,45610.0,4565350.0,0.81,2.34,1.21,0.008
2018-10-08,159954,H股ETF,0.981,0.981,0.944,0.944,80216.0,7639622.0,-5.32,4.11,3.71,-0.053
2018-10-09,159954,H股ETF,0.948,0.955,0.943,0.949,18730.0,1780418.0,0.53,0.96,1.27,0.005
2018-10-10,159954,H股ETF,0.948,0.959,0.948,0.95,43221.0,4113955.0,0.11,2.22,1.16,0.001
2018-10-11,159954,H股ETF,0.92,0.923,0.91,0.912,51437.0,4713389.0,-4.0,2.64,1.37,-0.038
2018-10-12,159954,H股ETF,0.919,0.936,0.919,0.932,50441.0,4680937.0,2.19,2.59,1.86,0.02
2018-10-15,159954,H股ETF,0.928,0.933,0.921,0.922,11160.0,1033122.0,-1.07,0.57,1.29,-0.01
2018-10-16,159954,H股ETF,0.922,0.937,0.921,0.923,24840.0,2306735.0,0.11,1.27,1.74,0.001
2018-10-17,159954,H股ETF,0.931,0.935,0.93,0.934,38324.0,3575968.0,1.19,1.96,0.54,0.011
2018-10-18,159954,H股ETF,0.933,0.933,0.914,0.916,61869.0,5719501.0,-1.93,3.17,2.03,-0.018
2018-10-19,159954,H股ETF,0.911,0.938,0.911,0.935,14844.0,1363821.0,2.07,0.76,2.95,0.019
2018-10-22,159954,H股ETF,0.94,0.964,0.938,0.958,37609.0,3590859.0,2.46,1.93,2.78,0.023
2018-10-23,159954,H股ETF,0.951,0.953,0.928,0.93,32435.0,3056554.0,-2.92,1.66,2.61,-0.028
2018-10-24,159954,H股ETF,0.931,0.944,0.925,0.931,21278.0,1984715.0,0.11,1.09,2.04,0.001
2018-10-25,159954,H股ETF,0.92,0.924,0.911,0.922,22207.0,2036200.0,-0.97,1.14,1.4,-0.009
2018-10-26,159954,H股ETF,0.926,0.93,0.912,0.921,22875.0,2106844.0,-0.11,1.17,1.95,-0.001
2018-10-29,159954,H股ETF,0.925,0.925,0.91,0.912,37054.0,3391880.0,-0.98,1.9,1.63,-0.009
2018-10-30,159954,H股ETF,0.914,0.927,0.909,0.915,29287.0,2685388.0,0.33,1.5,1.97,0.003
2018-10-31,159954,H股ETF,0.923,0.925,0.918,0.923,15753.0,1450244.0,0.87,0.81,0.77,0.008
2018-11-01,159954,H股ETF,0.932,0.943,0.932,0.937,20734.0,1946826.0,1.52,1.06,1.19,0.014
2018-11-02,159954,H股ETF,0.948,0.97,0.948,0.964,27542.0,2648733.0,2.88,1.41,2.35,0.027
2018-11-05,159954,H股ETF,0.955,0.96,0.95,0.957,8400.0,803623.0,-0.73,0.43,1.04,-0.007
2018-11-06,159954,H股ETF,0.959,0.96,0.955,0.959,13937.0,1335555.0,0.21,0.71,0.52,0.002
2018-11-07,159954,H股ETF,0.965,0.979,0.96,0.964,20043.0,1939600.0,0.52,1.03,1.98,0.005
2018-11-08,159954,H股ETF,0.968,0.981,0.968,0.975,12231.0,1196433.0,1.14,0.63,1.35,0.011
2018-11-09,159954,H股ETF,0.961,0.961,0.949,0.95,54315.0,5183239.0,-2.56,2.78,1.23,-0.025
2018-11-12,159954,H股ETF,0.95,0.959,0.947,0.956,38773.0,3695936.0,0.63,1.99,1.26,0.006
2018-11-13,159954,H股ETF,0.956,0.957,0.935,0.95,26180.0,2477816.0,-0.63,1.34,2.3,-0.006
2018-11-14,159954,H股ETF,0.956,0.956,0.949,0.95,9234.0,879606.0,0.0,0.47,0.74,0.0
2018-11-15,159954,H股ETF,0.949,0.959,0.949,0.957,17867.0,1704413.0,0.74,0.92,1.05,0.007
2018-11-16,159954,H股ETF,0.958,0.966,0.953,0.96,29070.0,2795119.0,0.31,1.49,1.36,0.003
2018-11-19,159954,H股ETF,0.963,0.971,0.963,0.966,33715.0,3257762.0,0.63,1.73,0.83,0.006
2018-11-20,159954,H股ETF,0.956,0.958,0.949,0.952,14918.0,1421990.0,-1.45,0.76,0.93,-0.014
2018-11-21,159954,H股ETF,0.947,0.953,0.94,0.953,22619.0,2147343.0,0.11,1.16,1.37,0.001
2018-11-22,159954,H股ETF,0.965,0.965,0.947,0.952,17634.0,1677019.0,-0.1,0.9,1.89,-0.001
2018-11-23,159954,H股ETF,0.949,0.95,0.942,0.945,14751.0,1395802.0,-0.74,0.76,0.84,-0.007
2018-11-26,159954,H股ETF,0.953,0.962,0.95,0.957,25364.0,2421349.0,1.27,1.3,1.27,0.012
2018-11-27,159954,H股ETF,0.96,0.961,0.951,0.957,25570.0,2448715.0,0.0,1.31,1.04,0.0
2018-11-28,159954,H股ETF,0.96,0.972,0.96,0.971,35497.0,3430150.0,1.46,1.82,1.25,0.014
2018-11-29,159954,H股ETF,0.985,0.985,0.964,0.965,15856.0,1545942.0,-0.62,0.81,2.16,-0.006
2018-11-30,159954,H股ETF,0.968,0.975,0.968,0.972,46404.0,4507832.0,0.73,2.38,0.73,0.007
2018-12-03,159954,H股ETF,1.002,1.002,0.99,0.99,36772.0,3659965.0,1.85,1.88,1.23,0.018
2018-12-04,159954,H股ETF,0.996,0.996,0.977,0.982,29160.0,2861521.0,-0.81,1.49,1.92,-0.008
2018-12-05,159954,H股ETF,0.982,0.982,0.968,0.973,16500.0,1603312.0,-0.92,0.85,1.43,-0.009
2018-12-06,159954,H股ETF,0.97,0.97,0.881,0.947,25260.0,2392895.0,-2.67,1.29,9.15,-0.026
2018-12-07,159954,H股ETF,0.952,0.954,0.946,0.946,6406.0,607979.0,-0.11,0.33,0.84,-0.001
2018-12-10,159954,H股ETF,0.94,0.94,0.926,0.931,19551.0,1818736.0,-1.59,1.0,1.48,-0.015
2018-12-11,159954,H股ETF,0.923,0.936,0.923,0.93,47704.0,4435126.0,-0.11,2.45,1.4,-0.001
2018-12-12,159954,H股ETF,0.935,0.946,0.935,0.946,60246.0,5675936.0,1.72,3.09,1.18,0.016
2018-12-13,159954,H股ETF,0.95,0.959,0.947,0.957,10827.0,1033409.0,1.16,0.55,1.27,0.011
2018-12-14,159954,H股ETF,0.943,0.945,0.941,0.942,17500.0,1649579.0,-1.57,0.9,0.42,-0.015
2018-12-17,159954,H股ETF,0.942,0.945,0.937,0.943,35472.0,3343173.0,0.11,1.82,0.85,0.001
2018-12-18,159954,H股ETF,0.941,0.944,0.926,0.928,44109.0,4134479.0,-1.59,2.26,1.91,-0.015
2018-12-19,159954,H股ETF,0.928,0.93,0.923,0.924,22028.0,2042876.0,-0.43,1.13,0.75,-0.004
2018-12-20,159954,H股ETF,0.921,0.925,0.911,0.914,38301.0,3516071.0,-1.08,1.96,1.52,-0.01
2018-12-21,159954,H股ETF,0.909,0.913,0.902,0.913,12934.0,1173332.0,-0.11,0.66,1.2,-0.001
2018-12-24,159954,H股ETF,0.91,0.916,0.906,0.913,10238.0,935018.0,0.0,0.52,1.1,0.0
2018-12-25,159954,H股ETF,0.915,0.915,0.89,0.896,19613.0,1784568.0,-1.86,1.01,2.74,-0.017
2018-12-26,159954,H股ETF,0.901,0.902,0.894,0.894,7865.0,708975.0,-0.22,0.4,0.89,-0.002
2018-12-27,159954,H股ETF,0.934,0.934,0.906,0.908,24441.0,2243552.0,1.57,1.25,3.13,0.014
2018-12-28,159954,H股ETF,0.908,0.909,0.903,0.905,19243.0,1744618.0,-0.33,0.99,0.66,-0.003
2019-01-02,159954,H股ETF,0.912,0.912,0.886,0.888,27987.0,2508264.0,-1.88,1.43,2.87,-0.017
2019-01-03,159954,H股ETF,0.889,0.895,0.884,0.886,6358.0,565602.0,-0.23,0.33,1.24,-0.002
2019-01-04,159954,H股ETF,0.89,0.904,0.889,0.904,7877.0,707280.0,2.03,0.4,1.69,0.018
2019-01-07,159954,H股ETF,0.919,0.923,0.909,0.909,47143.0,4307450.0,0.55,2.42,1.55,0.005
2019-01-08,159954,H股ETF,0.909,0.915,0.907,0.91,18183.0,1654053.0,0.11,0.93,0.88,0.001
2019-01-09,159954,H股ETF,0.91,0.934,0.91,0.928,9179.0,852679.0,1.98,0.47,2.64,0.018
2019-01-10,159954,H股ETF,0.919,0.928,0.919,0.923,4988.0,461272.0,-0.54,0.26,0.97,-0.005
2019-01-11,159954,H股ETF,0.928,0.928,0.923,0.925,2833.0,261830.0,0.22,0.15,0.54,0.002
2019-01-14,159954,H股ETF,0.916,0.916,0.909,0.912,9137.0,832731.0,-1.41,0.47,0.76,-0.013
2019-01-15,159954,H股ETF,0.916,0.929,0.916,0.928,9009.0,833129.0,1.75,0.46,1.43,0.016
2019-01-16,159954,H股ETF,0.926,0.934,0.923,0.934,22297.0,2070682.0,0.65,1.14,1.19,0.006
2019-01-17,159954,H股ETF,0.933,0.94,0.928,0.93,15983.0,1494939.0,-0.43,0.82,1.28,-0.004
2019-01-18,159954,H股ETF,0.938,0.945,0.938,0.944,14022.0,1319179.0,1.51,0.72,0.75,0.014
2019-01-21,159954,H股ETF,0.945,0.953,0.945,0.95,10341.0,979532.0,0.64,0.53,0.85,0.006
2019-01-22,159954,H股ETF,0.951,0.951,0.939,0.94,21725.0,2053787.0,-1.05,1.11,1.26,-0.01
2019-01-23,159954,H股ETF,0.941,0.951,0.941,0.945,14258.0,1352083.0,0.53,0.73,1.06,0.005
2019-01-24,159954,H股ETF,0.944,0.95,0.942,0.948,7247.0,684822.0,0.32,0.37,0.85,0.003
2019-01-25,159954,H股ETF,0.955,0.963,0.955,0.962,10826.0,1039274.0,1.48,0.55,0.84,0.014
2019-01-28,159954,H股ETF,0.966,0.968,0.957,0.96,10699.0,1030231.0,-0.21,0.55,1.14,-0.002
2019-01-29,159954,H股ETF,0.955,0.961,0.951,0.958,11843.0,1131049.0,-0.21,0.61,1.04,-0.002
2019-01-30,159954,H股ETF,0.952,0.96,0.952,0.955,9647.0,921367.0,-0.31,0.49,0.84,-0.003
2019-01-31,159954,H股ETF,0.959,0.971,0.959,0.968,5527.0,535289.0,1.36,0.28,1.26,0.013
2019-02-01,159954,H股ETF,0.976,0.977,0.969,0.974,20276.0,1973036.0,0.62,1.04,0.83,0.006
2019-02-11,159954,H股ETF,0.966,0.975,0.963,0.975,36501.0,3534931.0,0.1,1.87,1.23,0.001
2019-02-12,159954,H股ETF,0.977,0.98,0.974,0.978,28063.0,2742384.0,0.31,1.44,0.62,0.003
2019-02-13,159954,H股ETF,0.981,0.989,0.978,0.989,26947.0,2646882.0,1.12,1.38,1.12,0.011
2019-02-14,159954,H股ETF,0.987,0.989,0.985,0.986,1861.0,183468.0,-0.3,0.1,0.4,-0.003
2019-02-15,159954,H股ETF,0.986,0.986,0.967,0.967,5407.0,525983.0,-1.93,0.28,1.93,-0.019
2019-02-18,159954,H股ETF,0.975,0.986,0.975,0.984,8344.0,820154.0,1.76,0.43,1.14,0.017
2019-02-19,159954,H股ETF,0.988,0.994,0.982,0.984,9038.0,893816.0,0.0,0.46,1.22,0.0
2019-02-20,159954,H股ETF,0.989,0.994,0.982,0.985,13209.0,1306280.0,0.1,0.68,1.22,0.001
2019-02-21,159954,H股ETF,0.986,0.994,0.985,0.989,4364.0,431323.0,0.41,0.22,0.91,0.004
2019-02-22,159954,H股ETF,0.986,0.995,0.983,0.995,19027.0,1881850.0,0.61,0.98,1.21,0.006
2019-02-25,159954,H股ETF,1.0,1.019,0.999,1.017,78366.0,7890228.0,2.21,4.02,2.01,0.022
2019-02-26,159954,H股ETF,1.017,1.02,1.006,1.007,20576.0,2085877.0,-0.98,1.05,1.38,-0.01
2019-02-27,159954,H股ETF,1.007,1.014,1.0,1.002,108103.0,10898246.0,-0.5,5.54,1.39,-0.005
2019-02-28,159954,H股ETF,1.005,1.005,0.994,0.995,6668.0,665040.0,-0.7,0.34,1.1,-0.007
2019-03-01,159954,H股ETF,0.997,1.005,0.997,1.004,18430.0,1844304.0,0.9,0.94,0.8,0.009
2019-03-04,159954,H股ETF,1.005,1.026,1.005,1.012,41958.0,4261773.0,0.8,2.15,2.09,0.008
2019-03-05,159954,H股ETF,1.012,1.013,1.003,1.012,10865.0,1096392.0,0.0,0.56,0.99,0.0
2019-03-06,159954,H股ETF,1.013,1.016,1.01,1.014,47489.0,4810859.0,0.2,2.43,0.59,0.002
2019-03-07,159954,H股ETF,1.012,1.012,1.003,1.004,36469.0,3673204.0,-0.99,1.87,0.89,-0.01
2019-03-08,159954,H股ETF,1.005,1.005,0.982,0.983,14832.0,1468724.0,-2.09,0.76,2.29,-0.021
2019-03-11,159954,H股ETF,0.982,0.989,0.981,0.987,11998.0,1182992.0,0.41,0.61,0.81,0.004
2019-03-12,159954,H股ETF,0.992,1.006,0.992,0.997,29552.0,2960968.0,1.01,1.51,1.42,0.01
2019-03-13,159954,H股ETF,1.001,1.002,0.995,0.996,3956.0,394545.0,-0.1,0.2,0.7,-0.001
2019-03-14,159954,H股ETF,0.997,1.001,0.995,0.996,2221.0,221814.0,0.0,0.11,0.6,0.0
2019-03-15,159954,H股ETF,1.001,1.013,1.001,1.009,22071.0,2225984.0,1.31,1.13,1.2,0.013
2019-03-18,159954,H股ETF,1.009,1.016,1.008,1.016,12951.0,1311906.0,0.69,0.66,0.79,0.007
2019-03-19,159954,H股ETF,1.015,1.022,1.015,1.016,14285.0,1453512.0,0.0,0.73,0.69,0.0
2019-03-20,159954,H股ETF,1.016,1.021,1.013,1.017,15062.0,1532829.0,0.1,0.77,0.79,0.001
2019-03-21,159954,H股ETF,1.015,1.019,1.009,1.009,49760.0,5054402.0,-0.79,2.55,0.98,-0.008
2019-03-22,159954,H股ETF,1.01,1.012,0.998,1.002,17410.0,1748115.0,-0.69,0.89,1.39,-0.007
2019-03-25,159954,H股ETF,1.0,1.0,0.982,0.985,34347.0,3390190.0,-1.7,1.76,1.8,-0.017
2019-03-26,159954,H股ETF,0.986,0.99,0.979,0.982,6736.0,664822.0,-0.3,0.35,1.12,-0.003
2019-03-27,159954,H股ETF,0.984,0.994,0.984,0.99,2317.0,229247.0,0.81,0.12,1.02,0.008
2019-03-28,159954,H股ETF,0.993,0.993,0.985,0.992,2325.0,230148.0,0.2,0.12,0.81,0.002
2019-03-29,159954,H股ETF,0.992,1.002,0.992,1.001,5646.0,564706.0,0.91,0.29,1.01,0.009
2019-04-01,159954,H股ETF,1.004,1.017,1.004,1.011,10921.0,1106054.0,1.0,0.56,1.3,0.01
2019-04-02,159954,H股ETF,1.014,1.018,1.011,1.011,7098.0,719551.0,0.0,0.36,0.69,0.0
2019-04-03,159954,H股ETF,1.015,1.019,1.013,1.018,34599.0,3517800.0,0.69,1.77,0.59,0.007
2019-04-04,159954,H股ETF,1.02,1.028,1.016,1.019,16604.0,1694881.0,0.1,0.85,1.18,0.001
2019-04-08,159954,H股ETF,1.019,1.033,1.019,1.028,13881.0,1427047.0,0.88,0.71,1.37,0.009
2019-04-09,159954,H股ETF,1.029,1.035,1.027,1.032,33624.0,3467861.0,0.39,1.72,0.78,0.004
2019-04-10,159954,H股ETF,1.028,1.032,1.025,1.031,19890.0,2046239.0,-0.1,1.02,0.68,-0.001
2019-04-11,159954,H股ETF,1.031,1.035,1.018,1.022,18638.0,1910979.0,-0.87,0.96,1.65,-0.009
2019-04-12,159954,H股ETF,1.017,1.02,1.015,1.02,11073.0,1126271.0,-0.2,0.57,0.49,-0.002
2019-04-15,159954,H股ETF,1.024,1.039,1.023,1.024,10889.0,1123296.0,0.39,0.56,1.57,0.004
2019-04-16,159954,H股ETF,1.02,1.033,1.017,1.033,12756.0,1309277.0,0.88,0.65,1.56,0.009
2019-04-17,159954,H股ETF,1.036,1.039,1.032,1.036,8946.0,927701.0,0.29,0.46,0.68,0.003
2019-04-18,159954,H股ETF,1.032,1.032,1.027,1.028,4623.0,476574.0,-0.77,0.24,0.48,-0.008
2019-04-19,159954,H股ETF,1.03,1.032,1.029,1.032,18840.0,1941350.0,0.39,0.97,0.29,0.004
2019-04-22,159954,H股ETF,1.035,1.035,1.029,1.029,14565.0,1499898.0,-0.29,0.75,0.58,-0.003
2019-04-23,159954,H股ETF,1.025,1.029,1.019,1.028,6107.0,625848.0,-0.1,0.31,0.97,-0.001
2019-04-24,159954,H股ETF,1.032,1.032,1.018,1.024,4269.0,437548.0,-0.39,0.22,1.36,-0.004
2019-04-25,159954,H股ETF,1.02,1.022,1.011,1.012,6787.0,690626.0,-1.17,0.35,1.07,-0.012
2019-04-26,159954,H股ETF,1.011,1.013,1.008,1.008,2509.0,253504.0,-0.4,0.13,0.49,-0.004
2019-04-29,159954,H股ETF,1.01,1.02,1.01,1.018,4315.0,439173.0,0.99,0.22,0.99,0.01
2019-04-30,159954,H股ETF,1.018,1.018,1.01,1.013,12104.0,1225327.0,-0.49,0.62,0.79,-0.005
2019-05-06,159954,H股ETF,1.011,1.011,0.983,0.985,10220.0,1008378.0,-2.76,0.52,2.76,-0.028
2019-05-07,159954,H股ETF,0.988,0.997,0.988,0.992,10245.0,1018275.0,0.71,0.53,0.91,0.007
2019-05-08,159954,H股ETF,0.992,0.992,0.978,0.978,5514.0,541538.0,-1.41,0.28,1.41,-0.014
2019-05-09,159954,H股ETF,0.977,0.979,0.963,0.964,12001.0,1161239.0,-1.43,0.62,1.64,-0.014
2019-05-10,159954,H股ETF,0.965,0.979,0.959,0.971,14234.0,1381266.0,0.73,0.73,2.07,0.007
2019-05-13,159954,H股ETF,0.969,0.969,0.962,0.964,2726.0,262632.0,-0.72,0.14,0.72,-0.007
2019-05-14,159954,H股ETF,0.964,0.968,0.961,0.964,6305.0,607641.0,0.0,0.32,0.73,0.0
2019-05-15,159954,H股ETF,0.966,0.974,0.966,0.974,20717.0,2011140.0,1.04,1.06,0.83,0.01
2019-05-16,159954,H股ETF,0.972,0.976,0.967,0.975,3541.0,343965.0,0.1,0.18,0.92,0.001
2019-05-17,159954,H股ETF,0.973,0.973,0.965,0.967,4403.0,426619.0,-0.82,0.23,0.82,-0.008
2019-05-20,159954,H股ETF,0.968,0.968,0.958,0.959,2370.0,227859.0,-0.83,0.12,1.03,-0.008
2019-05-21,159954,H股ETF,0.957,0.968,0.957,0.964,2196.0,211423.0,0.52,0.11,1.15,0.005
2019-05-22,159954,H股ETF,0.965,0.965,0.959,0.96,190.0,18273.0,-0.41,0.01,0.62,-0.004
2019-05-23,159954,H股ETF,0.958,0.958,0.945,0.945,10068.0,959360.0,-1.56,0.52,1.35,-0.015
2019-05-24,159954,H股ETF,0.947,0.955,0.947,0.954,2274.0,216420.0,0.95,0.12,0.85,0.009
2019-05-27,159954,H股ETF,0.952,0.952,0.94,0.95,6871.0,648581.0,-0.42,0.35,1.26,-0.004
2019-05-28,159954,H股ETF,0.948,0.956,0.948,0.952,6633.0,633359.0,0.21,0.34,0.84,0.002
2019-05-29,159954,H股ETF,0.951,0.957,0.946,0.952,4734.0,449376.0,0.0,0.24,1.16,0.0
2019-05-30,159954,H股ETF,0.95,0.953,0.947,0.952,5432.0,515940.0,0.0,0.28,0.63,0.0
2019-05-31,159954,H股ETF,0.952,0.957,0.95,0.95,471.0,44862.0,-0.21,0.02,0.74,-0.002
2019-06-03,159954,H股ETF,0.949,0.954,0.947,0.954,714.0,67797.0,0.42,0.04,0.74,0.004
2019-06-04,159954,H股ETF,0.952,0.952,0.944,0.944,751.0,71080.0,-1.05,0.04,0.84,-0.01
2019-06-05,159954,H股ETF,0.946,0.955,0.946,0.946,229.0,21705.0,0.21,0.01,0.95,0.002
2019-06-06,159954,H股ETF,0.945,0.947,0.941,0.944,3358.0,316623.0,-0.21,0.17,0.63,-0.002
2019-06-10,159954,H股ETF,0.948,0.966,0.948,0.964,9081.0,869714.0,2.12,0.47,1.91,0.02
2019-06-11,159954,H股ETF,0.966,0.975,0.966,0.973,2653.0,257919.0,0.93,0.14,0.93,0.009
2019-06-12,159954,H股ETF,0.966,0.967,0.961,0.962,964.0,93037.0,-1.13,0.05,0.62,-0.011
2019-06-13,159954,H股ETF,0.958,0.961,0.95,0.959,4638.0,441391.0,-0.31,0.24,1.14,-0.003
2019-06-14,159954,H股ETF,0.957,0.959,0.957,0.957,223.0,21344.0,-0.21,0.01,0.21,-0.002
2019-06-17,159954,H股ETF,0.962,0.965,0.958,0.96,5863.0,563413.0,0.31,0.3,0.73,0.003
2019-06-18,159954,H股ETF,0.958,0.966,0.958,0.966,6669.0,641002.0,0.63,0.34,0.83,0.006
2019-06-19,159954,H股ETF,0.981,0.987,0.979,0.982,14940.0,1467768.0,1.66,0.77,0.83,0.016
2019-06-20,159954,H股ETF,0.987,0.994,0.987,0.993,6059.0,600404.0,1.12,0.31,0.71,0.011
2019-06-21,159954,H股ETF,0.996,0.996,0.993,0.995,17043.0,1696109.0,0.2,0.87,0.3,0.002
2019-06-24,159954,H股ETF,0.994,1.003,0.994,0.999,992.0,99021.0,0.4,0.05,0.9,0.004
2019-06-25,159954,H股ETF,1.0,1.0,0.984,0.988,3597.0,355947.0,-1.1,0.18,1.6,-0.011
2019-06-26,159954,H股ETF,0.983,0.99,0.983,0.99,2737.0,270406.0,0.2,0.14,0.71,0.002
2019-06-27,159954,H股ETF,0.997,1.002,0.993,1.001,10535.0,1052125.0,1.11,0.54,0.91,0.011
2019-06-28,159954,H股ETF,0.997,0.999,0.993,0.993,4451.0,443219.0,-0.8,0.23,0.6,-0.008
2019-07-01,159954,H股ETF,1.0,1.011,0.997,1.011,37376.0,3747935.0,1.81,1.92,1.41,0.018
2019-07-02,159954,H股ETF,1.01,1.018,1.01,1.013,39052.0,3970347.0,0.2,2.0,0.79,0.002
2019-07-03,159954,H股ETF,1.011,1.011,1.006,1.006,2526.0,254563.0,-0.69,0.13,0.49,-0.007
2019-07-04,159954,H股ETF,1.01,1.011,1.006,1.006,13872.0,1398459.0,0.0,0.71,0.5,0.0
2019-07-05,159954,H股ETF,1.006,1.01,1.004,1.008,10163.0,1024275.0,0.2,0.52,0.6,0.002
2019-07-08,159954,H股ETF,1.0,1.0,0.99,0.992,6547.0,650063.0,-1.59,0.34,0.99,-0.016
2019-07-09,159954,H股ETF,0.99,0.99,0.983,0.987,8329.0,821777.0,-0.5,0.43,0.71,-0.005
2019-07-10,159954,H股ETF,0.991,0.991,0.987,0.988,23061.0,2280575.0,0.1,1.18,0.41,0.001
2019-07-11,159954,H股ETF,0.993,1.0,0.993,0.994,10160.0,1011985.0,0.61,0.52,0.71,0.006
2019-07-12,159954,H股ETF,0.997,0.998,0.995,0.996,5116.0,509602.0,0.2,0.26,0.3,0.002
2019-07-15,159954,H股ETF,0.99,0.997,0.982,0.996,5191.0,512481.0,0.0,0.27,1.51,0.0
2019-07-16,159954,H股ETF,0.993,0.999,0.993,0.999,5680.0,567070.0,0.3,0.29,0.6,0.003
2019-07-17,159954,H股ETF,0.996,0.999,0.994,0.999,7154.0,712543.0,0.0,0.37,0.5,0.0
2019-07-18,159954,H股ETF,0.996,0.996,0.991,0.994,2864.0,285144.0,-0.5,0.15,0.5,-0.005
2019-07-19,159954,H股ETF,0.995,1.008,0.995,1.007,4911.0,493871.0,1.31,0.25,1.31,0.013
2019-07-22,159954,H股ETF,1.002,1.003,0.997,0.999,7648.0,764965.0,-0.79,0.39,0.6,-0.008
2019-07-23,159954,H股ETF,0.997,1.0,0.997,0.998,433.0,43218.0,-0.1,0.02,0.3,-0.001
2019-07-24,159954,H股ETF,1.003,1.008,1.003,1.003,6780.0,681880.0,0.5,0.35,0.5,0.005
2019-07-25,159954,H股ETF,1.005,1.007,1.005,1.007,756.0,76071.0,0.4,0.04,0.2,0.004
2019-07-26,159954,H股ETF,0.997,1.003,0.997,1.002,6064.0,606979.0,-0.5,0.31,0.6,-0.005
2019-07-29,159954,H股ETF,1.0,1.0,0.991,0.991,7024.0,699115.0,-1.1,0.36,0.9,-0.011
2019-07-30,159954,H股ETF,0.998,1.001,0.998,1.0,6352.0,635354.0,0.91,0.33,0.3,0.009
2019-07-31,159954,H股ETF,0.995,0.995,0.984,0.986,11210.0,1105613.0,-1.4,0.57,1.1,-0.014
2019-08-01,159954,H股ETF,0.983,0.985,0.98,0.981,11158.0,1094631.0,-0.51,0.57,0.51,-0.005
2019-08-02,159954,H股ETF,0.976,0.976,0.961,0.966,9588.0,924396.0,-1.53,0.49,1.53,-0.015
2019-08-05,159954,H股ETF,0.955,0.961,0.949,0.957,48882.0,4669949.0,-0.93,2.51,1.24,-0.009
2019-08-06,159954,H股ETF,0.948,0.957,0.934,0.943,36617.0,3448417.0,-1.46,1.88,2.4,-0.014
2019-08-07,159954,H股ETF,0.948,0.949,0.94,0.945,20240.0,1911059.0,0.21,1.04,0.95,0.002
2019-08-08,159954,H股ETF,0.948,0.953,0.947,0.951,14384.0,1366703.0,0.63,0.74,0.63,0.006
2019-08-09,159954,H股ETF,0.955,0.955,0.948,0.95,12521.0,1190351.0,-0.11,0.64,0.74,-0.001
2019-08-12,159954,H股ETF,0.95,0.955,0.949,0.955,11378.0,1083726.0,0.53,0.58,0.63,0.005
2019-08-13,159954,H股ETF,0.948,0.948,0.936,0.937,15845.0,1487291.0,-1.88,0.81,1.26,-0.018
2019-08-14,159954,H股ETF,0.941,0.95,0.934,0.936,31569.0,2970114.0,-0.11,1.62,1.71,-0.001
2019-08-15,159954,H股ETF,0.934,0.935,0.921,0.935,73887.0,6880335.0,-0.11,3.79,1.5,-0.001
2019-08-16,159954,H股ETF,0.935,0.943,0.931,0.94,51512.0,4829176.0,0.53,2.64,1.28,0.005
2019-08-19,159954,H股ETF,0.944,0.955,0.944,0.954,31130.0,2955455.0,1.49,1.6,1.17,0.014
2019-08-20,159954,H股ETF,0.954,0.958,0.951,0.957,21137.0,2019983.0,0.31,1.08,0.73,0.003
2019-08-21,159954,H股ETF,0.956,0.958,0.955,0.957,10418.0,996876.0,0.0,0.53,0.31,0.0
2019-08-22,159954,H股ETF,0.958,0.958,0.952,0.954,36399.0,3476999.0,-0.31,1.87,0.63,-0.003
2019-08-23,159954,H股ETF,0.956,0.964,0.956,0.964,21289.0,2046092.0,1.05,1.09,0.84,0.01
2019-08-26,159954,H股ETF,0.954,0.954,0.943,0.952,30898.0,2931781.0,-1.24,1.58,1.14,-0.012
2019-08-27,159954,H股ETF,0.955,0.962,0.955,0.958,10687.0,1023812.0,0.63,0.55,0.74,0.006
2019-08-28,159954,H股ETF,0.956,0.963,0.956,0.958,7201.0,691974.0,0.0,0.37,0.73,0.0
2019-08-29,159954,H股ETF,0.958,0.96,0.952,0.953,41688.0,3979984.0,-0.52,2.14,0.84,-0.005
2019-08-30,159954,H股ETF,0.962,0.969,0.955,0.956,35618.0,3433519.0,0.31,1.83,1.47,0.003
2019-09-02,159954,H股ETF,0.96,0.964,0.958,0.963,27645.0,2657958.0,0.73,1.42,0.63,0.007
2019-09-03,159954,H股ETF,0.962,0.967,0.96,0.961,34007.0,3274852.0,-0.21,1.74,0.73,-0.002
2019-09-04,159954,H股ETF,0.961,0.984,0.961,0.977,43976.0,4274531.0,1.66,2.25,2.39,0.016
2019-09-05,159954,H股ETF,0.981,0.992,0.979,0.982,28158.0,2778379.0,0.51,1.44,1.33,0.005
2019-09-06,159954,H股ETF,0.991,0.996,0.987,0.991,54875.0,5443105.0,0.92,2.81,0.92,0.009
2019-09-09,159954,H股ETF,1.0,1.001,0.992,0.993,20713.0,2058013.0,0.2,1.06,0.91,0.002
2019-09-10,159954,H股ETF,0.994,0.995,0.989,0.989,15248.0,1511332.0,-0.4,0.78,0.6,-0.004
2019-09-11,159954,H股ETF,0.993,1.007,0.992,1.005,32857.0,3295275.0,1.62,1.68,1.52,0.016
2019-09-12,159954,H股ETF,1.008,1.018,1.004,1.015,56064.0,5670865.0,1.0,2.87,1.39,0.01
2019-09-16,159954,H股ETF,1.016,1.016,1.002,1.005,24973.0,2514580.0,-0.99,1.28,1.38,-0.01
2019-09-17,159954,H股ETF,1.003,1.004,0.995,0.997,17591.0,1757839.0,-0.8,0.9,0.9,-0.008
2019-09-18,159954,H股ETF,0.999,1.002,0.998,0.998,3314.0,331318.0,0.1,0.17,0.4,0.001
2019-09-19,159954,H股ETF,0.997,0.997,0.989,0.99,20568.0,2040881.0,-0.8,1.05,0.8,-0.008
2019-09-20,159954,H股ETF,0.992,0.993,0.989,0.99,51791.0,5133545.0,0.0,2.65,0.4,0.0
2019-09-23,159954,H股ETF,0.988,0.988,0.981,0.984,24390.0,2396059.0,-0.61,1.25,0.71,-0.006
2019-09-24,159954,H股ETF,0.984,0.986,0.982,0.983,19598.0,1927271.0,-0.1,1.0,0.41,-0.001
2019-09-25,159954,H股ETF,0.981,0.981,0.97,0.971,20434.0,1989186.0,-1.22,1.05,1.12,-0.012
2019-09-26,159954,H股ETF,0.976,0.979,0.972,0.974,32323.0,3148327.0,0.31,1.66,0.72,0.003
2019-09-27,159954,H股ETF,0.972,0.974,0.968,0.971,9807.0,951690.0,-0.31,0.5,0.62,-0.003
2019-09-30,159954,H股ETF,0.971,0.978,0.964,0.976,15564.0,1513511.0,0.51,0.8,1.44,0.005
2019-10-08,159954,H股ETF,0.976,0.984,0.97,0.977,23774.0,2323083.0,0.1,1.22,1.43,0.001
2019-10-09,159954,H股ETF,0.977,0.98,0.972,0.975,12420.0,1211710.0,-0.2,0.64,0.82,-0.002
2019-10-10,159954,H股ETF,0.973,0.977,0.97,0.977,14734.0,1435949.0,0.21,0.76,0.72,0.002
2019-10-11,159954,H股ETF,0.979,0.994,0.979,0.991,18009.0,1779901.0,1.43,0.92,1.54,0.014
2019-10-14,159954,H股ETF,0.997,0.999,0.99,0.994,21263.0,2116978.0,0.3,1.09,0.91,0.003
2019-10-15,159954,H股ETF,0.992,1.0,0.992,0.999,32440.0,3232010.0,0.5,1.66,0.8,0.005
2019-10-16,159954,H股ETF,0.998,1.009,0.998,1.003,6830.0,685012.0,0.4,0.35,1.1,0.004
2019-10-17,159954,H股ETF,1.005,1.011,1.004,1.004,10988.0,1107134.0,0.1,0.56,0.7,0.001
2019-10-18,159954,H股ETF,1.006,1.01,0.999,0.999,13151.0,1318599.0,-0.5,0.67,1.1,-0.005
2019-10-21,159954,H股ETF,0.998,1.001,0.997,1.0,3285.0,327709.0,0.1,0.17,0.4,0.001
2019-10-22,159954,H股ETF,0.999,1.0,0.997,1.0,13421.0,1340113.0,0.0,0.69,0.3,0.0
2019-10-23,159954,H股ETF,1.0,1.0,0.99,0.991,6008.0,598270.0,-0.9,0.31,1.0,-0.009
2019-10-24,159954,H股ETF,0.993,0.997,0.992,0.997,10156.0,1010043.0,0.61,0.52,0.5,0.006
2019-10-25,159954,H股ETF,0.995,0.996,0.99,0.995,11299.0,1122536.0,-0.2,0.58,0.6,-0.002
2019-10-28,159954,H股ETF,0.997,1.003,0.995,1.002,14756.0,1475521.0,0.7,0.76,0.8,0.007
2019-10-29,159954,H股ETF,1.004,1.005,0.997,0.997,12316.0,1234325.0,-0.5,0.63,0.8,-0.005
2019-10-30,159954,H股ETF,0.998,0.998,0.99,0.991,6458.0,640711.0,-0.6,0.33,0.8,-0.006
2019-10-31,159954,H股ETF,0.995,0.998,0.992,0.993,33995.0,3378589.0,0.2,1.74,0.61,0.002
2019-11-01,159954,H股ETF,0.994,1.003,0.994,1.003,14652.0,1464583.0,1.01,0.75,0.91,0.01
2019-11-04,159954,H股ETF,1.004,1.015,1.004,1.013,15741.0,1595064.0,1.0,0.81,1.1,0.01
2019-11-05,159954,H股ETF,1.016,1.023,1.013,1.018,27247.0,2776747.0,0.49,1.4,0.99,0.005
2019-11-06,159954,H股ETF,1.012,1.018,1.01,1.016,21931.0,2222089.0,-0.2,1.12,0.79,-0.002
2019-11-07,159954,H股ETF,1.017,1.019,1.014,1.015,7319.0,744401.0,-0.1,0.38,0.49,-0.001
2019-11-08,159954,H股ETF,1.018,1.02,1.012,1.012,14335.0,1455130.0,-0.3,0.73,0.79,-0.003
2019-11-11,159954,H股ETF,1.01,1.01,0.991,0.993,16549.0,1647847.0,-1.88,0.85,1.88,-0.019
2019-11-12,159954,H股ETF,0.996,1.001,0.995,1.0,8121.0,811446.0,0.7,0.42,0.6,0.007
2019-11-13,159954,H股ETF,0.996,0.996,0.985,0.986,19364.0,1911858.0,-1.4,0.99,1.1,-0.014
2019-11-14,159954,H股ETF,0.99,0.992,0.982,0.982,17975.0,1777210.0,-0.41,0.92,1.01,-0.004
2019-11-15,159954,H股ETF,0.987,0.987,0.982,0.983,8800.0,866648.0,0.1,0.45,0.51,0.001
2019-11-18,159954,H股ETF,0.985,0.993,0.985,0.992,8947.0,886064.0,0.92,0.46,0.81,0.009
2019-11-19,159954,H股ETF,0.994,1.008,0.994,1.008,17181.0,1724740.0,1.61,0.88,1.41,0.016
2019-11-20,159954,H股ETF,1.0,1.021,1.0,1.013,47919.0,4835388.0,0.5,2.46,2.08,0.005
2019-11-21,159954,H股ETF,1.013,1.013,0.996,1.0,19869.0,1988840.0,-1.28,1.02,1.68,-0.013
2019-11-22,159954,H股ETF,0.998,1.002,0.996,0.997,4485.0,448344.0,-0.3,0.23,0.6,-0.003
2019-11-25,159954,H股ETF,1.005,1.007,1.001,1.005,11665.0,1171308.0,0.8,0.6,0.6,0.008
2019-11-26,159954,H股ETF,1.009,1.015,1.004,1.006,5061.0,509967.0,0.1,0.26,1.09,0.001
2019-11-27,159954,H股ETF,1.003,1.015,1.003,1.005,3724.0,374438.0,-0.1,0.19,1.19,-0.001
2019-11-28,159954,H股ETF,1.004,1.004,1.001,1.003,393.0,39405.0,-0.2,0.02,0.3,-0.002
2019-11-29,159954,H股ETF,0.996,0.997,0.977,0.994,4505.0,444388.0,-0.9,0.23,1.99,-0.009
2019-12-02,159954,H股ETF,0.987,0.994,0.985,0.985,6323.0,624201.0,-0.91,0.32,0.91,-0.009
2019-12-03,159954,H股ETF,0.988,1.021,0.974,0.981,5917.0,581661.0,-0.41,0.3,4.77,-0.004
2019-12-04,159954,H股ETF,0.982,0.982,0.978,0.978,3781.0,370226.0,-0.31,0.19,0.41,-0.003
2019-12-05,159954,H股ETF,0.978,0.984,0.978,0.982,2625.0,257683.0,0.41,0.13,0.61,0.004
2019-12-06,159954,H股ETF,0.981,0.987,0.98,0.982,9129.0,896176.0,0.0,0.47,0.71,0.0
2019-12-09,159954,H股ETF,0.984,0.988,0.982,0.983,8483.0,835420.0,0.1,0.43,0.61,0.001
2019-12-10,159954,H股ETF,0.98,0.987,0.98,0.986,2747.0,270998.0,0.31,0.14,0.71,0.003
2019-12-11,159954,H股ETF,0.985,0.995,0.984,0.994,6305.0,624830.0,0.81,0.32,1.12,0.008
2019-12-12,159954,H股ETF,1.0,1.008,1.0,1.006,7299.0,733404.0,1.21,0.37,0.8,0.012
2019-12-13,159954,H股ETF,1.008,1.016,1.008,1.016,7202.0,728766.0,0.99,0.37,0.8,0.01
2019-12-16,159954,H股ETF,1.017,1.025,1.014,1.02,5115.0,521979.0,0.39,0.26,1.08,0.004
2019-12-17,159954,H股ETF,1.023,1.033,1.023,1.028,26605.0,2738256.0,0.78,1.36,0.98,0.008
2019-12-18,159954,H股ETF,1.028,1.037,1.028,1.032,8628.0,891427.0,0.39,0.44,0.88,0.004
2019-12-19,159954,H股ETF,1.033,1.037,1.028,1.032,11675.0,1205558.0,0.0,0.6,0.87,0.0
2019-12-20,159954,H股ETF,1.035,1.039,1.033,1.034,7267.0,753129.0,0.19,0.37,0.58,0.002
2019-12-23,159954,H股ETF,1.034,1.041,1.034,1.038,3151.0,327161.0,0.39,0.16,0.68,0.004
2019-12-24,159954,H股ETF,1.037,1.042,1.037,1.041,6312.0,656774.0,0.29,0.32,0.48,0.003
2019-12-25,159954,H股ETF,1.037,1.04,1.036,1.036,3164.0,328471.0,-0.48,0.16,0.38,-0.005
2019-12-26,159954,H股ETF,1.035,1.041,1.035,1.041,10468.0,1087876.0,0.48,0.54,0.58,0.005
2019-12-27,159954,H股ETF,1.042,1.056,1.042,1.052,23439.0,2468870.0,1.06,1.2,1.34,0.011
2019-12-30,159954,H股ETF,1.054,1.06,1.052,1.057,13544.0,1431308.0,0.48,0.69,0.76,0.005
2019-12-31,159954,H股ETF,1.058,1.058,1.048,1.049,17742.0,1866976.0,-0.76,0.91,0.95,-0.008
2020-01-02,159954,H股ETF,1.049,1.063,1.049,1.06,13788.0,1459852.0,1.05,0.71,1.33,0.011
2020-01-03,159954,H股ETF,1.061,1.07,1.056,1.06,12414.0,1319262.0,0.0,0.64,1.32,0.0
2020-01-06,159954,H股ETF,1.06,1.06,1.044,1.046,10413.0,1095218.0,-1.32,0.53,1.51,-0.014
2020-01-07,159954,H股ETF,1.055,1.058,1.052,1.054,13415.0,1413296.0,0.76,0.69,0.57,0.008
2020-01-08,159954,H股ETF,1.049,1.053,1.041,1.041,16915.0,1767101.0,-1.23,0.87,1.14,-0.013
2020-01-09,159954,H股ETF,1.05,1.052,1.048,1.052,19418.0,2038647.0,1.06,1.0,0.38,0.011
2020-01-10,159954,H股ETF,1.054,1.055,1.051,1.053,3871.0,407825.0,0.1,0.2,0.38,0.001
2020-01-13,159954,H股ETF,1.054,1.061,1.053,1.061,3882.0,410603.0,0.76,0.2,0.76,0.008
2020-01-14,159954,H股ETF,1.063,1.063,1.054,1.054,7144.0,756489.0,-0.66,0.37,0.85,-0.007
2020-01-15,159954,H股ETF,1.054,1.063,1.049,1.052,39784.0,4194274.0,-0.19,2.04,1.33,-0.002
2020-01-16,159954,H股ETF,1.052,1.063,1.051,1.055,20758.0,2191473.0,0.29,1.06,1.14,0.003
2020-01-17,159954,H股ETF,1.054,1.058,1.05,1.052,13876.0,1461804.0,-0.28,0.71,0.76,-0.003
2020-01-20,159954,H股ETF,1.054,1.062,1.052,1.054,13115.0,1385057.0,0.19,0.67,0.95,0.002
2020-01-21,159954,H股ETF,1.053,1.053,1.031,1.031,17808.0,1850025.0,-2.18,0.91,2.09,-0.023
2020-01-22,159954,H股ETF,1.036,1.05,1.032,1.048,7917.0,826135.0,1.65,0.41,1.75,0.017
2020-01-23,159954,H股ETF,1.04,1.04,1.024,1.025,3637.0,375563.0,-2.19,0.19,1.53,-0.023
2020-02-03,159954,H股ETF,0.954,0.987,0.954,0.978,15056.0,1472087.0,-4.59,0.77,3.22,-0.047
2020-02-04,159954,H股ETF,0.978,0.998,0.978,0.998,9275.0,915211.0,2.04,0.48,2.04,0.02
2020-02-05,159954,H股ETF,1.008,1.04,0.987,0.996,12262.0,1221900.0,-0.2,0.63,5.31,-0.002
2020-02-06,159954,H股ETF,0.997,1.017,0.997,1.017,14747.0,1485785.0,2.11,0.76,2.01,0.021
2020-02-07,159954,H股ETF,1.01,1.02,1.004,1.007,11455.0,1152538.0,-0.98,0.59,1.57,-0.01
2020-02-10,159954,H股ETF,1.001,1.009,1.001,1.009,7293.0,733710.0,0.2,0.37,0.79,0.002
2020-02-11,159954,H股ETF,1.013,1.026,1.013,1.025,11752.0,1198359.0,1.59,0.6,1.29,0.016
2020-02-12,159954,H股ETF,1.023,1.03,1.021,1.03,1194.0,122570.0,0.49,0.06,0.88,0.005
2020-02-13,159954,H股ETF,1.029,1.03,1.025,1.027,6472.0,664741.0,-0.29,0.33,0.49,-0.003
2020-02-14,159954,H股ETF,1.028,1.033,1.028,1.028,6407.0,659386.0,0.1,0.33,0.49,0.001
2020-02-17,159954,H股ETF,1.026,1.04,1.026,1.038,11530.0,1192088.0,0.97,0.59,1.36,0.01
2020-02-18,159954,H股ETF,1.033,1.033,1.021,1.028,9943.0,1019001.0,-0.96,0.51,1.16,-0.01
2020-02-19,159954,H股ETF,1.028,1.034,1.025,1.03,22202.0,2287679.0,0.19,1.14,0.88,0.002
2020-02-20,159954,H股ETF,1.029,1.035,1.025,1.033,27007.0,2779142.0,0.29,1.38,0.97,0.003
2020-02-21,159954,H股ETF,1.032,1.032,1.019,1.024,24769.0,2536948.0,-0.87,1.27,1.26,-0.009
2020-02-24,159954,H股ETF,1.023,1.023,1.003,1.007,15214.0,1531153.0,-1.66,0.78,1.95,-0.017
2020-02-25,159954,H股ETF,0.991,1.004,0.991,1.0,10938.0,1093938.0,-0.7,0.56,1.29,-0.007
2020-02-26,159954,H股ETF,0.993,0.998,0.984,0.994,13566.0,1345115.0,-0.6,0.7,1.4,-0.006
2020-02-27,159954,H股ETF,0.995,0.995,0.988,0.994,9702.0,961640.0,0.0,0.5,0.7,0.0
2020-02-28,159954,H股ETF,0.985,0.996,0.974,0.975,29414.0,2876965.0,-1.91,1.51,2.21,-0.019
2020-03-02,159954,H股ETF,0.985,0.993,0.98,0.99,26338.0,2602834.0,1.54,1.35,1.33,0.015
2020-03-03,159954,H股ETF,1.0,1.0,0.994,0.996,11923.0,1189689.0,0.61,0.61,0.61,0.006
2020-03-04,159954,H股ETF,0.994,0.995,0.987,0.994,11737.0,1163355.0,-0.2,0.6,0.8,-0.002
2020-03-05,159954,H股ETF,0.996,1.013,0.996,1.013,23780.0,2387229.0,1.91,1.22,1.71,0.019
2020-03-06,159954,H股ETF,1.01,1.01,0.989,0.99,45110.0,4482858.0,-2.27,2.31,2.07,-0.023
2020-03-09,159954,H股ETF,0.99,0.99,0.946,0.949,157302.0,14978917.0,-4.14,8.06,4.44,-0.041
2020-03-10,159954,H股ETF,0.952,0.965,0.942,0.963,91961.0,8768493.0,1.48,4.71,2.42,0.014
2020-03-11,159954,H股ETF,0.958,0.96,0.949,0.949,28763.0,2744235.0,-1.45,1.47,1.14,-0.014
2020-03-12,159954,H股ETF,0.941,0.941,0.91,0.921,70112.0,6445694.0,-2.95,3.59,3.27,-0.028
2020-03-13,159954,H股ETF,0.875,0.919,0.83,0.902,178536.0,15896035.0,-2.06,9.15,9.66,-0.019
2020-03-16,159954,H股ETF,0.9,0.901,0.876,0.878,78795.0,6985763.0,-2.66,4.04,2.77,-0.024
2020-03-17,159954,H股ETF,0.884,0.9,0.855,0.871,89959.0,7822336.0,-0.8,4.61,5.13,-0.007
2020-03-18,159954,H股ETF,0.88,0.883,0.843,0.846,67263.0,5816273.0,-2.87,3.45,4.59,-0.025
2020-03-19,159954,H股ETF,0.846,0.846,0.8,0.826,184949.0,15152963.0,-2.36,9.48,5.44,-0.02
2020-03-20,159954,H股ETF,0.84,0.868,0.828,0.864,104635.0,8920680.0,4.6,5.36,4.84,0.038
2020-03-23,159954,H股ETF,0.84,0.855,0.83,0.845,104845.0,8857217.0,-2.2,5.37,2.89,-0.019
2020-03-24,159954,H股ETF,0.866,0.885,0.866,0.883,104992.0,9200881.0,4.5,5.38,2.25,0.038
2020-03-25,159954,H股ETF,0.901,0.91,0.892,0.905,201564.0,18176823.0,2.49,10.33,2.04,0.022
2020-03-26,159954,H股ETF,0.901,0.916,0.898,0.906,123577.0,11212750.0,0.11,6.33,1.99,0.001
2020-03-27,159954,H股ETF,0.915,0.919,0.905,0.907,95515.0,8706538.0,0.11,4.9,1.55,0.001
2020-03-30,159954,H股ETF,0.896,0.91,0.875,0.904,122442.0,11011041.0,-0.33,6.28,3.86,-0.003
2020-03-31,159954,H股ETF,0.918,0.921,0.9,0.907,99014.0,9007496.0,0.33,5.07,2.32,0.003
2020-04-01,159954,H股ETF,0.912,0.919,0.895,0.897,112905.0,10261081.0,-1.1,5.79,2.65,-0.01
2020-04-02,159954,H股ETF,0.895,0.909,0.889,0.909,97391.0,8765674.0,1.34,4.99,2.23,0.012
2020-04-03,159954,H股ETF,0.909,0.909,0.902,0.905,101886.0,9220845.0,-0.44,5.22,0.77,-0.004
2020-04-07,159954,H股ETF,0.914,0.935,0.914,0.931,100162.0,9297933.0,2.87,5.13,2.32,0.026
2020-04-08,159954,H股ETF,0.932,0.932,0.921,0.922,107559.0,9974299.0,-0.97,5.51,1.18,-0.009
2020-04-09,159954,H股ETF,0.925,0.933,0.924,0.932,137213.0,12749606.0,1.08,7.03,0.98,0.01
2020-04-10,159954,H股ETF,0.93,0.935,0.929,0.931,51812.0,4830831.0,-0.11,2.66,0.64,-0.001
2020-04-13,159954,H股ETF,0.929,0.931,0.924,0.925,62953.0,5833578.0,-0.64,3.23,0.75,-0.006
2020-04-14,159954,H股ETF,0.927,0.939,0.927,0.937,96735.0,9032911.0,1.3,4.96,1.3,0.012
2020-04-15,159954,H股ETF,0.937,0.942,0.928,0.93,76081.0,7118985.0,-0.75,3.9,1.49,-0.007
2020-04-16,159954,H股ETF,0.927,0.929,0.92,0.925,68285.0,6310011.0,-0.54,3.5,0.97,-0.005
2020-04-17,159954,H股ETF,0.93,0.945,0.93,0.939,129581.0,12187025.0,1.51,6.64,1.62,0.014
2020-04-20,159954,H股ETF,0.937,0.943,0.932,0.939,60228.0,5647672.0,0.0,3.09,1.17,0.0
2020-04-21,159954,H股ETF,0.937,0.937,0.917,0.923,38426.0,3547371.0,-1.7,1.97,2.13,-0.016
2020-04-22,159954,H股ETF,0.919,0.927,0.912,0.926,79862.0,7345162.0,0.33,4.09,1.63,0.003
2020-04-23,159954,H股ETF,0.927,0.935,0.925,0.928,29524.0,2743145.0,0.22,1.51,1.08,0.002
2020-04-24,159954,H股ETF,0.923,0.928,0.911,0.926,34055.0,3146943.0,-0.22,1.75,1.83,-0.002
2020-04-27,159954,H股ETF,0.927,0.943,0.927,0.941,92631.0,8699407.0,1.62,4.75,1.73,0.015
2020-04-28,159954,H股ETF,0.941,0.95,0.937,0.948,100707.0,9534095.0,0.74,5.16,1.38,0.007
2020-04-29,159954,H股ETF,0.951,0.96,0.951,0.953,100198.0,9570260.0,0.53,5.14,0.95,0.005
2020-04-30,159954,H股ETF,0.96,0.967,0.955,0.966,110866.0,10651377.0,1.36,5.68,1.26,0.013
2020-05-06,159954,H股ETF,0.943,0.945,0.936,0.944,92735.0,8718243.0,-2.28,4.75,0.93,-0.022
2020-05-07,159954,H股ETF,0.944,0.944,0.937,0.937,61869.0,5804649.0,-0.74,3.17,0.74,-0.007
2020-05-08,159954,H股ETF,0.939,0.948,0.939,0.945,87367.0,8257891.0,0.85,4.48,0.96,0.008
2020-05-11,159954,H股ETF,0.95,0.962,0.95,0.955,75691.0,7252250.0,1.06,3.88,1.27,0.01
2020-05-12,159954,H股ETF,0.949,0.951,0.941,0.943,62650.0,5913275.0,-1.26,3.21,1.05,-0.012
2020-05-13,159954,H股ETF,0.942,0.948,0.935,0.946,67955.0,6403516.0,0.32,3.48,1.38,0.003
2020-05-14,159954,H股ETF,0.943,0.943,0.929,0.93,135324.0,12623701.0,-1.69,6.94,1.48,-0.016
2020-05-15,159954,H股ETF,0.934,0.937,0.925,0.928,123121.0,11471995.0,-0.22,6.31,1.29,-0.002
2020-05-18,159954,H股ETF,0.93,0.936,0.926,0.934,60752.0,5669997.0,0.65,3.11,1.08,0.006
2020-05-19,159954,H股ETF,0.947,0.958,0.947,0.954,136533.0,13018452.0,2.14,7.0,1.18,0.02
2020-05-20,159954,H股ETF,0.954,0.955,0.948,0.95,116651.0,11088051.0,-0.42,5.98,0.73,-0.004
2020-05-21,159954,H股ETF,0.954,0.954,0.943,0.947,152209.0,14407076.0,-0.32,7.8,1.16,-0.003
2020-05-22,159954,H股ETF,0.943,0.943,0.905,0.912,360010.0,32988223.0,-3.7,18.45,4.01,-0.035
2020-05-25,159954,H股ETF,0.912,0.918,0.905,0.915,103206.0,9407943.0,0.33,5.29,1.43,0.003
2020-05-26,159954,H股ETF,0.92,0.931,0.92,0.93,72071.0,6694688.0,1.64,3.69,1.2,0.015
2020-05-27,159954,H股ETF,0.932,0.933,0.921,0.924,60687.0,5626666.0,-0.65,3.11,1.29,-0.006
2020-05-28,159954,H股ETF,0.924,0.939,0.916,0.926,96285.0,8954093.0,0.22,4.94,2.49,0.002
2020-05-29,159954,H股ETF,0.92,0.928,0.918,0.924,84380.0,7802123.0,-0.22,4.32,1.08,-0.002
2020-06-01,159954,H股ETF,0.939,0.955,0.939,0.954,47760.0,4549213.0,3.25,2.45,1.73,0.03
2020-06-02,159954,H股ETF,0.955,0.958,0.95,0.955,80731.0,7697560.0,0.1,4.14,0.84,0.001
2020-06-03,159954,H股ETF,0.962,0.968,0.961,0.962,45283.0,4366509.0,0.73,2.32,0.73,0.007
2020-06-04,159954,H股ETF,0.97,0.973,0.962,0.963,69752.0,6740537.0,0.1,3.58,1.14,0.001
2020-06-05,159954,H股ETF,0.963,0.968,0.962,0.967,70464.0,6800649.0,0.42,3.61,0.62,0.004
2020-06-08,159954,H股ETF,0.973,0.978,0.964,0.967,57090.0,5546012.0,0.0,2.93,1.45,0.0
2020-06-09,159954,H股ETF,0.967,0.981,0.967,0.979,38611.0,3764995.0,1.24,1.98,1.45,0.012
2020-06-10,159954,H股ETF,0.982,0.983,0.975,0.977,18786.0,1837774.0,-0.2,0.96,0.82,-0.002
2020-06-11,159954,H股ETF,0.972,0.976,0.959,0.962,40800.0,3955349.0,-1.54,2.09,1.74,-0.015
2020-06-12,159954,H股ETF,0.945,0.953,0.941,0.947,71875.0,6808397.0,-1.56,3.68,1.25,-0.015
2020-06-15,159954,H股ETF,0.948,0.949,0.929,0.932,174752.0,16372430.0,-1.58,8.96,2.11,-0.015
2020-06-16,159954,H股ETF,0.95,0.956,0.948,0.951,40168.0,3822672.0,2.04,2.06,0.86,0.019
2020-06-17,159954,H股ETF,0.95,0.955,0.947,0.954,49544.0,4710621.0,0.32,2.54,0.84,0.003
2020-06-18,159954,H股ETF,0.948,0.957,0.945,0.954,75337.0,7164194.0,0.0,3.86,1.26,0.0
2020-06-19,159954,H股ETF,0.955,0.966,0.954,0.963,36694.0,3521874.0,0.94,1.88,1.26,0.009
2020-06-22,159954,H股ETF,0.958,0.962,0.952,0.956,30999.0,2966162.0,-0.73,1.59,1.04,-0.007
2020-06-23,159954,H股ETF,0.956,0.962,0.944,0.961,59464.0,5675634.0,0.52,3.05,1.88,0.005
2020-06-24,159954,H股ETF,0.966,0.969,0.962,0.963,19847.0,1914945.0,0.21,1.02,0.73,0.002
2020-06-29,159954,H股ETF,0.962,0.962,0.941,0.944,97598.0,9245609.0,-1.97,5.0,2.18,-0.019
2020-06-30,159954,H股ETF,0.948,0.953,0.94,0.944,63267.0,5999798.0,0.0,3.24,1.38,0.0
2020-07-01,159954,H股ETF,0.945,0.95,0.943,0.95,85170.0,8055940.0,0.64,4.37,0.74,0.006
2020-07-02,159954,H股ETF,0.953,0.974,0.953,0.974,108472.0,10467593.0,2.53,5.56,2.21,0.024
2020-07-03,159954,H股ETF,0.98,0.999,0.98,0.999,112384.0,11135822.0,2.57,5.76,1.95,0.025
2020-07-06,159954,H股ETF,1.008,1.089,1.008,1.063,258125.0,27004446.0,6.41,13.23,8.11,0.064
2020-07-07,159954,H股ETF,1.095,1.119,1.038,1.038,262117.0,27774904.0,-2.35,13.43,7.62,-0.025
2020-07-08,159954,H股ETF,1.044,1.051,1.035,1.045,151393.0,15794171.0,0.67,7.76,1.54,0.007
2020-07-09,159954,H股ETF,1.047,1.053,1.04,1.042,88277.0,9233912.0,-0.29,4.52,1.24,-0.003
2020-07-10,159954,H股ETF,1.038,1.04,1.021,1.022,68003.0,7010953.0,-1.92,3.49,1.82,-0.02
2020-07-13,159954,H股ETF,1.023,1.037,1.023,1.03,45755.0,4712696.0,0.78,2.35,1.37,0.008
2020-07-14,159954,H股ETF,1.028,1.028,1.008,1.013,130619.0,13263105.0,-1.65,6.69,1.94,-0.017
2020-07-15,159954,H股ETF,1.018,1.026,1.004,1.006,62787.0,6356477.0,-0.69,3.22,2.17,-0.007
2020-07-16,159954,H股ETF,1.008,1.009,0.985,0.986,78275.0,7795041.0,-1.99,4.01,2.39,-0.02
2020-07-17,159954,H股ETF,0.992,0.996,0.984,0.988,185374.0,18352922.0,0.2,9.5,1.22,0.002
2020-07-20,159954,H股ETF,0.991,1.0,0.98,0.997,109120.0,10817941.0,0.91,5.59,2.02,0.009
2020-07-21,159954,H股ETF,1.004,1.011,1.002,1.007,142875.0,14383130.0,1.0,7.32,0.9,0.01
2020-07-22,159954,H股ETF,1.005,1.014,1.002,1.005,73076.0,7359176.0,-0.2,3.75,1.19,-0.002
2020-07-23,159954,H股ETF,1.004,1.004,0.986,0.995,154027.0,15319035.0,-1.0,7.89,1.79,-0.01
2020-07-24,159954,H股ETF,0.993,0.993,0.973,0.977,76612.0,7508437.0,-1.81,3.93,2.01,-0.018
2020-07-27,159954,H股ETF,0.986,0.989,0.975,0.98,70167.0,6895341.0,0.31,3.6,1.43,0.003
2020-07-28,159954,H股ETF,0.989,0.989,0.979,0.983,52090.0,5122558.0,0.31,2.67,1.02,0.003
2020-07-29,159954,H股ETF,0.98,0.991,0.979,0.987,132819.0,13110808.0,0.41,6.81,1.22,0.004
2020-07-30,159954,H股ETF,0.989,0.991,0.98,0.98,40867.0,4026441.0,-0.71,2.09,1.11,-0.007
2020-07-31,159954,H股ETF,0.984,0.988,0.975,0.978,60714.0,5952978.0,-0.2,3.11,1.33,-0.002
2020-08-03,159954,H股ETF,0.978,0.978,0.965,0.972,89528.0,8682159.0,-0.61,4.59,1.33,-0.006
2020-08-04,159954,H股ETF,0.977,0.991,0.977,0.989,79446.0,7803475.0,1.75,4.07,1.44,0.017
2020-08-05,159954,H股ETF,0.989,0.991,0.981,0.988,39310.0,3877511.0,-0.1,2.01,1.01,-0.001
2020-08-06,159954,H股ETF,0.989,0.992,0.973,0.978,77312.0,7583131.0,-1.01,3.96,1.92,-0.01
2020-08-07,159954,H股ETF,0.978,0.982,0.966,0.969,30613.0,2978144.0,-0.92,1.57,1.64,-0.009
2020-08-10,159954,H股ETF,0.97,0.973,0.962,0.969,107073.0,10367666.0,0.0,5.49,1.14,0.0
2020-08-11,159954,H股ETF,0.97,0.985,0.97,0.973,115795.0,11336128.0,0.41,5.94,1.55,0.004
2020-08-12,159954,H股ETF,0.973,0.981,0.968,0.98,74217.0,7218529.0,0.72,3.8,1.34,0.007
2020-08-13,159954,H股ETF,0.985,0.99,0.981,0.983,79382.0,7812685.0,0.31,4.07,0.92,0.003
2020-08-14,159954,H股ETF,0.985,0.994,0.982,0.992,57922.0,5736523.0,0.92,2.97,1.22,0.009
2020-08-17,159954,H股ETF,0.992,1.008,0.988,1.0,95490.0,9538823.0,0.81,4.89,2.02,0.008
2020-08-18,159954,H股ETF,1.003,1.003,0.998,1.0,51435.0,5143423.0,0.0,2.64,0.5,0.0
2020-08-19,159954,H股ETF,0.999,1.003,0.989,0.99,104807.0,10422341.0,-1.0,5.37,1.4,-0.01
2020-08-20,159954,H股ETF,0.99,0.99,0.972,0.974,85602.0,8356690.0,-1.62,4.39,1.82,-0.016
2020-08-21,159954,H股ETF,0.978,0.984,0.977,0.982,25931.0,2539132.0,0.82,1.33,0.72,0.008
2020-08-24,159954,H股ETF,0.985,0.994,0.985,0.989,22162.0,2193970.0,0.71,1.14,0.92,0.007
2020-08-25,159954,H股ETF,0.989,0.993,0.984,0.988,44806.0,4421334.0,-0.1,2.3,0.91,-0.001
2020-08-26,159954,H股ETF,0.989,0.994,0.984,0.986,36547.0,3604256.0,-0.2,1.87,1.01,-0.002
2020-08-27,159954,H股ETF,0.982,0.987,0.976,0.978,38986.0,3816747.0,-0.81,2.0,1.12,-0.008
2020-08-28,159954,H股ETF,0.976,0.987,0.975,0.985,22031.0,2161614.0,0.72,1.13,1.23,0.007
2020-08-31,159954,H股ETF,0.985,0.991,0.966,0.969,91665.0,8941939.0,-1.62,4.7,2.54,-0.016
2020-09-01,159954,H股ETF,0.969,0.97,0.949,0.953,75408.0,7198379.0,-1.65,3.86,2.17,-0.016
2020-09-02,159954,H股ETF,0.956,0.956,0.946,0.956,123199.0,11724275.0,0.31,6.31,1.05,0.003
2020-09-03,159954,H股ETF,0.957,0.958,0.947,0.949,114051.0,10868247.0,-0.73,5.85,1.15,-0.007
2020-09-04,159954,H股ETF,0.947,0.947,0.93,0.936,105367.0,9844701.0,-1.37,5.4,1.79,-0.013
2020-09-07,159954,H股ETF,0.936,0.942,0.927,0.928,127753.0,11924126.0,-0.85,6.55,1.6,-0.008
2020-09-08,159954,H股ETF,0.929,0.936,0.924,0.934,71795.0,6677895.0,0.65,3.68,1.29,0.006
2020-09-09,159954,H股ETF,0.922,0.929,0.921,0.923,82621.0,7634194.0,-1.18,4.23,0.86,-0.011
2020-09-10,159954,H股ETF,0.926,0.93,0.923,0.925,32625.0,3024092.0,0.22,1.67,0.76,0.002
2020-09-11,159954,H股ETF,0.925,0.927,0.92,0.927,21906.0,2023187.0,0.22,1.12,0.76,0.002
2020-09-14,159954,H股ETF,0.927,0.935,0.927,0.932,45596.0,4246787.0,0.54,2.34,0.86,0.005
2020-09-15,159954,H股ETF,0.932,0.932,0.925,0.929,48655.0,4518714.0,-0.32,2.49,0.75,-0.003
2020-09-16,159954,H股ETF,0.931,0.933,0.927,0.93,21082.0,1959547.0,0.11,1.08,0.65,0.001
2020-09-17,159954,H股ETF,0.93,0.93,0.916,0.917,31850.0,2927801.0,-1.4,1.63,1.51,-0.013
2020-09-18,159954,H股ETF,0.92,0.927,0.915,0.925,32126.0,2961002.0,0.87,1.65,1.31,0.008
2020-09-21,159954,H股ETF,0.926,0.928,0.912,0.913,122819.0,11267071.0,-1.3,6.3,1.73,-0.012
2020-09-22,159954,H股ETF,0.91,0.913,0.904,0.906,48945.0,4451809.0,-0.77,2.51,0.99,-0.007
2020-09-23,159954,H股ETF,0.906,0.907,0.9,0.903,53897.0,4872629.0,-0.33,2.76,0.77,-0.003
2020-09-24,159954,H股ETF,0.898,0.901,0.889,0.891,54273.0,4845502.0,-1.33,2.78,1.33,-0.012
2020-09-25,159954,H股ETF,0.892,0.898,0.884,0.886,46517.0,4137882.0,-0.56,2.38,1.57,-0.005
2020-09-28,159954,H股ETF,0.887,0.893,0.887,0.889,45449.0,4042798.0,0.34,2.33,0.68,0.003
2020-09-29,159954,H股ETF,0.892,0.895,0.883,0.884,29154.0,2588551.0,-0.56,1.49,1.35,-0.005
2020-09-30,159954,H股ETF,0.886,0.902,0.885,0.89,56056.0,5013970.0,0.68,2.87,1.92,0.006
2020-10-09,159954,H股ETF,0.91,0.91,0.898,0.899,57508.0,5190638.0,1.01,2.95,1.35,0.009
2020-10-12,159954,H股ETF,0.901,0.922,0.901,0.921,93460.0,8554205.0,2.45,4.79,2.34,0.022
2020-10-13,159954,H股ETF,0.922,0.924,0.919,0.921,20020.0,1843516.0,0.0,1.03,0.54,0.0
2020-10-14,159954,H股ETF,0.92,0.927,0.918,0.927,50381.0,4652604.0,0.65,2.58,0.98,0.006
2020-10-15,159954,H股ETF,0.92,0.922,0.916,0.917,71329.0,6552732.0,-1.08,3.66,0.65,-0.01
2020-10-16,159954,H股ETF,0.917,0.925,0.914,0.923,60944.0,5604747.0,0.65,3.12,1.2,0.006
2020-10-19,159954,H股ETF,0.925,0.935,0.925,0.925,107534.0,10001287.0,0.22,5.51,1.08,0.002
2020-10-20,159954,H股ETF,0.925,0.926,0.919,0.925,66342.0,6122202.0,0.0,3.4,0.76,0.0
2020-10-21,159954,H股ETF,0.927,0.931,0.925,0.929,64981.0,6030554.0,0.43,3.33,0.65,0.004
2020-10-22,159954,H股ETF,0.924,0.932,0.92,0.93,67787.0,6269999.0,0.11,3.47,1.29,0.001
2020-10-23,159954,H股ETF,0.938,0.939,0.929,0.932,111633.0,10416730.0,0.22,5.72,1.08,0.002
2020-10-26,159954,H股ETF,0.933,0.935,0.927,0.929,25018.0,2327614.0,-0.32,1.28,0.86,-0.003
2020-10-27,159954,H股ETF,0.93,0.933,0.924,0.928,53430.0,4955794.0,-0.11,2.74,0.97,-0.001
2020-10-28,159954,H股ETF,0.926,0.929,0.922,0.926,91628.0,8488664.0,-0.22,4.7,0.75,-0.002
2020-10-29,159954,H股ETF,0.926,0.928,0.912,0.922,91587.0,8435562.0,-0.43,4.69,1.73,-0.004
2020-10-30,159954,H股ETF,0.923,0.923,0.906,0.907,214802.0,19646065.0,-1.63,11.01,1.84,-0.015
2020-11-02,159954,H股ETF,0.91,0.92,0.91,0.918,135212.0,12375200.0,1.21,6.93,1.1,0.011
2020-11-03,159954,H股ETF,0.922,0.938,0.922,0.934,129775.0,12113135.0,1.74,6.65,1.74,0.016
2020-11-04,159954,H股ETF,0.933,0.944,0.926,0.943,224261.0,21033025.0,0.96,11.49,1.93,0.009
2020-11-05,159954,H股ETF,0.952,0.962,0.951,0.959,167382.0,16026690.0,1.7,8.58,1.17,0.016
2020-11-06,159954,H股ETF,0.965,0.968,0.959,0.96,115488.0,11115763.0,0.1,5.92,0.94,0.001
2020-11-09,159954,H股ETF,0.975,0.981,0.97,0.974,177210.0,17273875.0,1.46,9.08,1.15,0.014
2020-11-10,159954,H股ETF,0.982,0.986,0.966,0.97,159239.0,15529933.0,-0.41,8.16,2.05,-0.004
2020-11-11,159954,H股ETF,0.969,0.974,0.965,0.97,165346.0,16020093.0,0.0,8.47,0.93,0.0
2020-11-12,159954,H股ETF,0.971,0.982,0.971,0.974,157832.0,15394122.0,0.41,8.09,1.13,0.004
2020-11-13,159954,H股ETF,0.971,0.972,0.964,0.97,120602.0,11668824.0,-0.41,6.18,0.82,-0.004
2020-11-16,159954,H股ETF,0.987,0.987,0.967,0.97,142557.0,13826768.0,0.0,7.31,2.06,0.0
2020-11-17,159954,H股ETF,0.971,0.974,0.965,0.967,113047.0,10963751.0,-0.31,5.79,0.93,-0.003
2020-11-18,159954,H股ETF,0.966,0.973,0.965,0.968,98273.0,9524922.0,0.1,5.04,0.83,0.001
2020-11-19,159954,H股ETF,0.966,0.97,0.964,0.969,89151.0,8624400.0,0.1,4.57,0.62,0.001
2020-11-20,159954,H股ETF,0.967,0.97,0.964,0.968,62336.0,6032452.0,-0.1,3.19,0.62,-0.001
2020-11-23,159954,H股ETF,0.975,0.976,0.969,0.975,78714.0,7651100.0,0.72,4.03,0.72,0.007
2020-11-24,159954,H股ETF,0.976,0.98,0.97,0.972,81763.0,7953572.0,-0.31,4.19,1.03,-0.003
2020-11-25,159954,H股ETF,0.973,0.982,0.967,0.967,172738.0,16875188.0,-0.51,8.85,1.54,-0.005
2020-11-26,159954,H股ETF,0.969,0.974,0.968,0.973,79715.0,7743287.0,0.62,4.09,0.62,0.006
2020-11-27,159954,H股ETF,0.974,0.99,0.974,0.99,136327.0,13416919.0,1.75,6.99,1.64,0.017
2020-11-30,159954,H股ETF,0.991,0.997,0.975,0.977,137771.0,13592538.0,-1.31,7.06,2.22,-0.013
2020-12-01,159954,H股ETF,0.976,0.981,0.973,0.977,205593.0,20081182.0,0.0,10.54,0.82,0.0
2020-12-02,159954,H股ETF,0.98,0.98,0.965,0.97,165992.0,16076656.0,-0.72,8.51,1.54,-0.007
2020-12-03,159954,H股ETF,0.97,0.972,0.964,0.968,97240.0,9411184.0,-0.21,4.98,0.82,-0.002
2020-12-04,159954,H股ETF,0.968,0.969,0.965,0.967,90060.0,8707297.0,-0.1,4.62,0.41,-0.001
2020-12-07,159954,H股ETF,0.966,0.966,0.95,0.956,103559.0,9885138.0,-1.14,5.31,1.65,-0.011
2020-12-08,159954,H股ETF,0.956,0.956,0.951,0.954,64098.0,6113401.0,-0.21,3.29,0.52,-0.002
2020-12-09,159954,H股ETF,0.955,0.962,0.955,0.955,83759.0,8024513.0,0.1,4.29,0.73,0.001
2020-12-10,159954,H股ETF,0.957,0.958,0.949,0.952,81103.0,7717669.0,-0.31,4.16,0.94,-0.003
2020-12-11,159954,H股ETF,0.954,0.959,0.949,0.954,103751.0,9891230.0,0.21,5.32,1.05,0.002
2020-12-14,159954,H股ETF,0.956,0.957,0.95,0.953,49438.0,4716938.0,-0.1,2.53,0.73,-0.001
2020-12-15,159954,H股ETF,0.952,0.953,0.944,0.952,65055.0,6172334.0,-0.1,3.33,0.94,-0.001
2020-12-16,159954,H股ETF,0.953,0.957,0.95,0.953,61999.0,5912643.0,0.11,3.18,0.74,0.001
2020-12-17,159954,H股ETF,0.954,0.957,0.95,0.955,60810.0,5800172.0,0.21,3.12,0.73,0.002
2020-12-18,159954,H股ETF,0.956,0.96,0.951,0.953,70410.0,6722777.0,-0.21,3.61,0.94,-0.002
2020-12-21,159954,H股ETF,0.952,0.958,0.948,0.954,70408.0,6721376.0,0.1,3.61,1.05,0.001
2020-12-22,159954,H股ETF,0.953,0.955,0.944,0.945,69676.0,6625393.0,-0.94,3.57,1.15,-0.009
2020-12-23,159954,H股ETF,0.947,0.957,0.947,0.955,81285.0,7748589.0,1.06,4.17,1.06,0.01
2020-12-24,159954,H股ETF,0.954,0.956,0.951,0.953,76325.0,7279994.0,-0.21,3.91,0.52,-0.002
2020-12-25,159954,H股ETF,0.953,0.953,0.949,0.95,14311.0,1359738.0,-0.31,0.73,0.42,-0.003
2020-12-28,159954,H股ETF,0.949,0.949,0.939,0.942,110643.0,10443084.0,-0.84,5.67,1.05,-0.008
2020-12-29,159954,H股ETF,0.946,0.951,0.946,0.948,52879.0,5015801.0,0.64,2.71,0.53,0.006
2020-12-30,159954,H股ETF,0.949,0.964,0.949,0.961,43034.0,4128369.0,1.37,2.21,1.58,0.013
2020-12-31,159954,H股ETF,0.962,0.975,0.962,0.974,39338.0,3826136.0,1.35,2.02,1.35,0.013
2021-01-04,159954,H股ETF,0.974,0.975,0.963,0.967,59519.0,5770492.0,-0.72,3.05,1.23,-0.007
2021-01-05,159954,H股ETF,0.967,0.972,0.959,0.971,91690.0,8854180.0,0.41,4.7,1.34,0.004
2021-01-06,159954,H股ETF,0.975,0.978,0.968,0.977,54663.0,5325320.0,0.62,2.8,1.03,0.006
2021-01-07,159954,H股ETF,0.977,0.977,0.968,0.973,76894.0,7476133.0,-0.41,3.94,0.92,-0.004
2021-01-08,159954,H股ETF,0.974,0.991,0.973,0.988,151123.0,14839689.0,1.54,7.75,1.85,0.015
2021-01-11,159954,H股ETF,0.988,1.009,0.988,0.998,189121.0,18914551.0,1.01,9.69,2.13,0.01
2021-01-12,159954,H股ETF,0.996,1.011,0.996,1.01,201867.0,20280576.0,1.2,10.35,1.5,0.012
2021-01-13,159954,H股ETF,1.011,1.017,1.003,1.009,94061.0,9506216.0,-0.1,4.82,1.39,-0.001
2021-01-14,159954,H股ETF,1.015,1.019,1.011,1.017,116540.0,11830690.0,0.79,5.97,0.79,0.008
2021-01-15,159954,H股ETF,1.015,1.03,1.014,1.024,157500.0,16098860.0,0.69,8.07,1.57,0.007
2021-01-18,159954,H股ETF,1.027,1.05,1.024,1.044,232902.0,24179610.0,1.95,11.94,2.54,0.02
2021-01-19,159954,H股ETF,1.064,1.14,1.06,1.069,1143949.0,124023615.0,2.39,58.63,7.66,0.025
2021-01-20,159954,H股ETF,1.083,1.097,1.076,1.081,632937.0,68637227.0,1.12,32.44,1.96,0.012
2021-01-21,159954,H股ETF,1.08,1.098,1.071,1.073,358140.0,38636501.0,-0.74,18.36,2.5,-0.008
2021-01-22,159954,H股ETF,1.073,1.078,1.06,1.064,211375.0,22528635.0,-0.84,10.83,1.68,-0.009
2021-01-25,159954,H股ETF,1.063,1.089,1.063,1.089,238202.0,25770835.0,2.35,12.21,2.44,0.025
2021-01-26,159954,H股ETF,1.09,1.091,1.066,1.067,235055.0,25370266.0,-2.02,12.05,2.3,-0.022
2021-01-27,159954,H股ETF,1.071,1.075,1.056,1.068,268791.0,28625238.0,0.09,13.78,1.78,0.001
2021-01-28,159954,H股ETF,1.05,1.06,1.035,1.036,398319.0,41646759.0,-3.0,20.42,2.34,-0.032
2021-01-29,159954,H股ETF,1.046,1.046,1.02,1.029,421952.0,43602007.0,-0.68,21.63,2.51,-0.007
2021-02-01,159954,H股ETF,1.037,1.047,1.023,1.043,318038.0,32965043.0,1.36,16.3,2.33,0.014
2021-02-02,159954,H股ETF,1.055,1.069,1.054,1.061,188967.0,20070824.0,1.73,9.69,1.44,0.018
2021-02-03,159954,H股ETF,1.066,1.066,1.052,1.059,107975.0,11423590.0,-0.19,5.53,1.32,-0.002
2021-02-04,159954,H股ETF,1.058,1.062,1.038,1.052,173544.0,18236113.0,-0.66,8.89,2.27,-0.007
2021-02-05,159954,H股ETF,1.056,1.065,1.055,1.058,111021.0,11765632.0,0.57,5.69,0.95,0.006
2021-02-08,159954,H股ETF,1.062,1.068,1.055,1.057,54861.0,5812642.0,-0.09,2.81,1.23,-0.001
2021-02-09,159954,H股ETF,1.057,1.057,1.047,1.051,116902.0,12291070.0,-0.57,5.99,0.95,-0.006
2021-02-10,159954,H股ETF,1.056,1.069,1.056,1.068,98637.0,10496714.0,1.62,5.06,1.24,0.017
2021-02-18,159954,H股ETF,1.108,1.112,1.093,1.095,293077.0,32334948.0,2.53,15.02,1.78,0.027
2021-02-19,159954,H股ETF,1.094,1.096,1.077,1.095,147468.0,16036073.0,0.0,7.56,1.74,0.0
2021-02-22,159954,H股ETF,1.11,1.113,1.088,1.091,158928.0,17457276.0,-0.37,8.15,2.28,-0.004
2021-02-23,159954,H股ETF,1.071,1.094,1.07,1.088,191290.0,20811566.0,-0.27,9.8,2.2,-0.003
2021-02-24,159954,H股ETF,1.088,1.094,1.041,1.05,180006.0,19113953.0,-3.49,9.23,4.87,-0.038
2021-02-25,159954,H股ETF,1.056,1.078,1.053,1.073,254571.0,27212025.0,2.19,13.05,2.38,0.023
2021-02-26,159954,H股ETF,1.05,1.058,1.037,1.037,191552.0,20031877.0,-3.36,9.82,1.96,-0.036
2021-03-01,159954,H股ETF,1.047,1.054,1.041,1.049,114268.0,11978597.0,1.16,5.86,1.25,0.012
2021-03-02,159954,H股ETF,1.056,1.068,1.041,1.048,107447.0,11350527.0,-0.1,5.51,2.57,-0.001
2021-03-03,159954,H股ETF,1.047,1.071,1.044,1.067,128974.0,13677944.0,1.81,6.61,2.58,0.019
2021-03-04,159954,H股ETF,1.06,1.061,1.043,1.046,148824.0,15615569.0,-1.97,7.63,1.69,-0.021
2021-03-05,159954,H股ETF,1.04,1.053,1.021,1.048,172261.0,17849023.0,0.19,8.83,3.06,0.002
2021-03-08,159954,H股ETF,1.088,1.088,1.027,1.028,172186.0,17893168.0,-1.91,8.83,5.82,-0.02
2021-03-09,159954,H股ETF,1.027,1.03,1.008,1.012,429015.0,43750295.0,-1.56,21.99,2.14,-0.016
2021-03-10,159954,H股ETF,1.023,1.031,1.016,1.016,115533.0,11834313.0,0.4,5.92,1.48,0.004
2021-03-11,159954,H股ETF,1.018,1.043,1.018,1.039,81750.0,8476652.0,2.26,4.19,2.46,0.023
2021-03-12,159954,H股ETF,1.042,1.051,1.04,1.041,62911.0,6581450.0,0.19,3.22,1.06,0.002
2021-03-15,159954,H股ETF,1.032,1.042,1.02,1.027,92322.0,9507217.0,-1.34,4.73,2.11,-0.014
2021-03-16,159954,H股ETF,1.03,1.059,1.03,1.038,312949.0,32534371.0,1.07,16.04,2.82,0.011
2021-03-17,159954,H股ETF,1.038,1.049,1.033,1.042,58872.0,6126240.0,0.39,3.02,1.54,0.004
2021-03-18,159954,H股ETF,1.043,1.058,1.043,1.055,133474.0,14059747.0,1.25,6.84,1.44,0.013
2021-03-19,159954,H股ETF,1.046,1.046,1.024,1.027,137477.0,14202495.0,-2.65,7.05,2.09,-0.028
2021-03-22,159954,H股ETF,1.027,1.045,1.026,1.033,155210.0,16092906.0,0.58,7.96,1.85,0.006
2021-03-23,159954,H股ETF,1.037,1.037,1.006,1.01,143280.0,14590884.0,-2.23,7.34,3.0,-0.023
2021-03-24,159954,H股ETF,1.003,1.014,0.988,0.991,153397.0,15293591.0,-1.88,7.86,2.57,-0.019
2021-03-25,159954,H股ETF,0.983,0.989,0.975,0.986,181239.0,17789285.0,-0.5,9.29,1.41,-0.005
2021-03-26,159954,H股ETF,0.987,1.01,0.987,1.006,102586.0,10244426.0,2.03,5.26,2.33,0.02
2021-03-29,159954,H股ETF,1.013,1.017,0.997,1.004,66345.0,6660033.0,-0.2,3.4,1.99,-0.002
2021-03-30,159954,H股ETF,1.007,1.018,1.002,1.014,50528.0,5114172.0,1.0,2.59,1.59,0.01
2021-03-31,159954,H股ETF,1.014,1.024,1.007,1.01,101595.0,10292155.0,-0.39,5.21,1.68,-0.004
2021-04-01,159954,H股ETF,1.011,1.031,1.011,1.029,85185.0,8723096.0,1.88,4.37,1.98,0.019
2021-04-02,159954,H股ETF,1.035,1.035,1.032,1.035,47415.0,4902353.0,0.58,2.43,0.29,0.006
2021-04-06,159954,H股ETF,1.038,1.04,1.029,1.031,21379.0,2209307.0,-0.39,1.1,1.06,-0.004
2021-04-07,159954,H股ETF,1.033,1.038,1.017,1.017,61442.0,6284381.0,-1.36,3.15,2.04,-0.014
2021-04-08,159954,H股ETF,0.985,1.024,0.985,1.022,60935.0,6197934.0,0.49,3.12,3.83,0.005
2021-04-09,159954,H股ETF,1.022,1.025,1.007,1.011,98959.0,10050751.0,-1.08,5.07,1.76,-0.011
2021-04-12,159954,H股ETF,1.012,1.014,0.992,0.995,78665.0,7874668.0,-1.58,4.03,2.18,-0.016
2021-04-13,159954,H股ETF,1.0,1.008,0.994,0.996,97874.0,9813069.0,0.1,5.02,1.41,0.001
2021-04-14,159954,H股ETF,0.999,1.012,0.999,1.004,58915.0,5929275.0,0.8,3.02,1.31,0.008
2021-04-15,159954,H股ETF,1.004,1.004,0.991,0.997,50960.0,5080523.0,-0.7,2.61,1.29,-0.007
2021-04-16,159954,H股ETF,0.999,1.014,0.999,1.01,162169.0,16320765.0,1.3,8.31,1.5,0.013
2021-04-19,159954,H股ETF,1.009,1.026,1.004,1.019,159055.0,16201940.0,0.89,8.15,2.18,0.009
2021-04-20,159954,H股ETF,1.016,1.018,1.009,1.014,181171.0,18350466.0,-0.49,9.29,0.88,-0.005
2021-04-21,159954,H股ETF,1.013,1.013,0.995,0.997,161830.0,16177305.0,-1.68,8.29,1.78,-0.017
2021-04-22,159954,H股ETF,0.999,1.005,0.996,1.001,57380.0,5742592.0,0.4,2.94,0.9,0.004
2021-04-23,159954,H股ETF,1.004,1.016,1.001,1.01,50382.0,5083474.0,0.9,2.58,1.5,0.009
2021-04-26,159954,H股ETF,1.011,1.018,1.004,1.007,72788.0,7364445.0,-0.3,3.73,1.39,-0.003
2021-04-27,159954,H股ETF,1.0,1.007,0.996,1.002,36698.0,3678227.0,-0.5,1.88,1.09,-0.005
2021-04-28,159954,H股ETF,1.001,1.006,1.0,1.003,48602.0,4873041.0,0.1,2.49,0.6,0.001
2021-04-29,159954,H股ETF,1.003,1.01,1.002,1.004,59233.0,5959418.0,0.1,3.04,0.8,0.001
2021-04-30,159954,H股ETF,1.007,1.007,0.986,0.989,41496.0,4109612.0,-1.49,2.13,2.09,-0.015
2021-05-06,159954,H股ETF,0.989,0.99,0.975,0.98,88373.0,8700850.0,-0.91,4.53,1.52,-0.009
2021-05-07,159954,H股ETF,0.981,0.985,0.972,0.973,78803.0,7707674.0,-0.71,4.04,1.33,-0.007
2021-05-10,159954,H股ETF,0.978,0.978,0.96,0.962,78153.0,7566281.0,-1.13,4.01,1.85,-0.011
2021-05-11,159954,H股ETF,0.96,0.96,0.937,0.946,179328.0,16907359.0,-1.66,9.19,2.39,-0.016
2021-05-12,159954,H股ETF,0.947,0.955,0.946,0.954,272781.0,25945625.0,0.85,13.98,0.95,0.008
2021-05-13,159954,H股ETF,0.949,0.953,0.945,0.947,186598.0,17698603.0,-0.73,9.56,0.84,-0.007
2021-05-14,159954,H股ETF,0.947,0.95,0.937,0.948,218574.0,20661710.0,0.11,11.2,1.37,0.001
2021-05-17,159954,H股ETF,0.95,0.96,0.95,0.958,105402.0,10079802.0,1.05,5.4,1.05,0.01
2021-05-18,159954,H股ETF,0.96,0.972,0.96,0.971,113577.0,10999972.0,1.36,5.82,1.25,0.013
2021-05-19,159954,H股ETF,0.971,0.971,0.966,0.968,27527.0,2664941.0,-0.31,1.41,0.51,-0.003
2021-05-20,159954,H股ETF,0.964,0.973,0.962,0.97,322285.0,31202473.0,0.21,16.52,1.14,0.002
2021-05-21,159954,H股ETF,0.972,0.978,0.968,0.971,177887.0,17319249.0,0.1,9.12,1.03,0.001
2021-05-24,159954,H股ETF,0.971,0.971,0.959,0.965,159195.0,15345434.0,-0.62,8.16,1.24,-0.006
2021-05-25,159954,H股ETF,0.966,0.984,0.966,0.982,249455.0,24277473.0,1.76,12.79,1.87,0.017
2021-05-26,159954,H股ETF,0.984,0.992,0.984,0.988,147035.0,14542422.0,0.61,7.54,0.81,0.006
2021-05-27,159954,H股ETF,0.988,0.99,0.982,0.987,151887.0,14976733.0,-0.1,7.78,0.81,-0.001
2021-05-28,159954,H股ETF,0.992,0.993,0.977,0.982,193567.0,19074810.0,-0.51,9.92,1.62,-0.005
2021-05-31,159954,H股ETF,0.985,0.986,0.978,0.986,152709.0,14988046.0,0.41,7.83,0.81,0.004
2021-06-01,159954,H股ETF,0.99,1.001,0.987,0.999,151084.0,15006265.0,1.32,7.74,1.42,0.013
2021-06-02,159954,H股ETF,1.002,1.007,0.998,1.001,96440.0,9665345.0,0.2,4.94,0.9,0.002
2021-06-03,159954,H股ETF,1.0,1.004,0.99,0.992,108383.0,10830639.0,-0.9,5.56,1.4,-0.009
2021-06-04,159954,H股ETF,0.992,0.995,0.985,0.992,57737.0,5723612.0,0.0,2.96,1.01,0.0
2021-06-07,159954,H股ETF,0.992,0.992,0.98,0.985,120262.0,11825870.0,-0.71,6.16,1.21,-0.007
2021-06-08,159954,H股ETF,0.985,0.989,0.977,0.98,106997.0,10519946.0,-0.51,5.48,1.22,-0.005
2021-06-09,159954,H股ETF,0.98,0.985,0.978,0.98,83521.0,8196520.0,0.0,4.28,0.71,0.0
2021-06-10,159954,H股ETF,0.979,0.987,0.978,0.978,90734.0,8933755.0,-0.2,4.65,0.92,-0.002
2021-06-11,159954,H股ETF,0.981,0.988,0.98,0.983,98080.0,9657170.0,0.51,5.03,0.82,0.005
2021-06-15,159954,H股ETF,0.983,0.985,0.971,0.979,74196.0,7243351.0,-0.41,3.8,1.42,-0.004
2021-06-16,159954,H股ETF,0.979,0.979,0.969,0.971,110430.0,10757594.0,-0.82,5.66,1.02,-0.008
2021-06-17,159954,H股ETF,0.967,0.977,0.964,0.975,107830.0,10462867.0,0.41,5.53,1.34,0.004
2021-06-18,159954,H股ETF,0.976,0.99,0.976,0.983,70773.0,6983499.0,0.82,3.63,1.44,0.008
2021-06-21,159954,H股ETF,0.99,0.99,0.974,0.978,106233.0,10395660.0,-0.51,5.44,1.63,-0.005
2021-06-22,159954,H股ETF,0.977,0.979,0.972,0.977,154132.0,15032978.0,-0.1,7.9,0.72,-0.001
2021-06-23,159954,H股ETF,0.98,0.993,0.978,0.991,91823.0,9033323.0,1.43,4.71,1.54,0.014
2021-06-24,159954,H股ETF,0.993,0.997,0.986,0.992,75727.0,7521826.0,0.1,3.88,1.11,0.001
2021-06-25,159954,H股ETF,0.992,1.007,0.992,1.007,92063.0,9202629.0,1.51,4.72,1.51,0.015
2021-06-28,159954,H股ETF,1.022,1.022,1.002,1.004,38742.0,3892518.0,-0.3,1.99,1.99,-0.003
2021-06-29,159954,H股ETF,1.002,1.005,0.99,0.99,65953.0,6581537.0,-1.39,3.38,1.49,-0.014
2021-06-30,159954,H股ETF,0.998,1.0,0.986,0.989,37832.0,3755928.0,-0.1,1.94,1.41,-0.001
2021-07-01,159954,H股ETF,0.986,0.99,0.985,0.985,9228.0,910478.0,-0.4,0.47,0.51,-0.004
2021-07-02,159954,H股ETF,0.986,0.99,0.966,0.966,97570.0,9491528.0,-1.93,5.0,2.44,-0.019
2021-07-05,159954,H股ETF,0.966,0.966,0.953,0.954,136399.0,13057421.0,-1.24,6.99,1.35,-0.012
2021-07-06,159954,H股ETF,0.955,0.957,0.946,0.953,131494.0,12504136.0,-0.1,6.74,1.15,-0.001
2021-07-07,159954,H股ETF,0.951,0.951,0.943,0.944,113796.0,10771513.0,-0.94,5.83,0.84,-0.009
2021-07-08,159954,H股ETF,0.944,0.946,0.92,0.921,176919.0,16443549.0,-2.44,9.07,2.75,-0.023
2021-07-09,159954,H股ETF,0.926,0.933,0.909,0.931,384825.0,35502191.0,1.09,19.72,2.61,0.01
2021-07-12,159954,H股ETF,0.937,0.942,0.93,0.933,203071.0,18943963.0,0.21,10.41,1.29,0.002
2021-07-13,159954,H股ETF,0.934,0.95,0.934,0.946,240047.0,22636645.0,1.39,12.3,1.71,0.013
2021-07-14,159954,H股ETF,0.947,0.948,0.941,0.942,162790.0,15371647.0,-0.42,8.34,0.74,-0.004
2021-07-15,159954,H股ETF,0.944,0.956,0.94,0.951,127586.0,12092026.0,0.96,6.54,1.7,0.009
2021-07-16,159954,H股ETF,0.952,0.955,0.946,0.951,113965.0,10825005.0,0.0,5.84,0.95,0.0
2021-07-19,159954,H股ETF,0.951,0.951,0.931,0.938,182233.0,17060429.0,-1.37,9.34,2.1,-0.013
2021-07-20,159954,H股ETF,0.936,0.938,0.923,0.926,154269.0,14345609.0,-1.28,7.91,1.6,-0.012
2021-07-21,159954,H股ETF,0.928,0.931,0.915,0.922,325787.0,30052520.0,-0.43,16.7,1.73,-0.004
2021-07-22,159954,H股ETF,0.923,0.936,0.923,0.932,149725.0,13950081.0,1.08,7.67,1.41,0.01
2021-07-23,159954,H股ETF,0.934,0.935,0.925,0.927,300565.0,27944835.0,-0.54,15.41,1.07,-0.005
2021-07-26,159954,H股ETF,0.924,0.924,0.881,0.884,390133.0,34793515.0,-4.64,20.0,4.64,-0.043
2021-07-27,159954,H股ETF,0.882,0.882,0.835,0.835,615681.0,53002139.0,-5.54,31.56,5.32,-0.049
2021-07-28,159954,H股ETF,0.84,0.855,0.826,0.842,562233.0,47212416.0,0.84,28.82,3.47,0.007
2021-07-29,159954,H股ETF,0.867,0.882,0.858,0.872,533875.0,46482276.0,3.56,27.36,2.85,0.03
2021-07-30,159954,H股ETF,0.87,0.87,0.847,0.853,410325.0,35176145.0,-2.18,21.03,2.64,-0.019
2021-08-02,159954,H股ETF,0.857,0.868,0.847,0.864,358670.0,30767325.0,1.29,18.38,2.46,0.011
2021-08-03,159954,H股ETF,0.865,0.868,0.846,0.864,391258.0,33501281.0,0.0,20.05,2.55,0.0
2021-08-04,159954,H股ETF,0.86,0.879,0.854,0.873,404840.0,35089823.0,1.04,20.75,2.89,0.009
2021-08-05,159954,H股ETF,0.868,0.876,0.858,0.858,236668.0,20553518.0,-1.72,12.13,2.06,-0.015
2021-08-06,159954,H股ETF,0.859,0.866,0.853,0.866,268195.0,23045090.0,0.93,13.75,1.52,0.008
2021-08-09,159954,H股ETF,0.855,0.879,0.852,0.874,226404.0,19686900.0,0.92,11.6,3.12,0.008
2021-08-10,159954,H股ETF,0.875,0.892,0.872,0.889,191676.0,16859793.0,1.72,9.82,2.29,0.015
2021-08-11,159954,H股ETF,0.889,0.905,0.887,0.897,216542.0,19425861.0,0.9,11.1,2.02,0.008
2021-08-12,159954,H股ETF,0.898,0.902,0.889,0.892,150075.0,13427457.0,-0.56,7.69,1.45,-0.005
2021-08-13,159954,H股ETF,0.891,0.898,0.878,0.881,137806.0,12169523.0,-1.23,7.06,2.24,-0.011
2021-08-16,159954,H股ETF,0.887,0.887,0.868,0.871,216538.0,18973268.0,-1.14,11.1,2.16,-0.01
2021-08-17,159954,H股ETF,0.869,0.873,0.85,0.851,150588.0,13006367.0,-2.3,7.72,2.64,-0.02
2021-08-18,159954,H股ETF,0.851,0.867,0.851,0.862,348259.0,29949192.0,1.29,17.85,1.88,0.011
2021-08-19,159954,H股ETF,0.862,0.866,0.846,0.846,242309.0,20705838.0,-1.86,12.42,2.32,-0.016
2021-08-20,159954,H股ETF,0.845,0.845,0.821,0.832,363121.0,30222621.0,-1.65,18.61,2.84,-0.014
2021-08-23,159954,H股ETF,0.836,0.853,0.836,0.842,294941.0,24950308.0,1.2,15.12,2.04,0.01
2021-08-24,159954,H股ETF,0.849,0.86,0.848,0.86,112817.0,9650762.0,2.14,5.78,1.43,0.018
2021-08-25,159954,H股ETF,0.87,0.875,0.861,0.862,185187.0,16051327.0,0.23,9.49,1.63,0.002
2021-08-26,159954,H股ETF,0.864,0.867,0.85,0.85,87399.0,7501041.0,-1.39,4.48,1.97,-0.012
2021-08-27,159954,H股ETF,0.851,0.867,0.85,0.855,75903.0,6526660.0,0.59,3.89,2.0,0.005
2021-08-30,159954,H股ETF,0.855,0.859,0.848,0.852,135534.0,11548746.0,-0.35,6.95,1.29,-0.003
2021-08-31,159954,H股ETF,0.854,0.868,0.842,0.868,255539.0,21807240.0,1.88,13.1,3.05,0.016
2021-09-01,159954,H股ETF,0.872,0.891,0.868,0.885,242474.0,21318874.0,1.96,12.43,2.65,0.017
2021-09-02,159954,H股ETF,0.888,0.9,0.886,0.89,120472.0,10761020.0,0.56,6.17,1.58,0.005
2021-09-03,159954,H股ETF,0.89,0.89,0.88,0.883,143955.0,12741043.0,-0.79,7.38,1.12,-0.007
2021-09-06,159954,H股ETF,0.883,0.893,0.883,0.89,117122.0,10410230.0,0.79,6.0,1.13,0.007
2021-09-07,159954,H股ETF,0.894,0.907,0.893,0.904,129203.0,11646557.0,1.57,6.62,1.57,0.014
2021-09-08,159954,H股ETF,0.906,0.912,0.899,0.903,100882.0,9145477.0,-0.11,5.17,1.44,-0.001
2021-09-09,159954,H股ETF,0.902,0.902,0.88,0.882,155633.0,13813704.0,-2.33,7.98,2.44,-0.021
2021-09-10,159954,H股ETF,0.884,0.895,0.884,0.89,137171.0,12224413.0,0.91,7.03,1.25,0.008
2021-09-13,159954,H股ETF,0.885,0.885,0.872,0.876,150917.0,13246597.0,-1.57,7.74,1.46,-0.014
2021-09-14,159954,H股ETF,0.881,0.883,0.859,0.86,175702.0,15335537.0,-1.83,9.01,2.74,-0.016
2021-09-15,159954,H股ETF,0.861,0.864,0.848,0.851,169509.0,14537816.0,-1.05,8.69,1.86,-0.009
2021-09-16,159954,H股ETF,0.851,0.853,0.831,0.835,255602.0,21470102.0,-1.88,13.1,2.59,-0.016
2021-09-17,159954,H股ETF,0.834,0.85,0.834,0.849,219788.0,18559114.0,1.68,11.27,1.92,0.014
2021-09-22,159954,H股ETF,0.83,0.837,0.828,0.837,152562.0,12724834.0,-1.41,7.82,1.06,-0.012
2021-09-23,159954,H股ETF,0.85,0.855,0.835,0.84,388209.0,32786434.0,0.36,19.9,2.39,0.003
2021-09-24,159954,H股ETF,0.841,0.846,0.831,0.831,218391.0,18313298.0,-1.07,11.19,1.79,-0.009
2021-09-27,159954,H股ETF,0.829,0.84,0.828,0.829,154369.0,12878616.0,-0.24,7.91,1.44,-0.002
2021-09-28,159954,H股ETF,0.83,0.846,0.83,0.845,155138.0,13045716.0,1.93,7.95,1.93,0.016
2021-09-29,159954,H股ETF,0.838,0.845,0.824,0.843,335370.0,27978740.0,-0.24,17.19,2.49,-0.002
2021-09-30,159954,H股ETF,0.84,0.845,0.831,0.844,284210.0,23798016.0,0.12,14.57,1.66,0.001
2021-10-08,159954,H股ETF,0.848,0.855,0.837,0.841,164014.0,13825981.0,-0.36,8.41,2.13,-0.003
2021-10-11,159954,H股ETF,0.845,0.863,0.845,0.855,304932.0,26187091.0,1.66,15.63,2.14,0.014
2021-10-12,159954,H股ETF,0.855,0.857,0.844,0.847,189824.0,16160966.0,-0.94,9.73,1.52,-0.008
2021-10-13,159954,H股ETF,0.846,0.851,0.842,0.849,95388.0,8075654.0,0.24,4.89,1.06,0.002
2021-10-14,159954,H股ETF,0.851,0.86,0.85,0.852,116655.0,9959676.0,0.35,5.98,1.18,0.003
2021-10-15,159954,H股ETF,0.852,0.855,0.843,0.855,151977.0,12913667.0,0.35,7.79,1.41,0.003
2021-10-18,159954,H股ETF,0.859,0.859,0.846,0.847,141921.0,12039850.0,-0.94,7.27,1.52,-0.008
2021-10-19,159954,H股ETF,0.852,0.867,0.852,0.867,197844.0,17081011.0,2.36,10.14,1.77,0.02
2021-10-20,159954,H股ETF,0.87,0.88,0.869,0.874,182190.0,15903218.0,0.81,9.34,1.27,0.007
2021-10-21,159954,H股ETF,0.875,0.885,0.87,0.875,127989.0,11217743.0,0.11,6.56,1.72,0.001
2021-10-22,159954,H股ETF,0.88,0.888,0.878,0.883,80438.0,7098719.0,0.91,4.12,1.14,0.008
2021-10-25,159954,H股ETF,0.876,0.882,0.874,0.878,60586.0,5319219.0,-0.57,3.11,0.91,-0.005
2021-10-26,159954,H股ETF,0.878,0.88,0.868,0.871,59547.0,5205330.0,-0.8,3.05,1.37,-0.007
2021-10-27,159954,H股ETF,0.86,0.872,0.854,0.856,79412.0,6811096.0,-1.72,4.07,2.07,-0.015
2021-10-28,159954,H股ETF,0.853,0.863,0.85,0.855,182418.0,15635730.0,-0.12,9.35,1.52,-0.001
2021-10-29,159954,H股ETF,0.847,0.854,0.845,0.846,136987.0,11626613.0,-1.05,7.02,1.05,-0.009
2021-11-01,159954,H股ETF,0.84,0.845,0.835,0.843,214012.0,17963676.0,-0.35,10.97,1.18,-0.003
2021-11-02,159954,H股ETF,0.845,0.857,0.836,0.838,236201.0,19993888.0,-0.59,12.11,2.49,-0.005
2021-11-03,159954,H股ETF,0.836,0.842,0.829,0.835,288014.0,24024559.0,-0.36,14.76,1.55,-0.003
2021-11-04,159954,H股ETF,0.84,0.843,0.837,0.84,199225.0,16753259.0,0.6,10.21,0.72,0.005
2021-11-05,159954,H股ETF,0.84,0.843,0.832,0.836,156292.0,13099998.0,-0.48,8.01,1.31,-0.004
2021-11-08,159954,H股ETF,0.834,0.834,0.828,0.831,202046.0,16796521.0,-0.6,10.36,0.72,-0.005
2021-11-09,159954,H股ETF,0.836,0.841,0.829,0.832,197780.0,16475412.0,0.12,10.14,1.44,0.001
2021-11-10,159954,H股ETF,0.832,0.836,0.821,0.835,219144.0,18142437.0,0.36,11.23,1.8,0.003
2021-11-11,159954,H股ETF,0.835,0.857,0.835,0.856,244990.0,20713155.0,2.51,12.56,2.63,0.021
2021-11-12,159954,H股ETF,0.863,0.87,0.855,0.857,228059.0,19593923.0,0.12,11.69,1.75,0.001
2021-11-15,159954,H股ETF,0.858,0.862,0.851,0.855,229594.0,19665924.0,-0.23,11.77,1.28,-0.002
2021-11-16,159954,H股ETF,0.856,0.869,0.856,0.866,163212.0,14100916.0,1.29,8.37,1.52,0.011
2021-11-17,159954,H股ETF,0.868,0.869,0.863,0.868,98704.0,8554289.0,0.23,5.06,0.69,0.002
2021-11-18,159954,H股ETF,0.864,0.864,0.851,0.853,119236.0,10181357.0,-1.73,6.11,1.5,-0.015
2021-11-19,159954,H股ETF,0.848,0.854,0.843,0.853,226128.0,19160264.0,0.0,11.59,1.29,0.0
2021-11-22,159954,H股ETF,0.855,0.857,0.848,0.851,119712.0,10207541.0,-0.23,6.14,1.06,-0.002
2021-11-23,159954,H股ETF,0.848,0.848,0.84,0.846,202515.0,17083000.0,-0.59,10.38,0.94,-0.005
2021-11-24,159954,H股ETF,0.846,0.846,0.837,0.843,169974.0,14319795.0,-0.35,8.71,1.06,-0.003
2021-11-25,159954,H股ETF,0.84,0.841,0.834,0.841,207403.0,17381337.0,-0.24,10.63,0.83,-0.002
2021-11-26,159954,H股ETF,0.835,0.84,0.821,0.823,270711.0,22373305.0,-2.14,13.88,2.26,-0.018
2021-11-29,159954,H股ETF,0.82,0.823,0.806,0.808,409786.0,33350935.0,-1.82,21.0,2.07,-0.015
2021-11-30,159954,H股ETF,0.809,0.813,0.788,0.792,353586.0,28146523.0,-1.98,18.12,3.09,-0.016
2021-12-01,159954,H股ETF,0.795,0.811,0.795,0.807,339026.0,27313301.0,1.89,17.38,2.02,0.015
2021-12-02,159954,H股ETF,0.806,0.812,0.799,0.812,151551.0,12249573.0,0.62,7.77,1.61,0.005
2021-12-03,159954,H股ETF,0.811,0.812,0.801,0.81,162690.0,13120427.0,-0.25,8.34,1.35,-0.002
2021-12-06,159954,H股ETF,0.805,0.809,0.794,0.796,267326.0,21410514.0,-1.73,13.7,1.85,-0.014
2021-12-07,159954,H股ETF,0.802,0.812,0.799,0.811,355827.0,28622247.0,1.88,18.24,1.63,0.015
2021-12-08,159954,H股ETF,0.817,0.818,0.81,0.814,207261.0,16872409.0,0.37,10.62,0.99,0.003
2021-12-09,159954,H股ETF,0.819,0.827,0.815,0.823,122528.0,10083297.0,1.11,6.28,1.47,0.009
2021-12-10,159954,H股ETF,0.82,0.829,0.82,0.82,142716.0,11771892.0,-0.36,7.31,1.09,-0.003
2021-12-13,159954,H股ETF,0.825,0.834,0.818,0.819,197888.0,16328790.0,-0.12,10.14,1.95,-0.001
2021-12-14,159954,H股ETF,0.818,0.818,0.804,0.806,188009.0,15206622.0,-1.59,9.64,1.71,-0.013
2021-12-15,159954,H股ETF,0.803,0.808,0.796,0.797,229393.0,18443662.0,-1.12,11.76,1.49,-0.009
2021-12-16,159954,H股ETF,0.795,0.797,0.789,0.795,214096.0,16975798.0,-0.25,10.97,1.0,-0.002
2021-12-17,159954,H股ETF,0.795,0.796,0.786,0.788,217789.0,17216001.0,-0.88,11.16,1.26,-0.007
2021-12-20,159954,H股ETF,0.788,0.788,0.77,0.772,285390.0,22252217.0,-2.03,14.63,2.28,-0.016
2021-12-21,159954,H股ETF,0.773,0.784,0.773,0.784,269801.0,20985002.0,1.55,13.83,1.42,0.012
2021-12-22,159954,H股ETF,0.786,0.791,0.783,0.785,227233.0,17880612.0,0.13,11.65,1.02,0.001
2021-12-23,159954,H股ETF,0.785,0.792,0.783,0.79,182273.0,14374124.0,0.64,9.34,1.15,0.005
2021-12-24,159954,H股ETF,0.793,0.795,0.789,0.791,89193.0,7058170.0,0.13,4.57,0.76,0.001
2021-12-27,159954,H股ETF,0.791,0.792,0.79,0.791,26040.0,2059854.0,0.0,1.33,0.25,0.0
2021-12-28,159954,H股ETF,0.791,0.791,0.784,0.789,156268.0,12301619.0,-0.25,8.01,0.88,-0.002
2021-12-29,159954,H股ETF,0.787,0.787,0.777,0.779,77352.0,6043187.0,-1.27,3.96,1.27,-0.01
2021-12-30,159954,H股ETF,0.779,0.785,0.775,0.78,149430.0,11639790.0,0.13,7.66,1.28,0.001
2021-12-31,159954,H股ETF,0.788,0.796,0.788,0.794,159895.0,12670936.0,1.79,8.2,1.03,0.014
2022-01-04,159954,H股ETF,0.792,0.792,0.782,0.784,141883.0,11150632.0,-1.26,7.27,1.26,-0.01
2022-01-05,159954,H股ETF,0.783,0.783,0.769,0.77,313569.0,24256665.0,-1.79,16.07,1.79,-0.014
2022-01-06,159954,H股ETF,0.768,0.77,0.758,0.76,238957.0,18233750.0,-1.3,12.25,1.56,-0.01
2022-01-07,159954,H股ETF,0.767,0.783,0.767,0.781,399456.0,30982329.0,2.76,20.47,2.11,0.021
2022-01-10,159954,H股ETF,0.781,0.792,0.778,0.791,223407.0,17586750.0,1.28,11.45,1.79,0.01
2022-01-11,159954,H股ETF,0.791,0.8,0.789,0.792,225965.0,17961260.0,0.13,11.58,1.39,0.001
2022-01-12,159954,H股ETF,0.801,0.816,0.801,0.814,241089.0,19540271.0,2.78,12.36,1.89,0.022
2022-01-13,159954,H股ETF,0.818,0.819,0.81,0.815,140740.0,11476542.0,0.12,7.21,1.11,0.001
2022-01-14,159954,H股ETF,0.809,0.813,0.805,0.808,207807.0,16803877.0,-0.86,10.65,0.98,-0.007
2022-01-17,159954,H股ETF,0.807,0.813,0.799,0.803,215066.0,17308377.0,-0.62,11.02,1.73,-0.005
2022-01-18,159954,H股ETF,0.803,0.81,0.799,0.799,170266.0,13701778.0,-0.5,8.73,1.37,-0.004
2022-01-19,159954,H股ETF,0.8,0.808,0.794,0.797,170108.0,13634195.0,-0.25,8.72,1.75,-0.002
2022-01-20,159954,H股ETF,0.801,0.828,0.801,0.827,259534.0,21224982.0,3.76,13.3,3.39,0.03
2022-01-21,159954,H股ETF,0.827,0.834,0.826,0.832,428437.0,35541056.0,0.6,21.96,0.97,0.005
2022-01-24,159954,H股ETF,0.832,0.832,0.824,0.828,243322.0,20112088.0,-0.48,12.47,0.96,-0.004
2022-01-25,159954,H股ETF,0.823,0.823,0.81,0.813,440957.0,35929312.0,-1.81,22.6,1.57,-0.015
2022-01-26,159954,H股ETF,0.818,0.822,0.809,0.814,374385.0,30538258.0,0.12,19.19,1.6,0.001
2022-01-27,159954,H股ETF,0.808,0.808,0.79,0.792,220695.0,17594209.0,-2.7,11.31,2.21,-0.022
2022-01-28,159954,H股ETF,0.8,0.8,0.789,0.794,245499.0,19488589.0,0.25,12.58,1.39,0.002
2022-02-07,159954,H股ETF,0.818,0.825,0.817,0.822,151392.0,12430901.0,3.53,7.76,1.01,0.028
2022-02-08,159954,H股ETF,0.824,0.826,0.812,0.82,222578.0,18233483.0,-0.24,11.41,1.7,-0.002
2022-02-09,159954,H股ETF,0.828,0.841,0.827,0.837,160065.0,13403339.0,2.07,8.2,1.71,0.017
2022-02-10,159954,H股ETF,0.842,0.844,0.832,0.838,194961.0,16317120.0,0.12,9.99,1.43,0.001
2022-02-11,159954,H股ETF,0.836,0.845,0.836,0.838,422354.0,35473118.0,0.0,21.65,1.07,0.0
2022-02-14,159954,H股ETF,0.834,0.835,0.823,0.824,108657.0,8974024.0,-1.67,5.57,1.43,-0.014
2022-02-15,159954,H股ETF,0.822,0.822,0.81,0.812,316666.0,25835965.0,-1.46,16.23,1.46,-0.012
2022-02-16,159954,H股ETF,0.819,0.825,0.816,0.821,215245.0,17662996.0,1.11,11.03,1.11,0.009
2022-02-17,159954,H股ETF,0.824,0.829,0.817,0.821,174626.0,14359287.0,0.0,8.95,1.46,0.0
2022-02-18,159954,H股ETF,0.818,0.826,0.818,0.819,248624.0,20482963.0,-0.24,12.74,0.97,-0.002
2022-02-21,159954,H股ETF,0.807,0.807,0.797,0.802,448503.0,35975427.0,-2.08,22.99,1.22,-0.017
2022-02-22,159954,H股ETF,0.79,0.791,0.778,0.783,329339.0,25781261.0,-2.37,16.88,1.62,-0.019
2022-02-23,159954,H股ETF,0.785,0.789,0.782,0.786,356384.0,28030577.0,0.38,18.27,0.89,0.003
2022-02-24,159954,H股ETF,0.776,0.777,0.755,0.761,306733.0,23466963.0,-3.18,15.72,2.8,-0.025
2022-02-25,159954,H股ETF,0.769,0.771,0.754,0.756,472981.0,36027702.0,-0.66,24.24,2.23,-0.005
2022-02-28,159954,H股ETF,0.759,0.759,0.744,0.752,197624.0,14805688.0,-0.53,10.13,1.98,-0.004
2022-03-01,159954,H股ETF,0.754,0.764,0.752,0.764,443583.0,33604697.0,1.6,22.74,1.6,0.012
2022-03-02,159954,H股ETF,0.757,0.76,0.746,0.748,272181.0,20497074.0,-2.09,13.95,1.83,-0.016
2022-03-03,159954,H股ETF,0.751,0.751,0.744,0.745,260906.0,19471664.0,-0.4,13.37,0.94,-0.003
2022-03-04,159954,H股ETF,0.729,0.733,0.726,0.728,283737.0,20667057.0,-2.28,14.54,0.94,-0.017
2022-03-07,159954,H股ETF,0.713,0.713,0.693,0.704,659304.0,46325930.0,-3.3,33.79,2.75,-0.024
2022-03-08,159954,H股ETF,0.699,0.707,0.677,0.681,670734.0,46468529.0,-3.27,34.38,4.26,-0.023
2022-03-09,159954,H股ETF,0.686,0.689,0.658,0.672,590192.0,39727916.0,-1.32,30.25,4.55,-0.009
2022-03-10,159954,H股ETF,0.689,0.692,0.676,0.678,500423.0,34203870.0,0.89,25.65,2.38,0.006
2022-03-11,159954,H股ETF,0.652,0.668,0.65,0.667,1213604.0,79824924.0,-1.62,62.2,2.65,-0.011
2022-03-14,159954,H股ETF,0.653,0.656,0.63,0.631,1139629.0,73291692.0,-5.4,58.41,3.9,-0.036
2022-03-15,159954,H股ETF,0.609,0.625,0.582,0.586,2211954.0,134026947.0,-7.13,113.37,6.81,-0.045
2022-03-16,159954,H股ETF,0.603,0.645,0.59,0.645,2734368.0,168683822.0,10.07,140.15,9.39,0.059
2022-03-17,159954,H股ETF,0.685,0.693,0.672,0.684,1554482.0,106241293.0,6.05,79.67,3.26,0.039
2022-03-18,159954,H股ETF,0.68,0.701,0.671,0.696,1773037.0,121129693.0,1.75,90.88,4.39,0.012
2022-03-21,159954,H股ETF,0.705,0.706,0.679,0.683,1739495.0,120424054.0,-1.87,89.16,3.88,-0.013
2022-03-22,159954,H股ETF,0.685,0.697,0.681,0.695,486049.0,33457191.0,1.76,24.91,2.34,0.012
2022-03-23,159954,H股ETF,0.703,0.719,0.703,0.713,504077.0,35914324.0,2.59,25.84,2.3,0.018
2022-03-24,159954,H股ETF,0.709,0.711,0.699,0.701,515028.0,36325685.0,-1.68,26.4,1.68,-0.012
2022-03-25,159954,H股ETF,0.7,0.7,0.674,0.675,870865.0,59407723.0,-3.71,44.64,3.71,-0.026
2022-03-28,159954,H股ETF,0.676,0.69,0.668,0.682,670166.0,45637430.0,1.04,34.35,3.26,0.007
2022-03-29,159954,H股ETF,0.685,0.695,0.685,0.693,346673.0,24003088.0,1.61,17.77,1.47,0.011
2022-03-30,159954,H股ETF,0.7,0.709,0.697,0.708,558414.0,39321303.0,2.16,28.62,1.73,0.015
2022-03-31,159954,H股ETF,0.706,0.706,0.695,0.696,516588.0,36142501.0,-1.69,26.48,1.55,-0.012
2022-04-01,159954,H股ETF,0.69,0.698,0.684,0.697,577909.0,39910618.0,0.14,29.62,2.01,0.001
2022-04-06,159954,H股ETF,0.705,0.719,0.705,0.716,564669.0,40269929.0,2.73,28.94,2.01,0.019
2022-04-07,159954,H股ETF,0.708,0.716,0.699,0.701,405663.0,28642717.0,-2.09,20.79,2.37,-0.015
2022-04-08,159954,H股ETF,0.699,0.699,0.689,0.699,344692.0,23951087.0,-0.29,17.67,1.43,-0.002
2022-04-11,159954,H股ETF,0.694,0.695,0.673,0.675,337108.0,22926989.0,-3.43,17.28,3.15,-0.024
2022-04-12,159954,H股ETF,0.675,0.686,0.666,0.682,622369.0,42091113.0,1.04,31.9,2.96,0.007
2022-04-13,159954,H股ETF,0.679,0.691,0.674,0.685,580627.0,39615083.0,0.44,29.76,2.49,0.003
2022-04-14,159954,H股ETF,0.692,0.697,0.687,0.694,346676.0,24004114.0,1.31,17.77,1.46,0.009
2022-04-15,159954,H股ETF,0.692,0.692,0.681,0.686,79713.0,5470823.0,-1.15,4.09,1.59,-0.008
2022-04-18,159954,H股ETF,0.686,0.686,0.679,0.681,98630.0,6716270.0,-0.73,5.06,1.02,-0.005
2022-04-19,159954,H股ETF,0.681,0.682,0.672,0.676,285279.0,19274222.0,-0.73,14.62,1.47,-0.005
2022-04-20,159954,H股ETF,0.676,0.682,0.671,0.675,449066.0,30367943.0,-0.15,23.02,1.63,-0.001
2022-04-21,159954,H股ETF,0.67,0.671,0.658,0.663,334828.0,22258459.0,-1.78,17.16,1.93,-0.012
2022-04-22,159954,H股ETF,0.658,0.669,0.649,0.665,441249.0,29197781.0,0.3,22.62,3.02,0.002
2022-04-25,159954,H股ETF,0.663,0.663,0.646,0.648,521489.0,34129295.0,-2.56,26.73,2.56,-0.017
2022-04-26,159954,H股ETF,0.651,0.664,0.651,0.653,524114.0,34456596.0,0.77,26.86,2.01,0.005
2022-04-27,159954,H股ETF,0.646,0.662,0.646,0.66,388896.0,25537665.0,1.07,19.93,2.45,0.007
2022-04-28,159954,H股ETF,0.662,0.673,0.66,0.673,464818.0,30952486.0,1.97,23.82,1.97,0.013
2022-04-29,159954,H股ETF,0.676,0.714,0.67,0.7,1046774.0,72721536.0,4.01,53.65,6.54,0.027
2022-05-05,159954,H股ETF,0.7,0.704,0.692,0.699,713427.0,49924728.0,-0.14,36.57,1.71,-0.001
2022-05-06,159954,H股ETF,0.682,0.702,0.668,0.672,499899.0,33759995.0,-3.86,25.62,4.86,-0.027
2022-05-09,159954,H股ETF,0.667,0.671,0.655,0.664,53634.0,3557453.0,-1.19,2.75,2.38,-0.008
2022-05-10,159954,H股ETF,0.65,0.662,0.644,0.66,966271.0,63225229.0,-0.6,49.53,2.71,-0.004
2022-05-11,159954,H股ETF,0.659,0.683,0.657,0.672,523483.0,35197797.0,1.82,26.83,3.94,0.012
2022-05-12,159954,H股ETF,0.664,0.675,0.663,0.669,372214.0,24935775.0,-0.45,19.08,1.79,-0.003
2022-05-13,159954,H股ETF,0.676,0.688,0.675,0.687,498988.0,34022702.0,2.69,25.58,1.94,0.018
2022-05-16,159954,H股ETF,0.696,0.7,0.685,0.691,534487.0,37008510.0,0.58,27.39,2.18,0.004
2022-05-17,159954,H股ETF,0.696,0.712,0.696,0.712,351411.0,24799980.0,3.04,18.01,2.32,0.021
2022-05-18,159954,H股ETF,0.718,0.718,0.702,0.71,326369.0,23084991.0,-0.28,16.73,2.25,-0.002
2022-05-19,159954,H股ETF,0.703,0.705,0.688,0.698,476215.0,33029111.0,-1.69,24.41,2.39,-0.012
2022-05-20,159954,H股ETF,0.701,0.711,0.701,0.707,426450.0,30121063.0,1.29,21.86,1.43,0.009
2022-05-23,159954,H股ETF,0.705,0.706,0.692,0.694,305888.0,21387737.0,-1.84,15.68,1.98,-0.013
2022-05-24,159954,H股ETF,0.696,0.7,0.679,0.682,304636.0,21011324.0,-1.73,15.61,3.03,-0.012
2022-05-25,159954,H股ETF,0.682,0.69,0.679,0.686,261518.0,17885388.0,0.59,13.4,1.61,0.004
2022-05-26,159954,H股ETF,0.688,0.689,0.678,0.685,367475.0,25142444.0,-0.15,18.83,1.6,-0.001
2022-05-27,159954,H股ETF,0.705,0.717,0.701,0.703,727404.0,51496860.0,2.63,37.28,2.34,0.018
2022-05-30,159954,H股ETF,0.705,0.716,0.705,0.714,27339900.0,19411329.0,,,,
2022-05-31,159954,H股ETF,0.718,0.73,0.709,0.727,65113000.0,46946473.0,,,,
2022-06-01,159954,H股ETF,0.735,0.735,0.722,0.73,83810900.0,61223862.45,,,,
2022-06-02,159954,H股ETF,0.726,0.726,0.715,0.72,51755600.0,37354604.3,,,,
2022-06-06,159954,H股ETF,0.723,0.733,0.717,0.733,59282800.0,43068954.2,,,,
2022-06-07,159954,H股ETF,0.734,0.746,0.732,0.738,32000000.0,23600000.0,,,,
2022-06-08,159954,H股ETF,0.745,0.755,0.745,0.754,39800900.0,29840724.775,,,,
2022-06-09,159954,H股ETF,0.759,0.766,0.746,0.747,21627900.0,16318250.55,,,,
2022-06-10,159954,H股ETF,0.74,0.76,0.74,0.754,25332200.0,18961151.7,,,,
2022-06-13,159954,H股ETF,0.745,0.745,0.729,0.735,48789400.0,36030971.9,,,,
2022-06-14,159954,H股ETF,0.733,0.735,0.723,0.735,46409900.0,33948841.849999994,,,,
2022-06-15,159954,H股ETF,0.738,0.746,0.735,0.74,44413400.0,32854812.65,,,,
2022-06-16,159954,H股ETF,0.744,0.748,0.726,0.727,41581600.0,30614453.000000004,,,,
2022-06-17,159954,H股ETF,0.727,0.731,0.716,0.728,48482600.0,35174126.300000004,,,,
2022-06-20,159954,H股ETF,0.728,0.735,0.723,0.733,68406700.0,49919789.325,,,,
2022-06-21,159954,H股ETF,0.735,0.749,0.732,0.747,25245700.0,18700752.275,,,,
2022-06-22,159954,H股ETF,0.749,0.749,0.736,0.737,34033800.0,25278604.95,,,,
2022-06-23,159954,H股ETF,0.736,0.748,0.731,0.743,45835000.0,33894982.5,,,,
2022-06-24,159954,H股ETF,0.744,0.757,0.744,0.754,22634900.0,16970516.275,,,,
2022-06-27,159954,H股ETF,0.757,0.778,0.757,0.765,49788300.0,38050708.275,,,,
2022-06-28,159954,H股ETF,0.765,0.778,0.759,0.775,31100200.0,23923828.85,,,,
2022-06-29,159954,H股ETF,0.774,0.774,0.758,0.759,21425900.0,16417595.875,,,,
2022-06-30,159954,H股ETF,0.758,0.77,0.753,0.761,34658300.0,26357637.150000002,,,,
2022-07-01,159954,H股ETF,0.759,0.76,0.753,0.753,3496700.0,2644379.3750000005,,,,
2022-07-04,159954,H股ETF,0.753,0.762,0.75,0.758,29251500.0,22106821.125,,,,
2022-07-05,159954,H股ETF,0.761,0.77,0.754,0.759,24395200.0,18564747.2,,,,
2022-07-06,159954,H股ETF,0.759,0.759,0.738,0.742,35354500.0,26498197.749999996,,,,
2022-07-07,159954,H股ETF,0.742,0.75,0.736,0.749,49672500.0,36968758.12500001,,,,
2022-07-08,159954,H股ETF,0.752,0.758,0.748,0.751,15200600.0,11434651.350000001,,,,
2022-07-11,159954,H股ETF,0.751,0.751,0.727,0.73,37102900.0,27446870.274999995,,,,
2022-07-12,159954,H股ETF,0.729,0.73,0.716,0.72,41030900.0,29696113.874999996,,,,
2022-07-13,159954,H股ETF,0.72,0.721,0.71,0.714,38113800.0,27299009.249999996,,,,
2022-07-14,159954,H股ETF,0.712,0.714,0.704,0.709,29915700.0,21232668.074999996,,,,
2022-07-15,159954,H股ETF,0.706,0.711,0.699,0.7,32322600.0,22755110.4,,,,
2022-07-18,159954,H股ETF,0.703,0.722,0.698,0.718,30429500.0,21612552.374999996,,,,
2022-07-19,159954,H股ETF,0.718,0.72,0.713,0.718,17357300.0,12449523.424999999,,,,
2022-07-20,159954,H股ETF,0.725,0.731,0.724,0.727,17772500.0,12916164.375,,,,
2022-07-21,159954,H股ETF,0.727,0.728,0.72,0.722,26740100.0,19366517.424999997,,,,
2022-07-22,159954,H股ETF,0.726,0.727,0.717,0.72,18576400.0,13421449.0,,,,
2022-07-25,159954,H股ETF,0.719,0.72,0.709,0.716,26054200.0,18654807.200000003,,,,
2022-07-26,159954,H股ETF,0.716,0.727,0.716,0.726,26817100.0,19341833.375,,,,
2022-07-27,159954,H股ETF,0.727,0.727,0.713,0.714,18740400.0,13497773.1,,,,
2022-07-28,159954,H股ETF,0.718,0.719,0.712,0.713,14985300.0,10721982.15,,,,
2022-07-29,159954,H股ETF,0.713,0.718,0.693,0.694,36283700.0,25561866.650000002,,,,
2022-08-01,159954,H股ETF,0.692,0.699,0.688,0.696,33552400.0,23276977.499999996,,,,
2022-08-02,159954,H股ETF,0.692,0.692,0.673,0.678,29607100.0,20243854.625000004,,,,
2022-08-03,159954,H股ETF,0.683,0.691,0.682,0.683,36934100.0,25290624.974999998,,,,
2022-08-04,159954,H股ETF,0.691,0.698,0.691,0.696,29675100.0,20594519.4,,,,
2022-08-05,159954,H股ETF,0.701,0.701,0.692,0.699,37898600.0,26462697.450000003,,,,
2022-08-08,159954,H股ETF,0.696,0.7,0.69,0.694,23519000.0,16345704.999999998,,,,
2022-08-09,159954,H股ETF,0.695,0.699,0.687,0.691,22754900.0,15769145.700000001,,,,
2022-08-10,159954,H股ETF,0.691,0.692,0.669,0.671,24913200.0,16959660.900000002,,,,
2022-08-11,159954,H股ETF,0.677,0.689,0.677,0.688,34775200.0,23742767.8,,,,
2022-08-12,159954,H股ETF,0.693,0.697,0.688,0.694,19617600.0,13594996.8,,,,
2022-08-15,159954,H股ETF,0.693,0.7,0.69,0.697,25874100.0,17982499.5,,,,
2022-08-16,159954,H股ETF,0.7,0.703,0.684,0.689,33998800.0,23595167.2,,,,
2022-08-17,159954,H股ETF,0.69,0.692,0.683,0.689,22887800.0,15758250.299999997,,,,
2022-08-18,159954,H股ETF,0.687,0.689,0.684,0.685,34396500.0,23604598.125,,,,
2022-08-19,159954,H股ETF,0.685,0.694,0.683,0.687,30786200.0,21157815.95,,,,
2022-08-22,159954,H股ETF,0.685,0.694,0.683,0.692,26912500.0,18529256.249999996,,,,
2022-08-23,159954,H股ETF,0.692,0.692,0.684,0.686,26226700.0,18057082.950000003,,,,
2022-08-24,159954,H股ETF,0.689,0.689,0.676,0.68,25184200.0,17213400.7,,,,
2022-08-25,159954,H股ETF,0.681,0.698,0.681,0.697,19695900.0,13575399.075000001,,,,
2022-08-26,159954,H股ETF,0.709,0.709,0.692,0.708,29254200.0,20609583.9,,,,
2022-08-29,159954,H股ETF,0.701,0.712,0.701,0.71,20771700.0,14664820.200000001,,,,
2022-08-30,159954,H股ETF,0.71,0.71,0.697,0.707,15228100.0,10751038.6,,,,
2022-08-31,159954,H股ETF,0.708,0.717,0.696,0.709,21757700.0,15393572.75,,,,
2022-09-01,159954,H股ETF,0.709,0.71,0.697,0.698,17740400.0,12480371.4,,,,
2022-09-02,159954,H股ETF,0.704,0.705,0.687,0.692,14417100.0,10048718.700000001,,,,
2022-09-05,159954,H股ETF,0.689,0.689,0.679,0.687,14420000.0,9892120.0,,,,
2022-09-06,159954,H股ETF,0.688,0.691,0.683,0.689,13903000.0,9561788.249999998,,,,
2022-09-07,159954,H股ETF,0.686,0.686,0.677,0.685,17744600.0,12128434.1,,,,
2022-09-08,159954,H股ETF,0.688,0.688,0.677,0.678,12148800.0,8294593.200000001,,,,
2022-09-09,159954,H股ETF,0.682,0.693,0.676,0.692,18076800.0,12396165.600000001,,,,
2022-09-13,159954,H股ETF,0.697,0.698,0.69,0.696,10515500.0,7310901.374999999,,,,
2022-09-14,159954,H股ETF,0.689,0.689,0.676,0.68,16773300.0,11464550.55,,,,
2022-09-15,159954,H股ETF,0.681,0.686,0.681,0.683,11180500.0,7633486.375000001,,,,
2022-09-16,159954,H股ETF,0.681,0.685,0.678,0.682,13998200.0,9539773.3,,,,
2022-09-19,159954,H股ETF,0.682,0.684,0.669,0.672,12630100.0,8547420.175,,,,
2022-09-20,159954,H股ETF,0.674,0.684,0.674,0.679,14745800.0,9993965.950000001,,,,
2022-09-21,159954,H股ETF,0.678,0.678,0.669,0.672,17876500.0,12053230.125,,,,
2022-09-22,159954,H股ETF,0.665,0.666,0.657,0.661,17560800.0,11629639.8,,,,
2022-09-23,159954,H股ETF,0.662,0.668,0.659,0.661,24621100.0,16311478.750000002,,,,
2022-09-26,159954,H股ETF,0.661,0.674,0.657,0.663,17836100.0,11838711.375000002,,,,
2022-09-27,159954,H股ETF,0.665,0.669,0.66,0.668,16451900.0,10948739.450000001,,,,
2022-09-28,159954,H股ETF,0.672,0.672,0.659,0.659,32155000.0,21399152.5,,,,
2022-09-29,159954,H股ETF,0.667,0.669,0.644,0.648,34932400.0,22950586.8,,,,
2022-09-30,159954,H股ETF,0.654,0.654,0.636,0.64,24798000.0,16019508.0,,,,
2022-10-10,159954,H股ETF,0.64,0.646,0.635,0.635,22076100.0,14106627.9,,,,
2022-10-11,159954,H股ETF,0.637,0.639,0.626,0.63,21285000.0,13473405.0,,,,
2022-10-12,159954,H股ETF,0.629,0.631,0.609,0.628,46225000.0,28855956.25,,,,
2022-10-13,159954,H股ETF,0.619,0.62,0.61,0.613,22891200.0,14089533.599999998,,,,
2022-10-14,159954,H股ETF,0.619,0.63,0.616,0.619,31193200.0,19370977.2,,,,
2022-10-17,159954,H股ETF,0.614,0.617,0.606,0.617,34926000.0,21427100.999999996,,,,
2022-10-18,159954,H股ETF,0.628,0.631,0.619,0.627,40810200.0,25557387.75,,,,
2022-10-19,159954,H股ETF,0.628,0.632,0.611,0.611,20747200.0,12873637.600000001,,,,
2022-10-20,159954,H股ETF,0.608,0.615,0.6,0.606,58433600.0,35483803.599999994,,,,
2022-10-21,159954,H股ETF,0.61,0.613,0.606,0.61,20167100.0,12296889.225,,,,
2022-10-24,159954,H股ETF,0.608,0.613,0.571,0.573,58866600.0,34804877.25,,,,
2022-10-25,159954,H股ETF,0.572,0.587,0.561,0.578,99446200.0,57131841.9,,,,
2022-10-26,159954,H股ETF,0.577,0.597,0.573,0.577,89551100.0,52029189.099999994,,,,
2022-10-27,159954,H股ETF,0.589,0.594,0.58,0.58,43151400.0,25275932.55,,,,
2022-10-28,159954,H股ETF,0.578,0.584,0.554,0.557,39413000.0,22396437.249999996,,,,
2022-10-31,159954,H股ETF,0.558,0.566,0.549,0.555,35760200.0,19918431.4,,,,
2022-11-01,159954,H股ETF,0.557,0.586,0.557,0.583,41004400.0,23403261.3,,,,
2022-11-02,159954,H股ETF,0.58,0.601,0.572,0.596,39690700.0,23308363.575,,,,
2022-11-03,159954,H股ETF,0.591,0.598,0.585,0.587,28409900.0,16768943.474999998,,,,
2022-11-04,159954,H股ETF,0.588,0.629,0.588,0.62,76566000.0,46418137.5,,,,
2022-11-07,159954,H股ETF,0.607,0.632,0.605,0.628,42909200.0,26517885.6,,,,
2022-11-08,159954,H股ETF,0.629,0.63,0.619,0.623,28512100.0,17827190.525000002,,,,
2022-11-09,159954,H股ETF,0.623,0.631,0.612,0.612,14817100.0,9179193.45,,,,
2022-11-10,159954,H股ETF,0.611,0.611,0.602,0.605,17344900.0,10532690.524999999,,,,
2022-11-11,159954,H股ETF,0.644,0.644,0.629,0.638,39684000.0,25348155.0,,,,
2022-11-14,159954,H股ETF,0.654,0.665,0.642,0.646,43775400.0,28530616.950000003,,,,
2022-11-15,159954,H股ETF,0.646,0.675,0.642,0.671,53782000.0,35415447.00000001,,,,
2022-11-16,159954,H股ETF,0.671,0.68,0.666,0.668,39231400.0,26334077.25,,,,
2022-11-17,159954,H股ETF,0.661,0.67,0.655,0.666,27653900.0,18334535.7,,,,
2022-11-18,159954,H股ETF,0.674,0.682,0.664,0.666,33278200.0,22346311.300000004,,,,
2022-11-21,159954,H股ETF,0.663,0.663,0.645,0.658,44328300.0,29134775.175000004,,,,
2022-11-22,159954,H股ETF,0.658,0.662,0.639,0.64,31994400.0,20788361.400000002,,,,
2022-11-23,159954,H股ETF,0.643,0.65,0.64,0.647,45970000.0,29650650.0,,,,
2022-11-24,159954,H股ETF,0.65,0.653,0.642,0.646,18700700.0,12113378.425,,,,
2022-11-25,159954,H股ETF,0.648,0.65,0.641,0.648,18065900.0,11684120.825000001,,,,
2022-11-28,159954,H股ETF,0.628,0.643,0.627,0.642,45925100.0,29162438.5,,,,
2022-11-29,159954,H股ETF,0.652,0.675,0.652,0.672,30906400.0,20483216.6,,,,
2022-11-30,159954,H股ETF,0.673,0.687,0.673,0.685,25803000.0,17533138.5,,,,
2022-12-01,159954,H股ETF,0.712,0.712,0.693,0.694,45736500.0,32141325.375,,,,
2022-12-02,159954,H股ETF,0.693,0.696,0.685,0.688,20416700.0,14097731.35,,,,
2022-12-05,159954,H股ETF,0.702,0.71,0.69,0.709,33858300.0,23793920.325,,,,
2022-12-06,159954,H股ETF,0.705,0.714,0.698,0.707,42955700.0,30326724.2,,,,
2022-12-07,159954,H股ETF,0.706,0.723,0.7,0.7,47958200.0,33918436.949999996,,,,
2022-12-08,159954,H股ETF,0.695,0.712,0.695,0.709,23422500.0,16460161.874999996,,,,
2022-12-09,159954,H股ETF,0.712,0.729,0.707,0.725,37400800.0,26863124.599999998,,,,
2022-12-12,159954,H股ETF,0.726,0.726,0.71,0.711,22894100.0,16443687.325,,,,
2022-12-13,159954,H股ETF,0.708,0.723,0.708,0.716,24432000.0,17438339.999999996,,,,
2022-12-14,159954,H股ETF,0.72,0.726,0.713,0.722,28659200.0,20641788.8,,,,
2022-12-15,159954,H股ETF,0.717,0.718,0.705,0.709,21572000.0,15364657.000000002,,,,
2022-12-16,159954,H股ETF,0.709,0.719,0.702,0.714,18494500.0,13149589.5,,,,
2022-12-19,159954,H股ETF,0.715,0.727,0.706,0.708,20394400.0,14561601.6,,,,
2022-12-20,159954,H股ETF,0.703,0.71,0.691,0.696,28947100.0,20262970.0,,,,
2022-12-21,159954,H股ETF,0.699,0.701,0.694,0.694,21216700.0,14788039.899999999,,,,
2022-12-22,159954,H股ETF,0.699,0.724,0.699,0.722,20879400.0,14845253.399999997,,,,
2022-12-23,159954,H股ETF,0.715,0.722,0.71,0.718,13034400.0,9335889.0,,,,
2022-12-26,159954,H股ETF,0.714,0.716,0.713,0.714,1558900.0,1113444.3250000002,,,,
2022-12-27,159954,H股ETF,0.717,0.722,0.716,0.722,4020600.0,2891816.55,,,,
2022-12-28,159954,H股ETF,0.721,0.737,0.721,0.725,13676100.0,9928848.6,,,,
2022-12-29,159954,H股ETF,0.722,0.726,0.716,0.722,7861500.0,5672072.25,,,,
2022-12-30,159954,H股ETF,0.729,0.74,0.721,0.722,18084800.0,13165734.4,,,,
2023-01-03,159954,H股ETF,0.721,0.725,0.698,0.723,24132300.0,17296826.025,,,,
2023-01-04,159954,H股ETF,0.729,0.74,0.726,0.74,19573700.0,14362202.374999998,,,,
2023-01-05,159954,H股ETF,0.758,0.763,0.75,0.751,31874500.0,24081184.75,,,,
2023-01-06,159954,H股ETF,0.751,0.76,0.74,0.74,19561600.0,14627186.400000002,,,,
2023-01-09,159954,H股ETF,0.747,0.752,0.741,0.746,28751400.0,21462920.1,,,,
2023-01-10,159954,H股ETF,0.743,0.745,0.736,0.739,13234500.0,9803455.875,,,,
2023-01-11,159954,H股ETF,0.739,0.751,0.739,0.743,14951000.0,11108593.0,,,,
2023-01-12,159954,H股ETF,0.746,0.749,0.731,0.735,23927400.0,17712257.849999998,,,,
2023-01-13,159954,H股ETF,0.738,0.741,0.732,0.74,15122400.0,11156550.599999998,,,,
2023-01-16,159954,H股ETF,0.741,0.743,0.729,0.73,21008800.0,15457224.6,,,,
2023-01-17,159954,H股ETF,0.73,0.741,0.728,0.732,22882100.0,16766858.775,,,,
2023-01-18,159954,H股ETF,0.733,0.741,0.731,0.735,20411200.0,15002232.0,,,,
2023-01-19,159954,H股ETF,0.734,0.739,0.728,0.736,15323100.0,11250986.175,,,,
2023-01-20,159954,H股ETF,0.738,0.754,0.738,0.749,17820200.0,13271593.950000001,,,,
2023-01-30,159954,H股ETF,0.766,0.779,0.76,0.761,23189200.0,17774521.8,,,,
2023-01-31,159954,H股ETF,0.766,0.769,0.745,0.747,22887900.0,17320418.325,,,,
2023-02-01,159954,H股ETF,0.752,0.766,0.751,0.764,18936500.0,14358601.125,,,,
2023-02-02,159954,H股ETF,0.77,0.771,0.757,0.76,14226300.0,10876006.350000001,,,,
2023-02-03,159954,H股ETF,0.759,0.759,0.74,0.747,19420700.0,14589800.875,,,,
2023-02-06,159954,H股ETF,0.74,0.742,0.727,0.729,22545400.0,16559596.299999999,,,,
2023-02-07,159954,H股ETF,0.731,0.74,0.731,0.731,18043900.0,13230689.674999999,,,,
2023-02-08,159954,H股ETF,0.732,0.735,0.721,0.724,19246000.0,14011088.0,,,,
2023-02-09,159954,H股ETF,0.72,0.735,0.72,0.733,27488100.0,19983848.699999996,,,,
2023-02-10,159954,H股ETF,0.733,0.733,0.718,0.719,11735500.0,8517039.125,,,,
2023-02-13,159954,H股ETF,0.718,0.726,0.713,0.722,24668300.0,17755008.925,,,,
2023-02-14,159954,H股ETF,0.724,0.726,0.72,0.721,9144800.0,6609404.2,,,,
2023-02-15,159954,H股ETF,0.721,0.722,0.709,0.715,32320700.0,23165861.725,,,,
2023-02-16,159954,H股ETF,0.72,0.735,0.718,0.724,21037900.0,15236699.075,,,,
2023-02-17,159954,H股ETF,0.725,0.728,0.715,0.716,10385200.0,7487729.199999998,,,,
2023-02-20,159954,H股ETF,0.711,0.726,0.709,0.724,12058800.0,8652189.0,,,,
2023-02-21,159954,H股ETF,0.723,0.725,0.71,0.714,13550300.0,9729115.4,,,,
2023-02-22,159954,H股ETF,0.711,0.713,0.703,0.706,18045700.0,12780867.024999999,,,,
2023-02-23,159954,H股ETF,0.704,0.712,0.703,0.705,27804100.0,19629694.599999994,,,,
2023-02-24,159954,H股ETF,0.703,0.704,0.695,0.7,21398300.0,14989509.15,,,,
2023-02-27,159954,H股ETF,0.697,0.704,0.692,0.696,36628600.0,25539291.349999998,,,,
2023-02-28,159954,H股ETF,0.699,0.703,0.69,0.694,45399100.0,31620473.149999995,,,,
2023-03-01,159954,H股ETF,0.693,0.715,0.691,0.714,28609900.0,20119912.174999997,,,,
2023-03-02,159954,H股ETF,0.709,0.716,0.706,0.713,21541000.0,15315651.0,,,,
2023-03-03,159954,H股ETF,0.72,0.726,0.717,0.723,18197000.0,13129135.5,,,,
2023-03-06,159954,H股ETF,0.723,0.726,0.715,0.724,26827800.0,19369671.599999998,,,,
2023-03-07,159954,H股ETF,0.724,0.738,0.711,0.716,43210400.0,31208711.4,,,,
2023-03-08,159954,H股ETF,0.714,0.714,0.699,0.704,16641800.0,11778233.949999997,,,,
2023-03-09,159954,H股ETF,0.703,0.704,0.698,0.699,18899000.0,13248199.0,,,,
2023-03-10,159954,H股ETF,0.69,0.69,0.676,0.677,13558700.0,9263981.775,,,,
2023-03-13,159954,H股ETF,0.68,0.688,0.676,0.682,22867300.0,15584064.95,,,,
2023-03-14,159954,H股ETF,0.68,0.684,0.667,0.669,18377500.0,12404812.5,,,,
2023-03-15,159954,H股ETF,0.678,0.685,0.675,0.678,16016000.0,10874864.0,,,,
2023-03-16,159954,H股ETF,0.669,0.681,0.669,0.671,15619900.0,10504382.75,,,,
2023-03-17,159954,H股ETF,0.68,0.689,0.677,0.682,18598600.0,12684245.200000001,,,,
2023-03-20,159954,H股ETF,0.683,0.683,0.667,0.67,10867400.0,7343645.550000001,,,,
2023-03-21,159954,H股ETF,0.673,0.678,0.671,0.678,10727900.0,7241332.500000001,,,,
2023-03-22,159954,H股ETF,0.683,0.697,0.683,0.687,20112700.0,13827481.25,,,,
2023-03-23,159954,H股ETF,0.686,0.703,0.685,0.701,17255700.0,11971141.875,,,,
2023-03-24,159954,H股ETF,0.701,0.713,0.698,0.702,8119700.0,5712208.95,,,,
2023-03-27,159954,H股ETF,0.704,0.704,0.688,0.694,14900700.0,10393238.25,,,,
2023-03-28,159954,H股ETF,0.695,0.704,0.689,0.699,11893200.0,8286587.1,,,,
2023-03-29,159954,H股ETF,0.713,0.721,0.708,0.709,9099900.0,6485953.725,,,,
2023-03-30,159954,H股ETF,0.712,0.717,0.702,0.711,13024800.0,9254120.4,,,,
2023-03-31,159954,H股ETF,0.716,0.726,0.714,0.718,8487100.0,6097981.350000001,,,,
2023-04-03,159954,H股ETF,0.716,0.721,0.709,0.712,4987100.0,3563282.95,,,,
2023-04-04,159954,H股ETF,0.712,0.712,0.701,0.708,8013100.0,5675278.074999999,,,,
2023-04-06,159954,H股ETF,0.704,0.707,0.698,0.701,5602200.0,3935545.4999999995,,,,
2023-04-07,159954,H股ETF,0.705,0.71,0.705,0.709,2573500.0,1820107.8749999998,,,,
2023-04-10,159954,H股ETF,0.709,0.712,0.708,0.71,1423000.0,1009974.2500000001,,,,
2023-04-11,159954,H股ETF,0.714,0.722,0.706,0.71,8324500.0,5935368.5,,,,
2023-04-12,159954,H股ETF,0.713,0.715,0.703,0.704,4091000.0,2899496.2499999995,,,,
2023-04-13,159954,H股ETF,0.694,0.702,0.69,0.7,4893400.0,3408253.1,,,,
2023-04-14,159954,H股ETF,0.706,0.709,0.701,0.706,10331000.0,7288520.5,,,,
2023-04-17,159954,H股ETF,0.705,0.725,0.705,0.725,7247600.0,5182034.0,,,,
2023-04-18,159954,H股ETF,0.725,0.725,0.719,0.72,3600300.0,2600316.675,,,,
2023-04-19,159954,H股ETF,0.72,0.721,0.712,0.715,4296700.0,3080733.9000000004,,,,
2023-04-20,159954,H股ETF,0.714,0.719,0.713,0.717,7385000.0,5285813.75,,,,
2023-04-21,159954,H股ETF,0.716,0.716,0.705,0.705,7161000.0,5087890.499999999,,,,
2023-04-24,159954,H股ETF,0.705,0.708,0.693,0.695,13261800.0,9286575.45,,,,
2023-04-25,159954,H股ETF,0.697,0.699,0.685,0.688,6402700.0,4432269.074999999,,,,
2023-04-26,159954,H股ETF,0.691,0.704,0.69,0.698,4482800.0,3118908.1,,,,
2023-04-27,159954,H股ETF,0.698,0.703,0.694,0.698,2847200.0,1988057.3999999997,,,,
2023-04-28,159954,H股ETF,0.704,0.714,0.7,0.706,4388300.0,3098139.8,,,,
2023-05-04,159954,H股ETF,0.704,0.704,0.692,0.702,3434700.0,2406007.3499999996,,,,
2023-05-05,159954,H股ETF,0.706,0.715,0.706,0.711,8453700.0,5997900.149999999,,,,
2023-05-08,159954,H股ETF,0.715,0.723,0.714,0.723,5662400.0,4069850.0,,,,
2023-05-09,159954,H股ETF,0.719,0.724,0.707,0.707,9334500.0,6667166.624999999,,,,
2023-05-10,159954,H股ETF,0.708,0.708,0.699,0.702,9560900.0,6733263.824999999,,,,
2023-05-11,159954,H股ETF,0.704,0.706,0.695,0.696,4170600.0,2920462.65,,,,
2023-05-12,159954,H股ETF,0.701,0.708,0.698,0.699,2518700.0,1766868.0499999998,,,,
2023-05-15,159954,H股ETF,0.699,0.717,0.696,0.712,6005900.0,4240165.399999999,,,,
2023-05-16,159954,H股ETF,0.716,0.721,0.713,0.713,2282400.0,1633627.8,,,,
2023-05-17,159954,H股ETF,0.713,0.718,0.709,0.709,3580500.0,2550211.125,,,,
2023-05-18,159954,H股ETF,0.713,0.715,0.703,0.708,5354200.0,3800143.4499999993,,,,
2023-05-19,159954,H股ETF,0.707,0.709,0.7,0.703,4075300.0,2872067.675,,,,
2023-05-22,159954,H股ETF,0.705,0.717,0.701,0.716,4419700.0,3136882.075,,,,
2023-05-23,159954,H股ETF,0.716,0.72,0.704,0.704,3248800.0,2309896.7999999993,,,,
2023-05-24,159954,H股ETF,0.703,0.703,0.694,0.694,3159500.0,2206910.7499999995,,,,
2023-05-25,159954,H股ETF,0.691,0.691,0.675,0.68,9505700.0,6504275.225000001,,,,
2023-05-26,159954,H股ETF,0.679,0.679,0.671,0.677,4165000.0,2817622.5000000005,,,,
2023-05-29,159954,H股ETF,0.68,0.682,0.666,0.67,9626100.0,6492804.45,,,,
2023-05-30,159954,H股ETF,0.67,0.671,0.661,0.67,8634100.0,5767578.800000001,,,,
2023-05-31,159954,H股ETF,0.663,0.663,0.651,0.655,5506400.0,3623211.2,,,,
2023-06-01,159954,H股ETF,0.655,0.666,0.655,0.659,12825000.0,8448468.75,,,,
2023-06-02,159954,H股ETF,0.669,0.687,0.666,0.685,9517500.0,6440968.125000001,,,,
2023-06-05,159954,H股ETF,0.687,0.692,0.682,0.69,5870600.0,4037505.15,,,,
2023-06-06,159954,H股ETF,0.689,0.704,0.689,0.691,7222900.0,5007275.425,,,,
2023-06-07,159954,H股ETF,0.698,0.704,0.697,0.7,3179600.0,2224925.1,,,,
2023-06-08,159954,H股ETF,0.7,0.705,0.694,0.702,6609200.0,4628092.3,,,,
2023-06-09,159954,H股ETF,0.704,0.71,0.701,0.709,7410600.0,5231883.6,,,,
2023-06-12,159954,H股ETF,0.712,0.712,0.703,0.709,7628500.0,5408606.5,,,,
2023-06-13,159954,H股ETF,0.709,0.717,0.706,0.715,7718200.0,5493428.85,,,,
2023-06-14,159954,H股ETF,0.715,0.721,0.709,0.709,4805300.0,3428581.5500000003,,,,
2023-06-15,159954,H股ETF,0.716,0.729,0.716,0.729,7176700.0,5185165.749999999,,,,
2023-06-16,159954,H股ETF,0.73,0.742,0.73,0.737,9189100.0,6751691.225000001,,,,
2023-06-19,159954,H股ETF,0.737,0.737,0.725,0.73,3519200.0,2576934.2,,,,
2023-06-20,159954,H股ETF,0.731,0.733,0.718,0.721,9172500.0,6656941.875,,,,
2023-06-21,159954,H股ETF,0.71,0.715,0.706,0.708,3313400.0,2351685.65,,,,
2023-06-26,159954,H股ETF,0.704,0.704,0.694,0.697,6740700.0,4716804.824999999,,,,
2023-06-27,159954,H股ETF,0.7,0.713,0.7,0.711,5741100.0,4053216.5999999996,,,,
2023-06-28,159954,H股ETF,0.708,0.715,0.706,0.713,3654600.0,2596593.3,,,,
2023-06-29,159954,H股ETF,0.715,0.715,0.705,0.706,4912500.0,3489103.1249999995,,,,
2023-06-30,159954,H股ETF,0.706,0.712,0.704,0.707,4777200.0,3378674.6999999997,,,,
2023-07-03,159954,H股ETF,0.708,0.724,0.708,0.724,4783800.0,3425200.8,,,,
2023-07-04,159954,H股ETF,0.721,0.728,0.719,0.722,1929000.0,1393702.5,,,,
2023-07-05,159954,H股ETF,0.721,0.722,0.711,0.712,5373600.0,3850184.3999999994,,,,
2023-07-06,159954,H股ETF,0.712,0.715,0.696,0.698,12840100.0,9055480.524999999,,,,
2023-07-07,159954,H股ETF,0.696,0.698,0.685,0.687,13888300.0,9603759.45,,,,
2023-07-10,159954,H股ETF,0.693,0.698,0.688,0.689,11421300.0,7903539.6,,,,
2023-07-11,159954,H股ETF,0.692,0.699,0.691,0.693,11911500.0,8263603.124999998,,,,
2023-07-12,159954,H股ETF,0.696,0.702,0.694,0.697,7760700.0,5411148.074999999,,,,
2023-07-13,159954,H股ETF,0.706,0.719,0.706,0.716,12216700.0,8695236.225,,,,
2023-07-14,159954,H股ETF,0.727,0.727,0.711,0.713,5662900.0,4074456.5499999993,,,,
2023-07-17,159954,H股ETF,0.71,0.713,0.703,0.704,1004100.0,710400.7499999999,,,,
2023-07-18,159954,H股ETF,0.709,0.71,0.699,0.702,4051300.0,2856166.5,,,,
2023-07-19,159954,H股ETF,0.698,0.704,0.693,0.703,5432400.0,3799963.7999999993,,,,
2023-07-20,159954,H股ETF,0.705,0.713,0.7,0.701,19416800.0,13683989.799999999,,,,
2023-07-21,159954,H股ETF,0.699,0.707,0.696,0.702,5012000.0,3513411.999999999,,,,
2023-07-24,159954,H股ETF,0.7,0.7,0.687,0.688,9865900.0,6844468.125000001,,,,
2023-07-25,159954,H股ETF,0.7,0.721,0.7,0.72,53056200.0,37683166.050000004,,,,
2023-07-26,159954,H股ETF,0.72,0.721,0.714,0.718,4745500.0,3408455.3749999995,,,,
2023-07-27,159954,H股ETF,0.721,0.734,0.721,0.729,9871600.0,7169249.500000001,,,,
2023-07-28,159954,H股ETF,0.724,0.748,0.723,0.746,8790000.0,6462847.5,,,,
2023-07-31,159954,H股ETF,0.76,0.77,0.758,0.762,8607800.0,6563447.5,,,,
2023-08-01,159954,H股ETF,0.762,0.772,0.749,0.75,16177500.0,12266589.375,,,,
2023-08-02,159954,H股ETF,0.749,0.753,0.734,0.734,9969700.0,7402502.250000001,,,,
2023-08-03,159954,H股ETF,0.734,0.743,0.731,0.739,7934800.0,5845963.899999999,,,,
2023-08-04,159954,H股ETF,0.753,0.753,0.74,0.74,8312300.0,6205131.949999999,,,,
2023-08-07,159954,H股ETF,0.74,0.744,0.735,0.741,6141500.0,4544709.999999999,,,,
2023-08-08,159954,H股ETF,0.741,0.741,0.728,0.73,6826200.0,5017257.000000001,,,,
2023-08-09,159954,H股ETF,0.725,0.732,0.724,0.729,8120800.0,5907882.0,,,,
2023-08-10,159954,H股ETF,0.73,0.732,0.725,0.731,12253700.0,8939074.149999999,,,,
2023-08-11,159954,H股ETF,0.73,0.731,0.722,0.723,7677500.0,5577703.749999999,,,,
2023-08-14,159954,H股ETF,0.72,0.72,0.706,0.712,12949300.0,9252274.85,,,,
2023-08-15,159954,H股ETF,0.711,0.717,0.708,0.711,10949600.0,7793377.799999999,,,,
2023-08-16,159954,H股ETF,0.709,0.709,0.7,0.7,16125900.0,11360696.549999999,,,,
2023-08-17,159954,H股ETF,0.698,0.709,0.689,0.709,20140600.0,14123595.75,,,,
2023-08-18,159954,H股ETF,0.708,0.708,0.69,0.69,15263500.0,10669186.5,,,,
2023-08-21,159954,H股ETF,0.684,0.689,0.676,0.678,15431500.0,10520425.125000002,,,,
2023-08-22,159954,H股ETF,0.679,0.688,0.672,0.684,19707700.0,13416016.775000002,,,,
2023-08-23,159954,H股ETF,0.683,0.69,0.677,0.683,16402400.0,11206939.8,,,,
2023-08-24,159954,H股ETF,0.688,0.703,0.687,0.7,11986800.0,8324832.599999999,,,,
2023-08-25,159954,H股ETF,0.697,0.7,0.69,0.694,22031800.0,15317608.950000001,,,,
2023-08-28,159954,H股ETF,0.722,0.735,0.701,0.703,12841300.0,9184739.825,,,,
2023-08-29,159954,H股ETF,0.704,0.717,0.704,0.714,16033700.0,11379918.574999997,,,,
2023-08-30,159954,H股ETF,0.72,0.723,0.711,0.712,9624500.0,6895954.249999999,,,,
2023-08-31,159954,H股ETF,0.712,0.716,0.703,0.705,13679500.0,9698765.5,,,,
2023-09-01,159954,H股ETF,0.705,0.709,0.702,0.706,2962800.0,2090255.4000000001,,,,
2023-09-04,159954,H股ETF,0.711,0.724,0.71,0.722,13301100.0,9533563.425,,,,
2023-09-05,159954,H股ETF,0.721,0.721,0.71,0.715,10338600.0,7410191.55,,,,
2023-09-06,159954,H股ETF,0.715,0.715,0.705,0.711,9195500.0,6542598.25,,,,
2023-09-07,159954,H股ETF,0.712,0.714,0.705,0.706,5686500.0,4033150.1249999995,,,,
2023-09-08,159954,H股ETF,0.706,0.707,0.702,0.703,2655900.0,1871081.5499999998,,,,
2023-09-11,159954,H股ETF,0.7,0.704,0.693,0.701,11085900.0,7754587.049999999,,,,
2023-09-12,159954,H股ETF,0.702,0.705,0.697,0.703,8943400.0,6276030.95,,,,
2023-09-13,159954,H股ETF,0.704,0.707,0.695,0.698,9175200.0,6431815.199999999,,,,
2023-09-14,159954,H股ETF,0.699,0.702,0.693,0.7,8153800.0,5695429.3,,,,
2023-09-15,159954,H股ETF,0.703,0.71,0.7,0.705,14102500.0,9935211.249999998,,,,
2023-09-18,159954,H股ETF,0.703,0.703,0.692,0.698,10461400.0,7312518.599999999,,,,
2023-09-19,159954,H股ETF,0.698,0.703,0.693,0.695,11960400.0,8339388.899999999,,,,
2023-09-20,159954,H股ETF,0.695,0.696,0.69,0.692,7136700.0,4947517.275,,,,
2023-09-21,159954,H股ETF,0.689,0.693,0.68,0.682,13790200.0,9460077.200000001,,,,
2023-09-22,159954,H股ETF,0.681,0.696,0.678,0.694,11294400.0,7762076.399999999,,,,
2023-09-25,159954,H股ETF,0.694,0.695,0.686,0.687,6293600.0,4345730.8,,,,
2023-09-26,159954,H股ETF,0.686,0.686,0.677,0.677,5914600.0,4030799.9,,,,
2023-09-27,159954,H股ETF,0.678,0.681,0.676,0.678,7391800.0,5013488.350000001,,,,
2023-09-28,159954,H股ETF,0.682,0.682,0.666,0.668,14380600.0,9699714.7,,,,
2023-10-09,159954,H股ETF,0.668,0.668,0.66,0.666,5984100.0,3982418.5500000007,,,,
2023-10-10,159954,H股ETF,0.67,0.68,0.67,0.672,8679300.0,5841168.9,,,,
2023-10-11,159954,H股ETF,0.679,0.687,0.678,0.685,10344100.0,7057262.225000001,,,,
2023-10-12,159954,H股ETF,0.694,0.7,0.694,0.698,4944800.0,3444053.1999999997,,,,
2023-10-13,159954,H股ETF,0.69,0.692,0.683,0.687,6440700.0,4431201.6,,,,
2023-10-16,159954,H股ETF,0.687,0.687,0.677,0.678,6769000.0,4618150.250000001,,,,
2023-10-17,159954,H股ETF,0.684,0.685,0.68,0.684,5465000.0,3733961.25,,,,
2023-10-18,159954,H股ETF,0.684,0.685,0.678,0.681,9220300.0,6288244.600000001,,,,
2023-10-19,159954,H股ETF,0.677,0.677,0.666,0.668,5147000.0,3458784.0,,,,
2023-10-20,159954,H股ETF,0.66,0.67,0.66,0.66,14387600.0,9531785.000000002,,,,
2023-10-23,159954,H股ETF,0.657,0.66,0.648,0.652,8695400.0,5688965.450000001,,,,
2023-10-24,159954,H股ETF,0.657,0.658,0.647,0.652,7372100.0,4817667.35,,,,
2023-10-25,159954,H股ETF,0.666,0.672,0.657,0.657,12609100.0,8359833.300000001,,,,
2023-10-26,159954,H股ETF,0.659,0.661,0.651,0.656,11056900.0,7261619.074999999,,,,
2023-10-27,159954,H股ETF,0.659,0.674,0.655,0.668,6048500.0,4016203.9999999995,,,,
2023-10-30,159954,H股ETF,0.666,0.671,0.663,0.665,11517300.0,7673401.125,,,,
2023-10-31,159954,H股ETF,0.664,0.666,0.655,0.659,10016900.0,6621170.9,,,,
2023-11-01,159954,H股ETF,0.661,0.661,0.654,0.657,7498300.0,4935755.975,,,,
2023-11-02,159954,H股ETF,0.661,0.669,0.659,0.659,12657100.0,8379000.2,,,,
2023-11-03,159954,H股ETF,0.665,0.68,0.664,0.678,7592700.0,5100396.225000001,,,,
2023-11-06,159954,H股ETF,0.685,0.694,0.684,0.691,7341700.0,5054760.45,,,,
2023-11-07,159954,H股ETF,0.684,0.69,0.68,0.683,6819300.0,4666106.025,,,,
2023-11-08,159954,H股ETF,0.683,0.684,0.676,0.678,6629500.0,4509717.375000001,,,,
2023-11-09,159954,H股ETF,0.676,0.68,0.673,0.676,5572900.0,3768673.625,,,,
2023-11-10,159954,H股ETF,0.673,0.673,0.664,0.665,4897000.0,3274868.7500000005,,,,
2023-11-13,159954,H股ETF,0.665,0.668,0.658,0.665,7104200.0,4717188.8,,,,
2023-11-14,159954,H股ETF,0.669,0.675,0.667,0.671,9523200.0,6385305.600000001,,,,
2023-11-15,159954,H股ETF,0.68,0.69,0.678,0.688,46835300.0,32035345.199999996,,,,
2023-11-16,159954,H股ETF,0.692,0.692,0.678,0.683,10811100.0,7419117.375,,,,
2023-11-17,159954,H股ETF,0.68,0.68,0.668,0.671,9599800.0,6477465.050000001,,,,
2023-11-20,159954,H股ETF,0.672,0.678,0.671,0.676,12716500.0,8574100.125,,,,
2023-11-21,159954,H股ETF,0.681,0.686,0.672,0.675,10112700.0,6861466.950000001,,,,
2023-11-22,159954,H股ETF,0.671,0.674,0.668,0.668,5483100.0,3675047.775,,,,
2023-11-23,159954,H股ETF,0.669,0.675,0.667,0.675,5971400.0,4009795.1,,,,
2023-11-24,159954,H股ETF,0.674,0.686,0.667,0.668,5437800.0,3663717.7500000005,,,,
2023-11-27,159954,H股ETF,0.668,0.668,0.658,0.663,12944400.0,8598317.7,,,,
2023-11-28,159954,H股ETF,0.663,0.665,0.654,0.658,11757500.0,7759950.0,,,,
2023-11-29,159954,H股ETF,0.658,0.658,0.63,0.633,28823300.0,18583822.674999997,,,,
2023-11-30,159954,H股ETF,0.637,0.638,0.63,0.637,9478800.0,6023777.399999999,,,,
2023-12-01,159954,H股ETF,0.634,0.635,0.627,0.631,12036200.0,7603869.350000001,,,,
2023-12-04,159954,H股ETF,0.633,0.633,0.619,0.62,17072400.0,10691590.5,,,,
2023-12-05,159954,H股ETF,0.617,0.619,0.604,0.606,9932500.0,6073723.749999999,,,,
2023-12-06,159954,H股ETF,0.609,0.622,0.606,0.616,7704100.0,4724539.324999999,,,,
2023-12-07,159954,H股ETF,0.616,0.616,0.604,0.61,7677900.0,4695035.850000001,,,,
2023-12-08,159954,H股ETF,0.61,0.614,0.606,0.608,6593600.0,4018799.1999999997,,,,
2023-12-11,159954,H股ETF,0.603,0.607,0.596,0.604,8976300.0,5408220.749999999,,,,
2023-12-12,159954,H股ETF,0.606,0.615,0.605,0.613,6093900.0,3715755.525,,,,
2023-12-13,159954,H股ETF,0.612,0.612,0.602,0.603,4525500.0,2748109.875,,,,
2023-12-14,159954,H股ETF,0.609,0.613,0.603,0.604,9507200.0,5773247.2,,,,
2023-12-15,159954,H股ETF,0.607,0.626,0.607,0.616,17155400.0,10533415.599999998,,,,
2023-12-18,159954,H股ETF,0.615,0.615,0.608,0.611,6868700.0,4205361.575,,,,
2023-12-19,159954,H股ETF,0.608,0.608,0.6,0.602,13149400.0,7948812.300000001,,,,
2023-12-20,159954,H股ETF,0.606,0.608,0.601,0.603,7248100.0,4381476.45,,,,
2023-12-21,159954,H股ETF,0.597,0.606,0.596,0.603,8528400.0,5121304.2,,,,
2023-12-22,159954,H股ETF,0.607,0.611,0.588,0.589,11559500.0,6921250.625,,,,
2023-12-25,159954,H股ETF,0.594,0.594,0.585,0.591,2000500.0,1182295.5,,,,
2023-12-26,159954,H股ETF,0.593,0.593,0.586,0.587,2529900.0,1492008.525,,,,
2023-12-27,159954,H股ETF,0.591,0.602,0.591,0.601,9123800.0,5440065.749999999,,,,
2023-12-28,159954,H股ETF,0.602,0.618,0.6,0.616,8096100.0,4930524.899999999,,,,
2023-12-29,159954,H股ETF,0.616,0.618,0.61,0.612,6998600.0,4297140.4,,,,
2024-01-02,159954,H股ETF,0.615,0.618,0.603,0.606,6511600.0,3975331.8000000003,,,,
2024-01-03,159954,H股ETF,0.602,0.604,0.6,0.604,2852600.0,1718691.5,,,,
2024-01-04,159954,H股ETF,0.605,0.607,0.601,0.605,3914900.0,2366557.0500000003,,,,
2024-01-05,159954,H股ETF,0.601,0.612,0.599,0.602,5711400.0,3446829.8999999994,,,,
2024-01-08,159954,H股ETF,0.603,0.603,0.587,0.589,7968100.0,4745003.55,,,,
2024-01-09,159954,H股ETF,0.59,0.594,0.585,0.586,8631400.0,5081736.75,,,,
2024-01-10,159954,H股ETF,0.583,0.589,0.578,0.579,10659700.0,6206610.324999999,,,,
2024-01-11,159954,H股ETF,0.581,0.595,0.581,0.591,11636400.0,6830566.8,,,,
2024-01-12,159954,H股ETF,0.59,0.594,0.587,0.589,4491100.0,2649748.9999999995,,,,
2024-01-15,159954,H股ETF,0.59,0.592,0.583,0.587,4558400.0,2680339.2,,,,
2024-01-16,159954,H股ETF,0.585,0.59,0.575,0.58,8011200.0,4666524.0,,,,
2024-01-17,159954,H股ETF,0.576,0.58,0.553,0.554,18393800.0,10406292.35,,,,
2024-01-18,159954,H股ETF,0.556,0.563,0.552,0.563,13846800.0,7733437.8,,,,
2024-01-19,159954,H股ETF,0.561,0.565,0.551,0.552,12906600.0,7192202.850000001,,,,
2024-01-22,159954,H股ETF,0.554,0.556,0.532,0.535,18373000.0,9999505.25,,,,
2024-01-23,159954,H股ETF,0.537,0.557,0.536,0.55,23247400.0,12669833.0,,,,
2024-01-24,159954,H股ETF,0.556,0.564,0.55,0.562,14007100.0,7815961.800000001,,,,
2024-01-25,159954,H股ETF,0.566,0.582,0.565,0.581,12367000.0,7092474.499999999,,,,
2024-01-26,159954,H股ETF,0.577,0.581,0.57,0.574,5956400.0,3427908.1999999993,,,,
2024-01-29,159954,H股ETF,0.575,0.583,0.573,0.574,12461700.0,7181054.624999999,,,,
2024-01-30,159954,H股ETF,0.572,0.577,0.559,0.561,15192800.0,8618115.8,,,,
2024-01-31,159954,H股ETF,0.562,0.562,0.549,0.55,9623300.0,5348148.975000001,,,,
2024-02-01,159954,H股ETF,0.551,0.563,0.549,0.553,10752000.0,5956608.000000001,,,,
2024-02-02,159954,H股ETF,0.558,0.568,0.549,0.558,13685000.0,7639651.25,,,,
2024-02-05,159954,H股ETF,0.558,0.564,0.547,0.559,16786300.0,9349969.100000001,,,,
2024-02-06,159954,H股ETF,0.559,0.583,0.559,0.583,14266000.0,8145885.999999999,,,,
2024-02-07,159954,H股ETF,0.589,0.608,0.574,0.578,34155900.0,20058052.275,,,,
2024-02-08,159954,H股ETF,0.577,0.583,0.572,0.574,22710600.0,13092660.899999999,,,,
2024-02-19,159954,H股ETF,0.593,0.593,0.584,0.59,16939400.0,9994246.0,,,,
2024-02-20,159954,H股ETF,0.59,0.591,0.583,0.588,4889200.0,2874849.5999999996,,,,
2024-02-21,159954,H股ETF,0.585,0.615,0.584,0.606,19475600.0,11636670.999999998,,,,
2024-02-22,159954,H股ETF,0.607,0.614,0.602,0.613,9043000.0,5507187.0,,,,
2024-02-23,159954,H股ETF,0.613,0.625,0.613,0.619,9432600.0,5824630.499999999,,,,
2024-02-26,159954,H股ETF,0.62,0.621,0.612,0.613,9209800.0,5677841.7,,,,
2024-02-27,159954,H股ETF,0.612,0.617,0.606,0.617,8857900.0,5429892.7,,,,
2024-02-28,159954,H股ETF,0.618,0.623,0.605,0.608,11315200.0,6941875.199999999,,,,
2024-02-29,159954,H股ETF,0.607,0.612,0.604,0.611,12389500.0,7539010.750000001,,,,
2024-03-01,159954,H股ETF,0.61,0.619,0.6,0.616,19156200.0,11709227.25,,,,
2024-03-04,159954,H股ETF,0.616,0.619,0.609,0.611,18432000.0,11312640.0,,,,
2024-03-05,159954,H股ETF,0.609,0.609,0.597,0.6,29375500.0,17735458.125,,,,
2024-03-06,159954,H股ETF,0.6,0.616,0.599,0.607,22013200.0,13328992.599999998,,,,
2024-03-07,159954,H股ETF,0.61,0.617,0.602,0.602,21515900.0,13076288.225,,,,
2024-03-08,159954,H股ETF,0.604,0.613,0.604,0.611,11371100.0,6913628.8,,,,
2024-03-11,159954,H股ETF,0.611,0.618,0.611,0.616,18051000.0,11083313.999999998,,,,
2024-03-12,159954,H股ETF,0.619,0.637,0.618,0.636,14451700.0,9068441.75,,,,
2024-03-13,159954,H股ETF,0.636,0.641,0.634,0.638,8036100.0,5121004.725,,,,
2024-03-14,159954,H股ETF,0.638,0.643,0.631,0.635,9209000.0,5863830.75,,,,
2024-03-15,159954,H股ETF,0.63,0.63,0.618,0.624,7792200.0,4874021.1,,,,
2024-03-18,159954,H股ETF,0.624,0.632,0.622,0.63,17989500.0,11279416.5,,,,
2024-03-19,159954,H股ETF,0.629,0.629,0.62,0.622,21931200.0,13707000.0,,,,
2024-03-20,159954,H股ETF,0.622,0.627,0.616,0.625,18368100.0,11434142.249999998,,,,
2024-03-21,159954,H股ETF,0.63,0.642,0.63,0.641,13969500.0,8881109.624999998,,,,
2024-03-22,159954,H股ETF,0.639,0.639,0.618,0.622,23311400.0,14674526.3,,,,
2024-03-25,159954,H股ETF,0.626,0.633,0.625,0.625,10740600.0,6737041.35,,,,
2024-03-26,159954,H股ETF,0.628,0.637,0.625,0.634,8137100.0,5134510.1,,,,
2024-03-27,159954,H股ETF,0.634,0.636,0.624,0.628,8658600.0,5459247.300000001,,,,
2024-03-28,159954,H股ETF,0.628,0.644,0.625,0.635,12846400.0,8131771.2,,,,
2024-03-29,159954,H股ETF,0.635,0.644,0.635,0.637,4524100.0,2885244.7750000004,,,,
2024-04-01,159954,H股ETF,0.637,0.65,0.637,0.644,4055000.0,2603310.0,,,,
2024-04-02,159954,H股ETF,0.654,0.657,0.648,0.652,15409100.0,10058290.025,,,,
2024-04-03,159954,H股ETF,0.652,0.655,0.643,0.645,8826300.0,5726062.125,,,,
2024-04-08,159954,H股ETF,0.644,0.652,0.638,0.643,17307700.0,11150485.725,,,,
2024-04-09,159954,H股ETF,0.645,0.654,0.645,0.649,11290200.0,7318872.15,,,,
2024-04-10,159954,H股ETF,0.651,0.662,0.651,0.659,14905800.0,9774478.350000001,,,,
2024-04-11,159954,H股ETF,0.654,0.663,0.647,0.662,7496000.0,4921124.000000001,,,,
2024-04-12,159954,H股ETF,0.66,0.66,0.649,0.65,10150500.0,6646039.875000001,,,,
2024-04-15,159954,H股ETF,0.648,0.648,0.639,0.647,5928000.0,3826524.0,,,,
2024-04-16,159954,H股ETF,0.637,0.643,0.632,0.633,16388500.0,10427183.125,,,,
2024-04-17,159954,H股ETF,0.636,0.638,0.63,0.634,7831800.0,4969277.1,,,,
2024-04-18,159954,H股ETF,0.634,0.644,0.632,0.639,7013300.0,4469225.425000001,,,,
2024-04-19,159954,H股ETF,0.637,0.638,0.627,0.635,6503100.0,4124591.175,,,,
2024-04-22,159954,H股ETF,0.638,0.651,0.636,0.647,6873100.0,4419403.3,,,,
2024-04-23,159954,H股ETF,0.649,0.662,0.649,0.659,14607000.0,9563933.25,,,,
2024-04-24,159954,H股ETF,0.666,0.679,0.664,0.679,9223600.0,6198259.2,,,,
2024-04-25,159954,H股ETF,0.679,0.688,0.675,0.68,20966200.0,14267499.099999998,,,,
2024-04-26,159954,H股ETF,0.682,0.706,0.682,0.7,21581300.0,14945050.25,,,,
2024-04-29,159954,H股ETF,0.705,0.711,0.694,0.698,22512900.0,15804055.799999999,,,,
2024-04-30,159954,H股ETF,0.698,0.703,0.693,0.698,18994300.0,13258021.399999999,,,,
2024-05-06,159954,H股ETF,0.719,0.728,0.717,0.728,19034300.0,13761798.9,,,,
2024-05-07,159954,H股ETF,0.729,0.73,0.72,0.723,15529000.0,11266289.5,,,,
2024-05-08,159954,H股ETF,0.723,0.729,0.715,0.716,12839200.0,9253853.4,,,,
2024-05-09,159954,H股ETF,0.719,0.731,0.717,0.728,21531500.0,15583423.125,,,,
2024-05-10,159954,H股ETF,0.733,0.751,0.733,0.747,17243400.0,12777359.4,,,,
2024-05-13,159954,H股ETF,0.745,0.755,0.742,0.754,17149100.0,12844675.9,,,,
2024-05-14,159954,H股ETF,0.766,0.766,0.751,0.753,16406200.0,12452305.8,,,,
2024-05-15,159954,H股ETF,0.75,0.756,0.75,0.754,12862000.0,9678655.0,,,,
2024-05-16,159954,H股ETF,0.757,0.771,0.756,0.769,30573300.0,23335071.224999998,,,,
2024-05-17,159954,H股ETF,0.772,0.778,0.765,0.771,31408100.0,24231349.150000002,,,,
2024-05-20,159954,H股ETF,0.775,0.777,0.769,0.777,15508800.0,12011565.600000001,,,,
2024-05-21,159954,H股ETF,0.774,0.774,0.756,0.758,23191400.0,17753016.700000003,,,,
2024-05-22,159954,H股ETF,0.758,0.767,0.757,0.762,15801800.0,12025169.8,,,,
2024-05-23,159954,H股ETF,0.755,0.757,0.745,0.755,15994600.0,12043933.8,,,,
2024-05-24,159954,H股ETF,0.752,0.752,0.736,0.738,9652600.0,7186360.699999999,,,,
2024-05-27,159954,H股ETF,0.738,0.752,0.735,0.751,22095700.0,16439200.799999997,,,,
2024-05-28,159954,H股ETF,0.751,0.758,0.747,0.748,21529900.0,16168954.9,,,,
2024-05-29,159954,H股ETF,0.746,0.746,0.734,0.738,6219500.0,4608649.5,,,,
2024-05-30,159954,H股ETF,0.731,0.738,0.721,0.723,6633800.0,4831064.850000001,,,,
2024-05-31,159954,H股ETF,0.729,0.738,0.721,0.722,13121200.0,9545673.0,,,,
2024-06-03,159954,H股ETF,0.724,0.737,0.721,0.732,12691400.0,9245684.9,,,,
2024-06-04,159954,H股ETF,0.73,0.74,0.726,0.74,17273200.0,12678528.799999999,,,,
2024-06-05,159954,H股ETF,0.74,0.748,0.731,0.732,14708600.0,10851269.649999999,,,,
2024-06-06,159954,H股ETF,0.734,0.747,0.731,0.734,12473200.0,9186511.799999999,,,,
2024-06-07,159954,H股ETF,0.735,0.741,0.728,0.731,7205100.0,5286742.124999999,,,,
2024-06-11,159954,H股ETF,0.728,0.733,0.719,0.731,14502700.0,10554339.925,,,,
2024-06-12,159954,H股ETF,0.723,0.731,0.718,0.72,10640500.0,7693081.5,,,,
2024-06-13,159954,H股ETF,0.723,0.729,0.721,0.727,7772500.0,5635062.5,,,,
2024-06-14,159954,H股ETF,0.724,0.732,0.722,0.728,6552100.0,4760100.65,,,,
2024-06-17,159954,H股ETF,0.724,0.735,0.716,0.726,10553400.0,7653853.35,,,,
2024-06-18,159954,H股ETF,0.73,0.731,0.723,0.726,8037700.0,5847426.749999999,,,,
2024-06-19,159954,H股ETF,0.729,0.753,0.729,0.753,19296600.0,14298780.6,,,,
2024-06-20,159954,H股ETF,0.756,0.759,0.747,0.75,21235500.0,15990331.5,,,,
2024-06-21,159954,H股ETF,0.742,0.746,0.733,0.739,13851300.0,10249962.0,,,,
2024-06-24,159954,H股ETF,0.739,0.739,0.728,0.73,8003700.0,5874715.8,,,,
2024-06-25,159954,H股ETF,0.738,0.748,0.735,0.739,9879500.0,7310829.999999999,,,,
2024-06-26,159954,H股ETF,0.736,0.744,0.665,0.741,8656000.0,6245304.0,,,,
2024-06-27,159954,H股ETF,0.735,0.738,0.723,0.725,7241000.0,5287740.25,,,,
2024-06-28,159954,H股ETF,0.722,0.732,0.72,0.727,9420500.0,6832217.624999999,,,,
2024-07-01,159954,H股ETF,0.723,0.729,0.72,0.729,2407400.0,1745966.8499999999,,,,
2024-07-02,159954,H股ETF,0.723,0.74,0.723,0.734,8233400.0,6010382.0,,,,
2024-07-03,159954,H股ETF,0.739,0.744,0.734,0.744,9308600.0,6890691.15,,,,
2024-07-04,159954,H股ETF,0.749,0.753,0.745,0.749,8296900.0,6214378.1,,,,
2024-07-05,159954,H股ETF,0.749,0.75,0.734,0.739,8176800.0,6075362.4,,,,
2024-07-08,159954,H股ETF,0.733,0.74,0.727,0.728,6208500.0,4544621.999999999,,,,
2024-07-09,159954,H股ETF,0.725,0.734,0.722,0.73,12475000.0,9078681.25,,,,
2024-07-10,159954,H股ETF,0.735,0.74,0.724,0.726,21854800.0,15981322.499999998,,,,
2024-07-11,159954,H股ETF,0.734,0.738,0.729,0.735,12693800.0,9317249.2,,,,
2024-07-12,159954,H股ETF,0.742,0.755,0.742,0.755,17988800.0,13464616.799999999,,,,
2024-07-15,159954,H股ETF,0.753,0.753,0.74,0.742,11770500.0,8792563.500000002,,,,
2024-07-16,159954,H股ETF,0.739,0.739,0.731,0.734,10333700.0,7603019.774999999,,,,
2024-07-17,159954,H股ETF,0.731,0.735,0.723,0.729,16003900.0,11674845.049999999,,,,
2024-07-18,159954,H股ETF,0.725,0.731,0.719,0.73,16970400.0,12324753.0,,,,
2024-07-19,159954,H股ETF,0.725,0.725,0.712,0.714,14120800.0,10152855.200000001,,,,
2024-07-22,159954,H股ETF,0.715,0.725,0.71,0.725,19972400.0,14355162.5,,,,
2024-07-23,159954,H股ETF,0.725,0.727,0.717,0.718,5461600.0,3941909.8,,,,
2024-07-24,159954,H股ETF,0.717,0.719,0.705,0.707,7421000.0,5283752.0,,,,
2024-07-25,159954,H股ETF,0.702,0.706,0.687,0.688,12282900.0,8545827.675,,,,
2024-07-26,159954,H股ETF,0.689,0.698,0.685,0.691,10677300.0,7375344.975,,,,
2024-07-29,159954,H股ETF,0.696,0.702,0.694,0.701,8946800.0,6247103.1,,,,
2024-07-30,159954,H股ETF,0.693,0.693,0.683,0.685,7811600.0,5378286.600000001,,,,
2024-07-31,159954,H股ETF,0.684,0.7,0.682,0.699,11486200.0,7939835.75,,,,
2024-08-01,159954,H股ETF,0.695,0.699,0.692,0.697,8502700.0,5915753.5249999985,,,,
2024-08-02,159954,H股ETF,0.691,0.691,0.677,0.68,17817700.0,12200670.075,,,,
2024-08-05,159954,H股ETF,0.669,0.683,0.661,0.665,28833400.0,19303961.300000004,,,,
2024-08-06,159954,H股ETF,0.674,0.676,0.663,0.666,9267000.0,6206573.250000001,,,,
2024-08-07,159954,H股ETF,0.666,0.68,0.666,0.674,8686500.0,5832984.75,,,,
2024-08-08,159954,H股ETF,0.671,0.681,0.667,0.679,6703700.0,4521645.65,,,,
2024-08-09,159954,H股ETF,0.685,0.691,0.682,0.688,15816300.0,10857889.95,,,,
2024-08-12,159954,H股ETF,0.684,0.688,0.68,0.685,7095600.0,4855164.300000001,,,,
2024-08-13,159954,H股ETF,0.685,0.692,0.684,0.69,5132400.0,3529808.1000000006,,,,
2024-08-14,159954,H股ETF,0.692,0.692,0.681,0.682,3372800.0,2316270.4,,,,
2024-08-15,159954,H股ETF,0.679,0.692,0.678,0.684,32910300.0,22485962.474999998,,,,
2024-08-16,159954,H股ETF,0.689,0.701,0.689,0.699,11849800.0,8229686.1,,,,
2024-08-19,159954,H股ETF,0.703,0.706,0.699,0.7,22503500.0,15797456.999999998,,,,
2024-08-20,159954,H股ETF,0.706,0.708,0.696,0.698,4123800.0,2894907.5999999996,,,,
2024-08-21,159954,H股ETF,0.693,0.694,0.684,0.692,8174900.0,5646812.175,,,,
2024-08-22,159954,H股ETF,0.693,0.698,0.689,0.698,20199000.0,14028205.5,,,,
2024-08-23,159954,H股ETF,0.693,0.701,0.693,0.7,8873300.0,6182471.774999999,,,,
2024-08-26,159954,H股ETF,0.7,0.707,0.7,0.705,11669600.0,8203728.799999998,,,,
2024-08-27,159954,H股ETF,0.701,0.71,0.699,0.71,7944400.0,5600802.0,,,,
2024-08-28,159954,H股ETF,0.708,0.71,0.698,0.701,9088800.0,6400787.399999999,,,,
2024-08-29,159954,H股ETF,0.698,0.709,0.697,0.709,25989900.0,18277397.175,,,,
2024-08-30,159954,H股ETF,0.709,0.727,0.709,0.72,22177700.0,15884777.624999998,,,,
2024-09-02,159954,H股ETF,0.716,0.716,0.704,0.705,7509600.0,5333693.3999999985,,,,
2024-09-03,159954,H股ETF,0.705,0.708,0.701,0.704,5452100.0,3841004.45,,,,
2024-09-04,159954,H股ETF,0.702,0.702,0.691,0.695,15393800.0,10737175.499999998,,,,
2024-09-05,159954,H股ETF,0.694,0.697,0.688,0.689,8082800.0,5593297.6,,,,
2024-09-06,159954,H股ETF,0.687,0.692,0.683,0.686,4511600.0,3099469.2,,,,
2024-09-09,159954,H股ETF,0.681,0.689,0.677,0.678,4891000.0,3331993.75,,,,
2024-09-10,159954,H股ETF,0.677,0.685,0.677,0.685,6541800.0,4454965.800000001,,,,
2024-09-11,159954,H股ETF,0.68,0.68,0.672,0.677,9942700.0,6733693.575000001,,,,
2024-09-12,159954,H股ETF,0.683,0.688,0.679,0.686,7729000.0,5286636.000000001,,,,
2024-09-13,159954,H股ETF,0.686,0.695,0.686,0.689,6918000.0,4766502.0,,,,
2024-09-18,159954,H股ETF,0.696,0.714,0.696,0.711,24803600.0,17467935.3,,,,
2024-09-19,159954,H股ETF,0.711,0.716,0.698,0.714,29295300.0,20792339.175,,,,
2024-09-20,159954,H股ETF,0.717,0.726,0.712,0.715,18877400.0,13544534.5,,,,
2024-09-23,159954,H股ETF,0.719,0.727,0.718,0.721,18291800.0,13192960.749999998,,,,
2024-09-24,159954,H股ETF,0.729,0.756,0.729,0.756,24219500.0,17982978.75,,,,
2024-09-25,159954,H股ETF,0.775,0.78,0.756,0.758,27737700.0,21281750.325,,,,
2024-09-26,159954,H股ETF,0.765,0.79,0.758,0.789,35446500.0,27488760.750000004,,,,
2024-09-27,159954,H股ETF,0.808,0.825,0.803,0.816,52781400.0,42911278.199999996,,,,
2024-09-30,159954,H股ETF,0.838,0.878,0.827,0.85,94046300.0,79774773.975,,,,
2024-10-08,159954,H股ETF,0.935,0.935,0.84,0.862,79385000.0,70890805.0,,,,
2024-10-09,159954,H股ETF,0.862,0.862,0.806,0.818,48716600.0,40775794.199999996,,,,
2024-10-10,159954,H股ETF,0.842,0.879,0.842,0.853,58519800.0,49975909.199999996,,,,
2024-10-11,159954,H股ETF,0.858,0.862,0.828,0.834,24865900.0,21024118.45,,,,
2024-10-14,159954,H股ETF,0.842,0.864,0.836,0.854,74071900.0,62887043.1,,,,
2024-10-15,159954,H股ETF,0.858,0.858,0.821,0.821,29233500.0,24541523.249999996,,,,
2024-10-16,159954,H股ETF,0.822,0.835,0.818,0.828,23327900.0,19263013.425,,,,
2024-10-17,159954,H股ETF,0.834,0.844,0.82,0.821,22970800.0,19060021.299999997,,,,
2024-10-18,159954,H股ETF,0.82,0.855,0.816,0.842,38557100.0,32127703.575,,,,
2024-10-21,159954,H股ETF,0.848,0.85,0.833,0.836,27324300.0,23000229.525,,,,
2024-10-22,159954,H股ETF,0.84,0.843,0.834,0.838,10748500.0,9015304.375,,,,
2024-10-23,159954,H股ETF,0.841,0.86,0.837,0.852,24431800.0,20705950.499999996,,,,
2024-10-24,159954,H股ETF,0.85,0.85,0.839,0.839,18301000.0,15455194.5,,,,
2024-10-25,159954,H股ETF,0.839,0.85,0.839,0.841,10637300.0,8959265.924999999,,,,
2024-10-28,159954,H股ETF,0.843,0.845,0.835,0.844,8331400.0,7012955.95,,,,
2024-10-29,159954,H股ETF,0.849,0.854,0.84,0.843,11556500.0,9782577.249999998,,,,
2024-10-30,159954,H股ETF,0.841,0.843,0.827,0.83,7613900.0,6359509.975,,,,
2024-10-31,159954,H股ETF,0.828,0.836,0.825,0.829,12926600.0,10722614.7,,,,
2024-11-01,159954,H股ETF,0.825,0.841,0.825,0.833,10998600.0,9139836.6,,,,
2024-11-04,159954,H股ETF,0.835,0.838,0.83,0.835,12328600.0,10288216.700000001,,,,
2024-11-05,159954,H股ETF,0.834,0.859,0.832,0.852,33278900.0,28095711.325,,,,
2024-11-06,159954,H股ETF,0.849,0.855,0.836,0.84,21028300.0,17768913.5,,,,
2024-11-07,159954,H股ETF,0.841,0.862,0.837,0.86,29249800.0,24862330.000000004,,,,
2024-11-08,159954,H股ETF,0.871,0.879,0.854,0.855,19096500.0,16513698.375,,,,
2024-11-11,159954,H股ETF,0.852,0.852,0.831,0.843,20815700.0,17578858.65,,,,
2024-11-12,159954,H股ETF,0.841,0.851,0.819,0.821,31374900.0,26135291.7,,,,
2024-11-13,159954,H股ETF,0.816,0.822,0.81,0.82,26596100.0,21729013.7,,,,
2024-11-14,159954,H股ETF,0.816,0.826,0.805,0.806,31128400.0,25315171.3,,,,
2024-11-15,159954,H股ETF,0.808,0.815,0.803,0.808,18931700.0,15306279.45,,,,
2024-11-18,159954,H股ETF,0.814,0.822,0.808,0.814,15651800.0,12748391.1,,,,
2024-11-19,159954,H股ETF,0.82,0.821,0.809,0.818,12806700.0,10463073.899999999,,,,
2024-11-20,159954,H股ETF,0.82,0.821,0.813,0.819,12710500.0,10400366.624999998,,,,
2024-11-21,159954,H股ETF,0.817,0.82,0.812,0.815,10040400.0,8192966.4,,,,
2024-11-22,159954,H股ETF,0.814,0.816,0.794,0.796,18249200.0,14690605.999999998,,,,
2024-11-25,159954,H股ETF,0.797,0.802,0.791,0.793,13852900.0,11023445.175,,,,
2024-11-26,159954,H股ETF,0.791,0.799,0.789,0.792,8565900.0,6790617.225000001,,,,
2024-11-27,159954,H股ETF,0.791,0.806,0.787,0.806,12503400.0,9971461.5,,,,
2024-11-28,159954,H股ETF,0.806,0.807,0.796,0.796,10534700.0,8440928.375,,,,
2024-11-29,159954,H股ETF,0.797,0.81,0.794,0.797,15177000.0,12134011.5,,,,
2024-12-02,159954,H股ETF,0.799,0.812,0.798,0.806,12896400.0,10365481.5,,,,
2024-12-03,159954,H股ETF,0.807,0.818,0.802,0.814,12952600.0,10494844.15,,,,
2024-12-04,159954,H股ETF,0.815,0.821,0.811,0.817,11646600.0,9503625.6,,,,
2024-12-05,159954,H股ETF,0.814,0.814,0.807,0.809,6466900.0,5244655.899999999,,,,
2024-12-06,159954,H股ETF,0.81,0.823,0.81,0.82,15156100.0,12363588.575,,,,
2024-12-09,159954,H股ETF,0.817,0.827,0.816,0.819,9131500.0,7485547.125,,,,
2024-12-10,159954,H股ETF,0.862,0.871,0.842,0.842,17915500.0,15304315.875000002,,,,
2024-12-11,159954,H股ETF,0.842,0.847,0.832,0.834,7614200.0,6386410.249999999,,,,
2024-12-12,159954,H股ETF,0.834,0.852,0.833,0.852,8491800.0,7156464.449999999,,,,
2024-12-13,159954,H股ETF,0.847,0.848,0.83,0.832,8765000.0,7356026.249999999,,,,
2024-12-16,159954,H股ETF,0.83,0.832,0.82,0.822,4519200.0,3732859.1999999997,,,,
2024-12-17,159954,H股ETF,0.82,0.83,0.817,0.82,7966200.0,6546224.85,,,,
2024-12-18,159954,H股ETF,0.828,0.832,0.825,0.829,5310800.0,4399997.8,,,,
2024-12-19,159954,H股ETF,0.823,0.831,0.819,0.831,5041800.0,4164526.8,,,,
2024-12-20,159954,H股ETF,0.826,0.835,0.826,0.832,4521200.0,3751465.6999999997,,,,
2024-12-23,159954,H股ETF,0.834,0.837,0.828,0.832,5889500.0,4904481.125,,,,
2024-12-24,159954,H股ETF,0.833,0.849,0.833,0.847,6177500.0,5192188.75,,,,
2024-12-25,159954,H股ETF,0.852,0.857,0.846,0.847,2650000.0,2253825.0,,,,
2024-12-26,159954,H股ETF,0.848,0.85,0.844,0.845,1972800.0,1670468.4,,,,
2024-12-27,159954,H股ETF,0.843,0.85,0.841,0.847,5940700.0,5021376.675000001,,,,
2024-12-30,159954,H股ETF,0.847,0.851,0.841,0.848,4621200.0,3913001.0999999996,,,,
2024-12-31,159954,H股ETF,0.843,0.85,0.838,0.839,15774200.0,13289763.5,,,,
2025-01-02,159954,H股ETF,0.839,0.841,0.824,0.827,15489900.0,12899214.224999998,,,,
2025-01-03,159954,H股ETF,0.828,0.838,0.824,0.829,13979600.0,11599573.1,,,,
2025-01-06,159954,H股ETF,0.831,0.849,0.831,0.831,4138400.0,3457633.2,,,,
2025-01-07,159954,H股ETF,0.829,0.83,0.811,0.822,20082400.0,16527815.2,,,,
2025-01-08,159954,H股ETF,0.819,0.827,0.807,0.814,11399300.0,9310378.275,,,,
2025-01-09,159954,H股ETF,0.812,0.82,0.811,0.815,9452600.0,7699142.7,,,,
2025-01-10,159954,H股ETF,0.814,0.818,0.801,0.803,9471500.0,7662443.500000001,,,,
2025-01-13,159954,H股ETF,0.8,0.8,0.788,0.796,8124300.0,6466942.800000001,,,,
2025-01-14,159954,H股ETF,0.797,0.818,0.797,0.814,14242400.0,11486495.6,,,,
2025-01-15,159954,H股ETF,0.814,0.816,0.809,0.813,7131800.0,5798153.399999999,,,,
2025-01-16,159954,H股ETF,0.82,0.832,0.816,0.825,10407800.0,8568221.35,,,,
2025-01-17,159954,H股ETF,0.823,0.826,0.82,0.822,6815400.0,5607370.35,,,,
2025-01-20,159954,H股ETF,0.83,0.845,0.83,0.837,10734800.0,8968925.399999999,,,,
2025-01-21,159954,H股ETF,0.843,0.855,0.835,0.843,9901100.0,8356528.399999999,,,,
2025-01-22,159954,H股ETF,0.84,0.84,0.825,0.828,6197200.0,5163816.9,,,,
2025-01-23,159954,H股ETF,0.844,0.845,0.822,0.823,15998800.0,13334999.799999999,,,,
2025-01-24,159954,H股ETF,0.828,0.842,0.827,0.839,13353000.0,11136402.0,,,,
2025-01-27,159954,H股ETF,0.84,0.851,0.84,0.847,9462800.0,7991334.6,,,,
2025-02-05,159954,H股ETF,0.865,0.877,0.86,0.869,14593700.0,12663683.174999999,,,,
2025-02-06,159954,H股ETF,0.868,0.883,0.868,0.882,21203600.0,18558450.9,,,,
2025-02-07,159954,H股ETF,0.881,0.901,0.881,0.897,19725800.0,17555962.000000004,,,,
2025-02-10,159954,H股ETF,0.898,0.92,0.898,0.916,16187200.0,14697977.6,,,,
2025-02-11,159954,H股ETF,0.918,0.924,0.906,0.91,57440900.0,52529703.050000004,,,,
2025-02-12,159954,H股ETF,0.911,0.931,0.91,0.93,84061200.0,77378334.60000001,,,,
2025-02-13,159954,H股ETF,0.934,0.958,0.934,0.943,41459500.0,39065213.875,,,,
2025-02-14,159954,H股ETF,0.936,0.954,0.935,0.95,60391200.0,56994195.0,,,,
2025-02-17,159954,H股ETF,0.962,0.976,0.948,0.963,65220800.0,62758714.8,,,,
2025-02-18,159954,H股ETF,0.963,0.991,0.963,0.973,48610700.0,47273905.75,,,,
2025-02-19,159954,H股ETF,0.976,0.986,0.969,0.983,56257400.0,55047865.9,,,,
2025-02-20,159954,H股ETF,0.98,0.98,0.959,0.97,41570300.0,40416724.175,,,,
2025-02-21,159954,H股ETF,0.985,1.001,0.982,1.0,17019000.0,16882848.0,,,,
2025-02-24,159954,H股ETF,1.001,1.016,0.994,1.005,29476000.0,29593904.0,,,,
2025-02-25,159954,H股ETF,0.986,0.996,0.972,0.986,14515300.0,14297570.5,,,,
2025-02-26,159954,H股ETF,0.99,1.026,0.99,1.024,19668200.0,19815711.5,,,,
2025-02-27,159954,H股ETF,1.025,1.036,1.005,1.02,29336800.0,29967541.200000003,,,,
2025-02-28,159954,H股ETF,1.017,1.017,0.98,0.983,28380900.0,28359614.325,,,,
2025-03-03,159954,H股ETF,0.987,1.003,0.978,0.98,15445600.0,15244807.199999997,,,,
2025-03-04,159954,H股ETF,0.975,0.98,0.958,0.978,7683700.0,7474319.175,,,,
2025-03-05,159954,H股ETF,0.981,1.005,0.981,1.005,12185400.0,12100102.2,,,,
2025-03-06,159954,H股ETF,1.019,1.036,1.019,1.033,21329500.0,21900064.124999996,,,,
2025-03-07,159954,H股ETF,1.03,1.056,1.028,1.035,12662000.0,13133659.5,,,,
2025-03-10,159954,H股ETF,1.03,1.04,1.009,1.018,10892100.0,11156233.424999999,,,,
2025-03-11,159954,H股ETF,1.0,1.017,0.995,1.011,8349400.0,8397409.049999999,,,,
2025-03-12,159954,H股ETF,1.018,1.025,1.003,1.005,13025200.0,13191271.299999997,,,,
2025-03-13,159954,H股ETF,1.01,1.011,0.991,0.999,17163000.0,17210198.249999996,,,,
2025-03-14,159954,H股ETF,1.006,1.037,1.006,1.033,13714500.0,13995647.25,,,,
2025-03-17,159954,H股ETF,1.039,1.043,1.03,1.039,12612200.0,13088310.549999999,,,,
2025-03-18,159954,H股ETF,1.056,1.062,1.049,1.059,7790300.0,8230451.950000002,,,,
2025-03-19,159954,H股ETF,1.053,1.066,1.053,1.058,10792400.0,11412962.999999998,,,,
2025-03-20,159954,H股ETF,1.057,1.057,1.033,1.038,16967000.0,17751723.75,,,,
2025-03-21,159954,H股ETF,1.037,1.038,1.011,1.018,11507800.0,11807002.8,,,,
2025-03-24,159954,H股ETF,1.017,1.021,1.01,1.021,8805700.0,8957598.325,,,,
2025-03-25,159954,H股ETF,1.019,1.021,1.0,1.002,10358600.0,10467365.299999999,,,,
2025-03-26,159954,H股ETF,1.002,1.011,1.0,1.002,5541900.0,5562682.125,,,,
2025-03-27,159954,H股ETF,1.003,1.02,0.998,1.011,6478700.0,6530529.6,,,,
2025-03-28,159954,H股ETF,1.012,1.015,0.992,1.0,10324200.0,10373239.950000001,,,,
2025-03-31,159954,H股ETF,0.993,1.001,0.982,0.99,11530700.0,11432689.05,,,,
2025-04-01,159954,H股ETF,0.991,1.001,0.989,0.993,13713200.0,13624064.2,,,,
2025-04-02,159954,H股ETF,0.992,0.999,0.981,0.989,7964600.0,7886945.149999999,,,,
2025-04-03,159954,H股ETF,0.975,0.987,0.97,0.98,8276100.0,8094025.8,,,,
2025-04-07,159954,H股ETF,0.916,0.916,0.882,0.882,17492600.0,15725847.4,,,,
2025-04-08,159954,H股ETF,0.88,0.888,0.853,0.866,26224200.0,22860946.35,,,,
2025-04-09,159954,H股ETF,0.839,0.885,0.834,0.875,43485700.0,37321602.025000006,,,,
2025-04-10,159954,H股ETF,0.919,0.93,0.9,0.906,31840300.0,29094074.125000004,,,,
2025-04-11,159954,H股ETF,0.905,0.927,0.894,0.916,21954200.0,19989299.1,,,,
2025-04-14,159954,H股ETF,0.929,0.939,0.925,0.93,10334700.0,9619022.025,,,,
2025-04-15,159954,H股ETF,0.934,0.939,0.928,0.933,9971700.0,9308581.95,,,,
2025-04-16,159954,H股ETF,0.93,0.93,0.906,0.916,13199200.0,12149863.600000001,,,,
2025-04-17,159954,H股ETF,0.908,0.928,0.908,0.919,7567000.0,6929480.25,,,,
2025-04-18,159954,H股ETF,0.918,0.92,0.916,0.919,2300500.0,2112434.125,,,,
2025-04-21,159954,H股ETF,0.919,0.923,0.916,0.921,2566200.0,2360262.4499999997,,,,
2025-04-22,159954,H股ETF,0.921,0.933,0.916,0.929,13730100.0,12696909.975000001,,,,
2025-04-23,159954,H股ETF,0.954,0.959,0.943,0.951,6075700.0,5782547.475,,,,
2025-04-24,159954,H股ETF,0.951,0.951,0.935,0.939,7393900.0,6979841.6,,,,
2025-04-25,159954,H股ETF,0.948,0.959,0.947,0.948,8790300.0,8355180.15,,,,
2025-04-28,159954,H股ETF,0.95,0.95,0.938,0.95,4482000.0,4244453.999999999,,,,
2025-04-29,159954,H股ETF,0.949,0.953,0.94,0.94,9056700.0,8563109.85,,,,
2025-04-30,159954,H股ETF,0.942,0.942,0.931,0.94,6113100.0,5738672.625,,,,
2025-05-06,159954,H股ETF,0.952,0.963,0.949,0.961,8505500.0,8133384.374999999,,,,
2025-05-07,159954,H股ETF,0.978,0.985,0.96,0.963,8411000.0,8171286.499999999,,,,
2025-05-08,159954,H股ETF,0.961,0.974,0.958,0.965,4165700.0,4017817.6499999994,,,,
2025-05-09,159954,H股ETF,0.966,0.97,0.961,0.963,6465600.0,6239304.0,,,,
2025-05-12,159954,H股ETF,0.97,0.98,0.968,0.976,8483700.0,8258881.95,,,,
2025-05-13,159954,H股ETF,0.982,0.987,0.969,0.971,6580600.0,6430891.35,,,,
2025-05-14,159954,H股ETF,0.975,0.99,0.974,0.989,9499600.0,9328607.2,,,,
2025-05-15,159954,H股ETF,0.992,0.995,0.981,0.984,3062800.0,3026046.4,,,,
2025-05-16,159954,H股ETF,0.971,0.979,0.969,0.978,9500500.0,9255862.125,,,,
2025-05-19,159954,H股ETF,0.976,0.978,0.963,0.976,4945100.0,4812818.575,,,,
2025-05-20,159954,H股ETF,0.975,0.993,0.975,0.992,3826700.0,3764516.125,,,,
2025-05-21,159954,H股ETF,0.992,1.001,0.992,0.994,3066500.0,3050400.875,,,,
2025-05-22,159954,H股ETF,0.993,0.996,0.985,0.986,1583400.0,1567566.0,,,,
2025-05-23,159954,H股ETF,0.988,0.995,0.983,0.983,2566700.0,2533974.575,,,,
2025-05-26,159954,H股ETF,0.985,0.986,0.966,0.967,3599500.0,3513112.0,,,,
2025-05-27,159954,H股ETF,0.966,0.972,0.962,0.972,3120600.0,3020740.8,,,,
2025-05-28,159954,H股ETF,0.973,0.978,0.967,0.97,10351900.0,10062046.8,,,,
2025-05-29,159954,H股ETF,0.975,0.984,0.97,0.981,7135600.0,6975049.0,,,,
2025-05-30,159954,H股ETF,0.971,0.973,0.961,0.964,9002800.0,8707958.299999999,,,,
2025-06-03,159954,H股ETF,0.964,0.977,0.964,0.976,5233900.0,5078191.475,,,,
2025-06-04,159954,H股ETF,0.978,0.988,0.975,0.983,9691600.0,9507459.6,,,,
2025-06-05,159954,H股ETF,0.988,0.995,0.988,0.992,6038700.0,5982842.025,,,,
2025-06-06,159954,H股ETF,0.994,0.997,0.989,0.994,4889200.0,4857420.199999999,,,,
2025-06-09,159954,H股ETF,0.996,1.008,0.996,1.005,4233900.0,4239192.375,,,,
2025-06-10,159954,H股ETF,1.006,1.012,1.0,1.006,5215500.0,5246793.0,,,,
2025-06-11,159954,H股ETF,1.007,1.022,1.007,1.019,3710100.0,3761113.8749999995,,,,
2025-06-12,159954,H股ETF,1.019,1.019,1.005,1.007,8536700.0,8643408.75,,,,
2025-06-13,159954,H股ETF,1.005,1.005,0.99,0.991,8016800.0,7998762.199999999,,,,
2025-06-16,159954,H股ETF,0.993,1.0,0.987,1.0,2546700.0,2533966.5,,,,
2025-06-17,159954,H股ETF,1.001,1.006,0.997,0.998,2428400.0,2429614.1999999997,,,,
2025-06-18,159954,H股ETF,0.997,0.997,0.985,0.987,4547000.0,4508350.5,,,,
2025-06-19,159954,H股ETF,0.986,0.986,0.966,0.967,5017300.0,4898139.125,,,,
2025-06-20,159954,H股ETF,0.968,0.979,0.968,0.976,4428400.0,4307726.1,,,,
2025-06-23,159954,H股ETF,0.975,0.989,0.97,0.988,3846800.0,3771787.4,,,,
2025-06-24,159954,H股ETF,0.99,1.008,0.99,1.007,8649300.0,8638488.375,,,,
2025-06-25,159954,H股ETF,1.008,1.016,1.007,1.014,3920900.0,3965010.125,,,,
2025-06-26,159954,H股ETF,1.013,1.013,1.004,1.006,10580000.0,10675219.999999998,,,,
2025-06-27,159954,H股ETF,1.01,1.014,1.0,1.004,8040300.0,8096582.100000001,,,,
2025-06-30,159954,H股ETF,1.004,1.004,0.994,0.999,5240000.0,5241310.0,,,,
2025-07-01,159954,H股ETF,0.999,1.003,0.996,1.0,2108400.0,2107345.8,,,,
2025-07-02,159954,H股ETF,1.002,1.007,0.995,1.0,2397700.0,2400097.6999999997,,,,
2025-07-03,159954,H股ETF,1.0,1.002,0.987,0.992,4476000.0,4454739.0,,,,
2025-07-04,159954,H股ETF,0.988,0.994,0.977,0.985,9449800.0,9317502.799999999,,,,
2025-07-07,159954,H股ETF,0.985,0.987,0.977,0.986,3506500.0,3449519.375,,,,
2025-07-08,159954,H股ETF,0.987,0.998,0.987,0.995,3636800.0,3606796.4,,,,
2025-07-09,159954,H股ETF,0.995,0.996,0.985,0.986,7247700.0,7178846.85,,,,
2025-07-10,159954,H股ETF,0.985,0.997,0.983,0.996,10356400.0,10255425.1,,,,
2025-07-11,159954,H股ETF,0.994,1.014,0.994,1.004,11332500.0,11349498.75,,,,
2025-07-14,159954,H股ETF,1.003,1.005,0.996,1.002,8762800.0,8775944.200000001,,,,
2025-07-15,159954,H股ETF,1.003,1.018,0.999,1.012,7188700.0,7246209.599999999,,,,
2025-07-16,159954,H股ETF,1.02,1.034,1.017,1.022,11131300.0,11390102.725,,,,
2025-07-17,159954,H股ETF,1.024,1.026,1.014,1.02,11148600.0,11382720.600000001,,,,
2025-07-18,159954,H股ETF,1.026,1.031,1.022,1.03,6721400.0,6904558.15,,,,
2025-07-21,159954,H股ETF,1.038,1.041,1.031,1.037,22266500.0,23084793.875,,,,
2025-07-22,159954,H股ETF,1.038,1.041,1.03,1.039,9389300.0,9736704.1,,,,
2025-07-23,159954,H股ETF,1.041,1.061,1.041,1.06,22193200.0,23319504.9,,,,
2025-07-24,159954,H股ETF,1.058,1.066,1.057,1.065,14524400.0,15417650.600000001,,,,
2025-07-25,159954,H股ETF,1.062,1.062,1.05,1.051,6864100.0,7250205.624999999,,,,
2025-07-28,159954,H股ETF,1.05,1.063,1.05,1.057,4890200.0,5159161.0,,,,
2025-07-29,159954,H股ETF,1.059,1.059,1.044,1.051,9359200.0,9857577.399999999,,,,
2025-07-30,159954,H股ETF,1.05,1.056,1.04,1.045,3993000.0,4183665.75,,,,
2025-07-31,159954,H股ETF,1.041,1.041,1.028,1.028,4854500.0,5021980.25,,,,
2025-08-01,159954,H股ETF,1.031,1.038,1.026,1.03,5532200.0,5705081.25,,,,
2025-08-04,159954,H股ETF,1.029,1.033,1.016,1.033,3898600.0,4006786.15,,,,
2025-08-05,159954,H股ETF,1.035,1.038,1.029,1.036,4450500.0,4604042.25,,,,
2025-08-06,159954,H股ETF,1.032,1.041,1.032,1.036,3401500.0,3521402.875,,,,
2025-08-07,159954,H股ETF,1.041,1.042,1.03,1.04,9179000.0,9530096.750000002,,,,
2025-08-08,159954,H股ETF,1.04,1.04,1.03,1.031,4672900.0,4837619.725,,,,
2025-08-11,159954,H股ETF,1.033,1.034,1.026,1.031,2458200.0,2534404.1999999997,,,,
2025-08-12,159954,H股ETF,1.029,1.036,1.027,1.036,3965600.0,4092499.2,,,,
2025-08-13,159954,H股ETF,1.037,1.14,1.037,1.056,8554900.0,9132355.75,,,,
2025-08-14,159954,H股ETF,1.064,1.07,1.055,1.056,5094600.0,5406644.25,,,,
2025-08-15,159954,H股ETF,1.056,1.056,1.045,1.054,6631900.0,6981732.725000001,,,,
2025-08-18,159954,H股ETF,1.055,1.065,1.053,1.056,7769000.0,8213775.249999998,,,,
2025-08-19,159954,H股ETF,1.057,1.059,1.049,1.05,6217200.0,6551374.5,,,,
2025-08-20,159954,H股ETF,1.049,1.054,1.041,1.054,3654700.0,3835607.6500000004,,,,
2025-08-21,159954,H股ETF,1.055,1.055,1.043,1.045,4969800.0,5215805.1,,,,
2025-08-22,159954,H股ETF,1.047,1.058,1.047,1.054,3595600.0,3780773.3999999994,,,,
2025-08-25,159954,H股ETF,1.065,1.08,1.065,1.077,6411500.0,6871525.125,,,,
2025-08-26,159954,H股ETF,1.076,1.076,1.067,1.068,2613500.0,2801018.625,,,,
2025-08-27,159954,H股ETF,1.068,1.07,1.049,1.049,3724400.0,3944139.6000000006,,,,
2025-08-28,159954,H股ETF,1.05,1.053,1.029,1.039,4976400.0,5189141.1,,,,
2025-08-29,159954,H股ETF,1.04,1.044,1.034,1.04,11396400.0,11846557.8,,,,
2025-09-01,159954,H股ETF,1.051,1.055,1.045,1.051,11246200.0,11814133.1,,,,
2025-09-02,159954,H股ETF,1.051,1.061,1.047,1.053,11049200.0,11634807.6,,,,
2025-09-03,159954,H股ETF,1.056,1.061,1.042,1.044,6153400.0,6465685.050000001,,,,
2025-09-04,159954,H股ETF,1.045,1.052,1.029,1.032,9897700.0,10288659.149999999,,,,
2025-09-05,159954,H股ETF,1.032,1.047,1.032,1.045,11992400.0,12460103.6,,,,
2025-09-08,159954,H股ETF,1.047,1.055,1.042,1.054,3113700.0,3267828.1499999994,,,,
2025-09-09,159954,H股ETF,1.052,1.069,1.052,1.062,6012600.0,6365840.249999999,,,,
2025-09-10,159954,H股ETF,1.066,1.081,1.066,1.076,7311300.0,7839541.425000001,,,,
2025-09-11,159954,H股ETF,1.073,1.075,1.059,1.074,5334600.0,5709355.65,,,,
2025-09-12,159954,H股ETF,1.083,1.089,1.077,1.08,4319300.0,4674562.425000001,,,,
2025-09-15,159954,H股ETF,1.078,1.087,1.076,1.08,9828800.0,10617561.2,,,,
2025-09-16,159954,H股ETF,1.081,1.089,1.078,1.085,3825800.0,4144297.85,,,,
2025-09-17,159954,H股ETF,1.085,1.106,1.085,1.106,3303400.0,3618874.6999999997,,,,
2025-09-18,159954,H股ETF,1.106,1.113,1.079,1.084,6832200.0,7484675.100000001,,,,
2025-09-19,159954,H股ETF,1.085,1.095,1.083,1.088,6537000.0,7110621.75,,,,
2025-09-22,159954,H股ETF,1.088,1.088,1.074,1.08,2357300.0,2551777.25,,,,
2025-09-23,159954,H股ETF,1.08,1.084,1.065,1.07,2353200.0,2529101.7,,,,
2025-09-24,159954,H股ETF,1.069,1.091,1.068,1.091,14594800.0,15758735.300000003,,,,
2025-09-25,159954,H股ETF,1.091,1.097,1.085,1.091,5393100.0,5883872.1,,,,
2025-09-26,159954,H股ETF,1.09,1.09,1.078,1.083,4618400.0,5012118.600000001,,,,
2025-09-29,159954,H股ETF,1.082,1.096,1.08,1.096,14723000.0,16025985.5,,,,
2025-09-30,159954,H股ETF,1.096,1.103,1.09,1.103,6374300.0,6998981.399999999,,,,
2025-10-09,159954,H股ETF,1.103,1.113,1.094,1.103,2779600.0,3066593.7,,,,
2025-10-10,159954,H股ETF,1.101,1.103,1.079,1.08,4100400.0,4472511.3,,,,
2025-10-13,159954,H股ETF,1.078,1.078,1.044,1.059,6083500.0,6477406.625000001,,,,
2025-10-14,159954,H股ETF,1.067,1.077,1.048,1.052,7802100.0,8278028.1,,,,
2025-10-15,159954,H股ETF,1.06,1.073,1.058,1.073,5729000.0,6107114.0,,,,
2025-10-16,159954,H股ETF,1.074,1.079,1.064,1.069,3504400.0,3754964.5999999996,,,,
2025-10-17,159954,H股ETF,1.067,1.071,1.045,1.048,6329000.0,6694499.75,,,,
2025-10-20,159954,H股ETF,1.066,1.071,1.063,1.066,1963400.0,2093966.1,,,,
2025-10-21,159954,H股ETF,1.07,1.091,1.07,1.081,2904700.0,3131266.6,,,,
2025-10-22,159954,H股ETF,1.076,1.076,1.062,1.069,2377400.0,2545601.0500000003,,,,
2025-10-23,159954,H股ETF,1.064,1.081,1.059,1.079,4127800.0,4419841.85,,,,
2025-10-24,159954,H股ETF,1.08,1.087,1.079,1.083,2848200.0,3082464.4499999997,,,,
2025-10-27,159954,H股ETF,1.093,1.099,1.089,1.096,9390900.0,10275992.325000001,,,,
2025-10-28,159954,H股ETF,1.096,1.096,1.081,1.083,3856700.0,4199946.3,,,,
2025-10-29,159954,H股ETF,1.085,1.092,1.083,1.089,5138200.0,5586507.95,,,,
2025-10-30,159954,H股ETF,1.089,1.094,1.075,1.078,4192200.0,4544344.800000001,,,,
2025-10-31,159954,H股ETF,1.079,1.079,1.064,1.065,3901800.0,4181754.15,,,,
2025-11-03,159954,H股ETF,1.065,1.074,1.061,1.073,2458600.0,2626399.4499999997,,,,
2025-11-04,159954,H股ETF,1.073,1.077,1.061,1.066,1527400.0,1633172.45,,,,
2025-11-05,159954,H股ETF,1.061,1.062,1.045,1.059,3916200.0,4138444.35,,,,
2025-11-06,159954,H股ETF,1.064,1.082,1.063,1.082,2973500.0,3189822.1249999995,,,,
2025-11-07,159954,H股ETF,1.079,1.079,1.069,1.073,3099900.0,3332392.5,,,,
2025-11-10,159954,H股ETF,1.073,1.094,1.073,1.093,3350000.0,3628887.5,,,,
2025-11-11,159954,H股ETF,1.094,1.101,1.088,1.093,2458900.0,2690036.6,,,,
2025-11-12,159954,H股ETF,1.096,1.109,1.096,1.106,3195400.0,3520531.95,,,,
2025-11-13,159954,H股ETF,1.106,1.116,1.097,1.114,4604400.0,5102826.3,,,,
2025-11-14,159954,H股ETF,1.105,1.105,1.089,1.089,3561300.0,3906746.1,,,,
2025-11-17,159954,H股ETF,1.088,1.088,1.075,1.075,4555700.0,4926989.550000001,,,,
2025-11-18,159954,H股ETF,1.078,1.078,1.06,1.061,1863500.0,1992547.3750000005,,,,
2025-11-19,159954,H股ETF,1.063,1.104,1.055,1.057,7829500.0,8375607.625,,,,
2025-11-20,159954,H股ETF,1.061,1.067,1.053,1.053,8957500.0,9481513.75,,,,
2025-11-21,159954,H股ETF,1.049,1.049,1.035,1.041,7707900.0,8043193.649999999,,,,
2025-11-24,159954,H股ETF,1.047,1.053,1.038,1.049,3007200.0,3147786.6,,,,
2025-11-25,159954,H股ETF,1.055,1.067,1.052,1.053,9245200.0,9769865.100000001,,,,
2025-11-26,159954,H股ETF,1.059,1.067,1.057,1.059,2327800.0,2468631.8999999994,,,,
2025-11-27,159954,H股ETF,1.06,1.065,1.051,1.055,2681000.0,2835827.75,,,,
2025-11-28,159954,H股ETF,1.055,1.059,1.051,1.051,1671000.0,1761234.0,,,,
2025-12-01,159954,H股ETF,1.05,1.061,1.046,1.054,1971100.0,2075075.5250000001,,,,
2025-12-02,159954,H股ETF,1.056,1.063,1.052,1.056,2576400.0,2722610.7,,,,
2025-12-03,159954,H股ETF,1.05,1.058,1.04,1.04,3803700.0,3982473.9,,,,
2025-12-04,159954,H股ETF,1.043,1.048,1.037,1.046,3783800.0,3948395.2999999993,,,,
2025-12-05,159954,H股ETF,1.046,1.059,1.044,1.058,2098600.0,2207202.5500000003,,,,
2025-12-08,159954,H股ETF,1.06,1.061,1.046,1.049,2399200.0,2528756.8000000003,,,,
2025-12-09,159954,H股ETF,1.049,1.049,1.03,1.031,2658700.0,2764383.3249999997,,,,
2025-12-10,159954,H股ETF,1.026,1.031,1.022,1.03,2289600.0,2351991.6,,,,
2025-12-11,159954,H股ETF,1.035,1.04,1.025,1.025,1311700.0,1352690.625,,,,
2025-12-12,159954,H股ETF,1.031,1.044,1.03,1.041,6338800.0,6570166.2,,,,
2025-12-15,159954,H股ETF,1.037,1.037,1.027,1.029,11550800.0,11926201.0,,,,
2025-12-16,159954,H股ETF,1.029,1.032,1.003,1.008,3971100.0,4042579.8000000003,,,,
2025-12-17,159954,H股ETF,1.008,1.02,1.004,1.017,3648400.0,3693092.8999999994,,,,
2025-12-18,159954,H股ETF,1.017,1.017,1.007,1.01,1236100.0,1251860.2750000001,,,,
2025-12-19,159954,H股ETF,1.016,1.025,1.016,1.024,1686000.0,1720141.4999999998,,,,
2025-12-22,159954,H股ETF,1.025,1.03,1.023,1.024,1529400.0,1568399.6999999997,,,,
2025-12-23,159954,H股ETF,1.03,1.031,1.02,1.024,1519800.0,1559694.7500000002,,,,
2025-12-24,159954,H股ETF,1.025,1.029,1.019,1.022,3159200.0,3234231.0,,,,
2025-12-25,159954,H股ETF,1.022,1.025,1.02,1.023,437100.0,446934.75,,,,
2025-12-26,159954,H股ETF,1.028,1.033,1.023,1.026,1393500.0,1431821.25,,,,
2025-12-29,159954,H股ETF,1.025,1.035,1.018,1.02,1579400.0,1618095.3,,,,
2025-12-30,159954,H股ETF,1.022,1.025,1.016,1.025,19080400.0,19500168.799999997,,,,
2025-12-31,159954,H股ETF,1.025,1.025,1.008,1.008,4938300.0,5019781.95,,,,
2026-01-05,159954,H股ETF,1.03,1.041,1.026,1.037,6724400.0,6949667.4,,,,
2026-01-06,159954,H股ETF,1.037,1.053,1.037,1.051,7600100.0,7938304.45,,,,
2026-01-07,159954,H股ETF,1.051,1.051,1.032,1.036,4208200.0,4387048.5,,,,
2026-01-08,159954,H股ETF,1.036,1.036,1.019,1.024,3911300.0,4023749.875,,,,
2026-01-09,159954,H股ETF,1.024,1.032,1.024,1.027,3532700.0,3627199.725,,,,
2026-01-12,159954,H股ETF,1.025,1.042,1.024,1.041,6219100.0,6424330.3,,,,
2026-01-13,159954,H股ETF,1.05,1.062,1.046,1.049,9190100.0,9665687.675000003,,,,
2026-01-14,159954,H股ETF,1.049,1.062,1.049,1.055,6728200.0,7089840.75,,,,
2026-01-15,159954,H股ETF,1.055,1.066,1.05,1.053,2688800.0,2839372.7999999993,,,,
2026-01-16,159954,H股ETF,1.055,1.063,1.045,1.045,1742200.0,1832794.3999999997,,,,
2026-01-19,159954,H股ETF,1.041,1.05,1.033,1.039,2945800.0,3065841.35,,,,
2026-01-20,159954,H股ETF,1.035,1.036,1.025,1.03,2734500.0,2820636.7499999995,,,,
2026-01-21,159954,H股ETF,1.028,1.032,1.026,1.03,2307200.0,2374108.8,,,,
2026-01-22,159954,H股ETF,1.035,1.04,1.026,1.028,5967200.0,6159642.199999999,,,,
2026-01-23,159954,H股ETF,1.032,1.041,1.032,1.034,8558800.0,8856218.299999999,,,,
2026-01-26,159954,H股ETF,1.035,1.04,1.028,1.031,9392300.0,9706942.05,,,,
2026-01-27,159954,H股ETF,1.036,1.046,1.033,1.044,9726200.0,10112816.450000001,,,,
2026-01-28,159954,H股ETF,1.049,1.073,1.041,1.071,22829700.0,24165237.45,,,,
2026-01-29,159954,H股ETF,1.071,1.082,1.066,1.078,12594700.0,13529856.475,,,,
2026-01-30,159954,H股ETF,1.078,1.078,1.051,1.053,7815600.0,8323614.000000001,,,,
2026-02-02,159954,H股ETF,1.05,1.051,1.014,1.014,10831300.0,11180609.425,,,,
2026-02-03,159954,H股ETF,1.029,1.033,1.006,1.022,9293000.0,9502092.5,,,,
2026-02-04,159954,H股ETF,1.016,1.025,1.01,1.025,4177700.0,4257076.3,,,,
2026-02-05,159954,H股ETF,1.02,1.021,1.007,1.021,6313200.0,6422102.7,,,,
2026-02-06,159954,H股ETF,1.014,1.024,1.006,1.019,3891400.0,3952689.55,,,,
2026-02-09,159954,H股ETF,1.025,1.036,1.025,1.035,8443300.0,8698709.825,,,,
2026-02-10,159954,H股ETF,1.035,1.044,1.033,1.035,2044600.0,2119739.0500000003,,,,
2026-02-11,159954,H股ETF,1.035,1.04,1.033,1.038,1690900.0,1752617.8499999999,,,,
2026-02-12,159954,H股ETF,1.038,1.038,1.024,1.028,3338800.0,3445641.6,,,,
2026-02-13,159954,H股ETF,1.02,1.02,1.007,1.013,2472400.0,2509485.9999999995,,,,
2026-02-24,159954,H股ETF,1.021,1.023,1.005,1.008,4984300.0,5055326.274999999,,,,
2026-02-25,159954,H股ETF,1.01,1.017,1.008,1.011,2737300.0,2768778.9499999997,,,,
2026-02-26,159954,H股ETF,1.009,1.009,0.987,0.989,5025600.0,5018061.6,,,,
2026-02-27,159954,H股ETF,0.99,0.99,0.981,0.987,9352600.0,9231016.2,,,,
2026-03-02,159954,H股ETF,0.98,0.987,0.962,0.973,5457200.0,5323498.600000001,,,,
2026-03-03,159954,H股ETF,0.975,0.977,0.962,0.964,4305700.0,4174376.15,,,,
2026-03-04,159954,H股ETF,0.961,0.961,0.94,0.945,11889600.0,11315926.8,,,,
2026-03-05,159954,H股ETF,0.949,0.964,0.946,0.948,11941300.0,11365132.274999999,,,,
2026-03-06,159954,H股ETF,0.946,0.967,0.946,0.964,4578300.0,4375710.225,,,,
2026-03-09,159954,H股ETF,0.961,0.961,0.943,0.957,6291800.0,6011814.9,,,,
2026-03-10,159954,H股ETF,0.961,0.975,0.961,0.974,9262000.0,8963300.5,,,,
2026-03-11,159954,H股ETF,0.978,0.98,0.97,0.971,3464700.0,3377216.325,,,,
2026-03-12,159954,H股ETF,0.973,0.975,0.964,0.969,2156400.0,2092247.0999999999,,,,
2026-03-13,159954,H股ETF,0.967,0.976,0.965,0.968,4028800.0,3903907.1999999997,,,,
2026-03-16,159954,H股ETF,0.971,0.987,0.967,0.986,2489500.0,2434108.625,,,,
2026-03-17,159954,H股ETF,0.986,1.0,0.983,0.983,4146000.0,4096248.0,,,,
2026-03-18,159954,H股ETF,0.982,0.987,0.977,0.987,1323400.0,1301233.05,,,,
2026-03-19,159954,H股ETF,0.98,0.984,0.967,0.968,3922700.0,3823651.825,,,,
2026-03-20,159954,H股ETF,0.961,0.969,0.953,0.953,3326300.0,3189921.6999999997,,,,
2026-03-23,159954,H股ETF,0.943,0.943,0.919,0.919,4563600.0,4248711.600000001,,,,
2026-03-24,159954,H股ETF,0.927,0.946,0.927,0.946,6165900.0,5774365.35,,,,
2026-03-25,159954,H股ETF,0.952,0.96,0.944,0.952,2744700.0,2612954.4,,,,
2026-03-26,159954,H股ETF,0.95,0.952,0.936,0.938,921800.0,870179.2,,,,
2026-03-27,159954,H股ETF,0.939,0.95,0.934,0.945,1660700.0,1564379.4,,,,
2026-03-30,159954,H股ETF,0.939,0.94,0.927,0.938,2338100.0,2188461.6,,,,
2026-03-31,159954,H股ETF,0.938,0.943,0.928,0.93,1054600.0,985787.35,,,,
2026-04-01,159954,H股ETF,0.946,0.95,0.943,0.948,1288000.0,1219414.0,,,,
2026-04-02,159954,H股ETF,0.948,0.948,0.931,0.935,1796100.0,1689232.05,,,,
2026-04-03,159954,H股ETF,0.937,0.94,0.929,0.929,1265500.0,1181660.625,,,,
2026-04-07,159954,H股ETF,0.927,0.945,0.927,0.934,1163500.0,1085836.375,,,,
2026-04-08,159954,H股ETF,0.945,0.959,0.945,0.958,5136900.0,4889044.575,,,,
2026-04-09,159954,H股ETF,0.954,0.954,0.95,0.952,1411100.0,1344072.7499999998,,,,
2026-04-10,159954,H股ETF,0.952,0.962,0.952,0.954,4606700.0,4399398.5,,,,
2026-04-13,159954,H股ETF,0.953,0.953,0.943,0.95,3050700.0,2897402.3249999997,,,,
2026-04-14,159954,H股ETF,0.952,0.957,0.945,0.952,4510900.0,4292121.35,,,,
2026-04-15,159954,H股ETF,0.968,0.968,0.955,0.957,6608500.0,6357377.0,,,,
2026-04-16,159954,H股ETF,0.96,0.977,0.96,0.975,2135200.0,2066873.5999999999,,,,
2026-04-17,159954,H股ETF,0.974,0.974,0.964,0.968,951900.0,923343.0,,,,
2026-04-20,159954,H股ETF,0.967,0.978,0.967,0.977,1069300.0,1039626.9249999999,,,,
2026-04-21,159954,H股ETF,0.979,0.993,0.975,0.993,6543400.0,6445249.0,,,,
2026-04-22,159954,H股ETF,0.985,0.985,0.966,0.97,7677700.0,7497274.05,,,,
2026-04-23,159954,H股ETF,0.967,0.968,0.957,0.961,2498300.0,2406487.4749999996,,,,
2026-04-24,159954,H股ETF,0.957,0.967,0.953,0.964,4622600.0,4438851.649999999,,,,
2026-04-27,159954,H股ETF,0.963,0.97,0.961,0.962,3268500.0,3150833.9999999995,,,,
2026-04-28,159954,H股ETF,0.957,0.958,0.947,0.951,6023400.0,5741806.05,,,,
2026-04-29,159954,H股ETF,0.954,0.966,0.954,0.963,1995900.0,1914567.075,,,,
2026-04-30,159954,H股ETF,0.965,0.965,0.951,0.954,13932300.0,13357592.625,,,,
2026-05-06,159954,H股ETF,0.958,0.963,0.952,0.961,12175400.0,11670120.9,,,,
2026-05-07,159954,H股ETF,0.969,0.975,0.969,0.974,4386700.0,4262775.725,,,,
2026-05-08,159954,H股ETF,0.971,0.971,0.964,0.97,1541800.0,1494004.2,,,,
2026-05-11,159954,H股ETF,0.969,0.98,0.961,0.98,5885600.0,5723745.999999999,,,,
2026-05-12,159954,H股ETF,0.976,0.977,0.966,0.968,4309300.0,4187562.2749999994,,,,
2026-05-13,159954,H股ETF,0.965,0.978,0.961,0.978,9837700.0,9547487.85,,,,
2026-05-14,159954,H股ETF,0.968,0.986,0.962,0.963,9066100.0,8791850.475,,,,
2026-05-15,159954,H股ETF,0.963,0.966,0.943,0.945,2947300.0,2812461.025,,,,
2026-05-18,159954,H股ETF,0.945,0.945,0.933,0.938,1218300.0,1145506.575,,,,
2026-05-19,159954,H股ETF,0.938,0.943,0.938,0.941,5806600.0,5458204.0,,,,
2026-05-20,159954,H股ETF,0.941,0.942,0.934,0.938,2898200.0,2720685.25,,,,
2026-05-21,159954,H股ETF,0.941,0.943,0.926,0.926,3765300.0,3516790.2,,,,
2026-05-22,159954,H股ETF,0.93,0.935,0.927,0.932,8946500.0,8329191.5,,,,
2026-05-25,159954,H股ETF,0.937,0.937,0.928,0.932,1221800.0,1140550.3,,,,
2026-05-26,159954,H股ETF,0.931,0.937,0.922,0.933,3221300.0,2998224.975,,,,
2026-05-27,159954,H股ETF,0.929,0.932,0.918,0.918,1165200.0,1076936.1,,,,
2026-05-28,159954,H股ETF,0.915,0.916,0.899,0.908,2182600.0,1985074.7,,,,
2026-05-29,159954,H股ETF,0.909,0.918,0.908,0.914,4009100.0,3657301.475,,,,
2026-06-01,159954,H股ETF,0.915,0.927,0.911,0.922,4681800.0,4301403.75,,,,
2026-06-02,159954,H股ETF,0.922,0.951,0.922,0.951,4023000.0,3767539.5,,,,
2026-06-03,159954,H股ETF,0.952,0.952,0.93,0.934,5505300.0,5185992.600000001,,,,
2026-06-04,159954,H股ETF,0.93,0.932,0.921,0.926,2870200.0,2661392.95,,,,
2026-06-05,159954,H股ETF,0.924,0.927,0.919,0.922,4047800.0,3736119.4000000004,,,,
2026-06-08,159954,H股ETF,0.91,0.917,0.902,0.906,2435900.0,2213624.125,,,,
2026-06-09,159954,H股ETF,0.907,0.917,0.905,0.915,5421200.0,4938713.2,,,,
2026-06-10,159954,H股ETF,0.907,0.909,0.901,0.907,2608400.0,2363210.4,,,,
2026-06-11,159954,H股ETF,0.91,0.913,0.892,0.896,7532600.0,6800054.65,,,,
2026-06-12,159954,H股ETF,0.9,0.914,0.9,0.909,2186900.0,1980784.675,,,,
2026-06-15,159954,H股ETF,0.918,0.923,0.91,0.911,2498300.0,2287193.6500000004,,,,
2026-06-16,159954,H股ETF,0.912,0.912,0.894,0.895,1085600.0,980568.2,,,,
2026-06-17,159954,H股ETF,0.897,0.897,0.884,0.885,1506600.0,1342003.95,,,,
2026-06-18,159954,H股ETF,0.882,0.882,0.863,0.864,2802100.0,2445532.775,,,,
2026-06-22,159954,H股ETF,0.864,0.879,0.851,0.877,10449700.0,9067727.175,,,,
2026-06-23,159954,H股ETF,0.872,0.872,0.844,0.844,3465300.0,2973227.4,,,,
2026-06-24,159954,H股ETF,0.848,0.856,0.844,0.85,1920100.0,1631124.95,,,,
2026-06-25,159954,H股ETF,0.848,0.848,0.829,0.829,2399100.0,2011645.35,,,,
2026-06-26,159954,H股ETF,0.829,0.829,0.813,0.818,2601800.0,2139330.05,,,,
2026-06-29,159954,H股ETF,0.823,0.838,0.823,0.835,2952600.0,2449919.85,,,,
2026-06-30,159954,H股ETF,0.832,0.832,0.818,0.823,5818700.0,4807700.875,,,,
2026-07-01,159954,H股ETF,0.815,0.829,0.815,0.825,972900.0,798750.8999999999,,,,
2026-07-02,159954,H股ETF,0.826,0.847,0.826,0.834,6822100.0,5684514.824999999,,,,
2026-07-03,159954,H股ETF,0.838,0.851,0.838,0.841,2250400.0,1894836.8,,,,
2026-07-06,159954,H股ETF,0.842,0.858,0.84,0.852,4073700.0,3454497.6,,,,
2026-07-07,159954,H股ETF,0.855,0.866,0.848,0.852,17204500.0,14714148.625,,,,
2026-07-08,159954,H股ETF,0.854,0.891,0.854,0.886,8990300.0,7832798.875000001,,,,
2026-07-09,159954,H股ETF,0.886,0.894,0.875,0.879,10502800.0,9279223.8,,,,
2026-07-10,159954,H股ETF,0.882,0.893,0.874,0.885,4300400.0,3799403.4000000004,,,,
2026-07-13,159954,H股ETF,0.883,0.893,0.88,0.882,1992500.0,1762366.2500000002,,,,
2026-07-14,159954,H股ETF,0.882,0.892,0.873,0.892,7063700.0,6249608.574999999,,,,
2026-07-15,159954,H股ETF,0.893,0.901,0.887,0.899,6325800.0,5661591.0,,,,
2026-07-16,159954,H股ETF,0.902,0.92,0.902,0.912,3002900.0,2729636.1,,,,
2026-07-17,159954,H股ETF,0.912,0.917,0.883,0.888,2540500.0,2286450.0,,,,
2026-07-20,159954,H股ETF,0.901,0.92,0.901,0.92,8297100.0,7554509.550000001,,,,
2026-07-21,159954,H股ETF,0.92,0.922,0.909,0.919,8519900.0,7817008.25,,,,
2026-07-22,159954,H股ETF,0.913,0.913,0.902,0.905,2814100.0,2555906.325,,,,
2026-07-23,159954,H股ETF,0.905,0.919,0.904,0.917,2031400.0,1851113.25,,,,
2026-07-24,159954,H股ETF,0.91,0.91,0.902,0.904,2488300.0,2255643.95,,,,
2026-07-27,159954,H股ETF,0.903,0.92,0.903,0.919,1237100.0,1127307.375,,,,
2026-07-28,159954,H股ETF,0.92,0.93,0.915,0.92,3827800.0,3526360.75,,,,
2026-07-29,159954,H股ETF,0.929,0.945,0.929,0.943,6751600.0,6322873.399999999,,,,
2026-07-30,159954,H股ETF,0.944,0.95,0.938,0.947,1885400.0,1781231.65,,,,
2026-07-31,159954,H股ETF,0.938,0.946,0.93,0.942,9874200.0,9271873.799999999,,,,
2026-08-03,159954,H股ETF,0.96,0.962,0.94,0.943,8574000.0,8156017.5,,,,
2026-08-04,159954,H股ETF,0.942,0.952,0.934,0.938,4783600.0,4503759.4,,,,
2026-08-05,159954,H股ETF,0.936,0.941,0.932,0.941,4201400.0,3938812.5,,,,
2026-08-06,159954,H股ETF,0.93,0.934,0.924,0.928,1240200.0,1152145.8,,,,
2026-08-07,159954,H股ETF,0.926,0.93,0.922,0.93,1159600.0,1074949.2,,,,
2026-08-10,159954,H股ETF,0.932,0.938,0.932,0.937,4882800.0,4564197.300000001,,,,
2026-08-11,159954,H股ETF,0.94,0.947,0.929,0.93,2113000.0,1978824.5000000002,,,,
