date,symbol,name,open,high,low,close,volume,amount,pct_change,turnover_rate,amplitude,change
2015-08-17,161226,白银LOF,0.996,1.0,0.991,0.997,135159.0,13419636.0,-0.3,0.37,0.9,-0.003
2015-08-18,161226,白银LOF,0.994,0.995,0.993,0.993,47000.0,4671977.0,-0.4,0.13,0.2,-0.004
2015-08-19,161226,白银LOF,0.995,0.996,0.994,0.996,42140.0,4193176.0,0.3,0.12,0.2,0.003
2015-08-20,161226,白银LOF,0.997,1.01,0.997,1.008,37680.0,3768489.0,1.2,0.1,1.31,0.012
2015-08-21,161226,白银LOF,1.003,1.005,0.998,1.001,33075.0,3312995.0,-0.69,0.09,0.69,-0.007
2015-08-24,161226,白银LOF,1.001,1.011,1.0,1.0,20432.0,2051983.0,-0.1,0.06,1.1,-0.001
2015-08-25,161226,白银LOF,0.997,0.997,0.945,0.979,18901.0,1851654.0,-2.1,0.05,5.2,-0.021
2015-08-26,161226,白银LOF,0.951,0.966,0.945,0.958,9624.0,918408.0,-2.15,0.03,2.15,-0.021
2015-08-27,161226,白银LOF,0.942,0.948,0.941,0.948,8953.0,846031.0,-1.04,0.02,0.73,-0.01
2015-08-28,161226,白银LOF,0.949,0.962,0.947,0.956,11836.0,1125537.0,0.84,0.03,1.58,0.008
2015-08-31,161226,白银LOF,0.951,0.958,0.951,0.954,3116.0,297642.0,-0.21,0.01,0.73,-0.002
2015-09-01,161226,白银LOF,0.962,0.976,0.958,0.959,3475.0,334515.0,0.52,0.01,1.89,0.005
2015-09-02,161226,白银LOF,0.959,0.961,0.954,0.961,3357.0,321704.0,0.21,0.01,0.73,0.002
2015-09-07,161226,白银LOF,0.962,0.962,0.948,0.952,15707.0,1496760.0,-0.94,0.04,1.46,-0.009
2015-09-08,161226,白银LOF,0.948,0.952,0.943,0.948,5219.0,493899.0,-0.42,0.01,0.95,-0.004
2015-09-09,161226,白银LOF,0.952,0.965,0.951,0.956,10689.0,1025884.0,0.84,0.03,1.48,0.008
2015-09-10,161226,白银LOF,0.95,0.957,0.948,0.952,5053.0,481728.0,-0.42,0.01,0.94,-0.004
2015-09-11,161226,白银LOF,0.952,0.961,0.952,0.952,2517.0,240745.0,0.0,0.01,0.95,0.0
2015-09-14,161226,白银LOF,0.952,0.954,0.947,0.95,6109.0,580608.0,-0.21,0.02,0.74,-0.002
2015-09-15,161226,白银LOF,0.945,0.951,0.94,0.946,6221.0,587221.0,-0.42,0.02,1.16,-0.004
2015-09-16,161226,白银LOF,0.943,0.946,0.942,0.946,2329.0,219966.0,0.0,0.01,0.42,0.0
2015-09-17,161226,白银LOF,0.96,0.967,0.958,0.958,4675.0,448335.0,1.27,0.01,0.95,0.012
2015-09-18,161226,白银LOF,0.967,0.981,0.963,0.969,14005.0,1359000.0,1.15,0.04,1.88,0.011
2015-09-21,161226,白银LOF,0.97,0.979,0.97,0.979,10206.0,994892.0,1.03,0.03,0.93,0.01
2015-09-22,161226,白银LOF,0.972,0.974,0.972,0.973,1826.0,177739.0,-0.61,0.0,0.2,-0.006
2015-09-23,161226,白银LOF,0.965,0.965,0.956,0.959,5245.0,503384.0,-1.44,0.01,0.92,-0.014
2015-09-24,161226,白银LOF,0.959,0.966,0.959,0.963,2129.0,204625.0,0.42,0.01,0.73,0.004
2015-09-25,161226,白银LOF,0.967,0.976,0.967,0.971,4344.0,422179.0,0.83,0.01,0.93,0.008
2015-09-28,161226,白银LOF,0.978,0.979,0.962,0.965,2258.0,218476.0,-0.62,0.01,1.75,-0.006
2015-09-29,161226,白银LOF,0.958,0.96,0.953,0.955,2344.0,223841.0,-1.04,0.01,0.73,-0.01
2015-09-30,161226,白银LOF,0.958,0.958,0.954,0.957,1126.0,107538.0,0.21,0.0,0.42,0.002
2015-10-08,161226,白银LOF,1.0,1.01,0.99,0.996,12552.0,1252321.0,4.08,0.03,2.09,0.039
2015-10-09,161226,白银LOF,0.995,0.997,0.98,0.996,9698.0,960034.0,0.0,0.03,1.71,0.0
2015-10-12,161226,白银LOF,0.995,1.003,0.983,0.996,15249.0,1521499.0,0.0,0.04,2.01,0.0
2015-10-13,161226,白银LOF,0.99,0.995,0.986,0.99,5525.0,548355.0,-0.6,0.02,0.9,-0.006
2015-10-14,161226,白银LOF,0.995,1.001,0.995,1.0,9537.0,952041.0,1.01,0.03,0.61,0.01
2015-10-15,161226,白银LOF,1.004,1.01,1.0,1.001,26589.0,2670678.0,0.1,0.07,1.0,0.001
2015-10-16,161226,白银LOF,0.999,0.999,0.989,0.992,15406.0,1527994.0,-0.9,0.04,1.0,-0.009
2015-10-19,161226,白银LOF,0.985,0.992,0.985,0.987,7735.0,764000.0,-0.5,0.02,0.71,-0.005
2015-10-20,161226,白银LOF,0.983,0.987,0.978,0.987,6465.0,635991.0,0.0,0.02,0.91,0.0
2015-10-21,161226,白银LOF,0.988,0.988,0.975,0.977,3972.0,389135.0,-1.01,0.01,1.32,-0.01
2015-10-22,161226,白银LOF,0.975,0.985,0.972,0.985,9297.0,906826.0,0.82,0.03,1.33,0.008
2015-10-23,161226,白银LOF,0.98,0.99,0.98,0.985,2005.0,197379.0,0.0,0.01,1.02,0.0
2015-10-26,161226,白银LOF,0.983,0.984,0.98,0.983,4113.0,404235.0,-0.2,0.01,0.41,-0.002
2015-10-27,161226,白银LOF,0.985,0.985,0.979,0.983,2874.0,282127.0,0.0,0.01,0.61,0.0
2015-10-28,161226,白银LOF,0.98,0.99,0.98,0.987,3578.0,352096.0,0.41,0.01,1.02,0.004
2015-10-29,161226,白银LOF,0.986,0.988,0.98,0.988,2367.0,232543.0,0.1,0.01,0.81,0.001
2015-10-30,161226,白银LOF,0.976,0.985,0.976,0.983,3530.0,345151.0,-0.51,0.01,0.91,-0.005
2015-11-02,161226,白银LOF,0.976,0.98,0.971,0.98,2384.0,232633.0,-0.31,0.01,0.92,-0.003
2015-11-03,161226,白银LOF,0.971,0.98,0.97,0.98,5520.0,537686.0,0.0,0.02,1.02,0.0
2015-11-04,161226,白银LOF,0.973,0.984,0.97,0.976,7901.0,770568.0,-0.41,0.02,1.43,-0.004
2015-11-05,161226,白银LOF,0.976,0.976,0.965,0.969,13059.0,1266294.0,-0.72,0.04,1.13,-0.007
2015-11-06,161226,白银LOF,0.963,0.971,0.963,0.971,4553.0,439891.0,0.21,0.01,0.83,0.002
2015-11-09,161226,白银LOF,0.967,0.968,0.959,0.963,7064.0,679762.0,-0.82,0.02,0.93,-0.008
2015-11-10,161226,白银LOF,0.96,0.961,0.94,0.943,35665.0,3379074.0,-2.08,0.1,2.18,-0.02
2015-11-11,161226,白银LOF,0.943,0.949,0.941,0.948,4024.0,380873.0,0.53,0.01,0.85,0.005
2015-11-12,161226,白银LOF,0.94,0.948,0.94,0.946,4894.0,462335.0,-0.21,0.01,0.84,-0.002
2015-11-13,161226,白银LOF,0.945,0.945,0.933,0.937,26045.0,2439923.0,-0.95,0.07,1.27,-0.009
2015-11-16,161226,白银LOF,0.946,0.946,0.937,0.942,20087.0,1888792.0,0.53,0.05,0.96,0.005
2015-11-17,161226,白银LOF,0.94,0.94,0.931,0.937,12564.0,1176532.0,-0.53,0.03,0.96,-0.005
2015-11-18,161226,白银LOF,0.932,0.932,0.926,0.929,38968.0,3617826.0,-0.85,0.11,0.64,-0.008
2015-11-19,161226,白银LOF,0.929,0.933,0.926,0.933,13432.0,1248381.0,0.43,0.04,0.75,0.004
2015-11-20,161226,白银LOF,0.933,0.934,0.93,0.931,14050.0,1308911.0,-0.21,0.04,0.43,-0.002
2015-11-23,161226,白银LOF,0.926,0.926,0.909,0.915,89247.0,8164575.0,-1.72,0.24,1.83,-0.016
2015-11-24,161226,白银LOF,0.914,0.916,0.912,0.915,10093.0,922894.0,0.0,0.03,0.44,0.0
2015-11-25,161226,白银LOF,0.918,0.918,0.914,0.916,22551.0,2064527.0,0.11,0.06,0.44,0.001
2015-11-26,161226,白银LOF,0.915,0.916,0.91,0.916,44233.0,4040139.0,0.0,0.12,0.66,0.0
2015-11-27,161226,白银LOF,0.915,0.916,0.906,0.909,27715.0,2527264.0,-0.76,0.08,1.09,-0.007
2015-11-30,161226,白银LOF,0.9,0.904,0.895,0.9,22083.0,1983367.0,-0.99,0.06,0.99,-0.009
2015-12-01,161226,白银LOF,0.903,0.913,0.903,0.913,19574.0,1773935.0,1.44,0.05,1.11,0.013
2015-12-02,161226,白银LOF,0.913,0.913,0.907,0.909,13455.0,1223316.0,-0.44,0.04,0.66,-0.004
2015-12-03,161226,白银LOF,0.903,0.903,0.895,0.9,20948.0,1880167.0,-0.99,0.06,0.88,-0.009
2015-12-04,161226,白银LOF,0.905,0.905,0.9,0.904,8833.0,798754.0,0.44,0.02,0.56,0.004
2015-12-07,161226,白银LOF,0.919,0.927,0.918,0.927,44869.0,4138501.0,2.54,0.12,1.0,0.023
2015-12-08,161226,白银LOF,0.915,0.923,0.912,0.923,27412.0,2513276.0,-0.43,0.08,1.19,-0.004
2015-12-09,161226,白银LOF,0.916,0.922,0.916,0.921,2349.0,215789.0,-0.22,0.01,0.65,-0.002
2015-12-10,161226,白银LOF,0.917,0.922,0.915,0.916,9709.0,890106.0,-0.54,0.03,0.76,-0.005
2015-12-11,161226,白银LOF,0.91,0.921,0.91,0.917,6995.0,639163.0,0.11,0.02,1.2,0.001
2015-12-14,161226,白银LOF,0.913,0.919,0.911,0.918,7637.0,700010.0,0.11,0.02,0.87,0.001
2015-12-15,161226,白银LOF,0.917,0.917,0.91,0.912,7771.0,709401.0,-0.65,0.02,0.76,-0.006
2015-12-16,161226,白银LOF,0.91,0.915,0.91,0.914,2875.0,262477.0,0.22,0.01,0.55,0.002
2015-12-17,161226,白银LOF,0.915,0.919,0.915,0.919,6168.0,565800.0,0.55,0.02,0.44,0.005
2015-12-18,161226,白银LOF,0.909,0.911,0.903,0.911,11530.0,1045238.0,-0.87,0.03,0.87,-0.008
2015-12-21,161226,白银LOF,0.92,0.924,0.915,0.923,16685.0,1536368.0,1.32,0.05,0.99,0.012
2015-12-22,161226,白银LOF,0.925,0.928,0.925,0.927,6710.0,621795.0,0.43,0.02,0.33,0.004
2015-12-23,161226,白银LOF,0.928,0.93,0.921,0.926,6808.0,630072.0,-0.11,0.02,0.97,-0.001
2015-12-24,161226,白银LOF,0.926,0.93,0.926,0.929,8213.0,762936.0,0.32,0.02,0.43,0.003
2015-12-25,161226,白银LOF,0.928,0.932,0.928,0.932,3532.0,328234.0,0.32,0.01,0.43,0.003
2015-12-28,161226,白银LOF,0.93,0.932,0.925,0.928,11760.0,1089821.0,-0.43,0.03,0.75,-0.004
2015-12-29,161226,白银LOF,0.916,0.927,0.916,0.926,4547.0,419163.0,-0.22,0.01,1.19,-0.002
2015-12-30,161226,白银LOF,0.935,0.948,0.923,0.924,2553.0,236829.0,-0.22,0.01,2.7,-0.002
2015-12-31,161226,白银LOF,0.925,0.926,0.924,0.926,467.0,43211.0,0.22,0.0,0.22,0.002
2016-01-04,161226,白银LOF,0.924,0.929,0.919,0.92,3562.0,328047.0,-0.65,0.01,1.08,-0.006
2016-01-05,161226,白银LOF,0.92,0.927,0.92,0.927,4450.0,411548.0,0.76,0.01,0.76,0.007
2016-01-06,161226,白银LOF,0.926,0.93,0.923,0.929,6420.0,594929.0,0.22,0.02,0.76,0.002
2016-01-07,161226,白银LOF,0.934,0.934,0.928,0.934,235.0,21820.0,0.54,0.0,0.65,0.005
2016-01-08,161226,白银LOF,0.94,0.94,0.934,0.937,16344.0,1530596.0,0.32,0.04,0.64,0.003
2016-01-11,161226,白银LOF,0.93,0.938,0.93,0.936,8317.0,776908.0,-0.11,0.02,0.85,-0.001
2016-01-12,161226,白银LOF,0.931,0.931,0.921,0.925,5282.0,487345.0,-1.18,0.01,1.07,-0.011
2016-01-13,161226,白银LOF,0.918,0.925,0.913,0.918,7531.0,690209.0,-0.76,0.02,1.3,-0.007
2016-01-14,161226,白银LOF,0.927,0.927,0.915,0.922,10799.0,991666.0,0.44,0.03,1.31,0.004
2016-01-15,161226,白银LOF,0.918,0.921,0.915,0.919,4382.0,402120.0,-0.33,0.01,0.65,-0.003
2016-01-18,161226,白银LOF,0.924,0.925,0.918,0.923,5481.0,504731.0,0.44,0.02,0.76,0.004
2016-01-19,161226,白银LOF,0.918,0.927,0.918,0.925,3205.0,296358.0,0.22,0.01,0.98,0.002
2016-01-20,161226,白银LOF,0.922,0.927,0.922,0.925,1900.0,175438.0,0.0,0.01,0.54,0.0
2016-01-21,161226,白银LOF,0.93,0.93,0.926,0.93,3638.0,337897.0,0.54,0.01,0.43,0.005
2016-01-22,161226,白银LOF,0.923,0.928,0.923,0.927,2077.0,192220.0,-0.32,0.01,0.54,-0.003
2016-01-25,161226,白银LOF,0.921,0.929,0.921,0.928,664.0,61479.0,0.11,0.0,0.86,0.001
2016-01-26,161226,白银LOF,0.929,0.937,0.928,0.937,14478.0,1350039.0,0.97,0.04,0.97,0.009
2016-01-27,161226,白银LOF,0.939,0.944,0.932,0.938,8165.0,764670.0,0.11,0.02,1.28,0.001
2016-01-28,161226,白银LOF,0.928,0.936,0.928,0.933,8737.0,813258.0,-0.53,0.02,0.85,-0.005
2016-01-29,161226,白银LOF,0.927,0.93,0.924,0.93,2967.0,275303.0,-0.32,0.01,0.64,-0.003
2016-02-01,161226,白银LOF,0.931,0.932,0.928,0.932,3764.0,350005.0,0.22,0.01,0.43,0.002
2016-02-02,161226,白银LOF,0.933,0.934,0.928,0.93,19098.0,1776264.0,-0.21,0.05,0.64,-0.002
2016-02-03,161226,白银LOF,0.932,0.933,0.93,0.931,995.0,92643.0,0.11,0.0,0.32,0.001
2016-02-04,161226,白银LOF,0.947,0.947,0.94,0.946,15011.0,1419216.0,1.61,0.04,0.75,0.015
2016-02-05,161226,白银LOF,0.95,0.954,0.946,0.946,11903.0,1129496.0,0.0,0.03,0.85,0.0
2016-02-15,161226,白银LOF,0.972,0.975,0.958,0.961,25919.0,2502221.0,1.59,0.07,1.8,0.015
2016-02-16,161226,白银LOF,0.96,0.961,0.95,0.961,19705.0,1881742.0,0.0,0.05,1.14,0.0
2016-02-17,161226,白银LOF,0.955,0.961,0.955,0.96,9708.0,930244.0,-0.1,0.03,0.62,-0.001
2016-02-18,161226,白银LOF,0.958,0.959,0.955,0.957,4679.0,447883.0,-0.31,0.01,0.42,-0.003
2016-02-19,161226,白银LOF,0.958,0.961,0.957,0.961,4378.0,420101.0,0.42,0.01,0.42,0.004
2016-02-22,161226,白银LOF,0.958,0.959,0.956,0.957,7432.0,711582.0,-0.42,0.02,0.31,-0.004
2016-02-23,161226,白银LOF,0.956,0.958,0.955,0.956,7810.0,746765.0,-0.1,0.02,0.31,-0.001
2016-02-24,161226,白银LOF,0.956,0.963,0.956,0.959,14033.0,1346770.0,0.31,0.04,0.73,0.003
2016-02-25,161226,白银LOF,0.96,0.96,0.956,0.958,12875.0,1233378.0,-0.1,0.04,0.42,-0.001
2016-02-26,161226,白银LOF,0.957,0.957,0.954,0.955,8044.0,768855.0,-0.31,0.02,0.31,-0.003
2016-02-29,161226,白银LOF,0.944,0.944,0.917,0.93,8419.0,789818.0,-2.62,0.02,2.83,-0.025
2016-03-01,161226,白银LOF,0.956,0.956,0.935,0.939,4457.0,418170.0,0.97,0.01,2.26,0.009
2016-03-02,161226,白银LOF,0.936,0.936,0.929,0.932,10114.0,941119.0,-0.75,0.03,0.75,-0.007
2016-03-03,161226,白银LOF,0.934,0.935,0.928,0.932,22062.0,2055465.0,0.0,0.06,0.75,0.0
2016-03-04,161226,白银LOF,0.938,0.952,0.938,0.951,22862.0,2160673.0,2.04,0.06,1.5,0.019
2016-03-07,161226,白银LOF,0.973,0.974,0.963,0.971,60412.0,5855104.0,2.1,0.17,1.16,0.02
2016-03-08,161226,白银LOF,0.971,0.978,0.956,0.957,70018.0,6766964.0,-1.44,0.19,2.27,-0.014
2016-03-09,161226,白银LOF,0.936,0.943,0.93,0.941,43104.0,4038759.0,-1.67,0.12,1.36,-0.016
2016-03-10,161226,白银LOF,0.938,0.94,0.93,0.94,15335.0,1438718.0,-0.11,0.04,1.06,-0.001
2016-03-11,161226,白银LOF,0.952,0.962,0.952,0.96,27951.0,2680952.0,2.13,0.08,1.06,0.02
2016-03-14,161226,白银LOF,0.952,0.959,0.951,0.957,11622.0,1108675.0,-0.31,0.03,0.83,-0.003
2016-03-15,161226,白银LOF,0.946,0.956,0.94,0.942,14439.0,1362810.0,-1.57,0.04,1.67,-0.015
2016-03-16,161226,白银LOF,0.939,0.947,0.939,0.945,7979.0,754128.0,0.32,0.02,0.85,0.003
2016-03-17,161226,白银LOF,0.954,0.954,0.949,0.95,15727.0,1495492.0,0.53,0.04,0.53,0.005
2016-03-18,161226,白银LOF,0.97,0.973,0.964,0.972,46449.0,4500546.0,2.32,0.13,0.95,0.022
2016-03-21,161226,白银LOF,0.972,0.972,0.955,0.957,30350.0,2910625.0,-1.54,0.08,1.75,-0.015
2016-03-22,161226,白银LOF,0.957,0.968,0.955,0.962,34250.0,3290567.0,0.52,0.09,1.36,0.005
2016-03-23,161226,白银LOF,0.964,0.964,0.955,0.957,28452.0,2725035.0,-0.52,0.08,0.94,-0.005
2016-03-24,161226,白银LOF,0.937,0.943,0.936,0.939,31539.0,2965102.0,-1.88,0.09,0.73,-0.018
2016-03-25,161226,白银LOF,0.938,0.943,0.937,0.939,19058.0,1790802.0,0.0,0.05,0.64,0.0
2016-03-28,161226,白银LOF,0.938,0.942,0.937,0.941,6071.0,570570.0,0.21,0.02,0.53,0.002
2016-03-29,161226,白银LOF,0.938,0.941,0.936,0.937,10872.0,1019297.0,-0.43,0.03,0.53,-0.004
2016-03-30,161226,白银LOF,0.943,0.945,0.94,0.945,17078.0,1609554.0,0.85,0.05,0.53,0.008
2016-03-31,161226,白银LOF,0.943,0.943,0.938,0.939,11987.0,1126817.0,-0.63,0.03,0.53,-0.006
2016-04-01,161226,白银LOF,0.942,0.946,0.94,0.943,23744.0,2237841.0,0.43,0.06,0.64,0.004
2016-04-05,161226,白银LOF,0.932,0.935,0.93,0.933,72146.0,6723188.0,-1.06,0.2,0.53,-0.01
2016-04-06,161226,白银LOF,0.934,0.934,0.93,0.931,20807.0,1939484.0,-0.21,0.06,0.43,-0.002
2016-04-07,161226,白银LOF,0.932,0.933,0.931,0.933,26459.0,2465043.0,0.21,0.07,0.21,0.002
2016-04-08,161226,白银LOF,0.933,0.934,0.931,0.934,16023.0,1494571.0,0.11,0.04,0.32,0.001
2016-04-11,161226,白银LOF,0.937,0.943,0.937,0.942,23990.0,2256689.0,0.86,0.07,0.64,0.008
2016-04-12,161226,白银LOF,0.948,0.954,0.947,0.954,42337.0,4028304.0,1.27,0.12,0.74,0.012
2016-04-13,161226,白银LOF,0.96,0.961,0.955,0.957,41489.0,3976524.0,0.31,0.11,0.63,0.003
2016-04-14,161226,白银LOF,0.957,0.962,0.951,0.956,34256.0,3277125.0,-0.1,0.09,1.15,-0.001
2016-04-15,161226,白银LOF,0.958,0.96,0.954,0.959,19767.0,1893057.0,0.31,0.05,0.63,0.003
2016-04-18,161226,白银LOF,0.96,0.962,0.955,0.956,24188.0,2318537.0,-0.31,0.07,0.73,-0.003
2016-04-19,161226,白银LOF,0.96,1.0,0.957,1.0,75787.0,7373579.0,4.6,0.21,4.5,0.044
2016-04-20,161226,白银LOF,1.001,1.037,1.0,1.01,98383.0,9996439.0,1.0,0.27,3.7,0.01
2016-04-21,161226,白银LOF,1.01,1.037,1.005,1.032,144966.0,14855102.0,2.18,0.4,3.17,0.022
2016-04-22,161226,白银LOF,1.008,1.019,1.003,1.01,154014.0,15570044.0,-2.13,0.42,1.55,-0.022
2016-04-25,161226,白银LOF,0.999,1.007,0.998,1.005,57537.0,5759880.0,-0.5,0.16,0.89,-0.005
2016-04-26,161226,白银LOF,1.005,1.006,0.995,0.997,33617.0,3357943.0,-0.8,0.09,1.09,-0.008
2016-04-27,161226,白银LOF,1.01,1.019,1.009,1.018,71462.0,7246089.0,2.11,0.2,1.0,0.021
2016-04-28,161226,白银LOF,1.014,1.026,1.007,1.021,54587.0,5539132.0,0.29,0.15,1.87,0.003
2016-04-29,161226,白银LOF,1.031,1.05,1.031,1.043,154113.0,16072324.0,2.15,0.42,1.86,0.022
2016-05-03,161226,白银LOF,1.044,1.044,1.029,1.042,125115.0,12979492.0,-0.1,0.34,1.44,-0.001
2016-05-04,161226,白银LOF,1.026,1.026,1.015,1.019,70663.0,7214198.0,-2.21,0.19,1.06,-0.023
2016-05-05,161226,白银LOF,1.025,1.027,1.016,1.021,51971.0,5312240.0,0.2,0.14,1.08,0.002
2016-05-06,161226,白银LOF,1.019,1.021,1.011,1.012,69097.0,7020016.0,-0.88,0.19,0.98,-0.009
2016-05-09,161226,白银LOF,1.019,1.021,1.012,1.013,41084.0,4176393.0,0.1,0.11,0.89,0.001
2016-05-10,161226,白银LOF,0.995,0.999,0.988,0.997,64034.0,6354956.0,-1.58,0.18,1.09,-0.016
2016-05-11,161226,白银LOF,0.997,1.009,0.997,1.005,51364.0,5151506.0,0.8,0.14,1.2,0.008
2016-05-12,161226,白银LOF,1.013,1.014,1.005,1.007,30935.0,3118473.0,0.2,0.08,0.9,0.002
2016-05-13,161226,白银LOF,0.993,1.005,0.992,1.002,78825.0,7861419.0,-0.5,0.22,1.29,-0.005
2016-05-16,161226,白银LOF,1.0,1.013,0.997,1.01,97684.0,9846986.0,0.8,0.27,1.6,0.008
2016-05-17,161226,白银LOF,1.008,1.011,1.005,1.01,36758.0,3708313.0,0.0,0.1,0.59,0.0
2016-05-18,161226,白银LOF,1.015,1.015,0.998,1.0,51808.0,5195498.0,-0.99,0.14,1.68,-0.01
2016-05-19,161226,白银LOF,0.995,0.995,0.985,0.987,59147.0,5854801.0,-1.3,0.16,1.0,-0.013
2016-05-20,161226,白银LOF,0.977,0.984,0.977,0.981,43073.0,4224498.0,-0.61,0.12,0.71,-0.006
2016-05-23,161226,白银LOF,0.977,0.981,0.964,0.969,62755.0,6105992.0,-1.22,0.17,1.73,-0.012
2016-05-24,161226,白银LOF,0.97,0.973,0.961,0.966,94898.0,9167379.0,-0.31,0.26,1.24,-0.003
2016-05-25,161226,白银LOF,0.96,0.965,0.96,0.963,58865.0,5665434.0,-0.31,0.16,0.52,-0.003
2016-05-26,161226,白银LOF,0.968,0.977,0.966,0.975,83783.0,8144698.0,1.25,0.23,1.14,0.012
2016-05-27,161226,白银LOF,0.968,0.972,0.964,0.971,42054.0,4066139.0,-0.41,0.12,0.82,-0.004
2016-05-30,161226,白银LOF,0.958,0.958,0.938,0.943,177454.0,16765438.0,-2.88,0.49,2.06,-0.028
2016-05-31,161226,白银LOF,0.946,0.949,0.944,0.948,86760.0,8211171.0,0.53,0.24,0.53,0.005
2016-06-01,161226,白银LOF,0.946,0.95,0.946,0.947,61443.0,5820768.0,-0.11,0.17,0.42,-0.001
2016-06-02,161226,白银LOF,0.946,0.948,0.944,0.948,74095.0,7007850.0,0.11,0.2,0.42,0.001
2016-06-03,161226,白银LOF,0.946,0.95,0.945,0.95,73458.0,6963019.0,0.21,0.2,0.53,0.002
2016-06-06,161226,白银LOF,0.966,0.968,0.962,0.965,56984.0,5502448.0,1.58,0.16,0.63,0.015
2016-06-07,161226,白银LOF,0.966,0.967,0.963,0.965,45011.0,4343204.0,0.0,0.12,0.41,0.0
2016-06-08,161226,白银LOF,0.966,0.978,0.964,0.976,123696.0,12025540.0,1.14,0.34,1.45,0.011
2016-06-13,161226,白银LOF,0.996,1.006,0.986,1.003,123158.0,12290999.0,2.77,0.34,2.05,0.027
2016-06-14,161226,白银LOF,1.004,1.004,0.995,1.001,58386.0,5833593.0,-0.2,0.16,0.9,-0.002
2016-06-15,161226,白银LOF,1.001,1.008,0.98,1.008,80957.0,8113759.0,0.7,0.22,2.8,0.007
2016-06-16,161226,白银LOF,1.015,1.024,1.015,1.023,93176.0,9498381.0,1.49,0.25,0.89,0.015
2016-06-17,161226,白银LOF,0.998,1.001,0.997,0.998,69971.0,6990929.0,-2.44,0.19,0.39,-0.025
2016-06-20,161226,白银LOF,1.0,1.002,0.995,0.998,77848.0,7767277.0,0.0,0.21,0.7,0.0
2016-06-21,161226,白银LOF,1.001,1.005,1.0,1.003,95435.0,9567998.0,0.5,0.26,0.5,0.005
2016-06-22,161226,白银LOF,0.993,0.995,0.986,0.992,46165.0,4577113.0,-1.1,0.13,0.9,-0.011
2016-06-23,161226,白银LOF,0.99,0.995,0.99,0.994,23032.0,2287385.0,0.2,0.06,0.5,0.002
2016-06-24,161226,白银LOF,0.998,1.022,0.995,1.017,165729.0,16782131.0,2.31,0.45,2.72,0.023
2016-06-27,161226,白银LOF,1.017,1.02,1.01,1.019,76029.0,7712154.0,0.2,0.21,0.98,0.002
2016-06-28,161226,白银LOF,0.917,1.013,0.917,1.01,60040.0,6030414.0,-0.88,0.16,9.42,-0.009
2016-06-29,161226,白银LOF,1.014,1.042,1.014,1.042,172255.0,17785847.0,3.17,0.47,2.77,0.032
2016-06-30,161226,白银LOF,1.044,1.058,1.044,1.048,115658.0,12150943.0,0.58,0.32,1.34,0.006
2016-07-01,161226,白银LOF,1.068,1.087,1.068,1.083,135411.0,14638407.0,3.34,0.37,1.81,0.035
2016-07-04,161226,白银LOF,1.15,1.15,1.117,1.118,561998.0,63147361.0,3.23,1.54,3.05,0.035
2016-07-05,161226,白银LOF,1.125,1.131,1.104,1.129,223391.0,25027408.0,0.98,0.61,2.42,0.011
2016-07-06,161226,白银LOF,1.136,1.152,1.136,1.145,283974.0,32476246.0,1.42,0.78,1.42,0.016
2016-07-07,161226,白银LOF,1.147,1.149,1.133,1.139,178359.0,20361253.0,-0.52,0.49,1.4,-0.006
2016-07-08,161226,白银LOF,1.11,1.118,1.11,1.113,215320.0,23993710.0,-2.28,0.59,0.7,-0.026
2016-07-11,161226,白银LOF,1.142,1.165,1.142,1.154,313418.0,36321170.0,3.68,0.86,2.07,0.041
2016-07-12,161226,白银LOF,1.155,1.174,1.155,1.17,215959.0,25167300.0,1.39,0.59,1.65,0.016
2016-07-13,161226,白银LOF,1.141,1.169,1.141,1.166,174787.0,20192295.0,-0.34,0.48,2.39,-0.004
2016-07-14,161226,白银LOF,1.166,1.17,1.153,1.158,119641.0,13854661.0,-0.69,0.33,1.46,-0.008
2016-07-15,161226,白银LOF,1.152,1.16,1.148,1.158,91071.0,10515871.0,0.0,0.25,1.04,0.0
2016-07-18,161226,白银LOF,1.138,1.146,1.138,1.138,76486.0,8718528.0,-1.73,0.21,0.69,-0.02
2016-07-19,161226,白银LOF,1.137,1.141,1.13,1.136,46327.0,5265086.0,-0.18,0.13,0.97,-0.002
2016-07-20,161226,白银LOF,1.134,1.142,1.13,1.13,37863.0,4288534.0,-0.53,0.1,1.06,-0.006
2016-07-21,161226,白银LOF,1.102,1.113,1.102,1.112,65059.0,7199920.0,-1.59,0.18,0.97,-0.018
2016-07-22,161226,白银LOF,1.133,1.135,1.12,1.125,39976.0,4513583.0,1.17,0.11,1.35,0.013
2016-07-25,161226,白银LOF,1.116,1.116,1.11,1.11,25355.0,2818724.0,-1.33,0.07,0.53,-0.015
2016-07-26,161226,白银LOF,1.117,1.125,1.117,1.12,20056.0,2246178.0,0.9,0.05,0.72,0.01
2016-07-27,161226,白银LOF,1.12,1.121,1.114,1.12,30306.0,3386616.0,0.0,0.08,0.63,0.0
2016-07-28,161226,白银LOF,1.15,1.158,1.147,1.158,135686.0,15613558.0,3.39,0.37,0.98,0.038
2016-07-29,161226,白银LOF,1.156,1.156,1.145,1.149,69382.0,7971180.0,-0.78,0.19,0.95,-0.009
2016-08-01,161226,白银LOF,1.158,1.167,1.158,1.164,116479.0,13556338.0,1.31,0.32,0.78,0.015
2016-08-02,161226,白银LOF,1.159,1.159,1.153,1.158,55532.0,6415666.0,-0.52,0.15,0.52,-0.006
2016-08-03,161226,白银LOF,1.164,1.172,1.164,1.172,37958.0,4436011.0,1.21,0.1,0.69,0.014
2016-08-04,161226,白银LOF,1.151,1.153,1.141,1.147,84706.0,9709273.0,-2.13,0.23,1.02,-0.025
2016-08-05,161226,白银LOF,1.149,1.153,1.146,1.153,49982.0,5746305.0,0.52,0.14,0.61,0.006
2016-08-08,161226,白银LOF,1.117,1.128,1.115,1.121,55025.0,6170402.0,-2.78,0.15,1.13,-0.032
2016-08-09,161226,白银LOF,1.121,1.122,1.118,1.119,22311.0,2497362.0,-0.18,0.06,0.36,-0.002
2016-08-10,161226,白银LOF,1.126,1.149,1.126,1.147,52476.0,5972906.0,2.5,0.14,2.06,0.028
2016-08-11,161226,白银LOF,1.142,1.142,1.127,1.136,29979.0,3397905.0,-0.96,0.08,1.31,-0.011
2016-08-12,161226,白银LOF,1.125,1.129,1.122,1.128,71808.0,8077011.0,-0.7,0.2,0.62,-0.008
2016-08-15,161226,白银LOF,1.12,1.121,1.117,1.121,101634.0,11378502.0,-0.62,0.28,0.35,-0.007
2016-08-16,161226,白银LOF,1.127,1.129,1.119,1.128,76003.0,8534833.0,0.62,0.21,0.89,0.007
2016-08-17,161226,白银LOF,1.12,1.122,1.112,1.118,38738.0,4331683.0,-0.89,0.11,0.89,-0.01
2016-08-18,161226,白银LOF,1.12,1.123,1.117,1.118,79162.0,8865735.0,0.0,0.22,0.54,0.0
2016-08-19,161226,白银LOF,1.116,1.116,1.111,1.114,64109.0,7135424.0,-0.36,0.18,0.45,-0.004
2016-08-22,161226,白银LOF,1.086,1.095,1.08,1.081,114827.0,12440147.0,-2.96,0.31,1.35,-0.033
2016-08-23,161226,白银LOF,1.08,1.1,1.08,1.087,50434.0,5479859.0,0.56,0.14,1.85,0.006
2016-08-24,161226,白银LOF,1.086,1.089,1.083,1.083,29317.0,3180450.0,-0.37,0.08,0.55,-0.004
2016-08-25,161226,白银LOF,1.066,1.066,1.05,1.058,110518.0,11659688.0,-2.31,0.3,1.48,-0.025
2016-08-26,161226,白银LOF,1.057,1.063,1.056,1.062,28564.0,3027130.0,0.38,0.08,0.66,0.004
2016-08-29,161226,白银LOF,1.056,1.056,1.051,1.055,34894.0,3674006.0,-0.66,0.1,0.47,-0.007
2016-08-30,161226,白银LOF,1.062,1.067,1.062,1.064,33853.0,3603790.0,0.85,0.09,0.47,0.009
2016-08-31,161226,白银LOF,1.062,1.07,1.062,1.067,60719.0,6474945.0,0.28,0.17,0.75,0.003
2016-09-01,161226,白银LOF,1.063,1.074,1.063,1.07,37985.0,4063019.0,0.28,0.1,1.03,0.003
2016-09-02,161226,白银LOF,1.073,1.08,1.071,1.077,60924.0,6558544.0,0.65,0.17,0.84,0.007
2016-09-05,161226,白银LOF,1.095,1.101,1.095,1.101,86813.0,9516985.0,2.23,0.24,0.56,0.024
2016-09-06,161226,白银LOF,1.101,1.104,1.096,1.101,46130.0,5077478.0,0.0,0.13,0.73,0.0
2016-09-07,161226,白银LOF,1.118,1.121,1.117,1.117,65808.0,7368705.0,1.45,0.18,0.36,0.016
2016-09-08,161226,白银LOF,1.115,1.118,1.115,1.118,28127.0,3140796.0,0.09,0.08,0.27,0.001
2016-09-09,161226,白银LOF,1.111,1.111,1.102,1.105,61094.0,6755065.0,-1.16,0.17,0.81,-0.013
2016-09-12,161226,白银LOF,1.08,1.081,1.068,1.079,74154.0,7967295.0,-2.35,0.2,1.18,-0.026
2016-09-13,161226,白银LOF,1.083,1.088,1.081,1.083,22012.0,2388449.0,0.37,0.06,0.65,0.004
2016-09-14,161226,白银LOF,1.07,1.081,1.07,1.081,23857.0,2562003.0,-0.18,0.07,1.02,-0.002
2016-09-19,161226,白银LOF,1.075,1.083,1.073,1.079,88136.0,9507945.0,-0.19,0.24,0.93,-0.002
2016-09-20,161226,白银LOF,1.081,1.084,1.079,1.082,33223.0,3595644.0,0.28,0.09,0.46,0.003
2016-09-21,161226,白银LOF,1.085,1.092,1.079,1.09,50631.0,5493649.0,0.74,0.14,1.2,0.008
2016-09-22,161226,白银LOF,1.109,1.109,1.095,1.097,52419.0,5786507.0,0.64,0.14,1.28,0.007
2016-09-23,161226,白银LOF,1.103,1.103,1.094,1.097,37994.0,4164082.0,0.0,0.1,0.82,0.0
2016-09-26,161226,白银LOF,1.093,1.093,1.079,1.081,31704.0,3437277.0,-1.46,0.09,1.28,-0.016
2016-09-27,161226,白银LOF,1.085,1.085,1.077,1.081,14228.0,1535911.0,0.0,0.04,0.74,0.0
2016-09-28,161226,白银LOF,1.069,1.069,1.061,1.066,47404.0,5051961.0,-1.39,0.13,0.74,-0.015
2016-09-29,161226,白银LOF,1.07,1.073,1.066,1.067,31353.0,3354107.0,0.09,0.09,0.66,0.001
2016-09-30,161226,白银LOF,1.066,1.072,1.066,1.071,29444.0,3146220.0,0.37,0.08,0.56,0.004
2016-10-10,161226,白银LOF,1.01,1.025,1.004,1.007,385057.0,38993085.0,-5.98,1.05,1.96,-0.064
2016-10-11,161226,白银LOF,1.008,1.018,1.007,1.016,115091.0,11640449.0,0.89,0.31,1.09,0.009
2016-10-12,161226,白银LOF,1.01,1.01,1.004,1.005,118557.0,11927094.0,-1.08,0.32,0.59,-0.011
2016-10-13,161226,白银LOF,0.999,0.999,0.992,0.994,305850.0,30431992.0,-1.09,0.84,0.7,-0.011
2016-10-14,161226,白银LOF,0.994,0.995,0.989,0.992,90167.0,8939300.0,-0.2,0.25,0.6,-0.002
2016-10-17,161226,白银LOF,0.991,0.993,0.987,0.993,90507.0,8957314.0,0.1,0.25,0.6,0.001
2016-10-18,161226,白银LOF,0.993,1.004,0.993,1.001,116616.0,11642246.0,0.81,0.32,1.11,0.008
2016-10-19,161226,白银LOF,1.001,1.003,0.997,1.0,64397.0,6442983.0,-0.1,0.18,0.6,-0.001
2016-10-20,161226,白银LOF,1.002,1.007,1.001,1.005,107057.0,10759629.0,0.5,0.29,0.6,0.005
2016-10-21,161226,白银LOF,0.999,0.999,0.993,0.995,116646.0,11601529.0,-1.0,0.32,0.6,-0.01
2016-10-24,161226,白银LOF,0.995,1.003,0.994,1.002,102964.0,10274816.0,0.7,0.28,0.9,0.007
2016-10-25,161226,白银LOF,1.004,1.012,1.002,1.008,100767.0,10142334.0,0.6,0.28,1.0,0.006
2016-10-26,161226,白银LOF,1.012,1.017,1.009,1.014,134150.0,13600853.0,0.6,0.37,0.79,0.006
2016-10-27,161226,白银LOF,1.009,1.009,1.005,1.008,57680.0,5807878.0,-0.59,0.16,0.39,-0.006
2016-10-28,161226,白银LOF,1.007,1.011,1.007,1.01,63518.0,6410298.0,0.2,0.17,0.4,0.002
2016-10-31,161226,白银LOF,1.014,1.016,1.011,1.014,86895.0,8812356.0,0.4,0.24,0.5,0.004
2016-11-01,161226,白银LOF,1.015,1.022,1.014,1.021,126522.0,12875767.0,0.69,0.35,0.79,0.007
2016-11-02,161226,白银LOF,1.037,1.042,1.035,1.041,91185.0,9461093.0,1.96,0.25,0.69,0.02
2016-11-03,161226,白银LOF,1.042,1.045,1.033,1.036,122023.0,12679756.0,-0.48,0.33,1.15,-0.005
2016-11-04,161226,白银LOF,1.03,1.033,1.023,1.024,142117.0,14606268.0,-1.16,0.39,0.97,-0.012
2016-11-07,161226,白银LOF,1.018,1.024,1.016,1.02,66468.0,6773035.0,-0.39,0.18,0.78,-0.004
2016-11-08,161226,白银LOF,1.017,1.025,1.017,1.025,57730.0,5897243.0,0.49,0.16,0.78,0.005
2016-11-09,161226,白银LOF,1.029,1.063,1.029,1.06,484772.0,50635392.0,3.41,1.33,3.32,0.035
2016-11-10,161226,白银LOF,1.045,1.057,1.045,1.055,232941.0,24437136.0,-0.47,0.64,1.13,-0.005
2016-11-11,161226,白银LOF,1.052,1.066,1.045,1.065,204902.0,21598550.0,0.95,0.56,1.99,0.01
2016-11-14,161226,白银LOF,1.008,1.018,1.006,1.015,255985.0,25911188.0,-4.69,0.7,1.13,-0.05
2016-11-15,161226,白银LOF,1.012,1.019,1.012,1.017,78701.0,7994418.0,0.2,0.22,0.69,0.002
2016-11-16,161226,白银LOF,1.012,1.02,1.012,1.018,66115.0,6724200.0,0.1,0.18,0.79,0.001
2016-11-17,161226,白银LOF,1.012,1.012,0.999,1.006,131908.0,13260757.0,-1.18,0.36,1.28,-0.012
2016-11-18,161226,白银LOF,0.994,0.994,0.983,0.989,274347.0,27068778.0,-1.69,0.75,1.09,-0.017
2016-11-21,161226,白银LOF,0.984,0.994,0.984,0.994,166232.0,16453005.0,0.51,0.45,1.01,0.005
2016-11-22,161226,白银LOF,0.995,1.0,0.992,0.998,201157.0,20042186.0,0.4,0.55,0.8,0.004
2016-11-23,161226,白银LOF,0.988,0.989,0.985,0.988,547849.0,54086729.0,-1.0,1.5,0.4,-0.01
2016-11-24,161226,白银LOF,0.975,0.981,0.974,0.977,279487.0,27334096.0,-1.11,0.76,0.71,-0.011
2016-11-25,161226,白银LOF,0.977,0.979,0.969,0.978,213585.0,20807424.0,0.1,0.58,1.02,0.001
2016-11-28,161226,白银LOF,0.987,0.996,0.987,0.995,314205.0,31205984.0,1.74,0.86,0.92,0.017
2016-11-29,161226,白银LOF,0.992,0.993,0.988,0.991,141187.0,13983050.0,-0.4,0.39,0.5,-0.004
2016-11-30,161226,白银LOF,0.988,0.991,0.986,0.987,174899.0,17287158.0,-0.4,0.48,0.5,-0.004
2016-12-01,161226,白银LOF,0.979,0.987,0.975,0.987,201427.0,19725421.0,0.0,0.55,1.22,0.0
2016-12-02,161226,白银LOF,0.988,0.989,0.979,0.982,158970.0,15666918.0,-0.51,0.44,1.01,-0.005
2016-12-05,161226,白银LOF,0.986,0.99,0.984,0.988,141269.0,13946177.0,0.61,0.39,0.61,0.006
2016-12-06,161226,白银LOF,0.99,0.995,0.988,0.989,106609.0,10565825.0,0.1,0.29,0.71,0.001
2016-12-07,161226,白银LOF,0.989,0.99,0.986,0.988,71736.0,7088887.0,-0.1,0.2,0.4,-0.001
2016-12-08,161226,白银LOF,1.002,1.01,1.001,1.006,212553.0,21376571.0,1.82,0.58,0.91,0.018
2016-12-09,161226,白银LOF,1.0,1.005,0.998,1.004,119517.0,11961833.0,-0.2,0.33,0.7,-0.002
2016-12-12,161226,白银LOF,1.001,1.008,0.999,1.005,172842.0,17353476.0,0.1,0.47,0.9,0.001
2016-12-13,161226,白银LOF,1.011,1.015,1.007,1.011,160682.0,16250562.0,0.6,0.44,0.8,0.006
2016-12-14,161226,白银LOF,1.006,1.015,1.005,1.015,173741.0,17547407.0,0.4,0.48,0.99,0.004
2016-12-15,161226,白银LOF,1.005,1.008,0.996,1.0,168269.0,16860445.0,-1.48,0.46,1.18,-0.015
2016-12-16,161226,白银LOF,0.974,0.979,0.967,0.976,207294.0,20211957.0,-2.4,0.57,1.2,-0.024
2016-12-19,161226,白银LOF,0.978,0.979,0.973,0.975,65941.0,6434933.0,-0.1,0.18,0.61,-0.001
2016-12-20,161226,白银LOF,0.97,0.971,0.957,0.958,114283.0,11038305.0,-1.74,0.31,1.44,-0.017
2016-12-21,161226,白银LOF,0.957,0.966,0.955,0.961,85052.0,8177921.0,0.31,0.23,1.15,0.003
2016-12-22,161226,白银LOF,0.958,0.959,0.955,0.958,43166.0,4129135.0,-0.31,0.12,0.42,-0.003
2016-12-23,161226,白银LOF,0.949,0.949,0.942,0.944,388143.0,36654966.0,-1.46,1.06,0.73,-0.014
2016-12-26,161226,白银LOF,0.941,0.942,0.937,0.94,132334.0,12430472.0,-0.42,0.36,0.53,-0.004
2016-12-27,161226,白银LOF,0.94,0.954,0.94,0.953,151517.0,14352660.0,1.38,0.41,1.49,0.013
2016-12-28,161226,白银LOF,0.955,0.959,0.952,0.954,102199.0,9769965.0,0.1,0.28,0.73,0.001
2016-12-29,161226,白银LOF,0.961,0.965,0.961,0.964,117213.0,11288203.0,1.05,0.32,0.42,0.01
2016-12-30,161226,白银LOF,0.969,0.971,0.967,0.968,122265.0,11851816.0,0.41,0.33,0.41,0.004
2017-01-03,161226,白银LOF,0.962,0.966,0.962,0.964,173443.0,16729901.0,-0.41,0.47,0.41,-0.004
2017-01-04,161226,白银LOF,0.972,0.975,0.97,0.974,145965.0,14203449.0,1.04,0.4,0.52,0.01
2017-01-05,161226,白银LOF,0.977,0.978,0.973,0.977,92706.0,9040329.0,0.31,0.25,0.51,0.003
2017-01-06,161226,白银LOF,0.976,0.976,0.967,0.968,142149.0,13829874.0,-0.92,0.39,0.92,-0.009
2017-01-09,161226,白银LOF,0.969,0.97,0.967,0.968,61051.0,5914253.0,0.0,0.17,0.31,0.0
2017-01-10,161226,白银LOF,0.971,0.977,0.971,0.974,98408.0,9593326.0,0.62,0.27,0.62,0.006
2017-01-11,161226,白银LOF,0.979,0.984,0.979,0.983,92220.0,9045379.0,0.92,0.25,0.51,0.009
2017-01-12,161226,白银LOF,0.981,0.982,0.977,0.98,67789.0,6646077.0,-0.31,0.19,0.51,-0.003
2017-01-13,161226,白银LOF,0.975,0.975,0.972,0.973,33740.0,3283083.0,-0.71,0.09,0.31,-0.007
2017-01-16,161226,白银LOF,0.975,0.981,0.97,0.978,86265.0,8417162.0,0.51,0.24,1.13,0.005
2017-01-17,161226,白银LOF,0.977,0.983,0.974,0.978,80003.0,7821506.0,0.0,0.22,0.92,0.0
2017-01-18,161226,白银LOF,0.981,0.983,0.976,0.977,208430.0,20408866.0,-0.1,0.57,0.72,-0.001
2017-01-19,161226,白银LOF,0.973,0.974,0.969,0.97,30414.0,2951504.0,-0.72,0.08,0.51,-0.007
2017-01-20,161226,白银LOF,0.971,0.973,0.969,0.973,29668.0,2879922.0,0.31,0.08,0.41,0.003
2017-01-23,161226,白银LOF,0.974,0.979,0.974,0.976,52448.0,5117910.0,0.31,0.14,0.51,0.003
2017-01-24,161226,白银LOF,0.976,0.976,0.972,0.973,34205.0,3332707.0,-0.31,0.09,0.41,-0.003
2017-01-25,161226,白银LOF,0.97,0.971,0.96,0.963,56482.0,5451413.0,-1.03,0.15,1.13,-0.01
2017-01-26,161226,白银LOF,0.96,0.961,0.956,0.961,43078.0,4131232.0,-0.21,0.12,0.52,-0.002
2017-02-03,161226,白银LOF,0.974,0.976,0.972,0.973,61352.0,5977382.0,1.25,0.17,0.42,0.012
2017-02-06,161226,白银LOF,0.978,0.981,0.978,0.981,73448.0,7196369.0,0.82,0.2,0.31,0.008
2017-02-07,161226,白银LOF,0.982,0.985,0.979,0.983,57148.0,5609058.0,0.2,0.16,0.61,0.002
2017-02-08,161226,白银LOF,0.982,0.985,0.98,0.982,278098.0,27335158.0,-0.1,0.76,0.51,-0.001
2017-02-09,161226,白银LOF,0.984,0.986,0.982,0.984,101990.0,10034114.0,0.2,0.28,0.41,0.002
2017-02-10,161226,白银LOF,0.977,0.979,0.975,0.978,86357.0,8447477.0,-0.61,0.24,0.41,-0.006
2017-02-13,161226,白银LOF,0.991,0.999,0.991,0.997,175142.0,17442947.0,1.94,0.48,0.82,0.019
2017-02-14,161226,白银LOF,0.996,0.998,0.994,0.997,84329.0,8397352.0,0.0,0.23,0.4,0.0
2017-02-15,161226,白银LOF,0.996,0.996,0.993,0.994,31430.0,3125042.0,-0.3,0.09,0.3,-0.003
2017-02-16,161226,白银LOF,0.998,1.001,0.994,0.996,52574.0,5245124.0,0.2,0.14,0.7,0.002
2017-02-17,161226,白银LOF,0.997,0.997,0.993,0.996,37838.0,3766053.0,0.0,0.1,0.4,0.0
2017-02-20,161226,白银LOF,0.995,0.995,0.99,0.992,37892.0,3755300.0,-0.4,0.1,0.5,-0.004
2017-02-21,161226,白银LOF,0.99,1.0,0.99,0.997,76403.0,7618132.0,0.5,0.21,1.01,0.005
2017-02-22,161226,白银LOF,0.999,0.999,0.994,0.996,52358.0,5219290.0,-0.1,0.14,0.5,-0.001
2017-02-23,161226,白银LOF,0.997,0.999,0.989,0.995,91025.0,9061482.0,-0.1,0.25,1.0,-0.001
2017-02-24,161226,白银LOF,1.002,1.01,1.002,1.007,121575.0,12232971.0,1.21,0.33,0.8,0.012
2017-02-27,161226,白银LOF,1.016,1.019,1.015,1.018,177728.0,18069242.0,1.09,0.49,0.4,0.011
2017-02-28,161226,白银LOF,1.015,1.016,1.011,1.016,208750.0,21141462.0,-0.2,0.57,0.49,-0.002
2017-03-01,161226,白银LOF,1.009,1.011,1.005,1.01,86686.0,8737913.0,-0.59,0.24,0.59,-0.006
2017-03-02,161226,白银LOF,1.011,1.013,1.008,1.01,34695.0,3503511.0,0.0,0.09,0.5,0.0
2017-03-03,161226,白银LOF,0.992,0.992,0.983,0.987,106796.0,10549233.0,-2.28,0.29,0.89,-0.023
2017-03-06,161226,白银LOF,0.988,0.989,0.984,0.988,36693.0,3622136.0,0.1,0.1,0.51,0.001
2017-03-07,161226,白银LOF,0.985,0.987,0.985,0.986,18584.0,1832279.0,-0.2,0.05,0.2,-0.002
2017-03-08,161226,白银LOF,0.984,0.984,0.98,0.981,31736.0,3112860.0,-0.51,0.09,0.41,-0.005
2017-03-09,161226,白银LOF,0.973,0.976,0.973,0.973,34392.0,3351119.0,-0.82,0.09,0.31,-0.008
2017-03-10,161226,白银LOF,0.969,0.978,0.968,0.974,47751.0,4650053.0,0.1,0.13,1.03,0.001
2017-03-13,161226,白银LOF,0.972,0.984,0.972,0.982,39466.0,3860064.0,0.82,0.11,1.23,0.008
2017-03-14,161226,白银LOF,0.976,0.976,0.958,0.963,217311.0,21008993.0,-1.93,0.59,1.83,-0.019
2017-03-15,161226,白银LOF,0.96,0.96,0.952,0.956,205325.0,19609949.0,-0.73,0.56,0.83,-0.007
2017-03-16,161226,白银LOF,0.977,0.979,0.973,0.976,538551.0,52562253.0,2.09,1.47,0.63,0.02
2017-03-17,161226,白银LOF,0.973,0.973,0.969,0.972,57129.0,5551860.0,-0.41,0.16,0.41,-0.004
2017-03-20,161226,白银LOF,0.974,0.975,0.973,0.973,148920.0,14505071.0,0.1,0.41,0.21,0.001
2017-03-21,161226,白银LOF,0.972,0.972,0.969,0.971,67502.0,6551225.0,-0.21,0.18,0.31,-0.002
2017-03-22,161226,白银LOF,0.977,0.979,0.976,0.978,127698.0,12483488.0,0.72,0.35,0.31,0.007
2017-03-23,161226,白银LOF,0.977,0.978,0.975,0.976,48877.0,4770163.0,-0.2,0.13,0.31,-0.002
2017-03-24,161226,白银LOF,0.976,0.977,0.975,0.976,37152.0,3626173.0,0.0,0.1,0.2,0.0
2017-03-27,161226,白银LOF,0.983,0.989,0.983,0.988,82706.0,8149499.0,1.23,0.23,0.61,0.012
2017-03-28,161226,白银LOF,0.99,0.992,0.988,0.989,66142.0,6544550.0,0.1,0.18,0.4,0.001
2017-03-29,161226,白银LOF,0.989,0.99,0.987,0.99,67812.0,6705513.0,0.1,0.19,0.3,0.001
2017-03-30,161226,白银LOF,0.989,0.992,0.987,0.99,127274.0,12595696.0,0.0,0.35,0.51,0.0
2017-03-31,161226,白银LOF,0.986,0.988,0.984,0.986,35518.0,3500919.0,-0.4,0.1,0.4,-0.004
2017-04-05,161226,白银LOF,0.99,0.993,0.989,0.991,43978.0,4357959.0,0.51,0.12,0.41,0.005
2017-04-06,161226,白银LOF,0.991,0.993,0.98,0.988,61081.0,6046176.0,-0.3,0.17,1.31,-0.003
2017-04-07,161226,白银LOF,0.991,1.006,0.991,1.003,220914.0,22145424.0,1.52,0.6,1.52,0.015
2017-04-10,161226,白银LOF,0.987,0.989,0.984,0.985,103790.0,10234394.0,-1.79,0.28,0.5,-0.018
2017-04-11,161226,白银LOF,0.985,0.986,0.982,0.986,41020.0,4035840.0,0.1,0.11,0.41,0.001
2017-04-12,161226,白银LOF,0.995,1.006,0.994,0.998,193888.0,19416893.0,1.22,0.53,1.22,0.012
2017-04-13,161226,白银LOF,1.007,1.007,1.0,1.002,49314.0,4942165.0,0.4,0.13,0.7,0.004
2017-04-14,161226,白银LOF,1.003,1.004,1.0,1.004,36848.0,3692535.0,0.2,0.1,0.4,0.002
2017-04-17,161226,白银LOF,1.007,1.009,1.002,1.004,73042.0,7343018.0,0.0,0.2,0.7,0.0
2017-04-18,161226,白银LOF,1.0,1.001,0.996,0.998,60195.0,6009317.0,-0.6,0.16,0.5,-0.006
2017-04-19,161226,白银LOF,0.992,0.992,0.986,0.988,38277.0,3784366.0,-1.0,0.1,0.6,-0.01
2017-04-20,161226,白银LOF,0.987,0.989,0.985,0.987,29183.0,2879634.0,-0.1,0.08,0.4,-0.001
2017-04-21,161226,白银LOF,0.984,0.984,0.979,0.98,30994.0,3038913.0,-0.71,0.08,0.51,-0.007
2017-04-24,161226,白银LOF,0.98,0.98,0.974,0.974,40996.0,4004669.0,-0.61,0.11,0.61,-0.006
2017-04-25,161226,白银LOF,0.977,0.982,0.976,0.978,38761.0,3792649.0,0.41,0.11,0.62,0.004
2017-04-26,161226,白银LOF,0.97,0.977,0.97,0.972,33743.0,3284973.0,-0.61,0.09,0.72,-0.006
2017-04-27,161226,白银LOF,0.973,0.973,0.968,0.971,31728.0,3078888.0,-0.1,0.09,0.51,-0.001
2017-04-28,161226,白银LOF,0.97,0.979,0.97,0.977,54791.0,5337399.0,0.62,0.15,0.93,0.006
2017-05-02,161226,白银LOF,0.966,0.97,0.962,0.968,49703.0,4797028.0,-0.92,0.14,0.82,-0.009
2017-05-03,161226,白银LOF,0.962,0.967,0.962,0.966,20749.0,2003368.0,-0.21,0.06,0.52,-0.002
2017-05-04,161226,白银LOF,0.954,0.954,0.933,0.936,245450.0,23084270.0,-3.11,0.67,2.17,-0.03
2017-05-05,161226,白银LOF,0.92,0.929,0.92,0.928,128440.0,11871901.0,-0.85,0.35,0.96,-0.008
2017-05-08,161226,白银LOF,0.927,0.929,0.924,0.926,35014.0,3243367.0,-0.22,0.1,0.54,-0.002
2017-05-09,161226,白银LOF,0.924,0.926,0.919,0.922,39420.0,3633947.0,-0.43,0.11,0.76,-0.004
2017-05-10,161226,白银LOF,0.919,0.92,0.916,0.917,72964.0,6699114.0,-0.54,0.2,0.43,-0.005
2017-05-11,161226,白银LOF,0.918,0.931,0.918,0.923,75949.0,6995888.0,0.65,0.21,1.42,0.006
2017-05-12,161226,白银LOF,0.926,0.931,0.923,0.929,68428.0,6353957.0,0.65,0.19,0.87,0.006
2017-05-15,161226,白银LOF,0.929,0.936,0.927,0.935,75971.0,7073558.0,0.65,0.21,0.97,0.006
2017-05-16,161226,白银LOF,0.939,0.944,0.936,0.939,258678.0,24280425.0,0.43,0.71,0.86,0.004
2017-05-17,161226,白银LOF,0.94,0.941,0.939,0.939,68825.0,6467854.0,0.0,0.19,0.21,0.0
2017-05-18,161226,白银LOF,0.943,0.944,0.936,0.937,109212.0,10268525.0,-0.21,0.3,0.85,-0.002
2017-05-19,161226,白银LOF,0.933,0.936,0.932,0.935,40930.0,3822832.0,-0.21,0.11,0.43,-0.002
2017-05-22,161226,白银LOF,0.937,0.939,0.936,0.938,42327.0,3968526.0,0.32,0.12,0.32,0.003
2017-05-23,161226,白银LOF,0.943,0.944,0.942,0.943,107939.0,10178820.0,0.53,0.3,0.21,0.005
2017-05-24,161226,白银LOF,0.94,0.941,0.935,0.938,45091.0,4228000.0,-0.53,0.12,0.64,-0.005
2017-05-25,161226,白银LOF,0.94,0.944,0.94,0.942,71616.0,6742283.0,0.43,0.2,0.43,0.004
2017-05-26,161226,白银LOF,0.94,0.942,0.937,0.941,44247.0,4159720.0,-0.11,0.12,0.53,-0.001
2017-05-31,161226,白银LOF,0.939,0.94,0.935,0.936,44829.0,4198026.0,-0.53,0.12,0.53,-0.005
2017-06-01,161226,白银LOF,0.935,0.937,0.931,0.934,44299.0,4137035.0,-0.21,0.12,0.64,-0.002
2017-06-02,161226,白银LOF,0.93,0.93,0.927,0.929,18598.0,1727213.0,-0.54,0.05,0.32,-0.005
2017-06-05,161226,白银LOF,0.942,0.945,0.942,0.943,71154.0,6712310.0,1.51,0.19,0.32,0.014
2017-06-06,161226,白银LOF,0.943,0.952,0.943,0.95,51976.0,4924512.0,0.74,0.14,0.95,0.007
2017-06-07,161226,白银LOF,0.95,0.952,0.948,0.952,53299.0,5064541.0,0.21,0.15,0.42,0.002
2017-06-08,161226,白银LOF,0.949,0.95,0.946,0.949,32136.0,3047627.0,-0.32,0.09,0.42,-0.003
2017-06-09,161226,白银LOF,0.943,0.943,0.936,0.938,45554.0,4275905.0,-1.16,0.12,0.74,-0.011
2017-06-12,161226,白银LOF,0.933,0.936,0.93,0.933,16374.0,1529351.0,-0.53,0.04,0.64,-0.005
2017-06-13,161226,白银LOF,0.927,0.929,0.922,0.926,45796.0,4241335.0,-0.75,0.13,0.75,-0.007
2017-06-14,161226,白银LOF,0.926,0.93,0.925,0.929,36012.0,3343535.0,0.32,0.1,0.54,0.003
2017-06-15,161226,白银LOF,0.933,0.935,0.928,0.929,24300.0,2263017.0,0.0,0.07,0.75,0.0
2017-06-16,161226,白银LOF,0.925,0.926,0.921,0.924,58786.0,5427723.0,-0.54,0.16,0.54,-0.005
2017-06-19,161226,白银LOF,0.921,0.924,0.92,0.924,24567.0,2267249.0,0.0,0.07,0.43,0.0
2017-06-20,161226,白银LOF,0.921,0.924,0.92,0.924,15639.0,1443171.0,0.0,0.04,0.43,0.0
2017-06-21,161226,白银LOF,0.921,0.925,0.92,0.924,36936.0,3409595.0,0.0,0.1,0.54,0.0
2017-06-22,161226,白银LOF,0.925,0.929,0.925,0.929,76150.0,7058683.0,0.54,0.21,0.43,0.005
2017-06-23,161226,白银LOF,0.926,0.927,0.925,0.926,50487.0,4675215.0,-0.32,0.14,0.22,-0.003
2017-06-26,161226,白银LOF,0.923,0.926,0.923,0.926,55827.0,5160889.0,0.0,0.15,0.32,0.0
2017-06-27,161226,白银LOF,0.92,0.922,0.916,0.921,56337.0,5175535.0,-0.54,0.15,0.65,-0.005
2017-06-28,161226,白银LOF,0.923,0.928,0.923,0.926,58248.0,5391481.0,0.54,0.16,0.54,0.005
2017-06-29,161226,白银LOF,0.927,0.927,0.923,0.926,33822.0,3128546.0,0.0,0.09,0.43,0.0
2017-06-30,161226,白银LOF,0.919,0.92,0.916,0.916,82437.0,7566912.0,-1.08,0.23,0.43,-0.01
2017-07-03,161226,白银LOF,0.917,0.918,0.914,0.916,46088.0,4220556.0,0.0,0.13,0.44,0.0
2017-07-04,161226,白银LOF,0.903,0.903,0.893,0.895,239030.0,21437223.0,-2.29,0.65,1.09,-0.021
2017-07-05,161226,白银LOF,0.895,0.897,0.894,0.896,45567.0,4082342.0,0.11,0.12,0.34,0.001
2017-07-06,161226,白银LOF,0.895,0.896,0.892,0.895,47316.0,4229595.0,-0.11,0.13,0.45,-0.001
2017-07-07,161226,白银LOF,0.892,0.893,0.887,0.891,72993.0,6495221.0,-0.45,0.2,0.67,-0.004
2017-07-10,161226,白银LOF,0.874,0.874,0.864,0.866,190216.0,16513356.0,-2.81,0.52,1.12,-0.025
2017-07-11,161226,白银LOF,0.865,0.868,0.864,0.866,49750.0,4308886.0,0.0,0.14,0.46,0.0
2017-07-12,161226,白银LOF,0.871,0.875,0.87,0.875,101116.0,8823778.0,1.04,0.28,0.58,0.009
2017-07-13,161226,白银LOF,0.872,0.875,0.871,0.875,289319.0,25238702.0,0.0,0.79,0.46,0.0
2017-07-14,161226,白银LOF,0.869,0.869,0.861,0.865,132477.0,11431965.0,-1.14,0.36,0.91,-0.01
2017-07-17,161226,白银LOF,0.878,0.88,0.877,0.878,209419.0,18387601.0,1.5,0.57,0.35,0.013
2017-07-18,161226,白银LOF,0.882,0.884,0.879,0.88,96082.0,8475427.0,0.23,0.26,0.57,0.002
2017-07-19,161226,白银LOF,0.88,0.882,0.878,0.88,70267.0,6178868.0,0.0,0.19,0.45,0.0
2017-07-20,161226,白银LOF,0.88,0.881,0.878,0.881,77634.0,6827992.0,0.11,0.21,0.34,0.001
2017-07-21,161226,白银LOF,0.885,0.888,0.885,0.887,104024.0,9215348.0,0.68,0.28,0.34,0.006
2017-07-24,161226,白银LOF,0.888,0.888,0.884,0.885,48182.0,4270328.0,-0.23,0.13,0.45,-0.002
2017-07-25,161226,白银LOF,0.887,0.888,0.883,0.886,42176.0,3735251.0,0.11,0.12,0.56,0.001
2017-07-26,161226,白银LOF,0.884,0.884,0.88,0.882,32172.0,2837459.0,-0.45,0.09,0.45,-0.004
2017-07-27,161226,白银LOF,0.891,0.895,0.891,0.893,99144.0,8859964.0,1.25,0.27,0.45,0.011
2017-07-28,161226,白银LOF,0.891,0.892,0.89,0.89,51240.0,4565287.0,-0.34,0.14,0.22,-0.003
2017-07-31,161226,白银LOF,0.891,0.895,0.891,0.894,68290.0,6100250.0,0.45,0.19,0.45,0.004
2017-08-01,161226,白银LOF,0.894,0.898,0.894,0.895,94502.0,8468012.0,0.11,0.26,0.45,0.001
2017-08-02,161226,白银LOF,0.892,0.894,0.89,0.893,65159.0,5810782.0,-0.22,0.18,0.45,-0.002
2017-08-03,161226,白银LOF,0.892,0.892,0.888,0.89,63141.0,5614420.0,-0.34,0.17,0.45,-0.003
2017-08-04,161226,白银LOF,0.89,0.895,0.889,0.894,61692.0,5498343.0,0.45,0.17,0.67,0.004
2017-08-07,161226,白银LOF,0.877,0.877,0.873,0.875,93174.0,8150520.0,-2.13,0.25,0.45,-0.019
2017-08-08,161226,白银LOF,0.875,0.877,0.873,0.874,42210.0,3692873.0,-0.11,0.12,0.46,-0.001
2017-08-09,161226,白银LOF,0.88,0.885,0.88,0.883,73274.0,6460311.0,1.03,0.2,0.57,0.009
2017-08-10,161226,白银LOF,0.894,0.909,0.893,0.908,184600.0,16626170.0,2.83,0.51,1.81,0.025
2017-08-11,161226,白银LOF,0.906,0.907,0.902,0.903,105945.0,9585908.0,-0.55,0.29,0.55,-0.005
2017-08-14,161226,白银LOF,0.902,0.912,0.9,0.91,334377.0,30380220.0,0.78,0.92,1.33,0.007
2017-08-15,161226,白银LOF,0.9,0.9,0.896,0.898,88815.0,7978297.0,-1.32,0.24,0.44,-0.012
2017-08-16,161226,白银LOF,0.89,0.89,0.887,0.888,65124.0,5786891.0,-1.11,0.18,0.33,-0.01
2017-08-17,161226,白银LOF,0.904,0.906,0.903,0.904,289636.0,26197488.0,1.8,0.79,0.34,0.016
2017-08-18,161226,白银LOF,0.9,0.901,0.898,0.9,51955.0,4672705.0,-0.44,0.14,0.33,-0.004
2017-08-21,161226,白银LOF,0.898,0.9,0.896,0.9,25352.0,2275585.0,0.0,0.07,0.44,0.0
2017-08-22,161226,白银LOF,0.9,0.9,0.897,0.899,9505.0,854315.0,-0.11,0.03,0.33,-0.001
2017-08-23,161226,白银LOF,0.898,0.898,0.894,0.898,19368.0,1734953.0,-0.11,0.05,0.44,-0.001
2017-08-24,161226,白银LOF,0.898,0.901,0.896,0.897,28817.0,2586236.0,-0.11,0.08,0.56,-0.001
2017-08-25,161226,白银LOF,0.895,0.896,0.894,0.895,32129.0,2874944.0,-0.22,0.09,0.22,-0.002
2017-08-28,161226,白银LOF,0.897,0.901,0.897,0.9,47913.0,4307785.0,0.56,0.13,0.45,0.005
2017-08-29,161226,白银LOF,0.908,0.909,0.903,0.908,78296.0,7100963.0,0.89,0.21,0.67,0.008
2017-08-30,161226,白银LOF,0.903,0.905,0.901,0.904,37353.0,3372669.0,-0.44,0.1,0.44,-0.004
2017-08-31,161226,白银LOF,0.901,0.902,0.899,0.9,14135.0,1271893.0,-0.44,0.04,0.33,-0.004
2017-09-01,161226,白银LOF,0.902,0.905,0.902,0.903,23170.0,2092307.0,0.33,0.06,0.33,0.003
2017-09-04,161226,白银LOF,0.911,0.915,0.911,0.914,94043.0,8588636.0,1.22,0.26,0.44,0.011
2017-09-05,161226,白银LOF,0.913,0.915,0.912,0.913,53285.0,4868885.0,-0.11,0.15,0.33,-0.001
2017-09-06,161226,白银LOF,0.913,0.914,0.909,0.911,63505.0,5787834.0,-0.22,0.17,0.55,-0.002
2017-09-07,161226,白银LOF,0.909,0.91,0.907,0.909,68700.0,6239058.0,-0.22,0.19,0.33,-0.002
2017-09-08,161226,白银LOF,0.913,0.914,0.911,0.912,47573.0,4341642.0,0.33,0.13,0.33,0.003
2017-09-11,161226,白银LOF,0.905,0.905,0.901,0.902,30481.0,2749666.0,-1.1,0.08,0.44,-0.01
2017-09-12,161226,白银LOF,0.901,0.901,0.898,0.899,22902.0,2059382.0,-0.33,0.06,0.33,-0.003
2017-09-13,161226,白银LOF,0.899,0.903,0.899,0.901,33119.0,2983228.0,0.22,0.09,0.44,0.002
2017-09-14,161226,白银LOF,0.898,0.899,0.894,0.896,33173.0,2973863.0,-0.55,0.09,0.55,-0.005
2017-09-15,161226,白银LOF,0.899,0.902,0.899,0.9,20693.0,1862835.0,0.45,0.06,0.33,0.004
2017-09-18,161226,白银LOF,0.897,0.897,0.894,0.896,15585.0,1393849.0,-0.44,0.04,0.33,-0.004
2017-09-19,161226,白银LOF,0.888,0.89,0.887,0.888,45752.0,4062839.0,-0.89,0.13,0.33,-0.008
2017-09-20,161226,白银LOF,0.888,0.891,0.888,0.89,66511.0,5918440.0,0.23,0.18,0.34,0.002
2017-09-21,161226,白银LOF,0.881,0.886,0.877,0.88,91927.0,8087116.0,-1.12,0.25,1.01,-0.01
2017-09-22,161226,白银LOF,0.877,0.878,0.876,0.877,26987.0,2366944.0,-0.34,0.07,0.23,-0.003
2017-09-25,161226,白银LOF,0.876,0.877,0.872,0.873,35800.0,3129582.0,-0.46,0.1,0.57,-0.004
2017-09-26,161226,白银LOF,0.882,0.886,0.88,0.884,85235.0,7525966.0,1.26,0.23,0.69,0.011
2017-09-27,161226,白银LOF,0.877,0.879,0.876,0.877,57156.0,5013337.0,-0.79,0.16,0.34,-0.007
2017-09-28,161226,白银LOF,0.875,0.876,0.872,0.872,42294.0,3692855.0,-0.57,0.12,0.46,-0.005
2017-09-29,161226,白银LOF,0.875,0.876,0.874,0.875,33153.0,2901110.0,0.34,0.09,0.23,0.003
2017-10-09,161226,白银LOF,0.88,0.881,0.877,0.88,50992.0,4485534.0,0.57,0.14,0.46,0.005
2017-10-10,161226,白银LOF,0.881,0.882,0.879,0.882,25664.0,2260327.0,0.23,0.07,0.34,0.002
2017-10-11,161226,白银LOF,0.882,0.882,0.878,0.88,30266.0,2664927.0,-0.23,0.08,0.45,-0.002
2017-10-12,161226,白银LOF,0.88,0.884,0.88,0.882,22502.0,1984847.0,0.23,0.06,0.45,0.002
2017-10-13,161226,白银LOF,0.881,0.886,0.881,0.885,28432.0,2511904.0,0.34,0.08,0.57,0.003
2017-10-16,161226,白银LOF,0.885,0.891,0.884,0.889,37168.0,3291999.0,0.45,0.1,0.79,0.004
2017-10-17,161226,白银LOF,0.885,0.886,0.881,0.883,17615.0,1554691.0,-0.67,0.05,0.56,-0.006
2017-10-18,161226,白银LOF,0.882,0.883,0.88,0.88,9076.0,799740.0,-0.34,0.02,0.34,-0.003
2017-10-19,161226,白银LOF,0.879,0.88,0.876,0.877,19803.0,1738567.0,-0.34,0.05,0.45,-0.003
2017-10-20,161226,白银LOF,0.881,0.883,0.881,0.883,13881.0,1224110.0,0.68,0.04,0.23,0.006
2017-10-23,161226,白银LOF,0.876,0.877,0.875,0.876,29599.0,2592734.0,-0.79,0.08,0.23,-0.007
2017-10-24,161226,白银LOF,0.877,0.879,0.876,0.879,47969.0,4211459.0,0.34,0.13,0.34,0.003
2017-10-25,161226,白银LOF,0.875,0.877,0.874,0.876,38352.0,3357054.0,-0.34,0.1,0.34,-0.003
2017-10-26,161226,白银LOF,0.876,0.877,0.874,0.876,23207.0,2031632.0,0.0,0.06,0.34,0.0
2017-10-27,161226,白银LOF,0.871,0.872,0.867,0.868,91036.0,7914061.0,-0.91,0.25,0.57,-0.008
2017-10-30,161226,白银LOF,0.869,0.871,0.861,0.866,36575.0,3167306.0,-0.23,0.1,1.15,-0.002
2017-10-31,161226,白银LOF,0.867,0.871,0.867,0.871,21789.0,1894399.0,0.58,0.06,0.46,0.005
2017-11-01,161226,白银LOF,0.865,0.872,0.865,0.871,34836.0,3026129.0,0.0,0.1,0.8,0.0
2017-11-02,161226,白银LOF,0.877,0.877,0.872,0.876,34404.0,3010147.0,0.57,0.09,0.57,0.005
2017-11-03,161226,白银LOF,0.875,0.877,0.874,0.876,29113.0,2548243.0,0.0,0.08,0.34,0.0
2017-11-06,161226,白银LOF,0.87,0.871,0.869,0.87,35918.0,3125876.0,-0.68,0.1,0.23,-0.006
2017-11-07,161226,白银LOF,0.874,0.878,0.874,0.878,30530.0,2676653.0,0.92,0.08,0.46,0.008
2017-11-08,161226,白银LOF,0.875,0.876,0.874,0.875,27908.0,2442550.0,-0.34,0.08,0.23,-0.003
2017-11-09,161226,白银LOF,0.875,0.878,0.874,0.878,31877.0,2793862.0,0.34,0.09,0.46,0.003
2017-11-10,161226,白银LOF,0.878,0.878,0.874,0.875,56432.0,4937261.0,-0.34,0.15,0.46,-0.003
2017-11-13,161226,白银LOF,0.872,0.874,0.871,0.873,26075.0,2274279.0,-0.23,0.07,0.34,-0.002
2017-11-14,161226,白银LOF,0.874,0.874,0.872,0.873,32540.0,2840572.0,0.0,0.09,0.23,0.0
2017-11-15,161226,白银LOF,0.873,0.875,0.873,0.874,27719.0,2422864.0,0.11,0.08,0.23,0.001
2017-11-16,161226,白银LOF,0.873,0.874,0.872,0.873,28413.0,2480100.0,-0.11,0.08,0.23,-0.001
2017-11-17,161226,白银LOF,0.873,0.876,0.872,0.873,15952.0,1394782.0,0.0,0.04,0.46,0.0
2017-11-20,161226,白银LOF,0.878,0.879,0.877,0.878,36738.0,3223361.0,0.57,0.1,0.23,0.005
2017-11-21,161226,白银LOF,0.873,0.874,0.872,0.873,29655.0,2587781.0,-0.57,0.08,0.23,-0.005
2017-11-22,161226,白银LOF,0.875,0.875,0.872,0.874,29027.0,2534021.0,0.11,0.08,0.34,0.001
2017-11-23,161226,白银LOF,0.875,0.875,0.873,0.874,23610.0,2063143.0,0.0,0.06,0.23,0.0
2017-11-24,161226,白银LOF,0.875,0.876,0.872,0.875,36698.0,3207950.0,0.11,0.1,0.46,0.001
2017-11-27,161226,白银LOF,0.872,0.872,0.868,0.872,32719.0,2847210.0,-0.34,0.09,0.46,-0.003
2017-11-28,161226,白银LOF,0.871,0.873,0.871,0.873,13054.0,1138056.0,0.11,0.04,0.23,0.001
2017-11-29,161226,白银LOF,0.868,0.869,0.866,0.867,38708.0,3357814.0,-0.69,0.11,0.34,-0.006
2017-11-30,161226,白银LOF,0.856,0.858,0.854,0.855,97670.0,8364352.0,-1.38,0.27,0.46,-0.012
2017-12-01,161226,白银LOF,0.851,0.852,0.848,0.85,30969.0,2632267.0,-0.58,0.08,0.47,-0.005
2017-12-04,161226,白银LOF,0.847,0.851,0.847,0.848,19879.0,1686670.0,-0.24,0.05,0.47,-0.002
2017-12-05,161226,白银LOF,0.848,0.848,0.842,0.844,19453.0,1642920.0,-0.47,0.05,0.71,-0.004
2017-12-06,161226,白银LOF,0.84,0.84,0.835,0.838,34743.0,2904739.0,-0.71,0.1,0.59,-0.006
2017-12-07,161226,白银LOF,0.835,0.836,0.831,0.832,50870.0,4242005.0,-0.72,0.14,0.6,-0.006
2017-12-08,161226,白银LOF,0.822,0.829,0.821,0.828,40088.0,3303630.0,-0.48,0.11,0.96,-0.004
2017-12-11,161226,白银LOF,0.827,0.828,0.824,0.828,20375.0,1682459.0,0.0,0.06,0.48,0.0
2017-12-12,161226,白银LOF,0.824,0.824,0.819,0.82,89137.0,7325864.0,-0.97,0.24,0.6,-0.008
2017-12-13,161226,白银LOF,0.82,0.82,0.816,0.817,44992.0,3677758.0,-0.37,0.12,0.49,-0.003
2017-12-14,161226,白银LOF,0.828,0.83,0.827,0.828,94898.0,7859119.0,1.35,0.26,0.37,0.011
2017-12-15,161226,白银LOF,0.826,0.827,0.823,0.826,25211.0,2081230.0,-0.24,0.07,0.48,-0.002
2017-12-18,161226,白银LOF,0.829,0.829,0.827,0.828,21040.0,1741743.0,0.24,0.06,0.24,0.002
2017-12-19,161226,白银LOF,0.828,0.83,0.828,0.83,58532.0,4850232.0,0.24,0.16,0.24,0.002
2017-12-20,161226,白银LOF,0.829,0.83,0.828,0.828,21963.0,1819007.0,-0.24,0.06,0.24,-0.002
2017-12-21,161226,白银LOF,0.828,0.829,0.827,0.827,46696.0,3866658.0,-0.12,0.13,0.24,-0.001
2017-12-22,161226,白银LOF,0.827,0.829,0.827,0.829,13515.0,1118771.0,0.24,0.04,0.24,0.002
2017-12-25,161226,白银LOF,0.837,0.838,0.836,0.838,31119.0,2605419.0,1.09,0.09,0.24,0.009
2017-12-26,161226,白银LOF,0.837,0.839,0.837,0.838,26284.0,2202997.0,0.0,0.07,0.24,0.0
2017-12-27,161226,白银LOF,0.841,0.842,0.838,0.84,37118.0,3116728.0,0.24,0.1,0.48,0.002
2017-12-28,161226,白银LOF,0.842,0.851,0.842,0.848,53388.0,4523061.0,0.95,0.15,1.07,0.008
2017-12-29,161226,白银LOF,0.851,0.851,0.847,0.848,28341.0,2402601.0,0.0,0.08,0.47,0.0
2018-01-02,161226,白银LOF,0.851,0.853,0.851,0.852,22285.0,1898655.0,0.47,0.06,0.24,0.004
2018-01-03,161226,白银LOF,0.856,0.857,0.853,0.853,32923.0,2816257.0,0.12,0.09,0.47,0.001
2018-01-04,161226,白银LOF,0.848,0.851,0.847,0.851,26785.0,2274582.0,-0.23,0.07,0.47,-0.002
2018-01-05,161226,白银LOF,0.853,0.854,0.852,0.852,8727.0,744264.0,0.12,0.02,0.24,0.001
2018-01-08,161226,白银LOF,0.853,0.855,0.852,0.853,12962.0,1105768.0,0.12,0.04,0.35,0.001
2018-01-09,161226,白银LOF,0.851,0.854,0.851,0.853,43114.0,3675335.0,0.0,0.12,0.35,0.0
2018-01-10,161226,白银LOF,0.85,0.851,0.847,0.847,36985.0,3135339.0,-0.7,0.1,0.47,-0.006
2018-01-11,161226,白银LOF,0.848,0.852,0.848,0.85,40293.0,3422808.0,0.35,0.11,0.47,0.003
2018-01-12,161226,白银LOF,0.849,0.853,0.848,0.852,59684.0,5078862.0,0.24,0.16,0.59,0.002
2018-01-15,161226,白银LOF,0.855,0.861,0.853,0.86,55866.0,4793308.0,0.94,0.15,0.94,0.008
2018-01-16,161226,白银LOF,0.86,0.86,0.855,0.856,34535.0,2954597.0,-0.47,0.09,0.58,-0.004
2018-01-17,161226,白银LOF,0.852,0.853,0.848,0.849,40973.0,3485530.0,-0.82,0.11,0.58,-0.007
2018-01-18,161226,白银LOF,0.846,0.846,0.843,0.845,33665.0,2840761.0,-0.47,0.09,0.35,-0.004
2018-01-19,161226,白银LOF,0.842,0.843,0.839,0.841,32927.0,2767553.0,-0.47,0.09,0.47,-0.004
2018-01-22,161226,白银LOF,0.843,0.866,0.839,0.844,29371.0,2477252.0,0.36,0.08,3.21,0.003
2018-01-23,161226,白银LOF,0.843,0.846,0.841,0.845,17770.0,1497755.0,0.12,0.05,0.59,0.001
2018-01-24,161226,白银LOF,0.844,0.844,0.84,0.842,23140.0,1947201.0,-0.36,0.06,0.47,-0.003
2018-01-25,161226,白银LOF,0.852,0.859,0.852,0.857,83874.0,7178357.0,1.78,0.23,0.83,0.015
2018-01-26,161226,白银LOF,0.853,0.853,0.847,0.852,39137.0,3324367.0,-0.58,0.11,0.7,-0.005
2018-01-29,161226,白银LOF,0.85,0.85,0.847,0.849,30707.0,2605664.0,-0.35,0.08,0.35,-0.003
2018-01-30,161226,白银LOF,0.845,0.845,0.838,0.84,19856.0,1669524.0,-1.06,0.05,0.82,-0.009
2018-01-31,161226,白银LOF,0.84,0.843,0.837,0.843,13154.0,1104808.0,0.36,0.04,0.71,0.003
2018-02-01,161226,白银LOF,0.843,0.843,0.837,0.837,28189.0,2365032.0,-0.71,0.08,0.71,-0.006
2018-02-02,161226,白银LOF,0.837,0.842,0.835,0.841,18684.0,1564122.0,0.48,0.05,0.84,0.004
2018-02-05,161226,白银LOF,0.821,0.824,0.819,0.823,38201.0,3137793.0,-2.14,0.1,0.59,-0.018
2018-02-06,161226,白银LOF,0.821,0.835,0.82,0.83,31305.0,2593141.0,0.85,0.09,1.82,0.007
2018-02-07,161226,白银LOF,0.822,0.827,0.821,0.824,17086.0,1405520.0,-0.72,0.05,0.72,-0.006
2018-02-08,161226,白银LOF,0.817,0.818,0.813,0.815,44407.0,3619113.0,-1.09,0.12,0.61,-0.009
2018-02-09,161226,白银LOF,0.816,0.817,0.806,0.814,24486.0,1987927.0,-0.12,0.07,1.35,-0.001
2018-02-12,161226,白银LOF,0.81,0.83,0.808,0.813,31868.0,2596133.0,-0.12,0.09,2.7,-0.001
2018-02-13,161226,白银LOF,0.814,0.819,0.814,0.818,32136.0,2627432.0,0.62,0.09,0.62,0.005
2018-02-14,161226,白银LOF,0.817,0.818,0.814,0.815,54881.0,4477590.0,-0.37,0.15,0.49,-0.003
2018-02-22,161226,白银LOF,0.81,0.81,0.807,0.808,47369.0,3826004.0,-0.86,0.13,0.37,-0.007
2018-02-23,161226,白银LOF,0.81,0.811,0.809,0.811,28089.0,2276562.0,0.37,0.08,0.25,0.003
2018-02-26,161226,白银LOF,0.81,0.818,0.81,0.816,55432.0,4513286.0,0.62,0.15,0.99,0.005
2018-02-27,161226,白银LOF,0.817,0.819,0.814,0.816,13468.0,1098404.0,0.0,0.04,0.61,0.0
2018-02-28,161226,白银LOF,0.81,0.81,0.806,0.809,58311.0,4709849.0,-0.86,0.16,0.49,-0.007
2018-03-01,161226,白银LOF,0.809,0.809,0.804,0.807,65732.0,5301494.0,-0.25,0.18,0.62,-0.002
2018-03-02,161226,白银LOF,0.807,0.809,0.807,0.809,28357.0,2291744.0,0.25,0.08,0.25,0.002
2018-03-05,161226,白银LOF,0.811,0.812,0.81,0.811,28247.0,2289960.0,0.25,0.08,0.25,0.002
2018-03-06,161226,白银LOF,0.811,0.811,0.807,0.809,26931.0,2175796.0,-0.25,0.07,0.49,-0.002
2018-03-07,161226,白银LOF,0.813,0.818,0.813,0.814,62959.0,5133040.0,0.62,0.17,0.62,0.005
2018-03-08,161226,白银LOF,0.81,0.814,0.809,0.812,60730.0,4925475.0,-0.25,0.17,0.61,-0.002
2018-03-09,161226,白银LOF,0.81,0.81,0.806,0.809,82216.0,6644959.0,-0.37,0.22,0.49,-0.003
2018-03-12,161226,白银LOF,0.81,0.811,0.809,0.81,39751.0,3220223.0,0.12,0.11,0.25,0.001
2018-03-13,161226,白银LOF,0.81,0.81,0.805,0.807,126976.0,10238525.0,-0.37,0.35,0.62,-0.003
2018-03-14,161226,白银LOF,0.808,0.811,0.807,0.81,41755.0,3379483.0,0.37,0.11,0.5,0.003
2018-03-15,161226,白银LOF,0.809,0.809,0.807,0.807,50281.0,4066222.0,-0.37,0.14,0.25,-0.003
2018-03-16,161226,白银LOF,0.805,0.805,0.802,0.805,36819.0,2959292.0,-0.25,0.1,0.37,-0.002
2018-03-19,161226,白银LOF,0.8,0.8,0.796,0.798,57432.0,4586232.0,-0.87,0.16,0.5,-0.007
2018-03-20,161226,白银LOF,0.797,0.8,0.797,0.799,15416.0,1232065.0,0.13,0.04,0.38,0.001
2018-03-21,161226,白银LOF,0.798,0.801,0.797,0.801,45610.0,3643930.0,0.25,0.12,0.5,0.002
2018-03-22,161226,白银LOF,0.808,0.809,0.803,0.807,111466.0,8986249.0,0.75,0.31,0.75,0.006
2018-03-23,161226,白银LOF,0.807,0.81,0.807,0.81,138688.0,11206340.0,0.37,0.38,0.37,0.003
2018-03-26,161226,白银LOF,0.809,0.81,0.807,0.808,42881.0,3467274.0,-0.25,0.12,0.37,-0.002
2018-03-27,161226,白银LOF,0.808,0.81,0.805,0.81,78606.0,6348697.0,0.25,0.22,0.62,0.002
2018-03-28,161226,白银LOF,0.805,0.805,0.801,0.802,59476.0,4771317.0,-0.99,0.16,0.49,-0.008
2018-03-29,161226,白银LOF,0.794,0.796,0.791,0.792,72187.0,5731544.0,-1.25,0.2,0.62,-0.01
2018-03-30,161226,白银LOF,0.795,0.796,0.792,0.794,18771.0,1489693.0,0.25,0.05,0.51,0.002
2018-04-02,161226,白银LOF,0.794,0.797,0.794,0.795,42016.0,3341983.0,0.13,0.11,0.38,0.001
2018-04-03,161226,白银LOF,0.799,0.801,0.799,0.8,37611.0,3008123.0,0.63,0.1,0.25,0.005
2018-04-04,161226,白银LOF,0.796,0.801,0.795,0.8,10434.0,832800.0,0.0,0.03,0.75,0.0
2018-04-09,161226,白银LOF,0.798,0.803,0.797,0.798,32798.0,2621234.0,-0.25,0.09,0.75,-0.002
2018-04-10,161226,白银LOF,0.8,0.802,0.798,0.801,14200.0,1135339.0,0.38,0.04,0.5,0.003
2018-04-11,161226,白银LOF,0.801,0.803,0.799,0.803,25832.0,2067521.0,0.25,0.07,0.5,0.002
2018-04-12,161226,白银LOF,0.806,0.806,0.803,0.804,18249.0,1467557.0,0.12,0.05,0.37,0.001
2018-04-13,161226,白银LOF,0.8,0.802,0.799,0.8,20997.0,1681399.0,-0.5,0.06,0.37,-0.004
2018-04-16,161226,白银LOF,0.804,0.807,0.801,0.802,27252.0,2191434.0,0.25,0.07,0.75,0.002
2018-04-17,161226,白银LOF,0.803,0.805,0.802,0.804,14420.0,1158366.0,0.25,0.04,0.37,0.002
2018-04-18,161226,白银LOF,0.803,0.809,0.803,0.809,30483.0,2454418.0,0.62,0.08,0.75,0.005
2018-04-19,161226,白银LOF,0.819,0.825,0.818,0.824,90607.0,7438212.0,1.85,0.25,0.87,0.015
2018-04-20,161226,白银LOF,0.823,0.823,0.822,0.823,37969.0,3122415.0,-0.12,0.1,0.12,-0.001
2018-04-23,161226,白银LOF,0.819,0.82,0.816,0.818,19627.0,1605082.0,-0.61,0.05,0.49,-0.005
2018-04-24,161226,白银LOF,0.807,0.809,0.804,0.808,35661.0,2877731.0,-1.22,0.1,0.61,-0.01
2018-04-25,161226,白银LOF,0.808,0.808,0.805,0.807,15493.0,1249816.0,-0.12,0.04,0.37,-0.001
2018-04-26,161226,白银LOF,0.806,0.807,0.8,0.803,25093.0,2016856.0,-0.5,0.07,0.87,-0.004
2018-04-27,161226,白银LOF,0.802,0.803,0.8,0.801,12916.0,1034948.0,-0.25,0.04,0.37,-0.002
2018-05-02,161226,白银LOF,0.796,0.799,0.795,0.797,34800.0,2772994.0,-0.5,0.1,0.5,-0.004
2018-05-03,161226,白银LOF,0.799,0.8,0.798,0.799,18209.0,1455094.0,0.25,0.05,0.25,0.002
2018-05-04,161226,白银LOF,0.799,0.8,0.798,0.799,17505.0,1399087.0,0.0,0.05,0.25,0.0
2018-05-07,161226,白银LOF,0.8,0.803,0.8,0.8,18611.0,1490894.0,0.13,0.05,0.38,0.001
2018-05-08,161226,白银LOF,0.801,0.803,0.8,0.802,15904.0,1274265.0,0.25,0.04,0.38,0.002
2018-05-09,161226,白银LOF,0.801,0.803,0.799,0.8,14254.0,1140444.0,-0.25,0.04,0.5,-0.002
2018-05-10,161226,白银LOF,0.801,0.803,0.801,0.801,22627.0,1815030.0,0.13,0.06,0.25,0.001
2018-05-11,161226,白银LOF,0.806,0.807,0.805,0.806,24285.0,1956147.0,0.62,0.07,0.25,0.005
2018-05-14,161226,白银LOF,0.806,0.807,0.805,0.806,28118.0,2264427.0,0.0,0.08,0.25,0.0
2018-05-15,161226,白银LOF,0.803,0.803,0.799,0.8,16469.0,1318097.0,-0.74,0.05,0.5,-0.006
2018-05-16,161226,白银LOF,0.794,0.796,0.792,0.795,17719.0,1407901.0,-0.63,0.05,0.5,-0.005
2018-05-17,161226,白银LOF,0.794,0.796,0.792,0.795,12334.0,979542.0,0.0,0.03,0.5,0.0
2018-05-18,161226,白银LOF,0.795,0.798,0.795,0.798,11390.0,907230.0,0.38,0.03,0.38,0.003
2018-05-21,161226,白银LOF,0.798,0.798,0.794,0.795,23417.0,1862512.0,-0.38,0.06,0.5,-0.003
2018-05-22,161226,白银LOF,0.796,0.797,0.795,0.797,9002.0,716689.0,0.25,0.02,0.25,0.002
2018-05-23,161226,白银LOF,0.797,0.799,0.796,0.796,15759.0,1256891.0,-0.13,0.04,0.38,-0.001
2018-05-24,161226,白银LOF,0.796,0.797,0.795,0.796,9617.0,765472.0,0.0,0.03,0.25,0.0
2018-05-25,161226,白银LOF,0.8,0.802,0.8,0.8,20916.0,1674432.0,0.5,0.06,0.25,0.004
2018-05-28,161226,白银LOF,0.799,0.799,0.796,0.796,5884.0,468460.0,-0.5,0.02,0.38,-0.004
2018-05-29,161226,白银LOF,0.797,0.798,0.796,0.796,8329.0,663431.0,0.0,0.02,0.25,0.0
2018-05-30,161226,白银LOF,0.796,0.797,0.794,0.795,22799.0,1812860.0,-0.13,0.06,0.38,-0.001
2018-05-31,161226,白银LOF,0.798,0.8,0.793,0.799,43737.0,3483831.0,0.5,0.12,0.88,0.004
2018-06-01,161226,白银LOF,0.796,0.799,0.796,0.798,12665.0,1009449.0,-0.13,0.03,0.38,-0.001
2018-06-04,161226,白银LOF,0.798,0.798,0.796,0.797,7872.0,627427.0,-0.13,0.02,0.25,-0.001
2018-06-05,161226,白银LOF,0.797,0.797,0.795,0.797,7733.0,615387.0,0.0,0.02,0.25,0.0
2018-06-06,161226,白银LOF,0.798,0.8,0.798,0.8,6460.0,516156.0,0.38,0.02,0.25,0.003
2018-06-07,161226,白银LOF,0.8,0.802,0.8,0.801,11631.0,931175.0,0.13,0.03,0.25,0.001
2018-06-08,161226,白银LOF,0.803,0.805,0.801,0.802,17501.0,1405855.0,0.12,0.05,0.5,0.001
2018-06-11,161226,白银LOF,0.804,0.815,0.804,0.812,45650.0,3712310.0,1.25,0.12,1.37,0.01
2018-06-12,161226,白银LOF,0.812,0.813,0.811,0.812,17232.0,1399048.0,0.0,0.05,0.25,0.0
2018-06-13,161226,白银LOF,0.811,0.812,0.81,0.811,17422.0,1411985.0,-0.12,0.05,0.25,-0.001
2018-06-14,161226,白银LOF,0.815,0.825,0.813,0.825,45608.0,3723923.0,1.73,0.12,1.48,0.014
2018-06-15,161226,白银LOF,0.826,0.827,0.823,0.825,51669.0,4263290.0,0.0,0.14,0.48,0.0
2018-06-19,161226,白银LOF,0.806,0.806,0.794,0.797,40352.0,3228152.0,-3.39,0.11,1.45,-0.028
2018-06-20,161226,白银LOF,0.796,0.798,0.794,0.795,13613.0,1083521.0,-0.25,0.04,0.5,-0.002
2018-06-21,161226,白银LOF,0.795,0.795,0.792,0.792,20163.0,1598750.0,-0.38,0.06,0.38,-0.003
2018-06-22,161226,白银LOF,0.795,0.8,0.795,0.8,10047.0,799940.0,1.01,0.03,0.63,0.008
2018-06-25,161226,白银LOF,0.801,0.801,0.799,0.8,16017.0,1281072.0,0.0,0.04,0.25,0.0
2018-06-26,161226,白银LOF,0.799,0.801,0.796,0.8,7954.0,635489.0,0.0,0.02,0.63,0.0
2018-06-27,161226,白银LOF,0.8,0.802,0.8,0.801,10642.0,851916.0,0.13,0.03,0.25,0.001
2018-06-28,161226,白银LOF,0.8,0.8,0.799,0.8,11291.0,902365.0,-0.12,0.03,0.12,-0.001
2018-06-29,161226,白银LOF,0.798,0.803,0.797,0.8,22758.0,1820102.0,0.0,0.06,0.75,0.0
2018-07-02,161226,白银LOF,0.803,0.804,0.799,0.799,8197.0,655701.0,-0.13,0.02,0.63,-0.001
2018-07-03,161226,白银LOF,0.796,0.8,0.796,0.8,20141.0,1607345.0,0.13,0.06,0.5,0.001
2018-07-04,161226,白银LOF,0.8,0.804,0.8,0.802,10784.0,866044.0,0.25,0.03,0.5,0.002
2018-07-05,161226,白银LOF,0.804,0.804,0.8,0.802,16283.0,1303658.0,0.0,0.04,0.5,0.0
2018-07-06,161226,白银LOF,0.8,0.802,0.799,0.802,18002.0,1439318.0,0.0,0.05,0.37,0.0
2018-07-09,161226,白银LOF,0.802,0.803,0.8,0.802,9331.0,747916.0,0.0,0.03,0.37,0.0
2018-07-10,161226,白银LOF,0.802,0.803,0.8,0.801,8028.0,643111.0,-0.12,0.02,0.37,-0.001
2018-07-11,161226,白银LOF,0.799,0.8,0.798,0.8,12221.0,976136.0,-0.12,0.03,0.25,-0.001
2018-07-12,161226,白银LOF,0.796,0.8,0.796,0.8,17652.0,1408982.0,0.0,0.05,0.5,0.0
2018-07-13,161226,白银LOF,0.801,0.801,0.799,0.8,2941.0,235178.0,0.0,0.01,0.25,0.0
2018-07-16,161226,白银LOF,0.798,0.799,0.797,0.799,6787.0,541402.0,-0.13,0.02,0.25,-0.001
2018-07-17,161226,白银LOF,0.795,0.796,0.791,0.796,9602.0,762701.0,-0.38,0.03,0.63,-0.003
2018-07-18,161226,白银LOF,0.79,0.793,0.787,0.788,31640.0,2499539.0,-1.01,0.09,0.75,-0.008
2018-07-19,161226,白银LOF,0.789,0.79,0.787,0.789,11347.0,894520.0,0.13,0.03,0.38,0.001
2018-07-20,161226,白银LOF,0.789,0.79,0.786,0.789,14533.0,1144237.0,0.0,0.04,0.51,0.0
2018-07-23,161226,白银LOF,0.792,0.796,0.792,0.794,14379.0,1142394.0,0.63,0.04,0.51,0.005
2018-07-24,161226,白银LOF,0.792,0.793,0.789,0.793,9289.0,735391.0,-0.13,0.03,0.5,-0.001
2018-07-25,161226,白银LOF,0.792,0.796,0.792,0.796,11132.0,884974.0,0.38,0.03,0.5,0.003
2018-07-26,161226,白银LOF,0.798,0.798,0.795,0.795,7656.0,609907.0,-0.13,0.02,0.38,-0.001
2018-07-27,161226,白银LOF,0.795,0.795,0.792,0.794,8577.0,679686.0,-0.13,0.02,0.38,-0.001
2018-07-30,161226,白银LOF,0.794,0.794,0.791,0.791,6562.0,519992.0,-0.38,0.02,0.38,-0.003
2018-07-31,161226,白银LOF,0.791,0.795,0.791,0.793,19993.0,1584677.0,0.25,0.05,0.51,0.002
2018-08-01,161226,白银LOF,0.793,0.794,0.792,0.792,3494.0,277059.0,-0.13,0.01,0.25,-0.001
2018-08-02,161226,白银LOF,0.791,0.791,0.789,0.79,9634.0,760674.0,-0.25,0.03,0.25,-0.002
2018-08-03,161226,白银LOF,0.788,0.791,0.788,0.79,8983.0,709445.0,0.0,0.02,0.38,0.0
2018-08-06,161226,白银LOF,0.791,0.792,0.788,0.789,23840.0,1882510.0,-0.13,0.07,0.51,-0.001
2018-08-07,161226,白银LOF,0.79,0.791,0.788,0.791,5126.0,404615.0,0.25,0.01,0.38,0.002
2018-08-08,161226,白银LOF,0.79,0.791,0.789,0.79,3952.0,312243.0,-0.13,0.01,0.25,-0.001
2018-08-09,161226,白银LOF,0.789,0.793,0.789,0.792,15670.0,1239253.0,0.25,0.04,0.51,0.002
2018-08-10,161226,白银LOF,0.791,0.791,0.788,0.791,9678.0,764139.0,-0.13,0.03,0.38,-0.001
2018-08-13,161226,白银LOF,0.789,0.79,0.787,0.79,5954.0,469381.0,-0.13,0.02,0.38,-0.001
2018-08-14,161226,白银LOF,0.783,0.786,0.783,0.786,10829.0,849712.0,-0.51,0.03,0.38,-0.004
2018-08-15,161226,白银LOF,0.784,0.784,0.779,0.779,19252.0,1502089.0,-0.89,0.05,0.64,-0.007
2018-08-16,161226,白银LOF,0.764,0.767,0.757,0.764,20626.0,1569262.0,-1.93,0.06,1.28,-0.015
2018-08-17,161226,白银LOF,0.761,0.765,0.759,0.761,8047.0,612220.0,-0.39,0.02,0.79,-0.003
2018-08-20,161226,白银LOF,0.761,0.762,0.758,0.762,9884.0,750912.0,0.13,0.03,0.53,0.001
2018-08-21,161226,白银LOF,0.762,0.765,0.761,0.765,4515.0,344503.0,0.39,0.01,0.52,0.003
2018-08-22,161226,白银LOF,0.765,0.765,0.755,0.759,14593.0,1105691.0,-0.78,0.04,1.31,-0.006
2018-08-23,161226,白银LOF,0.759,0.759,0.756,0.758,5393.0,408576.0,-0.13,0.01,0.4,-0.001
2018-08-24,161226,白银LOF,0.756,0.76,0.755,0.758,4159.0,315201.0,0.0,0.01,0.66,0.0
2018-08-27,161226,白银LOF,0.761,0.762,0.759,0.759,12528.0,952728.0,0.13,0.03,0.4,0.001
2018-08-28,161226,白银LOF,0.761,0.761,0.759,0.761,9357.0,711461.0,0.26,0.03,0.26,0.002
2018-08-29,161226,白银LOF,0.758,0.76,0.757,0.759,8973.0,680253.0,-0.26,0.02,0.39,-0.002
2018-08-30,161226,白银LOF,0.758,0.759,0.754,0.756,12704.0,960390.0,-0.4,0.03,0.66,-0.003
2018-08-31,161226,白银LOF,0.754,0.755,0.752,0.754,6138.0,462417.0,-0.26,0.02,0.4,-0.002
2018-09-03,161226,白银LOF,0.754,0.754,0.748,0.75,15654.0,1173439.0,-0.53,0.04,0.8,-0.004
2018-09-04,161226,白银LOF,0.749,0.749,0.741,0.743,37713.0,2801429.0,-0.93,0.1,1.07,-0.007
2018-09-05,161226,白银LOF,0.736,0.736,0.731,0.733,25611.0,1878912.0,-1.35,0.07,0.67,-0.01
2018-09-06,161226,白银LOF,0.733,0.733,0.725,0.728,46376.0,3373463.0,-0.68,0.13,1.09,-0.005
2018-09-07,161226,白银LOF,0.729,0.73,0.726,0.729,15130.0,1100883.0,0.14,0.04,0.55,0.001
2018-09-10,161226,白银LOF,0.729,0.729,0.724,0.724,20011.0,1451259.0,-0.69,0.05,0.69,-0.005
2018-09-11,161226,白银LOF,0.724,0.728,0.723,0.727,8582.0,622687.0,0.41,0.02,0.69,0.003
2018-09-12,161226,白银LOF,0.726,0.726,0.723,0.726,10645.0,771325.0,-0.14,0.03,0.41,-0.001
2018-09-13,161226,白银LOF,0.727,0.735,0.726,0.73,7321.0,533329.0,0.55,0.02,1.24,0.004
2018-09-14,161226,白银LOF,0.727,0.731,0.727,0.73,13622.0,993676.0,0.0,0.04,0.55,0.0
2018-09-17,161226,白银LOF,0.729,0.729,0.724,0.726,6161.0,446877.0,-0.55,0.02,0.68,-0.004
2018-09-18,161226,白银LOF,0.726,0.73,0.726,0.73,4141.0,301599.0,0.55,0.01,0.55,0.004
2018-09-19,161226,白银LOF,0.73,0.731,0.727,0.73,11850.0,863406.0,0.0,0.03,0.55,0.0
2018-09-20,161226,白银LOF,0.731,0.736,0.731,0.736,17883.0,1312145.0,0.82,0.05,0.68,0.006
2018-09-21,161226,白银LOF,0.741,0.745,0.741,0.744,38844.0,2886605.0,1.09,0.11,0.54,0.008
2018-09-25,161226,白银LOF,0.744,0.744,0.737,0.739,11295.0,835444.0,-0.67,0.03,0.94,-0.005
2018-09-26,161226,白银LOF,0.742,0.748,0.742,0.748,16635.0,1241864.0,1.22,0.05,0.81,0.009
2018-09-27,161226,白银LOF,0.749,0.749,0.744,0.745,10935.0,816497.0,-0.4,0.03,0.67,-0.003
2018-09-28,161226,白银LOF,0.738,0.743,0.738,0.741,20657.0,1530255.0,-0.54,0.06,0.67,-0.004
2018-10-08,161226,白银LOF,0.748,0.75,0.746,0.749,26731.0,2000095.0,1.08,0.07,0.54,0.008
2018-10-09,161226,白银LOF,0.748,0.751,0.747,0.75,38910.0,2911179.0,0.13,0.11,0.53,0.001
2018-10-10,161226,白银LOF,0.751,0.751,0.748,0.748,2675.0,200380.0,-0.27,0.01,0.4,-0.002
2018-10-11,161226,白银LOF,0.75,0.751,0.746,0.747,14663.0,1096164.0,-0.13,0.04,0.67,-0.001
2018-10-12,161226,白银LOF,0.754,0.756,0.753,0.755,17385.0,1311721.0,1.07,0.05,0.4,0.008
2018-10-15,161226,白银LOF,0.759,0.763,0.758,0.762,17404.0,1322789.0,0.93,0.05,0.66,0.007
2018-10-16,161226,白银LOF,0.763,0.763,0.755,0.76,21829.0,1659554.0,-0.26,0.06,1.05,-0.002
2018-10-17,161226,白银LOF,0.757,0.76,0.7,0.759,8331.0,625826.0,-0.13,0.02,7.89,-0.001
2018-10-18,161226,白银LOF,0.757,0.76,0.754,0.755,6669.0,505230.0,-0.53,0.02,0.79,-0.004
2018-10-19,161226,白银LOF,0.756,0.76,0.756,0.759,11236.0,851223.0,0.53,0.03,0.53,0.004
2018-10-22,161226,白银LOF,0.759,0.761,0.75,0.76,39749.0,3005436.0,0.13,0.11,1.45,0.001
2018-10-23,161226,白银LOF,0.755,0.761,0.754,0.76,27242.0,2065154.0,0.0,0.07,0.92,0.0
2018-10-24,161226,白银LOF,0.766,0.77,0.766,0.769,15849.0,1217255.0,1.18,0.04,0.53,0.009
2018-10-25,161226,白银LOF,0.77,0.771,0.767,0.771,17285.0,1330331.0,0.26,0.05,0.52,0.002
2018-10-26,161226,白银LOF,0.764,0.769,0.763,0.767,13682.0,1049431.0,-0.52,0.04,0.78,-0.004
2018-10-29,161226,白银LOF,0.769,0.769,0.766,0.766,14616.0,1120672.0,-0.13,0.04,0.39,-0.001
2018-10-30,161226,白银LOF,0.76,0.76,0.755,0.758,6817.0,516090.0,-1.04,0.02,0.65,-0.008
2018-10-31,161226,白银LOF,0.753,0.758,0.753,0.757,7711.0,581860.0,-0.13,0.02,0.66,-0.001
2018-11-01,161226,白银LOF,0.751,0.755,0.75,0.755,11191.0,841766.0,-0.26,0.03,0.66,-0.002
2018-11-02,161226,白银LOF,0.763,0.765,0.761,0.761,12483.0,951963.0,0.79,0.03,0.53,0.006
2018-11-05,161226,白银LOF,0.763,0.764,0.76,0.761,4529.0,344573.0,0.0,0.01,0.53,0.0
2018-11-06,161226,白银LOF,0.761,0.763,0.759,0.762,2386.0,181441.0,0.13,0.01,0.53,0.001
2018-11-07,161226,白银LOF,0.76,0.762,0.758,0.762,7484.0,569187.0,0.0,0.02,0.52,0.0
2018-11-08,161226,白银LOF,0.759,0.759,0.756,0.758,3546.0,268549.0,-0.52,0.01,0.39,-0.004
2018-11-09,161226,白银LOF,0.756,0.756,0.752,0.756,2633.0,198544.0,-0.26,0.01,0.53,-0.002
2018-11-12,161226,白银LOF,0.753,0.753,0.744,0.746,18104.0,1350773.0,-1.32,0.05,1.19,-0.01
2018-11-13,161226,白银LOF,0.745,0.745,0.741,0.745,14327.0,1063163.0,-0.13,0.04,0.54,-0.001
2018-11-14,161226,白银LOF,0.744,0.744,0.741,0.742,16410.0,1218479.0,-0.4,0.04,0.4,-0.003
2018-11-15,161226,白银LOF,0.744,0.744,0.739,0.744,15575.0,1155651.0,0.27,0.04,0.67,0.002
2018-11-16,161226,白银LOF,0.745,0.749,0.745,0.748,17328.0,1294874.0,0.54,0.05,0.54,0.004
2018-11-19,161226,白银LOF,0.749,0.751,0.747,0.749,18099.0,1355154.0,0.13,0.05,0.53,0.001
2018-11-20,161226,白银LOF,0.749,0.75,0.747,0.75,7649.0,572591.0,0.13,0.02,0.4,0.001
2018-11-21,161226,白银LOF,0.748,0.749,0.746,0.749,6491.0,484877.0,-0.13,0.02,0.4,-0.001
2018-11-22,161226,白银LOF,0.751,0.752,0.75,0.75,5442.0,408749.0,0.13,0.01,0.27,0.001
2018-11-23,161226,白银LOF,0.751,0.752,0.75,0.75,16426.0,1234071.0,0.0,0.04,0.27,0.0
2018-11-26,161226,白银LOF,0.745,0.747,0.745,0.745,6236.0,464919.0,-0.67,0.02,0.27,-0.005
2018-11-27,161226,白银LOF,0.743,0.744,0.743,0.743,5775.0,429312.0,-0.27,0.02,0.13,-0.002
2018-11-28,161226,白银LOF,0.743,0.743,0.741,0.743,6687.0,495959.0,0.0,0.02,0.27,0.0
2018-11-29,161226,白银LOF,0.746,0.75,0.745,0.748,13409.0,1003259.0,0.67,0.04,0.67,0.005
2018-11-30,161226,白银LOF,0.747,0.749,0.746,0.747,3725.0,278454.0,-0.13,0.01,0.4,-0.001
2018-12-03,161226,白银LOF,0.747,0.749,0.745,0.747,6626.0,494970.0,0.0,0.02,0.54,0.0
2018-12-04,161226,白银LOF,0.749,0.751,0.749,0.751,6765.0,507492.0,0.54,0.02,0.27,0.004
2018-12-05,161226,白银LOF,0.75,0.751,0.749,0.75,5003.0,375152.0,-0.13,0.01,0.27,-0.001
2018-12-06,161226,白银LOF,0.751,0.752,0.749,0.749,14017.0,1052523.0,-0.13,0.04,0.4,-0.001
2018-12-07,161226,白银LOF,0.751,0.751,0.749,0.749,3165.0,237443.0,0.0,0.01,0.27,0.0
2018-12-10,161226,白银LOF,0.755,0.759,0.755,0.759,13339.0,1010611.0,1.34,0.04,0.53,0.01
2018-12-11,161226,白银LOF,0.757,0.758,0.755,0.758,11397.0,861523.0,-0.13,0.03,0.4,-0.001
2018-12-12,161226,白银LOF,0.757,0.757,0.756,0.757,3584.0,271061.0,-0.13,0.01,0.13,-0.001
2018-12-13,161226,白银LOF,0.758,0.762,0.758,0.759,8130.0,617181.0,0.26,0.02,0.53,0.002
2018-12-14,161226,白银LOF,0.758,0.759,0.755,0.755,3236.0,245101.0,-0.53,0.01,0.53,-0.004
2018-12-17,161226,白银LOF,0.755,0.755,0.753,0.755,2352.0,177206.0,0.0,0.01,0.26,0.0
2018-12-18,161226,白银LOF,0.76,0.76,0.756,0.756,3144.0,238436.0,0.13,0.01,0.53,0.001
2018-12-19,161226,白银LOF,0.756,0.76,0.756,0.76,6676.0,505836.0,0.53,0.02,0.53,0.004
2018-12-20,161226,白银LOF,0.756,0.759,0.756,0.757,5779.0,437419.0,-0.39,0.02,0.39,-0.003
2018-12-21,161226,白银LOF,0.764,0.764,0.759,0.76,9409.0,715085.0,0.4,0.03,0.66,0.003
2018-12-24,161226,白银LOF,0.759,0.762,0.759,0.762,10466.0,796517.0,0.26,0.03,0.39,0.002
2018-12-25,161226,白银LOF,0.763,0.763,0.76,0.762,16963.0,1291345.0,0.0,0.05,0.39,0.0
2018-12-26,161226,白银LOF,0.766,0.77,0.766,0.768,28793.0,2212709.0,0.79,0.08,0.52,0.006
2018-12-27,161226,白银LOF,0.774,0.774,0.768,0.77,21993.0,1698763.0,0.26,0.06,0.78,0.002
2018-12-28,161226,白银LOF,0.776,0.786,0.776,0.786,37093.0,2893475.0,2.08,0.1,1.3,0.016
2019-01-02,161226,白银LOF,0.785,0.79,0.782,0.789,55465.0,4362745.0,0.38,0.15,1.02,0.003
2019-01-03,161226,白银LOF,0.789,0.799,0.789,0.799,45225.0,3597822.0,1.27,0.12,1.27,0.01
2019-01-04,161226,白银LOF,0.805,0.809,0.795,0.797,90823.0,7278925.0,-0.25,0.25,1.75,-0.002
2019-01-07,161226,白银LOF,0.797,0.801,0.795,0.799,69409.0,5533340.0,0.25,0.19,0.75,0.002
2019-01-08,161226,白银LOF,0.798,0.798,0.789,0.792,28921.0,2290497.0,-0.88,0.08,1.13,-0.007
2019-01-09,161226,白银LOF,0.791,0.795,0.79,0.792,18388.0,1456145.0,0.0,0.05,0.63,0.0
2019-01-10,161226,白银LOF,0.792,0.796,0.792,0.793,13884.0,1102843.0,0.13,0.04,0.51,0.001
2019-01-11,161226,白银LOF,0.789,0.791,0.788,0.791,35006.0,2761671.0,-0.25,0.1,0.38,-0.002
2019-01-14,161226,白银LOF,0.789,0.79,0.785,0.785,13160.0,1035830.0,-0.76,0.04,0.63,-0.006
2019-01-15,161226,白银LOF,0.788,0.789,0.786,0.786,8788.0,691685.0,0.13,0.02,0.38,0.001
2019-01-16,161226,白银LOF,0.786,0.788,0.785,0.787,11972.0,940423.0,0.13,0.03,0.38,0.001
2019-01-17,161226,白银LOF,0.787,0.787,0.784,0.787,13563.0,1065516.0,0.0,0.04,0.38,0.0
2019-01-18,161226,白银LOF,0.784,0.789,0.784,0.789,7965.0,626801.0,0.25,0.02,0.64,0.002
2019-01-21,161226,白银LOF,0.78,0.78,0.776,0.779,11682.0,908550.0,-1.27,0.03,0.51,-0.01
2019-01-22,161226,白银LOF,0.776,0.776,0.772,0.774,13152.0,1016878.0,-0.64,0.04,0.51,-0.005
2019-01-23,161226,白银LOF,0.775,0.778,0.775,0.777,7308.0,567926.0,0.39,0.02,0.39,0.003
2019-01-24,161226,白银LOF,0.777,0.779,0.775,0.777,3528.0,273927.0,0.0,0.01,0.51,0.0
2019-01-25,161226,白银LOF,0.776,0.78,0.775,0.779,7169.0,556550.0,0.26,0.02,0.64,0.002
2019-01-28,161226,白银LOF,0.787,0.796,0.787,0.795,20257.0,1606462.0,2.05,0.06,1.16,0.016
2019-01-29,161226,白银LOF,0.796,0.799,0.79,0.795,20007.0,1587263.0,0.0,0.05,1.13,0.0
2019-01-30,161226,白银LOF,0.795,0.799,0.793,0.799,18979.0,1510138.0,0.5,0.05,0.75,0.004
2019-01-31,161226,白银LOF,0.799,0.799,0.792,0.792,16031.0,1275035.0,-0.88,0.04,0.88,-0.007
2019-02-01,161226,白银LOF,0.794,0.796,0.792,0.796,41913.0,3322513.0,0.51,0.11,0.51,0.004
2019-02-11,161226,白银LOF,0.79,0.796,0.79,0.793,31933.0,2531264.0,-0.38,0.09,0.75,-0.003
2019-02-12,161226,白银LOF,0.792,0.794,0.791,0.793,9867.0,782303.0,0.0,0.03,0.38,0.0
2019-02-13,161226,白银LOF,0.791,0.792,0.79,0.792,17877.0,1414547.0,-0.13,0.05,0.25,-0.001
2019-02-14,161226,白银LOF,0.788,0.788,0.785,0.787,25041.0,1969655.0,-0.63,0.07,0.38,-0.005
2019-02-15,161226,白银LOF,0.787,0.792,0.785,0.792,13729.0,1080449.0,0.64,0.04,0.89,0.005
2019-02-18,161226,白银LOF,0.795,0.801,0.792,0.797,35159.0,2797147.0,0.63,0.1,1.14,0.005
2019-02-19,161226,白银LOF,0.798,0.802,0.796,0.799,23814.0,1901442.0,0.25,0.07,0.75,0.002
2019-02-20,161226,白银LOF,0.805,0.806,0.799,0.799,52775.0,4236119.0,0.0,0.14,0.88,0.0
2019-02-21,161226,白银LOF,0.799,0.799,0.795,0.797,20596.0,1641014.0,-0.25,0.06,0.5,-0.002
2019-02-22,161226,白银LOF,0.79,0.793,0.789,0.79,25486.0,2016237.0,-0.88,0.07,0.5,-0.007
2019-02-25,161226,白银LOF,0.791,0.795,0.79,0.793,60702.0,4806086.0,0.38,0.17,0.63,0.003
2019-02-26,161226,白银LOF,0.792,0.792,0.789,0.79,28497.0,2251928.0,-0.38,0.08,0.38,-0.003
2019-02-27,161226,白银LOF,0.79,0.792,0.788,0.789,13900.0,1097882.0,-0.13,0.04,0.51,-0.001
2019-02-28,161226,白银LOF,0.785,0.786,0.781,0.783,20444.0,1600615.0,-0.76,0.06,0.63,-0.006
2019-03-01,161226,白银LOF,0.78,0.782,0.776,0.778,30128.0,2347174.0,-0.64,0.08,0.77,-0.005
2019-03-04,161226,白银LOF,0.77,0.77,0.762,0.765,93670.0,7169389.0,-1.67,0.26,1.03,-0.013
2019-03-05,161226,白银LOF,0.763,0.769,0.761,0.768,43765.0,3351270.0,0.39,0.12,1.05,0.003
2019-03-06,161226,白银LOF,0.767,0.78,0.763,0.778,67877.0,5214326.0,1.3,0.19,2.21,0.01
2019-03-07,161226,白银LOF,0.773,0.775,0.77,0.771,45361.0,3504043.0,-0.9,0.12,0.64,-0.007
2019-03-08,161226,白银LOF,0.77,0.77,0.759,0.765,173674.0,13218427.0,-0.78,0.48,1.43,-0.006
2019-03-11,161226,白银LOF,0.766,0.769,0.763,0.767,44009.0,3368263.0,0.26,0.12,0.78,0.002
2019-03-12,161226,白银LOF,0.765,0.769,0.764,0.768,62759.0,4812730.0,0.13,0.17,0.65,0.001
2019-03-13,161226,白银LOF,0.772,0.772,0.767,0.769,71820.0,5520703.0,0.13,0.2,0.65,0.001
2019-03-14,161226,白银LOF,0.765,0.765,0.762,0.763,51286.0,3917959.0,-0.78,0.14,0.39,-0.006
2019-03-15,161226,白银LOF,0.758,0.768,0.755,0.768,71274.0,5417665.0,0.66,0.2,1.7,0.005
2019-03-18,161226,白银LOF,0.762,0.762,0.759,0.762,61312.0,4662595.0,-0.78,0.17,0.39,-0.006
2019-03-19,161226,白银LOF,0.763,0.766,0.762,0.764,41305.0,3156508.0,0.26,0.11,0.52,0.002
2019-03-20,161226,白银LOF,0.764,0.764,0.761,0.763,21660.0,1650426.0,-0.13,0.06,0.39,-0.001
2019-03-21,161226,白银LOF,0.766,0.772,0.766,0.77,64826.0,4990062.0,0.92,0.18,0.79,0.007
2019-03-22,161226,白银LOF,0.769,0.771,0.768,0.77,40475.0,3114420.0,0.0,0.11,0.39,0.0
2019-03-25,161226,白银LOF,0.77,0.772,0.769,0.77,45498.0,3504567.0,0.0,0.12,0.39,0.0
2019-03-26,161226,白银LOF,0.771,0.772,0.769,0.769,46026.0,3547049.0,-0.13,0.13,0.39,-0.001
2019-03-27,161226,白银LOF,0.768,0.769,0.766,0.766,39013.0,2992610.0,-0.39,0.11,0.39,-0.003
2019-03-28,161226,白银LOF,0.762,0.763,0.759,0.762,165309.0,12592218.0,-0.52,0.45,0.52,-0.004
2019-03-29,161226,白银LOF,0.754,0.755,0.749,0.751,95636.0,7201374.0,-1.44,0.26,0.79,-0.011
2019-04-01,161226,白银LOF,0.752,0.755,0.751,0.754,56374.0,4246826.0,0.4,0.15,0.53,0.003
2019-04-02,161226,白银LOF,0.754,0.758,0.752,0.757,59182.0,4467321.0,0.4,0.16,0.8,0.003
2019-04-03,161226,白银LOF,0.758,0.768,0.757,0.763,88491.0,6749703.0,0.79,0.24,1.45,0.006
2019-04-04,161226,白银LOF,0.762,0.77,0.76,0.77,95587.0,7327506.0,0.92,0.26,1.31,0.007
2019-04-08,161226,白银LOF,0.767,0.77,0.764,0.767,67517.0,5176556.0,-0.39,0.18,0.78,-0.003
2019-04-09,161226,白银LOF,0.769,0.77,0.763,0.764,67921.0,5201569.0,-0.39,0.19,0.91,-0.003
2019-04-10,161226,白银LOF,0.763,0.766,0.761,0.766,49997.0,3815808.0,0.26,0.14,0.65,0.002
2019-04-11,161226,白银LOF,0.765,0.765,0.763,0.764,24801.0,1894616.0,-0.26,0.07,0.26,-0.002
2019-04-12,161226,白银LOF,0.756,0.76,0.755,0.758,35036.0,2652803.0,-0.79,0.1,0.65,-0.006
2019-04-15,161226,白银LOF,0.755,0.76,0.755,0.759,23624.0,1789899.0,0.13,0.06,0.66,0.001
2019-04-16,161226,白银LOF,0.758,0.76,0.756,0.76,14359.0,1088686.0,0.13,0.04,0.53,0.001
2019-04-17,161226,白银LOF,0.76,0.762,0.757,0.761,18407.0,1397214.0,0.13,0.05,0.66,0.001
2019-04-18,161226,白银LOF,0.757,0.757,0.751,0.751,94299.0,7095262.0,-1.31,0.26,0.79,-0.01
2019-04-19,161226,白银LOF,0.753,0.754,0.751,0.753,43594.0,3278127.0,0.27,0.12,0.4,0.002
2019-04-22,161226,白银LOF,0.754,0.757,0.752,0.755,58390.0,4406893.0,0.27,0.16,0.66,0.002
2019-04-23,161226,白银LOF,0.755,0.755,0.75,0.751,35380.0,2660534.0,-0.53,0.1,0.66,-0.004
2019-04-24,161226,白银LOF,0.747,0.748,0.746,0.747,34552.0,2580284.0,-0.53,0.09,0.27,-0.004
2019-04-25,161226,白银LOF,0.749,0.752,0.748,0.752,29623.0,2221494.0,0.67,0.08,0.54,0.005
2019-04-26,161226,白银LOF,0.752,0.754,0.75,0.754,38677.0,2907699.0,0.27,0.11,0.53,0.002
2019-04-29,161226,白银LOF,0.753,0.755,0.75,0.75,33187.0,2497421.0,-0.53,0.09,0.66,-0.004
2019-04-30,161226,白银LOF,0.749,0.754,0.749,0.753,29675.0,2230733.0,0.4,0.08,0.67,0.003
2019-05-06,161226,白银LOF,0.753,0.754,0.749,0.749,53750.0,4033834.0,-0.53,0.15,0.66,-0.004
2019-05-07,161226,白银LOF,0.75,0.752,0.749,0.752,17443.0,1308766.0,0.4,0.05,0.4,0.003
2019-05-08,161226,白银LOF,0.752,0.755,0.752,0.755,39399.0,2969929.0,0.4,0.11,0.4,0.003
2019-05-09,161226,白银LOF,0.752,0.752,0.748,0.752,36516.0,2739062.0,-0.4,0.1,0.53,-0.003
2019-05-10,161226,白银LOF,0.752,0.752,0.75,0.752,57088.0,4288175.0,0.0,0.16,0.27,0.0
2019-05-13,161226,白银LOF,0.752,0.752,0.749,0.75,34901.0,2618893.0,-0.27,0.1,0.4,-0.002
2019-05-14,161226,白银LOF,0.755,0.758,0.755,0.756,72666.0,5497639.0,0.8,0.2,0.4,0.006
2019-05-15,161226,白银LOF,0.756,0.758,0.755,0.755,26603.0,2012439.0,-0.13,0.07,0.4,-0.001
2019-05-16,161226,白银LOF,0.756,0.757,0.755,0.757,32477.0,2454991.0,0.26,0.09,0.26,0.002
2019-05-17,161226,白银LOF,0.75,0.753,0.749,0.753,36173.0,2714171.0,-0.53,0.1,0.53,-0.004
2019-05-20,161226,白银LOF,0.75,0.751,0.747,0.748,27234.0,2037553.0,-0.66,0.07,0.53,-0.005
2019-05-21,161226,白银LOF,0.748,0.749,0.746,0.748,26446.0,1975547.0,0.0,0.07,0.4,0.0
2019-05-22,161226,白银LOF,0.748,0.749,0.748,0.749,11476.0,858960.0,0.13,0.03,0.13,0.001
2019-05-23,161226,白银LOF,0.748,0.749,0.746,0.747,19228.0,1436859.0,-0.27,0.05,0.4,-0.002
2019-05-24,161226,白银LOF,0.75,0.751,0.748,0.749,31471.0,2356283.0,0.27,0.09,0.4,0.002
2019-05-27,161226,白银LOF,0.748,0.75,0.748,0.749,27122.0,2031815.0,0.0,0.07,0.27,0.0
2019-05-28,161226,白银LOF,0.748,0.749,0.746,0.747,17302.0,1292645.0,-0.27,0.05,0.4,-0.002
2019-05-29,161226,白银LOF,0.745,0.745,0.741,0.745,35985.0,2674608.0,-0.27,0.1,0.54,-0.002
2019-05-30,161226,白银LOF,0.744,0.744,0.741,0.742,26555.0,1971203.0,-0.4,0.07,0.4,-0.003
2019-05-31,161226,白银LOF,0.746,0.746,0.744,0.746,28458.0,2121976.0,0.54,0.08,0.27,0.004
2019-06-03,161226,白银LOF,0.75,0.752,0.749,0.749,51798.0,3888406.0,0.4,0.14,0.4,0.003
2019-06-04,161226,白银LOF,0.753,0.755,0.752,0.753,70585.0,5317657.0,0.53,0.19,0.4,0.004
2019-06-05,161226,白银LOF,0.755,0.758,0.753,0.757,51416.0,3881778.0,0.53,0.14,0.66,0.004
2019-06-06,161226,白银LOF,0.756,0.76,0.755,0.759,53141.0,4023352.0,0.26,0.15,0.66,0.002
2019-06-10,161226,白银LOF,0.758,0.758,0.755,0.756,60626.0,4589266.0,-0.4,0.17,0.4,-0.003
2019-06-11,161226,白银LOF,0.754,0.754,0.751,0.752,61897.0,4657944.0,-0.53,0.17,0.4,-0.004
2019-06-12,161226,白银LOF,0.752,0.76,0.752,0.759,73572.0,5570683.0,0.93,0.2,1.06,0.007
2019-06-13,161226,白银LOF,0.757,0.758,0.754,0.758,24177.0,1827564.0,-0.13,0.07,0.53,-0.001
2019-06-14,161226,白银LOF,0.76,0.767,0.76,0.767,74221.0,5666584.0,1.19,0.2,0.92,0.009
2019-06-17,161226,白银LOF,0.761,0.761,0.757,0.759,80659.0,6126319.0,-1.04,0.22,0.52,-0.008
2019-06-18,161226,白银LOF,0.757,0.762,0.757,0.762,29575.0,2245060.0,0.4,0.08,0.66,0.003
2019-06-19,161226,白银LOF,0.761,0.762,0.759,0.76,22812.0,1733744.0,-0.26,0.06,0.39,-0.002
2019-06-20,161226,白银LOF,0.769,0.775,0.769,0.772,117153.0,9029791.0,1.58,0.32,0.79,0.012
2019-06-21,161226,白银LOF,0.778,0.78,0.772,0.773,76238.0,5926768.0,0.13,0.21,1.04,0.001
2019-06-24,161226,白银LOF,0.777,0.779,0.775,0.776,54448.0,4230621.0,0.39,0.15,0.52,0.003
2019-06-25,161226,白银LOF,0.781,0.785,0.777,0.781,109524.0,8563404.0,0.64,0.3,1.03,0.005
2019-06-26,161226,白银LOF,0.777,0.777,0.772,0.773,57968.0,4491184.0,-1.02,0.16,0.64,-0.008
2019-06-27,161226,白银LOF,0.773,0.775,0.77,0.77,33457.0,2584706.0,-0.39,0.09,0.65,-0.003
2019-06-28,161226,白银LOF,0.774,0.776,0.771,0.772,53328.0,4128400.0,0.26,0.15,0.65,0.002
2019-07-01,161226,白银LOF,0.769,0.77,0.763,0.765,80666.0,6175112.0,-0.91,0.22,0.91,-0.007
2019-07-02,161226,白银LOF,0.765,0.768,0.765,0.768,26689.0,2045634.0,0.39,0.07,0.39,0.003
2019-07-03,161226,白银LOF,0.777,0.78,0.775,0.778,107995.0,8392085.0,1.3,0.3,0.65,0.01
2019-07-04,161226,白银LOF,0.777,0.777,0.771,0.772,66957.0,5181521.0,-0.77,0.18,0.77,-0.006
2019-07-05,161226,白银LOF,0.773,0.774,0.771,0.773,22984.0,1777757.0,0.13,0.06,0.39,0.001
2019-07-08,161226,白银LOF,0.766,0.767,0.763,0.765,57427.0,4393974.0,-1.03,0.16,0.52,-0.008
2019-07-09,161226,白银LOF,0.763,0.766,0.762,0.765,41373.0,3158152.0,0.0,0.11,0.52,0.0
2019-07-10,161226,白银LOF,0.765,0.766,0.763,0.766,13359.0,1022178.0,0.13,0.04,0.39,0.001
2019-07-11,161226,白银LOF,0.772,0.775,0.771,0.771,75669.0,5848828.0,0.65,0.21,0.52,0.005
2019-07-12,161226,白银LOF,0.771,0.771,0.765,0.766,30835.0,2364065.0,-0.65,0.08,0.78,-0.005
2019-07-15,161226,白银LOF,0.766,0.773,0.766,0.772,25339.0,1948539.0,0.78,0.07,0.91,0.006
2019-07-16,161226,白银LOF,0.774,0.778,0.773,0.777,46845.0,3633577.0,0.65,0.13,0.65,0.005
2019-07-17,161226,白银LOF,0.788,0.791,0.786,0.787,81433.0,6418889.0,1.29,0.22,0.64,0.01
2019-07-18,161226,白银LOF,0.807,0.812,0.807,0.809,208863.0,16913914.0,2.8,0.57,0.64,0.022
2019-07-19,161226,白银LOF,0.824,0.828,0.822,0.823,578841.0,47696713.0,1.73,1.58,0.74,0.014
2019-07-22,161226,白银LOF,0.816,0.826,0.81,0.824,248912.0,20409718.0,0.12,0.68,1.94,0.001
2019-07-23,161226,白银LOF,0.814,0.822,0.812,0.82,175416.0,14316588.0,-0.49,0.48,1.21,-0.004
2019-07-24,161226,白银LOF,0.825,0.833,0.823,0.829,184677.0,15261285.0,1.1,0.51,1.22,0.009
2019-07-25,161226,白银LOF,0.829,0.83,0.823,0.829,177943.0,14721809.0,0.0,0.49,0.84,0.0
2019-07-26,161226,白银LOF,0.826,0.826,0.819,0.824,106611.0,8760387.0,-0.6,0.29,0.84,-0.005
2019-07-29,161226,白银LOF,0.827,0.827,0.822,0.825,73783.0,6082023.0,0.12,0.2,0.61,0.001
2019-07-30,161226,白银LOF,0.824,0.828,0.823,0.828,162214.0,13402334.0,0.36,0.44,0.61,0.003
2019-07-31,161226,白银LOF,0.828,0.83,0.826,0.829,80789.0,6688077.0,0.12,0.22,0.48,0.001
2019-08-01,161226,白银LOF,0.816,0.819,0.803,0.808,115515.0,9404647.0,-2.53,0.32,1.93,-0.021
2019-08-02,161226,白银LOF,0.821,0.821,0.816,0.817,133677.0,10928677.0,1.11,0.37,0.62,0.009
2019-08-05,161226,白银LOF,0.821,0.848,0.821,0.847,255078.0,21332937.0,3.67,0.7,3.3,0.03
2019-08-06,161226,白银LOF,0.852,0.854,0.835,0.845,185499.0,15737136.0,-0.24,0.51,2.24,-0.002
2019-08-07,161226,白银LOF,0.853,0.863,0.853,0.857,346795.0,29790301.0,1.42,0.95,1.18,0.012
2019-08-08,161226,白银LOF,0.877,0.882,0.87,0.877,271389.0,23785576.0,2.33,0.74,1.4,0.02
2019-08-09,161226,白银LOF,0.877,0.88,0.867,0.873,233832.0,20481084.0,-0.46,0.64,1.48,-0.004
2019-08-12,161226,白银LOF,0.872,0.872,0.865,0.866,136306.0,11826478.0,-0.8,0.37,0.8,-0.007
2019-08-13,161226,白银LOF,0.883,0.898,0.883,0.897,225822.0,20141699.0,3.58,0.62,1.73,0.031
2019-08-14,161226,白银LOF,0.868,0.872,0.862,0.869,331679.0,28835912.0,-3.12,0.91,1.11,-0.028
2019-08-15,161226,白银LOF,0.89,0.894,0.871,0.883,371127.0,32951633.0,1.61,1.02,2.65,0.014
2019-08-16,161226,白银LOF,0.886,0.891,0.879,0.885,153351.0,13553211.0,0.23,0.42,1.36,0.002
2019-08-19,161226,白银LOF,0.872,0.879,0.871,0.876,199532.0,17444953.0,-1.02,0.55,0.9,-0.009
2019-08-20,161226,白银LOF,0.873,0.875,0.866,0.874,127643.0,11103248.0,-0.23,0.35,1.03,-0.002
2019-08-21,161226,白银LOF,0.88,0.882,0.875,0.877,131481.0,11552671.0,0.34,0.36,0.8,0.003
2019-08-22,161226,白银LOF,0.878,0.88,0.876,0.879,105564.0,9268640.0,0.23,0.29,0.46,0.002
2019-08-23,161226,白银LOF,0.878,0.88,0.877,0.878,148871.0,13073452.0,-0.11,0.41,0.34,-0.001
2019-08-26,161226,白银LOF,0.91,0.919,0.91,0.915,306172.0,28025250.0,4.21,0.84,1.03,0.037
2019-08-27,161226,白银LOF,0.917,0.928,0.915,0.924,168274.0,15482299.0,0.98,0.46,1.42,0.009
2019-08-28,161226,白银LOF,0.95,0.95,0.932,0.944,442046.0,41697137.0,2.16,1.21,1.95,0.02
2019-08-29,161226,白银LOF,0.947,0.965,0.947,0.965,844268.0,80702476.0,2.22,2.31,1.91,0.021
2019-08-30,161226,白银LOF,0.947,0.962,0.941,0.955,667352.0,63506471.0,-1.04,1.83,2.18,-0.01
2019-09-02,161226,白银LOF,0.952,0.953,0.947,0.951,270481.0,25672336.0,-0.42,0.74,0.63,-0.004
2019-09-03,161226,白银LOF,0.954,0.962,0.952,0.961,385876.0,36926612.0,1.05,1.06,1.05,0.01
2019-09-04,161226,白银LOF,1.009,1.009,0.997,1.002,672705.0,67455668.0,4.27,1.84,1.25,0.041
2019-09-05,161226,白银LOF,1.004,1.011,0.996,1.011,542580.0,54373698.0,0.9,1.48,1.5,0.009
2019-09-06,161226,白银LOF,0.971,0.972,0.949,0.956,788899.0,76055253.0,-5.44,2.16,2.27,-0.055
2019-09-09,161226,白银LOF,0.938,0.953,0.935,0.95,312587.0,29503250.0,-0.63,0.86,1.88,-0.006
2019-09-10,161226,白银LOF,0.935,0.935,0.926,0.932,323713.0,30108125.0,-1.89,0.89,0.95,-0.018
2019-09-11,161226,白银LOF,0.938,0.941,0.932,0.941,344695.0,32228800.0,0.97,0.94,0.97,0.009
2019-09-12,161226,白银LOF,0.933,0.933,0.925,0.932,239540.0,22253533.0,-0.96,0.66,0.85,-0.009
2019-09-16,161226,白银LOF,0.92,0.924,0.919,0.924,290273.0,26752803.0,-0.86,0.79,0.54,-0.008
2019-09-17,161226,白银LOF,0.922,0.922,0.914,0.916,190452.0,17495092.0,-0.87,0.52,0.87,-0.008
2019-09-18,161226,白银LOF,0.923,0.924,0.919,0.921,152325.0,14031077.0,0.55,0.42,0.55,0.005
2019-09-19,161226,白银LOF,0.91,0.916,0.908,0.913,168957.0,15393584.0,-0.87,0.46,0.87,-0.008
2019-09-20,161226,白银LOF,0.919,0.926,0.918,0.923,145440.0,13416401.0,1.1,0.4,0.88,0.01
2019-09-23,161226,白银LOF,0.929,0.951,0.928,0.94,392325.0,36959798.0,1.84,1.07,2.49,0.017
2019-09-24,161226,白银LOF,0.954,0.958,0.949,0.956,311713.0,29717065.0,1.7,0.85,0.96,0.016
2019-09-25,161226,白银LOF,0.95,0.95,0.943,0.947,519103.0,49138928.0,-0.94,1.42,0.73,-0.009
2019-09-26,161226,白银LOF,0.925,0.926,0.916,0.919,324392.0,29868510.0,-2.96,0.89,1.06,-0.028
2019-09-27,161226,白银LOF,0.915,0.915,0.888,0.896,446624.0,40402044.0,-2.5,1.22,2.94,-0.023
2019-09-30,161226,白银LOF,0.894,0.894,0.883,0.887,264996.0,23533299.0,-1.0,0.73,1.23,-0.009
2019-10-08,161226,白银LOF,0.891,0.894,0.887,0.892,133578.0,11896512.0,0.56,0.37,0.79,0.005
2019-10-09,161226,白银LOF,0.912,0.922,0.911,0.921,225386.0,20617861.0,3.25,0.62,1.23,0.029
2019-10-10,161226,白银LOF,0.916,0.92,0.907,0.914,187575.0,17133191.0,-0.76,0.51,1.41,-0.007
2019-10-11,161226,白银LOF,0.896,0.904,0.893,0.902,273881.0,24560804.0,-1.31,0.75,1.2,-0.012
2019-10-14,161226,白银LOF,0.895,0.895,0.891,0.894,143928.0,12858236.0,-0.89,0.39,0.44,-0.008
2019-10-15,161226,白银LOF,0.895,0.901,0.893,0.895,135742.0,12178093.0,0.11,0.37,0.89,0.001
2019-10-16,161226,白银LOF,0.89,0.892,0.878,0.882,178541.0,15822241.0,-1.45,0.49,1.56,-0.013
2019-10-17,161226,白银LOF,0.885,0.89,0.879,0.889,172075.0,15225042.0,0.79,0.47,1.25,0.007
2019-10-18,161226,白银LOF,0.891,0.893,0.889,0.892,134865.0,12013498.0,0.34,0.37,0.45,0.003
2019-10-21,161226,白银LOF,0.887,0.902,0.887,0.9,325306.0,29066845.0,0.9,0.89,1.68,0.008
2019-10-22,161226,白银LOF,0.892,0.897,0.891,0.894,95589.0,8541856.0,-0.67,0.26,0.67,-0.006
2019-10-23,161226,白银LOF,0.893,0.897,0.892,0.896,119972.0,10729194.0,0.22,0.33,0.56,0.002
2019-10-24,161226,白银LOF,0.894,0.895,0.89,0.893,78025.0,6966765.0,-0.33,0.21,0.56,-0.003
2019-10-25,161226,白银LOF,0.904,0.915,0.904,0.914,485587.0,44212749.0,2.35,1.33,1.23,0.021
2019-10-28,161226,白银LOF,0.914,0.916,0.91,0.916,116774.0,10656450.0,0.22,0.32,0.66,0.002
2019-10-29,161226,白银LOF,0.903,0.904,0.895,0.899,303995.0,27411153.0,-1.86,0.83,0.98,-0.017
2019-10-30,161226,白银LOF,0.902,0.905,0.899,0.904,184165.0,16611687.0,0.56,0.5,0.67,0.005
2019-10-31,161226,白银LOF,0.902,0.907,0.902,0.904,144922.0,13094040.0,0.0,0.4,0.55,0.0
2019-11-01,161226,白银LOF,0.911,0.911,0.908,0.911,275253.0,25030237.0,0.77,0.75,0.33,0.007
2019-11-04,161226,白银LOF,0.91,0.912,0.908,0.909,164321.0,14946399.0,-0.22,0.45,0.44,-0.002
2019-11-05,161226,白银LOF,0.906,0.908,0.897,0.906,468246.0,42286895.0,-0.33,1.28,1.21,-0.003
2019-11-06,161226,白银LOF,0.882,0.883,0.877,0.878,254263.0,22366649.0,-3.09,0.7,0.66,-0.028
2019-11-07,161226,白银LOF,0.88,0.881,0.877,0.88,310347.0,27287795.0,0.23,0.85,0.46,0.002
2019-11-08,161226,白银LOF,0.844,0.849,0.839,0.847,297270.0,25081765.0,-3.75,0.81,1.14,-0.033
2019-11-11,161226,白银LOF,0.843,0.845,0.835,0.845,444926.0,37397328.0,-0.24,1.22,1.18,-0.002
2019-11-12,161226,白银LOF,0.839,0.842,0.832,0.839,340786.0,28567447.0,-0.71,0.93,1.18,-0.006
2019-11-13,161226,白银LOF,0.84,0.851,0.84,0.851,254940.0,21550710.0,1.43,0.7,1.31,0.012
2019-11-14,161226,白银LOF,0.843,0.851,0.843,0.85,139020.0,11772578.0,-0.12,0.38,0.94,-0.001
2019-11-15,161226,白银LOF,0.845,0.847,0.837,0.839,250026.0,21034282.0,-1.29,0.68,1.18,-0.011
2019-11-18,161226,白银LOF,0.841,0.841,0.837,0.84,71467.0,5993069.0,0.12,0.2,0.48,0.001
2019-11-19,161226,白银LOF,0.846,0.852,0.844,0.851,288003.0,24469696.0,1.31,0.79,0.95,0.011
2019-11-20,161226,白银LOF,0.849,0.853,0.848,0.852,144339.0,12278278.0,0.12,0.4,0.59,0.001
2019-11-21,161226,白银LOF,0.852,0.853,0.847,0.848,214051.0,18165365.0,-0.47,0.59,0.7,-0.004
2019-11-22,161226,白银LOF,0.845,0.852,0.845,0.849,177568.0,15071193.0,0.12,0.49,0.83,0.001
2019-11-25,161226,白银LOF,0.841,0.843,0.835,0.839,304693.0,25563413.0,-1.18,0.83,0.94,-0.01
2019-11-26,161226,白银LOF,0.837,0.843,0.833,0.843,138772.0,11661471.0,0.48,0.38,1.19,0.004
2019-11-27,161226,白银LOF,0.846,0.848,0.843,0.846,184045.0,15573649.0,0.36,0.5,0.59,0.003
2019-11-28,161226,白银LOF,0.845,0.846,0.842,0.844,72269.0,6101097.0,-0.24,0.2,0.47,-0.002
2019-11-29,161226,白银LOF,0.843,0.847,0.842,0.843,213656.0,18042100.0,-0.12,0.58,0.59,-0.001
2019-12-02,161226,白银LOF,0.843,0.843,0.841,0.842,57119.0,4808770.0,-0.12,0.16,0.24,-0.001
2019-12-03,161226,白银LOF,0.842,0.844,0.841,0.841,52531.0,4426068.0,-0.12,0.14,0.36,-0.001
2019-12-04,161226,白银LOF,0.856,0.867,0.856,0.865,369084.0,31830354.0,2.85,1.01,1.31,0.024
2019-12-05,161226,白银LOF,0.853,0.855,0.849,0.855,301889.0,25709816.0,-1.16,0.83,0.69,-0.01
2019-12-06,161226,白银LOF,0.851,0.852,0.845,0.846,155429.0,13194831.0,-1.05,0.43,0.82,-0.009
2019-12-09,161226,白银LOF,0.832,0.833,0.829,0.833,235741.0,19592557.0,-1.54,0.65,0.47,-0.013
2019-12-10,161226,白银LOF,0.832,0.834,0.831,0.834,71550.0,5953450.0,0.12,0.2,0.36,0.001
2019-12-11,161226,白银LOF,0.833,0.834,0.831,0.833,57021.0,4745359.0,-0.12,0.16,0.36,-0.001
2019-12-12,161226,白银LOF,0.843,0.846,0.842,0.842,186253.0,15724463.0,1.08,0.51,0.48,0.009
2019-12-13,161226,白银LOF,0.837,0.839,0.835,0.838,207618.0,17378657.0,-0.48,0.57,0.48,-0.004
2019-12-16,161226,白银LOF,0.839,0.849,0.839,0.848,194031.0,16386422.0,1.19,0.53,1.19,0.01
2019-12-17,161226,白银LOF,0.846,0.85,0.845,0.849,121854.0,10314710.0,0.12,0.33,0.59,0.001
2019-12-18,161226,白银LOF,0.845,0.85,0.845,0.849,89658.0,7596385.0,0.0,0.25,0.59,0.0
2019-12-19,161226,白银LOF,0.846,0.849,0.845,0.846,103112.0,8734183.0,-0.35,0.28,0.47,-0.003
2019-12-20,161226,白银LOF,0.847,0.852,0.847,0.851,73902.0,6274630.0,0.59,0.2,0.59,0.005
2019-12-23,161226,白银LOF,0.855,0.864,0.854,0.864,183204.0,15745895.0,1.53,0.5,1.18,0.013
2019-12-24,161226,白银LOF,0.865,0.878,0.863,0.874,307757.0,26855597.0,1.16,0.84,1.74,0.01
2019-12-25,161226,白银LOF,0.878,0.882,0.878,0.881,160689.0,14148202.0,0.8,0.44,0.46,0.007
2019-12-26,161226,白银LOF,0.878,0.895,0.878,0.891,183696.0,16344146.0,1.14,0.5,1.93,0.01
2019-12-27,161226,白银LOF,0.888,0.894,0.882,0.885,145337.0,12884015.0,-0.67,0.4,1.35,-0.006
2019-12-30,161226,白银LOF,0.887,0.89,0.887,0.887,131257.0,11662029.0,0.23,0.36,0.34,0.002
2019-12-31,161226,白银LOF,0.895,0.9,0.894,0.899,202862.0,18217505.0,1.35,0.56,0.68,0.012
2020-01-02,161226,白银LOF,0.89,0.89,0.882,0.884,143468.0,12683582.0,-1.67,0.39,0.89,-0.015
2020-01-03,161226,白银LOF,0.892,0.902,0.89,0.9,262417.0,23543023.0,1.81,0.72,1.36,0.016
2020-01-06,161226,白银LOF,0.914,0.916,0.911,0.912,223325.0,20385038.0,1.33,0.61,0.56,0.012
2020-01-07,161226,白银LOF,0.899,0.899,0.886,0.897,185200.0,16549379.0,-1.64,0.51,1.43,-0.015
2020-01-08,161226,白银LOF,0.916,0.922,0.908,0.914,442136.0,40474558.0,1.9,1.21,1.56,0.017
2020-01-09,161226,白银LOF,0.895,0.897,0.881,0.885,256095.0,22774471.0,-3.17,0.7,1.75,-0.029
2020-01-10,161226,白银LOF,0.882,0.883,0.877,0.883,107055.0,9411556.0,-0.23,0.29,0.68,-0.002
2020-01-13,161226,白银LOF,0.883,0.886,0.881,0.883,39649.0,3502884.0,0.0,0.11,0.57,0.0
2020-01-14,161226,白银LOF,0.87,0.873,0.86,0.869,110903.0,9630006.0,-1.59,0.3,1.47,-0.014
2020-01-15,161226,白银LOF,0.869,0.876,0.869,0.875,66005.0,5759217.0,0.69,0.18,0.81,0.006
2020-01-16,161226,白银LOF,0.879,0.885,0.873,0.876,50167.0,4400926.0,0.11,0.14,1.37,0.001
2020-01-17,161226,白银LOF,0.873,0.881,0.873,0.88,30742.0,2699905.0,0.46,0.08,0.91,0.004
2020-01-20,161226,白银LOF,0.881,0.882,0.874,0.881,54072.0,4752283.0,0.11,0.15,0.91,0.001
2020-01-21,161226,白银LOF,0.881,0.888,0.881,0.886,56927.0,5037010.0,0.57,0.16,0.79,0.005
2020-01-22,161226,白银LOF,0.871,0.873,0.866,0.869,73329.0,6373700.0,-1.92,0.2,0.79,-0.017
2020-01-23,161226,白银LOF,0.869,0.872,0.864,0.868,181910.0,15783382.0,-0.12,0.5,0.92,-0.001
2020-02-03,161226,白银LOF,0.876,0.88,0.873,0.877,248150.0,21744078.0,1.04,0.68,0.81,0.009
2020-02-04,161226,白银LOF,0.874,0.876,0.869,0.874,223337.0,19470063.0,-0.34,0.61,0.8,-0.003
2020-02-05,161226,白银LOF,0.87,0.876,0.866,0.875,105296.0,9174970.0,0.11,0.29,1.14,0.001
2020-02-06,161226,白银LOF,0.871,0.874,0.869,0.873,85472.0,7440285.0,-0.23,0.23,0.57,-0.002
2020-02-07,161226,白银LOF,0.877,0.88,0.872,0.875,82691.0,7248558.0,0.23,0.23,0.92,0.002
2020-02-10,161226,白银LOF,0.876,0.878,0.873,0.874,70698.0,6184256.0,-0.11,0.19,0.57,-0.001
2020-02-11,161226,白银LOF,0.873,0.876,0.871,0.876,51418.0,4493357.0,0.23,0.14,0.57,0.002
2020-02-12,161226,白银LOF,0.869,0.87,0.862,0.866,165062.0,14283864.0,-1.14,0.45,0.91,-0.01
2020-02-13,161226,白银LOF,0.865,0.872,0.863,0.871,120037.0,10422045.0,0.58,0.33,1.04,0.005
2020-02-14,161226,白银LOF,0.871,0.876,0.868,0.874,180148.0,15698471.0,0.34,0.49,0.92,0.003
2020-02-17,161226,白银LOF,0.876,0.879,0.874,0.879,115016.0,10085885.0,0.57,0.31,0.57,0.005
2020-02-18,161226,白银LOF,0.879,0.884,0.877,0.881,115911.0,10210013.0,0.23,0.32,0.8,0.002
2020-02-19,161226,白银LOF,0.9,0.907,0.896,0.903,292631.0,26378310.0,2.5,0.8,1.25,0.022
2020-02-20,161226,白银LOF,0.903,0.913,0.902,0.909,274692.0,24946858.0,0.66,0.75,1.22,0.006
2020-02-21,161226,白银LOF,0.91,0.925,0.91,0.925,270318.0,24796925.0,1.76,0.74,1.65,0.016
2020-02-24,161226,白银LOF,0.928,0.954,0.928,0.945,432159.0,40673209.0,2.16,1.18,2.81,0.02
2020-02-25,161226,白银LOF,0.933,0.938,0.91,0.917,363177.0,33657039.0,-2.96,0.99,2.96,-0.028
2020-02-26,161226,白银LOF,0.906,0.918,0.901,0.906,310157.0,28150267.0,-1.2,0.85,1.85,-0.011
2020-02-27,161226,白银LOF,0.905,0.915,0.9,0.912,168169.0,15246379.0,0.66,0.46,1.66,0.006
2020-02-28,161226,白银LOF,0.889,0.899,0.856,0.865,459557.0,40434729.0,-5.15,1.26,4.71,-0.047
2020-03-02,161226,白银LOF,0.847,0.86,0.845,0.854,319548.0,27174464.0,-1.27,0.87,1.73,-0.011
2020-03-03,161226,白银LOF,0.853,0.853,0.845,0.848,167688.0,14241989.0,-0.7,0.46,0.94,-0.006
2020-03-04,161226,白银LOF,0.854,0.855,0.848,0.851,360290.0,30673565.0,0.35,0.99,0.83,0.003
2020-03-05,161226,白银LOF,0.849,0.85,0.844,0.849,243042.0,20558711.0,-0.24,0.67,0.71,-0.002
2020-03-06,161226,白银LOF,0.856,0.857,0.851,0.854,253357.0,21650246.0,0.59,0.69,0.71,0.005
2020-03-09,161226,白银LOF,0.845,0.848,0.818,0.819,532901.0,44380977.0,-4.1,1.46,3.51,-0.035
2020-03-10,161226,白银LOF,0.826,0.838,0.825,0.834,308899.0,25685347.0,1.83,0.85,1.59,0.015
2020-03-11,161226,白银LOF,0.835,0.841,0.835,0.837,208417.0,17469658.0,0.36,0.57,0.72,0.003
2020-03-12,161226,白银LOF,0.829,0.829,0.814,0.821,271743.0,22261358.0,-1.91,0.74,1.79,-0.016
2020-03-13,161226,白银LOF,0.77,0.789,0.76,0.784,339030.0,26166215.0,-4.51,0.93,3.53,-0.037
2020-03-16,161226,白银LOF,0.741,0.761,0.739,0.753,246022.0,18483149.0,-3.95,0.67,2.81,-0.031
2020-03-17,161226,白银LOF,0.704,0.724,0.684,0.7,377386.0,26527912.0,-7.04,1.03,5.31,-0.053
2020-03-18,161226,白银LOF,0.696,0.701,0.676,0.68,253765.0,17582119.0,-2.86,0.69,3.57,-0.02
2020-03-19,161226,白银LOF,0.645,0.654,0.64,0.651,258211.0,16736024.0,-4.26,0.71,2.06,-0.029
2020-03-20,161226,白银LOF,0.615,0.645,0.615,0.64,1436240.0,89711758.0,-1.69,3.93,4.61,-0.011
2020-03-23,161226,白银LOF,0.615,0.628,0.612,0.622,1543852.0,95955815.0,-2.81,4.23,2.5,-0.018
2020-03-24,161226,白银LOF,0.677,0.682,0.64,0.668,2542222.0,171244832.0,7.4,6.96,6.75,0.046
2020-03-25,161226,白银LOF,0.693,0.706,0.687,0.703,897779.0,62363897.0,5.24,2.46,2.84,0.035
2020-03-26,161226,白银LOF,0.694,0.698,0.686,0.694,665397.0,46099850.0,-1.28,1.82,1.71,-0.009
2020-03-27,161226,白银LOF,0.703,0.708,0.701,0.705,589751.0,41543645.0,1.59,1.61,1.01,0.011
2020-03-30,161226,白银LOF,0.673,0.673,0.661,0.667,792827.0,52952751.0,-5.39,2.17,1.7,-0.038
2020-03-31,161226,白银LOF,0.679,0.682,0.676,0.681,393255.0,26680462.0,2.1,1.08,0.9,0.014
2020-04-01,161226,白银LOF,0.676,0.68,0.675,0.677,278383.0,18848340.0,-0.59,0.76,0.73,-0.004
2020-04-02,161226,白银LOF,0.677,0.692,0.677,0.69,843246.0,57914095.0,1.92,2.31,2.22,0.013
2020-04-03,161226,白银LOF,0.702,0.706,0.699,0.705,501960.0,35282518.0,2.17,1.37,1.01,0.015
2020-04-07,161226,白银LOF,0.733,0.745,0.733,0.744,624400.0,46166613.0,5.53,1.71,1.7,0.039
2020-04-08,161226,白银LOF,0.728,0.737,0.725,0.733,882042.0,64610800.0,-1.48,2.41,1.61,-0.011
2020-04-09,161226,白银LOF,0.733,0.736,0.729,0.736,418002.0,30567586.0,0.41,1.14,0.95,0.003
2020-04-10,161226,白银LOF,0.743,0.746,0.74,0.741,629890.0,46810582.0,0.68,1.72,0.82,0.005
2020-04-13,161226,白银LOF,0.744,0.744,0.723,0.735,693849.0,50576946.0,-0.81,1.9,2.83,-0.006
2020-04-14,161226,白银LOF,0.739,0.755,0.738,0.749,488182.0,36533273.0,1.9,1.34,2.31,0.014
2020-04-15,161226,白银LOF,0.755,0.757,0.736,0.739,612000.0,45989486.0,-1.34,1.67,2.8,-0.01
2020-04-16,161226,白银LOF,0.733,0.753,0.731,0.753,622659.0,46076519.0,1.89,1.7,2.98,0.014
2020-04-17,161226,白银LOF,0.736,0.744,0.723,0.74,756008.0,55471140.0,-1.73,2.07,2.79,-0.013
2020-04-20,161226,白银LOF,0.72,0.733,0.719,0.729,467214.0,33921142.0,-1.49,1.28,1.89,-0.011
2020-04-21,161226,白银LOF,0.735,0.736,0.727,0.732,402186.0,29458104.0,0.41,1.1,1.23,0.003
2020-04-22,161226,白银LOF,0.713,0.717,0.704,0.705,807704.0,57321220.0,-3.69,2.21,1.78,-0.027
2020-04-23,161226,白银LOF,0.74,0.74,0.724,0.734,884267.0,64714655.0,4.11,2.42,2.27,0.029
2020-04-24,161226,白银LOF,0.729,0.738,0.728,0.736,407195.0,29848863.0,0.27,1.11,1.36,0.002
2020-04-27,161226,白银LOF,0.736,0.738,0.73,0.731,355908.0,26128056.0,-0.68,0.97,1.09,-0.005
2020-04-28,161226,白银LOF,0.727,0.727,0.712,0.716,402059.0,28879554.0,-2.05,1.1,2.05,-0.015
2020-04-29,161226,白银LOF,0.723,0.728,0.721,0.725,254950.0,18493262.0,1.26,0.7,0.98,0.009
2020-04-30,161226,白银LOF,0.727,0.734,0.725,0.734,337032.0,24592817.0,1.24,0.92,1.24,0.009
2020-05-06,161226,白银LOF,0.727,0.732,0.723,0.73,310164.0,22570554.0,-0.54,0.85,1.23,-0.004
2020-05-07,161226,白银LOF,0.725,0.728,0.721,0.724,203191.0,14710693.0,-0.82,0.56,0.96,-0.006
2020-05-08,161226,白银LOF,0.744,0.751,0.743,0.749,876852.0,65480678.0,3.45,2.4,1.1,0.025
2020-05-11,161226,白银LOF,0.75,0.753,0.747,0.75,212791.0,15978121.0,0.13,0.58,0.8,0.001
2020-05-12,161226,白银LOF,0.743,0.747,0.741,0.744,411623.0,30595321.0,-0.8,1.13,0.8,-0.006
2020-05-13,161226,白银LOF,0.744,0.75,0.743,0.749,285373.0,21307537.0,0.67,0.78,0.94,0.005
2020-05-14,161226,白银LOF,0.748,0.751,0.744,0.75,508556.0,38011055.0,0.13,1.39,0.93,0.001
2020-05-15,161226,白银LOF,0.774,0.783,0.771,0.778,1391870.0,108307996.0,3.73,3.81,1.6,0.028
2020-05-18,161226,白银LOF,0.806,0.829,0.806,0.824,1330774.0,109459158.0,5.91,3.64,2.96,0.046
2020-05-19,161226,白银LOF,0.805,0.81,0.801,0.804,992128.0,79950432.0,-2.43,2.72,1.09,-0.02
2020-05-20,161226,白银LOF,0.829,0.832,0.822,0.831,1110831.0,92041302.0,3.36,3.04,1.24,0.027
2020-05-21,161226,白银LOF,0.823,0.824,0.809,0.812,777751.0,63422928.0,-2.29,2.13,1.81,-0.019
2020-05-22,161226,白银LOF,0.799,0.803,0.791,0.799,737316.0,58643586.0,-1.6,2.02,1.48,-0.013
2020-05-25,161226,白银LOF,0.806,0.809,0.798,0.806,855911.0,68922690.0,0.88,2.34,1.38,0.007
2020-05-26,161226,白银LOF,0.821,0.831,0.82,0.826,637027.0,52664379.0,2.48,1.74,1.36,0.02
2020-05-27,161226,白银LOF,0.817,0.822,0.813,0.818,510474.0,41667162.0,-0.97,1.4,1.09,-0.008
2020-05-28,161226,白银LOF,0.829,0.833,0.827,0.83,744043.0,61780628.0,1.47,2.04,0.73,0.012
2020-05-29,161226,白银LOF,0.831,0.839,0.828,0.832,393156.0,32686332.0,0.24,1.08,1.33,0.002
2020-06-01,161226,白银LOF,0.858,0.869,0.857,0.869,1922222.0,166228404.0,4.45,5.26,1.44,0.037
2020-06-02,161226,白银LOF,0.864,0.867,0.859,0.866,293620.0,25357683.0,-0.35,0.8,0.92,-0.003
2020-06-03,161226,白银LOF,0.844,0.849,0.842,0.847,1347263.0,113917355.0,-2.19,3.69,0.81,-0.019
2020-06-04,161226,白银LOF,0.832,0.836,0.825,0.828,693293.0,57591898.0,-2.24,1.9,1.3,-0.019
2020-06-05,161226,白银LOF,0.834,0.836,0.831,0.832,326673.0,27215354.0,0.48,0.89,0.6,0.004
2020-06-08,161226,白银LOF,0.823,0.831,0.82,0.83,1535675.0,127220913.0,-0.24,4.2,1.32,-0.002
2020-06-09,161226,白银LOF,0.83,0.832,0.823,0.825,405721.0,33543746.0,-0.6,1.11,1.08,-0.005
2020-06-10,161226,白银LOF,0.829,0.834,0.828,0.832,559981.0,46541910.0,0.85,1.53,0.73,0.007
2020-06-11,161226,白银LOF,0.838,0.838,0.831,0.837,514669.0,43019077.0,0.6,1.41,0.84,0.005
2020-06-12,161226,白银LOF,0.817,0.827,0.812,0.825,910338.0,74407509.0,-1.43,2.49,1.79,-0.012
2020-06-15,161226,白银LOF,0.82,0.821,0.797,0.809,788414.0,63770324.0,-1.94,2.16,2.91,-0.016
2020-06-16,161226,白银LOF,0.81,0.815,0.809,0.811,237340.0,19248447.0,0.25,0.65,0.74,0.002
2020-06-17,161226,白银LOF,0.813,0.817,0.81,0.816,233741.0,18991847.0,0.62,0.64,0.86,0.005
2020-06-18,161226,白银LOF,0.816,0.818,0.813,0.815,285412.0,23261799.0,-0.12,0.78,0.61,-0.001
2020-06-19,161226,白银LOF,0.814,0.821,0.811,0.819,245784.0,20064766.0,0.49,0.67,1.23,0.004
2020-06-22,161226,白银LOF,0.832,0.841,0.832,0.836,551065.0,46179524.0,2.08,1.51,1.1,0.017
2020-06-23,161226,白银LOF,0.831,0.832,0.823,0.825,410857.0,33970062.0,-1.32,1.12,1.08,-0.011
2020-06-24,161226,白银LOF,0.831,0.833,0.828,0.831,200719.0,16666179.0,0.73,0.55,0.61,0.006
2020-06-29,161226,白银LOF,0.832,0.832,0.827,0.83,381974.0,31679773.0,-0.12,1.05,0.6,-0.001
2020-06-30,161226,白银LOF,0.822,0.83,0.822,0.829,195477.0,16167478.0,-0.12,0.53,0.96,-0.001
2020-07-01,161226,白银LOF,0.845,0.849,0.843,0.846,461993.0,39095611.0,2.05,1.26,0.72,0.017
2020-07-02,161226,白银LOF,0.833,0.834,0.827,0.833,432540.0,35924232.0,-1.54,1.18,0.83,-0.013
2020-07-03,161226,白银LOF,0.836,0.838,0.832,0.836,395391.0,33080412.0,0.36,1.08,0.72,0.003
2020-07-06,161226,白银LOF,0.835,0.838,0.83,0.837,457313.0,38105708.0,0.12,1.25,0.96,0.001
2020-07-07,161226,白银LOF,0.841,0.844,0.839,0.843,747827.0,62952879.0,0.72,2.05,0.6,0.006
2020-07-08,161226,白银LOF,0.844,0.848,0.841,0.847,320330.0,27001171.0,0.47,0.88,0.83,0.004
2020-07-09,161226,白银LOF,0.86,0.866,0.857,0.865,379783.0,32718668.0,2.13,1.04,1.06,0.018
2020-07-10,161226,白银LOF,0.855,0.857,0.851,0.854,326381.0,27854943.0,-1.27,0.89,0.69,-0.011
2020-07-13,161226,白银LOF,0.862,0.874,0.86,0.871,623319.0,54057453.0,1.99,1.71,1.64,0.017
2020-07-14,161226,白银LOF,0.867,0.873,0.866,0.872,281249.0,24466661.0,0.11,0.77,0.8,0.001
2020-07-15,161226,白银LOF,0.876,0.881,0.874,0.877,349569.0,30670573.0,0.57,0.96,0.8,0.005
2020-07-16,161226,白银LOF,0.877,0.88,0.87,0.873,421460.0,36910742.0,-0.46,1.15,1.14,-0.004
2020-07-17,161226,白银LOF,0.87,0.87,0.86,0.866,339395.0,29334869.0,-0.8,0.93,1.15,-0.007
2020-07-20,161226,白银LOF,0.874,0.877,0.871,0.876,186202.0,16270312.0,1.15,0.51,0.69,0.01
2020-07-21,161226,白银LOF,0.9,0.924,0.9,0.921,2123545.0,193812613.0,5.14,5.81,2.74,0.045
2020-07-22,161226,白银LOF,1.013,1.013,0.978,1.011,869399.0,87034279.0,9.77,2.38,3.8,0.09
2020-07-23,161226,白银LOF,0.994,0.998,0.981,0.994,1334565.0,132450610.0,-1.68,3.65,1.68,-0.017
2020-07-24,161226,白银LOF,0.988,0.994,0.982,0.987,1158005.0,114431064.0,-0.7,3.17,1.21,-0.007
2020-07-27,161226,白银LOF,0.997,1.058,0.996,1.042,1746432.0,179649862.0,5.57,4.78,6.28,0.055
2020-07-28,161226,白银LOF,1.098,1.104,1.03,1.06,2191508.0,234547266.0,1.73,6.0,7.1,0.018
2020-07-29,161226,白银LOF,1.058,1.06,1.04,1.056,1177136.0,123756903.0,-0.38,3.22,1.89,-0.004
2020-07-30,161226,白银LOF,1.051,1.059,1.022,1.026,902050.0,94270997.0,-2.84,2.47,3.5,-0.03
2020-07-31,161226,白银LOF,1.023,1.057,1.022,1.057,855028.0,88641749.0,3.02,2.34,3.41,0.031
2020-08-03,161226,白银LOF,1.049,1.05,1.04,1.046,348551.0,36431638.0,-1.04,0.95,0.95,-0.011
2020-08-04,161226,白银LOF,1.044,1.054,1.042,1.046,503128.0,52577409.0,0.0,1.38,1.15,0.0
2020-08-05,161226,白银LOF,1.102,1.137,1.098,1.136,1037965.0,115354095.0,8.6,2.84,3.73,0.09
2020-08-06,161226,白银LOF,1.146,1.187,1.144,1.178,763230.0,88862742.0,3.7,2.09,3.79,0.042
2020-08-07,161226,白银LOF,1.236,1.24,1.185,1.204,1521519.0,184316175.0,2.21,4.16,4.67,0.026
2020-08-10,161226,白银LOF,1.183,1.224,1.17,1.204,925650.0,110582492.0,0.0,2.53,4.49,0.0
2020-08-11,161226,白银LOF,1.215,1.23,1.173,1.189,868016.0,105115189.0,-1.25,2.38,4.73,-0.015
2020-08-12,161226,白银LOF,1.07,1.104,1.07,1.086,715216.0,76856836.0,-8.66,1.96,2.86,-0.103
2020-08-13,161226,白银LOF,1.078,1.098,1.078,1.089,388037.0,42259993.0,0.28,1.06,1.84,0.003
2020-08-14,161226,白银LOF,1.14,1.14,1.11,1.12,373033.0,41833406.0,2.85,1.02,2.75,0.031
2020-08-17,161226,白银LOF,1.088,1.193,1.085,1.186,549526.0,62277461.0,5.89,1.5,9.64,0.066
2020-08-18,161226,白银LOF,1.186,1.195,1.141,1.192,619183.0,72146371.0,0.51,1.69,4.55,0.006
2020-08-19,161226,白银LOF,1.135,1.151,1.13,1.13,660756.0,75044048.0,-5.2,1.81,1.76,-0.062
2020-08-20,161226,白银LOF,1.084,1.102,1.075,1.088,565143.0,61325571.0,-3.72,1.55,2.39,-0.042
2020-08-21,161226,白银LOF,1.09,1.093,1.073,1.08,293042.0,31749723.0,-0.74,0.8,1.84,-0.008
2020-08-24,161226,白银LOF,1.043,1.046,1.036,1.041,422226.0,43918443.0,-3.61,1.16,0.93,-0.039
2020-08-25,161226,白银LOF,1.042,1.052,1.034,1.042,223283.0,23262491.0,0.1,0.61,1.73,0.001
2020-08-26,161226,白银LOF,1.037,1.041,1.03,1.034,232901.0,24078139.0,-0.77,0.64,1.06,-0.008
2020-08-27,161226,白银LOF,1.064,1.073,1.062,1.073,407700.0,43422985.0,3.77,1.12,1.06,0.039
2020-08-28,161226,白银LOF,1.063,1.081,1.06,1.075,349543.0,37437349.0,0.19,0.96,1.96,0.002
2020-08-31,161226,白银LOF,1.092,1.104,1.091,1.093,461205.0,50575706.0,1.67,1.26,1.21,0.018
2020-09-01,161226,白银LOF,1.104,1.125,1.103,1.12,497976.0,55636143.0,2.47,1.36,2.01,0.027
2020-09-02,161226,白银LOF,1.098,1.109,1.096,1.098,494316.0,54434027.0,-1.96,1.35,1.16,-0.022
2020-09-03,161226,白银LOF,1.081,1.091,1.055,1.058,639025.0,68838628.0,-3.64,1.75,3.28,-0.04
2020-09-04,161226,白银LOF,1.044,1.058,1.036,1.047,349888.0,36626722.0,-1.04,0.96,2.08,-0.011
2020-09-07,161226,白银LOF,1.053,1.068,1.046,1.052,280151.0,29676933.0,0.48,0.77,2.1,0.005
2020-09-08,161226,白银LOF,1.05,1.062,1.044,1.058,195184.0,20517556.0,0.57,0.53,1.71,0.006
2020-09-09,161226,白银LOF,1.04,1.051,1.036,1.041,359447.0,37476524.0,-1.61,0.98,1.42,-0.017
2020-09-10,161226,白银LOF,1.06,1.064,1.052,1.054,338242.0,35780664.0,1.25,0.93,1.15,0.013
2020-09-11,161226,白银LOF,1.045,1.046,1.035,1.046,350167.0,36425050.0,-0.76,0.96,1.04,-0.008
2020-09-14,161226,白银LOF,1.045,1.046,1.039,1.042,178715.0,18646770.0,-0.38,0.49,0.67,-0.004
2020-09-15,161226,白银LOF,1.05,1.06,1.05,1.053,315027.0,33224180.0,1.06,0.86,0.96,0.011
2020-09-16,161226,白银LOF,1.047,1.051,1.045,1.051,156132.0,16358702.0,-0.19,0.43,0.57,-0.002
2020-09-17,161226,白银LOF,1.046,1.046,1.027,1.028,331516.0,34253159.0,-2.19,0.91,1.81,-0.023
2020-09-18,161226,白银LOF,1.03,1.046,1.029,1.043,338185.0,35060637.0,1.46,0.93,1.65,0.015
2020-09-21,161226,白银LOF,1.036,1.036,1.019,1.022,300708.0,30960898.0,-2.01,0.82,1.63,-0.021
2020-09-22,161226,白银LOF,0.935,0.944,0.928,0.935,777125.0,72858021.0,-8.51,2.13,1.57,-0.087
2020-09-23,161226,白银LOF,0.93,0.93,0.901,0.909,481418.0,43923187.0,-2.78,1.32,3.1,-0.026
2020-09-24,161226,白银LOF,0.881,0.887,0.875,0.884,436882.0,38518055.0,-2.75,1.2,1.32,-0.025
2020-09-25,161226,白银LOF,0.887,0.906,0.887,0.905,306845.0,27498821.0,2.38,0.84,2.15,0.021
2020-09-28,161226,白银LOF,0.89,0.896,0.885,0.892,233223.0,20781434.0,-1.44,0.64,1.22,-0.013
2020-09-29,161226,白银LOF,0.894,0.902,0.88,0.888,753640.0,67106243.0,-0.45,2.06,2.47,-0.004
2020-09-30,161226,白银LOF,0.898,0.899,0.888,0.896,372568.0,33333686.0,0.9,1.02,1.24,0.008
2020-10-09,161226,白银LOF,0.897,0.908,0.897,0.901,311019.0,28051803.0,0.56,0.85,1.23,0.005
2020-10-12,161226,白银LOF,0.939,0.959,0.938,0.946,790676.0,75047088.0,4.99,2.16,2.33,0.045
2020-10-13,161226,白银LOF,0.94,0.941,0.926,0.935,317343.0,29673174.0,-1.16,0.87,1.59,-0.011
2020-10-14,161226,白银LOF,0.893,0.907,0.891,0.906,612303.0,55055120.0,-3.1,1.68,1.71,-0.029
2020-10-15,161226,白银LOF,0.901,0.905,0.898,0.904,272542.0,24560498.0,-0.22,0.75,0.77,-0.002
2020-10-16,161226,白银LOF,0.908,0.91,0.899,0.902,419383.0,37982258.0,-0.22,1.15,1.22,-0.002
2020-10-19,161226,白银LOF,0.898,0.925,0.897,0.92,458816.0,41903128.0,2.0,1.26,3.1,0.018
2020-10-20,161226,白银LOF,0.914,0.914,0.906,0.912,314922.0,28669818.0,-0.87,0.86,0.87,-0.008
2020-10-21,161226,白银LOF,0.924,0.932,0.922,0.926,943148.0,87391296.0,1.54,2.58,1.1,0.014
2020-10-22,161226,白银LOF,0.927,0.927,0.916,0.925,321062.0,29553661.0,-0.11,0.88,1.19,-0.001
2020-10-23,161226,白银LOF,0.913,0.916,0.909,0.914,341077.0,31123270.0,-1.19,0.93,0.76,-0.011
2020-10-26,161226,白银LOF,0.911,0.911,0.893,0.895,428591.0,38491747.0,-2.08,1.17,1.97,-0.019
2020-10-27,161226,白银LOF,0.907,0.914,0.905,0.912,591701.0,53850970.0,1.9,1.62,1.01,0.017
2020-10-28,161226,白银LOF,0.908,0.919,0.905,0.915,340361.0,31039473.0,0.33,0.93,1.54,0.003
2020-10-29,161226,白银LOF,0.87,0.877,0.868,0.873,691782.0,60330056.0,-4.59,1.89,0.98,-0.042
2020-10-30,161226,白银LOF,0.872,0.875,0.861,0.867,593367.0,51671126.0,-0.69,1.62,1.6,-0.006
2020-11-02,161226,白银LOF,0.881,0.898,0.88,0.893,816870.0,72770752.0,3.0,2.24,2.08,0.026
2020-11-03,161226,白银LOF,0.898,0.905,0.896,0.902,334981.0,30181182.0,1.01,0.92,1.01,0.009
2020-11-04,161226,白银LOF,0.908,0.91,0.878,0.888,587784.0,52451133.0,-1.55,1.61,3.55,-0.014
2020-11-05,161226,白银LOF,0.898,0.906,0.895,0.903,611021.0,55039262.0,1.69,1.67,1.24,0.015
2020-11-06,161226,白银LOF,0.924,0.946,0.924,0.934,763601.0,71396314.0,3.43,2.09,2.44,0.031
2020-11-09,161226,白银LOF,0.943,0.947,0.936,0.937,572877.0,53943968.0,0.32,1.57,1.18,0.003
2020-11-10,161226,白银LOF,0.888,0.895,0.886,0.89,1069409.0,95188387.0,-5.02,2.93,0.96,-0.047
2020-11-11,161226,白银LOF,0.89,0.893,0.889,0.893,309737.0,27589317.0,0.34,0.85,0.45,0.003
2020-11-12,161226,白银LOF,0.89,0.894,0.888,0.889,373159.0,33231746.0,-0.45,1.02,0.67,-0.004
2020-11-13,161226,白银LOF,0.89,0.891,0.887,0.891,262469.0,23324963.0,0.22,0.72,0.45,0.002
2020-11-16,161226,白银LOF,0.914,0.917,0.906,0.912,829607.0,75734866.0,2.36,2.27,1.23,0.021
2020-11-17,161226,白银LOF,0.908,0.908,0.901,0.902,471909.0,42664918.0,-1.1,1.29,0.77,-0.01
2020-11-18,161226,白银LOF,0.892,0.895,0.887,0.894,388388.0,34584802.0,-0.89,1.06,0.89,-0.008
2020-11-19,161226,白银LOF,0.889,0.89,0.877,0.879,621562.0,54835969.0,-1.68,1.7,1.45,-0.015
2020-11-20,161226,白银LOF,0.882,0.884,0.879,0.883,210415.0,18550180.0,0.46,0.58,0.57,0.004
2020-11-23,161226,白银LOF,0.888,0.888,0.881,0.885,242142.0,21415434.0,0.23,0.66,0.79,0.002
2020-11-24,161226,白银LOF,0.854,0.855,0.85,0.854,704642.0,60071257.0,-3.5,1.93,0.56,-0.031
2020-11-25,161226,白银LOF,0.852,0.855,0.844,0.848,335254.0,28484769.0,-0.7,0.92,1.29,-0.006
2020-11-26,161226,白银LOF,0.854,0.856,0.847,0.854,346851.0,29567902.0,0.71,0.95,1.06,0.006
2020-11-27,161226,白银LOF,0.85,0.853,0.847,0.851,215098.0,18282788.0,-0.35,0.59,0.7,-0.003
2020-11-30,161226,白银LOF,0.829,0.83,0.808,0.82,788225.0,64353130.0,-3.64,2.16,2.59,-0.031
2020-12-01,161226,白银LOF,0.829,0.841,0.828,0.838,525524.0,43802629.0,2.2,1.44,1.59,0.018
2020-12-02,161226,白银LOF,0.869,0.873,0.857,0.865,664641.0,57630027.0,3.22,1.82,1.91,0.027
2020-12-03,161226,白银LOF,0.865,0.871,0.861,0.869,755272.0,65382524.0,0.46,2.07,1.16,0.004
2020-12-04,161226,白银LOF,0.867,0.875,0.863,0.875,267197.0,23239629.0,0.69,0.73,1.38,0.006
2020-12-07,161226,白银LOF,0.871,0.874,0.866,0.869,229332.0,19973570.0,-0.69,0.63,0.91,-0.006
2020-12-08,161226,白银LOF,0.889,0.892,0.886,0.888,922679.0,82019846.0,2.19,2.53,0.69,0.019
2020-12-09,161226,白银LOF,0.885,0.885,0.874,0.876,229550.0,20171557.0,-1.35,0.63,1.24,-0.012
2020-12-10,161226,白银LOF,0.864,0.869,0.858,0.858,384044.0,33199801.0,-2.05,1.05,1.26,-0.018
2020-12-11,161226,白银LOF,0.864,0.869,0.859,0.862,517488.0,44777690.0,0.47,1.42,1.17,0.004
2020-12-14,161226,白银LOF,0.862,0.865,0.858,0.862,144066.0,12413926.0,0.0,0.39,0.81,0.0
2020-12-15,161226,白银LOF,0.862,0.875,0.86,0.875,425971.0,37085148.0,1.51,1.17,1.74,0.013
2020-12-16,161226,白银LOF,0.884,0.902,0.882,0.901,521906.0,46589444.0,2.97,1.43,2.29,0.026
2020-12-17,161226,白银LOF,0.908,0.918,0.904,0.916,1681609.0,152936428.0,1.66,4.6,1.55,0.015
2020-12-18,161226,白银LOF,0.922,0.929,0.92,0.923,609295.0,56300125.0,0.76,1.67,0.98,0.007
2020-12-21,161226,白银LOF,0.952,0.974,0.948,0.964,1719497.0,164712004.0,4.44,4.71,2.82,0.041
2020-12-22,161226,白银LOF,0.93,0.953,0.922,0.926,691591.0,64929018.0,-3.94,1.89,3.22,-0.038
2020-12-23,161226,白银LOF,0.911,0.913,0.903,0.91,611312.0,55536626.0,-1.73,1.67,1.08,-0.016
2020-12-24,161226,白银LOF,0.927,0.929,0.921,0.924,622813.0,57678242.0,1.54,1.7,0.88,0.014
2020-12-25,161226,白银LOF,0.92,0.929,0.92,0.926,195736.0,18076582.0,0.22,0.54,0.97,0.002
2020-12-28,161226,白银LOF,0.954,0.963,0.943,0.953,451235.0,43163007.0,2.92,1.23,2.16,0.027
2020-12-29,161226,白银LOF,0.958,0.96,0.939,0.944,346621.0,32910029.0,-0.94,0.95,2.2,-0.009
2020-12-30,161226,白银LOF,0.943,0.961,0.943,0.953,422871.0,40284742.0,0.95,1.16,1.91,0.009
2020-12-31,161226,白银LOF,0.959,0.962,0.951,0.955,355406.0,33971631.0,0.21,0.97,1.15,0.002
2021-01-04,161226,白银LOF,0.974,0.978,0.967,0.973,372148.0,36212655.0,1.88,1.02,1.15,0.018
2021-01-05,161226,白银LOF,0.974,0.979,0.968,0.979,244577.0,23782649.0,0.62,0.67,1.13,0.006
2021-01-06,161226,白银LOF,0.979,0.98,0.97,0.973,173539.0,16905340.0,-0.61,0.47,1.02,-0.006
2021-01-07,161226,白银LOF,0.961,0.97,0.957,0.965,251924.0,24218451.0,-0.82,0.69,1.34,-0.008
2021-01-08,161226,白银LOF,0.96,0.964,0.955,0.958,205611.0,19708370.0,-0.73,0.56,0.93,-0.007
2021-01-11,161226,白银LOF,0.888,0.896,0.871,0.891,586700.0,52205451.0,-6.99,1.61,2.61,-0.067
2021-01-12,161226,白银LOF,0.888,0.903,0.881,0.902,216189.0,19314962.0,1.23,0.59,2.47,0.011
2021-01-13,161226,白银LOF,0.895,0.905,0.893,0.902,253470.0,22790081.0,0.0,0.69,1.33,0.0
2021-01-14,161226,白银LOF,0.888,0.889,0.877,0.883,637954.0,56384539.0,-2.11,1.75,1.33,-0.019
2021-01-15,161226,白银LOF,0.901,0.902,0.884,0.886,482814.0,43303195.0,0.34,1.32,2.04,0.003
2021-01-18,161226,白银LOF,0.87,0.885,0.867,0.882,662138.0,58164324.0,-0.45,1.81,2.03,-0.004
2021-01-19,161226,白银LOF,0.89,0.893,0.884,0.886,265132.0,23558532.0,0.45,0.73,1.02,0.004
2021-01-20,161226,白银LOF,0.89,0.894,0.888,0.891,749372.0,66808872.0,0.56,2.05,0.68,0.005
2021-01-21,161226,白银LOF,0.899,0.909,0.893,0.905,802582.0,72600038.0,1.57,2.2,1.8,0.014
2021-01-22,161226,白银LOF,0.896,0.899,0.884,0.891,615045.0,54857633.0,-1.55,1.68,1.66,-0.014
2021-01-25,161226,白银LOF,0.893,0.894,0.886,0.888,627058.0,55880402.0,-0.34,1.72,0.9,-0.003
2021-01-26,161226,白银LOF,0.885,0.89,0.882,0.884,286973.0,25414015.0,-0.45,0.79,0.9,-0.004
2021-01-27,161226,白银LOF,0.885,0.887,0.879,0.886,156036.0,13772387.0,0.23,0.43,0.9,0.002
2021-01-28,161226,白银LOF,0.879,0.881,0.873,0.875,105488.0,9241827.0,-1.24,0.29,0.9,-0.011
2021-01-29,161226,白银LOF,0.907,0.913,0.902,0.911,591670.0,53682329.0,4.11,1.62,1.26,0.036
2021-02-01,161226,白银LOF,0.967,0.99,0.956,0.99,1506412.0,147043554.0,8.67,4.12,3.73,0.079
2021-02-02,161226,白银LOF,0.988,0.988,0.96,0.975,961214.0,93913059.0,-1.52,2.63,2.83,-0.015
2021-02-03,161226,白银LOF,0.925,0.933,0.916,0.922,850309.0,78621610.0,-5.44,2.33,1.74,-0.053
2021-02-04,161226,白银LOF,0.915,0.917,0.895,0.905,566746.0,51369727.0,-1.84,1.55,2.39,-0.017
2021-02-05,161226,白银LOF,0.893,0.903,0.892,0.899,290787.0,26099748.0,-0.66,0.8,1.22,-0.006
2021-02-08,161226,白银LOF,0.917,0.919,0.912,0.916,502639.0,46052249.0,1.89,1.38,0.78,0.017
2021-02-09,161226,白银LOF,0.923,0.932,0.922,0.925,336261.0,31165021.0,0.98,0.92,1.09,0.009
2021-02-10,161226,白银LOF,0.915,0.925,0.914,0.923,408793.0,37631734.0,-0.22,1.12,1.19,-0.002
2021-02-18,161226,白银LOF,0.923,0.931,0.91,0.922,471995.0,43533531.0,-0.11,1.29,2.28,-0.001
2021-02-19,161226,白银LOF,0.908,0.922,0.901,0.915,632084.0,57634198.0,-0.76,1.73,2.28,-0.007
2021-02-22,161226,白银LOF,0.946,0.95,0.94,0.945,825402.0,78120187.0,3.28,2.26,1.09,0.03
2021-02-23,161226,白银LOF,0.963,0.971,0.958,0.962,488600.0,47134429.0,1.8,1.34,1.38,0.017
2021-02-24,161226,白银LOF,0.947,0.956,0.938,0.944,676622.0,64140386.0,-1.87,1.85,1.87,-0.018
2021-02-25,161226,白银LOF,0.955,0.965,0.945,0.954,1319985.0,126132145.0,1.06,3.61,2.12,0.01
2021-02-26,161226,白银LOF,0.931,0.935,0.92,0.926,928906.0,86104403.0,-2.94,2.54,1.57,-0.028
2021-03-01,161226,白银LOF,0.917,0.92,0.912,0.919,426714.0,39061903.0,-0.76,1.17,0.86,-0.007
2021-03-02,161226,白银LOF,0.906,0.907,0.883,0.903,763503.0,68096951.0,-1.74,2.09,2.61,-0.016
2021-03-03,161226,白银LOF,0.905,0.909,0.902,0.905,824585.0,74596352.0,0.22,2.26,0.78,0.002
2021-03-04,161226,白银LOF,0.892,0.893,0.88,0.885,868446.0,76975807.0,-2.21,2.38,1.44,-0.02
2021-03-05,161226,白银LOF,0.855,0.86,0.852,0.859,474485.0,40649594.0,-2.94,1.3,0.9,-0.026
2021-03-08,161226,白银LOF,0.87,0.884,0.868,0.871,459660.0,40326416.0,1.4,1.26,1.86,0.012
2021-03-09,161226,白银LOF,0.867,0.875,0.859,0.873,513930.0,44489266.0,0.23,1.41,1.84,0.002
2021-03-10,161226,白银LOF,0.888,0.89,0.874,0.881,1158598.0,102385415.0,0.92,3.17,1.83,0.008
2021-03-11,161226,白银LOF,0.886,0.897,0.883,0.893,821885.0,73329426.0,1.36,2.25,1.59,0.012
2021-03-12,161226,白银LOF,0.886,0.889,0.874,0.877,344191.0,30335777.0,-1.79,0.94,1.68,-0.016
2021-03-15,161226,白银LOF,0.891,0.893,0.881,0.884,734975.0,65201479.0,0.8,2.01,1.37,0.007
2021-03-16,161226,白银LOF,0.893,0.894,0.888,0.889,336267.0,29968365.0,0.57,0.92,0.68,0.005
2021-03-17,161226,白银LOF,0.878,0.885,0.877,0.885,461245.0,40625700.0,-0.45,1.26,0.9,-0.004
2021-03-18,161226,白银LOF,0.903,0.905,0.899,0.905,1493617.0,134788765.0,2.26,4.09,0.68,0.02
2021-03-19,161226,白银LOF,0.884,0.893,0.882,0.893,279733.0,24807126.0,-1.33,0.77,1.22,-0.012
2021-03-22,161226,白银LOF,0.874,0.879,0.87,0.872,625092.0,54656594.0,-2.35,1.71,1.01,-0.021
2021-03-23,161226,白银LOF,0.872,0.878,0.872,0.877,191115.0,16713083.0,0.57,0.52,0.69,0.005
2021-03-24,161226,白银LOF,0.86,0.864,0.857,0.861,257230.0,22118320.0,-1.82,0.7,0.8,-0.016
2021-03-25,161226,白银LOF,0.858,0.861,0.853,0.855,150127.0,12861325.0,-0.7,0.41,0.93,-0.006
2021-03-26,161226,白银LOF,0.856,0.861,0.856,0.86,286518.0,24600727.0,0.58,0.78,0.58,0.005
2021-03-29,161226,白银LOF,0.85,0.855,0.849,0.853,202554.0,17257009.0,-0.81,0.55,0.7,-0.007
2021-03-30,161226,白银LOF,0.843,0.846,0.838,0.839,1053428.0,88699180.0,-1.64,2.88,0.94,-0.014
2021-03-31,161226,白银LOF,0.824,0.827,0.813,0.826,497656.0,40768004.0,-1.55,1.36,1.67,-0.013
2021-04-01,161226,白银LOF,0.831,0.836,0.829,0.833,261692.0,21790072.0,0.85,0.72,0.85,0.007
2021-04-02,161226,白银LOF,0.85,0.857,0.85,0.856,698364.0,59583308.0,2.76,1.91,0.84,0.023
2021-04-06,161226,白银LOF,0.851,0.861,0.85,0.853,201185.0,17193503.0,-0.35,0.55,1.29,-0.003
2021-04-07,161226,白银LOF,0.857,0.858,0.852,0.856,811295.0,69377648.0,0.35,2.22,0.7,0.003
2021-04-08,161226,白银LOF,0.85,0.866,0.85,0.863,514093.0,44288353.0,0.82,1.41,1.87,0.007
2021-04-09,161226,白银LOF,0.869,0.871,0.861,0.865,393529.0,34048373.0,0.23,1.08,1.16,0.002
2021-04-12,161226,白银LOF,0.86,0.86,0.851,0.855,453422.0,38808888.0,-1.16,1.24,1.04,-0.01
2021-04-13,161226,白银LOF,0.842,0.85,0.84,0.846,384365.0,32528447.0,-1.05,1.05,1.17,-0.009
2021-04-14,161226,白银LOF,0.863,0.869,0.861,0.867,364382.0,31556974.0,2.48,1.0,0.95,0.021
2021-04-15,161226,白银LOF,0.87,0.871,0.862,0.868,303458.0,26340450.0,0.12,0.83,1.04,0.001
2021-04-16,161226,白银LOF,0.878,0.881,0.873,0.878,315452.0,27679971.0,1.15,0.86,0.92,0.01
2021-04-19,161226,白银LOF,0.872,0.878,0.87,0.877,296358.0,25947103.0,-0.11,0.81,0.91,-0.001
2021-04-20,161226,白银LOF,0.871,0.878,0.869,0.877,203681.0,17804726.0,0.0,0.56,1.03,0.0
2021-04-21,161226,白银LOF,0.871,0.883,0.871,0.883,286219.0,25169266.0,0.68,0.78,1.37,0.006
2021-04-22,161226,白银LOF,0.892,0.895,0.887,0.892,286606.0,25575516.0,1.02,0.78,0.91,0.009
2021-04-23,161226,白银LOF,0.881,0.884,0.878,0.88,339544.0,29906261.0,-1.35,0.93,0.67,-0.012
2021-04-26,161226,白银LOF,0.877,0.878,0.871,0.874,243505.0,21307645.0,-0.68,0.67,0.8,-0.006
2021-04-27,161226,白银LOF,0.878,0.883,0.876,0.881,231500.0,20356832.0,0.8,0.63,0.8,0.007
2021-04-28,161226,白银LOF,0.877,0.88,0.874,0.879,164725.0,14452579.0,-0.23,0.45,0.68,-0.002
2021-04-29,161226,白银LOF,0.889,0.892,0.886,0.888,220067.0,19575878.0,1.02,0.6,0.68,0.009
2021-04-30,161226,白银LOF,0.878,0.878,0.871,0.873,139755.0,12196009.0,-1.69,0.38,0.79,-0.015
2021-05-06,161226,白银LOF,0.887,0.91,0.887,0.905,847051.0,76074918.0,3.67,2.32,2.63,0.032
2021-05-07,161226,白银LOF,0.921,0.928,0.915,0.917,853643.0,78566254.0,1.33,2.34,1.44,0.012
2021-05-10,161226,白银LOF,0.923,0.929,0.919,0.929,1024729.0,94886298.0,1.31,2.8,1.09,0.012
2021-05-11,161226,白银LOF,0.912,0.918,0.909,0.913,538440.0,49126436.0,-1.72,1.47,0.97,-0.016
2021-05-12,161226,白银LOF,0.914,0.918,0.91,0.918,384207.0,35108168.0,0.55,1.05,0.88,0.005
2021-05-13,161226,白银LOF,0.91,0.911,0.896,0.903,224839.0,20307769.0,-1.63,0.62,1.63,-0.015
2021-05-14,161226,白银LOF,0.902,0.909,0.895,0.907,327427.0,29568101.0,0.44,0.9,1.55,0.004
2021-05-17,161226,白银LOF,0.922,0.929,0.921,0.927,558087.0,51640763.0,2.21,1.53,0.88,0.02
2021-05-18,161226,白银LOF,0.944,0.962,0.944,0.952,1018896.0,97163857.0,2.7,2.79,1.94,0.025
2021-05-19,161226,白银LOF,0.937,0.938,0.928,0.937,394003.0,36821646.0,-1.58,1.08,1.05,-0.015
2021-05-20,161226,白银LOF,0.914,0.927,0.901,0.92,600295.0,55149383.0,-1.81,1.64,2.77,-0.017
2021-05-21,161226,白银LOF,0.92,0.92,0.912,0.913,253098.0,23154931.0,-0.76,0.69,0.87,-0.007
2021-05-24,161226,白银LOF,0.912,0.919,0.908,0.917,399923.0,36638543.0,0.44,1.09,1.2,0.004
2021-05-25,161226,白银LOF,0.91,0.916,0.906,0.914,257560.0,23448759.0,-0.33,0.7,1.09,-0.003
2021-05-26,161226,白银LOF,0.926,0.93,0.923,0.926,425766.0,39489328.0,1.31,1.17,0.77,0.012
2021-05-27,161226,白银LOF,0.906,0.911,0.904,0.908,259717.0,23566291.0,-1.94,0.71,0.76,-0.018
2021-05-28,161226,白银LOF,0.91,0.912,0.903,0.904,199415.0,18093904.0,-0.44,0.55,0.99,-0.004
2021-05-31,161226,白银LOF,0.917,0.918,0.913,0.914,323275.0,29610498.0,1.11,0.88,0.55,0.01
2021-06-01,161226,白银LOF,0.92,0.931,0.918,0.93,470207.0,43588329.0,1.75,1.29,1.42,0.016
2021-06-02,161226,白银LOF,0.917,0.917,0.909,0.912,205995.0,18784132.0,-1.94,0.56,0.86,-0.018
2021-06-03,161226,白银LOF,0.92,0.924,0.91,0.912,578201.0,53168971.0,0.0,1.58,1.54,0.0
2021-06-04,161226,白银LOF,0.888,0.892,0.884,0.89,386449.0,34321897.0,-2.41,1.06,0.88,-0.022
2021-06-07,161226,白银LOF,0.896,0.9,0.895,0.898,159313.0,14290272.0,0.9,0.44,0.56,0.008
2021-06-08,161226,白银LOF,0.91,0.911,0.901,0.903,121927.0,11050319.0,0.56,0.33,1.11,0.005
2021-06-09,161226,白银LOF,0.902,0.904,0.896,0.899,78423.0,7057306.0,-0.44,0.21,0.89,-0.004
2021-06-10,161226,白银LOF,0.899,0.9,0.896,0.898,160288.0,14386738.0,-0.11,0.44,0.44,-0.001
2021-06-11,161226,白银LOF,0.909,0.922,0.906,0.919,596435.0,54544494.0,2.34,1.63,1.78,0.021
2021-06-15,161226,白银LOF,0.904,0.904,0.897,0.902,151855.0,13666630.0,-1.85,0.42,0.76,-0.017
2021-06-16,161226,白银LOF,0.897,0.905,0.897,0.902,666718.0,60008482.0,0.0,1.82,0.89,0.0
2021-06-17,161226,白银LOF,0.881,0.886,0.877,0.88,484291.0,42656563.0,-2.44,1.33,1.0,-0.022
2021-06-18,161226,白银LOF,0.857,0.86,0.855,0.858,464323.0,39814316.0,-2.5,1.27,0.57,-0.022
2021-06-21,161226,白银LOF,0.85,0.858,0.839,0.853,474729.0,40324830.0,-0.58,1.3,2.21,-0.005
2021-06-22,161226,白银LOF,0.851,0.855,0.849,0.852,144947.0,12343477.0,-0.12,0.4,0.7,-0.001
2021-06-23,161226,白银LOF,0.85,0.858,0.849,0.856,275881.0,23577792.0,0.47,0.75,1.06,0.004
2021-06-24,161226,白银LOF,0.853,0.856,0.851,0.856,106228.0,9066793.0,0.0,0.29,0.58,0.0
2021-06-25,161226,白银LOF,0.857,0.863,0.855,0.862,280894.0,24126651.0,0.7,0.77,0.93,0.006
2021-06-28,161226,白银LOF,0.85,0.863,0.843,0.861,308025.0,26427233.0,-0.12,0.84,2.32,-0.001
2021-06-29,161226,白银LOF,0.855,0.857,0.852,0.855,109189.0,9331215.0,-0.7,0.3,0.58,-0.006
2021-06-30,161226,白银LOF,0.85,0.85,0.846,0.849,149837.0,12707798.0,-0.7,0.41,0.47,-0.006
2021-07-01,161226,白银LOF,0.858,0.864,0.857,0.861,459816.0,39630430.0,1.41,1.26,0.82,0.012
2021-07-02,161226,白银LOF,0.858,0.861,0.857,0.857,102291.0,8781115.0,-0.46,0.28,0.46,-0.004
2021-07-05,161226,白银LOF,0.871,0.875,0.87,0.874,629815.0,55011520.0,1.98,1.72,0.58,0.017
2021-07-06,161226,白银LOF,0.87,0.876,0.87,0.874,514967.0,45030941.0,0.0,1.41,0.69,0.0
2021-07-07,161226,白银LOF,0.863,0.868,0.859,0.868,182046.0,15701890.0,-0.69,0.5,1.03,-0.006
2021-07-08,161226,白银LOF,0.859,0.86,0.852,0.853,313215.0,26767141.0,-1.73,0.86,0.92,-0.015
2021-07-09,161226,白银LOF,0.856,0.857,0.851,0.854,230611.0,19685501.0,0.12,0.63,0.7,0.001
2021-07-12,161226,白银LOF,0.866,0.867,0.857,0.858,240427.0,20756791.0,0.47,0.66,1.17,0.004
2021-07-13,161226,白银LOF,0.864,0.869,0.864,0.867,382043.0,33135800.0,1.05,1.05,0.58,0.009
2021-07-14,161226,白银LOF,0.858,0.862,0.856,0.861,102197.0,8775581.0,-0.69,0.28,0.69,-0.006
2021-07-15,161226,白银LOF,0.864,0.869,0.862,0.869,273219.0,23689492.0,0.93,0.75,0.81,0.008
2021-07-16,161226,白银LOF,0.871,0.872,0.864,0.866,97345.0,8461530.0,-0.35,0.27,0.92,-0.003
2021-07-19,161226,白银LOF,0.85,0.851,0.843,0.846,353023.0,29861517.0,-2.31,0.97,0.92,-0.02
2021-07-20,161226,白银LOF,0.838,0.839,0.832,0.835,295269.0,24675918.0,-1.3,0.81,0.83,-0.011
2021-07-21,161226,白银LOF,0.831,0.836,0.828,0.834,257945.0,21434515.0,-0.12,0.71,0.96,-0.001
2021-07-22,161226,白银LOF,0.833,0.836,0.832,0.836,162677.0,13581564.0,0.24,0.45,0.48,0.002
2021-07-23,161226,白银LOF,0.837,0.839,0.833,0.839,1021861.0,85596469.0,0.36,2.8,0.72,0.003
2021-07-26,161226,白银LOF,0.835,0.84,0.834,0.836,333225.0,27885649.0,-0.36,0.91,0.72,-0.003
2021-07-27,161226,白银LOF,0.83,0.835,0.829,0.831,232047.0,19297303.0,-0.6,0.64,0.72,-0.005
2021-07-28,161226,白银LOF,0.826,0.83,0.821,0.828,448000.0,37039061.0,-0.36,1.23,1.08,-0.003
2021-07-29,161226,白银LOF,0.834,0.84,0.834,0.838,469466.0,39338901.0,1.21,1.28,0.72,0.01
2021-07-30,161226,白银LOF,0.843,0.847,0.843,0.847,234498.0,19817577.0,1.07,0.64,0.48,0.009
2021-08-02,161226,白银LOF,0.84,0.845,0.837,0.842,615773.0,51773980.0,-0.59,1.69,0.94,-0.005
2021-08-03,161226,白银LOF,0.838,0.838,0.833,0.835,129706.0,10837637.0,-0.83,0.35,0.59,-0.007
2021-08-04,161226,白银LOF,0.84,0.847,0.84,0.846,291509.0,24632372.0,1.32,0.8,0.84,0.011
2021-08-05,161226,白银LOF,0.84,0.841,0.837,0.839,85286.0,7147474.0,-0.83,0.23,0.47,-0.007
2021-08-06,161226,白银LOF,0.829,0.831,0.827,0.83,173220.0,14356002.0,-1.07,0.47,0.48,-0.009
2021-08-09,161226,白银LOF,0.798,0.802,0.796,0.8,593174.0,47392416.0,-3.61,1.62,0.72,-0.03
2021-08-10,161226,白银LOF,0.792,0.795,0.79,0.793,404417.0,32050313.0,-0.88,1.11,0.63,-0.007
2021-08-11,161226,白银LOF,0.79,0.793,0.787,0.791,291102.0,23001238.0,-0.25,0.8,0.76,-0.002
2021-08-12,161226,白银LOF,0.795,0.798,0.794,0.795,341245.0,27160669.0,0.51,0.93,0.51,0.004
2021-08-13,161226,白银LOF,0.791,0.795,0.791,0.793,342447.0,27158029.0,-0.25,0.94,0.5,-0.002
2021-08-16,161226,白银LOF,0.802,0.804,0.796,0.797,369792.0,29577866.0,0.5,1.01,1.01,0.004
2021-08-17,161226,白银LOF,0.801,0.804,0.798,0.801,463164.0,37109587.0,0.5,1.27,0.75,0.004
2021-08-18,161226,白银LOF,0.796,0.8,0.796,0.799,164667.0,13141020.0,-0.25,0.45,0.5,-0.002
2021-08-19,161226,白银LOF,0.791,0.791,0.779,0.786,297179.0,23317119.0,-1.63,0.81,1.5,-0.013
2021-08-20,161226,白银LOF,0.783,0.787,0.781,0.785,205036.0,16080749.0,-0.13,0.56,0.76,-0.001
2021-08-23,161226,白银LOF,0.778,0.784,0.775,0.782,351487.0,27463463.0,-0.38,0.96,1.15,-0.003
2021-08-24,161226,白银LOF,0.79,0.795,0.79,0.793,238668.0,18924318.0,1.41,0.65,0.64,0.011
2021-08-25,161226,白银LOF,0.795,0.796,0.792,0.793,311181.0,24708205.0,0.0,0.85,0.5,0.0
2021-08-26,161226,白银LOF,0.795,0.797,0.79,0.79,174071.0,13833343.0,-0.38,0.48,0.88,-0.003
2021-08-27,161226,白银LOF,0.786,0.794,0.785,0.792,379515.0,30034675.0,0.25,1.04,1.14,0.002
2021-08-30,161226,白银LOF,0.803,0.804,0.797,0.798,287793.0,23039823.0,0.76,0.79,0.88,0.006
2021-08-31,161226,白银LOF,0.797,0.802,0.793,0.801,372189.0,29703217.0,0.38,1.02,1.13,0.003
2021-09-01,161226,白银LOF,0.796,0.796,0.791,0.793,186125.0,14780770.0,-1.0,0.51,0.62,-0.008
2021-09-02,161226,白银LOF,0.8,0.803,0.799,0.801,222348.0,17803095.0,1.01,0.61,0.5,0.008
2021-09-03,161226,白银LOF,0.795,0.796,0.793,0.796,103867.0,8250459.0,-0.62,0.28,0.37,-0.005
2021-09-06,161226,白银LOF,0.815,0.819,0.815,0.818,621231.0,50810737.0,2.76,1.7,0.5,0.022
2021-09-07,161226,白银LOF,0.821,0.821,0.813,0.815,138644.0,11321247.0,-0.37,0.38,0.98,-0.003
2021-09-08,161226,白银LOF,0.807,0.808,0.803,0.805,210626.0,16971553.0,-1.23,0.58,0.61,-0.01
2021-09-09,161226,白银LOF,0.794,0.798,0.792,0.795,254778.0,20237938.0,-1.24,0.7,0.75,-0.01
2021-09-10,161226,白银LOF,0.794,0.804,0.794,0.802,206030.0,16485566.0,0.88,0.56,1.26,0.007
2021-09-13,161226,白银LOF,0.788,0.791,0.786,0.788,333227.0,26283649.0,-1.75,0.91,0.62,-0.014
2021-09-14,161226,白银LOF,0.788,0.789,0.787,0.788,130513.0,10283180.0,0.0,0.36,0.25,0.0
2021-09-15,161226,白银LOF,0.788,0.789,0.786,0.787,116377.0,9163352.0,-0.13,0.32,0.38,-0.001
2021-09-16,161226,白银LOF,0.788,0.79,0.78,0.781,267023.0,20965759.0,-0.76,0.73,1.27,-0.006
2021-09-17,161226,白银LOF,0.76,0.765,0.758,0.762,300697.0,22858805.0,-2.43,0.82,0.9,-0.019
2021-09-22,161226,白银LOF,0.758,0.764,0.758,0.762,156997.0,11952533.0,0.0,0.43,0.79,0.0
2021-09-23,161226,白银LOF,0.76,0.76,0.757,0.759,221027.0,16759430.0,-0.39,0.6,0.39,-0.003
2021-09-24,161226,白银LOF,0.755,0.759,0.754,0.755,288782.0,21829241.0,-0.53,0.79,0.66,-0.004
2021-09-27,161226,白银LOF,0.753,0.756,0.752,0.754,194405.0,14640151.0,-0.13,0.53,0.53,-0.001
2021-09-28,161226,白银LOF,0.748,0.752,0.743,0.743,304497.0,22778519.0,-1.46,0.83,1.19,-0.011
2021-09-29,161226,白银LOF,0.744,0.747,0.735,0.737,1215547.0,90378063.0,-0.81,3.33,1.62,-0.006
2021-09-30,161226,白银LOF,0.719,0.72,0.716,0.718,739023.0,53054739.0,-2.58,2.02,0.54,-0.019
2021-10-08,161226,白银LOF,0.741,0.745,0.74,0.744,512737.0,38096437.0,3.62,1.4,0.7,0.026
2021-10-11,161226,白银LOF,0.752,0.756,0.75,0.751,324393.0,24412593.0,0.94,0.89,0.81,0.007
2021-10-12,161226,白银LOF,0.749,0.752,0.746,0.75,178106.0,13342213.0,-0.13,0.49,0.8,-0.001
2021-10-13,161226,白银LOF,0.747,0.751,0.744,0.75,188853.0,14135250.0,0.0,0.52,0.93,0.0
2021-10-14,161226,白银LOF,0.755,0.768,0.753,0.766,867841.0,65996539.0,2.13,2.38,2.0,0.016
2021-10-15,161226,白银LOF,0.768,0.774,0.767,0.771,563567.0,43428019.0,0.65,1.54,0.91,0.005
2021-10-18,161226,白银LOF,0.766,0.768,0.759,0.763,681905.0,52203592.0,-1.04,1.87,1.17,-0.008
2021-10-19,161226,白银LOF,0.764,0.77,0.762,0.769,918772.0,70570503.0,0.79,2.51,1.05,0.006
2021-10-20,161226,白银LOF,0.77,0.776,0.764,0.776,1241446.0,95527660.0,0.91,3.4,1.56,0.007
2021-10-21,161226,白银LOF,0.782,0.785,0.773,0.773,1197674.0,93286849.0,-0.39,3.28,1.55,-0.003
2021-10-22,161226,白银LOF,0.766,0.774,0.765,0.772,697358.0,53598253.0,-0.13,1.91,1.16,-0.001
2021-10-25,161226,白银LOF,0.769,0.776,0.768,0.772,814620.0,62747363.0,0.0,2.23,1.04,0.0
2021-10-26,161226,白银LOF,0.777,0.777,0.77,0.771,542437.0,42009935.0,-0.13,1.48,0.91,-0.001
2021-10-27,161226,白银LOF,0.758,0.76,0.755,0.758,502707.0,38055467.0,-1.69,1.38,0.65,-0.013
2021-10-28,161226,白银LOF,0.759,0.764,0.758,0.759,307229.0,23373389.0,0.13,0.84,0.79,0.001
2021-10-29,161226,白银LOF,0.759,0.759,0.75,0.752,197349.0,14888046.0,-0.92,0.54,1.19,-0.007
2021-11-01,161226,白银LOF,0.75,0.755,0.75,0.753,97870.0,7359045.0,0.13,0.27,0.66,0.001
2021-11-02,161226,白银LOF,0.757,0.762,0.756,0.759,243492.0,18487231.0,0.8,0.67,0.8,0.006
2021-11-03,161226,白银LOF,0.743,0.745,0.74,0.745,263437.0,19546254.0,-1.84,0.72,0.66,-0.014
2021-11-04,161226,白银LOF,0.746,0.748,0.741,0.743,215018.0,16014659.0,-0.27,0.59,0.94,-0.002
2021-11-05,161226,白银LOF,0.751,0.755,0.751,0.755,166245.0,12528344.0,1.62,0.45,0.54,0.012
2021-11-08,161226,白银LOF,0.77,0.771,0.766,0.767,660018.0,50729488.0,1.59,1.81,0.66,0.012
2021-11-09,161226,白银LOF,0.771,0.772,0.768,0.769,122935.0,9466901.0,0.26,0.34,0.52,0.002
2021-11-10,161226,白银LOF,0.765,0.769,0.764,0.769,772530.0,59258353.0,0.0,2.11,0.65,0.0
2021-11-11,161226,白银LOF,0.78,0.789,0.778,0.789,681100.0,53506883.0,2.6,1.86,1.43,0.02
2021-11-12,161226,白银LOF,0.795,0.799,0.792,0.798,384554.0,30575927.0,1.14,1.05,0.89,0.009
2021-11-15,161226,白银LOF,0.785,0.795,0.782,0.787,351305.0,27584742.0,-1.38,0.96,1.63,-0.011
2021-11-16,161226,白银LOF,0.786,0.79,0.785,0.786,172973.0,13611312.0,-0.13,0.47,0.64,-0.001
2021-11-17,161226,白银LOF,0.784,0.791,0.784,0.79,173710.0,13676602.0,0.51,0.48,0.89,0.004
2021-11-18,161226,白银LOF,0.79,0.792,0.782,0.785,226448.0,17825620.0,-0.63,0.62,1.27,-0.005
2021-11-19,161226,白银LOF,0.78,0.783,0.778,0.781,104780.0,8181925.0,-0.51,0.29,0.64,-0.004
2021-11-22,161226,白银LOF,0.775,0.778,0.775,0.778,124126.0,9632580.0,-0.38,0.34,0.38,-0.003
2021-11-23,161226,白银LOF,0.769,0.769,0.76,0.766,267015.0,20424594.0,-1.54,0.73,1.16,-0.012
2021-11-24,161226,白银LOF,0.751,0.759,0.75,0.759,189970.0,14359975.0,-0.91,0.52,1.17,-0.007
2021-11-25,161226,白银LOF,0.754,0.758,0.754,0.757,121972.0,9218996.0,-0.26,0.33,0.53,-0.002
2021-11-26,161226,白银LOF,0.741,0.743,0.739,0.742,521739.0,38655123.0,-1.98,1.43,0.53,-0.015
2021-11-29,161226,白银LOF,0.734,0.735,0.733,0.733,421322.0,30918763.0,-1.21,1.15,0.27,-0.009
2021-11-30,161226,白银LOF,0.72,0.724,0.716,0.72,550368.0,39638696.0,-1.77,1.51,1.09,-0.013
2021-12-01,161226,白银LOF,0.717,0.722,0.712,0.72,321316.0,23040759.0,0.0,0.88,1.39,0.0
2021-12-02,161226,白银LOF,0.71,0.711,0.707,0.709,425850.0,30183371.0,-1.53,1.17,0.56,-0.011
2021-12-03,161226,白银LOF,0.709,0.713,0.708,0.712,247011.0,17555396.0,0.42,0.68,0.71,0.003
2021-12-06,161226,白银LOF,0.713,0.715,0.712,0.712,213765.0,15259867.0,0.0,0.59,0.42,0.0
2021-12-07,161226,白银LOF,0.71,0.715,0.708,0.713,240053.0,17069917.0,0.14,0.66,0.98,0.001
2021-12-08,161226,白银LOF,0.711,0.713,0.709,0.709,270876.0,19240803.0,-0.56,0.74,0.56,-0.004
2021-12-09,161226,白银LOF,0.706,0.709,0.705,0.705,564045.0,39855123.0,-0.56,1.54,0.56,-0.004
2021-12-10,161226,白银LOF,0.699,0.701,0.692,0.694,746572.0,52076030.0,-1.56,2.04,1.28,-0.011
2021-12-13,161226,白银LOF,0.705,0.708,0.704,0.706,536822.0,37913457.0,1.73,1.47,0.58,0.012
2021-12-14,161226,白银LOF,0.709,0.71,0.706,0.709,316820.0,22448194.0,0.42,0.87,0.57,0.003
2021-12-15,161226,白银LOF,0.7,0.701,0.697,0.698,729829.0,51027913.0,-1.55,2.0,0.56,-0.011
2021-12-16,161226,白银LOF,0.703,0.709,0.703,0.708,1034555.0,73077906.0,1.43,2.83,0.86,0.01
2021-12-17,161226,白银LOF,0.716,0.721,0.715,0.717,635595.0,45622921.0,1.27,1.74,0.85,0.009
2021-12-20,161226,白银LOF,0.713,0.714,0.708,0.713,685096.0,48726611.0,-0.56,1.87,0.84,-0.004
2021-12-21,161226,白银LOF,0.708,0.716,0.707,0.714,452699.0,32239454.0,0.14,1.24,1.26,0.001
2021-12-22,161226,白银LOF,0.717,0.72,0.716,0.717,309117.0,22185598.0,0.42,0.85,0.56,0.003
2021-12-23,161226,白银LOF,0.723,0.726,0.722,0.725,394502.0,28574523.0,1.12,1.08,0.56,0.008
2021-12-24,161226,白银LOF,0.724,0.725,0.722,0.725,362790.0,26229467.0,0.0,0.99,0.41,0.0
2021-12-27,161226,白银LOF,0.724,0.727,0.72,0.722,247031.0,17839535.0,-0.41,0.68,0.97,-0.003
2021-12-28,161226,白银LOF,0.725,0.727,0.722,0.727,209649.0,15194464.0,0.69,0.57,0.69,0.005
2021-12-29,161226,白银LOF,0.723,0.726,0.721,0.725,126870.0,9183723.0,-0.28,0.35,0.69,-0.002
2021-12-30,161226,白银LOF,0.718,0.718,0.713,0.715,198182.0,14177554.0,-1.38,0.54,0.69,-0.01
2021-12-31,161226,白银LOF,0.725,0.728,0.724,0.726,328473.0,23841524.0,1.54,0.9,0.56,0.011
2022-01-04,161226,白银LOF,0.72,0.72,0.713,0.714,268485.0,19201653.0,-1.65,0.73,0.96,-0.012
2022-01-05,161226,白银LOF,0.717,0.718,0.713,0.714,260804.0,18671884.0,0.0,0.71,0.7,0.0
2022-01-06,161226,白银LOF,0.708,0.709,0.704,0.706,529672.0,37415448.0,-1.12,1.45,0.7,-0.008
2022-01-07,161226,白银LOF,0.697,0.699,0.696,0.698,307747.0,21472493.0,-1.13,0.84,0.42,-0.008
2022-01-10,161226,白银LOF,0.697,0.7,0.695,0.699,131466.0,9158693.0,0.14,0.36,0.72,0.001
2022-01-11,161226,白银LOF,0.699,0.705,0.699,0.705,256734.0,18010496.0,0.86,0.7,0.86,0.006
2022-01-12,161226,白银LOF,0.704,0.707,0.703,0.707,201813.0,14225755.0,0.28,0.55,0.57,0.002
2022-01-13,161226,白银LOF,0.714,0.716,0.712,0.713,1056600.0,75521215.0,0.85,2.89,0.57,0.006
2022-01-14,161226,白银LOF,0.71,0.714,0.709,0.714,280394.0,19962673.0,0.14,0.77,0.7,0.001
2022-01-17,161226,白银LOF,0.708,0.711,0.706,0.709,270693.0,19192200.0,-0.7,0.74,0.7,-0.005
2022-01-18,161226,白银LOF,0.709,0.712,0.706,0.711,192821.0,13668274.0,0.28,0.53,0.85,0.002
2022-01-19,161226,白银LOF,0.724,0.73,0.723,0.729,940068.0,68239531.0,2.53,2.57,0.98,0.018
2022-01-20,161226,白银LOF,0.737,0.741,0.735,0.739,446103.0,32927563.0,1.37,1.22,0.82,0.01
2022-01-21,161226,白银LOF,0.753,0.753,0.746,0.752,890948.0,66799197.0,1.76,2.44,0.95,0.013
2022-01-24,161226,白银LOF,0.741,0.742,0.737,0.739,688059.0,50895281.0,-1.73,1.88,0.66,-0.013
2022-01-25,161226,白银LOF,0.732,0.733,0.729,0.731,305265.0,22314701.0,-1.08,0.84,0.54,-0.008
2022-01-26,161226,白银LOF,0.73,0.731,0.728,0.728,200495.0,14620479.0,-0.41,0.55,0.41,-0.003
2022-01-27,161226,白银LOF,0.72,0.72,0.702,0.711,215973.0,15445669.0,-2.34,0.59,2.47,-0.017
2022-01-28,161226,白银LOF,0.702,0.706,0.701,0.705,233831.0,16442592.0,-0.84,0.64,0.7,-0.006
2022-02-07,161226,白银LOF,0.706,0.712,0.706,0.709,236200.0,16761450.0,0.57,0.65,0.85,0.004
2022-02-08,161226,白银LOF,0.713,0.713,0.708,0.71,152644.0,10829385.0,0.14,0.42,0.71,0.001
2022-02-09,161226,白银LOF,0.712,0.716,0.712,0.713,324516.0,23166695.0,0.42,0.89,0.56,0.003
2022-02-10,161226,白银LOF,0.712,0.715,0.709,0.715,187314.0,13336242.0,0.28,0.51,0.84,0.002
2022-02-11,161226,白银LOF,0.708,0.71,0.702,0.703,250321.0,17688719.0,-1.68,0.69,1.12,-0.012
2022-02-14,161226,白银LOF,0.721,0.725,0.72,0.722,820833.0,59311668.0,2.7,2.25,0.71,0.019
2022-02-15,161226,白银LOF,0.725,0.73,0.723,0.724,383715.0,27878509.0,0.28,1.05,0.97,0.002
2022-02-16,161226,白银LOF,0.705,0.71,0.704,0.708,955587.0,67515245.0,-2.21,2.62,0.83,-0.016
2022-02-17,161226,白银LOF,0.71,0.712,0.706,0.711,360177.0,25553537.0,0.42,0.99,0.85,0.003
2022-02-18,161226,白银LOF,0.718,0.723,0.716,0.721,750945.0,54067454.0,1.41,2.06,0.98,0.01
2022-02-21,161226,白银LOF,0.72,0.72,0.715,0.718,289043.0,20726599.0,-0.42,0.79,0.69,-0.003
2022-02-22,161226,白银LOF,0.72,0.733,0.72,0.729,1145018.0,83381930.0,1.53,3.13,1.81,0.011
2022-02-23,161226,白银LOF,0.729,0.731,0.725,0.728,470312.0,34245994.0,-0.14,1.29,0.82,-0.001
2022-02-24,161226,白银LOF,0.74,0.753,0.739,0.748,1381526.0,102922769.0,2.75,3.78,1.92,0.02
2022-02-25,161226,白银LOF,0.734,0.734,0.728,0.733,329974.0,24130469.0,-2.01,0.9,0.8,-0.015
2022-02-28,161226,白银LOF,0.726,0.728,0.724,0.726,756446.0,54940115.0,-0.95,2.07,0.55,-0.007
2022-03-01,161226,白银LOF,0.725,0.729,0.723,0.729,304431.0,22089483.0,0.41,0.83,0.83,0.003
2022-03-02,161226,白银LOF,0.74,0.749,0.74,0.742,839786.0,62567389.0,1.78,2.3,1.23,0.013
2022-03-03,161226,白银LOF,0.741,0.747,0.74,0.746,446586.0,33277455.0,0.54,1.22,0.94,0.004
2022-03-04,161226,白银LOF,0.744,0.744,0.738,0.739,189069.0,14009884.0,-0.94,0.52,0.8,-0.007
2022-03-07,161226,白银LOF,0.758,0.768,0.752,0.755,880467.0,66980701.0,2.17,2.41,2.17,0.016
2022-03-08,161226,白银LOF,0.745,0.773,0.741,0.773,1091698.0,82968398.0,2.38,2.99,4.24,0.018
2022-03-09,161226,白银LOF,0.775,0.785,0.772,0.782,744852.0,58021055.0,1.16,2.04,1.68,0.009
2022-03-10,161226,白银LOF,0.742,0.749,0.741,0.745,1030348.0,76746304.0,-4.73,2.82,1.02,-0.037
2022-03-11,161226,白银LOF,0.749,0.754,0.747,0.751,724576.0,54432626.0,0.81,1.98,0.94,0.006
2022-03-14,161226,白银LOF,0.746,0.749,0.741,0.745,477168.0,35537122.0,-0.8,1.31,1.07,-0.006
2022-03-15,161226,白银LOF,0.73,0.734,0.725,0.726,434008.0,31639634.0,-2.55,1.19,1.21,-0.019
2022-03-16,161226,白银LOF,0.732,0.738,0.727,0.734,374188.0,27380949.0,1.1,1.02,1.52,0.008
2022-03-17,161226,白银LOF,0.739,0.746,0.738,0.743,493830.0,36680314.0,1.23,1.35,1.09,0.009
2022-03-18,161226,白银LOF,0.747,0.749,0.746,0.748,154400.0,11543583.0,0.67,0.42,0.4,0.005
2022-03-21,161226,白银LOF,0.741,0.743,0.738,0.739,767351.0,56847980.0,-1.2,2.1,0.67,-0.009
2022-03-22,161226,白银LOF,0.746,0.755,0.746,0.752,757273.0,56951842.0,1.76,2.07,1.22,0.013
2022-03-23,161226,白银LOF,0.739,0.74,0.737,0.74,195113.0,14413493.0,-1.6,0.53,0.4,-0.012
2022-03-24,161226,白银LOF,0.749,0.75,0.744,0.747,326812.0,24405014.0,0.95,0.89,0.81,0.007
2022-03-25,161226,白银LOF,0.76,0.763,0.758,0.761,414762.0,31572140.0,1.87,1.14,0.67,0.014
2022-03-28,161226,白银LOF,0.754,0.755,0.748,0.752,293956.0,22110444.0,-1.18,0.8,0.92,-0.009
2022-03-29,161226,白银LOF,0.746,0.747,0.744,0.745,176542.0,13156059.0,-0.93,0.48,0.4,-0.007
2022-03-30,161226,白银LOF,0.736,0.738,0.735,0.736,448267.0,33018247.0,-1.21,1.23,0.4,-0.009
2022-03-31,161226,白银LOF,0.732,0.732,0.727,0.73,234749.0,17124825.0,-0.82,0.64,0.68,-0.006
2022-04-01,161226,白银LOF,0.729,0.734,0.729,0.732,831709.0,60775387.0,0.27,2.28,0.68,0.002
2022-04-06,161226,白银LOF,0.723,0.725,0.721,0.723,416189.0,30075606.0,-1.23,1.14,0.55,-0.009
2022-04-07,161226,白银LOF,0.723,0.725,0.72,0.722,189202.0,13661373.0,-0.14,0.52,0.69,-0.001
2022-04-08,161226,白银LOF,0.729,0.731,0.728,0.73,399982.0,29199281.0,1.11,1.09,0.42,0.008
2022-04-11,161226,白银LOF,0.736,0.739,0.735,0.738,245089.0,18066502.0,1.1,0.67,0.55,0.008
2022-04-12,161226,白银LOF,0.744,0.752,0.743,0.751,625745.0,46855996.0,1.76,1.71,1.22,0.013
2022-04-13,161226,白银LOF,0.753,0.758,0.753,0.756,293523.0,22191283.0,0.67,0.8,0.67,0.005
2022-04-14,161226,白银LOF,0.759,0.765,0.759,0.76,438617.0,33430819.0,0.53,1.2,0.79,0.004
2022-04-15,161226,白银LOF,0.757,0.759,0.755,0.758,285187.0,21605841.0,-0.26,0.78,0.53,-0.002
2022-04-18,161226,白银LOF,0.769,0.77,0.764,0.765,237460.0,18238930.0,0.92,0.65,0.79,0.007
2022-04-19,161226,白银LOF,0.764,0.766,0.763,0.765,212270.0,16221273.0,0.0,0.58,0.39,0.0
2022-04-20,161226,白银LOF,0.75,0.75,0.745,0.745,208444.0,15564351.0,-2.61,0.57,0.65,-0.02
2022-04-21,161226,白银LOF,0.748,0.751,0.746,0.75,117956.0,8820644.0,0.67,0.32,0.67,0.005
2022-04-22,161226,白银LOF,0.736,0.74,0.735,0.739,296513.0,21875394.0,-1.47,0.81,0.67,-0.011
2022-04-25,161226,白银LOF,0.729,0.729,0.718,0.721,284352.0,20557071.0,-2.44,0.78,1.49,-0.018
2022-04-26,161226,白银LOF,0.724,0.725,0.721,0.722,152642.0,11038035.0,0.14,0.42,0.55,0.001
2022-04-27,161226,白银LOF,0.72,0.721,0.716,0.721,163206.0,11726678.0,-0.14,0.45,0.69,-0.001
2022-04-28,161226,白银LOF,0.715,0.716,0.712,0.713,147476.0,10533388.0,-1.11,0.4,0.55,-0.008
2022-04-29,161226,白银LOF,0.715,0.734,0.715,0.733,232812.0,16777662.0,2.81,0.64,2.66,0.02
2022-05-05,161226,白银LOF,0.72,0.73,0.718,0.726,225228.0,16311625.0,-0.95,0.62,1.64,-0.007
2022-05-06,161226,白银LOF,0.693,0.699,0.693,0.698,748870.0,52098574.0,-3.86,2.05,0.83,-0.028
2022-05-09,161226,白银LOF,0.697,0.699,0.696,0.697,292265.0,20376525.0,-0.14,0.8,0.43,-0.001
2022-05-10,161226,白银LOF,0.691,0.696,0.687,0.694,299022.0,20676901.0,-0.43,0.82,1.29,-0.003
2022-05-11,161226,白银LOF,0.682,0.687,0.68,0.686,558986.0,38208602.0,-1.15,1.53,1.01,-0.008
2022-05-12,161226,白银LOF,0.686,0.688,0.681,0.684,291560.0,19960295.0,-0.29,0.8,1.02,-0.002
2022-05-13,161226,白银LOF,0.674,0.674,0.671,0.672,491417.0,33042204.0,-1.75,1.34,0.44,-0.012
2022-05-16,161226,白银LOF,0.677,0.678,0.673,0.674,289608.0,19558772.0,0.3,0.79,0.74,0.002
2022-05-17,161226,白银LOF,0.685,0.688,0.683,0.688,411750.0,28235191.0,2.08,1.13,0.74,0.014
2022-05-18,161226,白银LOF,0.68,0.681,0.678,0.68,394895.0,26835882.0,-1.16,1.08,0.44,-0.008
2022-05-19,161226,白银LOF,0.677,0.68,0.675,0.678,220065.0,14907086.0,-0.29,0.6,0.74,-0.002
2022-05-20,161226,白银LOF,0.687,0.69,0.686,0.689,371560.0,25553794.0,1.62,1.02,0.59,0.011
2022-05-23,161226,白银LOF,0.687,0.687,0.685,0.686,321720.0,22079723.0,-0.44,0.88,0.29,-0.003
2022-05-24,161226,白银LOF,0.682,0.683,0.68,0.683,149990.0,10215717.0,-0.44,0.41,0.44,-0.003
2022-05-25,161226,白银LOF,0.687,0.689,0.686,0.687,236948.0,16288251.0,0.59,0.65,0.44,0.004
2022-05-26,161226,白银LOF,0.684,0.684,0.68,0.682,25667700.0,17518205.250000004,,,,
2022-05-27,161226,白银LOF,0.687,0.692,0.686,0.69,57536300.0,39628126.625,,,,
2022-05-30,161226,白银LOF,0.686,0.688,0.684,0.686,21631800.0,14839414.8,,,,
2022-05-31,161226,白银LOF,0.671,0.675,0.67,0.675,61266100.0,41216768.775,,,,
2022-06-01,161226,白银LOF,0.671,0.672,0.669,0.67,27295800.0,18301833.9,,,,
2022-06-02,161226,白银LOF,0.675,0.679,0.675,0.678,51186700.0,34640599.225,,,,
2022-06-06,161226,白银LOF,0.684,0.69,0.684,0.69,38465300.0,26425661.1,,,,
2022-06-07,161226,白银LOF,0.685,0.686,0.681,0.683,28553800.0,19523660.750000004,,,,
2022-06-08,161226,白银LOF,0.686,0.688,0.684,0.688,24008700.0,16481972.550000004,,,,
2022-06-09,161226,白银LOF,0.687,0.687,0.682,0.684,27262500.0,18674812.5,,,,
2022-06-10,161226,白银LOF,0.673,0.675,0.671,0.674,49071500.0,33037387.375000007,,,,
2022-06-13,161226,白银LOF,0.679,0.68,0.678,0.68,41466300.0,28165984.275,,,,
2022-06-14,161226,白银LOF,0.667,0.669,0.665,0.669,67036600.0,44746930.5,,,,
2022-06-15,161226,白银LOF,0.666,0.667,0.665,0.667,56316000.0,37520535.0,,,,
2022-06-16,161226,白银LOF,0.675,0.677,0.675,0.675,56659400.0,38273424.7,,,,
2022-06-17,161226,白银LOF,0.677,0.683,0.677,0.682,105264000.0,71553204.0,,,,
2022-06-20,161226,白银LOF,0.677,0.677,0.669,0.674,54359300.0,36651758.025,,,,
2022-06-21,161226,白银LOF,0.674,0.675,0.668,0.668,53694400.0,36042366.00000001,,,,
2022-06-22,161226,白银LOF,0.669,0.67,0.663,0.665,70811200.0,47213367.6,,,,
2022-06-23,161226,白银LOF,0.666,0.667,0.662,0.666,37986800.0,25270718.7,,,,
2022-06-24,161226,白银LOF,0.656,0.656,0.651,0.652,80714700.0,52767235.12500001,,,,
2022-06-27,161226,白银LOF,0.657,0.661,0.656,0.661,92678100.0,61051698.37500001,,,,
2022-06-28,161226,白银LOF,0.655,0.658,0.651,0.658,58022800.0,38033945.4,,,,
2022-06-29,161226,白银LOF,0.648,0.649,0.644,0.646,124061200.0,80236581.10000001,,,,
2022-06-30,161226,白银LOF,0.645,0.647,0.643,0.646,44122800.0,28470236.7,,,,
2022-07-01,161226,白银LOF,0.634,0.634,0.624,0.625,109424000.0,68855052.0,,,,
2022-07-04,161226,白银LOF,0.621,0.621,0.618,0.619,70966000.0,43981178.5,,,,
2022-07-05,161226,白银LOF,0.628,0.631,0.627,0.628,93582600.0,58816664.10000001,,,,
2022-07-06,161226,白银LOF,0.615,0.615,0.6,0.608,126302700.0,76981495.64999999,,,,
2022-07-07,161226,白银LOF,0.605,0.612,0.603,0.608,70720200.0,42927161.4,,,,
2022-07-08,161226,白银LOF,0.608,0.608,0.604,0.607,34051500.0,20660747.625,,,,
2022-07-11,161226,白银LOF,0.606,0.609,0.604,0.606,43757700.0,26528105.624999996,,,,
2022-07-12,161226,白银LOF,0.595,0.606,0.595,0.603,49182800.0,29497384.3,,,,
2022-07-13,161226,白银LOF,0.601,0.602,0.598,0.601,30596400.0,18373138.2,,,,
2022-07-14,161226,白银LOF,0.605,0.607,0.602,0.602,39844000.0,24065776.0,,,,
2022-07-15,161226,白银LOF,0.585,0.586,0.581,0.582,87431200.0,51016105.199999996,,,,
2022-07-18,161226,白银LOF,0.591,0.596,0.59,0.594,83840100.0,49696219.275,,,,
2022-07-19,161226,白银LOF,0.591,0.593,0.587,0.593,31929300.0,18870216.3,,,,
2022-07-20,161226,白银LOF,0.592,0.595,0.591,0.593,127888300.0,75805789.825,,,,
2022-07-21,161226,白银LOF,0.591,0.593,0.589,0.59,33622700.0,19862610.025,,,,
2022-07-22,161226,白银LOF,0.597,0.599,0.595,0.597,39129100.0,23360072.7,,,,
2022-07-25,161226,白银LOF,0.592,0.595,0.59,0.594,34610100.0,20515136.775,,,,
2022-07-26,161226,白银LOF,0.592,0.595,0.591,0.593,32936400.0,19523051.1,,,,
2022-07-27,161226,白银LOF,0.596,0.597,0.594,0.596,30102300.0,17933445.225,,,,
2022-07-28,161226,白银LOF,0.613,0.616,0.612,0.616,134668400.0,82720064.7,,,,
2022-07-29,161226,白银LOF,0.632,0.635,0.628,0.635,129222000.0,81732915.0,,,,
2022-08-01,161226,白银LOF,0.631,0.633,0.629,0.63,100605100.0,63456666.825,,,,
2022-08-02,161226,白银LOF,0.636,0.636,0.629,0.633,111288000.0,70500948.0,,,,
2022-08-03,161226,白银LOF,0.623,0.628,0.621,0.625,69081100.0,43123876.675,,,,
2022-08-04,161226,白银LOF,0.626,0.632,0.626,0.629,36121500.0,22693332.375,,,,
2022-08-05,161226,白银LOF,0.633,0.638,0.633,0.636,63454000.0,40293290.0,,,,
2022-08-08,161226,白银LOF,0.622,0.626,0.621,0.625,85261600.0,53160607.599999994,,,,
2022-08-09,161226,白银LOF,0.64,0.643,0.639,0.641,66766900.0,42780891.175000004,,,,
2022-08-10,161226,白银LOF,0.638,0.638,0.636,0.638,60563500.0,38609231.25000001,,,,
2022-08-11,161226,白银LOF,0.638,0.64,0.636,0.64,29634900.0,18921883.650000002,,,,
2022-08-12,161226,白银LOF,0.632,0.637,0.632,0.637,25574600.0,16227083.700000001,,,,
2022-08-15,161226,白银LOF,0.647,0.649,0.643,0.643,35992100.0,23232900.549999997,,,,
2022-08-16,161226,白银LOF,0.631,0.634,0.63,0.633,22273900.0,14077104.8,,,,
2022-08-17,161226,白银LOF,0.631,0.633,0.629,0.63,25861200.0,16311951.9,,,,
2022-08-18,161226,白银LOF,0.622,0.622,0.617,0.619,51983500.0,32229770.0,,,,
2022-08-19,161226,白银LOF,0.614,0.615,0.612,0.615,41346200.0,25386566.8,,,,
2022-08-22,161226,白银LOF,0.608,0.61,0.607,0.609,34560700.0,21030185.950000003,,,,
2022-08-23,161226,白银LOF,0.61,0.612,0.61,0.612,22073700.0,13487030.7,,,,
2022-08-24,161226,白银LOF,0.61,0.612,0.608,0.61,30455200.0,18577672.0,,,,
2022-08-25,161226,白银LOF,0.611,0.615,0.611,0.615,40499900.0,24826438.7,,,,
2022-08-26,161226,白银LOF,0.61,0.612,0.609,0.611,21343600.0,13030267.8,,,,
2022-08-29,161226,白银LOF,0.6,0.601,0.598,0.6,50963800.0,30565539.05,,,,
2022-08-30,161226,白银LOF,0.602,0.603,0.598,0.601,19336900.0,11621476.9,,,,
2022-08-31,161226,白银LOF,0.594,0.598,0.593,0.596,28024800.0,16681762.2,,,,
2022-09-01,161226,白银LOF,0.587,0.591,0.586,0.591,58836800.0,34640166.0,,,,
2022-09-02,161226,白银LOF,0.592,0.593,0.588,0.592,33865100.0,20022740.374999996,,,,
2022-09-05,161226,白银LOF,0.592,0.595,0.592,0.594,27380200.0,16243303.649999999,,,,
2022-09-06,161226,白银LOF,0.596,0.597,0.594,0.597,94045100.0,56050879.599999994,,,,
2022-09-07,161226,白银LOF,0.588,0.592,0.586,0.591,58515900.0,34480494.074999996,,,,
2022-09-08,161226,白银LOF,0.598,0.601,0.597,0.599,116518500.0,69765451.875,,,,
2022-09-09,161226,白银LOF,0.603,0.608,0.602,0.607,75304300.0,45559101.5,,,,
2022-09-13,161226,白银LOF,0.623,0.625,0.62,0.624,126131200.0,78579737.6,,,,
2022-09-14,161226,白银LOF,0.613,0.617,0.612,0.617,82568200.0,50758800.95,,,,
2022-09-15,161226,白银LOF,0.62,0.621,0.616,0.616,40194400.0,24850187.799999997,,,,
2022-09-16,161226,白银LOF,0.614,0.616,0.609,0.612,61357600.0,37596869.4,,,,
2022-09-19,161226,白银LOF,0.618,0.62,0.616,0.617,28268100.0,17462618.775000002,,,,
2022-09-20,161226,白银LOF,0.62,0.623,0.62,0.621,41398600.0,25708530.6,,,,
2022-09-21,161226,白银LOF,0.617,0.623,0.616,0.621,58765600.0,36390597.8,,,,
2022-09-22,161226,白银LOF,0.621,0.629,0.62,0.624,37026000.0,23085711.000000004,,,,
2022-09-23,161226,白银LOF,0.632,0.635,0.631,0.634,85358900.0,54032183.7,,,,
2022-09-26,161226,白银LOF,0.615,0.615,0.608,0.61,58869200.0,36027950.4,,,,
2022-09-27,161226,白银LOF,0.606,0.61,0.605,0.61,26891600.0,16343369.9,,,,
2022-09-28,161226,白银LOF,0.608,0.608,0.6,0.6,29249400.0,17666637.599999998,,,,
2022-09-29,161226,白银LOF,0.615,0.616,0.611,0.615,42827000.0,26306484.75,,,,
2022-09-30,161226,白银LOF,0.615,0.62,0.614,0.62,53092200.0,32771160.45,,,,
2022-10-10,161226,白银LOF,0.638,0.639,0.634,0.637,56232200.0,35819911.4,,,,
2022-10-11,161226,白银LOF,0.635,0.637,0.631,0.633,40804800.0,25870243.2,,,,
2022-10-12,161226,白银LOF,0.625,0.628,0.623,0.628,17899700.0,11205212.200000001,,,,
2022-10-13,161226,白银LOF,0.623,0.624,0.619,0.62,49344600.0,30667668.9,,,,
2022-10-14,161226,白银LOF,0.617,0.623,0.617,0.622,69771500.0,43240887.125,,,,
2022-10-17,161226,白银LOF,0.613,0.614,0.61,0.613,61530700.0,37687553.74999999,,,,
2022-10-18,161226,白银LOF,0.615,0.619,0.614,0.619,59701800.0,36821085.15,,,,
2022-10-19,161226,白银LOF,0.616,0.618,0.613,0.614,18174400.0,11181799.6,,,,
2022-10-20,161226,白银LOF,0.61,0.615,0.61,0.611,30300200.0,18528572.3,,,,
2022-10-21,161226,白银LOF,0.616,0.617,0.613,0.616,35730500.0,21992122.749999996,,,,
2022-10-24,161226,白银LOF,0.633,0.635,0.632,0.633,142917900.0,90502760.175,,,,
2022-10-25,161226,白银LOF,0.635,0.639,0.634,0.638,40182400.0,25576097.6,,,,
2022-10-26,161226,白银LOF,0.64,0.644,0.64,0.644,82788700.0,53150345.4,,,,
2022-10-27,161226,白银LOF,0.641,0.641,0.637,0.638,48341700.0,30902431.724999998,,,,
2022-10-28,161226,白银LOF,0.64,0.643,0.638,0.639,26136600.0,16727424.0,,,,
2022-10-31,161226,白银LOF,0.63,0.632,0.629,0.632,31512500.0,19876509.375,,,,
2022-11-01,161226,白银LOF,0.635,0.644,0.635,0.643,96223300.0,61510744.525000006,,,,
2022-11-02,161226,白银LOF,0.646,0.647,0.644,0.647,61258900.0,39573249.4,,,,
2022-11-03,161226,白银LOF,0.642,0.643,0.637,0.638,50752800.0,32481792.0,,,,
2022-11-04,161226,白银LOF,0.641,0.646,0.641,0.644,82441200.0,53009691.6,,,,
2022-11-07,161226,白银LOF,0.656,0.661,0.656,0.659,46596200.0,30660299.6,,,,
2022-11-08,161226,白银LOF,0.666,0.668,0.664,0.667,103284200.0,68813098.25000001,,,,
2022-11-09,161226,白银LOF,0.686,0.687,0.682,0.686,80043200.0,54849602.800000004,,,,
2022-11-10,161226,白银LOF,0.681,0.684,0.679,0.683,33572900.0,22888324.575000003,,,,
2022-11-11,161226,白银LOF,0.69,0.695,0.687,0.692,38984200.0,26938082.200000003,,,,
2022-11-14,161226,白银LOF,0.681,0.682,0.672,0.676,31001300.0,21011131.075000003,,,,
2022-11-15,161226,白银LOF,0.687,0.691,0.686,0.688,28851000.0,19849488.0,,,,
2022-11-16,161226,白银LOF,0.684,0.687,0.682,0.685,16050600.0,10986635.7,,,,
2022-11-17,161226,白银LOF,0.682,0.683,0.677,0.682,12624300.0,8597148.3,,,,
2022-11-18,161226,白银LOF,0.676,0.678,0.673,0.676,10686800.0,7221605.100000001,,,,
2022-11-21,161226,白银LOF,0.669,0.673,0.667,0.669,9632800.0,6449159.6,,,,
2022-11-22,161226,白银LOF,0.673,0.676,0.672,0.673,15681800.0,10561692.3,,,,
2022-11-23,161226,白银LOF,0.674,0.677,0.671,0.677,8533600.0,5758046.6,,,,
2022-11-24,161226,白银LOF,0.689,0.691,0.687,0.687,29277300.0,20157421.049999997,,,,
2022-11-25,161226,白银LOF,0.687,0.689,0.686,0.687,16998400.0,11682150.4,,,,
2022-11-28,161226,白银LOF,0.683,0.684,0.679,0.682,42080400.0,28698832.80000001,,,,
2022-11-29,161226,白银LOF,0.681,0.685,0.68,0.683,23256600.0,15866815.350000003,,,,
2022-11-30,161226,白银LOF,0.683,0.684,0.682,0.683,12822700.0,8757904.100000001,,,,
2022-12-01,161226,白银LOF,0.702,0.704,0.7,0.703,103231400.0,72494250.65,,,,
2022-12-02,161226,白银LOF,0.709,0.719,0.707,0.717,67013700.0,47780768.1,,,,
2022-12-05,161226,白银LOF,0.728,0.729,0.717,0.718,84090800.0,60797648.4,,,,
2022-12-06,161226,白银LOF,0.704,0.705,0.699,0.7,69860400.0,49042000.8,,,,
2022-12-07,161226,白银LOF,0.697,0.702,0.696,0.699,18585100.0,12981692.349999998,,,,
2022-12-08,161226,白银LOF,0.703,0.708,0.701,0.707,25572900.0,18022501.275,,,,
2022-12-09,161226,白银LOF,0.717,0.722,0.717,0.72,38596500.0,27750883.5,,,,
2022-12-12,161226,白银LOF,0.723,0.726,0.721,0.726,25826100.0,18698096.4,,,,
2022-12-13,161226,白银LOF,0.725,0.729,0.724,0.728,23032200.0,16732893.299999999,,,,
2022-12-14,161226,白银LOF,0.735,0.742,0.735,0.741,18092600.0,13356861.95,,,,
2022-12-15,161226,白银LOF,0.734,0.734,0.721,0.726,30740300.0,22401993.625,,,,
2022-12-16,161226,白银LOF,0.718,0.719,0.71,0.715,15662300.0,11206375.649999999,,,,
2022-12-19,161226,白银LOF,0.715,0.718,0.709,0.71,16799200.0,11977829.6,,,,
2022-12-20,161226,白银LOF,0.707,0.713,0.707,0.711,9620600.0,6825815.699999999,,,,
2022-12-21,161226,白银LOF,0.736,0.738,0.729,0.732,27091300.0,19878241.375,,,,
2022-12-22,161226,白银LOF,0.731,0.734,0.723,0.725,17383100.0,12659242.575,,,,
2022-12-23,161226,白银LOF,0.717,0.722,0.715,0.722,11375200.0,8178768.8,,,,
2022-12-26,161226,白银LOF,0.721,0.726,0.72,0.726,7426500.0,5371216.125,,,,
2022-12-27,161226,白银LOF,0.725,0.735,0.724,0.734,16111500.0,11753339.25,,,,
2022-12-28,161226,白银LOF,0.73,0.731,0.728,0.729,8202700.0,5983869.65,,,,
2022-12-29,161226,白银LOF,0.719,0.721,0.715,0.72,34071000.0,24488531.25,,,,
2022-12-30,161226,白银LOF,0.729,0.732,0.728,0.731,20009700.0,14607081.0,,,,
2023-01-03,161226,白银LOF,0.726,0.736,0.725,0.735,27552600.0,20127174.3,,,,
2023-01-04,161226,白银LOF,0.729,0.729,0.723,0.729,12325500.0,8966801.25,,,,
2023-01-05,161226,白银LOF,0.718,0.719,0.713,0.713,34694000.0,24832230.5,,,,
2023-01-06,161226,白银LOF,0.702,0.704,0.697,0.703,22711800.0,15932327.700000001,,,,
2023-01-09,161226,白银LOF,0.712,0.715,0.712,0.713,34586300.0,24660031.899999995,,,,
2023-01-10,161226,白银LOF,0.707,0.707,0.701,0.704,25903500.0,18255491.625,,,,
2023-01-11,161226,白银LOF,0.705,0.712,0.704,0.711,109553800.0,77564090.39999999,,,,
2023-01-12,161226,白银LOF,0.703,0.706,0.699,0.705,39999600.0,28129718.699999996,,,,
2023-01-13,161226,白银LOF,0.707,0.708,0.702,0.707,69340200.0,48954181.199999996,,,,
2023-01-16,161226,白银LOF,0.718,0.72,0.716,0.717,71283500.0,51163732.12500001,,,,
2023-01-17,161226,白银LOF,0.719,0.72,0.715,0.715,10947900.0,7852381.274999999,,,,
2023-01-18,161226,白银LOF,0.712,0.715,0.71,0.714,48001100.0,34212784.025,,,,
2023-01-19,161226,白银LOF,0.698,0.699,0.695,0.698,58352900.0,40701147.74999999,,,,
2023-01-20,161226,白银LOF,0.711,0.716,0.71,0.716,74206800.0,52928000.099999994,,,,
2023-01-30,161226,白银LOF,0.706,0.71,0.702,0.71,24904100.0,17607198.7,,,,
2023-01-31,161226,白银LOF,0.705,0.708,0.699,0.701,109101500.0,76725629.87499999,,,,
2023-02-01,161226,白银LOF,0.704,0.707,0.703,0.706,33508200.0,23623281.0,,,,
2023-02-02,161226,白银LOF,0.718,0.72,0.715,0.715,62427000.0,44760158.99999999,,,,
2023-02-03,161226,白银LOF,0.705,0.706,0.702,0.705,31549100.0,22226340.949999996,,,,
2023-02-06,161226,白银LOF,0.676,0.679,0.676,0.678,99056200.0,67085811.45000001,,,,
2023-02-07,161226,白银LOF,0.674,0.677,0.673,0.677,40467300.0,27325544.325,,,,
2023-02-08,161226,白银LOF,0.676,0.676,0.673,0.676,31824400.0,21489426.1,,,,
2023-02-09,161226,白银LOF,0.674,0.677,0.673,0.676,21634600.0,14603355.000000002,,,,
2023-02-10,161226,白银LOF,0.671,0.671,0.666,0.668,34618900.0,23160044.099999998,,,,
2023-02-13,161226,白银LOF,0.666,0.669,0.666,0.669,18226500.0,12166188.75,,,,
2023-02-14,161226,白银LOF,0.668,0.67,0.667,0.669,16525700.0,11047430.450000001,,,,
2023-02-15,161226,白银LOF,0.669,0.669,0.666,0.667,15749900.0,10516995.725,,,,
2023-02-16,161226,白银LOF,0.664,0.667,0.664,0.665,28122200.0,18701263.0,,,,
2023-02-17,161226,白银LOF,0.664,0.664,0.661,0.661,20297100.0,13446828.750000002,,,,
2023-02-20,161226,白银LOF,0.664,0.671,0.664,0.669,57480800.0,38339693.60000001,,,,
2023-02-21,161226,白银LOF,0.67,0.67,0.667,0.668,12561900.0,8400770.625,,,,
2023-02-22,161226,白银LOF,0.672,0.674,0.67,0.672,100308400.0,67407244.8,,,,
2023-02-23,161226,白银LOF,0.668,0.669,0.666,0.667,27008500.0,18028173.75,,,,
2023-02-24,161226,白银LOF,0.666,0.667,0.664,0.667,20092300.0,13381471.8,,,,
2023-02-27,161226,白银LOF,0.66,0.661,0.655,0.657,38606300.0,25412596.975,,,,
2023-02-28,161226,白银LOF,0.657,0.66,0.656,0.66,10521700.0,6925909.025000001,,,,
2023-03-01,161226,白银LOF,0.664,0.667,0.662,0.666,30295500.0,20138933.625000004,,,,
2023-03-02,161226,白银LOF,0.663,0.663,0.659,0.66,24021100.0,15883952.375,,,,
2023-03-03,161226,白银LOF,0.664,0.664,0.662,0.663,68347000.0,45331147.75,,,,
2023-03-06,161226,白银LOF,0.667,0.671,0.667,0.669,53921200.0,36046322.2,,,,
2023-03-07,161226,白银LOF,0.666,0.668,0.665,0.665,34091000.0,22704606.0,,,,
2023-03-08,161226,白银LOF,0.643,0.646,0.641,0.643,98062200.0,63078510.15,,,,
2023-03-09,161226,白银LOF,0.643,0.645,0.642,0.644,18331500.0,11796320.25,,,,
2023-03-10,161226,白银LOF,0.644,0.645,0.642,0.644,25305800.0,16290608.750000002,,,,
2023-03-13,161226,白银LOF,0.659,0.663,0.658,0.661,89315500.0,58970558.875,,,,
2023-03-14,161226,白银LOF,0.675,0.679,0.674,0.679,98303600.0,66526961.300000004,,,,
2023-03-15,161226,白银LOF,0.674,0.678,0.673,0.677,68587100.0,46330586.05,,,,
2023-03-16,161226,白银LOF,0.676,0.678,0.673,0.675,46103400.0,31142846.7,,,,
2023-03-17,161226,白银LOF,0.672,0.676,0.67,0.676,44073500.0,29683502.25,,,,
2023-03-20,161226,白银LOF,0.682,0.689,0.68,0.687,64854500.0,44392905.25000001,,,,
2023-03-21,161226,白银LOF,0.684,0.69,0.684,0.687,49332600.0,33854496.75,,,,
2023-03-22,161226,白银LOF,0.685,0.688,0.682,0.688,42382300.0,29063662.224999998,,,,
2023-03-23,161226,白银LOF,0.692,0.696,0.69,0.694,40127700.0,27808496.099999998,,,,
2023-03-24,161226,白银LOF,0.694,0.7,0.694,0.696,43165200.0,30042979.2,,,,
2023-03-27,161226,白银LOF,0.696,0.697,0.694,0.697,29731800.0,20693332.799999997,,,,
2023-03-28,161226,白银LOF,0.695,0.697,0.69,0.691,28745700.0,19927956.525,,,,
2023-03-29,161226,白银LOF,0.699,0.701,0.696,0.697,48075700.0,33568857.525,,,,
2023-03-30,161226,白银LOF,0.701,0.709,0.7,0.707,47016900.0,33111651.825000003,,,,
2023-03-31,161226,白银LOF,0.71,0.713,0.709,0.712,19738000.0,14033718.0,,,,
2023-04-03,161226,白银LOF,0.71,0.711,0.703,0.707,41552800.0,29408994.199999996,,,,
2023-04-04,161226,白银LOF,0.71,0.715,0.71,0.714,34288000.0,24421627.999999996,,,,
2023-04-06,161226,白银LOF,0.735,0.743,0.735,0.741,55574400.0,41041694.4,,,,
2023-04-07,161226,白银LOF,0.745,0.748,0.743,0.747,41717900.0,31111123.925,,,,
2023-04-10,161226,白银LOF,0.741,0.741,0.735,0.738,28620200.0,21143172.75,,,,
2023-04-11,161226,白银LOF,0.738,0.747,0.738,0.744,78807600.0,58455537.300000004,,,,
2023-04-12,161226,白银LOF,0.752,0.758,0.752,0.755,59283700.0,44714730.725,,,,
2023-04-13,161226,白银LOF,0.757,0.759,0.754,0.758,39017500.0,29536247.5,,,,
2023-04-14,161226,白银LOF,0.769,0.774,0.767,0.77,56845000.0,43770650.0,,,,
2023-04-17,161226,白银LOF,0.754,0.759,0.752,0.758,65574500.0,49557928.37499999,,,,
2023-04-18,161226,白银LOF,0.748,0.75,0.746,0.75,32359100.0,24220786.35,,,,
2023-04-19,161226,白银LOF,0.749,0.751,0.744,0.748,29462300.0,22037800.4,,,,
2023-04-20,161226,白银LOF,0.753,0.758,0.751,0.756,29914200.0,22570263.9,,,,
2023-04-21,161226,白银LOF,0.755,0.758,0.75,0.751,22397400.0,16876440.900000002,,,,
2023-04-24,161226,白银LOF,0.751,0.751,0.743,0.746,25357100.0,18960771.525,,,,
2023-04-25,161226,白银LOF,0.755,0.757,0.75,0.754,18348000.0,13834392.0,,,,
2023-04-26,161226,白银LOF,0.749,0.753,0.748,0.75,12194900.0,9146175.0,,,,
2023-04-27,161226,白银LOF,0.749,0.755,0.749,0.753,10032700.0,7539574.050000001,,,,
2023-04-28,161226,白银LOF,0.749,0.753,0.747,0.753,32255700.0,24207902.849999998,,,,
2023-05-04,161226,白银LOF,0.77,0.777,0.768,0.769,22221300.0,17132622.300000004,,,,
2023-05-05,161226,白银LOF,0.779,0.782,0.778,0.78,46739900.0,36445437.025000006,,,,
2023-05-08,161226,白银LOF,0.768,0.772,0.767,0.771,18161700.0,13975428.149999999,,,,
2023-05-09,161226,白银LOF,0.768,0.77,0.764,0.766,29753400.0,22820857.800000004,,,,
2023-05-10,161226,白银LOF,0.768,0.77,0.766,0.77,15921600.0,12235749.6,,,,
2023-05-11,161226,白银LOF,0.765,0.766,0.757,0.759,15717500.0,11972805.625,,,,
2023-05-12,161226,白银LOF,0.731,0.731,0.722,0.724,34086800.0,24781103.599999998,,,,
2023-05-15,161226,白银LOF,0.723,0.728,0.722,0.726,9719300.0,7044062.674999999,,,,
2023-05-16,161226,白银LOF,0.725,0.726,0.717,0.718,9157200.0,6606919.8,,,,
2023-05-17,161226,白银LOF,0.72,0.721,0.716,0.72,5332900.0,3835688.3249999997,,,,
2023-05-18,161226,白银LOF,0.721,0.724,0.718,0.72,15008900.0,10817664.675,,,,
2023-05-19,161226,白银LOF,0.715,0.725,0.715,0.724,17477400.0,12579358.65,,,,
2023-05-22,161226,白银LOF,0.726,0.726,0.721,0.724,5405000.0,3914571.2500000005,,,,
2023-05-23,161226,白银LOF,0.72,0.721,0.716,0.718,38303700.0,27530784.375,,,,
2023-05-24,161226,白银LOF,0.718,0.719,0.714,0.715,20737500.0,14858418.749999998,,,,
2023-05-25,161226,白银LOF,0.705,0.708,0.702,0.707,18964300.0,13379313.65,,,,
2023-05-26,161226,白银LOF,0.701,0.705,0.7,0.705,21382100.0,15026270.775,,,,
2023-05-29,161226,白银LOF,0.712,0.715,0.709,0.714,32602800.0,23229495.0,,,,
2023-05-30,161226,白银LOF,0.711,0.712,0.705,0.707,23817800.0,16880865.75,,,,
2023-05-31,161226,白银LOF,0.71,0.722,0.709,0.72,89640400.0,64115296.1,,,,
2023-06-01,161226,白银LOF,0.724,0.726,0.72,0.725,47498600.0,34377111.74999999,,,,
2023-06-02,161226,白银LOF,0.729,0.735,0.729,0.732,53722700.0,39284724.375,,,,
2023-06-05,161226,白银LOF,0.721,0.724,0.72,0.72,27601300.0,19907437.625,,,,
2023-06-06,161226,白银LOF,0.723,0.727,0.723,0.723,16873800.0,12216631.2,,,,
2023-06-07,161226,白银LOF,0.726,0.727,0.723,0.725,6699900.0,4859102.475,,,,
2023-06-08,161226,白银LOF,0.727,0.731,0.727,0.73,15860600.0,11558412.249999998,,,,
2023-06-09,161226,白银LOF,0.746,0.751,0.745,0.75,72758500.0,54423358.0,,,,
2023-06-12,161226,白银LOF,0.747,0.747,0.743,0.747,13852000.0,10333592.0,,,,
2023-06-13,161226,白银LOF,0.744,0.748,0.743,0.747,85811800.0,63972696.9,,,,
2023-06-14,161226,白银LOF,0.742,0.744,0.74,0.743,23859600.0,17709788.1,,,,
2023-06-15,161226,白银LOF,0.735,0.736,0.727,0.728,32547000.0,23808130.499999996,,,,
2023-06-16,161226,白银LOF,0.734,0.74,0.734,0.739,21490400.0,15833052.200000001,,,,
2023-06-19,161226,白银LOF,0.745,0.747,0.743,0.744,21497100.0,16009965.224999998,,,,
2023-06-20,161226,白银LOF,0.742,0.745,0.739,0.742,24217700.0,17969533.4,,,,
2023-06-21,161226,白银LOF,0.727,0.727,0.723,0.724,25214900.0,18287106.224999998,,,,
2023-06-26,161226,白银LOF,0.72,0.722,0.716,0.717,13456800.0,9672075.0,,,,
2023-06-27,161226,白银LOF,0.72,0.724,0.72,0.723,15459000.0,11157533.249999998,,,,
2023-06-28,161226,白银LOF,0.722,0.723,0.717,0.719,9251300.0,6663248.824999999,,,,
2023-06-29,161226,白银LOF,0.719,0.721,0.717,0.719,8664200.0,6229559.8,,,,
2023-06-30,161226,白银LOF,0.719,0.721,0.717,0.718,15884600.0,11417056.25,,,,
2023-07-03,161226,白银LOF,0.724,0.728,0.723,0.726,21557000.0,15634214.249999998,,,,
2023-07-04,161226,白银LOF,0.727,0.728,0.725,0.728,5906200.0,4293807.399999999,,,,
2023-07-05,161226,白银LOF,0.727,0.728,0.723,0.725,10514200.0,7630680.6499999985,,,,
2023-07-06,161226,白银LOF,0.732,0.736,0.731,0.736,28892000.0,21199504.999999996,,,,
2023-07-07,161226,白银LOF,0.722,0.724,0.72,0.722,11136000.0,8040192.0,,,,
2023-07-10,161226,白银LOF,0.731,0.732,0.728,0.73,6897900.0,5037191.474999999,,,,
2023-07-11,161226,白银LOF,0.733,0.735,0.731,0.735,15895200.0,11659129.2,,,,
2023-07-12,161226,白银LOF,0.733,0.733,0.731,0.732,5658300.0,4143290.175,,,,
2023-07-13,161226,白银LOF,0.751,0.756,0.751,0.753,84056300.0,63273379.824999996,,,,
2023-07-14,161226,白银LOF,0.763,0.765,0.757,0.76,25509600.0,19419183.000000004,,,,
2023-07-17,161226,白银LOF,0.76,0.763,0.758,0.761,34672900.0,26368740.45,,,,
2023-07-18,161226,白银LOF,0.763,0.767,0.762,0.766,19672100.0,15039320.45,,,,
2023-07-19,161226,白银LOF,0.776,0.777,0.775,0.776,20348100.0,15790125.6,,,,
2023-07-20,161226,白银LOF,0.778,0.78,0.775,0.777,20065900.0,15601237.25,,,,
2023-07-21,161226,白银LOF,0.769,0.769,0.765,0.769,18295000.0,14050560.0,,,,
2023-07-24,161226,白银LOF,0.766,0.767,0.764,0.766,11509900.0,8813705.924999999,,,,
2023-07-25,161226,白银LOF,0.761,0.763,0.759,0.763,15237400.0,11603280.1,,,,
2023-07-26,161226,白银LOF,0.764,0.768,0.764,0.768,11075400.0,8483756.4,,,,
2023-07-27,161226,白银LOF,0.771,0.775,0.771,0.772,17689800.0,13660948.05,,,,
2023-07-28,161226,白银LOF,0.754,0.756,0.751,0.754,27408100.0,20658855.375,,,,
2023-07-31,161226,白银LOF,0.755,0.756,0.752,0.754,15734400.0,11867671.199999997,,,,
2023-08-01,161226,白银LOF,0.763,0.764,0.76,0.762,13815400.0,10530788.649999999,,,,
2023-08-02,161226,白银LOF,0.758,0.76,0.755,0.757,7423100.0,5622998.25,,,,
2023-08-03,161226,白银LOF,0.748,0.748,0.74,0.741,24792600.0,18451892.55,,,,
2023-08-04,161226,白银LOF,0.74,0.745,0.74,0.744,13214600.0,9808536.850000001,,,,
2023-08-07,161226,白银LOF,0.745,0.746,0.742,0.742,10649300.0,7920416.875,,,,
2023-08-08,161226,白银LOF,0.739,0.741,0.737,0.739,13956600.0,10313927.4,,,,
2023-08-09,161226,白银LOF,0.736,0.739,0.733,0.739,10486100.0,7725634.175,,,,
2023-08-10,161226,白银LOF,0.735,0.736,0.734,0.736,11138900.0,8189876.225,,,,
2023-08-11,161226,白银LOF,0.734,0.736,0.733,0.735,21686600.0,15928807.700000001,,,,
2023-08-14,161226,白银LOF,0.733,0.735,0.731,0.734,10241500.0,7509579.875,,,,
2023-08-15,161226,白银LOF,0.733,0.737,0.733,0.736,17179400.0,12622564.15,,,,
2023-08-16,161226,白银LOF,0.736,0.743,0.735,0.743,21163900.0,15645413.075,,,,
2023-08-17,161226,白银LOF,0.734,0.738,0.733,0.737,34653300.0,25487502.150000002,,,,
2023-08-18,161226,白银LOF,0.739,0.741,0.732,0.733,20103000.0,14800833.750000002,,,,
2023-08-21,161226,白银LOF,0.733,0.738,0.73,0.735,20971200.0,15392860.799999999,,,,
2023-08-22,161226,白银LOF,0.742,0.744,0.741,0.743,25235300.0,18737210.25,,,,
2023-08-23,161226,白银LOF,0.748,0.758,0.748,0.756,41315700.0,31090064.249999996,,,,
2023-08-24,161226,白银LOF,0.766,0.767,0.76,0.762,54797100.0,41851285.12499999,,,,
2023-08-25,161226,白银LOF,0.758,0.76,0.756,0.758,47967100.0,36359061.8,,,,
2023-08-28,161226,白银LOF,0.758,0.762,0.758,0.76,25464600.0,19340363.700000003,,,,
2023-08-29,161226,白银LOF,0.761,0.765,0.76,0.763,31402600.0,23936631.85,,,,
2023-08-30,161226,白银LOF,0.772,0.774,0.77,0.77,36866800.0,28442736.2,,,,
2023-08-31,161226,白银LOF,0.773,0.773,0.768,0.77,32921700.0,25382630.700000003,,,,
2023-09-01,161226,白银LOF,0.77,0.773,0.768,0.772,15278500.0,11775903.875,,,,
2023-09-04,161226,白银LOF,0.764,0.769,0.762,0.766,19886600.0,15218220.65,,,,
2023-09-05,161226,白银LOF,0.761,0.763,0.758,0.759,14681200.0,11161382.299999999,,,,
2023-09-06,161226,白银LOF,0.757,0.759,0.755,0.757,14941700.0,11310866.9,,,,
2023-09-07,161226,白银LOF,0.753,0.753,0.749,0.749,14251500.0,10702876.5,,,,
2023-09-08,161226,白银LOF,0.752,0.755,0.752,0.752,21962500.0,16532271.875,,,,
2023-09-11,161226,白银LOF,0.753,0.759,0.753,0.757,19391800.0,14650504.9,,,,
2023-09-12,161226,白银LOF,0.757,0.757,0.751,0.752,16372500.0,12348958.125,,,,
2023-09-13,161226,白银LOF,0.754,0.755,0.751,0.754,22834000.0,17205419.0,,,,
2023-09-14,161226,白银LOF,0.762,0.769,0.761,0.766,50166000.0,38351907.0,,,,
2023-09-15,161226,白银LOF,0.774,0.775,0.762,0.767,44626500.0,34340091.75,,,,
2023-09-18,161226,白银LOF,0.761,0.761,0.753,0.757,32929300.0,24960409.4,,,,
2023-09-19,161226,白银LOF,0.76,0.763,0.758,0.76,22305900.0,16958060.474999998,,,,
2023-09-20,161226,白银LOF,0.763,0.767,0.76,0.766,25070000.0,19153480.0,,,,
2023-09-21,161226,白银LOF,0.761,0.764,0.759,0.763,20980000.0,15981515.0,,,,
2023-09-22,161226,白银LOF,0.767,0.77,0.764,0.77,54841000.0,42104177.75,,,,
2023-09-25,161226,白银LOF,0.767,0.769,0.766,0.769,20471500.0,15716994.125,,,,
2023-09-26,161226,白银LOF,0.758,0.76,0.754,0.755,44994600.0,34049663.55,,,,
2023-09-27,161226,白银LOF,0.754,0.757,0.75,0.755,32849400.0,24768447.6,,,,
2023-09-28,161226,白银LOF,0.751,0.752,0.747,0.749,27225800.0,20412543.549999997,,,,
2023-10-09,161226,白银LOF,0.738,0.738,0.731,0.734,31657700.0,23276323.924999997,,,,
2023-10-10,161226,白银LOF,0.736,0.736,0.73,0.731,11828300.0,8673100.975000001,,,,
2023-10-11,161226,白银LOF,0.732,0.733,0.73,0.731,8343500.0,6103270.25,,,,
2023-10-12,161226,白银LOF,0.737,0.737,0.733,0.736,15893500.0,11693642.625,,,,
2023-10-13,161226,白银LOF,0.732,0.739,0.731,0.737,15445000.0,11348213.749999998,,,,
2023-10-16,161226,白银LOF,0.749,0.752,0.748,0.749,38935300.0,29182007.35,,,,
2023-10-17,161226,白银LOF,0.747,0.749,0.744,0.747,25503400.0,19044663.95,,,,
2023-10-18,161226,白银LOF,0.754,0.757,0.753,0.756,28694500.0,21664347.5,,,,
2023-10-19,161226,白银LOF,0.752,0.752,0.748,0.751,21442400.0,16097881.8,,,,
2023-10-20,161226,白银LOF,0.752,0.755,0.75,0.752,15894500.0,11956637.625,,,,
2023-10-23,161226,白银LOF,0.752,0.754,0.75,0.753,16068800.0,12087754.799999999,,,,
2023-10-24,161226,白银LOF,0.75,0.754,0.75,0.752,8549300.0,6424798.95,,,,
2023-10-25,161226,白银LOF,0.75,0.751,0.748,0.75,13216400.0,9908995.899999999,,,,
2023-10-26,161226,白银LOF,0.751,0.754,0.751,0.754,13825600.0,10403764.0,,,,
2023-10-27,161226,白银LOF,0.752,0.755,0.75,0.755,21514400.0,16200343.2,,,,
2023-10-30,161226,白银LOF,0.757,0.759,0.755,0.756,23113500.0,17491141.125,,,,
2023-10-31,161226,白银LOF,0.757,0.758,0.754,0.756,14671900.0,11095624.375,,,,
2023-11-01,161226,白银LOF,0.744,0.746,0.741,0.743,17944200.0,13341512.700000001,,,,
2023-11-02,161226,白银LOF,0.748,0.75,0.747,0.749,14290600.0,10696514.1,,,,
2023-11-03,161226,白银LOF,0.746,0.748,0.744,0.748,12368100.0,9232786.649999999,,,,
2023-11-06,161226,白银LOF,0.755,0.757,0.753,0.754,22757900.0,17176525.025000002,,,,
2023-11-07,161226,白银LOF,0.75,0.751,0.747,0.747,13958000.0,10451052.499999998,,,,
2023-11-08,161226,白银LOF,0.741,0.742,0.737,0.741,16451700.0,12178370.925,,,,
2023-11-09,161226,白银LOF,0.74,0.741,0.736,0.737,12358200.0,9126530.7,,,,
2023-11-10,161226,白银LOF,0.74,0.743,0.74,0.742,9831100.0,7287302.875,,,,
2023-11-13,161226,白银LOF,0.735,0.735,0.731,0.732,22572800.0,16551505.6,,,,
2023-11-14,161226,白银LOF,0.735,0.736,0.734,0.735,11299100.0,8304838.5,,,,
2023-11-15,161226,白银LOF,0.747,0.754,0.745,0.753,33911000.0,25424772.25,,,,
2023-11-16,161226,白银LOF,0.749,0.754,0.748,0.753,26927000.0,20222177.000000004,,,,
2023-11-17,161226,白银LOF,0.755,0.757,0.753,0.755,37147100.0,28046060.5,,,,
2023-11-20,161226,白银LOF,0.75,0.752,0.749,0.75,11721000.0,8793680.25,,,,
2023-11-21,161226,白银LOF,0.748,0.751,0.747,0.751,22799300.0,17082375.525,,,,
2023-11-22,161226,白银LOF,0.752,0.753,0.749,0.753,13077600.0,9831085.8,,,,
2023-11-23,161226,白银LOF,0.748,0.751,0.747,0.75,12700600.0,9512749.4,,,,
2023-11-24,161226,白银LOF,0.749,0.75,0.747,0.75,15054800.0,11276045.2,,,,
2023-11-27,161226,白银LOF,0.771,0.778,0.771,0.776,97328300.0,75332104.2,,,,
2023-11-28,161226,白银LOF,0.778,0.78,0.774,0.78,33135500.0,25779419.0,,,,
2023-11-29,161226,白银LOF,0.788,0.791,0.778,0.779,51250100.0,40180078.4,,,,
2023-11-30,161226,白银LOF,0.78,0.785,0.778,0.785,18175100.0,14212928.200000001,,,,
2023-12-01,161226,白银LOF,0.787,0.789,0.784,0.786,29144800.0,22922385.2,,,,
2023-12-04,161226,白银LOF,0.798,0.8,0.79,0.792,23501500.0,18683692.5,,,,
2023-12-05,161226,白银LOF,0.772,0.772,0.765,0.767,27765200.0,21351438.8,,,,
2023-12-06,161226,白银LOF,0.759,0.766,0.759,0.765,17741700.0,13523610.825,,,,
2023-12-07,161226,白银LOF,0.762,0.762,0.757,0.76,10952200.0,8326410.05,,,,
2023-12-08,161226,白银LOF,0.757,0.764,0.757,0.763,12689400.0,9647116.35,,,,
2023-12-11,161226,白银LOF,0.749,0.757,0.745,0.757,16758100.0,12602091.2,,,,
2023-12-12,161226,白银LOF,0.743,0.748,0.742,0.747,29754000.0,22166730.0,,,,
2023-12-13,161226,白银LOF,0.744,0.748,0.743,0.746,19555600.0,14573810.899999999,,,,
2023-12-14,161226,白银LOF,0.758,0.765,0.757,0.764,45472600.0,34604648.6,,,,
2023-12-15,161226,白银LOF,0.764,0.765,0.761,0.764,31108300.0,23751187.05,,,,
2023-12-18,161226,白银LOF,0.755,0.761,0.755,0.759,62931300.0,47670459.75,,,,
2023-12-19,161226,白银LOF,0.758,0.76,0.757,0.759,16834600.0,12769044.100000001,,,,
2023-12-20,161226,白银LOF,0.762,0.766,0.761,0.763,20904000.0,15949752.0,,,,
2023-12-21,161226,白银LOF,0.764,0.769,0.764,0.769,18246000.0,13985559.0,,,,
2023-12-22,161226,白银LOF,0.77,0.774,0.769,0.77,19448000.0,14989546.0,,,,
2023-12-25,161226,白银LOF,0.766,0.768,0.765,0.768,11308200.0,8670562.35,,,,
2023-12-26,161226,白银LOF,0.768,0.773,0.767,0.772,12392300.0,9542071.0,,,,
2023-12-27,161226,白银LOF,0.77,0.773,0.77,0.772,14735700.0,11364908.625,,,,
2023-12-28,161226,白银LOF,0.771,0.773,0.766,0.768,25347800.0,19505132.1,,,,
2023-12-29,161226,白银LOF,0.756,0.758,0.753,0.758,26543700.0,20073673.125000004,,,,
2024-01-02,161226,白银LOF,0.757,0.765,0.756,0.763,18903300.0,14371233.825000001,,,,
2024-01-03,161226,白银LOF,0.757,0.759,0.756,0.758,10519900.0,7968824.250000001,,,,
2024-01-04,161226,白银LOF,0.743,0.746,0.742,0.744,36673300.0,27275766.875,,,,
2024-01-05,161226,白银LOF,0.748,0.75,0.745,0.746,16471900.0,12308627.275,,,,
2024-01-08,161226,白银LOF,0.748,0.751,0.746,0.751,13479600.0,10096220.4,,,,
2024-01-09,161226,白银LOF,0.749,0.75,0.747,0.749,9287800.0,6954240.25,,,,
2024-01-10,161226,白银LOF,0.746,0.749,0.744,0.745,12409700.0,9257636.2,,,,
2024-01-11,161226,白银LOF,0.747,0.748,0.745,0.748,8512500.0,6358837.500000001,,,,
2024-01-12,161226,白银LOF,0.746,0.748,0.745,0.747,12371900.0,9235623.35,,,,
2024-01-15,161226,白银LOF,0.754,0.758,0.754,0.756,19639400.0,14837566.7,,,,
2024-01-16,161226,白银LOF,0.754,0.755,0.751,0.754,16837300.0,12686905.549999999,,,,
2024-01-17,161226,白银LOF,0.75,0.752,0.746,0.746,17529100.0,13120531.350000001,,,,
2024-01-18,161226,白银LOF,0.742,0.749,0.741,0.747,20084000.0,14957559.0,,,,
2024-01-19,161226,白银LOF,0.748,0.748,0.745,0.747,12609900.0,9419595.3,,,,
2024-01-22,161226,白银LOF,0.744,0.746,0.731,0.733,29078000.0,21474102.999999996,,,,
2024-01-23,161226,白银LOF,0.731,0.737,0.73,0.734,21856600.0,16020887.799999999,,,,
2024-01-24,161226,白银LOF,0.736,0.738,0.734,0.737,11201400.0,8247030.75,,,,
2024-01-25,161226,白银LOF,0.739,0.741,0.739,0.74,32704400.0,24193079.900000002,,,,
2024-01-26,161226,白银LOF,0.743,0.745,0.743,0.744,18383000.0,13672356.25,,,,
2024-01-29,161226,白银LOF,0.746,0.747,0.745,0.747,16921200.0,12627445.5,,,,
2024-01-30,161226,白银LOF,0.75,0.753,0.749,0.752,30665400.0,23029715.4,,,,
2024-01-31,161226,白银LOF,0.751,0.752,0.748,0.748,16436900.0,12323565.775000002,,,,
2024-02-01,161226,白银LOF,0.745,0.748,0.745,0.746,15945400.0,11895268.4,,,,
2024-02-02,161226,白银LOF,0.749,0.749,0.747,0.748,18950800.0,14179936.1,,,,
2024-02-05,161226,白银LOF,0.74,0.74,0.736,0.737,22043200.0,16273392.399999997,,,,
2024-02-06,161226,白银LOF,0.735,0.738,0.733,0.735,20328200.0,14946309.05,,,,
2024-02-07,161226,白银LOF,0.734,0.734,0.727,0.729,27585200.0,20164781.2,,,,
2024-02-08,161226,白银LOF,0.729,0.736,0.728,0.735,21892200.0,16025090.4,,,,
2024-02-19,161226,白银LOF,0.749,0.751,0.749,0.75,41857600.0,31382735.6,,,,
2024-02-20,161226,白银LOF,0.747,0.749,0.746,0.747,13680400.0,10222678.9,,,,
2024-02-21,161226,白银LOF,0.747,0.75,0.747,0.75,22941400.0,17171637.9,,,,
2024-02-22,161226,白银LOF,0.746,0.749,0.745,0.749,10525800.0,7865404.050000001,,,,
2024-02-23,161226,白银LOF,0.745,0.746,0.742,0.744,20354200.0,15148613.35,,,,
2024-02-26,161226,白银LOF,0.746,0.748,0.744,0.746,8586100.0,6405230.6,,,,
2024-02-27,161226,白银LOF,0.74,0.743,0.74,0.742,7120200.0,5277848.25,,,,
2024-02-28,161226,白银LOF,0.741,0.743,0.739,0.741,10353200.0,7671721.2,,,,
2024-02-29,161226,白银LOF,0.741,0.742,0.739,0.742,8217300.0,6089019.3,,,,
2024-03-01,161226,白银LOF,0.744,0.748,0.744,0.747,16926900.0,12623235.674999999,,,,
2024-03-04,161226,白银LOF,0.755,0.756,0.753,0.755,21501300.0,16228106.175,,,,
2024-03-05,161226,白银LOF,0.766,0.77,0.765,0.768,57591000.0,44186694.75000001,,,,
2024-03-06,161226,白银LOF,0.768,0.77,0.765,0.769,30039000.0,23069952.0,,,,
2024-03-07,161226,白银LOF,0.772,0.776,0.77,0.772,47488900.0,36685175.25,,,,
2024-03-08,161226,白银LOF,0.774,0.776,0.771,0.776,18596100.0,14398030.425,,,,
2024-03-11,161226,白银LOF,0.775,0.776,0.772,0.774,25736100.0,19926175.425000004,,,,
2024-03-12,161226,白银LOF,0.775,0.776,0.774,0.774,19117100.0,14810973.225000001,,,,
2024-03-13,161226,白银LOF,0.771,0.773,0.769,0.772,21038000.0,16225557.500000002,,,,
2024-03-14,161226,白银LOF,0.795,0.796,0.787,0.79,42294600.0,33497323.200000003,,,,
2024-03-15,161226,白银LOF,0.79,0.8,0.789,0.797,49159800.0,39032881.20000001,,,,
2024-03-18,161226,白银LOF,0.794,0.797,0.791,0.796,28656400.0,22767509.8,,,,
2024-03-19,161226,白银LOF,0.798,0.799,0.792,0.794,34521800.0,27470722.349999998,,,,
2024-03-20,161226,白银LOF,0.795,0.799,0.795,0.798,20073400.0,15993481.45,,,,
2024-03-21,161226,白银LOF,0.813,0.818,0.812,0.817,38158800.0,31099421.999999996,,,,
2024-03-22,161226,白银LOF,0.797,0.799,0.794,0.795,37556700.0,29904522.375,,,,
2024-03-25,161226,白银LOF,0.802,0.806,0.799,0.8,93294800.0,74799105.9,,,,
2024-03-26,161226,白银LOF,0.801,0.803,0.799,0.801,28940700.0,23181500.700000003,,,,
2024-03-27,161226,白银LOF,0.798,0.802,0.795,0.8,18014700.0,14389241.625000002,,,,
2024-03-28,161226,白银LOF,0.801,0.806,0.801,0.806,15154600.0,12176721.100000001,,,,
2024-03-29,161226,白银LOF,0.813,0.819,0.813,0.815,65021100.0,52992196.5,,,,
2024-04-01,161226,白银LOF,0.824,0.825,0.815,0.82,57632600.0,47316364.599999994,,,,
2024-04-02,161226,白银LOF,0.815,0.825,0.814,0.825,116645100.0,95619820.725,,,,
2024-04-03,161226,白银LOF,0.841,0.853,0.838,0.853,131319600.0,111129211.5,,,,
2024-04-08,161226,白银LOF,0.865,0.897,0.864,0.887,170252500.0,149524258.125,,,,
2024-04-09,161226,白银LOF,0.89,0.904,0.888,0.892,114577600.0,102375085.6,,,,
2024-04-10,161226,白银LOF,0.893,0.899,0.892,0.895,73158800.0,65458836.300000004,,,,
2024-04-11,161226,白银LOF,0.892,0.895,0.888,0.89,87422300.0,77915124.875,,,,
2024-04-12,161226,白银LOF,0.909,0.924,0.908,0.924,197586300.0,181038447.375,,,,
2024-04-15,161226,白银LOF,0.911,0.923,0.908,0.921,100907400.0,92405951.55,,,,
2024-04-16,161226,白银LOF,0.923,0.925,0.897,0.907,119043800.0,108686989.4,,,,
2024-04-17,161226,白银LOF,0.906,0.915,0.904,0.914,87185700.0,79317190.575,,,,
2024-04-18,161226,白银LOF,0.91,0.921,0.904,0.92,54101700.0,49435428.375,,,,
2024-04-19,161226,白银LOF,0.918,0.933,0.911,0.919,87072500.0,80128468.12500001,,,,
2024-04-22,161226,白银LOF,0.913,0.916,0.89,0.897,70009200.0,63288316.800000004,,,,
2024-04-23,161226,白银LOF,0.88,0.882,0.861,0.863,74591300.0,65006317.949999996,,,,
2024-04-24,161226,白银LOF,0.871,0.883,0.869,0.876,37051100.0,32410449.724999998,,,,
2024-04-25,161226,白银LOF,0.874,0.878,0.867,0.876,17482100.0,15274984.875,,,,
2024-04-26,161226,白银LOF,0.875,0.886,0.874,0.886,36218300.0,31881158.575000003,,,,
2024-04-29,161226,白银LOF,0.873,0.878,0.87,0.876,31579100.0,27608028.175000004,,,,
2024-04-30,161226,白银LOF,0.871,0.873,0.862,0.867,36621100.0,31796270.075,,,,
2024-05-06,161226,白银LOF,0.865,0.873,0.862,0.87,30299600.0,26284902.999999996,,,,
2024-05-07,161226,白银LOF,0.878,0.882,0.875,0.876,26206100.0,23002404.275000002,,,,
2024-05-08,161226,白银LOF,0.873,0.88,0.869,0.877,30640700.0,26802952.325,,,,
2024-05-09,161226,白银LOF,0.876,0.887,0.875,0.883,36684400.0,32291443.099999998,,,,
2024-05-10,161226,白银LOF,0.904,0.914,0.901,0.913,47620400.0,43239323.2,,,,
2024-05-13,161226,白银LOF,0.896,0.903,0.891,0.9,33933200.0,30455047.0,,,,
2024-05-14,161226,白银LOF,0.898,0.905,0.897,0.9,44212100.0,39790890.00000001,,,,
2024-05-15,161226,白银LOF,0.902,0.907,0.902,0.906,42438400.0,38374923.2,,,,
2024-05-16,161226,白银LOF,0.935,0.936,0.927,0.93,61827200.0,57622950.400000006,,,,
2024-05-17,161226,白银LOF,0.929,0.938,0.928,0.938,34479000.0,32177526.749999996,,,,
2024-05-20,161226,白银LOF,0.998,1.01,0.997,1.005,131485800.0,131814514.5,,,,
2024-05-21,161226,白银LOF,1.034,1.038,0.986,1.002,83246100.0,84494791.49999999,,,,
2024-05-22,161226,白银LOF,1.016,1.023,1.007,1.014,109430500.0,111071957.49999999,,,,
2024-05-23,161226,白银LOF,0.972,0.975,0.958,0.974,70812600.0,68670518.85,,,,
2024-05-24,161226,白银LOF,0.96,0.975,0.96,0.971,40412500.0,39058681.25,,,,
2024-05-27,161226,白银LOF,0.976,0.997,0.976,0.992,50554100.0,49808427.025,,,,
2024-05-28,161226,白银LOF,1.022,1.029,1.009,1.012,69632300.0,70885681.39999999,,,,
2024-05-29,161226,白银LOF,1.018,1.039,1.016,1.039,80685800.0,82945002.4,,,,
2024-05-30,161226,白银LOF,1.026,1.026,0.994,1.004,65817800.0,66640522.5,,,,
2024-05-31,161226,白银LOF,0.988,1.009,0.984,1.001,66799400.0,66498802.699999996,,,,
2024-06-03,161226,白银LOF,0.981,0.986,0.958,0.969,68102500.0,66297783.75,,,,
2024-06-04,161226,白银LOF,0.977,0.989,0.976,0.989,49936700.0,49075291.925,,,,
2024-06-05,161226,白银LOF,0.95,0.966,0.95,0.96,55373800.0,52965039.699999996,,,,
2024-06-06,161226,白银LOF,0.977,0.984,0.974,0.98,84642500.0,82843846.875,,,,
2024-06-07,161226,白银LOF,1.001,1.005,0.992,1.002,81430500.0,81430500.0,,,,
2024-06-11,161226,白银LOF,0.952,0.955,0.937,0.938,131986900.0,124793613.95,,,,
2024-06-12,161226,白银LOF,0.944,0.951,0.944,0.948,63534300.0,60151098.525,,,,
2024-06-13,161226,白银LOF,0.937,0.949,0.93,0.948,55560000.0,52281960.0,,,,
2024-06-14,161226,白银LOF,0.932,0.941,0.93,0.939,62036900.0,58035519.95,,,,
2024-06-17,161226,白银LOF,0.948,0.949,0.938,0.94,45940700.0,43356535.62499999,,,,
2024-06-18,161226,白银LOF,0.948,0.954,0.946,0.948,49604200.0,47074385.79999999,,,,
2024-06-19,161226,白银LOF,0.949,0.955,0.949,0.952,39676400.0,37742175.5,,,,
2024-06-20,161226,白银LOF,0.968,0.985,0.968,0.983,63519900.0,61995422.4,,,,
2024-06-21,161226,白银LOF,0.993,0.994,0.983,0.985,48925400.0,48374989.25,,,,
2024-06-24,161226,白银LOF,0.959,0.968,0.955,0.959,68487600.0,65765217.900000006,,,,
2024-06-25,161226,白银LOF,0.959,0.962,0.951,0.961,37275900.0,35719631.175,,,,
2024-06-26,161226,白银LOF,0.942,0.946,0.935,0.944,46299700.0,43602742.475,,,,
2024-06-27,161226,白银LOF,0.936,0.94,0.936,0.938,21852700.0,20486906.25,,,,
2024-06-28,161226,白银LOF,0.939,0.956,0.939,0.955,40515100.0,38377928.474999994,,,,
2024-07-01,161226,白银LOF,0.945,0.951,0.945,0.949,29718700.0,28158468.249999996,,,,
2024-07-02,161226,白银LOF,0.954,0.957,0.951,0.955,40139900.0,38303499.574999996,,,,
2024-07-03,161226,白银LOF,0.963,0.974,0.96,0.974,55960300.0,54155580.324999996,,,,
2024-07-04,161226,白银LOF,0.989,0.992,0.979,0.983,75598400.0,74521122.8,,,,
2024-07-05,161226,白银LOF,0.983,0.993,0.983,0.989,57552900.0,56804712.3,,,,
2024-07-08,161226,白银LOF,1.007,1.011,0.993,0.997,75282300.0,75432864.6,,,,
2024-07-09,161226,白银LOF,0.991,1.002,0.991,1.0,51154300.0,50949682.800000004,,,,
2024-07-10,161226,白银LOF,0.998,1.0,0.989,0.998,43617800.0,43454233.25,,,,
2024-07-11,161226,白银LOF,0.998,1.004,0.997,1.003,46579300.0,46602589.65,,,,
2024-07-12,161226,白银LOF,1.006,1.006,0.978,0.993,71886200.0,71580683.64999999,,,,
2024-07-15,161226,白银LOF,0.988,0.998,0.988,0.989,50573600.0,50105794.199999996,,,,
2024-07-16,161226,白银LOF,0.989,0.997,0.989,0.995,37528400.0,37246937.0,,,,
2024-07-17,161226,白银LOF,1.007,1.015,0.994,0.999,74084300.0,74362116.125,,,,
2024-07-18,161226,白银LOF,0.98,0.984,0.977,0.982,47515000.0,46600336.24999999,,,,
2024-07-19,161226,白银LOF,0.953,0.964,0.943,0.952,53879500.0,51347163.5,,,,
2024-07-22,161226,白银LOF,0.947,0.95,0.937,0.939,49914100.0,47081474.824999996,,,,
2024-07-23,161226,白银LOF,0.942,0.947,0.925,0.932,41831000.0,39174731.50000001,,,,
2024-07-24,161226,白银LOF,0.938,0.945,0.933,0.945,44887700.0,42205659.925000004,,,,
2024-07-25,161226,白银LOF,0.922,0.929,0.887,0.896,92743600.0,84257560.6,,,,
2024-07-26,161226,白银LOF,0.884,0.895,0.884,0.889,58199500.0,51681156.0,,,,
2024-07-29,161226,白银LOF,0.895,0.898,0.889,0.894,32710800.0,29243455.200000003,,,,
2024-07-30,161226,白银LOF,0.882,0.89,0.879,0.889,54507500.0,48239137.5,,,,
2024-07-31,161226,白银LOF,0.898,0.913,0.897,0.91,80803800.0,73087037.10000001,,,,
2024-08-01,161226,白银LOF,0.918,0.921,0.908,0.915,52539000.0,48099454.50000001,,,,
2024-08-02,161226,白银LOF,0.893,0.91,0.893,0.909,69774100.0,62883907.62500001,,,,
2024-08-05,161226,白银LOF,0.89,0.893,0.876,0.879,86914400.0,76875786.8,,,,
2024-08-06,161226,白银LOF,0.858,0.86,0.832,0.842,94955800.0,80522518.39999999,,,,
2024-08-07,161226,白银LOF,0.838,0.851,0.838,0.845,44147500.0,37216342.5,,,,
2024-08-08,161226,白银LOF,0.846,0.847,0.839,0.843,24248800.0,20459925.0,,,,
2024-08-09,161226,白银LOF,0.864,0.869,0.857,0.86,55928600.0,48238417.5,,,,
2024-08-12,161226,白银LOF,0.859,0.874,0.853,0.873,43031200.0,37211230.199999996,,,,
2024-08-13,161226,白银LOF,0.869,0.874,0.865,0.868,32290300.0,28060270.7,,,,
2024-08-14,161226,白银LOF,0.87,0.872,0.86,0.867,43146800.0,37419062.3,,,,
2024-08-15,161226,白银LOF,0.859,0.871,0.855,0.871,45771400.0,39546489.6,,,,
2024-08-16,161226,白银LOF,0.884,0.886,0.876,0.881,40862700.0,36030685.725,,,,
2024-08-19,161226,白银LOF,0.891,0.901,0.89,0.898,85203600.0,76257222.00000001,,,,
2024-08-20,161226,白银LOF,0.905,0.91,0.899,0.909,53668600.0,48610334.45,,,,
2024-08-21,161226,白银LOF,0.904,0.912,0.903,0.911,39110300.0,35492597.25,,,,
2024-08-22,161226,白银LOF,0.912,0.913,0.904,0.905,39168700.0,35584763.95,,,,
2024-08-23,161226,白银LOF,0.896,0.904,0.893,0.903,34099100.0,30655090.900000002,,,,
2024-08-26,161226,白银LOF,0.917,0.922,0.911,0.922,59060500.0,54217539.0,,,,
2024-08-27,161226,白银LOF,0.918,0.923,0.916,0.922,24705700.0,22723067.575,,,,
2024-08-28,161226,白银LOF,0.92,0.921,0.904,0.908,47638100.0,43505494.825,,,,
2024-08-29,161226,白银LOF,0.903,0.912,0.9,0.909,31898300.0,28899859.8,,,,
2024-08-30,161226,白银LOF,0.909,0.909,0.901,0.906,26048300.0,23606271.875,,,,
2024-09-02,161226,白银LOF,0.887,0.888,0.872,0.873,42422600.0,37331888.0,,,,
2024-09-03,161226,白银LOF,0.869,0.876,0.869,0.872,16455600.0,14341055.399999999,,,,
2024-09-04,161226,白银LOF,0.858,0.859,0.852,0.853,26121100.0,22346601.049999997,,,,
2024-09-05,161226,白银LOF,0.859,0.864,0.857,0.858,21621300.0,18583507.349999998,,,,
2024-09-06,161226,白银LOF,0.867,0.872,0.864,0.872,25627400.0,22263803.749999996,,,,
2024-09-09,161226,白银LOF,0.848,0.852,0.84,0.845,43776100.0,37045524.625,,,,
2024-09-10,161226,白银LOF,0.85,0.851,0.845,0.851,31910100.0,27099652.425,,,,
2024-09-11,161226,白银LOF,0.848,0.869,0.847,0.867,32778100.0,28115415.275,,,,
2024-09-12,161226,白银LOF,0.86,0.864,0.855,0.862,46594900.0,40083262.725,,,,
2024-09-13,161226,白银LOF,0.886,0.892,0.885,0.891,91878000.0,81633603.0,,,,
2024-09-18,161226,白银LOF,0.892,0.893,0.886,0.89,47957100.0,42693808.275,,,,
2024-09-19,161226,白银LOF,0.872,0.896,0.87,0.894,86768500.0,76616585.5,,,,
2024-09-20,161226,白银LOF,0.892,0.906,0.89,0.904,57697000.0,51811906.0,,,,
2024-09-23,161226,白银LOF,0.896,0.902,0.894,0.896,75311200.0,67554146.4,,,,
2024-09-24,161226,白银LOF,0.895,0.909,0.895,0.901,86130600.0,77517540.0,,,,
2024-09-25,161226,白银LOF,0.93,0.941,0.928,0.93,90468100.0,84338886.22500001,,,,
2024-09-26,161226,白银LOF,0.934,0.938,0.931,0.937,46183000.0,43181105.0,,,,
2024-09-27,161226,白银LOF,0.935,0.939,0.932,0.937,91038800.0,85189557.1,,,,
2024-09-30,161226,白银LOF,0.923,0.932,0.913,0.932,110818800.0,102507390.0,,,,
2024-10-08,161226,白银LOF,0.923,0.937,0.913,0.924,86024900.0,79508513.825,,,,
2024-10-09,161226,白银LOF,0.898,0.91,0.896,0.897,49396800.0,44469469.2,,,,
2024-10-10,161226,白银LOF,0.898,0.904,0.895,0.899,33121300.0,29776048.7,,,,
2024-10-11,161226,白银LOF,0.912,0.926,0.912,0.918,33915700.0,31100696.900000002,,,,
2024-10-14,161226,白银LOF,0.919,0.931,0.912,0.93,43450800.0,40105088.4,,,,
2024-10-15,161226,白银LOF,0.922,0.927,0.916,0.921,39533500.0,36430120.25,,,,
2024-10-16,161226,白银LOF,0.932,0.943,0.93,0.943,68385500.0,64077213.50000001,,,,
2024-10-17,161226,白银LOF,0.943,0.947,0.931,0.936,67057000.0,62983287.25,,,,
2024-10-18,161226,白银LOF,0.943,0.952,0.934,0.94,93795900.0,88379186.775,,,,
2024-10-21,161226,白银LOF,0.985,0.994,0.981,0.992,110998400.0,109666419.2,,,,
2024-10-22,161226,白银LOF,0.987,0.999,0.982,0.993,74099300.0,73376831.825,,,,
2024-10-23,161226,白银LOF,0.991,0.998,0.988,0.991,94452000.0,93696384.0,,,,
2024-10-24,161226,白银LOF,0.97,0.977,0.964,0.976,83203700.0,80853195.475,,,,
2024-10-25,161226,白银LOF,0.972,0.972,0.961,0.966,48494600.0,46930649.15,,,,
2024-10-28,161226,白银LOF,0.959,0.973,0.959,0.971,47390900.0,45755913.95,,,,
2024-10-29,161226,白银LOF,0.973,0.986,0.973,0.981,71831200.0,70268871.39999999,,,,
2024-10-30,161226,白银LOF,0.988,0.991,0.979,0.987,68406100.0,67465516.125,,,,
2024-10-31,161226,白银LOF,0.976,0.976,0.963,0.968,48494300.0,47075841.725,,,,
2024-11-01,161226,白银LOF,0.947,0.955,0.945,0.946,45935100.0,43557958.574999996,,,,
2024-11-04,161226,白银LOF,0.944,0.953,0.943,0.951,39045600.0,37005467.4,,,,
2024-11-05,161226,白银LOF,0.944,0.951,0.942,0.949,44080800.0,41722477.199999996,,,,
2024-11-06,161226,白银LOF,0.95,0.956,0.93,0.939,74894700.0,70681873.125,,,,
2024-11-07,161226,白银LOF,0.91,0.915,0.906,0.914,73278100.0,66774668.625,,,,
2024-11-08,161226,白银LOF,0.925,0.928,0.916,0.919,54439800.0,50193495.6,,,,
2024-11-11,161226,白银LOF,0.917,0.922,0.916,0.922,31429700.0,28891751.725,,,,
2024-11-12,161226,白银LOF,0.91,0.914,0.898,0.9,63700900.0,57681164.95,,,,
2024-11-13,161226,白银LOF,0.906,0.914,0.906,0.912,42296400.0,38468575.800000004,,,,
2024-11-14,161226,白银LOF,0.9,0.902,0.891,0.892,40886500.0,36644525.625,,,,
2024-11-15,161226,白银LOF,0.898,0.902,0.895,0.898,33711600.0,30281444.7,,,,
2024-11-18,161226,白银LOF,0.906,0.909,0.903,0.909,40681600.0,36888040.800000004,,,,
2024-11-19,161226,白银LOF,0.918,0.928,0.915,0.927,58368300.0,53815572.6,,,,
2024-11-20,161226,白银LOF,0.919,0.923,0.912,0.915,51003200.0,46782685.2,,,,
2024-11-21,161226,白银LOF,0.914,0.924,0.914,0.923,64182600.0,58967763.75000001,,,,
2024-11-22,161226,白银LOF,0.915,0.922,0.914,0.92,46997500.0,43131955.625,,,,
2024-11-25,161226,白银LOF,0.918,0.919,0.894,0.902,66335700.0,60249399.525,,,,
2024-11-26,161226,白银LOF,0.892,0.896,0.892,0.893,39149600.0,34970380.2,,,,
2024-11-27,161226,白银LOF,0.894,0.903,0.893,0.903,37139400.0,33360466.05,,,,
2024-11-28,161226,白银LOF,0.883,0.89,0.88,0.888,45085300.0,39911761.824999996,,,,
2024-11-29,161226,白银LOF,0.896,0.908,0.895,0.905,72642900.0,65451252.9,,,,
2024-12-02,161226,白银LOF,0.896,0.903,0.894,0.898,43514600.0,39065232.15,,,,
2024-12-03,161226,白银LOF,0.906,0.919,0.903,0.917,103599700.0,94405226.625,,,,
2024-12-04,161226,白银LOF,0.919,0.924,0.915,0.92,56789500.0,52217945.25,,,,
2024-12-05,161226,白银LOF,0.926,0.927,0.918,0.921,71271100.0,65783225.300000004,,,,
2024-12-06,161226,白银LOF,0.913,0.922,0.911,0.919,46773000.0,42855761.25,,,,
2024-12-09,161226,白银LOF,0.92,0.922,0.91,0.917,36901900.0,33848267.775000006,,,,
2024-12-10,161226,白银LOF,0.934,0.938,0.93,0.931,55986100.0,52249027.825,,,,
2024-12-11,161226,白银LOF,0.936,0.938,0.925,0.929,49187300.0,45842563.599999994,,,,
2024-12-12,161226,白银LOF,0.933,0.94,0.93,0.939,58662700.0,54878955.85,,,,
2024-12-13,161226,白银LOF,0.919,0.921,0.914,0.917,49715300.0,45626216.575,,,,
2024-12-16,161226,白银LOF,0.906,0.909,0.903,0.908,43581400.0,39506539.1,,,,
2024-12-17,161226,白银LOF,0.91,0.914,0.906,0.907,33366300.0,30338308.275000002,,,,
2024-12-18,161226,白银LOF,0.907,0.909,0.904,0.906,17409200.0,15781439.8,,,,
2024-12-19,161226,白银LOF,0.887,0.889,0.881,0.886,52332700.0,46353689.025,,,,
2024-12-20,161226,白银LOF,0.879,0.886,0.878,0.885,26016600.0,22946641.2,,,,
2024-12-23,161226,白银LOF,0.891,0.897,0.891,0.896,25241400.0,22559501.25,,,,
2024-12-24,161226,白银LOF,0.887,0.892,0.887,0.889,28056400.0,24935125.5,,,,
2024-12-25,161226,白银LOF,0.89,0.891,0.886,0.89,33975900.0,30213069.075000003,,,,
2024-12-26,161226,白银LOF,0.894,0.896,0.89,0.891,32673900.0,29169624.225,,,,
2024-12-27,161226,白银LOF,0.893,0.897,0.892,0.893,21746000.0,19435487.5,,,,
2024-12-30,161226,白银LOF,0.885,0.891,0.884,0.888,27016300.0,23963458.1,,,,
2024-12-31,161226,白银LOF,0.879,0.882,0.876,0.878,42888200.0,37688005.75,,,,
2025-01-02,161226,白银LOF,0.891,0.896,0.89,0.894,55004800.0,49105535.2,,,,
2025-01-03,161226,白银LOF,0.898,0.899,0.894,0.897,36110600.0,32391208.2,,,,
2025-01-06,161226,白银LOF,0.9,0.902,0.891,0.894,40343200.0,36177764.6,,,,
2025-01-07,161226,白银LOF,0.903,0.909,0.902,0.907,54300500.0,49155527.62500001,,,,
2025-01-08,161226,白银LOF,0.907,0.911,0.905,0.909,29523900.0,26807701.200000003,,,,
2025-01-09,161226,白银LOF,0.907,0.911,0.905,0.91,57615000.0,52328823.75,,,,
2025-01-10,161226,白银LOF,0.912,0.916,0.912,0.915,55889200.0,51068756.5,,,,
2025-01-13,161226,白银LOF,0.91,0.915,0.908,0.912,42201200.0,38455843.5,,,,
2025-01-14,161226,白银LOF,0.891,0.895,0.89,0.892,52677200.0,46988062.4,,,,
2025-01-15,161226,白银LOF,0.894,0.901,0.894,0.901,36177100.0,32468947.25,,,,
2025-01-16,161226,白银LOF,0.918,0.92,0.913,0.918,66877400.0,61343295.150000006,,,,
2025-01-17,161226,白银LOF,0.919,0.92,0.911,0.914,48716400.0,44624222.4,,,,
2025-01-20,161226,白银LOF,0.9,0.907,0.898,0.907,46350700.0,41854682.1,,,,
2025-01-21,161226,白银LOF,0.905,0.914,0.903,0.909,48583600.0,44101762.900000006,,,,
2025-01-22,161226,白银LOF,0.914,0.919,0.911,0.914,46845000.0,42839752.5,,,,
2025-01-23,161226,白银LOF,0.909,0.91,0.901,0.903,41814600.0,37873573.95,,,,
2025-01-24,161226,白银LOF,0.901,0.909,0.901,0.907,51174600.0,46287425.7,,,,
2025-01-27,161226,白银LOF,0.901,0.903,0.899,0.902,38279200.0,34499129.0,,,,
2025-02-05,161226,白银LOF,0.942,0.949,0.939,0.949,140778700.0,133000676.825,,,,
2025-02-06,161226,白银LOF,0.947,0.95,0.942,0.943,62921800.0,59492561.9,,,,
2025-02-07,161226,白银LOF,0.944,0.947,0.942,0.943,61446400.0,58005401.599999994,,,,
2025-02-10,161226,白银LOF,0.943,0.946,0.939,0.946,45639500.0,43060868.25,,,,
2025-02-11,161226,白银LOF,0.948,0.949,0.933,0.937,63392800.0,59700169.400000006,,,,
2025-02-12,161226,白银LOF,0.933,0.937,0.929,0.934,40099200.0,37422578.400000006,,,,
2025-02-13,161226,白银LOF,0.939,0.944,0.938,0.942,48712200.0,45826002.15,,,,
2025-02-14,161226,白银LOF,0.949,0.99,0.946,0.97,137808000.0,132812459.99999999,,,,
2025-02-17,161226,白银LOF,0.94,0.945,0.939,0.941,116737400.0,109879077.74999999,,,,
2025-02-18,161226,白银LOF,0.937,0.948,0.936,0.945,95588500.0,89996572.75,,,,
2025-02-19,161226,白银LOF,0.952,0.958,0.945,0.954,71102900.0,67707736.52499999,,,,
2025-02-20,161226,白银LOF,0.951,0.956,0.949,0.955,79517200.0,75760012.3,,,,
2025-02-21,161226,白银LOF,0.956,0.957,0.944,0.95,80742300.0,76846484.025,,,,
2025-02-24,161226,白银LOF,0.942,0.949,0.941,0.949,66036700.0,62421190.675,,,,
2025-02-25,161226,白银LOF,0.944,0.946,0.941,0.941,37471600.0,35335718.8,,,,
2025-02-26,161226,白银LOF,0.933,0.934,0.928,0.928,54661100.0,50875818.825,,,,
2025-02-27,161226,白银LOF,0.93,0.935,0.926,0.929,27944300.0,25988199.0,,,,
2025-02-28,161226,白银LOF,0.924,0.926,0.92,0.921,54330400.0,50133376.6,,,,
2025-03-03,161226,白银LOF,0.925,0.929,0.923,0.925,47701200.0,44147460.6,,,,
2025-03-04,161226,白银LOF,0.929,0.933,0.927,0.932,30556200.0,28424905.050000004,,,,
2025-03-05,161226,白银LOF,0.932,0.938,0.931,0.936,51151500.0,47788288.875,,,,
2025-03-06,161226,白银LOF,0.941,0.947,0.941,0.944,51142600.0,48240257.449999996,,,,
2025-03-07,161226,白银LOF,0.941,0.943,0.939,0.941,47865100.0,45041059.099999994,,,,
2025-03-10,161226,白银LOF,0.942,0.944,0.939,0.943,69948800.0,65891769.599999994,,,,
2025-03-11,161226,白银LOF,0.933,0.936,0.93,0.936,40140800.0,37481472.0,,,,
2025-03-12,161226,白银LOF,0.945,0.948,0.944,0.944,51541800.0,48719886.449999996,,,,
2025-03-13,161226,白银LOF,0.953,0.956,0.949,0.951,47039000.0,44792887.75,,,,
2025-03-14,161226,白银LOF,0.973,0.977,0.971,0.975,90343100.0,87994179.39999999,,,,
2025-03-17,161226,白银LOF,0.973,0.975,0.969,0.974,45646100.0,44402243.775,,,,
2025-03-18,161226,白银LOF,0.975,0.978,0.973,0.977,74589100.0,72780314.32499999,,,,
2025-03-19,161226,白银LOF,0.977,0.983,0.975,0.98,49078500.0,48035581.875,,,,
2025-03-20,161226,白银LOF,0.979,0.979,0.973,0.975,50032400.0,48856638.599999994,,,,
2025-03-21,161226,白银LOF,0.97,0.971,0.957,0.961,73223000.0,70641889.25,,,,
2025-03-24,161226,白银LOF,0.961,0.965,0.96,0.965,40773300.0,39254494.575,,,,
2025-03-25,161226,白银LOF,0.962,0.965,0.961,0.964,18944300.0,18243360.9,,,,
2025-03-26,161226,白银LOF,0.976,0.978,0.973,0.978,62101800.0,60626882.25,,,,
2025-03-27,161226,白银LOF,0.976,0.979,0.974,0.978,36982500.0,36122656.875,,,,
2025-03-28,161226,白银LOF,0.995,0.997,0.989,0.995,81747500.0,81257015.0,,,,
2025-03-31,161226,白银LOF,0.991,0.996,0.986,0.995,88725000.0,88015200.0,,,,
2025-04-01,161226,白银LOF,0.987,0.992,0.985,0.986,109253600.0,107887930.0,,,,
2025-04-02,161226,白银LOF,0.983,0.987,0.982,0.982,55220200.0,54309066.7,,,,
2025-04-03,161226,白银LOF,0.979,0.99,0.965,0.972,106596300.0,104091286.94999999,,,,
2025-04-07,161226,白银LOF,0.88,0.921,0.878,0.891,254820800.0,227427564.00000003,,,,
2025-04-08,161226,白银LOF,0.891,0.896,0.89,0.895,83825500.0,74856171.5,,,,
2025-04-09,161226,白银LOF,0.888,0.904,0.888,0.904,72178200.0,64671667.2,,,,
2025-04-10,161226,白银LOF,0.921,0.932,0.919,0.928,92376900.0,85448632.5,,,,
2025-04-11,161226,白银LOF,0.922,0.932,0.92,0.926,104756700.0,96899947.5,,,,
2025-04-14,161226,白银LOF,0.938,0.943,0.936,0.94,91189300.0,85649550.02499999,,,,
2025-04-15,161226,白银LOF,0.944,0.946,0.941,0.944,74735900.0,70532005.62499999,,,,
2025-04-16,161226,白银LOF,0.951,0.954,0.946,0.953,81363200.0,77376403.19999999,,,,
2025-04-17,161226,白银LOF,0.954,0.955,0.94,0.945,114923400.0,109004844.9,,,,
2025-04-18,161226,白银LOF,0.945,0.946,0.943,0.944,68103300.0,64323566.85,,,,
2025-04-21,161226,白银LOF,0.949,0.955,0.949,0.954,103425200.0,98434934.1,,,,
2025-04-22,161226,白银LOF,0.953,0.953,0.944,0.947,89962800.0,85397187.89999999,,,,
2025-04-23,161226,白银LOF,0.951,0.954,0.943,0.95,106939800.0,101539340.1,,,,
2025-04-24,161226,白银LOF,0.964,0.965,0.956,0.96,96420000.0,92683725.0,,,,
2025-04-25,161226,白银LOF,0.962,0.964,0.955,0.957,59398300.0,56992668.85,,,,
2025-04-28,161226,白银LOF,0.951,0.951,0.945,0.945,51774700.0,49082415.599999994,,,,
2025-04-29,161226,白银LOF,0.952,0.956,0.948,0.951,37526600.0,35715941.55,,,,
2025-04-30,161226,白银LOF,0.953,0.956,0.949,0.951,48652300.0,46329152.675,,,,
2025-05-06,161226,白银LOF,0.954,0.96,0.953,0.958,59836300.0,57218461.87499999,,,,
2025-05-07,161226,白银LOF,0.952,0.961,0.95,0.959,35684600.0,34096635.3,,,,
2025-05-08,161226,白银LOF,0.95,0.957,0.942,0.944,54326900.0,51515482.925000004,,,,
2025-05-09,161226,白银LOF,0.945,0.95,0.943,0.949,37142100.0,35164283.175,,,,
2025-05-12,161226,白银LOF,0.946,0.959,0.943,0.957,61345500.0,58354906.875,,,,
2025-05-13,161226,白银LOF,0.948,0.956,0.945,0.956,51061000.0,48571776.25,,,,
2025-05-14,161226,白银LOF,0.951,0.952,0.946,0.949,53680300.0,50969444.85,,,,
2025-05-15,161226,白银LOF,0.936,0.937,0.922,0.928,78190800.0,72776087.10000001,,,,
2025-05-16,161226,白银LOF,0.94,0.941,0.937,0.937,67715400.0,63567831.75,,,,
2025-05-19,161226,白银LOF,0.939,0.943,0.939,0.941,40771600.0,38345689.8,,,,
2025-05-20,161226,白银LOF,0.938,0.94,0.934,0.935,25336500.0,23733966.375,,,,
2025-05-21,161226,白银LOF,0.951,0.957,0.951,0.955,117270800.0,111817707.8,,,,
2025-05-22,161226,白银LOF,0.959,0.964,0.959,0.959,59436300.0,57073707.074999996,,,,
2025-05-23,161226,白银LOF,0.953,0.957,0.951,0.955,49095800.0,46837393.199999996,,,,
2025-05-26,161226,白银LOF,0.955,0.959,0.955,0.958,32149100.0,30758651.425,,,,
2025-05-27,161226,白银LOF,0.957,0.958,0.949,0.951,31233000.0,29788473.749999996,,,,
2025-05-28,161226,白银LOF,0.954,0.956,0.952,0.952,25719300.0,24523352.55,,,,
2025-05-29,161226,白银LOF,0.949,0.955,0.947,0.953,25564500.0,24311839.5,,,,
2025-05-30,161226,白银LOF,0.953,0.953,0.948,0.951,26199600.0,24922369.5,,,,
2025-06-03,161226,白银LOF,0.98,0.982,0.974,0.98,82367300.0,80637586.7,,,,
2025-06-04,161226,白银LOF,0.984,0.985,0.98,0.982,34772600.0,34172772.65,,,,
2025-06-05,161226,白银LOF,0.983,0.984,0.981,0.983,21162200.0,20797152.05,,,,
2025-06-06,161226,白银LOF,1.016,1.049,1.016,1.029,212479600.0,218322788.99999997,,,,
2025-06-09,161226,白银LOF,1.028,1.045,1.024,1.044,91170100.0,94383846.025,,,,
2025-06-10,161226,白银LOF,1.035,1.061,1.029,1.06,127221000.0,133104971.24999999,,,,
2025-06-11,161226,白银LOF,1.042,1.064,1.04,1.044,93389600.0,97825606.00000001,,,,
2025-06-12,161226,白银LOF,1.034,1.039,1.03,1.032,73988100.0,76485198.375,,,,
2025-06-13,161226,白银LOF,1.027,1.044,1.023,1.024,108877400.0,112089283.30000001,,,,
2025-06-16,161226,白银LOF,1.02,1.032,1.019,1.027,65291100.0,66890731.949999996,,,,
2025-06-17,161226,白银LOF,1.025,1.031,1.022,1.029,74082100.0,76063796.175,,,,
2025-06-18,161226,白银LOF,1.043,1.05,1.04,1.048,133389400.0,139425270.35,,,,
2025-06-19,161226,白银LOF,1.032,1.037,1.021,1.025,120470700.0,123934232.625,,,,
2025-06-20,161226,白银LOF,1.019,1.02,1.0,1.004,178699100.0,180620115.32499996,,,,
2025-06-23,161226,白银LOF,1.01,1.017,1.009,1.015,106795000.0,108156636.25,,,,
2025-06-24,161226,白银LOF,1.014,1.019,1.01,1.014,88569200.0,89831311.1,,,,
2025-06-25,161226,白银LOF,1.007,1.013,1.006,1.01,92916900.0,93753152.1,,,,
2025-06-26,161226,白银LOF,1.016,1.019,1.014,1.018,74450300.0,75697342.525,,,,
2025-06-27,161226,白银LOF,1.019,1.024,1.016,1.017,87745000.0,89412154.99999999,,,,
2025-06-30,161226,白银LOF,1.006,1.013,1.004,1.012,86394500.0,87150451.875,,,,
2025-07-01,161226,白银LOF,1.012,1.019,1.007,1.019,96746800.0,98125441.89999999,,,,
2025-07-02,161226,白银LOF,1.014,1.016,1.011,1.012,70256900.0,71187803.925,,,,
2025-07-03,161226,白银LOF,1.019,1.037,1.019,1.034,142815100.0,146706811.475,,,,
2025-07-04,161226,白银LOF,1.034,1.035,1.027,1.032,87375900.0,90171928.8,,,,
2025-07-07,161226,白银LOF,1.03,1.032,1.023,1.025,64197700.0,65963136.74999999,,,,
2025-07-08,161226,白银LOF,1.028,1.034,1.027,1.031,55772300.0,57445469.0,,,,
2025-07-09,161226,白银LOF,1.028,1.03,1.023,1.025,53655000.0,55076857.5,,,,
2025-07-10,161226,白银LOF,1.025,1.028,1.023,1.028,44970400.0,46139630.4,,,,
2025-07-11,161226,白银LOF,1.042,1.049,1.039,1.043,109040600.0,113756605.95,,,,
2025-07-14,161226,白银LOF,1.062,1.074,1.059,1.064,160938200.0,171358948.45000002,,,,
2025-07-15,161226,白银LOF,1.056,1.063,1.055,1.062,72475200.0,76751236.8,,,,
2025-07-16,161226,白银LOF,1.056,1.057,1.049,1.054,68572400.0,72275309.60000001,,,,
2025-07-17,161226,白银LOF,1.054,1.059,1.054,1.056,45023700.0,47533771.275000006,,,,
2025-07-18,161226,白银LOF,1.061,1.07,1.06,1.068,82067200.0,87381051.2,,,,
2025-07-21,161226,白银LOF,1.064,1.069,1.064,1.067,57881400.0,61701572.400000006,,,,
2025-07-22,161226,白银LOF,1.078,1.086,1.076,1.083,112159500.0,121216379.62500001,,,,
2025-07-23,161226,白银LOF,1.087,1.096,1.086,1.094,72027300.0,78563777.47500001,,,,
2025-07-24,161226,白银LOF,1.087,1.087,1.072,1.082,88301000.0,95541682.0,,,,
2025-07-25,161226,白银LOF,1.082,1.087,1.079,1.085,61057100.0,66140103.57499999,,,,
2025-07-28,161226,白银LOF,1.062,1.066,1.06,1.064,77360600.0,82234317.80000001,,,,
2025-07-29,161226,白银LOF,1.061,1.064,1.06,1.061,37874700.0,40203994.050000004,,,,
2025-07-30,161226,白银LOF,1.062,1.065,1.06,1.061,36356200.0,38610284.4,,,,
2025-07-31,161226,白银LOF,1.04,1.045,1.035,1.04,93018000.0,96738720.0,,,,
2025-08-01,161226,白银LOF,1.031,1.031,1.026,1.029,116788800.0,120204872.39999998,,,,
2025-08-04,161226,白银LOF,1.034,1.047,1.032,1.045,110999900.0,115384396.04999998,,,,
2025-08-05,161226,白银LOF,1.049,1.055,1.047,1.053,73036300.0,76761151.3,,,,
2025-08-06,161226,白银LOF,1.057,1.063,1.057,1.059,61507500.0,65136442.499999985,,,,
2025-08-07,161226,白银LOF,1.061,1.067,1.06,1.066,58536000.0,62253035.99999999,,,,
2025-08-08,161226,白银LOF,1.067,1.07,1.065,1.07,63233500.0,67533378.0,,,,
2025-08-11,161226,白银LOF,1.062,1.064,1.057,1.062,113622800.0,120582196.5,,,,
2025-08-12,161226,白银LOF,1.055,1.062,1.054,1.058,82055300.0,86752965.925,,,,
2025-08-13,161226,白银LOF,1.063,1.072,1.061,1.07,78403200.0,83617012.8,,,,
2025-08-14,161226,白银LOF,1.074,1.079,1.068,1.071,62296000.0,66843608.0,,,,
2025-08-15,161226,白银LOF,1.056,1.065,1.056,1.061,89514400.0,94840506.8,,,,
2025-08-18,161226,白银LOF,1.064,1.065,1.06,1.065,76155800.0,80991693.3,,,,
2025-08-19,161226,白银LOF,1.06,1.06,1.054,1.057,41956400.0,44379382.1,,,,
2025-08-20,161226,白银LOF,1.044,1.044,1.04,1.042,80907000.0,84345547.5,,,,
2025-08-21,161226,白银LOF,1.054,1.058,1.054,1.055,60082400.0,63401952.6,,,,
2025-08-22,161226,白银LOF,1.063,1.065,1.057,1.058,66979300.0,71048292.47500001,,,,
2025-08-25,161226,白银LOF,1.079,1.082,1.076,1.08,97963100.0,105726675.675,,,,
2025-08-26,161226,白银LOF,1.078,1.081,1.075,1.077,39172700.0,42218377.425,,,,
2025-08-27,161226,白银LOF,1.074,1.076,1.07,1.071,58172900.0,62404978.47500001,,,,
2025-08-28,161226,白银LOF,1.075,1.081,1.075,1.079,70944900.0,76443129.75,,,,
2025-08-29,161226,白银LOF,1.082,1.083,1.079,1.082,41114600.0,44465439.9,,,,
2025-09-01,161226,白银LOF,1.103,1.13,1.103,1.128,165197400.0,184360298.39999998,,,,
2025-09-02,161226,白银LOF,1.138,1.142,1.128,1.131,113283600.0,128548565.1,,,,
2025-09-03,161226,白银LOF,1.129,1.135,1.125,1.129,95496900.0,107863748.55,,,,
2025-09-04,161226,白银LOF,1.132,1.133,1.113,1.125,98978400.0,111424933.8,,,,
2025-09-05,161226,白银LOF,1.123,1.129,1.122,1.127,84601500.0,95197837.875,,,,
2025-09-08,161226,白银LOF,1.123,1.128,1.117,1.128,110287800.0,123963487.19999999,,,,
2025-09-09,161226,白银LOF,1.132,1.139,1.131,1.137,138606200.0,157283385.45000002,,,,
2025-09-10,161226,白银LOF,1.125,1.134,1.121,1.131,88674000.0,100002103.5,,,,
2025-09-11,161226,白银LOF,1.131,1.133,1.123,1.128,49181300.0,55513392.37499999,,,,
2025-09-12,161226,白银LOF,1.14,1.159,1.139,1.155,129829700.0,149076953.025,,,,
2025-09-15,161226,白银LOF,1.151,1.158,1.148,1.155,65347400.0,75345552.2,,,,
2025-09-16,161226,白银LOF,1.164,1.169,1.157,1.166,114488700.0,133264846.80000001,,,,
2025-09-17,161226,白银LOF,1.156,1.156,1.14,1.145,144987100.0,166626424.67499998,,,,
2025-09-18,161226,白银LOF,1.133,1.143,1.125,1.128,118353200.0,134005410.7,,,,
2025-09-19,161226,白银LOF,1.14,1.163,1.136,1.146,152838800.0,175191474.5,,,,
2025-09-22,161226,白银LOF,1.177,1.213,1.173,1.211,163569500.0,195220198.25,,,,
2025-09-23,161226,白银LOF,1.188,1.201,1.181,1.192,153391500.0,182612580.75000003,,,,
2025-09-24,161226,白银LOF,1.182,1.199,1.182,1.196,129669900.0,154274763.525,,,,
2025-09-25,161226,白银LOF,1.191,1.197,1.188,1.195,96768000.0,115420032.0,,,,
2025-09-26,161226,白银LOF,1.21,1.222,1.204,1.221,181520200.0,220410902.85000002,,,,
2025-09-29,161226,白银LOF,1.236,1.271,1.225,1.259,239953900.0,299402478.72499996,,,,
2025-09-30,161226,白银LOF,1.259,1.266,1.251,1.258,207456200.0,261083627.7,,,,
2025-10-09,161226,白银LOF,1.288,1.309,1.286,1.297,260227700.0,336994871.5,,,,
2025-10-10,161226,白银LOF,1.284,1.306,1.269,1.286,165346100.0,212676421.12500003,,,,
2025-10-13,161226,白银LOF,1.29,1.363,1.289,1.36,245266200.0,325100348.09999996,,,,
2025-10-14,161226,白银LOF,1.44,1.495,1.317,1.356,485400100.0,680530940.2,,,,
2025-10-15,161226,白银LOF,1.36,1.402,1.36,1.402,270295900.0,373278637.9,,,,
2025-10-16,161226,白银LOF,1.427,1.461,1.41,1.446,341469200.0,490349771.20000005,,,,
2025-10-17,161226,白银LOF,1.464,1.49,1.4,1.469,403458700.0,587335002.5250001,,,,
2025-10-20,161226,白银LOF,1.36,1.411,1.36,1.367,393116900.0,540339179.0500001,,,,
2025-10-21,161226,白银LOF,1.382,1.386,1.34,1.356,344540300.0,470642049.79999995,,,,
2025-10-22,161226,白银LOF,1.289,1.308,1.282,1.306,367140900.0,475906391.62499994,,,,
2025-10-23,161226,白银LOF,1.297,1.312,1.289,1.31,211581600.0,275479243.2,,,,
2025-10-24,161226,白银LOF,1.308,1.308,1.29,1.295,184316500.0,239657529.12499997,,,,
2025-10-27,161226,白银LOF,1.304,1.307,1.296,1.302,173063600.0,225372073.1,,,,
2025-10-28,161226,白银LOF,1.278,1.278,1.255,1.261,255388800.0,323832998.4,,,,
2025-10-29,161226,白银LOF,1.286,1.298,1.277,1.297,180704400.0,233018323.8,,,,
2025-10-30,161226,白银LOF,1.287,1.29,1.274,1.289,143657400.0,184599759.0,,,,
2025-10-31,161226,白银LOF,1.318,1.32,1.304,1.313,178139000.0,234030111.25000003,,,,
2025-11-03,161226,白银LOF,1.303,1.316,1.3,1.315,80765500.0,105681656.75,,,,
2025-11-04,161226,白银LOF,1.3,1.304,1.289,1.295,87194800.0,113091655.6,,,,
2025-11-05,161226,白银LOF,1.28,1.298,1.276,1.295,87391800.0,112495094.55,,,,
2025-11-06,161226,白银LOF,1.302,1.314,1.297,1.313,84753900.0,110730970.35,,,,
2025-11-07,161226,白银LOF,1.313,1.322,1.31,1.321,76042100.0,100109424.65,,,,
2025-11-10,161226,白银LOF,1.335,1.365,1.332,1.362,178237200.0,240352864.20000002,,,,
2025-11-11,161226,白银LOF,1.391,1.41,1.38,1.397,159510300.0,222437113.35000002,,,,
2025-11-12,161226,白银LOF,1.397,1.406,1.387,1.404,116529200.0,162966086.2,,,,
2025-11-13,161226,白银LOF,1.437,1.467,1.429,1.46,222245400.0,321866900.5500001,,,,
2025-11-14,161226,白银LOF,1.428,1.451,1.414,1.43,177523200.0,253991318.39999995,,,,
2025-11-17,161226,白银LOF,1.39,1.399,1.377,1.384,153043200.0,212347440.0,,,,
2025-11-18,161226,白银LOF,1.373,1.373,1.348,1.353,159535700.0,217247739.475,,,,
2025-11-19,161226,白银LOF,1.375,1.406,1.373,1.406,215764900.0,299913211.0,,,,
2025-11-20,161226,白银LOF,1.399,1.409,1.388,1.398,159612000.0,223217381.99999997,,,,
2025-11-21,161226,白银LOF,1.38,1.388,1.362,1.369,135665700.0,186506421.075,,,,
2025-11-24,161226,白银LOF,1.375,1.383,1.37,1.375,81366400.0,111939824.8,,,,
2025-11-25,161226,白银LOF,1.405,1.428,1.404,1.423,189828000.0,268606620.0,,,,
2025-11-26,161226,白银LOF,1.421,1.44,1.418,1.437,117861600.0,168424226.4,,,,
2025-11-27,161226,白银LOF,1.456,1.482,1.437,1.476,171333500.0,250618077.125,,,,
2025-11-28,161226,白银LOF,1.48,1.53,1.48,1.528,231920000.0,348923640.00000006,,,,
2025-12-01,161226,白银LOF,1.62,1.628,1.57,1.617,302550100.0,486727473.37500006,,,,
2025-12-02,161226,白银LOF,1.6,1.64,1.57,1.61,250496100.0,402046240.5,,,,
2025-12-03,161226,白银LOF,1.626,1.685,1.626,1.679,280225700.0,463493307.79999995,,,,
2025-12-04,161226,白银LOF,1.679,1.749,1.618,1.689,381171500.0,641797513.1250001,,,,
2025-12-05,161226,白银LOF,1.61,1.732,1.61,1.724,282254500.0,471082760.5,,,,
2025-12-08,161226,白银LOF,1.725,1.735,1.693,1.734,219474700.0,377880564.725,,,,
2025-12-09,161226,白银LOF,1.711,1.729,1.701,1.709,165619200.0,283622880.0,,,,
2025-12-10,161226,白银LOF,1.8,1.819,1.772,1.815,284681400.0,512853542.1,,,,
2025-12-11,161226,白银LOF,1.84,1.938,1.84,1.937,430324500.0,812775399.375,,,,
2025-12-12,161226,白银LOF,1.937,2.017,1.8,1.996,495823300.0,960657643.7499999,,,,
2025-12-15,161226,白银LOF,1.97,2.019,1.913,2.016,328500400.0,650266541.8000001,,,,
2025-12-16,161226,白银LOF,2.016,2.053,1.995,2.027,370976900.0,750393524.4750001,,,,
2025-12-17,161226,白银LOF,2.088,2.23,2.056,2.229,418164500.0,899367298.3750001,,,,
2025-12-18,161226,白银LOF,2.229,2.45,2.229,2.332,723378800.0,1671005028.0,,,,
2025-12-19,161226,白银LOF,2.25,2.406,2.13,2.341,532514700.0,1215065416.725,,,,
2025-12-22,161226,白银LOF,2.5,2.575,2.451,2.575,527386700.0,1331783264.1750002,,,,
2025-12-23,161226,白银LOF,2.691,2.833,2.69,2.833,425079000.0,1173961928.2499998,,,,
2025-12-24,161226,白银LOF,3.11,3.116,3.1,3.116,207942400.0,646804835.2,,,,
2025-12-25,161226,白银LOF,3.116,3.116,2.804,2.804,279564300.0,827510328.0,,,,
2025-12-26,161226,白银LOF,2.524,2.524,2.524,2.524,236464300.0,596835893.2,,,,
2025-12-29,161226,白银LOF,2.272,2.767,2.272,2.543,1055412400.0,2600008447.3999996,,,,
2025-12-30,161226,白银LOF,2.289,2.46,2.289,2.377,703732900.0,1656411313.3750002,,,,
2025-12-31,161226,白银LOF,2.377,2.398,2.2,2.251,627908600.0,1448271185.8999999,,,,
2026-01-05,161226,白银LOF,2.3,2.395,2.3,2.372,487622800.0,1141890691.9,,,,
2026-01-06,161226,白银LOF,2.427,2.598,2.378,2.598,632232600.0,1580739558.15,,,,
2026-01-07,161226,白银LOF,2.598,2.73,2.5,2.565,645684200.0,1677648972.65,,,,
2026-01-08,161226,白银LOF,2.518,2.532,2.451,2.5,419456600.0,1048746364.15,,,,
2026-01-09,161226,白银LOF,2.416,2.554,2.416,2.53,384869200.0,954090746.8000001,,,,
2026-01-12,161226,白银LOF,2.78,2.78,2.616,2.71,547014000.0,1488698601.0,,,,
2026-01-13,161226,白银LOF,2.71,2.85,2.71,2.748,532140200.0,1465780180.9,,,,
2026-01-14,161226,白银LOF,2.9,2.999,2.853,2.998,658710800.0,1934962975.0,,,,
2026-01-15,161226,白银LOF,2.998,3.111,2.85,3.071,727763900.0,2188749929.25,,,,
2026-01-16,161226,白银LOF,3.069,3.146,2.981,3.094,509271600.0,1564736991.0,,,,
2026-01-19,161226,白银LOF,3.13,3.388,3.128,3.384,564648500.0,1839342488.75,,,,
2026-01-20,161226,白银LOF,3.38,3.667,3.1,3.59,792825200.0,2722759943.1,,,,
2026-01-21,161226,白银LOF,3.59,3.94,3.49,3.92,836090300.0,3122797270.5,,,,
2026-01-23,161226,白银LOF,3.92,4.22,3.57,3.875,1096480700.0,4272162927.375,,,,
2026-01-26,161226,白银LOF,4.185,4.196,4.0,4.183,870923900.0,3606495869.9,,,,
2026-01-27,161226,白银LOF,4.183,4.387,4.183,4.336,708906700.0,3028626649.075,,,,
2026-01-28,161226,白银LOF,4.445,4.77,4.431,4.77,609961900.0,2808264587.6,,,,
2026-01-29,161226,白银LOF,4.86,5.247,4.779,5.247,584322300.0,2941040216.475,,,,
2026-02-02,161226,白银LOF,4.722,4.722,4.722,4.722,13941700.0,65832707.400000006,,,,
2026-02-03,161226,白银LOF,4.25,4.25,4.25,4.25,25077800.0,106580650.0,,,,
2026-02-04,161226,白银LOF,3.825,3.825,3.825,3.825,62430600.0,238797045.0,,,,
2026-02-05,161226,白银LOF,3.443,3.443,3.443,3.443,40585800.0,139736909.4,,,,
2026-02-06,161226,白银LOF,3.099,3.099,3.099,3.099,64951600.0,201285008.4,,,,
2026-02-09,161226,白银LOF,2.789,3.368,2.789,3.358,974731200.0,2998273171.2000003,,,,
2026-02-10,161226,白银LOF,3.21,3.296,3.03,3.052,721810000.0,2271536070.0,,,,
2026-02-11,161226,白银LOF,3.052,3.154,2.991,3.04,397812300.0,1217007278.775,,,,
2026-02-12,161226,白银LOF,3.04,3.07,2.801,2.87,517239100.0,1523398459.275,,,,
2026-02-13,161226,白银LOF,2.666,2.85,2.66,2.821,432542900.0,1189168567.825,,,,
2026-02-24,161226,白银LOF,3.102,3.103,3.0,3.103,428781300.0,1319360060.1,,,,
2026-02-25,161226,白银LOF,3.199,3.413,3.145,3.413,559568500.0,1842379286.25,,,,
2026-02-26,161226,白银LOF,3.405,3.528,3.23,3.369,522230100.0,1766704428.3,,,,
2026-02-27,161226,白银LOF,3.46,3.5,3.4,3.46,413333100.0,1428065860.5,,,,
2026-03-02,161226,白银LOF,3.635,3.806,3.53,3.806,525595400.0,1941680806.4499998,,,,
2026-03-03,161226,白银LOF,3.488,3.732,3.46,3.495,644075600.0,2282442907.5,,,,
2026-03-04,161226,白银LOF,3.465,3.49,3.351,3.413,371807800.0,1275207802.0500002,,,,
2026-03-05,161226,白银LOF,3.413,3.455,3.295,3.395,341559100.0,1157714569.45,,,,
2026-03-06,161226,白银LOF,3.395,3.396,3.32,3.344,235620300.0,792567784.125,,,,
2026-03-09,161226,白银LOF,3.2,3.34,3.179,3.277,284824000.0,925393176.0,,,,
2026-03-10,161226,白银LOF,3.45,3.45,3.371,3.389,274059900.0,935914558.5000001,,,,
2026-03-11,161226,白银LOF,3.355,3.386,3.305,3.336,201760800.0,674990756.4,,,,
2026-03-12,161226,白银LOF,3.253,3.286,3.22,3.28,221094500.0,720712796.375,,,,
2026-03-13,161226,白银LOF,3.223,3.24,3.138,3.162,232331600.0,741312052.7,,,,
2026-03-16,161226,白银LOF,2.95,3.05,2.908,2.994,293846500.0,874340260.75,,,,
2026-03-17,161226,白银LOF,2.995,3.048,2.995,3.001,208901100.0,628740085.725,,,,
2026-03-18,161226,白银LOF,2.94,2.94,2.861,2.914,224753300.0,654874927.8750001,,,,
2026-03-19,161226,白银LOF,2.701,2.777,2.625,2.645,394897000.0,1061088239.0000001,,,,
2026-03-20,161226,白银LOF,2.609,2.776,2.609,2.704,372785700.0,997015354.6500001,,,,
2026-03-23,161226,白银LOF,2.462,2.548,2.434,2.434,249963500.0,617284863.25,,,,
2026-03-24,161226,白银LOF,2.434,2.53,2.39,2.508,341662700.0,842369386.85,,,,
2026-03-25,161226,白银LOF,2.707,2.759,2.63,2.759,424399700.0,1151714685.875,,,,
2026-03-26,161226,白银LOF,2.7,2.7,2.554,2.64,338500000.0,896517250.0,,,,
2026-03-27,161226,白银LOF,2.635,2.749,2.589,2.691,308564700.0,822633490.1999999,,,,
2026-03-30,161226,白银LOF,2.642,2.747,2.61,2.722,249684100.0,669215809.025,,,,
2026-03-31,161226,白银LOF,2.799,2.8,2.728,2.737,225210800.0,622933072.8,,,,
2026-04-01,161226,白银LOF,2.798,2.978,2.76,2.929,406427500.0,1164922821.875,,,,
2026-04-02,161226,白银LOF,2.771,2.838,2.724,2.796,379067500.0,1054660551.8750001,,,,
2026-04-03,161226,白银LOF,2.76,2.782,2.73,2.766,177947100.0,491045022.45,,,,
2026-04-07,161226,白银LOF,2.738,2.788,2.73,2.754,142407800.0,391977469.5,,,,
2026-04-08,161226,白银LOF,2.978,3.02,2.91,2.995,379989800.0,1130754647.3500001,,,,
2026-04-09,161226,白银LOF,2.879,2.925,2.866,2.873,273809200.0,790144898.9,,,,
2026-04-10,161226,白银LOF,2.888,2.893,2.855,2.87,172403800.0,495919530.7,,,,
2026-04-13,161226,白银LOF,2.827,2.841,2.801,2.824,152402100.0,430269228.82500005,,,,
2026-04-14,161226,白银LOF,2.853,2.87,2.84,2.855,157223400.0,448794195.29999995,,,,
2026-04-15,161226,白银LOF,2.99,2.99,2.87,2.876,237492600.0,696209556.9,,,,
2026-04-16,161226,白银LOF,2.878,2.921,2.877,2.902,173019700.0,500805521.65,,,,
2026-04-17,161226,白银LOF,2.87,2.885,2.85,2.874,140905000.0,404362123.75,,,,
2026-04-20,161226,白银LOF,2.89,2.925,2.87,2.881,155975000.0,451001712.49999994,,,,
2026-04-21,161226,白银LOF,2.869,2.869,2.849,2.857,113626000.0,325083986.0,,,,
2026-04-22,161226,白银LOF,2.828,2.857,2.82,2.849,126355300.0,358659519.04999995,,,,
2026-04-23,161226,白银LOF,2.789,2.792,2.716,2.74,172363000.0,475592607.74999994,,,,
2026-04-24,161226,白银LOF,2.665,2.686,2.625,2.667,167283600.0,445099838.70000005,,,,
2026-04-27,161226,白银LOF,2.656,2.68,2.635,2.666,96564300.0,256788614.775,,,,
2026-04-28,161226,白银LOF,2.609,2.629,2.58,2.596,127318300.0,331473194.05,,,,
2026-04-29,161226,白银LOF,2.596,2.623,2.593,2.619,98839400.0,257748445.35000002,,,,
2026-04-30,161226,白银LOF,2.618,2.686,2.591,2.681,121338900.0,320820051.6,,,,
2026-05-06,161226,白银LOF,2.686,2.739,2.686,2.729,148253500.0,401766985.0,,,,
2026-05-07,161226,白银LOF,2.76,2.769,2.712,2.743,157802300.0,433325115.8,,,,
2026-05-08,161226,白银LOF,2.747,2.76,2.73,2.74,129963900.0,356653432.575,,,,
2026-05-11,161226,白银LOF,2.741,2.743,2.671,2.687,165740800.0,449240438.4,,,,
2026-05-12,161226,白银LOF,2.85,2.86,2.758,2.759,240642600.0,675423617.5500001,,,,
2026-05-13,161226,白银LOF,2.759,2.78,2.732,2.748,136694200.0,376558347.4499999,,,,
2026-05-14,161226,白银LOF,2.749,2.755,2.68,2.7,134925400.0,367132013.40000004,,,,
2026-05-15,161226,白银LOF,2.546,2.64,2.546,2.598,210150400.0,542713408.0,,,,
2026-05-18,161226,白银LOF,2.464,2.55,2.422,2.518,146562300.0,364720283.54999995,,,,
2026-05-19,161226,白银LOF,2.518,2.518,2.465,2.481,109151100.0,272386570.04999995,,,,
2026-05-20,161226,白银LOF,2.431,2.439,2.39,2.436,139717800.0,338675947.2,,,,
2026-05-21,161226,白银LOF,2.441,2.479,2.4,2.402,112116300.0,272498667.15,,,,
2026-05-22,161226,白银LOF,2.405,2.476,2.373,2.439,122101200.0,295881732.9,,,,
2026-05-25,161226,白银LOF,2.479,2.481,2.433,2.44,103100300.0,253446312.475,,,,
2026-05-26,161226,白银LOF,2.41,2.41,2.374,2.396,102105200.0,244797217.0,,,,
2026-05-27,161226,白银LOF,2.387,2.387,2.288,2.296,148034700.0,346327180.65000004,,,,
2026-05-28,161226,白银LOF,2.2,2.228,2.178,2.218,163287900.0,360213107.4000001,,,,
2026-05-29,161226,白银LOF,2.259,2.259,2.208,2.214,102435700.0,228943789.5,,,,
2026-06-01,161226,白银LOF,2.162,2.204,2.162,2.175,81778400.0,177929353.79999998,,,,
2026-06-02,161226,白银LOF,2.161,2.265,2.136,2.246,156661200.0,344967962.4,,,,
2026-06-03,161226,白银LOF,2.175,2.213,2.157,2.187,108461600.0,236771672.79999998,,,,
2026-06-04,161226,白银LOF,2.163,2.173,2.151,2.154,79020600.0,170704251.15,,,,
2026-06-05,161226,白银LOF,2.128,2.13,2.101,2.111,98882500.0,209383693.75000003,,,,
2026-06-08,161226,白银LOF,1.931,2.01,1.931,1.969,184996800.0,362639977.2,,,,
2026-06-09,161226,白银LOF,1.963,1.981,1.941,1.978,116769300.0,229539251.475,,,,
2026-06-10,161226,白银LOF,1.878,1.9,1.865,1.882,162219700.0,305175810.625,,,,
2026-06-11,161226,白银LOF,1.856,1.877,1.811,1.835,140628700.0,259424794.325,,,,
2026-06-12,161226,白银LOF,1.895,1.927,1.865,1.9,179905800.0,341236326.15,,,,
2026-06-15,161226,白银LOF,1.997,2.08,1.997,2.078,233039800.0,474935112.40000004,,,,
2026-06-16,161226,白银LOF,2.037,2.069,2.0,2.046,164234600.0,334710114.8000001,,,,
2026-06-17,161226,白银LOF,2.04,2.046,2.02,2.025,100982300.0,205271770.32499996,,,,
2026-06-18,161226,白银LOF,1.998,2.019,1.988,1.992,123944300.0,247795641.775,,,,
2026-06-22,161226,白银LOF,1.932,1.99,1.902,1.989,162769500.0,317929525.875,,,,
2026-06-23,161226,白银LOF,1.918,1.92,1.878,1.889,146021000.0,277622426.25,,,,
2026-06-24,161226,白银LOF,1.83,1.879,1.827,1.873,103882000.0,192415434.50000003,,,,
2026-06-25,161226,白银LOF,1.77,1.799,1.767,1.776,159417000.0,283443426.0,,,,
2026-06-26,161226,白银LOF,1.776,1.776,1.702,1.742,125944400.0,220276755.6,,,,
2026-06-29,161226,白银LOF,1.739,1.739,1.707,1.723,81848600.0,141352532.20000002,,,,
2026-06-30,161226,白银LOF,1.685,1.729,1.67,1.725,122537300.0,208589118.925,,,,
2026-07-01,161226,白银LOF,1.693,1.708,1.682,1.698,92854700.0,157411930.175,,,,
2026-07-02,161226,白银LOF,1.735,1.798,1.731,1.792,185242700.0,326768122.8,,,,
2026-07-03,161226,白银LOF,1.867,1.959,1.86,1.948,250813400.0,478677373.90000004,,,,
2026-07-06,161226,白银LOF,1.99,2.096,1.899,1.979,252039700.0,501811042.70000005,,,,
2026-07-07,161226,白银LOF,1.9,1.91,1.85,1.872,167339200.0,315099713.6,,,,
2026-07-08,161226,白银LOF,1.806,1.9,1.802,1.886,138757800.0,256493793.3,,,,
2026-07-09,161226,白银LOF,1.771,1.875,1.771,1.859,147267700.0,267879946.29999998,,,,
2026-07-10,161226,白银LOF,1.887,1.92,1.834,1.871,129347700.0,242914980.60000002,,,,
2026-07-13,161226,白银LOF,1.815,1.823,1.804,1.815,98923000.0,179471052.75,,,,
2026-07-14,161226,白银LOF,1.776,1.858,1.766,1.855,113467600.0,205801859.50000003,,,,
2026-07-15,161226,白银LOF,1.86,1.869,1.83,1.838,86881000.0,160664689.25,,,,
2026-07-16,161226,白银LOF,1.8,1.828,1.785,1.817,70364400.0,127183653.00000001,,,,
2026-07-17,161226,白银LOF,1.784,1.799,1.77,1.789,97634500.0,174326399.75,,,,
2026-07-20,161226,白银LOF,1.781,1.813,1.78,1.802,82008900.0,147123966.6,,,,
2026-07-21,161226,白银LOF,1.806,1.906,1.794,1.901,151238600.0,280056077.55,,,,
2026-07-22,161226,白银LOF,1.97,1.987,1.901,1.902,169957000.0,329716580.0,,,,
2026-07-23,161226,白银LOF,1.906,1.934,1.891,1.896,121028500.0,230771092.375,,,,
2026-07-24,161226,白银LOF,1.816,1.84,1.812,1.824,112348200.0,204810768.60000002,,,,
2026-07-27,161226,白银LOF,1.874,1.878,1.85,1.876,98257600.0,183692583.2,,,,
2026-07-28,161226,白银LOF,1.821,1.842,1.821,1.841,83877800.0,153601221.25,,,,
2026-07-29,161226,白银LOF,1.828,1.885,1.825,1.885,91025300.0,168920200.475,,,,
2026-07-30,161226,白银LOF,1.895,1.909,1.854,1.88,106059100.0,199868373.95000002,,,,
2026-07-31,161226,白银LOF,1.887,1.895,1.878,1.891,100748200.0,190187414.55,,,,
2026-08-03,161226,白银LOF,1.881,1.895,1.87,1.891,66517500.0,125335599.375,,,,
2026-08-04,161226,白银LOF,1.888,1.899,1.883,1.899,67328800.0,127402921.8,,,,
2026-08-05,161226,白银LOF,1.92,2.05,1.91,2.042,237768100.0,470899722.05,,,,
2026-08-06,161226,白银LOF,2.085,2.108,2.0,2.035,195051300.0,401220524.09999996,,,,
2026-08-07,161226,白银LOF,2.035,2.199,2.02,2.185,229282100.0,483727910.475,,,,
2026-08-10,161226,白银LOF,1.97,2.1,1.97,2.037,410404700.0,828709690.475,,,,
2026-08-11,161226,白银LOF,2.04,2.094,1.915,1.916,407972800.0,812375838.0,,,,
