date,symbol,name,open,high,low,close,volume,amount,pct_change,turnover_rate,amplitude,change
2012-03-01,164701,贵金属LOF,1.067,1.067,0.93,0.972,3290.0,314589.0,0.0,0.11,14.09,0.0
2012-03-02,164701,贵金属LOF,0.944,0.954,0.938,0.95,2252.0,212909.0,-2.26,0.07,1.65,-0.022
2012-03-05,164701,贵金属LOF,0.939,0.95,0.933,0.94,1677.0,157285.0,-1.05,0.05,1.79,-0.01
2012-03-06,164701,贵金属LOF,0.935,0.935,0.91,0.918,403.0,37088.0,-2.34,0.01,2.66,-0.022
2012-03-07,164701,贵金属LOF,0.91,0.928,0.91,0.913,457.0,41918.0,-0.54,0.01,1.96,-0.005
2012-03-08,164701,贵金属LOF,0.936,0.936,0.914,0.92,1419.0,130186.0,0.77,0.05,2.41,0.007
2012-03-09,164701,贵金属LOF,0.916,0.926,0.91,0.925,3928.0,358757.0,0.54,0.13,1.74,0.005
2012-03-12,164701,贵金属LOF,0.917,0.93,0.917,0.927,163.0,15076.0,0.22,0.01,1.41,0.002
2012-03-13,164701,贵金属LOF,0.928,0.928,0.92,0.927,714.0,65798.0,0.0,0.02,0.86,0.0
2012-03-14,164701,贵金属LOF,0.922,0.922,0.911,0.911,2052.0,187635.0,-1.73,0.07,1.19,-0.016
2012-03-15,164701,贵金属LOF,0.91,0.91,0.879,0.9,1367.0,122009.0,-1.21,0.04,3.4,-0.011
2012-03-16,164701,贵金属LOF,0.9,0.91,0.88,0.9,938.0,83592.0,0.0,0.03,3.33,0.0
2012-03-19,164701,贵金属LOF,0.901,0.905,0.9,0.904,917.0,82580.0,0.44,0.03,0.56,0.004
2012-03-20,164701,贵金属LOF,0.915,0.915,0.9,0.904,369.0,33273.0,0.0,0.01,1.66,0.0
2012-03-21,164701,贵金属LOF,0.9,0.9,0.886,0.9,750.0,66950.0,-0.44,0.02,1.55,-0.004
2012-03-22,164701,贵金属LOF,0.89,0.9,0.89,0.891,120.0,10708.0,-1.0,0.0,1.11,-0.009
2012-03-23,164701,贵金属LOF,0.9,0.9,0.9,0.9,55.0,4950.0,1.01,0.0,0.0,0.009
2012-03-26,164701,贵金属LOF,0.891,0.899,0.891,0.899,275.0,24646.0,-0.11,0.01,0.89,-0.001
2012-03-27,164701,贵金属LOF,0.9,0.913,0.9,0.913,1231.0,111507.0,1.56,0.04,1.45,0.014
2012-03-28,164701,贵金属LOF,0.906,0.906,0.901,0.906,1215.0,109748.0,-0.77,0.04,0.55,-0.007
2012-03-29,164701,贵金属LOF,0.905,0.905,0.905,0.905,3.0,271.0,-0.11,0.0,0.0,-0.001
2012-03-30,164701,贵金属LOF,0.887,0.893,0.887,0.89,1195.0,106228.0,-1.66,0.04,0.66,-0.015
2012-04-05,164701,贵金属LOF,0.888,0.888,0.87,0.88,2136.0,186489.0,-1.12,0.07,2.02,-0.01
2012-04-06,164701,贵金属LOF,0.875,0.885,0.874,0.88,482.0,42284.0,0.0,0.02,1.25,0.0
2012-04-09,164701,贵金属LOF,0.882,0.885,0.875,0.884,2156.0,190338.0,0.45,0.07,1.14,0.004
2012-04-10,164701,贵金属LOF,0.883,0.897,0.883,0.889,1112.0,98854.0,0.57,0.04,1.58,0.005
2012-04-11,164701,贵金属LOF,0.883,0.895,0.883,0.884,766.0,67691.0,-0.56,0.03,1.35,-0.005
2012-04-12,164701,贵金属LOF,0.893,0.893,0.889,0.893,459.0,40947.0,1.02,0.01,0.45,0.009
2012-04-13,164701,贵金属LOF,0.895,0.898,0.895,0.897,1002.0,89797.0,0.45,0.03,0.34,0.004
2012-04-16,164701,贵金属LOF,0.897,0.897,0.88,0.885,1409.0,124650.0,-1.34,0.05,1.9,-0.012
2012-04-17,164701,贵金属LOF,0.885,0.89,0.885,0.885,1087.0,96243.0,0.0,0.04,0.56,0.0
2012-04-18,164701,贵金属LOF,0.881,0.895,0.881,0.884,643.0,57042.0,-0.11,0.02,1.58,-0.001
2012-04-19,164701,贵金属LOF,0.881,0.881,0.88,0.88,1215.0,106944.0,-0.45,0.04,0.11,-0.004
2012-04-20,164701,贵金属LOF,0.89,0.891,0.88,0.889,327.0,29046.0,1.02,0.01,1.25,0.009
2012-04-23,164701,贵金属LOF,0.88,0.881,0.88,0.88,705.0,62060.0,-1.01,0.02,0.11,-0.009
2012-04-24,164701,贵金属LOF,0.876,0.878,0.876,0.878,268.0,23505.0,-0.23,0.01,0.23,-0.002
2012-04-25,164701,贵金属LOF,0.88,0.88,0.876,0.88,353.0,30990.0,0.23,0.01,0.46,0.002
2012-04-26,164701,贵金属LOF,0.877,0.88,0.877,0.88,2065.0,181138.0,0.0,0.07,0.34,0.0
2012-04-27,164701,贵金属LOF,0.883,0.888,0.883,0.885,168.0,14839.0,0.57,0.01,0.57,0.005
2012-05-02,164701,贵金属LOF,0.888,0.893,0.882,0.892,416.0,37045.0,0.79,0.01,1.24,0.007
2012-05-03,164701,贵金属LOF,0.882,0.882,0.882,0.882,100.0,8820.0,-1.12,0.0,0.0,-0.01
2012-05-04,164701,贵金属LOF,0.881,0.881,0.881,0.881,1661.0,146334.0,-0.11,0.05,0.0,-0.001
2012-05-07,164701,贵金属LOF,0.881,0.881,0.871,0.874,1261.0,110095.0,-0.79,0.04,1.14,-0.007
2012-05-08,164701,贵金属LOF,0.875,0.878,0.873,0.873,1102.0,96267.0,-0.11,0.04,0.57,-0.001
2012-05-09,164701,贵金属LOF,0.871,0.872,0.864,0.864,370.0,32191.0,-1.03,0.01,0.92,-0.009
2012-05-10,164701,贵金属LOF,0.865,0.869,0.865,0.869,810.0,70277.0,0.58,0.03,0.46,0.005
2012-05-11,164701,贵金属LOF,0.86,0.86,0.86,0.86,36.0,3096.0,-1.04,0.0,0.0,-0.009
2012-05-14,164701,贵金属LOF,0.86,0.86,0.852,0.852,315.0,26870.0,-0.93,0.01,0.93,-0.008
2012-05-15,164701,贵金属LOF,0.841,0.849,0.841,0.849,1301.0,110023.0,-0.35,0.04,0.94,-0.003
2012-05-16,164701,贵金属LOF,0.84,0.84,0.823,0.826,1543.0,127424.0,-2.71,0.05,2.0,-0.023
2012-05-17,164701,贵金属LOF,0.83,0.848,0.83,0.848,396.0,33208.0,2.66,0.01,2.18,0.022
2012-05-18,164701,贵金属LOF,0.849,0.856,0.845,0.845,625.0,53097.0,-0.35,0.02,1.3,-0.003
2012-05-21,164701,贵金属LOF,0.857,0.858,0.844,0.847,413.0,34950.0,0.24,0.01,1.66,0.002
2012-05-22,164701,贵金属LOF,0.849,0.857,0.847,0.849,3628.0,308135.0,0.24,0.12,1.18,0.002
2012-05-23,164701,贵金属LOF,0.83,0.836,0.83,0.834,118.0,9837.0,-1.77,0.0,0.71,-0.015
2012-05-24,164701,贵金属LOF,0.833,0.839,0.833,0.839,491.0,40950.0,0.6,0.02,0.72,0.005
2012-05-25,164701,贵金属LOF,0.832,0.837,0.831,0.837,146.0,12131.0,-0.24,0.0,0.72,-0.002
2012-05-28,164701,贵金属LOF,0.855,0.855,0.839,0.85,744.0,62849.0,1.55,0.02,1.91,0.013
2012-05-29,164701,贵金属LOF,0.85,0.85,0.836,0.848,193.0,16367.0,-0.24,0.01,1.65,-0.002
2012-05-30,164701,贵金属LOF,0.838,0.84,0.831,0.832,1908.0,158864.0,-1.89,0.06,1.06,-0.016
2012-05-31,164701,贵金属LOF,0.833,0.842,0.833,0.836,2386.0,199508.0,0.48,0.08,1.08,0.004
2012-06-01,164701,贵金属LOF,0.837,0.837,0.833,0.834,121.0,10091.0,-0.24,0.0,0.48,-0.002
2012-06-04,164701,贵金属LOF,0.854,0.864,0.854,0.863,1547.0,132763.0,3.48,0.05,1.2,0.029
2012-06-05,164701,贵金属LOF,0.856,0.868,0.856,0.867,116.0,10040.0,0.46,0.0,1.39,0.004
2012-06-06,164701,贵金属LOF,0.862,0.87,0.862,0.87,780.0,67376.0,0.35,0.03,0.92,0.003
2012-06-07,164701,贵金属LOF,0.866,0.866,0.865,0.865,584.0,50519.0,-0.57,0.02,0.11,-0.005
2012-06-11,164701,贵金属LOF,0.855,0.87,0.854,0.87,361.0,31337.0,0.58,0.01,1.85,0.005
2012-06-13,164701,贵金属LOF,0.87,0.87,0.854,0.87,384.0,33349.0,0.0,0.01,1.84,0.0
2012-06-14,164701,贵金属LOF,0.861,0.87,0.86,0.861,349.0,30043.0,-1.03,0.01,1.15,-0.009
2012-06-15,164701,贵金属LOF,0.87,0.87,0.87,0.87,144.0,12528.0,1.05,0.0,0.0,0.009
2012-06-18,164701,贵金属LOF,0.801,0.884,0.801,0.884,266.0,23143.0,1.61,0.01,9.54,0.014
2012-06-19,164701,贵金属LOF,0.889,0.889,0.889,0.889,10.0,889.0,0.57,0.0,0.0,0.005
2012-06-20,164701,贵金属LOF,0.862,0.888,0.862,0.868,191.0,16613.0,-2.36,0.01,2.92,-0.021
2012-06-21,164701,贵金属LOF,0.86,0.864,0.791,0.864,40.0,3200.0,-0.46,0.0,8.41,-0.004
2012-06-25,164701,贵金属LOF,0.831,0.888,0.831,0.845,43.0,3671.0,-2.2,0.0,6.6,-0.019
2012-06-26,164701,贵金属LOF,0.845,0.846,0.845,0.846,108.0,9088.0,0.12,0.0,0.12,0.001
2012-06-29,164701,贵金属LOF,0.844,0.844,0.844,0.844,5.0,422.0,-0.24,0.0,0.0,-0.002
2012-07-02,164701,贵金属LOF,0.87,0.87,0.866,0.867,163.0,14129.0,2.73,0.01,0.47,0.023
2012-07-03,164701,贵金属LOF,0.851,0.851,0.851,0.851,12.0,1021.0,-1.85,0.0,0.0,-0.016
2012-07-05,164701,贵金属LOF,0.86,0.86,0.86,0.86,5.0,430.0,1.06,0.0,0.0,0.009
2012-07-06,164701,贵金属LOF,0.857,0.858,0.857,0.858,11.0,942.0,-0.23,0.0,0.12,-0.002
2012-07-09,164701,贵金属LOF,0.868,0.868,0.832,0.832,40.0,3364.0,-3.03,0.0,4.2,-0.026
2012-07-11,164701,贵金属LOF,0.834,0.844,0.834,0.843,577.0,48373.0,1.32,0.02,1.2,0.011
2012-07-12,164701,贵金属LOF,0.843,0.843,0.836,0.843,92.0,7748.0,0.0,0.0,0.83,0.0
2012-07-13,164701,贵金属LOF,0.85,0.85,0.85,0.85,25.0,2125.0,0.83,0.0,0.0,0.007
2012-07-16,164701,贵金属LOF,0.855,0.855,0.84,0.85,294.0,24827.0,0.0,0.01,1.76,0.0
2012-07-17,164701,贵金属LOF,0.867,0.867,0.861,0.861,27.0,2329.0,1.29,0.0,0.71,0.011
2012-07-18,164701,贵金属LOF,0.868,0.868,0.866,0.866,52.0,4511.0,0.58,0.0,0.23,0.005
2012-07-19,164701,贵金属LOF,0.833,0.868,0.833,0.862,147.0,12633.0,-0.46,0.0,4.04,-0.004
2012-07-20,164701,贵金属LOF,0.84,0.865,0.808,0.86,486.0,40820.0,-0.23,0.02,6.61,-0.002
2012-07-23,164701,贵金属LOF,0.85,0.869,0.85,0.859,261.0,22271.0,-0.12,0.01,2.21,-0.001
2012-07-25,164701,贵金属LOF,0.856,0.856,0.856,0.856,4.0,342.0,-0.35,0.0,0.0,-0.003
2012-07-26,164701,贵金属LOF,0.848,0.869,0.848,0.867,187.0,15875.0,1.29,0.01,2.45,0.011
2012-07-27,164701,贵金属LOF,0.863,0.869,0.863,0.869,23.0,1992.0,0.23,0.0,0.69,0.002
2012-07-31,164701,贵金属LOF,0.865,0.869,0.865,0.869,191.0,16571.0,0.0,0.01,0.46,0.0
2012-08-01,164701,贵金属LOF,0.853,0.869,0.842,0.869,1514.0,127579.0,0.0,0.05,3.11,0.0
2012-08-02,164701,贵金属LOF,0.872,0.872,0.868,0.869,10.0,869.0,0.0,0.0,0.46,0.0
2012-08-03,164701,贵金属LOF,0.873,0.873,0.867,0.867,7.0,607.0,-0.23,0.0,0.69,-0.002
2012-08-06,164701,贵金属LOF,0.869,0.869,0.869,0.869,2.0,173.0,0.23,0.0,0.0,0.002
2012-08-07,164701,贵金属LOF,0.869,0.869,0.856,0.868,13.0,1122.0,-0.12,0.0,1.5,-0.001
2012-08-08,164701,贵金属LOF,0.868,0.868,0.858,0.868,3.0,259.0,0.0,0.0,1.15,0.0
2012-08-09,164701,贵金属LOF,0.869,0.869,0.858,0.869,30.0,2605.0,0.12,0.0,1.27,0.001
2012-08-10,164701,贵金属LOF,0.869,0.869,0.856,0.869,204.0,17472.0,0.0,0.01,1.5,0.0
2012-08-13,164701,贵金属LOF,0.872,0.872,0.863,0.87,17.0,1469.0,0.12,0.0,1.04,0.001
2012-08-14,164701,贵金属LOF,0.873,0.873,0.865,0.869,7.0,609.0,-0.11,0.0,0.92,-0.001
2012-08-15,164701,贵金属LOF,0.868,0.868,0.851,0.867,30.0,2569.0,-0.23,0.0,1.96,-0.002
2012-08-16,164701,贵金属LOF,0.869,0.869,0.853,0.869,115.0,9818.0,0.23,0.0,1.85,0.002
2012-08-17,164701,贵金属LOF,0.876,0.876,0.876,0.876,1.0,87.0,0.81,0.0,0.0,0.007
2012-08-20,164701,贵金属LOF,0.862,0.878,0.862,0.878,280.0,24473.0,0.23,0.01,1.83,0.002
2012-08-21,164701,贵金属LOF,0.878,0.88,0.878,0.88,22.0,1933.0,0.23,0.0,0.23,0.002
2012-08-22,164701,贵金属LOF,0.892,0.9,0.882,0.894,720.0,64156.0,1.59,0.02,2.05,0.014
2012-08-23,164701,贵金属LOF,0.898,0.979,0.898,0.969,2095.0,190525.0,8.39,0.07,9.06,0.075
2012-08-24,164701,贵金属LOF,0.901,0.944,0.901,0.915,1116.0,102045.0,-5.57,0.04,4.44,-0.054
2012-08-27,164701,贵金属LOF,0.925,0.964,0.91,0.912,369.0,34093.0,-0.33,0.01,5.9,-0.003
2012-08-28,164701,贵金属LOF,0.909,0.91,0.885,0.905,578.0,51329.0,-0.77,0.02,2.74,-0.007
2012-08-29,164701,贵金属LOF,0.881,0.908,0.881,0.903,151.0,13428.0,-0.22,0.0,2.98,-0.002
2012-08-30,164701,贵金属LOF,0.89,0.914,0.89,0.907,64.0,5710.0,0.44,0.0,2.66,0.004
2012-09-03,164701,贵金属LOF,0.92,0.92,0.903,0.916,241.0,22078.0,0.99,0.01,1.87,0.009
2012-09-04,164701,贵金属LOF,0.969,0.97,0.91,0.91,246.0,23286.0,-0.66,0.01,6.55,-0.006
2012-09-05,164701,贵金属LOF,0.919,0.945,0.919,0.944,148.0,13663.0,3.74,0.0,2.86,0.034
2012-09-06,164701,贵金属LOF,0.949,0.949,0.919,0.919,431.0,39964.0,-2.65,0.01,3.18,-0.025
2012-09-07,164701,贵金属LOF,0.915,0.936,0.909,0.933,967.0,88213.0,1.52,0.03,2.94,0.014
2012-09-10,164701,贵金属LOF,0.933,0.942,0.933,0.941,3163.0,295639.0,0.86,0.1,0.96,0.008
2012-09-11,164701,贵金属LOF,0.935,0.936,0.928,0.935,1041.0,97318.0,-0.64,0.03,0.85,-0.006
2012-09-12,164701,贵金属LOF,0.947,0.947,0.924,0.928,1285.0,119437.0,-0.75,0.04,2.46,-0.007
2012-09-13,164701,贵金属LOF,0.94,0.94,0.927,0.929,149.0,13918.0,0.11,0.0,1.4,0.001
2012-09-14,164701,贵金属LOF,0.945,0.959,0.944,0.958,2541.0,242026.0,3.12,0.08,1.61,0.029
2012-09-17,164701,贵金属LOF,0.955,0.964,0.953,0.953,1246.0,119402.0,-0.52,0.04,1.15,-0.005
2012-09-18,164701,贵金属LOF,0.955,0.96,0.955,0.955,944.0,90424.0,0.21,0.03,0.52,0.002
2012-09-19,164701,贵金属LOF,0.967,0.97,0.966,0.97,648.0,62651.0,1.57,0.02,0.42,0.015
2012-09-20,164701,贵金属LOF,0.97,0.976,0.947,0.976,611.0,58636.0,0.62,0.02,2.99,0.006
2012-09-21,164701,贵金属LOF,0.97,0.975,0.951,0.975,157.0,15166.0,-0.1,0.01,2.46,-0.001
2012-09-24,164701,贵金属LOF,0.945,0.964,0.945,0.952,1575.0,150655.0,-2.36,0.05,1.95,-0.023
2012-09-25,164701,贵金属LOF,0.953,0.963,0.953,0.96,495.0,47459.0,0.84,0.02,1.05,0.008
2012-09-26,164701,贵金属LOF,0.965,0.97,0.96,0.97,789.0,76109.0,1.04,0.03,1.04,0.01
2012-09-27,164701,贵金属LOF,0.969,0.969,0.959,0.96,186.0,17940.0,-1.03,0.01,1.03,-0.01
2012-09-28,164701,贵金属LOF,0.96,0.972,0.958,0.96,867.0,83284.0,0.0,0.03,1.46,0.0
2012-10-08,164701,贵金属LOF,0.969,0.969,0.953,0.953,323.0,31297.0,-0.73,0.01,1.67,-0.007
2012-10-09,164701,贵金属LOF,0.965,0.965,0.964,0.964,149.0,14376.0,1.15,0.0,0.1,0.011
2012-10-10,164701,贵金属LOF,0.95,0.952,0.95,0.952,274.0,26060.0,-1.24,0.01,0.21,-0.012
2012-10-11,164701,贵金属LOF,0.943,0.945,0.943,0.945,139.0,13115.0,-0.74,0.0,0.21,-0.007
2012-10-12,164701,贵金属LOF,0.946,0.954,0.946,0.947,215.0,20373.0,0.21,0.01,0.85,0.002
2012-10-15,164701,贵金属LOF,0.947,0.949,0.931,0.935,461.0,43497.0,-1.27,0.02,1.9,-0.012
2012-10-16,164701,贵金属LOF,0.935,0.94,0.931,0.932,303.0,28306.0,-0.32,0.01,0.96,-0.003
2012-10-17,164701,贵金属LOF,0.933,0.949,0.931,0.949,2055.0,191722.0,1.82,0.07,1.93,0.017
2012-10-18,164701,贵金属LOF,0.94,0.94,0.93,0.938,301.0,28127.0,-1.16,0.01,1.05,-0.011
2012-10-19,164701,贵金属LOF,0.93,0.938,0.927,0.928,444.0,41320.0,-1.07,0.01,1.17,-0.01
2012-10-22,164701,贵金属LOF,0.914,0.931,0.913,0.931,503.0,46525.0,0.32,0.02,1.94,0.003
2012-10-23,164701,贵金属LOF,0.935,0.935,0.921,0.933,15.0,1385.0,0.21,0.0,1.5,0.002
2012-10-24,164701,贵金属LOF,0.912,0.933,0.912,0.933,113.0,10312.0,0.0,0.0,2.25,0.0
2012-10-25,164701,贵金属LOF,0.936,0.936,0.935,0.935,11.0,1028.0,0.21,0.0,0.11,0.002
2012-10-26,164701,贵金属LOF,0.909,0.93,0.909,0.93,98.0,8940.0,-0.53,0.0,2.25,-0.005
2012-10-29,164701,贵金属LOF,0.93,0.93,0.93,0.93,30.0,2790.0,0.0,0.0,0.0,0.0
2012-10-30,164701,贵金属LOF,0.99,0.99,0.925,0.925,166.0,15680.0,-0.54,0.01,6.99,-0.005
2012-10-31,164701,贵金属LOF,0.939,0.939,0.91,0.913,142.0,12967.0,-1.3,0.0,3.14,-0.012
2012-11-01,164701,贵金属LOF,0.92,0.938,0.92,0.938,40.0,3698.0,2.74,0.0,1.97,0.025
2012-11-05,164701,贵金属LOF,0.912,0.912,0.896,0.912,248.0,22435.0,-2.77,0.01,1.71,-0.026
2012-11-06,164701,贵金属LOF,0.892,0.913,0.892,0.913,32.0,2919.0,0.11,0.0,2.3,0.001
2012-11-07,164701,贵金属LOF,0.906,0.934,0.906,0.928,144.0,13315.0,1.64,0.0,3.07,0.015
2012-11-08,164701,贵金属LOF,0.928,0.928,0.928,0.928,125.0,11600.0,0.0,0.0,0.0,0.0
2012-11-09,164701,贵金属LOF,0.937,0.937,0.93,0.936,128.0,11966.0,0.86,0.0,0.75,0.008
2012-11-12,164701,贵金属LOF,0.939,0.939,0.93,0.939,33.0,3097.0,0.32,0.0,0.96,0.003
2012-11-13,164701,贵金属LOF,0.939,0.943,0.939,0.943,9.0,848.0,0.43,0.0,0.43,0.004
2012-11-14,164701,贵金属LOF,0.93,0.943,0.93,0.93,345.0,32100.0,-1.38,0.01,1.38,-0.013
2012-11-16,164701,贵金属LOF,0.93,0.936,0.903,0.934,30.0,2772.0,0.43,0.0,3.55,0.004
2012-11-19,164701,贵金属LOF,0.905,0.932,0.905,0.931,103.0,9462.0,-0.32,0.0,2.89,-0.003
2012-11-20,164701,贵金属LOF,0.915,0.915,0.915,0.915,10.0,915.0,-1.72,0.0,0.0,-0.016
2012-11-21,164701,贵金属LOF,0.916,0.916,0.916,0.916,100.0,9160.0,0.11,0.0,0.0,0.001
2012-11-22,164701,贵金属LOF,0.93,0.931,0.93,0.93,107.0,9954.0,1.53,0.0,0.11,0.014
2012-11-23,164701,贵金属LOF,0.933,0.933,0.933,0.933,110.0,10263.0,0.32,0.0,0.0,0.003
2012-11-27,164701,贵金属LOF,0.925,0.925,0.925,0.925,36.0,3330.0,-0.86,0.0,0.0,-0.008
2012-11-28,164701,贵金属LOF,0.936,0.936,0.935,0.935,31.0,2898.0,1.08,0.0,0.11,0.01
2012-11-29,164701,贵金属LOF,0.938,0.938,0.938,0.938,83.0,7785.0,0.32,0.0,0.0,0.003
2012-11-30,164701,贵金属LOF,0.922,0.922,0.922,0.922,0.0,2.0,-1.71,0.0,0.0,-0.016
2012-12-05,164701,贵金属LOF,0.912,0.935,0.911,0.915,288.0,26299.0,-0.76,0.01,2.6,-0.007
2012-12-06,164701,贵金属LOF,0.916,0.916,0.916,0.916,58.0,5312.0,0.11,0.0,0.0,0.001
2012-12-07,164701,贵金属LOF,0.916,0.916,0.916,0.916,10.0,916.0,0.0,0.0,0.0,0.0
2012-12-11,164701,贵金属LOF,0.903,0.92,0.903,0.92,41.0,3754.0,0.44,0.0,1.86,0.004
2012-12-12,164701,贵金属LOF,0.891,0.925,0.891,0.925,85.0,7683.0,0.54,0.0,3.7,0.005
2012-12-13,164701,贵金属LOF,0.903,0.919,0.903,0.905,82.0,7487.0,-2.16,0.0,1.73,-0.02
2012-12-14,164701,贵金属LOF,0.908,0.921,0.907,0.921,176.0,16154.0,1.77,0.01,1.55,0.016
2012-12-18,164701,贵金属LOF,0.904,0.924,0.836,0.892,367.0,32655.0,-3.15,0.01,9.55,-0.029
2012-12-19,164701,贵金属LOF,0.895,0.918,0.892,0.918,378.0,33964.0,2.91,0.01,2.91,0.026
2012-12-20,164701,贵金属LOF,0.9,0.9,0.896,0.896,110.0,9860.0,-2.4,0.0,0.44,-0.022
2012-12-21,164701,贵金属LOF,0.893,0.893,0.876,0.893,282.0,24840.0,-0.33,0.01,1.9,-0.003
2012-12-24,164701,贵金属LOF,0.881,0.898,0.881,0.881,1206.0,106301.0,-1.34,0.04,1.9,-0.012
2012-12-25,164701,贵金属LOF,0.886,0.886,0.878,0.886,486.0,42994.0,0.57,0.02,0.91,0.005
2012-12-26,164701,贵金属LOF,0.888,0.888,0.878,0.882,179.0,15802.0,-0.45,0.01,1.13,-0.004
2012-12-27,164701,贵金属LOF,0.88,0.887,0.88,0.887,402.0,35622.0,0.57,0.01,0.79,0.005
2012-12-28,164701,贵金属LOF,0.893,0.893,0.886,0.891,346.0,30794.0,0.45,0.01,0.79,0.004
2012-12-31,164701,贵金属LOF,0.896,0.898,0.893,0.896,610.0,54603.0,0.56,0.02,0.56,0.005
2013-01-04,164701,贵金属LOF,0.89,0.89,0.89,0.89,100.0,8900.0,-0.67,0.0,0.0,-0.006
2013-01-07,164701,贵金属LOF,0.961,0.961,0.886,0.919,265.0,24566.0,3.26,0.01,8.43,0.029
2013-01-08,164701,贵金属LOF,0.888,0.888,0.888,0.888,100.0,8880.0,-3.37,0.0,0.0,-0.031
2013-01-09,164701,贵金属LOF,0.884,0.899,0.882,0.899,259.0,22824.0,1.24,0.01,1.91,0.011
2013-01-10,164701,贵金属LOF,0.889,0.904,0.889,0.904,111.0,9882.0,0.56,0.0,1.67,0.005
2013-01-11,164701,贵金属LOF,0.909,0.909,0.887,0.887,34.0,3052.0,-1.88,0.0,2.43,-0.017
2013-01-14,164701,贵金属LOF,0.899,0.899,0.886,0.899,113.0,10134.0,1.35,0.0,1.47,0.012
2013-01-15,164701,贵金属LOF,0.885,0.9,0.885,0.9,920.0,81483.0,0.11,0.03,1.67,0.001
2013-01-16,164701,贵金属LOF,0.896,0.9,0.89,0.891,446.0,39914.0,-1.0,0.01,1.11,-0.009
2013-01-17,164701,贵金属LOF,0.886,0.891,0.886,0.886,250.0,22217.0,-0.56,0.01,0.56,-0.005
2013-01-18,164701,贵金属LOF,0.89,0.9,0.89,0.9,582.0,52176.0,1.58,0.02,1.13,0.014
2013-01-21,164701,贵金属LOF,0.9,0.901,0.9,0.9,180.0,16212.0,0.0,0.01,0.11,0.0
2013-01-22,164701,贵金属LOF,0.9,0.9,0.892,0.899,1435.0,128299.0,-0.11,0.05,0.89,-0.001
2013-01-23,164701,贵金属LOF,0.894,0.899,0.894,0.895,247.0,22129.0,-0.44,0.01,0.56,-0.004
2013-01-24,164701,贵金属LOF,0.895,0.899,0.895,0.898,1146.0,102972.0,0.34,0.04,0.45,0.003
2013-01-25,164701,贵金属LOF,0.896,0.905,0.896,0.901,136.0,12234.0,0.33,0.0,1.0,0.003
2013-01-28,164701,贵金属LOF,0.886,0.898,0.886,0.898,202.0,18088.0,-0.33,0.01,1.33,-0.003
2013-01-29,164701,贵金属LOF,0.889,0.889,0.889,0.889,500.0,44454.0,-1.0,0.02,0.0,-0.009
2013-01-30,164701,贵金属LOF,0.889,0.896,0.886,0.887,114.0,10137.0,-0.22,0.0,1.12,-0.002
2013-01-31,164701,贵金属LOF,0.899,0.899,0.889,0.899,159.0,14271.0,1.35,0.01,1.13,0.012
2013-02-01,164701,贵金属LOF,0.88,0.898,0.88,0.898,269.0,23887.0,-0.11,0.01,2.0,-0.001
2013-02-04,164701,贵金属LOF,0.894,0.898,0.882,0.889,498.0,44570.0,-1.0,0.02,1.78,-0.009
2013-02-06,164701,贵金属LOF,0.899,0.899,0.89,0.89,104.0,9340.0,0.11,0.0,1.01,0.001
2013-02-08,164701,贵金属LOF,0.89,0.9,0.89,0.9,375.0,33628.0,1.12,0.01,1.12,0.01
2013-02-18,164701,贵金属LOF,0.894,0.894,0.88,0.882,485.0,42799.0,-2.0,0.02,1.56,-0.018
2013-02-19,164701,贵金属LOF,0.883,0.883,0.871,0.871,845.0,73765.0,-1.25,0.03,1.36,-0.011
2013-02-20,164701,贵金属LOF,0.867,0.871,0.867,0.871,539.0,46899.0,0.0,0.02,0.46,0.0
2013-02-21,164701,贵金属LOF,0.86,0.86,0.833,0.843,511.0,43531.0,-3.21,0.02,3.1,-0.028
2013-02-22,164701,贵金属LOF,0.92,0.92,0.85,0.86,295.0,25554.0,2.02,0.01,8.3,0.017
2013-02-25,164701,贵金属LOF,0.882,0.882,0.881,0.881,102.0,8986.0,2.44,0.0,0.12,0.021
2013-02-26,164701,贵金属LOF,0.88,0.88,0.856,0.878,169.0,14736.0,-0.34,0.01,2.72,-0.003
2013-02-27,164701,贵金属LOF,0.879,0.879,0.852,0.86,115.0,9953.0,-2.05,0.0,3.08,-0.018
2013-02-28,164701,贵金属LOF,0.852,0.852,0.852,0.852,2.0,170.0,-0.93,0.0,0.0,-0.008
2013-03-01,164701,贵金属LOF,0.853,0.873,0.84,0.873,280.0,23909.0,2.46,0.01,3.87,0.021
2013-03-05,164701,贵金属LOF,0.799,0.879,0.799,0.869,50.0,4387.0,-0.46,0.0,9.16,-0.004
2013-03-06,164701,贵金属LOF,0.876,0.876,0.85,0.869,61.0,5210.0,0.0,0.0,2.99,0.0
2013-03-07,164701,贵金属LOF,0.869,0.869,0.85,0.85,56.0,4833.0,-2.19,0.0,2.19,-0.019
2013-03-08,164701,贵金属LOF,0.86,0.86,0.86,0.86,170.0,14620.0,1.18,0.01,0.0,0.01
2013-03-11,164701,贵金属LOF,0.841,0.908,0.841,0.868,1095.0,92548.0,0.93,0.04,7.79,0.008
2013-03-12,164701,贵金属LOF,0.846,0.858,0.84,0.85,212.0,18095.0,-2.07,0.01,2.07,-0.018
2013-03-13,164701,贵金属LOF,0.852,0.852,0.851,0.851,100.0,8517.0,0.12,0.0,0.12,0.001
2013-03-14,164701,贵金属LOF,0.848,0.85,0.848,0.85,192.0,16304.0,-0.12,0.01,0.24,-0.001
2013-03-15,164701,贵金属LOF,0.801,0.85,0.801,0.824,476.0,40227.0,-3.06,0.02,5.76,-0.026
2013-03-18,164701,贵金属LOF,0.831,0.835,0.831,0.835,370.0,30819.0,1.33,0.01,0.49,0.011
2013-03-20,164701,贵金属LOF,0.839,0.85,0.839,0.85,336.0,28338.0,1.8,0.01,1.32,0.015
2013-03-21,164701,贵金属LOF,0.849,0.849,0.849,0.849,266.0,22583.0,-0.12,0.01,0.0,-0.001
2013-03-22,164701,贵金属LOF,0.841,0.841,0.841,0.841,1.0,84.0,-0.94,0.0,0.0,-0.008
2013-03-25,164701,贵金属LOF,0.841,0.846,0.841,0.846,44.0,3725.0,0.59,0.0,0.59,0.005
2013-03-27,164701,贵金属LOF,0.831,0.834,0.831,0.833,349.0,29051.0,-1.54,0.01,0.35,-0.013
2013-03-28,164701,贵金属LOF,0.821,0.847,0.821,0.847,127.0,10751.0,1.68,0.0,3.12,0.014
2013-03-29,164701,贵金属LOF,0.833,0.833,0.83,0.831,52.0,4322.0,-1.89,0.0,0.35,-0.016
2013-04-03,164701,贵金属LOF,0.821,0.822,0.821,0.822,15.0,1231.0,-1.08,0.0,0.12,-0.009
2013-04-09,164701,贵金属LOF,0.839,0.839,0.839,0.839,1.0,83.0,2.07,0.0,0.0,0.017
2013-04-10,164701,贵金属LOF,0.821,0.84,0.821,0.84,265.0,22146.0,0.12,0.01,2.26,0.001
2013-04-11,164701,贵金属LOF,0.801,0.826,0.801,0.826,359.0,29487.0,-1.67,0.01,2.98,-0.014
2013-04-12,164701,贵金属LOF,0.803,0.83,0.803,0.83,345.0,27707.0,0.48,0.01,3.27,0.004
2013-04-15,164701,贵金属LOF,0.81,0.81,0.79,0.79,1054.0,83896.0,-4.82,0.03,2.41,-0.04
2013-04-16,164701,贵金属LOF,0.784,0.784,0.729,0.749,1656.0,122988.0,-5.19,0.05,6.96,-0.041
2013-04-17,164701,贵金属LOF,0.748,0.748,0.728,0.737,537.0,39519.0,-1.6,0.02,2.67,-0.012
2013-04-18,164701,贵金属LOF,0.735,0.735,0.719,0.734,431.0,31567.0,-0.41,0.01,2.17,-0.003
2013-04-19,164701,贵金属LOF,0.738,0.741,0.735,0.741,1729.0,127483.0,0.95,0.06,0.82,0.007
2013-04-22,164701,贵金属LOF,0.744,0.744,0.732,0.743,465.0,34498.0,0.27,0.02,1.62,0.002
2013-04-23,164701,贵金属LOF,0.738,0.738,0.736,0.736,288.0,21219.0,-0.94,0.01,0.27,-0.007
2013-04-24,164701,贵金属LOF,0.739,0.743,0.728,0.736,155.0,11418.0,0.0,0.01,2.04,0.0
2013-04-25,164701,贵金属LOF,0.743,0.743,0.743,0.743,491.0,36481.0,0.95,0.02,0.0,0.007
2013-04-26,164701,贵金属LOF,0.748,0.77,0.748,0.754,887.0,67308.0,1.48,0.03,2.96,0.011
2013-05-02,164701,贵金属LOF,0.741,0.759,0.741,0.751,20.0,1494.0,-0.4,0.0,2.39,-0.003
2013-05-03,164701,贵金属LOF,0.755,0.76,0.755,0.756,60.0,4544.0,0.67,0.0,0.67,0.005
2013-05-06,164701,贵金属LOF,0.748,0.76,0.748,0.752,745.0,55831.0,-0.53,0.02,1.59,-0.004
2013-05-07,164701,贵金属LOF,0.745,0.751,0.745,0.751,628.0,47124.0,-0.13,0.02,0.8,-0.001
2013-05-08,164701,贵金属LOF,0.738,0.753,0.738,0.745,394.0,29418.0,-0.8,0.01,2.0,-0.006
2013-05-09,164701,贵金属LOF,0.751,0.759,0.751,0.755,339.0,25530.0,1.34,0.01,1.07,0.01
2013-05-10,164701,贵金属LOF,0.731,0.754,0.731,0.754,40.0,2947.0,-0.13,0.0,3.05,-0.001
2013-05-13,164701,贵金属LOF,0.736,0.745,0.736,0.745,566.0,41918.0,-1.19,0.02,1.19,-0.009
2013-05-14,164701,贵金属LOF,0.741,0.741,0.741,0.741,110.0,8151.0,-0.54,0.0,0.0,-0.004
2013-05-15,164701,贵金属LOF,0.745,0.745,0.733,0.733,24.0,1764.0,-1.08,0.0,1.62,-0.008
2013-05-16,164701,贵金属LOF,0.721,0.73,0.721,0.73,13.0,940.0,-0.41,0.0,1.23,-0.003
2013-05-17,164701,贵金属LOF,0.729,0.729,0.72,0.729,156.0,11280.0,-0.14,0.01,1.23,-0.001
2013-05-20,164701,贵金属LOF,0.72,0.726,0.7,0.71,1761.0,124444.0,-2.61,0.06,3.57,-0.019
2013-05-21,164701,贵金属LOF,0.724,0.724,0.708,0.71,1010.0,71666.0,0.0,0.03,2.25,0.0
2013-05-22,164701,贵金属LOF,0.705,0.712,0.705,0.71,275.0,19499.0,0.0,0.01,0.99,0.0
2013-05-23,164701,贵金属LOF,0.706,0.71,0.7,0.71,200.0,14072.0,0.0,0.01,1.41,0.0
2013-05-24,164701,贵金属LOF,0.717,0.718,0.705,0.711,923.0,65738.0,0.14,0.03,1.83,0.001
2013-05-27,164701,贵金属LOF,0.706,0.714,0.706,0.714,701.0,49949.0,0.42,0.02,1.13,0.003
2013-05-28,164701,贵金属LOF,0.711,0.717,0.711,0.712,845.0,60222.0,-0.28,0.03,0.84,-0.002
2013-05-29,164701,贵金属LOF,0.714,0.714,0.712,0.712,450.0,32086.0,0.0,0.01,0.28,0.0
2013-05-30,164701,贵金属LOF,0.712,0.716,0.71,0.716,467.0,33332.0,0.56,0.02,0.84,0.004
2013-05-31,164701,贵金属LOF,0.721,0.727,0.721,0.727,829.0,59901.0,1.54,0.03,0.84,0.011
2013-06-03,164701,贵金属LOF,0.72,0.735,0.706,0.719,616.0,44270.0,-1.1,0.02,3.99,-0.008
2013-06-04,164701,贵金属LOF,0.716,0.718,0.716,0.716,37.0,2652.0,-0.42,0.0,0.28,-0.003
2013-06-05,164701,贵金属LOF,0.72,0.72,0.717,0.717,48.0,3447.0,0.14,0.0,0.42,0.001
2013-06-06,164701,贵金属LOF,0.721,0.748,0.718,0.718,1274.0,94033.0,0.14,0.04,4.18,0.001
2013-06-07,164701,贵金属LOF,0.723,0.735,0.719,0.719,211.0,15227.0,0.14,0.01,2.23,0.001
2013-06-13,164701,贵金属LOF,0.722,0.73,0.722,0.723,2138.0,154717.0,0.56,0.07,1.11,0.004
2013-06-17,164701,贵金属LOF,0.718,0.718,0.718,0.718,59.0,4236.0,-0.69,0.0,0.0,-0.005
2013-06-18,164701,贵金属LOF,0.71,0.712,0.709,0.712,94.0,6679.0,-0.84,0.0,0.42,-0.006
2013-06-19,164701,贵金属LOF,0.709,0.714,0.695,0.7,719.0,50089.0,-1.69,0.02,2.67,-0.012
2013-06-20,164701,贵金属LOF,0.699,0.705,0.67,0.67,651.0,44817.0,-4.29,0.02,5.0,-0.03
2013-06-21,164701,贵金属LOF,0.677,0.7,0.667,0.699,730.0,48852.0,4.33,0.02,4.93,0.029
2013-06-25,164701,贵金属LOF,0.636,0.643,0.636,0.643,10.0,639.0,-8.01,0.0,1.0,-0.056
2013-06-26,164701,贵金属LOF,0.633,0.635,0.633,0.635,73.0,4632.0,-1.24,0.0,0.31,-0.008
2013-06-27,164701,贵金属LOF,0.627,0.659,0.627,0.657,30.0,1975.0,3.46,0.0,5.04,0.022
2013-06-28,164701,贵金属LOF,0.658,0.658,0.65,0.65,232.0,15149.0,-1.07,0.01,1.22,-0.007
2013-07-01,164701,贵金属LOF,0.623,0.659,0.623,0.65,224.0,14572.0,0.0,0.01,5.54,0.0
2013-07-02,164701,贵金属LOF,0.638,0.654,0.638,0.641,228.0,14582.0,-1.38,0.01,2.46,-0.009
2013-07-03,164701,贵金属LOF,0.641,0.641,0.627,0.641,12.0,761.0,0.0,0.0,2.18,0.0
2013-07-04,164701,贵金属LOF,0.638,0.639,0.638,0.639,54.0,3448.0,-0.31,0.0,0.16,-0.002
2013-07-05,164701,贵金属LOF,0.636,0.65,0.633,0.634,486.0,30879.0,-0.78,0.02,2.66,-0.005
2013-07-08,164701,贵金属LOF,0.636,0.636,0.63,0.63,67.0,4227.0,-0.63,0.0,0.95,-0.004
2013-07-09,164701,贵金属LOF,0.645,0.645,0.64,0.64,423.0,27122.0,1.59,0.01,0.79,0.01
2013-07-10,164701,贵金属LOF,0.645,0.645,0.645,0.645,50.0,3225.0,0.78,0.0,0.0,0.005
2013-07-11,164701,贵金属LOF,0.665,0.666,0.659,0.666,383.0,25379.0,3.26,0.01,1.09,0.021
2013-07-12,164701,贵金属LOF,0.666,0.666,0.653,0.661,109.0,7167.0,-0.75,0.0,1.95,-0.005
2013-07-15,164701,贵金属LOF,0.67,0.67,0.669,0.669,105.0,7032.0,1.21,0.0,0.15,0.008
2013-07-16,164701,贵金属LOF,0.669,0.699,0.669,0.697,141.0,9716.0,4.19,0.0,4.48,0.028
2013-07-17,164701,贵金属LOF,0.653,0.689,0.649,0.658,62.0,4076.0,-5.6,0.0,5.74,-0.039
2013-07-18,164701,贵金属LOF,0.668,0.668,0.655,0.655,22.0,1442.0,-0.46,0.0,1.98,-0.003
2013-07-19,164701,贵金属LOF,0.656,0.656,0.656,0.656,1.0,65.0,0.15,0.0,0.0,0.001
2013-07-22,164701,贵金属LOF,0.662,0.68,0.662,0.67,1257.0,84133.0,2.13,0.04,2.74,0.014
2013-07-23,164701,贵金属LOF,0.681,0.687,0.68,0.681,440.0,30009.0,1.64,0.01,1.04,0.011
2013-07-24,164701,贵金属LOF,0.683,0.683,0.681,0.683,795.0,54264.0,0.29,0.03,0.29,0.002
2013-07-25,164701,贵金属LOF,0.684,0.684,0.684,0.684,22.0,1504.0,0.15,0.0,0.0,0.001
2013-07-26,164701,贵金属LOF,0.693,0.693,0.681,0.681,104.0,7098.0,-0.44,0.0,1.75,-0.003
2013-07-30,164701,贵金属LOF,0.676,0.677,0.676,0.677,64.0,4331.0,-0.59,0.0,0.15,-0.004
2013-07-31,164701,贵金属LOF,0.677,0.687,0.671,0.687,115.0,7803.0,1.48,0.0,2.36,0.01
2013-08-01,164701,贵金属LOF,0.68,0.68,0.68,0.68,49.0,3332.0,-1.02,0.0,0.0,-0.007
2013-08-02,164701,贵金属LOF,0.678,0.678,0.676,0.676,227.0,15351.0,-0.59,0.01,0.29,-0.004
2013-08-05,164701,贵金属LOF,0.709,0.709,0.67,0.7,164.0,11236.0,3.55,0.01,5.77,0.024
2013-08-06,164701,贵金属LOF,0.678,0.679,0.671,0.671,160.0,10772.0,-4.14,0.01,1.14,-0.029
2013-08-08,164701,贵金属LOF,0.655,0.655,0.655,0.655,46.0,3013.0,-2.38,0.0,0.0,-0.016
2013-08-09,164701,贵金属LOF,0.67,0.68,0.67,0.671,227.0,15215.0,2.44,0.01,1.53,0.016
2013-08-12,164701,贵金属LOF,0.678,0.678,0.678,0.678,25.0,1695.0,1.04,0.0,0.0,0.007
2013-08-14,164701,贵金属LOF,0.695,0.695,0.681,0.682,188.0,12931.0,0.59,0.01,2.06,0.004
2013-08-15,164701,贵金属LOF,0.691,0.691,0.68,0.68,150.0,10310.0,-0.29,0.0,1.61,-0.002
2013-08-16,164701,贵金属LOF,0.706,0.707,0.701,0.703,1471.0,103529.0,3.38,0.05,0.88,0.023
2013-08-19,164701,贵金属LOF,0.7,0.717,0.7,0.717,526.0,37423.0,1.99,0.02,2.42,0.014
2013-08-20,164701,贵金属LOF,0.717,0.717,0.705,0.705,281.0,19866.0,-1.67,0.01,1.67,-0.012
2013-08-21,164701,贵金属LOF,0.705,0.705,0.705,0.705,5.0,352.0,0.0,0.0,0.0,0.0
2013-08-22,164701,贵金属LOF,0.715,0.716,0.715,0.716,266.0,19039.0,1.56,0.01,0.14,0.011
2013-08-26,164701,贵金属LOF,0.723,0.723,0.721,0.721,106.0,7653.0,0.7,0.0,0.28,0.005
2013-08-27,164701,贵金属LOF,0.723,0.725,0.723,0.725,301.0,21811.0,0.55,0.01,0.28,0.004
2013-08-28,164701,贵金属LOF,0.73,0.748,0.73,0.74,235.0,17536.0,2.07,0.01,2.48,0.015
2013-08-29,164701,贵金属LOF,0.73,0.731,0.721,0.721,302.0,22031.0,-2.57,0.01,1.35,-0.019
2013-08-30,164701,贵金属LOF,0.725,0.725,0.725,0.725,50.0,3625.0,0.55,0.0,0.0,0.004
2013-09-02,164701,贵金属LOF,0.734,0.734,0.734,0.734,12.0,880.0,1.24,0.0,0.0,0.009
2013-09-03,164701,贵金属LOF,0.748,0.748,0.725,0.725,43.0,3124.0,-1.23,0.0,3.13,-0.009
2013-09-04,164701,贵金属LOF,0.735,0.75,0.725,0.747,278.0,20189.0,3.03,0.01,3.45,0.022
2013-09-05,164701,贵金属LOF,0.767,0.767,0.72,0.723,235.0,17071.0,-3.21,0.01,6.29,-0.024
2013-09-09,164701,贵金属LOF,0.74,0.74,0.74,0.74,2.0,148.0,2.35,0.0,0.0,0.017
2013-09-10,164701,贵金属LOF,0.739,0.739,0.727,0.727,5.0,367.0,-1.76,0.0,1.62,-0.013
2013-09-11,164701,贵金属LOF,0.708,0.708,0.706,0.706,119.0,8404.0,-2.89,0.0,0.28,-0.021
2013-09-12,164701,贵金属LOF,0.708,0.708,0.707,0.708,160.0,11325.0,0.28,0.01,0.14,0.002
2013-09-13,164701,贵金属LOF,0.707,0.707,0.707,0.707,43.0,3040.0,-0.14,0.0,0.0,-0.001
2013-09-17,164701,贵金属LOF,0.681,0.681,0.681,0.681,50.0,3405.0,-3.68,0.0,0.0,-0.026
2013-09-18,164701,贵金属LOF,0.683,0.683,0.674,0.683,88.0,5964.0,0.29,0.0,1.32,0.002
2013-09-23,164701,贵金属LOF,0.7,0.7,0.689,0.689,180.0,12514.0,0.88,0.01,1.61,0.006
2013-09-24,164701,贵金属LOF,0.699,0.699,0.674,0.675,210.0,14189.0,-2.03,0.01,3.63,-0.014
2013-09-25,164701,贵金属LOF,0.676,0.68,0.676,0.678,70.0,4746.0,0.44,0.0,0.59,0.003
2013-09-26,164701,贵金属LOF,0.686,0.686,0.676,0.676,22.0,1492.0,-0.29,0.0,1.47,-0.002
2013-10-08,164701,贵金属LOF,0.672,0.698,0.672,0.698,81.0,5445.0,3.25,0.0,3.85,0.022
2013-10-09,164701,贵金属LOF,0.678,0.737,0.678,0.737,120.0,8195.0,5.59,0.0,8.45,0.039
2013-10-11,164701,贵金属LOF,0.69,0.69,0.69,0.69,170.0,11730.0,-6.38,0.01,0.0,-0.047
2013-10-14,164701,贵金属LOF,0.685,0.687,0.685,0.687,23.0,1579.0,-0.43,0.0,0.29,-0.003
2013-10-15,164701,贵金属LOF,0.7,0.7,0.621,0.697,98.0,6313.0,1.46,0.0,11.5,0.01
2013-10-16,164701,贵金属LOF,0.659,0.694,0.659,0.694,51.0,3386.0,-0.43,0.0,5.02,-0.003
2013-10-17,164701,贵金属LOF,0.661,0.695,0.661,0.695,12.0,813.0,0.14,0.0,4.9,0.001
2013-10-18,164701,贵金属LOF,0.693,0.696,0.693,0.696,305.0,21153.0,0.14,0.01,0.43,0.001
2013-10-22,164701,贵金属LOF,0.691,0.71,0.68,0.68,126.0,8842.0,-2.3,0.0,4.31,-0.016
2013-10-23,164701,贵金属LOF,0.69,0.715,0.69,0.708,370.0,26162.0,4.12,0.01,3.68,0.028
2013-10-24,164701,贵金属LOF,0.646,0.72,0.646,0.716,75.0,5367.0,1.13,0.0,10.45,0.008
2013-10-25,164701,贵金属LOF,0.684,0.739,0.684,0.692,271.0,18921.0,-3.35,0.01,7.68,-0.024
2013-10-28,164701,贵金属LOF,0.736,0.736,0.695,0.696,139.0,9672.0,0.58,0.0,5.92,0.004
2013-10-29,164701,贵金属LOF,0.726,0.726,0.696,0.705,92.0,6410.0,1.29,0.0,4.31,0.009
2013-10-30,164701,贵金属LOF,0.724,0.724,0.7,0.7,2.0,142.0,-0.71,0.0,3.4,-0.005
2013-10-31,164701,贵金属LOF,0.68,0.68,0.68,0.68,2.0,136.0,-2.86,0.0,0.0,-0.02
2013-11-01,164701,贵金属LOF,0.709,0.71,0.709,0.71,4.0,283.0,4.41,0.0,0.15,0.03
2013-11-04,164701,贵金属LOF,0.685,0.709,0.685,0.705,12.0,849.0,-0.7,0.0,3.38,-0.005
2013-11-05,164701,贵金属LOF,0.717,0.717,0.717,0.717,1.0,71.0,1.7,0.0,0.0,0.012
2013-11-06,164701,贵金属LOF,0.669,0.676,0.669,0.676,40.0,2690.0,-5.72,0.0,0.98,-0.041
2013-11-07,164701,贵金属LOF,0.679,0.719,0.679,0.719,3.0,207.0,6.36,0.0,5.92,0.043
2013-11-11,164701,贵金属LOF,0.7,0.7,0.7,0.7,5.0,350.0,-2.64,0.0,0.0,-0.019
2013-11-12,164701,贵金属LOF,0.675,0.675,0.675,0.675,10.0,675.0,-3.57,0.0,0.0,-0.025
2013-11-13,164701,贵金属LOF,0.699,0.699,0.699,0.699,1.0,69.0,3.56,0.0,0.0,0.024
2013-11-15,164701,贵金属LOF,0.671,0.671,0.671,0.671,11.0,738.0,-4.01,0.0,0.0,-0.028
2013-11-18,164701,贵金属LOF,0.673,0.673,0.671,0.671,160.0,10738.0,0.0,0.01,0.3,0.0
2013-11-20,164701,贵金属LOF,0.671,0.671,0.671,0.671,2.0,134.0,0.0,0.0,0.0,0.0
2013-11-22,164701,贵金属LOF,0.697,0.697,0.697,0.697,5.0,348.0,3.87,0.0,0.0,0.026
2013-11-25,164701,贵金属LOF,0.638,0.695,0.638,0.695,9.0,614.0,-0.29,0.0,8.18,-0.002
2013-11-26,164701,贵金属LOF,0.642,0.643,0.64,0.643,300.0,19243.0,-7.48,0.01,0.43,-0.052
2013-11-27,164701,贵金属LOF,0.659,0.659,0.643,0.656,137.0,8989.0,2.02,0.0,2.49,0.013
2013-12-02,164701,贵金属LOF,0.658,0.672,0.658,0.658,160.0,10556.0,0.3,0.01,2.13,0.002
2013-12-03,164701,贵金属LOF,0.658,0.658,0.658,0.658,4.0,263.0,0.0,0.0,0.0,0.0
2013-12-04,164701,贵金属LOF,0.635,0.679,0.635,0.679,20.0,1311.0,3.19,0.0,6.69,0.021
2013-12-06,164701,贵金属LOF,0.699,0.7,0.679,0.679,67.0,4653.0,0.0,0.0,3.09,0.0
2013-12-09,164701,贵金属LOF,0.611,0.692,0.611,0.688,62.0,3914.0,1.33,0.0,11.93,0.009
2013-12-10,164701,贵金属LOF,0.698,0.698,0.678,0.678,119.0,8183.0,-1.45,0.0,2.91,-0.01
2013-12-11,164701,贵金属LOF,0.666,0.693,0.621,0.65,2079.0,135230.0,-4.13,0.07,10.62,-0.028
2013-12-12,164701,贵金属LOF,0.645,0.648,0.644,0.645,286.0,18464.0,-0.77,0.01,0.62,-0.005
2013-12-13,164701,贵金属LOF,0.644,0.653,0.644,0.653,10.0,648.0,1.24,0.0,1.4,0.008
2013-12-16,164701,贵金属LOF,0.659,0.659,0.641,0.641,20.0,1310.0,-1.84,0.0,2.76,-0.012
2013-12-17,164701,贵金属LOF,0.655,0.655,0.655,0.655,182.0,11921.0,2.18,0.01,0.0,0.014
2013-12-18,164701,贵金属LOF,0.655,0.66,0.655,0.656,180.0,11825.0,0.15,0.01,0.76,0.001
2013-12-19,164701,贵金属LOF,0.641,0.66,0.641,0.642,39.0,2521.0,-2.13,0.0,2.9,-0.014
2013-12-20,164701,贵金属LOF,0.629,0.66,0.628,0.658,22.0,1444.0,2.49,0.0,4.98,0.016
2013-12-23,164701,贵金属LOF,0.635,0.637,0.635,0.637,3.0,190.0,-3.19,0.0,0.3,-0.021
2013-12-24,164701,贵金属LOF,0.642,0.642,0.642,0.642,1.0,64.0,0.78,0.0,0.0,0.005
2013-12-25,164701,贵金属LOF,0.64,0.65,0.638,0.645,54.0,3451.0,0.47,0.0,1.87,0.003
2013-12-26,164701,贵金属LOF,0.641,0.65,0.628,0.642,344.0,21941.0,-0.47,0.01,3.41,-0.003
2013-12-27,164701,贵金属LOF,0.624,0.64,0.624,0.64,15.0,939.0,-0.31,0.0,2.49,-0.002
2013-12-30,164701,贵金属LOF,0.64,0.64,0.64,0.64,10.0,640.0,0.0,0.0,0.0,0.0
2013-12-31,164701,贵金属LOF,0.632,0.632,0.624,0.628,532.0,33418.0,-1.88,0.02,1.25,-0.012
2014-01-02,164701,贵金属LOF,0.639,0.639,0.63,0.63,212.0,13519.0,0.32,0.01,1.43,0.002
2014-01-03,164701,贵金属LOF,0.64,0.64,0.639,0.64,189.0,12094.0,1.59,0.01,0.16,0.01
2014-01-06,164701,贵金属LOF,0.633,0.633,0.633,0.633,540.0,34182.0,-1.09,0.02,0.0,-0.007
2014-01-07,164701,贵金属LOF,0.644,0.644,0.644,0.644,570.0,36708.0,1.74,0.02,0.0,0.011
2014-01-08,164701,贵金属LOF,0.645,0.645,0.637,0.637,8.0,512.0,-1.09,0.0,1.24,-0.007
2014-01-09,164701,贵金属LOF,0.649,0.649,0.628,0.628,22.0,1383.0,-1.41,0.0,3.3,-0.009
2014-01-10,164701,贵金属LOF,0.626,0.632,0.626,0.627,637.0,40023.0,-0.16,0.02,0.96,-0.001
2014-01-13,164701,贵金属LOF,0.635,0.635,0.635,0.635,1.0,63.0,1.28,0.0,0.0,0.008
2014-01-14,164701,贵金属LOF,0.641,0.641,0.641,0.641,2.0,128.0,0.94,0.0,0.0,0.006
2014-01-15,164701,贵金属LOF,0.634,0.634,0.634,0.634,20.0,1268.0,-1.09,0.0,0.0,-0.007
2014-01-16,164701,贵金属LOF,0.636,0.636,0.636,0.636,50.0,3180.0,0.32,0.0,0.0,0.002
2014-01-17,164701,贵金属LOF,0.639,0.644,0.639,0.644,36.0,2302.0,1.26,0.0,0.79,0.008
2014-01-20,164701,贵金属LOF,0.657,0.657,0.654,0.655,84.0,5511.0,1.71,0.0,0.47,0.011
2014-01-21,164701,贵金属LOF,0.636,0.636,0.636,0.636,1.0,63.0,-2.9,0.0,0.0,-0.019
2014-01-22,164701,贵金属LOF,0.635,0.642,0.635,0.642,85.0,5419.0,0.94,0.0,1.1,0.006
2014-01-24,164701,贵金属LOF,0.644,0.644,0.644,0.644,20.0,1288.0,0.31,0.0,0.0,0.002
2014-01-27,164701,贵金属LOF,0.65,0.65,0.65,0.65,80.0,5200.0,0.93,0.0,0.0,0.006
2014-01-28,164701,贵金属LOF,0.646,0.646,0.646,0.646,10.0,646.0,-0.62,0.0,0.0,-0.004
2014-01-30,164701,贵金属LOF,0.695,0.695,0.695,0.695,1.0,69.0,7.59,0.0,0.0,0.049
2014-02-07,164701,贵金属LOF,0.688,0.688,0.688,0.688,10.0,688.0,-1.01,0.0,0.0,-0.007
2014-02-10,164701,贵金属LOF,0.68,0.68,0.645,0.647,57.0,3719.0,-5.96,0.0,5.09,-0.041
2014-02-11,164701,贵金属LOF,0.653,0.679,0.653,0.679,154.0,10266.0,4.95,0.01,4.02,0.032
2014-02-12,164701,贵金属LOF,0.656,0.656,0.656,0.656,3.0,196.0,-3.39,0.0,0.0,-0.023
2014-02-13,164701,贵金属LOF,0.653,0.693,0.653,0.666,148.0,9905.0,1.52,0.0,6.1,0.01
2014-02-14,164701,贵金属LOF,0.668,0.694,0.668,0.685,101.0,6781.0,2.85,0.0,3.9,0.019
2014-02-17,164701,贵金属LOF,0.684,0.689,0.677,0.689,169.0,11554.0,0.58,0.01,1.75,0.004
2014-02-19,164701,贵金属LOF,0.672,0.75,0.672,0.678,92.0,6559.0,-1.6,0.0,11.32,-0.011
2014-02-20,164701,贵金属LOF,0.743,0.743,0.679,0.685,266.0,18482.0,1.03,0.01,9.44,0.007
2014-02-21,164701,贵金属LOF,0.704,0.748,0.685,0.735,184.0,13031.0,7.3,0.01,9.2,0.05
2014-02-24,164701,贵金属LOF,0.691,0.768,0.69,0.75,623.0,44581.0,2.04,0.02,10.61,0.015
2014-02-25,164701,贵金属LOF,0.726,0.747,0.697,0.726,262.0,18697.0,-3.2,0.01,6.67,-0.024
2014-02-27,164701,贵金属LOF,0.66,0.749,0.66,0.744,47.0,3281.0,2.48,0.0,12.26,0.018
2014-02-28,164701,贵金属LOF,0.68,0.722,0.68,0.722,34.0,2319.0,-2.96,0.0,5.65,-0.022
2014-03-03,164701,贵金属LOF,0.68,0.683,0.68,0.683,6.0,409.0,-5.4,0.0,0.42,-0.039
2014-03-04,164701,贵金属LOF,0.685,0.73,0.685,0.72,196.0,14270.0,5.42,0.01,6.59,0.037
2014-03-05,164701,贵金属LOF,0.67,0.72,0.67,0.684,71.0,4841.0,-5.0,0.0,6.94,-0.036
2014-03-13,164701,贵金属LOF,0.73,0.73,0.693,0.693,11.0,766.0,1.32,0.0,5.41,0.009
2014-03-14,164701,贵金属LOF,0.694,0.694,0.69,0.691,7.0,483.0,-0.29,0.0,0.58,-0.002
2014-03-17,164701,贵金属LOF,0.693,0.732,0.693,0.731,104.0,7595.0,5.79,0.0,5.64,0.04
2014-03-18,164701,贵金属LOF,0.69,0.729,0.69,0.728,166.0,11697.0,-0.41,0.01,5.34,-0.003
2014-03-19,164701,贵金属LOF,0.71,0.71,0.71,0.71,20.0,1420.0,-2.47,0.0,0.0,-0.018
2014-03-20,164701,贵金属LOF,0.676,0.715,0.676,0.694,4.0,277.0,-2.25,0.0,5.49,-0.016
2014-03-21,164701,贵金属LOF,0.626,0.725,0.626,0.688,5.0,342.0,-0.86,0.0,14.27,-0.006
2014-03-24,164701,贵金属LOF,0.654,0.735,0.654,0.734,14.0,1020.0,6.69,0.0,11.77,0.046
2014-03-26,164701,贵金属LOF,0.663,0.728,0.663,0.728,58.0,3913.0,-0.82,0.0,8.86,-0.006
2014-03-27,164701,贵金属LOF,0.668,0.723,0.66,0.718,155.0,10331.0,-1.37,0.01,8.65,-0.01
2014-03-28,164701,贵金属LOF,0.655,0.701,0.655,0.688,307.0,20160.0,-4.18,0.01,6.41,-0.03
2014-03-31,164701,贵金属LOF,0.681,0.681,0.66,0.68,25.0,1672.0,-1.16,0.0,3.05,-0.008
2014-04-01,164701,贵金属LOF,0.641,0.69,0.641,0.69,8.0,518.0,1.47,0.0,7.21,0.01
2014-04-03,164701,贵金属LOF,0.641,0.687,0.641,0.687,24.0,1602.0,-0.43,0.0,6.67,-0.003
2014-04-04,164701,贵金属LOF,0.636,0.687,0.636,0.687,29.0,1920.0,0.0,0.0,7.42,0.0
2014-04-08,164701,贵金属LOF,0.639,0.652,0.639,0.651,67.0,4361.0,-5.24,0.0,1.89,-0.036
2014-04-09,164701,贵金属LOF,0.687,0.687,0.651,0.68,10.0,671.0,4.45,0.0,5.53,0.029
2014-04-10,164701,贵金属LOF,0.653,0.658,0.653,0.658,4.0,262.0,-3.24,0.0,0.74,-0.022
2014-04-11,164701,贵金属LOF,0.658,0.661,0.658,0.661,225.0,14836.0,0.46,0.01,0.46,0.003
2014-04-14,164701,贵金属LOF,0.668,0.668,0.668,0.668,36.0,2406.0,1.06,0.0,0.0,0.007
2014-04-15,164701,贵金属LOF,0.659,0.688,0.659,0.688,121.0,8284.0,2.99,0.0,4.34,0.02
2014-04-17,164701,贵金属LOF,0.687,0.687,0.687,0.687,29.0,1992.0,-0.15,0.0,0.0,-0.001
2014-04-18,164701,贵金属LOF,0.643,0.655,0.643,0.654,15.0,968.0,-4.8,0.0,1.75,-0.033
2014-04-21,164701,贵金属LOF,0.702,0.702,0.702,0.702,1.0,70.0,7.34,0.0,0.0,0.048
2014-04-22,164701,贵金属LOF,0.702,0.702,0.702,0.702,14.0,982.0,0.0,0.0,0.0,0.0
2014-04-23,164701,贵金属LOF,0.697,0.697,0.65,0.651,501.0,32629.0,-7.26,0.02,6.7,-0.051
2014-04-24,164701,贵金属LOF,0.65,0.67,0.65,0.669,222.0,14865.0,2.76,0.01,3.07,0.018
2014-04-25,164701,贵金属LOF,0.669,0.669,0.668,0.669,51.0,3425.0,0.0,0.0,0.15,0.0
2014-04-28,164701,贵金属LOF,0.642,0.642,0.642,0.642,181.0,11620.0,-4.04,0.01,0.0,-0.027
2014-04-29,164701,贵金属LOF,0.643,0.643,0.643,0.643,1.0,64.0,0.16,0.0,0.0,0.001
2014-04-30,164701,贵金属LOF,0.645,0.645,0.645,0.645,66.0,4257.0,0.31,0.0,0.0,0.002
2014-05-05,164701,贵金属LOF,0.694,0.694,0.65,0.65,76.0,4932.0,0.78,0.0,6.82,0.005
2014-05-06,164701,贵金属LOF,0.688,0.688,0.648,0.648,3.0,198.0,-0.31,0.0,6.15,-0.002
2014-05-07,164701,贵金属LOF,0.685,0.685,0.685,0.685,1.0,68.0,5.71,0.0,0.0,0.037
2014-05-08,164701,贵金属LOF,0.651,0.673,0.651,0.673,333.0,22291.0,-1.75,0.01,3.21,-0.012
2014-05-09,164701,贵金属LOF,0.647,0.648,0.647,0.648,4.0,259.0,-3.71,0.0,0.15,-0.025
2014-05-12,164701,贵金属LOF,0.651,0.698,0.65,0.65,333.0,21736.0,0.31,0.01,7.41,0.002
2014-05-13,164701,贵金属LOF,0.692,0.692,0.692,0.692,1.0,69.0,6.46,0.0,0.0,0.042
2014-05-16,164701,贵金属LOF,0.69,0.69,0.69,0.69,11.0,759.0,-0.29,0.0,0.0,-0.002
2014-05-19,164701,贵金属LOF,0.688,0.688,0.63,0.679,251.0,17243.0,-1.59,0.01,8.41,-0.011
2014-05-22,164701,贵金属LOF,0.672,0.672,0.672,0.672,1.0,67.0,-1.03,0.0,0.0,-0.007
2014-05-23,164701,贵金属LOF,0.669,0.669,0.669,0.669,11.0,735.0,-0.45,0.0,0.0,-0.003
2014-05-26,164701,贵金属LOF,0.646,0.646,0.643,0.646,435.0,28047.0,-3.44,0.01,0.45,-0.023
2014-05-27,164701,贵金属LOF,0.651,0.651,0.65,0.65,210.0,13651.0,0.62,0.01,0.15,0.004
2014-05-28,164701,贵金属LOF,0.648,0.648,0.643,0.643,65.0,4209.0,-1.08,0.0,0.77,-0.007
2014-05-29,164701,贵金属LOF,0.638,0.643,0.638,0.643,275.0,17692.0,0.0,0.01,0.78,0.0
2014-05-30,164701,贵金属LOF,0.643,0.643,0.643,0.643,2.0,128.0,0.0,0.0,0.0,0.0
2014-06-03,164701,贵金属LOF,0.642,0.643,0.642,0.643,130.0,8354.0,0.0,0.0,0.16,0.0
2014-06-05,164701,贵金属LOF,0.642,0.642,0.642,0.642,20.0,1284.0,-0.16,0.0,0.0,-0.001
2014-06-11,164701,贵金属LOF,0.643,0.649,0.643,0.648,160.0,10347.0,0.93,0.01,0.93,0.006
2014-06-12,164701,贵金属LOF,0.609,0.648,0.609,0.644,105.0,6413.0,-0.62,0.0,6.02,-0.004
2014-06-13,164701,贵金属LOF,0.64,0.64,0.64,0.64,100.0,6400.0,-0.62,0.0,0.0,-0.004
2014-06-16,164701,贵金属LOF,0.642,0.642,0.642,0.642,30.0,1913.0,0.31,0.0,0.0,0.002
2014-06-17,164701,贵金属LOF,0.646,0.65,0.646,0.65,13.0,843.0,1.25,0.0,0.62,0.008
2014-06-19,164701,贵金属LOF,0.606,0.654,0.606,0.63,111.0,7213.0,-3.08,0.0,7.38,-0.02
2014-06-20,164701,贵金属LOF,0.654,0.658,0.632,0.658,733.0,47797.0,4.44,0.02,4.13,0.028
2014-06-23,164701,贵金属LOF,0.686,0.686,0.667,0.667,16.0,1084.0,1.37,0.0,2.89,0.009
2014-06-26,164701,贵金属LOF,0.659,0.66,0.659,0.66,410.0,27030.0,-1.05,0.01,0.15,-0.007
2014-06-27,164701,贵金属LOF,0.66,0.66,0.655,0.655,677.0,44356.0,-0.76,0.02,0.76,-0.005
2014-07-01,164701,贵金属LOF,0.66,0.662,0.66,0.662,151.0,9969.0,1.07,0.0,0.31,0.007
2014-07-02,164701,贵金属LOF,0.662,0.662,0.66,0.66,373.0,24647.0,-0.3,0.01,0.3,-0.002
2014-07-03,164701,贵金属LOF,0.666,0.685,0.666,0.682,1514.0,101180.0,3.33,0.05,2.88,0.022
2014-07-04,164701,贵金属LOF,0.676,0.676,0.66,0.675,121.0,8011.0,-1.03,0.0,2.35,-0.007
2014-07-08,164701,贵金属LOF,0.684,0.684,0.684,0.684,1.0,68.0,1.33,0.0,0.0,0.009
2014-07-09,164701,贵金属LOF,0.661,0.661,0.661,0.661,6.0,396.0,-3.36,0.0,0.0,-0.023
2014-07-10,164701,贵金属LOF,0.66,0.66,0.66,0.66,15.0,990.0,-0.15,0.0,0.0,-0.001
2014-07-11,164701,贵金属LOF,0.671,0.675,0.671,0.672,183.0,12325.0,1.82,0.01,0.61,0.012
2014-07-14,164701,贵金属LOF,0.671,0.671,0.67,0.67,186.0,12478.0,-0.3,0.01,0.15,-0.002
2014-07-15,164701,贵金属LOF,0.673,0.673,0.673,0.673,127.0,8547.0,0.45,0.0,0.0,0.003
2014-07-25,164701,贵金属LOF,0.631,0.657,0.631,0.657,730.0,46954.0,-2.38,0.02,3.86,-0.016
2014-07-28,164701,贵金属LOF,0.656,0.685,0.656,0.658,457.0,30045.0,0.15,0.01,4.41,0.001
2014-07-29,164701,贵金属LOF,0.658,0.663,0.658,0.663,1008.0,66335.0,0.76,0.03,0.76,0.005
2014-07-30,164701,贵金属LOF,0.667,0.667,0.654,0.66,1645.0,108421.0,-0.45,0.05,1.96,-0.003
2014-07-31,164701,贵金属LOF,0.66,0.665,0.66,0.664,107.0,7092.0,0.61,0.0,0.76,0.004
2014-08-01,164701,贵金属LOF,0.664,0.664,0.664,0.664,11.0,730.0,0.0,0.0,0.0,0.0
2014-08-05,164701,贵金属LOF,0.68,0.685,0.658,0.658,229.0,15578.0,-0.9,0.01,4.07,-0.006
2014-08-06,164701,贵金属LOF,0.659,0.664,0.659,0.664,30.0,1983.0,0.91,0.0,0.76,0.006
2014-08-07,164701,贵金属LOF,0.687,0.687,0.685,0.685,393.0,26932.0,3.16,0.01,0.3,0.021
2014-08-08,164701,贵金属LOF,0.621,0.699,0.62,0.698,87.0,5686.0,1.9,0.0,11.53,0.013
2014-08-11,164701,贵金属LOF,0.66,0.697,0.66,0.671,104.0,7237.0,-3.87,0.0,5.3,-0.027
2014-08-12,164701,贵金属LOF,0.688,0.688,0.688,0.688,200.0,13760.0,2.53,0.01,0.0,0.017
2014-08-13,164701,贵金属LOF,0.69,0.69,0.69,0.69,33.0,2277.0,0.29,0.0,0.0,0.002
2014-08-14,164701,贵金属LOF,0.698,0.698,0.698,0.698,114.0,7957.0,1.16,0.0,0.0,0.008
2014-08-15,164701,贵金属LOF,0.669,0.697,0.669,0.697,220.0,14726.0,-0.14,0.01,4.01,-0.001
2014-08-19,164701,贵金属LOF,0.7,0.7,0.699,0.699,156.0,10919.0,0.29,0.01,0.14,0.002
2014-08-20,164701,贵金属LOF,0.69,0.69,0.669,0.69,661.0,45588.0,-1.29,0.02,3.0,-0.009
2014-08-21,164701,贵金属LOF,0.651,0.684,0.651,0.684,95.0,6465.0,-0.87,0.0,4.78,-0.006
2014-08-22,164701,贵金属LOF,0.658,0.685,0.658,0.685,172.0,11679.0,0.15,0.01,3.95,0.001
2014-08-25,164701,贵金属LOF,0.687,0.687,0.685,0.685,137.0,9400.0,0.0,0.0,0.29,0.0
2014-08-28,164701,贵金属LOF,0.65,0.681,0.65,0.681,294.0,19442.0,-0.58,0.01,4.53,-0.004
2014-09-02,164701,贵金属LOF,0.662,0.671,0.662,0.671,181.0,12144.0,-1.47,0.01,1.32,-0.01
2014-09-03,164701,贵金属LOF,0.663,0.688,0.65,0.684,205.0,13361.0,1.94,0.01,5.66,0.013
2014-09-04,164701,贵金属LOF,0.668,0.68,0.659,0.68,1207.0,81080.0,-0.58,0.04,3.07,-0.004
2014-09-05,164701,贵金属LOF,0.663,0.689,0.663,0.683,478.0,32496.0,0.44,0.02,3.82,0.003
2014-09-09,164701,贵金属LOF,0.677,0.701,0.677,0.688,871.0,59268.0,0.73,0.03,3.51,0.005
2014-09-10,164701,贵金属LOF,0.68,0.68,0.668,0.668,273.0,18469.0,-2.91,0.01,1.74,-0.02
2014-09-11,164701,贵金属LOF,0.698,0.698,0.668,0.688,642.0,43721.0,2.99,0.02,4.49,0.02
2014-09-12,164701,贵金属LOF,0.689,0.699,0.671,0.699,1156.0,80226.0,1.6,0.04,4.07,0.011
2014-09-15,164701,贵金属LOF,0.698,0.709,0.666,0.709,351.0,24410.0,1.43,0.01,6.15,0.01
2014-09-16,164701,贵金属LOF,0.699,0.699,0.673,0.69,50.0,3408.0,-2.68,0.0,3.67,-0.019
2014-09-17,164701,贵金属LOF,0.673,0.69,0.666,0.689,1586.0,106418.0,-0.14,0.05,3.48,-0.001
2014-09-18,164701,贵金属LOF,0.67,0.697,0.65,0.697,2551.0,168971.0,1.16,0.08,6.82,0.008
2014-09-19,164701,贵金属LOF,0.67,0.692,0.661,0.667,2477.0,166087.0,-4.3,0.08,4.45,-0.03
2014-09-22,164701,贵金属LOF,0.662,0.665,0.66,0.663,1197.0,79223.0,-0.6,0.04,0.75,-0.004
2014-09-23,164701,贵金属LOF,0.662,0.672,0.659,0.666,1815.0,120236.0,0.45,0.06,1.96,0.003
2014-09-24,164701,贵金属LOF,0.645,0.66,0.645,0.66,3577.0,232969.0,-0.9,0.12,2.25,-0.006
2014-09-25,164701,贵金属LOF,0.657,0.66,0.63,0.638,3352.0,216761.0,-3.33,0.11,4.55,-0.022
2014-09-26,164701,贵金属LOF,0.631,0.645,0.631,0.637,498.0,31854.0,-0.16,0.02,2.19,-0.001
2014-09-29,164701,贵金属LOF,0.64,0.643,0.634,0.641,1515.0,96964.0,0.63,0.05,1.41,0.004
2014-09-30,164701,贵金属LOF,0.641,0.644,0.641,0.641,1499.0,96226.0,0.0,0.05,0.47,0.0
2014-10-08,164701,贵金属LOF,0.643,0.643,0.636,0.64,1178.0,75316.0,-0.16,0.04,1.09,-0.001
2014-10-09,164701,贵金属LOF,0.638,0.644,0.638,0.644,693.0,44432.0,0.63,0.02,0.94,0.004
2014-10-10,164701,贵金属LOF,0.644,0.644,0.639,0.641,1063.0,68229.0,-0.47,0.03,0.78,-0.003
2014-10-13,164701,贵金属LOF,0.64,0.647,0.636,0.643,1481.0,94923.0,0.31,0.05,1.72,0.002
2014-10-14,164701,贵金属LOF,0.646,0.646,0.64,0.644,994.0,64017.0,0.16,0.03,0.93,0.001
2014-10-15,164701,贵金属LOF,0.648,0.648,0.634,0.639,351.0,22498.0,-0.78,0.01,2.17,-0.005
2014-10-16,164701,贵金属LOF,0.638,0.645,0.632,0.64,1496.0,96030.0,0.16,0.05,2.03,0.001
2014-10-17,164701,贵金属LOF,0.64,0.644,0.636,0.643,1053.0,67294.0,0.47,0.03,1.25,0.003
2014-10-20,164701,贵金属LOF,0.645,0.645,0.636,0.645,56.0,3594.0,0.31,0.0,1.4,0.002
2014-10-21,164701,贵金属LOF,0.635,0.649,0.635,0.649,934.0,60108.0,0.62,0.03,2.17,0.004
2014-10-22,164701,贵金属LOF,0.649,0.649,0.64,0.648,109.0,6986.0,-0.15,0.0,1.39,-0.001
2014-10-23,164701,贵金属LOF,0.649,0.649,0.634,0.642,1066.0,68186.0,-0.93,0.03,2.31,-0.006
2014-10-24,164701,贵金属LOF,0.64,0.641,0.634,0.641,507.0,32338.0,-0.16,0.02,1.09,-0.001
2014-10-27,164701,贵金属LOF,0.631,0.643,0.631,0.642,810.0,51456.0,0.16,0.03,1.87,0.001
2014-10-28,164701,贵金属LOF,0.641,0.643,0.637,0.643,1662.0,106803.0,0.16,0.05,0.93,0.001
2014-10-29,164701,贵金属LOF,0.636,0.645,0.636,0.639,696.0,44340.0,-0.62,0.02,1.4,-0.004
2014-10-30,164701,贵金属LOF,0.636,0.643,0.636,0.638,916.0,58465.0,-0.16,0.03,1.1,-0.001
2014-10-31,164701,贵金属LOF,0.633,0.646,0.633,0.646,1350.0,86214.0,1.25,0.04,2.04,0.008
2014-11-03,164701,贵金属LOF,0.633,0.638,0.633,0.638,2090.0,132693.0,-1.24,0.07,0.77,-0.008
2014-11-04,164701,贵金属LOF,0.634,0.649,0.634,0.643,785.0,50308.0,0.78,0.03,2.35,0.005
2014-11-05,164701,贵金属LOF,0.631,0.639,0.624,0.639,3268.0,205695.0,-0.62,0.11,2.33,-0.004
2014-11-06,164701,贵金属LOF,0.624,0.641,0.61,0.634,999.0,62733.0,-0.78,0.03,4.85,-0.005
2014-11-07,164701,贵金属LOF,0.618,0.627,0.618,0.621,1173.0,72953.0,-2.05,0.04,1.42,-0.013
2014-11-10,164701,贵金属LOF,0.621,0.637,0.621,0.628,1648.0,103410.0,1.13,0.05,2.58,0.007
2014-11-11,164701,贵金属LOF,0.612,0.625,0.612,0.622,1711.0,105919.0,-0.96,0.06,2.07,-0.006
2014-11-12,164701,贵金属LOF,0.63,0.63,0.622,0.625,814.0,50712.0,0.48,0.03,1.29,0.003
2014-11-13,164701,贵金属LOF,0.624,0.624,0.622,0.624,817.0,50945.0,-0.16,0.03,0.32,-0.001
2014-11-14,164701,贵金属LOF,0.614,0.627,0.613,0.627,630.0,38928.0,0.48,0.02,2.24,0.003
2014-11-17,164701,贵金属LOF,0.625,0.629,0.624,0.627,1835.0,114903.0,0.0,0.06,0.8,0.0
2014-11-18,164701,贵金属LOF,0.623,0.632,0.617,0.624,1259.0,78414.0,-0.48,0.04,2.39,-0.003
2014-11-19,164701,贵金属LOF,0.624,0.626,0.62,0.626,885.0,55076.0,0.32,0.03,0.96,0.002
2014-11-20,164701,贵金属LOF,0.625,0.63,0.624,0.628,1327.0,83113.0,0.32,0.04,0.96,0.002
2014-11-21,164701,贵金属LOF,0.624,0.63,0.624,0.63,2638.0,165129.0,0.32,0.09,0.96,0.002
2014-11-24,164701,贵金属LOF,0.629,0.637,0.628,0.634,2471.0,156097.0,0.63,0.08,1.43,0.004
2014-11-25,164701,贵金属LOF,0.628,0.637,0.626,0.635,1577.0,99875.0,0.16,0.05,1.74,0.001
2014-11-26,164701,贵金属LOF,0.633,0.634,0.621,0.63,1568.0,98756.0,-0.79,0.05,2.05,-0.005
2014-11-27,164701,贵金属LOF,0.632,0.632,0.626,0.63,957.0,60271.0,0.0,0.03,0.95,0.0
2014-11-28,164701,贵金属LOF,0.636,0.64,0.629,0.634,5174.0,328754.0,0.63,0.17,1.75,0.004
2014-12-01,164701,贵金属LOF,0.633,0.697,0.615,0.647,16476.0,1072722.0,2.05,0.54,12.93,0.013
2014-12-02,164701,贵金属LOF,0.65,0.678,0.642,0.678,4545.0,300392.0,4.79,0.15,5.56,0.031
2014-12-03,164701,贵金属LOF,0.68,0.746,0.67,0.746,12457.0,913676.0,10.03,0.41,11.21,0.068
2014-12-04,164701,贵金属LOF,0.728,0.821,0.72,0.821,12181.0,961949.0,10.05,0.4,13.54,0.075
2014-12-05,164701,贵金属LOF,0.852,0.903,0.852,0.903,13217.0,1182035.0,9.99,0.43,6.21,0.082
2014-12-08,164701,贵金属LOF,0.813,0.993,0.813,0.987,28317.0,2570549.0,9.3,0.92,19.93,0.084
2014-12-09,164701,贵金属LOF,0.888,1.039,0.888,0.888,28339.0,2618576.0,-10.03,0.92,15.3,-0.099
2014-12-10,164701,贵金属LOF,0.799,0.839,0.799,0.804,23355.0,1867762.0,-9.46,0.76,4.5,-0.084
2014-12-11,164701,贵金属LOF,0.724,0.775,0.724,0.724,53384.0,3870634.0,-9.95,1.74,6.34,-0.08
2014-12-12,164701,贵金属LOF,0.652,0.685,0.652,0.652,36962.0,2413522.0,-9.94,1.21,4.56,-0.072
2014-12-15,164701,贵金属LOF,0.63,0.652,0.63,0.649,15242.0,977432.0,-0.46,0.5,3.37,-0.003
2014-12-16,164701,贵金属LOF,0.64,0.648,0.635,0.64,11734.0,751934.0,-1.39,0.38,2.0,-0.009
2014-12-17,164701,贵金属LOF,0.64,0.665,0.638,0.654,13381.0,874755.0,2.19,0.44,4.22,0.014
2014-12-18,164701,贵金属LOF,0.65,0.654,0.634,0.642,15033.0,966990.0,-1.83,0.49,3.06,-0.012
2014-12-19,164701,贵金属LOF,0.642,0.65,0.631,0.65,15473.0,986480.0,1.25,0.51,2.96,0.008
2014-12-22,164701,贵金属LOF,0.628,0.63,0.62,0.623,29456.0,1840183.0,-4.15,0.96,1.54,-0.027
2014-12-23,164701,贵金属LOF,0.614,0.614,0.587,0.603,26430.0,1589519.0,-3.21,0.86,4.33,-0.02
2014-12-24,164701,贵金属LOF,0.593,0.609,0.592,0.609,14400.0,861269.0,1.0,0.47,2.82,0.006
2014-12-25,164701,贵金属LOF,0.595,0.61,0.595,0.602,24448.0,1466347.0,-1.15,0.8,2.46,-0.007
2014-12-26,164701,贵金属LOF,0.602,0.604,0.595,0.603,15065.0,899712.0,0.17,0.49,1.5,0.001
2014-12-29,164701,贵金属LOF,0.603,0.603,0.596,0.6,10609.0,635933.0,-0.5,0.35,1.16,-0.003
2014-12-30,164701,贵金属LOF,0.6,0.6,0.595,0.596,8213.0,490738.0,-0.67,0.27,0.83,-0.004
2014-12-31,164701,贵金属LOF,0.602,0.607,0.595,0.605,13119.0,790762.0,1.51,0.43,2.01,0.009
2015-01-05,164701,贵金属LOF,0.603,0.663,0.599,0.646,27697.0,1753927.0,6.78,0.9,10.58,0.041
2015-01-06,164701,贵金属LOF,0.66,0.663,0.646,0.649,20401.0,1326029.0,0.46,0.67,2.63,0.003
2015-01-07,164701,贵金属LOF,0.649,0.697,0.649,0.695,31595.0,2154091.0,7.09,1.03,7.4,0.046
2015-01-08,164701,贵金属LOF,0.645,0.689,0.64,0.669,34615.0,2297610.0,-3.74,1.13,7.05,-0.026
2015-01-09,164701,贵金属LOF,0.63,0.665,0.629,0.65,32143.0,2062744.0,-2.84,1.05,5.38,-0.019
2015-01-12,164701,贵金属LOF,0.634,0.644,0.624,0.628,45930.0,2895983.0,-3.38,1.5,3.08,-0.022
2015-01-13,164701,贵金属LOF,0.62,0.647,0.62,0.638,51731.0,3274070.0,1.59,1.69,4.3,0.01
2015-01-14,164701,贵金属LOF,0.637,0.638,0.621,0.622,14310.0,894778.0,-2.51,0.47,2.66,-0.016
2015-01-15,164701,贵金属LOF,0.625,0.625,0.615,0.622,8569.0,531955.0,0.0,0.28,1.61,0.0
2015-01-16,164701,贵金属LOF,0.636,0.638,0.627,0.632,46787.0,2960685.0,1.61,1.53,1.77,0.01
2015-01-19,164701,贵金属LOF,0.645,0.675,0.638,0.66,238072.0,15775777.0,4.43,7.77,5.85,0.028
2015-01-20,164701,贵金属LOF,0.67,0.687,0.659,0.679,325197.0,21835710.0,2.88,10.61,4.24,0.019
2015-01-21,164701,贵金属LOF,0.7,0.747,0.698,0.747,270579.0,19611848.0,10.01,8.83,7.22,0.068
2015-01-22,164701,贵金属LOF,0.747,0.822,0.72,0.822,299160.0,23615355.0,10.04,9.76,13.65,0.075
2015-01-23,164701,贵金属LOF,0.81,0.902,0.74,0.74,816883.0,66531531.0,-9.98,26.66,19.71,-0.082
2015-01-26,164701,贵金属LOF,0.666,0.696,0.666,0.666,1264707.0,84337516.0,-10.0,41.28,4.05,-0.074
2015-01-27,164701,贵金属LOF,0.655,0.659,0.645,0.647,1415782.0,91850894.0,-2.85,46.21,2.1,-0.019
2015-01-28,164701,贵金属LOF,0.651,0.652,0.641,0.643,485362.0,31300543.0,-0.62,15.84,1.7,-0.004
2015-01-29,164701,贵金属LOF,0.639,0.639,0.633,0.635,297907.0,18916660.0,-1.24,9.72,0.93,-0.008
2015-01-30,164701,贵金属LOF,0.621,0.623,0.619,0.619,281338.0,17461792.0,-2.52,9.18,0.63,-0.016
2015-02-02,164701,贵金属LOF,0.63,0.631,0.624,0.625,226939.0,14222952.0,0.97,7.41,1.13,0.006
2015-02-03,164701,贵金属LOF,0.624,0.632,0.623,0.63,233748.0,14656727.0,0.8,7.63,1.44,0.005
2015-02-04,164701,贵金属LOF,0.624,0.626,0.62,0.624,223800.0,13956331.0,-0.95,7.3,0.95,-0.006
2015-02-05,164701,贵金属LOF,0.626,0.628,0.62,0.622,107487.0,6702270.0,-0.32,3.51,1.28,-0.002
2015-02-06,164701,贵金属LOF,0.622,0.622,0.618,0.619,155351.0,9619399.0,-0.48,5.07,0.64,-0.003
2015-02-09,164701,贵金属LOF,0.61,0.616,0.61,0.615,94050.0,5771874.0,-0.65,3.07,0.97,-0.004
2015-02-10,164701,贵金属LOF,0.615,0.617,0.614,0.616,102844.0,6327254.0,0.16,3.36,0.49,0.001
2015-02-11,164701,贵金属LOF,0.615,0.615,0.61,0.611,116778.0,7139073.0,-0.81,3.81,0.81,-0.005
2015-02-12,164701,贵金属LOF,0.61,0.611,0.609,0.609,77210.0,4707621.0,-0.33,2.52,0.33,-0.002
2015-02-13,164701,贵金属LOF,0.612,0.618,0.611,0.617,94642.0,5821941.0,1.31,3.09,1.15,0.008
2015-02-16,164701,贵金属LOF,0.617,0.619,0.615,0.619,98359.0,6072561.0,0.32,3.21,0.65,0.002
2015-02-17,164701,贵金属LOF,0.62,0.62,0.618,0.618,175116.0,10832343.0,-0.16,5.72,0.32,-0.001
2015-02-25,164701,贵金属LOF,0.611,0.614,0.611,0.613,90596.0,5545575.0,-0.81,2.96,0.49,-0.005
2015-02-26,164701,贵金属LOF,0.612,0.615,0.611,0.615,129956.0,7960104.0,0.33,4.24,0.65,0.002
2015-02-27,164701,贵金属LOF,0.614,0.615,0.613,0.615,114773.0,7041581.0,0.0,3.75,0.33,0.0
2015-03-02,164701,贵金属LOF,0.617,0.63,0.616,0.621,227437.0,14151336.0,0.98,7.42,2.28,0.006
2015-03-03,164701,贵金属LOF,0.617,0.62,0.613,0.614,155573.0,9571431.0,-1.13,5.08,1.13,-0.007
2015-03-04,164701,贵金属LOF,0.614,0.615,0.611,0.612,109951.0,6731328.0,-0.33,3.59,0.65,-0.002
2015-03-05,164701,贵金属LOF,0.611,0.612,0.607,0.608,110355.0,6720227.0,-0.65,3.6,0.82,-0.004
2015-03-06,164701,贵金属LOF,0.608,0.608,0.603,0.604,49978.0,3022490.0,-0.66,1.63,0.82,-0.004
2015-03-09,164701,贵金属LOF,0.592,0.594,0.587,0.592,126186.0,7444168.0,-1.99,4.12,1.16,-0.012
2015-03-10,164701,贵金属LOF,0.591,0.591,0.587,0.588,80320.0,4725792.0,-0.68,2.62,0.68,-0.004
2015-03-11,164701,贵金属LOF,0.588,0.589,0.586,0.588,47329.0,2779967.0,0.0,1.54,0.51,0.0
2015-03-12,164701,贵金属LOF,0.585,0.586,0.579,0.585,168931.0,9833911.0,-0.51,5.51,1.19,-0.003
2015-03-13,164701,贵金属LOF,0.583,0.587,0.582,0.587,48703.0,2851439.0,0.34,1.59,0.85,0.002
2015-03-16,164701,贵金属LOF,0.588,0.596,0.586,0.596,152992.0,9051209.0,1.53,4.99,1.7,0.009
2015-03-17,164701,贵金属LOF,0.594,0.598,0.592,0.595,178926.0,10650693.0,-0.17,5.84,1.01,-0.001
2015-03-18,164701,贵金属LOF,0.594,0.597,0.591,0.595,108229.0,6436069.0,0.0,3.53,1.01,0.0
2015-03-19,164701,贵金属LOF,0.604,0.615,0.603,0.614,611275.0,37420376.0,3.19,19.95,2.02,0.019
2015-03-20,164701,贵金属LOF,0.613,0.616,0.605,0.608,309392.0,18877429.0,-0.98,10.1,1.79,-0.006
2015-03-23,164701,贵金属LOF,0.612,0.614,0.609,0.612,337509.0,20643885.0,0.66,11.02,0.82,0.004
2015-03-24,164701,贵金属LOF,0.61,0.61,0.606,0.607,427895.0,25999998.0,-0.82,13.97,0.65,-0.005
2015-03-25,164701,贵金属LOF,0.607,0.608,0.6,0.6,190143.0,11460956.0,-1.15,6.21,1.32,-0.007
2015-03-26,164701,贵金属LOF,0.604,0.61,0.603,0.609,244538.0,14840702.0,1.5,7.98,1.17,0.009
2015-03-27,164701,贵金属LOF,0.61,0.611,0.606,0.608,144500.0,8794193.0,-0.16,4.72,0.82,-0.001
2015-03-30,164701,贵金属LOF,0.608,0.608,0.603,0.605,153324.0,9273184.0,-0.49,5.0,0.82,-0.003
2015-03-31,164701,贵金属LOF,0.604,0.604,0.601,0.603,132105.0,7960839.0,-0.33,4.31,0.5,-0.002
2015-04-01,164701,贵金属LOF,0.602,0.606,0.6,0.604,206987.0,12493675.0,0.17,6.76,1.0,0.001
2015-04-02,164701,贵金属LOF,0.607,0.61,0.607,0.61,276459.0,16811072.0,0.99,9.02,0.5,0.006
2015-04-03,164701,贵金属LOF,0.609,0.609,0.606,0.609,120563.0,7326113.0,-0.16,3.94,0.49,-0.001
2015-04-07,164701,贵金属LOF,0.615,0.64,0.613,0.637,942286.0,59202654.0,4.6,30.75,4.43,0.028
2015-04-08,164701,贵金属LOF,0.648,0.648,0.631,0.634,505700.0,32306449.0,-0.47,16.51,2.67,-0.003
2015-04-09,164701,贵金属LOF,0.63,0.653,0.614,0.648,1105214.0,70542787.0,2.21,36.07,6.15,0.014
2015-04-10,164701,贵金属LOF,0.654,0.685,0.653,0.663,1306387.0,87909763.0,2.31,42.64,4.94,0.015
2015-04-13,164701,贵金属LOF,0.675,0.685,0.658,0.659,637955.0,42660598.0,-0.6,20.82,4.07,-0.004
2015-04-14,164701,贵金属LOF,0.651,0.666,0.622,0.636,382743.0,24768902.0,-3.49,12.49,6.68,-0.023
2015-04-15,164701,贵金属LOF,0.63,0.642,0.625,0.627,238967.0,15077043.0,-1.42,7.8,2.67,-0.009
2015-04-16,164701,贵金属LOF,0.636,0.638,0.628,0.634,248109.0,15710381.0,1.12,8.1,1.59,0.007
2015-04-17,164701,贵金属LOF,0.634,0.644,0.632,0.641,356404.0,22771695.0,1.1,11.63,1.89,0.007
2015-04-20,164701,贵金属LOF,0.641,0.658,0.64,0.644,451472.0,29226875.0,0.47,14.74,2.81,0.003
2015-04-21,164701,贵金属LOF,0.64,0.643,0.639,0.641,262414.0,16807849.0,-0.47,8.56,0.62,-0.003
2015-04-22,164701,贵金属LOF,0.643,0.647,0.64,0.641,282926.0,18160274.0,0.0,9.23,1.09,0.0
2015-04-23,164701,贵金属LOF,0.638,0.638,0.633,0.636,311328.0,19783491.0,-0.78,10.16,0.78,-0.005
2015-04-24,164701,贵金属LOF,0.636,0.639,0.629,0.632,321129.0,20305208.0,-0.63,10.48,1.57,-0.004
2015-04-27,164701,贵金属LOF,0.626,0.635,0.625,0.632,312112.0,19733939.0,0.0,10.19,1.58,0.0
2015-04-28,164701,贵金属LOF,0.638,0.64,0.633,0.635,249211.0,15863290.0,0.47,8.13,1.11,0.003
2015-04-29,164701,贵金属LOF,0.639,0.679,0.639,0.66,1430562.0,95232461.0,3.94,46.69,6.3,0.025
2015-04-30,164701,贵金属LOF,0.666,0.672,0.648,0.649,1087128.0,71899442.0,-1.67,35.48,3.64,-0.011
2015-05-04,164701,贵金属LOF,0.641,0.643,0.638,0.64,342666.0,21942191.0,-1.39,11.18,0.77,-0.009
2015-05-05,164701,贵金属LOF,0.644,0.644,0.616,0.62,220054.0,13932944.0,-3.13,7.18,4.38,-0.02
2015-05-06,164701,贵金属LOF,0.624,0.629,0.612,0.615,226549.0,14120281.0,-0.81,7.39,2.74,-0.005
2015-05-07,164701,贵金属LOF,0.613,0.615,0.6,0.601,205873.0,12478881.0,-2.28,6.72,2.44,-0.014
2015-05-08,164701,贵金属LOF,0.603,0.618,0.603,0.611,187207.0,11394867.0,1.66,6.11,2.5,0.01
2015-05-11,164701,贵金属LOF,0.615,0.615,0.61,0.615,177416.0,10867610.0,0.65,5.79,0.82,0.004
2015-05-12,164701,贵金属LOF,0.613,0.617,0.612,0.615,214833.0,13187680.0,0.0,7.01,0.81,0.0
2015-05-13,164701,贵金属LOF,0.618,0.619,0.613,0.615,191054.0,11777805.0,0.0,6.24,0.98,0.0
2015-05-14,164701,贵金属LOF,0.626,0.63,0.619,0.624,265084.0,16523224.0,1.46,8.65,1.79,0.009
2015-05-15,164701,贵金属LOF,0.625,0.627,0.617,0.619,233562.0,14479809.0,-0.8,7.62,1.6,-0.005
2015-05-18,164701,贵金属LOF,0.623,0.626,0.621,0.625,275651.0,17176712.0,0.97,9.0,0.81,0.006
2015-05-19,164701,贵金属LOF,0.624,0.624,0.617,0.62,311843.0,19314716.0,-0.8,10.18,1.12,-0.005
2015-05-20,164701,贵金属LOF,0.614,0.614,0.61,0.611,249987.0,15292317.0,-1.45,8.16,0.65,-0.009
2015-05-21,164701,贵金属LOF,0.612,0.614,0.61,0.614,175057.0,10711618.0,0.49,5.71,0.65,0.003
2015-05-22,164701,贵金属LOF,0.612,0.62,0.612,0.619,358835.0,22095614.0,0.81,11.71,1.3,0.005
2015-05-25,164701,贵金属LOF,0.619,0.627,0.617,0.626,386632.0,24136515.0,1.13,12.62,1.62,0.007
2015-05-26,164701,贵金属LOF,0.627,0.628,0.624,0.625,280781.0,17567935.0,-0.16,9.16,0.64,-0.001
2015-05-27,164701,贵金属LOF,0.621,0.626,0.618,0.625,288775.0,17959856.0,0.0,9.43,1.28,0.0
2015-05-28,164701,贵金属LOF,0.627,0.642,0.61,0.613,490794.0,30859446.0,-1.92,16.02,5.12,-0.012
2015-05-29,164701,贵金属LOF,0.608,0.613,0.6,0.603,534112.0,32306154.0,-1.63,17.43,2.12,-0.01
2015-06-01,164701,贵金属LOF,0.602,0.608,0.602,0.606,253505.0,15354528.0,0.5,8.27,1.0,0.003
2015-06-02,164701,贵金属LOF,0.606,0.606,0.602,0.604,243791.0,14725485.0,-0.33,7.96,0.66,-0.002
2015-06-03,164701,贵金属LOF,0.606,0.607,0.601,0.603,274561.0,16565847.0,-0.17,8.96,0.99,-0.001
2015-06-04,164701,贵金属LOF,0.602,0.603,0.597,0.602,241427.0,14492373.0,-0.17,7.88,1.0,-0.001
2015-06-05,164701,贵金属LOF,0.601,0.608,0.601,0.607,393659.0,23795871.0,0.83,12.85,1.16,0.005
2015-06-08,164701,贵金属LOF,0.606,0.607,0.604,0.606,224377.0,13582901.0,-0.16,7.32,0.49,-0.001
2015-06-09,164701,贵金属LOF,0.605,0.607,0.602,0.606,197387.0,11933233.0,0.0,6.44,0.83,0.0
2015-06-10,164701,贵金属LOF,0.604,0.607,0.603,0.606,146869.0,8887899.0,0.0,4.79,0.66,0.0
2015-06-11,164701,贵金属LOF,0.608,0.608,0.605,0.607,108916.0,6613504.0,0.17,3.55,0.5,0.001
2015-06-12,164701,贵金属LOF,0.606,0.608,0.605,0.608,134597.0,8163527.0,0.16,4.39,0.49,0.001
2015-06-15,164701,贵金属LOF,0.608,0.608,0.604,0.605,171756.0,10397368.0,-0.49,5.61,0.66,-0.003
2015-06-16,164701,贵金属LOF,0.605,0.606,0.6,0.601,140623.0,8475153.0,-0.66,4.59,0.99,-0.004
2015-06-17,164701,贵金属LOF,0.601,0.601,0.596,0.6,94666.0,5669117.0,-0.17,3.09,0.83,-0.001
2015-06-18,164701,贵金属LOF,0.601,0.605,0.599,0.602,160794.0,9673181.0,0.33,5.25,1.0,0.002
2015-06-19,164701,贵金属LOF,0.606,0.608,0.594,0.595,223742.0,13456092.0,-1.16,7.3,2.33,-0.007
2015-06-23,164701,贵金属LOF,0.597,0.6,0.594,0.596,94216.0,5619601.0,0.17,3.08,1.01,0.001
2015-06-24,164701,贵金属LOF,0.597,0.604,0.597,0.604,122650.0,7357332.0,1.34,4.0,1.17,0.008
2015-06-25,164701,贵金属LOF,0.601,0.605,0.597,0.599,148300.0,8921492.0,-0.83,4.84,1.32,-0.005
2015-06-26,164701,贵金属LOF,0.598,0.598,0.584,0.59,275653.0,16276361.0,-1.5,9.0,2.34,-0.009
2015-06-29,164701,贵金属LOF,0.593,0.596,0.588,0.591,165240.0,9770810.0,0.17,5.39,1.36,0.001
2015-06-30,164701,贵金属LOF,0.592,0.592,0.56,0.59,252180.0,14681966.0,-0.17,8.23,5.41,-0.001
2015-07-01,164701,贵金属LOF,0.589,0.592,0.587,0.591,151945.0,8970250.0,0.17,4.96,0.85,0.001
2015-07-02,164701,贵金属LOF,0.589,0.589,0.57,0.581,222474.0,12964867.0,-1.69,7.26,3.21,-0.01
2015-07-03,164701,贵金属LOF,0.581,0.59,0.581,0.585,189274.0,11084068.0,0.69,6.18,1.55,0.004
2015-07-06,164701,贵金属LOF,0.589,0.596,0.585,0.588,145472.0,8563837.0,0.51,4.75,1.88,0.003
2015-07-07,164701,贵金属LOF,0.588,0.592,0.586,0.586,97979.0,5760856.0,-0.34,3.2,1.02,-0.002
2015-07-08,164701,贵金属LOF,0.58,0.58,0.54,0.555,183396.0,10156423.0,-5.29,5.99,6.83,-0.031
2015-07-09,164701,贵金属LOF,0.56,0.587,0.558,0.583,254977.0,14714041.0,5.05,8.32,5.23,0.028
2015-07-10,164701,贵金属LOF,0.583,0.608,0.582,0.59,616487.0,36793480.0,1.2,20.12,4.46,0.007
2015-07-13,164701,贵金属LOF,0.59,0.595,0.587,0.591,175750.0,10380115.0,0.17,5.74,1.36,0.001
2015-07-14,164701,贵金属LOF,0.59,0.59,0.586,0.589,90688.0,5331196.0,-0.34,2.96,0.68,-0.002
2015-07-15,164701,贵金属LOF,0.588,0.589,0.582,0.583,67317.0,3940124.0,-1.02,2.2,1.19,-0.006
2015-07-16,164701,贵金属LOF,0.584,0.584,0.578,0.583,81495.0,4734344.0,0.0,2.66,1.03,0.0
2015-07-17,164701,贵金属LOF,0.582,0.586,0.58,0.585,47648.0,2776628.0,0.34,1.56,1.03,0.002
2015-07-20,164701,贵金属LOF,0.581,0.581,0.569,0.575,105315.0,6048334.0,-1.71,3.44,2.05,-0.01
2015-07-21,164701,贵金属LOF,0.573,0.575,0.569,0.574,37866.0,2166881.0,-0.17,1.24,1.04,-0.001
2015-07-22,164701,贵金属LOF,0.572,0.573,0.566,0.567,30931.0,1757042.0,-1.22,1.01,1.22,-0.007
2015-07-23,164701,贵金属LOF,0.566,0.57,0.565,0.569,56176.0,3190691.0,0.35,1.83,0.88,0.002
2015-07-24,164701,贵金属LOF,0.568,0.568,0.565,0.566,37069.0,2100668.0,-0.53,1.21,0.53,-0.003
2015-07-27,164701,贵金属LOF,0.567,0.568,0.562,0.565,48646.0,2744603.0,-0.18,1.59,1.06,-0.001
2015-07-28,164701,贵金属LOF,0.56,0.564,0.558,0.563,79550.0,4463065.0,-0.35,2.6,1.06,-0.002
2015-07-29,164701,贵金属LOF,0.562,0.564,0.56,0.562,63144.0,3545073.0,-0.18,2.06,0.71,-0.001
2015-07-30,164701,贵金属LOF,0.561,0.563,0.558,0.559,38036.0,2136892.0,-0.53,1.24,0.89,-0.003
2015-07-31,164701,贵金属LOF,0.553,0.557,0.553,0.556,19922.0,1107063.0,-0.54,0.65,0.72,-0.003
2015-08-03,164701,贵金属LOF,0.56,0.56,0.556,0.559,26034.0,1452005.0,0.54,0.85,0.72,0.003
2015-08-04,164701,贵金属LOF,0.554,0.559,0.554,0.559,25955.0,1445634.0,0.0,0.85,0.89,0.0
2015-08-05,164701,贵金属LOF,0.558,0.559,0.557,0.558,15996.0,892725.0,-0.18,0.52,0.36,-0.001
2015-08-06,164701,贵金属LOF,0.557,0.558,0.556,0.558,11115.0,619287.0,0.0,0.36,0.36,0.0
2015-08-07,164701,贵金属LOF,0.558,0.562,0.557,0.56,42086.0,2353582.0,0.36,1.37,0.9,0.002
2015-08-10,164701,贵金属LOF,0.561,0.564,0.559,0.562,62364.0,3502940.0,0.36,2.04,0.89,0.002
2015-08-11,164701,贵金属LOF,0.572,0.582,0.565,0.575,269783.0,15472470.0,2.31,8.81,3.02,0.013
2015-08-12,164701,贵金属LOF,0.579,0.592,0.577,0.587,384701.0,22556289.0,2.09,12.56,2.61,0.012
2015-08-13,164701,贵金属LOF,0.588,0.593,0.578,0.578,159337.0,9318144.0,-1.53,5.2,2.56,-0.009
2015-08-14,164701,贵金属LOF,0.571,0.571,0.564,0.568,81928.0,4654172.0,-1.73,2.67,1.21,-0.01
2015-08-17,164701,贵金属LOF,0.564,0.567,0.561,0.564,84297.0,4751724.0,-0.7,2.75,1.06,-0.004
2015-08-18,164701,贵金属LOF,0.558,0.558,0.554,0.555,137271.0,7631934.0,-1.6,4.48,0.71,-0.009
2015-08-19,164701,贵金属LOF,0.555,0.555,0.545,0.55,113377.0,6221613.0,-0.9,3.7,1.8,-0.005
2015-08-20,164701,贵金属LOF,0.555,0.559,0.553,0.554,120137.0,6686694.0,0.73,3.92,1.09,0.004
2015-08-21,164701,贵金属LOF,0.562,0.575,0.561,0.563,366007.0,20832286.0,1.62,11.95,2.53,0.009
2015-08-24,164701,贵金属LOF,0.57,0.582,0.55,0.556,371129.0,21148209.0,-1.24,12.11,5.68,-0.007
2015-08-25,164701,贵金属LOF,0.557,0.562,0.536,0.548,306476.0,16877472.0,-1.44,10.0,4.68,-0.008
2015-08-26,164701,贵金属LOF,0.54,0.545,0.538,0.54,131669.0,7116577.0,-1.46,4.3,1.28,-0.008
2015-08-27,164701,贵金属LOF,0.535,0.538,0.532,0.538,87409.0,4690722.0,-0.37,2.85,1.11,-0.002
2015-08-28,164701,贵金属LOF,0.539,0.545,0.539,0.545,91420.0,4969427.0,1.3,2.98,1.12,0.007
2015-08-31,164701,贵金属LOF,0.545,0.547,0.544,0.546,49133.0,2679891.0,0.18,1.6,0.55,0.001
2015-09-01,164701,贵金属LOF,0.548,0.556,0.548,0.552,83141.0,4586859.0,1.1,2.71,1.47,0.006
2015-09-02,164701,贵金属LOF,0.544,0.552,0.544,0.546,61067.0,3336729.0,-1.09,1.99,1.45,-0.006
2015-09-07,164701,贵金属LOF,0.538,0.54,0.537,0.54,47098.0,2538697.0,-1.1,1.54,0.55,-0.006
2015-09-08,164701,贵金属LOF,0.539,0.54,0.538,0.54,26179.0,1411690.0,0.0,0.85,0.37,0.0
2015-09-09,164701,贵金属LOF,0.541,0.545,0.54,0.543,83927.0,4557830.0,0.56,2.74,0.93,0.003
2015-09-10,164701,贵金属LOF,0.54,0.54,0.537,0.538,39305.0,2114157.0,-0.92,1.28,0.55,-0.005
2015-09-11,164701,贵金属LOF,0.538,0.539,0.536,0.537,46599.0,2505669.0,-0.19,1.52,0.56,-0.001
2015-09-14,164701,贵金属LOF,0.538,0.538,0.531,0.532,66411.0,3546923.0,-0.93,2.17,1.3,-0.005
2015-09-15,164701,贵金属LOF,0.533,0.533,0.528,0.529,19499.0,1035460.0,-0.56,0.64,0.94,-0.003
2015-09-16,164701,贵金属LOF,0.528,0.532,0.527,0.531,66413.0,3511863.0,0.38,2.17,0.95,0.002
2015-09-17,164701,贵金属LOF,0.533,0.537,0.533,0.534,60005.0,3212283.0,0.56,1.96,0.75,0.003
2015-09-18,164701,贵金属LOF,0.539,0.54,0.538,0.539,84150.0,4534664.0,0.94,2.75,0.37,0.005
2015-09-21,164701,贵金属LOF,0.54,0.542,0.539,0.542,56766.0,3071342.0,0.56,1.85,0.56,0.003
2015-09-22,164701,贵金属LOF,0.54,0.541,0.539,0.54,23114.0,1248108.0,-0.37,0.75,0.37,-0.002
2015-09-23,164701,贵金属LOF,0.539,0.539,0.534,0.535,34134.0,1827870.0,-0.93,1.11,0.93,-0.005
2015-09-24,164701,贵金属LOF,0.537,0.54,0.536,0.539,38093.0,2050946.0,0.75,1.24,0.75,0.004
2015-09-25,164701,贵金属LOF,0.547,0.549,0.544,0.545,69444.0,3789226.0,1.11,2.27,0.93,0.006
2015-09-28,164701,贵金属LOF,0.545,0.545,0.544,0.544,12643.0,687969.0,-0.18,0.41,0.18,-0.001
2015-09-29,164701,贵金属LOF,0.543,0.543,0.534,0.536,37766.0,2025306.0,-1.47,1.23,1.65,-0.008
2015-09-30,164701,贵金属LOF,0.536,0.575,0.535,0.539,61180.0,3289947.0,0.56,2.0,7.46,0.003
2015-10-08,164701,贵金属LOF,0.555,0.555,0.546,0.547,73502.0,4028870.0,1.48,2.4,1.67,0.008
2015-10-09,164701,贵金属LOF,0.545,0.549,0.543,0.547,47738.0,2606372.0,0.0,1.56,1.1,0.0
2015-10-12,164701,贵金属LOF,0.55,0.554,0.545,0.553,113369.0,6240429.0,1.1,3.7,1.65,0.006
2015-10-13,164701,贵金属LOF,0.55,0.551,0.548,0.55,41870.0,2299825.0,-0.54,1.37,0.54,-0.003
2015-10-14,164701,贵金属LOF,0.551,0.558,0.551,0.557,56613.0,3141180.0,1.27,1.85,1.27,0.007
2015-10-15,164701,贵金属LOF,0.559,0.561,0.557,0.558,60529.0,3381117.0,0.18,1.98,0.72,0.001
2015-10-16,164701,贵金属LOF,0.558,0.559,0.555,0.556,64457.0,3590663.0,-0.36,2.1,0.72,-0.002
2015-10-19,164701,贵金属LOF,0.555,0.557,0.553,0.555,54486.0,3023800.0,-0.18,1.78,0.72,-0.001
2015-10-20,164701,贵金属LOF,0.553,0.556,0.552,0.554,28953.0,1603830.0,-0.18,0.95,0.72,-0.001
2015-10-21,164701,贵金属LOF,0.555,0.559,0.554,0.555,56798.0,3160595.0,0.18,1.85,0.9,0.001
2015-10-22,164701,贵金属LOF,0.553,0.555,0.552,0.554,15937.0,881065.0,-0.18,0.52,0.54,-0.001
2015-10-23,164701,贵金属LOF,0.554,0.555,0.552,0.554,23644.0,1307639.0,0.0,0.77,0.54,0.0
2015-10-26,164701,贵金属LOF,0.553,0.555,0.552,0.553,27998.0,1547175.0,-0.18,0.91,0.54,-0.001
2015-10-27,164701,贵金属LOF,0.553,0.553,0.551,0.552,14466.0,798535.0,-0.18,0.47,0.36,-0.001
2015-10-28,164701,贵金属LOF,0.551,0.555,0.551,0.554,25678.0,1420897.0,0.36,0.84,0.72,0.002
2015-10-29,164701,贵金属LOF,0.552,0.552,0.548,0.55,18567.0,1021176.0,-0.72,0.61,0.72,-0.004
2015-10-30,164701,贵金属LOF,0.547,0.549,0.546,0.548,13226.0,723762.0,-0.36,0.43,0.55,-0.002
2015-11-02,164701,贵金属LOF,0.546,0.546,0.544,0.546,13070.0,712803.0,-0.36,0.43,0.36,-0.002
2015-11-03,164701,贵金属LOF,0.546,0.546,0.543,0.544,17110.0,930354.0,-0.37,0.56,0.55,-0.002
2015-11-04,164701,贵金属LOF,0.543,0.544,0.539,0.543,43968.0,2379172.0,-0.18,1.44,0.92,-0.001
2015-11-05,164701,贵金属LOF,0.542,0.544,0.54,0.543,32400.0,1757945.0,0.0,1.06,0.74,0.0
2015-11-06,164701,贵金属LOF,0.543,0.546,0.542,0.545,37191.0,2021206.0,0.37,1.21,0.74,0.002
2015-11-09,164701,贵金属LOF,0.533,0.538,0.532,0.537,73241.0,3920907.0,-1.47,2.39,1.1,-0.008
2015-11-10,164701,贵金属LOF,0.532,0.533,0.529,0.532,120704.0,6408764.0,-0.93,3.94,0.74,-0.005
2015-11-11,164701,贵金属LOF,0.528,0.531,0.528,0.531,129010.0,6826011.0,-0.19,4.21,0.56,-0.001
2015-11-12,164701,贵金属LOF,0.527,0.528,0.522,0.523,237430.0,12469532.0,-1.51,7.75,1.13,-0.008
2015-11-13,164701,贵金属LOF,0.52,0.521,0.515,0.516,160025.0,8276856.0,-1.34,5.22,1.15,-0.007
2015-11-16,164701,贵金属LOF,0.519,0.522,0.519,0.522,163795.0,8530326.0,1.16,5.35,0.58,0.006
2015-11-17,164701,贵金属LOF,0.517,0.518,0.515,0.516,158117.0,8170419.0,-1.15,5.16,0.57,-0.006
2015-11-18,164701,贵金属LOF,0.512,0.515,0.511,0.513,92571.0,4752471.0,-0.58,3.02,0.78,-0.003
2015-11-19,164701,贵金属LOF,0.514,0.516,0.514,0.516,42459.0,2186558.0,0.58,1.39,0.39,0.003
2015-11-20,164701,贵金属LOF,0.517,0.52,0.515,0.518,88172.0,4560346.0,0.39,2.88,0.97,0.002
2015-11-23,164701,贵金属LOF,0.516,0.518,0.514,0.515,46441.0,2393402.0,-0.58,1.52,0.77,-0.003
2015-11-24,164701,贵金属LOF,0.514,0.515,0.512,0.515,49723.0,2553570.0,0.0,1.62,0.58,0.0
2015-11-25,164701,贵金属LOF,0.518,0.519,0.515,0.516,106468.0,5501299.0,0.19,3.47,0.78,0.001
2015-11-26,164701,贵金属LOF,0.514,0.516,0.514,0.515,60730.0,3128430.0,-0.19,1.98,0.39,-0.001
2015-11-27,164701,贵金属LOF,0.514,0.515,0.509,0.509,128711.0,6597549.0,-1.17,4.2,1.17,-0.006
2015-11-30,164701,贵金属LOF,0.506,0.51,0.501,0.504,186965.0,9404779.0,-0.98,6.1,1.77,-0.005
2015-12-01,164701,贵金属LOF,0.506,0.51,0.505,0.509,84378.0,4284036.0,0.99,2.75,0.99,0.005
2015-12-02,164701,贵金属LOF,0.508,0.509,0.506,0.508,39132.0,1984619.0,-0.2,1.28,0.59,-0.001
2015-12-03,164701,贵金属LOF,0.503,0.503,0.5,0.503,110901.0,5564907.0,-0.98,3.62,0.59,-0.005
2015-12-04,164701,贵金属LOF,0.505,0.508,0.505,0.506,78384.0,3965271.0,0.6,2.56,0.6,0.003
2015-12-07,164701,贵金属LOF,0.515,0.519,0.514,0.518,189270.0,9790248.0,2.37,6.18,0.99,0.012
2015-12-08,164701,贵金属LOF,0.512,0.513,0.51,0.512,46928.0,2400060.0,-1.16,1.53,0.58,-0.006
2015-12-09,164701,贵金属LOF,0.511,0.514,0.511,0.513,58687.0,3013899.0,0.2,1.92,0.59,0.001
2015-12-10,164701,贵金属LOF,0.513,0.515,0.513,0.514,33449.0,1718818.0,0.19,1.09,0.39,0.001
2015-12-11,164701,贵金属LOF,0.514,0.514,0.511,0.514,41143.0,2108816.0,0.0,1.34,0.58,0.0
2015-12-14,164701,贵金属LOF,0.515,0.518,0.514,0.515,75432.0,3891426.0,0.19,2.46,0.78,0.001
2015-12-15,164701,贵金属LOF,0.513,0.516,0.512,0.514,88856.0,4563823.0,-0.19,2.9,0.78,-0.001
2015-12-16,164701,贵金属LOF,0.514,0.516,0.514,0.516,33685.0,1733467.0,0.39,1.1,0.39,0.002
2015-12-17,164701,贵金属LOF,0.518,0.519,0.515,0.516,30529.0,1576779.0,0.0,1.0,0.78,0.0
2015-12-18,164701,贵金属LOF,0.513,0.513,0.511,0.513,52761.0,2700890.0,-0.58,1.72,0.39,-0.003
2015-12-21,164701,贵金属LOF,0.514,0.518,0.514,0.518,81030.0,4184224.0,0.97,2.64,0.78,0.005
2015-12-22,164701,贵金属LOF,0.52,0.521,0.519,0.52,53425.0,2778016.0,0.39,1.74,0.39,0.002
2015-12-23,164701,贵金属LOF,0.521,0.522,0.517,0.518,45001.0,2335872.0,-0.38,1.47,0.96,-0.002
2015-12-24,164701,贵金属LOF,0.518,0.519,0.517,0.519,40310.0,2086255.0,0.19,1.32,0.39,0.001
2015-12-25,164701,贵金属LOF,0.519,0.52,0.519,0.52,10474.0,543952.0,0.19,0.34,0.19,0.001
2015-12-28,164701,贵金属LOF,0.519,0.52,0.517,0.517,34264.0,1777191.0,-0.58,1.12,0.58,-0.003
2015-12-29,164701,贵金属LOF,0.516,0.518,0.516,0.518,34891.0,1805446.0,0.19,1.14,0.39,0.001
2015-12-30,164701,贵金属LOF,0.517,0.518,0.517,0.518,14032.0,725693.0,0.0,0.46,0.19,0.0
2015-12-31,164701,贵金属LOF,0.515,0.516,0.514,0.516,63763.0,3283368.0,-0.39,2.08,0.39,-0.002
2016-01-04,164701,贵金属LOF,0.516,0.516,0.515,0.516,35100.0,1809528.0,0.0,1.15,0.19,0.0
2016-01-05,164701,贵金属LOF,0.518,0.523,0.517,0.522,115122.0,5983925.0,1.16,3.76,1.16,0.006
2016-01-06,164701,贵金属LOF,0.522,0.528,0.52,0.525,119348.0,6254023.0,0.57,3.9,1.53,0.003
2016-01-07,164701,贵金属LOF,0.53,0.532,0.529,0.53,39728.0,2105581.0,0.95,1.3,0.57,0.005
2016-01-08,164701,贵金属LOF,0.534,0.538,0.532,0.538,178972.0,9574182.0,1.51,5.84,1.13,0.008
2016-01-11,164701,贵金属LOF,0.538,0.539,0.537,0.538,48447.0,2606393.0,0.0,1.58,0.37,0.0
2016-01-12,164701,贵金属LOF,0.532,0.535,0.532,0.534,54901.0,2928042.0,-0.74,1.79,0.56,-0.004
2016-01-13,164701,贵金属LOF,0.532,0.533,0.53,0.53,28242.0,1499502.0,-0.75,0.92,0.56,-0.004
2016-01-14,164701,贵金属LOF,0.533,0.533,0.53,0.533,45933.0,2439289.0,0.57,1.5,0.57,0.003
2016-01-15,164701,贵金属LOF,0.528,0.528,0.525,0.526,20573.0,1081509.0,-1.31,0.67,0.56,-0.007
2016-01-18,164701,贵金属LOF,0.527,0.532,0.527,0.532,50731.0,2690580.0,1.14,1.66,0.95,0.006
2016-01-19,164701,贵金属LOF,0.53,0.532,0.529,0.532,20545.0,1089842.0,0.0,0.67,0.56,0.0
2016-01-20,164701,贵金属LOF,0.532,0.533,0.53,0.533,19140.0,1017612.0,0.19,0.62,0.56,0.001
2016-01-21,164701,贵金属LOF,0.534,0.54,0.534,0.537,18928.0,1015007.0,0.75,0.62,1.13,0.004
2016-01-22,164701,贵金属LOF,0.536,0.539,0.534,0.536,38299.0,2054796.0,-0.19,1.25,0.93,-0.001
2016-01-25,164701,贵金属LOF,0.535,0.536,0.535,0.536,13630.0,729310.0,0.0,0.44,0.19,0.0
2016-01-26,164701,贵金属LOF,0.536,0.543,0.536,0.542,53008.0,2867684.0,1.12,1.73,1.31,0.006
2016-01-27,164701,贵金属LOF,0.543,0.544,0.54,0.541,38690.0,2100277.0,-0.18,1.26,0.74,-0.001
2016-01-28,164701,贵金属LOF,0.543,0.544,0.54,0.542,31083.0,1685629.0,0.18,1.01,0.74,0.001
2016-01-29,164701,贵金属LOF,0.541,0.541,0.537,0.54,19418.0,1046460.0,-0.37,0.63,0.74,-0.002
2016-02-01,164701,贵金属LOF,0.54,0.55,0.539,0.545,67532.0,3681595.0,0.93,2.2,2.04,0.005
2016-02-02,164701,贵金属LOF,0.547,0.547,0.546,0.547,10080.0,550728.0,0.37,0.33,0.18,0.002
2016-02-03,164701,贵金属LOF,0.548,0.55,0.547,0.549,83543.0,4583135.0,0.37,2.73,0.55,0.002
2016-02-04,164701,贵金属LOF,0.552,0.555,0.551,0.554,45714.0,2530097.0,0.91,1.49,0.73,0.005
2016-02-05,164701,贵金属LOF,0.559,0.563,0.558,0.562,87607.0,4909808.0,1.44,2.86,0.9,0.008
2016-02-15,164701,贵金属LOF,0.589,0.599,0.584,0.585,158122.0,9295198.0,4.09,5.16,2.67,0.023
2016-02-16,164701,贵金属LOF,0.58,0.58,0.573,0.576,94668.0,5448285.0,-1.54,3.09,1.2,-0.009
2016-02-17,164701,贵金属LOF,0.576,0.584,0.576,0.582,119572.0,6933893.0,1.04,3.9,1.39,0.006
2016-02-18,164701,贵金属LOF,0.582,0.583,0.579,0.582,93734.0,5443385.0,0.0,3.06,0.69,0.0
2016-02-19,164701,贵金属LOF,0.588,0.589,0.587,0.588,53299.0,3133029.0,1.03,1.74,0.34,0.006
2016-02-22,164701,贵金属LOF,0.586,0.588,0.583,0.584,78623.0,4602157.0,-0.68,2.57,0.85,-0.004
2016-02-23,164701,贵金属LOF,0.584,0.585,0.581,0.584,23039.0,1344573.0,0.0,0.75,0.68,0.0
2016-02-24,164701,贵金属LOF,0.587,0.589,0.586,0.586,57545.0,3379356.0,0.34,1.88,0.51,0.002
2016-02-25,164701,贵金属LOF,0.588,0.594,0.588,0.593,90446.0,5349311.0,1.19,2.95,1.02,0.007
2016-02-26,164701,贵金属LOF,0.593,0.597,0.592,0.597,56092.0,3337941.0,0.67,1.83,0.84,0.004
2016-02-29,164701,贵金属LOF,0.584,0.593,0.584,0.59,89229.0,5256492.0,-1.17,2.91,1.51,-0.007
2016-03-01,164701,贵金属LOF,0.593,0.604,0.593,0.599,125167.0,7484335.0,1.53,4.09,1.86,0.009
2016-03-02,164701,贵金属LOF,0.593,0.593,0.59,0.591,48884.0,2889222.0,-1.34,1.6,0.5,-0.008
2016-03-03,164701,贵金属LOF,0.595,0.596,0.593,0.596,22068.0,1311698.0,0.85,0.72,0.51,0.005
2016-03-04,164701,贵金属LOF,0.602,0.606,0.602,0.605,42386.0,2561203.0,1.51,1.38,0.67,0.009
2016-03-07,164701,贵金属LOF,0.608,0.609,0.602,0.605,87478.0,5289786.0,0.0,2.86,1.16,0.0
2016-03-08,164701,贵金属LOF,0.608,0.61,0.606,0.609,68683.0,4174919.0,0.66,2.24,0.66,0.004
2016-03-09,164701,贵金属LOF,0.602,0.602,0.595,0.6,108962.0,6518388.0,-1.48,3.56,1.15,-0.009
2016-03-10,164701,贵金属LOF,0.597,0.598,0.596,0.597,27197.0,1623465.0,-0.5,0.89,0.33,-0.003
2016-03-11,164701,贵金属LOF,0.608,0.61,0.605,0.605,84218.0,5109133.0,1.34,2.75,0.84,0.008
2016-03-14,164701,贵金属LOF,0.6,0.6,0.598,0.599,36751.0,2200237.0,-0.99,1.2,0.33,-0.006
2016-03-15,164701,贵金属LOF,0.591,0.591,0.585,0.587,48608.0,2851914.0,-2.0,1.59,1.0,-0.012
2016-03-16,164701,贵金属LOF,0.589,0.591,0.589,0.591,22492.0,1325999.0,0.68,0.73,0.34,0.004
2016-03-17,164701,贵金属LOF,0.599,0.6,0.597,0.598,33456.0,2001628.0,1.18,1.09,0.51,0.007
2016-03-18,164701,贵金属LOF,0.599,0.601,0.598,0.598,40617.0,2435217.0,0.0,1.33,0.5,0.0
2016-03-21,164701,贵金属LOF,0.597,0.597,0.591,0.594,47750.0,2839305.0,-0.67,1.56,1.0,-0.004
2016-03-22,164701,贵金属LOF,0.592,0.596,0.592,0.596,20443.0,1213893.0,0.34,0.67,0.67,0.002
2016-03-23,164701,贵金属LOF,0.595,0.596,0.591,0.593,18602.0,1104700.0,-0.5,0.61,0.84,-0.003
2016-03-24,164701,贵金属LOF,0.59,0.59,0.58,0.583,29193.0,1701491.0,-1.69,0.95,1.69,-0.01
2016-03-25,164701,贵金属LOF,0.582,0.583,0.579,0.582,19040.0,1105901.0,-0.17,0.62,0.69,-0.001
2016-03-28,164701,贵金属LOF,0.58,0.582,0.58,0.582,13223.0,767227.0,0.0,0.43,0.34,0.0
2016-03-29,164701,贵金属LOF,0.582,0.584,0.582,0.584,10986.0,640237.0,0.34,0.36,0.34,0.002
2016-03-30,164701,贵金属LOF,0.592,0.594,0.59,0.592,29543.0,1746247.0,1.37,0.96,0.68,0.008
2016-03-31,164701,贵金属LOF,0.586,0.588,0.585,0.587,13053.0,765861.0,-0.84,0.43,0.51,-0.005
2016-04-01,164701,贵金属LOF,0.588,0.589,0.587,0.588,4307.0,253149.0,0.17,0.14,0.34,0.001
2016-04-05,164701,贵金属LOF,0.588,0.588,0.584,0.587,20595.0,1205989.0,-0.17,0.67,0.68,-0.001
2016-04-06,164701,贵金属LOF,0.587,0.594,0.587,0.587,26540.0,1566320.0,0.0,0.87,1.19,0.0
2016-04-07,164701,贵金属LOF,0.587,0.588,0.586,0.588,12247.0,718837.0,0.17,0.4,0.34,0.001
2016-04-08,164701,贵金属LOF,0.592,0.592,0.59,0.591,33915.0,2004081.0,0.51,1.11,0.34,0.003
2016-04-11,164701,贵金属LOF,0.594,0.596,0.594,0.595,27669.0,1646778.0,0.68,0.9,0.34,0.004
2016-04-12,164701,贵金属LOF,0.597,0.598,0.596,0.598,15607.0,932148.0,0.5,0.51,0.34,0.003
2016-04-13,164701,贵金属LOF,0.597,0.598,0.595,0.596,35283.0,2103661.0,-0.33,1.15,0.5,-0.002
2016-04-14,164701,贵金属LOF,0.59,0.592,0.589,0.591,32509.0,1919329.0,-0.84,1.06,0.5,-0.005
2016-04-15,164701,贵金属LOF,0.588,0.59,0.586,0.59,25082.0,1476966.0,-0.17,0.82,0.68,-0.001
2016-04-18,164701,贵金属LOF,0.59,0.592,0.589,0.589,23713.0,1399564.0,-0.17,0.77,0.51,-0.001
2016-04-19,164701,贵金属LOF,0.587,0.591,0.587,0.591,30729.0,1810303.0,0.34,1.0,0.68,0.002
2016-04-20,164701,贵金属LOF,0.596,0.597,0.592,0.594,48319.0,2875393.0,0.51,1.58,0.85,0.003
2016-04-21,164701,贵金属LOF,0.595,0.6,0.593,0.599,45175.0,2695701.0,0.84,1.47,1.18,0.005
2016-04-22,164701,贵金属LOF,0.597,0.598,0.594,0.597,27126.0,1616722.0,-0.33,0.89,0.67,-0.002
2016-04-25,164701,贵金属LOF,0.594,0.594,0.59,0.592,22124.0,1307907.0,-0.84,0.72,0.67,-0.005
2016-04-26,164701,贵金属LOF,0.592,0.594,0.589,0.589,11068.0,654472.0,-0.51,0.36,0.84,-0.003
2016-04-27,164701,贵金属LOF,0.594,0.597,0.594,0.597,25160.0,1498430.0,1.36,0.82,0.51,0.008
2016-04-28,164701,贵金属LOF,0.595,0.599,0.593,0.599,26039.0,1553351.0,0.34,0.85,1.01,0.002
2016-04-29,164701,贵金属LOF,0.604,0.607,0.604,0.606,34453.0,2088821.0,1.17,1.12,0.5,0.007
2016-05-03,164701,贵金属LOF,0.614,0.616,0.611,0.614,34884.0,2139255.0,1.32,1.14,0.83,0.008
2016-05-04,164701,贵金属LOF,0.609,0.613,0.609,0.612,27498.0,1681056.0,-0.33,0.9,0.65,-0.002
2016-05-05,164701,贵金属LOF,0.61,0.615,0.61,0.612,21494.0,1316511.0,0.0,0.7,0.82,0.0
2016-05-06,164701,贵金属LOF,0.613,0.613,0.611,0.611,12467.0,762905.0,-0.16,0.41,0.33,-0.001
2016-05-09,164701,贵金属LOF,0.612,0.618,0.611,0.613,18603.0,1142500.0,0.33,0.61,1.15,0.002
2016-05-10,164701,贵金属LOF,0.61,0.61,0.605,0.608,6650.0,403112.0,-0.82,0.22,0.82,-0.005
2016-05-11,164701,贵金属LOF,0.608,0.614,0.608,0.614,6353.0,387126.0,0.99,0.21,0.99,0.006
2016-05-12,164701,贵金属LOF,0.615,0.615,0.611,0.614,12091.0,741080.0,0.0,0.39,0.65,0.0
2016-05-13,164701,贵金属LOF,0.61,0.615,0.61,0.614,11703.0,717083.0,0.0,0.38,0.81,0.0
2016-05-16,164701,贵金属LOF,0.615,0.616,0.612,0.615,10815.0,664512.0,0.16,0.35,0.65,0.001
2016-05-17,164701,贵金属LOF,0.615,0.618,0.613,0.615,13977.0,860313.0,0.0,0.46,0.81,0.0
2016-05-18,164701,贵金属LOF,0.615,0.617,0.611,0.613,13288.0,815308.0,-0.33,0.43,0.98,-0.002
2016-05-19,164701,贵金属LOF,0.604,0.609,0.604,0.604,13816.0,836297.0,-1.47,0.45,0.82,-0.009
2016-05-20,164701,贵金属LOF,0.605,0.607,0.602,0.602,8688.0,525180.0,-0.33,0.28,0.83,-0.002
2016-05-23,164701,贵金属LOF,0.602,0.604,0.601,0.602,9554.0,575128.0,0.0,0.31,0.5,0.0
2016-05-24,164701,贵金属LOF,0.6,0.602,0.596,0.598,6496.0,388782.0,-0.66,0.21,1.0,-0.004
2016-05-25,164701,贵金属LOF,0.59,0.594,0.59,0.591,16032.0,948528.0,-1.17,0.52,0.67,-0.007
2016-05-26,164701,贵金属LOF,0.605,0.605,0.593,0.593,3736.0,222395.0,0.34,0.12,2.03,0.002
2016-05-27,164701,贵金属LOF,0.591,0.591,0.587,0.59,12912.0,760182.0,-0.51,0.42,0.67,-0.003
2016-05-30,164701,贵金属LOF,0.587,0.587,0.582,0.584,4592.0,267777.0,-1.02,0.15,0.85,-0.006
2016-05-31,164701,贵金属LOF,0.584,0.589,0.584,0.587,6730.0,394363.0,0.51,0.22,0.86,0.003
2016-06-01,164701,贵金属LOF,0.588,0.59,0.586,0.589,2832.0,166737.0,0.34,0.09,0.68,0.002
2016-06-02,164701,贵金属LOF,0.588,0.588,0.587,0.588,2478.0,145679.0,-0.17,0.08,0.17,-0.001
2016-06-03,164701,贵金属LOF,0.585,0.588,0.584,0.588,5401.0,316146.0,0.0,0.18,0.68,0.0
2016-06-06,164701,贵金属LOF,0.601,0.602,0.596,0.597,10629.0,637574.0,1.53,0.35,1.02,0.009
2016-06-07,164701,贵金属LOF,0.601,0.601,0.599,0.6,10032.0,601611.0,0.5,0.33,0.34,0.003
2016-06-08,164701,贵金属LOF,0.601,0.605,0.599,0.603,10270.0,617981.0,0.5,0.34,1.0,0.003
2016-06-13,164701,贵金属LOF,0.611,0.618,0.611,0.617,42977.0,2637620.0,2.32,1.4,1.16,0.014
2016-06-14,164701,贵金属LOF,0.617,0.619,0.615,0.617,39716.0,2453337.0,0.0,1.3,0.65,0.0
2016-06-15,164701,贵金属LOF,0.619,0.621,0.619,0.62,14694.0,910830.0,0.49,0.48,0.32,0.003
2016-06-16,164701,贵金属LOF,0.623,0.633,0.623,0.632,64303.0,4041672.0,1.94,2.1,1.61,0.012
2016-06-17,164701,贵金属LOF,0.62,0.622,0.618,0.62,23946.0,1483945.0,-1.9,0.78,0.63,-0.012
2016-06-20,164701,贵金属LOF,0.623,0.623,0.619,0.621,19345.0,1201681.0,0.16,0.63,0.65,0.001
2016-06-21,164701,贵金属LOF,0.622,0.622,0.56,0.619,40458.0,2493860.0,-0.32,1.32,9.98,-0.002
2016-06-22,164701,贵金属LOF,0.615,0.618,0.611,0.612,18067.0,1107856.0,-1.13,0.59,1.13,-0.007
2016-06-23,164701,贵金属LOF,0.613,0.615,0.61,0.614,8313.0,509538.0,0.33,0.27,0.82,0.002
2016-06-24,164701,贵金属LOF,0.619,0.66,0.614,0.639,228898.0,14615276.0,4.07,7.47,7.49,0.025
2016-06-27,164701,贵金属LOF,0.644,0.648,0.642,0.644,78658.0,5068737.0,0.78,2.57,0.94,0.005
2016-06-28,164701,贵金属LOF,0.643,0.643,0.637,0.639,41676.0,2669972.0,-0.78,1.36,0.93,-0.005
2016-06-29,164701,贵金属LOF,0.628,0.647,0.628,0.64,77840.0,4996861.0,0.16,2.54,2.97,0.001
2016-06-30,164701,贵金属LOF,0.635,0.64,0.634,0.64,27991.0,1784250.0,0.0,0.91,0.94,0.0
2016-07-01,164701,贵金属LOF,0.641,0.649,0.641,0.646,58383.0,3770344.0,0.94,1.91,1.25,0.006
2016-07-04,164701,贵金属LOF,0.653,0.662,0.652,0.656,41059.0,2690047.0,1.55,1.34,1.55,0.01
2016-07-05,164701,贵金属LOF,0.658,0.658,0.653,0.654,15160.0,992129.0,-0.3,0.49,0.76,-0.002
2016-07-06,164701,贵金属LOF,0.663,0.669,0.662,0.665,46042.0,3065820.0,1.68,1.5,1.07,0.011
2016-07-07,164701,贵金属LOF,0.664,0.673,0.664,0.666,73343.0,4906739.0,0.15,2.39,1.35,0.001
2016-07-08,164701,贵金属LOF,0.663,0.666,0.659,0.663,42577.0,2818591.0,-0.45,1.39,1.05,-0.003
2016-07-11,164701,贵金属LOF,0.666,0.675,0.665,0.668,57763.0,3870109.0,0.75,1.89,1.51,0.005
2016-07-12,164701,贵金属LOF,0.666,0.667,0.661,0.664,41581.0,2760964.0,-0.6,1.36,0.9,-0.004
2016-07-13,164701,贵金属LOF,0.656,0.66,0.653,0.657,46259.0,3036932.0,-1.05,1.51,1.05,-0.007
2016-07-14,164701,贵金属LOF,0.658,0.659,0.65,0.652,51027.0,3334391.0,-0.76,1.67,1.37,-0.005
2016-07-15,164701,贵金属LOF,0.65,0.653,0.647,0.653,33921.0,2202703.0,0.15,1.11,0.92,0.001
2016-07-18,164701,贵金属LOF,0.648,0.653,0.648,0.653,15565.0,1013855.0,0.0,0.51,0.77,0.0
2016-07-19,164701,贵金属LOF,0.652,0.654,0.65,0.651,26575.0,1731860.0,-0.31,0.87,0.61,-0.002
2016-07-20,164701,贵金属LOF,0.651,0.653,0.65,0.651,22100.0,1440136.0,0.0,0.72,0.46,0.0
2016-07-21,164701,贵金属LOF,0.649,0.649,0.642,0.643,26323.0,1695499.0,-1.23,0.86,1.08,-0.008
2016-07-22,164701,贵金属LOF,0.65,0.65,0.645,0.648,25532.0,1651874.0,0.78,0.83,0.78,0.005
2016-07-25,164701,贵金属LOF,0.645,0.646,0.644,0.645,17269.0,1114651.0,-0.46,0.56,0.31,-0.003
2016-07-26,164701,贵金属LOF,0.646,0.647,0.643,0.644,10946.0,704741.0,-0.16,0.36,0.62,-0.001
2016-07-27,164701,贵金属LOF,0.644,0.646,0.643,0.643,9628.0,619857.0,-0.16,0.31,0.47,-0.001
2016-07-28,164701,贵金属LOF,0.651,0.653,0.649,0.651,31296.0,2036347.0,1.24,1.02,0.62,0.008
2016-07-29,164701,贵金属LOF,0.651,0.652,0.649,0.649,8975.0,583681.0,-0.31,0.29,0.46,-0.002
2016-08-01,164701,贵金属LOF,0.656,0.656,0.655,0.656,15038.0,985615.0,1.08,0.49,0.15,0.007
2016-08-02,164701,贵金属LOF,0.656,0.657,0.655,0.656,7952.0,521739.0,0.0,0.26,0.3,0.0
2016-08-03,164701,贵金属LOF,0.659,0.661,0.655,0.659,39485.0,2601312.0,0.46,1.29,0.91,0.003
2016-08-04,164701,贵金属LOF,0.658,0.66,0.656,0.657,8700.0,572549.0,-0.3,0.28,0.61,-0.002
2016-08-05,164701,贵金属LOF,0.658,0.661,0.655,0.661,20546.0,1352913.0,0.61,0.67,0.91,0.004
2016-08-08,164701,贵金属LOF,0.657,0.657,0.647,0.648,9777.0,635469.0,-1.97,0.32,1.51,-0.013
2016-08-09,164701,贵金属LOF,0.648,0.651,0.648,0.65,14707.0,955539.0,0.31,0.48,0.46,0.002
2016-08-10,164701,贵金属LOF,0.652,0.657,0.652,0.655,37863.0,2479800.0,0.77,1.24,0.77,0.005
2016-08-11,164701,贵金属LOF,0.653,0.653,0.647,0.65,9963.0,648336.0,-0.76,0.33,0.92,-0.005
2016-08-12,164701,贵金属LOF,0.65,0.651,0.648,0.651,2893.0,188163.0,0.15,0.09,0.46,0.001
2016-08-15,164701,贵金属LOF,0.65,0.65,0.648,0.649,10200.0,661743.0,-0.31,0.33,0.31,-0.002
2016-08-16,164701,贵金属LOF,0.65,0.652,0.649,0.652,10704.0,696475.0,0.46,0.35,0.46,0.003
2016-08-17,164701,贵金属LOF,0.653,0.653,0.65,0.65,2392.0,155616.0,-0.31,0.08,0.46,-0.002
2016-08-18,164701,贵金属LOF,0.651,0.654,0.651,0.653,5446.0,355353.0,0.46,0.18,0.46,0.003
2016-08-19,164701,贵金属LOF,0.652,0.652,0.65,0.652,5843.0,380430.0,-0.15,0.19,0.31,-0.001
2016-08-22,164701,贵金属LOF,0.65,0.65,0.647,0.647,14447.0,934953.0,-0.77,0.47,0.46,-0.005
2016-08-23,164701,贵金属LOF,0.648,0.651,0.648,0.65,12985.0,842100.0,0.46,0.42,0.46,0.003
2016-08-24,164701,贵金属LOF,0.649,0.649,0.647,0.648,1990.0,129095.0,-0.31,0.06,0.31,-0.002
2016-08-25,164701,贵金属LOF,0.645,0.646,0.644,0.645,1860.0,119931.0,-0.46,0.06,0.31,-0.003
2016-08-26,164701,贵金属LOF,0.644,0.645,0.642,0.645,4091.0,263234.0,0.0,0.13,0.47,0.0
2016-08-29,164701,贵金属LOF,0.644,0.644,0.642,0.644,1323.0,85078.0,-0.16,0.04,0.31,-0.001
2016-08-30,164701,贵金属LOF,0.646,0.646,0.645,0.645,4811.0,310546.0,0.16,0.16,0.16,0.001
2016-08-31,164701,贵金属LOF,0.644,0.644,0.642,0.642,4615.0,296739.0,-0.47,0.15,0.31,-0.003
2016-09-01,164701,贵金属LOF,0.642,0.642,0.637,0.637,3565.0,227967.0,-0.78,0.12,0.78,-0.005
2016-09-02,164701,贵金属LOF,0.64,0.641,0.637,0.639,1001.0,64021.0,0.31,0.03,0.63,0.002
2016-09-05,164701,贵金属LOF,0.642,0.644,0.642,0.644,3881.0,249523.0,0.78,0.13,0.31,0.005
2016-09-06,164701,贵金属LOF,0.645,0.645,0.644,0.644,9631.0,620875.0,0.0,0.31,0.16,0.0
2016-09-07,164701,贵金属LOF,0.652,0.653,0.651,0.652,21673.0,1412584.0,1.24,0.71,0.31,0.008
2016-09-08,164701,贵金属LOF,0.652,0.653,0.651,0.653,7650.0,498883.0,0.15,0.25,0.31,0.001
2016-09-09,164701,贵金属LOF,0.651,0.651,0.649,0.649,8858.0,575571.0,-0.61,0.29,0.31,-0.004
2016-09-12,164701,贵金属LOF,0.647,0.647,0.641,0.646,17589.0,1132682.0,-0.46,0.57,0.92,-0.003
2016-09-13,164701,贵金属LOF,0.646,0.648,0.644,0.646,8813.0,568937.0,0.0,0.29,0.62,0.0
2016-09-14,164701,贵金属LOF,0.645,0.645,0.64,0.644,6370.0,409307.0,-0.31,0.21,0.77,-0.002
2016-09-19,164701,贵金属LOF,0.643,0.643,0.64,0.641,11470.0,735831.0,-0.47,0.37,0.47,-0.003
2016-09-20,164701,贵金属LOF,0.642,0.643,0.641,0.642,5621.0,360616.0,0.16,0.18,0.31,0.001
2016-09-21,164701,贵金属LOF,0.642,0.644,0.64,0.644,7980.0,512191.0,0.31,0.26,0.62,0.002
2016-09-22,164701,贵金属LOF,0.647,0.651,0.644,0.645,8094.0,523372.0,0.16,0.26,1.09,0.001
2016-09-23,164701,贵金属LOF,0.646,0.646,0.645,0.646,11666.0,752624.0,0.16,0.38,0.16,0.001
2016-09-26,164701,贵金属LOF,0.646,0.648,0.646,0.647,9601.0,620838.0,0.15,0.31,0.31,0.001
2016-09-27,164701,贵金属LOF,0.647,0.648,0.645,0.646,2931.0,189446.0,-0.15,0.1,0.46,-0.001
2016-09-28,164701,贵金属LOF,0.643,0.645,0.643,0.644,2621.0,168640.0,-0.31,0.09,0.31,-0.002
2016-09-29,164701,贵金属LOF,0.644,0.644,0.642,0.644,3245.0,208600.0,0.0,0.11,0.31,0.0
2016-09-30,164701,贵金属LOF,0.644,0.645,0.641,0.645,8130.0,522901.0,0.16,0.27,0.62,0.001
2016-10-10,164701,贵金属LOF,0.627,0.627,0.615,0.624,8184.0,509238.0,-3.26,0.27,1.86,-0.021
2016-10-11,164701,贵金属LOF,0.624,0.628,0.621,0.625,5338.0,333166.0,0.16,0.17,1.12,0.001
2016-10-12,164701,贵金属LOF,0.623,0.624,0.621,0.622,10712.0,666511.0,-0.48,0.35,0.48,-0.003
2016-10-13,164701,贵金属LOF,0.621,0.626,0.621,0.623,11964.0,744443.0,0.16,0.39,0.8,0.001
2016-10-14,164701,贵金属LOF,0.623,0.623,0.618,0.619,5002.0,310038.0,-0.64,0.16,0.8,-0.004
2016-10-17,164701,贵金属LOF,0.617,0.62,0.616,0.617,17668.0,1090131.0,-0.32,0.58,0.65,-0.002
2016-10-18,164701,贵金属LOF,0.618,0.62,0.618,0.62,9209.0,570261.0,0.49,0.3,0.32,0.003
2016-10-19,164701,贵金属LOF,0.62,0.622,0.62,0.622,9692.0,602469.0,0.32,0.32,0.32,0.002
2016-10-20,164701,贵金属LOF,0.623,0.625,0.623,0.624,9631.0,600823.0,0.32,0.31,0.32,0.002
2016-10-21,164701,贵金属LOF,0.623,0.623,0.622,0.622,5161.0,321281.0,-0.32,0.17,0.16,-0.002
2016-10-24,164701,贵金属LOF,0.622,0.623,0.622,0.623,8611.0,536163.0,0.16,0.28,0.16,0.001
2016-10-25,164701,贵金属LOF,0.623,0.625,0.622,0.625,7126.0,444093.0,0.32,0.23,0.48,0.002
2016-10-26,164701,贵金属LOF,0.626,0.628,0.626,0.628,13989.0,877663.0,0.48,0.46,0.32,0.003
2016-10-27,164701,贵金属LOF,0.626,0.626,0.625,0.626,9944.0,621974.0,-0.32,0.32,0.16,-0.002
2016-10-28,164701,贵金属LOF,0.628,0.628,0.625,0.626,11560.0,723542.0,0.0,0.38,0.48,0.0
2016-10-31,164701,贵金属LOF,0.628,0.63,0.627,0.629,4864.0,306057.0,0.48,0.16,0.48,0.003
2016-11-01,164701,贵金属LOF,0.629,0.63,0.628,0.629,3353.0,210822.0,0.0,0.11,0.32,0.0
2016-11-02,164701,贵金属LOF,0.632,0.636,0.632,0.636,18272.0,1158226.0,1.11,0.6,0.64,0.007
2016-11-03,164701,贵金属LOF,0.639,0.64,0.636,0.638,14656.0,935042.0,0.31,0.48,0.63,0.002
2016-11-04,164701,贵金属LOF,0.639,0.639,0.635,0.636,4407.0,280689.0,-0.31,0.14,0.63,-0.002
2016-11-07,164701,贵金属LOF,0.636,0.636,0.63,0.631,5991.0,379819.0,-0.79,0.2,0.94,-0.005
2016-11-08,164701,贵金属LOF,0.631,0.632,0.63,0.632,8697.0,548708.0,0.16,0.28,0.32,0.001
2016-11-09,164701,贵金属LOF,0.629,0.657,0.629,0.65,70659.0,4557149.0,2.85,2.31,4.43,0.018
2016-11-10,164701,贵金属LOF,0.638,0.638,0.621,0.635,39298.0,2489070.0,-2.31,1.28,2.62,-0.015
2016-11-11,164701,贵金属LOF,0.629,0.632,0.625,0.631,14832.0,931658.0,-0.63,0.48,1.1,-0.004
2016-11-14,164701,贵金属LOF,0.623,0.623,0.613,0.613,42914.0,2641846.0,-2.85,1.4,1.58,-0.018
2016-11-15,164701,贵金属LOF,0.614,0.618,0.614,0.617,16007.0,986206.0,0.65,0.52,0.65,0.004
2016-11-16,164701,贵金属LOF,0.619,0.619,0.616,0.617,15529.0,958937.0,0.0,0.51,0.49,0.0
2016-11-17,164701,贵金属LOF,0.617,0.618,0.616,0.617,6184.0,381680.0,0.0,0.2,0.32,0.0
2016-11-18,164701,贵金属LOF,0.617,0.618,0.613,0.615,7768.0,477533.0,-0.32,0.25,0.81,-0.002
2016-11-21,164701,贵金属LOF,0.616,0.618,0.616,0.618,6958.0,429032.0,0.49,0.23,0.33,0.003
2016-11-22,164701,贵金属LOF,0.619,0.623,0.619,0.622,9243.0,574421.0,0.65,0.3,0.65,0.004
2016-11-23,164701,贵金属LOF,0.62,0.622,0.619,0.619,9211.0,571448.0,-0.48,0.3,0.48,-0.003
2016-11-24,164701,贵金属LOF,0.615,0.615,0.609,0.61,26778.0,1635979.0,-1.45,0.87,0.97,-0.009
2016-11-25,164701,贵金属LOF,0.607,0.607,0.602,0.603,29894.0,1806921.0,-1.15,0.98,0.82,-0.007
2016-11-28,164701,贵金属LOF,0.605,0.606,0.604,0.604,17429.0,1054470.0,0.17,0.57,0.33,0.001
2016-11-29,164701,贵金属LOF,0.605,0.605,0.601,0.601,12723.0,766075.0,-0.5,0.42,0.66,-0.003
2016-11-30,164701,贵金属LOF,0.599,0.599,0.597,0.597,20731.0,1239776.0,-0.67,0.68,0.33,-0.004
2016-12-01,164701,贵金属LOF,0.593,0.593,0.59,0.593,40462.0,2392605.0,-0.67,1.32,0.5,-0.004
2016-12-02,164701,贵金属LOF,0.593,0.594,0.592,0.593,21565.0,1278816.0,0.0,0.7,0.34,0.0
2016-12-05,164701,贵金属LOF,0.593,0.593,0.589,0.59,12986.0,767372.0,-0.51,0.42,0.67,-0.003
2016-12-06,164701,贵金属LOF,0.59,0.59,0.588,0.589,16531.0,973440.0,-0.17,0.54,0.34,-0.001
2016-12-07,164701,贵金属LOF,0.587,0.589,0.586,0.589,6228.0,366098.0,0.0,0.2,0.51,0.0
2016-12-08,164701,贵金属LOF,0.59,0.595,0.59,0.594,23268.0,1379020.0,0.85,0.76,0.85,0.005
2016-12-09,164701,贵金属LOF,0.593,0.593,0.588,0.592,35499.0,2097154.0,-0.34,1.16,0.84,-0.002
2016-12-12,164701,贵金属LOF,0.589,0.589,0.587,0.587,19648.0,1155362.0,-0.84,0.64,0.34,-0.005
2016-12-13,164701,贵金属LOF,0.588,0.593,0.587,0.59,26349.0,1556363.0,0.51,0.86,1.02,0.003
2016-12-14,164701,贵金属LOF,0.588,0.598,0.587,0.597,60351.0,3566534.0,1.19,1.97,1.86,0.007
2016-12-15,164701,贵金属LOF,0.586,0.59,0.585,0.588,21259.0,1248988.0,-1.51,0.69,0.84,-0.009
2016-12-16,164701,贵金属LOF,0.586,0.587,0.584,0.585,21218.0,1242452.0,-0.51,0.69,0.51,-0.003
2016-12-19,164701,贵金属LOF,0.585,0.586,0.578,0.579,43641.0,2536390.0,-1.03,1.42,1.37,-0.006
2016-12-20,164701,贵金属LOF,0.576,0.578,0.575,0.575,30450.0,1755652.0,-0.69,0.99,0.52,-0.004
2016-12-21,164701,贵金属LOF,0.575,0.576,0.573,0.576,35289.0,2028130.0,0.17,1.15,0.52,0.001
2016-12-22,164701,贵金属LOF,0.575,0.575,0.57,0.571,25145.0,1436949.0,-0.87,0.82,0.87,-0.005
2016-12-23,164701,贵金属LOF,0.571,0.573,0.571,0.572,27892.0,1595977.0,0.18,0.91,0.35,0.001
2016-12-26,164701,贵金属LOF,0.573,0.573,0.57,0.572,39339.0,2247157.0,0.0,1.28,0.52,0.0
2016-12-27,164701,贵金属LOF,0.572,0.574,0.57,0.573,46953.0,2688248.0,0.17,1.53,0.7,0.001
2016-12-28,164701,贵金属LOF,0.574,0.577,0.574,0.577,21319.0,1226049.0,0.7,0.7,0.52,0.004
2016-12-29,164701,贵金属LOF,0.578,0.58,0.577,0.58,47467.0,2748855.0,0.52,1.55,0.52,0.003
2016-12-30,164701,贵金属LOF,0.584,0.586,0.582,0.584,45817.0,2675489.0,0.69,1.5,0.69,0.004
2017-01-03,164701,贵金属LOF,0.584,0.584,0.582,0.582,18464.0,1075425.0,-0.34,0.6,0.34,-0.002
2017-01-04,164701,贵金属LOF,0.582,0.585,0.582,0.584,7947.0,463961.0,0.34,0.26,0.52,0.002
2017-01-05,164701,贵金属LOF,0.586,0.588,0.585,0.587,35839.0,2101656.0,0.51,1.17,0.51,0.003
2017-01-06,164701,贵金属LOF,0.587,0.59,0.587,0.587,17880.0,1051177.0,0.0,0.58,0.51,0.0
2017-01-09,164701,贵金属LOF,0.587,0.59,0.587,0.588,12836.0,755695.0,0.17,0.42,0.51,0.001
2017-01-10,164701,贵金属LOF,0.591,0.592,0.589,0.591,22752.0,1344182.0,0.51,0.74,0.51,0.003
2017-01-11,164701,贵金属LOF,0.593,0.594,0.59,0.592,44623.0,2641805.0,0.17,1.46,0.68,0.001
2017-01-12,164701,贵金属LOF,0.593,0.597,0.593,0.597,49771.0,2962948.0,0.84,1.62,0.68,0.005
2017-01-13,164701,贵金属LOF,0.596,0.596,0.592,0.594,20884.0,1240398.0,-0.5,0.68,0.67,-0.003
2017-01-16,164701,贵金属LOF,0.595,0.6,0.595,0.6,61097.0,3655785.0,1.01,1.99,0.84,0.006
2017-01-17,164701,贵金属LOF,0.6,0.602,0.595,0.601,38570.0,2311402.0,0.17,1.26,1.17,0.001
2017-01-18,164701,贵金属LOF,0.601,0.602,0.597,0.598,17463.0,1045974.0,-0.5,0.57,0.83,-0.003
2017-01-19,164701,贵金属LOF,0.596,0.596,0.593,0.594,28012.0,1664844.0,-0.67,0.91,0.5,-0.004
2017-01-20,164701,贵金属LOF,0.595,0.599,0.595,0.598,18732.0,1118961.0,0.67,0.61,0.67,0.004
2017-01-23,164701,贵金属LOF,0.6,0.602,0.6,0.6,5966.0,358419.0,0.33,0.19,0.33,0.002
2017-01-24,164701,贵金属LOF,0.601,0.604,0.601,0.604,14857.0,895449.0,0.67,0.48,0.5,0.004
2017-01-25,164701,贵金属LOF,0.602,0.602,0.598,0.598,15518.0,929390.0,-0.99,0.51,0.66,-0.006
2017-01-26,164701,贵金属LOF,0.597,0.597,0.595,0.596,5760.0,343415.0,-0.33,0.19,0.33,-0.002
2017-02-03,164701,贵金属LOF,0.6,0.603,0.599,0.599,15926.0,956855.0,0.5,0.52,0.67,0.003
2017-02-06,164701,贵金属LOF,0.602,0.605,0.602,0.605,15100.0,911533.0,1.0,0.49,0.5,0.006
2017-02-07,164701,贵金属LOF,0.608,0.611,0.608,0.61,20236.0,1233795.0,0.83,0.66,0.5,0.005
2017-02-08,164701,贵金属LOF,0.611,0.613,0.609,0.61,40228.0,2457354.0,0.0,1.31,0.66,0.0
2017-02-09,164701,贵金属LOF,0.612,0.615,0.612,0.614,11111.0,682019.0,0.66,0.36,0.49,0.004
2017-02-10,164701,贵金属LOF,0.611,0.611,0.607,0.608,17514.0,1065336.0,-0.98,0.57,0.65,-0.006
2017-02-13,164701,贵金属LOF,0.609,0.611,0.609,0.611,27787.0,1695418.0,0.49,0.91,0.33,0.003
2017-02-14,164701,贵金属LOF,0.609,0.61,0.606,0.61,43950.0,2670418.0,-0.16,1.43,0.65,-0.001
2017-02-15,164701,贵金属LOF,0.609,0.609,0.608,0.608,8408.0,511501.0,-0.33,0.27,0.16,-0.002
2017-02-16,164701,贵金属LOF,0.61,0.611,0.61,0.61,9066.0,553434.0,0.33,0.3,0.16,0.002
2017-02-17,164701,贵金属LOF,0.611,0.613,0.61,0.612,7227.0,441789.0,0.33,0.24,0.49,0.002
2017-02-20,164701,贵金属LOF,0.611,0.612,0.609,0.611,5973.0,364461.0,-0.16,0.19,0.49,-0.001
2017-02-21,164701,贵金属LOF,0.61,0.612,0.61,0.612,15092.0,922234.0,0.16,0.49,0.33,0.001
2017-02-22,164701,贵金属LOF,0.612,0.614,0.611,0.611,10839.0,663090.0,-0.16,0.35,0.49,-0.001
2017-02-23,164701,贵金属LOF,0.613,0.613,0.611,0.611,8453.0,516877.0,0.0,0.28,0.33,0.0
2017-02-24,164701,贵金属LOF,0.615,0.618,0.614,0.618,30319.0,1866529.0,1.15,0.99,0.65,0.007
2017-02-27,164701,贵金属LOF,0.62,0.624,0.62,0.622,23195.0,1442310.0,0.65,0.76,0.65,0.004
2017-02-28,164701,贵金属LOF,0.621,0.621,0.617,0.619,13959.0,863103.0,-0.48,0.46,0.64,-0.003
2017-03-01,164701,贵金属LOF,0.618,0.618,0.613,0.615,34103.0,2095025.0,-0.65,1.11,0.81,-0.004
2017-03-02,164701,贵金属LOF,0.616,0.618,0.616,0.617,15080.0,930649.0,0.33,0.49,0.33,0.002
2017-03-03,164701,贵金属LOF,0.613,0.613,0.609,0.61,51965.0,3169898.0,-1.13,1.7,0.65,-0.007
2017-03-06,164701,贵金属LOF,0.61,0.613,0.61,0.611,15167.0,927554.0,0.16,0.5,0.49,0.001
2017-03-07,164701,贵金属LOF,0.61,0.61,0.608,0.609,19861.0,1208447.0,-0.33,0.65,0.33,-0.002
2017-03-08,164701,贵金属LOF,0.607,0.607,0.606,0.607,1805.0,109505.0,-0.33,0.06,0.16,-0.002
2017-03-09,164701,贵金属LOF,0.605,0.605,0.601,0.602,8402.0,506515.0,-0.82,0.27,0.66,-0.005
2017-03-10,164701,贵金属LOF,0.6,0.602,0.599,0.601,7406.0,444732.0,-0.17,0.24,0.5,-0.001
2017-03-13,164701,贵金属LOF,0.603,0.604,0.601,0.604,19303.0,1163078.0,0.5,0.63,0.5,0.003
2017-03-14,164701,贵金属LOF,0.603,0.604,0.601,0.602,3488.0,210063.0,-0.33,0.11,0.5,-0.002
2017-03-15,164701,贵金属LOF,0.601,0.604,0.6,0.604,6113.0,367876.0,0.33,0.2,0.66,0.002
2017-03-16,164701,贵金属LOF,0.608,0.611,0.608,0.611,21861.0,1332375.0,1.16,0.71,0.5,0.007
2017-03-17,164701,贵金属LOF,0.61,0.611,0.608,0.61,10012.0,610492.0,-0.16,0.33,0.49,-0.001
2017-03-20,164701,贵金属LOF,0.611,0.614,0.611,0.614,16215.0,993183.0,0.66,0.53,0.49,0.004
2017-03-21,164701,贵金属LOF,0.614,0.614,0.611,0.611,10767.0,658758.0,-0.49,0.35,0.49,-0.003
2017-03-22,164701,贵金属LOF,0.616,0.619,0.616,0.618,12757.0,787869.0,1.15,0.42,0.49,0.007
2017-03-23,164701,贵金属LOF,0.619,0.619,0.617,0.619,11938.0,737648.0,0.16,0.39,0.32,0.001
2017-03-24,164701,贵金属LOF,0.619,0.619,0.617,0.618,3103.0,191703.0,-0.16,0.1,0.32,-0.001
2017-03-27,164701,贵金属LOF,0.62,0.626,0.62,0.624,31762.0,1978654.0,0.97,1.04,0.97,0.006
2017-03-28,164701,贵金属LOF,0.624,0.624,0.621,0.622,5260.0,327327.0,-0.32,0.17,0.48,-0.002
2017-03-29,164701,贵金属LOF,0.621,0.622,0.62,0.621,15222.0,945059.0,-0.16,0.5,0.32,-0.001
2017-03-30,164701,贵金属LOF,0.621,0.621,0.618,0.62,9994.0,619138.0,-0.16,0.33,0.48,-0.001
2017-03-31,164701,贵金属LOF,0.619,0.619,0.616,0.618,2449.0,151228.0,-0.32,0.08,0.48,-0.002
2017-04-05,164701,贵金属LOF,0.619,0.624,0.619,0.622,16407.0,1019451.0,0.65,0.54,0.81,0.004
2017-04-06,164701,贵金属LOF,0.622,0.623,0.621,0.621,5027.0,312403.0,-0.16,0.16,0.32,-0.001
2017-04-07,164701,贵金属LOF,0.622,0.629,0.622,0.626,42411.0,2658505.0,0.81,1.38,1.13,0.005
2017-04-10,164701,贵金属LOF,0.626,0.626,0.619,0.622,22567.0,1400067.0,-0.64,0.74,1.12,-0.004
2017-04-11,164701,贵金属LOF,0.622,0.624,0.621,0.623,10751.0,669388.0,0.16,0.35,0.48,0.001
2017-04-12,164701,贵金属LOF,0.631,0.632,0.628,0.629,27771.0,1749025.0,0.96,0.91,0.64,0.006
2017-04-13,164701,贵金属LOF,0.633,0.634,0.632,0.632,8840.0,559060.0,0.48,0.29,0.32,0.003
2017-04-14,164701,贵金属LOF,0.632,0.634,0.632,0.633,1775.0,112350.0,0.16,0.06,0.32,0.001
2017-04-17,164701,贵金属LOF,0.635,0.636,0.632,0.633,11340.0,719264.0,0.0,0.37,0.63,0.0
2017-04-18,164701,贵金属LOF,0.631,0.633,0.631,0.632,5774.0,364622.0,-0.16,0.19,0.32,-0.001
2017-04-19,164701,贵金属LOF,0.632,0.633,0.631,0.632,9044.0,571264.0,0.0,0.3,0.32,0.0
2017-04-20,164701,贵金属LOF,0.628,0.631,0.628,0.63,5885.0,370484.0,-0.32,0.19,0.47,-0.002
2017-04-21,164701,贵金属LOF,0.631,0.632,0.63,0.63,26598.0,1675781.0,0.0,0.87,0.32,0.0
2017-04-24,164701,贵金属LOF,0.627,0.63,0.627,0.628,7530.0,472897.0,-0.32,0.25,0.48,-0.002
2017-04-25,164701,贵金属LOF,0.628,0.63,0.628,0.629,3938.0,247735.0,0.16,0.13,0.32,0.001
2017-04-26,164701,贵金属LOF,0.626,0.626,0.624,0.624,1111.0,69460.0,-0.79,0.04,0.32,-0.005
2017-04-27,164701,贵金属LOF,0.624,0.629,0.624,0.628,1667.0,104536.0,0.64,0.05,0.8,0.004
2017-04-28,164701,贵金属LOF,0.626,0.628,0.623,0.626,1080.0,67511.0,-0.32,0.04,0.8,-0.002
2017-05-02,164701,贵金属LOF,0.623,0.625,0.62,0.62,3030.0,188145.0,-0.96,0.1,0.8,-0.006
2017-05-03,164701,贵金属LOF,0.621,0.623,0.621,0.622,1600.0,99461.0,0.32,0.05,0.32,0.002
2017-05-04,164701,贵金属LOF,0.619,0.619,0.614,0.614,244.0,15040.0,-1.29,0.01,0.8,-0.008
2017-05-05,164701,贵金属LOF,0.613,0.613,0.608,0.611,2028.0,123735.0,-0.49,0.07,0.81,-0.003
2017-05-08,164701,贵金属LOF,0.611,0.611,0.608,0.608,9244.0,562627.0,-0.49,0.3,0.49,-0.003
2017-05-09,164701,贵金属LOF,0.608,0.609,0.606,0.607,9329.0,566667.0,-0.16,0.3,0.49,-0.001
2017-05-10,164701,贵金属LOF,0.606,0.611,0.604,0.606,6747.0,409416.0,-0.16,0.22,1.15,-0.001
2017-05-11,164701,贵金属LOF,0.606,0.608,0.604,0.605,4455.0,269919.0,-0.17,0.15,0.66,-0.001
2017-05-12,164701,贵金属LOF,0.605,0.61,0.605,0.61,12922.0,784917.0,0.83,0.42,0.83,0.005
2017-05-15,164701,贵金属LOF,0.61,0.612,0.609,0.612,3225.0,196821.0,0.33,0.11,0.49,0.002
2017-05-16,164701,贵金属LOF,0.611,0.612,0.609,0.611,756.0,46084.0,-0.16,0.02,0.49,-0.001
2017-05-17,164701,贵金属LOF,0.614,0.615,0.613,0.613,4072.0,249984.0,0.33,0.13,0.33,0.002
2017-05-18,164701,贵金属LOF,0.621,0.623,0.619,0.619,4493.0,278907.0,0.98,0.15,0.65,0.006
2017-05-19,164701,贵金属LOF,0.618,0.619,0.615,0.618,18287.0,1126803.0,-0.16,0.6,0.65,-0.001
2017-05-22,164701,贵金属LOF,0.619,0.62,0.617,0.62,15838.0,980433.0,0.32,0.52,0.49,0.002
2017-05-23,164701,贵金属LOF,0.623,0.626,0.622,0.622,5561.0,346336.0,0.32,0.18,0.65,0.002
2017-05-24,164701,贵金属LOF,0.62,0.62,0.618,0.618,7940.0,491437.0,-0.64,0.26,0.32,-0.004
2017-05-25,164701,贵金属LOF,0.619,0.622,0.619,0.622,2297.0,142583.0,0.65,0.07,0.49,0.004
2017-05-26,164701,贵金属LOF,0.621,0.622,0.617,0.621,4956.0,307142.0,-0.16,0.16,0.8,-0.001
2017-05-31,164701,贵金属LOF,0.621,0.624,0.62,0.621,3001.0,186141.0,0.0,0.1,0.64,0.0
2017-06-01,164701,贵金属LOF,0.625,0.625,0.62,0.622,2036.0,126841.0,0.16,0.07,0.81,0.001
2017-06-02,164701,贵金属LOF,0.622,0.622,0.617,0.619,623.0,38576.0,-0.48,0.02,0.8,-0.003
2017-06-05,164701,贵金属LOF,0.624,0.628,0.624,0.626,3773.0,236191.0,1.13,0.12,0.65,0.007
2017-06-06,164701,贵金属LOF,0.63,0.63,0.626,0.63,5283.0,332047.0,0.64,0.17,0.64,0.004
2017-06-07,164701,贵金属LOF,0.63,0.631,0.629,0.63,2032.0,127891.0,0.0,0.07,0.32,0.0
2017-06-08,164701,贵金属LOF,0.629,0.631,0.628,0.629,2668.0,167890.0,-0.16,0.09,0.48,-0.001
2017-06-09,164701,贵金属LOF,0.625,0.628,0.621,0.626,4079.0,253970.0,-0.48,0.13,1.11,-0.003
2017-06-12,164701,贵金属LOF,0.627,0.627,0.623,0.623,815.0,50870.0,-0.48,0.03,0.64,-0.003
2017-06-13,164701,贵金属LOF,0.622,0.622,0.619,0.621,750.0,46511.0,-0.32,0.02,0.48,-0.002
2017-06-14,164701,贵金属LOF,0.622,0.624,0.62,0.622,823.0,51205.0,0.16,0.03,0.64,0.001
2017-06-15,164701,贵金属LOF,0.622,0.622,0.618,0.619,582.0,36079.0,-0.48,0.02,0.64,-0.003
2017-06-16,164701,贵金属LOF,0.618,0.618,0.612,0.618,4527.0,278852.0,-0.16,0.15,0.97,-0.001
2017-06-19,164701,贵金属LOF,0.616,0.616,0.613,0.614,993.0,60989.0,-0.65,0.03,0.49,-0.004
2017-06-20,164701,贵金属LOF,0.612,0.614,0.61,0.614,1004.0,61576.0,0.0,0.03,0.65,0.0
2017-06-21,164701,贵金属LOF,0.612,0.613,0.611,0.613,211.0,12911.0,-0.16,0.01,0.33,-0.001
2017-06-22,164701,贵金属LOF,0.612,0.616,0.612,0.616,2440.0,150075.0,0.49,0.08,0.65,0.003
2017-06-23,164701,贵金属LOF,0.617,0.619,0.617,0.618,461.0,28502.0,0.32,0.02,0.32,0.002
2017-06-26,164701,贵金属LOF,0.617,0.62,0.617,0.619,69.0,4239.0,0.16,0.0,0.49,0.001
2017-06-27,164701,贵金属LOF,0.618,0.618,0.615,0.616,2635.0,162375.0,-0.48,0.09,0.48,-0.003
2017-06-28,164701,贵金属LOF,0.617,0.618,0.614,0.616,1901.0,117067.0,0.0,0.06,0.65,0.0
2017-06-29,164701,贵金属LOF,0.615,0.617,0.614,0.615,1718.0,105690.0,-0.16,0.06,0.49,-0.001
2017-06-30,164701,贵金属LOF,0.615,0.615,0.609,0.612,1671.0,102218.0,-0.49,0.05,0.98,-0.003
2017-07-03,164701,贵金属LOF,0.611,0.611,0.608,0.61,1214.0,73945.0,-0.33,0.04,0.49,-0.002
2017-07-04,164701,贵金属LOF,0.608,0.608,0.604,0.608,13976.0,846815.0,-0.33,0.46,0.66,-0.002
2017-07-05,164701,贵金属LOF,0.608,0.609,0.606,0.608,2974.0,180728.0,0.0,0.1,0.49,0.0
2017-07-06,164701,贵金属LOF,0.607,0.608,0.606,0.608,5620.0,341491.0,0.0,0.18,0.33,0.0
2017-07-07,164701,贵金属LOF,0.608,0.608,0.605,0.607,2292.0,138705.0,-0.16,0.07,0.49,-0.001
2017-07-10,164701,贵金属LOF,0.605,0.605,0.601,0.601,4901.0,294885.0,-0.99,0.16,0.66,-0.006
2017-07-11,164701,贵金属LOF,0.601,0.602,0.6,0.602,2968.0,178313.0,0.17,0.1,0.33,0.001
2017-07-12,164701,贵金属LOF,0.601,0.606,0.601,0.605,5473.0,330684.0,0.5,0.18,0.83,0.003
2017-07-13,164701,贵金属LOF,0.606,0.606,0.603,0.605,1866.0,112595.0,0.0,0.06,0.5,0.0
2017-07-14,164701,贵金属LOF,0.603,0.605,0.601,0.602,1612.0,97224.0,-0.5,0.05,0.66,-0.003
2017-07-17,164701,贵金属LOF,0.603,0.606,0.603,0.605,3625.0,219052.0,0.5,0.12,0.5,0.003
2017-07-18,164701,贵金属LOF,0.606,0.608,0.606,0.608,5359.0,325085.0,0.5,0.17,0.33,0.003
2017-07-19,164701,贵金属LOF,0.606,0.608,0.605,0.606,535.0,32391.0,-0.33,0.02,0.49,-0.002
2017-07-20,164701,贵金属LOF,0.605,0.606,0.604,0.605,3404.0,205954.0,-0.17,0.11,0.33,-0.001
2017-07-21,164701,贵金属LOF,0.604,0.608,0.604,0.608,3156.0,191260.0,0.5,0.1,0.66,0.003
2017-07-24,164701,贵金属LOF,0.607,0.611,0.606,0.609,8389.0,510751.0,0.16,0.27,0.82,0.001
2017-07-25,164701,贵金属LOF,0.609,0.61,0.609,0.61,2904.0,176986.0,0.16,0.09,0.16,0.001
2017-07-26,164701,贵金属LOF,0.608,0.609,0.607,0.607,754.0,45770.0,-0.49,0.02,0.33,-0.003
2017-07-27,164701,贵金属LOF,0.612,0.613,0.611,0.612,4918.0,301004.0,0.82,0.16,0.33,0.005
2017-07-28,164701,贵金属LOF,0.612,0.612,0.609,0.609,991.0,60494.0,-0.49,0.03,0.49,-0.003
2017-07-31,164701,贵金属LOF,0.609,0.612,0.609,0.612,11677.0,713952.0,0.49,0.38,0.49,0.003
2017-08-01,164701,贵金属LOF,0.611,0.612,0.61,0.612,2191.0,134073.0,0.0,0.07,0.33,0.0
2017-08-02,164701,贵金属LOF,0.613,0.613,0.611,0.611,729.0,44609.0,-0.16,0.02,0.33,-0.001
2017-08-03,164701,贵金属LOF,0.612,0.612,0.609,0.61,820.0,50045.0,-0.16,0.03,0.49,-0.001
2017-08-04,164701,贵金属LOF,0.61,0.612,0.61,0.612,1574.0,96209.0,0.33,0.05,0.33,0.002
2017-08-07,164701,贵金属LOF,0.611,0.611,0.609,0.61,1250.0,76245.0,-0.33,0.04,0.33,-0.002
2017-08-08,164701,贵金属LOF,0.61,0.61,0.609,0.61,1009.0,61476.0,0.0,0.03,0.16,0.0
2017-08-09,164701,贵金属LOF,0.611,0.612,0.609,0.611,3767.0,230029.0,0.16,0.12,0.49,0.001
2017-08-10,164701,贵金属LOF,0.612,0.615,0.611,0.613,2381.0,145921.0,0.33,0.08,0.65,0.002
2017-08-11,164701,贵金属LOF,0.614,0.615,0.613,0.615,5998.0,368715.0,0.33,0.2,0.33,0.002
2017-08-14,164701,贵金属LOF,0.615,0.616,0.614,0.615,6000.0,368856.0,0.0,0.2,0.33,0.0
2017-08-15,164701,贵金属LOF,0.613,0.614,0.612,0.613,1491.0,91472.0,-0.33,0.05,0.33,-0.002
2017-08-16,164701,贵金属LOF,0.614,0.614,0.611,0.611,2266.0,138848.0,-0.33,0.07,0.49,-0.002
2017-08-17,164701,贵金属LOF,0.614,0.616,0.614,0.616,3365.0,206971.0,0.82,0.11,0.33,0.005
2017-08-18,164701,贵金属LOF,0.615,0.616,0.614,0.614,1058.0,65094.0,-0.32,0.03,0.32,-0.002
2017-08-21,164701,贵金属LOF,0.614,0.614,0.613,0.614,3792.0,232778.0,0.0,0.12,0.16,0.0
2017-08-22,164701,贵金属LOF,0.615,0.616,0.614,0.615,3243.0,199539.0,0.16,0.11,0.33,0.001
2017-08-23,164701,贵金属LOF,0.616,0.616,0.614,0.615,762.0,46815.0,0.0,0.02,0.33,0.0
2017-08-24,164701,贵金属LOF,0.615,0.615,0.614,0.615,703.0,43192.0,0.0,0.02,0.16,0.0
2017-08-25,164701,贵金属LOF,0.614,0.614,0.612,0.613,3134.0,191960.0,-0.33,0.1,0.33,-0.002
2017-08-28,164701,贵金属LOF,0.612,0.615,0.612,0.615,881.0,54162.0,0.33,0.03,0.49,0.002
2017-08-29,164701,贵金属LOF,0.62,0.625,0.62,0.624,16199.0,1009163.0,1.46,0.53,0.81,0.009
2017-08-30,164701,贵金属LOF,0.623,0.623,0.62,0.62,2185.0,135641.0,-0.64,0.07,0.48,-0.004
2017-08-31,164701,贵金属LOF,0.62,0.621,0.62,0.62,318.0,19723.0,0.0,0.01,0.16,0.0
2017-09-01,164701,贵金属LOF,0.622,0.623,0.621,0.623,1042.0,64827.0,0.48,0.03,0.32,0.003
2017-09-04,164701,贵金属LOF,0.626,0.629,0.626,0.627,3582.0,224819.0,0.64,0.12,0.48,0.004
2017-09-05,164701,贵金属LOF,0.626,0.627,0.625,0.627,2158.0,135035.0,0.0,0.07,0.32,0.0
2017-09-06,164701,贵金属LOF,0.627,0.628,0.625,0.626,1559.0,97585.0,-0.16,0.05,0.48,-0.001
2017-09-07,164701,贵金属LOF,0.625,0.626,0.625,0.626,856.0,53508.0,0.0,0.03,0.16,0.0
2017-09-08,164701,贵金属LOF,0.627,0.628,0.625,0.628,4441.0,278409.0,0.32,0.14,0.48,0.002
2017-09-11,164701,贵金属LOF,0.626,0.627,0.623,0.623,2579.0,161176.0,-0.8,0.08,0.64,-0.005
2017-09-12,164701,贵金属LOF,0.622,0.622,0.62,0.622,1552.0,96522.0,-0.16,0.05,0.32,-0.001
2017-09-13,164701,贵金属LOF,0.623,0.623,0.623,0.623,2.0,124.0,0.16,0.0,0.0,0.001
2017-09-14,164701,贵金属LOF,0.621,0.621,0.617,0.619,842.0,52160.0,-0.64,0.03,0.64,-0.004
2017-09-15,164701,贵金属LOF,0.62,0.621,0.62,0.621,1738.0,107803.0,0.32,0.06,0.16,0.002
2017-09-18,164701,贵金属LOF,0.621,0.621,0.618,0.618,652.0,40399.0,-0.48,0.02,0.48,-0.003
2017-09-19,164701,贵金属LOF,0.618,0.618,0.615,0.616,1100.0,67823.0,-0.32,0.04,0.49,-0.002
2017-09-20,164701,贵金属LOF,0.618,0.618,0.616,0.617,1392.0,86007.0,0.16,0.05,0.32,0.001
2017-09-21,164701,贵金属LOF,0.616,0.617,0.616,0.616,1581.0,97391.0,-0.16,0.05,0.16,-0.001
2017-09-22,164701,贵金属LOF,0.617,0.617,0.615,0.615,798.0,49172.0,-0.16,0.03,0.32,-0.001
2017-09-25,164701,贵金属LOF,0.618,0.618,0.615,0.615,563.0,34705.0,0.0,0.02,0.49,0.0
2017-09-26,164701,贵金属LOF,0.617,0.62,0.617,0.62,794.0,49084.0,0.81,0.03,0.49,0.005
2017-09-27,164701,贵金属LOF,0.62,0.62,0.614,0.616,2636.0,162414.0,-0.65,0.09,0.97,-0.004
2017-09-28,164701,贵金属LOF,0.615,0.617,0.614,0.614,741.0,45525.0,-0.32,0.02,0.49,-0.002
2017-09-29,164701,贵金属LOF,0.615,0.616,0.613,0.615,929.0,57124.0,0.16,0.03,0.49,0.001
2017-10-09,164701,贵金属LOF,0.617,0.617,0.614,0.614,1625.0,99869.0,-0.16,0.05,0.49,-0.001
2017-10-10,164701,贵金属LOF,0.616,0.616,0.612,0.614,1004.0,61602.0,0.0,0.03,0.65,0.0
2017-10-11,164701,贵金属LOF,0.614,0.615,0.613,0.613,406.0,24913.0,-0.16,0.01,0.33,-0.001
2017-10-12,164701,贵金属LOF,0.614,0.614,0.614,0.614,240.0,14746.0,0.16,0.01,0.0,0.001
2017-10-13,164701,贵金属LOF,0.615,0.615,0.614,0.615,130.0,7977.0,0.16,0.0,0.16,0.001
2017-10-16,164701,贵金属LOF,0.615,0.616,0.615,0.615,717.0,44095.0,0.0,0.02,0.16,0.0
2017-10-17,164701,贵金属LOF,0.615,0.615,0.614,0.614,435.0,26709.0,-0.16,0.01,0.16,-0.001
2017-10-18,164701,贵金属LOF,0.613,0.613,0.612,0.612,53.0,3248.0,-0.33,0.0,0.16,-0.002
2017-10-19,164701,贵金属LOF,0.614,0.614,0.611,0.611,885.0,54099.0,-0.16,0.03,0.49,-0.001
2017-10-20,164701,贵金属LOF,0.611,0.612,0.61,0.611,248.0,15164.0,0.0,0.01,0.33,0.0
2017-10-23,164701,贵金属LOF,0.611,0.611,0.609,0.61,409.0,24945.0,-0.16,0.01,0.33,-0.001
2017-10-24,164701,贵金属LOF,0.612,0.622,0.612,0.613,3414.0,209989.0,0.49,0.11,1.64,0.003
2017-10-25,164701,贵金属LOF,0.613,0.613,0.612,0.613,59.0,3613.0,0.0,0.0,0.16,0.0
2017-10-26,164701,贵金属LOF,0.612,0.613,0.612,0.612,285.0,17449.0,-0.16,0.01,0.16,-0.001
2017-10-27,164701,贵金属LOF,0.612,0.612,0.607,0.607,1250.0,76084.0,-0.82,0.04,0.82,-0.005
2017-10-30,164701,贵金属LOF,0.604,0.609,0.603,0.607,366.0,22223.0,0.0,0.01,0.99,0.0
2017-10-31,164701,贵金属LOF,0.604,0.608,0.604,0.608,98.0,5957.0,0.16,0.0,0.66,0.001
2017-11-01,164701,贵金属LOF,0.606,0.608,0.605,0.607,862.0,52150.0,-0.16,0.03,0.49,-0.001
2017-11-02,164701,贵金属LOF,0.604,0.608,0.604,0.608,289.0,17596.0,0.16,0.01,0.66,0.001
2017-11-03,164701,贵金属LOF,0.606,0.608,0.604,0.605,302.0,18273.0,-0.49,0.01,0.66,-0.003
2017-11-06,164701,贵金属LOF,0.605,0.606,0.602,0.606,685.0,41448.0,0.17,0.02,0.66,0.001
2017-11-07,164701,贵金属LOF,0.607,0.607,0.606,0.607,1713.0,103813.0,0.17,0.06,0.17,0.001
2017-11-08,164701,贵金属LOF,0.606,0.607,0.606,0.607,171.0,10367.0,0.0,0.01,0.16,0.0
2017-11-09,164701,贵金属LOF,0.606,0.607,0.605,0.605,332.0,20081.0,-0.33,0.01,0.33,-0.002
2017-11-10,164701,贵金属LOF,0.607,0.607,0.606,0.606,340.0,20619.0,0.17,0.01,0.17,0.001
2017-11-13,164701,贵金属LOF,0.606,0.607,0.606,0.606,839.0,50880.0,0.0,0.03,0.17,0.0
2017-11-14,164701,贵金属LOF,0.606,0.607,0.606,0.607,114.0,6915.0,0.17,0.0,0.17,0.001
2017-11-15,164701,贵金属LOF,0.603,0.607,0.603,0.605,371.0,22438.0,-0.33,0.01,0.66,-0.002
2017-11-16,164701,贵金属LOF,0.604,0.606,0.603,0.603,1870.0,112945.0,-0.33,0.06,0.5,-0.002
2017-11-17,164701,贵金属LOF,0.606,0.606,0.603,0.604,347.0,20961.0,0.17,0.01,0.5,0.001
2017-11-20,164701,贵金属LOF,0.607,0.607,0.604,0.606,2583.0,156760.0,0.33,0.08,0.5,0.002
2017-11-21,164701,贵金属LOF,0.606,0.606,0.602,0.604,3367.0,202921.0,-0.33,0.11,0.66,-0.002
2017-11-22,164701,贵金属LOF,0.603,0.604,0.602,0.604,667.0,40282.0,0.0,0.02,0.33,0.0
2017-11-23,164701,贵金属LOF,0.604,0.605,0.603,0.604,1346.0,81296.0,0.0,0.04,0.33,0.0
2017-11-24,164701,贵金属LOF,0.604,0.606,0.603,0.606,738.0,44662.0,0.33,0.02,0.5,0.002
2017-11-27,164701,贵金属LOF,0.603,0.605,0.602,0.605,341.0,20599.0,-0.17,0.01,0.5,-0.001
2017-11-28,164701,贵金属LOF,0.606,0.606,0.604,0.606,241.0,14627.0,0.17,0.01,0.33,0.001
2017-11-29,164701,贵金属LOF,0.606,0.608,0.604,0.607,270.0,16374.0,0.17,0.01,0.66,0.001
2017-11-30,164701,贵金属LOF,0.606,0.606,0.602,0.606,142.0,8583.0,-0.16,0.0,0.66,-0.001
2017-12-01,164701,贵金属LOF,0.604,0.606,0.603,0.605,1441.0,87165.0,-0.17,0.05,0.5,-0.001
2017-12-04,164701,贵金属LOF,0.603,0.607,0.601,0.602,3034.0,182689.0,-0.5,0.1,0.99,-0.003
2017-12-05,164701,贵金属LOF,0.602,0.609,0.602,0.602,488.0,29443.0,0.0,0.02,1.16,0.0
2017-12-06,164701,贵金属LOF,0.603,0.603,0.598,0.6,846.0,50845.0,-0.33,0.03,0.83,-0.002
2017-12-07,164701,贵金属LOF,0.596,0.601,0.595,0.597,532.0,31843.0,-0.5,0.02,1.0,-0.003
2017-12-08,164701,贵金属LOF,0.601,0.601,0.595,0.6,771.0,46102.0,0.5,0.03,1.01,0.003
2017-12-11,164701,贵金属LOF,0.597,0.6,0.597,0.599,589.0,35185.0,-0.17,0.02,0.5,-0.001
2017-12-12,164701,贵金属LOF,0.599,0.6,0.599,0.6,373.0,22345.0,0.17,0.01,0.17,0.001
2017-12-13,164701,贵金属LOF,0.598,0.599,0.597,0.599,148.0,8846.0,-0.17,0.0,0.33,-0.001
2017-12-14,164701,贵金属LOF,0.599,0.599,0.593,0.593,2148.0,128231.0,-1.0,0.07,1.0,-0.006
2017-12-15,164701,贵金属LOF,0.596,0.596,0.59,0.59,3064.0,181289.0,-0.51,0.1,1.01,-0.003
2017-12-18,164701,贵金属LOF,0.59,0.591,0.589,0.591,1019.0,60141.0,0.17,0.03,0.34,0.001
2017-12-19,164701,贵金属LOF,0.593,0.593,0.59,0.592,817.0,48262.0,0.17,0.03,0.51,0.001
2017-12-20,164701,贵金属LOF,0.591,0.593,0.591,0.592,1592.0,94260.0,0.0,0.05,0.34,0.0
2017-12-21,164701,贵金属LOF,0.591,0.593,0.591,0.592,583.0,34475.0,0.0,0.02,0.34,0.0
2017-12-22,164701,贵金属LOF,0.591,0.593,0.59,0.592,921.0,54518.0,0.0,0.03,0.51,0.0
2017-12-25,164701,贵金属LOF,0.595,0.595,0.593,0.593,682.0,40572.0,0.17,0.02,0.34,0.001
2017-12-26,164701,贵金属LOF,0.593,0.595,0.593,0.595,1142.0,67827.0,0.34,0.04,0.34,0.002
2017-12-27,164701,贵金属LOF,0.594,0.595,0.593,0.594,418.0,24819.0,-0.17,0.01,0.34,-0.001
2017-12-28,164701,贵金属LOF,0.595,0.597,0.594,0.595,2183.0,129762.0,0.17,0.07,0.51,0.001
2017-12-29,164701,贵金属LOF,0.595,0.599,0.595,0.598,4618.0,275899.0,0.5,0.15,0.67,0.003
2018-01-02,164701,贵金属LOF,0.603,0.603,0.603,0.603,892.0,53787.0,0.84,0.03,0.0,0.005
2018-01-03,164701,贵金属LOF,0.605,0.606,0.603,0.603,3719.0,224790.0,0.0,0.12,0.5,0.0
2018-01-04,164701,贵金属LOF,0.601,0.605,0.599,0.604,3589.0,215861.0,0.17,0.12,1.0,0.001
2018-01-05,164701,贵金属LOF,0.605,0.607,0.605,0.606,6995.0,423805.0,0.33,0.23,0.33,0.002
2018-01-08,164701,贵金属LOF,0.605,0.606,0.604,0.605,4252.0,257278.0,-0.17,0.14,0.33,-0.001
2018-01-09,164701,贵金属LOF,0.605,0.606,0.605,0.606,1170.0,70842.0,0.17,0.04,0.17,0.001
2018-01-10,164701,贵金属LOF,0.605,0.606,0.605,0.606,1417.0,85729.0,0.0,0.05,0.17,0.0
2018-01-11,164701,贵金属LOF,0.606,0.607,0.605,0.607,4586.0,277848.0,0.17,0.15,0.33,0.001
2018-01-12,164701,贵金属LOF,0.606,0.61,0.606,0.609,8172.0,496776.0,0.33,0.27,0.66,0.002
2018-01-15,164701,贵金属LOF,0.61,0.612,0.608,0.612,7945.0,485452.0,0.49,0.26,0.66,0.003
2018-01-16,164701,贵金属LOF,0.611,0.612,0.61,0.611,3862.0,235873.0,-0.16,0.13,0.33,-0.001
2018-01-17,164701,贵金属LOF,0.611,0.613,0.61,0.612,5242.0,320348.0,0.16,0.17,0.49,0.001
2018-01-18,164701,贵金属LOF,0.609,0.61,0.608,0.609,1921.0,116930.0,-0.49,0.06,0.33,-0.003
2018-01-19,164701,贵金属LOF,0.608,0.61,0.605,0.606,2073.0,125766.0,-0.49,0.07,0.82,-0.003
2018-01-22,164701,贵金属LOF,0.605,0.607,0.604,0.606,914.0,55268.0,0.0,0.03,0.5,0.0
2018-01-23,164701,贵金属LOF,0.605,0.608,0.605,0.606,1660.0,100720.0,0.0,0.05,0.5,0.0
2018-01-24,164701,贵金属LOF,0.608,0.61,0.607,0.61,1064.0,64735.0,0.66,0.03,0.5,0.004
2018-01-25,164701,贵金属LOF,0.611,0.615,0.61,0.614,10089.0,617607.0,0.66,0.33,0.82,0.004
2018-01-26,164701,贵金属LOF,0.611,0.612,0.611,0.612,2752.0,168374.0,-0.33,0.09,0.16,-0.002
2018-01-29,164701,贵金属LOF,0.612,0.612,0.608,0.608,1145.0,69785.0,-0.65,0.04,0.65,-0.004
2018-01-30,164701,贵金属LOF,0.608,0.608,0.602,0.603,1891.0,114328.0,-0.82,0.06,0.99,-0.005
2018-01-31,164701,贵金属LOF,0.606,0.606,0.602,0.604,394.0,23771.0,0.17,0.01,0.66,0.001
2018-02-01,164701,贵金属LOF,0.602,0.606,0.601,0.604,1351.0,81458.0,0.0,0.04,0.83,0.0
2018-02-02,164701,贵金属LOF,0.6,0.606,0.6,0.605,1719.0,103706.0,0.17,0.06,0.99,0.001
2018-02-05,164701,贵金属LOF,0.603,0.604,0.6,0.604,972.0,58661.0,-0.17,0.03,0.66,-0.001
2018-02-06,164701,贵金属LOF,0.606,0.606,0.599,0.599,3675.0,221375.0,-0.83,0.12,1.16,-0.005
2018-02-07,164701,贵金属LOF,0.596,0.598,0.595,0.595,980.0,58393.0,-0.67,0.03,0.5,-0.004
2018-02-08,164701,贵金属LOF,0.596,0.598,0.593,0.595,1287.0,76593.0,0.0,0.04,0.84,0.0
2018-02-09,164701,贵金属LOF,0.595,0.602,0.595,0.595,1217.0,72514.0,0.0,0.04,1.18,0.0
2018-02-12,164701,贵金属LOF,0.595,0.599,0.595,0.597,248.0,14819.0,0.34,0.01,0.67,0.002
2018-02-13,164701,贵金属LOF,0.604,0.604,0.591,0.594,1283.0,76416.0,-0.5,0.04,2.18,-0.003
2018-02-14,164701,贵金属LOF,0.599,0.601,0.595,0.6,1424.0,85379.0,1.01,0.05,1.01,0.006
2018-02-22,164701,贵金属LOF,0.601,0.601,0.595,0.6,314.0,18812.0,0.0,0.01,1.0,0.0
2018-02-23,164701,贵金属LOF,0.596,0.602,0.595,0.602,1694.0,101556.0,0.33,0.06,1.17,0.002
2018-02-26,164701,贵金属LOF,0.602,0.602,0.598,0.6,722.0,43337.0,-0.33,0.02,0.66,-0.002
2018-02-27,164701,贵金属LOF,0.6,0.602,0.6,0.6,4070.0,244416.0,0.0,0.13,0.33,0.0
2018-02-28,164701,贵金属LOF,0.602,0.602,0.597,0.599,939.0,56246.0,-0.17,0.03,0.83,-0.001
2018-03-01,164701,贵金属LOF,0.602,0.602,0.596,0.599,500.0,29901.0,0.0,0.02,1.0,0.0
2018-03-02,164701,贵金属LOF,0.601,0.601,0.595,0.596,5408.0,322552.0,-0.5,0.18,1.0,-0.003
2018-03-05,164701,贵金属LOF,0.599,0.6,0.596,0.599,706.0,42118.0,0.5,0.02,0.67,0.003
2018-03-06,164701,贵金属LOF,0.599,0.601,0.596,0.599,444.0,26617.0,0.0,0.01,0.83,0.0
2018-03-07,164701,贵金属LOF,0.599,0.602,0.599,0.599,403.0,24212.0,0.0,0.01,0.5,0.0
2018-03-08,164701,贵金属LOF,0.6,0.6,0.597,0.599,417.0,24940.0,0.0,0.01,0.5,0.0
2018-03-09,164701,贵金属LOF,0.599,0.6,0.597,0.6,2308.0,138083.0,0.17,0.08,0.5,0.001
2018-03-12,164701,贵金属LOF,0.601,0.602,0.598,0.599,769.0,46055.0,-0.17,0.03,0.67,-0.001
2018-03-13,164701,贵金属LOF,0.6,0.6,0.598,0.599,271.0,16226.0,0.0,0.01,0.33,0.0
2018-03-14,164701,贵金属LOF,0.602,0.602,0.596,0.597,1819.0,108584.0,-0.33,0.06,1.0,-0.002
2018-03-15,164701,贵金属LOF,0.596,0.598,0.595,0.596,141.0,8427.0,-0.17,0.0,0.5,-0.001
2018-03-16,164701,贵金属LOF,0.596,0.598,0.596,0.598,1082.0,64541.0,0.34,0.04,0.34,0.002
2018-03-19,164701,贵金属LOF,0.596,0.598,0.595,0.597,600.0,35748.0,-0.17,0.02,0.5,-0.001
2018-03-20,164701,贵金属LOF,0.598,0.598,0.594,0.597,211.0,12553.0,0.0,0.01,0.67,0.0
2018-03-21,164701,贵金属LOF,0.597,0.597,0.594,0.596,890.0,53000.0,-0.17,0.03,0.5,-0.001
2018-03-22,164701,贵金属LOF,0.599,0.6,0.595,0.597,1370.0,81737.0,0.17,0.04,0.84,0.001
2018-03-23,164701,贵金属LOF,0.598,0.607,0.597,0.607,11907.0,714657.0,1.68,0.39,1.68,0.01
2018-03-26,164701,贵金属LOF,0.607,0.608,0.599,0.602,11854.0,714629.0,-0.82,0.39,1.48,-0.005
2018-03-27,164701,贵金属LOF,0.607,0.607,0.6,0.602,4306.0,258943.0,0.0,0.14,1.16,0.0
2018-03-28,164701,贵金属LOF,0.602,0.602,0.599,0.602,849.0,51069.0,0.0,0.03,0.5,0.0
2018-03-29,164701,贵金属LOF,0.602,0.602,0.569,0.595,1423.0,84611.0,-1.16,0.05,5.48,-0.007
2018-03-30,164701,贵金属LOF,0.596,0.597,0.591,0.594,3655.0,216928.0,-0.17,0.12,1.01,-0.001
2018-04-02,164701,贵金属LOF,0.594,0.594,0.592,0.594,931.0,55252.0,0.0,0.03,0.34,0.0
2018-04-03,164701,贵金属LOF,0.594,0.598,0.594,0.596,2871.0,171205.0,0.34,0.09,0.67,0.002
2018-04-04,164701,贵金属LOF,0.594,0.595,0.591,0.595,4210.0,249562.0,-0.17,0.14,0.67,-0.001
2018-04-09,164701,贵金属LOF,0.592,0.595,0.592,0.594,2001.0,118928.0,-0.17,0.07,0.5,-0.001
2018-04-10,164701,贵金属LOF,0.593,0.595,0.593,0.595,603.0,35755.0,0.17,0.02,0.34,0.001
2018-04-11,164701,贵金属LOF,0.595,0.597,0.594,0.597,1546.0,92050.0,0.34,0.05,0.5,0.002
2018-04-12,164701,贵金属LOF,0.597,0.598,0.596,0.597,2875.0,171736.0,0.0,0.09,0.34,0.0
2018-04-13,164701,贵金属LOF,0.596,0.596,0.594,0.595,2070.0,123241.0,-0.34,0.07,0.34,-0.002
2018-04-16,164701,贵金属LOF,0.595,0.597,0.595,0.596,4167.0,248084.0,0.17,0.14,0.34,0.001
2018-04-17,164701,贵金属LOF,0.595,0.596,0.594,0.594,942.0,56121.0,-0.34,0.03,0.34,-0.002
2018-04-18,164701,贵金属LOF,0.595,0.597,0.595,0.596,3412.0,203345.0,0.34,0.11,0.34,0.002
2018-04-19,164701,贵金属LOF,0.598,0.598,0.595,0.596,3305.0,196977.0,0.0,0.11,0.5,0.0
2018-04-20,164701,贵金属LOF,0.594,0.596,0.59,0.594,1494.0,88525.0,-0.34,0.05,1.01,-0.002
2018-04-23,164701,贵金属LOF,0.591,0.591,0.587,0.588,5242.0,308315.0,-1.01,0.17,0.67,-0.006
2018-04-24,164701,贵金属LOF,0.587,0.589,0.585,0.587,3629.0,213092.0,-0.17,0.12,0.68,-0.001
2018-04-25,164701,贵金属LOF,0.587,0.59,0.587,0.59,129.0,7590.0,0.51,0.0,0.51,0.003
2018-04-26,164701,贵金属LOF,0.589,0.589,0.588,0.588,212.0,12483.0,-0.34,0.01,0.17,-0.002
2018-04-27,164701,贵金属LOF,0.59,0.59,0.586,0.588,614.0,36119.0,0.0,0.02,0.68,0.0
2018-05-02,164701,贵金属LOF,0.583,0.587,0.583,0.585,90.0,5263.0,-0.51,0.0,0.68,-0.003
2018-05-03,164701,贵金属LOF,0.584,0.588,0.584,0.587,776.0,45507.0,0.34,0.03,0.68,0.002
2018-05-04,164701,贵金属LOF,0.587,0.588,0.586,0.588,40.0,2348.0,0.17,0.0,0.34,0.001
2018-05-07,164701,贵金属LOF,0.588,0.588,0.587,0.588,213.0,12523.0,0.0,0.01,0.17,0.0
2018-05-08,164701,贵金属LOF,0.586,0.592,0.586,0.591,2152.0,126961.0,0.51,0.07,1.02,0.003
2018-05-09,164701,贵金属LOF,0.589,0.591,0.588,0.589,755.0,44529.0,-0.34,0.02,0.51,-0.002
2018-05-10,164701,贵金属LOF,0.59,0.592,0.59,0.591,2186.0,129101.0,0.34,0.07,0.34,0.002
2018-05-11,164701,贵金属LOF,0.591,0.591,0.59,0.591,2706.0,159881.0,0.0,0.09,0.17,0.0
2018-05-14,164701,贵金属LOF,0.591,0.591,0.589,0.591,14.0,826.0,0.0,0.0,0.34,0.0
2018-05-15,164701,贵金属LOF,0.591,0.591,0.586,0.59,954.0,56170.0,-0.17,0.03,0.85,-0.001
2018-05-16,164701,贵金属LOF,0.586,0.586,0.582,0.584,4926.0,287374.0,-1.02,0.16,0.68,-0.006
2018-05-17,164701,贵金属LOF,0.584,0.584,0.581,0.584,46.0,2681.0,0.0,0.0,0.51,0.0
2018-05-18,164701,贵金属LOF,0.583,0.584,0.581,0.584,1440.0,83783.0,0.0,0.05,0.51,0.0
2018-05-21,164701,贵金属LOF,0.584,0.584,0.581,0.582,1345.0,78287.0,-0.34,0.04,0.51,-0.002
2018-05-22,164701,贵金属LOF,0.584,0.584,0.58,0.582,984.0,57211.0,0.0,0.03,0.69,0.0
2018-05-23,164701,贵金属LOF,0.582,0.583,0.58,0.581,2677.0,155401.0,-0.17,0.09,0.52,-0.001
2018-05-24,164701,贵金属LOF,0.58,0.582,0.578,0.581,2289.0,132946.0,0.0,0.07,0.69,0.0
2018-05-25,164701,贵金属LOF,0.583,0.583,0.581,0.582,2515.0,146340.0,0.17,0.08,0.34,0.001
2018-05-28,164701,贵金属LOF,0.58,0.581,0.58,0.58,226.0,13133.0,-0.34,0.01,0.17,-0.002
2018-05-29,164701,贵金属LOF,0.58,0.581,0.58,0.58,626.0,36299.0,0.0,0.02,0.17,0.0
2018-05-30,164701,贵金属LOF,0.58,0.583,0.58,0.583,6283.0,366107.0,0.52,0.21,0.52,0.003
2018-05-31,164701,贵金属LOF,0.583,0.586,0.582,0.585,634.0,37071.0,0.34,0.02,0.69,0.002
2018-06-01,164701,贵金属LOF,0.586,0.586,0.583,0.583,11.0,641.0,-0.34,0.0,0.51,-0.002
2018-06-04,164701,贵金属LOF,0.584,0.584,0.58,0.582,71.0,4131.0,-0.17,0.0,0.69,-0.001
2018-06-05,164701,贵金属LOF,0.582,0.585,0.58,0.584,424.0,24630.0,0.34,0.01,0.86,0.002
2018-06-06,164701,贵金属LOF,0.583,0.584,0.581,0.583,1165.0,67880.0,-0.17,0.04,0.51,-0.001
2018-06-07,164701,贵金属LOF,0.583,0.584,0.582,0.583,903.0,52634.0,0.0,0.03,0.34,0.0
2018-06-08,164701,贵金属LOF,0.583,0.583,0.581,0.583,63.0,3667.0,0.0,0.0,0.34,0.0
2018-06-11,164701,贵金属LOF,0.58,0.584,0.58,0.583,715.0,41663.0,0.0,0.02,0.69,0.0
2018-06-12,164701,贵金属LOF,0.583,0.583,0.581,0.583,427.0,24876.0,0.0,0.01,0.34,0.0
2018-06-13,164701,贵金属LOF,0.582,0.583,0.582,0.582,189.0,11004.0,-0.17,0.01,0.17,-0.001
2018-06-14,164701,贵金属LOF,0.582,0.584,0.582,0.583,183.0,10658.0,0.17,0.01,0.34,0.001
2018-06-15,164701,贵金属LOF,0.584,0.585,0.583,0.585,476.0,27820.0,0.34,0.02,0.34,0.002
2018-06-19,164701,贵金属LOF,0.578,0.58,0.574,0.575,1007.0,58069.0,-1.71,0.03,1.03,-0.01
2018-06-20,164701,贵金属LOF,0.578,0.578,0.572,0.574,28.0,1608.0,-0.17,0.0,1.04,-0.001
2018-06-21,164701,贵金属LOF,0.575,0.575,0.572,0.573,148.0,8471.0,-0.17,0.0,0.52,-0.001
2018-06-22,164701,贵金属LOF,0.57,0.574,0.57,0.574,43.0,2466.0,0.17,0.0,0.7,0.001
2018-06-25,164701,贵金属LOF,0.576,0.576,0.576,0.576,230.0,13248.0,0.35,0.01,0.0,0.002
2018-06-26,164701,贵金属LOF,0.575,0.579,0.575,0.576,257.0,14787.0,0.0,0.01,0.69,0.0
2018-06-27,164701,贵金属LOF,0.578,0.578,0.574,0.574,445.0,25581.0,-0.35,0.01,0.69,-0.002
2018-06-28,164701,贵金属LOF,0.577,0.578,0.575,0.575,917.0,52898.0,0.17,0.03,0.52,0.001
2018-06-29,164701,贵金属LOF,0.579,0.579,0.573,0.577,6448.0,372043.0,0.35,0.21,1.04,0.002
2018-07-02,164701,贵金属LOF,0.578,0.579,0.575,0.575,570.0,32952.0,-0.35,0.02,0.69,-0.002
2018-07-03,164701,贵金属LOF,0.579,0.579,0.574,0.579,440.0,25406.0,0.7,0.01,0.87,0.004
2018-07-04,164701,贵金属LOF,0.581,0.585,0.581,0.583,2129.0,124135.0,0.69,0.07,0.69,0.004
2018-07-05,164701,贵金属LOF,0.583,0.583,0.58,0.581,477.0,27676.0,-0.34,0.02,0.51,-0.002
2018-07-06,164701,贵金属LOF,0.582,0.582,0.58,0.582,4373.0,253712.0,0.17,0.14,0.34,0.001
2018-07-09,164701,贵金属LOF,0.58,0.584,0.58,0.581,1121.0,65454.0,-0.17,0.04,0.69,-0.001
2018-07-10,164701,贵金属LOF,0.582,0.583,0.58,0.583,160.0,9308.0,0.34,0.01,0.52,0.002
2018-07-11,164701,贵金属LOF,0.584,0.584,0.58,0.582,274.0,15924.0,-0.17,0.01,0.69,-0.001
2018-07-12,164701,贵金属LOF,0.578,0.581,0.576,0.58,3605.0,208379.0,-0.34,0.12,0.86,-0.002
2018-07-13,164701,贵金属LOF,0.58,0.582,0.579,0.582,150.0,8720.0,0.34,0.0,0.52,0.002
2018-07-16,164701,贵金属LOF,0.579,0.581,0.579,0.581,1239.0,71948.0,-0.17,0.04,0.34,-0.001
2018-07-17,164701,贵金属LOF,0.583,0.583,0.583,0.583,450.0,26235.0,0.34,0.01,0.0,0.002
2018-07-18,164701,贵金属LOF,0.575,0.575,0.575,0.575,100.0,5750.0,-1.37,0.0,0.0,-0.008
2018-07-19,164701,贵金属LOF,0.578,0.579,0.576,0.578,424.0,24536.0,0.52,0.01,0.52,0.003
2018-07-20,164701,贵金属LOF,0.581,0.581,0.581,0.581,18.0,1045.0,0.52,0.0,0.0,0.003
2018-07-23,164701,贵金属LOF,0.58,0.582,0.58,0.581,178.0,10346.0,0.0,0.01,0.34,0.0
2018-07-24,164701,贵金属LOF,0.576,0.581,0.576,0.579,608.0,35209.0,-0.34,0.02,0.86,-0.002
2018-07-25,164701,贵金属LOF,0.582,0.583,0.582,0.582,208.0,12106.0,0.52,0.01,0.17,0.003
2018-07-26,164701,贵金属LOF,0.583,0.586,0.582,0.584,2124.0,124089.0,0.34,0.07,0.69,0.002
2018-07-27,164701,贵金属LOF,0.586,0.588,0.582,0.587,2050.0,120197.0,0.51,0.07,1.03,0.003
2018-07-30,164701,贵金属LOF,0.587,0.589,0.586,0.588,1011.0,59440.0,0.17,0.03,0.51,0.001
2018-07-31,164701,贵金属LOF,0.585,0.586,0.584,0.585,2164.0,126554.0,-0.51,0.07,0.34,-0.003
2018-08-01,164701,贵金属LOF,0.586,0.589,0.584,0.588,2534.0,148804.0,0.51,0.08,0.85,0.003
2018-08-02,164701,贵金属LOF,0.586,0.589,0.585,0.589,1091.0,64001.0,0.17,0.04,0.68,0.001
2018-08-03,164701,贵金属LOF,0.588,0.588,0.553,0.553,123.0,7150.0,-6.11,0.0,5.94,-0.036
2018-08-06,164701,贵金属LOF,0.584,0.588,0.584,0.584,558.0,32659.0,5.61,0.02,0.72,0.031
2018-08-07,164701,贵金属LOF,0.584,0.586,0.582,0.582,2256.0,131758.0,-0.34,0.07,0.68,-0.002
2018-08-08,164701,贵金属LOF,0.582,0.584,0.581,0.584,610.0,35527.0,0.34,0.02,0.52,0.002
2018-08-09,164701,贵金属LOF,0.582,0.582,0.582,0.582,131.0,7624.0,-0.34,0.0,0.0,-0.002
2018-08-10,164701,贵金属LOF,0.581,0.585,0.581,0.581,501.0,29115.0,-0.17,0.02,0.69,-0.001
2018-08-13,164701,贵金属LOF,0.584,0.586,0.583,0.585,553.0,32365.0,0.69,0.02,0.52,0.004
2018-08-14,164701,贵金属LOF,0.582,0.582,0.575,0.579,1505.0,87198.0,-1.03,0.05,1.2,-0.006
2018-08-15,164701,贵金属LOF,0.583,0.583,0.578,0.581,35.0,2033.0,0.35,0.0,0.86,0.002
2018-08-16,164701,贵金属LOF,0.581,0.581,0.575,0.575,1120.0,64675.0,-1.03,0.04,1.03,-0.006
2018-08-17,164701,贵金属LOF,0.578,0.578,0.572,0.576,188.0,10814.0,0.17,0.01,1.04,0.001
2018-08-20,164701,贵金属LOF,0.571,0.577,0.571,0.572,242.0,13844.0,-0.69,0.01,1.04,-0.004
2018-08-21,164701,贵金属LOF,0.578,0.578,0.571,0.574,3498.0,200013.0,0.35,0.11,1.22,0.002
2018-08-22,164701,贵金属LOF,0.575,0.575,0.571,0.575,514.0,29503.0,0.17,0.02,0.7,0.001
2018-08-23,164701,贵金属LOF,0.573,0.573,0.573,0.573,1.0,57.0,-0.35,0.0,0.0,-0.002
2018-08-24,164701,贵金属LOF,0.576,0.576,0.567,0.572,688.0,39394.0,-0.17,0.02,1.57,-0.001
2018-08-27,164701,贵金属LOF,0.576,0.584,0.576,0.583,908.0,52859.0,1.92,0.03,1.4,0.011
2018-08-28,164701,贵金属LOF,0.581,0.584,0.581,0.582,506.0,29432.0,-0.17,0.02,0.51,-0.001
2018-08-29,164701,贵金属LOF,0.583,0.583,0.579,0.583,987.0,57339.0,0.17,0.03,0.69,0.001
2018-08-30,164701,贵金属LOF,0.583,0.584,0.578,0.584,3624.0,210625.0,0.17,0.12,1.03,0.001
2018-08-31,164701,贵金属LOF,0.579,0.585,0.578,0.583,482.0,28143.0,-0.17,0.02,1.2,-0.001
2018-09-03,164701,贵金属LOF,0.578,0.585,0.578,0.579,151.0,8760.0,-0.69,0.0,1.2,-0.004
2018-09-04,164701,贵金属LOF,0.583,0.583,0.575,0.58,2145.0,124114.0,0.17,0.07,1.38,0.001
2018-09-05,164701,贵金属LOF,0.58,0.58,0.573,0.577,2944.0,169560.0,-0.52,0.1,1.21,-0.003
2018-09-06,164701,贵金属LOF,0.575,0.578,0.574,0.576,1303.0,74998.0,-0.17,0.04,0.69,-0.001
2018-09-07,164701,贵金属LOF,0.573,0.576,0.573,0.576,134.0,7682.0,0.0,0.0,0.52,0.0
2018-09-10,164701,贵金属LOF,0.573,0.576,0.573,0.573,430.0,24657.0,-0.52,0.01,0.52,-0.003
2018-09-11,164701,贵金属LOF,0.575,0.575,0.572,0.573,260.0,14919.0,0.0,0.01,0.52,0.0
2018-09-12,164701,贵金属LOF,0.575,0.578,0.574,0.577,118.0,6791.0,0.7,0.0,0.7,0.004
2018-09-13,164701,贵金属LOF,0.58,0.581,0.577,0.58,1702.0,98688.0,0.52,0.06,0.69,0.003
2018-09-14,164701,贵金属LOF,0.578,0.58,0.578,0.58,198.0,11477.0,0.0,0.01,0.34,0.0
2018-09-17,164701,贵金属LOF,0.578,0.58,0.575,0.576,155.0,8944.0,-0.69,0.01,0.86,-0.004
2018-09-18,164701,贵金属LOF,0.58,0.58,0.575,0.58,591.0,34229.0,0.69,0.02,0.87,0.004
2018-09-19,164701,贵金属LOF,0.581,0.581,0.577,0.579,202.0,11705.0,-0.17,0.01,0.69,-0.001
2018-09-20,164701,贵金属LOF,0.579,0.58,0.578,0.579,2720.0,157361.0,0.0,0.09,0.35,0.0
2018-09-21,164701,贵金属LOF,0.58,0.58,0.579,0.579,2561.0,148535.0,0.0,0.08,0.17,0.0
2018-09-25,164701,贵金属LOF,0.578,0.579,0.578,0.579,518.0,29944.0,0.0,0.02,0.17,0.0
2018-09-26,164701,贵金属LOF,0.578,0.58,0.577,0.578,380.0,21974.0,-0.17,0.01,0.52,-0.001
2018-09-27,164701,贵金属LOF,0.579,0.58,0.577,0.58,510.0,29542.0,0.35,0.02,0.52,0.002
2018-09-28,164701,贵金属LOF,0.58,0.58,0.576,0.578,915.0,52917.0,-0.34,0.03,0.69,-0.002
2018-10-08,164701,贵金属LOF,0.578,0.58,0.576,0.578,348.0,20141.0,0.0,0.01,0.69,0.0
2018-10-09,164701,贵金属LOF,0.578,0.58,0.577,0.579,210.0,12146.0,0.17,0.01,0.52,0.001
2018-10-10,164701,贵金属LOF,0.58,0.58,0.574,0.579,1038.0,60103.0,0.0,0.03,1.04,0.0
2018-10-11,164701,贵金属LOF,0.58,0.58,0.578,0.578,1628.0,94298.0,-0.17,0.05,0.35,-0.001
2018-10-12,164701,贵金属LOF,0.582,0.588,0.582,0.584,10104.0,590916.0,1.04,0.33,1.04,0.006
2018-10-15,164701,贵金属LOF,0.586,0.594,0.586,0.594,5112.0,301470.0,1.71,0.17,1.37,0.01
2018-10-16,164701,贵金属LOF,0.594,0.597,0.589,0.591,4247.0,252510.0,-0.51,0.14,1.35,-0.003
2018-10-17,164701,贵金属LOF,0.594,0.594,0.586,0.586,1798.0,105884.0,-0.85,0.06,1.35,-0.005
2018-10-18,164701,贵金属LOF,0.588,0.591,0.584,0.588,4148.0,243850.0,0.34,0.14,1.19,0.002
2018-10-19,164701,贵金属LOF,0.59,0.591,0.588,0.589,1132.0,66746.0,0.17,0.04,0.51,0.001
2018-10-22,164701,贵金属LOF,0.589,0.59,0.586,0.589,2478.0,145746.0,0.0,0.08,0.68,0.0
2018-10-23,164701,贵金属LOF,0.589,0.591,0.586,0.591,3861.0,227086.0,0.34,0.13,0.85,0.002
2018-10-24,164701,贵金属LOF,0.589,0.593,0.589,0.593,1634.0,96843.0,0.34,0.05,0.68,0.002
2018-10-25,164701,贵金属LOF,0.596,0.599,0.594,0.597,2169.0,129358.0,0.67,0.07,0.84,0.004
2018-10-26,164701,贵金属LOF,0.597,0.597,0.591,0.596,1611.0,95701.0,-0.17,0.05,1.01,-0.001
2018-10-29,164701,贵金属LOF,0.592,0.597,0.592,0.595,619.0,36763.0,-0.17,0.02,0.84,-0.001
2018-10-30,164701,贵金属LOF,0.597,0.597,0.591,0.597,307.0,18293.0,0.34,0.01,1.01,0.002
2018-10-31,164701,贵金属LOF,0.595,0.595,0.591,0.593,1303.0,77134.0,-0.67,0.04,0.67,-0.004
2018-11-01,164701,贵金属LOF,0.593,0.594,0.59,0.594,1395.0,82504.0,0.17,0.05,0.67,0.001
2018-11-02,164701,贵金属LOF,0.593,0.595,0.587,0.59,5239.0,310097.0,-0.67,0.17,1.35,-0.004
2018-11-05,164701,贵金属LOF,0.592,0.593,0.589,0.591,3225.0,190775.0,0.17,0.11,0.68,0.001
2018-11-06,164701,贵金属LOF,0.591,0.591,0.587,0.59,9548.0,562018.0,-0.17,0.31,0.68,-0.001
2018-11-07,164701,贵金属LOF,0.587,0.589,0.584,0.589,3074.0,180671.0,-0.17,0.1,0.85,-0.001
2018-11-08,164701,贵金属LOF,0.586,0.588,0.585,0.587,1523.0,89378.0,-0.34,0.05,0.51,-0.002
2018-11-09,164701,贵金属LOF,0.585,0.586,0.584,0.584,2165.0,126550.0,-0.51,0.07,0.34,-0.003
2018-11-12,164701,贵金属LOF,0.582,0.585,0.582,0.583,4172.0,243270.0,-0.17,0.14,0.51,-0.001
2018-11-13,164701,贵金属LOF,0.581,0.584,0.581,0.582,1554.0,90633.0,-0.17,0.05,0.51,-0.001
2018-11-14,164701,贵金属LOF,0.584,0.584,0.575,0.577,4088.0,237093.0,-0.86,0.13,1.55,-0.005
2018-11-15,164701,贵金属LOF,0.579,0.585,0.578,0.581,3475.0,202075.0,0.69,0.11,1.21,0.004
2018-11-16,164701,贵金属LOF,0.586,0.586,0.58,0.582,2840.0,165053.0,0.17,0.09,1.03,0.001
2018-11-19,164701,贵金属LOF,0.585,0.586,0.582,0.585,1308.0,76533.0,0.52,0.04,0.69,0.003
2018-11-20,164701,贵金属LOF,0.586,0.588,0.582,0.587,3789.0,221542.0,0.34,0.12,1.03,0.002
2018-11-21,164701,贵金属LOF,0.585,0.588,0.582,0.587,2208.0,129135.0,0.0,0.07,1.02,0.0
2018-11-22,164701,贵金属LOF,0.588,0.589,0.587,0.588,1754.0,103118.0,0.17,0.06,0.34,0.001
2018-11-23,164701,贵金属LOF,0.59,0.59,0.585,0.587,1892.0,110795.0,-0.17,0.06,0.85,-0.001
2018-11-26,164701,贵金属LOF,0.586,0.589,0.584,0.588,1063.0,62458.0,0.17,0.03,0.85,0.001
2018-11-27,164701,贵金属LOF,0.589,0.589,0.586,0.588,244.0,14331.0,0.0,0.01,0.51,0.0
2018-11-28,164701,贵金属LOF,0.587,0.587,0.585,0.586,375.0,21978.0,-0.34,0.01,0.34,-0.002
2018-11-29,164701,贵金属LOF,0.588,0.589,0.586,0.588,411.0,24135.0,0.34,0.01,0.51,0.002
2018-11-30,164701,贵金属LOF,0.589,0.59,0.588,0.59,1072.0,63169.0,0.34,0.03,0.34,0.002
2018-12-03,164701,贵金属LOF,0.588,0.592,0.588,0.59,114.0,6718.0,0.0,0.0,0.68,0.0
2018-12-04,164701,贵金属LOF,0.591,0.591,0.588,0.59,66.0,3896.0,0.0,0.0,0.51,0.0
2018-12-05,164701,贵金属LOF,0.59,0.592,0.58,0.58,2017.0,118469.0,-1.69,0.07,2.03,-0.01
2018-12-06,164701,贵金属LOF,0.591,0.595,0.591,0.593,5542.0,328738.0,2.24,0.18,0.69,0.013
2018-12-07,164701,贵金属LOF,0.596,0.596,0.592,0.593,367.0,21761.0,0.0,0.01,0.67,0.0
2018-12-10,164701,贵金属LOF,0.596,0.6,0.596,0.6,7455.0,445573.0,1.18,0.24,0.67,0.007
2018-12-11,164701,贵金属LOF,0.597,0.599,0.596,0.596,1165.0,69542.0,-0.67,0.04,0.5,-0.004
2018-12-12,164701,贵金属LOF,0.594,0.597,0.593,0.596,426.0,25365.0,0.0,0.01,0.67,0.0
2018-12-13,164701,贵金属LOF,0.597,0.597,0.594,0.596,285.0,16987.0,0.0,0.01,0.5,0.0
2018-12-14,164701,贵金属LOF,0.594,0.598,0.594,0.598,90.0,5362.0,0.34,0.0,0.67,0.002
2018-12-17,164701,贵金属LOF,0.599,0.599,0.59,0.592,750.0,44443.0,-1.0,0.02,1.51,-0.006
2018-12-18,164701,贵金属LOF,0.597,0.597,0.593,0.593,248.0,14729.0,0.17,0.01,0.68,0.001
2018-12-19,164701,贵金属LOF,0.593,0.596,0.593,0.594,129.0,7666.0,0.17,0.0,0.51,0.001
2018-12-20,164701,贵金属LOF,0.592,0.596,0.592,0.594,1105.0,65562.0,0.0,0.04,0.67,0.0
2018-12-21,164701,贵金属LOF,0.595,0.601,0.595,0.598,869.0,51982.0,0.67,0.03,1.01,0.004
2018-12-24,164701,贵金属LOF,0.596,0.601,0.595,0.6,1846.0,110431.0,0.33,0.06,1.0,0.002
2018-12-25,164701,贵金属LOF,0.607,0.607,0.599,0.6,1004.0,60256.0,0.0,0.03,1.33,0.0
2018-12-26,164701,贵金属LOF,0.601,0.605,0.6,0.605,596.0,35964.0,0.83,0.02,0.83,0.005
2018-12-27,164701,贵金属LOF,0.6,0.619,0.6,0.61,1530.0,92958.0,0.83,0.05,3.14,0.005
2018-12-28,164701,贵金属LOF,0.615,0.657,0.609,0.624,14002.0,875940.0,2.3,0.46,7.87,0.014
2019-01-02,164701,贵金属LOF,0.674,0.674,0.62,0.624,4379.0,274048.0,0.0,0.14,8.65,0.0
2019-01-03,164701,贵金属LOF,0.626,0.63,0.619,0.622,2731.0,170062.0,-0.32,0.09,1.76,-0.002
2019-01-04,164701,贵金属LOF,0.622,0.627,0.611,0.621,6846.0,423710.0,-0.16,0.22,2.57,-0.001
2019-01-07,164701,贵金属LOF,0.61,0.619,0.61,0.617,703.0,43239.0,-0.64,0.02,1.45,-0.004
2019-01-08,164701,贵金属LOF,0.617,0.617,0.603,0.607,11914.0,720181.0,-1.62,0.39,2.27,-0.01
2019-01-09,164701,贵金属LOF,0.603,0.609,0.603,0.606,1258.0,76324.0,-0.16,0.04,0.99,-0.001
2019-01-10,164701,贵金属LOF,0.605,0.613,0.605,0.612,1971.0,119993.0,0.99,0.06,1.32,0.006
2019-01-11,164701,贵金属LOF,0.606,0.612,0.606,0.608,728.0,44241.0,-0.65,0.02,0.98,-0.004
2019-01-14,164701,贵金属LOF,0.61,0.61,0.605,0.608,175.0,10667.0,0.0,0.01,0.82,0.0
2019-01-15,164701,贵金属LOF,0.611,0.612,0.603,0.609,253.0,15404.0,0.16,0.01,1.48,0.001
2019-01-16,164701,贵金属LOF,0.604,0.612,0.604,0.61,810.0,49279.0,0.16,0.03,1.31,0.001
2019-01-17,164701,贵金属LOF,0.609,0.609,0.606,0.608,2938.0,178866.0,-0.33,0.1,0.49,-0.002
2019-01-18,164701,贵金属LOF,0.61,0.61,0.603,0.605,956.0,58009.0,-0.49,0.03,1.15,-0.003
2019-01-21,164701,贵金属LOF,0.608,0.609,0.597,0.599,1896.0,113905.0,-0.99,0.06,1.98,-0.006
2019-01-22,164701,贵金属LOF,0.604,0.604,0.599,0.602,1050.0,63194.0,0.5,0.03,0.83,0.003
2019-01-23,164701,贵金属LOF,0.608,0.609,0.6,0.605,560.0,33896.0,0.5,0.02,1.5,0.003
2019-01-24,164701,贵金属LOF,0.607,0.607,0.6,0.602,37.0,2231.0,-0.5,0.0,1.16,-0.003
2019-01-25,164701,贵金属LOF,0.601,0.607,0.599,0.601,355.0,21405.0,-0.17,0.01,1.33,-0.001
2019-01-28,164701,贵金属LOF,0.604,0.606,0.604,0.606,807.0,48877.0,0.83,0.03,0.33,0.005
2019-01-29,164701,贵金属LOF,0.608,0.615,0.608,0.612,1754.0,107175.0,0.99,0.06,1.16,0.006
2019-01-30,164701,贵金属LOF,0.619,0.619,0.608,0.611,897.0,55041.0,-0.16,0.03,1.8,-0.001
2019-01-31,164701,贵金属LOF,0.615,0.617,0.611,0.613,2690.0,165458.0,0.33,0.09,0.98,0.002
2019-02-01,164701,贵金属LOF,0.62,0.62,0.608,0.612,778.0,47576.0,-0.16,0.03,1.96,-0.001
2019-02-11,164701,贵金属LOF,0.607,0.609,0.605,0.607,11458.0,694561.0,-0.82,0.37,0.65,-0.005
2019-02-12,164701,贵金属LOF,0.609,0.611,0.605,0.611,1683.0,102181.0,0.66,0.05,0.99,0.004
2019-02-13,164701,贵金属LOF,0.614,0.614,0.608,0.609,3012.0,183375.0,-0.33,0.1,0.98,-0.002
2019-02-14,164701,贵金属LOF,0.606,0.608,0.605,0.607,8032.0,487151.0,-0.33,0.26,0.49,-0.002
2019-02-15,164701,贵金属LOF,0.608,0.616,0.607,0.611,1915.0,116585.0,0.66,0.06,1.48,0.004
2019-02-18,164701,贵金属LOF,0.616,0.616,0.61,0.612,5590.0,341716.0,0.16,0.18,0.98,0.001
2019-02-19,164701,贵金属LOF,0.614,0.614,0.609,0.612,1957.0,119652.0,0.0,0.06,0.82,0.0
2019-02-20,164701,贵金属LOF,0.617,0.62,0.615,0.617,1361.0,83931.0,0.82,0.04,0.82,0.005
2019-02-21,164701,贵金属LOF,0.617,0.617,0.613,0.616,7579.0,466077.0,-0.16,0.25,0.65,-0.001
2019-02-22,164701,贵金属LOF,0.614,0.616,0.61,0.613,1476.0,90309.0,-0.49,0.05,0.97,-0.003
2019-02-25,164701,贵金属LOF,0.614,0.614,0.607,0.61,15690.0,955920.0,-0.49,0.51,1.14,-0.003
2019-02-26,164701,贵金属LOF,0.607,0.609,0.602,0.608,10053.0,608285.0,-0.33,0.33,1.15,-0.002
2019-02-27,164701,贵金属LOF,0.607,0.608,0.605,0.607,8758.0,531593.0,-0.16,0.29,0.49,-0.001
2019-02-28,164701,贵金属LOF,0.608,0.608,0.605,0.606,1168.0,70782.0,-0.16,0.04,0.49,-0.001
2019-03-01,164701,贵金属LOF,0.604,0.608,0.604,0.604,3052.0,184904.0,-0.33,0.1,0.66,-0.002
2019-03-04,164701,贵金属LOF,0.604,0.604,0.595,0.598,15681.0,939083.0,-0.99,0.51,1.49,-0.006
2019-03-05,164701,贵金属LOF,0.594,0.598,0.593,0.596,12338.0,734236.0,-0.33,0.4,0.84,-0.002
2019-03-06,164701,贵金属LOF,0.597,0.598,0.595,0.598,4556.0,271597.0,0.34,0.15,0.5,0.002
2019-03-07,164701,贵金属LOF,0.599,0.601,0.596,0.6,3796.0,226877.0,0.33,0.12,0.84,0.002
2019-03-08,164701,贵金属LOF,0.597,0.605,0.597,0.604,12351.0,744319.0,0.67,0.4,1.33,0.004
2019-03-11,164701,贵金属LOF,0.606,0.606,0.601,0.602,3487.0,210208.0,-0.33,0.11,0.83,-0.002
2019-03-12,164701,贵金属LOF,0.603,0.603,0.598,0.601,5388.0,323491.0,-0.17,0.18,0.83,-0.001
2019-03-13,164701,贵金属LOF,0.601,0.605,0.601,0.604,4516.0,272812.0,0.5,0.15,0.67,0.003
2019-03-14,164701,贵金属LOF,0.606,0.606,0.603,0.604,2639.0,159495.0,0.0,0.09,0.5,0.0
2019-03-15,164701,贵金属LOF,0.598,0.602,0.596,0.601,13684.0,819076.0,-0.5,0.45,0.99,-0.003
2019-03-18,164701,贵金属LOF,0.602,0.602,0.6,0.602,6290.0,378279.0,0.17,0.21,0.33,0.001
2019-03-19,164701,贵金属LOF,0.601,0.603,0.6,0.603,4056.0,243908.0,0.17,0.13,0.5,0.001
2019-03-20,164701,贵金属LOF,0.6,0.603,0.599,0.602,2138.0,128432.0,-0.17,0.07,0.66,-0.001
2019-03-21,164701,贵金属LOF,0.604,0.604,0.602,0.603,9717.0,586609.0,0.17,0.32,0.33,0.001
2019-03-22,164701,贵金属LOF,0.601,0.604,0.601,0.603,2212.0,133259.0,0.0,0.07,0.5,0.0
2019-03-25,164701,贵金属LOF,0.603,0.605,0.603,0.604,5438.0,328425.0,0.17,0.18,0.33,0.001
2019-03-26,164701,贵金属LOF,0.606,0.607,0.603,0.604,5326.0,322444.0,0.0,0.17,0.66,0.0
2019-03-27,164701,贵金属LOF,0.605,0.606,0.601,0.604,9929.0,598649.0,0.0,0.32,0.83,0.0
2019-03-28,164701,贵金属LOF,0.604,0.604,0.601,0.604,822.0,49469.0,0.0,0.03,0.5,0.0
2019-03-29,164701,贵金属LOF,0.595,0.596,0.592,0.595,12748.0,757214.0,-1.49,0.42,0.66,-0.009
2019-04-01,164701,贵金属LOF,0.595,0.598,0.594,0.596,6328.0,377091.0,0.17,0.21,0.67,0.001
2019-04-02,164701,贵金属LOF,0.594,0.598,0.594,0.597,3286.0,196020.0,0.17,0.11,0.67,0.001
2019-04-03,164701,贵金属LOF,0.597,0.597,0.595,0.597,5614.0,334658.0,0.0,0.18,0.34,0.0
2019-04-04,164701,贵金属LOF,0.596,0.599,0.595,0.597,2742.0,163637.0,0.0,0.09,0.67,0.0
2019-04-08,164701,贵金属LOF,0.599,0.6,0.597,0.599,1790.0,107336.0,0.34,0.06,0.5,0.002
2019-04-09,164701,贵金属LOF,0.599,0.614,0.598,0.604,23291.0,1411958.0,0.83,0.76,2.67,0.005
2019-04-10,164701,贵金属LOF,0.612,0.612,0.6,0.603,15741.0,950691.0,-0.17,0.51,1.99,-0.001
2019-04-11,164701,贵金属LOF,0.604,0.604,0.602,0.603,1997.0,120446.0,0.0,0.07,0.33,0.0
2019-04-12,164701,贵金属LOF,0.596,0.601,0.595,0.601,2545.0,152005.0,-0.33,0.08,1.0,-0.002
2019-04-15,164701,贵金属LOF,0.597,0.602,0.597,0.597,6201.0,371623.0,-0.67,0.2,0.83,-0.004
2019-04-16,164701,贵金属LOF,0.597,0.6,0.595,0.599,1051.0,62679.0,0.34,0.03,0.84,0.002
2019-04-17,164701,贵金属LOF,0.6,0.6,0.596,0.6,187.0,11239.0,0.17,0.01,0.67,0.001
2019-04-18,164701,贵金属LOF,0.6,0.6,0.594,0.596,2852.0,170438.0,-0.67,0.09,1.0,-0.004
2019-04-19,164701,贵金属LOF,0.602,0.602,0.596,0.596,230.0,13725.0,0.0,0.01,1.01,0.0
2019-04-22,164701,贵金属LOF,0.595,0.6,0.595,0.597,390.0,23333.0,0.17,0.01,0.84,0.001
2019-04-23,164701,贵金属LOF,0.597,0.597,0.592,0.596,742.0,44066.0,-0.17,0.02,0.84,-0.001
2019-04-24,164701,贵金属LOF,0.592,0.596,0.592,0.596,1769.0,104929.0,0.0,0.06,0.67,0.0
2019-04-25,164701,贵金属LOF,0.599,0.599,0.591,0.595,512.0,30441.0,-0.17,0.02,1.34,-0.001
2019-04-26,164701,贵金属LOF,0.595,0.598,0.594,0.598,931.0,55539.0,0.5,0.03,0.67,0.003
2019-04-29,164701,贵金属LOF,0.596,0.598,0.594,0.598,1121.0,66807.0,0.0,0.04,0.67,0.0
2019-04-30,164701,贵金属LOF,0.597,0.602,0.593,0.6,1955.0,116946.0,0.33,0.06,1.51,0.002
2019-05-06,164701,贵金属LOF,0.591,0.601,0.591,0.599,4928.0,294079.0,-0.17,0.16,1.67,-0.001
2019-05-07,164701,贵金属LOF,0.599,0.601,0.595,0.596,1588.0,94887.0,-0.5,0.05,1.0,-0.003
2019-05-08,164701,贵金属LOF,0.6,0.6,0.588,0.597,2867.0,170580.0,0.17,0.09,2.01,0.001
2019-05-09,164701,贵金属LOF,0.593,0.596,0.59,0.596,4597.0,272417.0,-0.17,0.15,1.01,-0.001
2019-05-10,164701,贵金属LOF,0.599,0.599,0.592,0.594,5557.0,330322.0,-0.34,0.18,1.17,-0.002
2019-05-13,164701,贵金属LOF,0.598,0.598,0.595,0.597,331.0,19717.0,0.51,0.01,0.51,0.003
2019-05-14,164701,贵金属LOF,0.601,0.604,0.601,0.602,8222.0,495497.0,0.84,0.27,0.5,0.005
2019-05-15,164701,贵金属LOF,0.604,0.605,0.603,0.603,2922.0,176378.0,0.17,0.1,0.33,0.001
2019-05-16,164701,贵金属LOF,0.604,0.606,0.604,0.605,852.0,51550.0,0.33,0.03,0.33,0.002
2019-05-17,164701,贵金属LOF,0.602,0.606,0.602,0.606,3254.0,196692.0,0.17,0.11,0.66,0.001
2019-05-20,164701,贵金属LOF,0.607,0.607,0.596,0.603,4865.0,293972.0,-0.5,0.16,1.82,-0.003
2019-05-21,164701,贵金属LOF,0.598,0.606,0.598,0.602,1714.0,102909.0,-0.17,0.06,1.33,-0.001
2019-05-22,164701,贵金属LOF,0.599,0.603,0.599,0.601,908.0,54399.0,-0.17,0.03,0.66,-0.001
2019-05-24,164701,贵金属LOF,0.602,0.603,0.602,0.602,2535.0,152810.0,0.17,0.08,0.17,0.001
2019-05-27,164701,贵金属LOF,0.601,0.603,0.601,0.602,569.0,34269.0,0.0,0.02,0.33,0.0
2019-05-28,164701,贵金属LOF,0.603,0.606,0.602,0.606,310.0,18676.0,0.66,0.01,0.66,0.004
2019-05-29,164701,贵金属LOF,0.6,0.605,0.6,0.605,3636.0,218657.0,-0.17,0.12,0.83,-0.001
2019-05-30,164701,贵金属LOF,0.606,0.606,0.605,0.605,3.0,181.0,0.0,0.0,0.17,0.0
2019-05-31,164701,贵金属LOF,0.606,0.608,0.605,0.608,2006.0,121542.0,0.5,0.07,0.5,0.003
2019-06-03,164701,贵金属LOF,0.607,0.615,0.607,0.612,7488.0,457763.0,0.66,0.24,1.32,0.004
2019-06-04,164701,贵金属LOF,0.615,0.618,0.614,0.614,1554.0,95492.0,0.33,0.05,0.65,0.002
2019-06-05,164701,贵金属LOF,0.618,0.62,0.618,0.62,3693.0,228720.0,0.98,0.12,0.33,0.006
2019-06-06,164701,贵金属LOF,0.62,0.624,0.62,0.622,4035.0,250827.0,0.32,0.13,0.65,0.002
2019-06-10,164701,贵金属LOF,0.622,0.625,0.621,0.621,5103.0,317416.0,-0.16,0.17,0.64,-0.001
2019-06-11,164701,贵金属LOF,0.621,0.625,0.621,0.623,4267.0,266140.0,0.32,0.14,0.64,0.002
2019-06-12,164701,贵金属LOF,0.623,0.631,0.622,0.626,8138.0,509630.0,0.48,0.27,1.44,0.003
2019-06-13,164701,贵金属LOF,0.626,0.628,0.625,0.626,1325.0,82960.0,0.0,0.04,0.48,0.0
2019-06-14,164701,贵金属LOF,0.63,0.634,0.628,0.632,3742.0,236036.0,0.96,0.12,0.96,0.006
2019-06-17,164701,贵金属LOF,0.623,0.636,0.623,0.627,3667.0,229938.0,-0.79,0.12,2.06,-0.005
2019-06-18,164701,贵金属LOF,0.626,0.633,0.626,0.629,183.0,11504.0,0.32,0.01,1.12,0.002
2019-06-19,164701,贵金属LOF,0.632,0.632,0.623,0.624,181.0,11320.0,-0.79,0.01,1.43,-0.005
2019-06-20,164701,贵金属LOF,0.636,0.64,0.631,0.638,3690.0,234436.0,2.24,0.12,1.44,0.014
2019-06-21,164701,贵金属LOF,0.636,0.645,0.636,0.64,3691.0,236896.0,0.31,0.12,1.41,0.002
2019-06-24,164701,贵金属LOF,0.646,0.652,0.646,0.651,7402.0,481821.0,1.72,0.24,0.94,0.011
2019-06-25,164701,贵金属LOF,0.66,0.666,0.651,0.66,16760.0,1106285.0,1.38,0.55,2.3,0.009
2019-06-26,164701,贵金属LOF,0.659,0.659,0.652,0.653,4431.0,291040.0,-1.06,0.14,1.06,-0.007
2019-06-27,164701,贵金属LOF,0.655,0.656,0.65,0.65,4699.0,307011.0,-0.46,0.15,0.92,-0.003
2019-06-28,164701,贵金属LOF,0.652,0.661,0.652,0.656,4793.0,314275.0,0.92,0.16,1.38,0.006
2019-07-01,164701,贵金属LOF,0.656,0.656,0.642,0.645,1908.0,123619.0,-1.68,0.06,2.13,-0.011
2019-07-02,164701,贵金属LOF,0.644,0.65,0.643,0.648,2673.0,172650.0,0.47,0.09,1.09,0.003
2019-07-03,164701,贵金属LOF,0.665,0.665,0.659,0.66,13645.0,902125.0,1.85,0.45,0.93,0.012
2019-07-04,164701,贵金属LOF,0.66,0.661,0.65,0.653,6202.0,406956.0,-1.06,0.2,1.67,-0.007
2019-07-05,164701,贵金属LOF,0.654,0.659,0.654,0.656,3996.0,262073.0,0.46,0.13,0.77,0.003
2019-07-08,164701,贵金属LOF,0.655,0.656,0.651,0.655,4612.0,300754.0,-0.15,0.15,0.76,-0.001
2019-07-09,164701,贵金属LOF,0.656,0.659,0.652,0.652,535.0,35019.0,-0.46,0.02,1.07,-0.003
2019-07-10,164701,贵金属LOF,0.651,0.653,0.651,0.653,64.0,4176.0,0.15,0.0,0.31,0.001
2019-07-11,164701,贵金属LOF,0.66,0.717,0.655,0.662,1061.0,70539.0,1.38,0.03,9.49,0.009
2019-07-12,164701,贵金属LOF,0.662,0.664,0.659,0.659,995.0,65796.0,-0.45,0.03,0.76,-0.003
2019-07-15,164701,贵金属LOF,0.663,0.663,0.653,0.655,5167.0,340632.0,-0.61,0.17,1.52,-0.004
2019-07-16,164701,贵金属LOF,0.656,0.664,0.656,0.658,5698.0,375035.0,0.46,0.19,1.22,0.003
2019-07-17,164701,贵金属LOF,0.654,0.661,0.654,0.656,3957.0,259581.0,-0.3,0.13,1.06,-0.002
2019-07-18,164701,贵金属LOF,0.663,0.665,0.659,0.663,5152.0,341399.0,1.07,0.17,0.91,0.007
2019-07-19,164701,贵金属LOF,0.667,0.672,0.667,0.671,6836.0,457957.0,1.21,0.22,0.75,0.008
2019-07-22,164701,贵金属LOF,0.668,0.668,0.663,0.666,1908.0,126927.0,-0.75,0.06,0.75,-0.005
2019-07-23,164701,贵金属LOF,0.666,0.666,0.66,0.662,1357.0,89843.0,-0.6,0.04,0.9,-0.004
2019-07-24,164701,贵金属LOF,0.663,0.665,0.659,0.661,2262.0,149937.0,-0.15,0.07,0.91,-0.001
2019-07-25,164701,贵金属LOF,0.662,0.663,0.661,0.661,992.0,65639.0,0.0,0.03,0.3,0.0
2019-07-26,164701,贵金属LOF,0.661,0.661,0.659,0.66,1909.0,125996.0,-0.15,0.06,0.3,-0.001
2019-07-29,164701,贵金属LOF,0.662,0.663,0.662,0.663,194.0,12843.0,0.45,0.01,0.15,0.003
2019-07-30,164701,贵金属LOF,0.662,0.665,0.661,0.665,40.0,2657.0,0.3,0.0,0.6,0.002
2019-07-31,164701,贵金属LOF,0.665,0.665,0.663,0.663,371.0,24597.0,-0.3,0.01,0.3,-0.002
2019-08-01,164701,贵金属LOF,0.66,0.66,0.655,0.657,1197.0,78635.0,-0.9,0.04,0.75,-0.006
2019-08-02,164701,贵金属LOF,0.667,0.669,0.664,0.664,3325.0,221908.0,1.07,0.11,0.76,0.007
2019-08-05,164701,贵金属LOF,0.675,0.698,0.674,0.689,3197.0,218008.0,3.77,0.1,3.61,0.025
2019-08-06,164701,贵金属LOF,0.69,0.72,0.688,0.688,5856.0,407212.0,-0.15,0.19,4.64,-0.001
2019-08-07,164701,贵金属LOF,0.699,0.707,0.699,0.704,8329.0,586334.0,2.33,0.27,1.16,0.016
2019-08-08,164701,贵金属LOF,0.71,0.714,0.705,0.71,4510.0,320053.0,0.85,0.15,1.28,0.006
2019-08-09,164701,贵金属LOF,0.706,0.715,0.705,0.709,7204.0,511888.0,-0.14,0.24,1.41,-0.001
2019-08-12,164701,贵金属LOF,0.707,0.708,0.707,0.707,1521.0,107530.0,-0.28,0.05,0.14,-0.002
2019-08-13,164701,贵金属LOF,0.712,0.722,0.712,0.722,3726.0,268095.0,2.12,0.12,1.41,0.015
2019-08-14,164701,贵金属LOF,0.714,0.714,0.708,0.711,1371.0,97362.0,-1.52,0.04,0.83,-0.011
2019-08-15,164701,贵金属LOF,0.72,0.735,0.715,0.72,1877.0,135501.0,1.27,0.06,2.81,0.009
2019-08-16,164701,贵金属LOF,0.723,0.73,0.72,0.723,1469.0,105848.0,0.42,0.05,1.39,0.003
2019-08-19,164701,贵金属LOF,0.711,0.716,0.711,0.715,1056.0,75259.0,-1.11,0.03,0.69,-0.008
2019-08-20,164701,贵金属LOF,0.706,0.71,0.705,0.707,2502.0,176988.0,-1.12,0.08,0.7,-0.008
2019-08-21,164701,贵金属LOF,0.711,0.714,0.711,0.713,2716.0,193241.0,0.85,0.09,0.42,0.006
2019-08-22,164701,贵金属LOF,0.708,0.715,0.708,0.713,508.0,36137.0,0.0,0.02,0.98,0.0
2019-08-23,164701,贵金属LOF,0.71,0.71,0.709,0.71,120.0,8510.0,-0.42,0.0,0.14,-0.003
2019-08-26,164701,贵金属LOF,0.724,0.738,0.724,0.735,2437.0,179299.0,3.52,0.08,1.97,0.025
2019-08-27,164701,贵金属LOF,0.734,0.737,0.727,0.737,1645.0,120784.0,0.27,0.05,1.36,0.002
2019-08-28,164701,贵金属LOF,0.739,0.74,0.732,0.732,1009.0,74194.0,-0.68,0.03,1.09,-0.005
2019-08-29,164701,贵金属LOF,0.735,0.74,0.733,0.74,1682.0,123768.0,1.09,0.05,0.96,0.008
2019-08-30,164701,贵金属LOF,0.726,0.735,0.726,0.735,204.0,14962.0,-0.68,0.01,1.22,-0.005
2019-09-02,164701,贵金属LOF,0.726,0.728,0.725,0.727,479.0,34808.0,-1.09,0.02,0.41,-0.008
2019-09-03,164701,贵金属LOF,0.73,0.734,0.728,0.734,1352.0,98814.0,0.96,0.04,0.83,0.007
2019-09-04,164701,贵金属LOF,0.738,0.738,0.734,0.735,1605.0,118083.0,0.14,0.05,0.54,0.001
2019-09-05,164701,贵金属LOF,0.734,0.735,0.731,0.733,1296.0,95036.0,-0.27,0.04,0.54,-0.002
2019-09-06,164701,贵金属LOF,0.729,0.729,0.72,0.725,1936.0,139877.0,-1.09,0.06,1.23,-0.008
2019-09-09,164701,贵金属LOF,0.723,0.723,0.721,0.722,141.0,10172.0,-0.41,0.0,0.28,-0.003
2019-09-10,164701,贵金属LOF,0.72,0.72,0.708,0.71,2801.0,199166.0,-1.66,0.09,1.66,-0.012
2019-09-11,164701,贵金属LOF,0.713,0.713,0.71,0.712,1166.0,82990.0,0.28,0.04,0.42,0.002
2019-09-12,164701,贵金属LOF,0.71,0.71,0.707,0.71,1805.0,127938.0,-0.28,0.06,0.42,-0.002
2019-09-16,164701,贵金属LOF,0.709,0.713,0.708,0.712,774.0,55031.0,0.28,0.03,0.7,0.002
2019-09-17,164701,贵金属LOF,0.712,0.712,0.71,0.71,58.0,4128.0,-0.28,0.0,0.28,-0.002
2019-09-18,164701,贵金属LOF,0.711,0.712,0.711,0.712,68.0,4835.0,0.28,0.0,0.14,0.002
2019-09-19,164701,贵金属LOF,0.71,0.71,0.707,0.709,163.0,11542.0,-0.42,0.01,0.42,-0.003
2019-09-20,164701,贵金属LOF,0.709,0.713,0.709,0.713,377.0,26853.0,0.56,0.01,0.56,0.004
2019-09-23,164701,贵金属LOF,0.713,0.729,0.713,0.725,2702.0,195441.0,1.68,0.09,2.24,0.012
2019-09-24,164701,贵金属LOF,0.724,0.74,0.724,0.731,847.0,61969.0,0.83,0.03,2.21,0.006
2019-09-25,164701,贵金属LOF,0.737,0.739,0.726,0.726,824.0,60598.0,-0.68,0.03,1.78,-0.005
2019-09-26,164701,贵金属LOF,0.732,0.798,0.726,0.732,4131.0,312809.0,0.83,0.13,9.92,0.006
2019-09-27,164701,贵金属LOF,0.73,0.776,0.72,0.75,3900.0,292156.0,2.46,0.13,7.65,0.018
2019-09-30,164701,贵金属LOF,0.724,0.728,0.684,0.71,8524.0,599480.0,-5.33,0.28,5.87,-0.04
2019-10-08,164701,贵金属LOF,0.71,0.71,0.706,0.706,810.0,57333.0,-0.56,0.03,0.56,-0.004
2019-10-09,164701,贵金属LOF,0.707,0.721,0.707,0.718,1580.0,113124.0,1.7,0.05,1.98,0.012
2019-10-10,164701,贵金属LOF,0.718,0.718,0.711,0.711,353.0,25149.0,-0.97,0.01,0.97,-0.007
2019-10-11,164701,贵金属LOF,0.71,0.71,0.707,0.71,86.0,6099.0,-0.14,0.0,0.42,-0.001
2019-10-14,164701,贵金属LOF,0.707,0.708,0.702,0.707,186.0,13116.0,-0.42,0.01,0.85,-0.003
2019-10-15,164701,贵金属LOF,0.706,0.709,0.703,0.707,658.0,46521.0,0.0,0.02,0.85,0.0
2019-10-16,164701,贵金属LOF,0.705,0.708,0.704,0.708,131.0,9248.0,0.14,0.0,0.57,0.001
2019-10-17,164701,贵金属LOF,0.706,0.709,0.706,0.709,525.0,37187.0,0.14,0.02,0.42,0.001
2019-10-18,164701,贵金属LOF,0.708,0.713,0.708,0.711,100.0,7103.0,0.28,0.0,0.71,0.002
2019-10-21,164701,贵金属LOF,0.708,0.708,0.705,0.707,129.0,9118.0,-0.56,0.0,0.42,-0.004
2019-10-22,164701,贵金属LOF,0.706,0.706,0.703,0.705,316.0,22219.0,-0.28,0.01,0.42,-0.002
2019-10-23,164701,贵金属LOF,0.704,0.707,0.704,0.707,976.0,68742.0,0.28,0.03,0.43,0.002
2019-10-24,164701,贵金属LOF,0.707,0.707,0.707,0.707,1.0,70.0,0.0,0.0,0.0,0.0
2019-10-25,164701,贵金属LOF,0.707,0.714,0.707,0.713,354.0,25213.0,0.85,0.01,0.99,0.006
2019-10-28,164701,贵金属LOF,0.714,0.715,0.714,0.715,260.0,18566.0,0.28,0.01,0.14,0.002
2019-10-29,164701,贵金属LOF,0.713,0.713,0.707,0.707,14.0,994.0,-1.12,0.0,0.84,-0.008
2019-10-31,164701,贵金属LOF,0.712,0.727,0.701,0.705,3861.0,276347.0,-0.28,0.13,3.68,-0.002
2019-11-01,164701,贵金属LOF,0.711,0.718,0.71,0.712,568.0,40544.0,0.99,0.02,1.13,0.007
2019-11-04,164701,贵金属LOF,0.714,0.716,0.714,0.715,695.0,49671.0,0.42,0.02,0.28,0.003
2019-11-05,164701,贵金属LOF,0.713,0.713,0.711,0.711,31.0,2205.0,-0.56,0.0,0.28,-0.004
2019-11-06,164701,贵金属LOF,0.703,0.708,0.702,0.706,2753.0,193697.0,-0.7,0.09,0.84,-0.005
2019-11-07,164701,贵金属LOF,0.708,0.709,0.702,0.706,1324.0,93417.0,0.0,0.04,0.99,0.0
2019-11-08,164701,贵金属LOF,0.702,0.704,0.698,0.699,261.0,18232.0,-0.99,0.01,0.85,-0.007
2019-11-11,164701,贵金属LOF,0.694,0.698,0.694,0.698,504.0,34982.0,-0.14,0.02,0.57,-0.001
2019-11-12,164701,贵金属LOF,0.696,0.696,0.684,0.692,188.0,12879.0,-0.86,0.01,1.72,-0.006
2019-11-13,164701,贵金属LOF,0.692,0.697,0.682,0.692,900.0,61904.0,0.0,0.03,2.17,0.0
2019-11-14,164701,贵金属LOF,0.693,0.694,0.688,0.694,905.0,62398.0,0.29,0.03,0.87,0.002
2019-11-15,164701,贵金属LOF,0.692,0.693,0.69,0.691,828.0,57245.0,-0.43,0.03,0.43,-0.003
2019-11-18,164701,贵金属LOF,0.69,0.69,0.684,0.686,2556.0,175200.0,-0.72,0.08,0.87,-0.005
2019-11-19,164701,贵金属LOF,0.689,0.691,0.687,0.69,1503.0,103564.0,0.58,0.05,0.58,0.004
2019-11-20,164701,贵金属LOF,0.693,0.693,0.691,0.691,1156.0,79910.0,0.14,0.04,0.29,0.001
2019-11-21,164701,贵金属LOF,0.691,0.694,0.691,0.693,495.0,34228.0,0.29,0.02,0.43,0.002
2019-11-22,164701,贵金属LOF,0.692,0.692,0.692,0.692,20.0,1384.0,-0.14,0.0,0.0,-0.001
2019-11-25,164701,贵金属LOF,0.692,0.692,0.691,0.692,74.0,5119.0,0.0,0.0,0.14,0.0
2019-11-26,164701,贵金属LOF,0.692,0.692,0.692,0.692,438.0,30309.0,0.0,0.01,0.0,0.0
2019-11-27,164701,贵金属LOF,0.689,0.692,0.689,0.691,387.0,26684.0,-0.14,0.01,0.43,-0.001
2019-11-28,164701,贵金属LOF,0.692,0.692,0.689,0.689,336.0,23195.0,-0.29,0.01,0.43,-0.002
2019-11-29,164701,贵金属LOF,0.688,0.69,0.688,0.69,431.0,29659.0,0.15,0.01,0.29,0.001
2019-12-02,164701,贵金属LOF,0.687,0.687,0.684,0.687,150.0,10290.0,-0.43,0.0,0.43,-0.003
2019-12-03,164701,贵金属LOF,0.687,0.688,0.687,0.687,22.0,1512.0,0.0,0.0,0.15,0.0
2019-12-04,164701,贵金属LOF,0.692,0.698,0.692,0.696,1977.0,137576.0,1.31,0.06,0.87,0.009
2019-12-05,164701,贵金属LOF,0.696,0.703,0.696,0.703,685.0,47847.0,1.01,0.02,1.01,0.007
2019-12-09,164701,贵金属LOF,0.698,0.703,0.694,0.7,92.0,6438.0,-0.43,0.0,1.28,-0.003
2019-12-10,164701,贵金属LOF,0.694,0.701,0.694,0.695,13.0,904.0,-0.71,0.0,1.0,-0.005
2019-12-11,164701,贵金属LOF,0.698,0.699,0.694,0.695,35.0,2433.0,0.0,0.0,0.72,0.0
2019-12-12,164701,贵金属LOF,0.696,0.703,0.696,0.697,28.0,1951.0,0.29,0.0,1.01,0.002
2019-12-13,164701,贵金属LOF,0.697,0.697,0.693,0.693,114.0,7935.0,-0.57,0.0,0.57,-0.004
2019-12-16,164701,贵金属LOF,0.693,0.698,0.693,0.696,35.0,2436.0,0.43,0.0,0.72,0.003
2019-12-17,164701,贵金属LOF,0.693,0.697,0.689,0.69,714.0,49345.0,-0.86,0.02,1.15,-0.006
2019-12-18,164701,贵金属LOF,0.686,0.692,0.686,0.689,26.0,1795.0,-0.14,0.0,0.87,-0.001
2019-12-19,164701,贵金属LOF,0.696,0.696,0.688,0.69,32.0,2211.0,0.15,0.0,1.16,0.001
2019-12-20,164701,贵金属LOF,0.691,0.694,0.69,0.691,524.0,36161.0,0.14,0.02,0.58,0.001
2019-12-23,164701,贵金属LOF,0.692,0.697,0.692,0.692,433.0,30042.0,0.14,0.01,0.72,0.001
2019-12-24,164701,贵金属LOF,0.696,0.7,0.692,0.7,229.0,16002.0,1.16,0.01,1.16,0.008
2019-12-25,164701,贵金属LOF,0.7,0.703,0.7,0.701,448.0,31484.0,0.14,0.01,0.43,0.001
2019-12-26,164701,贵金属LOF,0.701,0.704,0.696,0.701,152.0,10644.0,0.0,0.0,1.14,0.0
2019-12-27,164701,贵金属LOF,0.701,0.705,0.701,0.705,1113.0,78102.0,0.57,0.04,0.57,0.004
2019-12-30,164701,贵金属LOF,0.704,0.706,0.703,0.703,1311.0,92184.0,-0.28,0.04,0.43,-0.002
2019-12-31,164701,贵金属LOF,0.709,0.711,0.706,0.709,568.0,40285.0,0.85,0.02,0.71,0.006
2020-01-02,164701,贵金属LOF,0.71,0.712,0.705,0.706,266.0,18811.0,-0.42,0.01,0.99,-0.003
2020-01-03,164701,贵金属LOF,0.711,0.72,0.711,0.72,1069.0,76571.0,1.98,0.03,1.27,0.014
2020-01-06,164701,贵金属LOF,0.73,0.738,0.723,0.733,4462.0,325548.0,1.81,0.15,2.08,0.013
2020-01-07,164701,贵金属LOF,0.726,0.727,0.718,0.725,658.0,47633.0,-1.09,0.02,1.23,-0.008
2020-01-08,164701,贵金属LOF,0.733,0.745,0.733,0.745,2226.0,164593.0,2.76,0.07,1.66,0.02
2020-01-09,164701,贵金属LOF,0.734,0.744,0.72,0.723,2048.0,148077.0,-2.95,0.07,3.22,-0.022
2020-01-10,164701,贵金属LOF,0.722,0.727,0.719,0.726,999.0,72432.0,0.41,0.03,1.11,0.003
2020-01-13,164701,贵金属LOF,0.728,0.731,0.721,0.721,105.0,7599.0,-0.69,0.0,1.38,-0.005
2020-01-14,164701,贵金属LOF,0.723,0.725,0.718,0.719,384.0,27678.0,-0.28,0.01,0.97,-0.002
2020-01-15,164701,贵金属LOF,0.723,0.724,0.714,0.716,399.0,28595.0,-0.42,0.01,1.39,-0.003
2020-01-16,164701,贵金属LOF,0.716,0.717,0.715,0.716,67.0,4799.0,0.0,0.0,0.28,0.0
2020-01-17,164701,贵金属LOF,0.716,0.719,0.714,0.717,857.0,61373.0,0.14,0.03,0.7,0.001
2020-01-20,164701,贵金属LOF,0.716,0.718,0.712,0.715,990.0,70630.0,-0.28,0.03,0.84,-0.002
2020-01-21,164701,贵金属LOF,0.716,0.731,0.714,0.721,5032.0,363484.0,0.84,0.16,2.38,0.006
2020-01-22,164701,贵金属LOF,0.722,0.724,0.713,0.719,253.0,18138.0,-0.28,0.01,1.53,-0.002
2020-01-23,164701,贵金属LOF,0.719,0.722,0.716,0.721,618.0,44466.0,0.28,0.02,0.83,0.002
2020-02-03,164701,贵金属LOF,0.721,0.733,0.718,0.73,4235.0,309071.0,1.25,0.14,2.08,0.009
2020-02-04,164701,贵金属LOF,0.731,0.732,0.724,0.724,224.0,16350.0,-0.82,0.01,1.1,-0.006
2020-02-05,164701,贵金属LOF,0.72,0.74,0.72,0.74,787.0,57581.0,2.21,0.03,2.76,0.016
2020-02-06,164701,贵金属LOF,0.732,0.748,0.728,0.731,1971.0,144575.0,-1.22,0.06,2.7,-0.009
2020-02-07,164701,贵金属LOF,0.731,0.731,0.725,0.73,1048.0,76221.0,-0.14,0.03,0.82,-0.001
2020-02-10,164701,贵金属LOF,0.73,0.732,0.727,0.731,1225.0,89468.0,0.14,0.04,0.68,0.001
2020-02-11,164701,贵金属LOF,0.731,0.732,0.725,0.73,73.0,5326.0,-0.14,0.0,0.96,-0.001
2020-02-12,164701,贵金属LOF,0.731,0.731,0.726,0.728,313.0,22816.0,-0.27,0.01,0.68,-0.002
2020-02-13,164701,贵金属LOF,0.731,0.733,0.729,0.733,155.0,11330.0,0.69,0.01,0.55,0.005
2020-02-14,164701,贵金属LOF,0.733,0.734,0.732,0.733,334.0,24468.0,0.0,0.01,0.27,0.0
2020-02-17,164701,贵金属LOF,0.732,0.738,0.732,0.735,1114.0,81803.0,0.27,0.04,0.82,0.002
2020-02-18,164701,贵金属LOF,0.736,0.74,0.733,0.734,404.0,29710.0,-0.14,0.01,0.95,-0.001
2020-02-19,164701,贵金属LOF,0.743,0.75,0.741,0.75,1899.0,141322.0,2.18,0.06,1.23,0.016
2020-02-20,164701,贵金属LOF,0.752,0.754,0.748,0.752,487.0,36599.0,0.27,0.02,0.8,0.002
2020-02-21,164701,贵金属LOF,0.758,0.764,0.753,0.762,775.0,59020.0,1.33,0.03,1.46,0.01
2020-02-24,164701,贵金属LOF,0.776,0.785,0.762,0.775,8772.0,678975.0,1.71,0.29,3.02,0.013
2020-02-25,164701,贵金属LOF,0.776,0.776,0.767,0.775,5663.0,437454.0,0.0,0.18,1.16,0.0
2020-02-26,164701,贵金属LOF,0.77,0.77,0.763,0.764,1936.0,148032.0,-1.42,0.06,0.9,-0.011
2020-02-27,164701,贵金属LOF,0.769,0.769,0.762,0.766,602.0,45934.0,0.26,0.02,0.92,0.002
2020-02-28,164701,贵金属LOF,0.767,0.767,0.751,0.755,4387.0,334218.0,-1.44,0.14,2.09,-0.011
2020-03-02,164701,贵金属LOF,0.75,0.75,0.741,0.746,1271.0,94693.0,-1.19,0.04,1.19,-0.009
2020-03-03,164701,贵金属LOF,0.749,0.75,0.741,0.741,751.0,55955.0,-0.67,0.02,1.21,-0.005
2020-03-04,164701,贵金属LOF,0.756,0.758,0.753,0.757,1458.0,110079.0,2.16,0.05,0.67,0.016
2020-03-05,164701,贵金属LOF,0.752,0.758,0.751,0.756,165.0,12431.0,-0.13,0.01,0.92,-0.001
2020-03-06,164701,贵金属LOF,0.765,0.771,0.765,0.769,2117.0,162376.0,1.72,0.07,0.79,0.013
2020-03-09,164701,贵金属LOF,0.775,0.78,0.765,0.77,5178.0,402665.0,0.13,0.17,1.95,0.001
2020-03-10,164701,贵金属LOF,0.77,0.779,0.762,0.763,1356.0,103830.0,-0.91,0.04,2.21,-0.007
2020-03-11,164701,贵金属LOF,0.764,0.773,0.764,0.768,1345.0,103095.0,0.66,0.04,1.18,0.005
2020-03-12,164701,贵金属LOF,0.763,0.764,0.762,0.762,608.0,46340.0,-0.78,0.02,0.26,-0.006
2020-03-13,164701,贵金属LOF,0.753,0.753,0.72,0.73,3325.0,244216.0,-4.2,0.11,4.33,-0.032
2020-03-16,164701,贵金属LOF,0.72,0.73,0.714,0.73,2903.0,209285.0,0.0,0.09,2.19,0.0
2020-03-17,164701,贵金属LOF,0.712,0.719,0.71,0.71,811.0,57774.0,-2.74,0.03,1.23,-0.02
2020-03-18,164701,贵金属LOF,0.715,0.729,0.714,0.723,2556.0,184687.0,1.83,0.08,2.11,0.013
2020-03-19,164701,贵金属LOF,0.715,0.721,0.706,0.709,90.0,6381.0,-1.94,0.0,2.07,-0.014
2020-03-20,164701,贵金属LOF,0.705,0.708,0.699,0.707,3387.0,238037.0,-0.28,0.11,1.27,-0.002
2020-03-23,164701,贵金属LOF,0.708,0.722,0.702,0.711,2485.0,177338.0,0.57,0.08,2.83,0.004
2020-03-24,164701,贵金属LOF,0.753,0.753,0.729,0.749,109.0,8181.0,5.34,0.0,3.38,0.038
2020-03-25,164701,贵金属LOF,0.778,0.778,0.7,0.756,3300.0,240049.0,0.93,0.11,10.41,0.007
2020-03-26,164701,贵金属LOF,0.746,0.755,0.746,0.749,592.0,44284.0,-0.93,0.02,1.19,-0.007
2020-03-27,164701,贵金属LOF,0.76,0.76,0.752,0.754,700.0,52832.0,0.67,0.02,1.07,0.005
2020-03-30,164701,贵金属LOF,0.759,0.759,0.754,0.754,315.0,23793.0,0.0,0.01,0.66,0.0
2020-03-31,164701,贵金属LOF,0.76,0.76,0.76,0.76,98.0,7448.0,0.8,0.0,0.0,0.006
2020-04-01,164701,贵金属LOF,0.755,0.756,0.744,0.756,80.0,6032.0,-0.53,0.0,1.58,-0.004
2020-04-02,164701,贵金属LOF,0.756,0.758,0.756,0.758,176.0,13325.0,0.26,0.01,0.26,0.002
2020-04-03,164701,贵金属LOF,0.768,0.768,0.757,0.767,53.0,4040.0,1.19,0.0,1.45,0.009
2020-04-07,164701,贵金属LOF,0.77,0.78,0.77,0.777,1252.0,97240.0,1.3,0.04,1.3,0.01
2020-04-08,164701,贵金属LOF,0.769,0.777,0.767,0.774,469.0,36328.0,-0.39,0.02,1.29,-0.003
2020-04-09,164701,贵金属LOF,0.769,0.777,0.769,0.777,433.0,33597.0,0.39,0.01,1.03,0.003
2020-04-10,164701,贵金属LOF,0.781,0.79,0.78,0.78,3851.0,301052.0,0.39,0.13,1.29,0.003
2020-04-13,164701,贵金属LOF,0.783,0.784,0.778,0.78,371.0,28984.0,0.0,0.01,0.77,0.0
2020-04-14,164701,贵金属LOF,0.792,0.807,0.792,0.795,5851.0,467199.0,1.92,0.19,1.92,0.015
2020-04-15,164701,贵金属LOF,0.796,0.799,0.795,0.796,3989.0,317986.0,0.13,0.13,0.5,0.001
2020-04-16,164701,贵金属LOF,0.798,0.803,0.794,0.803,2280.0,182439.0,0.88,0.07,1.13,0.007
2020-04-17,164701,贵金属LOF,0.8,0.8,0.791,0.793,10550.0,837613.0,-1.25,0.34,1.12,-0.01
2020-04-20,164701,贵金属LOF,0.78,0.787,0.779,0.786,942.0,73925.0,-0.88,0.03,1.01,-0.007
2020-04-21,164701,贵金属LOF,0.798,0.798,0.784,0.79,494.0,39022.0,0.51,0.02,1.78,0.004
2020-04-22,164701,贵金属LOF,0.795,0.795,0.788,0.792,968.0,76619.0,0.25,0.03,0.89,0.002
2020-04-23,164701,贵金属LOF,0.798,0.805,0.798,0.805,1533.0,123003.0,1.64,0.05,0.88,0.013
2020-04-24,164701,贵金属LOF,0.805,0.808,0.804,0.808,84.0,6759.0,0.37,0.0,0.5,0.003
2020-04-27,164701,贵金属LOF,0.8,0.81,0.8,0.807,22.0,1791.0,-0.12,0.0,1.24,-0.001
2020-04-28,164701,贵金属LOF,0.803,0.806,0.792,0.797,2855.0,227542.0,-1.24,0.09,1.73,-0.01
2020-04-29,164701,贵金属LOF,0.797,0.8,0.794,0.8,1776.0,141554.0,0.38,0.06,0.75,0.003
2020-04-30,164701,贵金属LOF,0.797,0.804,0.795,0.8,2208.0,176514.0,0.0,0.07,1.13,0.0
2020-05-06,164701,贵金属LOF,0.801,0.801,0.797,0.797,63.0,5025.0,-0.38,0.0,0.5,-0.003
2020-05-07,164701,贵金属LOF,0.796,0.796,0.793,0.794,900.0,71450.0,-0.38,0.03,0.38,-0.003
2020-05-08,164701,贵金属LOF,0.799,0.808,0.797,0.802,843.0,67766.0,1.01,0.03,1.39,0.008
2020-05-11,164701,贵金属LOF,0.806,0.806,0.796,0.797,614.0,49056.0,-0.62,0.02,1.25,-0.005
2020-05-12,164701,贵金属LOF,0.797,0.802,0.797,0.801,564.0,45167.0,0.5,0.02,0.63,0.004
2020-05-13,164701,贵金属LOF,0.802,0.802,0.794,0.8,861.0,68599.0,-0.12,0.03,1.0,-0.001
2020-05-14,164701,贵金属LOF,0.8,0.805,0.8,0.803,773.0,62061.0,0.38,0.03,0.63,0.003
2020-05-15,164701,贵金属LOF,0.806,0.819,0.806,0.814,1219.0,99119.0,1.37,0.04,1.62,0.011
2020-05-18,164701,贵金属LOF,0.822,0.828,0.817,0.826,971.0,79933.0,1.47,0.03,1.35,0.012
2020-05-19,164701,贵金属LOF,0.818,0.826,0.805,0.814,2090.0,171382.0,-1.45,0.07,2.54,-0.012
2020-05-20,164701,贵金属LOF,0.816,0.82,0.816,0.82,683.0,55852.0,0.74,0.02,0.49,0.006
2020-05-21,164701,贵金属LOF,0.809,0.826,0.809,0.823,705.0,57647.0,0.37,0.02,2.07,0.003
2020-05-22,164701,贵金属LOF,0.817,0.818,0.813,0.813,6.0,488.0,-1.22,0.0,0.61,-0.01
2020-05-25,164701,贵金属LOF,0.824,0.824,0.807,0.812,60.0,4887.0,-0.12,0.0,2.09,-0.001
2020-05-26,164701,贵金属LOF,0.822,0.822,0.808,0.811,34.0,2766.0,-0.12,0.0,1.72,-0.001
2020-05-27,164701,贵金属LOF,0.809,0.811,0.804,0.81,1610.0,129816.0,-0.12,0.05,0.86,-0.001
2020-05-28,164701,贵金属LOF,0.825,0.825,0.813,0.82,230.0,18820.0,1.23,0.01,1.48,0.01
2020-05-29,164701,贵金属LOF,0.82,0.82,0.82,0.82,1.0,82.0,0.0,0.0,0.0,0.0
2020-06-01,164701,贵金属LOF,0.82,0.828,0.82,0.828,79.0,6539.0,0.98,0.0,0.98,0.008
2020-06-02,164701,贵金属LOF,0.815,0.826,0.815,0.823,923.0,75438.0,-0.6,0.03,1.33,-0.005
2020-06-03,164701,贵金属LOF,0.823,0.824,0.815,0.819,745.0,60758.0,-0.49,0.02,1.09,-0.004
2020-06-04,164701,贵金属LOF,0.82,0.82,0.807,0.812,84.0,6792.0,-0.85,0.0,1.59,-0.007
2020-06-05,164701,贵金属LOF,0.813,0.817,0.811,0.812,43.0,3523.0,0.0,0.0,0.74,0.0
2020-06-08,164701,贵金属LOF,0.801,0.813,0.784,0.799,2891.0,231217.0,-1.6,0.09,3.57,-0.013
2020-06-09,164701,贵金属LOF,0.798,0.802,0.795,0.802,532.0,42370.0,0.38,0.02,0.88,0.003
2020-06-10,164701,贵金属LOF,0.802,0.803,0.799,0.802,901.0,72220.0,0.0,0.03,0.5,0.0
2020-06-11,164701,贵金属LOF,0.803,0.806,0.803,0.805,1478.0,118856.0,0.37,0.05,0.37,0.003
2020-06-12,164701,贵金属LOF,0.804,0.806,0.803,0.805,358.0,28837.0,0.0,0.01,0.37,0.0
2020-06-15,164701,贵金属LOF,0.805,0.809,0.803,0.804,1000.0,80701.0,-0.12,0.03,0.75,-0.001
2020-06-16,164701,贵金属LOF,0.805,0.809,0.804,0.805,84.0,6742.0,0.12,0.0,0.62,0.001
2020-06-17,164701,贵金属LOF,0.805,0.808,0.804,0.808,18.0,1461.0,0.37,0.0,0.5,0.003
2020-06-18,164701,贵金属LOF,0.807,0.808,0.804,0.807,41.0,3290.0,-0.12,0.0,0.5,-0.001
2020-06-19,164701,贵金属LOF,0.806,0.809,0.805,0.808,276.0,22311.0,0.12,0.01,0.5,0.001
2020-06-22,164701,贵金属LOF,0.81,0.823,0.81,0.817,822.0,67187.0,1.11,0.03,1.61,0.009
2020-06-23,164701,贵金属LOF,0.825,0.825,0.815,0.816,139.0,11358.0,-0.12,0.0,1.22,-0.001
2020-06-24,164701,贵金属LOF,0.824,0.826,0.82,0.824,3332.0,273945.0,0.98,0.11,0.74,0.008
2020-06-29,164701,贵金属LOF,0.824,0.826,0.82,0.826,472.0,38960.0,0.24,0.02,0.73,0.002
2020-06-30,164701,贵金属LOF,0.823,0.829,0.823,0.828,408.0,33793.0,0.24,0.01,0.73,0.002
2020-07-01,164701,贵金属LOF,0.828,0.833,0.828,0.833,543.0,45112.0,0.6,0.02,0.6,0.005
2020-07-02,164701,贵金属LOF,0.815,0.83,0.815,0.826,324.0,26806.0,-0.84,0.01,1.8,-0.007
2020-07-03,164701,贵金属LOF,0.832,0.899,0.816,0.831,3490.0,299041.0,0.61,0.11,10.05,0.005
2020-07-06,164701,贵金属LOF,0.84,0.895,0.778,0.832,5270.0,432252.0,0.12,0.17,14.08,0.001
2020-07-07,164701,贵金属LOF,0.824,0.835,0.822,0.828,2337.0,193054.0,-0.48,0.08,1.56,-0.004
2020-07-08,164701,贵金属LOF,0.838,0.838,0.826,0.828,1346.0,111537.0,0.0,0.04,1.45,0.0
2020-07-09,164701,贵金属LOF,0.831,0.847,0.831,0.84,2026.0,169999.0,1.45,0.07,1.93,0.012
2020-07-10,164701,贵金属LOF,0.844,0.844,0.833,0.838,131.0,10949.0,-0.24,0.0,1.31,-0.002
2020-07-13,164701,贵金属LOF,0.834,0.841,0.82,0.835,4220.0,350966.0,-0.36,0.14,2.51,-0.003
2020-07-14,164701,贵金属LOF,0.83,0.842,0.822,0.826,4518.0,373378.0,-1.08,0.15,2.4,-0.009
2020-07-15,164701,贵金属LOF,0.826,0.831,0.823,0.827,2619.0,216509.0,0.12,0.09,0.97,0.001
2020-07-16,164701,贵金属LOF,0.828,0.829,0.822,0.825,1861.0,153695.0,-0.24,0.06,0.85,-0.002
2020-07-17,164701,贵金属LOF,0.822,0.848,0.822,0.83,4620.0,385208.0,0.61,0.15,3.15,0.005
2020-07-20,164701,贵金属LOF,0.83,0.83,0.825,0.829,2012.0,166496.0,-0.12,0.07,0.6,-0.001
2020-07-21,164701,贵金属LOF,0.829,0.88,0.829,0.841,1968.0,168791.0,1.45,0.06,6.15,0.012
2020-07-22,164701,贵金属LOF,0.875,0.875,0.847,0.851,2315.0,197640.0,1.19,0.08,3.33,0.01
2020-07-23,164701,贵金属LOF,0.862,0.867,0.852,0.859,4258.0,365048.0,0.94,0.14,1.76,0.008
2020-07-24,164701,贵金属LOF,0.86,0.865,0.858,0.86,449.0,38745.0,0.12,0.01,0.81,0.001
2020-07-27,164701,贵金属LOF,0.873,0.938,0.873,0.904,10399.0,933163.0,5.12,0.34,7.56,0.044
2020-07-28,164701,贵金属LOF,0.938,0.945,0.893,0.893,6986.0,637642.0,-1.22,0.23,5.75,-0.011
2020-07-29,164701,贵金属LOF,0.909,0.913,0.892,0.896,4309.0,390231.0,0.34,0.14,2.35,0.003
2020-07-30,164701,贵金属LOF,0.905,0.905,0.893,0.893,4702.0,420309.0,-0.33,0.15,1.34,-0.003
2020-07-31,164701,贵金属LOF,0.893,0.918,0.893,0.911,2247.0,202171.0,2.02,0.07,2.8,0.018
2020-08-03,164701,贵金属LOF,0.901,0.91,0.901,0.903,2109.0,190416.0,-0.88,0.07,0.99,-0.008
2020-08-04,164701,贵金属LOF,0.902,0.906,0.902,0.902,4113.0,372315.0,-0.11,0.13,0.44,-0.001
2020-08-05,164701,贵金属LOF,0.918,0.928,0.914,0.92,984.0,90387.0,2.0,0.03,1.55,0.018
2020-08-06,164701,贵金属LOF,0.927,0.935,0.923,0.933,1391.0,129459.0,1.41,0.05,1.3,0.013
2020-08-07,164701,贵金属LOF,0.945,0.97,0.942,0.96,2569.0,245936.0,2.89,0.08,3.0,0.027
2020-08-10,164701,贵金属LOF,0.947,0.947,0.927,0.946,1697.0,159290.0,-1.46,0.06,2.08,-0.014
2020-08-11,164701,贵金属LOF,0.945,0.945,0.915,0.936,1033.0,96427.0,-1.06,0.03,3.17,-0.01
2020-08-12,164701,贵金属LOF,0.9,0.9,0.884,0.894,1235.0,109876.0,-4.49,0.04,1.71,-0.042
2020-08-13,164701,贵金属LOF,0.894,0.91,0.886,0.889,5151.0,461853.0,-0.56,0.17,2.68,-0.005
2020-08-14,164701,贵金属LOF,0.891,0.895,0.885,0.888,1437.0,127793.0,-0.11,0.05,1.12,-0.001
2020-08-17,164701,贵金属LOF,0.896,0.896,0.884,0.894,707.0,63033.0,0.68,0.02,1.35,0.006
2020-08-18,164701,贵金属LOF,0.906,0.908,0.901,0.903,699.0,63205.0,1.01,0.02,0.78,0.009
2020-08-19,164701,贵金属LOF,0.906,0.906,0.903,0.905,414.0,37439.0,0.22,0.01,0.33,0.002
2020-08-20,164701,贵金属LOF,0.898,0.898,0.886,0.887,526.0,46750.0,-1.99,0.02,1.33,-0.018
2020-08-21,164701,贵金属LOF,0.887,0.891,0.887,0.89,290.0,25773.0,0.34,0.01,0.45,0.003
2020-08-24,164701,贵金属LOF,0.888,0.901,0.882,0.889,1932.0,172018.0,-0.11,0.06,2.13,-0.001
2020-08-25,164701,贵金属LOF,0.885,0.895,0.876,0.884,1782.0,158129.0,-0.56,0.06,2.14,-0.005
2020-08-26,164701,贵金属LOF,0.884,0.884,0.875,0.878,861.0,75487.0,-0.68,0.03,1.02,-0.006
2020-08-27,164701,贵金属LOF,0.881,0.889,0.881,0.887,325.0,28753.0,1.03,0.01,0.91,0.009
2020-08-28,164701,贵金属LOF,0.883,0.886,0.871,0.882,1630.0,143137.0,-0.56,0.05,1.69,-0.005
2020-08-31,164701,贵金属LOF,0.886,0.887,0.884,0.884,214.0,18951.0,0.23,0.01,0.34,0.002
2020-09-01,164701,贵金属LOF,0.887,0.893,0.883,0.891,891.0,79116.0,0.79,0.03,1.13,0.007
2020-09-02,164701,贵金属LOF,0.89,0.89,0.883,0.887,187.0,16517.0,-0.45,0.01,0.79,-0.004
2020-09-03,164701,贵金属LOF,0.884,0.885,0.874,0.874,386.0,33765.0,-1.47,0.01,1.24,-0.013
2020-09-04,164701,贵金属LOF,0.872,0.875,0.86,0.865,7699.0,663087.0,-1.03,0.25,1.72,-0.009
2020-09-07,164701,贵金属LOF,0.867,0.87,0.867,0.868,341.0,29606.0,0.35,0.01,0.35,0.003
2020-09-08,164701,贵金属LOF,0.869,0.87,0.864,0.867,201.0,17426.0,-0.12,0.01,0.69,-0.001
2020-09-09,164701,贵金属LOF,0.867,0.869,0.864,0.867,100.0,8670.0,0.0,0.0,0.58,0.0
2020-09-10,164701,贵金属LOF,0.872,0.874,0.867,0.867,224.0,19483.0,0.0,0.01,0.81,0.0
2020-09-11,164701,贵金属LOF,0.868,0.869,0.867,0.869,682.0,59215.0,0.23,0.02,0.23,0.002
2020-09-14,164701,贵金属LOF,0.869,0.875,0.869,0.875,144.0,12579.0,0.69,0.0,0.69,0.006
2020-09-15,164701,贵金属LOF,0.875,0.886,0.875,0.878,942.0,82805.0,0.34,0.03,1.26,0.003
2020-09-16,164701,贵金属LOF,0.878,0.878,0.87,0.873,275.0,24013.0,-0.57,0.01,0.91,-0.005
2020-09-17,164701,贵金属LOF,0.872,0.872,0.865,0.866,486.0,42165.0,-0.8,0.02,0.8,-0.007
2020-09-18,164701,贵金属LOF,0.867,0.872,0.867,0.87,406.0,35260.0,0.46,0.01,0.58,0.004
2020-09-21,164701,贵金属LOF,0.87,0.87,0.866,0.867,486.0,42149.0,-0.34,0.02,0.46,-0.003
2020-09-22,164701,贵金属LOF,0.86,0.869,0.853,0.854,240.0,20534.0,-1.5,0.01,1.85,-0.013
2020-09-23,164701,贵金属LOF,0.852,0.852,0.846,0.846,163.0,13845.0,-0.94,0.01,0.7,-0.008
2020-09-24,164701,贵金属LOF,0.843,0.843,0.828,0.828,751.0,62347.0,-2.13,0.02,1.77,-0.018
2020-09-25,164701,贵金属LOF,0.833,0.84,0.831,0.839,159.0,13253.0,1.33,0.01,1.09,0.011
2020-09-28,164701,贵金属LOF,0.842,0.842,0.827,0.835,437.0,36545.0,-0.48,0.01,1.79,-0.004
2020-09-29,164701,贵金属LOF,0.839,0.844,0.839,0.84,244.0,20487.0,0.6,0.01,0.6,0.005
2020-09-30,164701,贵金属LOF,0.842,0.848,0.842,0.842,54.0,4551.0,0.24,0.0,0.71,0.002
2020-10-09,164701,贵金属LOF,0.843,0.848,0.843,0.848,590.0,49836.0,0.71,0.02,0.59,0.006
2020-10-12,164701,贵金属LOF,0.848,0.857,0.848,0.853,536.0,45638.0,0.59,0.02,1.06,0.005
2020-10-13,164701,贵金属LOF,0.852,0.852,0.846,0.849,389.0,32968.0,-0.47,0.01,0.7,-0.004
2020-10-14,164701,贵金属LOF,0.846,0.846,0.834,0.838,171.0,14341.0,-1.3,0.01,1.41,-0.011
2020-10-15,164701,贵金属LOF,0.837,0.851,0.835,0.841,1325.0,111663.0,0.36,0.04,1.91,0.003
2020-10-16,164701,贵金属LOF,0.839,0.842,0.835,0.842,226.0,18914.0,0.12,0.01,0.83,0.001
2020-10-19,164701,贵金属LOF,0.838,0.843,0.836,0.842,209.0,17569.0,0.0,0.01,0.83,0.0
2020-10-20,164701,贵金属LOF,0.842,0.842,0.834,0.837,307.0,25763.0,-0.59,0.01,0.95,-0.005
2020-10-21,164701,贵金属LOF,0.836,0.841,0.836,0.84,510.0,42811.0,0.36,0.02,0.6,0.003
2020-10-22,164701,贵金属LOF,0.838,0.842,0.838,0.841,8.0,688.0,0.12,0.0,0.48,0.001
2020-10-23,164701,贵金属LOF,0.839,0.841,0.836,0.837,51.0,4299.0,-0.48,0.0,0.59,-0.004
2020-10-26,164701,贵金属LOF,0.838,0.842,0.829,0.833,318.0,26658.0,-0.48,0.01,1.55,-0.004
2020-10-27,164701,贵金属LOF,0.834,0.84,0.834,0.836,724.0,60587.0,0.36,0.02,0.72,0.003
2020-10-28,164701,贵金属LOF,0.837,0.852,0.837,0.847,345.0,29077.0,1.32,0.01,1.79,0.011
2020-10-29,164701,贵金属LOF,0.84,0.84,0.827,0.829,126.0,10485.0,-2.13,0.0,1.53,-0.018
2020-10-30,164701,贵金属LOF,0.832,0.832,0.814,0.825,432.0,35687.0,-0.48,0.01,2.17,-0.004
2020-11-02,164701,贵金属LOF,0.825,0.832,0.825,0.831,30.0,2503.0,0.73,0.0,0.85,0.006
2020-11-03,164701,贵金属LOF,0.836,0.846,0.831,0.834,804.0,67296.0,0.36,0.03,1.81,0.003
2020-11-04,164701,贵金属LOF,0.834,0.842,0.83,0.832,603.0,50318.0,-0.24,0.02,1.44,-0.002
2020-11-05,164701,贵金属LOF,0.835,0.838,0.835,0.836,110.0,9174.0,0.48,0.0,0.36,0.004
2020-11-06,164701,贵金属LOF,0.845,0.852,0.845,0.846,693.0,58756.0,1.2,0.02,0.84,0.01
2020-11-09,164701,贵金属LOF,0.848,0.869,0.848,0.856,653.0,55929.0,1.18,0.02,2.48,0.01
2020-11-10,164701,贵金属LOF,0.839,0.84,0.826,0.834,1525.0,127045.0,-2.57,0.05,1.64,-0.022
2020-11-11,164701,贵金属LOF,0.833,0.836,0.822,0.827,421.0,35040.0,-0.84,0.01,1.68,-0.007
2020-11-12,164701,贵金属LOF,0.827,0.828,0.825,0.826,219.0,18060.0,-0.12,0.01,0.36,-0.001
2020-11-13,164701,贵金属LOF,0.827,0.827,0.82,0.823,847.0,69789.0,-0.36,0.03,0.85,-0.003
2020-11-16,164701,贵金属LOF,0.823,0.829,0.821,0.825,590.0,48625.0,0.24,0.02,0.97,0.002
2020-11-17,164701,贵金属LOF,0.824,0.825,0.822,0.825,107.0,8786.0,0.0,0.0,0.36,0.0
2020-11-18,164701,贵金属LOF,0.825,0.826,0.822,0.824,528.0,43460.0,-0.12,0.02,0.48,-0.001
2020-11-19,164701,贵金属LOF,0.823,0.823,0.816,0.818,240.0,19713.0,-0.73,0.01,0.85,-0.006
2020-11-20,164701,贵金属LOF,0.818,0.82,0.807,0.819,120.0,9819.0,0.12,0.0,1.59,0.001
2020-11-23,164701,贵金属LOF,0.817,0.82,0.8,0.806,4734.0,381030.0,-1.59,0.15,2.44,-0.013
2020-11-24,164701,贵金属LOF,0.803,0.805,0.731,0.796,1336.0,105815.0,-1.24,0.04,9.18,-0.01
2020-11-25,164701,贵金属LOF,0.794,0.794,0.781,0.786,1349.0,106480.0,-1.26,0.04,1.63,-0.01
2020-11-26,164701,贵金属LOF,0.786,0.8,0.783,0.787,377.0,29666.0,0.13,0.01,2.16,0.001
2020-11-27,164701,贵金属LOF,0.787,0.864,0.785,0.803,883.0,71409.0,2.03,0.03,10.04,0.016
2020-11-30,164701,贵金属LOF,0.803,0.849,0.785,0.785,5164.0,417749.0,-2.24,0.17,7.97,-0.018
2020-12-01,164701,贵金属LOF,0.786,0.818,0.784,0.794,8812.0,698898.0,1.15,0.29,4.33,0.009
2020-12-02,164701,贵金属LOF,0.794,0.797,0.788,0.789,2608.0,206977.0,-0.63,0.09,1.13,-0.005
2020-12-03,164701,贵金属LOF,0.789,0.791,0.786,0.79,2771.0,218243.0,0.13,0.09,0.63,0.001
2020-12-04,164701,贵金属LOF,0.789,0.792,0.789,0.791,1111.0,87803.0,0.13,0.04,0.38,0.001
2020-12-07,164701,贵金属LOF,0.791,0.793,0.79,0.79,92.0,7250.0,-0.13,0.0,0.38,-0.001
2020-12-08,164701,贵金属LOF,0.795,0.801,0.795,0.799,1978.0,157668.0,1.14,0.06,0.76,0.009
2020-12-09,164701,贵金属LOF,0.8,0.801,0.794,0.794,976.0,77686.0,-0.63,0.03,0.88,-0.005
2020-12-10,164701,贵金属LOF,0.794,0.794,0.79,0.793,471.0,37282.0,-0.13,0.02,0.5,-0.001
2020-12-11,164701,贵金属LOF,0.792,0.794,0.79,0.793,416.0,32940.0,0.0,0.01,0.5,0.0
2020-12-14,164701,贵金属LOF,0.792,0.794,0.792,0.793,248.0,19649.0,0.0,0.01,0.25,0.0
2020-12-15,164701,贵金属LOF,0.792,0.795,0.792,0.795,703.0,55750.0,0.25,0.02,0.38,0.002
2020-12-16,164701,贵金属LOF,0.794,0.798,0.794,0.798,371.0,29596.0,0.38,0.01,0.5,0.003
2020-12-17,164701,贵金属LOF,0.798,0.8,0.795,0.799,2365.0,188424.0,0.13,0.08,0.63,0.001
2020-12-18,164701,贵金属LOF,0.802,0.806,0.802,0.803,1400.0,112556.0,0.5,0.05,0.5,0.004
2020-12-21,164701,贵金属LOF,0.803,0.816,0.803,0.813,1585.0,128398.0,1.25,0.05,1.62,0.01
2020-12-22,164701,贵金属LOF,0.808,0.813,0.805,0.805,1345.0,108742.0,-0.98,0.04,0.98,-0.008
2020-12-23,164701,贵金属LOF,0.805,0.805,0.803,0.804,411.0,33051.0,-0.12,0.01,0.25,-0.001
2020-12-24,164701,贵金属LOF,0.804,0.855,0.804,0.805,4525.0,372074.0,0.12,0.15,6.34,0.001
2020-12-25,164701,贵金属LOF,0.807,0.829,0.805,0.805,1278.0,105011.0,0.0,0.04,2.98,0.0
2020-12-28,164701,贵金属LOF,0.807,0.812,0.807,0.809,775.0,62922.0,0.5,0.03,0.62,0.004
2020-12-29,164701,贵金属LOF,0.811,0.818,0.805,0.81,3253.0,263960.0,0.12,0.11,1.61,0.001
2020-12-30,164701,贵金属LOF,0.811,0.811,0.809,0.81,247.0,20044.0,0.0,0.01,0.25,0.0
2020-12-31,164701,贵金属LOF,0.811,0.816,0.808,0.809,877.0,71034.0,-0.12,0.03,0.99,-0.001
2021-01-04,164701,贵金属LOF,0.816,0.822,0.814,0.815,2913.0,238026.0,0.74,0.1,0.99,0.006
2021-01-05,164701,贵金属LOF,0.821,0.823,0.817,0.821,1359.0,111337.0,0.74,0.04,0.74,0.006
2021-01-06,164701,贵金属LOF,0.821,0.845,0.819,0.829,3597.0,298010.0,0.97,0.12,3.17,0.008
2021-01-07,164701,贵金属LOF,0.826,0.826,0.816,0.816,1067.0,87194.0,-1.57,0.03,1.21,-0.013
2021-01-08,164701,贵金属LOF,0.816,0.816,0.81,0.81,354.0,28738.0,-0.74,0.01,0.74,-0.006
2021-01-11,164701,贵金属LOF,0.806,0.889,0.806,0.811,11869.0,976303.0,0.12,0.39,10.25,0.001
2021-01-12,164701,贵金属LOF,0.812,0.818,0.782,0.8,5907.0,471779.0,-1.36,0.19,4.44,-0.011
2021-01-13,164701,贵金属LOF,0.801,0.859,0.795,0.81,6136.0,504942.0,1.25,0.2,8.0,0.01
2021-01-14,164701,贵金属LOF,0.81,0.81,0.802,0.805,3037.0,244662.0,-0.62,0.1,0.99,-0.005
2021-01-15,164701,贵金属LOF,0.801,0.878,0.794,0.812,6680.0,555010.0,0.87,0.22,10.43,0.007
2021-01-18,164701,贵金属LOF,0.81,0.81,0.795,0.803,4623.0,370439.0,-1.11,0.15,1.85,-0.009
2021-01-19,164701,贵金属LOF,0.803,0.803,0.798,0.798,3307.0,264958.0,-0.62,0.11,0.62,-0.005
2021-01-20,164701,贵金属LOF,0.797,0.797,0.79,0.795,2255.0,179195.0,-0.38,0.07,0.88,-0.003
2021-01-21,164701,贵金属LOF,0.795,0.799,0.795,0.797,2298.0,183172.0,0.25,0.08,0.5,0.002
2021-01-22,164701,贵金属LOF,0.795,0.796,0.793,0.793,1113.0,88433.0,-0.5,0.04,0.38,-0.004
2021-01-25,164701,贵金属LOF,0.794,0.794,0.791,0.792,950.0,75334.0,-0.13,0.03,0.38,-0.001
2021-01-26,164701,贵金属LOF,0.793,0.795,0.792,0.795,897.0,71134.0,0.38,0.03,0.38,0.003
2021-01-27,164701,贵金属LOF,0.794,0.794,0.791,0.791,717.0,56846.0,-0.5,0.02,0.38,-0.004
2021-01-28,164701,贵金属LOF,0.791,0.792,0.785,0.785,517.0,40755.0,-0.76,0.02,0.88,-0.006
2021-01-29,164701,贵金属LOF,0.785,0.785,0.781,0.784,90.0,7081.0,-0.13,0.0,0.51,-0.001
2021-02-01,164701,贵金属LOF,0.785,0.793,0.784,0.793,563.0,44435.0,1.15,0.02,1.15,0.009
2021-02-02,164701,贵金属LOF,0.795,0.795,0.787,0.787,644.0,50998.0,-0.76,0.02,1.01,-0.006
2021-02-03,164701,贵金属LOF,0.784,0.8,0.775,0.779,2483.0,194962.0,-1.02,0.08,3.18,-0.008
2021-02-04,164701,贵金属LOF,0.78,0.808,0.766,0.773,8449.0,658327.0,-0.77,0.28,5.39,-0.006
2021-02-05,164701,贵金属LOF,0.773,0.773,0.761,0.766,1398.0,106828.0,-0.91,0.05,1.55,-0.007
2021-02-08,164701,贵金属LOF,0.766,0.767,0.762,0.762,807.0,61601.0,-0.52,0.03,0.65,-0.004
2021-02-09,164701,贵金属LOF,0.769,0.776,0.769,0.776,2406.0,185964.0,1.84,0.08,0.92,0.014
2021-02-10,164701,贵金属LOF,0.776,0.8,0.776,0.782,6567.0,514600.0,0.77,0.21,3.09,0.006
2021-02-18,164701,贵金属LOF,0.777,0.781,0.768,0.773,6190.0,479671.0,-1.15,0.2,1.66,-0.009
2021-02-19,164701,贵金属LOF,0.774,0.827,0.721,0.769,21262.0,1641419.0,-0.52,0.69,13.71,-0.004
2021-02-22,164701,贵金属LOF,0.768,0.793,0.768,0.779,3184.0,247410.0,1.3,0.1,3.25,0.01
2021-02-23,164701,贵金属LOF,0.778,0.79,0.775,0.783,2631.0,205613.0,0.51,0.09,1.93,0.004
2021-02-24,164701,贵金属LOF,0.779,0.784,0.776,0.781,1288.0,100413.0,-0.26,0.04,1.02,-0.002
2021-02-25,164701,贵金属LOF,0.776,0.781,0.767,0.769,1863.0,143667.0,-1.54,0.06,1.79,-0.012
2021-02-26,164701,贵金属LOF,0.765,0.767,0.757,0.759,3277.0,249145.0,-1.3,0.11,1.3,-0.01
2021-03-01,164701,贵金属LOF,0.759,0.764,0.747,0.753,1184.0,89229.0,-0.79,0.04,2.24,-0.006
2021-03-02,164701,贵金属LOF,0.758,0.764,0.739,0.745,6122.0,459174.0,-1.06,0.2,3.32,-0.008
2021-03-03,164701,贵金属LOF,0.744,0.758,0.742,0.747,3099.0,232334.0,0.27,0.1,2.15,0.002
2021-03-04,164701,贵金属LOF,0.745,0.747,0.741,0.744,1900.0,141460.0,-0.4,0.06,0.8,-0.003
2021-03-05,164701,贵金属LOF,0.743,0.743,0.732,0.742,1360.0,100660.0,-0.27,0.04,1.48,-0.002
2021-03-08,164701,贵金属LOF,0.742,0.742,0.734,0.734,2197.0,162582.0,-1.08,0.07,1.08,-0.008
2021-03-09,164701,贵金属LOF,0.727,0.733,0.725,0.727,799.0,58219.0,-0.95,0.03,1.09,-0.007
2021-03-10,164701,贵金属LOF,0.731,0.738,0.727,0.73,1077.0,78699.0,0.41,0.04,1.51,0.003
2021-03-11,164701,贵金属LOF,0.731,0.742,0.73,0.737,2134.0,156948.0,0.96,0.07,1.64,0.007
2021-03-12,164701,贵金属LOF,0.736,0.751,0.725,0.732,8505.0,627035.0,-0.68,0.28,3.53,-0.005
2021-03-15,164701,贵金属LOF,0.732,0.735,0.732,0.734,1691.0,124038.0,0.27,0.06,0.41,0.002
2021-03-16,164701,贵金属LOF,0.734,0.735,0.733,0.735,1525.0,111946.0,0.14,0.05,0.27,0.001
2021-03-17,164701,贵金属LOF,0.733,0.735,0.733,0.735,884.0,64941.0,0.0,0.03,0.27,0.0
2021-03-18,164701,贵金属LOF,0.736,0.749,0.736,0.743,13178.0,975856.0,1.09,0.43,1.77,0.008
2021-03-19,164701,贵金属LOF,0.742,0.757,0.738,0.743,7035.0,525955.0,0.0,0.23,2.56,0.0
2021-03-22,164701,贵金属LOF,0.739,0.739,0.727,0.736,6797.0,499104.0,-0.94,0.22,1.62,-0.007
2021-03-23,164701,贵金属LOF,0.735,0.747,0.731,0.736,12485.0,919810.0,0.0,0.41,2.17,0.0
2021-03-24,164701,贵金属LOF,0.735,0.737,0.734,0.735,1776.0,130642.0,-0.14,0.06,0.41,-0.001
2021-03-25,164701,贵金属LOF,0.735,0.736,0.734,0.735,1943.0,142854.0,0.0,0.06,0.27,0.0
2021-03-26,164701,贵金属LOF,0.735,0.736,0.735,0.736,395.0,29066.0,0.14,0.01,0.14,0.001
2021-03-29,164701,贵金属LOF,0.735,0.736,0.735,0.736,298.0,21880.0,0.0,0.01,0.14,0.0
2021-03-30,164701,贵金属LOF,0.735,0.735,0.731,0.731,1794.0,131506.0,-0.68,0.06,0.54,-0.005
2021-03-31,164701,贵金属LOF,0.73,0.73,0.725,0.728,2038.0,148326.0,-0.41,0.07,0.68,-0.003
2021-04-01,164701,贵金属LOF,0.729,0.73,0.728,0.73,2431.0,177198.0,0.27,0.08,0.27,0.002
2021-04-02,164701,贵金属LOF,0.729,0.737,0.729,0.737,4810.0,353211.0,0.96,0.16,1.1,0.007
2021-04-06,164701,贵金属LOF,0.737,0.739,0.735,0.737,1673.0,123317.0,0.0,0.05,0.54,0.0
2021-04-07,164701,贵金属LOF,0.738,0.741,0.737,0.738,1912.0,141024.0,0.14,0.06,0.54,0.001
2021-04-08,164701,贵金属LOF,0.738,0.743,0.737,0.741,1793.0,132601.0,0.41,0.06,0.81,0.003
2021-04-09,164701,贵金属LOF,0.743,0.745,0.743,0.744,1623.0,120861.0,0.4,0.05,0.27,0.003
2021-04-12,164701,贵金属LOF,0.742,0.742,0.741,0.742,1163.0,86262.0,-0.27,0.04,0.13,-0.002
2021-04-13,164701,贵金属LOF,0.741,0.741,0.733,0.735,2042.0,150558.0,-0.94,0.07,1.08,-0.007
2021-04-14,164701,贵金属LOF,0.737,0.743,0.736,0.74,1878.0,138754.0,0.68,0.06,0.95,0.005
2021-04-15,164701,贵金属LOF,0.74,0.742,0.738,0.741,44.0,3255.0,0.14,0.0,0.54,0.001
2021-04-16,164701,贵金属LOF,0.745,0.755,0.745,0.75,1464.0,109648.0,1.21,0.05,1.35,0.009
2021-04-19,164701,贵金属LOF,0.75,0.753,0.75,0.753,634.0,47706.0,0.4,0.02,0.4,0.003
2021-04-20,164701,贵金属LOF,0.752,0.753,0.751,0.751,1691.0,127070.0,-0.27,0.06,0.27,-0.002
2021-04-21,164701,贵金属LOF,0.752,0.772,0.752,0.762,5734.0,435248.0,1.46,0.19,2.66,0.011
2021-04-22,164701,贵金属LOF,0.761,0.762,0.754,0.756,2720.0,205987.0,-0.79,0.09,1.05,-0.006
2021-04-23,164701,贵金属LOF,0.757,0.759,0.757,0.757,148.0,11218.0,0.13,0.0,0.26,0.001
2021-04-26,164701,贵金属LOF,0.757,0.759,0.751,0.757,1486.0,112123.0,0.0,0.05,1.06,0.0
2021-04-27,164701,贵金属LOF,0.755,0.755,0.753,0.753,475.0,35779.0,-0.53,0.02,0.26,-0.004
2021-04-28,164701,贵金属LOF,0.753,0.754,0.734,0.745,2394.0,179345.0,-1.06,0.08,2.66,-0.008
2021-04-29,164701,贵金属LOF,0.751,0.759,0.751,0.752,751.0,56581.0,0.94,0.02,1.07,0.007
2021-04-30,164701,贵金属LOF,0.752,0.754,0.75,0.75,1496.0,112378.0,-0.27,0.05,0.53,-0.002
2021-05-06,164701,贵金属LOF,0.752,0.759,0.752,0.757,3719.0,280954.0,0.93,0.12,0.93,0.007
2021-05-07,164701,贵金属LOF,0.76,0.778,0.76,0.769,5388.0,411666.0,1.59,0.18,2.38,0.012
2021-05-10,164701,贵金属LOF,0.77,0.771,0.766,0.77,978.0,75136.0,0.13,0.03,0.65,0.001
2021-05-11,164701,贵金属LOF,0.77,0.77,0.761,0.761,2891.0,221590.0,-1.17,0.09,1.17,-0.009
2021-05-12,164701,贵金属LOF,0.765,0.77,0.765,0.77,1621.0,124470.0,1.18,0.05,0.66,0.009
2021-05-13,164701,贵金属LOF,0.77,0.77,0.763,0.767,1013.0,77612.0,-0.39,0.03,0.91,-0.003
2021-05-14,164701,贵金属LOF,0.767,0.769,0.766,0.767,1358.0,104337.0,0.0,0.04,0.39,0.0
2021-05-17,164701,贵金属LOF,0.768,0.777,0.768,0.777,1352.0,104428.0,1.3,0.04,1.17,0.01
2021-05-18,164701,贵金属LOF,0.778,0.785,0.778,0.782,187.0,14620.0,0.64,0.01,0.9,0.005
2021-05-19,164701,贵金属LOF,0.784,0.784,0.78,0.782,72.0,5651.0,0.0,0.0,0.51,0.0
2021-05-20,164701,贵金属LOF,0.782,0.785,0.78,0.785,1501.0,117630.0,0.38,0.05,0.64,0.003
2021-05-21,164701,贵金属LOF,0.786,0.788,0.782,0.784,1631.0,127734.0,-0.13,0.05,0.76,-0.001
2021-05-24,164701,贵金属LOF,0.785,0.792,0.785,0.79,1838.0,144688.0,0.77,0.06,0.89,0.006
2021-05-25,164701,贵金属LOF,0.789,0.789,0.785,0.788,466.0,36608.0,-0.25,0.02,0.51,-0.002
2021-05-26,164701,贵金属LOF,0.793,0.796,0.793,0.793,834.0,66227.0,0.63,0.03,0.38,0.005
2021-05-27,164701,贵金属LOF,0.791,0.793,0.79,0.793,926.0,73292.0,0.0,0.03,0.38,0.0
2021-05-28,164701,贵金属LOF,0.793,0.797,0.791,0.794,372.0,29498.0,0.13,0.01,0.76,0.001
2021-05-31,164701,贵金属LOF,0.793,0.797,0.793,0.797,101.0,8027.0,0.38,0.0,0.5,0.003
2021-06-01,164701,贵金属LOF,0.798,0.801,0.798,0.799,374.0,29845.0,0.25,0.01,0.38,0.002
2021-06-02,164701,贵金属LOF,0.799,0.809,0.798,0.8,2385.0,190889.0,0.13,0.08,1.38,0.001
2021-06-03,164701,贵金属LOF,0.8,0.802,0.798,0.798,1309.0,104626.0,-0.25,0.04,0.5,-0.002
2021-06-04,164701,贵金属LOF,0.798,0.798,0.776,0.783,2970.0,233804.0,-1.88,0.1,2.76,-0.015
2021-06-07,164701,贵金属LOF,0.783,0.786,0.783,0.784,992.0,77804.0,0.13,0.03,0.38,0.001
2021-06-08,164701,贵金属LOF,0.785,0.786,0.784,0.785,2437.0,191303.0,0.13,0.08,0.26,0.001
2021-06-09,164701,贵金属LOF,0.785,0.786,0.784,0.784,655.0,51392.0,-0.13,0.02,0.25,-0.001
2021-06-10,164701,贵金属LOF,0.784,0.785,0.784,0.784,640.0,50156.0,0.0,0.02,0.13,0.0
2021-06-11,164701,贵金属LOF,0.785,0.788,0.785,0.788,1223.0,96190.0,0.51,0.04,0.38,0.004
2021-06-15,164701,贵金属LOF,0.787,0.787,0.783,0.783,834.0,65465.0,-0.63,0.03,0.51,-0.005
2021-06-16,164701,贵金属LOF,0.783,0.784,0.78,0.78,795.0,62111.0,-0.38,0.03,0.51,-0.003
2021-06-17,164701,贵金属LOF,0.778,0.778,0.773,0.773,3340.0,259106.0,-0.9,0.11,0.64,-0.007
2021-06-18,164701,贵金属LOF,0.772,0.772,0.761,0.763,1528.0,116912.0,-1.29,0.05,1.42,-0.01
2021-06-21,164701,贵金属LOF,0.762,0.762,0.756,0.758,1556.0,118191.0,-0.66,0.05,0.79,-0.005
2021-06-22,164701,贵金属LOF,0.759,0.759,0.757,0.759,1072.0,81283.0,0.13,0.03,0.26,0.001
2021-06-23,164701,贵金属LOF,0.756,0.757,0.753,0.755,801.0,60417.0,-0.53,0.03,0.53,-0.004
2021-06-24,164701,贵金属LOF,0.755,0.755,0.753,0.753,550.0,41418.0,-0.26,0.02,0.26,-0.002
2021-06-25,164701,贵金属LOF,0.753,0.754,0.753,0.754,941.0,70890.0,0.13,0.03,0.13,0.001
2021-06-28,164701,贵金属LOF,0.753,0.754,0.753,0.754,462.0,34843.0,0.0,0.02,0.13,0.0
2021-06-29,164701,贵金属LOF,0.754,0.754,0.752,0.753,678.0,51044.0,-0.13,0.02,0.27,-0.001
2021-06-30,164701,贵金属LOF,0.752,0.752,0.746,0.747,450.0,33729.0,-0.8,0.01,0.8,-0.006
2021-07-01,164701,贵金属LOF,0.748,0.748,0.747,0.747,312.0,23301.0,0.0,0.01,0.13,0.0
2021-07-02,164701,贵金属LOF,0.747,0.748,0.747,0.747,360.0,26920.0,0.0,0.01,0.13,0.0
2021-07-05,164701,贵金属LOF,0.747,0.753,0.741,0.752,4377.0,327208.0,0.67,0.14,1.61,0.005
2021-07-06,164701,贵金属LOF,0.752,0.758,0.75,0.757,4640.0,349791.0,0.66,0.15,1.06,0.005
2021-07-07,164701,贵金属LOF,0.757,0.759,0.755,0.758,1905.0,144169.0,0.13,0.06,0.53,0.001
2021-07-08,164701,贵金属LOF,0.757,0.757,0.75,0.754,779.0,58754.0,-0.53,0.03,0.92,-0.004
2021-07-09,164701,贵金属LOF,0.754,0.757,0.754,0.754,881.0,66545.0,0.0,0.03,0.4,0.0
2021-07-12,164701,贵金属LOF,0.756,0.759,0.756,0.758,1900.0,143911.0,0.53,0.06,0.4,0.004
2021-07-13,164701,贵金属LOF,0.759,0.762,0.758,0.76,243.0,18484.0,0.26,0.01,0.53,0.002
2021-07-14,164701,贵金属LOF,0.759,0.762,0.758,0.762,3206.0,243489.0,0.26,0.1,0.53,0.002
2021-07-15,164701,贵金属LOF,0.763,0.766,0.762,0.764,1728.0,131930.0,0.26,0.06,0.52,0.002
2021-07-16,164701,贵金属LOF,0.764,0.766,0.764,0.764,40.0,3057.0,0.0,0.0,0.26,0.0
2021-07-19,164701,贵金属LOF,0.764,0.764,0.759,0.759,63.0,4795.0,-0.65,0.0,0.65,-0.005
2021-07-20,164701,贵金属LOF,0.76,0.762,0.76,0.762,336.0,25569.0,0.4,0.01,0.26,0.003
2021-07-21,164701,贵金属LOF,0.762,0.762,0.76,0.76,126.0,9609.0,-0.26,0.0,0.26,-0.002
2021-07-22,164701,贵金属LOF,0.76,0.761,0.759,0.76,58.0,4412.0,0.0,0.0,0.26,0.0
2021-07-23,164701,贵金属LOF,0.76,0.76,0.756,0.756,313.0,23699.0,-0.53,0.01,0.53,-0.004
2021-07-26,164701,贵金属LOF,0.756,0.758,0.755,0.756,764.0,57758.0,0.0,0.02,0.4,0.0
2021-07-27,164701,贵金属LOF,0.755,0.755,0.747,0.749,820.0,61506.0,-0.93,0.03,1.06,-0.007
2021-07-28,164701,贵金属LOF,0.751,0.758,0.751,0.757,666.0,50345.0,1.07,0.02,0.93,0.008
2021-07-29,164701,贵金属LOF,0.757,0.764,0.756,0.761,1471.0,111472.0,0.53,0.05,1.06,0.004
2021-07-30,164701,贵金属LOF,0.764,0.765,0.762,0.765,3794.0,289314.0,0.53,0.12,0.39,0.004
2021-08-02,164701,贵金属LOF,0.763,0.763,0.761,0.761,1690.0,128800.0,-0.52,0.06,0.26,-0.004
2021-08-03,164701,贵金属LOF,0.762,0.762,0.761,0.761,7.0,524.0,0.0,0.0,0.13,0.0
2021-08-04,164701,贵金属LOF,0.762,0.763,0.761,0.762,45.0,3430.0,0.13,0.0,0.26,0.001
2021-08-05,164701,贵金属LOF,0.761,0.762,0.761,0.761,11.0,837.0,-0.13,0.0,0.13,-0.001
2021-08-06,164701,贵金属LOF,0.762,0.762,0.76,0.76,106.0,8072.0,-0.13,0.0,0.26,-0.001
2021-08-09,164701,贵金属LOF,0.754,0.754,0.742,0.745,925.0,68845.0,-1.97,0.03,1.58,-0.015
2021-08-10,164701,贵金属LOF,0.743,0.743,0.74,0.741,1059.0,78436.0,-0.54,0.03,0.4,-0.004
2021-08-11,164701,贵金属LOF,0.741,0.744,0.736,0.741,3181.0,235700.0,0.0,0.1,1.08,0.0
2021-08-12,164701,贵金属LOF,0.74,0.741,0.738,0.74,582.0,43091.0,-0.13,0.02,0.4,-0.001
2021-08-13,164701,贵金属LOF,0.738,0.75,0.738,0.743,1807.0,134249.0,0.41,0.06,1.62,0.003
2021-08-16,164701,贵金属LOF,0.744,0.749,0.742,0.743,408.0,30384.0,0.0,0.01,0.94,0.0
2021-08-17,164701,贵金属LOF,0.746,0.75,0.745,0.748,1275.0,95376.0,0.67,0.04,0.67,0.005
2021-08-18,164701,贵金属LOF,0.749,0.754,0.749,0.753,169.0,12687.0,0.67,0.01,0.67,0.005
2021-08-19,164701,贵金属LOF,0.749,0.749,0.745,0.749,199.0,14849.0,-0.53,0.01,0.53,-0.004
2021-08-20,164701,贵金属LOF,0.749,0.751,0.748,0.751,49.0,3675.0,0.27,0.0,0.4,0.002
2021-08-23,164701,贵金属LOF,0.75,0.763,0.748,0.762,93.0,7077.0,1.46,0.0,2.0,0.011
2021-08-24,164701,贵金属LOF,0.764,0.764,0.74,0.763,133.0,10093.0,0.13,0.0,3.15,0.001
2021-08-25,164701,贵金属LOF,0.764,0.764,0.755,0.762,160.0,12156.0,-0.13,0.01,1.18,-0.001
2021-08-26,164701,贵金属LOF,0.762,0.762,0.756,0.758,166.0,12547.0,-0.52,0.01,0.79,-0.004
2021-08-27,164701,贵金属LOF,0.758,0.767,0.742,0.764,1636.0,123474.0,0.79,0.05,3.3,0.006
2021-08-30,164701,贵金属LOF,0.763,0.776,0.761,0.769,1298.0,99637.0,0.65,0.04,1.96,0.005
2021-08-31,164701,贵金属LOF,0.765,0.798,0.763,0.778,1041.0,80201.0,1.17,0.03,4.55,0.009
2021-09-01,164701,贵金属LOF,0.778,0.778,0.763,0.774,2651.0,204403.0,-0.51,0.09,1.93,-0.004
2021-09-02,164701,贵金属LOF,0.773,0.778,0.767,0.776,1036.0,80021.0,0.26,0.03,1.42,0.002
2021-09-03,164701,贵金属LOF,0.774,0.816,0.768,0.799,3515.0,272821.0,2.96,0.11,6.19,0.023
2021-09-06,164701,贵金属LOF,0.786,0.786,0.78,0.783,1429.0,111890.0,-2.0,0.05,0.75,-0.016
2021-09-07,164701,贵金属LOF,0.781,0.784,0.774,0.779,1398.0,109159.0,-0.51,0.05,1.28,-0.004
2021-09-08,164701,贵金属LOF,0.771,0.773,0.764,0.773,3327.0,255684.0,-0.77,0.11,1.16,-0.006
2021-09-09,164701,贵金属LOF,0.773,0.774,0.77,0.772,2588.0,199834.0,-0.13,0.08,0.52,-0.001
2021-09-10,164701,贵金属LOF,0.77,0.794,0.768,0.777,3225.0,250353.0,0.65,0.11,3.37,0.005
2021-09-13,164701,贵金属LOF,0.772,0.772,0.764,0.765,2661.0,204124.0,-1.54,0.09,1.03,-0.012
2021-09-14,164701,贵金属LOF,0.763,0.763,0.755,0.758,4239.0,321884.0,-0.92,0.14,1.05,-0.007
2021-09-15,164701,贵金属LOF,0.754,0.757,0.753,0.753,1573.0,118685.0,-0.66,0.05,0.53,-0.005
2021-09-16,164701,贵金属LOF,0.752,0.753,0.748,0.749,1895.0,142162.0,-0.53,0.06,0.66,-0.004
2021-09-17,164701,贵金属LOF,0.741,0.743,0.737,0.742,1150.0,85004.0,-0.93,0.04,0.8,-0.007
2021-09-22,164701,贵金属LOF,0.742,0.747,0.742,0.745,2427.0,180748.0,0.4,0.08,0.67,0.003
2021-09-23,164701,贵金属LOF,0.743,0.745,0.74,0.74,1047.0,77635.0,-0.67,0.03,0.67,-0.005
2021-09-24,164701,贵金属LOF,0.74,0.74,0.736,0.739,2605.0,192251.0,-0.14,0.09,0.54,-0.001
2021-09-27,164701,贵金属LOF,0.739,0.741,0.737,0.739,652.0,48190.0,0.0,0.02,0.54,0.0
2021-09-28,164701,贵金属LOF,0.738,0.738,0.732,0.735,736.0,54129.0,-0.54,0.02,0.81,-0.004
2021-09-29,164701,贵金属LOF,0.735,0.735,0.73,0.733,673.0,49239.0,-0.27,0.02,0.68,-0.002
2021-09-30,164701,贵金属LOF,0.729,0.732,0.726,0.731,1325.0,96716.0,-0.27,0.04,0.82,-0.002
2021-10-08,164701,贵金属LOF,0.731,0.734,0.731,0.733,1476.0,108090.0,0.27,0.05,0.41,0.002
2021-10-11,164701,贵金属LOF,0.733,0.736,0.732,0.735,1736.0,127433.0,0.27,0.06,0.55,0.002
2021-10-12,164701,贵金属LOF,0.735,0.735,0.732,0.733,937.0,68729.0,-0.27,0.03,0.41,-0.002
2021-10-13,164701,贵金属LOF,0.733,0.733,0.731,0.733,725.0,53132.0,0.0,0.02,0.27,0.0
2021-10-14,164701,贵金属LOF,0.738,0.743,0.738,0.74,2970.0,219551.0,0.95,0.1,0.68,0.007
2021-10-15,164701,贵金属LOF,0.741,0.749,0.741,0.749,982.0,73017.0,1.22,0.03,1.08,0.009
2021-10-18,164701,贵金属LOF,0.747,0.747,0.734,0.74,909.0,67320.0,-1.2,0.03,1.74,-0.009
2021-10-19,164701,贵金属LOF,0.74,0.74,0.736,0.737,848.0,62630.0,-0.41,0.03,0.54,-0.003
2021-10-20,164701,贵金属LOF,0.737,0.737,0.734,0.735,590.0,43334.0,-0.27,0.02,0.41,-0.002
2021-10-21,164701,贵金属LOF,0.735,0.74,0.735,0.738,1768.0,130130.0,0.41,0.06,0.68,0.003
2021-10-22,164701,贵金属LOF,0.736,0.752,0.736,0.742,1627.0,121321.0,0.54,0.05,2.17,0.004
2021-10-25,164701,贵金属LOF,0.742,0.743,0.739,0.742,496.0,36741.0,0.0,0.02,0.54,0.0
2021-10-26,164701,贵金属LOF,0.743,0.745,0.742,0.745,1882.0,139821.0,0.4,0.06,0.4,0.003
2021-10-27,164701,贵金属LOF,0.741,0.742,0.728,0.738,1030.0,75848.0,-0.94,0.03,1.88,-0.007
2021-10-28,164701,贵金属LOF,0.736,0.745,0.736,0.743,5389.0,398415.0,0.68,0.18,1.22,0.005
2021-10-29,164701,贵金属LOF,0.741,0.743,0.74,0.743,1736.0,128607.0,0.0,0.06,0.4,0.0
2021-11-01,164701,贵金属LOF,0.742,0.744,0.738,0.739,555.0,41108.0,-0.54,0.02,0.81,-0.004
2021-11-02,164701,贵金属LOF,0.741,0.741,0.734,0.741,1687.0,124791.0,0.27,0.06,0.95,0.002
2021-11-03,164701,贵金属LOF,0.741,0.741,0.737,0.74,576.0,42598.0,-0.13,0.02,0.54,-0.001
2021-11-04,164701,贵金属LOF,0.739,0.739,0.735,0.737,249.0,18367.0,-0.41,0.01,0.54,-0.003
2021-11-05,164701,贵金属LOF,0.737,0.744,0.737,0.744,3980.0,295682.0,0.95,0.13,0.95,0.007
2021-11-08,164701,贵金属LOF,0.744,0.75,0.743,0.749,3190.0,238089.0,0.67,0.1,0.94,0.005
2021-11-09,164701,贵金属LOF,0.749,0.749,0.747,0.747,3997.0,298804.0,-0.27,0.13,0.27,-0.002
2021-11-10,164701,贵金属LOF,0.75,0.76,0.745,0.749,4234.0,318859.0,0.27,0.14,2.01,0.002
2021-11-11,164701,贵金属LOF,0.757,0.768,0.757,0.768,4911.0,375447.0,2.54,0.16,1.47,0.019
2021-11-12,164701,贵金属LOF,0.778,0.778,0.765,0.767,4211.0,324051.0,-0.13,0.14,1.69,-0.001
2021-11-15,164701,贵金属LOF,0.767,0.767,0.761,0.764,659.0,50267.0,-0.39,0.02,0.78,-0.003
2021-11-16,164701,贵金属LOF,0.763,0.765,0.762,0.764,831.0,63483.0,0.0,0.03,0.39,0.0
2021-11-17,164701,贵金属LOF,0.763,0.764,0.759,0.762,825.0,62715.0,-0.26,0.03,0.65,-0.002
2021-11-18,164701,贵金属LOF,0.763,0.764,0.762,0.762,448.0,34204.0,0.0,0.01,0.26,0.0
2021-11-19,164701,贵金属LOF,0.763,0.763,0.76,0.761,1552.0,118238.0,-0.13,0.05,0.39,-0.001
2021-11-22,164701,贵金属LOF,0.759,0.76,0.758,0.758,485.0,36821.0,-0.39,0.02,0.26,-0.003
2021-11-23,164701,贵金属LOF,0.752,0.753,0.748,0.749,890.0,66770.0,-1.19,0.03,0.66,-0.009
2021-11-24,164701,贵金属LOF,0.746,0.746,0.743,0.745,1381.0,102795.0,-0.53,0.05,0.4,-0.004
2021-11-25,164701,贵金属LOF,0.744,0.745,0.744,0.745,448.0,33387.0,0.0,0.01,0.13,0.0
2021-11-26,164701,贵金属LOF,0.745,0.745,0.741,0.745,1641.0,122161.0,0.0,0.05,0.54,0.0
2021-11-29,164701,贵金属LOF,0.743,0.743,0.74,0.743,286.0,21195.0,-0.27,0.01,0.4,-0.002
2021-11-30,164701,贵金属LOF,0.741,0.742,0.74,0.741,870.0,64538.0,-0.27,0.03,0.27,-0.002
2021-12-01,164701,贵金属LOF,0.74,0.74,0.738,0.739,656.0,48483.0,-0.27,0.02,0.27,-0.002
2021-12-02,164701,贵金属LOF,0.737,0.74,0.737,0.737,416.0,30661.0,-0.27,0.01,0.41,-0.002
2021-12-03,164701,贵金属LOF,0.737,0.737,0.734,0.736,732.0,53886.0,-0.14,0.02,0.41,-0.001
2021-12-06,164701,贵金属LOF,0.735,0.738,0.735,0.738,878.0,64620.0,0.27,0.03,0.41,0.002
2021-12-07,164701,贵金属LOF,0.738,0.74,0.735,0.738,410.0,30281.0,0.0,0.01,0.68,0.0
2021-12-08,164701,贵金属LOF,0.737,0.739,0.734,0.739,353.0,26061.0,0.14,0.01,0.68,0.001
2021-12-09,164701,贵金属LOF,0.737,0.745,0.734,0.739,2309.0,170638.0,0.0,0.08,1.49,0.0
2021-12-10,164701,贵金属LOF,0.737,0.741,0.734,0.737,454.0,33489.0,-0.27,0.01,0.95,-0.002
2021-12-13,164701,贵金属LOF,0.736,0.738,0.733,0.738,204.0,15003.0,0.14,0.01,0.68,0.001
2021-12-14,164701,贵金属LOF,0.737,0.739,0.733,0.739,1566.0,115421.0,0.14,0.05,0.81,0.001
2021-12-15,164701,贵金属LOF,0.737,0.738,0.733,0.734,877.0,64422.0,-0.68,0.03,0.68,-0.005
2021-12-16,164701,贵金属LOF,0.734,0.736,0.733,0.736,152.0,11190.0,0.27,0.0,0.41,0.002
2021-12-17,164701,贵金属LOF,0.736,0.748,0.736,0.739,2620.0,193661.0,0.41,0.09,1.63,0.003
2021-12-20,164701,贵金属LOF,0.738,0.739,0.736,0.739,743.0,54763.0,0.0,0.02,0.41,0.0
2021-12-21,164701,贵金属LOF,0.737,0.738,0.734,0.736,917.0,67456.0,-0.41,0.03,0.54,-0.003
2021-12-22,164701,贵金属LOF,0.738,0.738,0.735,0.737,447.0,32919.0,0.14,0.01,0.41,0.001
2021-12-23,164701,贵金属LOF,0.737,0.738,0.736,0.738,727.0,53590.0,0.14,0.02,0.27,0.001
2021-12-24,164701,贵金属LOF,0.739,0.744,0.738,0.739,219.0,16191.0,0.14,0.01,0.81,0.001
2021-12-27,164701,贵金属LOF,0.739,0.74,0.737,0.738,93.0,6870.0,-0.14,0.0,0.41,-0.001
2021-12-28,164701,贵金属LOF,0.739,0.741,0.739,0.741,696.0,51484.0,0.41,0.02,0.27,0.003
2021-12-29,164701,贵金属LOF,0.74,0.741,0.736,0.738,659.0,48592.0,-0.4,0.02,0.67,-0.003
2021-12-30,164701,贵金属LOF,0.737,0.738,0.734,0.735,354.0,26039.0,-0.41,0.01,0.54,-0.003
2021-12-31,164701,贵金属LOF,0.739,0.743,0.739,0.742,1297.0,96125.0,0.95,0.04,0.54,0.007
2022-01-04,164701,贵金属LOF,0.742,0.742,0.739,0.739,208.0,15379.0,-0.4,0.01,0.4,-0.003
2022-01-05,164701,贵金属LOF,0.74,0.741,0.739,0.74,2417.0,178764.0,0.14,0.08,0.27,0.001
2022-01-06,164701,贵金属LOF,0.74,0.741,0.739,0.739,704.0,52078.0,-0.14,0.02,0.27,-0.001
2022-01-07,164701,贵金属LOF,0.738,0.738,0.726,0.733,423.0,30954.0,-0.81,0.01,1.62,-0.006
2022-01-10,164701,贵金属LOF,0.734,0.735,0.733,0.735,677.0,49765.0,0.27,0.02,0.27,0.002
2022-01-11,164701,贵金属LOF,0.736,0.74,0.736,0.74,2001.0,148044.0,0.68,0.07,0.54,0.005
2022-01-12,164701,贵金属LOF,0.74,0.742,0.738,0.74,415.0,30716.0,0.0,0.01,0.54,0.0
2022-01-13,164701,贵金属LOF,0.741,0.744,0.741,0.742,430.0,31881.0,0.27,0.01,0.41,0.002
2022-01-14,164701,贵金属LOF,0.743,0.745,0.741,0.745,186.0,13794.0,0.4,0.01,0.54,0.003
2022-01-17,164701,贵金属LOF,0.745,0.745,0.74,0.741,196.0,14566.0,-0.54,0.01,0.67,-0.004
2022-01-18,164701,贵金属LOF,0.747,0.747,0.741,0.741,106.0,7869.0,0.0,0.0,0.81,0.0
2022-01-19,164701,贵金属LOF,0.742,0.742,0.736,0.739,490.0,36117.0,-0.27,0.02,0.81,-0.002
2022-01-20,164701,贵金属LOF,0.745,0.753,0.745,0.748,1220.0,91247.0,1.22,0.04,1.08,0.009
2022-01-21,164701,贵金属LOF,0.747,0.749,0.746,0.748,513.0,38342.0,0.0,0.02,0.4,0.0
2022-01-24,164701,贵金属LOF,0.749,0.75,0.746,0.746,187.0,13963.0,-0.27,0.01,0.53,-0.002
2022-01-25,164701,贵金属LOF,0.748,0.751,0.747,0.75,2130.0,159605.0,0.54,0.07,0.54,0.004
2022-01-26,164701,贵金属LOF,0.752,0.753,0.75,0.753,153.0,11503.0,0.4,0.0,0.4,0.003
2022-01-27,164701,贵金属LOF,0.75,0.75,0.736,0.736,1215.0,89834.0,-2.26,0.04,1.86,-0.017
2022-01-28,164701,贵金属LOF,0.736,0.738,0.73,0.734,1539.0,112811.0,-0.27,0.05,1.09,-0.002
2022-02-07,164701,贵金属LOF,0.736,0.744,0.736,0.743,1526.0,113185.0,1.23,0.05,1.09,0.009
2022-02-08,164701,贵金属LOF,0.743,0.746,0.74,0.745,1685.0,124828.0,0.27,0.05,0.81,0.002
2022-02-09,164701,贵金属LOF,0.744,0.749,0.744,0.749,174.0,13019.0,0.54,0.01,0.67,0.004
2022-02-10,164701,贵金属LOF,0.749,0.749,0.742,0.744,1365.0,101502.0,-0.67,0.04,0.93,-0.005
2022-02-11,164701,贵金属LOF,0.743,0.748,0.741,0.743,2345.0,174643.0,-0.13,0.08,0.94,-0.001
2022-02-14,164701,贵金属LOF,0.753,0.759,0.752,0.757,4773.0,360705.0,1.88,0.16,0.94,0.014
2022-02-15,164701,贵金属LOF,0.754,0.77,0.754,0.765,5385.0,412671.0,1.06,0.18,2.11,0.008
2022-02-16,164701,贵金属LOF,0.761,0.761,0.741,0.75,6701.0,498648.0,-1.96,0.22,2.61,-0.015
2022-02-17,164701,贵金属LOF,0.753,0.763,0.753,0.761,2786.0,211711.0,1.47,0.09,1.33,0.011
2022-02-18,164701,贵金属LOF,0.766,0.779,0.765,0.773,3823.0,294539.0,1.58,0.12,1.84,0.012
2022-02-21,164701,贵金属LOF,0.773,0.776,0.763,0.769,496.0,38014.0,-0.52,0.02,1.68,-0.004
2022-02-22,164701,贵金属LOF,0.775,0.799,0.77,0.784,5576.0,433830.0,1.95,0.18,3.77,0.015
2022-02-23,164701,贵金属LOF,0.783,0.784,0.759,0.772,1291.0,99627.0,-1.53,0.04,3.19,-0.012
2022-02-24,164701,贵金属LOF,0.773,0.835,0.773,0.812,17386.0,1384703.0,5.18,0.57,8.03,0.04
2022-02-25,164701,贵金属LOF,0.809,0.809,0.777,0.792,8913.0,703892.0,-2.46,0.29,3.94,-0.02
2022-02-28,164701,贵金属LOF,0.794,0.798,0.783,0.784,5381.0,424791.0,-1.01,0.18,1.89,-0.008
2022-03-01,164701,贵金属LOF,0.784,0.788,0.756,0.773,6531.0,502899.0,-1.4,0.21,4.08,-0.011
2022-03-02,164701,贵金属LOF,0.786,0.786,0.779,0.78,7667.0,598121.0,0.91,0.25,0.91,0.007
2022-03-03,164701,贵金属LOF,0.778,0.778,0.772,0.772,3044.0,235920.0,-1.03,0.1,0.77,-0.008
2022-03-04,164701,贵金属LOF,0.775,0.788,0.775,0.778,2921.0,227449.0,0.78,0.1,1.68,0.006
2022-03-07,164701,贵金属LOF,0.798,0.829,0.793,0.822,25564.0,2079322.0,5.66,0.83,4.63,0.044
2022-03-08,164701,贵金属LOF,0.822,0.829,0.79,0.822,13868.0,1124206.0,0.0,0.45,4.74,0.0
2022-03-09,164701,贵金属LOF,0.824,0.904,0.824,0.885,57124.0,5017824.0,7.66,1.86,9.73,0.063
2022-03-10,164701,贵金属LOF,0.814,0.92,0.806,0.84,51202.0,4420864.0,-5.08,1.67,12.88,-0.045
2022-03-11,164701,贵金属LOF,0.84,0.87,0.804,0.826,28431.0,2391563.0,-1.67,0.93,7.86,-0.014
2022-03-14,164701,贵金属LOF,0.8,0.804,0.781,0.785,40842.0,3224435.0,-4.96,1.33,2.78,-0.041
2022-03-15,164701,贵金属LOF,0.778,0.778,0.749,0.757,40368.0,3078724.0,-3.57,1.32,3.69,-0.028
2022-03-16,164701,贵金属LOF,0.759,0.774,0.758,0.765,30499.0,2329437.0,1.06,1.0,2.11,0.008
2022-03-17,164701,贵金属LOF,0.773,0.783,0.767,0.776,21107.0,1633578.0,1.44,0.69,2.09,0.011
2022-03-18,164701,贵金属LOF,0.783,0.788,0.774,0.779,18052.0,1407059.0,0.39,0.59,1.8,0.003
2022-03-21,164701,贵金属LOF,0.778,0.786,0.774,0.78,11011.0,858149.0,0.13,0.36,1.54,0.001
2022-03-22,164701,贵金属LOF,0.78,0.786,0.78,0.783,8590.0,672935.0,0.38,0.28,0.77,0.003
2022-03-23,164701,贵金属LOF,0.779,0.781,0.774,0.775,4984.0,387776.0,-1.02,0.16,0.89,-0.008
2022-03-24,164701,贵金属LOF,0.785,0.79,0.783,0.786,7682.0,603600.0,1.42,0.25,0.9,0.011
2022-03-25,164701,贵金属LOF,0.79,0.798,0.79,0.791,7925.0,629262.0,0.64,0.26,1.02,0.005
2022-03-28,164701,贵金属LOF,0.79,0.793,0.785,0.786,4986.0,392436.0,-0.63,0.16,1.01,-0.005
2022-03-29,164701,贵金属LOF,0.786,0.787,0.777,0.777,2842.0,221876.0,-1.15,0.09,1.27,-0.009
2022-03-30,164701,贵金属LOF,0.776,0.78,0.773,0.778,4732.0,367175.0,0.13,0.15,0.9,0.001
2022-03-31,164701,贵金属LOF,0.778,0.78,0.771,0.776,7506.0,583316.0,-0.26,0.24,1.16,-0.002
2022-04-01,164701,贵金属LOF,0.778,0.784,0.761,0.781,4577.0,354050.0,0.64,0.15,2.96,0.005
2022-04-06,164701,贵金属LOF,0.779,0.785,0.779,0.781,2869.0,224243.0,0.0,0.09,0.77,0.0
2022-04-07,164701,贵金属LOF,0.781,0.783,0.778,0.782,2769.0,215880.0,0.13,0.09,0.64,0.001
2022-04-08,164701,贵金属LOF,0.783,0.798,0.783,0.792,7335.0,580631.0,1.28,0.24,1.92,0.01
2022-04-11,164701,贵金属LOF,0.793,0.818,0.793,0.801,13655.0,1099191.0,1.14,0.45,3.16,0.009
2022-04-12,164701,贵金属LOF,0.804,0.811,0.797,0.799,10380.0,832777.0,-0.25,0.34,1.75,-0.002
2022-04-13,164701,贵金属LOF,0.803,0.829,0.803,0.813,12536.0,1022836.0,1.75,0.41,3.25,0.014
2022-04-14,164701,贵金属LOF,0.819,0.835,0.809,0.811,16330.0,1339392.0,-0.25,0.53,3.2,-0.002
2022-04-15,164701,贵金属LOF,0.81,0.818,0.802,0.805,7658.0,619038.0,-0.74,0.25,1.97,-0.006
2022-04-18,164701,贵金属LOF,0.809,0.817,0.807,0.811,4473.0,362360.0,0.75,0.15,1.24,0.006
2022-04-19,164701,贵金属LOF,0.809,0.809,0.8,0.802,3728.0,299325.0,-1.11,0.12,1.11,-0.009
2022-04-20,164701,贵金属LOF,0.792,0.799,0.783,0.787,8077.0,635752.0,-1.87,0.26,2.0,-0.015
2022-04-21,164701,贵金属LOF,0.789,0.808,0.789,0.799,3208.0,255012.0,1.52,0.1,2.41,0.012
2022-04-22,164701,贵金属LOF,0.799,0.806,0.793,0.8,3469.0,276687.0,0.13,0.11,1.63,0.001
2022-04-25,164701,贵金属LOF,0.794,0.796,0.779,0.779,7472.0,587353.0,-2.63,0.24,2.13,-0.021
2022-04-26,164701,贵金属LOF,0.779,0.789,0.779,0.786,2344.0,183673.0,0.9,0.08,1.28,0.007
2022-04-27,164701,贵金属LOF,0.79,0.797,0.782,0.789,3323.0,262869.0,0.38,0.11,1.91,0.003
2022-04-28,164701,贵金属LOF,0.782,0.795,0.774,0.783,5065.0,397849.0,-0.76,0.17,2.66,-0.006
2022-04-29,164701,贵金属LOF,0.791,0.819,0.791,0.802,15031.0,1202446.0,2.43,0.49,3.58,0.019
2022-05-05,164701,贵金属LOF,0.804,0.809,0.797,0.803,8430.0,676606.0,0.12,0.28,1.5,0.001
2022-05-06,164701,贵金属LOF,0.802,0.802,0.789,0.795,4073.0,323015.0,-1.0,0.13,1.62,-0.008
2022-05-09,164701,贵金属LOF,0.795,0.797,0.783,0.79,5838.0,461830.0,-0.63,0.19,1.76,-0.005
2022-05-10,164701,贵金属LOF,0.787,0.793,0.783,0.783,5093.0,400085.0,-0.89,0.17,1.27,-0.007
2022-05-11,164701,贵金属LOF,0.777,0.787,0.774,0.783,5537.0,430735.0,0.0,0.18,1.66,0.0
2022-05-12,164701,贵金属LOF,0.79,0.793,0.78,0.787,2674.0,210362.0,0.51,0.09,1.66,0.004
2022-05-13,164701,贵金属LOF,0.78,0.789,0.78,0.781,5880.0,460187.0,-0.76,0.19,1.14,-0.006
2022-05-16,164701,贵金属LOF,0.783,0.783,0.774,0.774,1364.0,105870.0,-0.9,0.04,1.15,-0.007
2022-05-17,164701,贵金属LOF,0.775,0.781,0.775,0.781,7361.0,572665.0,0.9,0.24,0.78,0.007
2022-05-18,164701,贵金属LOF,0.777,0.777,0.775,0.776,1088.0,84441.0,-0.64,0.04,0.26,-0.005
2022-05-19,164701,贵金属LOF,0.776,0.781,0.775,0.779,981.0,76442.0,0.39,0.03,0.77,0.003
2022-05-20,164701,贵金属LOF,0.781,0.787,0.781,0.783,1228.0,96134.0,0.51,0.04,0.77,0.004
2022-05-23,164701,贵金属LOF,0.784,0.786,0.783,0.784,585.0,45871.0,0.13,0.02,0.38,0.001
2022-05-24,164701,贵金属LOF,0.784,0.799,0.783,0.787,4007.0,316654.0,0.38,0.13,2.04,0.003
2022-05-25,164701,贵金属LOF,0.788,0.807,0.788,0.791,3974.0,315013.0,0.51,0.13,2.41,0.004
2022-05-26,164701,贵金属LOF,0.796,0.796,0.784,0.79,1674.0,131813.0,-0.13,0.05,1.52,-0.001
2022-05-27,164701,贵金属LOF,0.788,0.796,0.788,0.791,1423.0,112668.0,0.13,0.05,1.01,0.001
2022-05-30,164701,贵金属LOF,0.792,0.794,0.786,0.79,72800.0,57548.40000000001,,,,
2022-05-31,164701,贵金属LOF,0.786,0.797,0.783,0.787,509100.0,401298.075,,,,
2022-06-01,164701,贵金属LOF,0.783,0.783,0.772,0.779,286700.0,223410.975,,,,
2022-06-02,164701,贵金属LOF,0.783,0.786,0.781,0.784,303800.0,238027.3,,,,
2022-06-06,164701,贵金属LOF,0.784,0.784,0.78,0.781,273000.0,213554.25000000003,,,,
2022-06-07,164701,贵金属LOF,0.781,0.783,0.78,0.782,232300.0,181542.45,,,,
2022-06-08,164701,贵金属LOF,0.782,0.785,0.782,0.785,159900.0,125281.65,,,,
2022-06-09,164701,贵金属LOF,0.785,0.79,0.781,0.784,244300.0,191775.5,,,,
2022-06-10,164701,贵金属LOF,0.784,0.784,0.777,0.778,198600.0,155056.95,,,,
2022-06-13,164701,贵金属LOF,0.786,0.795,0.786,0.786,211100.0,166399.575,,,,
2022-06-14,164701,贵金属LOF,0.78,0.782,0.774,0.782,207900.0,162058.05000000002,,,,
2022-06-15,164701,贵金属LOF,0.777,0.777,0.77,0.775,304100.0,235601.475,,,,
2022-06-16,164701,贵金属LOF,0.776,0.784,0.773,0.775,223400.0,173581.80000000002,,,,
2022-06-17,164701,贵金属LOF,0.783,0.787,0.776,0.776,374800.0,292531.4,,,,
2022-06-20,164701,贵金属LOF,0.786,0.786,0.777,0.78,299000.0,233892.75000000003,,,,
2022-06-21,164701,贵金属LOF,0.779,0.779,0.777,0.777,160000.0,124480.0,,,,
2022-06-22,164701,贵金属LOF,0.776,0.78,0.775,0.776,274700.0,213373.225,,,,
2022-06-23,164701,贵金属LOF,0.78,0.78,0.773,0.777,316500.0,246078.75,,,,
2022-06-24,164701,贵金属LOF,0.776,0.776,0.774,0.776,53400.0,41411.7,,,,
2022-06-27,164701,贵金属LOF,0.775,0.777,0.775,0.776,238400.0,184938.8,,,,
2022-06-28,164701,贵金属LOF,0.775,0.776,0.773,0.775,134600.0,104281.35,,,,
2022-06-29,164701,贵金属LOF,0.775,0.778,0.775,0.776,295500.0,229308.0,,,,
2022-06-30,164701,贵金属LOF,0.775,0.776,0.774,0.775,136300.0,105632.5,,,,
2022-07-01,164701,贵金属LOF,0.774,0.774,0.768,0.769,165700.0,127796.125,,,,
2022-07-04,164701,贵金属LOF,0.769,0.772,0.769,0.772,139500.0,107484.75,,,,
2022-07-05,164701,贵金属LOF,0.771,0.772,0.769,0.772,97400.0,75095.40000000001,,,,
2022-07-06,164701,贵金属LOF,0.768,0.768,0.756,0.758,509400.0,388417.5,,,,
2022-07-07,164701,贵金属LOF,0.761,0.761,0.751,0.754,170900.0,129328.57500000001,,,,
2022-07-08,164701,贵金属LOF,0.753,0.756,0.75,0.751,122700.0,92331.75,,,,
2022-07-11,164701,贵金属LOF,0.75,0.751,0.747,0.749,169200.0,126773.09999999999,,,,
2022-07-12,164701,贵金属LOF,0.749,0.751,0.748,0.749,42200.0,31618.35,,,,
2022-07-13,164701,贵金属LOF,0.748,0.748,0.741,0.746,89300.0,66595.475,,,,
2022-07-14,164701,贵金属LOF,0.746,0.748,0.741,0.747,264600.0,197259.3,,,,
2022-07-15,164701,贵金属LOF,0.74,0.744,0.738,0.738,223900.0,165686.0,,,,
2022-07-18,164701,贵金属LOF,0.737,0.742,0.737,0.741,126900.0,93810.825,,,,
2022-07-19,164701,贵金属LOF,0.74,0.742,0.737,0.739,121100.0,89553.45000000001,,,,
2022-07-20,164701,贵金属LOF,0.738,0.74,0.737,0.74,66100.0,48831.375,,,,
2022-07-21,164701,贵金属LOF,0.74,0.74,0.736,0.738,176300.0,130197.54999999999,,,,
2022-07-22,164701,贵金属LOF,0.738,0.74,0.737,0.74,155100.0,114580.125,,,,
2022-07-25,164701,贵金属LOF,0.74,0.741,0.737,0.739,50900.0,37627.825000000004,,,,
2022-07-26,164701,贵金属LOF,0.739,0.74,0.739,0.74,115200.0,85190.40000000001,,,,
2022-07-27,164701,贵金属LOF,0.739,0.742,0.738,0.739,293800.0,217265.09999999998,,,,
2022-07-28,164701,贵金属LOF,0.744,0.749,0.741,0.744,328500.0,244568.25000000003,,,,
2022-07-29,164701,贵金属LOF,0.747,0.77,0.747,0.756,1133100.0,855490.5,,,,
2022-08-01,164701,贵金属LOF,0.756,0.756,0.751,0.752,168700.0,127157.625,,,,
2022-08-02,164701,贵金属LOF,0.754,0.758,0.753,0.757,425200.0,321238.60000000003,,,,
2022-08-03,164701,贵金属LOF,0.758,0.758,0.751,0.756,119700.0,90463.27500000001,,,,
2022-08-04,164701,贵金属LOF,0.753,0.757,0.753,0.757,255500.0,192902.5,,,,
2022-08-05,164701,贵金属LOF,0.759,0.761,0.757,0.761,277900.0,211065.05000000002,,,,
2022-08-08,164701,贵金属LOF,0.761,0.761,0.755,0.759,54900.0,41669.1,,,,
2022-08-09,164701,贵金属LOF,0.755,0.76,0.754,0.758,270100.0,204398.175,,,,
2022-08-10,164701,贵金属LOF,0.761,0.765,0.76,0.764,221500.0,168893.75,,,,
2022-08-11,164701,贵金属LOF,0.764,0.764,0.758,0.762,93100.0,70942.2,,,,
2022-08-12,164701,贵金属LOF,0.762,0.765,0.75,0.765,592500.0,450596.25000000006,,,,
2022-08-15,164701,贵金属LOF,0.766,0.768,0.765,0.765,14500.0,11107.000000000002,,,,
2022-08-16,164701,贵金属LOF,0.767,0.767,0.761,0.765,18800.0,14382.0,,,,
2022-08-17,164701,贵金属LOF,0.765,0.765,0.76,0.764,43200.0,32983.200000000004,,,,
2022-08-18,164701,贵金属LOF,0.762,0.763,0.756,0.757,26800.0,20354.600000000002,,,,
2022-08-19,164701,贵金属LOF,0.751,0.756,0.751,0.755,42400.0,31937.8,,,,
2022-08-22,164701,贵金属LOF,0.755,0.759,0.743,0.753,5800.0,4364.5,,,,
2022-08-23,164701,贵金属LOF,0.754,0.757,0.748,0.751,46400.0,34916.0,,,,
2022-08-24,164701,贵金属LOF,0.752,0.757,0.751,0.752,120200.0,90510.6,,,,
2022-08-25,164701,贵金属LOF,0.758,0.759,0.754,0.759,88300.0,66887.25,,,,
2022-08-26,164701,贵金属LOF,0.755,0.756,0.752,0.753,25700.0,19377.8,,,,
2022-08-29,164701,贵金属LOF,0.749,0.758,0.741,0.751,95900.0,71901.02500000001,,,,
2022-08-30,164701,贵金属LOF,0.751,0.758,0.749,0.754,71400.0,53764.2,,,,
2022-08-31,164701,贵金属LOF,0.75,0.751,0.745,0.749,35100.0,26281.125,,,,
2022-09-01,164701,贵金属LOF,0.747,0.747,0.742,0.746,110900.0,82675.95,,,,
2022-09-02,164701,贵金属LOF,0.745,0.748,0.735,0.745,104000.0,77298.0,,,,
2022-09-05,164701,贵金属LOF,0.741,0.748,0.741,0.748,5600.0,4169.200000000001,,,,
2022-09-06,164701,贵金属LOF,0.748,0.752,0.748,0.752,38500.0,28875.0,,,,
2022-09-07,164701,贵金属LOF,0.748,0.75,0.745,0.747,9300.0,6951.750000000001,,,,
2022-09-08,164701,贵金属LOF,0.747,0.753,0.747,0.748,6900.0,5166.375,,,,
2022-09-09,164701,贵金属LOF,0.749,0.75,0.748,0.749,28500.0,21346.500000000004,,,,
2022-09-13,164701,贵金属LOF,0.751,0.755,0.75,0.755,35000.0,26346.25,,,,
2022-09-14,164701,贵金属LOF,0.751,0.761,0.747,0.747,72100.0,54183.149999999994,,,,
2022-09-15,164701,贵金属LOF,0.748,0.755,0.745,0.745,20500.0,15339.125,,,,
2022-09-16,164701,贵金属LOF,0.748,0.748,0.738,0.742,67200.0,49996.8,,,,
2022-09-19,164701,贵金属LOF,0.742,0.749,0.733,0.733,13300.0,9832.025000000001,,,,
2022-09-20,164701,贵金属LOF,0.732,0.74,0.732,0.74,183800.0,135276.8,,,,
2022-09-21,164701,贵金属LOF,0.738,0.75,0.732,0.739,265700.0,196551.57499999998,,,,
2022-09-22,164701,贵金属LOF,0.744,0.754,0.737,0.745,537100.0,400139.5,,,,
2022-09-23,164701,贵金属LOF,0.746,0.756,0.746,0.754,156400.0,117378.20000000001,,,,
2022-09-26,164701,贵金属LOF,0.74,0.74,0.729,0.729,180200.0,132356.9,,,,
2022-09-27,164701,贵金属LOF,0.732,0.735,0.726,0.734,150100.0,109835.675,,,,
2022-09-28,164701,贵金属LOF,0.733,0.733,0.723,0.729,233300.0,170192.34999999998,,,,
2022-09-29,164701,贵金属LOF,0.731,0.75,0.728,0.729,824800.0,605815.6,,,,
2022-09-30,164701,贵金属LOF,0.732,0.742,0.732,0.741,41700.0,30722.475000000002,,,,
2022-10-10,164701,贵金属LOF,0.745,0.757,0.745,0.749,348600.0,261101.4,,,,
2022-10-11,164701,贵金属LOF,0.745,0.746,0.742,0.742,45400.0,33766.25,,,,
2022-10-12,164701,贵金属LOF,0.742,0.742,0.721,0.74,60400.0,44469.50000000001,,,,
2022-10-13,164701,贵金属LOF,0.742,0.746,0.742,0.743,65900.0,48980.174999999996,,,,
2022-10-14,164701,贵金属LOF,0.739,0.762,0.738,0.753,445900.0,333533.2,,,,
2022-10-17,164701,贵金属LOF,0.745,0.75,0.744,0.744,171600.0,127970.69999999998,,,,
2022-10-18,164701,贵金属LOF,0.744,0.744,0.74,0.74,14600.0,10833.2,,,,
2022-10-19,164701,贵金属LOF,0.738,0.742,0.734,0.74,58300.0,43054.549999999996,,,,
2022-10-20,164701,贵金属LOF,0.736,0.739,0.733,0.736,26700.0,19651.2,,,,
2022-10-21,164701,贵金属LOF,0.738,0.738,0.733,0.735,26800.0,19724.8,,,,
2022-10-24,164701,贵金属LOF,0.736,0.739,0.734,0.734,41400.0,30460.05,,,,
2022-10-25,164701,贵金属LOF,0.733,0.748,0.733,0.737,414600.0,305871.15,,,,
2022-10-26,164701,贵金属LOF,0.732,0.741,0.732,0.741,200000.0,147300.0,,,,
2022-10-27,164701,贵金属LOF,0.742,0.76,0.742,0.742,456200.0,340553.3,,,,
2022-10-28,164701,贵金属LOF,0.742,0.75,0.742,0.744,101600.0,75641.2,,,,
2022-10-31,164701,贵金属LOF,0.744,0.744,0.736,0.738,23500.0,17401.75,,,,
2022-11-01,164701,贵金属LOF,0.738,0.744,0.737,0.743,96900.0,71754.45,,,,
2022-11-02,164701,贵金属LOF,0.739,0.749,0.739,0.749,39800.0,29611.2,,,,
2022-11-03,164701,贵金属LOF,0.745,0.745,0.742,0.742,27300.0,20297.550000000003,,,,
2022-11-04,164701,贵金属LOF,0.743,0.748,0.742,0.747,26500.0,19742.5,,,,
2022-11-07,164701,贵金属LOF,0.753,0.769,0.752,0.754,710000.0,537470.0000000001,,,,
2022-11-08,164701,贵金属LOF,0.754,0.765,0.754,0.76,165300.0,125338.72499999999,,,,
2022-11-09,164701,贵金属LOF,0.768,0.778,0.768,0.777,288900.0,223247.475,,,,
2022-11-10,164701,贵金属LOF,0.769,0.777,0.768,0.776,102600.0,79258.5,,,,
2022-11-11,164701,贵金属LOF,0.778,0.794,0.778,0.785,1229300.0,963463.8750000001,,,,
2022-11-14,164701,贵金属LOF,0.789,0.795,0.78,0.782,561800.0,441855.7,,,,
2022-11-15,164701,贵金属LOF,0.782,0.786,0.781,0.784,371300.0,290820.72500000003,,,,
2022-11-16,164701,贵金属LOF,0.783,0.787,0.783,0.784,49200.0,38585.1,,,,
2022-11-17,164701,贵金属LOF,0.782,0.784,0.782,0.783,30900.0,24186.975000000002,,,,
2022-11-18,164701,贵金属LOF,0.783,0.787,0.778,0.786,46500.0,36432.75,,,,
2022-11-21,164701,贵金属LOF,0.783,0.783,0.773,0.778,42800.0,33351.9,,,,
2022-11-22,164701,贵金属LOF,0.782,0.782,0.776,0.779,60700.0,47330.825,,,,
2022-11-23,164701,贵金属LOF,0.78,0.78,0.773,0.776,26000.0,20208.500000000004,,,,
2022-11-24,164701,贵金属LOF,0.783,0.791,0.783,0.788,225300.0,177142.125,,,,
2022-11-25,164701,贵金属LOF,0.787,0.791,0.787,0.787,56600.0,44600.8,,,,
2022-11-28,164701,贵金属LOF,0.791,0.791,0.783,0.788,132000.0,104049.0,,,,
2022-11-29,164701,贵金属LOF,0.784,0.79,0.784,0.787,57100.0,44894.87500000001,,,,
2022-11-30,164701,贵金属LOF,0.789,0.789,0.788,0.788,25900.0,20422.149999999998,,,,
2022-12-01,164701,贵金属LOF,0.786,0.792,0.786,0.791,166300.0,131169.125,,,,
2022-12-02,164701,贵金属LOF,0.795,0.795,0.792,0.795,52500.0,41698.12500000001,,,,
2022-12-05,164701,贵金属LOF,0.795,0.802,0.795,0.797,84400.0,67287.9,,,,
2022-12-06,164701,贵金属LOF,0.789,0.789,0.783,0.786,48000.0,37764.0,,,,
2022-12-07,164701,贵金属LOF,0.783,0.788,0.783,0.783,14500.0,11371.625,,,,
2022-12-08,164701,贵金属LOF,0.787,0.789,0.783,0.783,2100.0,1649.55,,,,
2022-12-09,164701,贵金属LOF,0.785,0.788,0.783,0.788,10700.0,8410.199999999999,,,,
2022-12-12,164701,贵金属LOF,0.793,0.793,0.788,0.788,19600.0,15493.8,,,,
2022-12-13,164701,贵金属LOF,0.785,0.794,0.785,0.791,45200.0,35651.5,,,,
2022-12-14,164701,贵金属LOF,0.795,0.803,0.785,0.792,79400.0,63023.75000000001,,,,
2022-12-15,164701,贵金属LOF,0.795,0.8,0.771,0.79,19400.0,15306.599999999999,,,,
2022-12-16,164701,贵金属LOF,0.788,0.788,0.781,0.785,39000.0,30634.5,,,,
2022-12-19,164701,贵金属LOF,0.784,0.785,0.782,0.785,58900.0,46177.6,,,,
2022-12-20,164701,贵金属LOF,0.786,0.787,0.785,0.786,6700.0,5266.2,,,,
2022-12-21,164701,贵金属LOF,0.788,0.793,0.788,0.793,68300.0,53991.15,,,,
2022-12-22,164701,贵金属LOF,0.79,0.793,0.79,0.79,39700.0,31392.775,,,,
2022-12-23,164701,贵金属LOF,0.79,0.79,0.786,0.786,2400.0,1891.2,,,,
2022-12-26,164701,贵金属LOF,0.786,0.786,0.786,0.786,100.0,78.60000000000001,,,,
2022-12-27,164701,贵金属LOF,0.79,0.791,0.789,0.79,62000.0,48980.0,,,,
2022-12-28,164701,贵金属LOF,0.79,0.794,0.79,0.791,28200.0,22313.25,,,,
2022-12-29,164701,贵金属LOF,0.79,0.79,0.787,0.788,1700.0,1340.875,,,,
2022-12-30,164701,贵金属LOF,0.785,0.792,0.785,0.792,4100.0,3232.85,,,,
2023-01-03,164701,贵金属LOF,0.792,0.797,0.792,0.796,45800.0,36376.65000000001,,,,
2023-01-04,164701,贵金属LOF,0.798,0.798,0.797,0.797,11200.0,8932.000000000002,,,,
2023-01-05,164701,贵金属LOF,0.797,0.798,0.797,0.798,69300.0,55266.75000000001,,,,
2023-01-06,164701,贵金属LOF,0.797,0.797,0.789,0.791,17000.0,13489.500000000002,,,,
2023-01-09,164701,贵金属LOF,0.794,0.799,0.793,0.797,43500.0,34615.125,,,,
2023-01-10,164701,贵金属LOF,0.797,0.798,0.79,0.793,75100.0,59666.95,,,,
2023-01-11,164701,贵金属LOF,0.794,0.798,0.794,0.798,104200.0,82943.2,,,,
2023-01-12,164701,贵金属LOF,0.798,0.798,0.794,0.798,16500.0,13150.5,,,,
2023-01-13,164701,贵金属LOF,0.799,0.799,0.797,0.798,11400.0,9100.05,,,,
2023-01-16,164701,贵金属LOF,0.799,0.808,0.799,0.803,158700.0,127317.075,,,,
2023-01-17,164701,贵金属LOF,0.804,0.807,0.8,0.805,97500.0,78390.0,,,,
2023-01-18,164701,贵金属LOF,0.804,0.805,0.802,0.804,26500.0,21299.375000000004,,,,
2023-01-19,164701,贵金属LOF,0.802,0.805,0.8,0.804,30100.0,24162.775,,,,
2023-01-20,164701,贵金属LOF,0.806,0.818,0.806,0.817,75000.0,60881.25,,,,
2023-01-30,164701,贵金属LOF,0.819,0.821,0.812,0.816,143800.0,117484.59999999999,,,,
2023-01-31,164701,贵金属LOF,0.811,0.817,0.807,0.812,120000.0,97410.00000000001,,,,
2023-02-01,164701,贵金属LOF,0.811,0.819,0.809,0.814,90300.0,73436.475,,,,
2023-02-02,164701,贵金属LOF,0.816,0.829,0.816,0.821,273600.0,224488.8,,,,
2023-02-03,164701,贵金属LOF,0.824,0.828,0.813,0.817,29500.0,24204.75,,,,
2023-02-06,164701,贵金属LOF,0.812,0.812,0.805,0.805,20700.0,16735.95,,,,
2023-02-07,164701,贵金属LOF,0.81,0.815,0.801,0.802,67000.0,54069.0,,,,
2023-02-08,164701,贵金属LOF,0.802,0.808,0.8,0.805,120300.0,96691.125,,,,
2023-02-09,164701,贵金属LOF,0.805,0.805,0.8,0.802,83400.0,66970.20000000001,,,,
2023-02-10,164701,贵金属LOF,0.8,0.801,0.795,0.797,71300.0,56915.225,,,,
2023-02-13,164701,贵金属LOF,0.796,0.798,0.792,0.794,215000.0,170924.99999999997,,,,
2023-02-14,164701,贵金属LOF,0.793,0.796,0.79,0.796,152600.0,121126.25,,,,
2023-02-15,164701,贵金属LOF,0.796,0.796,0.793,0.793,37100.0,29475.95,,,,
2023-02-16,164701,贵金属LOF,0.793,0.793,0.79,0.79,32600.0,25802.9,,,,
2023-02-17,164701,贵金属LOF,0.788,0.79,0.787,0.788,13900.0,10956.675,,,,
2023-02-20,164701,贵金属LOF,0.788,0.792,0.788,0.791,70900.0,55993.27500000001,,,,
2023-02-21,164701,贵金属LOF,0.788,0.794,0.788,0.793,88200.0,69744.15000000001,,,,
2023-02-22,164701,贵金属LOF,0.793,0.797,0.792,0.797,46500.0,36955.875,,,,
2023-02-23,164701,贵金属LOF,0.796,0.796,0.789,0.791,80100.0,63519.3,,,,
2023-02-24,164701,贵金属LOF,0.791,0.793,0.789,0.792,57300.0,45338.62500000001,,,,
2023-02-27,164701,贵金属LOF,0.792,0.792,0.786,0.786,11600.0,9152.4,,,,
2023-02-28,164701,贵金属LOF,0.787,0.788,0.787,0.787,3700.0,2912.825,,,,
2023-03-01,164701,贵金属LOF,0.79,0.795,0.789,0.795,80500.0,63776.125,,,,
2023-03-02,164701,贵金属LOF,0.794,0.794,0.792,0.792,22800.0,18080.399999999998,,,,
2023-03-03,164701,贵金属LOF,0.795,0.795,0.793,0.793,9200.0,7304.8,,,,
2023-03-06,164701,贵金属LOF,0.795,0.804,0.795,0.803,102200.0,81683.35,,,,
2023-03-07,164701,贵金属LOF,0.799,0.801,0.796,0.801,109200.0,87278.1,,,,
2023-03-08,164701,贵金属LOF,0.797,0.797,0.79,0.792,33600.0,26678.4,,,,
2023-03-09,164701,贵金属LOF,0.788,0.793,0.782,0.79,28300.0,22307.475,,,,
2023-03-10,164701,贵金属LOF,0.791,0.793,0.789,0.793,8900.0,7044.350000000001,,,,
2023-03-13,164701,贵金属LOF,0.794,0.812,0.794,0.806,310200.0,248625.3,,,,
2023-03-14,164701,贵金属LOF,0.812,0.827,0.812,0.815,376600.0,307493.9,,,,
2023-03-15,164701,贵金属LOF,0.815,0.819,0.81,0.81,151800.0,123489.3,,,,
2023-03-16,164701,贵金属LOF,0.814,0.847,0.814,0.818,758000.0,624023.5,,,,
2023-03-17,164701,贵金属LOF,0.824,0.829,0.815,0.825,550400.0,453116.8,,,,
2023-03-20,164701,贵金属LOF,0.838,0.858,0.833,0.858,486600.0,412028.54999999993,,,,
2023-03-21,164701,贵金属LOF,0.857,0.857,0.838,0.84,660800.0,560358.4,,,,
2023-03-22,164701,贵金属LOF,0.835,0.844,0.83,0.837,177000.0,148060.5,,,,
2023-03-23,164701,贵金属LOF,0.838,0.853,0.838,0.844,260700.0,219835.27500000002,,,,
2023-03-24,164701,贵金属LOF,0.844,0.848,0.837,0.84,171000.0,144024.75,,,,
2023-03-27,164701,贵金属LOF,0.843,0.85,0.838,0.844,164700.0,138965.625,,,,
2023-03-28,164701,贵金属LOF,0.842,0.844,0.834,0.838,220600.0,185193.7,,,,
2023-03-29,164701,贵金属LOF,0.838,0.841,0.834,0.837,69700.0,58373.75,,,,
2023-03-30,164701,贵金属LOF,0.834,0.834,0.826,0.832,323300.0,268823.95,,,,
2023-03-31,164701,贵金属LOF,0.833,0.837,0.833,0.835,62600.0,52239.700000000004,,,,
2023-04-03,164701,贵金属LOF,0.835,0.835,0.827,0.832,200800.0,167115.8,,,,
2023-04-04,164701,贵金属LOF,0.838,0.849,0.838,0.849,369300.0,311504.55,,,,
2023-04-06,164701,贵金属LOF,0.86,0.896,0.86,0.873,1098300.0,957992.1749999999,,,,
2023-04-07,164701,贵金属LOF,0.87,0.87,0.853,0.856,1021900.0,881133.2749999999,,,,
2023-04-10,164701,贵金属LOF,0.851,0.854,0.844,0.849,235600.0,200142.19999999998,,,,
2023-04-11,164701,贵金属LOF,0.844,0.854,0.844,0.853,216000.0,183330.0,,,,
2023-04-12,164701,贵金属LOF,0.855,0.861,0.855,0.86,334300.0,286745.82499999995,,,,
2023-04-13,164701,贵金属LOF,0.86,0.86,0.855,0.856,152000.0,130378.0,,,,
2023-04-14,164701,贵金属LOF,0.862,0.869,0.862,0.862,279200.0,241159.0,,,,
2023-04-17,164701,贵金属LOF,0.86,0.86,0.844,0.856,234900.0,200839.5,,,,
2023-04-18,164701,贵金属LOF,0.855,0.855,0.85,0.853,123500.0,105376.375,,,,
2023-04-19,164701,贵金属LOF,0.858,0.858,0.849,0.849,52900.0,45150.149999999994,,,,
2023-04-20,164701,贵金属LOF,0.848,0.852,0.845,0.849,176700.0,149929.95,,,,
2023-04-21,164701,贵金属LOF,0.851,0.856,0.847,0.847,177800.0,151174.44999999998,,,,
2023-04-24,164701,贵金属LOF,0.847,0.85,0.84,0.848,31700.0,26826.125,,,,
2023-04-25,164701,贵金属LOF,0.85,0.853,0.847,0.848,53100.0,45108.450000000004,,,,
2023-04-26,164701,贵金属LOF,0.852,0.868,0.852,0.86,183500.0,157443.0,,,,
2023-04-27,164701,贵金属LOF,0.859,0.859,0.848,0.858,226100.0,193541.6,,,,
2023-04-28,164701,贵金属LOF,0.85,0.857,0.85,0.851,79400.0,67648.8,,,,
2023-05-04,164701,贵金属LOF,0.866,0.878,0.866,0.872,117300.0,102109.65000000001,,,,
2023-05-05,164701,贵金属LOF,0.88,0.881,0.872,0.874,193100.0,169300.425,,,,
2023-05-08,164701,贵金属LOF,0.874,0.874,0.862,0.867,197200.0,171416.1,,,,
2023-05-09,164701,贵金属LOF,0.863,0.87,0.863,0.867,103400.0,89518.55,,,,
2023-05-10,164701,贵金属LOF,0.869,0.872,0.866,0.867,50800.0,44119.8,,,,
2023-05-11,164701,贵金属LOF,0.868,0.871,0.867,0.868,29700.0,25794.45,,,,
2023-05-12,164701,贵金属LOF,0.863,0.869,0.86,0.86,99400.0,85782.19999999998,,,,
2023-05-15,164701,贵金属LOF,0.861,0.867,0.86,0.864,64100.0,55318.3,,,,
2023-05-16,164701,贵金属LOF,0.865,0.868,0.863,0.866,53100.0,45958.049999999996,,,,
2023-05-17,164701,贵金属LOF,0.863,0.865,0.86,0.864,78600.0,67831.79999999999,,,,
2023-05-18,164701,贵金属LOF,0.858,0.863,0.858,0.861,35300.0,30358.0,,,,
2023-05-19,164701,贵金属LOF,0.856,0.858,0.851,0.858,47600.0,40733.7,,,,
2023-05-22,164701,贵金属LOF,0.857,0.868,0.857,0.862,15300.0,13173.3,,,,
2023-05-23,164701,贵金属LOF,0.862,0.862,0.858,0.859,119700.0,102971.925,,,,
2023-05-24,164701,贵金属LOF,0.857,0.862,0.857,0.859,43900.0,37699.12499999999,,,,
2023-05-25,164701,贵金属LOF,0.857,0.86,0.852,0.855,117100.0,100237.59999999999,,,,
2023-05-26,164701,贵金属LOF,0.85,0.855,0.847,0.85,33300.0,28321.649999999998,,,,
2023-05-29,164701,贵金属LOF,0.849,0.854,0.849,0.851,50300.0,42792.72499999999,,,,
2023-05-30,164701,贵金属LOF,0.851,0.851,0.847,0.85,35000.0,29741.25,,,,
2023-05-31,164701,贵金属LOF,0.854,0.872,0.854,0.868,271700.0,234205.4,,,,
2023-06-01,164701,贵金属LOF,0.864,0.867,0.862,0.863,100600.0,86918.4,,,,
2023-06-02,164701,贵金属LOF,0.868,0.868,0.864,0.867,62500.0,54171.87499999999,,,,
2023-06-05,164701,贵金属LOF,0.862,0.862,0.856,0.858,89800.0,77183.09999999999,,,,
2023-06-06,164701,贵金属LOF,0.861,0.866,0.861,0.865,228500.0,197252.62500000003,,,,
2023-06-07,164701,贵金属LOF,0.865,0.875,0.863,0.863,527000.0,456645.49999999994,,,,
2023-06-08,164701,贵金属LOF,0.864,0.864,0.856,0.856,137700.0,118422.0,,,,
2023-06-09,164701,贵金属LOF,0.862,0.868,0.862,0.866,84000.0,72618.0,,,,
2023-06-12,164701,贵金属LOF,0.863,0.869,0.863,0.866,129400.0,111963.34999999999,,,,
2023-06-13,164701,贵金属LOF,0.865,0.866,0.862,0.864,77500.0,66979.375,,,,
2023-06-14,164701,贵金属LOF,0.864,0.864,0.859,0.862,13000.0,11209.25,,,,
2023-06-15,164701,贵金属LOF,0.859,0.86,0.857,0.857,48100.0,41281.825,,,,
2023-06-16,164701,贵金属LOF,0.862,0.865,0.862,0.864,42600.0,36774.450000000004,,,,
2023-06-19,164701,贵金属LOF,0.862,0.865,0.862,0.865,7600.0,6562.599999999999,,,,
2023-06-20,164701,贵金属LOF,0.865,0.867,0.861,0.865,18200.0,15733.900000000001,,,,
2023-06-21,164701,贵金属LOF,0.858,0.863,0.858,0.861,23500.0,20210.0,,,,
2023-06-26,164701,贵金属LOF,0.857,0.862,0.857,0.862,20600.0,17705.699999999997,,,,
2023-06-27,164701,贵金属LOF,0.862,0.862,0.861,0.862,57500.0,49550.625,,,,
2023-06-28,164701,贵金属LOF,0.861,0.861,0.854,0.857,15600.0,13388.699999999999,,,,
2023-06-29,164701,贵金属LOF,0.861,0.861,0.855,0.855,94300.0,80909.4,,,,
2023-06-30,164701,贵金属LOF,0.857,0.857,0.852,0.856,17500.0,14971.25,,,,
2023-07-03,164701,贵金属LOF,0.858,0.859,0.854,0.858,23400.0,20059.65,,,,
2023-07-04,164701,贵金属LOF,0.858,0.863,0.858,0.863,13300.0,11444.650000000001,,,,
2023-07-05,164701,贵金属LOF,0.865,0.866,0.862,0.862,110800.0,95703.5,,,,
2023-07-06,164701,贵金属LOF,0.862,0.865,0.856,0.858,90300.0,77680.575,,,,
2023-07-07,164701,贵金属LOF,0.858,0.859,0.855,0.859,68400.0,58670.1,,,,
2023-07-10,164701,贵金属LOF,0.859,0.86,0.856,0.859,25700.0,22063.449999999997,,,,
2023-07-11,164701,贵金属LOF,0.858,0.861,0.858,0.861,16000.0,13752.0,,,,
2023-07-12,164701,贵金属LOF,0.865,0.865,0.859,0.861,66400.0,57270.0,,,,
2023-07-13,164701,贵金属LOF,0.866,0.869,0.866,0.868,81300.0,70507.425,,,,
2023-07-14,164701,贵金属LOF,0.868,0.871,0.866,0.866,84300.0,73151.325,,,,
2023-07-17,164701,贵金属LOF,0.866,0.877,0.865,0.872,162200.0,141114.00000000003,,,,
2023-07-18,164701,贵金属LOF,0.871,0.877,0.87,0.875,107700.0,94049.02500000001,,,,
2023-07-19,164701,贵金属LOF,0.875,0.884,0.875,0.882,321500.0,282598.5,,,,
2023-07-20,164701,贵金属LOF,0.881,0.882,0.876,0.881,101200.0,89056.0,,,,
2023-07-21,164701,贵金属LOF,0.88,0.88,0.871,0.878,39000.0,34212.75,,,,
2023-07-24,164701,贵金属LOF,0.873,0.878,0.869,0.877,90200.0,78857.34999999999,,,,
2023-07-25,164701,贵金属LOF,0.854,0.877,0.854,0.869,90000.0,77715.0,,,,
2023-07-26,164701,贵金属LOF,0.869,0.874,0.865,0.874,44500.0,38737.25,,,,
2023-07-27,164701,贵金属LOF,0.868,0.873,0.868,0.87,65500.0,56968.62499999999,,,,
2023-07-28,164701,贵金属LOF,0.868,0.869,0.847,0.863,35300.0,30419.774999999998,,,,
2023-07-31,164701,贵金属LOF,0.863,0.867,0.861,0.865,90000.0,77759.99999999999,,,,
2023-08-01,164701,贵金属LOF,0.864,0.869,0.864,0.865,24500.0,21204.75,,,,
2023-08-02,164701,贵金属LOF,0.865,0.867,0.864,0.865,137800.0,119231.45,,,,
2023-08-03,164701,贵金属LOF,0.863,0.865,0.862,0.862,16900.0,14584.7,,,,
2023-08-04,164701,贵金属LOF,0.862,0.864,0.861,0.861,32700.0,28187.399999999994,,,,
2023-08-07,164701,贵金属LOF,0.859,0.863,0.859,0.862,14500.0,12480.875,,,,
2023-08-08,164701,贵金属LOF,0.86,0.865,0.86,0.864,40900.0,35266.025,,,,
2023-08-09,164701,贵金属LOF,0.862,0.865,0.862,0.864,181900.0,157025.17500000002,,,,
2023-08-10,164701,贵金属LOF,0.862,0.862,0.854,0.855,179500.0,154055.875,,,,
2023-08-11,164701,贵金属LOF,0.855,0.859,0.853,0.856,20100.0,17200.575,,,,
2023-08-14,164701,贵金属LOF,0.855,0.859,0.851,0.858,26400.0,22591.8,,,,
2023-08-15,164701,贵金属LOF,0.858,0.858,0.853,0.853,37200.0,31824.6,,,,
2023-08-16,164701,贵金属LOF,0.853,0.857,0.853,0.857,119200.0,101916.0,,,,
2023-08-17,164701,贵金属LOF,0.857,0.857,0.853,0.857,43500.0,37235.99999999999,,,,
2023-08-18,164701,贵金属LOF,0.853,0.855,0.852,0.852,17500.0,14927.5,,,,
2023-08-21,164701,贵金属LOF,0.856,0.856,0.851,0.853,59800.0,51069.2,,,,
2023-08-22,164701,贵金属LOF,0.854,0.854,0.852,0.854,35200.0,30043.199999999997,,,,
2023-08-23,164701,贵金属LOF,0.852,0.856,0.852,0.855,147100.0,125586.62499999999,,,,
2023-08-24,164701,贵金属LOF,0.857,0.859,0.855,0.858,198000.0,169735.5,,,,
2023-08-25,164701,贵金属LOF,0.855,0.863,0.855,0.86,86200.0,73981.15,,,,
2023-08-28,164701,贵金属LOF,0.858,0.862,0.857,0.859,65300.0,56092.7,,,,
2023-08-29,164701,贵金属LOF,0.858,0.863,0.858,0.861,111400.0,95804.0,,,,
2023-08-30,164701,贵金属LOF,0.863,0.87,0.862,0.866,252200.0,218216.05000000002,,,,
2023-08-31,164701,贵金属LOF,0.866,0.874,0.866,0.867,109300.0,94899.725,,,,
2023-09-01,164701,贵金属LOF,0.866,0.866,0.863,0.864,87000.0,75233.25,,,,
2023-09-04,164701,贵金属LOF,0.865,0.867,0.864,0.867,65500.0,56706.625,,,,
2023-09-05,164701,贵金属LOF,0.864,0.866,0.863,0.863,32100.0,27734.4,,,,
2023-09-06,164701,贵金属LOF,0.864,0.864,0.858,0.858,203500.0,175213.5,,,,
2023-09-07,164701,贵金属LOF,0.862,0.862,0.853,0.856,144800.0,124274.59999999999,,,,
2023-09-08,164701,贵金属LOF,0.854,0.862,0.854,0.859,212000.0,181737.0,,,,
2023-09-11,164701,贵金属LOF,0.858,0.86,0.857,0.857,129900.0,111454.19999999998,,,,
2023-09-12,164701,贵金属LOF,0.858,0.861,0.857,0.861,141700.0,121755.725,,,,
2023-09-13,164701,贵金属LOF,0.858,0.858,0.856,0.857,51800.0,44405.549999999996,,,,
2023-09-14,164701,贵金属LOF,0.857,0.857,0.856,0.857,58200.0,49862.84999999999,,,,
2023-09-15,164701,贵金属LOF,0.856,0.859,0.856,0.857,160600.0,137634.2,,,,
2023-09-18,164701,贵金属LOF,0.858,0.873,0.851,0.864,480600.0,414036.89999999997,,,,
2023-09-19,164701,贵金属LOF,0.858,0.867,0.858,0.862,332000.0,285935.0,,,,
2023-09-20,164701,贵金属LOF,0.862,0.863,0.859,0.859,180600.0,155451.45,,,,
2023-09-21,164701,贵金属LOF,0.855,0.857,0.854,0.856,269500.0,230557.24999999997,,,,
2023-09-22,164701,贵金属LOF,0.856,0.856,0.85,0.856,131000.0,111939.5,,,,
2023-09-25,164701,贵金属LOF,0.854,0.856,0.853,0.853,25800.0,22033.199999999997,,,,
2023-09-26,164701,贵金属LOF,0.854,0.855,0.851,0.852,143200.0,122149.59999999999,,,,
2023-09-27,164701,贵金属LOF,0.85,0.85,0.839,0.843,96000.0,81168.0,,,,
2023-09-28,164701,贵金属LOF,0.838,0.84,0.836,0.84,229700.0,192603.44999999998,,,,
2023-10-09,164701,贵金属LOF,0.83,0.833,0.826,0.829,400600.0,332297.7,,,,
2023-10-10,164701,贵金属LOF,0.83,0.839,0.83,0.835,177700.0,148112.95,,,,
2023-10-11,164701,贵金属LOF,0.835,0.835,0.83,0.833,160600.0,133819.95,,,,
2023-10-12,164701,贵金属LOF,0.833,0.837,0.833,0.836,122600.0,102340.35,,,,
2023-10-13,164701,贵金属LOF,0.836,0.836,0.831,0.833,189900.0,158376.6,,,,
2023-10-16,164701,贵金属LOF,0.843,0.849,0.842,0.843,560300.0,473033.275,,,,
2023-10-17,164701,贵金属LOF,0.843,0.844,0.84,0.843,91300.0,76920.24999999999,,,,
2023-10-18,164701,贵金属LOF,0.844,0.852,0.844,0.848,140900.0,119342.3,,,,
2023-10-19,164701,贵金属LOF,0.851,0.859,0.851,0.859,523000.0,447165.0,,,,
2023-10-20,164701,贵金属LOF,0.863,0.872,0.863,0.866,216500.0,187489.0,,,,
2023-10-23,164701,贵金属LOF,0.866,0.869,0.859,0.866,552700.0,478085.5,,,,
2023-10-24,164701,贵金属LOF,0.863,0.868,0.861,0.866,343700.0,297128.65,,,,
2023-10-25,164701,贵金属LOF,0.863,0.864,0.86,0.861,164300.0,141626.6,,,,
2023-10-26,164701,贵金属LOF,0.865,0.867,0.864,0.865,138800.0,120096.7,,,,
2023-10-27,164701,贵金属LOF,0.868,0.869,0.866,0.869,240700.0,208927.6,,,,
2023-10-30,164701,贵金属LOF,0.875,0.889,0.873,0.878,591700.0,519956.37500000006,,,,
2023-10-31,164701,贵金属LOF,0.875,0.88,0.873,0.875,152600.0,133639.45,,,,
2023-11-01,164701,贵金属LOF,0.87,0.873,0.866,0.868,46600.0,40507.049999999996,,,,
2023-11-02,164701,贵金属LOF,0.869,0.873,0.866,0.87,95300.0,82863.35,,,,
2023-11-03,164701,贵金属LOF,0.87,0.876,0.865,0.876,189300.0,165022.275,,,,
2023-11-06,164701,贵金属LOF,0.872,0.875,0.86,0.874,119900.0,104342.97499999999,,,,
2023-11-07,164701,贵金属LOF,0.868,0.87,0.863,0.867,70600.0,61210.2,,,,
2023-11-08,164701,贵金属LOF,0.867,0.867,0.864,0.865,22100.0,19133.075,,,,
2023-11-09,164701,贵金属LOF,0.864,0.865,0.856,0.86,113000.0,97321.25,,,,
2023-11-10,164701,贵金属LOF,0.861,0.863,0.855,0.861,59400.0,51084.0,,,,
2023-11-13,164701,贵金属LOF,0.859,0.859,0.851,0.857,45400.0,38885.1,,,,
2023-11-14,164701,贵金属LOF,0.857,0.861,0.857,0.861,61500.0,52828.5,,,,
2023-11-15,164701,贵金属LOF,0.863,0.868,0.863,0.863,204400.0,176652.69999999998,,,,
2023-11-16,164701,贵金属LOF,0.859,0.862,0.859,0.86,96100.0,82646.0,,,,
2023-11-17,164701,贵金属LOF,0.863,0.873,0.863,0.871,339000.0,294082.5,,,,
2023-11-20,164701,贵金属LOF,0.874,0.874,0.862,0.866,271100.0,235585.9,,,,
2023-11-21,164701,贵金属LOF,0.867,0.871,0.857,0.865,286600.0,247909.0,,,,
2023-11-22,164701,贵金属LOF,0.873,0.878,0.869,0.869,348600.0,304066.35,,,,
2023-11-23,164701,贵金属LOF,0.868,0.869,0.865,0.868,128600.0,111560.49999999999,,,,
2023-11-24,164701,贵金属LOF,0.867,0.868,0.863,0.866,92200.0,79845.2,,,,
2023-11-27,164701,贵金属LOF,0.868,0.874,0.868,0.873,153600.0,133747.2,,,,
2023-11-28,164701,贵金属LOF,0.875,0.878,0.873,0.878,208200.0,182383.2,,,,
2023-11-29,164701,贵金属LOF,0.885,0.893,0.884,0.884,347400.0,307970.1,,,,
2023-11-30,164701,贵金属LOF,0.883,0.889,0.883,0.886,170000.0,150492.50000000003,,,,
2023-12-01,164701,贵金属LOF,0.887,0.888,0.885,0.885,222200.0,196924.75,,,,
2023-12-04,164701,贵金属LOF,0.897,0.923,0.897,0.905,461600.0,417978.8,,,,
2023-12-05,164701,贵金属LOF,0.902,0.902,0.885,0.889,441100.0,394563.95,,,,
2023-12-06,164701,贵金属LOF,0.882,0.888,0.881,0.886,161400.0,142717.94999999998,,,,
2023-12-07,164701,贵金属LOF,0.88,0.884,0.88,0.882,118700.0,104634.04999999999,,,,
2023-12-08,164701,贵金属LOF,0.882,0.886,0.882,0.884,79000.0,69796.5,,,,
2023-12-11,164701,贵金属LOF,0.881,0.881,0.869,0.871,483200.0,423041.6,,,,
2023-12-12,164701,贵金属LOF,0.875,0.875,0.865,0.868,78400.0,68266.79999999999,,,,
2023-12-13,164701,贵金属LOF,0.87,0.87,0.861,0.863,113100.0,97944.6,,,,
2023-12-14,164701,贵金属LOF,0.867,0.885,0.867,0.882,265000.0,231941.25000000003,,,,
2023-12-15,164701,贵金属LOF,0.884,0.889,0.882,0.886,113500.0,100475.875,,,,
2023-12-18,164701,贵金属LOF,0.881,0.884,0.879,0.882,145300.0,128081.95,,,,
2023-12-19,164701,贵金属LOF,0.88,0.882,0.877,0.88,122400.0,107681.40000000001,,,,
2023-12-20,164701,贵金属LOF,0.885,0.891,0.883,0.885,98800.0,87536.8,,,,
2023-12-21,164701,贵金属LOF,0.883,0.885,0.88,0.883,106800.0,94277.7,,,,
2023-12-22,164701,贵金属LOF,0.885,0.889,0.885,0.887,289600.0,256730.40000000002,,,,
2023-12-25,164701,贵金属LOF,0.887,0.888,0.885,0.887,164800.0,146136.4,,,,
2023-12-26,164701,贵金属LOF,0.888,0.899,0.887,0.897,328700.0,293446.925,,,,
2023-12-27,164701,贵金属LOF,0.897,0.908,0.897,0.899,376200.0,338674.05,,,,
2023-12-28,164701,贵金属LOF,0.906,0.912,0.901,0.902,269000.0,243512.25000000003,,,,
2023-12-29,164701,贵金属LOF,0.9,0.902,0.895,0.9,42100.0,37858.425,,,,
2024-01-02,164701,贵金属LOF,0.898,0.906,0.894,0.902,66800.0,60120.0,,,,
2024-01-03,164701,贵金属LOF,0.896,0.898,0.894,0.896,115000.0,103040.0,,,,
2024-01-04,164701,贵金属LOF,0.888,0.894,0.882,0.891,286700.0,254804.625,,,,
2024-01-05,164701,贵金属LOF,0.889,0.89,0.886,0.887,60600.0,53812.8,,,,
2024-01-08,164701,贵金属LOF,0.887,0.887,0.882,0.884,46700.0,41329.5,,,,
2024-01-09,164701,贵金属LOF,0.89,0.89,0.878,0.879,73100.0,64638.67500000001,,,,
2024-01-10,164701,贵金属LOF,0.878,0.882,0.877,0.877,73500.0,64569.75000000001,,,,
2024-01-11,164701,贵金属LOF,0.874,0.883,0.873,0.883,80400.0,70611.3,,,,
2024-01-12,164701,贵金属LOF,0.883,0.895,0.88,0.895,337300.0,299606.725,,,,
2024-01-15,164701,贵金属LOF,0.9,0.902,0.895,0.899,232000.0,208568.0,,,,
2024-01-16,164701,贵金属LOF,0.901,0.903,0.893,0.896,633800.0,569310.85,,,,
2024-01-17,164701,贵金属LOF,0.892,0.892,0.879,0.88,465300.0,412139.47500000003,,,,
2024-01-18,164701,贵金属LOF,0.878,0.878,0.871,0.875,278000.0,243389.00000000003,,,,
2024-01-19,164701,贵金属LOF,0.875,0.883,0.875,0.879,180400.0,158391.2,,,,
2024-01-22,164701,贵金属LOF,0.879,0.882,0.874,0.874,257300.0,225716.42500000002,,,,
2024-01-23,164701,贵金属LOF,0.872,0.879,0.872,0.879,156400.0,136928.19999999998,,,,
2024-01-24,164701,贵金属LOF,0.873,0.882,0.873,0.882,192900.0,169269.75,,,,
2024-01-25,164701,贵金属LOF,0.878,0.878,0.873,0.876,190700.0,167100.875,,,,
2024-01-26,164701,贵金属LOF,0.875,0.879,0.874,0.876,130700.0,114493.2,,,,
2024-01-29,164701,贵金属LOF,0.875,0.879,0.875,0.876,128300.0,112422.875,,,,
2024-01-30,164701,贵金属LOF,0.875,0.88,0.875,0.88,94500.0,82923.75,,,,
2024-01-31,164701,贵金属LOF,0.881,0.891,0.881,0.889,786700.0,696622.85,,,,
2024-02-01,164701,贵金属LOF,0.89,0.89,0.881,0.884,222700.0,197367.875,,,,
2024-02-02,164701,贵金属LOF,0.888,0.894,0.885,0.891,379900.0,337921.05,,,,
2024-02-05,164701,贵金属LOF,0.931,0.931,0.88,0.884,507400.0,459958.1,,,,
2024-02-06,164701,贵金属LOF,0.884,0.886,0.874,0.879,149000.0,131231.75,,,,
2024-02-07,164701,贵金属LOF,0.884,0.884,0.878,0.879,166200.0,146463.75,,,,
2024-02-08,164701,贵金属LOF,0.88,0.88,0.876,0.879,111400.0,97892.74999999999,,,,
2024-02-19,164701,贵金属LOF,0.878,0.882,0.878,0.882,179900.0,158312.0,,,,
2024-02-20,164701,贵金属LOF,0.885,0.885,0.882,0.885,301500.0,266601.375,,,,
2024-02-21,164701,贵金属LOF,0.885,0.886,0.874,0.877,833200.0,733632.6000000001,,,,
2024-02-22,164701,贵金属LOF,0.876,0.878,0.874,0.876,420600.0,368445.6,,,,
2024-02-23,164701,贵金属LOF,0.875,0.878,0.874,0.877,124200.0,108799.2,,,,
2024-02-26,164701,贵金属LOF,0.877,0.88,0.877,0.879,351200.0,308441.39999999997,,,,
2024-02-27,164701,贵金属LOF,0.879,0.966,0.877,0.878,786100.0,707489.9999999999,,,,
2024-02-28,164701,贵金属LOF,0.881,0.881,0.874,0.875,117600.0,103223.40000000001,,,,
2024-02-29,164701,贵金属LOF,0.877,0.877,0.873,0.874,290900.0,254610.22500000003,,,,
2024-03-01,164701,贵金属LOF,0.877,0.879,0.876,0.878,273000.0,239557.5,,,,
2024-03-04,164701,贵金属LOF,0.886,0.895,0.886,0.894,427700.0,380759.925,,,,
2024-03-05,164701,贵金属LOF,0.902,0.913,0.902,0.907,799500.0,724347.0000000001,,,,
2024-03-06,164701,贵金属LOF,0.907,0.915,0.907,0.913,795600.0,724393.8,,,,
2024-03-07,164701,贵金属LOF,0.916,0.955,0.916,0.932,3296200.0,3064641.9499999997,,,,
2024-03-08,164701,贵金属LOF,0.938,0.946,0.923,0.927,1524900.0,1423494.15,,,,
2024-03-11,164701,贵金属LOF,0.93,0.947,0.93,0.941,983200.0,921258.4,,,,
2024-03-12,164701,贵金属LOF,0.935,0.939,0.931,0.931,1188800.0,1110339.2,,,,
2024-03-13,164701,贵金属LOF,0.927,0.927,0.92,0.924,1092400.0,1009923.7999999999,,,,
2024-03-14,164701,贵金属LOF,0.928,0.935,0.928,0.931,1112400.0,1035088.2,,,,
2024-03-15,164701,贵金属LOF,0.93,0.942,0.924,0.936,1115900.0,1041134.7,,,,
2024-03-18,164701,贵金属LOF,0.928,0.933,0.925,0.927,682700.0,633716.275,,,,
2024-03-19,164701,贵金属LOF,0.928,0.929,0.925,0.927,638300.0,591863.6749999999,,,,
2024-03-20,164701,贵金属LOF,0.926,0.935,0.912,0.931,879800.0,814694.8,,,,
2024-03-21,164701,贵金属LOF,0.944,0.954,0.944,0.951,2384100.0,2260722.825,,,,
2024-03-22,164701,贵金属LOF,0.945,0.95,0.937,0.939,955800.0,901080.45,,,,
2024-03-25,164701,贵金属LOF,0.943,0.946,0.936,0.936,813600.0,764987.4,,,,
2024-03-26,164701,贵金属LOF,0.933,0.937,0.931,0.935,928600.0,867312.4,,,,
2024-03-27,164701,贵金属LOF,0.935,0.938,0.93,0.937,583500.0,545572.5,,,,
2024-03-28,164701,贵金属LOF,0.937,0.943,0.936,0.94,1199400.0,1126236.5999999999,,,,
2024-03-29,164701,贵金属LOF,0.95,0.969,0.95,0.958,2107700.0,2016541.975,,,,
2024-04-01,164701,贵金属LOF,0.972,0.994,0.966,0.972,3571600.0,3485881.6,,,,
2024-04-02,164701,贵金属LOF,0.968,0.968,0.96,0.963,1785900.0,1722947.025,,,,
2024-04-03,164701,贵金属LOF,0.975,0.997,0.973,0.977,6331900.0,6208427.949999999,,,,
2024-04-08,164701,贵金属LOF,0.988,1.015,0.988,1.005,12064700.0,12052635.3,,,,
2024-04-09,164701,贵金属LOF,1.01,1.021,1.001,1.004,5915000.0,5968234.999999999,,,,
2024-04-10,164701,贵金属LOF,1.002,1.014,0.999,1.005,3681300.0,3699706.4999999995,,,,
2024-04-11,164701,贵金属LOF,1.0,1.005,0.994,0.999,3771900.0,3770014.0500000003,,,,
2024-04-12,164701,贵金属LOF,1.016,1.022,1.015,1.022,5456500.0,5558809.375,,,,
2024-04-15,164701,贵金属LOF,1.01,1.01,1.0,1.002,4181900.0,4204900.45,,,,
2024-04-16,164701,贵金属LOF,1.016,1.018,1.009,1.009,5300500.0,5369406.499999999,,,,
2024-04-17,164701,贵金属LOF,1.013,1.03,1.008,1.011,5016200.0,5093951.100000001,,,,
2024-04-18,164701,贵金属LOF,1.01,1.01,1.001,1.005,1548400.0,1558464.5999999999,,,,
2024-04-19,164701,贵金属LOF,1.011,1.029,1.006,1.011,6278500.0,6367968.624999999,,,,
2024-04-22,164701,贵金属LOF,1.008,1.009,0.992,0.995,3413000.0,3416412.9999999995,,,,
2024-04-23,164701,贵金属LOF,0.987,0.988,0.974,0.979,3208000.0,3150256.0,,,,
2024-04-24,164701,贵金属LOF,0.983,0.987,0.973,0.984,2055200.0,2017692.6,,,,
2024-04-25,164701,贵金属LOF,0.984,0.986,0.977,0.984,1263100.0,1241311.525,,,,
2024-04-26,164701,贵金属LOF,0.983,0.99,0.983,0.99,2068100.0,2040180.6500000001,,,,
2024-04-29,164701,贵金属LOF,0.981,0.987,0.981,0.986,1047300.0,1030281.375,,,,
2024-04-30,164701,贵金属LOF,0.988,0.988,0.981,0.983,1332700.0,1312709.5,,,,
2024-05-06,164701,贵金属LOF,0.981,0.982,0.96,0.978,1517000.0,1479454.25,,,,
2024-05-07,164701,贵金属LOF,0.983,0.993,0.98,0.982,847400.0,834265.2999999999,,,,
2024-05-08,164701,贵金属LOF,0.979,0.987,0.975,0.984,1744900.0,1712183.125,,,,
2024-05-09,164701,贵金属LOF,0.985,0.985,0.979,0.982,1054500.0,1036309.875,,,,
2024-05-10,164701,贵金属LOF,0.992,1.008,0.992,1.006,2133500.0,2132433.25,,,,
2024-05-13,164701,贵金属LOF,1.003,1.004,0.996,0.999,1682400.0,1683241.2,,,,
2024-05-14,164701,贵金属LOF,0.995,0.999,0.992,0.996,1147900.0,1142734.45,,,,
2024-05-15,164701,贵金属LOF,1.0,1.004,1.0,1.003,1397300.0,1399745.275,,,,
2024-05-16,164701,贵金属LOF,1.014,1.019,1.012,1.016,1806500.0,1834049.125,,,,
2024-05-17,164701,贵金属LOF,1.02,1.02,1.014,1.02,839400.0,854928.9,,,,
2024-05-20,164701,贵金属LOF,1.049,1.052,1.035,1.047,2509600.0,2624414.1999999997,,,,
2024-05-21,164701,贵金属LOF,1.046,1.05,1.038,1.039,1543000.0,1609734.75,,,,
2024-05-22,164701,贵金属LOF,1.043,1.048,1.043,1.045,610400.0,637715.4,,,,
2024-05-23,164701,贵金属LOF,1.026,1.027,1.016,1.023,2071000.0,2118633.0,,,,
2024-05-24,164701,贵金属LOF,1.011,1.019,1.01,1.015,858800.0,870608.4999999999,,,,
2024-05-27,164701,贵金属LOF,1.015,1.021,1.015,1.016,804800.0,818280.3999999999,,,,
2024-05-28,164701,贵金属LOF,1.025,1.025,1.017,1.019,994600.0,1015983.8999999999,,,,
2024-05-29,164701,贵金属LOF,1.023,1.031,1.02,1.029,1024000.0,1050368.0,,,,
2024-05-30,164701,贵金属LOF,1.021,1.024,1.01,1.018,2168400.0,2207973.3,,,,
2024-05-31,164701,贵金属LOF,1.021,1.025,1.018,1.023,746500.0,762736.375,,,,
2024-06-03,164701,贵金属LOF,1.01,1.02,1.01,1.011,1362100.0,1379466.7750000001,,,,
2024-06-04,164701,贵金属LOF,1.015,1.023,1.014,1.018,597200.0,607651.0,,,,
2024-06-05,164701,贵金属LOF,1.01,1.017,1.01,1.012,877000.0,887743.2500000001,,,,
2024-06-06,164701,贵金属LOF,1.021,1.029,1.019,1.022,1094200.0,1119093.05,,,,
2024-06-07,164701,贵金属LOF,1.027,1.032,1.025,1.027,973600.0,1000617.3999999999,,,,
2024-06-11,164701,贵金属LOF,0.998,1.007,0.995,0.999,1050700.0,1050437.325,,,,
2024-06-12,164701,贵金属LOF,0.999,1.002,0.999,1.001,268800.0,268867.19999999995,,,,
2024-06-13,164701,贵金属LOF,1.0,1.0,0.993,0.997,784300.0,782339.25,,,,
2024-06-14,164701,贵金属LOF,0.994,0.998,0.994,0.998,117900.0,117428.4,,,,
2024-06-17,164701,贵金属LOF,1.001,1.002,0.994,0.997,241400.0,241037.9,,,,
2024-06-18,164701,贵金属LOF,1.003,1.003,0.995,1.0,309400.0,309477.35000000003,,,,
2024-06-19,164701,贵金属LOF,1.0,1.002,1.0,1.0,225900.0,226012.94999999998,,,,
2024-06-20,164701,贵金属LOF,1.003,1.012,1.002,1.011,553200.0,557072.3999999999,,,,
2024-06-21,164701,贵金属LOF,1.012,1.026,1.012,1.014,811300.0,824280.8,,,,
2024-06-24,164701,贵金属LOF,1.01,1.01,0.998,1.0,735400.0,738709.2999999999,,,,
2024-06-25,164701,贵金属LOF,1.0,1.003,1.0,1.003,213400.0,213720.1,,,,
2024-06-26,164701,贵金属LOF,0.997,1.002,0.997,1.0,199400.0,199200.59999999998,,,,
2024-06-27,164701,贵金属LOF,0.997,0.997,0.992,0.994,299400.0,297903.0,,,,
2024-06-28,164701,贵金属LOF,0.999,1.002,0.997,1.001,392500.0,392401.87499999994,,,,
2024-07-01,164701,贵金属LOF,1.001,1.002,0.998,1.001,389100.0,389294.55,,,,
2024-07-02,164701,贵金属LOF,1.001,1.006,1.001,1.002,549800.0,551174.5,,,,
2024-07-03,164701,贵金属LOF,1.002,1.008,1.002,1.008,312700.0,314263.49999999994,,,,
2024-07-04,164701,贵金属LOF,1.013,1.02,1.013,1.017,479300.0,486848.975,,,,
2024-07-05,164701,贵金属LOF,1.02,1.031,1.017,1.031,1175600.0,1204696.1,,,,
2024-07-08,164701,贵金属LOF,1.032,1.059,1.032,1.044,1669200.0,1738889.0999999999,,,,
2024-07-09,164701,贵金属LOF,1.043,1.048,1.03,1.038,1211900.0,1260073.025,,,,
2024-07-10,164701,贵金属LOF,1.039,1.044,1.034,1.041,824600.0,857171.7000000001,,,,
2024-07-11,164701,贵金属LOF,1.041,1.044,1.037,1.043,1609200.0,1675579.4999999998,,,,
2024-07-12,164701,贵金属LOF,1.054,1.07,1.045,1.048,2569700.0,2709106.2250000006,,,,
2024-07-15,164701,贵金属LOF,1.048,1.063,1.048,1.057,2381100.0,2509679.4,,,,
2024-07-16,164701,贵金属LOF,1.056,1.079,1.056,1.073,3615500.0,3854123.0,,,,
2024-07-17,164701,贵金属LOF,1.101,1.149,1.086,1.099,12228100.0,13557905.875000002,,,,
2024-07-18,164701,贵金属LOF,1.082,1.096,1.073,1.08,6343300.0,6868208.074999999,,,,
2024-07-19,164701,贵金属LOF,1.058,1.058,1.039,1.044,6256600.0,6567865.85,,,,
2024-07-22,164701,贵金属LOF,1.043,1.047,1.035,1.037,5117900.0,5325174.95,,,,
2024-07-23,164701,贵金属LOF,1.038,1.043,1.035,1.036,4921200.0,5108205.600000001,,,,
2024-07-24,164701,贵金属LOF,1.042,1.053,1.039,1.051,7999700.0,8369686.124999999,,,,
2024-07-25,164701,贵金属LOF,1.043,1.043,1.019,1.021,8276700.0,8537416.05,,,,
2024-07-26,164701,贵金属LOF,1.02,1.026,1.015,1.022,3637100.0,3712569.8249999993,,,,
2024-07-29,164701,贵金属LOF,1.03,1.035,1.03,1.033,2481500.0,2560908.0,,,,
2024-07-30,164701,贵金属LOF,1.032,1.034,1.021,1.033,2462900.0,2536787.0,,,,
2024-07-31,164701,贵金属LOF,1.037,1.045,1.035,1.042,4718500.0,4906060.375,,,,
2024-08-01,164701,贵金属LOF,1.057,1.059,1.05,1.055,7905400.0,8342173.350000001,,,,
2024-08-02,164701,贵金属LOF,1.052,1.068,1.05,1.067,12259800.0,12986193.15,,,,
2024-08-05,164701,贵金属LOF,1.063,1.063,0.96,1.037,9418800.0,9708428.099999998,,,,
2024-08-06,164701,贵金属LOF,1.036,1.038,1.026,1.03,4719000.0,4872367.5,,,,
2024-08-07,164701,贵金属LOF,1.025,1.029,1.021,1.027,2623000.0,2689886.4999999995,,,,
2024-08-08,164701,贵金属LOF,1.023,1.024,1.019,1.023,1934200.0,1977235.9499999997,,,,
2024-08-09,164701,贵金属LOF,1.031,1.033,1.026,1.031,2810800.0,2895826.6999999997,,,,
2024-08-12,164701,贵金属LOF,1.034,1.043,1.032,1.041,2656100.0,2755703.7500000005,,,,
2024-08-13,164701,贵金属LOF,1.049,1.051,1.044,1.048,5389600.0,5648300.8,,,,
2024-08-14,164701,贵金属LOF,1.055,1.055,1.036,1.049,3014100.0,3161037.375,,,,
2024-08-15,164701,贵金属LOF,1.045,1.048,1.042,1.047,2049800.0,2143065.9,,,,
2024-08-16,164701,贵金属LOF,1.048,1.051,1.046,1.048,2169500.0,2274178.3750000005,,,,
2024-08-19,164701,贵金属LOF,1.066,1.07,1.063,1.068,5654800.0,6032257.9,,,,
2024-08-20,164701,贵金属LOF,1.07,1.072,1.068,1.072,2186800.0,2340969.4,,,,
2024-08-21,164701,贵金属LOF,1.072,1.08,1.072,1.079,3440200.0,3700795.15,,,,
2024-08-22,164701,贵金属LOF,1.078,1.078,1.072,1.075,2690500.0,2894305.375,,,,
2024-08-23,164701,贵金属LOF,1.067,1.073,1.067,1.071,1676900.0,1793444.5499999998,,,,
2024-08-26,164701,贵金属LOF,1.075,1.078,1.074,1.077,1628500.0,1752266.0,,,,
2024-08-27,164701,贵金属LOF,1.076,1.08,1.074,1.079,1753300.0,1888742.425,,,,
2024-08-28,164701,贵金属LOF,1.08,1.083,1.075,1.076,2118700.0,2285017.95,,,,
2024-08-29,164701,贵金属LOF,1.077,1.082,1.076,1.082,2154200.0,2324920.35,,,,
2024-08-30,164701,贵金属LOF,1.078,1.079,1.07,1.074,2391400.0,2571352.85,,,,
2024-09-02,164701,贵金属LOF,1.072,1.072,1.06,1.066,1599300.0,1707252.7499999998,,,,
2024-09-03,164701,贵金属LOF,1.065,1.066,1.059,1.065,1728700.0,1838904.625,,,,
2024-09-04,164701,贵金属LOF,1.062,1.064,1.055,1.055,896000.0,948864.0,,,,
2024-09-05,164701,贵金属LOF,1.056,1.063,1.056,1.062,910200.0,964129.35,,,,
2024-09-06,164701,贵金属LOF,1.066,1.068,1.065,1.066,1284900.0,1370024.6250000002,,,,
2024-09-09,164701,贵金属LOF,1.059,1.059,1.053,1.056,1665300.0,1759805.7750000001,,,,
2024-09-10,164701,贵金属LOF,1.057,1.062,1.053,1.062,871200.0,922165.2,,,,
2024-09-11,164701,贵金属LOF,1.063,1.071,1.063,1.071,1325300.0,1414095.0999999999,,,,
2024-09-12,164701,贵金属LOF,1.071,1.071,1.064,1.069,772300.0,825395.6249999999,,,,
2024-09-13,164701,贵金属LOF,1.087,1.098,1.086,1.092,4774000.0,5207240.500000001,,,,
2024-09-18,164701,贵金属LOF,1.096,1.099,1.092,1.093,1831500.0,2005492.5000000005,,,,
2024-09-19,164701,贵金属LOF,1.092,1.097,1.087,1.096,2114800.0,2311476.4,,,,
2024-09-20,164701,贵金属LOF,1.098,1.113,1.096,1.11,4712500.0,5203778.125,,,,
2024-09-23,164701,贵金属LOF,1.115,1.126,1.106,1.114,3807100.0,4245868.275,,,,
2024-09-24,164701,贵金属LOF,1.116,1.118,1.11,1.111,2576400.0,2869465.5000000005,,,,
2024-09-25,164701,贵金属LOF,1.118,1.129,1.116,1.123,3050600.0,3421247.9000000004,,,,
2024-09-26,164701,贵金属LOF,1.124,1.13,1.121,1.125,2834400.0,3188700.0,,,,
2024-09-27,164701,贵金属LOF,1.125,1.125,1.111,1.116,3060900.0,3425912.325,,,,
2024-09-30,164701,贵金属LOF,1.115,1.115,1.1,1.111,3702200.0,4110367.5500000007,,,,
2024-10-08,164701,贵金属LOF,1.101,1.11,1.101,1.106,4238800.0,4681754.600000001,,,,
2024-10-09,164701,贵金属LOF,1.099,1.102,1.093,1.096,953900.0,1046905.2500000001,,,,
2024-10-10,164701,贵金属LOF,1.096,1.102,1.094,1.102,1027800.0,1129038.3000000003,,,,
2024-10-11,164701,贵金属LOF,1.108,1.212,0.992,1.124,6681800.0,7410116.2,,,,
2024-10-14,164701,贵金属LOF,1.128,1.165,1.12,1.139,7624000.0,8676112.0,,,,
2024-10-15,164701,贵金属LOF,1.138,1.138,1.124,1.131,2390300.0,2707612.325,,,,
2024-10-16,164701,贵金属LOF,1.14,1.155,1.136,1.151,7486100.0,8575327.549999999,,,,
2024-10-17,164701,贵金属LOF,1.15,1.152,1.139,1.149,5399200.0,6195582.0,,,,
2024-10-18,164701,贵金属LOF,1.156,1.168,1.146,1.151,7559700.0,8733343.424999999,,,,
2024-10-21,164701,贵金属LOF,1.162,1.175,1.159,1.171,5385900.0,6283998.825,,,,
2024-10-22,164701,贵金属LOF,1.169,1.178,1.165,1.175,2876100.0,3370070.1750000003,,,,
2024-10-23,164701,贵金属LOF,1.179,1.194,1.175,1.185,3490400.0,4130015.8,,,,
2024-10-24,164701,贵金属LOF,1.173,1.175,1.163,1.174,3702000.0,4335967.5,,,,
2024-10-25,164701,贵金属LOF,1.174,1.175,1.165,1.168,1928300.0,2257075.15,,,,
2024-10-28,164701,贵金属LOF,1.168,1.173,1.155,1.171,1778300.0,2074831.525,,,,
2024-10-29,164701,贵金属LOF,1.171,1.178,1.171,1.178,2300900.0,2702407.0500000003,,,,
2024-10-30,164701,贵金属LOF,1.19,1.198,1.185,1.198,3590500.0,4282568.875,,,,
2024-10-31,164701,贵金属LOF,1.205,1.205,1.189,1.194,1811700.0,2170869.525,,,,
2024-11-01,164701,贵金属LOF,1.176,1.182,1.172,1.179,3288700.0,3871622.0749999997,,,,
2024-11-04,164701,贵金属LOF,1.173,1.173,1.164,1.171,2217700.0,2595263.425,,,,
2024-11-05,164701,贵金属LOF,1.171,1.171,1.161,1.165,2047900.0,2389899.3000000007,,,,
2024-11-06,164701,贵金属LOF,1.165,1.172,1.154,1.157,2417200.0,2808786.4,,,,
2024-11-07,164701,贵金属LOF,1.125,1.15,1.125,1.133,4185400.0,4743104.55,,,,
2024-11-08,164701,贵金属LOF,1.145,1.147,1.138,1.14,1796000.0,2051930.0000000002,,,,
2024-11-11,164701,贵金属LOF,1.144,1.144,1.135,1.137,943200.0,1075248.0,,,,
2024-11-12,164701,贵金属LOF,1.126,1.128,1.111,1.113,2878600.0,3222592.6999999997,,,,
2024-11-13,164701,贵金属LOF,1.112,1.122,1.112,1.118,1316400.0,1469102.4000000001,,,,
2024-11-14,164701,贵金属LOF,1.108,1.108,1.072,1.097,1896100.0,2078599.625,,,,
2024-11-15,164701,贵金属LOF,1.1,1.102,1.094,1.099,833100.0,915368.6250000001,,,,
2024-11-18,164701,贵金属LOF,1.106,1.113,1.105,1.111,1608200.0,1783091.7500000002,,,,
2024-11-19,164701,贵金属LOF,1.139,1.141,1.118,1.127,2253100.0,2548819.375,,,,
2024-11-20,164701,贵金属LOF,1.133,1.136,1.122,1.127,2094900.0,2366189.55,,,,
2024-11-21,164701,贵金属LOF,1.136,1.137,1.128,1.135,2082800.0,2361895.1999999997,,,,
2024-11-22,164701,贵金属LOF,1.14,1.146,1.135,1.146,1820000.0,2077984.9999999998,,,,
2024-11-25,164701,贵金属LOF,1.149,1.149,1.124,1.135,3716500.0,4234022.625,,,,
2024-11-26,164701,贵金属LOF,1.12,1.123,1.115,1.119,2046600.0,2290657.0500000003,,,,
2024-11-27,164701,贵金属LOF,1.122,1.128,1.121,1.127,882900.0,992821.0499999998,,,,
2024-11-28,164701,贵金属LOF,1.124,1.124,1.114,1.121,604400.0,677381.3,,,,
2024-11-29,164701,贵金属LOF,1.125,1.133,1.121,1.131,1365000.0,1539037.5,,,,
2024-12-02,164701,贵金属LOF,1.115,1.124,1.115,1.12,1591700.0,1780316.4500000002,,,,
2024-12-03,164701,贵金属LOF,1.129,1.133,1.125,1.132,1278700.0,1444611.325,,,,
2024-12-04,164701,贵金属LOF,1.132,1.132,1.128,1.129,750800.0,848591.7,,,,
2024-12-05,164701,贵金属LOF,1.13,1.132,1.128,1.128,524400.0,592309.7999999999,,,,
2024-12-06,164701,贵金属LOF,1.128,1.13,1.114,1.126,851600.0,957624.1999999998,,,,
2024-12-09,164701,贵金属LOF,1.132,1.133,1.125,1.129,1213500.0,1370951.625,,,,
2024-12-10,164701,贵金属LOF,1.131,1.14,1.131,1.137,1557600.0,1767486.5999999999,,,,
2024-12-11,164701,贵金属LOF,1.145,1.152,1.142,1.148,2549700.0,2923868.4749999996,,,,
2024-12-12,164701,贵金属LOF,1.155,1.158,1.151,1.156,1015400.0,1172787.0,,,,
2024-12-13,164701,贵金属LOF,1.146,1.155,1.143,1.145,1494000.0,1713991.4999999998,,,,
2024-12-16,164701,贵金属LOF,1.136,1.143,1.133,1.135,996600.0,1132885.0499999998,,,,
2024-12-17,164701,贵金属LOF,1.136,1.138,1.132,1.135,585400.0,664575.35,,,,
2024-12-18,164701,贵金属LOF,1.135,1.135,1.131,1.133,363600.0,412140.6,,,,
2024-12-19,164701,贵金属LOF,1.12,1.13,1.111,1.117,1701200.0,1904493.4,,,,
2024-12-20,164701,贵金属LOF,1.114,1.121,1.107,1.109,572000.0,636493.0,,,,
2024-12-23,164701,贵金属LOF,1.112,1.117,1.112,1.116,844100.0,940538.4250000002,,,,
2024-12-24,164701,贵金属LOF,1.114,1.116,1.1,1.111,2115900.0,2349177.9750000006,,,,
2024-12-25,164701,贵金属LOF,1.112,1.114,1.108,1.109,311600.0,346109.69999999995,,,,
2024-12-26,164701,贵金属LOF,1.114,1.115,1.109,1.113,466500.0,519097.87500000006,,,,
2024-12-27,164701,贵金属LOF,1.114,1.118,1.114,1.116,276000.0,307878.00000000006,,,,
2024-12-30,164701,贵金属LOF,1.115,1.115,1.111,1.112,427100.0,475469.075,,,,
2024-12-31,164701,贵金属LOF,1.112,1.112,1.104,1.107,770300.0,854070.1250000001,,,,
2025-01-02,164701,贵金属LOF,1.111,1.122,1.111,1.117,1906900.0,2126670.2249999996,,,,
2025-01-03,164701,贵金属LOF,1.123,1.127,1.118,1.126,3631500.0,4079990.25,,,,
2025-01-06,164701,贵金属LOF,1.125,1.125,1.116,1.117,1240500.0,1390290.3750000002,,,,
2025-01-07,164701,贵金属LOF,1.121,1.121,1.116,1.119,1267800.0,1418985.1500000001,,,,
2025-01-08,164701,贵金属LOF,1.12,1.123,1.119,1.122,1470200.0,1648094.2,,,,
2025-01-09,164701,贵金属LOF,1.124,1.127,1.123,1.126,1717800.0,1932525.0,,,,
2025-01-10,164701,贵金属LOF,1.129,1.147,1.128,1.142,4724600.0,5369507.9,,,,
2025-01-13,164701,贵金属LOF,1.151,1.157,1.145,1.149,4404200.0,5067032.100000001,,,,
2025-01-14,164701,贵金属LOF,1.145,1.145,1.129,1.133,2372300.0,2699677.4,,,,
2025-01-15,164701,贵金属LOF,1.133,1.143,1.131,1.141,1124600.0,1278670.2,,,,
2025-01-16,164701,贵金属LOF,1.148,1.15,1.142,1.145,3706100.0,4248117.125,,,,
2025-01-17,164701,贵金属LOF,1.148,1.159,1.148,1.15,4608800.0,5305880.999999999,,,,
2025-01-20,164701,贵金属LOF,1.148,1.151,1.14,1.149,2388600.0,2739724.1999999997,,,,
2025-01-21,164701,贵金属LOF,1.143,1.163,1.133,1.155,4684200.0,5379803.7,,,,
2025-01-22,164701,贵金属LOF,1.165,1.168,1.16,1.165,4361600.0,5079083.2,,,,
2025-01-23,164701,贵金属LOF,1.162,1.165,1.155,1.161,2482300.0,2881329.725,,,,
2025-01-24,164701,贵金属LOF,1.165,1.173,1.162,1.169,3440300.0,4015690.1750000003,,,,
2025-01-27,164701,贵金属LOF,1.169,1.17,1.162,1.164,2155300.0,2513618.625,,,,
2025-02-05,164701,贵金属LOF,1.203,1.229,1.193,1.22,12326900.0,14930957.625000002,,,,
2025-02-06,164701,贵金属LOF,1.227,1.258,1.215,1.219,11070200.0,13613578.450000001,,,,
2025-02-07,164701,贵金属LOF,1.217,1.225,1.211,1.211,3738500.0,4546016.0,,,,
2025-02-10,164701,贵金属LOF,1.22,1.22,1.214,1.22,3321700.0,4047491.4500000007,,,,
2025-02-11,164701,贵金属LOF,1.234,1.263,1.228,1.235,17960500.0,22271020.0,,,,
2025-02-12,164701,贵金属LOF,1.226,1.227,1.216,1.218,4369900.0,5338925.325,,,,
2025-02-13,164701,贵金属LOF,1.224,1.232,1.22,1.229,3693800.0,4529522.25,,,,
2025-02-14,164701,贵金属LOF,1.237,1.239,1.235,1.239,2417800.0,2992027.5,,,,
2025-02-17,164701,贵金属LOF,1.221,1.227,1.216,1.222,2697200.0,3294629.8000000003,,,,
2025-02-18,164701,贵金属LOF,1.223,1.227,1.219,1.227,1751400.0,2143713.6000000006,,,,
2025-02-19,164701,贵金属LOF,1.238,1.243,1.235,1.237,3299900.0,4086101.1750000003,,,,
2025-02-20,164701,贵金属LOF,1.242,1.249,1.239,1.249,2938100.0,3657199.975,,,,
2025-02-21,164701,贵金属LOF,1.25,1.25,1.236,1.239,1521900.0,1892863.1249999998,,,,
2025-02-24,164701,贵金属LOF,1.234,1.242,1.232,1.241,670300.0,829328.6749999999,,,,
2025-02-25,164701,贵金属LOF,1.246,1.246,1.239,1.241,1247000.0,1550021.0000000002,,,,
2025-02-26,164701,贵金属LOF,1.231,1.238,1.227,1.227,1464300.0,1802187.225,,,,
2025-02-27,164701,贵金属LOF,1.228,1.232,1.216,1.222,1652500.0,2023486.2500000002,,,,
2025-02-28,164701,贵金属LOF,1.216,1.216,1.203,1.205,1292000.0,1563320.0000000002,,,,
2025-03-03,164701,贵金属LOF,1.205,1.215,1.205,1.21,689900.0,833916.625,,,,
2025-03-04,164701,贵金属LOF,1.215,1.227,1.214,1.218,1659400.0,2021978.9000000001,,,,
2025-03-05,164701,贵金属LOF,1.224,1.23,1.224,1.23,1939200.0,2379398.4,,,,
2025-03-06,164701,贵金属LOF,1.232,1.235,1.23,1.234,1158900.0,1428633.9750000003,,,,
2025-03-07,164701,贵金属LOF,1.233,1.233,1.226,1.229,650600.0,800400.65,,,,
2025-03-10,164701,贵金属LOF,1.229,1.233,1.225,1.228,254800.0,313085.5,,,,
2025-03-11,164701,贵金属LOF,1.223,1.224,1.214,1.222,719700.0,878573.7750000001,,,,
2025-03-12,164701,贵金属LOF,1.225,1.232,1.225,1.23,1080300.0,1326608.4000000001,,,,
2025-03-13,164701,贵金属LOF,1.236,1.242,1.236,1.238,632900.0,783530.2,,,,
2025-03-14,164701,贵金属LOF,1.262,1.266,1.256,1.258,1706000.0,2150413.0,,,,
2025-03-17,164701,贵金属LOF,1.259,1.272,1.253,1.261,992800.0,1252169.0,,,,
2025-03-18,164701,贵金属LOF,1.264,1.274,1.262,1.274,881000.0,1117548.5,,,,
2025-03-19,164701,贵金属LOF,1.279,1.3,1.279,1.297,2876100.0,3706573.8749999995,,,,
2025-03-20,164701,贵金属LOF,1.301,1.303,1.285,1.285,2215200.0,2865361.1999999997,,,,
2025-03-21,164701,贵金属LOF,1.285,1.292,1.274,1.28,1018100.0,1305967.7750000001,,,,
2025-03-24,164701,贵金属LOF,1.275,1.292,1.27,1.278,2301200.0,2942659.5,,,,
2025-03-25,164701,贵金属LOF,1.282,1.282,1.273,1.28,547500.0,700389.375,,,,
2025-03-26,164701,贵金属LOF,1.279,1.283,1.276,1.282,829500.0,1061760.0,,,,
2025-03-27,164701,贵金属LOF,1.278,1.286,1.278,1.281,403400.0,516654.55000000005,,,,
2025-03-28,164701,贵金属LOF,1.299,1.328,1.298,1.312,4301600.0,5631869.8,,,,
2025-03-31,164701,贵金属LOF,1.315,1.443,1.315,1.443,56149000.0,77429471.0,,,,
2025-04-01,164701,贵金属LOF,1.51,1.587,1.51,1.587,59037600.0,91419723.6,,,,
2025-04-02,164701,贵金属LOF,1.666,1.746,1.611,1.746,174785500.0,295780762.37499994,,,,
2025-04-03,164701,贵金属LOF,1.571,1.89,1.571,1.571,1049624100.0,1732666983.075,,,,
2025-04-07,164701,贵金属LOF,1.414,1.556,1.414,1.414,608706000.0,882319347.0,,,,
2025-04-08,164701,贵金属LOF,1.375,1.398,1.273,1.273,767694300.0,1020841495.4249998,,,,
2025-04-09,164701,贵金属LOF,1.268,1.297,1.25,1.286,537795100.0,685823201.275,,,,
2025-04-10,164701,贵金属LOF,1.313,1.357,1.3,1.309,743513600.0,981252073.6,,,,
2025-04-11,164701,贵金属LOF,1.365,1.37,1.317,1.331,354435800.0,476981977.85,,,,
2025-04-14,164701,贵金属LOF,1.335,1.356,1.332,1.347,204910500.0,275092346.25,,,,
2025-04-15,164701,贵金属LOF,1.352,1.355,1.346,1.354,105426200.0,142509865.85,,,,
2025-04-16,164701,贵金属LOF,1.388,1.408,1.371,1.393,336513800.0,467754182.00000006,,,,
2025-04-17,164701,贵金属LOF,1.439,1.439,1.393,1.4,384480000.0,545096520.0,,,,
2025-04-18,164701,贵金属LOF,1.399,1.405,1.393,1.397,92110000.0,128815835.0,,,,
2025-04-21,164701,贵金属LOF,1.418,1.506,1.413,1.488,512918800.0,746938002.5,,,,
2025-04-22,164701,贵金属LOF,1.494,1.612,1.47,1.507,2017632600.0,3068314776.45,,,,
2025-04-23,164701,贵金属LOF,1.465,1.471,1.381,1.386,431076400.0,614607177.3000001,,,,
2025-04-24,164701,贵金属LOF,1.425,1.444,1.394,1.404,381571100.0,540590855.925,,,,
2025-04-25,164701,贵金属LOF,1.412,1.418,1.376,1.384,146685500.0,204992986.25,,,,
2025-04-28,164701,贵金属LOF,1.382,1.384,1.365,1.376,62570100.0,86143385.175,,,,
2025-04-29,164701,贵金属LOF,1.391,1.407,1.385,1.395,141148800.0,196832001.59999996,,,,
2025-04-30,164701,贵金属LOF,1.391,1.397,1.382,1.385,47920400.0,66549455.5,,,,
2025-05-06,164701,贵金属LOF,1.41,1.421,1.401,1.407,122367500.0,172507583.125,,,,
2025-05-07,164701,贵金属LOF,1.407,1.42,1.398,1.418,70547300.0,99524603.475,,,,
2025-05-08,164701,贵金属LOF,1.421,1.431,1.39,1.394,92644900.0,130536664.10000001,,,,
2025-05-09,164701,贵金属LOF,1.383,1.398,1.366,1.387,82399500.0,113999708.25000001,,,,
2025-05-12,164701,贵金属LOF,1.361,1.37,1.358,1.369,36426400.0,49703822.800000004,,,,
2025-05-13,164701,贵金属LOF,1.355,1.37,1.339,1.364,90729900.0,123120474.30000001,,,,
2025-05-14,164701,贵金属LOF,1.36,1.362,1.345,1.348,49708700.0,67293152.625,,,,
2025-05-15,164701,贵金属LOF,1.332,1.334,1.308,1.316,41504800.0,54890098.0,,,,
2025-05-16,164701,贵金属LOF,1.342,1.348,1.337,1.342,64457200.0,86517676.7,,,,
2025-05-19,164701,贵金属LOF,1.349,1.351,1.343,1.348,42722600.0,57579384.15,,,,
2025-05-20,164701,贵金属LOF,1.344,1.349,1.34,1.342,32345600.0,43464400.0,,,,
2025-05-21,164701,贵金属LOF,1.372,1.455,1.372,1.399,637882000.0,892715859.0,,,,
2025-05-22,164701,贵金属LOF,1.428,1.436,1.389,1.393,396553600.0,559735406.4,,,,
2025-05-23,164701,贵金属LOF,1.389,1.415,1.376,1.395,207780100.0,289593514.37499994,,,,
2025-05-26,164701,贵金属LOF,1.397,1.413,1.393,1.397,115886200.0,162240680.0,,,,
2025-05-27,164701,贵金属LOF,1.399,1.403,1.382,1.384,46517400.0,64752220.8,,,,
2025-05-28,164701,贵金属LOF,1.385,1.389,1.379,1.386,39656000.0,54913646.0,,,,
2025-05-29,164701,贵金属LOF,1.365,1.372,1.362,1.371,34317000.0,46928497.5,,,,
2025-05-30,164701,贵金属LOF,1.392,1.392,1.377,1.382,37002800.0,51276630.1,,,,
2025-06-03,164701,贵金属LOF,1.409,1.414,1.4,1.402,48097600.0,67637250.0,,,,
2025-06-04,164701,贵金属LOF,1.402,1.408,1.4,1.403,28084400.0,39409434.3,,,,
2025-06-05,164701,贵金属LOF,1.409,1.41,1.403,1.407,23566900.0,33164520.025,,,,
2025-06-06,164701,贵金属LOF,1.403,1.41,1.403,1.406,19984000.0,28087512.0,,,,
2025-06-09,164701,贵金属LOF,1.383,1.391,1.379,1.391,24545100.0,34019508.6,,,,
2025-06-10,164701,贵金属LOF,1.383,1.396,1.381,1.394,54522600.0,75704630.10000001,,,,
2025-06-11,164701,贵金属LOF,1.394,1.398,1.391,1.395,19307700.0,26924587.65,,,,
2025-06-12,164701,贵金属LOF,1.406,1.411,1.406,1.408,22534300.0,31722660.824999996,,,,
2025-06-13,164701,贵金属LOF,1.43,1.457,1.422,1.425,163276000.0,234056146.0,,,,
2025-06-16,164701,贵金属LOF,1.434,1.437,1.421,1.424,40245100.0,57510247.9,,,,
2025-06-17,164701,贵金属LOF,1.419,1.42,1.406,1.411,23090900.0,32650532.599999998,,,,
2025-06-18,164701,贵金属LOF,1.411,1.421,1.407,1.414,20783000.0,29371574.750000004,,,,
2025-06-19,164701,贵金属LOF,1.411,1.415,1.401,1.403,17479300.0,24602114.75,,,,
2025-06-20,164701,贵金属LOF,1.402,1.405,1.396,1.397,13044700.0,18262580.0,,,,
2025-06-23,164701,贵金属LOF,1.403,1.408,1.395,1.4,29369600.0,41161494.4,,,,
2025-06-24,164701,贵金属LOF,1.395,1.399,1.381,1.388,19103900.0,26568748.925000004,,,,
2025-06-25,164701,贵金属LOF,1.39,1.392,1.389,1.391,8406700.0,11689516.350000001,,,,
2025-06-26,164701,贵金属LOF,1.39,1.394,1.386,1.391,13042800.0,18132752.7,,,,
2025-06-27,164701,贵金属LOF,1.38,1.387,1.373,1.379,19259800.0,26573709.05,,,,
2025-06-30,164701,贵金属LOF,1.377,1.378,1.371,1.378,11710700.0,16113923.2,,,,
2025-07-01,164701,贵金属LOF,1.386,1.398,1.38,1.395,24293800.0,33762308.55,,,,
2025-07-02,164701,贵金属LOF,1.393,1.397,1.391,1.393,8896600.0,12397412.1,,,,
2025-07-03,164701,贵金属LOF,1.394,1.399,1.387,1.397,11888300.0,16575262.275,,,,
2025-07-04,164701,贵金属LOF,1.388,1.393,1.387,1.391,7074600.0,9831925.35,,,,
2025-07-07,164701,贵金属LOF,1.379,1.383,1.375,1.38,8232100.0,11354123.924999999,,,,
2025-07-08,164701,贵金属LOF,1.386,1.388,1.384,1.387,5107000.0,7079578.75,,,,
2025-07-09,164701,贵金属LOF,1.378,1.379,1.372,1.375,8075600.0,11112025.6,,,,
2025-07-10,164701,贵金属LOF,1.381,1.384,1.381,1.382,7580200.0,10475836.4,,,,
2025-07-11,164701,贵金属LOF,1.383,1.388,1.383,1.386,5549000.0,7685365.0,,,,
2025-07-14,164701,贵金属LOF,1.396,1.4,1.394,1.396,6463400.0,9026138.1,,,,
2025-07-15,164701,贵金属LOF,1.393,1.397,1.389,1.396,4470700.0,6231038.125,,,,
2025-07-16,164701,贵金属LOF,1.388,1.389,1.383,1.387,5512400.0,7644320.699999999,,,,
2025-07-17,164701,贵金属LOF,1.388,1.39,1.383,1.385,5305700.0,7356353.049999999,,,,
2025-07-18,164701,贵金属LOF,1.386,1.389,1.384,1.389,4672700.0,6481034.9,,,,
2025-07-21,164701,贵金属LOF,1.394,1.399,1.392,1.398,6574200.0,9175939.65,,,,
2025-07-22,164701,贵金属LOF,1.407,1.407,1.402,1.405,7482200.0,10514361.55,,,,
2025-07-23,164701,贵金属LOF,1.413,1.419,1.413,1.418,10102500.0,14302614.375,,,,
2025-07-24,164701,贵金属LOF,1.41,1.41,1.4,1.401,8795200.0,12359454.8,,,,
2025-07-25,164701,贵金属LOF,1.4,1.4,1.394,1.395,6271600.0,8762993.100000001,,,,
2025-07-28,164701,贵金属LOF,1.388,1.39,1.384,1.389,5458700.0,7575310.925,,,,
2025-07-29,164701,贵金属LOF,1.381,1.381,1.373,1.38,7834000.0,10801127.500000002,,,,
2025-07-30,164701,贵金属LOF,1.383,1.385,1.38,1.384,5181500.0,7166014.5,,,,
2025-07-31,164701,贵金属LOF,1.375,1.375,1.37,1.374,6229500.0,8556218.250000002,,,,
2025-08-01,164701,贵金属LOF,1.372,1.372,1.367,1.372,2801000.0,3839470.7500000005,,,,
2025-08-04,164701,贵金属LOF,1.386,1.394,1.386,1.391,11514200.0,15996102.350000001,,,,
2025-08-05,164701,贵金属LOF,1.397,1.398,1.39,1.392,13117900.0,18289632.074999996,,,,
2025-08-06,164701,贵金属LOF,1.395,1.397,1.393,1.396,5125900.0,7151911.975,,,,
2025-08-07,164701,贵金属LOF,1.396,1.402,1.396,1.402,6364600.0,8904075.4,,,,
2025-08-08,164701,贵金属LOF,1.407,1.41,1.406,1.407,15018900.0,21139101.75,,,,
2025-08-11,164701,贵金属LOF,1.397,1.397,1.391,1.393,6830200.0,9524713.9,,,,
2025-08-12,164701,贵金属LOF,1.389,1.389,1.385,1.385,6830000.0,9473210.0,,,,
2025-08-13,164701,贵金属LOF,1.387,1.388,1.384,1.388,3022900.0,4192006.5750000007,,,,
2025-08-14,164701,贵金属LOF,1.39,1.393,1.386,1.39,4348900.0,6043883.775,,,,
2025-08-15,164701,贵金属LOF,1.386,1.386,1.382,1.385,2620600.0,3628875.8499999996,,,,
2025-08-18,164701,贵金属LOF,1.383,1.388,1.382,1.386,3235100.0,4479804.725,,,,
2025-08-19,164701,贵金属LOF,1.383,1.384,1.379,1.381,2385800.0,3296579.1499999994,,,,
2025-08-20,164701,贵金属LOF,1.378,1.378,1.373,1.377,2748600.0,3783447.9000000004,,,,
2025-08-21,164701,贵金属LOF,1.384,1.386,1.382,1.383,3691000.0,5107421.249999999,,,,
2025-08-22,164701,贵金属LOF,1.383,1.383,1.38,1.382,1851200.0,2558358.4,,,,
2025-08-25,164701,贵金属LOF,1.39,1.392,1.387,1.39,4578100.0,6362414.475,,,,
2025-08-26,164701,贵金属LOF,1.392,1.395,1.391,1.394,4219300.0,5877484.899999999,,,,
2025-08-27,164701,贵金属LOF,1.395,1.397,1.391,1.392,4366100.0,6085251.875,,,,
2025-08-28,164701,贵金属LOF,1.393,1.398,1.393,1.398,4143400.0,5782114.7,,,,
2025-08-29,164701,贵金属LOF,1.401,1.406,1.401,1.403,4977300.0,6981907.574999999,,,,
2025-09-01,164701,贵金属LOF,1.413,1.449,1.412,1.44,63117200.0,90162920.19999999,,,,
2025-09-02,164701,贵金属LOF,1.448,1.45,1.434,1.437,23435300.0,33799561.425000004,,,,
2025-09-03,164701,贵金属LOF,1.454,1.495,1.453,1.473,130737400.0,192020556.25000003,,,,
2025-09-04,164701,贵金属LOF,1.489,1.489,1.457,1.464,26834700.0,39574473.825,,,,
2025-09-05,164701,贵金属LOF,1.462,1.469,1.46,1.464,14282500.0,20906009.375,,,,
2025-09-08,164701,贵金属LOF,1.472,1.479,1.47,1.478,17587200.0,25936723.2,,,,
2025-09-09,164701,贵金属LOF,1.495,1.515,1.494,1.5,55495900.0,83299345.89999999,,,,
2025-09-10,164701,贵金属LOF,1.488,1.498,1.485,1.497,14774700.0,22043852.400000002,,,,
2025-09-11,164701,贵金属LOF,1.497,1.5,1.49,1.493,8126200.0,12148669.0,,,,
2025-09-12,164701,贵金属LOF,1.499,1.501,1.494,1.499,8014400.0,12007574.8,,,,
2025-09-15,164701,贵金属LOF,1.493,1.497,1.488,1.495,3777800.0,5641199.850000001,,,,
2025-09-16,164701,贵金属LOF,1.513,1.516,1.509,1.516,8227900.0,12452926.65,,,,
2025-09-17,164701,贵金属LOF,1.516,1.516,1.508,1.51,4515900.0,6830298.75,,,,
2025-09-18,164701,贵金属LOF,1.495,1.504,1.485,1.492,11361400.0,16973931.6,,,,
2025-09-19,164701,贵金属LOF,1.499,1.505,1.493,1.499,4276200.0,6410023.800000001,,,,
2025-09-22,164701,贵金属LOF,1.522,1.546,1.513,1.528,16083200.0,24563067.2,,,,
2025-09-23,164701,贵金属LOF,1.545,1.563,1.539,1.545,13893800.0,21507602.4,,,,
2025-09-24,164701,贵金属LOF,1.546,1.561,1.541,1.552,7907000.0,12255849.999999998,,,,
2025-09-25,164701,贵金属LOF,1.548,1.548,1.534,1.538,8235000.0,12698370.0,,,,
2025-09-26,164701,贵金属LOF,1.538,1.561,1.537,1.545,11637400.0,17982692.35,,,,
2025-09-29,164701,贵金属LOF,1.558,1.587,1.555,1.574,18612000.0,29192922.0,,,,
2025-09-30,164701,贵金属LOF,1.58,1.612,1.58,1.6,14636100.0,23315307.3,,,,
2025-10-09,164701,贵金属LOF,1.68,1.689,1.654,1.657,23893300.0,39901811.0,,,,
2025-10-10,164701,贵金属LOF,1.636,1.641,1.631,1.633,10796200.0,17654486.05,,,,
2025-10-13,164701,贵金属LOF,1.675,1.698,1.661,1.676,23171500.0,38870191.24999999,,,,
2025-10-14,164701,贵金属LOF,1.701,1.743,1.674,1.686,35985100.0,61210655.1,,,,
2025-10-15,164701,贵金属LOF,1.721,1.724,1.708,1.723,10711400.0,18412896.6,,,,
2025-10-16,164701,贵金属LOF,1.737,1.74,1.721,1.728,12758900.0,22092035.35,,,,
2025-10-17,164701,贵金属LOF,1.771,1.8,1.751,1.788,37716700.0,67041434.24999999,,,,
2025-10-20,164701,贵金属LOF,1.735,1.752,1.732,1.733,14140600.0,24576362.8,,,,
2025-10-21,164701,贵金属LOF,1.785,1.785,1.759,1.773,11464100.0,20354509.55,,,,
2025-10-22,164701,贵金属LOF,1.68,1.705,1.671,1.701,25904900.0,43759852.325,,,,
2025-10-23,164701,贵金属LOF,1.68,1.685,1.665,1.679,16610400.0,27859793.400000002,,,,
2025-10-24,164701,贵金属LOF,1.687,1.69,1.668,1.67,7381000.0,12390853.750000002,,,,
2025-10-27,164701,贵金属LOF,1.673,1.673,1.658,1.659,6191800.0,10313990.85,,,,
2025-10-28,164701,贵金属LOF,1.638,1.645,1.606,1.608,14541600.0,23619193.8,,,,
2025-10-29,164701,贵金属LOF,1.62,1.625,1.611,1.623,7650700.0,12392221.325,,,,
2025-10-30,164701,贵金属LOF,1.612,1.647,1.601,1.62,12277000.0,19888740.0,,,,
2025-10-31,164701,贵金属LOF,1.636,1.644,1.626,1.636,9438100.0,15436012.549999999,,,,
2025-11-03,164701,贵金属LOF,1.635,1.638,1.627,1.637,4493300.0,7343175.525,,,,
2025-11-04,164701,贵金属LOF,1.628,1.629,1.617,1.622,4256000.0,6911743.999999999,,,,
2025-11-05,164701,贵金属LOF,1.609,1.622,1.602,1.617,5306800.0,8557215.0,,,,
2025-11-06,164701,贵金属LOF,1.614,1.632,1.614,1.626,6128400.0,9937200.6,,,,
2025-11-07,164701,贵金属LOF,1.631,1.633,1.623,1.632,5737800.0,9351179.55,,,,
2025-11-10,164701,贵金属LOF,1.643,1.661,1.643,1.66,8333400.0,13764693.450000001,,,,
2025-11-11,164701,贵金属LOF,1.689,1.691,1.679,1.68,9470700.0,15955761.825,,,,
2025-11-12,164701,贵金属LOF,1.684,1.684,1.668,1.675,8043100.0,13494311.025,,,,
2025-11-13,164701,贵金属LOF,1.695,1.715,1.695,1.713,12190500.0,20778707.25,,,,
2025-11-14,164701,贵金属LOF,1.701,1.714,1.695,1.698,8069900.0,13734969.799999999,,,,
2025-11-17,164701,贵金属LOF,1.673,1.675,1.649,1.655,5984000.0,9951392.0,,,,
2025-11-18,164701,贵金属LOF,1.64,1.646,1.632,1.634,5424900.0,8885986.2,,,,
2025-11-19,164701,贵金属LOF,1.65,1.666,1.646,1.665,6716500.0,11127561.375,,,,
2025-11-20,164701,贵金属LOF,1.669,1.669,1.648,1.655,6985300.0,11597344.325,,,,
2025-11-21,164701,贵金属LOF,1.651,1.661,1.639,1.641,6291100.0,10367732.799999999,,,,
2025-11-24,164701,贵金属LOF,1.667,1.667,1.633,1.648,5922000.0,9793507.5,,,,
2025-11-25,164701,贵金属LOF,1.672,1.683,1.671,1.682,6355300.0,10657838.1,,,,
2025-11-26,164701,贵金属LOF,1.681,1.695,1.681,1.686,5402500.0,9107264.375,,,,
2025-11-27,164701,贵金属LOF,1.687,1.69,1.673,1.687,3555200.0,5987845.6,,,,
2025-11-28,164701,贵金属LOF,1.7,1.709,1.691,1.7,6078900.0,10334130.0,,,,
2025-12-01,164701,贵金属LOF,1.72,1.73,1.711,1.724,10224100.0,17598232.125,,,,
2025-12-02,164701,贵金属LOF,1.712,1.726,1.711,1.716,5890300.0,10109227.375,,,,
2025-12-03,164701,贵金属LOF,1.718,1.72,1.708,1.714,4574100.0,7844581.5,,,,
2025-12-04,164701,贵金属LOF,1.719,1.719,1.699,1.704,6845200.0,11707003.3,,,,
2025-12-05,164701,贵金属LOF,1.706,1.718,1.7,1.718,5422800.0,9275699.4,,,,
2025-12-08,164701,贵金属LOF,1.713,1.717,1.707,1.716,4440200.0,7607172.65,,,,
2025-12-09,164701,贵金属LOF,1.715,1.715,1.698,1.699,5077800.0,8666535.15,,,,
2025-12-10,164701,贵金属LOF,1.714,1.719,1.706,1.715,4763800.0,8162771.300000001,,,,
2025-12-11,164701,贵金属LOF,1.727,1.731,1.714,1.72,5153600.0,8879652.799999999,,,,
2025-12-12,164701,贵金属LOF,1.735,1.748,1.735,1.747,5887300.0,10251261.125000002,,,,
2025-12-15,164701,贵金属LOF,1.759,1.771,1.757,1.77,8837000.0,15590677.249999998,,,,
2025-12-16,164701,贵金属LOF,1.754,1.761,1.741,1.745,6135700.0,10739008.924999999,,,,
2025-12-17,164701,贵金属LOF,1.76,1.771,1.752,1.765,5855400.0,10317214.799999999,,,,
2025-12-18,164701,贵金属LOF,1.768,1.771,1.759,1.769,5093600.0,8999117.8,,,,
2025-12-19,164701,贵金属LOF,1.767,1.768,1.758,1.766,5406300.0,9540767.925,,,,
2025-12-22,164701,贵金属LOF,1.778,1.835,1.772,1.816,20456100.0,36826094.025000006,,,,
2025-12-23,164701,贵金属LOF,1.86,1.998,1.855,1.998,96494400.0,186017079.6,,,,
2025-12-24,164701,贵金属LOF,2.15,2.198,2.15,2.198,13718000.0,29822932.0,,,,
2025-12-25,164701,贵金属LOF,2.418,2.418,1.984,1.989,346779100.0,763694272.9750001,,,,
2025-12-26,164701,贵金属LOF,1.906,2.048,1.873,1.88,533818400.0,1028534602.1999999,,,,
2025-12-29,164701,贵金属LOF,1.869,1.879,1.832,1.836,410397900.0,760877706.5999999,,,,
2025-12-30,164701,贵金属LOF,1.776,1.817,1.775,1.788,193742500.0,346605332.5,,,,
2025-12-31,164701,贵金属LOF,1.798,1.812,1.769,1.787,153687700.0,275331514.55,,,,
2026-01-05,164701,贵金属LOF,1.82,1.821,1.801,1.816,93586700.0,169813067.15,,,,
2026-01-06,164701,贵金属LOF,1.826,1.849,1.817,1.838,105998200.0,194241701.5,,,,
2026-01-07,164701,贵金属LOF,1.838,1.841,1.816,1.818,64720900.0,118325985.425,,,,
2026-01-08,164701,贵金属LOF,1.82,1.824,1.796,1.808,51457900.0,93241714.8,,,,
2026-01-09,164701,贵金属LOF,1.814,1.822,1.811,1.82,35625700.0,64722990.475,,,,
2026-01-12,164701,贵金属LOF,1.866,1.873,1.848,1.86,70314800.0,130908578.9,,,,
2026-01-13,164701,贵金属LOF,1.861,1.866,1.851,1.857,40130800.0,74593124.5,,,,
2026-01-14,164701,贵金属LOF,1.871,1.893,1.87,1.88,89288400.0,167728259.4,,,,
2026-01-15,164701,贵金属LOF,1.867,1.874,1.857,1.869,52706300.0,98389485.52499999,,,,
2026-01-16,164701,贵金属LOF,1.869,1.869,1.86,1.864,33585900.0,62654496.45,,,,
2026-01-19,164701,贵金属LOF,1.887,1.892,1.882,1.891,55388900.0,104574243.19999999,,,,
2026-01-20,164701,贵金属LOF,1.89,1.932,1.883,1.92,190457100.0,363058846.87499994,,,,
2026-01-21,164701,贵金属LOF,1.993,2.1,1.963,2.033,630491800.0,1275012042.5499997,,,,
2026-01-22,164701,贵金属LOF,1.968,2.006,1.96,1.971,246604800.0,487352736.0,,,,
2026-01-23,164701,贵金属LOF,2.054,2.055,2.012,2.014,218543000.0,444461826.25,,,,
2026-01-26,164701,贵金属LOF,2.089,2.105,2.05,2.076,203189900.0,422634992.0,,,,
2026-01-27,164701,贵金属LOF,2.063,2.08,2.048,2.07,112944000.0,233257595.99999997,,,,
2026-01-28,164701,贵金属LOF,2.112,2.243,2.102,2.174,487703300.0,1052341795.575,,,,
2026-01-29,164701,贵金属LOF,2.31,2.391,2.245,2.391,518072400.0,1209310499.7,,,,
2026-01-30,164701,贵金属LOF,2.3,2.34,2.152,2.152,442401900.0,989210648.3999999,,,,
2026-02-02,164701,贵金属LOF,1.937,2.036,1.937,1.937,273718700.0,536967659.725,,,,
2026-02-03,164701,贵金属LOF,2.002,2.041,1.937,1.989,461157200.0,918740431.7,,,,
2026-02-04,164701,贵金属LOF,2.06,2.06,2.022,2.042,213259500.0,436328937.00000006,,,,
2026-02-05,164701,贵金属LOF,1.991,2.023,1.948,1.978,200599800.0,398190603.00000006,,,,
2026-02-06,164701,贵金属LOF,1.903,1.998,1.895,1.951,285380800.0,552711264.4,,,,
2026-02-09,164701,贵金属LOF,2.014,2.036,1.996,2.025,177136600.0,357417374.65,,,,
2026-02-10,164701,贵金属LOF,2.027,2.034,2.016,2.017,75166500.0,152099412.75000003,,,,
2026-02-11,164701,贵金属LOF,2.027,2.05,2.022,2.04,111020400.0,225898758.89999998,,,,
2026-02-12,164701,贵金属LOF,2.036,2.044,2.033,2.035,57204400.0,116525362.8,,,,
2026-02-13,164701,贵金属LOF,2.01,2.015,1.992,2.004,64792200.0,129924559.05000001,,,,
2026-02-24,164701,贵金属LOF,2.066,2.084,2.066,2.079,83144400.0,172420699.49999997,,,,
2026-02-25,164701,贵金属LOF,2.079,2.098,2.078,2.086,80915800.0,168729671.95,,,,
2026-02-26,164701,贵金属LOF,2.086,2.086,2.069,2.074,40029400.0,83211115.25000001,,,,
2026-02-27,164701,贵金属LOF,2.072,2.08,2.068,2.076,33475800.0,69428809.19999999,,,,
2026-03-02,164701,贵金属LOF,2.159,2.211,2.127,2.178,326335000.0,707739031.25,,,,
2026-03-03,164701,贵金属LOF,2.165,2.192,2.123,2.13,191944400.0,413160321.0,,,,
2026-03-04,164701,贵金属LOF,2.07,2.121,2.068,2.081,121857100.0,254072053.5,,,,
2026-03-05,164701,贵金属LOF,2.081,2.087,2.06,2.071,52294700.0,108498428.82500002,,,,
2026-03-06,164701,贵金属LOF,2.042,2.067,2.042,2.051,42628400.0,87409534.2,,,,
2026-03-09,164701,贵金属LOF,2.032,2.069,2.025,2.041,54037000.0,110330044.75,,,,
2026-03-10,164701,贵金属LOF,2.058,2.075,2.055,2.063,42833800.0,88355420.95000002,,,,
2026-03-11,164701,贵金属LOF,2.079,2.079,2.065,2.069,31595400.0,65497264.199999996,,,,
2026-03-12,164701,贵金属LOF,2.06,2.061,2.047,2.056,30067000.0,61817752.0,,,,
2026-03-13,164701,贵金属LOF,2.042,2.045,2.025,2.028,27696200.0,56361767.00000001,,,,
2026-03-16,164701,贵金属LOF,1.995,2.002,1.983,1.995,47380300.0,94464473.125,,,,
2026-03-17,164701,贵金属LOF,1.993,2.013,1.991,1.993,37642400.0,75190694.0,,,,
2026-03-18,164701,贵金属LOF,1.992,1.995,1.975,1.99,24829900.0,49361841.2,,,,
2026-03-19,164701,贵金属LOF,1.927,1.94,1.889,1.894,67245300.0,128606636.24999999,,,,
2026-03-20,164701,贵金属LOF,1.86,1.889,1.851,1.858,91257400.0,170149422.3,,,,
2026-03-23,164701,贵金属LOF,1.793,1.793,1.672,1.682,160371100.0,278243858.5,,,,
2026-03-24,164701,贵金属LOF,1.736,1.76,1.715,1.751,147086400.0,256003879.2,,,,
2026-03-25,164701,贵金属LOF,1.84,1.866,1.806,1.815,300559900.0,550550596.825,,,,
2026-03-26,164701,贵金属LOF,1.814,1.814,1.765,1.781,86174600.0,154554145.1,,,,
2026-03-27,164701,贵金属LOF,1.756,1.834,1.756,1.787,296138900.0,528089693.4250001,,,,
2026-03-30,164701,贵金属LOF,1.79,1.828,1.783,1.818,210220700.0,379395808.325,,,,
2026-03-31,164701,贵金属LOF,1.843,1.871,1.832,1.836,263527700.0,486340370.35,,,,
2026-04-01,164701,贵金属LOF,1.891,1.908,1.875,1.902,213989000.0,405295166.0,,,,
2026-04-02,164701,贵金属LOF,1.878,1.89,1.823,1.843,196484400.0,365166257.4,,,,
2026-04-03,164701,贵金属LOF,1.865,1.869,1.848,1.853,70653600.0,131327379.0,,,,
2026-04-07,164701,贵金属LOF,1.851,1.859,1.845,1.854,66211100.0,122639509.975,,,,
2026-04-08,164701,贵金属LOF,1.92,1.927,1.903,1.912,169644700.0,324954422.85,,,,
2026-04-09,164701,贵金属LOF,1.867,1.887,1.866,1.875,80974400.0,151725781.99999997,,,,
2026-04-10,164701,贵金属LOF,1.887,1.896,1.88,1.881,60251200.0,113633763.19999999,,,,
2026-04-13,164701,贵金属LOF,1.87,1.879,1.866,1.875,32889500.0,61585588.75,,,,
2026-04-14,164701,贵金属LOF,1.892,1.894,1.884,1.894,40375900.0,76350826.9,,,,
2026-04-15,164701,贵金属LOF,1.914,1.924,1.905,1.906,45508100.0,87022864.225,,,,
2026-04-16,164701,贵金属LOF,1.916,1.916,1.905,1.908,34949100.0,66796467.37500001,,,,
2026-04-17,164701,贵金属LOF,1.891,1.899,1.886,1.891,27133400.0,51329609.45,,,,
2026-04-20,164701,贵金属LOF,1.892,1.903,1.89,1.893,21145800.0,40060718.1,,,,
2026-04-21,164701,贵金属LOF,1.899,1.9,1.887,1.888,20185300.0,38220865.55,,,,
2026-04-22,164701,贵金属LOF,1.881,1.885,1.878,1.883,22683100.0,42683923.425000004,,,,
2026-04-23,164701,贵金属LOF,1.87,1.872,1.849,1.862,27830900.0,51855924.425000004,,,,
2026-04-24,164701,贵金属LOF,1.859,1.859,1.845,1.846,19938700.0,36931457.074999996,,,,
2026-04-27,164701,贵金属LOF,1.847,1.865,1.847,1.858,15492600.0,28727153.55,,,,
2026-04-28,164701,贵金属LOF,1.851,1.852,1.828,1.831,20461600.0,37659574.8,,,,
2026-04-29,164701,贵金属LOF,1.815,1.83,1.81,1.814,34076800.0,61926064.800000004,,,,
2026-04-30,164701,贵金属LOF,1.807,1.818,1.802,1.818,24193300.0,43820114.62499999,,,,
2026-05-06,164701,贵金属LOF,1.821,1.842,1.819,1.84,31206800.0,57124047.4,,,,
2026-05-07,164701,贵金属LOF,1.858,1.869,1.848,1.862,37754500.0,70195054.125,,,,
2026-05-08,164701,贵金属LOF,1.856,1.863,1.85,1.859,24740400.0,45942922.8,,,,
2026-05-11,164701,贵金属LOF,1.849,1.849,1.83,1.839,29358000.0,54070096.5,,,,
2026-05-12,164701,贵金属LOF,1.87,1.87,1.844,1.847,29944400.0,55629209.1,,,,
2026-05-13,164701,贵金属LOF,1.848,1.852,1.843,1.849,16751600.0,30956956.8,,,,
2026-05-14,164701,贵金属LOF,1.844,1.846,1.839,1.845,13762900.0,25371906.150000002,,,,
2026-05-15,164701,贵金属LOF,1.818,1.82,1.795,1.801,24452200.0,44221803.7,,,,
2026-05-18,164701,贵金属LOF,1.771,1.79,1.77,1.788,13614700.0,24230762.325,,,,
2026-05-19,164701,贵金属LOF,1.789,1.796,1.781,1.787,9470800.0,16936158.099999998,,,,
2026-05-20,164701,贵金属LOF,1.767,1.769,1.752,1.757,20190900.0,35561222.625,,,,
2026-05-21,164701,贵金属LOF,1.782,1.788,1.768,1.769,16198800.0,28781217.900000002,,,,
2026-05-22,164701,贵金属LOF,1.773,1.78,1.773,1.776,9604900.0,17053499.95,,,,
2026-05-25,164701,贵金属LOF,1.794,1.796,1.781,1.786,11657600.0,20858360.8,,,,
2026-05-26,164701,贵金属LOF,1.783,1.783,1.77,1.774,11809900.0,20992097.25,,,,
2026-05-27,164701,贵金属LOF,1.769,1.769,1.753,1.754,10228600.0,18015121.75,,,,
2026-05-28,164701,贵金属LOF,1.73,1.75,1.708,1.717,14743500.0,25450966.875,,,,
2026-05-29,164701,贵金属LOF,1.755,1.765,1.752,1.765,18210000.0,32035942.499999996,,,,
2026-06-01,164701,贵金属LOF,1.768,1.769,1.755,1.758,6559400.0,11560942.5,,,,
2026-06-02,164701,贵金属LOF,1.752,1.776,1.743,1.772,11624100.0,20467134.075,,,,
2026-06-03,164701,贵金属LOF,1.75,1.755,1.743,1.744,9236800.0,16145926.4,,,,
2026-06-04,164701,贵金属LOF,1.753,1.753,1.741,1.748,9296500.0,16257254.374999998,,,,
2026-06-05,164701,贵金属LOF,1.743,1.746,1.728,1.736,12368200.0,21499023.65,,,,
2026-06-08,164701,贵金属LOF,1.682,1.705,1.672,1.68,20914900.0,35236377.775,,,,
2026-06-09,164701,贵金属LOF,1.686,1.696,1.686,1.691,13480200.0,22778167.95,,,,
2026-06-10,164701,贵金属LOF,1.647,1.65,1.631,1.641,17583100.0,28875845.975000005,,,,
2026-06-11,164701,贵金属LOF,1.61,1.61,1.583,1.598,30870200.0,49400037.550000004,,,,
2026-06-12,164701,贵金属LOF,1.627,1.636,1.622,1.626,26181600.0,42617099.4,,,,
2026-06-15,164701,贵金属LOF,1.67,1.699,1.67,1.681,42989400.0,72222192.0,,,,
2026-06-16,164701,贵金属LOF,1.684,1.686,1.675,1.68,11973400.0,20130278.75,,,,
2026-06-17,164701,贵金属LOF,1.689,1.69,1.679,1.682,10156400.0,17113534.0,,,,
2026-06-18,164701,贵金属LOF,1.678,1.683,1.668,1.673,11182600.0,18736446.3,,,,
2026-06-22,164701,贵金属LOF,1.64,1.643,1.626,1.637,12764100.0,20888449.65,,,,
2026-06-23,164701,贵金属LOF,1.628,1.631,1.6,1.601,12200100.0,19703161.500000004,,,,
2026-06-24,164701,贵金属LOF,1.586,1.598,1.579,1.593,11617000.0,18459413.0,,,,
2026-06-25,164701,贵金属LOF,1.563,1.563,1.544,1.548,17961600.0,27921307.2,,,,
2026-06-26,164701,贵金属LOF,1.558,1.567,1.547,1.564,14700400.0,22917923.599999998,,,,
2026-06-29,164701,贵金属LOF,1.579,1.585,1.569,1.581,9895900.0,15620678.15,,,,
2026-06-30,164701,贵金属LOF,1.549,1.57,1.541,1.566,18716200.0,29131765.300000004,,,,
2026-07-01,164701,贵金属LOF,1.553,1.553,1.542,1.546,11720700.0,18149503.95,,,,
2026-07-02,164701,贵金属LOF,1.57,1.593,1.57,1.586,24591700.0,38848738.075,,,,
2026-07-03,164701,贵金属LOF,1.634,1.694,1.617,1.621,80494000.0,132130901.0,,,,
2026-07-06,164701,贵金属LOF,1.634,1.644,1.613,1.615,29456800.0,47911485.2,,,,
2026-07-07,164701,贵金属LOF,1.604,1.615,1.601,1.605,8966200.0,14401958.75,,,,
2026-07-08,164701,贵金属LOF,1.597,1.609,1.593,1.605,9390700.0,15034510.7,,,,
2026-07-09,164701,贵金属LOF,1.582,1.596,1.578,1.596,11840100.0,18802078.8,,,,
2026-07-10,164701,贵金属LOF,1.603,1.608,1.597,1.6,8511900.0,13636063.799999999,,,,
2026-07-13,164701,贵金属LOF,1.585,1.592,1.575,1.577,9110500.0,14415088.625,,,,
2026-07-14,164701,贵金属LOF,1.559,1.572,1.554,1.571,11945700.0,18683074.8,,,,
2026-07-15,164701,贵金属LOF,1.58,1.58,1.564,1.568,8512300.0,13389847.9,,,,
2026-07-16,164701,贵金属LOF,1.565,1.573,1.562,1.566,6166700.0,9660135.55,,,,
2026-07-17,164701,贵金属LOF,1.553,1.559,1.544,1.554,11321500.0,17576628.750000004,,,,
2026-07-20,164701,贵金属LOF,1.551,1.564,1.551,1.556,7864800.0,12233696.4,,,,
2026-07-21,164701,贵金属LOF,1.568,1.591,1.561,1.59,17150000.0,27054125.000000004,,,,
2026-07-22,164701,贵金属LOF,1.609,1.624,1.591,1.601,40490400.0,65037705.0,,,,
2026-07-23,164701,贵金属LOF,1.606,1.612,1.601,1.604,13275700.0,21317455.275,,,,
2026-07-24,164701,贵金属LOF,1.58,1.581,1.567,1.574,13725100.0,21623895.049999997,,,,
2026-07-27,164701,贵金属LOF,1.596,1.602,1.587,1.595,11977300.0,19103793.5,,,,
2026-07-28,164701,贵金属LOF,1.572,1.579,1.57,1.575,7309900.0,11505782.6,,,,
2026-07-29,164701,贵金属LOF,1.565,1.574,1.563,1.574,6439400.0,10103418.6,,,,
2026-07-30,164701,贵金属LOF,1.588,1.593,1.567,1.571,11886900.0,18778330.275,,,,
2026-07-31,164701,贵金属LOF,1.587,1.589,1.583,1.586,9910600.0,15720689.250000002,,,,
2026-08-03,164701,贵金属LOF,1.582,1.585,1.578,1.582,7087100.0,11210020.425,,,,
2026-08-04,164701,贵金属LOF,1.578,1.584,1.578,1.583,6177900.0,9765715.425,,,,
2026-08-05,164701,贵金属LOF,1.589,1.633,1.586,1.627,43650300.0,70222420.125,,,,
2026-08-06,164701,贵金属LOF,1.699,1.699,1.654,1.66,77314300.0,129733395.39999999,,,,
2026-08-07,164701,贵金属LOF,1.657,1.687,1.656,1.683,43012200.0,71862633.14999999,,,,
2026-08-10,164701,贵金属LOF,1.686,1.687,1.67,1.685,38013100.0,63938034.199999996,,,,
2026-08-11,164701,贵金属LOF,1.71,1.714,1.684,1.688,43158100.0,73325611.9,,,,
