date,symbol,name,open,high,low,close,volume,amount,pct_change,turnover_rate,source_file,amplitude,change
2016-08-08,512880,,0.995,1.006,0.988,1.004,153492108.0,153164739.0,,,sina:512880,,
2016-08-09,512880,,1.002,1.016,1.002,1.012,45656067.0,46082947.0,,,sina:512880,,
2016-08-10,512880,,1.013,1.021,1.008,1.01,29543368.0,29975006.0,,,sina:512880,,
2016-08-11,512880,,1.01,1.029,1.009,1.014,37019624.0,37790066.0,,,sina:512880,,
2016-08-12,512880,,1.013,1.041,1.009,1.037,36498955.0,37355020.0,,,sina:512880,,
2016-08-15,512880,,1.044,1.132,1.04,1.097,108427801.0,117707931.0,,,sina:512880,,
2016-08-16,512880,,1.1,1.102,1.084,1.086,62083760.0,67776092.0,,,sina:512880,,
2016-08-17,512880,,1.095,1.106,1.072,1.08,40260190.0,43826593.0,,,sina:512880,,
2016-08-18,512880,,1.071,1.085,1.062,1.068,45597235.0,48873984.0,,,sina:512880,,
2016-08-19,512880,,1.068,1.073,1.06,1.068,36301312.0,38746370.0,,,sina:512880,,
2016-08-22,512880,,1.071,1.071,1.044,1.045,34605840.0,36569456.0,,,sina:512880,,
2016-08-23,512880,,1.048,1.062,1.044,1.056,24477575.0,25778161.0,,,sina:512880,,
2016-08-24,512880,,1.058,1.06,1.045,1.049,19764000.0,20780326.0,,,sina:512880,,
2016-08-25,512880,,1.045,1.058,1.038,1.054,24633332.0,25890452.0,,,sina:512880,,
2016-08-26,512880,,1.051,1.057,1.046,1.048,17801757.0,18724561.0,,,sina:512880,,
2016-08-29,512880,,1.048,1.053,1.042,1.049,12260053.0,12835434.0,,,sina:512880,,
2016-08-30,512880,,1.05,1.062,1.047,1.054,23384259.0,24691966.0,,,sina:512880,,
2016-08-31,512880,,1.051,1.067,1.05,1.061,27296587.0,28945104.0,,,sina:512880,,
2016-09-01,512880,,1.06,1.06,1.044,1.044,25067000.0,26393289.0,,,sina:512880,,
2016-09-02,512880,,1.041,1.063,1.039,1.051,23398195.0,24635967.0,,,sina:512880,,
2016-09-05,512880,,1.05,1.067,1.05,1.054,38431002.0,40671241.0,,,sina:512880,,
2016-09-06,512880,,1.053,1.06,1.04,1.057,25749077.0,27041171.0,,,sina:512880,,
2016-09-07,512880,,1.057,1.064,1.053,1.056,21027732.0,22267356.0,,,sina:512880,,
2016-09-08,512880,,1.055,1.057,1.05,1.054,14973145.0,15783936.0,,,sina:512880,,
2016-09-09,512880,,1.053,1.059,1.048,1.049,28409100.0,29982672.0,,,sina:512880,,
2016-09-12,512880,,1.04,1.04,1.011,1.023,42578338.0,43491163.0,,,sina:512880,,
2016-09-13,512880,,1.021,1.026,1.015,1.02,14943200.0,15221765.0,,,sina:512880,,
2016-09-14,512880,,1.015,1.018,1.009,1.012,13102200.0,13274348.0,,,sina:512880,,
2016-09-19,512880,,1.012,1.018,1.012,1.015,10762100.0,10918142.0,,,sina:512880,,
2016-09-20,512880,,1.015,1.016,1.01,1.013,23259931.0,23539946.0,,,sina:512880,,
2016-09-21,512880,,1.012,1.027,1.012,1.02,38803144.0,39474500.0,,,sina:512880,,
2016-09-22,512880,,1.026,1.029,1.02,1.02,15386044.0,15754393.0,,,sina:512880,,
2016-09-23,512880,,1.02,1.023,1.015,1.016,14765020.0,15052047.0,,,sina:512880,,
2016-09-26,512880,,1.016,1.016,0.996,0.998,20983120.0,21080177.0,,,sina:512880,,
2016-09-27,512880,,0.997,1.008,0.996,1.008,19371420.0,19416929.0,,,sina:512880,,
2016-09-28,512880,,1.006,1.008,1.002,1.002,6918844.0,6950766.0,,,sina:512880,,
2016-09-29,512880,,1.004,1.025,1.004,1.016,15085047.0,15329279.0,,,sina:512880,,
2016-09-30,512880,,1.014,1.018,1.012,1.017,12053971.0,12237644.0,,,sina:512880,,
2016-10-10,512880,,1.02,1.032,1.019,1.03,21597353.0,22168751.0,,,sina:512880,,
2016-10-11,512880,,1.029,1.035,1.027,1.032,14053201.0,14472926.0,,,sina:512880,,
2016-10-12,512880,,1.03,1.034,1.025,1.029,15680624.0,16159167.0,,,sina:512880,,
2016-10-13,512880,,1.027,1.034,1.026,1.03,13465500.0,13866866.0,,,sina:512880,,
2016-10-14,512880,,1.03,1.032,1.021,1.03,15834500.0,16238533.0,,,sina:512880,,
2016-10-17,512880,,1.03,1.032,1.013,1.013,14166035.0,14497419.0,,,sina:512880,,
2016-10-18,512880,,1.013,1.042,1.013,1.036,27449354.0,28215858.0,,,sina:512880,,
2016-10-19,512880,,1.037,1.039,1.03,1.032,14633300.0,15135889.0,,,sina:512880,,
2016-10-20,512880,,1.032,1.035,1.028,1.031,14964161.0,15430752.0,,,sina:512880,,
2016-10-21,512880,,1.029,1.047,1.028,1.035,21480556.0,22264784.0,,,sina:512880,,
2016-10-24,512880,,1.035,1.078,1.035,1.061,47401085.0,50354094.0,,,sina:512880,,
2016-10-25,512880,,1.06,1.06,1.05,1.054,10030579.0,10565683.0,,,sina:512880,,
2016-10-26,512880,,1.055,1.063,1.049,1.051,14251900.0,15025009.0,,,sina:512880,,
2016-10-27,512880,,1.049,1.054,1.047,1.053,19831205.0,20828317.0,,,sina:512880,,
2016-10-28,512880,,1.056,1.09,1.056,1.06,24529671.0,26369783.0,,,sina:512880,,
2016-10-31,512880,,1.055,1.065,1.042,1.06,16811311.0,17694036.0,,,sina:512880,,
2016-11-01,512880,,1.058,1.074,1.058,1.07,27260347.0,29110591.0,,,sina:512880,,
2016-11-02,512880,,1.067,1.083,1.063,1.064,18021672.0,19337187.0,,,sina:512880,,
2016-11-03,512880,,1.06,1.109,1.06,1.089,81183345.0,88598029.0,,,sina:512880,,
2016-11-04,512880,,1.088,1.098,1.08,1.083,16280694.0,17781190.0,,,sina:512880,,
2016-11-07,512880,,1.085,1.094,1.084,1.089,8455491.0,9202719.0,,,sina:512880,,
2016-11-08,512880,,1.095,1.106,1.089,1.091,14595913.0,15996541.0,,,sina:512880,,
2016-11-09,512880,,1.093,1.093,1.067,1.078,23586966.0,25395638.0,,,sina:512880,,
2016-11-10,512880,,1.09,1.105,1.087,1.095,30267507.0,33253742.0,,,sina:512880,,
2016-11-11,512880,,1.098,1.143,1.095,1.133,56521385.0,63486357.0,,,sina:512880,,
2016-11-14,512880,,1.13,1.17,1.124,1.142,69124807.0,79892319.0,,,sina:512880,,
2016-11-15,512880,,1.141,1.148,1.127,1.132,16890091.0,19217640.0,,,sina:512880,,
2016-11-16,512880,,1.138,1.142,1.126,1.14,27671088.0,31461495.0,,,sina:512880,,
2016-11-17,512880,,1.135,1.141,1.124,1.136,28057718.0,31798115.0,,,sina:512880,,
2016-11-18,512880,,1.13,1.133,1.114,1.119,29109000.0,32743143.0,,,sina:512880,,
2016-11-21,512880,,1.113,1.134,1.112,1.119,31463944.0,35488548.0,,,sina:512880,,
2016-11-22,512880,,1.124,1.141,1.124,1.135,22712227.0,25719705.0,,,sina:512880,,
2016-11-23,512880,,1.137,1.143,1.122,1.126,16324397.0,18482306.0,,,sina:512880,,
2016-11-24,512880,,1.124,1.153,1.123,1.137,35681731.0,40706223.0,,,sina:512880,,
2016-11-25,512880,,1.134,1.145,1.117,1.141,55584823.0,62944812.0,,,sina:512880,,
2016-11-28,512880,,1.156,1.156,1.135,1.136,26760123.0,30562693.0,,,sina:512880,,
2016-11-29,512880,,1.134,1.153,1.122,1.139,40098105.0,45528378.0,,,sina:512880,,
2016-11-30,512880,,1.136,1.151,1.126,1.13,21378326.0,24384075.0,,,sina:512880,,
2016-12-01,512880,,1.128,1.145,1.128,1.141,19292500.0,21941118.0,,,sina:512880,,
2016-12-02,512880,,1.141,1.143,1.116,1.119,23881300.0,26873102.0,,,sina:512880,,
2016-12-05,512880,,1.109,1.113,1.08,1.083,25532119.0,27850884.0,,,sina:512880,,
2016-12-06,512880,,1.082,1.089,1.079,1.082,16021020.0,17370985.0,,,sina:512880,,
2016-12-07,512880,,1.082,1.089,1.079,1.089,14914986.0,16179957.0,,,sina:512880,,
2016-12-08,512880,,1.091,1.091,1.077,1.078,14402600.0,15580062.0,,,sina:512880,,
2016-12-09,512880,,1.077,1.09,1.075,1.082,16332400.0,17689360.0,,,sina:512880,,
2016-12-12,512880,,1.079,1.083,1.045,1.051,24173185.0,25573401.0,,,sina:512880,,
2016-12-13,512880,,1.048,1.058,1.044,1.053,14025400.0,14765215.0,,,sina:512880,,
2016-12-14,512880,,1.055,1.055,1.04,1.041,11775200.0,12330893.0,,,sina:512880,,
2016-12-15,512880,,1.042,1.047,1.032,1.037,15161100.0,15742687.0,,,sina:512880,,
2016-12-16,512880,,1.038,1.043,1.034,1.037,11995500.0,12437164.0,,,sina:512880,,
2016-12-19,512880,,1.037,1.037,1.027,1.028,10260400.0,10561413.0,,,sina:512880,,
2016-12-20,512880,,1.028,1.033,1.023,1.03,12057500.0,12389437.0,,,sina:512880,,
2016-12-21,512880,,1.034,1.044,1.033,1.037,11384000.0,11829613.0,,,sina:512880,,
2016-12-22,512880,,1.038,1.038,1.029,1.032,10257300.0,10590625.0,,,sina:512880,,
2016-12-23,512880,,1.032,1.032,1.02,1.022,11811681.0,12084871.0,,,sina:512880,,
2016-12-26,512880,,1.021,1.035,1.011,1.033,12561297.0,12875513.0,,,sina:512880,,
2016-12-27,512880,,1.03,1.035,1.025,1.027,4960600.0,5111259.0,,,sina:512880,,
2016-12-28,512880,,1.027,1.031,1.022,1.025,8782913.0,9011484.0,,,sina:512880,,
2016-12-29,512880,,1.025,1.03,1.022,1.024,11453940.0,11747963.0,,,sina:512880,,
2016-12-30,512880,,1.027,1.03,1.02,1.027,11112232.0,11383583.0,,,sina:512880,,
2017-01-03,512880,,1.028,1.043,1.028,1.04,8804000.0,9135084.0,,,sina:512880,,
2017-01-04,512880,,1.038,1.045,1.036,1.044,9018400.0,9398174.0,,,sina:512880,,
2017-01-05,512880,,1.045,1.045,1.039,1.04,9841373.0,10244076.0,,,sina:512880,,
2017-01-06,512880,,1.042,1.042,1.028,1.03,9537600.0,9855754.0,,,sina:512880,,
2017-01-09,512880,,1.028,1.035,1.027,1.031,9804900.0,10113932.0,,,sina:512880,,
2017-01-10,512880,,1.032,1.039,1.03,1.033,9092680.0,9419041.0,,,sina:512880,,
2017-01-11,512880,,1.033,1.04,1.03,1.031,9132800.0,9442238.0,,,sina:512880,,
2017-01-12,512880,,1.028,1.039,1.027,1.032,10407500.0,10769423.0,,,sina:512880,,
2017-01-13,512880,,1.031,1.04,1.024,1.035,9514300.0,9827620.0,,,sina:512880,,
2017-01-16,512880,,1.03,1.037,1.011,1.031,17377100.0,17837389.0,,,sina:512880,,
2017-01-17,512880,,1.027,1.029,1.016,1.027,7869400.0,8052109.0,,,sina:512880,,
2017-01-18,512880,,1.026,1.033,1.023,1.026,13201700.0,13575457.0,,,sina:512880,,
2017-01-19,512880,,1.026,1.036,1.023,1.03,8986900.0,9247765.0,,,sina:512880,,
2017-01-20,512880,,1.03,1.04,1.028,1.039,12042800.0,12477033.0,,,sina:512880,,
2017-01-23,512880,,1.037,1.047,1.035,1.038,6428000.0,6681525.0,,,sina:512880,,
2017-01-24,512880,,1.04,1.04,1.033,1.033,5293600.0,5476622.0,,,sina:512880,,
2017-01-25,512880,,1.033,1.036,1.03,1.035,3500400.0,3617663.0,,,sina:512880,,
2017-01-26,512880,,1.037,1.042,1.036,1.041,3897400.0,4051308.0,,,sina:512880,,
2017-02-03,512880,,1.041,1.042,1.03,1.031,3059300.0,3165761.0,,,sina:512880,,
2017-02-06,512880,,1.032,1.035,1.029,1.031,8289300.0,8547266.0,,,sina:512880,,
2017-02-07,512880,,1.031,1.032,1.023,1.026,8296200.0,8512144.0,,,sina:512880,,
2017-02-08,512880,,1.027,1.048,1.02,1.045,22290600.0,23106952.0,,,sina:512880,,
2017-02-09,512880,,1.042,1.052,1.041,1.044,10142300.0,10612651.0,,,sina:512880,,
2017-02-10,512880,,1.046,1.057,1.042,1.05,9811700.0,10308158.0,,,sina:512880,,
2017-02-13,512880,,1.05,1.063,1.05,1.058,23711564.0,25090447.0,,,sina:512880,,
2017-02-14,512880,,1.058,1.061,1.052,1.056,17332664.0,18350492.0,,,sina:512880,,
2017-02-15,512880,,1.055,1.062,1.048,1.049,14346147.0,15135066.0,,,sina:512880,,
2017-02-16,512880,,1.048,1.062,1.045,1.059,9026047.0,9504261.0,,,sina:512880,,
2017-02-17,512880,,1.062,1.088,1.058,1.059,51725900.0,55679260.0,,,sina:512880,,
2017-02-20,512880,,1.054,1.068,1.052,1.067,12395578.0,13164538.0,,,sina:512880,,
2017-02-21,512880,,1.068,1.085,1.066,1.072,16322800.0,17579630.0,,,sina:512880,,
2017-02-22,512880,,1.074,1.074,0.965,1.069,10955400.0,11590887.0,,,sina:512880,,
2017-02-23,512880,,1.069,1.07,1.054,1.059,8705060.0,9244596.0,,,sina:512880,,
2017-02-24,512880,,1.058,1.065,1.056,1.063,6457160.0,6849026.0,,,sina:512880,,
2017-02-27,512880,,1.062,1.062,1.05,1.052,8196360.0,8657032.0,,,sina:512880,,
2017-02-28,512880,,1.051,1.057,1.05,1.052,6129500.0,6450677.0,,,sina:512880,,
2017-03-01,512880,,1.052,1.06,1.051,1.052,4019700.0,4239700.0,,,sina:512880,,
2017-03-02,512880,,1.055,1.067,1.05,1.051,6889600.0,7296201.0,,,sina:512880,,
2017-03-03,512880,,1.048,1.049,1.04,1.042,12093800.0,12615619.0,,,sina:512880,,
2017-03-06,512880,,1.042,1.051,1.04,1.051,8405000.0,8797222.0,,,sina:512880,,
2017-03-07,512880,,1.051,1.052,1.046,1.05,3600054.0,3777296.0,,,sina:512880,,
2017-03-08,512880,,1.051,1.054,1.045,1.047,5804500.0,6078445.0,,,sina:512880,,
2017-03-09,512880,,1.045,1.046,1.037,1.043,15424900.0,16053850.0,,,sina:512880,,
2017-03-10,512880,,1.042,1.045,1.038,1.039,2360900.0,2458331.0,,,sina:512880,,
2017-03-13,512880,,1.036,1.043,1.031,1.042,10424738.0,10827454.0,,,sina:512880,,
2017-03-14,512880,,1.042,1.047,1.039,1.041,11506938.0,11995641.0,,,sina:512880,,
2017-03-15,512880,,1.042,1.045,1.039,1.042,9002510.0,9370233.0,,,sina:512880,,
2017-03-16,512880,,1.044,1.063,1.041,1.063,18541410.0,19623987.0,,,sina:512880,,
2017-03-17,512880,,1.062,1.066,1.043,1.044,11651400.0,12278291.0,,,sina:512880,,
2017-03-20,512880,,1.043,1.047,1.033,1.037,9796791.0,10167434.0,,,sina:512880,,
2017-03-21,512880,,1.039,1.039,1.03,1.032,8294638.0,8570297.0,,,sina:512880,,
2017-03-22,512880,,1.029,1.03,1.016,1.017,18928900.0,19313515.0,,,sina:512880,,
2017-03-23,512880,,1.017,1.027,1.017,1.02,21894760.0,22397541.0,,,sina:512880,,
2017-03-24,512880,,1.02,1.04,1.018,1.035,16267324.0,16676584.0,,,sina:512880,,
2017-03-27,512880,,1.032,1.041,1.03,1.033,11976700.0,12400591.0,,,sina:512880,,
2017-03-28,512880,,1.032,1.033,1.026,1.028,7256491.0,7471974.0,,,sina:512880,,
2017-03-29,512880,,1.029,1.029,1.017,1.019,10208300.0,10437942.0,,,sina:512880,,
2017-03-30,512880,,1.02,1.023,1.013,1.016,11714773.0,11924330.0,,,sina:512880,,
2017-03-31,512880,,1.015,1.018,1.012,1.016,5899400.0,5985970.0,,,sina:512880,,
2017-04-05,512880,,1.018,1.032,1.016,1.031,11348100.0,11656842.0,,,sina:512880,,
2017-04-06,512880,,1.031,1.033,1.027,1.03,7028100.0,7238814.0,,,sina:512880,,
2017-04-07,512880,,1.03,1.035,1.027,1.033,6645090.0,6857884.0,,,sina:512880,,
2017-04-10,512880,,1.029,1.033,1.023,1.024,7547600.0,7745317.0,,,sina:512880,,
2017-04-11,512880,,1.022,1.027,1.011,1.024,14611400.0,14875799.0,,,sina:512880,,
2017-04-12,512880,,1.025,1.043,1.025,1.031,32807032.0,33978317.0,,,sina:512880,,
2017-04-13,512880,,1.03,1.032,1.026,1.028,9225732.0,9489483.0,,,sina:512880,,
2017-04-14,512880,,1.028,1.028,1.014,1.019,16165000.0,16490975.0,,,sina:512880,,
2017-04-17,512880,,1.017,1.021,1.007,1.018,14100400.0,14294432.0,,,sina:512880,,
2017-04-18,512880,,1.016,1.016,1.006,1.007,12639500.0,12771798.0,,,sina:512880,,
2017-04-19,512880,,1.007,1.007,0.993,0.999,19424700.0,19381273.0,,,sina:512880,,
2017-04-20,512880,,0.999,1.002,0.988,0.998,9581500.0,9524616.0,,,sina:512880,,
2017-04-21,512880,,0.998,1.007,0.994,1.005,12394700.0,12391747.0,,,sina:512880,,
2017-04-24,512880,,1.001,1.005,0.991,1.003,17047800.0,16985740.0,,,sina:512880,,
2017-04-25,512880,,1.001,1.004,0.997,0.997,7464500.0,7459126.0,,,sina:512880,,
2017-04-26,512880,,0.998,1.009,0.995,1.001,9018100.0,9039996.0,,,sina:512880,,
2017-04-27,512880,,0.998,1.001,0.99,0.998,7154500.0,7113297.0,,,sina:512880,,
2017-04-28,512880,,0.997,1.0,0.993,0.999,10986700.0,10950408.0,,,sina:512880,,
2017-05-02,512880,,1.0,1.0,0.991,0.992,5633500.0,5594779.0,,,sina:512880,,
2017-05-03,512880,,0.992,0.994,0.981,0.985,10591700.0,10457641.0,,,sina:512880,,
2017-05-04,512880,,0.983,0.983,0.975,0.977,11202534.0,10963374.0,,,sina:512880,,
2017-05-05,512880,,0.974,0.974,0.951,0.96,27122200.0,25990724.0,,,sina:512880,,
2017-05-08,512880,,0.955,0.962,0.944,0.958,29703134.0,28241892.0,,,sina:512880,,
2017-05-09,512880,,0.955,0.96,0.953,0.956,5937200.0,5679977.0,,,sina:512880,,
2017-05-10,512880,,0.956,0.958,0.946,0.949,12044200.0,11469358.0,,,sina:512880,,
2017-05-11,512880,,0.94,0.953,0.94,0.95,10704500.0,10095125.0,,,sina:512880,,
2017-05-12,512880,,0.949,0.968,0.947,0.96,11711100.0,11254302.0,,,sina:512880,,
2017-05-15,512880,,0.961,0.969,0.959,0.965,10736100.0,10359187.0,,,sina:512880,,
2017-05-16,512880,,0.964,0.97,0.957,0.97,9032900.0,8709682.0,,,sina:512880,,
2017-05-17,512880,,0.969,0.981,0.967,0.968,10691600.0,10400170.0,,,sina:512880,,
2017-05-18,512880,,0.964,0.966,0.956,0.96,10634000.0,10216207.0,,,sina:512880,,
2017-05-19,512880,,0.957,0.96,0.953,0.956,10748875.0,10277779.0,,,sina:512880,,
2017-05-22,512880,,0.955,0.955,0.937,0.942,20705400.0,19561588.0,,,sina:512880,,
2017-05-23,512880,,0.941,0.947,0.936,0.945,19316300.0,18189375.0,,,sina:512880,,
2017-05-24,512880,,0.944,0.95,0.938,0.949,9816200.0,9281786.0,,,sina:512880,,
2017-05-25,512880,,0.944,0.99,0.944,0.987,28820200.0,28030054.0,,,sina:512880,,
2017-05-26,512880,,0.983,0.994,0.98,0.984,12475400.0,12323892.0,,,sina:512880,,
2017-05-31,512880,,0.992,1.002,0.984,0.99,14981900.0,14868608.0,,,sina:512880,,
2017-06-01,512880,,0.99,0.995,0.981,0.985,12728200.0,12592865.0,,,sina:512880,,
2017-06-02,512880,,0.985,0.99,0.979,0.987,9047400.0,8904662.0,,,sina:512880,,
2017-06-05,512880,,0.989,0.989,0.979,0.982,9509700.0,9344247.0,,,sina:512880,,
2017-06-06,512880,,0.983,0.988,0.981,0.986,11108102.0,10921830.0,,,sina:512880,,
2017-06-07,512880,,0.986,0.997,0.984,0.995,25625502.0,25463468.0,,,sina:512880,,
2017-06-08,512880,,0.995,0.996,0.99,0.994,8283400.0,8225280.0,,,sina:512880,,
2017-06-09,512880,,0.993,1.002,0.987,0.99,13039835.0,12943881.0,,,sina:512880,,
2017-06-12,512880,,0.988,0.99,0.975,0.977,13048635.0,12824512.0,,,sina:512880,,
2017-06-13,512880,,0.976,0.987,0.973,0.982,8250800.0,8088390.0,,,sina:512880,,
2017-06-14,512880,,0.982,0.986,0.978,0.983,10739900.0,10560338.0,,,sina:512880,,
2017-06-15,512880,,0.982,0.997,0.981,0.993,19534800.0,19380325.0,,,sina:512880,,
2017-06-16,512880,,0.994,0.998,0.989,0.99,13469800.0,13391414.0,,,sina:512880,,
2017-06-19,512880,,0.99,1.012,0.988,1.008,26941300.0,27115548.0,,,sina:512880,,
2017-06-20,512880,,1.012,1.015,1.003,1.007,15660700.0,15815522.0,,,sina:512880,,
2017-06-21,512880,,1.019,1.025,1.003,1.008,14550600.0,14709483.0,,,sina:512880,,
2017-06-22,512880,,1.005,1.025,1.003,1.009,27716900.0,28177146.0,,,sina:512880,,
2017-06-23,512880,,1.008,1.008,0.995,1.007,13877600.0,13899047.0,,,sina:512880,,
2017-06-26,512880,,1.007,1.022,1.006,1.02,21751100.0,22111982.0,,,sina:512880,,
2017-06-27,512880,,1.019,1.021,1.015,1.018,12004200.0,12219621.0,,,sina:512880,,
2017-06-28,512880,,1.015,1.019,1.011,1.014,7183500.0,7287571.0,,,sina:512880,,
2017-06-29,512880,,1.015,1.018,1.01,1.012,7827400.0,7925873.0,,,sina:512880,,
2017-06-30,512880,,1.012,1.013,1.005,1.011,9423585.0,9521982.0,,,sina:512880,,
2017-07-03,512880,,1.011,1.013,1.003,1.007,9655800.0,9720894.0,,,sina:512880,,
2017-07-04,512880,,1.007,1.007,0.998,0.998,11147700.0,11167110.0,,,sina:512880,,
2017-07-05,512880,,0.999,1.007,0.998,1.006,11676000.0,11685643.0,,,sina:512880,,
2017-07-06,512880,,1.006,1.007,0.997,1.004,7588192.0,7599785.0,,,sina:512880,,
2017-07-07,512880,,1.004,1.02,0.995,1.017,24333600.0,24528260.0,,,sina:512880,,
2017-07-10,512880,,1.012,1.036,1.01,1.024,29924500.0,30725330.0,,,sina:512880,,
2017-07-11,512880,,1.025,1.041,1.023,1.028,31392092.0,32470436.0,,,sina:512880,,
2017-07-12,512880,,1.027,1.035,1.017,1.022,15485800.0,15900721.0,,,sina:512880,,
2017-07-13,512880,,1.025,1.043,1.022,1.041,25957400.0,26844635.0,,,sina:512880,,
2017-07-14,512880,,1.042,1.048,1.036,1.041,15187600.0,15822020.0,,,sina:512880,,
2017-07-17,512880,,1.04,1.045,1.011,1.011,32292300.0,33150057.0,,,sina:512880,,
2017-07-18,512880,,1.012,1.014,0.993,1.002,22143700.0,22222434.0,,,sina:512880,,
2017-07-19,512880,,1.004,1.068,0.999,1.065,52039556.0,53982755.0,,,sina:512880,,
2017-07-20,512880,,1.067,1.072,1.056,1.061,37384531.0,39754464.0,,,sina:512880,,
2017-07-21,512880,,1.055,1.067,1.048,1.054,17616400.0,18639967.0,,,sina:512880,,
2017-07-24,512880,,1.053,1.064,1.05,1.055,21291300.0,22507051.0,,,sina:512880,,
2017-07-25,512880,,1.056,1.064,1.042,1.044,11489000.0,12044632.0,,,sina:512880,,
2017-07-26,512880,,1.048,1.053,1.038,1.048,24356800.0,25410690.0,,,sina:512880,,
2017-07-27,512880,,1.049,1.062,1.034,1.056,28539000.0,29997343.0,,,sina:512880,,
2017-07-28,512880,,1.053,1.055,1.047,1.049,12214200.0,12822484.0,,,sina:512880,,
2017-07-31,512880,,1.049,1.062,1.041,1.055,26306100.0,27650211.0,,,sina:512880,,
2017-08-01,512880,,1.055,1.078,1.052,1.068,37215441.0,39781412.0,,,sina:512880,,
2017-08-02,512880,,1.069,1.09,1.065,1.075,41099332.0,44303489.0,,,sina:512880,,
2017-08-03,512880,,1.076,1.082,1.065,1.071,14635098.0,15729126.0,,,sina:512880,,
2017-08-04,512880,,1.068,1.092,1.064,1.074,25849730.0,27938588.0,,,sina:512880,,
2017-08-07,512880,,1.072,1.072,1.056,1.06,23196200.0,24664669.0,,,sina:512880,,
2017-08-08,512880,,1.06,1.072,1.051,1.064,35754100.0,37919666.0,,,sina:512880,,
2017-08-09,512880,,1.062,1.062,1.049,1.052,24312800.0,25603934.0,,,sina:512880,,
2017-08-10,512880,,1.051,1.063,1.042,1.054,32058600.0,33768657.0,,,sina:512880,,
2017-08-11,512880,,1.044,1.046,1.021,1.025,37630800.0,38962740.0,,,sina:512880,,
2017-08-14,512880,,1.024,1.044,1.023,1.042,22654900.0,23417537.0,,,sina:512880,,
2017-08-15,512880,,1.039,1.046,1.034,1.038,12165400.0,12648445.0,,,sina:512880,,
2017-08-16,512880,,1.036,1.044,1.032,1.039,10812500.0,11230440.0,,,sina:512880,,
2017-08-17,512880,,1.039,1.048,1.036,1.048,24834300.0,25888629.0,,,sina:512880,,
2017-08-18,512880,,1.042,1.046,1.036,1.039,21645900.0,22525822.0,,,sina:512880,,
2017-08-21,512880,,1.037,1.044,1.037,1.042,12570641.0,13079805.0,,,sina:512880,,
2017-08-22,512880,,1.044,1.05,1.037,1.042,21469400.0,22431529.0,,,sina:512880,,
2017-08-23,512880,,1.043,1.062,1.04,1.05,45769900.0,48212126.0,,,sina:512880,,
2017-08-24,512880,,1.05,1.052,1.035,1.036,24539541.0,25616653.0,,,sina:512880,,
2017-08-25,512880,,1.034,1.067,1.034,1.065,65606500.0,69288628.0,,,sina:512880,,
2017-08-28,512880,,1.068,1.137,1.068,1.127,94596620.0,105073436.0,,,sina:512880,,
2017-08-29,512880,,1.123,1.13,1.113,1.115,41914400.0,46929050.0,,,sina:512880,,
2017-08-30,512880,,1.115,1.144,1.113,1.116,70855700.0,80252131.0,,,sina:512880,,
2017-08-31,512880,,1.12,1.133,1.117,1.129,58484300.0,65862898.0,,,sina:512880,,
2017-09-01,512880,,1.13,1.142,1.128,1.136,32780500.0,37172835.0,,,sina:512880,,
2017-09-04,512880,,1.136,1.141,1.126,1.133,29251000.0,33114162.0,,,sina:512880,,
2017-09-05,512880,,1.132,1.141,1.128,1.131,23571500.0,26771713.0,,,sina:512880,,
2017-09-06,512880,,1.127,1.131,1.112,1.125,35737600.0,40035710.0,,,sina:512880,,
2017-09-07,512880,,1.124,1.135,1.111,1.114,32762700.0,36837948.0,,,sina:512880,,
2017-09-08,512880,,1.114,1.117,1.103,1.107,35473220.0,39348874.0,,,sina:512880,,
2017-09-11,512880,,1.103,1.117,1.102,1.11,28712720.0,31887478.0,,,sina:512880,,
2017-09-12,512880,,1.113,1.136,1.112,1.12,66110120.0,74415041.0,,,sina:512880,,
2017-09-13,512880,,1.119,1.124,1.112,1.117,17331132.0,19361055.0,,,sina:512880,,
2017-09-14,512880,,1.118,1.13,1.112,1.115,27703000.0,31048820.0,,,sina:512880,,
2017-09-15,512880,,1.113,1.124,1.106,1.118,46920000.0,52421809.0,,,sina:512880,,
2017-09-18,512880,,1.116,1.138,1.116,1.131,47041800.0,53182002.0,,,sina:512880,,
2017-09-19,512880,,1.134,1.134,1.109,1.114,28338000.0,31724439.0,,,sina:512880,,
2017-09-20,512880,,1.114,1.118,1.109,1.116,16164300.0,18009132.0,,,sina:512880,,
2017-09-21,512880,,1.116,1.129,1.113,1.114,25216700.0,28337783.0,,,sina:512880,,
2017-09-22,512880,,1.11,1.114,1.098,1.11,31412215.0,34730239.0,,,sina:512880,,
2017-09-25,512880,,1.108,1.108,1.098,1.102,19167620.0,21142061.0,,,sina:512880,,
2017-09-26,512880,,1.101,1.105,1.1,1.103,13508895.0,14904003.0,,,sina:512880,,
2017-09-27,512880,,1.103,1.106,1.101,1.101,13818600.0,15244418.0,,,sina:512880,,
2017-09-28,512880,,1.103,1.104,1.098,1.1,11665000.0,12837191.0,,,sina:512880,,
2017-09-29,512880,,1.102,1.119,1.101,1.112,21782400.0,24223417.0,,,sina:512880,,
2017-10-09,512880,,1.138,1.14,1.111,1.112,19500900.0,21861125.0,,,sina:512880,,
2017-10-10,512880,,1.113,1.115,1.1,1.111,21463800.0,23781525.0,,,sina:512880,,
2017-10-11,512880,,1.11,1.112,1.104,1.104,9837500.0,10897070.0,,,sina:512880,,
2017-10-12,512880,,1.104,1.109,1.098,1.1,15265100.0,16815064.0,,,sina:512880,,
2017-10-13,512880,,1.102,1.105,1.099,1.104,17156181.0,18911227.0,,,sina:512880,,
2017-10-16,512880,,1.104,1.111,1.095,1.096,25687800.0,28385944.0,,,sina:512880,,
2017-10-17,512880,,1.095,1.096,1.084,1.086,21640100.0,23548911.0,,,sina:512880,,
2017-10-18,512880,,1.088,1.092,1.083,1.085,18867500.0,20529087.0,,,sina:512880,,
2017-10-19,512880,,1.085,1.086,1.059,1.065,44880748.0,47953469.0,,,sina:512880,,
2017-10-20,512880,,1.063,1.068,1.061,1.067,12872748.0,13712054.0,,,sina:512880,,
2017-10-23,512880,,1.066,1.068,1.059,1.062,16734600.0,17767080.0,,,sina:512880,,
2017-10-24,512880,,1.061,1.074,1.06,1.071,35243200.0,37693445.0,,,sina:512880,,
2017-10-25,512880,,1.071,1.076,1.067,1.072,12098400.0,12967082.0,,,sina:512880,,
2017-10-26,512880,,1.07,1.087,1.068,1.076,29030100.0,31336681.0,,,sina:512880,,
2017-10-27,512880,,1.076,1.079,1.064,1.066,23121300.0,24774024.0,,,sina:512880,,
2017-10-30,512880,,1.065,1.065,1.027,1.041,66748553.0,69332441.0,,,sina:512880,,
2017-10-31,512880,,1.039,1.04,1.03,1.035,15782253.0,16330168.0,,,sina:512880,,
2017-11-01,512880,,1.034,1.043,1.028,1.029,35132300.0,36397802.0,,,sina:512880,,
2017-11-02,512880,,1.03,1.042,1.021,1.033,54762960.0,56492314.0,,,sina:512880,,
2017-11-03,512880,,1.03,1.032,1.021,1.031,41213119.0,42300950.0,,,sina:512880,,
2017-11-06,512880,,1.028,1.031,1.022,1.03,17005684.0,17454375.0,,,sina:512880,,
2017-11-07,512880,,1.03,1.048,1.029,1.044,45666500.0,47462749.0,,,sina:512880,,
2017-11-08,512880,,1.044,1.084,1.04,1.062,73245395.0,77999581.0,,,sina:512880,,
2017-11-09,512880,,1.061,1.068,1.057,1.064,12221100.0,12981523.0,,,sina:512880,,
2017-11-10,512880,,1.065,1.072,1.056,1.066,34336700.0,36525368.0,,,sina:512880,,
2017-11-13,512880,,1.065,1.077,1.059,1.06,25427884.0,27165542.0,,,sina:512880,,
2017-11-14,512880,,1.058,1.061,1.047,1.05,39358600.0,41456690.0,,,sina:512880,,
2017-11-15,512880,,1.05,1.055,1.043,1.046,24286500.0,25492486.0,,,sina:512880,,
2017-11-16,512880,,1.045,1.045,1.027,1.028,50715600.0,52536781.0,,,sina:512880,,
2017-11-17,512880,,1.029,1.039,1.02,1.036,71494900.0,73683104.0,,,sina:512880,,
2017-11-20,512880,,1.031,1.031,1.012,1.021,69834600.0,71240475.0,,,sina:512880,,
2017-11-21,512880,,1.024,1.076,1.022,1.062,206241300.0,218756936.0,,,sina:512880,,
2017-11-22,512880,,1.06,1.078,1.058,1.065,82609884.0,88203840.0,,,sina:512880,,
2017-11-23,512880,,1.065,1.079,1.036,1.04,44462100.0,47117083.0,,,sina:512880,,
2017-11-24,512880,,1.036,1.043,1.03,1.042,41044110.0,42468400.0,,,sina:512880,,
2017-11-27,512880,,1.039,1.05,1.031,1.04,83299247.0,86682714.0,,,sina:512880,,
2017-11-28,512880,,1.04,1.044,1.032,1.043,30952000.0,32096187.0,,,sina:512880,,
2017-11-29,512880,,1.043,1.044,1.027,1.041,43494500.0,45013374.0,,,sina:512880,,
2017-11-30,512880,,1.039,1.059,1.034,1.039,51115562.0,53576443.0,,,sina:512880,,
2017-12-01,512880,,1.038,1.045,1.034,1.036,43480400.0,45170115.0,,,sina:512880,,
2017-12-04,512880,,1.035,1.036,1.022,1.026,42418900.0,43580841.0,,,sina:512880,,
2017-12-05,512880,,1.024,1.041,1.024,1.036,70374200.0,72764943.0,,,sina:512880,,
2017-12-06,512880,,1.035,1.037,1.024,1.037,19759600.0,20343173.0,,,sina:512880,,
2017-12-07,512880,,1.034,1.036,1.021,1.022,36800200.0,37771957.0,,,sina:512880,,
2017-12-08,512880,,1.023,1.027,1.019,1.021,28824400.0,29463648.0,,,sina:512880,,
2017-12-11,512880,,1.021,1.025,1.017,1.023,45169500.0,46078723.0,,,sina:512880,,
2017-12-12,512880,,1.022,1.023,1.004,1.004,58915800.0,59656952.0,,,sina:512880,,
2017-12-13,512880,,1.004,1.01,0.999,1.006,33476700.0,33618204.0,,,sina:512880,,
2017-12-14,512880,,1.006,1.008,0.988,0.991,72698000.0,72266443.0,,,sina:512880,,
2017-12-15,512880,,0.99,0.991,0.979,0.982,59294600.0,58380668.0,,,sina:512880,,
2017-12-18,512880,,0.982,0.988,0.975,0.977,32302800.0,31645416.0,,,sina:512880,,
2017-12-19,512880,,0.981,0.984,0.978,0.98,40929000.0,40173763.0,,,sina:512880,,
2017-12-20,512880,,0.982,0.982,0.962,0.967,87133600.0,84518238.0,,,sina:512880,,
2017-12-21,512880,,0.967,0.98,0.96,0.973,71668900.0,69501215.0,,,sina:512880,,
2017-12-22,512880,,0.973,0.974,0.963,0.964,25082400.0,24307538.0,,,sina:512880,,
2017-12-25,512880,,0.964,0.966,0.95,0.951,42163600.0,40305051.0,,,sina:512880,,
2017-12-26,512880,,0.951,0.96,0.95,0.957,40472143.0,38641356.0,,,sina:512880,,
2017-12-27,512880,,0.958,0.958,0.944,0.947,31936610.0,30347131.0,,,sina:512880,,
2017-12-28,512880,,0.946,0.965,0.942,0.953,39446900.0,37673605.0,,,sina:512880,,
2017-12-29,512880,,0.954,0.958,0.95,0.953,32832500.0,31284758.0,,,sina:512880,,
2018-01-02,512880,,0.956,0.969,0.953,0.966,45872410.0,44187261.0,,,sina:512880,,
2018-01-03,512880,,0.967,0.986,0.965,0.981,59023210.0,57747307.0,,,sina:512880,,
2018-01-04,512880,,0.981,0.983,0.974,0.98,29521600.0,28876567.0,,,sina:512880,,
2018-01-05,512880,,0.978,0.99,0.975,0.983,43998310.0,43338652.0,,,sina:512880,,
2018-01-08,512880,,0.983,1.017,0.981,1.004,85643620.0,85728216.0,,,sina:512880,,
2018-01-09,512880,,1.003,1.009,0.993,0.996,37270810.0,37199837.0,,,sina:512880,,
2018-01-10,512880,,0.997,1.005,0.985,0.993,64368100.0,63942216.0,,,sina:512880,,
2018-01-11,512880,,0.991,0.992,0.983,0.989,40617200.0,40085901.0,,,sina:512880,,
2018-01-12,512880,,0.989,0.998,0.985,0.986,41740400.0,41351387.0,,,sina:512880,,
2018-01-15,512880,,0.987,0.988,0.969,0.97,66571700.0,65049917.0,,,sina:512880,,
2018-01-16,512880,,0.969,0.995,0.967,0.991,54058930.0,52818225.0,,,sina:512880,,
2018-01-17,512880,,0.998,1.052,0.997,1.027,200679124.0,206142702.0,,,sina:512880,,
2018-01-18,512880,,1.028,1.043,1.022,1.033,52498230.0,54323781.0,,,sina:512880,,
2018-01-19,512880,,1.03,1.077,1.03,1.061,93975800.0,99029698.0,,,sina:512880,,
2018-01-22,512880,,1.056,1.066,1.045,1.057,59195900.0,62362148.0,,,sina:512880,,
2018-01-23,512880,,1.062,1.072,1.051,1.061,78280900.0,83040588.0,,,sina:512880,,
2018-01-24,512880,,1.067,1.104,1.054,1.099,159088857.0,172401148.0,,,sina:512880,,
2018-01-25,512880,,1.091,1.095,1.076,1.077,75227872.0,81813415.0,,,sina:512880,,
2018-01-26,512880,,1.076,1.09,1.075,1.078,73054500.0,79121412.0,,,sina:512880,,
2018-01-29,512880,,1.081,1.087,1.057,1.06,69837192.0,74996995.0,,,sina:512880,,
2018-01-30,512880,,1.061,1.066,1.044,1.046,49340400.0,52031235.0,,,sina:512880,,
2018-01-31,512880,,1.043,1.044,1.015,1.023,93257000.0,96194590.0,,,sina:512880,,
2018-02-01,512880,,1.025,1.031,1.0,1.013,77087100.0,78460234.0,,,sina:512880,,
2018-02-02,512880,,1.01,1.013,0.991,1.01,67617400.0,67790479.0,,,sina:512880,,
2018-02-05,512880,,0.994,1.02,0.991,1.014,55918900.0,56078445.0,,,sina:512880,,
2018-02-06,512880,,0.997,1.003,0.965,0.967,83623400.0,82714452.0,,,sina:512880,,
2018-02-07,512880,,0.984,0.99,0.954,0.956,90347188.0,87690823.0,,,sina:512880,,
2018-02-08,512880,,0.954,0.963,0.945,0.951,79462098.0,75741289.0,,,sina:512880,,
2018-02-09,512880,,0.931,0.935,0.868,0.881,143747800.0,129233837.0,,,sina:512880,,
2018-02-12,512880,,0.886,0.89,0.876,0.877,80250000.0,70805937.0,,,sina:512880,,
2018-02-13,512880,,0.886,0.903,0.885,0.887,84063252.0,75040588.0,,,sina:512880,,
2018-02-14,512880,,0.888,0.889,0.878,0.885,48295100.0,42670112.0,,,sina:512880,,
2018-02-22,512880,,0.895,0.901,0.889,0.893,60213900.0,53894134.0,,,sina:512880,,
2018-02-23,512880,,0.894,0.907,0.892,0.9,72330800.0,65122111.0,,,sina:512880,,
2018-02-26,512880,,0.906,0.929,0.897,0.921,88619200.0,81022106.0,,,sina:512880,,
2018-02-27,512880,,0.923,0.924,0.908,0.913,49713600.0,45438150.0,,,sina:512880,,
2018-02-28,512880,,0.902,0.919,0.894,0.906,115726800.0,105046962.0,,,sina:512880,,
2018-03-01,512880,,0.9,0.911,0.897,0.909,57826900.0,52437453.0,,,sina:512880,,
2018-03-02,512880,,0.902,0.91,0.899,0.9,58065400.0,52509484.0,,,sina:512880,,
2018-03-05,512880,,0.9,0.906,0.897,0.9,40693076.0,36664866.0,,,sina:512880,,
2018-03-06,512880,,0.906,0.923,0.902,0.918,113391476.0,103614116.0,,,sina:512880,,
2018-03-07,512880,,0.918,0.923,0.907,0.908,63234233.0,57902289.0,,,sina:512880,,
2018-03-08,512880,,0.91,0.915,0.907,0.911,33382900.0,30390870.0,,,sina:512880,,
2018-03-09,512880,,0.913,0.93,0.911,0.926,106561176.0,98075721.0,,,sina:512880,,
2018-03-12,512880,,0.934,0.947,0.929,0.941,94092600.0,88230691.0,,,sina:512880,,
2018-03-13,512880,,0.94,0.94,0.924,0.925,57717300.0,53766455.0,,,sina:512880,,
2018-03-14,512880,,0.92,0.929,0.917,0.918,48084200.0,44354488.0,,,sina:512880,,
2018-03-15,512880,,0.917,0.92,0.91,0.915,71174400.0,65061100.0,,,sina:512880,,
2018-03-16,512880,,0.915,0.921,0.904,0.904,72365100.0,66119075.0,,,sina:512880,,
2018-03-19,512880,,0.906,0.912,0.899,0.905,48696400.0,44101830.0,,,sina:512880,,
2018-03-20,512880,,0.898,0.908,0.896,0.904,56883900.0,51233291.0,,,sina:512880,,
2018-03-21,512880,,0.906,0.928,0.905,0.908,127467400.0,117024858.0,,,sina:512880,,
2018-03-22,512880,,0.908,0.92,0.904,0.906,75155500.0,68568216.0,,,sina:512880,,
2018-03-23,512880,,0.88,0.886,0.843,0.856,153828700.0,133674312.0,,,sina:512880,,
2018-03-26,512880,,0.849,0.864,0.841,0.863,67737100.0,57730372.0,,,sina:512880,,
2018-03-27,512880,,0.872,0.879,0.868,0.875,64661300.0,56505789.0,,,sina:512880,,
2018-03-28,512880,,0.866,0.877,0.86,0.864,46203575.0,40161572.0,,,sina:512880,,
2018-03-29,512880,,0.87,0.887,0.865,0.885,71116400.0,62633436.0,,,sina:512880,,
2018-03-30,512880,,0.889,0.893,0.884,0.889,49982300.0,44401823.0,,,sina:512880,,
2018-04-02,512880,,0.893,0.916,0.889,0.9,96656999.0,87406107.0,,,sina:512880,,
2018-04-03,512880,,0.89,0.908,0.886,0.9,86287499.0,77415173.0,,,sina:512880,,
2018-04-04,512880,,0.902,0.911,0.891,0.891,67458399.0,60843814.0,,,sina:512880,,
2018-04-09,512880,,0.889,0.899,0.885,0.896,62757799.0,56047668.0,,,sina:512880,,
2018-04-10,512880,,0.899,0.915,0.896,0.912,97425900.0,88297643.0,,,sina:512880,,
2018-04-11,512880,,0.911,0.915,0.905,0.905,65994000.0,60007649.0,,,sina:512880,,
2018-04-12,512880,,0.906,0.914,0.897,0.899,72344000.0,65559375.0,,,sina:512880,,
2018-04-13,512880,,0.904,0.908,0.89,0.89,52561000.0,47155264.0,,,sina:512880,,
2018-04-16,512880,,0.885,0.89,0.869,0.87,79520800.0,69892358.0,,,sina:512880,,
2018-04-17,512880,,0.871,0.888,0.87,0.871,106751200.0,93804996.0,,,sina:512880,,
2018-04-18,512880,,0.88,0.885,0.872,0.882,73753500.0,64842981.0,,,sina:512880,,
2018-04-19,512880,,0.884,0.896,0.882,0.887,60140100.0,53503036.0,,,sina:512880,,
2018-04-20,512880,,0.886,0.886,0.857,0.858,84737700.0,73887706.0,,,sina:512880,,
2018-04-23,512880,,0.86,0.87,0.859,0.867,62493700.0,54020160.0,,,sina:512880,,
2018-04-24,512880,,0.867,0.89,0.867,0.89,84528300.0,74551304.0,,,sina:512880,,
2018-04-25,512880,,0.885,0.888,0.882,0.884,42290400.0,37427310.0,,,sina:512880,,
2018-04-26,512880,,0.885,0.888,0.864,0.866,49397100.0,43239839.0,,,sina:512880,,
2018-04-27,512880,,0.871,0.885,0.868,0.878,51471066.0,45163526.0,,,sina:512880,,
2018-05-02,512880,,0.889,0.893,0.879,0.882,58162700.0,51508530.0,,,sina:512880,,
2018-05-03,512880,,0.881,0.907,0.88,0.904,107051800.0,95916380.0,,,sina:512880,,
2018-05-04,512880,,0.903,0.905,0.895,0.896,70499900.0,63427943.0,,,sina:512880,,
2018-05-07,512880,,0.903,0.909,0.901,0.907,66748300.0,60412631.0,,,sina:512880,,
2018-05-08,512880,,0.908,0.912,0.901,0.912,77578600.0,70344784.0,,,sina:512880,,
2018-05-09,512880,,0.908,0.909,0.899,0.901,76516500.0,69054676.0,,,sina:512880,,
2018-05-10,512880,,0.903,0.907,0.899,0.906,76279100.0,68860800.0,,,sina:512880,,
2018-05-11,512880,,0.907,0.909,0.895,0.896,47744200.0,43003047.0,,,sina:512880,,
2018-05-14,512880,,0.896,0.904,0.896,0.898,42745200.0,38511510.0,,,sina:512880,,
2018-05-15,512880,,0.899,0.901,0.888,0.897,58862068.0,52572780.0,,,sina:512880,,
2018-05-16,512880,,0.893,0.894,0.885,0.886,68741668.0,61143100.0,,,sina:512880,,
2018-05-17,512880,,0.886,0.888,0.876,0.878,67482200.0,59563412.0,,,sina:512880,,
2018-05-18,512880,,0.879,0.89,0.878,0.889,65540427.0,57948308.0,,,sina:512880,,
2018-05-21,512880,,0.894,0.901,0.893,0.896,63785127.0,57186664.0,,,sina:512880,,
2018-05-22,512880,,0.897,0.897,0.884,0.889,88739092.0,78770631.0,,,sina:512880,,
2018-05-23,512880,,0.887,0.889,0.878,0.879,61673611.0,54484897.0,,,sina:512880,,
2018-05-24,512880,,0.88,0.882,0.871,0.872,54625700.0,47889127.0,,,sina:512880,,
2018-05-25,512880,,0.872,0.875,0.864,0.865,63072447.0,54824969.0,,,sina:512880,,
2018-05-28,512880,,0.865,0.87,0.86,0.864,52407832.0,45295898.0,,,sina:512880,,
2018-05-29,512880,,0.863,0.864,0.848,0.848,80615132.0,68874613.0,,,sina:512880,,
2018-05-30,512880,,0.841,0.843,0.817,0.819,126436300.0,105060562.0,,,sina:512880,,
2018-05-31,512880,,0.825,0.83,0.82,0.829,51071300.0,42162624.0,,,sina:512880,,
2018-06-01,512880,,0.826,0.844,0.822,0.834,85121710.0,70924704.0,,,sina:512880,,
2018-06-04,512880,,0.835,0.838,0.83,0.831,34024210.0,28350311.0,,,sina:512880,,
2018-06-05,512880,,0.832,0.835,0.823,0.835,68255032.0,56661083.0,,,sina:512880,,
2018-06-06,512880,,0.832,0.838,0.826,0.833,88821300.0,73829815.0,,,sina:512880,,
2018-06-07,512880,,0.836,0.851,0.834,0.838,102139832.0,86133981.0,,,sina:512880,,
2018-06-08,512880,,0.835,0.837,0.814,0.819,105201300.0,86528224.0,,,sina:512880,,
2018-06-11,512880,,0.816,0.826,0.814,0.822,46675900.0,38333819.0,,,sina:512880,,
2018-06-12,512880,,0.822,0.825,0.815,0.824,43609088.0,35835690.0,,,sina:512880,,
2018-06-13,512880,,0.822,0.823,0.81,0.81,64441200.0,52548254.0,,,sina:512880,,
2018-06-14,512880,,0.81,0.821,0.808,0.814,70101032.0,57108314.0,,,sina:512880,,
2018-06-15,512880,,0.814,0.818,0.804,0.807,87182915.0,70630932.0,,,sina:512880,,
2018-06-19,512880,,0.8,0.8,0.737,0.747,227387900.0,174661533.0,,,sina:512880,,
2018-06-20,512880,,0.746,0.754,0.733,0.747,106429100.0,79465253.0,,,sina:512880,,
2018-06-21,512880,,0.748,0.749,0.722,0.722,119473000.0,88021791.0,,,sina:512880,,
2018-06-22,512880,,0.72,0.735,0.716,0.734,89782100.0,65328165.0,,,sina:512880,,
2018-06-25,512880,,0.739,0.739,0.724,0.725,62588800.0,45867242.0,,,sina:512880,,
2018-06-26,512880,,0.717,0.736,0.716,0.732,55192673.0,40129449.0,,,sina:512880,,
2018-06-27,512880,,0.73,0.733,0.72,0.727,54559241.0,39603510.0,,,sina:512880,,
2018-06-28,512880,,0.726,0.752,0.724,0.734,100443041.0,74258488.0,,,sina:512880,,
2018-06-29,512880,,0.735,0.755,0.734,0.752,77975800.0,58171886.0,,,sina:512880,,
2018-07-02,512880,,0.75,0.75,0.726,0.733,93477300.0,69087181.0,,,sina:512880,,
2018-07-03,512880,,0.733,0.744,0.728,0.744,82223200.0,60569637.0,,,sina:512880,,
2018-07-04,512880,,0.743,0.743,0.731,0.733,57497700.0,42311616.0,,,sina:512880,,
2018-07-05,512880,,0.734,0.743,0.724,0.724,67540800.0,49467254.0,,,sina:512880,,
2018-07-06,512880,,0.724,0.742,0.712,0.732,118722600.0,86332072.0,,,sina:512880,,
2018-07-09,512880,,0.732,0.744,0.73,0.744,81779493.0,60528414.0,,,sina:512880,,
2018-07-10,512880,,0.745,0.746,0.737,0.743,60366800.0,44754386.0,,,sina:512880,,
2018-07-11,512880,,0.73,0.73,0.714,0.72,101918600.0,73672746.0,,,sina:512880,,
2018-07-12,512880,,0.722,0.746,0.72,0.741,112774600.0,83099906.0,,,sina:512880,,
2018-07-13,512880,,0.742,0.743,0.736,0.739,54103400.0,40027858.0,,,sina:512880,,
2018-07-16,512880,,0.743,0.744,0.734,0.737,59974900.0,44290411.0,,,sina:512880,,
2018-07-17,512880,,0.737,0.737,0.727,0.732,84735200.0,62057359.0,,,sina:512880,,
2018-07-18,512880,,0.733,0.738,0.726,0.727,57296100.0,41975495.0,,,sina:512880,,
2018-07-19,512880,,0.727,0.733,0.721,0.724,55108900.0,40012790.0,,,sina:512880,,
2018-07-20,512880,,0.723,0.75,0.721,0.746,132911200.0,97965660.0,,,sina:512880,,
2018-07-23,512880,,0.741,0.76,0.738,0.757,164094000.0,123208307.0,,,sina:512880,,
2018-07-24,512880,,0.756,0.78,0.755,0.771,152346700.0,117472571.0,,,sina:512880,,
2018-07-25,512880,,0.771,0.771,0.762,0.764,92107600.0,70493459.0,,,sina:512880,,
2018-07-26,512880,,0.765,0.769,0.757,0.76,58433700.0,44535889.0,,,sina:512880,,
2018-07-27,512880,,0.757,0.762,0.753,0.754,57100400.0,43199069.0,,,sina:512880,,
2018-07-30,512880,,0.754,0.76,0.747,0.75,71174500.0,53577921.0,,,sina:512880,,
2018-07-31,512880,,0.749,0.755,0.747,0.752,40698000.0,30545721.0,,,sina:512880,,
2018-08-01,512880,,0.753,0.76,0.735,0.737,68944400.0,51574288.0,,,sina:512880,,
2018-08-02,512880,,0.735,0.735,0.706,0.714,143698100.0,103236948.0,,,sina:512880,,
2018-08-03,512880,,0.713,0.719,0.707,0.708,53084934.0,37850652.0,,,sina:512880,,
2018-08-06,512880,,0.71,0.718,0.698,0.701,101481434.0,71779236.0,,,sina:512880,,
2018-08-07,512880,,0.702,0.722,0.7,0.721,80372034.0,57076555.0,,,sina:512880,,
2018-08-08,512880,,0.719,0.719,0.709,0.709,55653000.0,39748889.0,,,sina:512880,,
2018-08-09,512880,,0.709,0.726,0.707,0.724,70782500.0,51019710.0,,,sina:512880,,
2018-08-10,512880,,0.722,0.726,0.717,0.724,37966800.0,27415488.0,,,sina:512880,,
2018-08-13,512880,,0.717,0.722,0.71,0.721,89218500.0,63860047.0,,,sina:512880,,
2018-08-14,512880,,0.718,0.721,0.715,0.716,45350000.0,32535707.0,,,sina:512880,,
2018-08-15,512880,,0.717,0.718,0.703,0.703,70933200.0,50335322.0,,,sina:512880,,
2018-08-16,512880,,0.698,0.722,0.694,0.711,126044678.0,89330306.0,,,sina:512880,,
2018-08-17,512880,,0.715,0.719,0.702,0.704,71722034.0,51092792.0,,,sina:512880,,
2018-08-20,512880,,0.705,0.715,0.703,0.714,49607000.0,35229451.0,,,sina:512880,,
2018-08-21,512880,,0.715,0.723,0.712,0.72,63175300.0,45430597.0,,,sina:512880,,
2018-08-22,512880,,0.719,0.719,0.714,0.716,31593800.0,22631503.0,,,sina:512880,,
2018-08-23,512880,,0.716,0.727,0.712,0.722,61082800.0,43966054.0,,,sina:512880,,
2018-08-24,512880,,0.72,0.732,0.716,0.725,55422500.0,40142100.0,,,sina:512880,,
2018-08-27,512880,,0.726,0.736,0.725,0.735,65603400.0,47995658.0,,,sina:512880,,
2018-08-28,512880,,0.734,0.737,0.729,0.732,51089600.0,37406903.0,,,sina:512880,,
2018-08-29,512880,,0.73,0.731,0.724,0.726,58936500.0,42840036.0,,,sina:512880,,
2018-08-30,512880,,0.724,0.728,0.716,0.717,62262100.0,44913366.0,,,sina:512880,,
2018-08-31,512880,,0.716,0.722,0.714,0.717,55975200.0,40199325.0,,,sina:512880,,
2018-09-03,512880,,0.717,0.719,0.71,0.717,48576200.0,34717884.0,,,sina:512880,,
2018-09-04,512880,,0.717,0.725,0.713,0.723,119764400.0,86308289.0,,,sina:512880,,
2018-09-05,512880,,0.721,0.722,0.711,0.712,74087000.0,53168364.0,,,sina:512880,,
2018-09-06,512880,,0.71,0.715,0.708,0.709,44840400.0,31884711.0,,,sina:512880,,
2018-09-07,512880,,0.71,0.719,0.707,0.711,67804000.0,48255759.0,,,sina:512880,,
2018-09-10,512880,,0.708,0.709,0.688,0.688,122783100.0,85481195.0,,,sina:512880,,
2018-09-11,512880,,0.689,0.696,0.687,0.692,72043132.0,49777195.0,,,sina:512880,,
2018-09-12,512880,,0.691,0.701,0.69,0.695,94639900.0,65882449.0,,,sina:512880,,
2018-09-13,512880,,0.701,0.706,0.697,0.704,63402300.0,44465331.0,,,sina:512880,,
2018-09-14,512880,,0.706,0.707,0.699,0.7,73505885.0,51629519.0,,,sina:512880,,
2018-09-17,512880,,0.697,0.703,0.695,0.698,40994227.0,28665932.0,,,sina:512880,,
2018-09-18,512880,,0.699,0.712,0.697,0.711,86292542.0,60845890.0,,,sina:512880,,
2018-09-19,512880,,0.71,0.721,0.709,0.716,74681974.0,53426215.0,,,sina:512880,,
2018-09-20,512880,,0.717,0.72,0.713,0.715,47769148.0,34210066.0,,,sina:512880,,
2018-09-21,512880,,0.715,0.732,0.712,0.732,85411526.0,61767900.0,,,sina:512880,,
2018-09-25,512880,,0.724,0.727,0.72,0.724,55150206.0,39887525.0,,,sina:512880,,
2018-09-26,512880,,0.725,0.735,0.722,0.726,95100800.0,69321254.0,,,sina:512880,,
2018-09-27,512880,,0.724,0.727,0.721,0.722,41987500.0,30383337.0,,,sina:512880,,
2018-09-28,512880,,0.723,0.731,0.723,0.729,78842580.0,57368339.0,,,sina:512880,,
2018-10-08,512880,,0.717,0.72,0.7,0.702,104569328.0,74276481.0,,,sina:512880,,
2018-10-09,512880,,0.702,0.706,0.698,0.7,58273700.0,40883524.0,,,sina:512880,,
2018-10-10,512880,,0.7,0.705,0.698,0.702,47513000.0,33339915.0,,,sina:512880,,
2018-10-11,512880,,0.687,0.687,0.644,0.649,215828231.0,144103388.0,,,sina:512880,,
2018-10-12,512880,,0.649,0.65,0.631,0.64,202300500.0,129711009.0,,,sina:512880,,
2018-10-15,512880,,0.642,0.646,0.63,0.631,105596000.0,67478772.0,,,sina:512880,,
2018-10-16,512880,,0.633,0.642,0.622,0.624,102981200.0,65070704.0,,,sina:512880,,
2018-10-17,512880,,0.633,0.637,0.622,0.633,95289400.0,60143336.0,,,sina:512880,,
2018-10-18,512880,,0.632,0.634,0.622,0.623,108305700.0,68024040.0,,,sina:512880,,
2018-10-19,512880,,0.613,0.645,0.613,0.641,149419900.0,94428894.0,,,sina:512880,,
2018-10-22,512880,,0.651,0.705,0.651,0.705,270374908.0,185152991.0,,,sina:512880,,
2018-10-23,512880,,0.734,0.738,0.697,0.706,333156074.0,240465085.0,,,sina:512880,,
2018-10-24,512880,,0.693,0.743,0.692,0.722,293982504.0,211431335.0,,,sina:512880,,
2018-10-25,512880,,0.696,0.752,0.693,0.75,346162086.0,251360103.0,,,sina:512880,,
2018-10-26,512880,,0.751,0.752,0.725,0.73,243175610.0,179438086.0,,,sina:512880,,
2018-10-29,512880,,0.729,0.741,0.717,0.723,143721100.0,104869619.0,,,sina:512880,,
2018-10-30,512880,,0.723,0.778,0.714,0.761,310666100.0,232997582.0,,,sina:512880,,
2018-10-31,512880,,0.754,0.763,0.739,0.752,238508180.0,179184196.0,,,sina:512880,,
2018-11-01,512880,,0.758,0.799,0.756,0.759,335566472.0,260738534.0,,,sina:512880,,
2018-11-02,512880,,0.782,0.796,0.763,0.778,231941590.0,179708413.0,,,sina:512880,,
2018-11-05,512880,,0.773,0.781,0.762,0.778,241538500.0,187222106.0,,,sina:512880,,
2018-11-06,512880,,0.775,0.788,0.764,0.771,246025590.0,190633231.0,,,sina:512880,,
2018-11-07,512880,,0.768,0.77,0.755,0.759,208600279.0,158976096.0,,,sina:512880,,
2018-11-08,512880,,0.765,0.768,0.743,0.744,263038700.0,198518890.0,,,sina:512880,,
2018-11-09,512880,,0.741,0.755,0.739,0.745,150919470.0,112949153.0,,,sina:512880,,
2018-11-12,512880,,0.748,0.761,0.744,0.759,149214555.0,112512770.0,,,sina:512880,,
2018-11-13,512880,,0.75,0.794,0.749,0.781,360448807.0,278191534.0,,,sina:512880,,
2018-11-14,512880,,0.776,0.784,0.765,0.767,331307430.0,256208210.0,,,sina:512880,,
2018-11-15,512880,,0.766,0.792,0.765,0.79,346050511.0,270261797.0,,,sina:512880,,
2018-11-16,512880,,0.791,0.828,0.787,0.81,505851950.0,409110194.0,,,sina:512880,,
2018-11-19,512880,,0.804,0.842,0.804,0.834,480735592.0,396757713.0,,,sina:512880,,
2018-11-20,512880,,0.826,0.834,0.794,0.795,302727069.0,246430183.0,,,sina:512880,,
2018-11-21,512880,,0.788,0.805,0.782,0.798,491227413.0,390558501.0,,,sina:512880,,
2018-11-22,512880,,0.801,0.803,0.777,0.789,249348013.0,196866406.0,,,sina:512880,,
2018-11-23,512880,,0.789,0.797,0.76,0.764,264053109.0,205077241.0,,,sina:512880,,
2018-11-26,512880,,0.764,0.773,0.754,0.761,172796300.0,131990166.0,,,sina:512880,,
2018-11-27,512880,,0.766,0.772,0.757,0.765,167524270.0,128267909.0,,,sina:512880,,
2018-11-28,512880,,0.761,0.786,0.759,0.785,343660600.0,266781267.0,,,sina:512880,,
2018-11-29,512880,,0.788,0.794,0.756,0.759,264783600.0,205558871.0,,,sina:512880,,
2018-11-30,512880,,0.755,0.772,0.748,0.769,242846428.0,184155160.0,,,sina:512880,,
2018-12-03,512880,,0.804,0.812,0.788,0.794,435234868.0,347694343.0,,,sina:512880,,
2018-12-04,512880,,0.79,0.8,0.787,0.798,195846347.0,155778436.0,,,sina:512880,,
2018-12-05,512880,,0.786,0.798,0.784,0.791,210420068.0,166385664.0,,,sina:512880,,
2018-12-06,512880,,0.781,0.782,0.765,0.768,225642615.0,174448251.0,,,sina:512880,,
2018-12-07,512880,,0.773,0.778,0.769,0.771,142273800.0,110049525.0,,,sina:512880,,
2018-12-10,512880,,0.765,0.768,0.755,0.76,139176063.0,105920294.0,,,sina:512880,,
2018-12-11,512880,,0.763,0.766,0.758,0.764,100248733.0,76318088.0,,,sina:512880,,
2018-12-12,512880,,0.767,0.777,0.764,0.766,154668833.0,119009638.0,,,sina:512880,,
2018-12-13,512880,,0.767,0.783,0.76,0.775,189591623.0,146497010.0,,,sina:512880,,
2018-12-14,512880,,0.772,0.774,0.751,0.752,181094300.0,137810487.0,,,sina:512880,,
2018-12-17,512880,,0.751,0.759,0.745,0.757,158067368.0,118937793.0,,,sina:512880,,
2018-12-18,512880,,0.753,0.758,0.74,0.742,202848200.0,151304000.0,,,sina:512880,,
2018-12-19,512880,,0.745,0.747,0.735,0.736,113786500.0,84345505.0,,,sina:512880,,
2018-12-20,512880,,0.735,0.748,0.73,0.743,285979098.0,211873555.0,,,sina:512880,,
2018-12-21,512880,,0.74,0.742,0.723,0.729,191643300.0,140340350.0,,,sina:512880,,
2018-12-24,512880,,0.727,0.733,0.72,0.725,136930600.0,99253362.0,,,sina:512880,,
2018-12-25,512880,,0.717,0.717,0.695,0.708,184594900.0,130024370.0,,,sina:512880,,
2018-12-26,512880,,0.707,0.712,0.7,0.703,87383215.0,61613072.0,,,sina:512880,,
2018-12-27,512880,,0.716,0.717,0.7,0.7,124098600.0,88248266.0,,,sina:512880,,
2018-12-28,512880,,0.705,0.725,0.705,0.717,208270353.0,149126448.0,,,sina:512880,,
2019-01-02,512880,,0.719,0.719,0.708,0.714,97459200.0,69475072.0,,,sina:512880,,
2019-01-03,512880,,0.712,0.745,0.712,0.729,231008800.0,169554867.0,,,sina:512880,,
2019-01-04,512880,,0.722,0.795,0.722,0.784,649016408.0,496076660.0,,,sina:512880,,
2019-01-07,512880,,0.784,0.791,0.774,0.781,467941765.0,365839569.0,,,sina:512880,,
2019-01-08,512880,,0.779,0.794,0.771,0.782,300431625.0,235469364.0,,,sina:512880,,
2019-01-09,512880,,0.785,0.799,0.78,0.786,430922306.0,339932258.0,,,sina:512880,,
2019-01-10,512880,,0.785,0.788,0.771,0.773,293292721.0,228938895.0,,,sina:512880,,
2019-01-11,512880,,0.775,0.788,0.772,0.779,288377521.0,224598752.0,,,sina:512880,,
2019-01-14,512880,,0.785,0.788,0.775,0.777,137840391.0,107577864.0,,,sina:512880,,
2019-01-15,512880,,0.777,0.803,0.776,0.798,362328131.0,286610002.0,,,sina:512880,,
2019-01-16,512880,,0.797,0.798,0.785,0.789,206989260.0,163763157.0,,,sina:512880,,
2019-01-17,512880,,0.791,0.796,0.78,0.781,193915464.0,152552250.0,,,sina:512880,,
2019-01-18,512880,,0.782,0.793,0.78,0.791,149039300.0,117298418.0,,,sina:512880,,
2019-01-21,512880,,0.792,0.798,0.782,0.787,247123423.0,195210961.0,,,sina:512880,,
2019-01-22,512880,,0.783,0.788,0.772,0.774,159001900.0,124081647.0,,,sina:512880,,
2019-01-23,512880,,0.773,0.779,0.77,0.773,108533300.0,84068599.0,,,sina:512880,,
2019-01-24,512880,,0.775,0.795,0.774,0.786,273148000.0,214544813.0,,,sina:512880,,
2019-01-25,512880,,0.784,0.792,0.783,0.785,186449800.0,146753981.0,,,sina:512880,,
2019-01-28,512880,,0.791,0.8,0.777,0.78,219571558.0,173157502.0,,,sina:512880,,
2019-01-29,512880,,0.778,0.78,0.76,0.774,217151449.0,167442772.0,,,sina:512880,,
2019-01-30,512880,,0.77,0.776,0.763,0.764,143924700.0,111079807.0,,,sina:512880,,
2019-01-31,512880,,0.768,0.782,0.767,0.773,253447546.0,196166478.0,,,sina:512880,,
2019-02-01,512880,,0.784,0.795,0.782,0.794,272367981.0,215111032.0,,,sina:512880,,
2019-02-11,512880,,0.797,0.809,0.786,0.808,223231756.0,178565297.0,,,sina:512880,,
2019-02-12,512880,,0.807,0.819,0.801,0.814,232790056.0,188804145.0,,,sina:512880,,
2019-02-13,512880,,0.813,0.843,0.807,0.841,521779400.0,433439198.0,,,sina:512880,,
2019-02-14,512880,,0.838,0.845,0.832,0.84,316094600.0,265145655.0,,,sina:512880,,
2019-02-15,512880,,0.835,0.84,0.817,0.82,405842991.0,336945439.0,,,sina:512880,,
2019-02-18,512880,,0.829,0.871,0.829,0.868,576965500.0,490778360.0,,,sina:512880,,
2019-02-19,512880,,0.872,0.902,0.862,0.875,838405061.0,738486913.0,,,sina:512880,,
2019-02-20,512880,,0.874,0.888,0.866,0.878,513622474.0,449657097.0,,,sina:512880,,
2019-02-21,512880,,0.873,0.917,0.866,0.883,705490118.0,628323358.0,,,sina:512880,,
2019-02-22,512880,,0.891,0.971,0.88,0.971,1192371086.0,1101853001.0,,,sina:512880,,
2019-02-25,512880,,1.022,1.068,1.002,1.068,1417410138.0,1471834709.0,,,sina:512880,,
2019-02-26,512880,,1.085,1.119,1.04,1.044,1738491617.0,1879980765.0,,,sina:512880,,
2019-02-27,512880,,1.035,1.073,1.01,1.036,1149234983.0,1197522958.0,,,sina:512880,,
2019-02-28,512880,,1.027,1.029,0.99,1.004,1066938272.0,1074781201.0,,,sina:512880,,
2019-03-01,512880,,1.013,1.047,0.997,1.038,1053956538.0,1078977682.0,,,sina:512880,,
2019-03-04,512880,,1.05,1.101,1.018,1.044,1221807768.0,1286268222.0,,,sina:512880,,
2019-03-05,512880,,1.028,1.048,1.025,1.043,675774389.0,699952200.0,,,sina:512880,,
2019-03-06,512880,,1.045,1.129,1.04,1.102,1125440860.0,1204920416.0,,,sina:512880,,
2019-03-07,512880,,1.111,1.185,1.09,1.153,1340284179.0,1514270793.0,,,sina:512880,,
2019-03-08,512880,,1.08,1.113,1.039,1.04,1364251344.0,1473995167.0,,,sina:512880,,
2019-03-11,512880,,1.041,1.075,1.015,1.056,1075224256.0,1125528197.0,,,sina:512880,,
2019-03-12,512880,,1.067,1.098,1.057,1.071,981797869.0,1058867436.0,,,sina:512880,,
2019-03-13,512880,,1.071,1.076,1.036,1.05,849551172.0,897105981.0,,,sina:512880,,
2019-03-14,512880,,1.038,1.057,1.003,1.014,858049954.0,884080941.0,,,sina:512880,,
2019-03-15,512880,,1.026,1.048,1.015,1.029,755904147.0,779821913.0,,,sina:512880,,
2019-03-18,512880,,1.029,1.056,1.008,1.054,746204716.0,770066753.0,,,sina:512880,,
2019-03-19,512880,,1.055,1.059,1.036,1.042,567694881.0,595419790.0,,,sina:512880,,
2019-03-20,512880,,1.039,1.071,1.034,1.061,826397600.0,871116983.0,,,sina:512880,,
2019-03-21,512880,,1.062,1.099,1.049,1.071,992549422.0,1068137494.0,,,sina:512880,,
2019-03-22,512880,,1.067,1.076,1.042,1.061,734014027.0,776872465.0,,,sina:512880,,
2019-03-25,512880,,1.04,1.054,1.018,1.022,631737266.0,655205868.0,,,sina:512880,,
2019-03-26,512880,,1.029,1.032,0.983,0.989,870977884.0,876724285.0,,,sina:512880,,
2019-03-27,512880,,0.999,1.006,0.986,0.995,700439356.0,697980994.0,,,sina:512880,,
2019-03-28,512880,,0.987,1.009,0.977,0.988,679374338.0,674542666.0,,,sina:512880,,
2019-03-29,512880,,0.992,1.08,0.991,1.077,1379225097.0,1431120516.0,,,sina:512880,,
2019-04-01,512880,,1.079,1.106,1.058,1.088,1429697323.0,1546531575.0,,,sina:512880,,
2019-04-02,512880,,1.09,1.111,1.075,1.081,1024640866.0,1121574310.0,,,sina:512880,,
2019-04-03,512880,,1.075,1.142,1.069,1.136,1516277214.0,1675691855.0,,,sina:512880,,
2019-04-04,512880,,1.141,1.151,1.12,1.138,1114083973.0,1264494992.0,,,sina:512880,,
2019-04-08,512880,,1.145,1.153,1.092,1.114,1025025633.0,1148432607.0,,,sina:512880,,
2019-04-09,512880,,1.11,1.128,1.09,1.113,827732007.0,917698045.0,,,sina:512880,,
2019-04-10,512880,,1.111,1.117,1.071,1.094,1012882975.0,1104459515.0,,,sina:512880,,
2019-04-11,512880,,1.088,1.095,1.07,1.073,728909051.0,788169339.0,,,sina:512880,,
2019-04-12,512880,,1.07,1.089,1.067,1.077,702628915.0,756942820.0,,,sina:512880,,
2019-04-15,512880,,1.101,1.108,1.05,1.053,742338525.0,802661705.0,,,sina:512880,,
2019-04-16,512880,,1.045,1.083,1.032,1.082,970020644.0,1027294673.0,,,sina:512880,,
2019-04-17,512880,,1.076,1.086,1.069,1.074,561670834.0,604780092.0,,,sina:512880,,
2019-04-18,512880,,1.071,1.081,1.062,1.065,365859824.0,392033205.0,,,sina:512880,,
2019-04-19,512880,,1.069,1.085,1.064,1.08,512105069.0,550627795.0,,,sina:512880,,
2019-04-22,512880,,1.092,1.096,1.048,1.052,592416443.0,632076743.0,,,sina:512880,,
2019-04-23,512880,,1.047,1.083,1.042,1.059,642089530.0,682452674.0,,,sina:512880,,
2019-04-24,512880,,1.058,1.072,1.052,1.069,517370209.0,550544266.0,,,sina:512880,,
2019-04-25,512880,,1.064,1.08,1.035,1.036,682368186.0,723234834.0,,,sina:512880,,
2019-04-26,512880,,1.03,1.061,1.028,1.045,759932037.0,794509995.0,,,sina:512880,,
2019-04-29,512880,,1.043,1.045,0.996,1.0,1308209059.0,1322417310.0,,,sina:512880,,
2019-04-30,512880,,1.001,1.013,0.999,1.004,449031791.0,451590097.0,,,sina:512880,,
2019-05-06,512880,,0.952,0.966,0.904,0.905,972255679.0,908331781.0,,,sina:512880,,
2019-05-07,512880,,0.916,0.928,0.895,0.923,809280913.0,740937981.0,,,sina:512880,,
2019-05-08,512880,,0.905,0.926,0.898,0.91,540320592.0,492623301.0,,,sina:512880,,
2019-05-09,512880,,0.9,0.916,0.896,0.896,563096176.0,508948561.0,,,sina:512880,,
2019-05-10,512880,,0.911,0.94,0.895,0.938,978905213.0,905979980.0,,,sina:512880,,
2019-05-13,512880,,0.921,0.927,0.912,0.916,351290680.0,323149298.0,,,sina:512880,,
2019-05-14,512880,,0.907,0.925,0.905,0.907,433085406.0,396089048.0,,,sina:512880,,
2019-05-15,512880,,0.915,0.925,0.912,0.921,431194910.0,396019285.0,,,sina:512880,,
2019-05-16,512880,,0.918,0.926,0.913,0.925,337413914.0,310673197.0,,,sina:512880,,
2019-05-17,512880,,0.925,0.93,0.877,0.885,708300219.0,637619462.0,,,sina:512880,,
2019-05-20,512880,,0.881,0.905,0.876,0.893,535848721.0,476543795.0,,,sina:512880,,
2019-05-21,512880,,0.89,0.915,0.889,0.906,425739983.0,385048088.0,,,sina:512880,,
2019-05-22,512880,,0.908,0.91,0.891,0.896,295694270.0,266263871.0,,,sina:512880,,
2019-05-23,512880,,0.891,0.911,0.887,0.894,415671287.0,373539037.0,,,sina:512880,,
2019-05-24,512880,,0.894,0.904,0.89,0.894,250437196.0,224689345.0,,,sina:512880,,
2019-05-27,512880,,0.894,0.924,0.89,0.92,621177351.0,566286019.0,,,sina:512880,,
2019-05-28,512880,,0.916,0.929,0.91,0.916,421097313.0,386558480.0,,,sina:512880,,
2019-05-29,512880,,0.912,0.928,0.91,0.917,374740400.0,344035100.0,,,sina:512880,,
2019-05-30,512880,,0.912,0.913,0.897,0.904,387306593.0,349531552.0,,,sina:512880,,
2019-05-31,512880,,0.902,0.911,0.899,0.899,318869300.0,288390231.0,,,sina:512880,,
2019-06-03,512880,,0.906,0.918,0.896,0.899,413632114.0,374508424.0,,,sina:512880,,
2019-06-04,512880,,0.898,0.9,0.89,0.895,345870600.0,309612183.0,,,sina:512880,,
2019-06-05,512880,,0.906,0.916,0.9,0.904,501089530.0,454668581.0,,,sina:512880,,
2019-06-06,512880,,0.902,0.911,0.893,0.895,481250495.0,434315437.0,,,sina:512880,,
2019-06-10,512880,,0.895,0.897,0.864,0.883,535301313.0,470538036.0,,,sina:512880,,
2019-06-11,512880,,0.883,0.933,0.882,0.931,1008049124.0,921812857.0,,,sina:512880,,
2019-06-12,512880,,0.925,0.932,0.916,0.916,514311441.0,474080926.0,,,sina:512880,,
2019-06-13,512880,,0.917,0.932,0.915,0.925,552263164.0,510403894.0,,,sina:512880,,
2019-06-14,512880,,0.924,0.929,0.905,0.906,436285446.0,400189858.0,,,sina:512880,,
2019-06-17,512880,,0.906,0.917,0.904,0.912,322198942.0,293756442.0,,,sina:512880,,
2019-06-18,512880,,0.913,0.916,0.901,0.912,306301699.0,278710797.0,,,sina:512880,,
2019-06-19,512880,,0.965,0.976,0.93,0.931,991921491.0,941940389.0,,,sina:512880,,
2019-06-20,512880,,0.931,1.008,0.928,0.988,1554212041.0,1510640498.0,,,sina:512880,,
2019-06-21,512880,,0.997,1.011,0.989,1.001,1148073386.0,1149195925.0,,,sina:512880,,
2019-06-24,512880,,1.015,1.017,0.993,0.998,636824981.0,639262634.0,,,sina:512880,,
2019-06-25,512880,,0.995,1.006,0.971,0.999,946220415.0,937835825.0,,,sina:512880,,
2019-06-26,512880,,0.98,0.989,0.971,0.978,546230362.0,535390113.0,,,sina:512880,,
2019-06-27,512880,,0.983,1.009,0.982,0.991,864776106.0,861928666.0,,,sina:512880,,
2019-06-28,512880,,0.99,0.995,0.98,0.99,585660210.0,578135284.0,,,sina:512880,,
2019-07-01,512880,,1.021,1.025,1.007,1.012,917644020.0,930700748.0,,,sina:512880,,
2019-07-02,512880,,1.011,1.011,0.999,1.002,521904344.0,523520951.0,,,sina:512880,,
2019-07-03,512880,,0.999,0.999,0.979,0.984,630093742.0,620757508.0,,,sina:512880,,
2019-07-04,512880,,0.984,0.998,0.978,0.985,466509189.0,460218579.0,,,sina:512880,,
2019-07-05,512880,,0.985,0.989,0.977,0.985,405680653.0,398870170.0,,,sina:512880,,
2019-07-08,512880,,0.98,0.984,0.951,0.958,683076704.0,661082614.0,,,sina:512880,,
2019-07-09,512880,,0.959,0.969,0.95,0.965,506070986.0,485977523.0,,,sina:512880,,
2019-07-10,512880,,0.968,0.975,0.959,0.963,399052592.0,385762748.0,,,sina:512880,,
2019-07-11,512880,,0.968,0.979,0.955,0.964,486094602.0,470663434.0,,,sina:512880,,
2019-07-12,512880,,0.962,0.972,0.955,0.968,414287598.0,400442436.0,,,sina:512880,,
2019-07-15,512880,,0.962,1.001,0.955,0.986,848487678.0,830434563.0,,,sina:512880,,
2019-07-16,512880,,0.982,0.988,0.98,0.983,339705237.0,334114957.0,,,sina:512880,,
2019-07-17,512880,,0.98,0.989,0.978,0.979,392782531.0,385740598.0,,,sina:512880,,
2019-07-18,512880,,0.973,0.975,0.966,0.967,381902540.0,370675733.0,,,sina:512880,,
2019-07-19,512880,,0.971,0.992,0.971,0.986,606231536.0,596064939.0,,,sina:512880,,
2019-07-22,512880,,0.99,0.993,0.963,0.965,607584701.0,590503176.0,,,sina:512880,,
2019-07-23,512880,,0.965,0.973,0.963,0.968,264294734.0,255827876.0,,,sina:512880,,
2019-07-24,512880,,0.973,0.986,0.972,0.977,436704348.0,427523526.0,,,sina:512880,,
2019-07-25,512880,,0.975,0.981,0.97,0.98,350297924.0,341820536.0,,,sina:512880,,
2019-07-26,512880,,0.975,0.978,0.972,0.976,308458958.0,300730551.0,,,sina:512880,,
2019-07-29,512880,,0.975,0.975,0.958,0.96,517236248.0,498424141.0,,,sina:512880,,
2019-07-30,512880,,0.962,0.98,0.961,0.97,594719535.0,577946289.0,,,sina:512880,,
2019-07-31,512880,,0.968,0.968,0.962,0.965,287922800.0,277652987.0,,,sina:512880,,
2019-08-01,512880,,0.96,0.964,0.95,0.951,508390909.0,485490722.0,,,sina:512880,,
2019-08-02,512880,,0.926,0.931,0.917,0.923,685041862.0,632849319.0,,,sina:512880,,
2019-08-05,512880,,0.917,0.924,0.903,0.904,561513515.0,512589484.0,,,sina:512880,,
2019-08-06,512880,,0.885,0.908,0.871,0.897,1051954000.0,934000802.0,,,sina:512880,,
2019-08-07,512880,,0.899,0.901,0.882,0.883,418379849.0,372446868.0,,,sina:512880,,
2019-08-08,512880,,0.906,0.911,0.892,0.894,694936419.0,625534833.0,,,sina:512880,,
2019-08-09,512880,,0.9,0.901,0.883,0.884,448519606.0,400032731.0,,,sina:512880,,
2019-08-12,512880,,0.893,0.904,0.893,0.904,568291068.0,510657547.0,,,sina:512880,,
2019-08-13,512880,,0.895,0.896,0.89,0.893,280017687.0,250173853.0,,,sina:512880,,
2019-08-14,512880,,0.908,0.909,0.894,0.896,386663400.0,348935132.0,,,sina:512880,,
2019-08-15,512880,,0.877,0.896,0.871,0.893,570330238.0,503636796.0,,,sina:512880,,
2019-08-16,512880,,0.892,0.91,0.89,0.898,496031295.0,446733763.0,,,sina:512880,,
2019-08-19,512880,,0.91,0.961,0.905,0.96,1299469622.0,1213916371.0,,,sina:512880,,
2019-08-20,512880,,0.956,0.964,0.948,0.951,513292403.0,490442506.0,,,sina:512880,,
2019-08-21,512880,,0.949,0.955,0.945,0.948,294625508.0,279553034.0,,,sina:512880,,
2019-08-22,512880,,0.95,0.952,0.939,0.946,309099379.0,292086569.0,,,sina:512880,,
2019-08-23,512880,,0.946,0.956,0.938,0.942,438392949.0,414808683.0,,,sina:512880,,
2019-08-26,512880,,0.924,0.934,0.922,0.929,459761428.0,426554666.0,,,sina:512880,,
2019-08-27,512880,,0.934,0.961,0.932,0.944,601550451.0,570546724.0,,,sina:512880,,
2019-08-28,512880,,0.941,0.943,0.932,0.934,328334261.0,307287363.0,,,sina:512880,,
2019-08-29,512880,,0.935,0.936,0.927,0.928,292453100.0,272201301.0,,,sina:512880,,
2019-08-30,512880,,0.936,0.945,0.92,0.924,503635300.0,469435710.0,,,sina:512880,,
2019-09-02,512880,,0.924,0.949,0.924,0.944,644607462.0,605870710.0,,,sina:512880,,
2019-09-03,512880,,0.944,0.949,0.939,0.945,471010213.0,444369661.0,,,sina:512880,,
2019-09-04,512880,,0.944,0.969,0.942,0.964,911044662.0,872805450.0,,,sina:512880,,
2019-09-05,512880,,0.977,1.024,0.976,0.99,1428093090.0,1428798554.0,,,sina:512880,,
2019-09-06,512880,,1.0,1.005,0.988,0.999,711623222.0,708731366.0,,,sina:512880,,
2019-09-09,512880,,1.017,1.024,1.004,1.013,925447445.0,938761414.0,,,sina:512880,,
2019-09-10,512880,,1.011,1.023,0.996,1.014,768243476.0,774621051.0,,,sina:512880,,
2019-09-11,512880,,1.03,1.039,1.014,1.021,1061579923.0,1089939726.0,,,sina:512880,,
2019-09-12,512880,,1.026,1.039,1.015,1.037,653981951.0,672549149.0,,,sina:512880,,
2019-09-16,512880,,1.039,1.039,1.016,1.023,565565068.0,581237546.0,,,sina:512880,,
2019-09-17,512880,,1.016,1.019,0.99,0.993,865305406.0,867307497.0,,,sina:512880,,
2019-09-18,512880,,0.996,0.998,0.985,0.987,481729898.0,477317793.0,,,sina:512880,,
2019-09-19,512880,,0.991,0.995,0.983,0.994,464751604.0,459848306.0,,,sina:512880,,
2019-09-20,512880,,0.993,0.994,0.98,0.986,577467500.0,570160088.0,,,sina:512880,,
2019-09-23,512880,,0.981,0.981,0.967,0.973,653733050.0,635480364.0,,,sina:512880,,
2019-09-24,512880,,0.976,0.989,0.97,0.976,651416653.0,637745796.0,,,sina:512880,,
2019-09-25,512880,,0.97,0.98,0.965,0.97,561470102.0,545317342.0,,,sina:512880,,
2019-09-26,512880,,0.973,0.977,0.955,0.957,702996119.0,678606714.0,,,sina:512880,,
2019-09-27,512880,,0.957,0.964,0.955,0.962,437348878.0,419696683.0,,,sina:512880,,
2019-09-30,512880,,0.961,0.963,0.94,0.941,455860000.0,434292989.0,,,sina:512880,,
2019-10-08,512880,,0.941,0.946,0.931,0.934,408999765.0,383840788.0,,,sina:512880,,
2019-10-09,512880,,0.929,0.937,0.924,0.936,410476333.0,382056154.0,,,sina:512880,,
2019-10-10,512880,,0.937,0.945,0.934,0.944,466923101.0,439519565.0,,,sina:512880,,
2019-10-11,512880,,0.946,0.968,0.938,0.96,900009459.0,859113227.0,,,sina:512880,,
2019-10-14,512880,,0.975,0.989,0.968,0.975,957999621.0,937950874.0,,,sina:512880,,
2019-10-15,512880,,0.973,0.974,0.962,0.964,346196414.0,334445858.0,,,sina:512880,,
2019-10-16,512880,,0.967,0.976,0.956,0.957,446358669.0,430987601.0,,,sina:512880,,
2019-10-17,512880,,0.956,0.963,0.95,0.955,325070073.0,310749977.0,,,sina:512880,,
2019-10-18,512880,,0.956,0.957,0.931,0.932,671704750.0,632967135.0,,,sina:512880,,
2019-10-21,512880,,0.926,0.926,0.913,0.923,534452615.0,491511652.0,,,sina:512880,,
2019-10-22,512880,,0.925,0.93,0.92,0.928,370395231.0,342695786.0,,,sina:512880,,
2019-10-23,512880,,0.929,0.932,0.919,0.919,323452086.0,299005380.0,,,sina:512880,,
2019-10-24,512880,,0.921,0.932,0.918,0.925,441969554.0,408825284.0,,,sina:512880,,
2019-10-25,512880,,0.924,0.937,0.92,0.937,613148635.0,569940839.0,,,sina:512880,,
2019-10-28,512880,,0.941,0.953,0.934,0.95,609178059.0,575078729.0,,,sina:512880,,
2019-10-29,512880,,0.948,0.949,0.93,0.931,550724307.0,516656249.0,,,sina:512880,,
2019-10-30,512880,,0.927,0.931,0.919,0.921,525670621.0,485646584.0,,,sina:512880,,
2019-10-31,512880,,0.922,0.928,0.918,0.92,363350672.0,335070781.0,,,sina:512880,,
2019-11-01,512880,,0.919,0.936,0.916,0.933,557073732.0,516693911.0,,,sina:512880,,
2019-11-04,512880,,0.934,0.941,0.931,0.934,478726565.0,447980308.0,,,sina:512880,,
2019-11-05,512880,,0.936,0.955,0.934,0.947,962885981.0,911281761.0,,,sina:512880,,
2019-11-06,512880,,0.947,0.947,0.934,0.937,425202055.0,400009106.0,,,sina:512880,,
2019-11-07,512880,,0.935,0.947,0.934,0.941,597131531.0,561636896.0,,,sina:512880,,
2019-11-08,512880,,0.949,0.952,0.928,0.928,711932026.0,669532327.0,,,sina:512880,,
2019-11-11,512880,,0.926,0.926,0.91,0.911,807611900.0,741741087.0,,,sina:512880,,
2019-11-12,512880,,0.911,0.916,0.906,0.913,446287099.0,406612460.0,,,sina:512880,,
2019-11-13,512880,,0.91,0.912,0.902,0.905,417267454.0,378335376.0,,,sina:512880,,
2019-11-14,512880,,0.905,0.912,0.902,0.907,462245913.0,419051772.0,,,sina:512880,,
2019-11-15,512880,,0.905,0.909,0.895,0.896,566535210.0,510280327.0,,,sina:512880,,
2019-11-18,512880,,0.894,0.91,0.893,0.907,562639436.0,509231092.0,,,sina:512880,,
2019-11-19,512880,,0.905,0.915,0.905,0.914,532599398.0,484629617.0,,,sina:512880,,
2019-11-20,512880,,0.912,0.913,0.898,0.9,497905492.0,451244374.0,,,sina:512880,,
2019-11-21,512880,,0.895,0.904,0.893,0.9,430347029.0,387247459.0,,,sina:512880,,
2019-11-22,512880,,0.901,0.91,0.894,0.899,525415439.0,473528190.0,,,sina:512880,,
2019-11-25,512880,,0.898,0.904,0.893,0.903,376390484.0,338156069.0,,,sina:512880,,
2019-11-26,512880,,0.904,0.906,0.897,0.899,273885289.0,246578993.0,,,sina:512880,,
2019-11-27,512880,,0.898,0.9,0.894,0.895,304388300.0,272784403.0,,,sina:512880,,
2019-11-28,512880,,0.894,0.899,0.892,0.895,296155726.0,265008550.0,,,sina:512880,,
2019-11-29,512880,,0.894,0.904,0.893,0.898,469923500.0,422335845.0,,,sina:512880,,
2019-12-02,512880,,0.911,0.916,0.904,0.904,666385237.0,606297877.0,,,sina:512880,,
2019-12-03,512880,,0.9,0.91,0.898,0.91,478587214.0,432883890.0,,,sina:512880,,
2019-12-04,512880,,0.905,0.908,0.903,0.907,324270164.0,293653978.0,,,sina:512880,,
2019-12-05,512880,,0.91,0.923,0.91,0.921,855951053.0,785402346.0,,,sina:512880,,
2019-12-06,512880,,0.922,0.927,0.917,0.926,543803117.0,501622800.0,,,sina:512880,,
2019-12-09,512880,,0.929,0.93,0.922,0.924,411545597.0,380804624.0,,,sina:512880,,
2019-12-10,512880,,0.921,0.925,0.916,0.923,365133027.0,336197447.0,,,sina:512880,,
2019-12-11,512880,,0.925,0.933,0.92,0.924,577551150.0,534754497.0,,,sina:512880,,
2019-12-12,512880,,0.923,0.925,0.917,0.919,443039383.0,408012277.0,,,sina:512880,,
2019-12-13,512880,,0.933,0.963,0.93,0.957,1778612812.0,1678364001.0,,,sina:512880,,
2019-12-16,512880,,0.957,0.976,0.948,0.969,1513889812.0,1455029483.0,,,sina:512880,,
2019-12-17,512880,,0.97,1.026,0.965,0.999,1896030522.0,1885222035.0,,,sina:512880,,
2019-12-18,512880,,0.997,1.015,0.993,0.998,1457653754.0,1463243621.0,,,sina:512880,,
2019-12-19,512880,,0.996,1.002,0.987,0.993,1073191184.0,1066912796.0,,,sina:512880,,
2019-12-20,512880,,0.997,1.021,0.995,1.0,1678102072.0,1691121090.0,,,sina:512880,,
2019-12-23,512880,,0.997,1.01,0.97,0.972,1442284273.0,1429068874.0,,,sina:512880,,
2019-12-24,512880,,0.975,0.984,0.97,0.983,848032406.0,828122521.0,,,sina:512880,,
2019-12-25,512880,,0.977,0.996,0.973,0.985,942237371.0,925893091.0,,,sina:512880,,
2019-12-26,512880,,0.984,1.01,0.982,1.008,1223128006.0,1215654442.0,,,sina:512880,,
2019-12-27,512880,,1.01,1.024,0.987,0.989,1558966648.0,1573271367.0,,,sina:512880,,
2019-12-30,512880,,0.983,1.054,0.98,1.046,2219702870.0,2272345371.0,,,sina:512880,,
2019-12-31,512880,,1.041,1.05,1.031,1.04,1315452754.0,1369125300.0,,,sina:512880,,
2020-01-02,512880,,1.061,1.067,1.045,1.049,1395811390.0,1474289709.0,,,sina:512880,,
2020-01-03,512880,,1.047,1.057,1.04,1.045,1060671074.0,1111262359.0,,,sina:512880,,
2020-01-06,512880,,1.037,1.068,1.032,1.045,1328032835.0,1391825750.0,,,sina:512880,,
2020-01-07,512880,,1.048,1.059,1.037,1.053,1099468288.0,1151244030.0,,,sina:512880,,
2020-01-08,512880,,1.043,1.043,1.017,1.021,1852387823.0,1910873885.0,,,sina:512880,,
2020-01-09,512880,,1.036,1.044,1.03,1.036,1071229099.0,1110250800.0,,,sina:512880,,
2020-01-10,512880,,1.052,1.055,1.03,1.038,1119346534.0,1167206439.0,,,sina:512880,,
2020-01-13,512880,,1.031,1.051,1.019,1.05,1627089539.0,1681039995.0,,,sina:512880,,
2020-01-14,512880,,1.051,1.054,1.035,1.036,1174246379.0,1228355471.0,,,sina:512880,,
2020-01-15,512880,,1.033,1.04,1.028,1.031,850667929.0,878638296.0,,,sina:512880,,
2020-01-16,512880,,1.034,1.034,1.025,1.026,671749447.0,691366396.0,,,sina:512880,,
2020-01-17,512880,,1.03,1.046,1.029,1.031,1180433639.0,1223348986.0,,,sina:512880,,
2020-01-20,512880,,1.031,1.048,1.026,1.046,1071849303.0,1113824300.0,,,sina:512880,,
2020-01-21,512880,,1.04,1.047,1.026,1.028,1115706898.0,1155100122.0,,,sina:512880,,
2020-01-22,512880,,1.02,1.042,1.003,1.035,1591216324.0,1625051351.0,,,sina:512880,,
2020-01-23,512880,,1.02,1.025,0.982,0.994,1767009605.0,1776972279.0,,,sina:512880,,
2020-02-03,512880,,0.895,0.899,0.895,0.895,873652000.0,782087956.0,,,sina:512880,,
2020-02-04,512880,,0.875,0.899,0.871,0.892,2764857798.0,2450376171.0,,,sina:512880,,
2020-02-05,512880,,0.896,0.928,0.888,0.905,2083951097.0,1887759211.0,,,sina:512880,,
2020-02-06,512880,,0.902,0.935,0.895,0.928,1929203568.0,1767315174.0,,,sina:512880,,
2020-02-07,512880,,0.92,0.935,0.917,0.929,1453968657.0,1346519490.0,,,sina:512880,,
2020-02-10,512880,,0.922,0.945,0.921,0.938,1371475760.0,1283555739.0,,,sina:512880,,
2020-02-11,512880,,0.945,0.959,0.936,0.937,1640557560.0,1550498946.0,,,sina:512880,,
2020-02-12,512880,,0.933,0.957,0.933,0.953,1331651293.0,1259504042.0,,,sina:512880,,
2020-02-13,512880,,0.95,0.957,0.933,0.937,1102893398.0,1039313776.0,,,sina:512880,,
2020-02-14,512880,,0.934,0.965,0.933,0.954,1745827711.0,1660758938.0,,,sina:512880,,
2020-02-17,512880,,0.98,1.007,0.97,1.004,2256825685.0,2224697191.0,,,sina:512880,,
2020-02-18,512880,,1.003,1.007,0.988,0.997,1354257879.0,1349768722.0,,,sina:512880,,
2020-02-19,512880,,0.996,1.02,0.993,0.999,1611729191.0,1625513594.0,,,sina:512880,,
2020-02-20,512880,,1.0,1.069,1.0,1.068,2646199005.0,2729011598.0,,,sina:512880,,
2020-02-21,512880,,1.066,1.097,1.047,1.064,3265784774.0,3493794533.0,,,sina:512880,,
2020-02-24,512880,,1.058,1.079,1.047,1.065,2123327338.0,2256141905.0,,,sina:512880,,
2020-02-25,512880,,1.048,1.076,1.021,1.073,2959501778.0,3113867280.0,,,sina:512880,,
2020-02-26,512880,,1.051,1.084,1.045,1.053,2254892741.0,2405857963.0,,,sina:512880,,
2020-02-27,512880,,1.059,1.077,1.046,1.055,1964112331.0,2083164799.0,,,sina:512880,,
2020-02-28,512880,,1.025,1.032,0.982,0.987,2767060174.0,2786168053.0,,,sina:512880,,
2020-03-02,512880,,1.001,1.045,0.991,1.036,2514581474.0,2567095422.0,,,sina:512880,,
2020-03-03,512880,,1.055,1.073,1.033,1.046,2119792138.0,2232646982.0,,,sina:512880,,
2020-03-04,512880,,1.04,1.076,1.037,1.075,2328516630.0,2461078052.0,,,sina:512880,,
2020-03-05,512880,,1.091,1.124,1.066,1.108,3314683934.0,3626344263.0,,,sina:512880,,
2020-03-06,512880,,1.088,1.093,1.066,1.067,2244218434.0,2418711723.0,,,sina:512880,,
2020-03-09,512880,,1.044,1.058,1.022,1.034,2468008036.0,2571034975.0,,,sina:512880,,
2020-03-10,512880,,1.038,1.073,1.023,1.068,2447777386.0,2572280686.0,,,sina:512880,,
2020-03-11,512880,,1.063,1.066,1.036,1.037,1489474588.0,1566761953.0,,,sina:512880,,
2020-03-12,512880,,1.021,1.037,1.013,1.025,1568893726.0,1607243615.0,,,sina:512880,,
2020-03-13,512880,,0.978,1.03,0.971,1.016,2422327525.0,2416869510.0,,,sina:512880,,
2020-03-16,512880,,1.015,1.018,0.955,0.959,2332997007.0,2307577250.0,,,sina:512880,,
2020-03-17,512880,,0.976,0.985,0.937,0.961,1622277122.0,1560814819.0,,,sina:512880,,
2020-03-18,512880,,0.964,0.975,0.929,0.93,1580257478.0,1511489078.0,,,sina:512880,,
2020-03-19,512880,,0.932,0.953,0.913,0.942,2305305914.0,2153130480.0,,,sina:512880,,
2020-03-20,512880,,0.949,0.955,0.933,0.954,1328574592.0,1256608159.0,,,sina:512880,,
2020-03-23,512880,,0.922,0.937,0.911,0.912,1365918133.0,1261825944.0,,,sina:512880,,
2020-03-24,512880,,0.931,0.937,0.909,0.936,1682349810.0,1555062081.0,,,sina:512880,,
2020-03-25,512880,,0.957,0.96,0.941,0.951,1951251658.0,1855620866.0,,,sina:512880,,
2020-03-26,512880,,0.943,0.948,0.933,0.934,953476718.0,897295176.0,,,sina:512880,,
2020-03-27,512880,,0.945,0.958,0.938,0.941,1414177289.0,1339380290.0,,,sina:512880,,
2020-03-30,512880,,0.925,0.936,0.92,0.932,891627871.0,826049492.0,,,sina:512880,,
2020-03-31,512880,,0.94,0.941,0.926,0.927,842917969.0,787476120.0,,,sina:512880,,
2020-04-01,512880,,0.922,0.94,0.921,0.922,972639732.0,904759855.0,,,sina:512880,,
2020-04-02,512880,,0.919,0.941,0.918,0.94,952760943.0,885461888.0,,,sina:512880,,
2020-04-03,512880,,0.934,0.936,0.923,0.926,699871976.0,650499614.0,,,sina:512880,,
2020-04-07,512880,,0.942,0.951,0.936,0.948,1615844533.0,1523455061.0,,,sina:512880,,
2020-04-08,512880,,0.941,0.948,0.938,0.943,719548407.0,677583077.0,,,sina:512880,,
2020-04-09,512880,,0.951,0.967,0.95,0.952,1543837561.0,1478626006.0,,,sina:512880,,
2020-04-10,512880,,0.954,0.956,0.937,0.939,981249408.0,927458063.0,,,sina:512880,,
2020-04-13,512880,,0.931,0.934,0.924,0.929,926786247.0,861427952.0,,,sina:512880,,
2020-04-14,512880,,0.935,0.965,0.931,0.954,1510585547.0,1429156199.0,,,sina:512880,,
2020-04-15,512880,,0.949,0.962,0.942,0.944,1063552988.0,1011927059.0,,,sina:512880,,
2020-04-16,512880,,0.938,0.963,0.937,0.952,1260409089.0,1201238109.0,,,sina:512880,,
2020-04-17,512880,,0.959,0.961,0.949,0.95,1019803559.0,974978712.0,,,sina:512880,,
2020-04-20,512880,,0.953,0.954,0.948,0.954,588391832.0,559693658.0,,,sina:512880,,
2020-04-21,512880,,0.949,0.949,0.931,0.936,851129227.0,798056073.0,,,sina:512880,,
2020-04-22,512880,,0.93,0.94,0.929,0.939,596631172.0,557488004.0,,,sina:512880,,
2020-04-23,512880,,0.939,0.94,0.93,0.931,573634837.0,535741111.0,,,sina:512880,,
2020-04-24,512880,,0.928,0.931,0.911,0.915,910533345.0,838012780.0,,,sina:512880,,
2020-04-27,512880,,0.915,0.923,0.911,0.913,679684510.0,623913317.0,,,sina:512880,,
2020-04-28,512880,,0.922,0.93,0.906,0.925,1211560098.0,1117234180.0,,,sina:512880,,
2020-04-29,512880,,0.918,0.931,0.917,0.926,776110407.0,718150783.0,,,sina:512880,,
2020-04-30,512880,,0.931,0.949,0.931,0.947,1428528411.0,1345201024.0,,,sina:512880,,
2020-05-06,512880,,0.931,0.95,0.93,0.95,1461013519.0,1370175587.0,,,sina:512880,,
2020-05-07,512880,,0.947,0.955,0.941,0.943,1027533110.0,973411529.0,,,sina:512880,,
2020-05-08,512880,,0.95,0.97,0.945,0.961,2015456970.0,1928812106.0,,,sina:512880,,
2020-05-11,512880,,0.963,0.966,0.947,0.954,1058147859.0,1013073934.0,,,sina:512880,,
2020-05-12,512880,,0.957,0.959,0.943,0.951,767664445.0,729571903.0,,,sina:512880,,
2020-05-13,512880,,0.945,0.954,0.943,0.951,739240366.0,701368995.0,,,sina:512880,,
2020-05-14,512880,,0.946,0.947,0.937,0.938,887031952.0,835855536.0,,,sina:512880,,
2020-05-15,512880,,0.944,0.947,0.939,0.94,753318335.0,710136139.0,,,sina:512880,,
2020-05-18,512880,,0.939,0.944,0.932,0.936,772686839.0,725127591.0,,,sina:512880,,
2020-05-19,512880,,0.945,0.946,0.938,0.941,819509501.0,771786631.0,,,sina:512880,,
2020-05-20,512880,,0.939,0.943,0.933,0.934,1009980393.0,946630506.0,,,sina:512880,,
2020-05-21,512880,,0.936,0.938,0.925,0.926,833233993.0,776419898.0,,,sina:512880,,
2020-05-22,512880,,0.925,0.926,0.903,0.905,1480161122.0,1351169867.0,,,sina:512880,,
2020-05-25,512880,,0.902,0.907,0.897,0.9,849744806.0,765743229.0,,,sina:512880,,
2020-05-26,512880,,0.904,0.91,0.903,0.909,768498421.0,696974225.0,,,sina:512880,,
2020-05-27,512880,,0.908,0.909,0.898,0.899,615587480.0,555789113.0,,,sina:512880,,
2020-05-28,512880,,0.9,0.923,0.9,0.911,1241020857.0,1131795303.0,,,sina:512880,,
2020-05-29,512880,,0.905,0.91,0.904,0.907,555545507.0,503887879.0,,,sina:512880,,
2020-06-01,512880,,0.93,0.95,0.924,0.946,2208864732.0,2070539522.0,,,sina:512880,,
2020-06-02,512880,,0.943,0.95,0.939,0.943,861550754.0,813101765.0,,,sina:512880,,
2020-06-03,512880,,0.946,0.95,0.932,0.934,984915204.0,927883114.0,,,sina:512880,,
2020-06-04,512880,,0.937,0.939,0.928,0.929,827289169.0,771419910.0,,,sina:512880,,
2020-06-05,512880,,0.93,0.94,0.924,0.939,1077597438.0,1004675947.0,,,sina:512880,,
2020-06-08,512880,,0.943,0.943,0.933,0.934,783743685.0,735176268.0,,,sina:512880,,
2020-06-09,512880,,0.935,0.951,0.934,0.943,1195506390.0,1128223842.0,,,sina:512880,,
2020-06-10,512880,,0.941,0.941,0.933,0.936,685912385.0,642376599.0,,,sina:512880,,
2020-06-11,512880,,0.936,0.949,0.93,0.93,1283265802.0,1203275353.0,,,sina:512880,,
2020-06-12,512880,,0.916,0.933,0.914,0.929,939077316.0,868254599.0,,,sina:512880,,
2020-06-15,512880,,0.93,0.948,0.926,0.927,1250434451.0,1172653440.0,,,sina:512880,,
2020-06-16,512880,,0.935,0.94,0.931,0.936,813295989.0,760507111.0,,,sina:512880,,
2020-06-17,512880,,0.936,0.937,0.927,0.933,844916273.0,787087167.0,,,sina:512880,,
2020-06-18,512880,,0.932,0.95,0.93,0.943,1234593240.0,1163027658.0,,,sina:512880,,
2020-06-19,512880,,0.943,0.985,0.941,0.975,2720016391.0,2620407630.0,,,sina:512880,,
2020-06-22,512880,,0.976,1.035,0.975,1.002,2560719435.0,2579231466.0,,,sina:512880,,
2020-06-23,512880,,0.997,1.012,0.99,1.01,1646125143.0,1649072934.0,,,sina:512880,,
2020-06-24,512880,,1.014,1.029,1.003,1.011,1280620485.0,1297149738.0,,,sina:512880,,
2020-06-29,512880,,0.998,1.002,0.974,0.979,2100662197.0,2067763767.0,,,sina:512880,,
2020-06-30,512880,,0.984,1.024,0.982,1.012,1908825652.0,1910686980.0,,,sina:512880,,
2020-07-01,512880,,1.01,1.032,1.005,1.031,1971459693.0,2008427029.0,,,sina:512880,,
2020-07-02,512880,,1.03,1.118,1.026,1.116,3600699936.0,3872691365.0,,,sina:512880,,
2020-07-03,512880,,1.128,1.228,1.115,1.228,4721688470.0,5455384112.0,,,sina:512880,,
2020-07-06,512880,,1.258,1.351,1.231,1.351,6394959542.0,8251578222.0,,,sina:512880,,
2020-07-07,512880,,1.355,1.357,1.251,1.28,6320843770.0,8195282220.0,,,sina:512880,,
2020-07-08,512880,,1.271,1.394,1.267,1.353,5186884549.0,6865287391.0,,,sina:512880,,
2020-07-09,512880,,1.339,1.395,1.319,1.36,4499221912.0,6115415111.0,,,sina:512880,,
2020-07-10,512880,,1.33,1.369,1.322,1.331,3199129393.0,4299294633.0,,,sina:512880,,
2020-07-13,512880,,1.315,1.386,1.306,1.351,3930240896.0,5285610302.0,,,sina:512880,,
2020-07-14,512880,,1.333,1.368,1.322,1.356,3121793264.0,4196685492.0,,,sina:512880,,
2020-07-15,512880,,1.371,1.384,1.31,1.315,2654490464.0,3565836849.0,,,sina:512880,,
2020-07-16,512880,,1.313,1.346,1.241,1.246,2968407113.0,3858485864.0,,,sina:512880,,
2020-07-17,512880,,1.258,1.268,1.188,1.207,3300846867.0,4037401639.0,,,sina:512880,,
2020-07-20,512880,,1.231,1.293,1.224,1.276,2674731453.0,3357120393.0,,,sina:512880,,
2020-07-21,512880,,1.275,1.281,1.243,1.254,1602875716.0,2017432326.0,,,sina:512880,,
2020-07-22,512880,,1.258,1.316,1.25,1.265,2856735471.0,3670697670.0,,,sina:512880,,
2020-07-23,512880,,1.244,1.278,1.23,1.27,2614832868.0,3282170334.0,,,sina:512880,,
2020-07-24,512880,,1.256,1.267,1.175,1.191,3051827106.0,3707800297.0,,,sina:512880,,
2020-07-27,512880,,1.193,1.201,1.163,1.188,1764860754.0,2089739822.0,,,sina:512880,,
2020-07-28,512880,,1.202,1.206,1.174,1.188,1458475005.0,1732905535.0,,,sina:512880,,
2020-07-29,512880,,1.183,1.242,1.179,1.236,2983875206.0,3647846056.0,,,sina:512880,,
2020-07-30,512880,,1.237,1.244,1.22,1.226,1518334664.0,1868512947.0,,,sina:512880,,
2020-07-31,512880,,1.223,1.268,1.222,1.245,2294373835.0,2856561033.0,,,sina:512880,,
2020-08-03,512880,,1.267,1.274,1.245,1.272,2156572857.0,2718176207.0,,,sina:512880,,
2020-08-04,512880,,1.272,1.29,1.258,1.264,1872547134.0,2379678280.0,,,sina:512880,,
2020-08-05,512880,,1.259,1.268,1.242,1.258,1296944613.0,1626930866.0,,,sina:512880,,
2020-08-06,512880,,1.259,1.318,1.235,1.302,2692316312.0,3412767172.0,,,sina:512880,,
2020-08-07,512880,,1.27,1.302,1.23,1.257,3317998037.0,4190951744.0,,,sina:512880,,
2020-08-10,512880,,1.242,1.299,1.237,1.271,3162122724.0,4023647335.0,,,sina:512880,,
2020-08-11,512880,,1.268,1.287,1.226,1.228,2124082988.0,2680755447.0,,,sina:512880,,
2020-08-12,512880,,1.221,1.236,1.197,1.221,1909527654.0,2324228813.0,,,sina:512880,,
2020-08-13,512880,,1.227,1.249,1.217,1.229,1347456607.0,1659217599.0,,,sina:512880,,
2020-08-14,512880,,1.221,1.25,1.218,1.249,1592953198.0,1967844402.0,,,sina:512880,,
2020-08-17,512880,,1.279,1.345,1.268,1.311,4635742441.0,6021798580.0,,,sina:512880,,
2020-08-18,512880,,1.302,1.32,1.291,1.301,1821623336.0,2375620086.0,,,sina:512880,,
2020-08-19,512880,,1.297,1.311,1.272,1.276,1725670372.0,2233035504.0,,,sina:512880,,
2020-08-20,512880,,1.265,1.272,1.25,1.253,1216911159.0,1532331632.0,,,sina:512880,,
2020-08-21,512880,,1.264,1.283,1.256,1.275,1253501742.0,1590641699.0,,,sina:512880,,
2020-08-24,512880,,1.279,1.285,1.263,1.266,1113150834.0,1413882525.0,,,sina:512880,,
2020-08-25,512880,,1.27,1.286,1.256,1.261,1274817434.0,1621716537.0,,,sina:512880,,
2020-08-26,512880,,1.256,1.264,1.226,1.229,1843869936.0,2287919306.0,,,sina:512880,,
2020-08-27,512880,,1.228,1.242,1.22,1.233,1232631855.0,1517523500.0,,,sina:512880,,
2020-08-28,512880,,1.231,1.273,1.228,1.269,1959036902.0,2454933640.0,,,sina:512880,,
2020-08-31,512880,,1.279,1.304,1.262,1.266,2205295224.0,2841107392.0,,,sina:512880,,
2020-09-01,512880,,1.258,1.273,1.253,1.272,935211590.0,1181153815.0,,,sina:512880,,
2020-09-02,512880,,1.276,1.283,1.251,1.268,1544957742.0,1959985462.0,,,sina:512880,,
2020-09-03,512880,,1.266,1.288,1.255,1.258,1280200453.0,1625445542.0,,,sina:512880,,
2020-09-04,512880,,1.237,1.251,1.234,1.246,1080437338.0,1344220319.0,,,sina:512880,,
2020-09-07,512880,,1.244,1.248,1.205,1.208,1432938618.0,1758041796.0,,,sina:512880,,
2020-09-08,512880,,1.211,1.241,1.202,1.231,1491494982.0,1821402177.0,,,sina:512880,,
2020-09-09,512880,,1.215,1.224,1.2,1.206,1267466015.0,1537395400.0,,,sina:512880,,
2020-09-10,512880,,1.216,1.218,1.178,1.182,1584363762.0,1902161669.0,,,sina:512880,,
2020-09-11,512880,,1.176,1.186,1.166,1.181,1025753775.0,1208021403.0,,,sina:512880,,
2020-09-14,512880,,1.188,1.19,1.174,1.182,805212278.0,951598939.0,,,sina:512880,,
2020-09-15,512880,,1.181,1.19,1.177,1.186,732331082.0,866977668.0,,,sina:512880,,
2020-09-16,512880,,1.186,1.198,1.176,1.181,954584448.0,1134147475.0,,,sina:512880,,
2020-09-17,512880,,1.179,1.185,1.16,1.17,1027704443.0,1203667146.0,,,sina:512880,,
2020-09-18,512880,,1.169,1.238,1.167,1.234,2471359287.0,2978255158.0,,,sina:512880,,
2020-09-21,512880,,1.264,1.27,1.225,1.225,2160225746.0,2687063418.0,,,sina:512880,,
2020-09-22,512880,,1.211,1.266,1.21,1.23,2058375365.0,2546657941.0,,,sina:512880,,
2020-09-23,512880,,1.228,1.235,1.216,1.218,994805002.0,1216067415.0,,,sina:512880,,
2020-09-24,512880,,1.21,1.227,1.203,1.204,1093271608.0,1325209464.0,,,sina:512880,,
2020-09-25,512880,,1.207,1.232,1.203,1.223,1678149332.0,2046925522.0,,,sina:512880,,
2020-09-28,512880,,1.216,1.229,1.214,1.221,1143290756.0,1397391329.0,,,sina:512880,,
2020-09-29,512880,,1.226,1.236,1.223,1.225,1134873484.0,1394310578.0,,,sina:512880,,
2020-09-30,512880,,1.227,1.229,1.2,1.208,1130222820.0,1373201386.0,,,sina:512880,,
2020-10-09,512880,,1.228,1.231,1.22,1.228,1028689972.0,1260997555.0,,,sina:512880,,
2020-10-12,512880,,1.237,1.279,1.235,1.277,2320803226.0,2931925814.0,,,sina:512880,,
2020-10-13,512880,,1.26,1.261,1.247,1.258,2074017650.0,2602227492.0,,,sina:512880,,
2020-10-14,512880,,1.256,1.257,1.238,1.243,1412581570.0,1759083258.0,,,sina:512880,,
2020-10-15,512880,,1.245,1.262,1.24,1.24,1156693382.0,1444906604.0,,,sina:512880,,
2020-10-16,512880,,1.244,1.252,1.239,1.247,1117103139.0,1391261989.0,,,sina:512880,,
2020-10-19,512880,,1.257,1.266,1.231,1.232,1621908290.0,2024964112.0,,,sina:512880,,
2020-10-20,512880,,1.228,1.235,1.216,1.234,1005670064.0,1233010531.0,,,sina:512880,,
2020-10-21,512880,,1.233,1.236,1.22,1.226,968557522.0,1187702100.0,,,sina:512880,,
2020-10-22,512880,,1.222,1.246,1.219,1.235,1171951025.0,1441887185.0,,,sina:512880,,
2020-10-23,512880,,1.233,1.242,1.214,1.215,1287847556.0,1585309238.0,,,sina:512880,,
2020-10-26,512880,,1.208,1.208,1.168,1.177,1888945813.0,2231791753.0,,,sina:512880,,
2020-10-27,512880,,1.172,1.177,1.164,1.174,1025011180.0,1200711419.0,,,sina:512880,,
2020-10-28,512880,,1.172,1.185,1.166,1.181,1020986601.0,1201213221.0,,,sina:512880,,
2020-10-29,512880,,1.168,1.201,1.166,1.191,1656394267.0,1960638335.0,,,sina:512880,,
2020-10-30,512880,,1.184,1.194,1.148,1.149,1585129643.0,1854581873.0,,,sina:512880,,
2020-11-02,512880,,1.15,1.174,1.13,1.146,1580824211.0,1820588522.0,,,sina:512880,,
2020-11-03,512880,,1.149,1.187,1.147,1.174,1686656342.0,1973669855.0,,,sina:512880,,
2020-11-04,512880,,1.173,1.178,1.157,1.168,1084007376.0,1265763536.0,,,sina:512880,,
2020-11-05,512880,,1.186,1.196,1.176,1.186,1649836969.0,1955591168.0,,,sina:512880,,
2020-11-06,512880,,1.187,1.203,1.18,1.19,1637832188.0,1950758750.0,,,sina:512880,,
2020-11-09,512880,,1.199,1.252,1.194,1.236,3063137660.0,3756280402.0,,,sina:512880,,
2020-11-10,512880,,1.238,1.24,1.211,1.216,1584916021.0,1942670348.0,,,sina:512880,,
2020-11-11,512880,,1.214,1.217,1.189,1.19,1215585667.0,1457998571.0,,,sina:512880,,
2020-11-12,512880,,1.19,1.199,1.182,1.184,889837375.0,1056291041.0,,,sina:512880,,
2020-11-13,512880,,1.18,1.18,1.163,1.172,1417435086.0,1658362216.0,,,sina:512880,,
2020-11-16,512880,,1.178,1.183,1.166,1.179,1058250008.0,1244367895.0,,,sina:512880,,
2020-11-17,512880,,1.177,1.181,1.163,1.181,1104643356.0,1294234964.0,,,sina:512880,,
2020-11-18,512880,,1.182,1.201,1.18,1.187,1597316106.0,1903054403.0,,,sina:512880,,
2020-11-19,512880,,1.177,1.193,1.161,1.188,1582945785.0,1863065742.0,,,sina:512880,,
2020-11-20,512880,,1.184,1.193,1.182,1.189,1249614805.0,1484247815.0,,,sina:512880,,
2020-11-23,512880,,1.185,1.232,1.178,1.212,3179759480.0,3842872322.0,,,sina:512880,,
2020-11-24,512880,,1.206,1.217,1.198,1.202,1498033140.0,1808296329.0,,,sina:512880,,
2020-11-25,512880,,1.211,1.218,1.181,1.183,1701948222.0,2042975068.0,,,sina:512880,,
2020-11-26,512880,,1.18,1.194,1.176,1.188,1175563870.0,1391872069.0,,,sina:512880,,
2020-11-27,512880,,1.189,1.216,1.186,1.214,1903054212.0,2283288207.0,,,sina:512880,,
2020-11-30,512880,,1.223,1.267,1.218,1.222,3904670428.0,4859629902.0,,,sina:512880,,
2020-12-01,512880,,1.218,1.277,1.213,1.268,3210386870.0,4000212516.0,,,sina:512880,,
2020-12-02,512880,,1.265,1.288,1.255,1.265,2474974970.0,3137928239.0,,,sina:512880,,
2020-12-03,512880,,1.26,1.279,1.253,1.267,1730785520.0,2190507051.0,,,sina:512880,,
2020-12-04,512880,,1.26,1.26,1.237,1.248,1847915942.0,2301647633.0,,,sina:512880,,
2020-12-07,512880,,1.247,1.248,1.223,1.223,1528699293.0,1885709119.0,,,sina:512880,,
2020-12-08,512880,,1.224,1.237,1.221,1.226,1295767459.0,1592058578.0,,,sina:512880,,
2020-12-09,512880,,1.228,1.234,1.182,1.187,2278442171.0,2757443199.0,,,sina:512880,,
2020-12-10,512880,,1.181,1.19,1.171,1.181,1707153017.0,2017179126.0,,,sina:512880,,
2020-12-11,512880,,1.181,1.183,1.155,1.167,2067066192.0,2415174697.0,,,sina:512880,,
2020-12-14,512880,,1.168,1.17,1.156,1.166,1320139682.0,1535467599.0,,,sina:512880,,
2020-12-15,512880,,1.163,1.173,1.156,1.169,1260410554.0,1466245565.0,,,sina:512880,,
2020-12-16,512880,,1.17,1.171,1.155,1.156,1261148486.0,1465754432.0,,,sina:512880,,
2020-12-17,512880,,1.155,1.19,1.148,1.187,2723227548.0,3188213527.0,,,sina:512880,,
2020-12-18,512880,,1.18,1.187,1.169,1.173,1316038425.0,1548762552.0,,,sina:512880,,
2020-12-21,512880,,1.173,1.189,1.163,1.185,1721188916.0,2027072463.0,,,sina:512880,,
2020-12-22,512880,,1.178,1.181,1.133,1.135,2648504440.0,3063397425.0,,,sina:512880,,
2020-12-23,512880,,1.138,1.152,1.131,1.144,1928682840.0,2200577864.0,,,sina:512880,,
2020-12-24,512880,,1.142,1.154,1.13,1.133,1548858666.0,1764043040.0,,,sina:512880,,
2020-12-25,512880,,1.13,1.154,1.123,1.147,2112946204.0,2411150149.0,,,sina:512880,,
2020-12-28,512880,,1.143,1.16,1.137,1.141,1770120509.0,2028391632.0,,,sina:512880,,
2020-12-29,512880,,1.145,1.168,1.143,1.147,2034598292.0,2349104686.0,,,sina:512880,,
2020-12-30,512880,,1.142,1.17,1.14,1.169,2208461648.0,2555877582.0,,,sina:512880,,
2020-12-31,512880,,1.18,1.232,1.18,1.222,4696784702.0,5690329374.0,,,sina:512880,,
2021-01-04,512880,,1.235,1.244,1.206,1.232,3081342309.0,3778916843.0,,,sina:512880,,
2021-01-05,512880,,1.221,1.242,1.207,1.229,2725415646.0,3338472731.0,,,sina:512880,,
2021-01-06,512880,,1.23,1.253,1.215,1.229,2423354642.0,2985447343.0,,,sina:512880,,
2021-01-07,512880,,1.232,1.242,1.205,1.241,2831725121.0,3475369371.0,,,sina:512880,,
2021-01-08,512880,,1.241,1.25,1.227,1.231,2478486774.0,3061578852.0,,,sina:512880,,
2021-01-11,512880,,1.237,1.243,1.201,1.202,2676947419.0,3271542471.0,,,sina:512880,,
2021-01-12,512880,,1.197,1.293,1.19,1.286,5416773171.0,6735155498.0,,,sina:512880,,
2021-01-13,512880,,1.28,1.29,1.245,1.253,3091178428.0,3918412773.0,,,sina:512880,,
2021-01-14,512880,,1.246,1.249,1.221,1.222,2575705994.0,3174153957.0,,,sina:512880,,
2021-01-15,512880,,1.22,1.244,1.211,1.221,2179418209.0,2672655805.0,,,sina:512880,,
2021-01-18,512880,,1.214,1.251,1.211,1.233,2378499800.0,2935220796.0,,,sina:512880,,
2021-01-19,512880,,1.23,1.255,1.223,1.231,2229012116.0,2756421035.0,,,sina:512880,,
2021-01-20,512880,,1.233,1.25,1.227,1.231,1942581404.0,2402153355.0,,,sina:512880,,
2021-01-21,512880,,1.236,1.273,1.23,1.251,3087930983.0,3861601696.0,,,sina:512880,,
2021-01-22,512880,,1.245,1.248,1.219,1.224,2752955180.0,3385143881.0,,,sina:512880,,
2021-01-25,512880,,1.225,1.236,1.211,1.215,2493263691.0,3045305528.0,,,sina:512880,,
2021-01-26,512880,,1.208,1.216,1.17,1.171,2730856343.0,3250342649.0,,,sina:512880,,
2021-01-27,512880,,1.172,1.184,1.169,1.174,1489957790.0,1752824788.0,,,sina:512880,,
2021-01-28,512880,,1.163,1.18,1.158,1.168,1977095944.0,2305440217.0,,,sina:512880,,
2021-01-29,512880,,1.174,1.177,1.138,1.156,1924930319.0,2228624799.0,,,sina:512880,,
2021-02-01,512880,,1.162,1.167,1.148,1.151,1484350230.0,1715843213.0,,,sina:512880,,
2021-02-02,512880,,1.152,1.154,1.138,1.153,2205787961.0,2527778725.0,,,sina:512880,,
2021-02-03,512880,,1.15,1.154,1.136,1.137,1847339137.0,2114109363.0,,,sina:512880,,
2021-02-04,512880,,1.132,1.132,1.097,1.109,2826605952.0,3150276570.0,,,sina:512880,,
2021-02-05,512880,,1.112,1.124,1.099,1.101,1880670383.0,2091163363.0,,,sina:512880,,
2021-02-08,512880,,1.104,1.113,1.087,1.102,1917088596.0,2110497803.0,,,sina:512880,,
2021-02-09,512880,,1.103,1.137,1.091,1.134,3081214332.0,3448025511.0,,,sina:512880,,
2021-02-10,512880,,1.13,1.139,1.123,1.133,1786641478.0,2019944484.0,,,sina:512880,,
2021-02-18,512880,,1.153,1.159,1.138,1.139,2196956708.0,2521484046.0,,,sina:512880,,
2021-02-19,512880,,1.134,1.163,1.131,1.162,1820450442.0,2086356235.0,,,sina:512880,,
2021-02-22,512880,,1.163,1.17,1.126,1.127,2552975602.0,2939421142.0,,,sina:512880,,
2021-02-23,512880,,1.123,1.14,1.116,1.123,1606562462.0,1812369114.0,,,sina:512880,,
2021-02-24,512880,,1.123,1.133,1.106,1.115,1801254287.0,2018709151.0,,,sina:512880,,
2021-02-25,512880,,1.12,1.132,1.11,1.116,1875486053.0,2104365209.0,,,sina:512880,,
2021-02-26,512880,,1.1,1.109,1.092,1.098,1827337071.0,2012423009.0,,,sina:512880,,
2021-03-01,512880,,1.099,1.1,1.081,1.09,1900106565.0,2064865509.0,,,sina:512880,,
2021-03-02,512880,,1.091,1.096,1.073,1.077,1665232428.0,1803906203.0,,,sina:512880,,
2021-03-03,512880,,1.075,1.097,1.073,1.097,2008929548.0,2185597588.0,,,sina:512880,,
2021-03-04,512880,,1.088,1.091,1.069,1.071,1832150546.0,1975135516.0,,,sina:512880,,
2021-03-05,512880,,1.063,1.102,1.062,1.093,2584591601.0,2813655138.0,,,sina:512880,,
2021-03-08,512880,,1.1,1.108,1.072,1.073,1835950190.0,2004935964.0,,,sina:512880,,
2021-03-09,512880,,1.073,1.077,1.037,1.045,1826401997.0,1930858107.0,,,sina:512880,,
2021-03-10,512880,,1.055,1.056,1.038,1.039,1171412848.0,1224092470.0,,,sina:512880,,
2021-03-11,512880,,1.04,1.057,1.039,1.056,1426259963.0,1497464518.0,,,sina:512880,,
2021-03-12,512880,,1.054,1.068,1.038,1.056,1981006616.0,2084501938.0,,,sina:512880,,
2021-03-15,512880,,1.046,1.046,1.029,1.032,1442472935.0,1495015488.0,,,sina:512880,,
2021-03-16,512880,,1.034,1.039,1.027,1.037,1062890705.0,1099562953.0,,,sina:512880,,
2021-03-17,512880,,1.034,1.045,1.032,1.039,1130361441.0,1173982329.0,,,sina:512880,,
2021-03-18,512880,,1.041,1.051,1.038,1.041,1048012951.0,1094127066.0,,,sina:512880,,
2021-03-19,512880,,1.031,1.035,1.026,1.03,1133604079.0,1168192243.0,,,sina:512880,,
2021-03-22,512880,,1.034,1.057,1.032,1.049,1459578674.0,1524607595.0,,,sina:512880,,
2021-03-23,512880,,1.046,1.064,1.039,1.054,1616098393.0,1698546295.0,,,sina:512880,,
2021-03-24,512880,,1.049,1.085,1.047,1.06,2136040371.0,2280818393.0,,,sina:512880,,
2021-03-25,512880,,1.052,1.064,1.05,1.051,931242462.0,982796836.0,,,sina:512880,,
2021-03-26,512880,,1.052,1.061,1.048,1.057,1100542437.0,1161811245.0,,,sina:512880,,
2021-03-29,512880,,1.056,1.067,1.052,1.056,1025905772.0,1085407256.0,,,sina:512880,,
2021-03-30,512880,,1.053,1.058,1.05,1.052,930568723.0,980287327.0,,,sina:512880,,
2021-03-31,512880,,1.051,1.052,1.036,1.037,1024516773.0,1066227103.0,,,sina:512880,,
2021-04-01,512880,,1.039,1.046,1.034,1.045,1557134635.0,1619624533.0,,,sina:512880,,
2021-04-02,512880,,1.047,1.054,1.043,1.048,1141039349.0,1195138791.0,,,sina:512880,,
2021-04-06,512880,,1.054,1.056,1.046,1.046,976061464.0,1024950179.0,,,sina:512880,,
2021-04-07,512880,,1.045,1.049,1.038,1.043,1007469532.0,1050253057.0,,,sina:512880,,
2021-04-08,512880,,1.04,1.059,1.038,1.048,1868536616.0,1962728050.0,,,sina:512880,,
2021-04-09,512880,,1.044,1.047,1.035,1.036,927299896.0,964138247.0,,,sina:512880,,
2021-04-12,512880,,1.034,1.037,1.014,1.015,1229334207.0,1263212814.0,,,sina:512880,,
2021-04-13,512880,,1.013,1.018,1.007,1.013,1076366448.0,1090380152.0,,,sina:512880,,
2021-04-14,512880,,1.013,1.028,1.012,1.025,1070382690.0,1093744733.0,,,sina:512880,,
2021-04-15,512880,,1.021,1.021,1.012,1.015,793303100.0,805364346.0,,,sina:512880,,
2021-04-16,512880,,1.017,1.027,1.014,1.022,889544624.0,907821167.0,,,sina:512880,,
2021-04-19,512880,,1.019,1.052,1.017,1.049,1787944492.0,1855350937.0,,,sina:512880,,
2021-04-20,512880,,1.045,1.055,1.038,1.039,911114547.0,952557083.0,,,sina:512880,,
2021-04-21,512880,,1.035,1.044,1.033,1.037,658965109.0,683667768.0,,,sina:512880,,
2021-04-22,512880,,1.042,1.05,1.038,1.04,907704992.0,946779155.0,,,sina:512880,,
2021-04-23,512880,,1.036,1.045,1.035,1.038,797559785.0,828563451.0,,,sina:512880,,
2021-04-26,512880,,1.04,1.051,1.02,1.02,1290862154.0,1338399968.0,,,sina:512880,,
2021-04-27,512880,,1.017,1.023,1.005,1.014,1503969149.0,1522137418.0,,,sina:512880,,
2021-04-28,512880,,1.011,1.022,1.01,1.017,875188960.0,889584399.0,,,sina:512880,,
2021-04-29,512880,,1.018,1.05,1.017,1.042,2202481363.0,2287667613.0,,,sina:512880,,
2021-04-30,512880,,1.038,1.044,1.027,1.031,1343627998.0,1390274841.0,,,sina:512880,,
2021-05-06,512880,,1.04,1.045,1.021,1.022,1015853206.0,1047481682.0,,,sina:512880,,
2021-05-07,512880,,1.021,1.023,1.005,1.007,1456613045.0,1474271644.0,,,sina:512880,,
2021-05-10,512880,,1.007,1.007,0.992,0.998,1356928977.0,1353454701.0,,,sina:512880,,
2021-05-11,512880,,0.993,1.019,0.99,1.013,1479539941.0,1485504600.0,,,sina:512880,,
2021-05-12,512880,,1.008,1.013,1.003,1.01,869181358.0,876127860.0,,,sina:512880,,
2021-05-13,512880,,1.004,1.014,1.002,1.006,778747152.0,785282337.0,,,sina:512880,,
2021-05-14,512880,,1.01,1.087,1.01,1.081,4567532351.0,4804391524.0,,,sina:512880,,
2021-05-17,512880,,1.063,1.076,1.056,1.066,2113672667.0,2252407737.0,,,sina:512880,,
2021-05-18,512880,,1.061,1.083,1.059,1.065,1514681881.0,1619904635.0,,,sina:512880,,
2021-05-19,512880,,1.06,1.079,1.06,1.064,1271052461.0,1357576846.0,,,sina:512880,,
2021-05-20,512880,,1.063,1.092,1.063,1.079,1875845216.0,2020517118.0,,,sina:512880,,
2021-05-21,512880,,1.079,1.081,1.058,1.06,1442142949.0,1538183308.0,,,sina:512880,,
2021-05-24,512880,,1.066,1.092,1.066,1.08,1966175672.0,2126126465.0,,,sina:512880,,
2021-05-25,512880,,1.078,1.133,1.076,1.127,3616967616.0,4040635592.0,,,sina:512880,,
2021-05-26,512880,,1.133,1.148,1.122,1.124,2452220170.0,2787495913.0,,,sina:512880,,
2021-05-27,512880,,1.12,1.138,1.117,1.125,1425528617.0,1602782972.0,,,sina:512880,,
2021-05-28,512880,,1.125,1.162,1.121,1.142,2167460270.0,2469905284.0,,,sina:512880,,
2021-05-31,512880,,1.142,1.147,1.131,1.144,1274004907.0,1449849556.0,,,sina:512880,,
2021-06-01,512880,,1.138,1.138,1.116,1.129,1568411840.0,1763974226.0,,,sina:512880,,
2021-06-02,512880,,1.126,1.134,1.103,1.105,1621625076.0,1808567183.0,,,sina:512880,,
2021-06-03,512880,,1.106,1.124,1.102,1.105,1309727186.0,1458951834.0,,,sina:512880,,
2021-06-04,512880,,1.099,1.146,1.097,1.111,1931000273.0,2155242949.0,,,sina:512880,,
2021-06-07,512880,,1.111,1.132,1.107,1.12,1259354046.0,1409807498.0,,,sina:512880,,
2021-06-08,512880,,1.116,1.136,1.114,1.122,1333981541.0,1500778873.0,,,sina:512880,,
2021-06-09,512880,,1.122,1.126,1.105,1.109,1133290771.0,1260505612.0,,,sina:512880,,
2021-06-10,512880,,1.109,1.129,1.107,1.113,1219929778.0,1363471549.0,,,sina:512880,,
2021-06-11,512880,,1.116,1.119,1.092,1.093,1408942998.0,1558165467.0,,,sina:512880,,
2021-06-15,512880,,1.094,1.095,1.077,1.078,1144372925.0,1239179502.0,,,sina:512880,,
2021-06-16,512880,,1.076,1.084,1.064,1.07,1265084532.0,1356353722.0,,,sina:512880,,
2021-06-17,512880,,1.071,1.08,1.068,1.074,1164625185.0,1250603869.0,,,sina:512880,,
2021-06-18,512880,,1.073,1.09,1.07,1.085,1298921130.0,1404546982.0,,,sina:512880,,
2021-06-21,512880,,1.086,1.096,1.08,1.084,1098327079.0,1192539943.0,,,sina:512880,,
2021-06-22,512880,,1.088,1.091,1.076,1.08,1067297247.0,1154695494.0,,,sina:512880,,
2021-06-23,512880,,1.08,1.091,1.072,1.085,1307553735.0,1415815004.0,,,sina:512880,,
2021-06-24,512880,,1.086,1.101,1.083,1.089,1290951877.0,1408810944.0,,,sina:512880,,
2021-06-25,512880,,1.092,1.134,1.087,1.123,2801578598.0,3126190115.0,,,sina:512880,,
2021-06-28,512880,,1.126,1.129,1.108,1.112,1488619059.0,1657433314.0,,,sina:512880,,
2021-06-29,512880,,1.111,1.114,1.094,1.097,1329502283.0,1466534129.0,,,sina:512880,,
2021-06-30,512880,,1.098,1.112,1.094,1.109,1386706030.0,1529390794.0,,,sina:512880,,
2021-07-01,512880,,1.125,1.131,1.075,1.077,1907631660.0,2099328035.0,,,sina:512880,,
2021-07-02,512880,,1.073,1.073,1.045,1.046,1535304035.0,1622990469.0,,,sina:512880,,
2021-07-05,512880,,1.047,1.052,1.038,1.048,930519758.0,972641990.0,,,sina:512880,,
2021-07-06,512880,,1.049,1.056,1.042,1.054,961070297.0,1007629972.0,,,sina:512880,,
2021-07-07,512880,,1.048,1.061,1.046,1.057,1105445974.0,1167627390.0,,,sina:512880,,
2021-07-08,512880,,1.064,1.07,1.054,1.055,1107373216.0,1176688932.0,,,sina:512880,,
2021-07-09,512880,,1.049,1.064,1.048,1.06,1142756972.0,1207523507.0,,,sina:512880,,
2021-07-12,512880,,1.074,1.091,1.065,1.083,1934928922.0,2090064387.0,,,sina:512880,,
2021-07-13,512880,,1.078,1.085,1.071,1.077,915419711.0,985732158.0,,,sina:512880,,
2021-07-14,512880,,1.075,1.078,1.062,1.064,1029459373.0,1100980190.0,,,sina:512880,,
2021-07-15,512880,,1.062,1.082,1.061,1.08,1338591000.0,1437078466.0,,,sina:512880,,
2021-07-16,512880,,1.086,1.096,1.076,1.08,1783225902.0,1933758031.0,,,sina:512880,,
2021-07-19,512880,,1.074,1.077,1.065,1.076,1114990851.0,1194211808.0,,,sina:512880,,
2021-07-20,512880,,1.067,1.079,1.066,1.071,884505597.0,947608142.0,,,sina:512880,,
2021-07-21,512880,,1.074,1.099,1.073,1.088,1959305750.0,2133061512.0,,,sina:512880,,
2021-07-22,512880,,1.088,1.109,1.084,1.106,2125484766.0,2335833778.0,,,sina:512880,,
2021-07-23,512880,,1.107,1.143,1.095,1.111,2623444947.0,2930963702.0,,,sina:512880,,
2021-07-26,512880,,1.111,1.12,1.079,1.08,1948683670.0,2143096948.0,,,sina:512880,,
2021-07-27,512880,,1.08,1.086,1.044,1.049,1813527493.0,1932416805.0,,,sina:512880,,
2021-07-28,512880,,1.045,1.054,1.032,1.037,1324091198.0,1379023934.0,,,sina:512880,,
2021-07-29,512880,,1.048,1.06,1.042,1.051,1478399393.0,1551389221.0,,,sina:512880,,
2021-07-30,512880,,1.044,1.046,1.026,1.028,1430688264.0,1476924275.0,,,sina:512880,,
2021-08-02,512880,,1.025,1.084,1.015,1.069,2486605081.0,2618296392.0,,,sina:512880,,
2021-08-03,512880,,1.06,1.096,1.057,1.07,1866997796.0,2007488819.0,,,sina:512880,,
2021-08-04,512880,,1.067,1.076,1.063,1.072,1157531619.0,1237710014.0,,,sina:512880,,
2021-08-05,512880,,1.067,1.077,1.05,1.053,1180027884.0,1252809847.0,,,sina:512880,,
2021-08-06,512880,,1.053,1.064,1.051,1.057,1000155857.0,1057734903.0,,,sina:512880,,
2021-08-09,512880,,1.051,1.09,1.051,1.08,1882334714.0,2031465057.0,,,sina:512880,,
2021-08-10,512880,,1.077,1.097,1.07,1.096,1858556557.0,2016637173.0,,,sina:512880,,
2021-08-11,512880,,1.094,1.104,1.085,1.086,1331915661.0,1456132521.0,,,sina:512880,,
2021-08-12,512880,,1.083,1.09,1.077,1.079,891681262.0,964708417.0,,,sina:512880,,
2021-08-13,512880,,1.077,1.089,1.072,1.079,929520052.0,1003080389.0,,,sina:512880,,
2021-08-16,512880,,1.083,1.105,1.082,1.089,1644140464.0,1801028641.0,,,sina:512880,,
2021-08-17,512880,,1.086,1.124,1.08,1.082,2260942699.0,2492528462.0,,,sina:512880,,
2021-08-18,512880,,1.078,1.159,1.077,1.157,4662187494.0,5270225865.0,,,sina:512880,,
2021-08-19,512880,,1.154,1.175,1.131,1.133,3121012206.0,3587032014.0,,,sina:512880,,
2021-08-20,512880,,1.129,1.149,1.116,1.135,1903181598.0,2155381084.0,,,sina:512880,,
2021-08-23,512880,,1.142,1.154,1.129,1.139,1624459876.0,1851945357.0,,,sina:512880,,
2021-08-24,512880,,1.138,1.175,1.129,1.161,2702676427.0,3119255580.0,,,sina:512880,,
2021-08-25,512880,,1.153,1.158,1.138,1.143,1699089230.0,1946060237.0,,,sina:512880,,
2021-08-26,512880,,1.14,1.15,1.127,1.129,1630177026.0,1852677722.0,,,sina:512880,,
2021-08-27,512880,,1.126,1.143,1.121,1.125,1616535900.0,1823644999.0,,,sina:512880,,
2021-08-30,512880,,1.13,1.132,1.1,1.105,2264450329.0,2514663667.0,,,sina:512880,,
2021-08-31,512880,,1.102,1.14,1.095,1.13,3118745241.0,3481894655.0,,,sina:512880,,
2021-09-01,512880,,1.125,1.198,1.121,1.17,4495869172.0,5230316914.0,,,sina:512880,,
2021-09-02,512880,,1.17,1.196,1.164,1.191,3080116499.0,3650663167.0,,,sina:512880,,
2021-09-03,512880,,1.24,1.244,1.177,1.178,3572125271.0,4311095744.0,,,sina:512880,,
2021-09-06,512880,,1.179,1.227,1.178,1.215,2504603439.0,3034622449.0,,,sina:512880,,
2021-09-07,512880,,1.205,1.25,1.195,1.244,3012297507.0,3687195924.0,,,sina:512880,,
2021-09-08,512880,,1.239,1.277,1.234,1.243,2545687527.0,3190735445.0,,,sina:512880,,
2021-09-09,512880,,1.226,1.239,1.217,1.233,1778570043.0,2183068069.0,,,sina:512880,,
2021-09-10,512880,,1.24,1.289,1.236,1.249,2906473031.0,3660344926.0,,,sina:512880,,
2021-09-13,512880,,1.247,1.274,1.244,1.253,1659640802.0,2084309326.0,,,sina:512880,,
2021-09-14,512880,,1.253,1.257,1.211,1.215,2194060417.0,2696725312.0,,,sina:512880,,
2021-09-15,512880,,1.21,1.228,1.203,1.211,1520647240.0,1847482587.0,,,sina:512880,,
2021-09-16,512880,,1.213,1.218,1.182,1.186,1900875279.0,2274756929.0,,,sina:512880,,
2021-09-17,512880,,1.187,1.204,1.181,1.2,1569947672.0,1875189394.0,,,sina:512880,,
2021-09-22,512880,,1.188,1.199,1.181,1.191,1451857245.0,1725020003.0,,,sina:512880,,
2021-09-23,512880,,1.2,1.219,1.192,1.206,1640754677.0,1977385237.0,,,sina:512880,,
2021-09-24,512880,,1.206,1.214,1.188,1.189,1503479096.0,1804080913.0,,,sina:512880,,
2021-09-27,512880,,1.188,1.198,1.15,1.157,2112275469.0,2484495280.0,,,sina:512880,,
2021-09-28,512880,,1.16,1.184,1.159,1.175,1261813787.0,1480766006.0,,,sina:512880,,
2021-09-29,512880,,1.166,1.168,1.143,1.159,1715589833.0,1985045469.0,,,sina:512880,,
2021-09-30,512880,,1.163,1.164,1.149,1.157,1107449314.0,1280466217.0,,,sina:512880,,
2021-10-08,512880,,1.165,1.176,1.161,1.169,1079636983.0,1261655452.0,,,sina:512880,,
2021-10-11,512880,,1.171,1.178,1.159,1.162,1025189810.0,1198599749.0,,,sina:512880,,
2021-10-12,512880,,1.156,1.156,1.112,1.125,2363846742.0,2675975701.0,,,sina:512880,,
2021-10-13,512880,,1.124,1.137,1.115,1.131,1301051872.0,1466804826.0,,,sina:512880,,
2021-10-14,512880,,1.128,1.133,1.12,1.128,1082041958.0,1219862510.0,,,sina:512880,,
2021-10-15,512880,,1.121,1.136,1.121,1.129,1080050445.0,1219068250.0,,,sina:512880,,
2021-10-18,512880,,1.13,1.133,1.123,1.13,797703022.0,900000939.0,,,sina:512880,,
2021-10-19,512880,,1.127,1.146,1.127,1.136,1105585103.0,1257696755.0,,,sina:512880,,
2021-10-20,512880,,1.136,1.143,1.131,1.132,1172695663.0,1332889896.0,,,sina:512880,,
2021-10-21,512880,,1.133,1.147,1.126,1.135,1702101487.0,1933781616.0,,,sina:512880,,
2021-10-22,512880,,1.137,1.145,1.13,1.137,1229629536.0,1398547355.0,,,sina:512880,,
2021-10-25,512880,,1.136,1.157,1.126,1.152,1757520776.0,2002901940.0,,,sina:512880,,
2021-10-26,512880,,1.146,1.155,1.139,1.14,1242681200.0,1423945707.0,,,sina:512880,,
2021-10-27,512880,,1.135,1.137,1.108,1.11,1903258763.0,2128810839.0,,,sina:512880,,
2021-10-28,512880,,1.107,1.115,1.099,1.102,1148508569.0,1271108901.0,,,sina:512880,,
2021-10-29,512880,,1.1,1.118,1.085,1.11,2006829070.0,2209323661.0,,,sina:512880,,
2021-11-01,512880,,1.105,1.124,1.103,1.114,1299904744.0,1450055430.0,,,sina:512880,,
2021-11-02,512880,,1.113,1.118,1.084,1.091,1820431786.0,1999080666.0,,,sina:512880,,
2021-11-03,512880,,1.092,1.102,1.09,1.095,900450831.0,986358899.0,,,sina:512880,,
2021-11-04,512880,,1.102,1.109,1.094,1.096,956597576.0,1051648918.0,,,sina:512880,,
2021-11-05,512880,,1.094,1.103,1.09,1.093,1082434471.0,1186665349.0,,,sina:512880,,
2021-11-08,512880,,1.091,1.111,1.09,1.104,1245758013.0,1371887368.0,,,sina:512880,,
2021-11-09,512880,,1.106,1.115,1.101,1.111,1269377597.0,1406314478.0,,,sina:512880,,
2021-11-10,512880,,1.108,1.114,1.099,1.109,1274151098.0,1408075690.0,,,sina:512880,,
2021-11-11,512880,,1.106,1.147,1.106,1.141,2803938584.0,3173481033.0,,,sina:512880,,
2021-11-12,512880,,1.141,1.143,1.129,1.135,1193089261.0,1353158747.0,,,sina:512880,,
2021-11-15,512880,,1.137,1.142,1.127,1.131,1030828464.0,1167058099.0,,,sina:512880,,
2021-11-16,512880,,1.128,1.134,1.112,1.115,1799621799.0,2019104101.0,,,sina:512880,,
2021-11-17,512880,,1.114,1.12,1.112,1.114,972241876.0,1083867674.0,,,sina:512880,,
2021-11-18,512880,,1.112,1.113,1.101,1.102,1205093200.0,1331730110.0,,,sina:512880,,
2021-11-19,512880,,1.1,1.13,1.1,1.124,2101000603.0,2346383891.0,,,sina:512880,,
2021-11-22,512880,,1.121,1.138,1.118,1.13,1711384436.0,1933742756.0,,,sina:512880,,
2021-11-23,512880,,1.127,1.148,1.127,1.133,1868546375.0,2129858416.0,,,sina:512880,,
2021-11-24,512880,,1.132,1.138,1.127,1.131,1080997729.0,1223782490.0,,,sina:512880,,
2021-11-25,512880,,1.13,1.134,1.123,1.125,1108105301.0,1249158739.0,,,sina:512880,,
2021-11-26,512880,,1.124,1.126,1.116,1.117,1257646638.0,1409238635.0,,,sina:512880,,
2021-11-29,512880,,1.108,1.112,1.103,1.107,1354556706.0,1499810022.0,,,sina:512880,,
2021-11-30,512880,,1.11,1.119,1.104,1.108,988614807.0,1098689667.0,,,sina:512880,,
2021-12-01,512880,,1.106,1.126,1.105,1.123,1321344641.0,1478535197.0,,,sina:512880,,
2021-12-02,512880,,1.12,1.138,1.118,1.131,1478911886.0,1672737619.0,,,sina:512880,,
2021-12-03,512880,,1.132,1.141,1.123,1.137,1370932692.0,1554260054.0,,,sina:512880,,
2021-12-06,512880,,1.145,1.187,1.144,1.153,3238563043.0,3779035746.0,,,sina:512880,,
2021-12-07,512880,,1.167,1.17,1.149,1.158,1569321001.0,1818005190.0,,,sina:512880,,
2021-12-08,512880,,1.159,1.174,1.15,1.174,1750676424.0,2039172692.0,,,sina:512880,,
2021-12-09,512880,,1.17,1.215,1.168,1.193,2668946978.0,3182158290.0,,,sina:512880,,
2021-12-10,512880,,1.183,1.187,1.175,1.178,1325816861.0,1564977052.0,,,sina:512880,,
2021-12-13,512880,,1.198,1.218,1.181,1.185,2523595270.0,3028097944.0,,,sina:512880,,
2021-12-14,512880,,1.177,1.19,1.174,1.178,1071626156.0,1264616983.0,,,sina:512880,,
2021-12-15,512880,,1.179,1.197,1.178,1.185,993710166.0,1179626510.0,,,sina:512880,,
2021-12-16,512880,,1.188,1.194,1.181,1.193,974534290.0,1157854173.0,,,sina:512880,,
2021-12-17,512880,,1.193,1.201,1.18,1.181,1202559380.0,1431186998.0,,,sina:512880,,
2021-12-20,512880,,1.176,1.186,1.159,1.161,1406750475.0,1646193551.0,,,sina:512880,,
2021-12-21,512880,,1.161,1.179,1.158,1.177,1185543268.0,1386537858.0,,,sina:512880,,
2021-12-22,512880,,1.177,1.177,1.165,1.167,757731710.0,886547995.0,,,sina:512880,,
2021-12-23,512880,,1.168,1.173,1.157,1.165,1126684906.0,1311717437.0,,,sina:512880,,
2021-12-24,512880,,1.165,1.174,1.156,1.158,909972551.0,1058789225.0,,,sina:512880,,
2021-12-27,512880,,1.158,1.165,1.155,1.16,684536926.0,793761643.0,,,sina:512880,,
2021-12-28,512880,,1.164,1.17,1.157,1.169,988945372.0,1150638941.0,,,sina:512880,,
2021-12-29,512880,,1.169,1.169,1.154,1.155,1038465623.0,1205855288.0,,,sina:512880,,
2021-12-30,512880,,1.154,1.179,1.152,1.174,1369947579.0,1602484352.0,,,sina:512880,,
2021-12-31,512880,,1.177,1.182,1.17,1.176,996882889.0,1171842079.0,,,sina:512880,,
2022-01-04,512880,,1.176,1.177,1.161,1.17,873372950.0,1020139601.0,,,sina:512880,,
2022-01-05,512880,,1.169,1.173,1.157,1.16,1125338567.0,1309650630.0,,,sina:512880,,
2022-01-06,512880,,1.154,1.156,1.134,1.137,1521866044.0,1737943086.0,,,sina:512880,,
2022-01-07,512880,,1.141,1.149,1.138,1.139,915499254.0,1046094270.0,,,sina:512880,,
2022-01-10,512880,,1.141,1.146,1.135,1.138,880935691.0,1004140993.0,,,sina:512880,,
2022-01-11,512880,,1.138,1.15,1.135,1.139,1103452328.0,1260406764.0,,,sina:512880,,
2022-01-12,512880,,1.141,1.145,1.134,1.143,1189656839.0,1355426516.0,,,sina:512880,,
2022-01-13,512880,,1.147,1.152,1.135,1.136,1257844725.0,1438847267.0,,,sina:512880,,
2022-01-14,512880,,1.127,1.127,1.104,1.105,1866995577.0,2082954870.0,,,sina:512880,,
2022-01-17,512880,,1.103,1.12,1.101,1.116,1052249502.0,1170873171.0,,,sina:512880,,
2022-01-18,512880,,1.115,1.126,1.111,1.118,1133663347.0,1268253302.0,,,sina:512880,,
2022-01-19,512880,,1.12,1.133,1.117,1.122,1039995591.0,1170674905.0,,,sina:512880,,
2022-01-20,512880,,1.122,1.149,1.118,1.141,1858633662.0,2112811543.0,,,sina:512880,,
2022-01-21,512880,,1.137,1.14,1.129,1.131,1186580426.0,1344515938.0,,,sina:512880,,
2022-01-24,512880,,1.127,1.133,1.122,1.123,917478174.0,1033862590.0,,,sina:512880,,
2022-01-25,512880,,1.119,1.122,1.092,1.093,1612905537.0,1788907740.0,,,sina:512880,,
2022-01-26,512880,,1.094,1.114,1.093,1.112,1336255740.0,1474307789.0,,,sina:512880,,
2022-01-27,512880,,1.106,1.111,1.085,1.087,1502371241.0,1647602602.0,,,sina:512880,,
2022-01-28,512880,,1.094,1.108,1.075,1.076,1403786193.0,1530459664.0,,,sina:512880,,
2022-02-07,512880,,1.091,1.098,1.084,1.092,1290477509.0,1407062657.0,,,sina:512880,,
2022-02-08,512880,,1.09,1.108,1.084,1.107,1208642999.0,1324856634.0,,,sina:512880,,
2022-02-09,512880,,1.106,1.113,1.102,1.11,890136698.0,986307333.0,,,sina:512880,,
2022-02-10,512880,,1.11,1.114,1.102,1.11,810517825.0,898466580.0,,,sina:512880,,
2022-02-11,512880,,1.108,1.127,1.106,1.111,1362071769.0,1521403880.0,,,sina:512880,,
2022-02-14,512880,,1.102,1.103,1.055,1.06,2506117146.0,2692414700.0,,,sina:512880,,
2022-02-15,512880,,1.058,1.063,1.055,1.062,1033921370.0,1094916115.0,,,sina:512880,,
2022-02-16,512880,,1.067,1.073,1.061,1.064,762543231.0,813034056.0,,,sina:512880,,
2022-02-17,512880,,1.062,1.066,1.055,1.056,940749499.0,996609494.0,,,sina:512880,,
2022-02-18,512880,,1.05,1.061,1.049,1.058,957948435.0,1010472423.0,,,sina:512880,,
2022-02-21,512880,,1.06,1.061,1.051,1.057,935778913.0,986683586.0,,,sina:512880,,
2022-02-22,512880,,1.049,1.05,1.032,1.036,1327870745.0,1381497521.0,,,sina:512880,,
2022-02-23,512880,,1.039,1.05,1.036,1.05,1078102503.0,1126570942.0,,,sina:512880,,
2022-02-24,512880,,1.043,1.049,1.011,1.02,1712464488.0,1760823087.0,,,sina:512880,,
2022-02-25,512880,,1.029,1.036,1.019,1.022,974682394.0,1000962687.0,,,sina:512880,,
2022-02-28,512880,,1.02,1.024,1.01,1.019,968434727.0,983587947.0,,,sina:512880,,
2022-03-01,512880,,1.023,1.03,1.02,1.028,1049137521.0,1075341561.0,,,sina:512880,,
2022-03-02,512880,,1.023,1.027,1.021,1.024,616435248.0,631206325.0,,,sina:512880,,
2022-03-03,512880,,1.029,1.032,1.022,1.024,734942726.0,754208285.0,,,sina:512880,,
2022-03-04,512880,,1.018,1.019,1.007,1.01,1117357132.0,1131613064.0,,,sina:512880,,
2022-03-07,512880,,1.005,1.006,0.981,0.985,1393117288.0,1384815051.0,,,sina:512880,,
2022-03-08,512880,,0.985,0.993,0.955,0.96,1624020977.0,1586146206.0,,,sina:512880,,
2022-03-09,512880,,0.968,0.97,0.902,0.937,2378183167.0,2231637928.0,,,sina:512880,,
2022-03-10,512880,,0.955,0.958,0.934,0.935,1622637735.0,1533973454.0,,,sina:512880,,
2022-03-11,512880,,0.921,0.963,0.907,0.956,2041006873.0,1904799940.0,,,sina:512880,,
2022-03-14,512880,,0.939,0.96,0.937,0.94,1181126151.0,1120101935.0,,,sina:512880,,
2022-03-15,512880,,0.932,0.952,0.906,0.909,1755543317.0,1633095189.0,,,sina:512880,,
2022-03-16,512880,,0.919,0.972,0.905,0.967,2681215926.0,2519700233.0,,,sina:512880,,
2022-03-17,512880,,0.974,0.986,0.959,0.963,2123918777.0,2059454573.0,,,sina:512880,,
2022-03-18,512880,,0.96,0.975,0.955,0.972,1352564535.0,1306477278.0,,,sina:512880,,
2022-03-21,512880,,0.965,0.967,0.951,0.955,1164900962.0,1116573671.0,,,sina:512880,,
2022-03-22,512880,,0.951,0.967,0.95,0.956,1192485150.0,1141731334.0,,,sina:512880,,
2022-03-23,512880,,0.959,0.961,0.953,0.957,747612806.0,715651149.0,,,sina:512880,,
2022-03-24,512880,,0.95,0.954,0.943,0.946,846515051.0,803011206.0,,,sina:512880,,
2022-03-25,512880,,0.947,0.955,0.934,0.935,1001334786.0,945214091.0,,,sina:512880,,
2022-03-28,512880,,0.927,0.945,0.92,0.936,980277790.0,914530636.0,,,sina:512880,,
2022-03-29,512880,,0.94,0.942,0.926,0.93,711101935.0,663992520.0,,,sina:512880,,
2022-03-30,512880,,0.936,0.967,0.935,0.965,1903247527.0,1818089481.0,,,sina:512880,,
2022-03-31,512880,,0.96,0.965,0.955,0.957,818081126.0,784395015.0,,,sina:512880,,
2022-04-01,512880,,0.951,0.974,0.95,0.97,1416166041.0,1366689512.0,,,sina:512880,,
2022-04-06,512880,,0.962,0.973,0.962,0.971,843640761.0,816534091.0,,,sina:512880,,
2022-04-07,512880,,0.968,0.977,0.95,0.951,1004104443.0,967398232.0,,,sina:512880,,
2022-04-08,512880,,0.952,0.971,0.945,0.966,1110741586.0,1065417904.0,,,sina:512880,,
2022-04-11,512880,,0.96,0.961,0.933,0.936,1190281435.0,1124455212.0,,,sina:512880,,
2022-04-12,512880,,0.936,0.977,0.933,0.967,1543573529.0,1476797922.0,,,sina:512880,,
2022-04-13,512880,,0.958,0.973,0.953,0.958,1088098395.0,1046277530.0,,,sina:512880,,
2022-04-14,512880,,0.965,0.98,0.96,0.972,1594747565.0,1551332403.0,,,sina:512880,,
2022-04-15,512880,,0.965,0.98,0.961,0.966,1111686682.0,1077647367.0,,,sina:512880,,
2022-04-18,512880,,0.953,0.953,0.933,0.94,1324503647.0,1246371102.0,,,sina:512880,,
2022-04-19,512880,,0.938,0.944,0.931,0.933,885247950.0,829216257.0,,,sina:512880,,
2022-04-20,512880,,0.933,0.937,0.916,0.918,1170100591.0,1082875722.0,,,sina:512880,,
2022-04-21,512880,,0.913,0.934,0.911,0.916,1353256239.0,1245909698.0,,,sina:512880,,
2022-04-22,512880,,0.91,0.924,0.909,0.917,1168994370.0,1073475493.0,,,sina:512880,,
2022-04-25,512880,,0.901,0.92,0.885,0.889,1962002133.0,1772067190.0,,,sina:512880,,
2022-04-26,512880,,0.888,0.89,0.842,0.849,2143505435.0,1851784598.0,,,sina:512880,,
2022-04-27,512880,,0.834,0.866,0.831,0.86,1970229663.0,1671171217.0,,,sina:512880,,
2022-04-28,512880,,0.851,0.855,0.832,0.844,1452120314.0,1225464143.0,,,sina:512880,,
2022-04-29,512880,,0.862,0.888,0.849,0.879,2603612073.0,2265379143.0,,,sina:512880,,
2022-05-05,512880,,0.867,0.873,0.862,0.867,1045474845.0,906987701.0,,,sina:512880,,
2022-05-06,512880,,0.852,0.856,0.842,0.844,1207396715.0,1025623770.0,,,sina:512880,,
2022-05-09,512880,,0.84,0.851,0.839,0.845,699548770.0,591312236.0,,,sina:512880,,
2022-05-10,512880,,0.838,0.862,0.836,0.858,1345989633.0,1147226981.0,,,sina:512880,,
2022-05-11,512880,,0.857,0.882,0.855,0.863,1997957430.0,1738132042.0,,,sina:512880,,
2022-05-12,512880,,0.858,0.874,0.857,0.865,1053980140.0,910227355.0,,,sina:512880,,
2022-05-13,512880,,0.869,0.875,0.862,0.87,995383169.0,863971361.0,,,sina:512880,,
2022-05-16,512880,,0.877,0.879,0.86,0.86,848174749.0,734512224.0,,,sina:512880,,
2022-05-17,512880,,0.861,0.87,0.856,0.866,1051138949.0,906767999.0,,,sina:512880,,
2022-05-18,512880,,0.869,0.876,0.864,0.868,1182770102.0,1029048137.0,,,sina:512880,,
2022-05-19,512880,,0.857,0.867,0.855,0.867,949664186.0,818128622.0,,,sina:512880,,
2022-05-20,512880,,0.872,0.885,0.87,0.884,1772656151.0,1559158633.0,,,sina:512880,,
2022-05-23,512880,,0.88,0.888,0.874,0.885,1006767088.0,886828406.0,,,sina:512880,,
2022-05-24,512880,,0.883,0.889,0.86,0.861,1160129400.0,1014428350.0,,,sina:512880,,
2022-05-25,512880,,0.86,0.865,0.859,0.864,833889385.0,719308286.0,,,sina:512880,,
2022-05-26,512880,,0.865,0.888,0.857,0.878,1487561475.0,1300965993.0,,,sina:512880,,
2022-05-27,512880,,0.883,0.887,0.871,0.877,1251808177.0,1102471116.0,,,sina:512880,,
2022-05-30,512880,,0.878,0.881,0.869,0.873,867403580.0,758236369.0,,,sina:512880,,
2022-05-31,512880,,0.872,0.886,0.869,0.884,1389865885.0,1221688875.0,,,sina:512880,,
2022-06-01,512880,,0.883,0.887,0.875,0.88,968909948.0,853824669.0,,,sina:512880,,
2022-06-02,512880,,0.877,0.89,0.872,0.886,1158145055.0,1021770327.0,,,sina:512880,,
2022-06-06,512880,,0.883,0.907,0.881,0.906,1878735878.0,1686970343.0,,,sina:512880,,
2022-06-07,512880,,0.903,0.923,0.901,0.908,1654504047.0,1509828664.0,,,sina:512880,,
2022-06-08,512880,,0.908,0.926,0.905,0.922,2249363877.0,2059913566.0,,,sina:512880,,
2022-06-09,512880,,0.924,0.945,0.918,0.922,2140310435.0,1991005879.0,,,sina:512880,,
2022-06-10,512880,,0.915,0.949,0.911,0.945,1988865132.0,1850481136.0,,,sina:512880,,
2022-06-13,512880,,0.933,0.945,0.923,0.932,1525091245.0,1424331778.0,,,sina:512880,,
2022-06-14,512880,,0.92,0.987,0.911,0.985,2459355807.0,2328256712.0,,,sina:512880,,
2022-06-15,512880,,0.99,1.052,0.99,1.015,4623178313.0,4725762243.0,,,sina:512880,,
2022-06-16,512880,,1.011,1.012,0.967,0.969,3237659258.0,3198018860.0,,,sina:512880,,
2022-06-17,512880,,0.96,0.982,0.946,0.966,2360908948.0,2272733092.0,,,sina:512880,,
2022-06-20,512880,,0.962,0.978,0.956,0.96,1656464261.0,1597140536.0,,,sina:512880,,
2022-06-21,512880,,0.961,0.967,0.951,0.959,1784795657.0,1712826322.0,,,sina:512880,,
2022-06-22,512880,,0.958,0.967,0.942,0.943,1587946232.0,1515929297.0,,,sina:512880,,
2022-06-23,512880,,0.942,0.985,0.941,0.977,2289993657.0,2212772134.0,,,sina:512880,,
2022-06-24,512880,,0.98,0.985,0.968,0.979,1682811887.0,1643796677.0,,,sina:512880,,
2022-06-27,512880,,0.983,0.992,0.977,0.98,1811479015.0,1781121304.0,,,sina:512880,,
2022-06-28,512880,证券ETF,0.977,0.997,0.966,0.987,1862938300.0,1828939676.0249999,,,,,
2022-06-29,512880,证券ETF,0.981,0.994,0.965,0.967,1797413300.0,1755623440.775,,,,,
2022-06-30,512880,证券ETF,0.968,0.986,0.968,0.976,1753683400.0,1708964473.3,,,,,
2022-07-01,512880,证券ETF,0.977,0.978,0.96,0.963,1286669600.0,1247426177.2,,,,,
2022-07-04,512880,证券ETF,0.962,0.968,0.95,0.967,1200628100.0,1154704075.175,,,,,
2022-07-05,512880,证券ETF,0.968,0.973,0.948,0.954,1504889800.0,1445822875.35,,,,,
2022-07-06,512880,证券ETF,0.953,0.956,0.941,0.943,1459544700.0,1384013261.7749999,,,,,
2022-07-07,512880,证券ETF,0.942,0.952,0.94,0.941,1078970100.0,1018278031.875,,,,,
2022-07-08,512880,证券ETF,0.946,0.951,0.934,0.935,1208445000.0,1137750967.5,,,,,
2022-07-11,512880,证券ETF,0.932,0.934,0.923,0.924,1322846100.0,1227931892.325,,,,,
2022-07-12,512880,证券ETF,0.927,0.941,0.923,0.929,1330149300.0,1237038849.0,,,,,
2022-07-13,512880,证券ETF,0.928,0.934,0.924,0.927,957509800.0,888808471.85,,,,,
2022-07-14,512880,证券ETF,0.924,0.929,0.918,0.92,1112000800.0,1026098738.2,,,,,
2022-07-15,512880,证券ETF,0.917,0.921,0.894,0.896,1492427600.0,1353631833.2,,,,,
2022-07-18,512880,证券ETF,0.9,0.92,0.899,0.915,1253449300.0,1138758689.05,,,,,
2022-07-19,512880,证券ETF,0.914,0.927,0.911,0.923,1030200000.0,946496250.0000001,,,,,
2022-07-20,512880,证券ETF,0.926,0.929,0.92,0.923,764908000.0,707157446.0000001,,,,,
2022-07-21,512880,证券ETF,0.92,0.924,0.913,0.914,821900500.0,754299183.875,,,,,
2022-07-22,512880,证券ETF,0.917,0.926,0.909,0.916,1038816300.0,952594547.1,,,,,
2022-07-25,512880,证券ETF,0.915,0.916,0.905,0.905,830253700.0,755738430.425,,,,,
2022-07-26,512880,证券ETF,0.906,0.915,0.904,0.911,763991300.0,694468091.7,,,,,
2022-07-27,512880,证券ETF,0.908,0.912,0.905,0.908,663845700.0,602937857.025,,,,,
2022-07-28,512880,证券ETF,0.914,0.926,0.913,0.915,1254694600.0,1150554948.2,,,,,
2022-07-29,512880,证券ETF,0.916,0.922,0.906,0.907,1002941400.0,915434762.85,,,,,
2022-08-01,512880,证券ETF,0.904,0.905,0.894,0.9,931438600.0,838993318.95,,,,,
2022-08-02,512880,证券ETF,0.89,0.891,0.861,0.871,1651011400.0,1450000762.05,,,,,
2022-08-03,512880,证券ETF,0.872,0.881,0.865,0.866,1082050000.0,942465550.0,,,,,
2022-08-04,512880,证券ETF,0.872,0.879,0.868,0.874,1013114200.0,884701975.15,,,,,
2022-08-05,512880,证券ETF,0.875,0.896,0.873,0.895,1653777600.0,1463179731.6,,,,,
2022-08-08,512880,证券ETF,0.892,0.898,0.889,0.895,686324500.0,613230940.75,,,,,
2022-08-09,512880,证券ETF,0.893,0.899,0.89,0.892,710532200.0,634860520.7,,,,,
2022-08-10,512880,证券ETF,0.89,0.901,0.887,0.889,789520900.0,704055262.5749999,,,,,
2022-08-11,512880,证券ETF,0.896,0.938,0.893,0.938,2771200600.0,2539112549.75,,,,,
2022-08-12,512880,证券ETF,0.929,0.942,0.926,0.935,1259344100.0,1174968045.3,,,,,
2022-08-15,512880,证券ETF,0.929,0.938,0.924,0.927,931384200.0,865721613.9,,,,,
2022-08-16,512880,证券ETF,0.93,0.935,0.924,0.925,838774700.0,778802308.95,,,,,
2022-08-17,512880,证券ETF,0.927,0.949,0.922,0.944,1675447500.0,1567381136.25,,,,,
2022-08-18,512880,证券ETF,0.94,0.945,0.934,0.936,933866600.0,876667270.75,,,,,
2022-08-19,512880,证券ETF,0.935,0.944,0.93,0.931,943927800.0,882572493.0,,,,,
2022-08-22,512880,证券ETF,0.93,0.934,0.926,0.929,976167700.0,907591919.075,,,,,
2022-08-23,512880,证券ETF,0.927,0.945,0.923,0.931,1161939600.0,1082346737.4,,,,,
2022-08-24,512880,证券ETF,0.929,0.952,0.917,0.919,1606928600.0,1493238401.55,,,,,
2022-08-25,512880,证券ETF,0.92,0.941,0.92,0.937,1505323400.0,1399198100.3,,,,,
2022-08-26,512880,证券ETF,0.936,0.939,0.925,0.927,882926600.0,822666859.5500001,,,,,
2022-08-29,512880,证券ETF,0.918,0.924,0.914,0.922,861187800.0,791862182.1,,,,,
2022-08-30,512880,证券ETF,0.921,0.931,0.914,0.923,1048613500.0,967083800.3750001,,,,,
2022-08-31,512880,证券ETF,0.919,0.938,0.918,0.929,1277659500.0,1183112697.0,,,,,
2022-09-01,512880,证券ETF,0.926,0.929,0.915,0.917,960642400.0,885472132.2,,,,,
2022-09-02,512880,证券ETF,0.916,0.924,0.909,0.913,929128800.0,850617416.4,,,,,
2022-09-05,512880,证券ETF,0.912,0.921,0.909,0.92,832145000.0,761828747.5,,,,,
2022-09-06,512880,证券ETF,0.924,0.932,0.921,0.931,1047003700.0,970572429.9000001,,,,,
2022-09-07,512880,证券ETF,0.927,0.929,0.923,0.925,737141200.0,682592751.2,,,,,
2022-09-08,512880,证券ETF,0.927,0.931,0.922,0.922,745538200.0,689995604.1,,,,,
2022-09-09,512880,证券ETF,0.923,0.943,0.922,0.939,1369123200.0,1275680541.6000001,,,,,
2022-09-13,512880,证券ETF,0.94,0.949,0.936,0.937,795209500.0,747894534.75,,,,,
2022-09-14,512880,证券ETF,0.925,0.93,0.921,0.923,1117717400.0,1033609165.65,,,,,
2022-09-15,512880,证券ETF,0.927,0.934,0.916,0.922,1103037400.0,1020033835.6500001,,,,,
2022-09-16,512880,证券ETF,0.918,0.919,0.866,0.869,2467400700.0,2203388825.1,,,,,
2022-09-19,512880,证券ETF,0.867,0.868,0.856,0.859,965976700.0,833154903.7499999,,,,,
2022-09-20,512880,证券ETF,0.863,0.866,0.857,0.859,714573700.0,615426599.125,,,,,
2022-09-21,512880,证券ETF,0.856,0.863,0.846,0.86,937831700.0,803018393.125,,,,,
2022-09-22,512880,证券ETF,0.853,0.862,0.851,0.855,705134100.0,603065939.025,,,,,
2022-09-23,512880,证券ETF,0.855,0.865,0.85,0.856,842650000.0,721729724.9999999,,,,,
2022-09-26,512880,证券ETF,0.851,0.854,0.836,0.838,919206800.0,776499944.3,,,,,
2022-09-27,512880,证券ETF,0.841,0.846,0.836,0.845,815525300.0,686672302.6,,,,,
2022-09-28,512880,证券ETF,0.842,0.844,0.83,0.831,867432600.0,725824228.05,,,,,
2022-09-29,512880,证券ETF,0.836,0.837,0.815,0.82,1090329200.0,901702248.4,,,,,
2022-09-30,512880,证券ETF,0.819,0.827,0.816,0.816,809551900.0,663427782.05,,,,,
2022-10-10,512880,证券ETF,0.816,0.823,0.807,0.808,823540200.0,669949952.7,,,,,
2022-10-11,512880,证券ETF,0.811,0.826,0.807,0.816,787531400.0,641838091.0,,,,,
2022-10-12,512880,证券ETF,0.815,0.835,0.812,0.835,1051556600.0,866745527.55,,,,,
2022-10-13,512880,证券ETF,0.83,0.836,0.827,0.83,661395200.0,549454062.4,,,,,
2022-10-14,512880,证券ETF,0.838,0.85,0.835,0.845,1062448300.0,894581468.6,,,,,
2022-10-17,512880,证券ETF,0.84,0.85,0.838,0.849,638884900.0,539378576.825,,,,,
2022-10-18,512880,证券ETF,0.853,0.854,0.844,0.845,714180600.0,606339329.4,,,,,
2022-10-19,512880,证券ETF,0.844,0.847,0.836,0.837,606577600.0,510131761.59999996,,,,,
2022-10-20,512880,证券ETF,0.833,0.852,0.832,0.84,920151900.0,772237482.0749999,,,,,
2022-10-21,512880,证券ETF,0.859,0.863,0.841,0.844,1191301600.0,1014691137.8,,,,,
2022-10-24,512880,证券ETF,0.844,0.863,0.823,0.826,1376716400.0,1155065059.6,,,,,
2022-10-25,512880,证券ETF,0.826,0.828,0.801,0.811,1210089500.0,988038076.75,,,,,
2022-10-26,512880,证券ETF,0.812,0.829,0.811,0.818,1045802600.0,854943625.4999999,,,,,
2022-10-27,512880,证券ETF,0.818,0.833,0.817,0.822,856523400.0,704490496.5,,,,,
2022-10-28,512880,证券ETF,0.818,0.824,0.8,0.804,1182688000.0,959751311.9999999,,,,,
2022-10-31,512880,证券ETF,0.799,0.815,0.797,0.805,999567300.0,803652109.2,,,,,
2022-11-01,512880,证券ETF,0.806,0.83,0.805,0.83,1284965400.0,1050780455.8500001,,,,,
2022-11-02,512880,证券ETF,0.825,0.837,0.823,0.832,1147477600.0,951545799.8,,,,,
2022-11-03,512880,证券ETF,0.826,0.83,0.822,0.827,720328300.0,595171257.875,,,,,
2022-11-04,512880,证券ETF,0.827,0.857,0.826,0.85,1946907500.0,1635402300.0,,,,,
2022-11-07,512880,证券ETF,0.844,0.854,0.843,0.848,964085700.0,816821609.3249999,,,,,
2022-11-08,512880,证券ETF,0.849,0.852,0.841,0.845,721902400.0,611270857.1999999,,,,,
2022-11-09,512880,证券ETF,0.845,0.849,0.841,0.842,607757300.0,513099100.525,,,,,
2022-11-10,512880,证券ETF,0.839,0.852,0.836,0.848,904788600.0,763415381.2499999,,,,,
2022-11-11,512880,证券ETF,0.874,0.883,0.858,0.869,2102561200.0,1831330805.2,,,,,
2022-11-14,512880,证券ETF,0.872,0.893,0.87,0.876,1899258900.0,1667074499.4750001,,,,,
2022-11-15,512880,证券ETF,0.87,0.918,0.87,0.908,2353526000.0,2098168429.0000002,,,,,
2022-11-16,512880,证券ETF,0.902,0.907,0.89,0.892,1019372000.0,915141213.0,,,,,
2022-11-17,512880,证券ETF,0.888,0.897,0.885,0.896,1064924300.0,949380013.4499999,,,,,
2022-11-18,512880,证券ETF,0.896,0.897,0.883,0.884,1058537100.0,942098019.0,,,,,
2022-11-21,512880,证券ETF,0.879,0.879,0.863,0.869,989172300.0,863052831.75,,,,,
2022-11-22,512880,证券ETF,0.868,0.88,0.865,0.87,961461500.0,837192601.1249999,,,,,
2022-11-23,512880,证券ETF,0.869,0.879,0.867,0.871,756276500.0,659094969.75,,,,,
2022-11-24,512880,证券ETF,0.878,0.882,0.866,0.867,740046200.0,646245344.1500001,,,,,
2022-11-25,512880,证券ETF,0.865,0.882,0.864,0.876,973336000.0,848505658.0,,,,,
2022-11-28,512880,证券ETF,0.861,0.863,0.849,0.862,1059822100.0,910122228.3749999,,,,,
2022-11-29,512880,证券ETF,0.863,0.9,0.863,0.894,2310091400.0,2032880432.0,,,,,
2022-11-30,512880,证券ETF,0.89,0.906,0.89,0.894,1052720300.0,942184668.5,,,,,
2022-12-01,512880,证券ETF,0.91,0.929,0.897,0.897,2049969700.0,1861884980.025,,,,,
2022-12-02,512880,证券ETF,0.898,0.905,0.89,0.894,695986800.0,624126162.9,,,,,
2022-12-05,512880,证券ETF,0.905,0.927,0.903,0.926,1781840400.0,1630829426.1,,,,,
2022-12-06,512880,证券ETF,0.92,0.933,0.918,0.921,905794800.0,836048600.4000001,,,,,
2022-12-07,512880,证券ETF,0.918,0.926,0.906,0.912,1420672000.0,1300625216.0000002,,,,,
2022-12-08,512880,证券ETF,0.912,0.915,0.906,0.91,688836700.0,627358024.5250001,,,,,
2022-12-09,512880,证券ETF,0.912,0.923,0.903,0.918,1084556700.0,991284823.8000001,,,,,
2022-12-12,512880,证券ETF,0.912,0.912,0.895,0.896,1162492000.0,1050602145.0000001,,,,,
2022-12-13,512880,证券ETF,0.897,0.902,0.894,0.897,605010200.0,542996654.5,,,,,
2022-12-14,512880,证券ETF,0.899,0.908,0.894,0.903,781712100.0,704322602.1,,,,,
2022-12-15,512880,证券ETF,0.9,0.904,0.894,0.896,709984000.0,637920624.0,,,,,
2022-12-16,512880,证券ETF,0.891,0.9,0.89,0.893,862209500.0,770384188.2500001,,,,,
2022-12-19,512880,证券ETF,0.895,0.9,0.864,0.868,1227348300.0,1082214363.5249999,,,,,
2022-12-20,512880,证券ETF,0.865,0.872,0.86,0.863,777196100.0,672274626.5,,,,,
2022-12-21,512880,证券ETF,0.866,0.87,0.859,0.863,592140800.0,511905721.6,,,,,
2022-12-22,512880,证券ETF,0.869,0.875,0.858,0.862,813254100.0,704278050.6,,,,,
2022-12-23,512880,证券ETF,0.857,0.869,0.856,0.865,587945300.0,506661862.27500004,,,,,
2022-12-26,512880,证券ETF,0.865,0.866,0.856,0.862,696891500.0,600894695.875,,,,,
2022-12-27,512880,证券ETF,0.867,0.876,0.863,0.873,930863200.0,809618268.2,,,,,
2022-12-28,512880,证券ETF,0.869,0.873,0.865,0.867,638243700.0,554314653.45,,,,,
2022-12-29,512880,证券ETF,0.863,0.868,0.858,0.865,996228800.0,860243568.8000001,,,,,
2022-12-30,512880,证券ETF,0.867,0.873,0.866,0.869,559267500.0,485863640.625,,,,,
2023-01-03,512880,证券ETF,0.861,0.866,0.842,0.864,1616058300.0,1386982035.9750001,,,,,
2023-01-04,512880,证券ETF,0.861,0.871,0.861,0.866,1044310600.0,903067591.3499999,,,,,
2023-01-05,512880,证券ETF,0.871,0.888,0.871,0.883,1399841900.0,1229411148.675,,,,,
2023-01-06,512880,证券ETF,0.881,0.891,0.879,0.884,1175190100.0,1038574250.875,,,,,
2023-01-09,512880,证券ETF,0.887,0.909,0.887,0.899,1435572400.0,1285555084.2,,,,,
2023-01-10,512880,证券ETF,0.9,0.912,0.896,0.898,1013645400.0,913801328.1,,,,,
2023-01-11,512880,证券ETF,0.9,0.903,0.89,0.892,905159500.0,811249201.8750001,,,,,
2023-01-12,512880,证券ETF,0.894,0.9,0.888,0.9,796100400.0,712907908.1999999,,,,,
2023-01-13,512880,证券ETF,0.903,0.918,0.897,0.918,1298242500.0,1180102432.5,,,,,
2023-01-16,512880,证券ETF,0.921,0.968,0.918,0.947,2559788300.0,2402361319.55,,,,,
2023-01-17,512880,证券ETF,0.942,0.96,0.94,0.959,1747080900.0,1660163625.225,,,,,
2023-01-18,512880,证券ETF,0.957,0.965,0.954,0.955,851952900.0,815957889.9749999,,,,,
2023-01-19,512880,证券ETF,0.951,0.976,0.95,0.975,1193783100.0,1149613125.3000002,,,,,
2023-01-20,512880,证券ETF,0.977,0.977,0.96,0.969,1187010300.0,1152290248.725,,,,,
2023-01-30,512880,证券ETF,0.985,0.99,0.96,0.961,1801777300.0,1754931090.2,,,,,
2023-01-31,512880,证券ETF,0.96,0.968,0.949,0.956,1223459300.0,1172379874.225,,,,,
2023-02-01,512880,证券ETF,0.957,0.982,0.954,0.981,1447500300.0,1401904040.55,,,,,
2023-02-02,512880,证券ETF,0.995,0.997,0.959,0.961,2098964700.0,2052787476.6,,,,,
2023-02-03,512880,证券ETF,0.951,0.96,0.943,0.953,1416054900.0,1347730251.075,,,,,
2023-02-06,512880,证券ETF,0.945,0.946,0.934,0.935,1047521600.0,984670304.0,,,,,
2023-02-07,512880,证券ETF,0.939,0.942,0.933,0.938,727506200.0,682400815.5999999,,,,,
2023-02-08,512880,证券ETF,0.94,0.941,0.928,0.929,773704100.0,723026481.45,,,,,
2023-02-09,512880,证券ETF,0.929,0.945,0.927,0.944,1103352700.0,1033013965.375,,,,,
2023-02-10,512880,证券ETF,0.941,0.944,0.933,0.936,796006700.0,747052287.9499999,,,,,
2023-02-13,512880,证券ETF,0.933,0.943,0.93,0.942,1001439100.0,938348436.7,,,,,
2023-02-14,512880,证券ETF,0.943,0.944,0.934,0.94,688287400.0,647162227.85,,,,,
2023-02-15,512880,证券ETF,0.938,0.94,0.93,0.931,742413100.0,693970645.225,,,,,
2023-02-16,512880,证券ETF,0.932,0.949,0.918,0.926,1753862400.0,1633284360.0,,,,,
2023-02-17,512880,证券ETF,0.923,0.927,0.908,0.909,1097116400.0,1005781459.7,,,,,
2023-02-20,512880,证券ETF,0.919,0.947,0.915,0.946,1914229400.0,1783583243.45,,,,,
2023-02-21,512880,证券ETF,0.942,0.95,0.939,0.948,1046492500.0,988673789.375,,,,,
2023-02-22,512880,证券ETF,0.943,0.951,0.936,0.939,988541200.0,931452945.6999999,,,,,
2023-02-23,512880,证券ETF,0.939,0.956,0.939,0.947,1167253100.0,1103345992.7749999,,,,,
2023-02-24,512880,证券ETF,0.946,0.947,0.928,0.931,1017531500.0,954444547.0,,,,,
2023-02-27,512880,证券ETF,0.923,0.926,0.917,0.919,709777900.0,653882890.3750001,,,,,
2023-02-28,512880,证券ETF,0.923,0.928,0.917,0.927,711950100.0,657663904.875,,,,,
2023-03-01,512880,证券ETF,0.927,0.943,0.924,0.94,1145874000.0,1069673379.0,,,,,
2023-03-02,512880,证券ETF,0.938,0.942,0.935,0.937,679492100.0,637363589.8000001,,,,,
2023-03-03,512880,证券ETF,0.94,0.947,0.933,0.944,981929200.0,923995377.2,,,,,
2023-03-06,512880,证券ETF,0.944,0.945,0.929,0.93,1023339700.0,958869298.9000001,,,,,
2023-03-07,512880,证券ETF,0.928,0.938,0.913,0.914,1285440800.0,1186783218.6000001,,,,,
2023-03-08,512880,证券ETF,0.911,0.913,0.908,0.913,715500500.0,651999830.625,,,,,
2023-03-09,512880,证券ETF,0.913,0.915,0.906,0.908,627760500.0,571575935.25,,,,,
2023-03-10,512880,证券ETF,0.903,0.906,0.896,0.896,876795700.0,789335328.925,,,,,
2023-03-13,512880,证券ETF,0.896,0.903,0.892,0.9,667695500.0,599423635.125,,,,,
2023-03-14,512880,证券ETF,0.898,0.899,0.882,0.891,846806000.0,755774355.0000001,,,,,
2023-03-15,512880,证券ETF,0.898,0.903,0.895,0.896,723572000.0,649767656.0,,,,,
2023-03-16,512880,证券ETF,0.891,0.897,0.888,0.89,628145900.0,559992069.85,,,,,
2023-03-17,512880,证券ETF,0.897,0.914,0.897,0.905,1214100500.0,1096636276.6250002,,,,,
2023-03-20,512880,证券ETF,0.904,0.911,0.894,0.895,884988300.0,797374458.3000001,,,,,
2023-03-21,512880,证券ETF,0.899,0.905,0.896,0.903,727875600.0,655633946.6999999,,,,,
2023-03-22,512880,证券ETF,0.904,0.907,0.893,0.898,1029323300.0,926905631.6500001,,,,,
2023-03-23,512880,证券ETF,0.893,0.909,0.892,0.909,1066543800.0,960689327.85,,,,,
2023-03-24,512880,证券ETF,0.909,0.916,0.906,0.911,875191200.0,796861587.6,,,,,
2023-03-27,512880,证券ETF,0.911,0.919,0.906,0.916,996996900.0,910258169.7,,,,,
2023-03-28,512880,证券ETF,0.913,0.916,0.905,0.906,700750400.0,637682864.0,,,,,
2023-03-29,512880,证券ETF,0.909,0.91,0.897,0.901,806940900.0,729676308.825,,,,,
2023-03-30,512880,证券ETF,0.901,0.909,0.89,0.906,1091217600.0,983732666.4000001,,,,,
2023-03-31,512880,证券ETF,0.905,0.909,0.902,0.905,809667600.0,732951594.9000001,,,,,
2023-04-03,512880,证券ETF,0.905,0.943,0.903,0.942,2762542900.0,2550517732.425,,,,,
2023-04-04,512880,证券ETF,0.942,0.951,0.94,0.946,1426538200.0,1347721964.45,,,,,
2023-04-06,512880,证券ETF,0.943,0.946,0.934,0.939,998302300.0,938903313.15,,,,,
2023-04-07,512880,证券ETF,0.94,0.953,0.936,0.949,1420166400.0,1341347164.8,,,,,
2023-04-10,512880,证券ETF,0.958,0.962,0.938,0.939,1643681600.0,1560264758.8,,,,,
2023-04-11,512880,证券ETF,0.946,0.964,0.945,0.949,1367594800.0,1300582654.8,,,,,
2023-04-12,512880,证券ETF,0.95,0.959,0.945,0.952,977063600.0,929676015.3999999,,,,,
2023-04-13,512880,证券ETF,0.947,0.948,0.937,0.94,1135244000.0,1070535092.0000001,,,,,
2023-04-14,512880,证券ETF,0.942,0.945,0.934,0.941,1099862800.0,1034420963.4,,,,,
2023-04-17,512880,证券ETF,0.941,0.968,0.94,0.967,2007313900.0,1914977460.6,,,,,
2023-04-18,512880,证券ETF,0.966,0.974,0.958,0.962,1297765000.0,1252343225.0,,,,,
2023-04-19,512880,证券ETF,0.959,0.96,0.945,0.947,1288328700.0,1227455168.925,,,,,
2023-04-20,512880,证券ETF,0.945,0.951,0.94,0.951,1035947800.0,980783579.65,,,,,
2023-04-21,512880,证券ETF,0.95,0.951,0.913,0.916,1662877500.0,1550633268.7500002,,,,,
2023-04-24,512880,证券ETF,0.911,0.916,0.895,0.9,1307676100.0,1184100708.55,,,,,
2023-04-25,512880,证券ETF,0.902,0.91,0.894,0.904,1171930000.0,1057666825.0000001,,,,,
2023-04-26,512880,证券ETF,0.9,0.905,0.896,0.902,778171100.0,700937618.3249999,,,,,
2023-04-27,512880,证券ETF,0.9,0.911,0.896,0.908,1142665900.0,1032684307.1250001,,,,,
2023-04-28,512880,证券ETF,0.912,0.935,0.907,0.928,1586630000.0,1460492915.0000002,,,,,
2023-05-04,512880,证券ETF,0.922,0.941,0.918,0.939,1127464900.0,1048542357.0,,,,,
2023-05-05,512880,证券ETF,0.939,0.972,0.939,0.953,2187058000.0,2079345393.5,,,,,
2023-05-08,512880,证券ETF,0.951,0.983,0.944,0.972,1871699500.0,1801510768.75,,,,,
2023-05-09,512880,证券ETF,0.976,1.027,0.971,0.983,3578252800.0,3539786582.4,,,,,
2023-05-10,512880,证券ETF,0.973,0.981,0.952,0.955,1423378700.0,1373916290.175,,,,,
2023-05-11,512880,证券ETF,0.958,0.966,0.953,0.954,789265500.0,755919032.625,,,,,
2023-05-12,512880,证券ETF,0.954,0.958,0.94,0.941,841745900.0,798185549.675,,,,,
2023-05-15,512880,证券ETF,0.941,0.958,0.922,0.955,1501704100.0,1417608670.4,,,,,
2023-05-16,512880,证券ETF,0.954,0.965,0.944,0.946,969923700.0,923609843.3249999,,,,,
2023-05-17,512880,证券ETF,0.945,0.952,0.941,0.944,673011700.0,636332562.3499999,,,,,
2023-05-18,512880,证券ETF,0.946,0.952,0.938,0.941,795893900.0,751522815.075,,,,,
2023-05-19,512880,证券ETF,0.938,0.939,0.926,0.928,942732500.0,879333739.3750001,,,,,
2023-05-22,512880,证券ETF,0.926,0.931,0.922,0.926,762234800.0,706019983.5000001,,,,,
2023-05-23,512880,证券ETF,0.927,0.928,0.912,0.913,1069780500.0,984198060.0,,,,,
2023-05-24,512880,证券ETF,0.91,0.911,0.898,0.899,1480520400.0,1339130701.8000002,,,,,
2023-05-25,512880,证券ETF,0.896,0.901,0.889,0.901,1309142500.0,1173973536.8750002,,,,,
2023-05-26,512880,证券ETF,0.898,0.905,0.894,0.903,986888900.0,888200010.0000001,,,,,
2023-05-29,512880,证券ETF,0.905,0.905,0.893,0.894,922203100.0,829291137.6749998,,,,,
2023-05-30,512880,证券ETF,0.894,0.898,0.885,0.897,1078741000.0,963855083.5,,,,,
2023-05-31,512880,证券ETF,0.895,0.896,0.888,0.891,841392300.0,750942627.75,,,,,
2023-06-01,512880,证券ETF,0.891,0.902,0.888,0.893,988285600.0,883033183.5999999,,,,,
2023-06-02,512880,证券ETF,0.896,0.9,0.894,0.899,1045360800.0,937949977.8,,,,,
2023-06-05,512880,证券ETF,0.899,0.901,0.892,0.894,770015900.0,690319254.35,,,,,
2023-06-06,512880,证券ETF,0.893,0.899,0.881,0.882,1169297400.0,1039213064.2499999,,,,,
2023-06-07,512880,证券ETF,0.882,0.891,0.881,0.883,771774700.0,682441778.475,,,,,
2023-06-08,512880,证券ETF,0.883,0.897,0.878,0.894,1200865300.0,1066368386.4000001,,,,,
2023-06-09,512880,证券ETF,0.893,0.894,0.888,0.892,788709100.0,703331339.9250001,,,,,
2023-06-12,512880,证券ETF,0.889,0.89,0.88,0.883,908524600.0,804498533.3,,,,,
2023-06-13,512880,证券ETF,0.882,0.888,0.881,0.888,785519100.0,694988023.7249999,,,,,
2023-06-14,512880,证券ETF,0.889,0.9,0.888,0.889,950295900.0,847188794.8499999,,,,,
2023-06-15,512880,证券ETF,0.89,0.903,0.888,0.902,1470018200.0,1316768802.65,,,,,
2023-06-16,512880,证券ETF,0.903,0.908,0.898,0.906,1339853800.0,1210892871.75,,,,,
2023-06-19,512880,证券ETF,0.905,0.905,0.897,0.898,856879400.0,772262559.2500001,,,,,
2023-06-20,512880,证券ETF,0.897,0.901,0.895,0.895,861243000.0,772534971.0,,,,,
2023-06-21,512880,证券ETF,0.894,0.896,0.878,0.879,1195762600.0,1060342485.5500001,,,,,
2023-06-26,512880,证券ETF,0.872,0.873,0.858,0.858,1238433800.0,1071554845.4499999,,,,,
2023-06-27,512880,证券ETF,0.86,0.868,0.859,0.866,660524400.0,570197688.3,,,,,
2023-06-28,512880,证券ETF,0.865,0.868,0.859,0.866,725824100.0,627474934.4499999,,,,,
2023-06-29,512880,证券ETF,0.864,0.869,0.861,0.863,741306000.0,640673710.5,,,,,
2023-06-30,512880,证券ETF,0.862,0.882,0.862,0.879,1084345000.0,944735581.2500001,,,,,
2023-07-03,512880,证券ETF,0.879,0.895,0.879,0.891,1002928300.0,888594473.8,,,,,
2023-07-04,512880,证券ETF,0.89,0.895,0.886,0.891,644760400.0,574159136.2,,,,,
2023-07-05,512880,证券ETF,0.89,0.892,0.885,0.885,478063900.0,424520743.1999999,,,,,
2023-07-06,512880,证券ETF,0.884,0.89,0.881,0.885,553995400.0,490285929.0,,,,,
2023-07-07,512880,证券ETF,0.881,0.894,0.88,0.89,829462600.0,735111229.25,,,,,
2023-07-10,512880,证券ETF,0.894,0.897,0.887,0.89,653796800.0,583186745.6,,,,,
2023-07-11,512880,证券ETF,0.893,0.896,0.89,0.895,609351500.0,544455565.25,,,,,
2023-07-12,512880,证券ETF,0.895,0.899,0.886,0.889,683955800.0,610259562.55,,,,,
2023-07-13,512880,证券ETF,0.892,0.905,0.892,0.903,1214906900.0,1090986396.2,,,,,
2023-07-14,512880,证券ETF,0.904,0.905,0.9,0.901,577350000.0,521058375.0,,,,,
2023-07-17,512880,证券ETF,0.9,0.9,0.893,0.896,622394600.0,558443554.85,,,,,
2023-07-18,512880,证券ETF,0.898,0.902,0.895,0.899,495462600.0,445173146.1,,,,,
2023-07-19,512880,证券ETF,0.897,0.905,0.896,0.904,910388700.0,819805024.35,,,,,
2023-07-20,512880,证券ETF,0.907,0.909,0.896,0.896,760201600.0,685701843.1999999,,,,,
2023-07-21,512880,证券ETF,0.894,0.904,0.894,0.899,683463100.0,613578998.025,,,,,
2023-07-24,512880,证券ETF,0.895,0.903,0.893,0.898,620159500.0,556438111.3750001,,,,,
2023-07-25,512880,证券ETF,0.929,0.952,0.922,0.949,3341923900.0,3134724618.2000003,,,,,
2023-07-26,512880,证券ETF,0.942,0.949,0.935,0.946,1280376200.0,1207394756.6,,,,,
2023-07-27,512880,证券ETF,0.944,0.95,0.935,0.936,1026796200.0,966471923.25,,,,,
2023-07-28,512880,证券ETF,0.933,1.018,0.932,1.017,4196440400.0,4091529390.0,,,,,
2023-07-31,512880,证券ETF,1.026,1.045,1.011,1.013,3426204800.0,3507577164.0,,,,,
2023-08-01,512880,证券ETF,1.001,1.032,1.001,1.011,2317738700.0,2343813260.375,,,,,
2023-08-02,512880,证券ETF,1.006,1.039,1.005,1.018,1811517300.0,1842313094.1,,,,,
2023-08-03,512880,证券ETF,1.027,1.059,1.008,1.054,2800412100.0,2904027347.7,,,,,
2023-08-04,512880,证券ETF,1.08,1.113,1.059,1.063,4402230000.0,4748905612.499999,,,,,
2023-08-07,512880,证券ETF,1.041,1.067,1.04,1.066,1888443700.0,1989475437.9500003,,,,,
2023-08-08,512880,证券ETF,1.056,1.081,1.027,1.059,2149621900.0,2269463320.9249997,,,,,
2023-08-09,512880,证券ETF,1.047,1.066,1.047,1.053,1278363300.0,1346436145.7249997,,,,,
2023-08-10,512880,证券ETF,1.053,1.075,1.05,1.074,1858348600.0,1975424561.8,,,,,
2023-08-11,512880,证券ETF,1.066,1.066,1.026,1.027,2964014600.0,3101100275.2499995,,,,,
2023-08-14,512880,证券ETF,1.006,1.033,1.005,1.017,1819832800.0,1847585250.2,,,,,
2023-08-15,512880,证券ETF,1.011,1.037,1.011,1.036,1772864700.0,1814970236.625,,,,,
2023-08-16,512880,证券ETF,1.024,1.064,1.013,1.038,1967295400.0,2035658915.15,,,,,
2023-08-17,512880,证券ETF,1.028,1.045,1.019,1.038,1595241200.0,1647086539.0,,,,,
2023-08-18,512880,证券ETF,1.038,1.053,1.02,1.021,1248198400.0,1289388947.1999998,,,,,
2023-08-21,512880,证券ETF,1.01,1.019,0.984,0.985,1879141300.0,1878201729.3500001,,,,,
2023-08-22,512880,证券ETF,0.989,1.01,0.983,1.004,2044527200.0,2037371354.8000002,,,,,
2023-08-23,512880,证券ETF,0.995,0.996,0.976,0.977,1095454400.0,1080118038.4,,,,,
2023-08-24,512880,证券ETF,0.983,1.009,0.983,0.992,1683396400.0,1669508379.7,,,,,
2023-08-25,512880,证券ETF,0.988,1.006,0.987,0.998,1329669900.0,1322689133.025,,,,,
2023-08-28,512880,证券ETF,1.098,1.098,1.018,1.023,4283547700.0,4537347901.225,,,,,
2023-08-29,512880,证券ETF,1.011,1.025,0.987,1.016,2890584800.0,2918768001.7999997,,,,,
2023-08-30,512880,证券ETF,1.008,1.008,0.985,0.987,1874502800.0,1868879291.6,,,,,
2023-08-31,512880,证券ETF,0.986,0.991,0.966,0.968,1415041500.0,1383556826.6249998,,,,,
2023-09-01,512880,证券ETF,0.975,0.98,0.966,0.969,1162483400.0,1130515106.5,,,,,
2023-09-04,512880,证券ETF,0.973,0.981,0.965,0.976,1144676300.0,1114628547.1249998,,,,,
2023-09-05,512880,证券ETF,0.973,0.974,0.963,0.967,926958200.0,898454235.3499999,,,,,
2023-09-06,512880,证券ETF,0.962,0.967,0.957,0.964,928280600.0,893470077.4999999,,,,,
2023-09-07,512880,证券ETF,0.963,0.97,0.956,0.959,1198943100.0,1153383262.2,,,,,
2023-09-08,512880,证券ETF,0.956,0.967,0.95,0.964,1071008900.0,1027365287.3249999,,,,,
2023-09-11,512880,证券ETF,0.964,0.985,0.958,0.979,1474030400.0,1432020533.6000001,,,,,
2023-09-12,512880,证券ETF,0.973,0.977,0.967,0.968,800318200.0,777309051.75,,,,,
2023-09-13,512880,证券ETF,0.966,0.969,0.953,0.957,894402500.0,859744403.125,,,,,
2023-09-14,512880,证券ETF,0.958,0.965,0.955,0.961,775274100.0,744069317.475,,,,,
2023-09-15,512880,证券ETF,0.965,0.967,0.951,0.957,885431600.0,850014336.0,,,,,
2023-09-18,512880,证券ETF,0.951,0.958,0.946,0.955,660794500.0,629406761.2499999,,,,,
2023-09-19,512880,证券ETF,0.955,0.961,0.952,0.956,869401900.0,831148216.4,,,,,
2023-09-20,512880,证券ETF,0.954,0.959,0.95,0.952,508825800.0,485292606.74999994,,,,,
2023-09-21,512880,证券ETF,0.951,0.959,0.945,0.945,740754500.0,703716775.0,,,,,
2023-09-22,512880,证券ETF,0.943,0.975,0.942,0.974,1537081800.0,1473292905.3,,,,,
2023-09-25,512880,证券ETF,0.969,0.969,0.95,0.95,1046712200.0,1004320355.9,,,,,
2023-09-26,512880,证券ETF,0.949,0.956,0.948,0.952,496006100.0,471825802.62499994,,,,,
2023-09-27,512880,证券ETF,0.951,0.956,0.949,0.953,777109300.0,740002330.925,,,,,
2023-09-28,512880,证券ETF,0.955,0.957,0.945,0.947,823115900.0,782783220.9,,,,,
2023-10-09,512880,证券ETF,0.941,0.941,0.925,0.935,979731600.0,916538911.8,,,,,
2023-10-10,512880,证券ETF,0.939,0.943,0.932,0.932,523690300.0,490435965.95,,,,,
2023-10-11,512880,证券ETF,0.936,0.94,0.928,0.93,703777900.0,656976669.65,,,,,
2023-10-12,512880,证券ETF,0.944,0.946,0.937,0.941,777418700.0,732328415.4,,,,,
2023-10-13,512880,证券ETF,0.932,0.935,0.929,0.931,610989000.0,569289000.75,,,,,
2023-10-16,512880,证券ETF,0.93,0.935,0.924,0.929,755258400.0,702012682.8,,,,,
2023-10-17,512880,证券ETF,0.931,0.95,0.927,0.942,1098576700.0,1029915656.25,,,,,
2023-10-18,512880,证券ETF,0.938,0.946,0.936,0.941,712756900.0,670169675.225,,,,,
2023-10-19,512880,证券ETF,0.936,0.951,0.934,0.935,1117495700.0,1049328462.3000001,,,,,
2023-10-20,512880,证券ETF,0.93,0.943,0.929,0.938,983334200.0,919417477.0,,,,,
2023-10-23,512880,证券ETF,0.934,0.934,0.911,0.914,1249764300.0,1153844889.975,,,,,
2023-10-24,512880,证券ETF,0.919,0.948,0.917,0.945,1487259900.0,1386498041.775,,,,,
2023-10-25,512880,证券ETF,0.958,0.958,0.942,0.944,1504462600.0,1429991701.3,,,,,
2023-10-26,512880,证券ETF,0.935,0.945,0.933,0.943,859970300.0,807512111.7,,,,,
2023-10-27,512880,证券ETF,0.939,0.951,0.933,0.947,1345772500.0,1268390581.2499998,,,,,
2023-10-30,512880,证券ETF,0.942,0.945,0.934,0.943,1368022400.0,1287309078.3999999,,,,,
2023-10-31,512880,证券ETF,0.941,0.949,0.939,0.945,1037012400.0,978421199.4,,,,,
2023-11-01,512880,证券ETF,0.951,0.953,0.941,0.942,904173300.0,856026071.7749999,,,,,
2023-11-02,512880,证券ETF,0.943,0.949,0.934,0.935,921727100.0,866653905.775,,,,,
2023-11-03,512880,证券ETF,0.937,0.949,0.935,0.946,999800100.0,941561744.175,,,,,
2023-11-06,512880,证券ETF,0.972,0.987,0.962,0.984,2544390800.0,2483961518.5,,,,,
2023-11-07,512880,证券ETF,0.978,0.992,0.975,0.987,1437376800.0,1412941394.4,,,,,
2023-11-08,512880,证券ETF,0.984,0.99,0.97,0.979,1202052400.0,1178912891.3,,,,,
2023-11-09,512880,证券ETF,0.975,0.979,0.97,0.975,986793300.0,961876769.175,,,,,
2023-11-10,512880,证券ETF,0.968,0.98,0.968,0.975,1191586000.0,1159115281.5,,,,,
2023-11-13,512880,证券ETF,0.975,0.976,0.966,0.97,886132400.0,861099159.6999999,,,,,
2023-11-14,512880,证券ETF,0.97,0.997,0.969,0.983,1798221600.0,1761807612.6,,,,,
2023-11-15,512880,证券ETF,0.993,0.998,0.982,0.984,1376419800.0,1361623287.1499999,,,,,
2023-11-16,512880,证券ETF,0.982,0.989,0.974,0.975,836113300.0,819391034.0,,,,,
2023-11-17,512880,证券ETF,0.973,0.981,0.972,0.979,770890500.0,752581850.625,,,,,
2023-11-20,512880,证券ETF,0.979,0.979,0.963,0.975,983224900.0,957661052.6,,,,,
2023-11-21,512880,证券ETF,0.977,0.991,0.972,0.973,1167710500.0,1142312796.625,,,,,
2023-11-22,512880,证券ETF,0.97,0.975,0.963,0.964,767766300.0,743197778.4,,,,,
2023-11-23,512880,证券ETF,0.964,0.967,0.957,0.967,802311700.0,773227900.875,,,,,
2023-11-24,512880,证券ETF,0.965,0.965,0.954,0.957,697518800.0,669792427.7,,,,,
2023-11-27,512880,证券ETF,0.952,0.953,0.941,0.946,876962300.0,831360260.4,,,,,
2023-11-28,512880,证券ETF,0.946,0.949,0.94,0.945,595392900.0,562646290.5,,,,,
2023-11-29,512880,证券ETF,0.946,0.947,0.933,0.936,783014600.0,736425231.3000001,,,,,
2023-11-30,512880,证券ETF,0.936,0.942,0.934,0.938,789764800.0,740404500.0,,,,,
2023-12-01,512880,证券ETF,0.938,0.945,0.935,0.945,898429400.0,845197458.05,,,,,
2023-12-04,512880,证券ETF,0.944,0.949,0.941,0.942,823648000.0,777523712.0,,,,,
2023-12-05,512880,证券ETF,0.94,0.944,0.929,0.93,995002600.0,931073682.95,,,,,
2023-12-06,512880,证券ETF,0.929,0.933,0.925,0.927,810621100.0,752661691.3500001,,,,,
2023-12-07,512880,证券ETF,0.925,0.934,0.922,0.932,795958400.0,738848384.8000001,,,,,
2023-12-08,512880,证券ETF,0.931,0.934,0.925,0.925,1214358900.0,1127835828.375,,,,,
2023-12-11,512880,证券ETF,0.921,0.943,0.911,0.94,1438700900.0,1336193460.875,,,,,
2023-12-12,512880,证券ETF,0.936,0.941,0.934,0.936,721085700.0,675477029.475,,,,,
2023-12-13,512880,证券ETF,0.936,0.936,0.924,0.925,721429700.0,671109978.4250001,,,,,
2023-12-14,512880,证券ETF,0.931,0.932,0.92,0.921,770391200.0,713382251.2,,,,,
2023-12-15,512880,证券ETF,0.925,0.933,0.919,0.921,940462300.0,869457396.35,,,,,
2023-12-18,512880,证券ETF,0.921,0.929,0.916,0.92,858792500.0,791377288.7500001,,,,,
2023-12-19,512880,证券ETF,0.919,0.923,0.91,0.918,1002877400.0,920140014.5000001,,,,,
2023-12-20,512880,证券ETF,0.917,0.918,0.892,0.893,1476755200.0,1336463456.0,,,,,
2023-12-21,512880,证券ETF,0.889,0.897,0.885,0.893,945147400.0,842126333.4,,,,,
2023-12-22,512880,证券ETF,0.892,0.897,0.885,0.89,940553300.0,838032990.3000001,,,,,
2023-12-25,512880,证券ETF,0.889,0.89,0.882,0.885,557469200.0,494196445.8,,,,,
2023-12-26,512880,证券ETF,0.885,0.885,0.872,0.874,760346200.0,668344309.8,,,,,
2023-12-27,512880,证券ETF,0.875,0.887,0.866,0.882,1123960800.0,986275602.0000001,,,,,
2023-12-28,512880,证券ETF,0.878,0.906,0.877,0.902,1511627000.0,1346481750.25,,,,,
2023-12-29,512880,证券ETF,0.9,0.906,0.898,0.902,957496300.0,863182914.45,,,,,
2024-01-02,512880,证券ETF,0.901,0.902,0.89,0.891,702092200.0,629074611.2,,,,,
2024-01-03,512880,证券ETF,0.889,0.896,0.887,0.892,770960900.0,686926161.9,,,,,
2024-01-04,512880,证券ETF,0.891,0.891,0.877,0.884,1030383000.0,912661742.25,,,,,
2024-01-05,512880,证券ETF,0.882,0.891,0.872,0.877,912306000.0,803285433.0,,,,,
2024-01-08,512880,证券ETF,0.873,0.876,0.86,0.86,833301900.0,722681072.775,,,,,
2024-01-09,512880,证券ETF,0.862,0.866,0.852,0.858,758185400.0,651660351.3,,,,,
2024-01-10,512880,证券ETF,0.855,0.863,0.849,0.854,693530300.0,593141789.075,,,,,
2024-01-11,512880,证券ETF,0.853,0.865,0.851,0.862,773119400.0,663143165.35,,,,,
2024-01-12,512880,证券ETF,0.859,0.866,0.853,0.853,678807500.0,582247133.125,,,,,
2024-01-15,512880,证券ETF,0.849,0.861,0.847,0.852,618658600.0,527251791.85,,,,,
2024-01-16,512880,证券ETF,0.85,0.864,0.846,0.863,996475300.0,852733737.975,,,,,
2024-01-17,512880,证券ETF,0.859,0.859,0.846,0.847,914090000.0,779490247.5,,,,,
2024-01-18,512880,证券ETF,0.841,0.857,0.827,0.855,1608589300.0,1359257958.5,,,,,
2024-01-19,512880,证券ETF,0.849,0.852,0.843,0.846,962390400.0,815625863.9999999,,,,,
2024-01-22,512880,证券ETF,0.845,0.852,0.821,0.828,1247477600.0,1043515012.4,,,,,
2024-01-23,512880,证券ETF,0.826,0.853,0.82,0.845,1449817800.0,1212047680.8,,,,,
2024-01-24,512880,证券ETF,0.849,0.889,0.837,0.887,2217446300.0,1919199772.6499999,,,,,
2024-01-25,512880,证券ETF,0.873,0.899,0.87,0.89,2125625600.0,1876927404.8,,,,,
2024-01-26,512880,证券ETF,0.884,0.901,0.881,0.89,1451936200.0,1290771281.8,,,,,
2024-01-29,512880,证券ETF,0.888,0.892,0.873,0.875,1094274500.0,965150108.9999999,,,,,
2024-01-30,512880,证券ETF,0.869,0.881,0.863,0.864,1027136300.0,892838228.775,,,,,
2024-01-31,512880,证券ETF,0.86,0.869,0.85,0.855,1338180900.0,1148828302.6499999,,,,,
2024-02-01,512880,证券ETF,0.849,0.866,0.844,0.852,1127966300.0,961873262.325,,,,,
2024-02-02,512880,证券ETF,0.852,0.855,0.809,0.833,1666468500.0,1395250751.625,,,,,
2024-02-05,512880,证券ETF,0.824,0.837,0.8,0.815,1662056800.0,1361224519.1999998,,,,,
2024-02-06,512880,证券ETF,0.808,0.868,0.806,0.863,1710286400.0,1430227002.0,,,,,
2024-02-07,512880,证券ETF,0.858,0.878,0.857,0.873,1384915400.0,1200029194.1000001,,,,,
2024-02-08,512880,证券ETF,0.883,0.895,0.876,0.881,1168265200.0,1032454370.4999999,,,,,
2024-02-19,512880,证券ETF,0.878,0.878,0.86,0.871,1116676500.0,973462738.875,,,,,
2024-02-20,512880,证券ETF,0.868,0.889,0.864,0.882,1369501100.0,1199340588.325,,,,,
2024-02-21,512880,证券ETF,0.875,0.911,0.871,0.891,1945200300.0,1725392666.1,,,,,
2024-02-22,512880,证券ETF,0.886,0.905,0.884,0.901,1374109700.0,1228454071.8,,,,,
2024-02-23,512880,证券ETF,0.901,0.906,0.894,0.902,1300495600.0,1171421411.7,,,,,
2024-02-26,512880,证券ETF,0.9,0.903,0.894,0.895,980914300.0,880861041.4,,,,,
2024-02-27,512880,证券ETF,0.893,0.91,0.893,0.909,1112880500.0,1002983550.6250001,,,,,
2024-02-28,512880,证券ETF,0.916,0.931,0.894,0.895,2158753400.0,1962306840.6000001,,,,,
2024-02-29,512880,证券ETF,0.892,0.914,0.891,0.913,1486759900.0,1341800809.75,,,,,
2024-03-01,512880,证券ETF,0.911,0.924,0.907,0.92,1382945500.0,1266086605.25,,,,,
2024-03-04,512880,证券ETF,0.918,0.918,0.904,0.908,1169098500.0,1066217832.0,,,,,
2024-03-05,512880,证券ETF,0.902,0.908,0.898,0.901,1161370400.0,1047846443.4,,,,,
2024-03-06,512880,证券ETF,0.901,0.913,0.895,0.902,1121828200.0,1012730407.5500001,,,,,
2024-03-07,512880,证券ETF,0.899,0.907,0.887,0.89,1333512900.0,1194494180.175,,,,,
2024-03-08,512880,证券ETF,0.89,0.895,0.887,0.892,788686800.0,702719938.8,,,,,
2024-03-11,512880,证券ETF,0.893,0.906,0.892,0.906,1311208100.0,1179103883.925,,,,,
2024-03-12,512880,证券ETF,0.909,0.915,0.902,0.912,1602269400.0,1457264019.3000002,,,,,
2024-03-13,512880,证券ETF,0.911,0.911,0.897,0.898,1158804900.0,1047849330.825,,,,,
2024-03-14,512880,证券ETF,0.896,0.902,0.886,0.891,1080596800.0,965783390.0,,,,,
2024-03-15,512880,证券ETF,0.888,0.898,0.884,0.896,1114943400.0,993972041.0999999,,,,,
2024-03-18,512880,证券ETF,0.901,0.923,0.899,0.917,1964528500.0,1787720935.0,,,,,
2024-03-19,512880,证券ETF,0.913,0.913,0.899,0.9,1172652800.0,1062716600.0,,,,,
2024-03-20,512880,证券ETF,0.898,0.906,0.896,0.902,1085634400.0,977613777.1999999,,,,,
2024-03-21,512880,证券ETF,0.905,0.915,0.903,0.906,1208154000.0,1096097716.5,,,,,
2024-03-22,512880,证券ETF,0.904,0.906,0.888,0.89,1450622900.0,1301208741.3,,,,,
2024-03-25,512880,证券ETF,0.881,0.882,0.863,0.864,1602884600.0,1398516813.5,,,,,
2024-03-26,512880,证券ETF,0.864,0.869,0.86,0.866,823282600.0,711933628.35,,,,,
2024-03-27,512880,证券ETF,0.864,0.865,0.85,0.851,912523700.0,782489072.75,,,,,
2024-03-28,512880,证券ETF,0.852,0.863,0.85,0.853,1021046400.0,872484148.8000001,,,,,
2024-03-29,512880,证券ETF,0.852,0.857,0.846,0.856,986538700.0,841270876.425,,,,,
2024-04-01,512880,证券ETF,0.867,0.87,0.864,0.869,1008260100.0,874665636.7499999,,,,,
2024-04-02,512880,证券ETF,0.869,0.873,0.861,0.863,747275000.0,647513787.5,,,,,
2024-04-03,512880,证券ETF,0.861,0.866,0.856,0.856,636786600.0,547477279.35,,,,,
2024-04-08,512880,证券ETF,0.85,0.852,0.841,0.842,874645000.0,740168331.25,,,,,
2024-04-09,512880,证券ETF,0.843,0.847,0.841,0.845,565051600.0,476903550.40000004,,,,,
2024-04-10,512880,证券ETF,0.844,0.844,0.824,0.829,1170525000.0,977681006.2499999,,,,,
2024-04-11,512880,证券ETF,0.824,0.833,0.824,0.826,797752300.0,659541714.0249999,,,,,
2024-04-12,512880,证券ETF,0.826,0.828,0.809,0.811,1020210600.0,835042376.1,,,,,
2024-04-15,512880,证券ETF,0.806,0.833,0.8,0.824,1498203700.0,1222159668.2749999,,,,,
2024-04-16,512880,证券ETF,0.818,0.826,0.808,0.809,1050346900.0,856295310.225,,,,,
2024-04-17,512880,证券ETF,0.81,0.827,0.806,0.825,1336243600.0,1091711021.2,,,,,
2024-04-18,512880,证券ETF,0.823,0.844,0.821,0.832,1537378800.0,1276024403.9999998,,,,,
2024-04-19,512880,证券ETF,0.828,0.835,0.825,0.827,848030400.0,702805193.9999999,,,,,
2024-04-22,512880,证券ETF,0.825,0.838,0.824,0.829,828738200.0,687023967.8,,,,,
2024-04-23,512880,证券ETF,0.831,0.833,0.824,0.827,748447200.0,620275616.9999999,,,,,
2024-04-24,512880,证券ETF,0.828,0.83,0.822,0.828,805285500.0,665971108.5,,,,,
2024-04-25,512880,证券ETF,0.825,0.831,0.821,0.827,830156300.0,685709103.7999998,,,,,
2024-04-26,512880,证券ETF,0.846,0.879,0.838,0.878,2926420900.0,2517453579.225,,,,,
2024-04-29,512880,证券ETF,0.877,0.897,0.874,0.889,2395407700.0,2118139258.7250001,,,,,
2024-04-30,512880,证券ETF,0.884,0.886,0.871,0.873,1273929100.0,1119146714.3500001,,,,,
2024-05-06,512880,证券ETF,0.884,0.892,0.874,0.878,1398386400.0,1233376804.8,,,,,
2024-05-07,512880,证券ETF,0.876,0.88,0.87,0.875,1027053600.0,898928663.4,,,,,
2024-05-08,512880,证券ETF,0.872,0.873,0.861,0.862,1027053800.0,890455644.6,,,,,
2024-05-09,512880,证券ETF,0.863,0.875,0.863,0.87,1307204000.0,1134326271.0,,,,,
2024-05-10,512880,证券ETF,0.87,0.879,0.866,0.876,1408469800.0,1229242017.95,,,,,
2024-05-13,512880,证券ETF,0.872,0.885,0.864,0.878,1217929100.0,1065383480.2249999,,,,,
2024-05-14,512880,证券ETF,0.877,0.883,0.87,0.883,1229080500.0,1079439949.125,,,,,
2024-05-15,512880,证券ETF,0.888,0.889,0.859,0.859,1705966600.0,1490588316.75,,,,,
2024-05-16,512880,证券ETF,0.861,0.87,0.857,0.858,1051463500.0,905835805.2499999,,,,,
2024-05-17,512880,证券ETF,0.858,0.872,0.855,0.871,1087104500.0,939258288.0,,,,,
2024-05-20,512880,证券ETF,0.869,0.882,0.868,0.872,1425762300.0,1244334047.325,,,,,
2024-05-21,512880,证券ETF,0.87,0.874,0.864,0.866,855712400.0,743186219.4,,,,,
2024-05-22,512880,证券ETF,0.866,0.873,0.863,0.869,935273000.0,811583145.7499999,,,,,
2024-05-23,512880,证券ETF,0.866,0.867,0.85,0.851,1200728000.0,1030824988.0,,,,,
2024-05-24,512880,证券ETF,0.849,0.853,0.839,0.84,962787100.0,813795796.275,,,,,
2024-05-27,512880,证券ETF,0.843,0.849,0.838,0.848,794755000.0,671170597.5,,,,,
2024-05-28,512880,证券ETF,0.846,0.85,0.839,0.84,812874100.0,685862521.875,,,,,
2024-05-29,512880,证券ETF,0.839,0.849,0.838,0.841,707168500.0,595259084.875,,,,,
2024-05-30,512880,证券ETF,0.838,0.843,0.835,0.84,708065700.0,594067122.3,,,,,
2024-05-31,512880,证券ETF,0.842,0.847,0.838,0.839,803143800.0,675845507.7,,,,,
2024-06-03,512880,证券ETF,0.836,0.836,0.824,0.828,1147682100.0,953723825.0999999,,,,,
2024-06-04,512880,证券ETF,0.828,0.836,0.827,0.834,948551900.0,788483766.8749999,,,,,
2024-06-05,512880,证券ETF,0.833,0.838,0.83,0.831,856698500.0,713629850.5,,,,,
2024-06-06,512880,证券ETF,0.832,0.834,0.818,0.82,1352996600.0,1117575191.6,,,,,
2024-06-07,512880,证券ETF,0.822,0.825,0.804,0.815,1474242800.0,1203719246.2,,,,,
2024-06-11,512880,证券ETF,0.813,0.822,0.81,0.816,919310300.0,749467722.075,,,,,
2024-06-12,512880,证券ETF,0.815,0.818,0.813,0.816,713403700.0,581780717.3499999,,,,,
2024-06-13,512880,证券ETF,0.817,0.819,0.812,0.815,921256700.0,751515153.025,,,,,
2024-06-14,512880,证券ETF,0.814,0.84,0.812,0.833,2080461300.0,1715860457.1749997,,,,,
2024-06-17,512880,证券ETF,0.824,0.834,0.821,0.832,1003034600.0,830261890.15,,,,,
2024-06-18,512880,证券ETF,0.832,0.844,0.831,0.838,1237413500.0,1034787039.3749999,,,,,
2024-06-19,512880,证券ETF,0.839,0.84,0.826,0.827,1026244500.0,854861668.5,,,,,
2024-06-20,512880,证券ETF,0.826,0.829,0.818,0.82,959510000.0,789916607.4999999,,,,,
2024-06-21,512880,证券ETF,0.822,0.826,0.818,0.821,984993000.0,809417997.75,,,,,
2024-06-24,512880,证券ETF,0.818,0.821,0.812,0.813,950437200.0,775556755.2,,,,,
2024-06-25,512880,证券ETF,0.812,0.814,0.795,0.799,1753772500.0,1411786862.5,,,,,
2024-06-26,512880,证券ETF,0.797,0.811,0.797,0.81,1315684100.0,1057481095.3750001,,,,,
2024-06-27,512880,证券ETF,0.807,0.807,0.801,0.801,779594800.0,626794219.2,,,,,
2024-06-28,512880,证券ETF,0.8,0.808,0.781,0.783,1738892700.0,1378941911.1000001,,,,,
2024-07-01,512880,证券ETF,0.78,0.787,0.773,0.784,1107079400.0,864629011.4,,,,,
2024-07-02,512880,证券ETF,0.783,0.79,0.779,0.782,884047500.0,692651216.25,,,,,
2024-07-03,512880,证券ETF,0.781,0.786,0.776,0.782,754347700.0,589334140.625,,,,,
2024-07-04,512880,证券ETF,0.783,0.785,0.767,0.767,1040071700.0,806575603.35,,,,,
2024-07-05,512880,证券ETF,0.767,0.775,0.763,0.768,963182600.0,739965032.45,,,,,
2024-07-08,512880,证券ETF,0.766,0.766,0.746,0.748,1094599000.0,828064143.5000001,,,,,
2024-07-09,512880,证券ETF,0.749,0.766,0.743,0.763,1294004300.0,977296747.5749999,,,,,
2024-07-10,512880,证券ETF,0.758,0.776,0.757,0.764,1074016700.0,820280254.625,,,,,
2024-07-11,512880,证券ETF,0.772,0.781,0.769,0.776,1005914300.0,779080625.35,,,,,
2024-07-12,512880,证券ETF,0.775,0.778,0.77,0.775,623909700.0,483218062.65000004,,,,,
2024-07-15,512880,证券ETF,0.772,0.777,0.77,0.773,539155700.0,416767356.1,,,,,
2024-07-16,512880,证券ETF,0.774,0.783,0.771,0.78,818401100.0,635897654.7,,,,,
2024-07-17,512880,证券ETF,0.78,0.788,0.779,0.786,813569000.0,637227919.25,,,,,
2024-07-18,512880,证券ETF,0.784,0.79,0.776,0.79,918417800.0,720957972.9999999,,,,,
2024-07-19,512880,证券ETF,0.787,0.801,0.787,0.799,1087116700.0,862627101.4499999,,,,,
2024-07-22,512880,证券ETF,0.809,0.813,0.795,0.805,1106549300.0,891325461.15,,,,,
2024-07-23,512880,证券ETF,0.801,0.806,0.786,0.786,924167700.0,734482279.575,,,,,
2024-07-24,512880,证券ETF,0.784,0.787,0.776,0.777,782409700.0,611061975.6999999,,,,,
2024-07-25,512880,证券ETF,0.776,0.792,0.776,0.787,898580100.0,703363573.2750001,,,,,
2024-07-26,512880,证券ETF,0.788,0.807,0.785,0.801,935207400.0,743723684.85,,,,,
2024-07-29,512880,证券ETF,0.797,0.803,0.793,0.793,600066900.0,477953285.8500001,,,,,
2024-07-30,512880,证券ETF,0.792,0.799,0.789,0.797,720033600.0,571886686.8,,,,,
2024-07-31,512880,证券ETF,0.798,0.849,0.798,0.841,2520496500.0,2070587874.75,,,,,
2024-08-01,512880,证券ETF,0.834,0.841,0.831,0.835,1056769600.0,882666808.4,,,,,
2024-08-02,512880,证券ETF,0.83,0.838,0.816,0.819,994995400.0,821617451.55,,,,,
2024-08-05,512880,证券ETF,0.814,0.83,0.812,0.812,989822500.0,808684982.5,,,,,
2024-08-06,512880,证券ETF,0.821,0.824,0.806,0.815,852436200.0,696014157.3,,,,,
2024-08-07,512880,证券ETF,0.814,0.819,0.808,0.81,737484100.0,599390202.2750001,,,,,
2024-08-08,512880,证券ETF,0.809,0.825,0.807,0.813,883062700.0,718371506.45,,,,,
2024-08-09,512880,证券ETF,0.818,0.821,0.806,0.806,775197100.0,630041443.0250001,,,,,
2024-08-12,512880,证券ETF,0.803,0.808,0.8,0.804,583122800.0,468684950.5,,,,,
2024-08-13,512880,证券ETF,0.805,0.816,0.8,0.815,803976300.0,650416826.6999999,,,,,
2024-08-14,512880,证券ETF,0.812,0.816,0.807,0.808,617813100.0,500891970.825,,,,,
2024-08-15,512880,证券ETF,0.806,0.825,0.805,0.817,1050200100.0,854075231.325,,,,,
2024-08-16,512880,证券ETF,0.815,0.818,0.81,0.812,611693100.0,497765260.125,,,,,
2024-08-19,512880,证券ETF,0.81,0.818,0.808,0.811,489251100.0,397149580.425,,,,,
2024-08-20,512880,证券ETF,0.813,0.813,0.802,0.805,683630700.0,552544513.275,,,,,
2024-08-21,512880,证券ETF,0.803,0.807,0.799,0.8,457257800.0,366835070.05,,,,,
2024-08-22,512880,证券ETF,0.804,0.806,0.786,0.788,757233000.0,602757468.0,,,,,
2024-08-23,512880,证券ETF,0.786,0.801,0.786,0.795,700760400.0,555002236.8000001,,,,,
2024-08-26,512880,证券ETF,0.795,0.801,0.791,0.795,499370700.0,397249391.84999996,,,,,
2024-08-27,512880,证券ETF,0.794,0.795,0.785,0.788,384205700.0,303714605.85,,,,,
2024-08-28,512880,证券ETF,0.787,0.792,0.785,0.789,408671600.0,322135388.70000005,,,,,
2024-08-29,512880,证券ETF,0.787,0.8,0.786,0.794,660723300.0,523127672.77500004,,,,,
2024-08-30,512880,证券ETF,0.792,0.821,0.791,0.814,1331769900.0,1071408884.5499998,,,,,
2024-09-02,512880,证券ETF,0.809,0.811,0.792,0.793,877858600.0,703384203.25,,,,,
2024-09-03,512880,证券ETF,0.792,0.803,0.791,0.799,566959700.0,451441661.125,,,,,
2024-09-04,512880,证券ETF,0.794,0.805,0.794,0.798,510213500.0,407022819.62500006,,,,,
2024-09-05,512880,证券ETF,0.798,0.806,0.797,0.806,634400000.0,508630200.00000006,,,,,
2024-09-06,512880,证券ETF,0.822,0.826,0.808,0.809,1468354700.0,1198544523.875,,,,,
2024-09-09,512880,证券ETF,0.801,0.817,0.8,0.808,855589800.0,690033173.7,,,,,
2024-09-10,512880,证券ETF,0.809,0.81,0.795,0.805,743841300.0,598606286.1750001,,,,,
2024-09-11,512880,证券ETF,0.804,0.809,0.801,0.804,522843800.0,420627837.1000001,,,,,
2024-09-12,512880,证券ETF,0.805,0.809,0.801,0.803,581256500.0,467620854.25000006,,,,,
2024-09-13,512880,证券ETF,0.804,0.813,0.803,0.805,648685800.0,523002926.24999994,,,,,
2024-09-18,512880,证券ETF,0.803,0.808,0.797,0.806,639377100.0,513739499.85,,,,,
2024-09-19,512880,证券ETF,0.809,0.825,0.804,0.816,1099486600.0,894432349.1000001,,,,,
2024-09-20,512880,证券ETF,0.813,0.816,0.809,0.816,595942200.0,484798979.7,,,,,
2024-09-23,512880,证券ETF,0.816,0.82,0.812,0.816,642035900.0,523901294.40000004,,,,,
2024-09-24,512880,证券ETF,0.825,0.867,0.818,0.866,3128328800.0,2640309507.2,,,,,
2024-09-25,512880,证券ETF,0.884,0.905,0.878,0.882,3083614500.0,2735936965.1250005,,,,,
2024-09-26,512880,证券ETF,0.875,0.94,0.874,0.938,3403001000.0,3085671156.75,,,,,
2024-09-27,512880,证券ETF,0.966,1.008,0.948,1.006,2547927900.0,2502065197.8,,,,,
2024-09-30,512880,证券ETF,1.1,1.107,1.076,1.107,4557521800.0,5001880175.500001,,,,,
2024-10-08,512880,证券ETF,1.218,1.218,1.218,1.218,1496078600.0,1822223734.8,,,,,
2024-10-09,512880,证券ETF,1.217,1.297,1.14,1.179,9228539800.0,11150383213.349998,,,,,
2024-10-10,512880,证券ETF,1.2,1.2,1.098,1.113,5359103600.0,6177706674.9,,,,,
2024-10-11,512880,证券ETF,1.095,1.145,1.093,1.116,3624426400.0,4031268263.4,,,,,
2024-10-14,512880,证券ETF,1.127,1.135,1.063,1.124,3713624700.0,4130479072.575,,,,,
2024-10-15,512880,证券ETF,1.103,1.126,1.086,1.087,1997321400.0,2198052200.7000003,,,,,
2024-10-16,512880,证券ETF,1.067,1.122,1.065,1.094,1996428600.0,2170117888.2000003,,,,,
2024-10-17,512880,证券ETF,1.097,1.123,1.086,1.088,1488213700.0,1634802749.45,,,,,
2024-10-18,512880,证券ETF,1.083,1.197,1.076,1.169,3691042400.0,4175491715.0000005,,,,,
2024-10-21,512880,证券ETF,1.145,1.153,1.127,1.137,2509201900.0,2861744766.9500003,,,,,
2024-10-22,512880,证券ETF,1.134,1.156,1.131,1.146,1772848700.0,2024150003.2250001,,,,,
2024-10-23,512880,证券ETF,1.148,1.172,1.134,1.14,2175377100.0,2498420599.35,,,,,
2024-10-24,512880,证券ETF,1.132,1.145,1.125,1.138,1578480500.0,1791575367.4999998,,,,,
2024-10-25,512880,证券ETF,1.14,1.164,1.134,1.147,1770097600.0,2028974373.9999995,,,,,
2024-10-28,512880,证券ETF,1.146,1.155,1.14,1.149,1183706100.0,1358302749.75,,,,,
2024-10-29,512880,证券ETF,1.155,1.168,1.133,1.136,1646758500.0,1890478757.9999998,,,,,
2024-10-30,512880,证券ETF,1.131,1.146,1.12,1.133,1278310100.0,1447686188.25,,,,,
2024-10-31,512880,证券ETF,1.129,1.194,1.125,1.166,2806969800.0,3237839664.2999997,,,,,
2024-11-01,512880,证券ETF,1.16,1.188,1.15,1.153,1599155400.0,1859417941.35,,,,,
2024-11-04,512880,证券ETF,1.159,1.199,1.157,1.198,1877823200.0,2212545185.4,,,,,
2024-11-05,512880,证券ETF,1.2,1.277,1.182,1.265,3542451200.0,4360757427.2,,,,,
2024-11-06,512880,证券ETF,1.275,1.325,1.246,1.257,3773809600.0,4814437597.2,,,,,
2024-11-07,512880,证券ETF,1.236,1.374,1.231,1.364,4239027000.0,5516033883.75,,,,,
2024-11-08,512880,证券ETF,1.393,1.397,1.314,1.32,3392838900.0,4600689548.400001,,,,,
2024-11-11,512880,证券ETF,1.3,1.331,1.288,1.321,2349442000.0,3077769020.0,,,,,
2024-11-12,512880,证券ETF,1.323,1.332,1.272,1.289,2187001300.0,2851849695.2000003,,,,,
2024-11-13,512880,证券ETF,1.277,1.3,1.262,1.286,1707118500.0,2187245578.125,,,,,
2024-11-14,512880,证券ETF,1.282,1.301,1.264,1.265,1615748800.0,2064926966.4,,,,,
2024-11-15,512880,证券ETF,1.266,1.276,1.214,1.215,1834061500.0,2279279929.125,,,,,
2024-11-18,512880,证券ETF,1.215,1.23,1.189,1.199,1728934700.0,2088985351.275,,,,,
2024-11-19,512880,证券ETF,1.205,1.227,1.189,1.225,1673832700.0,2027848316.05,,,,,
2024-11-20,512880,证券ETF,1.216,1.236,1.207,1.225,1572614900.0,1920162792.8999999,,,,,
2024-11-21,512880,证券ETF,1.223,1.248,1.217,1.237,1812504300.0,2231645919.3750005,,,,,
2024-11-22,512880,证券ETF,1.233,1.237,1.176,1.178,1721445600.0,2076063393.6,,,,,
2024-11-25,512880,证券ETF,1.177,1.182,1.148,1.167,1416774700.0,1655501236.95,,,,,
2024-11-26,512880,证券ETF,1.164,1.191,1.163,1.167,1016141800.0,1190156083.2500002,,,,,
2024-11-27,512880,证券ETF,1.165,1.197,1.16,1.196,1519708300.0,1792495939.85,,,,,
2024-11-28,512880,证券ETF,1.196,1.2,1.181,1.184,1128001400.0,1342603666.3500001,,,,,
2024-11-29,512880,证券ETF,1.183,1.253,1.179,1.216,2531494200.0,3057412120.05,,,,,
2024-12-02,512880,证券ETF,1.208,1.237,1.2,1.23,1493375200.0,1820051025.0,,,,,
2024-12-03,512880,证券ETF,1.228,1.24,1.213,1.229,1484765800.0,1822550019.5,,,,,
2024-12-04,512880,证券ETF,1.223,1.237,1.208,1.214,1054519400.0,1287040927.7,,,,,
2024-12-05,512880,证券ETF,1.212,1.238,1.211,1.228,1277257100.0,1561127490.4750001,,,,,
2024-12-06,512880,证券ETF,1.226,1.259,1.219,1.244,2087953800.0,2582798850.6,,,,,
2024-12-09,512880,证券ETF,1.24,1.248,1.219,1.232,1232670600.0,1522040023.35,,,,,
2024-12-10,512880,证券ETF,1.302,1.309,1.241,1.244,2590997700.0,3300931069.8,,,,,
2024-12-11,512880,证券ETF,1.24,1.252,1.232,1.241,1015630100.0,1260650861.625,,,,,
2024-12-12,512880,证券ETF,1.241,1.27,1.235,1.259,1678302600.0,2099976128.25,,,,,
2024-12-13,512880,证券ETF,1.247,1.247,1.218,1.219,1578647400.0,1946077582.35,,,,,
2024-12-16,512880,证券ETF,1.218,1.218,1.196,1.201,901975200.0,1089811535.4,,,,,
2024-12-17,512880,证券ETF,1.2,1.214,1.196,1.203,949246400.0,1142180730.8,,,,,
2024-12-18,512880,证券ETF,1.206,1.209,1.197,1.202,812921300.0,978350784.55,,,,,
2024-12-19,512880,证券ETF,1.188,1.201,1.185,1.198,982696900.0,1172357401.7,,,,,
2024-12-20,512880,证券ETF,1.195,1.213,1.195,1.203,1033574400.0,1241839641.6,,,,,
2024-12-23,512880,证券ETF,1.201,1.212,1.186,1.188,1077512800.0,1289513443.4,,,,,
2024-12-24,512880,证券ETF,1.187,1.211,1.187,1.209,1373772200.0,1646465981.7,,,,,
2024-12-25,512880,证券ETF,1.209,1.211,1.191,1.201,1270223900.0,1528079351.7,,,,,
2024-12-26,512880,证券ETF,1.2,1.208,1.198,1.204,917425700.0,1103204404.25,,,,,
2024-12-27,512880,证券ETF,1.204,1.233,1.202,1.213,1883148200.0,2284258766.6000004,,,,,
2024-12-30,512880,证券ETF,1.209,1.226,1.207,1.225,1497954800.0,1822636502.9,,,,,
2024-12-31,512880,证券ETF,1.225,1.225,1.167,1.17,1969973500.0,2357565786.125,,,,,
2025-01-02,512880,证券ETF,1.163,1.166,1.095,1.106,2068158300.0,2342189274.75,,,,,
2025-01-03,512880,证券ETF,1.106,1.11,1.075,1.076,1554134100.0,1696725903.6750004,,,,,
2025-01-06,512880,证券ETF,1.069,1.081,1.066,1.077,1066197100.0,1144296037.575,,,,,
2025-01-07,512880,证券ETF,1.079,1.09,1.071,1.089,1019333200.0,1103173355.7,,,,,
2025-01-08,512880,证券ETF,1.085,1.089,1.054,1.077,1305711900.0,1405272432.375,,,,,
2025-01-09,512880,证券ETF,1.073,1.085,1.07,1.073,695869400.0,748233572.35,,,,,
2025-01-10,512880,证券ETF,1.072,1.081,1.054,1.054,915198200.0,974914882.5500001,,,,,
2025-01-13,512880,证券ETF,1.041,1.062,1.04,1.057,824909900.0,866155395.0,,,,,
2025-01-14,512880,证券ETF,1.062,1.104,1.061,1.103,1816547100.0,1966412235.75,,,,,
2025-01-15,512880,证券ETF,1.095,1.099,1.089,1.09,890370100.0,973397111.8249998,,,,,
2025-01-16,512880,证券ETF,1.097,1.11,1.081,1.092,1108659400.0,1213982043.0000002,,,,,
2025-01-17,512880,证券ETF,1.086,1.101,1.084,1.094,939882100.0,1025646341.625,,,,,
2025-01-20,512880,证券ETF,1.107,1.114,1.096,1.099,1042354300.0,1150759147.2,,,,,
2025-01-21,512880,证券ETF,1.108,1.109,1.091,1.103,908375000.0,1001710531.2500001,,,,,
2025-01-22,512880,证券ETF,1.1,1.103,1.09,1.097,858229300.0,941906656.7499999,,,,,
2025-01-23,512880,证券ETF,1.119,1.141,1.1,1.101,1962403100.0,2188570057.275,,,,,
2025-01-24,512880,证券ETF,1.098,1.121,1.095,1.114,1248864400.0,1382492890.8,,,,,
2025-01-27,512880,证券ETF,1.118,1.118,1.085,1.086,1083168600.0,1193381005.05,,,,,
2025-02-05,512880,证券ETF,1.095,1.097,1.082,1.086,787664500.0,858554305.0000001,,,,,
2025-02-06,512880,证券ETF,1.086,1.106,1.082,1.104,1347781600.0,1475146961.2,,,,,
2025-02-07,512880,证券ETF,1.103,1.145,1.1,1.128,2664633400.0,2981724774.6,,,,,
2025-02-10,512880,证券ETF,1.128,1.135,1.121,1.13,1335906000.0,1507569920.9999998,,,,,
2025-02-11,512880,证券ETF,1.129,1.129,1.112,1.12,1293487700.0,1451939943.25,,,,,
2025-02-12,512880,证券ETF,1.117,1.14,1.116,1.139,1494964000.0,1686319392.0000002,,,,,
2025-02-13,512880,证券ETF,1.135,1.15,1.127,1.131,1892210700.0,2149078302.525,,,,,
2025-02-14,512880,证券ETF,1.127,1.139,1.124,1.133,1355438700.0,1532662310.0249999,,,,,
2025-02-17,512880,证券ETF,1.145,1.149,1.131,1.139,1474930300.0,1682895472.3,,,,,
2025-02-18,512880,证券ETF,1.134,1.137,1.104,1.108,1719403100.0,1927021024.3250003,,,,,
2025-02-19,512880,证券ETF,1.107,1.126,1.105,1.122,1627082700.0,1814197210.5,,,,,
2025-02-20,512880,证券ETF,1.12,1.125,1.112,1.119,1244442500.0,1392531157.5,,,,,
2025-02-21,512880,证券ETF,1.122,1.147,1.112,1.141,3168155400.0,3581599679.7000003,,,,,
2025-02-24,512880,证券ETF,1.14,1.146,1.127,1.135,1787612700.0,2032515639.9,,,,,
2025-02-25,512880,证券ETF,1.124,1.13,1.115,1.117,1435733600.0,1610175232.3999999,,,,,
2025-02-26,512880,证券ETF,1.119,1.15,1.116,1.149,2813381600.0,3188968043.6,,,,,
2025-02-27,512880,证券ETF,1.138,1.152,1.122,1.144,3325501100.0,3787745752.9,,,,,
2025-02-28,512880,证券ETF,1.136,1.153,1.106,1.109,2318332200.0,2610442057.2000003,,,,,
2025-03-03,512880,证券ETF,1.111,1.12,1.099,1.105,3077785700.0,3412494894.8750005,,,,,
2025-03-04,512880,证券ETF,1.101,1.116,1.1,1.112,1212845700.0,1342923401.325,,,,,
2025-03-05,512880,证券ETF,1.113,1.118,1.102,1.112,1460417800.0,1622889280.25,,,,,
2025-03-06,512880,证券ETF,1.119,1.143,1.118,1.14,2596870000.0,2934463100.0000005,,,,,
2025-03-07,512880,证券ETF,1.133,1.133,1.117,1.12,1749354400.0,1969335715.8,,,,,
2025-03-10,512880,证券ETF,1.119,1.12,1.106,1.111,1204791300.0,1342137508.2,,,,,
2025-03-11,512880,证券ETF,1.102,1.115,1.1,1.114,1135112700.0,1257421093.4250002,,,,,
2025-03-12,512880,证券ETF,1.117,1.139,1.113,1.121,1871018200.0,2100217929.5,,,,,
2025-03-13,512880,证券ETF,1.12,1.13,1.108,1.114,1266406200.0,1415842131.6,,,,,
2025-03-14,512880,证券ETF,1.116,1.165,1.115,1.152,3571387700.0,4060667814.9,,,,,
2025-03-17,512880,证券ETF,1.154,1.155,1.138,1.139,1911100800.0,2191077067.2000003,,,,,
2025-03-18,512880,证券ETF,1.144,1.146,1.136,1.14,1301709200.0,1485901051.8,,,,,
2025-03-19,512880,证券ETF,1.139,1.147,1.136,1.139,1218309300.0,1389177179.325,,,,,
2025-03-20,512880,证券ETF,1.138,1.139,1.128,1.13,1166612500.0,1322646921.875,,,,,
2025-03-21,512880,证券ETF,1.128,1.134,1.108,1.111,1555053200.0,1742048347.3,,,,,
2025-03-24,512880,证券ETF,1.111,1.112,1.1,1.11,1211765100.0,1342938672.075,,,,,
2025-03-25,512880,证券ETF,1.11,1.112,1.103,1.107,870745400.0,964785903.2,,,,,
2025-03-26,512880,证券ETF,1.106,1.111,1.105,1.106,777146000.0,860300622.0000001,,,,,
2025-03-27,512880,证券ETF,1.105,1.116,1.098,1.107,1136707300.0,1257766627.45,,,,,
2025-03-28,512880,证券ETF,1.108,1.112,1.103,1.107,1052663000.0,1165824272.5,,,,,
2025-03-31,512880,证券ETF,1.104,1.108,1.081,1.085,1395817300.0,1527722034.8500001,,,,,
2025-04-01,512880,证券ETF,1.088,1.094,1.081,1.083,1195935800.0,1299384246.7,,,,,
2025-04-02,512880,证券ETF,1.083,1.093,1.081,1.088,864201700.0,938739096.6250001,,,,,
2025-04-03,512880,证券ETF,1.081,1.094,1.08,1.088,902953600.0,980381871.2,,,,,
2025-04-07,512880,证券ETF,1.04,1.05,0.979,0.979,2512060000.0,2542204720.0,,,,,
2025-04-08,512880,证券ETF,0.985,0.999,0.981,0.993,1652803000.0,1635448568.5,,,,,
2025-04-09,512880,证券ETF,0.982,1.023,0.972,1.014,2016643200.0,2012105752.8,,,,,
2025-04-10,512880,证券ETF,1.029,1.04,1.018,1.027,1535521800.0,1579284171.3,,,,,
2025-04-11,512880,证券ETF,1.023,1.04,1.022,1.031,1284736400.0,1321993755.6,,,,,
2025-04-14,512880,证券ETF,1.035,1.037,1.028,1.031,916687100.0,946708602.5250001,,,,,
2025-04-15,512880,证券ETF,1.03,1.031,1.022,1.026,748050800.0,768435184.3,,,,,
2025-04-16,512880,证券ETF,1.024,1.026,1.01,1.024,984666600.0,1005344598.5999999,,,,,
2025-04-17,512880,证券ETF,1.019,1.03,1.016,1.024,801872600.0,819714265.35,,,,,
2025-04-18,512880,证券ETF,1.022,1.035,1.021,1.031,1004460400.0,1031831945.9,,,,,
2025-04-21,512880,证券ETF,1.027,1.039,1.025,1.037,802908500.0,828601572.0,,,,,
2025-04-22,512880,证券ETF,1.034,1.042,1.033,1.035,846194600.0,876657605.6,,,,,
2025-04-23,512880,证券ETF,1.04,1.042,1.033,1.036,895600000.0,929408900.0,,,,,
2025-04-24,512880,证券ETF,1.036,1.04,1.029,1.032,865472000.0,895114416.0000001,,,,,
2025-04-25,512880,证券ETF,1.034,1.045,1.034,1.041,1121271900.0,1164440868.1499999,,,,,
2025-04-28,512880,证券ETF,1.039,1.039,1.028,1.033,683352800.0,707099309.7999998,,,,,
2025-04-29,512880,证券ETF,1.032,1.038,1.029,1.03,653594900.0,674673335.5250001,,,,,
2025-04-30,512880,证券ETF,1.032,1.041,1.031,1.033,690924800.0,714588974.4,,,,,
2025-05-06,512880,证券ETF,1.038,1.049,1.036,1.048,1044355200.0,1089001384.8,,,,,
2025-05-07,512880,证券ETF,1.078,1.086,1.05,1.055,1782928500.0,1902830441.625,,,,,
2025-05-08,512880,证券ETF,1.049,1.062,1.048,1.059,917033000.0,967011298.5,,,,,
2025-05-09,512880,证券ETF,1.057,1.057,1.043,1.046,864397700.0,908265883.2749999,,,,,
2025-05-12,512880,证券ETF,1.051,1.074,1.048,1.07,1697250000.0,1800357937.5000002,,,,,
2025-05-13,512880,证券ETF,1.076,1.079,1.06,1.062,1302818800.0,1393039001.8999999,,,,,
2025-05-14,512880,证券ETF,1.063,1.119,1.058,1.099,3494595200.0,3790762143.2,,,,,
2025-05-15,512880,证券ETF,1.089,1.096,1.078,1.079,1124474600.0,1220617178.3000002,,,,,
2025-05-16,512880,证券ETF,1.076,1.079,1.064,1.067,1048300800.0,1123254307.1999998,,,,,
2025-05-19,512880,证券ETF,1.066,1.071,1.06,1.068,582704100.0,621308246.6250001,,,,,
2025-05-20,512880,证券ETF,1.068,1.073,1.064,1.068,810926700.0,866272447.275,,,,,
2025-05-21,512880,证券ETF,1.068,1.071,1.064,1.065,720329400.0,768591469.8,,,,,
2025-05-22,512880,证券ETF,1.062,1.064,1.055,1.057,712199600.0,754575476.1999999,,,,,
2025-05-23,512880,证券ETF,1.056,1.063,1.042,1.043,1052853900.0,1106549448.8999999,,,,,
2025-05-26,512880,证券ETF,1.042,1.046,1.038,1.042,565638100.0,589394900.2,,,,,
2025-05-27,512880,证券ETF,1.042,1.043,1.036,1.042,579890600.0,603521141.95,,,,,
2025-05-28,512880,证券ETF,1.042,1.043,1.035,1.036,553036200.0,574604611.8000001,,,,,
2025-05-29,512880,证券ETF,1.037,1.051,1.036,1.049,1139486100.0,1188768873.825,,,,,
2025-05-30,512880,证券ETF,1.045,1.046,1.037,1.043,720722900.0,751533803.975,,,,,
2025-06-03,512880,证券ETF,1.038,1.058,1.037,1.052,983665300.0,1029159820.1249999,,,,,
2025-06-04,512880,证券ETF,1.049,1.07,1.049,1.065,1316949400.0,1393661702.5500002,,,,,
2025-06-05,512880,证券ETF,1.066,1.081,1.064,1.075,1479836200.0,1585644488.3,,,,,
2025-06-06,512880,证券ETF,1.075,1.079,1.066,1.068,712244400.0,763525996.7999998,,,,,
2025-06-09,512880,证券ETF,1.074,1.09,1.073,1.084,1445694000.0,1561710943.5,,,,,
2025-06-10,512880,证券ETF,1.084,1.084,1.062,1.07,1205496400.0,1295908630.0,,,,,
2025-06-11,512880,证券ETF,1.071,1.103,1.071,1.089,1764271600.0,1911588278.6,,,,,
2025-06-12,512880,证券ETF,1.083,1.1,1.081,1.087,1038635700.0,1129775982.675,,,,,
2025-06-13,512880,证券ETF,1.082,1.087,1.073,1.076,1022606200.0,1103903392.8999999,,,,,
2025-06-16,512880,证券ETF,1.073,1.093,1.072,1.092,1276252100.0,1381542898.25,,,,,
2025-06-17,512880,证券ETF,1.09,1.096,1.087,1.095,1030273000.0,1125058116.0,,,,,
2025-06-18,512880,证券ETF,1.094,1.094,1.076,1.082,1334157300.0,1449561906.45,,,,,
2025-06-19,512880,证券ETF,1.079,1.081,1.06,1.061,1370952800.0,1467262234.1999998,,,,,
2025-06-20,512880,证券ETF,1.062,1.067,1.059,1.059,567637200.0,602688797.1,,,,,
2025-06-23,512880,证券ETF,1.053,1.076,1.052,1.072,1060115200.0,1127167486.4,,,,,
2025-06-24,512880,证券ETF,1.073,1.108,1.073,1.099,2090669600.0,2275171192.2,,,,,
2025-06-25,512880,证券ETF,1.102,1.166,1.102,1.158,4268190000.0,4831591080.0,,,,,
2025-06-26,512880,证券ETF,1.159,1.159,1.136,1.138,2302416200.0,2643173797.6,,,,,
2025-06-27,512880,证券ETF,1.14,1.176,1.137,1.138,2451842800.0,2814102573.7,,,,,
2025-06-30,512880,证券ETF,1.139,1.141,1.125,1.136,1664068100.0,1889133310.525,,,,,
2025-07-01,512880,证券ETF,1.137,1.137,1.121,1.13,1185723800.0,1341350048.75,,,,,
2025-07-02,512880,证券ETF,1.129,1.132,1.121,1.124,1038879700.0,1170297982.05,,,,,
2025-07-03,512880,证券ETF,1.126,1.135,1.125,1.131,1088154200.0,1228798130.35,,,,,
2025-07-04,512880,证券ETF,1.13,1.152,1.121,1.131,1926628900.0,2183833858.1500006,,,,,
2025-07-07,512880,证券ETF,1.127,1.137,1.125,1.132,933174000.0,1054719913.5,,,,,
2025-07-08,512880,证券ETF,1.132,1.148,1.131,1.146,1576162100.0,1795642672.4249997,,,,,
2025-07-09,512880,证券ETF,1.146,1.156,1.138,1.141,1711589100.0,1960197416.7749999,,,,,
2025-07-10,512880,证券ETF,1.138,1.161,1.137,1.155,1675271100.0,1922792405.025,,,,,
2025-07-11,512880,证券ETF,1.159,1.206,1.155,1.181,3677984100.0,4322550813.525,,,,,
2025-07-14,512880,证券ETF,1.186,1.188,1.168,1.17,1683814500.0,1983533481.0,,,,,
2025-07-15,512880,证券ETF,1.172,1.18,1.158,1.164,1716963800.0,2006272200.2999997,,,,,
2025-07-16,512880,证券ETF,1.162,1.169,1.152,1.16,1289744700.0,1497071160.5249999,,,,,
2025-07-17,512880,证券ETF,1.16,1.168,1.156,1.166,1581106100.0,1838035841.2499998,,,,,
2025-07-18,512880,证券ETF,1.167,1.174,1.164,1.171,1404323800.0,1641654522.2,,,,,
2025-07-21,512880,证券ETF,1.169,1.19,1.165,1.187,2045147900.0,2408672939.2250004,,,,,
2025-07-22,512880,证券ETF,1.186,1.193,1.173,1.189,1891723300.0,2242165041.325,,,,,
2025-07-23,512880,证券ETF,1.192,1.222,1.192,1.199,3275874600.0,3935144363.25,,,,,
2025-07-24,512880,证券ETF,1.194,1.235,1.192,1.232,2884331400.0,3499415071.0500007,,,,,
2025-07-25,512880,证券ETF,1.233,1.24,1.224,1.227,1922325500.0,2366382690.5,,,,,
2025-07-28,512880,证券ETF,1.227,1.254,1.221,1.238,1835462400.0,2266796064.0,,,,,
2025-07-29,512880,证券ETF,1.233,1.244,1.213,1.243,2173684700.0,2680696656.275,,,,,
2025-07-30,512880,证券ETF,1.239,1.243,1.215,1.225,1926994500.0,2371166732.2500005,,,,,
2025-07-31,512880,证券ETF,1.218,1.231,1.192,1.198,2256878500.0,2730258765.375,,,,,
2025-08-01,512880,证券ETF,1.197,1.206,1.186,1.191,1686848300.0,2015783718.4999998,,,,,
2025-08-04,512880,证券ETF,1.186,1.194,1.184,1.193,1381573500.0,1643036284.875,,,,,
2025-08-05,512880,证券ETF,1.196,1.209,1.194,1.205,1791504900.0,2151597384.9,,,,,
2025-08-06,512880,证券ETF,1.204,1.212,1.2,1.21,1610921700.0,1943577031.05,,,,,
2025-08-07,512880,证券ETF,1.21,1.222,1.203,1.209,1688038500.0,2044214623.5000002,,,,,
2025-08-08,512880,证券ETF,1.207,1.208,1.196,1.199,1354539400.0,1628833628.4999998,,,,,
2025-08-11,512880,证券ETF,1.198,1.221,1.197,1.215,1906282600.0,2302312810.15,,,,,
2025-08-12,512880,证券ETF,1.216,1.222,1.211,1.221,1636432000.0,1992355960.0,,,,,
2025-08-13,512880,证券ETF,1.226,1.254,1.216,1.242,3180926700.0,3926854011.1499996,,,,,
2025-08-14,512880,证券ETF,1.243,1.268,1.238,1.241,2850282800.0,3555727793.0,,,,,
2025-08-15,512880,证券ETF,1.236,1.313,1.236,1.3,4083998900.0,5191783601.625,,,,,
2025-08-18,512880,证券ETF,1.309,1.34,1.286,1.317,3640979300.0,4780605820.900001,,,,,
2025-08-19,512880,证券ETF,1.307,1.317,1.289,1.291,2360422200.0,3070909282.2,,,,,
2025-08-20,512880,证券ETF,1.284,1.304,1.271,1.303,2655956100.0,3427511347.0499997,,,,,
2025-08-21,512880,证券ETF,1.315,1.318,1.287,1.293,2343499900.0,3054166244.6749997,,,,,
2025-08-22,512880,证券ETF,1.288,1.34,1.287,1.338,3889650100.0,5108082993.825,,,,,
2025-08-25,512880,证券ETF,1.355,1.37,1.331,1.352,5015109400.0,6780427908.799999,,,,,
2025-08-26,512880,证券ETF,1.343,1.351,1.332,1.335,2478037100.0,3321189223.2749996,,,,,
2025-08-27,512880,证券ETF,1.332,1.35,1.299,1.3,4085087700.0,5393337035.925,,,,,
2025-08-28,512880,证券ETF,1.3,1.327,1.288,1.326,3264593800.0,4277434026.4500003,,,,,
2025-08-29,512880,证券ETF,1.331,1.345,1.32,1.328,3703068900.0,4928784705.9,,,,,
2025-09-01,512880,证券ETF,1.331,1.334,1.308,1.314,2543071400.0,3361304622.95,,,,,
2025-09-02,512880,证券ETF,1.313,1.315,1.289,1.296,3507171700.0,4570721518.025,,,,,
2025-09-03,512880,证券ETF,1.303,1.305,1.242,1.25,3609472600.0,4602077565.0,,,,,
2025-09-04,512880,证券ETF,1.25,1.261,1.232,1.248,3234905400.0,4036353212.8500004,,,,,
2025-09-05,512880,证券ETF,1.25,1.26,1.236,1.257,2975882500.0,3722085036.8749995,,,,,
2025-09-08,512880,证券ETF,1.254,1.257,1.242,1.248,2071264100.0,2589597941.0249996,,,,,
2025-09-09,512880,证券ETF,1.248,1.261,1.244,1.247,2689459100.0,3361823875.0,,,,,
2025-09-10,512880,证券ETF,1.248,1.255,1.24,1.245,1738675400.0,2168128223.8,,,,,
2025-09-11,512880,证券ETF,1.241,1.285,1.238,1.284,4209790100.0,5312755106.2,,,,,
2025-09-12,512880,证券ETF,1.282,1.288,1.262,1.266,2711873100.0,3456282265.9500003,,,,,
2025-09-15,512880,证券ETF,1.266,1.275,1.257,1.262,2252819900.0,2849817173.5,,,,,
2025-09-16,512880,证券ETF,1.265,1.275,1.251,1.263,2669438700.0,3372835797.45,,,,,
2025-09-17,512880,证券ETF,1.263,1.28,1.26,1.269,3084987000.0,3911763516.0,,,,,
2025-09-18,512880,证券ETF,1.267,1.267,1.221,1.232,5423767200.0,6762081756.6,,,,,
2025-09-19,512880,证券ETF,1.226,1.232,1.218,1.221,2519449000.0,3084435438.25,,,,,
2025-09-22,512880,证券ETF,1.223,1.234,1.218,1.234,2126453900.0,2609690548.775,,,,,
2025-09-23,512880,证券ETF,1.226,1.227,1.2,1.212,3046000900.0,3704698594.625,,,,,
2025-09-24,512880,证券ETF,1.206,1.233,1.205,1.224,2809468300.0,3419122921.1000004,,,,,
2025-09-25,512880,证券ETF,1.222,1.233,1.22,1.224,2119086400.0,2595351068.4,,,,,
2025-09-26,512880,证券ETF,1.221,1.231,1.218,1.219,2004987300.0,2450595727.425,,,,,
2025-09-29,512880,证券ETF,1.216,1.309,1.215,1.28,6240516600.0,7831848332.999999,,,,,
2025-09-30,512880,证券ETF,1.273,1.281,1.259,1.263,2942175900.0,3733621217.099999,,,,,
2025-10-09,512880,证券ETF,1.258,1.276,1.244,1.267,3641087600.0,4592321735.5,,,,,
2025-10-10,512880,证券ETF,1.26,1.294,1.258,1.27,3329035600.0,4229539729.8000007,,,,,
2025-10-13,512880,证券ETF,1.241,1.258,1.24,1.254,3110521500.0,3882708462.3750005,,,,,
2025-10-14,512880,证券ETF,1.257,1.278,1.243,1.248,2821021800.0,3544613891.7,,,,,
2025-10-15,512880,证券ETF,1.252,1.265,1.238,1.265,3087127700.0,3874345263.4999995,,,,,
2025-10-16,512880,证券ETF,1.259,1.27,1.253,1.259,2499108000.0,3149500856.9999995,,,,,
2025-10-17,512880,证券ETF,1.259,1.269,1.231,1.233,3004188300.0,3749226998.4,,,,,
2025-10-20,512880,证券ETF,1.243,1.247,1.23,1.235,2031873400.0,2516983174.25,,,,,
2025-10-21,512880,证券ETF,1.237,1.263,1.236,1.246,3241904300.0,4037791805.65,,,,,
2025-10-22,512880,证券ETF,1.241,1.241,1.23,1.234,1698351300.0,2100011382.4499998,,,,,
2025-10-23,512880,证券ETF,1.234,1.246,1.221,1.245,2360979000.0,2919350533.5,,,,,
2025-10-24,512880,证券ETF,1.247,1.258,1.242,1.257,2588219900.0,3237863094.8999996,,,,,
2025-10-27,512880,证券ETF,1.27,1.279,1.262,1.272,3833471900.0,4871384416.925,,,,,
2025-10-28,512880,证券ETF,1.268,1.276,1.261,1.264,2349115500.0,2976916617.375,,,,,
2025-10-29,512880,证券ETF,1.263,1.297,1.262,1.292,4032398900.0,5155421993.649999,,,,,
2025-10-30,512880,证券ETF,1.287,1.288,1.266,1.267,3691574100.0,4714140125.7,,,,,
2025-10-31,512880,证券ETF,1.272,1.274,1.254,1.254,2735295900.0,3456046369.65,,,,,
2025-11-03,512880,证券ETF,1.251,1.252,1.235,1.249,2483907100.0,3096811176.925,,,,,
2025-11-04,512880,证券ETF,1.245,1.25,1.237,1.243,2598076600.0,3231357771.2500005,,,,,
2025-11-05,512880,证券ETF,1.236,1.245,1.234,1.24,1807016400.0,2238441565.5,,,,,
2025-11-06,512880,证券ETF,1.242,1.262,1.242,1.254,2312382200.0,2890477750.0,,,,,
2025-11-07,512880,证券ETF,1.25,1.252,1.243,1.244,1824266200.0,2275316017.95,,,,,
2025-11-10,512880,证券ETF,1.243,1.265,1.24,1.26,2875732200.0,3600416714.4,,,,,
2025-11-11,512880,证券ETF,1.26,1.263,1.244,1.245,1755177000.0,2199236781.0,,,,,
2025-11-12,512880,证券ETF,1.245,1.246,1.231,1.238,1728731100.0,2143626564.0,,,,,
2025-11-13,512880,证券ETF,1.235,1.249,1.233,1.248,2106230400.0,2614358484.0,,,,,
2025-11-14,512880,证券ETF,1.24,1.245,1.232,1.232,1523031800.0,1884371094.55,,,,,
2025-11-17,512880,证券ETF,1.23,1.231,1.216,1.218,2090480800.0,2558225879.0000005,,,,,
2025-11-18,512880,证券ETF,1.218,1.229,1.217,1.22,1496824600.0,1827622836.6000001,,,,,
2025-11-19,512880,证券ETF,1.22,1.23,1.215,1.221,1572459000.0,1920758668.5,,,,,
2025-11-20,512880,证券ETF,1.243,1.247,1.216,1.217,4384711800.0,5396484047.85,,,,,
2025-11-21,512880,证券ETF,1.206,1.212,1.172,1.173,3098961400.0,3690088287.0499997,,,,,
2025-11-24,512880,证券ETF,1.178,1.182,1.169,1.175,1556749000.0,1830736824.0,,,,,
2025-11-25,512880,证券ETF,1.178,1.186,1.176,1.179,1518386300.0,1791316237.4250002,,,,,
2025-11-26,512880,证券ETF,1.179,1.182,1.173,1.176,1416594900.0,1668040494.75,,,,,
2025-11-27,512880,证券ETF,1.176,1.184,1.172,1.175,1487800700.0,1750769473.725,,,,,
2025-11-28,512880,证券ETF,1.173,1.181,1.168,1.18,1750585700.0,2057813490.35,,,,,
2025-12-01,512880,证券ETF,1.176,1.186,1.175,1.183,1639845300.0,1935017454.0,,,,,
2025-12-02,512880,证券ETF,1.181,1.183,1.171,1.172,1136875400.0,1337818126.95,,,,,
2025-12-03,512880,证券ETF,1.175,1.178,1.159,1.161,1455246000.0,1700091139.5,,,,,
2025-12-04,512880,证券ETF,1.161,1.171,1.157,1.164,1126846200.0,1310803842.15,,,,,
2025-12-05,512880,证券ETF,1.164,1.203,1.163,1.194,2998875000.0,3541671375.0,,,,,
2025-12-08,512880,证券ETF,1.21,1.236,1.21,1.217,4152395100.0,5058655330.575,,,,,
2025-12-09,512880,证券ETF,1.209,1.215,1.199,1.201,1418826600.0,1711104879.6,,,,,
2025-12-10,512880,证券ETF,1.199,1.209,1.191,1.206,1600304100.0,1922365300.1250002,,,,,
2025-12-11,512880,证券ETF,1.206,1.208,1.188,1.19,1354072000.0,1622178256.0,,,,,
2025-12-12,512880,证券ETF,1.191,1.205,1.185,1.196,1584940800.0,1892815550.4,,,,,
2025-12-15,512880,证券ETF,1.19,1.217,1.189,1.202,1692564500.0,2030231117.75,,,,,
2025-12-16,512880,证券ETF,1.2,1.206,1.192,1.193,1441690400.0,1726784676.6,,,,,
2025-12-17,512880,证券ETF,1.193,1.229,1.188,1.218,2321874400.0,2802502400.8,,,,,
2025-12-18,512880,证券ETF,1.217,1.217,1.204,1.206,1463828200.0,1772695950.2,,,,,
2025-12-19,512880,证券ETF,1.205,1.219,1.201,1.211,1384724000.0,1674131316.0,,,,,
2025-12-22,512880,证券ETF,1.209,1.215,1.206,1.211,1203512800.0,1456551366.1999998,,,,,
2025-12-23,512880,证券ETF,1.211,1.218,1.205,1.207,1273788800.0,1541602895.2,,,,,
2025-12-24,512880,证券ETF,1.205,1.219,1.204,1.218,1538170900.0,1863494045.3500001,,,,,
2025-12-25,512880,证券ETF,1.216,1.225,1.214,1.221,1458868800.0,1778361067.2,,,,,
2025-12-26,512880,证券ETF,1.219,1.242,1.219,1.229,2066264100.0,2535822616.7250004,,,,,
2025-12-29,512880,证券ETF,1.227,1.23,1.218,1.222,1407141200.0,1722692614.1000001,,,,,
2025-12-30,512880,证券ETF,1.218,1.227,1.215,1.216,1458722300.0,1778182483.7,,,,,
2025-12-31,512880,证券ETF,1.218,1.228,1.211,1.211,1472740600.0,1792325310.2,,,,,
2026-01-05,512880,证券ETF,1.215,1.235,1.214,1.235,2372722500.0,2905991881.8750005,,,,,
2026-01-06,512880,证券ETF,1.235,1.288,1.233,1.286,4886009800.0,6158815352.9,,,,,
2026-01-07,512880,证券ETF,1.287,1.287,1.258,1.267,2769776100.0,3530772083.475,,,,,
2026-01-08,512880,证券ETF,1.258,1.258,1.229,1.233,3914711500.0,4871858461.75,,,,,
2026-01-09,512880,证券ETF,1.233,1.243,1.228,1.237,2578785200.0,3185444418.2999997,,,,,
2026-01-12,512880,证券ETF,1.236,1.255,1.23,1.254,3265140600.0,4061018621.2499995,,,,,
2026-01-13,512880,证券ETF,1.259,1.272,1.241,1.246,2408005500.0,3020842899.7500005,,,,,
2026-01-14,512880,证券ETF,1.244,1.275,1.23,1.237,3745812200.0,4669154907.3,,,,,
2026-01-15,512880,证券ETF,1.231,1.239,1.214,1.218,2779154300.0,3405853594.6499996,,,,,
2026-01-16,512880,证券ETF,1.224,1.228,1.205,1.208,2093877300.0,2546678266.125,,,,,
2026-01-19,512880,证券ETF,1.205,1.208,1.198,1.203,1935890000.0,2329843615.0,,,,,
2026-01-20,512880,证券ETF,1.202,1.21,1.2,1.207,1831061000.0,2205970739.75,,,,,
2026-01-21,512880,证券ETF,1.204,1.209,1.198,1.201,1705334700.0,2051517644.1000001,,,,,
2026-01-22,512880,证券ETF,1.202,1.212,1.2,1.203,1554791500.0,1872357663.875,,,,,
2026-01-23,512880,证券ETF,1.205,1.208,1.197,1.2,1808282000.0,2174459105.0,,,,,
2026-01-26,512880,证券ETF,1.2,1.225,1.198,1.211,2750051500.0,3323437237.7499995,,,,,
2026-01-27,512880,证券ETF,1.209,1.209,1.189,1.197,1897202000.0,2278539602.0,,,,,
2026-01-28,512880,证券ETF,1.199,1.206,1.195,1.197,1684893600.0,2020608649.8,,,,,
2026-01-29,512880,证券ETF,1.194,1.214,1.182,1.212,2628319300.0,3155297319.6499996,,,,,
2026-01-30,512880,证券ETF,1.207,1.211,1.19,1.194,1910400500.0,2293435800.25,,,,,
2026-02-02,512880,证券ETF,1.192,1.207,1.175,1.178,2130048700.0,2530497855.6,,,,,
2026-02-03,512880,证券ETF,1.185,1.186,1.163,1.174,2032244800.0,2391952129.6,,,,,
2026-02-04,512880,证券ETF,1.171,1.193,1.17,1.191,2023635600.0,2390419552.5,,,,,
2026-02-05,512880,证券ETF,1.185,1.2,1.182,1.193,1609912600.0,1915795994.0,,,,,
2026-02-06,512880,证券ETF,1.186,1.195,1.183,1.186,1178919600.0,1399967025.0,,,,,
2026-02-09,512880,证券ETF,1.192,1.198,1.189,1.197,1241763300.0,1482665380.2,,,,,
2026-02-10,512880,证券ETF,1.198,1.2,1.194,1.196,848931300.0,1016170766.1,,,,,
2026-02-11,512880,证券ETF,1.196,1.198,1.19,1.194,856631900.0,1023246804.55,,,,,
2026-02-12,512880,证券ETF,1.193,1.194,1.184,1.185,988356600.0,1175155997.4,,,,,
2026-02-13,512880,证券ETF,1.186,1.191,1.173,1.174,1275963900.0,1506913365.9,,,,,
2026-02-24,512880,证券ETF,1.178,1.18,1.171,1.172,907896700.0,1067005596.675,,,,,
2026-02-25,512880,证券ETF,1.173,1.189,1.172,1.179,1818547500.0,2142703591.875,,,,,
2026-02-26,512880,证券ETF,1.178,1.179,1.163,1.166,1679406800.0,1967425066.2,,,,,
2026-02-27,512880,证券ETF,1.165,1.172,1.161,1.169,1276414800.0,1489256967.8999999,,,,,
2026-03-02,512880,证券ETF,1.16,1.162,1.145,1.154,1772643600.0,2047846518.9,,,,,
2026-03-03,512880,证券ETF,1.155,1.165,1.141,1.144,1956086700.0,2251944813.375,,,,,
2026-03-04,512880,证券ETF,1.137,1.137,1.114,1.115,2115301500.0,2381300663.625,,,,,
2026-03-05,512880,证券ETF,1.125,1.127,1.114,1.117,1310727400.0,1468997733.55,,,,,
2026-03-06,512880,证券ETF,1.114,1.135,1.113,1.131,1397200200.0,1569405124.65,,,,,
2026-03-09,512880,证券ETF,1.115,1.117,1.105,1.112,1555897800.0,1730547328.05,,,,,
2026-03-10,512880,证券ETF,1.118,1.126,1.116,1.12,1102632400.0,1234948288.0,,,,,
2026-03-11,512880,证券ETF,1.121,1.126,1.115,1.123,1100389100.0,1233811278.3749998,,,,,
2026-03-12,512880,证券ETF,1.119,1.126,1.116,1.121,890337000.0,997622608.5,,,,,
2026-03-13,512880,证券ETF,1.117,1.125,1.111,1.112,1327370100.0,1481676874.125,,,,,
2026-03-16,512880,证券ETF,1.11,1.112,1.1,1.106,1504926500.0,1665953635.5000002,,,,,
2026-03-17,512880,证券ETF,1.107,1.14,1.107,1.118,2572628300.0,2876198439.4,,,,,
2026-03-18,512880,证券ETF,1.116,1.118,1.108,1.114,1382438900.0,1540036934.6000004,,,,,
2026-03-19,512880,证券ETF,1.105,1.11,1.097,1.101,1786515200.0,1970972894.4,,,,,
2026-03-20,512880,证券ETF,1.102,1.104,1.081,1.083,1635380400.0,1786653087.0,,,,,
2026-03-23,512880,证券ETF,1.069,1.069,1.031,1.036,2543259600.0,2673601654.5,,,,,
2026-03-24,512880,证券ETF,1.045,1.055,1.033,1.047,1538565900.0,1607801365.5,,,,,
2026-03-25,512880,证券ETF,1.051,1.067,1.048,1.059,1527308100.0,1613219180.6249998,,,,,
2026-03-26,512880,证券ETF,1.055,1.058,1.033,1.035,1367989300.0,1429890815.8249998,,,,,
2026-03-27,512880,证券ETF,1.029,1.047,1.027,1.041,1139388700.0,1180406693.2,,,,,
2026-03-30,512880,证券ETF,1.029,1.039,1.025,1.037,1116913900.0,1153213601.7499998,,,,,
2026-03-31,512880,证券ETF,1.037,1.049,1.027,1.029,1396964200.0,1446556429.1,,,,,
2026-04-01,512880,证券ETF,1.04,1.046,1.035,1.045,1309417300.0,1363758117.95,,,,,
2026-04-02,512880,证券ETF,1.041,1.041,1.022,1.025,1240146700.0,1280141431.0749998,,,,,
2026-04-03,512880,证券ETF,1.028,1.031,1.016,1.016,1034509500.0,1058044591.125,,,,,
2026-04-07,512880,证券ETF,1.016,1.021,1.01,1.015,817692100.0,830366327.5499998,,,,,
2026-04-08,512880,证券ETF,1.032,1.056,1.031,1.054,2392383800.0,2495854399.35,,,,,
2026-04-09,512880,证券ETF,1.044,1.045,1.029,1.031,1424507000.0,1477569885.75,,,,,
2026-04-10,512880,证券ETF,1.043,1.091,1.043,1.068,4059279400.0,4307910263.25,,,,,
2026-04-13,512880,证券ETF,1.06,1.084,1.058,1.075,1691118600.0,1808228563.05,,,,,
2026-04-14,512880,证券ETF,1.083,1.086,1.067,1.081,1440783200.0,1554965268.6000001,,,,,
2026-04-15,512880,证券ETF,1.084,1.086,1.072,1.073,1171114300.0,1263339551.125,,,,,
2026-04-16,512880,证券ETF,1.077,1.089,1.075,1.081,1569104800.0,1695417736.4,,,,,
2026-04-17,512880,证券ETF,1.078,1.081,1.07,1.076,1083969100.0,1166621743.875,,,,,
2026-04-20,512880,证券ETF,1.078,1.08,1.072,1.075,1115646000.0,1200714007.5,,,,,
2026-04-21,512880,证券ETF,1.072,1.073,1.064,1.066,1077791600.0,1151889772.5,,,,,
2026-04-22,512880,证券ETF,1.062,1.085,1.062,1.075,1712578700.0,1834171787.6999998,,,,,
2026-04-23,512880,证券ETF,1.073,1.078,1.062,1.066,1383705800.0,1480219279.5500002,,,,,
2026-04-24,512880,证券ETF,1.063,1.064,1.05,1.056,1207592000.0,1277934234.0,,,,,
2026-04-27,512880,证券ETF,1.057,1.07,1.055,1.057,1478365500.0,1566697838.625,,,,,
2026-04-28,512880,证券ETF,1.058,1.082,1.058,1.07,1964161000.0,2095759787.0,,,,,
2026-04-29,512880,证券ETF,1.067,1.077,1.065,1.076,1351580400.0,1447880503.5,,,,,
2026-04-30,512880,证券ETF,1.074,1.095,1.074,1.078,1972446200.0,2130735007.55,,,,,
2026-05-06,512880,证券ETF,1.08,1.1,1.08,1.094,2248811400.0,2447831208.9000006,,,,,
2026-05-07,512880,证券ETF,1.1,1.101,1.082,1.089,2096449500.0,2291419303.5,,,,,
2026-05-08,512880,证券ETF,1.084,1.089,1.076,1.08,1332152900.0,1441722476.025,,,,,
2026-05-11,512880,证券ETF,1.077,1.104,1.073,1.097,3058299800.0,3326665607.45,,,,,
2026-05-12,512880,证券ETF,1.097,1.111,1.09,1.102,2625639700.0,2888203669.9999995,,,,,
2026-05-13,512880,证券ETF,1.097,1.102,1.084,1.095,1865663100.0,2041968262.95,,,,,
2026-05-14,512880,证券ETF,1.096,1.098,1.071,1.071,2003356100.0,2171638012.3999996,,,,,
2026-05-15,512880,证券ETF,1.07,1.072,1.044,1.048,2234819200.0,2365556123.2,,,,,
2026-05-18,512880,证券ETF,1.045,1.055,1.041,1.047,1456351000.0,1524799496.9999995,,,,,
2026-05-19,512880,证券ETF,1.047,1.059,1.039,1.056,1580041800.0,1659438900.4499998,,,,,
2026-05-20,512880,证券ETF,1.05,1.057,1.046,1.049,1165004200.0,1223836912.1,,,,,
2026-05-21,512880,证券ETF,1.056,1.092,1.052,1.054,3651656600.0,3883536794.1000004,,,,,
2026-05-22,512880,证券ETF,1.055,1.06,1.034,1.037,2198977400.0,2301229849.1,,,,,
2026-05-25,512880,证券ETF,1.041,1.052,1.034,1.045,1621501700.0,1691226273.1,,,,,
2026-05-26,512880,证券ETF,1.043,1.067,1.039,1.056,2350140600.0,2470585305.75,,,,,
2026-05-27,512880,证券ETF,1.051,1.065,1.037,1.043,2016245800.0,2115041844.1999998,,,,,
2026-05-28,512880,证券ETF,1.041,1.043,1.015,1.021,2431996900.0,2504956806.9999995,,,,,
2026-05-29,512880,证券ETF,1.023,1.048,1.022,1.033,2744345400.0,2830792280.1000004,,,,,
2026-06-01,512880,证券ETF,1.031,1.042,1.025,1.035,1339632700.0,1384175487.2749996,,,,,
2026-06-02,512880,证券ETF,1.033,1.042,1.025,1.037,1911499500.0,1976968357.8750002,,,,,
2026-06-03,512880,证券ETF,1.033,1.044,1.025,1.035,2005198700.0,2073876755.4749997,,,,,
2026-06-04,512880,证券ETF,1.028,1.04,1.015,1.022,1865662000.0,1914635627.4999998,,,,,
2026-06-05,512880,证券ETF,1.022,1.033,1.014,1.016,1757909400.0,1795264974.75,,,,,
2026-06-08,512880,证券ETF,1.006,1.017,0.996,1.001,2161111200.0,2171916756.0,,,,,
2026-06-09,512880,证券ETF,1.001,1.005,0.993,1.005,1527782000.0,1529309781.9999998,,,,,
2026-06-10,512880,证券ETF,1.0,1.021,0.997,1.018,2275161600.0,2295638054.3999996,,,,,
2026-06-11,512880,证券ETF,1.015,1.028,0.999,1.008,1736306700.0,1758010533.75,,,,,
2026-06-12,512880,证券ETF,1.009,1.048,1.005,1.045,3416633000.0,3508027932.7499995,,,,,
2026-06-15,512880,证券ETF,1.05,1.099,1.048,1.072,4310304400.0,4600172370.900001,,,,,
2026-06-16,512880,证券ETF,1.063,1.088,1.06,1.082,2156485800.0,2314448384.85,,,,,
2026-06-17,512880,证券ETF,1.079,1.092,1.075,1.081,2120140800.0,2293462310.4,,,,,
2026-06-18,512880,证券ETF,1.076,1.079,1.048,1.05,2526933700.0,2686762256.525,,,,,
2026-06-22,512880,证券ETF,1.045,1.132,1.045,1.131,5112703800.0,5563899910.349999,,,,,
2026-06-23,512880,证券ETF,1.127,1.16,1.123,1.131,4349564400.0,4937842985.1,,,,,
2026-06-24,512880,证券ETF,1.124,1.15,1.106,1.111,3088978900.0,3468151059.9750004,,,,,
2026-06-25,512880,证券ETF,1.109,1.157,1.1,1.149,3698637100.0,4174836626.6250005,,,,,
2026-06-26,512880,证券ETF,1.142,1.157,1.105,1.107,3857875800.0,4350719433.449999,,,,,
2026-06-29,512880,证券ETF,1.114,1.137,1.107,1.123,2793949300.0,3129921703.325,,,,,
2026-06-30,512880,证券ETF,1.116,1.132,1.109,1.126,2589612600.0,2902308321.45,,,,,
2026-07-01,512880,证券ETF,1.122,1.191,1.119,1.176,4877862900.0,5619298060.799999,,,,,
2026-07-02,512880,证券ETF,1.175,1.177,1.145,1.15,3454319300.0,4013055446.775,,,,,
2026-07-03,512880,证券ETF,1.154,1.159,1.139,1.155,2695120300.0,3104104805.525,,,,,
2026-07-06,512880,证券ETF,1.174,1.177,1.148,1.16,2775580000.0,3232856805.0,,,,,
2026-07-07,512880,证券ETF,1.157,1.157,1.12,1.123,2900215600.0,3304070622.3,,,,,
2026-07-08,512880,证券ETF,1.123,1.133,1.11,1.111,2212882100.0,2476768290.425,,,,,
2026-07-09,512880,证券ETF,1.114,1.136,1.108,1.132,2653328600.0,2978361353.5,,,,,
2026-07-10,512880,证券ETF,1.128,1.128,1.11,1.11,2741098800.0,3067289557.2,,,,,
2026-07-13,512880,证券ETF,1.107,1.115,1.094,1.098,2402188000.0,2650814458.0000005,,,,,
2026-07-14,512880,证券ETF,1.098,1.104,1.085,1.104,2151160200.0,2361436109.55,,,,,
2026-07-15,512880,证券ETF,1.102,1.139,1.1,1.13,2961231400.0,3309916397.35,,,,,
2026-07-16,512880,证券ETF,1.122,1.127,1.109,1.113,2531703800.0,2829811922.4500003,,,,,
2026-07-17,512880,证券ETF,1.11,1.123,1.094,1.097,3548924700.0,3925110718.2000003,,,,,
2026-07-20,512880,证券ETF,1.1,1.126,1.1,1.118,2696208400.0,2995487532.4,,,,,
2026-07-21,512880,证券ETF,1.123,1.131,1.106,1.123,2644764300.0,2964119589.225,,,,,
2026-07-22,512880,证券ETF,1.115,1.119,1.103,1.114,2076473400.0,2310595775.85,,,,,
2026-07-23,512880,证券ETF,1.115,1.131,1.111,1.128,2188663500.0,2454038949.3749995,,,,,
2026-07-24,512880,证券ETF,1.121,1.123,1.098,1.099,2214777400.0,2458956608.35,,,,,
2026-07-27,512880,证券ETF,1.102,1.106,1.087,1.104,1407654700.0,1548068256.325,,,,,
2026-07-28,512880,证券ETF,1.098,1.098,1.081,1.085,1802555300.0,1965686554.65,,,,,
2026-07-29,512880,证券ETF,1.087,1.111,1.084,1.106,2340037800.0,2567021466.6,,,,,
2026-07-30,512880,证券ETF,1.101,1.116,1.097,1.106,1717035500.0,1897324227.5,,,,,
2026-07-31,512880,证券ETF,1.107,1.116,1.105,1.107,1665094200.0,1846173194.2500002,,,,,
2026-08-03,512880,证券ETF,1.097,1.106,1.095,1.105,1207493700.0,1329148690.2749999,,,,,
2026-08-04,512880,证券ETF,1.107,1.11,1.1,1.104,1514533100.0,1673937708.7750003,,,,,
2026-08-05,512880,证券ETF,1.103,1.114,1.099,1.109,2166376400.0,2396553892.5,,,,,
2026-08-06,512880,证券ETF,1.104,1.108,1.092,1.096,1921890700.0,2114079770.0000002,,,,,
2026-08-07,512880,证券ETF,1.093,1.096,1.089,1.096,1634394300.0,1787210167.0500002,,,,,
2026-08-10,512880,证券ETF,1.097,1.105,1.096,1.099,1369495400.0,1505417818.45,,,,,
2026-08-11,512880,证券ETF,1.099,1.104,1.092,1.093,1383602500.0,1517811942.5,,,,,
