date,symbol,name,open,high,low,close,volume,amount,pct_change,turnover_rate,source_file,amplitude,change
2018-01-19,512980,,1.001,1.005,0.997,1.001,124215188.0,124239783.0,,,sina:512980,,
2018-01-22,512980,,1.001,1.034,0.995,1.023,48604562.0,49247432.0,,,sina:512980,,
2018-01-23,512980,,1.024,1.031,1.02,1.029,18895410.0,19398992.0,,,sina:512980,,
2018-01-24,512980,,1.03,1.07,1.025,1.065,44928700.0,47196797.0,,,sina:512980,,
2018-01-25,512980,,1.065,1.095,1.063,1.065,39375800.0,42452069.0,,,sina:512980,,
2018-01-26,512980,,1.069,1.076,1.06,1.069,18319900.0,19581493.0,,,sina:512980,,
2018-01-29,512980,,1.069,1.073,1.048,1.056,20904500.0,22136946.0,,,sina:512980,,
2018-01-30,512980,,1.05,1.057,1.042,1.046,7173100.0,7520583.0,,,sina:512980,,
2018-01-31,512980,,1.042,1.042,1.017,1.02,18384697.0,18840935.0,,,sina:512980,,
2018-02-01,512980,,1.025,1.025,0.993,0.994,17898900.0,18004345.0,,,sina:512980,,
2018-02-02,512980,,0.995,1.009,0.983,0.999,13749000.0,13701636.0,,,sina:512980,,
2018-02-05,512980,,0.985,0.996,0.983,0.989,14808500.0,14632963.0,,,sina:512980,,
2018-02-06,512980,,0.983,0.983,0.941,0.943,20557503.0,19786815.0,,,sina:512980,,
2018-02-07,512980,,0.958,0.965,0.931,0.95,11961800.0,11351763.0,,,sina:512980,,
2018-02-08,512980,,0.948,0.96,0.946,0.953,5302900.0,5060059.0,,,sina:512980,,
2018-02-09,512980,,0.933,0.934,0.909,0.918,13231700.0,12182801.0,,,sina:512980,,
2018-02-12,512980,,0.925,0.945,0.921,0.943,6391100.0,5975677.0,,,sina:512980,,
2018-02-13,512980,,0.949,0.953,0.935,0.94,4289400.0,4054177.0,,,sina:512980,,
2018-02-14,512980,,0.942,0.942,0.931,0.935,8236600.0,7690116.0,,,sina:512980,,
2018-02-22,512980,,0.953,0.957,0.943,0.953,9491000.0,9013718.0,,,sina:512980,,
2018-02-23,512980,,0.951,0.957,0.94,0.945,4786500.0,4535507.0,,,sina:512980,,
2018-02-26,512980,,0.946,0.975,0.946,0.968,11322400.0,10890154.0,,,sina:512980,,
2018-02-27,512980,,0.97,0.992,0.97,0.989,17201303.0,16891931.0,,,sina:512980,,
2018-02-28,512980,,0.985,1.0,0.973,0.989,8232203.0,8152005.0,,,sina:512980,,
2018-03-01,512980,,0.981,1.005,0.981,1.004,6659603.0,6630826.0,,,sina:512980,,
2018-03-02,512980,,0.998,1.008,0.994,1.001,8789400.0,8798309.0,,,sina:512980,,
2018-03-05,512980,,1.0,1.004,0.99,1.002,3754700.0,3745421.0,,,sina:512980,,
2018-03-06,512980,,1.001,1.014,1.001,1.008,10608600.0,10682466.0,,,sina:512980,,
2018-03-07,512980,,1.01,1.012,0.998,1.002,3475800.0,3488163.0,,,sina:512980,,
2018-03-08,512980,,1.002,1.005,0.997,1.003,1990700.0,1991491.0,,,sina:512980,,
2018-03-09,512980,,1.007,1.03,1.004,1.027,9921500.0,10116577.0,,,sina:512980,,
2018-03-12,512980,,1.03,1.047,1.03,1.044,11630024.0,12092076.0,,,sina:512980,,
2018-03-13,512980,,1.046,1.055,1.038,1.042,11210624.0,11728706.0,,,sina:512980,,
2018-03-14,512980,,1.041,1.042,1.03,1.034,5381400.0,5572394.0,,,sina:512980,,
2018-03-15,512980,,1.034,1.034,1.012,1.025,4204700.0,4295758.0,,,sina:512980,,
2018-03-16,512980,,1.025,1.034,1.02,1.022,2306400.0,2373508.0,,,sina:512980,,
2018-03-19,512980,,1.027,1.034,1.018,1.022,4310600.0,4428184.0,,,sina:512980,,
2018-03-20,512980,,1.01,1.023,1.003,1.022,5568100.0,5623712.0,,,sina:512980,,
2018-03-21,512980,,1.022,1.028,1.004,1.006,3075124.0,3129941.0,,,sina:512980,,
2018-03-22,512980,,1.011,1.016,1.001,1.004,4846900.0,4869499.0,,,sina:512980,,
2018-03-23,512980,,0.989,0.99,0.944,0.955,16531600.0,15955746.0,,,sina:512980,,
2018-03-26,512980,,0.956,0.975,0.94,0.973,6987800.0,6705543.0,,,sina:512980,,
2018-03-27,512980,,0.98,1.006,0.979,1.0,5758300.0,5740132.0,,,sina:512980,,
2018-03-28,512980,,0.995,1.003,0.967,0.995,7359200.0,7342073.0,,,sina:512980,,
2018-03-29,512980,,1.007,1.007,0.989,0.995,2003300.0,1992089.0,,,sina:512980,,
2018-03-30,512980,,0.998,1.009,0.998,1.008,2428300.0,2439798.0,,,sina:512980,,
2018-04-02,512980,,1.008,1.019,1.004,1.011,6167100.0,6241095.0,,,sina:512980,,
2018-04-03,512980,,1.004,1.004,0.982,0.991,5321300.0,5269153.0,,,sina:512980,,
2018-04-04,512980,,0.997,0.997,0.977,0.98,2499400.0,2466626.0,,,sina:512980,,
2018-04-09,512980,,0.979,0.987,0.973,0.977,2944100.0,2885596.0,,,sina:512980,,
2018-04-10,512980,,0.98,0.98,0.963,0.977,6613500.0,6406975.0,,,sina:512980,,
2018-04-11,512980,,0.983,0.989,0.978,0.984,2927900.0,2884172.0,,,sina:512980,,
2018-04-12,512980,,0.978,0.984,0.972,0.974,3405500.0,3332899.0,,,sina:512980,,
2018-04-13,512980,,0.98,0.982,0.973,0.977,2783100.0,2718062.0,,,sina:512980,,
2018-04-16,512980,,0.979,0.986,0.972,0.98,2728800.0,2675610.0,,,sina:512980,,
2018-04-17,512980,,0.981,0.983,0.95,0.952,8021400.0,7706130.0,,,sina:512980,,
2018-04-18,512980,,0.96,0.962,0.932,0.958,9167800.0,8655266.0,,,sina:512980,,
2018-04-19,512980,,0.961,0.969,0.956,0.962,3348300.0,3222420.0,,,sina:512980,,
2018-04-20,512980,,0.961,0.961,0.935,0.939,9828800.0,9255037.0,,,sina:512980,,
2018-04-23,512980,,0.939,0.941,0.913,0.922,10969400.0,10122242.0,,,sina:512980,,
2018-04-24,512980,,0.928,0.953,0.925,0.952,5159900.0,4850151.0,,,sina:512980,,
2018-04-25,512980,,0.949,0.962,0.946,0.956,3048028.0,2914167.0,,,sina:512980,,
2018-04-26,512980,,0.96,0.96,0.938,0.939,3911800.0,3704425.0,,,sina:512980,,
2018-04-27,512980,,0.949,0.949,0.934,0.945,10687500.0,10045745.0,,,sina:512980,,
2018-05-02,512980,,0.946,0.95,0.934,0.938,6189200.0,5820478.0,,,sina:512980,,
2018-05-03,512980,,0.942,0.945,0.922,0.945,6746800.0,6285482.0,,,sina:512980,,
2018-05-04,512980,,0.942,0.946,0.938,0.939,3815500.0,3595587.0,,,sina:512980,,
2018-05-07,512980,,0.943,0.952,0.941,0.95,2948900.0,2794389.0,,,sina:512980,,
2018-05-08,512980,,0.95,0.959,0.948,0.957,4783900.0,4557921.0,,,sina:512980,,
2018-05-09,512980,,0.958,0.958,0.951,0.954,1545400.0,1476312.0,,,sina:512980,,
2018-05-10,512980,,0.957,0.96,0.95,0.959,2995900.0,2862432.0,,,sina:512980,,
2018-05-11,512980,,0.959,0.962,0.949,0.952,5201300.0,4959512.0,,,sina:512980,,
2018-05-14,512980,,0.952,0.956,0.946,0.947,3078900.0,2929815.0,,,sina:512980,,
2018-05-15,512980,,0.95,0.96,0.945,0.96,15652100.0,14871894.0,,,sina:512980,,
2018-05-16,512980,,0.96,0.963,0.953,0.956,5285700.0,5064649.0,,,sina:512980,,
2018-05-17,512980,,0.958,0.958,0.95,0.953,5549900.0,5292504.0,,,sina:512980,,
2018-05-18,512980,,0.953,0.96,0.949,0.959,4413600.0,4202136.0,,,sina:512980,,
2018-05-21,512980,,0.96,0.972,0.96,0.969,5182000.0,5017030.0,,,sina:512980,,
2018-05-22,512980,,0.971,0.971,0.962,0.968,4538500.0,4389618.0,,,sina:512980,,
2018-05-23,512980,,0.968,0.97,0.96,0.96,2835400.0,2738278.0,,,sina:512980,,
2018-05-24,512980,,0.96,0.962,0.955,0.958,2371300.0,2272501.0,,,sina:512980,,
2018-05-25,512980,,0.959,0.959,0.943,0.944,5107200.0,4842227.0,,,sina:512980,,
2018-05-28,512980,,0.947,0.948,0.934,0.935,7330900.0,6882315.0,,,sina:512980,,
2018-05-29,512980,,0.936,0.944,0.933,0.935,5230500.0,4904123.0,,,sina:512980,,
2018-05-30,512980,,0.932,0.932,0.904,0.904,19197400.0,17549568.0,,,sina:512980,,
2018-05-31,512980,,0.915,0.919,0.904,0.917,3196200.0,2916687.0,,,sina:512980,,
2018-06-01,512980,,0.916,0.918,0.904,0.904,5685000.0,5168326.0,,,sina:512980,,
2018-06-04,512980,,0.901,0.909,0.893,0.9,8946500.0,8047233.0,,,sina:512980,,
2018-06-05,512980,,0.901,0.913,0.897,0.912,4270100.0,3861924.0,,,sina:512980,,
2018-06-06,512980,,0.914,0.915,0.908,0.91,2075100.0,1891170.0,,,sina:512980,,
2018-06-07,512980,,0.911,0.914,0.905,0.908,3429800.0,3119449.0,,,sina:512980,,
2018-06-08,512980,,0.91,0.91,0.887,0.893,10065500.0,8987823.0,,,sina:512980,,
2018-06-11,512980,,0.893,0.894,0.882,0.889,4241800.0,3761041.0,,,sina:512980,,
2018-06-12,512980,,0.89,0.9,0.883,0.897,4117000.0,3678181.0,,,sina:512980,,
2018-06-13,512980,,0.897,0.897,0.882,0.884,2604700.0,2311051.0,,,sina:512980,,
2018-06-14,512980,,0.884,0.885,0.873,0.875,7471200.0,6557391.0,,,sina:512980,,
2018-06-15,512980,,0.875,0.877,0.855,0.862,7870400.0,6789602.0,,,sina:512980,,
2018-06-19,512980,,0.856,0.856,0.797,0.81,22406600.0,18441134.0,,,sina:512980,,
2018-06-20,512980,,0.81,0.817,0.795,0.81,8682248.0,7000471.0,,,sina:512980,,
2018-06-21,512980,,0.815,0.815,0.788,0.788,7553500.0,6026924.0,,,sina:512980,,
2018-06-22,512980,,0.787,0.803,0.78,0.8,3198400.0,2540285.0,,,sina:512980,,
2018-06-25,512980,,0.806,0.808,0.795,0.797,2177100.0,1743533.0,,,sina:512980,,
2018-06-26,512980,,0.794,0.809,0.785,0.807,3294700.0,2632740.0,,,sina:512980,,
2018-06-27,512980,,0.807,0.809,0.795,0.799,3483800.0,2788025.0,,,sina:512980,,
2018-06-28,512980,,0.799,0.806,0.79,0.791,3544600.0,2824951.0,,,sina:512980,,
2018-06-29,512980,,0.792,0.824,0.792,0.824,5686900.0,4635969.0,,,sina:512980,,
2018-07-02,512980,,0.824,0.826,0.805,0.814,2446900.0,1997898.0,,,sina:512980,,
2018-07-03,512980,,0.815,0.83,0.802,0.826,6073700.0,4980561.0,,,sina:512980,,
2018-07-04,512980,,0.825,0.826,0.808,0.811,5392900.0,4405834.0,,,sina:512980,,
2018-07-05,512980,,0.814,0.818,0.799,0.8,3529900.0,2843184.0,,,sina:512980,,
2018-07-06,512980,,0.801,0.815,0.789,0.803,2665500.0,2136550.0,,,sina:512980,,
2018-07-09,512980,,0.806,0.817,0.805,0.816,3346900.0,2719483.0,,,sina:512980,,
2018-07-10,512980,,0.815,0.817,0.809,0.815,4028500.0,3275966.0,,,sina:512980,,
2018-07-11,512980,,0.8,0.806,0.779,0.789,7857400.0,6198229.0,,,sina:512980,,
2018-07-12,512980,,0.79,0.815,0.79,0.812,4779000.0,3849836.0,,,sina:512980,,
2018-07-13,512980,,0.814,0.818,0.802,0.816,3639700.0,2965067.0,,,sina:512980,,
2018-07-16,512980,,0.817,0.82,0.812,0.817,18470300.0,15080136.0,,,sina:512980,,
2018-07-17,512980,,0.818,0.818,0.806,0.816,10421600.0,8442851.0,,,sina:512980,,
2018-07-18,512980,,0.815,0.819,0.805,0.805,9157200.0,7430398.0,,,sina:512980,,
2018-07-19,512980,,0.808,0.818,0.805,0.809,10856200.0,8793270.0,,,sina:512980,,
2018-07-20,512980,,0.805,0.822,0.801,0.819,4818700.0,3918198.0,,,sina:512980,,
2018-07-23,512980,,0.819,0.827,0.816,0.827,3796000.0,3121950.0,,,sina:512980,,
2018-07-24,512980,,0.83,0.837,0.822,0.832,9443000.0,7844674.0,,,sina:512980,,
2018-07-25,512980,,0.835,0.843,0.834,0.837,4713500.0,3946814.0,,,sina:512980,,
2018-07-26,512980,,0.837,0.837,0.827,0.83,3323800.0,2765481.0,,,sina:512980,,
2018-07-27,512980,,0.829,0.831,0.82,0.821,3559100.0,2934163.0,,,sina:512980,,
2018-07-30,512980,,0.822,0.822,0.8,0.804,7482400.0,6037662.0,,,sina:512980,,
2018-07-31,512980,,0.804,0.808,0.799,0.804,5666600.0,4549150.0,,,sina:512980,,
2018-08-01,512980,,0.806,0.814,0.793,0.795,7098600.0,5696223.0,,,sina:512980,,
2018-08-02,512980,,0.794,0.794,0.757,0.771,13986000.0,10786555.0,,,sina:512980,,
2018-08-03,512980,,0.772,0.773,0.757,0.758,5606700.0,4280089.0,,,sina:512980,,
2018-08-06,512980,,0.759,0.762,0.741,0.746,7065900.0,5298866.0,,,sina:512980,,
2018-08-07,512980,,0.746,0.767,0.743,0.765,3608100.0,2731519.0,,,sina:512980,,
2018-08-08,512980,,0.765,0.766,0.755,0.755,2433800.0,1850909.0,,,sina:512980,,
2018-08-09,512980,,0.755,0.78,0.754,0.775,3836100.0,2968387.0,,,sina:512980,,
2018-08-10,512980,,0.775,0.779,0.77,0.778,3413400.0,2643109.0,,,sina:512980,,
2018-08-13,512980,,0.771,0.782,0.765,0.779,4604700.0,3555020.0,,,sina:512980,,
2018-08-14,512980,,0.778,0.778,0.768,0.772,2064500.0,1596442.0,,,sina:512980,,
2018-08-15,512980,,0.773,0.773,0.754,0.756,3769500.0,2861415.0,,,sina:512980,,
2018-08-16,512980,,0.751,0.756,0.736,0.745,5562000.0,4150892.0,,,sina:512980,,
2018-08-17,512980,,0.747,0.754,0.728,0.729,7884000.0,5801926.0,,,sina:512980,,
2018-08-20,512980,,0.732,0.736,0.719,0.735,23231200.0,16843829.0,,,sina:512980,,
2018-08-21,512980,,0.738,0.746,0.733,0.743,3534700.0,2621004.0,,,sina:512980,,
2018-08-22,512980,,0.746,0.746,0.733,0.733,6832800.0,5042694.0,,,sina:512980,,
2018-08-23,512980,,0.733,0.745,0.733,0.739,6072100.0,4493953.0,,,sina:512980,,
2018-08-24,512980,,0.741,0.742,0.732,0.736,3416900.0,2517520.0,,,sina:512980,,
2018-08-27,512980,,0.74,0.756,0.738,0.754,6757700.0,5051535.0,,,sina:512980,,
2018-08-28,512980,,0.754,0.759,0.75,0.758,5060500.0,3828005.0,,,sina:512980,,
2018-08-29,512980,,0.758,0.758,0.749,0.754,2423400.0,1822857.0,,,sina:512980,,
2018-08-30,512980,,0.755,0.756,0.741,0.743,3596900.0,2679183.0,,,sina:512980,,
2018-08-31,512980,,0.737,0.737,0.726,0.728,6182500.0,4513903.0,,,sina:512980,,
2018-09-03,512980,,0.729,0.73,0.717,0.728,7030900.0,5068750.0,,,sina:512980,,
2018-09-04,512980,,0.728,0.744,0.728,0.741,4339800.0,3193272.0,,,sina:512980,,
2018-09-05,512980,,0.74,0.747,0.733,0.733,3925000.0,2906676.0,,,sina:512980,,
2018-09-06,512980,,0.735,0.74,0.728,0.731,4355000.0,3197069.0,,,sina:512980,,
2018-09-07,512980,,0.731,0.74,0.721,0.725,3901700.0,2846595.0,,,sina:512980,,
2018-09-10,512980,,0.72,0.723,0.704,0.706,10689200.0,7591526.0,,,sina:512980,,
2018-09-11,512980,,0.703,0.71,0.699,0.703,3960500.0,2780205.0,,,sina:512980,,
2018-09-12,512980,,0.702,0.711,0.7,0.706,2372000.0,1674121.0,,,sina:512980,,
2018-09-13,512980,,0.711,0.713,0.698,0.706,2597400.0,1822767.0,,,sina:512980,,
2018-09-14,512980,,0.71,0.71,0.698,0.7,5372500.0,3764432.0,,,sina:512980,,
2018-09-17,512980,,0.699,0.699,0.686,0.69,9876400.0,6812437.0,,,sina:512980,,
2018-09-18,512980,,0.689,0.702,0.684,0.701,5199000.0,3600431.0,,,sina:512980,,
2018-09-19,512980,,0.702,0.713,0.696,0.708,5467700.0,3857858.0,,,sina:512980,,
2018-09-20,512980,,0.708,0.711,0.705,0.705,3001500.0,2124393.0,,,sina:512980,,
2018-09-21,512980,,0.706,0.719,0.703,0.717,4063900.0,2890617.0,,,sina:512980,,
2018-09-25,512980,,0.715,0.717,0.712,0.715,1649400.0,1178057.0,,,sina:512980,,
2018-09-26,512980,,0.718,0.722,0.713,0.718,2544600.0,1827399.0,,,sina:512980,,
2018-09-27,512980,,0.719,0.719,0.706,0.709,3935900.0,2806703.0,,,sina:512980,,
2018-09-28,512980,,0.71,0.715,0.705,0.714,3433100.0,2436488.0,,,sina:512980,,
2018-10-08,512980,,0.705,0.705,0.683,0.684,6866200.0,4754617.0,,,sina:512980,,
2018-10-09,512980,,0.684,0.69,0.678,0.681,4693500.0,3199479.0,,,sina:512980,,
2018-10-10,512980,,0.683,0.685,0.674,0.679,2600400.0,1767247.0,,,sina:512980,,
2018-10-11,512980,,0.666,0.666,0.633,0.635,15369400.0,9962546.0,,,sina:512980,,
2018-10-12,512980,,0.638,0.638,0.616,0.634,6976400.0,4388919.0,,,sina:512980,,
2018-10-15,512980,,0.639,0.639,0.621,0.621,6983400.0,4387961.0,,,sina:512980,,
2018-10-16,512980,,0.628,0.628,0.609,0.611,7971100.0,4901453.0,,,sina:512980,,
2018-10-17,512980,,0.619,0.625,0.61,0.623,6043800.0,3725679.0,,,sina:512980,,
2018-10-18,512980,,0.623,0.625,0.612,0.614,7217600.0,4460576.0,,,sina:512980,,
2018-10-19,512980,,0.607,0.635,0.606,0.633,9626700.0,5966344.0,,,sina:512980,,
2018-10-22,512980,,0.636,0.671,0.636,0.664,6774700.0,4452216.0,,,sina:512980,,
2018-10-23,512980,,0.664,0.668,0.646,0.649,5031100.0,3304929.0,,,sina:512980,,
2018-10-24,512980,,0.649,0.657,0.642,0.647,4676300.0,3033504.0,,,sina:512980,,
2018-10-25,512980,,0.637,0.648,0.625,0.646,5480500.0,3468099.0,,,sina:512980,,
2018-10-26,512980,,0.653,0.653,0.638,0.642,3553900.0,2285359.0,,,sina:512980,,
2018-10-29,512980,,0.642,0.645,0.635,0.638,2952700.0,1887887.0,,,sina:512980,,
2018-10-30,512980,,0.633,0.649,0.625,0.64,6576200.0,4198807.0,,,sina:512980,,
2018-10-31,512980,,0.645,0.65,0.639,0.647,8583400.0,5536062.0,,,sina:512980,,
2018-11-01,512980,,0.651,0.67,0.651,0.657,8383500.0,5527243.0,,,sina:512980,,
2018-11-02,512980,,0.67,0.685,0.67,0.683,9836700.0,6663182.0,,,sina:512980,,
2018-11-05,512980,,0.685,0.692,0.671,0.682,14621700.0,10002681.0,,,sina:512980,,
2018-11-06,512980,,0.68,0.68,0.668,0.678,8230000.0,5544375.0,,,sina:512980,,
2018-11-07,512980,,0.678,0.692,0.676,0.676,5538900.0,3772399.0,,,sina:512980,,
2018-11-08,512980,,0.68,0.684,0.666,0.668,4960600.0,3338043.0,,,sina:512980,,
2018-11-09,512980,,0.667,0.669,0.662,0.666,7900100.0,5255888.0,,,sina:512980,,
2018-11-12,512980,,0.666,0.688,0.657,0.687,7911200.0,5358958.0,,,sina:512980,,
2018-11-13,512980,,0.683,0.718,0.678,0.713,17656200.0,12441541.0,,,sina:512980,,
2018-11-14,512980,,0.71,0.721,0.704,0.705,9578200.0,6806455.0,,,sina:512980,,
2018-11-15,512980,,0.703,0.724,0.702,0.723,11560600.0,8260641.0,,,sina:512980,,
2018-11-16,512980,,0.726,0.731,0.715,0.729,11603300.0,8400852.0,,,sina:512980,,
2018-11-19,512980,,0.722,0.728,0.715,0.724,8677100.0,6263132.0,,,sina:512980,,
2018-11-20,512980,,0.72,0.72,0.701,0.702,8465700.0,5995737.0,,,sina:512980,,
2018-11-21,512980,,0.7,0.705,0.695,0.704,7398800.0,5184417.0,,,sina:512980,,
2018-11-22,512980,,0.705,0.711,0.701,0.707,3869500.0,2734481.0,,,sina:512980,,
2018-11-23,512980,,0.707,0.707,0.674,0.68,7659500.0,5247461.0,,,sina:512980,,
2018-11-26,512980,,0.68,0.684,0.673,0.677,6342000.0,4301713.0,,,sina:512980,,
2018-11-27,512980,,0.681,0.688,0.677,0.683,6385300.0,4360236.0,,,sina:512980,,
2018-11-28,512980,,0.683,0.705,0.675,0.704,11790200.0,8135455.0,,,sina:512980,,
2018-11-29,512980,,0.704,0.709,0.678,0.68,9904400.0,6867479.0,,,sina:512980,,
2018-11-30,512980,,0.67,0.683,0.665,0.68,18503700.0,12481101.0,,,sina:512980,,
2018-12-03,512980,,0.698,0.705,0.693,0.7,6901500.0,4826070.0,,,sina:512980,,
2018-12-04,512980,,0.699,0.704,0.697,0.704,5477100.0,3836426.0,,,sina:512980,,
2018-12-05,512980,,0.698,0.705,0.687,0.7,6069200.0,4236983.0,,,sina:512980,,
2018-12-06,512980,,0.695,0.696,0.683,0.687,6960700.0,4799371.0,,,sina:512980,,
2018-12-07,512980,,0.688,0.692,0.685,0.689,2017600.0,1388666.0,,,sina:512980,,
2018-12-10,512980,,0.687,0.694,0.683,0.689,11308800.0,7788391.0,,,sina:512980,,
2018-12-11,512980,,0.693,0.702,0.693,0.699,3605000.0,2515108.0,,,sina:512980,,
2018-12-12,512980,,0.701,0.702,0.694,0.696,5416400.0,3776597.0,,,sina:512980,,
2018-12-13,512980,,0.698,0.708,0.694,0.704,4076800.0,2859247.0,,,sina:512980,,
2018-12-14,512980,,0.703,0.703,0.686,0.688,3992200.0,2772763.0,,,sina:512980,,
2018-12-17,512980,,0.689,0.689,0.68,0.684,4170300.0,2852760.0,,,sina:512980,,
2018-12-18,512980,,0.683,0.688,0.674,0.68,5320400.0,3619423.0,,,sina:512980,,
2018-12-19,512980,,0.68,0.685,0.667,0.673,8105200.0,5469307.0,,,sina:512980,,
2018-12-20,512980,,0.67,0.678,0.667,0.674,8963100.0,6018762.0,,,sina:512980,,
2018-12-21,512980,,0.674,0.68,0.669,0.675,5630400.0,3795147.0,,,sina:512980,,
2018-12-24,512980,,0.674,0.677,0.669,0.676,4835200.0,3257940.0,,,sina:512980,,
2018-12-25,512980,,0.673,0.673,0.648,0.665,10752200.0,7065278.0,,,sina:512980,,
2018-12-26,512980,,0.668,0.67,0.663,0.664,7898300.0,5263740.0,,,sina:512980,,
2018-12-27,512980,,0.673,0.675,0.659,0.661,7681000.0,5138892.0,,,sina:512980,,
2018-12-28,512980,,0.661,0.661,0.65,0.655,5755900.0,3773123.0,,,sina:512980,,
2019-01-02,512980,,0.653,0.658,0.646,0.648,4707600.0,3075342.0,,,sina:512980,,
2019-01-03,512980,,0.649,0.658,0.646,0.649,3245200.0,2111507.0,,,sina:512980,,
2019-01-04,512980,,0.645,0.667,0.641,0.665,8032400.0,5281859.0,,,sina:512980,,
2019-01-07,512980,,0.668,0.678,0.666,0.676,8027900.0,5402873.0,,,sina:512980,,
2019-01-08,512980,,0.677,0.679,0.672,0.674,3156700.0,2132827.0,,,sina:512980,,
2019-01-09,512980,,0.675,0.689,0.674,0.675,5299600.0,3610135.0,,,sina:512980,,
2019-01-10,512980,,0.675,0.683,0.672,0.676,5458900.0,3705395.0,,,sina:512980,,
2019-01-11,512980,,0.676,0.682,0.673,0.682,6698300.0,4536924.0,,,sina:512980,,
2019-01-14,512980,,0.682,0.682,0.666,0.669,3400700.0,2282493.0,,,sina:512980,,
2019-01-15,512980,,0.671,0.683,0.669,0.682,5031200.0,3401785.0,,,sina:512980,,
2019-01-16,512980,,0.682,0.686,0.679,0.682,12857500.0,8778161.0,,,sina:512980,,
2019-01-17,512980,,0.68,0.685,0.673,0.675,3835100.0,2602492.0,,,sina:512980,,
2019-01-18,512980,,0.675,0.681,0.673,0.681,10439500.0,7070393.0,,,sina:512980,,
2019-01-21,512980,,0.681,0.688,0.679,0.683,13045300.0,8913322.0,,,sina:512980,,
2019-01-22,512980,,0.683,0.684,0.67,0.672,7923500.0,5351099.0,,,sina:512980,,
2019-01-23,512980,,0.67,0.673,0.667,0.671,2148700.0,1438971.0,,,sina:512980,,
2019-01-24,512980,,0.67,0.681,0.668,0.675,5580000.0,3774191.0,,,sina:512980,,
2019-01-25,512980,,0.675,0.681,0.675,0.677,4362000.0,2956091.0,,,sina:512980,,
2019-01-28,512980,,0.682,0.686,0.671,0.675,3161800.0,2141360.0,,,sina:512980,,
2019-01-29,512980,,0.674,0.674,0.654,0.663,6259100.0,4133680.0,,,sina:512980,,
2019-01-30,512980,,0.661,0.661,0.65,0.65,10211700.0,6665091.0,,,sina:512980,,
2019-01-31,512980,,0.651,0.652,0.639,0.644,8860000.0,5720449.0,,,sina:512980,,
2019-02-01,512980,,0.644,0.661,0.643,0.661,16030000.0,10433763.0,,,sina:512980,,
2019-02-11,512980,,0.666,0.676,0.661,0.675,15652800.0,10448555.0,,,sina:512980,,
2019-02-12,512980,,0.675,0.686,0.672,0.681,12987600.0,8842483.0,,,sina:512980,,
2019-02-13,512980,,0.681,0.699,0.681,0.696,11686000.0,8076253.0,,,sina:512980,,
2019-02-14,512980,,0.694,0.703,0.691,0.7,6299200.0,4386113.0,,,sina:512980,,
2019-02-15,512980,,0.7,0.702,0.69,0.691,4007100.0,2790673.0,,,sina:512980,,
2019-02-18,512980,,0.693,0.718,0.693,0.717,9142800.0,6482821.0,,,sina:512980,,
2019-02-19,512980,,0.718,0.726,0.709,0.719,12831400.0,9232843.0,,,sina:512980,,
2019-02-20,512980,,0.718,0.72,0.708,0.718,12912000.0,9223349.0,,,sina:512980,,
2019-02-21,512980,,0.717,0.742,0.713,0.725,19586800.0,14288334.0,,,sina:512980,,
2019-02-22,512980,,0.72,0.757,0.72,0.756,14916800.0,11106553.0,,,sina:512980,,
2019-02-25,512980,,0.771,0.81,0.771,0.809,26809800.0,21256912.0,,,sina:512980,,
2019-02-26,512980,,0.81,0.838,0.804,0.819,41655648.0,34213934.0,,,sina:512980,,
2019-02-27,512980,,0.815,0.827,0.798,0.814,18353000.0,14950918.0,,,sina:512980,,
2019-02-28,512980,,0.814,0.82,0.8,0.809,13314100.0,10800390.0,,,sina:512980,,
2019-03-01,512980,,0.809,0.821,0.801,0.819,16288800.0,13200784.0,,,sina:512980,,
2019-03-04,512980,,0.826,0.862,0.822,0.844,23910660.0,20119944.0,,,sina:512980,,
2019-03-05,512980,,0.838,0.868,0.835,0.867,14498000.0,12371096.0,,,sina:512980,,
2019-03-06,512980,,0.869,0.894,0.862,0.89,21917300.0,19217314.0,,,sina:512980,,
2019-03-07,512980,,0.88,0.915,0.88,0.905,21545000.0,19324240.0,,,sina:512980,,
2019-03-08,512980,,0.876,0.909,0.862,0.867,23459500.0,20738955.0,,,sina:512980,,
2019-03-11,512980,,0.867,0.897,0.864,0.894,18007600.0,15881456.0,,,sina:512980,,
2019-03-12,512980,,0.899,0.947,0.899,0.939,35135992.0,32598385.0,,,sina:512980,,
2019-03-13,512980,,0.939,0.939,0.896,0.903,26885600.0,24875061.0,,,sina:512980,,
2019-03-14,512980,,0.89,0.902,0.862,0.874,25565815.0,22475013.0,,,sina:512980,,
2019-03-15,512980,,0.875,0.887,0.862,0.866,15357600.0,13449609.0,,,sina:512980,,
2019-03-18,512980,,0.871,0.893,0.861,0.891,11206000.0,9805167.0,,,sina:512980,,
2019-03-19,512980,,0.893,0.91,0.886,0.901,16128500.0,14544170.0,,,sina:512980,,
2019-03-20,512980,,0.901,0.909,0.886,0.906,13185200.0,11837006.0,,,sina:512980,,
2019-03-21,512980,,0.906,0.95,0.906,0.936,23987300.0,22377675.0,,,sina:512980,,
2019-03-22,512980,,0.93,0.936,0.904,0.923,16590200.0,15252935.0,,,sina:512980,,
2019-03-25,512980,,0.9,0.911,0.894,0.897,14443200.0,13034035.0,,,sina:512980,,
2019-03-26,512980,,0.897,0.906,0.862,0.865,11825400.0,10400926.0,,,sina:512980,,
2019-03-27,512980,,0.87,0.875,0.851,0.863,14008200.0,12041127.0,,,sina:512980,,
2019-03-28,512980,,0.858,0.867,0.846,0.847,8733900.0,7464191.0,,,sina:512980,,
2019-03-29,512980,,0.85,0.876,0.836,0.875,24250200.0,20896571.0,,,sina:512980,,
2019-04-01,512980,,0.88,0.91,0.88,0.908,19197100.0,17206988.0,,,sina:512980,,
2019-04-02,512980,,0.91,0.92,0.9,0.905,14104500.0,12830115.0,,,sina:512980,,
2019-04-03,512980,,0.901,0.915,0.898,0.913,8811100.0,7983394.0,,,sina:512980,,
2019-04-04,512980,,0.921,0.921,0.904,0.913,16486600.0,15011696.0,,,sina:512980,,
2019-04-08,512980,,0.918,0.921,0.884,0.894,17986500.0,16215732.0,,,sina:512980,,
2019-04-09,512980,,0.895,0.912,0.886,0.903,11340900.0,10231055.0,,,sina:512980,,
2019-04-10,512980,,0.901,0.901,0.888,0.898,10115088.0,9033035.0,,,sina:512980,,
2019-04-11,512980,,0.894,0.9,0.87,0.871,11190500.0,9856022.0,,,sina:512980,,
2019-04-12,512980,,0.875,0.878,0.869,0.878,4706100.0,4110459.0,,,sina:512980,,
2019-04-15,512980,,0.885,0.899,0.862,0.864,12085800.0,10639018.0,,,sina:512980,,
2019-04-16,512980,,0.86,0.881,0.847,0.88,8344300.0,7189089.0,,,sina:512980,,
2019-04-17,512980,,0.872,0.888,0.872,0.882,5895800.0,5197327.0,,,sina:512980,,
2019-04-18,512980,,0.882,0.886,0.872,0.877,8174800.0,7192197.0,,,sina:512980,,
2019-04-19,512980,,0.878,0.883,0.868,0.883,4868500.0,4270738.0,,,sina:512980,,
2019-04-22,512980,,0.882,0.888,0.868,0.871,7638700.0,6722772.0,,,sina:512980,,
2019-04-23,512980,,0.871,0.881,0.863,0.867,6486800.0,5648820.0,,,sina:512980,,
2019-04-24,512980,,0.867,0.875,0.851,0.874,8104600.0,6991024.0,,,sina:512980,,
2019-04-25,512980,,0.87,0.87,0.836,0.836,13024400.0,11099608.0,,,sina:512980,,
2019-04-26,512980,,0.832,0.839,0.821,0.825,46111500.0,38260065.0,,,sina:512980,,
2019-04-29,512980,,0.825,0.83,0.791,0.798,34064700.0,27456323.0,,,sina:512980,,
2019-04-30,512980,,0.798,0.807,0.791,0.799,13691300.0,10943186.0,,,sina:512980,,
2019-05-06,512980,,0.775,0.776,0.734,0.741,41288500.0,31249872.0,,,sina:512980,,
2019-05-07,512980,,0.751,0.752,0.736,0.751,18045600.0,13442724.0,,,sina:512980,,
2019-05-08,512980,,0.736,0.756,0.731,0.747,8696799.0,6485285.0,,,sina:512980,,
2019-05-09,512980,,0.74,0.749,0.738,0.741,6428700.0,4780985.0,,,sina:512980,,
2019-05-10,512980,,0.754,0.769,0.733,0.769,12932399.0,9760283.0,,,sina:512980,,
2019-05-13,512980,,0.756,0.763,0.748,0.753,8680800.0,6549271.0,,,sina:512980,,
2019-05-14,512980,,0.743,0.76,0.742,0.751,7797700.0,5881057.0,,,sina:512980,,
2019-05-15,512980,,0.755,0.766,0.754,0.762,6637300.0,5042786.0,,,sina:512980,,
2019-05-16,512980,,0.763,0.763,0.753,0.76,7098900.0,5384494.0,,,sina:512980,,
2019-05-17,512980,,0.761,0.762,0.726,0.727,14306100.0,10575417.0,,,sina:512980,,
2019-05-20,512980,,0.723,0.73,0.714,0.726,11574900.0,8349941.0,,,sina:512980,,
2019-05-21,512980,,0.727,0.742,0.726,0.737,9816100.0,7227217.0,,,sina:512980,,
2019-05-22,512980,,0.74,0.745,0.73,0.735,6666693.0,4924670.0,,,sina:512980,,
2019-05-23,512980,,0.734,0.735,0.713,0.717,10086000.0,7266435.0,,,sina:512980,,
2019-05-24,512980,,0.718,0.722,0.71,0.711,11774400.0,8421966.0,,,sina:512980,,
2019-05-27,512980,,0.713,0.733,0.711,0.728,11441044.0,8258381.0,,,sina:512980,,
2019-05-28,512980,,0.73,0.736,0.724,0.727,6658644.0,4868868.0,,,sina:512980,,
2019-05-29,512980,,0.727,0.733,0.725,0.727,2753300.0,2005331.0,,,sina:512980,,
2019-05-30,512980,,0.726,0.727,0.715,0.722,5632800.0,4051336.0,,,sina:512980,,
2019-05-31,512980,,0.723,0.728,0.718,0.722,4199900.0,3035199.0,,,sina:512980,,
2019-06-03,512980,,0.727,0.727,0.704,0.709,11697600.0,8310477.0,,,sina:512980,,
2019-06-04,512980,,0.71,0.712,0.701,0.705,13695200.0,9642455.0,,,sina:512980,,
2019-06-05,512980,,0.712,0.716,0.704,0.711,10084400.0,7167267.0,,,sina:512980,,
2019-06-06,512980,,0.713,0.713,0.694,0.696,11816500.0,8273332.0,,,sina:512980,,
2019-06-10,512980,,0.7,0.703,0.691,0.701,5281400.0,3688273.0,,,sina:512980,,
2019-06-11,512980,,0.703,0.728,0.698,0.727,13053000.0,9338633.0,,,sina:512980,,
2019-06-12,512980,,0.725,0.728,0.717,0.719,4141500.0,2989863.0,,,sina:512980,,
2019-06-13,512980,,0.721,0.731,0.716,0.726,6462600.0,4683599.0,,,sina:512980,,
2019-06-14,512980,,0.726,0.731,0.709,0.711,5600700.0,4025162.0,,,sina:512980,,
2019-06-17,512980,,0.712,0.712,0.705,0.708,3455100.0,2447454.0,,,sina:512980,,
2019-06-18,512980,,0.705,0.714,0.703,0.71,7285900.0,5153417.0,,,sina:512980,,
2019-06-19,512980,,0.723,0.735,0.72,0.721,8482400.0,6156783.0,,,sina:512980,,
2019-06-20,512980,,0.722,0.74,0.716,0.733,12350200.0,9012165.0,,,sina:512980,,
2019-06-21,512980,,0.77,0.77,0.742,0.749,18791600.0,14109297.0,,,sina:512980,,
2019-06-24,512980,,0.749,0.755,0.741,0.745,12206800.0,9114111.0,,,sina:512980,,
2019-06-25,512980,,0.742,0.743,0.725,0.733,13206800.0,9673173.0,,,sina:512980,,
2019-06-26,512980,,0.731,0.737,0.725,0.732,5234200.0,3830190.0,,,sina:512980,,
2019-06-27,512980,,0.734,0.741,0.732,0.734,11954800.0,8787457.0,,,sina:512980,,
2019-06-28,512980,,0.735,0.735,0.718,0.726,16967600.0,12258907.0,,,sina:512980,,
2019-07-01,512980,,0.736,0.749,0.736,0.747,17017800.0,12657753.0,,,sina:512980,,
2019-07-02,512980,,0.746,0.749,0.742,0.747,10645600.0,7938385.0,,,sina:512980,,
2019-07-03,512980,,0.745,0.745,0.732,0.735,11649300.0,8573136.0,,,sina:512980,,
2019-07-04,512980,,0.734,0.739,0.73,0.734,6353600.0,4661958.0,,,sina:512980,,
2019-07-05,512980,,0.734,0.737,0.729,0.736,3798700.0,2783187.0,,,sina:512980,,
2019-07-08,512980,,0.733,0.736,0.707,0.709,23022900.0,16433727.0,,,sina:512980,,
2019-07-09,512980,,0.709,0.71,0.703,0.707,12136300.0,8573554.0,,,sina:512980,,
2019-07-10,512980,,0.707,0.71,0.697,0.699,19190400.0,13474808.0,,,sina:512980,,
2019-07-11,512980,,0.703,0.709,0.698,0.701,14324700.0,10078049.0,,,sina:512980,,
2019-07-12,512980,,0.702,0.705,0.696,0.704,12612800.0,8853307.0,,,sina:512980,,
2019-07-15,512980,,0.703,0.721,0.694,0.715,15560000.0,11046212.0,,,sina:512980,,
2019-07-16,512980,,0.714,0.717,0.713,0.716,7284758.0,5213966.0,,,sina:512980,,
2019-07-17,512980,,0.718,0.721,0.713,0.717,8038298.0,5771657.0,,,sina:512980,,
2019-07-18,512980,,0.715,0.715,0.705,0.705,7835900.0,5555149.0,,,sina:512980,,
2019-07-19,512980,,0.706,0.72,0.706,0.711,11944400.0,8527908.0,,,sina:512980,,
2019-07-22,512980,,0.714,0.714,0.693,0.701,11207700.0,7845810.0,,,sina:512980,,
2019-07-23,512980,,0.7,0.704,0.699,0.704,3466600.0,2433789.0,,,sina:512980,,
2019-07-24,512980,,0.703,0.717,0.703,0.712,7226200.0,5150568.0,,,sina:512980,,
2019-07-25,512980,,0.712,0.718,0.711,0.715,7744800.0,5539172.0,,,sina:512980,,
2019-07-26,512980,,0.714,0.717,0.712,0.716,4337400.0,3101349.0,,,sina:512980,,
2019-07-29,512980,,0.716,0.719,0.712,0.714,7593400.0,5430453.0,,,sina:512980,,
2019-07-30,512980,,0.714,0.735,0.714,0.731,27280000.0,19917930.0,,,sina:512980,,
2019-07-31,512980,,0.731,0.731,0.724,0.726,13500500.0,9806947.0,,,sina:512980,,
2019-08-01,512980,,0.72,0.727,0.719,0.724,11823900.0,8547709.0,,,sina:512980,,
2019-08-02,512980,,0.71,0.714,0.706,0.713,13500600.0,9575787.0,,,sina:512980,,
2019-08-05,512980,,0.708,0.713,0.698,0.7,20748300.0,14638968.0,,,sina:512980,,
2019-08-06,512980,,0.69,0.69,0.668,0.682,24548400.0,16659957.0,,,sina:512980,,
2019-08-07,512980,,0.683,0.686,0.675,0.675,13553300.0,9222121.0,,,sina:512980,,
2019-08-08,512980,,0.681,0.684,0.678,0.681,5689180.0,3873587.0,,,sina:512980,,
2019-08-09,512980,,0.683,0.687,0.676,0.677,13596541.0,9255266.0,,,sina:512980,,
2019-08-12,512980,,0.68,0.692,0.676,0.692,12841000.0,8792715.0,,,sina:512980,,
2019-08-13,512980,,0.687,0.688,0.682,0.685,4120700.0,2822964.0,,,sina:512980,,
2019-08-14,512980,,0.692,0.695,0.686,0.687,4244766.0,2934671.0,,,sina:512980,,
2019-08-15,512980,,0.674,0.692,0.672,0.69,16258702.0,11139275.0,,,sina:512980,,
2019-08-16,512980,,0.689,0.702,0.689,0.696,20448800.0,14276720.0,,,sina:512980,,
2019-08-19,512980,,0.699,0.727,0.699,0.726,36845301.0,26272106.0,,,sina:512980,,
2019-08-20,512980,,0.728,0.74,0.726,0.731,26581200.0,19503909.0,,,sina:512980,,
2019-08-21,512980,,0.729,0.73,0.725,0.728,4206900.0,3061836.0,,,sina:512980,,
2019-08-22,512980,,0.728,0.732,0.726,0.73,4059000.0,2960967.0,,,sina:512980,,
2019-08-23,512980,,0.731,0.735,0.724,0.726,5465600.0,3988989.0,,,sina:512980,,
2019-08-26,512980,,0.715,0.719,0.711,0.717,15771800.0,11271626.0,,,sina:512980,,
2019-08-27,512980,,0.719,0.739,0.719,0.732,19823600.0,14464195.0,,,sina:512980,,
2019-08-28,512980,,0.73,0.736,0.727,0.732,15651500.0,11427459.0,,,sina:512980,,
2019-08-29,512980,,0.734,0.746,0.73,0.74,23918300.0,17688540.0,,,sina:512980,,
2019-08-30,512980,,0.748,0.75,0.725,0.729,19535400.0,14395967.0,,,sina:512980,,
2019-09-02,512980,,0.728,0.757,0.728,0.755,35162400.0,26322587.0,,,sina:512980,,
2019-09-03,512980,,0.758,0.763,0.751,0.762,39262500.0,29719938.0,,,sina:512980,,
2019-09-04,512980,,0.758,0.768,0.756,0.767,25001300.0,19081703.0,,,sina:512980,,
2019-09-05,512980,,0.772,0.795,0.771,0.78,48537900.0,38093476.0,,,sina:512980,,
2019-09-06,512980,,0.787,0.789,0.775,0.782,36322400.0,28456093.0,,,sina:512980,,
2019-09-09,512980,,0.788,0.811,0.786,0.811,47687800.0,38012009.0,,,sina:512980,,
2019-09-10,512980,,0.81,0.811,0.797,0.804,23738700.0,19066499.0,,,sina:512980,,
2019-09-11,512980,,0.806,0.809,0.796,0.798,22965732.0,18417204.0,,,sina:512980,,
2019-09-12,512980,,0.8,0.807,0.794,0.805,13994000.0,11217982.0,,,sina:512980,,
2019-09-16,512980,,0.81,0.813,0.801,0.807,19318431.0,15615440.0,,,sina:512980,,
2019-09-17,512980,,0.803,0.803,0.781,0.785,17378600.0,13741458.0,,,sina:512980,,
2019-09-18,512980,,0.787,0.788,0.78,0.783,9597000.0,7521946.0,,,sina:512980,,
2019-09-19,512980,,0.785,0.789,0.779,0.789,10396400.0,8150933.0,,,sina:512980,,
2019-09-20,512980,,0.789,0.791,0.781,0.786,9080000.0,7143698.0,,,sina:512980,,
2019-09-23,512980,,0.783,0.784,0.771,0.781,9880900.0,7651795.0,,,sina:512980,,
2019-09-24,512980,,0.783,0.792,0.776,0.783,8038100.0,6297285.0,,,sina:512980,,
2019-09-25,512980,,0.777,0.781,0.77,0.771,7710000.0,5984025.0,,,sina:512980,,
2019-09-26,512980,,0.771,0.775,0.751,0.753,16391900.0,12472418.0,,,sina:512980,,
2019-09-27,512980,,0.755,0.764,0.752,0.761,7765500.0,5901253.0,,,sina:512980,,
2019-09-30,512980,,0.762,0.768,0.75,0.752,20438300.0,15529887.0,,,sina:512980,,
2019-10-08,512980,,0.753,0.754,0.736,0.739,21862100.0,16266176.0,,,sina:512980,,
2019-10-09,512980,,0.736,0.74,0.729,0.74,8644000.0,6343109.0,,,sina:512980,,
2019-10-10,512980,,0.741,0.748,0.737,0.748,6341100.0,4710461.0,,,sina:512980,,
2019-10-11,512980,,0.747,0.757,0.74,0.751,7006200.0,5258686.0,,,sina:512980,,
2019-10-14,512980,,0.759,0.775,0.758,0.767,10599000.0,8131648.0,,,sina:512980,,
2019-10-15,512980,,0.765,0.766,0.756,0.758,6000300.0,4562521.0,,,sina:512980,,
2019-10-16,512980,,0.76,0.763,0.755,0.756,9462600.0,7175268.0,,,sina:512980,,
2019-10-17,512980,,0.756,0.767,0.756,0.76,7971500.0,6082688.0,,,sina:512980,,
2019-10-18,512980,,0.761,0.767,0.75,0.752,8080700.0,6103349.0,,,sina:512980,,
2019-10-21,512980,,0.751,0.751,0.737,0.747,7602500.0,5647288.0,,,sina:512980,,
2019-10-22,512980,,0.748,0.753,0.745,0.75,9826000.0,7351070.0,,,sina:512980,,
2019-10-23,512980,,0.754,0.755,0.746,0.749,11163700.0,8376652.0,,,sina:512980,,
2019-10-24,512980,,0.749,0.753,0.744,0.749,6079400.0,4551042.0,,,sina:512980,,
2019-10-25,512980,,0.747,0.754,0.742,0.751,5144700.0,3846890.0,,,sina:512980,,
2019-10-28,512980,,0.767,0.78,0.764,0.777,34031900.0,26356014.0,,,sina:512980,,
2019-10-29,512980,,0.777,0.779,0.763,0.765,25092600.0,19458069.0,,,sina:512980,,
2019-10-30,512980,,0.76,0.762,0.752,0.756,14987800.0,11337868.0,,,sina:512980,,
2019-10-31,512980,,0.755,0.759,0.746,0.748,13526300.0,10149410.0,,,sina:512980,,
2019-11-01,512980,,0.747,0.757,0.745,0.756,8937400.0,6721218.0,,,sina:512980,,
2019-11-04,512980,,0.757,0.764,0.754,0.755,9867900.0,7481867.0,,,sina:512980,,
2019-11-05,512980,,0.755,0.76,0.749,0.756,17539700.0,13257200.0,,,sina:512980,,
2019-11-06,512980,,0.756,0.756,0.743,0.745,15641900.0,11709399.0,,,sina:512980,,
2019-11-07,512980,,0.744,0.753,0.741,0.752,14702300.0,11023756.0,,,sina:512980,,
2019-11-08,512980,,0.755,0.762,0.752,0.754,22098600.0,16738499.0,,,sina:512980,,
2019-11-11,512980,,0.751,0.751,0.738,0.74,9314700.0,6930562.0,,,sina:512980,,
2019-11-12,512980,,0.74,0.741,0.732,0.739,9601900.0,7071915.0,,,sina:512980,,
2019-11-13,512980,,0.739,0.74,0.734,0.736,13030300.0,9597931.0,,,sina:512980,,
2019-11-14,512980,,0.736,0.74,0.733,0.738,7524700.0,5544313.0,,,sina:512980,,
2019-11-15,512980,,0.737,0.746,0.736,0.736,28696400.0,21227958.0,,,sina:512980,,
2019-11-18,512980,,0.738,0.746,0.732,0.743,11135500.0,8252613.0,,,sina:512980,,
2019-11-19,512980,,0.744,0.775,0.744,0.774,65903000.0,50607506.0,,,sina:512980,,
2019-11-20,512980,,0.778,0.787,0.768,0.768,45870900.0,35699559.0,,,sina:512980,,
2019-11-21,512980,,0.764,0.772,0.762,0.768,22064400.0,16883326.0,,,sina:512980,,
2019-11-22,512980,,0.768,0.779,0.758,0.764,22577300.0,17332718.0,,,sina:512980,,
2019-11-25,512980,,0.762,0.762,0.749,0.755,20876900.0,15731734.0,,,sina:512980,,
2019-11-26,512980,,0.758,0.758,0.752,0.755,11440600.0,8644099.0,,,sina:512980,,
2019-11-27,512980,,0.755,0.755,0.747,0.75,9709008.0,7277056.0,,,sina:512980,,
2019-11-28,512980,,0.748,0.75,0.741,0.745,16647800.0,12401563.0,,,sina:512980,,
2019-11-29,512980,,0.745,0.751,0.741,0.747,18074500.0,13475223.0,,,sina:512980,,
2019-12-02,512980,,0.749,0.756,0.746,0.754,24031600.0,18070955.0,,,sina:512980,,
2019-12-03,512980,,0.751,0.756,0.743,0.756,18440307.0,13803275.0,,,sina:512980,,
2019-12-04,512980,,0.749,0.757,0.749,0.756,15250900.0,11509053.0,,,sina:512980,,
2019-12-05,512980,,0.754,0.767,0.754,0.767,23032600.0,17537525.0,,,sina:512980,,
2019-12-06,512980,,0.764,0.774,0.76,0.773,51642700.0,39698463.0,,,sina:512980,,
2019-12-09,512980,,0.773,0.78,0.766,0.776,43175800.0,33519380.0,,,sina:512980,,
2019-12-10,512980,,0.775,0.784,0.768,0.784,31361900.0,24440967.0,,,sina:512980,,
2019-12-11,512980,,0.784,0.791,0.777,0.78,26714400.0,20956593.0,,,sina:512980,,
2019-12-12,512980,,0.777,0.783,0.771,0.775,22219500.0,17244287.0,,,sina:512980,,
2019-12-13,512980,,0.782,0.788,0.777,0.788,30364600.0,23728818.0,,,sina:512980,,
2019-12-16,512980,,0.788,0.816,0.788,0.816,41392244.0,33247019.0,,,sina:512980,,
2019-12-17,512980,,0.812,0.82,0.807,0.815,44676244.0,36356060.0,,,sina:512980,,
2019-12-18,512980,,0.812,0.845,0.812,0.838,101737344.0,84794947.0,,,sina:512980,,
2019-12-19,512980,,0.839,0.851,0.833,0.843,94540092.0,79631244.0,,,sina:512980,,
2019-12-20,512980,,0.843,0.846,0.826,0.829,72762600.0,60811511.0,,,sina:512980,,
2019-12-23,512980,,0.822,0.827,0.807,0.808,45417600.0,37057652.0,,,sina:512980,,
2019-12-24,512980,,0.81,0.832,0.809,0.832,31115100.0,25525077.0,,,sina:512980,,
2019-12-25,512980,,0.83,0.843,0.823,0.838,43718300.0,36349289.0,,,sina:512980,,
2019-12-26,512980,,0.833,0.841,0.827,0.839,22252093.0,18551699.0,,,sina:512980,,
2019-12-27,512980,,0.84,0.849,0.824,0.826,35808593.0,30065317.0,,,sina:512980,,
2019-12-30,512980,,0.827,0.838,0.813,0.838,26906300.0,22271610.0,,,sina:512980,,
2019-12-31,512980,,0.836,0.839,0.828,0.835,21923200.0,18264610.0,,,sina:512980,,
2020-01-02,512980,,0.84,0.884,0.836,0.883,81727200.0,70950934.0,,,sina:512980,,
2020-01-03,512980,,0.882,0.896,0.877,0.886,191512763.0,169842029.0,,,sina:512980,,
2020-01-06,512980,,0.878,0.915,0.869,0.905,121220737.0,109384451.0,,,sina:512980,,
2020-01-07,512980,,0.908,0.935,0.9,0.933,144423500.0,133290526.0,,,sina:512980,,
2020-01-08,512980,,0.925,0.929,0.904,0.906,180868300.0,165504152.0,,,sina:512980,,
2020-01-09,512980,,0.92,0.93,0.908,0.92,166522000.0,153043668.0,,,sina:512980,,
2020-01-10,512980,,0.925,0.929,0.908,0.916,52913300.0,48407067.0,,,sina:512980,,
2020-01-13,512980,,0.911,0.93,0.9,0.929,58502300.0,53601874.0,,,sina:512980,,
2020-01-14,512980,,0.93,0.94,0.925,0.926,81980500.0,76403107.0,,,sina:512980,,
2020-01-15,512980,,0.924,0.93,0.911,0.922,45202200.0,41494771.0,,,sina:512980,,
2020-01-16,512980,,0.921,0.926,0.909,0.912,58924800.0,53966416.0,,,sina:512980,,
2020-01-17,512980,,0.913,0.924,0.907,0.912,52442900.0,48018052.0,,,sina:512980,,
2020-01-20,512980,,0.912,0.918,0.899,0.916,64192183.0,58292841.0,,,sina:512980,,
2020-01-21,512980,,0.909,0.909,0.891,0.897,115959100.0,104196377.0,,,sina:512980,,
2020-01-22,512980,,0.885,0.907,0.874,0.902,106210900.0,94324102.0,,,sina:512980,,
2020-01-23,512980,,0.89,0.917,0.865,0.878,97898300.0,87617256.0,,,sina:512980,,
2020-02-03,512980,,0.79,0.83,0.79,0.79,83671100.0,66942761.0,,,sina:512980,,
2020-02-04,512980,,0.794,0.84,0.787,0.832,93435563.0,76804568.0,,,sina:512980,,
2020-02-05,512980,,0.84,0.869,0.833,0.849,93384000.0,79291787.0,,,sina:512980,,
2020-02-06,512980,,0.849,0.91,0.843,0.909,88020300.0,78252722.0,,,sina:512980,,
2020-02-07,512980,,0.905,0.936,0.9,0.931,115944800.0,106747681.0,,,sina:512980,,
2020-02-10,512980,,0.922,0.936,0.903,0.921,52247163.0,48142188.0,,,sina:512980,,
2020-02-11,512980,,0.925,0.925,0.902,0.912,38102896.0,34754997.0,,,sina:512980,,
2020-02-12,512980,,0.913,0.935,0.909,0.934,56567067.0,52377775.0,,,sina:512980,,
2020-02-13,512980,,0.933,0.933,0.908,0.916,111446733.0,102527242.0,,,sina:512980,,
2020-02-14,512980,,0.909,0.926,0.904,0.918,101981500.0,93282469.0,,,sina:512980,,
2020-02-17,512980,,0.926,0.947,0.918,0.947,75822800.0,70966602.0,,,sina:512980,,
2020-02-18,512980,,0.956,0.96,0.934,0.959,55406400.0,52615783.0,,,sina:512980,,
2020-02-19,512980,,0.951,0.953,0.926,0.929,95048767.0,89230733.0,,,sina:512980,,
2020-02-20,512980,,0.935,0.947,0.925,0.947,96013990.0,90169456.0,,,sina:512980,,
2020-02-21,512980,,0.946,0.981,0.943,0.971,109505481.0,105874987.0,,,sina:512980,,
2020-02-24,512980,,0.967,0.984,0.956,0.982,77235500.0,75065718.0,,,sina:512980,,
2020-02-25,512980,,0.955,0.978,0.92,0.975,109018500.0,104022872.0,,,sina:512980,,
2020-02-26,512980,,0.953,0.965,0.928,0.936,81070300.0,76765757.0,,,sina:512980,,
2020-02-27,512980,,0.94,0.958,0.921,0.946,84917529.0,80314115.0,,,sina:512980,,
2020-02-28,512980,,0.916,0.932,0.889,0.893,104951030.0,95984685.0,,,sina:512980,,
2020-03-02,512980,,0.9,0.924,0.887,0.917,55232700.0,50015672.0,,,sina:512980,,
2020-03-03,512980,,0.931,0.949,0.909,0.919,62820151.0,58673338.0,,,sina:512980,,
2020-03-04,512980,,0.913,0.924,0.899,0.918,35276600.0,32141685.0,,,sina:512980,,
2020-03-05,512980,,0.935,0.939,0.918,0.929,49310300.0,45839026.0,,,sina:512980,,
2020-03-06,512980,,0.919,0.929,0.91,0.917,36779900.0,33838877.0,,,sina:512980,,
2020-03-09,512980,,0.899,0.905,0.869,0.871,71561000.0,63272357.0,,,sina:512980,,
2020-03-10,512980,,0.866,0.902,0.859,0.901,65452800.0,57666750.0,,,sina:512980,,
2020-03-11,512980,,0.899,0.906,0.88,0.884,67419900.0,60405188.0,,,sina:512980,,
2020-03-12,512980,,0.874,0.874,0.855,0.865,52550500.0,45465435.0,,,sina:512980,,
2020-03-13,512980,,0.821,0.869,0.817,0.86,67454900.0,57206574.0,,,sina:512980,,
2020-03-16,512980,,0.862,0.865,0.819,0.822,47242967.0,40192590.0,,,sina:512980,,
2020-03-17,512980,,0.823,0.845,0.799,0.826,53592600.0,44020931.0,,,sina:512980,,
2020-03-18,512980,,0.834,0.852,0.81,0.813,33874300.0,28219977.0,,,sina:512980,,
2020-03-19,512980,,0.814,0.825,0.798,0.824,56430233.0,45993349.0,,,sina:512980,,
2020-03-20,512980,,0.83,0.843,0.823,0.839,43134800.0,36059749.0,,,sina:512980,,
2020-03-23,512980,,0.811,0.83,0.801,0.808,28219500.0,23054738.0,,,sina:512980,,
2020-03-24,512980,,0.822,0.831,0.791,0.814,26139700.0,21172834.0,,,sina:512980,,
2020-03-25,512980,,0.832,0.84,0.823,0.836,30673400.0,25567016.0,,,sina:512980,,
2020-03-26,512980,,0.83,0.844,0.824,0.835,37367400.0,31221374.0,,,sina:512980,,
2020-03-27,512980,,0.841,0.843,0.818,0.818,29887500.0,24768952.0,,,sina:512980,,
2020-03-30,512980,,0.804,0.818,0.775,0.789,33323100.0,26248151.0,,,sina:512980,,
2020-03-31,512980,,0.795,0.799,0.788,0.79,22226700.0,17618639.0,,,sina:512980,,
2020-04-01,512980,,0.787,0.801,0.782,0.785,24407900.0,19317318.0,,,sina:512980,,
2020-04-02,512980,,0.782,0.805,0.781,0.805,17295000.0,13684716.0,,,sina:512980,,
2020-04-03,512980,,0.803,0.804,0.79,0.797,25510200.0,20326181.0,,,sina:512980,,
2020-04-07,512980,,0.808,0.824,0.807,0.821,20798200.0,16964332.0,,,sina:512980,,
2020-04-08,512980,,0.82,0.826,0.81,0.823,34789500.0,28548130.0,,,sina:512980,,
2020-04-09,512980,,0.828,0.837,0.823,0.832,36984000.0,30762349.0,,,sina:512980,,
2020-04-10,512980,,0.833,0.836,0.804,0.808,20396900.0,16635318.0,,,sina:512980,,
2020-04-13,512980,,0.802,0.802,0.784,0.788,24404200.0,19300379.0,,,sina:512980,,
2020-04-14,512980,,0.789,0.82,0.789,0.819,55841400.0,45157886.0,,,sina:512980,,
2020-04-15,512980,,0.817,0.824,0.812,0.813,25162000.0,20626041.0,,,sina:512980,,
2020-04-16,512980,,0.811,0.83,0.809,0.825,48690600.0,40194715.0,,,sina:512980,,
2020-04-17,512980,,0.833,0.838,0.823,0.827,56795000.0,47279927.0,,,sina:512980,,
2020-04-20,512980,,0.825,0.833,0.822,0.832,9875300.0,8178153.0,,,sina:512980,,
2020-04-21,512980,,0.83,0.833,0.818,0.832,29995500.0,24823162.0,,,sina:512980,,
2020-04-22,512980,,0.824,0.839,0.823,0.838,9462300.0,7860536.0,,,sina:512980,,
2020-04-23,512980,,0.838,0.841,0.821,0.824,19445800.0,16123521.0,,,sina:512980,,
2020-04-24,512980,,0.822,0.826,0.81,0.813,35390896.0,28976119.0,,,sina:512980,,
2020-04-27,512980,,0.813,0.821,0.811,0.813,10707700.0,8752097.0,,,sina:512980,,
2020-04-28,512980,,0.813,0.816,0.784,0.81,19101404.0,15278302.0,,,sina:512980,,
2020-04-29,512980,,0.806,0.824,0.804,0.817,9748200.0,7976382.0,,,sina:512980,,
2020-04-30,512980,,0.825,0.841,0.823,0.839,33586100.0,28009686.0,,,sina:512980,,
2020-05-06,512980,,0.829,0.857,0.828,0.855,23312100.0,19680257.0,,,sina:512980,,
2020-05-07,512980,,0.855,0.86,0.849,0.851,18637600.0,15904775.0,,,sina:512980,,
2020-05-08,512980,,0.854,0.864,0.853,0.861,16136700.0,13865514.0,,,sina:512980,,
2020-05-11,512980,,0.866,0.871,0.854,0.86,38261300.0,33034775.0,,,sina:512980,,
2020-05-12,512980,,0.86,0.862,0.85,0.86,21230200.0,18189758.0,,,sina:512980,,
2020-05-13,512980,,0.854,0.864,0.851,0.862,14556400.0,12488273.0,,,sina:512980,,
2020-05-14,512980,,0.857,0.872,0.857,0.862,30776600.0,26563623.0,,,sina:512980,,
2020-05-15,512980,,0.863,0.865,0.855,0.858,9402600.0,8086544.0,,,sina:512980,,
2020-05-18,512980,,0.858,0.858,0.838,0.847,40574500.0,34450239.0,,,sina:512980,,
2020-05-19,512980,,0.852,0.855,0.849,0.854,41221200.0,35136225.0,,,sina:512980,,
2020-05-20,512980,,0.854,0.86,0.846,0.851,62281400.0,53279279.0,,,sina:512980,,
2020-05-21,512980,,0.853,0.853,0.835,0.837,24538000.0,20689926.0,,,sina:512980,,
2020-05-22,512980,,0.836,0.84,0.816,0.821,16151700.0,13323192.0,,,sina:512980,,
2020-05-25,512980,,0.819,0.821,0.812,0.816,8354900.0,6810143.0,,,sina:512980,,
2020-05-26,512980,,0.818,0.834,0.818,0.833,9116100.0,7549328.0,,,sina:512980,,
2020-05-27,512980,,0.835,0.835,0.819,0.822,7718600.0,6373898.0,,,sina:512980,,
2020-05-28,512980,,0.822,0.827,0.808,0.822,10145600.0,8277745.0,,,sina:512980,,
2020-05-29,512980,,0.821,0.844,0.819,0.843,37302456.0,31241527.0,,,sina:512980,,
2020-06-01,512980,,0.845,0.872,0.844,0.87,34271118.0,29578996.0,,,sina:512980,,
2020-06-02,512980,,0.87,0.877,0.863,0.867,41686644.0,36194336.0,,,sina:512980,,
2020-06-03,512980,,0.869,0.873,0.865,0.866,30077000.0,26118495.0,,,sina:512980,,
2020-06-04,512980,,0.868,0.869,0.86,0.863,8682800.0,7498259.0,,,sina:512980,,
2020-06-05,512980,,0.863,0.878,0.862,0.877,27765600.0,24255249.0,,,sina:512980,,
2020-06-08,512980,,0.882,0.883,0.87,0.872,23768100.0,20805969.0,,,sina:512980,,
2020-06-09,512980,,0.875,0.889,0.868,0.888,38575100.0,33973508.0,,,sina:512980,,
2020-06-10,512980,,0.888,0.888,0.877,0.884,21650700.0,19071703.0,,,sina:512980,,
2020-06-11,512980,,0.883,0.901,0.881,0.889,50513200.0,45016867.0,,,sina:512980,,
2020-06-12,512980,,0.87,0.904,0.867,0.902,42547000.0,37870057.0,,,sina:512980,,
2020-06-15,512980,,0.905,0.922,0.901,0.907,69743000.0,63715849.0,,,sina:512980,,
2020-06-16,512980,,0.915,0.918,0.903,0.915,44002700.0,40091479.0,,,sina:512980,,
2020-06-17,512980,,0.919,0.919,0.904,0.918,32890700.0,29989199.0,,,sina:512980,,
2020-06-18,512980,,0.916,0.928,0.902,0.915,22189300.0,20298261.0,,,sina:512980,,
2020-06-19,512980,,0.911,0.923,0.906,0.916,38563800.0,35346716.0,,,sina:512980,,
2020-06-22,512980,,0.915,0.917,0.909,0.914,34825337.0,31811080.0,,,sina:512980,,
2020-06-23,512980,,0.913,0.947,0.913,0.94,57642400.0,53687078.0,,,sina:512980,,
2020-06-24,512980,,0.941,0.951,0.94,0.944,45580100.0,43110913.0,,,sina:512980,,
2020-06-29,512980,,0.939,0.942,0.923,0.929,25726400.0,23931475.0,,,sina:512980,,
2020-06-30,512980,,0.932,0.952,0.93,0.948,97925500.0,92701751.0,,,sina:512980,,
2020-07-01,512980,,0.949,0.955,0.933,0.947,41683500.0,39350009.0,,,sina:512980,,
2020-07-02,512980,,0.945,0.958,0.938,0.95,44849800.0,42600123.0,,,sina:512980,,
2020-07-03,512980,,0.946,0.957,0.936,0.956,67949393.0,64268849.0,,,sina:512980,,
2020-07-06,512980,,0.96,0.992,0.945,0.987,96851432.0,93725882.0,,,sina:512980,,
2020-07-07,512980,,1.0,1.021,0.973,1.015,92568032.0,92810729.0,,,sina:512980,,
2020-07-08,512980,,1.003,1.022,0.985,1.016,115263568.0,116335691.0,,,sina:512980,,
2020-07-09,512980,,1.018,1.063,1.016,1.057,105839700.0,110514581.0,,,sina:512980,,
2020-07-10,512980,,1.046,1.068,1.038,1.056,68583520.0,72469051.0,,,sina:512980,,
2020-07-13,512980,,1.05,1.079,1.043,1.078,54942500.0,58481073.0,,,sina:512980,,
2020-07-14,512980,,1.069,1.093,1.047,1.07,67479399.0,72131805.0,,,sina:512980,,
2020-07-15,512980,,1.07,1.071,1.017,1.027,80923948.0,83932900.0,,,sina:512980,,
2020-07-16,512980,,1.028,1.059,0.986,0.994,122003500.0,125669322.0,,,sina:512980,,
2020-07-17,512980,,0.995,1.024,0.98,1.001,97754300.0,97925556.0,,,sina:512980,,
2020-07-20,512980,,1.019,1.023,0.991,1.022,65703400.0,66375514.0,,,sina:512980,,
2020-07-21,512980,,1.023,1.034,1.011,1.026,55945756.0,57215548.0,,,sina:512980,,
2020-07-22,512980,,1.026,1.045,1.013,1.034,58064400.0,60013468.0,,,sina:512980,,
2020-07-23,512980,,1.024,1.028,0.989,1.016,76042200.0,76407013.0,,,sina:512980,,
2020-07-24,512980,,1.011,1.013,0.952,0.963,67410800.0,65927525.0,,,sina:512980,,
2020-07-27,512980,,0.958,0.975,0.951,0.96,23617900.0,22697561.0,,,sina:512980,,
2020-07-28,512980,,0.969,0.978,0.961,0.977,32156200.0,31170799.0,,,sina:512980,,
2020-07-29,512980,,0.975,1.008,0.971,1.007,32381200.0,32218558.0,,,sina:512980,,
2020-07-30,512980,,1.01,1.012,0.989,0.989,24118300.0,24067493.0,,,sina:512980,,
2020-07-31,512980,,0.989,1.01,0.981,1.0,41088400.0,40889292.0,,,sina:512980,,
2020-08-03,512980,,1.012,1.018,0.999,1.018,47115400.0,47524268.0,,,sina:512980,,
2020-08-04,512980,,1.019,1.019,0.993,1.0,52101600.0,52312976.0,,,sina:512980,,
2020-08-05,512980,,0.997,1.014,0.993,1.007,40340100.0,40553703.0,,,sina:512980,,
2020-08-06,512980,,1.006,1.008,0.979,0.988,69138800.0,68299348.0,,,sina:512980,,
2020-08-07,512980,,0.982,0.987,0.955,0.972,65095500.0,63087300.0,,,sina:512980,,
2020-08-10,512980,,0.969,0.99,0.969,0.986,69030000.0,67678292.0,,,sina:512980,,
2020-08-11,512980,,0.989,0.991,0.963,0.966,39972400.0,39058418.0,,,sina:512980,,
2020-08-12,512980,,0.962,0.966,0.941,0.964,57196600.0,54466362.0,,,sina:512980,,
2020-08-13,512980,,0.967,0.97,0.958,0.964,32757100.0,31601079.0,,,sina:512980,,
2020-08-14,512980,,0.964,0.978,0.961,0.978,27050500.0,26265754.0,,,sina:512980,,
2020-08-17,512980,,0.987,0.997,0.978,0.996,29423000.0,29138585.0,,,sina:512980,,
2020-08-18,512980,,0.997,1.0,0.986,0.998,38459900.0,38183097.0,,,sina:512980,,
2020-08-19,512980,,0.998,0.999,0.97,0.971,49814500.0,48812526.0,,,sina:512980,,
2020-08-20,512980,,0.967,0.981,0.961,0.975,41787400.0,40689112.0,,,sina:512980,,
2020-08-21,512980,,0.98,1.01,0.98,1.005,77730300.0,77948409.0,,,sina:512980,,
2020-08-24,512980,,1.012,1.03,1.001,1.026,72068800.0,73407355.0,,,sina:512980,,
2020-08-25,512980,,1.024,1.035,1.021,1.027,64838100.0,66595362.0,,,sina:512980,,
2020-08-26,512980,,1.03,1.035,1.015,1.021,51164300.0,52421526.0,,,sina:512980,,
2020-08-27,512980,,1.024,1.033,1.018,1.025,46072700.0,47271220.0,,,sina:512980,,
2020-08-28,512980,,1.025,1.042,1.018,1.042,47471100.0,48927790.0,,,sina:512980,,
2020-08-31,512980,,1.043,1.055,1.027,1.028,59081200.0,61585947.0,,,sina:512980,,
2020-09-01,512980,,1.025,1.032,1.015,1.032,37285000.0,38200512.0,,,sina:512980,,
2020-09-02,512980,,1.03,1.046,1.025,1.043,33895200.0,35141809.0,,,sina:512980,,
2020-09-03,512980,,1.043,1.043,1.026,1.031,81189100.0,83972241.0,,,sina:512980,,
2020-09-04,512980,,1.008,1.03,1.008,1.028,32062000.0,32708824.0,,,sina:512980,,
2020-09-07,512980,,1.028,1.037,1.0,1.006,30749100.0,31235608.0,,,sina:512980,,
2020-09-08,512980,,1.003,1.018,1.003,1.017,24205600.0,24460864.0,,,sina:512980,,
2020-09-09,512980,,1.005,1.008,0.976,0.978,38994100.0,38595668.0,,,sina:512980,,
2020-09-10,512980,,0.981,0.988,0.948,0.952,27142300.0,26245808.0,,,sina:512980,,
2020-09-11,512980,,0.951,0.972,0.947,0.971,27767100.0,26676132.0,,,sina:512980,,
2020-09-14,512980,,0.976,0.987,0.971,0.983,43837100.0,42918554.0,,,sina:512980,,
2020-09-15,512980,,0.983,0.992,0.981,0.987,17933800.0,17688548.0,,,sina:512980,,
2020-09-16,512980,,0.985,0.986,0.974,0.981,20073100.0,19702158.0,,,sina:512980,,
2020-09-17,512980,,0.98,0.984,0.968,0.978,16917000.0,16498088.0,,,sina:512980,,
2020-09-18,512980,,0.974,0.998,0.974,0.996,20800300.0,20540681.0,,,sina:512980,,
2020-09-21,512980,,0.999,1.001,0.98,0.98,17577700.0,17366484.0,,,sina:512980,,
2020-09-22,512980,,0.97,0.983,0.962,0.968,17168600.0,16668511.0,,,sina:512980,,
2020-09-23,512980,,0.972,0.984,0.97,0.979,14500600.0,14148595.0,,,sina:512980,,
2020-09-24,512980,,0.974,0.986,0.959,0.959,30229400.0,29483897.0,,,sina:512980,,
2020-09-25,512980,,0.965,0.968,0.957,0.961,11271799.0,10838185.0,,,sina:512980,,
2020-09-28,512980,,0.963,0.972,0.952,0.956,8754400.0,8410101.0,,,sina:512980,,
2020-09-29,512980,,0.955,0.968,0.955,0.965,11534666.0,11110821.0,,,sina:512980,,
2020-09-30,512980,,0.966,0.973,0.954,0.962,18454600.0,17830213.0,,,sina:512980,,
2020-10-09,512980,,0.98,0.988,0.967,0.979,17704800.0,17292604.0,,,sina:512980,,
2020-10-12,512980,,0.981,0.993,0.974,0.992,39734800.0,39055401.0,,,sina:512980,,
2020-10-13,512980,,0.986,0.994,0.973,0.991,48345600.0,47523534.0,,,sina:512980,,
2020-10-14,512980,,1.002,1.01,0.985,0.989,38453000.0,38256569.0,,,sina:512980,,
2020-10-15,512980,,0.988,0.992,0.972,0.975,29429000.0,28872276.0,,,sina:512980,,
2020-10-16,512980,,0.971,0.978,0.969,0.976,24598400.0,23928609.0,,,sina:512980,,
2020-10-19,512980,,0.977,0.979,0.961,0.965,19351800.0,18759033.0,,,sina:512980,,
2020-10-20,512980,,0.965,0.976,0.963,0.976,16587500.0,16095950.0,,,sina:512980,,
2020-10-21,512980,,0.975,0.981,0.964,0.969,18364100.0,17833132.0,,,sina:512980,,
2020-10-22,512980,,0.968,0.968,0.952,0.956,17067300.0,16314787.0,,,sina:512980,,
2020-10-23,512980,,0.955,0.961,0.928,0.935,27287400.0,25711236.0,,,sina:512980,,
2020-10-26,512980,,0.931,0.938,0.915,0.937,64403400.0,59414798.0,,,sina:512980,,
2020-10-27,512980,,0.933,0.935,0.927,0.932,14555500.0,13549828.0,,,sina:512980,,
2020-10-28,512980,,0.93,0.947,0.922,0.944,22324300.0,20890882.0,,,sina:512980,,
2020-10-29,512980,,0.935,0.943,0.925,0.941,18540900.0,17359951.0,,,sina:512980,,
2020-10-30,512980,,0.941,0.944,0.913,0.917,30461300.0,28253323.0,,,sina:512980,,
2020-11-02,512980,,0.916,0.925,0.907,0.913,13028400.0,11918184.0,,,sina:512980,,
2020-11-03,512980,,0.92,0.93,0.91,0.928,22448400.0,20756843.0,,,sina:512980,,
2020-11-04,512980,,0.93,0.93,0.912,0.922,18232704.0,16749631.0,,,sina:512980,,
2020-11-05,512980,,0.931,0.938,0.924,0.937,45100273.0,42065476.0,,,sina:512980,,
2020-11-06,512980,,0.937,0.939,0.923,0.932,22332300.0,20785085.0,,,sina:512980,,
2020-11-09,512980,,0.936,0.95,0.933,0.945,56173400.0,52980595.0,,,sina:512980,,
2020-11-10,512980,,0.955,0.958,0.931,0.935,43149100.0,40550689.0,,,sina:512980,,
2020-11-11,512980,,0.93,0.933,0.913,0.914,28651700.0,26395653.0,,,sina:512980,,
2020-11-12,512980,,0.916,0.924,0.908,0.915,24689100.0,22582740.0,,,sina:512980,,
2020-11-13,512980,,0.913,0.913,0.901,0.91,30550000.0,27696411.0,,,sina:512980,,
2020-11-16,512980,,0.909,0.916,0.908,0.916,24550400.0,22409010.0,,,sina:512980,,
2020-11-17,512980,,0.918,0.918,0.9,0.907,44487300.0,40294470.0,,,sina:512980,,
2020-11-18,512980,,0.908,0.91,0.901,0.905,32029200.0,28987253.0,,,sina:512980,,
2020-11-19,512980,,0.903,0.91,0.892,0.909,32987600.0,29833124.0,,,sina:512980,,
2020-11-20,512980,,0.91,0.915,0.906,0.913,25143200.0,22914351.0,,,sina:512980,,
2020-11-23,512980,,0.913,0.914,0.901,0.904,74610900.0,67486823.0,,,sina:512980,,
2020-11-24,512980,,0.903,0.907,0.895,0.901,41750100.0,37593643.0,,,sina:512980,,
2020-11-25,512980,,0.903,0.903,0.881,0.885,88310000.0,78719229.0,,,sina:512980,,
2020-11-26,512980,,0.884,0.89,0.881,0.887,26204400.0,23204177.0,,,sina:512980,,
2020-11-27,512980,,0.888,0.891,0.881,0.891,28153900.0,24936792.0,,,sina:512980,,
2020-11-30,512980,,0.889,0.912,0.881,0.906,79463300.0,71715976.0,,,sina:512980,,
2020-12-01,512980,,0.906,0.934,0.903,0.931,138640600.0,128224723.0,,,sina:512980,,
2020-12-02,512980,,0.932,0.939,0.925,0.931,89750900.0,83564554.0,,,sina:512980,,
2020-12-03,512980,,0.927,0.936,0.925,0.932,79266700.0,73683019.0,,,sina:512980,,
2020-12-04,512980,,0.93,0.932,0.92,0.93,48869600.0,45243893.0,,,sina:512980,,
2020-12-07,512980,,0.928,0.928,0.915,0.916,49654994.0,45610270.0,,,sina:512980,,
2020-12-08,512980,,0.916,0.928,0.916,0.918,40786294.0,37598570.0,,,sina:512980,,
2020-12-09,512980,,0.915,0.92,0.897,0.898,49813700.0,45196755.0,,,sina:512980,,
2020-12-10,512980,,0.896,0.904,0.891,0.9,25789294.0,23146879.0,,,sina:512980,,
2020-12-11,512980,,0.899,0.903,0.865,0.872,131545700.0,115065188.0,,,sina:512980,,
2020-12-14,512980,,0.872,0.876,0.863,0.876,76542800.0,66625678.0,,,sina:512980,,
2020-12-15,512980,,0.875,0.885,0.872,0.879,51548000.0,45273825.0,,,sina:512980,,
2020-12-16,512980,,0.879,0.881,0.86,0.864,164045400.0,141447390.0,,,sina:512980,,
2020-12-17,512980,,0.861,0.864,0.847,0.862,65900800.0,56425410.0,,,sina:512980,,
2020-12-18,512980,,0.867,0.871,0.859,0.864,53376300.0,46224874.0,,,sina:512980,,
2020-12-21,512980,,0.864,0.879,0.86,0.877,77178200.0,67440610.0,,,sina:512980,,
2020-12-22,512980,,0.877,0.877,0.86,0.862,69879000.0,60625107.0,,,sina:512980,,
2020-12-23,512980,,0.862,0.862,0.851,0.858,53280300.0,45631437.0,,,sina:512980,,
2020-12-24,512980,,0.856,0.856,0.837,0.838,89951700.0,75926846.0,,,sina:512980,,
2020-12-25,512980,,0.836,0.837,0.824,0.829,70537701.0,58484182.0,,,sina:512980,,
2020-12-28,512980,,0.83,0.832,0.813,0.817,74969200.0,61332009.0,,,sina:512980,,
2020-12-29,512980,,0.816,0.845,0.814,0.842,114230096.0,95562411.0,,,sina:512980,,
2020-12-30,512980,,0.839,0.853,0.833,0.85,135236400.0,114181095.0,,,sina:512980,,
2020-12-31,512980,,0.852,0.864,0.848,0.862,72125100.0,61833505.0,,,sina:512980,,
2021-01-04,512980,,0.867,0.876,0.861,0.874,116512200.0,101361190.0,,,sina:512980,,
2021-01-05,512980,,0.87,0.877,0.86,0.868,89663510.0,77764138.0,,,sina:512980,,
2021-01-06,512980,,0.862,0.866,0.851,0.862,107313000.0,92070477.0,,,sina:512980,,
2021-01-07,512980,,0.862,0.863,0.832,0.841,125660900.0,105938460.0,,,sina:512980,,
2021-01-08,512980,,0.834,0.878,0.834,0.874,143609400.0,124287568.0,,,sina:512980,,
2021-01-11,512980,,0.876,0.889,0.867,0.88,116609717.0,102548011.0,,,sina:512980,,
2021-01-12,512980,,0.878,0.879,0.862,0.875,157692317.0,136954539.0,,,sina:512980,,
2021-01-13,512980,,0.871,0.875,0.866,0.871,106363200.0,92604163.0,,,sina:512980,,
2021-01-14,512980,,0.873,0.881,0.863,0.87,123943600.0,108206332.0,,,sina:512980,,
2021-01-15,512980,,0.869,0.872,0.86,0.867,105887200.0,91618071.0,,,sina:512980,,
2021-01-18,512980,,0.869,0.883,0.864,0.878,123239110.0,108069220.0,,,sina:512980,,
2021-01-19,512980,,0.88,0.882,0.871,0.875,114566242.0,100412223.0,,,sina:512980,,
2021-01-20,512980,,0.878,0.88,0.869,0.875,95464410.0,83492282.0,,,sina:512980,,
2021-01-21,512980,,0.878,0.898,0.878,0.895,160442600.0,142942658.0,,,sina:512980,,
2021-01-22,512980,,0.894,0.894,0.873,0.884,120169088.0,105952118.0,,,sina:512980,,
2021-01-25,512980,,0.883,0.883,0.866,0.873,101195500.0,88468318.0,,,sina:512980,,
2021-01-26,512980,,0.868,0.879,0.86,0.862,89578800.0,77678855.0,,,sina:512980,,
2021-01-27,512980,,0.863,0.905,0.863,0.897,234215721.0,208710487.0,,,sina:512980,,
2021-01-28,512980,,0.894,0.91,0.883,0.887,235645026.0,211186022.0,,,sina:512980,,
2021-01-29,512980,,0.888,0.891,0.862,0.874,122953821.0,107778263.0,,,sina:512980,,
2021-02-01,512980,,0.877,0.883,0.869,0.882,69200000.0,60709385.0,,,sina:512980,,
2021-02-02,512980,,0.882,0.887,0.868,0.877,81625004.0,71561203.0,,,sina:512980,,
2021-02-03,512980,,0.875,0.883,0.867,0.871,135121870.0,118227186.0,,,sina:512980,,
2021-02-04,512980,,0.863,0.869,0.832,0.842,138324170.0,116802605.0,,,sina:512980,,
2021-02-05,512980,,0.842,0.853,0.828,0.83,72576500.0,61011984.0,,,sina:512980,,
2021-02-08,512980,,0.828,0.839,0.818,0.837,108782571.0,90205121.0,,,sina:512980,,
2021-02-09,512980,,0.837,0.85,0.831,0.85,75055371.0,63106941.0,,,sina:512980,,
2021-02-10,512980,,0.848,0.853,0.843,0.852,103656100.0,87976193.0,,,sina:512980,,
2021-02-18,512980,,0.888,0.891,0.859,0.861,176271002.0,153433903.0,,,sina:512980,,
2021-02-19,512980,,0.856,0.886,0.855,0.885,152293318.0,132947127.0,,,sina:512980,,
2021-02-22,512980,,0.886,0.889,0.864,0.865,179893302.0,157867023.0,,,sina:512980,,
2021-02-23,512980,,0.859,0.863,0.848,0.85,106835400.0,91254263.0,,,sina:512980,,
2021-02-24,512980,,0.848,0.865,0.845,0.851,79596900.0,68193986.0,,,sina:512980,,
2021-02-25,512980,,0.854,0.858,0.844,0.848,65932700.0,55942360.0,,,sina:512980,,
2021-02-26,512980,,0.839,0.843,0.831,0.836,79986833.0,66962182.0,,,sina:512980,,
2021-03-01,512980,,0.839,0.86,0.839,0.86,63359527.0,53990710.0,,,sina:512980,,
2021-03-02,512980,,0.861,0.862,0.84,0.845,55782800.0,47348464.0,,,sina:512980,,
2021-03-03,512980,,0.845,0.858,0.84,0.857,44252200.0,37772025.0,,,sina:512980,,
2021-03-04,512980,,0.852,0.854,0.843,0.846,69328300.0,58713039.0,,,sina:512980,,
2021-03-05,512980,,0.839,0.859,0.833,0.857,58868400.0,50117808.0,,,sina:512980,,
2021-03-08,512980,,0.86,0.873,0.842,0.845,82948700.0,71296454.0,,,sina:512980,,
2021-03-09,512980,,0.841,0.849,0.817,0.835,79419856.0,66265793.0,,,sina:512980,,
2021-03-10,512980,,0.837,0.841,0.818,0.818,80246600.0,66286106.0,,,sina:512980,,
2021-03-11,512980,,0.82,0.831,0.815,0.827,76315400.0,62856703.0,,,sina:512980,,
2021-03-12,512980,,0.826,0.828,0.813,0.817,58361599.0,47709521.0,,,sina:512980,,
2021-03-15,512980,,0.812,0.815,0.798,0.802,209998900.0,168314491.0,,,sina:512980,,
2021-03-16,512980,,0.8,0.805,0.796,0.805,42420300.0,33956872.0,,,sina:512980,,
2021-03-17,512980,,0.803,0.812,0.799,0.811,59058100.0,47683801.0,,,sina:512980,,
2021-03-18,512980,,0.81,0.813,0.805,0.807,90247400.0,72997445.0,,,sina:512980,,
2021-03-19,512980,,0.802,0.804,0.79,0.794,62819450.0,50057265.0,,,sina:512980,,
2021-03-22,512980,,0.792,0.801,0.79,0.801,47052700.0,37428061.0,,,sina:512980,,
2021-03-23,512980,,0.801,0.802,0.795,0.799,46976300.0,37493569.0,,,sina:512980,,
2021-03-24,512980,,0.798,0.806,0.795,0.803,28116188.0,22496138.0,,,sina:512980,,
2021-03-25,512980,,0.801,0.808,0.796,0.8,26342000.0,21103864.0,,,sina:512980,,
2021-03-26,512980,,0.8,0.808,0.8,0.806,35592100.0,28636434.0,,,sina:512980,,
2021-03-29,512980,,0.806,0.807,0.791,0.794,67284000.0,53478796.0,,,sina:512980,,
2021-03-30,512980,,0.794,0.794,0.786,0.788,46702110.0,36873096.0,,,sina:512980,,
2021-03-31,512980,,0.79,0.793,0.787,0.791,42489501.0,33556939.0,,,sina:512980,,
2021-04-01,512980,,0.792,0.795,0.787,0.794,35497000.0,28066752.0,,,sina:512980,,
2021-04-02,512980,,0.796,0.802,0.791,0.799,68102500.0,54306108.0,,,sina:512980,,
2021-04-06,512980,,0.8,0.809,0.799,0.808,48208900.0,38827725.0,,,sina:512980,,
2021-04-07,512980,,0.807,0.807,0.799,0.806,46396900.0,37246292.0,,,sina:512980,,
2021-04-08,512980,,0.804,0.807,0.8,0.802,26563700.0,21345014.0,,,sina:512980,,
2021-04-09,512980,,0.801,0.804,0.799,0.802,26821433.0,21500570.0,,,sina:512980,,
2021-04-12,512980,,0.802,0.802,0.786,0.787,42612600.0,33750637.0,,,sina:512980,,
2021-04-13,512980,,0.786,0.793,0.781,0.784,51000351.0,40140106.0,,,sina:512980,,
2021-04-14,512980,,0.784,0.798,0.782,0.797,58609200.0,46475624.0,,,sina:512980,,
2021-04-15,512980,,0.795,0.796,0.786,0.791,40442900.0,31924089.0,,,sina:512980,,
2021-04-16,512980,,0.79,0.802,0.789,0.799,35486029.0,28305099.0,,,sina:512980,,
2021-04-19,512980,,0.799,0.811,0.794,0.81,51262400.0,41296004.0,,,sina:512980,,
2021-04-20,512980,,0.81,0.824,0.805,0.814,59050800.0,48264195.0,,,sina:512980,,
2021-04-21,512980,,0.81,0.813,0.808,0.811,24281729.0,19675220.0,,,sina:512980,,
2021-04-22,512980,,0.811,0.819,0.809,0.816,22701329.0,18499278.0,,,sina:512980,,
2021-04-23,512980,,0.82,0.823,0.809,0.813,22610600.0,18388769.0,,,sina:512980,,
2021-04-26,512980,,0.813,0.824,0.809,0.81,43040200.0,35029173.0,,,sina:512980,,
2021-04-27,512980,,0.808,0.817,0.804,0.807,42172500.0,34171646.0,,,sina:512980,,
2021-04-28,512980,,0.804,0.816,0.804,0.815,44338700.0,36051896.0,,,sina:512980,,
2021-04-29,512980,,0.812,0.818,0.807,0.813,93097600.0,75728146.0,,,sina:512980,,
2021-04-30,512980,,0.812,0.817,0.802,0.805,64763500.0,52230054.0,,,sina:512980,,
2021-05-06,512980,,0.802,0.805,0.79,0.796,56338900.0,44894876.0,,,sina:512980,,
2021-05-07,512980,,0.796,0.802,0.791,0.791,63029800.0,50168905.0,,,sina:512980,,
2021-05-10,512980,,0.791,0.794,0.784,0.793,51702600.0,40779474.0,,,sina:512980,,
2021-05-11,512980,,0.79,0.791,0.777,0.787,57702100.0,45244010.0,,,sina:512980,,
2021-05-12,512980,,0.784,0.8,0.779,0.8,58165700.0,46037484.0,,,sina:512980,,
2021-05-13,512980,,0.796,0.803,0.793,0.797,25688000.0,20500056.0,,,sina:512980,,
2021-05-14,512980,,0.798,0.806,0.797,0.806,52109100.0,41848231.0,,,sina:512980,,
2021-05-17,512980,,0.807,0.818,0.802,0.81,69438900.0,56384960.0,,,sina:512980,,
2021-05-18,512980,,0.81,0.818,0.808,0.815,49521213.0,40323843.0,,,sina:512980,,
2021-05-19,512980,,0.815,0.817,0.808,0.814,30581000.0,24883060.0,,,sina:512980,,
2021-05-20,512980,,0.813,0.827,0.807,0.822,48485900.0,39637549.0,,,sina:512980,,
2021-05-21,512980,,0.822,0.829,0.814,0.816,34144800.0,28053699.0,,,sina:512980,,
2021-05-24,512980,,0.814,0.825,0.812,0.825,34592478.0,28383137.0,,,sina:512980,,
2021-05-25,512980,,0.825,0.839,0.822,0.837,63438496.0,52824429.0,,,sina:512980,,
2021-05-26,512980,,0.837,0.84,0.829,0.831,39023251.0,32557991.0,,,sina:512980,,
2021-05-27,512980,,0.83,0.841,0.83,0.838,43646500.0,36555454.0,,,sina:512980,,
2021-05-28,512980,,0.836,0.843,0.825,0.83,52080227.0,43327551.0,,,sina:512980,,
2021-05-31,512980,,0.83,0.83,0.822,0.828,26883651.0,22232855.0,,,sina:512980,,
2021-06-01,512980,,0.828,0.831,0.822,0.828,33350089.0,27574227.0,,,sina:512980,,
2021-06-02,512980,,0.83,0.831,0.814,0.814,48113700.0,39448088.0,,,sina:512980,,
2021-06-03,512980,,0.815,0.827,0.815,0.815,30870300.0,25331134.0,,,sina:512980,,
2021-06-04,512980,,0.816,0.824,0.814,0.821,29153500.0,23888064.0,,,sina:512980,,
2021-06-07,512980,,0.821,0.833,0.818,0.832,45086200.0,37243824.0,,,sina:512980,,
2021-06-08,512980,,0.833,0.836,0.824,0.836,56568000.0,47057776.0,,,sina:512980,,
2021-06-09,512980,,0.835,0.835,0.827,0.83,28538500.0,23722533.0,,,sina:512980,,
2021-06-10,512980,,0.831,0.842,0.831,0.837,51273787.0,42996283.0,,,sina:512980,,
2021-06-11,512980,,0.838,0.841,0.822,0.825,36535813.0,30314353.0,,,sina:512980,,
2021-06-15,512980,,0.825,0.827,0.818,0.822,28209900.0,23203531.0,,,sina:512980,,
2021-06-16,512980,,0.821,0.822,0.806,0.807,45629400.0,37069850.0,,,sina:512980,,
2021-06-17,512980,,0.807,0.81,0.801,0.804,45164300.0,36315785.0,,,sina:512980,,
2021-06-18,512980,,0.804,0.812,0.8,0.811,56687700.0,45651251.0,,,sina:512980,,
2021-06-21,512980,,0.81,0.818,0.803,0.818,50636300.0,41124427.0,,,sina:512980,,
2021-06-22,512980,,0.816,0.82,0.809,0.814,28566200.0,23224331.0,,,sina:512980,,
2021-06-23,512980,,0.815,0.818,0.809,0.816,41965400.0,34163124.0,,,sina:512980,,
2021-06-24,512980,,0.816,0.818,0.802,0.805,50701529.0,40958283.0,,,sina:512980,,
2021-06-25,512980,,0.804,0.806,0.798,0.806,110833000.0,88933092.0,,,sina:512980,,
2021-06-28,512980,,0.806,0.813,0.803,0.811,56509429.0,45747258.0,,,sina:512980,,
2021-06-29,512980,,0.809,0.81,0.802,0.803,34960300.0,28190860.0,,,sina:512980,,
2021-06-30,512980,,0.803,0.803,0.797,0.802,65769900.0,52635835.0,,,sina:512980,,
2021-07-01,512980,,0.804,0.808,0.795,0.796,53040200.0,42413218.0,,,sina:512980,,
2021-07-02,512980,,0.795,0.799,0.784,0.787,87914086.0,69416106.0,,,sina:512980,,
2021-07-05,512980,,0.785,0.79,0.767,0.772,133400300.0,103377281.0,,,sina:512980,,
2021-07-06,512980,,0.772,0.774,0.763,0.774,75436600.0,57989905.0,,,sina:512980,,
2021-07-07,512980,,0.766,0.774,0.766,0.773,62129100.0,47837789.0,,,sina:512980,,
2021-07-08,512980,,0.772,0.773,0.758,0.76,85719100.0,65348856.0,,,sina:512980,,
2021-07-09,512980,,0.759,0.761,0.755,0.76,53128400.0,40268737.0,,,sina:512980,,
2021-07-12,512980,,0.765,0.768,0.754,0.765,62516097.0,47793252.0,,,sina:512980,,
2021-07-13,512980,,0.765,0.78,0.761,0.78,80686800.0,62507555.0,,,sina:512980,,
2021-07-14,512980,,0.779,0.78,0.766,0.769,80414400.0,61931463.0,,,sina:512980,,
2021-07-15,512980,,0.769,0.769,0.755,0.765,100365500.0,76377716.0,,,sina:512980,,
2021-07-16,512980,,0.766,0.77,0.762,0.769,45749300.0,35038683.0,,,sina:512980,,
2021-07-19,512980,,0.766,0.767,0.754,0.759,84816700.0,64302225.0,,,sina:512980,,
2021-07-20,512980,,0.754,0.758,0.752,0.756,44531800.0,33592811.0,,,sina:512980,,
2021-07-21,512980,,0.757,0.762,0.756,0.758,38438300.0,29149342.0,,,sina:512980,,
2021-07-22,512980,,0.759,0.762,0.755,0.759,49696200.0,37757473.0,,,sina:512980,,
2021-07-23,512980,,0.759,0.759,0.741,0.742,164503600.0,122826619.0,,,sina:512980,,
2021-07-26,512980,,0.74,0.742,0.707,0.712,315534400.0,229124428.0,,,sina:512980,,
2021-07-27,512980,,0.712,0.715,0.688,0.692,107225903.0,75130318.0,,,sina:512980,,
2021-07-28,512980,,0.692,0.695,0.679,0.683,143439400.0,97899812.0,,,sina:512980,,
2021-07-29,512980,,0.69,0.697,0.69,0.693,74791979.0,51865687.0,,,sina:512980,,
2021-07-30,512980,,0.692,0.692,0.683,0.689,77375779.0,53053412.0,,,sina:512980,,
2021-08-02,512980,,0.686,0.701,0.682,0.7,54910900.0,38080467.0,,,sina:512980,,
2021-08-03,512980,,0.695,0.697,0.687,0.691,62439400.0,43227849.0,,,sina:512980,,
2021-08-04,512980,,0.691,0.691,0.681,0.683,89285100.0,61036956.0,,,sina:512980,,
2021-08-05,512980,,0.681,0.682,0.665,0.667,171613600.0,115591956.0,,,sina:512980,,
2021-08-06,512980,,0.668,0.668,0.658,0.663,70497100.0,46641860.0,,,sina:512980,,
2021-08-09,512980,,0.66,0.679,0.659,0.679,75284700.0,50667561.0,,,sina:512980,,
2021-08-10,512980,,0.679,0.692,0.673,0.69,76407926.0,52155514.0,,,sina:512980,,
2021-08-11,512980,,0.689,0.698,0.684,0.689,70901426.0,49113018.0,,,sina:512980,,
2021-08-12,512980,,0.689,0.697,0.686,0.688,57038626.0,39419398.0,,,sina:512980,,
2021-08-13,512980,,0.69,0.69,0.681,0.685,79837400.0,54619923.0,,,sina:512980,,
2021-08-16,512980,,0.687,0.691,0.683,0.69,37833142.0,26013494.0,,,sina:512980,,
2021-08-17,512980,,0.689,0.689,0.674,0.674,51303229.0,34929611.0,,,sina:512980,,
2021-08-18,512980,,0.674,0.678,0.668,0.677,84849168.0,56987983.0,,,sina:512980,,
2021-08-19,512980,,0.677,0.686,0.675,0.683,78118500.0,53333636.0,,,sina:512980,,
2021-08-20,512980,,0.679,0.679,0.665,0.671,88982400.0,59723811.0,,,sina:512980,,
2021-08-23,512980,,0.671,0.688,0.668,0.687,58280126.0,39673215.0,,,sina:512980,,
2021-08-24,512980,,0.685,0.686,0.68,0.684,71054600.0,48580695.0,,,sina:512980,,
2021-08-25,512980,,0.683,0.696,0.682,0.696,96992686.0,67174893.0,,,sina:512980,,
2021-08-26,512980,,0.696,0.697,0.687,0.689,45307200.0,31252349.0,,,sina:512980,,
2021-08-27,512980,,0.687,0.689,0.672,0.679,60954900.0,41501709.0,,,sina:512980,,
2021-08-30,512980,,0.675,0.679,0.67,0.675,128365000.0,86491607.0,,,sina:512980,,
2021-08-31,512980,,0.673,0.679,0.668,0.678,62022800.0,41808558.0,,,sina:512980,,
2021-09-01,512980,,0.677,0.706,0.677,0.703,208761156.0,145504078.0,,,sina:512980,,
2021-09-02,512980,,0.704,0.71,0.699,0.702,93669300.0,65960181.0,,,sina:512980,,
2021-09-03,512980,,0.7,0.708,0.698,0.703,128784301.0,90616616.0,,,sina:512980,,
2021-09-06,512980,,0.704,0.714,0.701,0.711,119210942.0,84628338.0,,,sina:512980,,
2021-09-07,512980,,0.712,0.729,0.708,0.727,152678542.0,110233306.0,,,sina:512980,,
2021-09-08,512980,,0.727,0.763,0.727,0.762,444845809.0,331600157.0,,,sina:512980,,
2021-09-09,512980,,0.75,0.75,0.736,0.74,238019842.0,176429089.0,,,sina:512980,,
2021-09-10,512980,,0.739,0.741,0.73,0.735,174330768.0,128452142.0,,,sina:512980,,
2021-09-13,512980,,0.733,0.754,0.726,0.744,181676956.0,135086059.0,,,sina:512980,,
2021-09-14,512980,,0.742,0.747,0.727,0.729,135323400.0,99744290.0,,,sina:512980,,
2021-09-15,512980,,0.724,0.737,0.723,0.734,85266900.0,62443343.0,,,sina:512980,,
2021-09-16,512980,,0.734,0.742,0.721,0.723,101739440.0,74394660.0,,,sina:512980,,
2021-09-17,512980,,0.723,0.725,0.707,0.717,139922758.0,100078926.0,,,sina:512980,,
2021-09-22,512980,,0.714,0.715,0.706,0.709,85160100.0,60480830.0,,,sina:512980,,
2021-09-23,512980,,0.713,0.727,0.713,0.72,117224600.0,84528997.0,,,sina:512980,,
2021-09-24,512980,,0.721,0.73,0.719,0.721,91430374.0,66247264.0,,,sina:512980,,
2021-09-27,512980,,0.719,0.722,0.704,0.709,80978395.0,57611858.0,,,sina:512980,,
2021-09-28,512980,,0.71,0.712,0.701,0.703,77549600.0,54529269.0,,,sina:512980,,
2021-09-29,512980,,0.7,0.701,0.687,0.689,138551200.0,95822945.0,,,sina:512980,,
2021-09-30,512980,,0.689,0.701,0.689,0.697,69927043.0,48737319.0,,,sina:512980,,
2021-10-08,512980,,0.704,0.716,0.702,0.715,78964343.0,56020680.0,,,sina:512980,,
2021-10-11,512980,,0.717,0.725,0.711,0.72,88163800.0,63376604.0,,,sina:512980,,
2021-10-12,512980,,0.719,0.719,0.694,0.701,130952400.0,91955386.0,,,sina:512980,,
2021-10-13,512980,,0.699,0.705,0.695,0.704,104540000.0,73209813.0,,,sina:512980,,
2021-10-14,512980,,0.702,0.708,0.7,0.707,80994993.0,57159842.0,,,sina:512980,,
2021-10-15,512980,,0.706,0.708,0.701,0.701,55042600.0,38709791.0,,,sina:512980,,
2021-10-18,512980,,0.702,0.702,0.688,0.692,85594700.0,59136906.0,,,sina:512980,,
2021-10-19,512980,,0.691,0.697,0.688,0.695,75219093.0,52165800.0,,,sina:512980,,
2021-10-20,512980,,0.697,0.698,0.691,0.695,45025537.0,31243614.0,,,sina:512980,,
2021-10-21,512980,,0.692,0.695,0.685,0.689,134994499.0,93205009.0,,,sina:512980,,
2021-10-22,512980,,0.69,0.699,0.689,0.696,118835777.0,82681741.0,,,sina:512980,,
2021-10-25,512980,,0.694,0.696,0.687,0.69,108286412.0,74638669.0,,,sina:512980,,
2021-10-26,512980,,0.689,0.692,0.685,0.687,109099400.0,75076466.0,,,sina:512980,,
2021-10-27,512980,,0.688,0.688,0.676,0.679,265397100.0,180275528.0,,,sina:512980,,
2021-10-28,512980,,0.68,0.68,0.669,0.677,104494200.0,70391840.0,,,sina:512980,,
2021-10-29,512980,,0.678,0.7,0.675,0.697,189207700.0,131110600.0,,,sina:512980,,
2021-11-01,512980,,0.697,0.716,0.696,0.708,168147112.0,119106079.0,,,sina:512980,,
2021-11-02,512980,,0.708,0.714,0.694,0.701,87751400.0,61684812.0,,,sina:512980,,
2021-11-03,512980,,0.7,0.722,0.697,0.713,144508353.0,103117045.0,,,sina:512980,,
2021-11-04,512980,,0.713,0.724,0.71,0.724,103537900.0,74392316.0,,,sina:512980,,
2021-11-05,512980,,0.724,0.75,0.722,0.74,442611771.0,328043135.0,,,sina:512980,,
2021-11-08,512980,,0.741,0.751,0.732,0.745,127607912.0,94860332.0,,,sina:512980,,
2021-11-09,512980,,0.744,0.747,0.736,0.74,100062500.0,74158901.0,,,sina:512980,,
2021-11-10,512980,,0.743,0.755,0.739,0.746,179113705.0,133566704.0,,,sina:512980,,
2021-11-11,512980,,0.738,0.765,0.735,0.758,128563290.0,96675142.0,,,sina:512980,,
2021-11-12,512980,,0.754,0.765,0.753,0.758,104418106.0,79265160.0,,,sina:512980,,
2021-11-15,512980,,0.757,0.79,0.757,0.785,293359900.0,229450221.0,,,sina:512980,,
2021-11-16,512980,,0.783,0.803,0.78,0.791,246197981.0,195891711.0,,,sina:512980,,
2021-11-17,512980,,0.788,0.802,0.788,0.794,107577381.0,85747825.0,,,sina:512980,,
2021-11-18,512980,,0.792,0.799,0.769,0.774,169156906.0,131709026.0,,,sina:512980,,
2021-11-19,512980,,0.772,0.786,0.77,0.776,76144087.0,59235039.0,,,sina:512980,,
2021-11-22,512980,,0.774,0.782,0.769,0.774,85701800.0,66463605.0,,,sina:512980,,
2021-11-23,512980,,0.771,0.776,0.759,0.776,118164980.0,90789459.0,,,sina:512980,,
2021-11-24,512980,,0.773,0.79,0.768,0.785,84479699.0,65840891.0,,,sina:512980,,
2021-11-25,512980,,0.778,0.783,0.761,0.765,97829100.0,75340718.0,,,sina:512980,,
2021-11-26,512980,,0.759,0.765,0.754,0.755,106769499.0,80892887.0,,,sina:512980,,
2021-11-29,512980,,0.747,0.751,0.738,0.743,283595199.0,210402135.0,,,sina:512980,,
2021-11-30,512980,,0.743,0.75,0.736,0.741,124174128.0,92094920.0,,,sina:512980,,
2021-12-01,512980,,0.74,0.755,0.74,0.753,72385400.0,54113288.0,,,sina:512980,,
2021-12-02,512980,,0.747,0.75,0.737,0.737,73648800.0,54668911.0,,,sina:512980,,
2021-12-03,512980,,0.737,0.746,0.737,0.744,88882900.0,66014620.0,,,sina:512980,,
2021-12-06,512980,,0.743,0.744,0.732,0.736,89106700.0,65760081.0,,,sina:512980,,
2021-12-07,512980,,0.739,0.746,0.735,0.741,95731000.0,70778605.0,,,sina:512980,,
2021-12-08,512980,,0.741,0.758,0.735,0.755,134070517.0,100311222.0,,,sina:512980,,
2021-12-09,512980,,0.755,0.77,0.754,0.765,100164700.0,76413007.0,,,sina:512980,,
2021-12-10,512980,,0.763,0.782,0.76,0.776,132832351.0,102877951.0,,,sina:512980,,
2021-12-13,512980,,0.78,0.809,0.78,0.808,372232400.0,296986630.0,,,sina:512980,,
2021-12-14,512980,,0.805,0.82,0.799,0.811,202149900.0,164004596.0,,,sina:512980,,
2021-12-15,512980,,0.809,0.822,0.804,0.812,180766000.0,146696645.0,,,sina:512980,,
2021-12-16,512980,,0.81,0.834,0.805,0.826,159121274.0,130983719.0,,,sina:512980,,
2021-12-17,512980,,0.825,0.833,0.814,0.822,142622200.0,117409737.0,,,sina:512980,,
2021-12-20,512980,,0.818,0.827,0.793,0.796,134074200.0,107994087.0,,,sina:512980,,
2021-12-21,512980,,0.795,0.815,0.794,0.811,100206979.0,80886300.0,,,sina:512980,,
2021-12-22,512980,,0.812,0.845,0.81,0.838,156761079.0,130575578.0,,,sina:512980,,
2021-12-23,512980,,0.838,0.844,0.827,0.828,102411279.0,85241366.0,,,sina:512980,,
2021-12-24,512980,,0.828,0.842,0.821,0.832,97413825.0,81118197.0,,,sina:512980,,
2021-12-27,512980,,0.83,0.831,0.808,0.816,112048300.0,91602989.0,,,sina:512980,,
2021-12-28,512980,,0.813,0.826,0.812,0.816,115350006.0,94457670.0,,,sina:512980,,
2021-12-29,512980,,0.814,0.814,0.802,0.803,80149625.0,64707338.0,,,sina:512980,,
2021-12-30,512980,,0.803,0.849,0.802,0.844,205457076.0,171534868.0,,,sina:512980,,
2021-12-31,512980,,0.849,0.86,0.839,0.858,255138050.0,218151649.0,,,sina:512980,,
2022-01-04,512980,,0.86,0.896,0.858,0.891,195673350.0,172337125.0,,,sina:512980,,
2022-01-05,512980,,0.887,0.903,0.878,0.892,222933335.0,198124715.0,,,sina:512980,,
2022-01-06,512980,,0.887,0.887,0.865,0.879,162530949.0,142461222.0,,,sina:512980,,
2022-01-07,512980,,0.874,0.903,0.861,0.864,202376998.0,179321331.0,,,sina:512980,,
2022-01-10,512980,,0.858,0.867,0.841,0.864,156418000.0,134138819.0,,,sina:512980,,
2022-01-11,512980,,0.859,0.866,0.831,0.835,302315000.0,255457843.0,,,sina:512980,,
2022-01-12,512980,,0.836,0.849,0.83,0.843,156711150.0,131756635.0,,,sina:512980,,
2022-01-13,512980,,0.842,0.846,0.822,0.824,102047800.0,84990382.0,,,sina:512980,,
2022-01-14,512980,,0.817,0.841,0.816,0.831,143222025.0,118988640.0,,,sina:512980,,
2022-01-17,512980,,0.832,0.86,0.832,0.86,214214175.0,182591418.0,,,sina:512980,,
2022-01-18,512980,,0.859,0.865,0.838,0.842,182381801.0,155026861.0,,,sina:512980,,
2022-01-19,512980,,0.843,0.862,0.841,0.849,106186683.0,90393336.0,,,sina:512980,,
2022-01-20,512980,,0.848,0.848,0.822,0.827,156014900.0,129784744.0,,,sina:512980,,
2022-01-21,512980,,0.82,0.83,0.801,0.803,145926330.0,118360127.0,,,sina:512980,,
2022-01-24,512980,,0.797,0.809,0.795,0.804,202495000.0,162135725.0,,,sina:512980,,
2022-01-25,512980,,0.802,0.803,0.751,0.754,301352330.0,231525824.0,,,sina:512980,,
2022-01-26,512980,,0.754,0.764,0.743,0.754,159025800.0,119643424.0,,,sina:512980,,
2022-01-27,512980,,0.749,0.751,0.721,0.723,330569700.0,242971135.0,,,sina:512980,,
2022-01-28,512980,,0.726,0.738,0.721,0.727,152938100.0,111589172.0,,,sina:512980,,
2022-02-07,512980,,0.729,0.73,0.713,0.72,103097700.0,74280813.0,,,sina:512980,,
2022-02-08,512980,,0.72,0.732,0.711,0.731,179195000.0,129619965.0,,,sina:512980,,
2022-02-09,512980,,0.728,0.754,0.726,0.753,189058000.0,140065780.0,,,sina:512980,,
2022-02-10,512980,,0.75,0.763,0.741,0.762,185339769.0,140028415.0,,,sina:512980,,
2022-02-11,512980,,0.755,0.764,0.74,0.743,187986178.0,141225841.0,,,sina:512980,,
2022-02-14,512980,,0.739,0.755,0.737,0.745,124415200.0,92850063.0,,,sina:512980,,
2022-02-15,512980,,0.745,0.758,0.745,0.751,112026100.0,84076279.0,,,sina:512980,,
2022-02-16,512980,,0.755,0.758,0.749,0.754,85975600.0,64768525.0,,,sina:512980,,
2022-02-17,512980,,0.748,0.75,0.738,0.74,96271700.0,71621136.0,,,sina:512980,,
2022-02-18,512980,,0.734,0.746,0.731,0.745,76326816.0,56511136.0,,,sina:512980,,
2022-02-21,512980,,0.745,0.753,0.742,0.752,84881269.0,63549178.0,,,sina:512980,,
2022-02-22,512980,,0.743,0.743,0.712,0.718,196815569.0,141636511.0,,,sina:512980,,
2022-02-23,512980,,0.718,0.735,0.718,0.733,109178226.0,79636272.0,,,sina:512980,,
2022-02-24,512980,,0.726,0.73,0.69,0.701,192427600.0,135974591.0,,,sina:512980,,
2022-02-25,512980,,0.707,0.715,0.704,0.707,129756843.0,92053231.0,,,sina:512980,,
2022-02-28,512980,,0.704,0.706,0.691,0.704,180765700.0,125959647.0,,,sina:512980,,
2022-03-01,512980,,0.702,0.712,0.702,0.712,131710243.0,93221831.0,,,sina:512980,,
2022-03-02,512980,,0.705,0.712,0.702,0.707,134331200.0,95135185.0,,,sina:512980,,
2022-03-03,512980,,0.71,0.711,0.698,0.703,156861657.0,110159041.0,,,sina:512980,,
2022-03-04,512980,,0.696,0.708,0.694,0.701,145529800.0,101848277.0,,,sina:512980,,
2022-03-07,512980,,0.696,0.697,0.68,0.685,161114800.0,110742387.0,,,sina:512980,,
2022-03-08,512980,,0.681,0.687,0.66,0.662,203979042.0,137363032.0,,,sina:512980,,
2022-03-09,512980,,0.665,0.667,0.626,0.655,162550002.0,105981338.0,,,sina:512980,,
2022-03-10,512980,,0.667,0.672,0.657,0.658,119445018.0,79322521.0,,,sina:512980,,
2022-03-11,512980,,0.649,0.671,0.645,0.667,103226092.0,67871931.0,,,sina:512980,,
2022-03-14,512980,,0.658,0.671,0.646,0.647,65213455.0,42715870.0,,,sina:512980,,
2022-03-15,512980,,0.64,0.642,0.589,0.608,126888400.0,79358944.0,,,sina:512980,,
2022-03-16,512980,,0.616,0.636,0.599,0.635,137584700.0,84797440.0,,,sina:512980,,
2022-03-17,512980,,0.643,0.67,0.643,0.657,198102200.0,130345807.0,,,sina:512980,,
2022-03-18,512980,,0.656,0.666,0.65,0.662,71870298.0,47364881.0,,,sina:512980,,
2022-03-21,512980,,0.666,0.67,0.653,0.663,61362100.0,40577826.0,,,sina:512980,,
2022-03-22,512980,,0.658,0.672,0.653,0.667,55979400.0,37162373.0,,,sina:512980,,
2022-03-23,512980,,0.67,0.675,0.664,0.67,73330400.0,49164155.0,,,sina:512980,,
2022-03-24,512980,,0.667,0.667,0.653,0.654,56392000.0,37113167.0,,,sina:512980,,
2022-03-25,512980,,0.654,0.665,0.654,0.655,49026600.0,32293770.0,,,sina:512980,,
2022-03-28,512980,,0.654,0.669,0.651,0.665,102874300.0,68197774.0,,,sina:512980,,
2022-03-29,512980,,0.665,0.667,0.653,0.656,69267029.0,45636357.0,,,sina:512980,,
2022-03-30,512980,,0.656,0.672,0.655,0.671,96451918.0,64118145.0,,,sina:512980,,
2022-03-31,512980,,0.666,0.675,0.662,0.67,75468147.0,50468033.0,,,sina:512980,,
2022-04-01,512980,,0.662,0.691,0.657,0.691,167117081.0,113829639.0,,,sina:512980,,
2022-04-06,512980,,0.689,0.7,0.686,0.693,118077281.0,81837681.0,,,sina:512980,,
2022-04-07,512980,,0.69,0.694,0.673,0.675,146029900.0,100094810.0,,,sina:512980,,
2022-04-08,512980,,0.673,0.675,0.654,0.658,109083500.0,72101281.0,,,sina:512980,,
2022-04-11,512980,,0.656,0.656,0.632,0.635,117617702.0,75803119.0,,,sina:512980,,
2022-04-12,512980,,0.653,0.657,0.635,0.653,115224900.0,74589498.0,,,sina:512980,,
2022-04-13,512980,,0.645,0.645,0.628,0.63,181179589.0,115555459.0,,,sina:512980,,
2022-04-14,512980,,0.636,0.641,0.629,0.635,124023500.0,78798740.0,,,sina:512980,,
2022-04-15,512980,,0.631,0.631,0.618,0.621,89485500.0,55762080.0,,,sina:512980,,
2022-04-18,512980,,0.616,0.618,0.603,0.616,110964100.0,67744161.0,,,sina:512980,,
2022-04-19,512980,,0.615,0.621,0.611,0.62,156966000.0,96744078.0,,,sina:512980,,
2022-04-20,512980,,0.62,0.628,0.614,0.617,97268458.0,60481593.0,,,sina:512980,,
2022-04-21,512980,,0.611,0.618,0.594,0.597,143949100.0,87190354.0,,,sina:512980,,
2022-04-22,512980,,0.593,0.596,0.582,0.589,153905517.0,90579963.0,,,sina:512980,,
2022-04-25,512980,,0.578,0.581,0.546,0.55,298874083.0,169513772.0,,,sina:512980,,
2022-04-26,512980,,0.553,0.565,0.543,0.548,151932017.0,84227783.0,,,sina:512980,,
2022-04-27,512980,,0.541,0.562,0.531,0.561,149400101.0,81244704.0,,,sina:512980,,
2022-04-28,512980,,0.554,0.557,0.541,0.55,130270900.0,71481133.0,,,sina:512980,,
2022-04-29,512980,,0.552,0.596,0.551,0.59,208151400.0,120209929.0,,,sina:512980,,
2022-05-05,512980,,0.582,0.589,0.578,0.587,124838400.0,72970580.0,,,sina:512980,,
2022-05-06,512980,,0.57,0.578,0.566,0.573,98811700.0,56391587.0,,,sina:512980,,
2022-05-09,512980,,0.569,0.584,0.569,0.58,53955900.0,31190626.0,,,sina:512980,,
2022-05-10,512980,,0.572,0.584,0.567,0.583,61179601.0,35310960.0,,,sina:512980,,
2022-05-11,512980,,0.582,0.601,0.582,0.586,132401801.0,78500069.0,,,sina:512980,,
2022-05-12,512980,,0.58,0.588,0.577,0.586,82265401.0,47925482.0,,,sina:512980,,
2022-05-13,512980,,0.588,0.59,0.581,0.588,61109700.0,35818323.0,,,sina:512980,,
2022-05-16,512980,,0.59,0.593,0.586,0.59,81830900.0,48250647.0,,,sina:512980,,
2022-05-17,512980,,0.589,0.592,0.58,0.59,73468600.0,43152347.0,,,sina:512980,,
2022-05-18,512980,,0.592,0.599,0.586,0.587,67476600.0,39950615.0,,,sina:512980,,
2022-05-19,512980,,0.575,0.586,0.575,0.585,70517901.0,40979999.0,,,sina:512980,,
2022-05-20,512980,,0.588,0.595,0.586,0.595,71964095.0,42520852.0,,,sina:512980,,
2022-05-23,512980,,0.602,0.611,0.596,0.599,106059200.0,63827654.0,,,sina:512980,,
2022-05-24,512980,,0.598,0.602,0.576,0.577,104475400.0,61701809.0,,,sina:512980,,
2022-05-25,512980,,0.576,0.601,0.572,0.6,141208253.0,83200665.0,,,sina:512980,,
2022-05-26,512980,,0.6,0.61,0.592,0.606,138466653.0,83386536.0,,,sina:512980,,
2022-05-27,512980,,0.608,0.611,0.594,0.601,94971600.0,57289994.0,,,sina:512980,,
2022-05-30,512980,,0.602,0.604,0.596,0.603,109262900.0,65645955.0,,,sina:512980,,
2022-05-31,512980,,0.601,0.617,0.598,0.614,148103064.0,90144384.0,,,sina:512980,,
2022-06-01,512980,,0.614,0.622,0.61,0.615,95403208.0,58770682.0,,,sina:512980,,
2022-06-02,512980,,0.613,0.616,0.606,0.615,82139400.0,50086633.0,,,sina:512980,,
2022-06-06,512980,,0.614,0.627,0.612,0.626,104009132.0,64677568.0,,,sina:512980,,
2022-06-07,512980,,0.626,0.631,0.62,0.624,100488200.0,62893647.0,,,sina:512980,,
2022-06-08,512980,,0.631,0.635,0.614,0.629,184694248.0,115523465.0,,,sina:512980,,
2022-06-09,512980,,0.625,0.631,0.618,0.621,97485100.0,60888695.0,,,sina:512980,,
2022-06-10,512980,,0.617,0.63,0.613,0.629,73746200.0,45947958.0,,,sina:512980,,
2022-06-13,512980,,0.623,0.626,0.613,0.621,76245500.0,47170434.0,,,sina:512980,,
2022-06-14,512980,,0.613,0.621,0.6,0.62,75903800.0,46246586.0,,,sina:512980,,
2022-06-15,512980,,0.618,0.635,0.618,0.626,105749000.0,66196709.0,,,sina:512980,,
2022-06-16,512980,,0.625,0.649,0.624,0.645,146015548.0,93520040.0,,,sina:512980,,
2022-06-17,512980,,0.645,0.645,0.624,0.635,149756183.0,95049833.0,,,sina:512980,,
2022-06-20,512980,,0.635,0.642,0.631,0.641,81159178.0,51725849.0,,,sina:512980,,
2022-06-21,512980,,0.639,0.649,0.636,0.646,150165000.0,96610954.0,,,sina:512980,,
2022-06-22,512980,,0.646,0.648,0.623,0.625,98381900.0,62135625.0,,,sina:512980,,
2022-06-23,512980,,0.624,0.631,0.616,0.628,88892601.0,55431005.0,,,sina:512980,,
2022-06-24,512980,,0.629,0.635,0.626,0.63,101687444.0,64211799.0,,,sina:512980,,
2022-06-27,512980,,0.631,0.646,0.631,0.639,129679460.0,83166240.0,,,sina:512980,,
2022-06-28,512980,传媒ETF,0.639,0.645,0.63,0.644,77135300.0,49328024.349999994,,,,,
2022-06-29,512980,传媒ETF,0.641,0.649,0.633,0.635,144744200.0,92563915.89999999,,,,,
2022-06-30,512980,传媒ETF,0.637,0.649,0.637,0.643,145974100.0,93642385.14999999,,,,,
2022-07-01,512980,传媒ETF,0.643,0.644,0.631,0.632,90067900.0,57418286.24999999,,,,,
2022-07-04,512980,传媒ETF,0.631,0.633,0.626,0.632,120945900.0,76256389.94999999,,,,,
2022-07-05,512980,传媒ETF,0.632,0.634,0.616,0.623,195304700.0,122309568.375,,,,,
2022-07-06,512980,传媒ETF,0.621,0.621,0.606,0.612,110515300.0,67966909.5,,,,,
2022-07-07,512980,传媒ETF,0.61,0.613,0.607,0.609,132825700.0,80990470.575,,,,,
2022-07-08,512980,传媒ETF,0.61,0.623,0.61,0.616,144852200.0,89047889.95,,,,,
2022-07-11,512980,传媒ETF,0.615,0.615,0.602,0.606,98248900.0,59882704.550000004,,,,,
2022-07-12,512980,传媒ETF,0.604,0.607,0.6,0.601,62779000.0,37855737.0,,,,,
2022-07-13,512980,传媒ETF,0.604,0.61,0.601,0.604,69948800.0,42301536.8,,,,,
2022-07-14,512980,传媒ETF,0.6,0.606,0.599,0.602,54918600.0,33047267.55,,,,,
2022-07-15,512980,传媒ETF,0.601,0.602,0.587,0.588,75989000.0,45175460.5,,,,,
2022-07-18,512980,传媒ETF,0.588,0.604,0.588,0.604,74015200.0,44113059.199999996,,,,,
2022-07-19,512980,传媒ETF,0.601,0.614,0.601,0.613,88406500.0,53684847.12499999,,,,,
2022-07-20,512980,传媒ETF,0.618,0.62,0.612,0.615,74078200.0,45650690.75000001,,,,,
2022-07-21,512980,传媒ETF,0.614,0.626,0.613,0.621,115404200.0,71377497.69999999,,,,,
2022-07-22,512980,传媒ETF,0.621,0.622,0.607,0.611,95856000.0,58975404.00000001,,,,,
2022-07-25,512980,传媒ETF,0.61,0.615,0.603,0.605,50179500.0,30521680.874999996,,,,,
2022-07-26,512980,传媒ETF,0.606,0.618,0.606,0.617,109299100.0,66863724.42499999,,,,,
2022-07-27,512980,传媒ETF,0.614,0.617,0.61,0.611,43775100.0,26834136.3,,,,,
2022-07-28,512980,传媒ETF,0.613,0.619,0.612,0.615,56683700.0,34846304.575,,,,,
2022-07-29,512980,传媒ETF,0.614,0.617,0.604,0.605,59645900.0,36383999.0,,,,,
2022-08-01,512980,传媒ETF,0.604,0.606,0.596,0.605,53501300.0,32247908.575,,,,,
2022-08-02,512980,传媒ETF,0.599,0.6,0.575,0.583,133537700.0,78687089.72500001,,,,,
2022-08-03,512980,传媒ETF,0.583,0.59,0.575,0.577,111460300.0,64786299.37500001,,,,,
2022-08-04,512980,传媒ETF,0.578,0.583,0.575,0.582,60760100.0,35210477.949999996,,,,,
2022-08-05,512980,传媒ETF,0.582,0.599,0.582,0.599,109734000.0,64797927.0,,,,,
2022-08-08,512980,传媒ETF,0.599,0.6,0.594,0.598,48131000.0,28770305.25,,,,,
2022-08-09,512980,传媒ETF,0.598,0.598,0.59,0.594,43074400.0,25629268.0,,,,,
2022-08-10,512980,传媒ETF,0.594,0.594,0.587,0.589,47665300.0,28170192.299999997,,,,,
2022-08-11,512980,传媒ETF,0.594,0.609,0.593,0.609,78335000.0,47098918.74999999,,,,,
2022-08-12,512980,传媒ETF,0.609,0.617,0.605,0.615,85540400.0,52307954.599999994,,,,,
2022-08-15,512980,传媒ETF,0.613,0.613,0.606,0.608,68379900.0,41711739.0,,,,,
2022-08-16,512980,传媒ETF,0.608,0.611,0.602,0.604,60408900.0,36622895.625,,,,,
2022-08-17,512980,传媒ETF,0.606,0.615,0.602,0.613,62706600.0,38188319.4,,,,,
2022-08-18,512980,传媒ETF,0.612,0.613,0.601,0.603,49554200.0,30091787.95,,,,,
2022-08-19,512980,传媒ETF,0.602,0.619,0.602,0.609,120827700.0,73463241.6,,,,,
2022-08-22,512980,传媒ETF,0.607,0.618,0.598,0.618,76698700.0,46805381.675,,,,,
2022-08-23,512980,传媒ETF,0.616,0.618,0.607,0.609,70641700.0,43268041.25,,,,,
2022-08-24,512980,传媒ETF,0.609,0.616,0.6,0.602,75901800.0,46053417.15,,,,,
2022-08-25,512980,传媒ETF,0.605,0.605,0.592,0.604,92047500.0,55366571.25,,,,,
2022-08-26,512980,传媒ETF,0.604,0.611,0.601,0.603,60719300.0,36719996.675,,,,,
2022-08-29,512980,传媒ETF,0.597,0.601,0.592,0.6,57611800.0,34423050.5,,,,,
2022-08-30,512980,传媒ETF,0.6,0.611,0.598,0.606,68476400.0,41342626.5,,,,,
2022-08-31,512980,传媒ETF,0.603,0.616,0.603,0.606,139123600.0,84448025.2,,,,,
2022-09-01,512980,传媒ETF,0.603,0.607,0.592,0.592,231177800.0,138359913.29999998,,,,,
2022-09-02,512980,传媒ETF,0.592,0.609,0.592,0.603,181235600.0,108560124.39999999,,,,,
2022-09-05,512980,传媒ETF,0.602,0.603,0.59,0.595,226451600.0,135304831.0,,,,,
2022-09-06,512980,传媒ETF,0.594,0.597,0.59,0.596,171079100.0,101663755.175,,,,,
2022-09-07,512980,传媒ETF,0.593,0.594,0.582,0.585,248732500.0,146379076.24999997,,,,,
2022-09-08,512980,传媒ETF,0.584,0.588,0.581,0.582,69486500.0,40562744.375,,,,,
2022-09-09,512980,传媒ETF,0.582,0.586,0.578,0.585,137278800.0,79999220.69999999,,,,,
2022-09-13,512980,传媒ETF,0.585,0.59,0.584,0.586,66625400.0,39059140.74999999,,,,,
2022-09-14,512980,传媒ETF,0.581,0.582,0.577,0.579,91247900.0,52900970.025,,,,,
2022-09-15,512980,传媒ETF,0.581,0.586,0.57,0.576,107474800.0,62147303.099999994,,,,,
2022-09-16,512980,传媒ETF,0.574,0.578,0.563,0.565,133682900.0,76199252.99999999,,,,,
2022-09-19,512980,传媒ETF,0.564,0.564,0.548,0.553,168511500.0,93903033.375,,,,,
2022-09-20,512980,传媒ETF,0.554,0.558,0.553,0.556,84413800.0,46870762.45,,,,,
2022-09-21,512980,传媒ETF,0.554,0.56,0.545,0.558,93097600.0,51599344.800000004,,,,,
2022-09-22,512980,传媒ETF,0.555,0.558,0.55,0.55,63838900.0,35318871.425000004,,,,,
2022-09-23,512980,传媒ETF,0.55,0.552,0.537,0.54,121385500.0,66124751.12500001,,,,,
2022-09-26,512980,传媒ETF,0.537,0.541,0.531,0.531,81675900.0,43696606.5,,,,,
2022-09-27,512980,传媒ETF,0.533,0.549,0.533,0.548,214114400.0,115782361.8,,,,,
2022-09-28,512980,传媒ETF,0.546,0.547,0.538,0.539,77662800.0,42132069.0,,,,,
2022-09-29,512980,传媒ETF,0.542,0.545,0.526,0.528,108976500.0,58329671.625,,,,,
2022-09-30,512980,传媒ETF,0.529,0.533,0.526,0.528,91773900.0,48548393.099999994,,,,,
2022-10-10,512980,传媒ETF,0.528,0.529,0.513,0.514,140030600.0,72955942.60000001,,,,,
2022-10-11,512980,传媒ETF,0.514,0.516,0.506,0.513,131873700.0,67552302.82500002,,,,,
2022-10-12,512980,传媒ETF,0.513,0.525,0.506,0.524,109129500.0,56419951.49999999,,,,,
2022-10-13,512980,传媒ETF,0.521,0.531,0.519,0.525,91908900.0,48160263.6,,,,,
2022-10-14,512980,传媒ETF,0.528,0.54,0.528,0.537,103830700.0,55367720.775,,,,,
2022-10-17,512980,传媒ETF,0.536,0.543,0.534,0.541,85174700.0,45866575.949999996,,,,,
2022-10-18,512980,传媒ETF,0.543,0.544,0.537,0.539,52217200.0,28236450.900000002,,,,,
2022-10-19,512980,传媒ETF,0.539,0.539,0.531,0.531,62494900.0,33434771.500000004,,,,,
2022-10-20,512980,传媒ETF,0.53,0.54,0.528,0.535,71627000.0,38195097.75,,,,,
2022-10-21,512980,传媒ETF,0.536,0.536,0.525,0.526,70054500.0,37181425.87500001,,,,,
2022-10-24,512980,传媒ETF,0.526,0.533,0.508,0.51,100482300.0,52175434.275,,,,,
2022-10-25,512980,传媒ETF,0.509,0.511,0.5,0.506,68100600.0,34492953.900000006,,,,,
2022-10-26,512980,传媒ETF,0.506,0.522,0.505,0.515,90795600.0,46487347.2,,,,,
2022-10-27,512980,传媒ETF,0.518,0.527,0.515,0.523,81991100.0,42696865.325,,,,,
2022-10-28,512980,传媒ETF,0.521,0.522,0.504,0.506,71450200.0,36671815.15,,,,,
2022-10-31,512980,传媒ETF,0.504,0.515,0.501,0.511,69617800.0,35348437.95,,,,,
2022-11-01,512980,传媒ETF,0.51,0.529,0.509,0.528,84832600.0,44028119.4,,,,,
2022-11-02,512980,传媒ETF,0.539,0.545,0.536,0.54,174815500.0,94400370.0,,,,,
2022-11-03,512980,传媒ETF,0.533,0.537,0.531,0.535,90600300.0,48380560.2,,,,,
2022-11-04,512980,传媒ETF,0.534,0.548,0.533,0.546,156975800.0,84806175.95,,,,,
2022-11-07,512980,传媒ETF,0.542,0.56,0.54,0.555,126654700.0,69565093.97500001,,,,,
2022-11-08,512980,传媒ETF,0.554,0.558,0.55,0.555,104108700.0,57702246.975,,,,,
2022-11-09,512980,传媒ETF,0.555,0.558,0.55,0.552,75784200.0,41965500.75000001,,,,,
2022-11-10,512980,传媒ETF,0.547,0.568,0.546,0.567,135338800.0,75383711.6,,,,,
2022-11-11,512980,传媒ETF,0.576,0.58,0.567,0.569,144757000.0,82945761.0,,,,,
2022-11-14,512980,传媒ETF,0.568,0.576,0.562,0.571,135742700.0,77271531.97500001,,,,,
2022-11-15,512980,传媒ETF,0.568,0.58,0.568,0.579,121670400.0,69808392.0,,,,,
2022-11-16,512980,传媒ETF,0.581,0.592,0.58,0.587,151068100.0,88374838.5,,,,,
2022-11-17,512980,传媒ETF,0.6,0.604,0.59,0.603,229897900.0,137766316.575,,,,,
2022-11-18,512980,传媒ETF,0.603,0.623,0.6,0.601,235889100.0,143125711.425,,,,,
2022-11-21,512980,传媒ETF,0.598,0.601,0.581,0.587,146355700.0,86605985.475,,,,,
2022-11-22,512980,传媒ETF,0.583,0.587,0.577,0.581,71879900.0,41834101.8,,,,,
2022-11-23,512980,传媒ETF,0.579,0.581,0.569,0.576,76726600.0,44213703.24999999,,,,,
2022-11-24,512980,传媒ETF,0.576,0.579,0.568,0.571,64579500.0,37036343.24999999,,,,,
2022-11-25,512980,传媒ETF,0.57,0.576,0.568,0.572,65870500.0,37644990.75,,,,,
2022-11-28,512980,传媒ETF,0.565,0.574,0.559,0.572,95894100.0,54419901.75,,,,,
2022-11-29,512980,传媒ETF,0.571,0.589,0.569,0.588,101151000.0,58591716.74999999,,,,,
2022-11-30,512980,传媒ETF,0.588,0.592,0.583,0.587,94937900.0,55776016.24999999,,,,,
2022-12-01,512980,传媒ETF,0.597,0.602,0.594,0.595,111321900.0,66459174.3,,,,,
2022-12-02,512980,传媒ETF,0.595,0.608,0.595,0.6,96018800.0,57563270.599999994,,,,,
2022-12-05,512980,传媒ETF,0.605,0.616,0.603,0.614,135794200.0,82766564.89999999,,,,,
2022-12-06,512980,传媒ETF,0.616,0.617,0.604,0.606,107622400.0,65730380.800000004,,,,,
2022-12-07,512980,传媒ETF,0.605,0.618,0.601,0.61,100088200.0,60903669.699999996,,,,,
2022-12-08,512980,传媒ETF,0.607,0.611,0.599,0.609,69432100.0,42110568.650000006,,,,,
2022-12-09,512980,传媒ETF,0.608,0.609,0.595,0.605,87934000.0,53134119.49999999,,,,,
2022-12-12,512980,传媒ETF,0.603,0.606,0.595,0.597,56507400.0,33918566.849999994,,,,,
2022-12-13,512980,传媒ETF,0.595,0.606,0.593,0.6,64879700.0,38830500.449999996,,,,,
2022-12-14,512980,传媒ETF,0.596,0.608,0.594,0.603,59901200.0,35955695.3,,,,,
2022-12-15,512980,传媒ETF,0.601,0.607,0.597,0.599,81662900.0,49079402.9,,,,,
2022-12-16,512980,传媒ETF,0.595,0.596,0.589,0.595,53686600.0,31876418.75,,,,,
2022-12-19,512980,传媒ETF,0.592,0.595,0.58,0.583,78461200.0,46095954.99999999,,,,,
2022-12-20,512980,传媒ETF,0.583,0.586,0.57,0.572,113808100.0,65752629.77499998,,,,,
2022-12-21,512980,传媒ETF,0.572,0.581,0.571,0.576,49558800.0,28496309.999999996,,,,,
2022-12-22,512980,传媒ETF,0.577,0.591,0.576,0.58,74678900.0,43388440.9,,,,,
2022-12-23,512980,传媒ETF,0.576,0.595,0.576,0.59,137380400.0,80264498.69999999,,,,,
2022-12-26,512980,传媒ETF,0.59,0.596,0.587,0.59,139204000.0,82234762.99999999,,,,,
2022-12-27,512980,传媒ETF,0.593,0.593,0.586,0.591,126721400.0,74860667.05,,,,,
2022-12-28,512980,传媒ETF,0.59,0.595,0.583,0.593,75208100.0,44391581.025,,,,,
2022-12-29,512980,传媒ETF,0.594,0.599,0.588,0.588,54989200.0,32567353.699999996,,,,,
2022-12-30,512980,传媒ETF,0.589,0.601,0.588,0.599,92052800.0,54702376.4,,,,,
2023-01-03,512980,传媒ETF,0.599,0.619,0.598,0.615,258083000.0,156849943.25,,,,,
2023-01-04,512980,传媒ETF,0.615,0.627,0.613,0.622,144435300.0,89441559.525,,,,,
2023-01-05,512980,传媒ETF,0.622,0.638,0.622,0.632,204684200.0,128644019.69999999,,,,,
2023-01-06,512980,传媒ETF,0.633,0.633,0.615,0.617,118940100.0,74278092.45,,,,,
2023-01-09,512980,传媒ETF,0.619,0.63,0.618,0.628,84323900.0,52597032.62499999,,,,,
2023-01-10,512980,传媒ETF,0.628,0.639,0.623,0.636,121219700.0,76550240.55,,,,,
2023-01-11,512980,传媒ETF,0.636,0.637,0.621,0.622,126701900.0,79695495.1,,,,,
2023-01-12,512980,传媒ETF,0.624,0.629,0.619,0.624,83356300.0,52014331.2,,,,,
2023-01-13,512980,传媒ETF,0.624,0.634,0.622,0.633,62304300.0,39142676.475,,,,,
2023-01-16,512980,传媒ETF,0.636,0.637,0.629,0.632,205581300.0,130235753.55,,,,,
2023-01-17,512980,传媒ETF,0.631,0.633,0.62,0.624,157939200.0,99027878.4,,,,,
2023-01-18,512980,传媒ETF,0.625,0.637,0.625,0.633,106647000.0,67187610.0,,,,,
2023-01-19,512980,传媒ETF,0.63,0.641,0.626,0.64,157570200.0,99938899.35,,,,,
2023-01-20,512980,传媒ETF,0.64,0.645,0.638,0.644,109769600.0,70444640.80000001,,,,,
2023-01-30,512980,传媒ETF,0.651,0.659,0.641,0.642,278192800.0,180338482.6,,,,,
2023-01-31,512980,传媒ETF,0.639,0.645,0.637,0.645,123300200.0,79097078.3,,,,,
2023-02-01,512980,传媒ETF,0.643,0.654,0.639,0.653,140084900.0,90669951.52500002,,,,,
2023-02-02,512980,传媒ETF,0.653,0.669,0.653,0.66,315496200.0,207833121.75000003,,,,,
2023-02-03,512980,传媒ETF,0.656,0.67,0.656,0.668,157166800.0,104123005.00000001,,,,,
2023-02-06,512980,传媒ETF,0.666,0.677,0.658,0.672,177750400.0,118781704.8,,,,,
2023-02-07,512980,传媒ETF,0.671,0.689,0.667,0.686,368344500.0,249829657.125,,,,,
2023-02-08,512980,传媒ETF,0.686,0.688,0.669,0.671,175838300.0,119306286.55,,,,,
2023-02-09,512980,传媒ETF,0.665,0.688,0.663,0.687,125257600.0,84642823.2,,,,,
2023-02-10,512980,传媒ETF,0.685,0.697,0.682,0.688,154406000.0,106231327.99999999,,,,,
2023-02-13,512980,传媒ETF,0.686,0.696,0.681,0.694,163131300.0,112438248.52499999,,,,,
2023-02-14,512980,传媒ETF,0.694,0.698,0.686,0.688,119644000.0,82733826.0,,,,,
2023-02-15,512980,传媒ETF,0.687,0.702,0.685,0.701,119560000.0,82944750.0,,,,,
2023-02-16,512980,传媒ETF,0.699,0.72,0.69,0.698,208325900.0,146192700.325,,,,,
2023-02-17,512980,传媒ETF,0.697,0.7,0.677,0.678,182504000.0,125562752.00000001,,,,,
2023-02-20,512980,传媒ETF,0.679,0.705,0.679,0.704,214064400.0,148079048.70000002,,,,,
2023-02-21,512980,传媒ETF,0.701,0.706,0.688,0.694,134082100.0,93488744.225,,,,,
2023-02-22,512980,传媒ETF,0.688,0.692,0.679,0.686,107303300.0,73636889.625,,,,,
2023-02-23,512980,传媒ETF,0.686,0.688,0.67,0.675,87914000.0,59759541.50000001,,,,,
2023-02-24,512980,传媒ETF,0.673,0.678,0.668,0.674,73762100.0,49660333.825,,,,,
2023-02-27,512980,传媒ETF,0.67,0.675,0.661,0.663,88890500.0,59312186.125,,,,,
2023-02-28,512980,传媒ETF,0.665,0.672,0.662,0.671,97736700.0,65239247.25,,,,,
2023-03-01,512980,传媒ETF,0.67,0.7,0.67,0.698,124247800.0,85047619.09999998,,,,,
2023-03-02,512980,传媒ETF,0.697,0.714,0.696,0.709,424900500.0,299129952.0,,,,,
2023-03-03,512980,传媒ETF,0.708,0.713,0.697,0.706,121606600.0,85854259.6,,,,,
2023-03-06,512980,传媒ETF,0.703,0.708,0.698,0.701,88705500.0,62315613.75,,,,,
2023-03-07,512980,传媒ETF,0.7,0.705,0.684,0.684,96868600.0,67154156.95,,,,,
2023-03-08,512980,传媒ETF,0.683,0.694,0.682,0.694,93563500.0,64395078.87499999,,,,,
2023-03-09,512980,传媒ETF,0.694,0.695,0.684,0.692,82766800.0,57212550.5,,,,,
2023-03-10,512980,传媒ETF,0.686,0.692,0.68,0.68,84402900.0,57773785.05,,,,,
2023-03-13,512980,传媒ETF,0.68,0.699,0.675,0.699,206497900.0,142122179.675,,,,,
2023-03-14,512980,传媒ETF,0.697,0.709,0.69,0.695,116425800.0,81236101.95,,,,,
2023-03-15,512980,传媒ETF,0.697,0.703,0.69,0.692,80408300.0,55923972.64999999,,,,,
2023-03-16,512980,传媒ETF,0.689,0.704,0.679,0.697,117037800.0,81019417.05,,,,,
2023-03-17,512980,传媒ETF,0.699,0.733,0.699,0.73,251574400.0,179938589.6,,,,,
2023-03-20,512980,传媒ETF,0.745,0.765,0.73,0.75,464086500.0,346904658.75,,,,,
2023-03-21,512980,传媒ETF,0.747,0.772,0.745,0.766,462448400.0,350304663.0,,,,,
2023-03-22,512980,传媒ETF,0.768,0.789,0.761,0.789,281073500.0,218323841.125,,,,,
2023-03-23,512980,传媒ETF,0.783,0.79,0.775,0.787,208580900.0,163475280.375,,,,,
2023-03-24,512980,传媒ETF,0.784,0.82,0.784,0.82,447645900.0,359012011.8,,,,,
2023-03-27,512980,传媒ETF,0.816,0.839,0.804,0.828,343966800.0,282654717.9,,,,,
2023-03-28,512980,传媒ETF,0.818,0.833,0.808,0.814,269111000.0,220200075.74999997,,,,,
2023-03-29,512980,传媒ETF,0.808,0.823,0.795,0.806,259678700.0,209820389.60000002,,,,,
2023-03-30,512980,传媒ETF,0.801,0.81,0.787,0.799,143672400.0,114830165.7,,,,,
2023-03-31,512980,传媒ETF,0.793,0.847,0.791,0.846,323635100.0,265138055.67499998,,,,,
2023-04-03,512980,传媒ETF,0.838,0.893,0.835,0.887,525111900.0,453302847.675,,,,,
2023-04-04,512980,传媒ETF,0.88,0.905,0.875,0.882,512658200.0,453958836.09999996,,,,,
2023-04-06,512980,传媒ETF,0.86,0.871,0.842,0.858,469147800.0,402411525.45,,,,,
2023-04-07,512980,传媒ETF,0.854,0.897,0.845,0.89,391322900.0,341037907.34999996,,,,,
2023-04-10,512980,传媒ETF,0.888,0.896,0.838,0.843,306229400.0,265271217.75,,,,,
2023-04-11,512980,传媒ETF,0.841,0.907,0.841,0.89,363273800.0,315957387.55,,,,,
2023-04-12,512980,传媒ETF,0.887,0.941,0.88,0.939,444858400.0,405599646.2,,,,,
2023-04-13,512980,传媒ETF,0.933,0.954,0.916,0.92,390081700.0,363068542.27500004,,,,,
2023-04-14,512980,传媒ETF,0.911,0.93,0.875,0.898,461774100.0,417212899.35,,,,,
2023-04-17,512980,传媒ETF,0.888,0.89,0.86,0.863,409398200.0,358325774.55,,,,,
2023-04-18,512980,传媒ETF,0.86,0.873,0.838,0.87,315311900.0,271247061.97499996,,,,,
2023-04-19,512980,传媒ETF,0.86,0.894,0.859,0.871,349835900.0,304707068.9,,,,,
2023-04-20,512980,传媒ETF,0.868,0.924,0.867,0.922,357331700.0,319901204.425,,,,,
2023-04-21,512980,传媒ETF,0.922,0.934,0.874,0.876,373688300.0,336880002.45000005,,,,,
2023-04-24,512980,传媒ETF,0.868,0.925,0.868,0.909,523627600.0,467337633.0,,,,,
2023-04-25,512980,传媒ETF,0.905,0.94,0.893,0.933,449933900.0,412926836.725,,,,,
2023-04-26,512980,传媒ETF,0.922,0.952,0.887,0.922,400700700.0,368945169.52500004,,,,,
2023-04-27,512980,传媒ETF,0.908,0.923,0.864,0.88,322803800.0,288505896.25,,,,,
2023-04-28,512980,传媒ETF,0.871,0.968,0.871,0.961,459866700.0,422042663.92499995,,,,,
2023-05-04,512980,传媒ETF,0.975,1.028,0.968,1.019,495869100.0,494629427.25,,,,,
2023-05-05,512980,传媒ETF,1.004,1.016,0.98,0.992,318141200.0,317504917.6,,,,,
2023-05-08,512980,传媒ETF,0.974,1.001,0.955,0.984,346270500.0,338825684.25,,,,,
2023-05-09,512980,传媒ETF,0.97,1.0,0.953,0.956,280796200.0,272302114.95,,,,,
2023-05-10,512980,传媒ETF,0.946,0.975,0.923,0.946,325207900.0,308134485.25,,,,,
2023-05-11,512980,传媒ETF,0.947,0.989,0.945,0.966,304844200.0,293183909.34999996,,,,,
2023-05-12,512980,传媒ETF,0.954,0.966,0.916,0.917,255322900.0,239556710.92499998,,,,,
2023-05-15,512980,传媒ETF,0.92,0.93,0.876,0.902,327792900.0,297308160.3,,,,,
2023-05-16,512980,传媒ETF,0.901,0.911,0.863,0.866,302347900.0,267653478.475,,,,,
2023-05-17,512980,传媒ETF,0.853,0.889,0.853,0.872,230900200.0,200132748.34999996,,,,,
2023-05-18,512980,传媒ETF,0.868,0.902,0.86,0.898,221416700.0,195289529.4,,,,,
2023-05-19,512980,传媒ETF,0.893,0.907,0.873,0.877,181991400.0,161517367.5,,,,,
2023-05-22,512980,传媒ETF,0.868,0.878,0.844,0.859,285089800.0,245818680.04999998,,,,,
2023-05-23,512980,传媒ETF,0.86,0.866,0.842,0.843,245256900.0,209142821.475,,,,,
2023-05-24,512980,传媒ETF,0.838,0.856,0.827,0.85,269158000.0,226832904.5,,,,,
2023-05-25,512980,传媒ETF,0.845,0.857,0.807,0.828,202175700.0,168665077.72500002,,,,,
2023-05-26,512980,传媒ETF,0.823,0.851,0.819,0.848,290741700.0,242842004.92499998,,,,,
2023-05-29,512980,传媒ETF,0.849,0.878,0.841,0.86,280256200.0,240179563.4,,,,,
2023-05-30,512980,传媒ETF,0.851,0.904,0.835,0.9,338332300.0,295194931.75,,,,,
2023-05-31,512980,传媒ETF,0.895,0.922,0.895,0.913,415972100.0,376974715.625,,,,,
2023-06-01,512980,传媒ETF,0.904,0.955,0.902,0.934,560050900.0,517347018.87500006,,,,,
2023-06-02,512980,传媒ETF,0.938,0.949,0.928,0.934,315211200.0,295431697.2,,,,,
2023-06-05,512980,传媒ETF,0.929,0.959,0.925,0.954,232043100.0,218526589.425,,,,,
2023-06-06,512980,传媒ETF,0.95,0.968,0.92,0.927,274652300.0,258516477.37499997,,,,,
2023-06-07,512980,传媒ETF,0.921,0.946,0.912,0.936,184651300.0,171494894.875,,,,,
2023-06-08,512980,传媒ETF,0.929,0.934,0.9,0.917,210585400.0,193738568.0,,,,,
2023-06-09,512980,传媒ETF,0.91,0.957,0.908,0.955,326456100.0,304420313.25,,,,,
2023-06-12,512980,传媒ETF,0.95,0.963,0.943,0.948,244166000.0,232201866.0,,,,,
2023-06-13,512980,传媒ETF,0.945,0.985,0.945,0.979,311294400.0,299932154.4,,,,,
2023-06-14,512980,传媒ETF,0.974,1.011,0.973,0.992,352004800.0,347604740.0,,,,,
2023-06-15,512980,传媒ETF,0.994,1.015,0.981,0.986,284250400.0,282544897.6,,,,,
2023-06-16,512980,传媒ETF,0.974,1.014,0.967,1.005,241877000.0,239458230.0,,,,,
2023-06-19,512980,传媒ETF,1.004,1.016,0.995,1.012,251956000.0,253656703.0,,,,,
2023-06-20,512980,传媒ETF,1.011,1.035,1.0,1.019,241179400.0,245098565.24999997,,,,,
2023-06-21,512980,传媒ETF,1.005,1.009,0.94,0.941,437649800.0,426161492.74999994,,,,,
2023-06-26,512980,传媒ETF,0.923,0.942,0.884,0.89,332284000.0,302295369.0,,,,,
2023-06-27,512980,传媒ETF,0.89,0.914,0.883,0.9,192526500.0,172648138.875,,,,,
2023-06-28,512980,传媒ETF,0.889,0.899,0.856,0.888,254157300.0,224420895.9,,,,,
2023-06-29,512980,传媒ETF,0.881,0.908,0.881,0.9,266040400.0,237441057.00000003,,,,,
2023-06-30,512980,传媒ETF,0.901,0.906,0.883,0.894,295697200.0,264944691.20000002,,,,,
2023-07-03,512980,传媒ETF,0.895,0.899,0.845,0.86,280860700.0,245682897.325,,,,,
2023-07-04,512980,传媒ETF,0.855,0.869,0.855,0.867,167629900.0,144413158.85,,,,,
2023-07-05,512980,传媒ETF,0.863,0.87,0.853,0.854,237779100.0,204490026.00000003,,,,,
2023-07-06,512980,传媒ETF,0.854,0.88,0.851,0.859,214026800.0,184277074.8,,,,,
2023-07-07,512980,传媒ETF,0.854,0.86,0.828,0.852,176182700.0,149491020.95,,,,,
2023-07-10,512980,传媒ETF,0.852,0.863,0.845,0.863,125356500.0,107273824.875,,,,,
2023-07-11,512980,传媒ETF,0.861,0.867,0.846,0.855,161214400.0,138201044.4,,,,,
2023-07-12,512980,传媒ETF,0.853,0.862,0.833,0.836,147958600.0,125172975.60000001,,,,,
2023-07-13,512980,传媒ETF,0.836,0.868,0.834,0.866,216614900.0,184339279.9,,,,,
2023-07-14,512980,传媒ETF,0.869,0.89,0.868,0.879,171341500.0,150180824.75,,,,,
2023-07-17,512980,传媒ETF,0.874,0.876,0.855,0.858,169661000.0,146884010.75,,,,,
2023-07-18,512980,传媒ETF,0.859,0.862,0.844,0.846,204479000.0,174369467.25,,,,,
2023-07-19,512980,传媒ETF,0.847,0.862,0.844,0.857,142123200.0,121160027.99999999,,,,,
2023-07-20,512980,传媒ETF,0.853,0.855,0.834,0.837,121309800.0,102476453.55,,,,,
2023-07-21,512980,传媒ETF,0.832,0.844,0.825,0.833,128517600.0,107119419.6,,,,,
2023-07-24,512980,传媒ETF,0.828,0.846,0.824,0.831,111697600.0,92960327.6,,,,,
2023-07-25,512980,传媒ETF,0.835,0.852,0.832,0.842,168081200.0,141230228.29999998,,,,,
2023-07-26,512980,传媒ETF,0.843,0.843,0.813,0.819,210006900.0,174200723.54999998,,,,,
2023-07-27,512980,传媒ETF,0.817,0.825,0.807,0.808,227623600.0,185342516.3,,,,,
2023-07-28,512980,传媒ETF,0.805,0.811,0.798,0.806,167070700.0,134491913.5,,,,,
2023-07-31,512980,传媒ETF,0.809,0.839,0.8,0.831,298145900.0,244405101.525,,,,,
2023-08-01,512980,传媒ETF,0.824,0.833,0.817,0.829,172121400.0,142129246.05,,,,,
2023-08-02,512980,传媒ETF,0.826,0.828,0.816,0.827,132749300.0,109418610.52499999,,,,,
2023-08-03,512980,传媒ETF,0.82,0.829,0.816,0.819,127319600.0,104529391.6,,,,,
2023-08-04,512980,传媒ETF,0.821,0.845,0.819,0.841,277815400.0,231003505.09999996,,,,,
2023-08-07,512980,传媒ETF,0.843,0.862,0.84,0.851,464042600.0,393972167.4,,,,,
2023-08-08,512980,传媒ETF,0.85,0.865,0.846,0.852,377644700.0,322225340.27500004,,,,,
2023-08-09,512980,传媒ETF,0.846,0.851,0.821,0.822,368628000.0,307804380.0,,,,,
2023-08-10,512980,传媒ETF,0.822,0.836,0.82,0.825,243663200.0,201204887.39999998,,,,,
2023-08-11,512980,传媒ETF,0.825,0.837,0.812,0.813,203160000.0,166946730.0,,,,,
2023-08-14,512980,传媒ETF,0.808,0.841,0.802,0.839,229492700.0,188757745.75,,,,,
2023-08-15,512980,传媒ETF,0.841,0.842,0.81,0.817,184140200.0,152376015.5,,,,,
2023-08-16,512980,传媒ETF,0.813,0.818,0.796,0.801,164916600.0,133087696.19999999,,,,,
2023-08-17,512980,传媒ETF,0.797,0.813,0.793,0.81,143853100.0,115550002.575,,,,,
2023-08-18,512980,传媒ETF,0.808,0.814,0.783,0.784,172033900.0,137154026.775,,,,,
2023-08-21,512980,传媒ETF,0.783,0.799,0.779,0.78,167083500.0,131202318.375,,,,,
2023-08-22,512980,传媒ETF,0.784,0.808,0.778,0.806,258823200.0,205505620.8,,,,,
2023-08-23,512980,传媒ETF,0.801,0.807,0.793,0.794,158237100.0,126391883.62500001,,,,,
2023-08-24,512980,传媒ETF,0.798,0.826,0.797,0.807,353458100.0,285240686.70000005,,,,,
2023-08-25,512980,传媒ETF,0.8,0.806,0.778,0.784,186643000.0,147821256.0,,,,,
2023-08-28,512980,传媒ETF,0.836,0.84,0.795,0.799,242605000.0,198329587.5,,,,,
2023-08-29,512980,传媒ETF,0.795,0.831,0.793,0.829,292180800.0,237250809.60000002,,,,,
2023-08-30,512980,传媒ETF,0.829,0.849,0.826,0.845,413043900.0,345821005.275,,,,,
2023-08-31,512980,传媒ETF,0.84,0.844,0.827,0.832,191318300.0,159894269.225,,,,,
2023-09-01,512980,传媒ETF,0.832,0.833,0.817,0.822,197449100.0,163092956.60000002,,,,,
2023-09-04,512980,传媒ETF,0.822,0.826,0.812,0.825,190371600.0,156342676.5,,,,,
2023-09-05,512980,传媒ETF,0.824,0.824,0.804,0.807,185640300.0,151250434.425,,,,,
2023-09-06,512980,传媒ETF,0.803,0.803,0.788,0.795,150091800.0,119660687.55,,,,,
2023-09-07,512980,传媒ETF,0.792,0.801,0.782,0.785,292655500.0,231197845.0,,,,,
2023-09-08,512980,传媒ETF,0.779,0.782,0.759,0.765,362787800.0,279800090.75,,,,,
2023-09-11,512980,传媒ETF,0.765,0.789,0.765,0.781,238969200.0,185201130.0,,,,,
2023-09-12,512980,传媒ETF,0.777,0.779,0.769,0.771,127212900.0,98462784.60000001,,,,,
2023-09-13,512980,传媒ETF,0.771,0.771,0.754,0.76,221179500.0,168981138.0,,,,,
2023-09-14,512980,传媒ETF,0.76,0.76,0.749,0.755,178578200.0,135005119.20000002,,,,,
2023-09-15,512980,传媒ETF,0.757,0.762,0.747,0.752,120195300.0,90687353.85,,,,,
2023-09-18,512980,传媒ETF,0.748,0.758,0.744,0.755,150381300.0,112973951.625,,,,,
2023-09-19,512980,传媒ETF,0.754,0.754,0.74,0.743,120859400.0,90372616.35,,,,,
2023-09-20,512980,传媒ETF,0.742,0.748,0.736,0.737,116597100.0,86369301.825,,,,,
2023-09-21,512980,传媒ETF,0.738,0.74,0.729,0.731,127963700.0,93989337.64999999,,,,,
2023-09-22,512980,传媒ETF,0.73,0.765,0.729,0.765,208437100.0,155754622.97500002,,,,,
2023-09-25,512980,传媒ETF,0.761,0.768,0.756,0.76,132591700.0,100935431.625,,,,,
2023-09-26,512980,传媒ETF,0.76,0.777,0.757,0.77,135399400.0,103715940.4,,,,,
2023-09-27,512980,传媒ETF,0.767,0.779,0.766,0.775,139682000.0,107799583.5,,,,,
2023-09-28,512980,传媒ETF,0.776,0.778,0.769,0.771,120817900.0,93452645.65,,,,,
2023-10-09,512980,传媒ETF,0.769,0.769,0.752,0.76,108609800.0,82814972.5,,,,,
2023-10-10,512980,传媒ETF,0.76,0.768,0.758,0.761,82395900.0,62765076.824999996,,,,,
2023-10-11,512980,传媒ETF,0.761,0.779,0.757,0.769,142295200.0,109069270.80000001,,,,,
2023-10-12,512980,传媒ETF,0.769,0.772,0.755,0.76,95034500.0,72606358.0,,,,,
2023-10-13,512980,传媒ETF,0.755,0.756,0.742,0.744,120600100.0,90359624.925,,,,,
2023-10-16,512980,传媒ETF,0.744,0.747,0.732,0.736,121074700.0,89565009.32499999,,,,,
2023-10-17,512980,传媒ETF,0.736,0.738,0.728,0.736,103215400.0,75811711.3,,,,,
2023-10-18,512980,传媒ETF,0.734,0.735,0.717,0.719,120759000.0,87701223.75,,,,,
2023-10-19,512980,传媒ETF,0.717,0.725,0.715,0.716,172572500.0,123950198.12499999,,,,,
2023-10-20,512980,传媒ETF,0.714,0.716,0.698,0.7,134469500.0,95069936.5,,,,,
2023-10-23,512980,传媒ETF,0.694,0.699,0.676,0.68,136461800.0,93783372.05,,,,,
2023-10-24,512980,传媒ETF,0.683,0.701,0.683,0.696,145792400.0,100706100.3,,,,,
2023-10-25,512980,传媒ETF,0.7,0.705,0.691,0.698,129912400.0,90743811.39999999,,,,,
2023-10-26,512980,传媒ETF,0.69,0.696,0.684,0.694,108122800.0,74712854.80000001,,,,,
2023-10-27,512980,传媒ETF,0.696,0.707,0.69,0.707,128801900.0,90161330.0,,,,,
2023-10-30,512980,传媒ETF,0.706,0.717,0.701,0.715,150688800.0,106951375.8,,,,,
2023-10-31,512980,传媒ETF,0.72,0.728,0.711,0.717,143128600.0,102909463.39999999,,,,,
2023-11-01,512980,传媒ETF,0.712,0.738,0.711,0.72,153152500.0,110308088.12499999,,,,,
2023-11-02,512980,传媒ETF,0.721,0.745,0.72,0.734,198982600.0,145257298.0,,,,,
2023-11-03,512980,传媒ETF,0.732,0.741,0.722,0.735,146996300.0,107674789.75,,,,,
2023-11-06,512980,传媒ETF,0.74,0.773,0.74,0.771,294964100.0,222992859.6,,,,,
2023-11-07,512980,传媒ETF,0.772,0.778,0.764,0.774,245912200.0,189844218.4,,,,,
2023-11-08,512980,传媒ETF,0.769,0.806,0.767,0.798,310689300.0,243891100.5,,,,,
2023-11-09,512980,传媒ETF,0.796,0.798,0.78,0.784,210606300.0,166273673.85000002,,,,,
2023-11-10,512980,传媒ETF,0.78,0.784,0.767,0.769,206983200.0,160411980.0,,,,,
2023-11-13,512980,传媒ETF,0.773,0.788,0.773,0.779,183868300.0,143095504.475,,,,,
2023-11-14,512980,传媒ETF,0.777,0.783,0.774,0.782,128630200.0,100202925.8,,,,,
2023-11-15,512980,传媒ETF,0.789,0.793,0.771,0.775,145370400.0,113679652.8,,,,,
2023-11-16,512980,传媒ETF,0.773,0.786,0.766,0.779,162316200.0,125957371.2,,,,,
2023-11-17,512980,传媒ETF,0.776,0.788,0.775,0.785,162877100.0,127207015.10000001,,,,,
2023-11-20,512980,传媒ETF,0.782,0.797,0.78,0.794,167268200.0,131849158.65000002,,,,,
2023-11-21,512980,传媒ETF,0.796,0.815,0.796,0.803,229617700.0,184268204.25,,,,,
2023-11-22,512980,传媒ETF,0.8,0.813,0.796,0.804,237022200.0,190388082.15,,,,,
2023-11-23,512980,传媒ETF,0.8,0.8,0.781,0.789,175323400.0,138943794.50000003,,,,,
2023-11-24,512980,传媒ETF,0.787,0.796,0.773,0.777,232902900.0,182421196.425,,,,,
2023-11-27,512980,传媒ETF,0.773,0.773,0.758,0.761,146393000.0,112173636.25,,,,,
2023-11-28,512980,传媒ETF,0.759,0.766,0.752,0.765,114367800.0,86976711.89999999,,,,,
2023-11-29,512980,传媒ETF,0.764,0.765,0.754,0.757,85071200.0,64654112.0,,,,,
2023-11-30,512980,传媒ETF,0.754,0.76,0.747,0.754,97695300.0,73637832.37499999,,,,,
2023-12-01,512980,传媒ETF,0.751,0.793,0.751,0.79,202334600.0,156050560.25,,,,,
2023-12-04,512980,传媒ETF,0.79,0.804,0.786,0.792,216403500.0,171607975.5,,,,,
2023-12-05,512980,传媒ETF,0.788,0.791,0.768,0.77,170866700.0,133147875.975,,,,,
2023-12-06,512980,传媒ETF,0.764,0.799,0.756,0.788,209030200.0,162364207.85000002,,,,,
2023-12-07,512980,传媒ETF,0.79,0.808,0.79,0.803,436022300.0,347836789.825,,,,,
2023-12-08,512980,传媒ETF,0.8,0.809,0.788,0.798,249800300.0,199527989.62500003,,,,,
2023-12-11,512980,传媒ETF,0.795,0.824,0.791,0.822,257384900.0,207966999.2,,,,,
2023-12-12,512980,传媒ETF,0.823,0.837,0.816,0.819,231319200.0,190549191.0,,,,,
2023-12-13,512980,传媒ETF,0.818,0.829,0.811,0.812,338947700.0,277089744.74999994,,,,,
2023-12-14,512980,传媒ETF,0.814,0.826,0.805,0.808,243142800.0,197735882.1,,,,,
2023-12-15,512980,传媒ETF,0.806,0.821,0.793,0.81,230397800.0,186046223.50000003,,,,,
2023-12-18,512980,传媒ETF,0.809,0.81,0.787,0.79,220151100.0,175900728.9,,,,,
2023-12-19,512980,传媒ETF,0.785,0.804,0.785,0.802,212045000.0,168363730.0,,,,,
2023-12-20,512980,传媒ETF,0.802,0.803,0.772,0.773,230194500.0,181278168.75000003,,,,,
2023-12-21,512980,传媒ETF,0.765,0.788,0.765,0.783,237904500.0,184435463.62500003,,,,,
2023-12-22,512980,传媒ETF,0.78,0.781,0.705,0.71,629220100.0,468139754.4,,,,,
2023-12-25,512980,传媒ETF,0.706,0.713,0.69,0.707,642670800.0,452440243.2,,,,,
2023-12-26,512980,传媒ETF,0.708,0.714,0.693,0.699,202293700.0,142313617.95,,,,,
2023-12-27,512980,传媒ETF,0.703,0.708,0.688,0.691,151435600.0,105626331.0,,,,,
2023-12-28,512980,传媒ETF,0.685,0.704,0.68,0.701,171134800.0,118510849.0,,,,,
2023-12-29,512980,传媒ETF,0.7,0.727,0.699,0.722,254814400.0,181427852.79999998,,,,,
2024-01-02,512980,传媒ETF,0.726,0.738,0.717,0.717,181090100.0,131199777.45,,,,,
2024-01-03,512980,传媒ETF,0.715,0.733,0.705,0.725,173338500.0,124717050.75,,,,,
2024-01-04,512980,传媒ETF,0.721,0.722,0.706,0.718,153263900.0,109851900.325,,,,,
2024-01-05,512980,传媒ETF,0.714,0.716,0.697,0.7,121279500.0,85714286.625,,,,,
2024-01-08,512980,传媒ETF,0.701,0.704,0.692,0.692,123942100.0,86418629.225,,,,,
2024-01-09,512980,传媒ETF,0.695,0.702,0.685,0.692,128862500.0,89366143.75,,,,,
2024-01-10,512980,传媒ETF,0.685,0.69,0.673,0.673,118999700.0,80949545.925,,,,,
2024-01-11,512980,传媒ETF,0.673,0.698,0.672,0.696,123000300.0,84224455.42500001,,,,,
2024-01-12,512980,传媒ETF,0.691,0.696,0.68,0.681,105352400.0,72377098.8,,,,,
2024-01-15,512980,传媒ETF,0.679,0.69,0.675,0.682,114159400.0,77799631.1,,,,,
2024-01-16,512980,传媒ETF,0.678,0.681,0.666,0.676,110017100.0,74289046.775,,,,,
2024-01-17,512980,传媒ETF,0.674,0.676,0.658,0.658,113054200.0,75350624.3,,,,,
2024-01-18,512980,传媒ETF,0.656,0.673,0.645,0.671,150650200.0,99617444.75,,,,,
2024-01-19,512980,传媒ETF,0.668,0.688,0.667,0.676,153031100.0,103257734.725,,,,,
2024-01-22,512980,传媒ETF,0.674,0.677,0.627,0.638,193184400.0,126342597.60000001,,,,,
2024-01-23,512980,传媒ETF,0.63,0.665,0.626,0.658,168069000.0,108362487.75000001,,,,,
2024-01-24,512980,传媒ETF,0.66,0.669,0.645,0.668,152196000.0,100525458.00000001,,,,,
2024-01-25,512980,传媒ETF,0.667,0.691,0.657,0.69,204697100.0,138426413.875,,,,,
2024-01-26,512980,传媒ETF,0.69,0.704,0.678,0.682,219329200.0,151008154.2,,,,,
2024-01-29,512980,传媒ETF,0.681,0.686,0.663,0.667,191350000.0,129017737.5,,,,,
2024-01-30,512980,传媒ETF,0.663,0.666,0.642,0.644,141357600.0,92412530.99999999,,,,,
2024-01-31,512980,传媒ETF,0.64,0.654,0.623,0.624,231638900.0,147148611.22500002,,,,,
2024-02-01,512980,传媒ETF,0.615,0.64,0.606,0.624,252460100.0,156840837.125,,,,,
2024-02-02,512980,传媒ETF,0.624,0.646,0.595,0.616,213695000.0,132544323.75,,,,,
2024-02-05,512980,传媒ETF,0.607,0.607,0.564,0.58,297567100.0,175415805.45,,,,,
2024-02-06,512980,传媒ETF,0.569,0.626,0.564,0.621,198704500.0,118229177.5,,,,,
2024-02-07,512980,传媒ETF,0.617,0.645,0.616,0.637,149840000.0,94211900.0,,,,,
2024-02-08,512980,传媒ETF,0.639,0.664,0.638,0.656,114801300.0,74534744.025,,,,,
2024-02-19,512980,传媒ETF,0.696,0.697,0.671,0.694,303172100.0,209037162.95,,,,,
2024-02-20,512980,传媒ETF,0.69,0.701,0.678,0.692,191622000.0,132267085.49999999,,,,,
2024-02-21,512980,传媒ETF,0.682,0.71,0.678,0.691,191398900.0,132113090.72500001,,,,,
2024-02-22,512980,传媒ETF,0.694,0.707,0.69,0.703,146083700.0,102039464.44999999,,,,,
2024-02-23,512980,传媒ETF,0.702,0.721,0.694,0.72,186527300.0,132294487.52499999,,,,,
2024-02-26,512980,传媒ETF,0.713,0.721,0.703,0.71,140033700.0,99668985.975,,,,,
2024-02-27,512980,传媒ETF,0.706,0.74,0.705,0.739,201482900.0,145571395.24999997,,,,,
2024-02-28,512980,传媒ETF,0.739,0.756,0.704,0.706,368528900.0,267644113.62499994,,,,,
2024-02-29,512980,传媒ETF,0.7,0.735,0.695,0.733,204273300.0,146208614.47499996,,,,,
2024-03-01,512980,传媒ETF,0.733,0.749,0.727,0.745,170587900.0,125979164.14999999,,,,,
2024-03-04,512980,传媒ETF,0.745,0.758,0.731,0.755,185490500.0,138607776.125,,,,,
2024-03-05,512980,传媒ETF,0.748,0.759,0.738,0.745,117228900.0,87628602.75,,,,,
2024-03-06,512980,传媒ETF,0.736,0.749,0.731,0.735,114244500.0,84283879.875,,,,,
2024-03-07,512980,传媒ETF,0.736,0.745,0.713,0.714,167980600.0,122121896.2,,,,,
2024-03-08,512980,传媒ETF,0.714,0.73,0.712,0.728,119364900.0,86062092.89999999,,,,,
2024-03-11,512980,传媒ETF,0.725,0.741,0.72,0.74,215137700.0,157373227.55,,,,,
2024-03-12,512980,传媒ETF,0.738,0.751,0.738,0.744,121458600.0,90213375.15,,,,,
2024-03-13,512980,传媒ETF,0.747,0.773,0.743,0.768,280407700.0,212478934.675,,,,,
2024-03-14,512980,传媒ETF,0.759,0.759,0.735,0.747,174111200.0,130583400.0,,,,,
2024-03-15,512980,传媒ETF,0.743,0.749,0.734,0.748,136880600.0,101770726.10000001,,,,,
2024-03-18,512980,传媒ETF,0.75,0.771,0.746,0.771,118358300.0,89893128.85,,,,,
2024-03-19,512980,传媒ETF,0.765,0.78,0.761,0.762,164342600.0,126050774.20000002,,,,,
2024-03-20,512980,传媒ETF,0.761,0.791,0.757,0.789,208088700.0,161164698.15,,,,,
2024-03-21,512980,传媒ETF,0.802,0.812,0.795,0.796,313053800.0,250834357.25,,,,,
2024-03-22,512980,传媒ETF,0.791,0.82,0.78,0.81,363362400.0,290780760.59999996,,,,,
2024-03-25,512980,传媒ETF,0.811,0.815,0.771,0.774,300025200.0,237844977.29999998,,,,,
2024-03-26,512980,传媒ETF,0.768,0.776,0.747,0.754,266240100.0,202675276.125,,,,,
2024-03-27,512980,传媒ETF,0.751,0.757,0.724,0.725,290614500.0,214836769.125,,,,,
2024-03-28,512980,传媒ETF,0.721,0.753,0.72,0.744,229990400.0,168927948.79999998,,,,,
2024-03-29,512980,传媒ETF,0.739,0.74,0.724,0.736,194942000.0,143233634.5,,,,,
2024-04-01,512980,传媒ETF,0.739,0.764,0.739,0.763,165842900.0,124589478.625,,,,,
2024-04-02,512980,传媒ETF,0.761,0.761,0.741,0.748,160576900.0,120874261.47500001,,,,,
2024-04-03,512980,传媒ETF,0.742,0.745,0.725,0.733,202057300.0,148764687.125,,,,,
2024-04-08,512980,传媒ETF,0.73,0.733,0.72,0.723,164894300.0,119795708.94999999,,,,,
2024-04-09,512980,传媒ETF,0.723,0.73,0.715,0.728,180814600.0,130909770.39999999,,,,,
2024-04-10,512980,传媒ETF,0.726,0.726,0.702,0.706,132567200.0,94785548.0,,,,,
2024-04-11,512980,传媒ETF,0.702,0.73,0.701,0.72,138031100.0,98450682.075,,,,,
2024-04-12,512980,传媒ETF,0.718,0.721,0.706,0.707,205133000.0,146259829.0,,,,,
2024-04-15,512980,传媒ETF,0.702,0.716,0.697,0.703,192170400.0,135384046.79999998,,,,,
2024-04-16,512980,传媒ETF,0.701,0.707,0.678,0.68,143940900.0,99535132.35,,,,,
2024-04-17,512980,传媒ETF,0.687,0.709,0.687,0.708,147668800.0,103035905.20000002,,,,,
2024-04-18,512980,传媒ETF,0.704,0.709,0.691,0.699,168021400.0,117740996.05,,,,,
2024-04-19,512980,传媒ETF,0.695,0.7,0.685,0.688,87154100.0,60310637.2,,,,,
2024-04-22,512980,传媒ETF,0.681,0.688,0.671,0.681,181906300.0,123741760.575,,,,,
2024-04-23,512980,传媒ETF,0.683,0.69,0.681,0.683,98210100.0,67200260.925,,,,,
2024-04-24,512980,传媒ETF,0.682,0.696,0.675,0.695,145313500.0,99830374.50000001,,,,,
2024-04-25,512980,传媒ETF,0.688,0.698,0.684,0.689,114959400.0,79293246.14999999,,,,,
2024-04-26,512980,传媒ETF,0.686,0.708,0.685,0.707,231028300.0,160911210.95,,,,,
2024-04-29,512980,传媒ETF,0.71,0.728,0.71,0.725,262479100.0,188525613.57500002,,,,,
2024-04-30,512980,传媒ETF,0.722,0.724,0.705,0.712,295132900.0,211241373.175,,,,,
2024-05-06,512980,传媒ETF,0.723,0.728,0.716,0.717,243543900.0,175595151.9,,,,,
2024-05-07,512980,传媒ETF,0.719,0.731,0.715,0.717,220421300.0,158813546.64999998,,,,,
2024-05-08,512980,传媒ETF,0.713,0.714,0.695,0.697,168663100.0,118865319.72499998,,,,,
2024-05-09,512980,传媒ETF,0.694,0.707,0.694,0.704,234311700.0,163959612.075,,,,,
2024-05-10,512980,传媒ETF,0.705,0.712,0.694,0.698,123935100.0,87033423.97500001,,,,,
2024-05-13,512980,传媒ETF,0.692,0.696,0.685,0.69,118595400.0,81919772.55,,,,,
2024-05-14,512980,传媒ETF,0.695,0.704,0.692,0.702,156566600.0,109322628.45,,,,,
2024-05-15,512980,传媒ETF,0.703,0.703,0.692,0.695,94364900.0,65890291.425000004,,,,,
2024-05-16,512980,传媒ETF,0.693,0.703,0.69,0.693,144939500.0,100696717.625,,,,,
2024-05-17,512980,传媒ETF,0.691,0.696,0.684,0.695,90082700.0,62292187.05,,,,,
2024-05-20,512980,传媒ETF,0.692,0.7,0.683,0.696,137651700.0,95358215.175,,,,,
2024-05-21,512980,传媒ETF,0.695,0.704,0.692,0.694,145082000.0,101013342.5,,,,,
2024-05-22,512980,传媒ETF,0.691,0.696,0.686,0.695,124134700.0,85901212.39999999,,,,,
2024-05-23,512980,传媒ETF,0.694,0.694,0.676,0.677,180577800.0,123740937.45,,,,,
2024-05-24,512980,传媒ETF,0.676,0.682,0.668,0.669,169016000.0,113874530.00000001,,,,,
2024-05-27,512980,传媒ETF,0.671,0.673,0.658,0.672,169056200.0,113014069.7,,,,,
2024-05-28,512980,传媒ETF,0.669,0.669,0.656,0.656,131199900.0,86919933.75000001,,,,,
2024-05-29,512980,传媒ETF,0.655,0.664,0.654,0.659,146443200.0,96359625.60000001,,,,,
2024-05-30,512980,传媒ETF,0.656,0.661,0.65,0.656,172088300.0,112846902.72500001,,,,,
2024-05-31,512980,传媒ETF,0.656,0.665,0.655,0.662,141644800.0,93414745.6,,,,,
2024-06-03,512980,传媒ETF,0.659,0.663,0.652,0.658,122247100.0,80438591.8,,,,,
2024-06-04,512980,传媒ETF,0.656,0.664,0.651,0.663,108930200.0,71730536.7,,,,,
2024-06-05,512980,传媒ETF,0.66,0.662,0.649,0.651,195848400.0,128378626.19999999,,,,,
2024-06-06,512980,传媒ETF,0.651,0.656,0.633,0.638,262535000.0,169203807.50000003,,,,,
2024-06-07,512980,传媒ETF,0.64,0.645,0.629,0.639,179695500.0,114690652.875,,,,,
2024-06-11,512980,传媒ETF,0.636,0.642,0.627,0.641,112603500.0,71672127.75,,,,,
2024-06-12,512980,传媒ETF,0.638,0.655,0.638,0.652,172897500.0,111648560.62500001,,,,,
2024-06-13,512980,传媒ETF,0.651,0.652,0.644,0.649,101651700.0,65971953.300000004,,,,,
2024-06-14,512980,传媒ETF,0.648,0.654,0.645,0.652,106200300.0,69003644.92500001,,,,,
2024-06-17,512980,传媒ETF,0.651,0.651,0.641,0.644,89378400.0,57805480.199999996,,,,,
2024-06-18,512980,传媒ETF,0.642,0.648,0.639,0.643,138069500.0,88778688.5,,,,,
2024-06-19,512980,传媒ETF,0.644,0.645,0.632,0.632,104881300.0,66940489.725,,,,,
2024-06-20,512980,传媒ETF,0.631,0.633,0.616,0.617,131110800.0,81845916.89999999,,,,,
2024-06-21,512980,传媒ETF,0.615,0.623,0.612,0.619,89178400.0,55045367.4,,,,,
2024-06-24,512980,传媒ETF,0.616,0.617,0.598,0.6,129479200.0,78690983.8,,,,,
2024-06-25,512980,传媒ETF,0.6,0.605,0.589,0.593,105004700.0,62661554.725,,,,,
2024-06-26,512980,传媒ETF,0.593,0.626,0.593,0.625,244807700.0,149149091.225,,,,,
2024-06-27,512980,传媒ETF,0.62,0.626,0.612,0.613,166620300.0,102929690.325,,,,,
2024-06-28,512980,传媒ETF,0.611,0.621,0.609,0.612,147088100.0,90201777.32499999,,,,,
2024-07-01,512980,传媒ETF,0.61,0.619,0.6,0.618,185748300.0,113631522.525,,,,,
2024-07-02,512980,传媒ETF,0.616,0.622,0.613,0.617,162831100.0,100466788.7,,,,,
2024-07-03,512980,传媒ETF,0.613,0.619,0.61,0.614,188772300.0,115906192.2,,,,,
2024-07-04,512980,传媒ETF,0.613,0.616,0.6,0.601,253320600.0,153892264.5,,,,,
2024-07-05,512980,传媒ETF,0.599,0.609,0.595,0.605,133004700.0,80068829.39999999,,,,,
2024-07-08,512980,传媒ETF,0.603,0.603,0.586,0.589,148040100.0,88120869.52499999,,,,,
2024-07-09,512980,传媒ETF,0.588,0.597,0.579,0.596,207643200.0,122509488.0,,,,,
2024-07-10,512980,传媒ETF,0.592,0.598,0.585,0.587,123860700.0,73139743.35,,,,,
2024-07-11,512980,传媒ETF,0.593,0.598,0.588,0.593,213096200.0,126366046.6,,,,,
2024-07-12,512980,传媒ETF,0.593,0.597,0.587,0.59,141146500.0,83523441.375,,,,,
2024-07-15,512980,传媒ETF,0.587,0.591,0.583,0.586,103755700.0,60878656.975,,,,,
2024-07-16,512980,传媒ETF,0.584,0.59,0.58,0.589,116982200.0,68522323.65,,,,,
2024-07-17,512980,传媒ETF,0.586,0.598,0.586,0.591,118525300.0,69959558.32499999,,,,,
2024-07-18,512980,传媒ETF,0.586,0.589,0.576,0.588,122702500.0,71750286.875,,,,,
2024-07-19,512980,传媒ETF,0.585,0.594,0.584,0.593,127520500.0,75109574.5,,,,,
2024-07-22,512980,传媒ETF,0.591,0.593,0.583,0.591,125281600.0,73853503.19999999,,,,,
2024-07-23,512980,传媒ETF,0.591,0.591,0.573,0.573,172266900.0,100259335.8,,,,,
2024-07-24,512980,传媒ETF,0.573,0.576,0.562,0.565,186538900.0,106140634.1,,,,,
2024-07-25,512980,传媒ETF,0.562,0.575,0.558,0.57,93225200.0,52788769.5,,,,,
2024-07-26,512980,传媒ETF,0.573,0.58,0.57,0.578,192531800.0,110753917.94999999,,,,,
2024-07-29,512980,传媒ETF,0.578,0.58,0.57,0.576,77827400.0,44828582.4,,,,,
2024-07-30,512980,传媒ETF,0.574,0.578,0.57,0.576,105853800.0,60813008.09999999,,,,,
2024-07-31,512980,传媒ETF,0.576,0.6,0.575,0.599,230615200.0,135486429.99999997,,,,,
2024-08-01,512980,传媒ETF,0.598,0.604,0.592,0.594,115240500.0,68798578.5,,,,,
2024-08-02,512980,传媒ETF,0.589,0.599,0.586,0.586,119646600.0,70591494.0,,,,,
2024-08-05,512980,传媒ETF,0.586,0.605,0.583,0.586,188427500.0,111172225.0,,,,,
2024-08-06,512980,传媒ETF,0.593,0.601,0.589,0.599,153614700.0,91477553.85,,,,,
2024-08-07,512980,传媒ETF,0.597,0.602,0.591,0.596,205984400.0,122869694.60000001,,,,,
2024-08-08,512980,传媒ETF,0.595,0.599,0.584,0.595,155703500.0,92371101.37499999,,,,,
2024-08-09,512980,传媒ETF,0.596,0.599,0.582,0.584,127176700.0,75066047.175,,,,,
2024-08-12,512980,传媒ETF,0.581,0.589,0.576,0.583,104956300.0,61110805.67499999,,,,,
2024-08-13,512980,传媒ETF,0.581,0.585,0.576,0.584,84900000.0,49369350.0,,,,,
2024-08-14,512980,传媒ETF,0.583,0.594,0.582,0.588,134418100.0,78869820.17499998,,,,,
2024-08-15,512980,传媒ETF,0.588,0.607,0.584,0.599,163301800.0,97082920.09999998,,,,,
2024-08-16,512980,传媒ETF,0.598,0.599,0.59,0.593,110874400.0,65970268.0,,,,,
2024-08-19,512980,传媒ETF,0.592,0.599,0.589,0.594,102837500.0,61034056.24999999,,,,,
2024-08-20,512980,传媒ETF,0.594,0.598,0.583,0.586,82013200.0,48408291.3,,,,,
2024-08-21,512980,传媒ETF,0.587,0.597,0.58,0.581,90414000.0,53005207.49999999,,,,,
2024-08-22,512980,传媒ETF,0.58,0.584,0.564,0.566,108181100.0,62041860.85,,,,,
2024-08-23,512980,传媒ETF,0.564,0.568,0.559,0.565,66999000.0,37787436.00000001,,,,,
2024-08-26,512980,传媒ETF,0.565,0.569,0.557,0.566,63263600.0,35696486.3,,,,,
2024-08-27,512980,传媒ETF,0.564,0.571,0.56,0.562,71825900.0,40527764.074999996,,,,,
2024-08-28,512980,传媒ETF,0.56,0.568,0.552,0.567,85236500.0,47881603.875,,,,,
2024-08-29,512980,传媒ETF,0.565,0.573,0.562,0.572,85800200.0,48734513.6,,,,,
2024-08-30,512980,传媒ETF,0.57,0.594,0.57,0.588,119296700.0,69251734.35,,,,,
2024-09-02,512980,传媒ETF,0.587,0.588,0.571,0.571,104236200.0,60378818.85,,,,,
2024-09-03,512980,传媒ETF,0.572,0.581,0.57,0.578,71479900.0,41118812.474999994,,,,,
2024-09-04,512980,传媒ETF,0.575,0.582,0.571,0.576,64042400.0,36888422.39999999,,,,,
2024-09-05,512980,传媒ETF,0.574,0.595,0.574,0.591,112354800.0,65559025.800000004,,,,,
2024-09-06,512980,传媒ETF,0.59,0.595,0.584,0.585,87620100.0,51564428.849999994,,,,,
2024-09-09,512980,传媒ETF,0.585,0.589,0.579,0.58,65471800.0,38186427.35,,,,,
2024-09-10,512980,传媒ETF,0.582,0.591,0.573,0.59,101416500.0,59227236.0,,,,,
2024-09-11,512980,传媒ETF,0.586,0.592,0.583,0.588,60141800.0,35318272.050000004,,,,,
2024-09-12,512980,传媒ETF,0.589,0.594,0.58,0.581,80054500.0,46911937.0,,,,,
2024-09-13,512980,传媒ETF,0.58,0.585,0.574,0.575,83503400.0,48306716.89999999,,,,,
2024-09-18,512980,传媒ETF,0.575,0.577,0.563,0.57,87286300.0,49862298.875,,,,,
2024-09-19,512980,传媒ETF,0.572,0.585,0.566,0.583,98569400.0,56825259.09999999,,,,,
2024-09-20,512980,传媒ETF,0.579,0.581,0.575,0.581,71160700.0,41202045.3,,,,,
2024-09-23,512980,传媒ETF,0.58,0.585,0.577,0.579,61621200.0,35755701.3,,,,,
2024-09-24,512980,传媒ETF,0.58,0.602,0.576,0.602,144435700.0,85217063.0,,,,,
2024-09-25,512980,传媒ETF,0.605,0.63,0.605,0.611,232033300.0,142178404.57500002,,,,,
2024-09-26,512980,传媒ETF,0.61,0.638,0.607,0.638,175835000.0,109589163.75000001,,,,,
2024-09-27,512980,传媒ETF,0.65,0.674,0.644,0.671,139219000.0,91849735.25000001,,,,,
2024-09-30,512980,传媒ETF,0.698,0.738,0.69,0.738,478680300.0,342735094.8,,,,,
2024-10-08,512980,传媒ETF,0.812,0.812,0.746,0.805,882002100.0,700089166.875,,,,,
2024-10-09,512980,传媒ETF,0.775,0.775,0.725,0.725,504015700.0,378011775.0,,,,,
2024-10-10,512980,传媒ETF,0.722,0.74,0.701,0.715,450634100.0,324231234.95,,,,,
2024-10-11,512980,传媒ETF,0.71,0.713,0.671,0.682,379087300.0,263086586.2,,,,,
2024-10-14,512980,传媒ETF,0.684,0.698,0.667,0.698,206590400.0,141875957.2,,,,,
2024-10-15,512980,传媒ETF,0.69,0.714,0.684,0.69,197002700.0,136818375.15,,,,,
2024-10-16,512980,传媒ETF,0.678,0.712,0.678,0.7,139264100.0,96370757.19999999,,,,,
2024-10-17,512980,传媒ETF,0.702,0.719,0.699,0.705,141357500.0,99833734.37499999,,,,,
2024-10-18,512980,传媒ETF,0.702,0.74,0.693,0.724,218317500.0,156042433.125,,,,,
2024-10-21,512980,传媒ETF,0.72,0.756,0.715,0.742,552737900.0,405295065.17499995,,,,,
2024-10-22,512980,传媒ETF,0.742,0.784,0.74,0.76,485831600.0,367531605.4,,,,,
2024-10-23,512980,传媒ETF,0.755,0.758,0.741,0.745,505946500.0,379333388.375,,,,,
2024-10-24,512980,传媒ETF,0.738,0.742,0.728,0.738,229794000.0,169243280.99999997,,,,,
2024-10-25,512980,传媒ETF,0.735,0.758,0.735,0.757,187322000.0,139789042.5,,,,,
2024-10-28,512980,传媒ETF,0.758,0.779,0.754,0.772,454617300.0,348123197.475,,,,,
2024-10-29,512980,传媒ETF,0.788,0.794,0.754,0.757,580118400.0,448576552.8,,,,,
2024-10-30,512980,传媒ETF,0.748,0.766,0.745,0.753,146125500.0,110032501.5,,,,,
2024-10-31,512980,传媒ETF,0.75,0.762,0.739,0.754,125976200.0,94639620.25,,,,,
2024-11-01,512980,传媒ETF,0.75,0.759,0.734,0.737,228472700.0,170212161.5,,,,,
2024-11-04,512980,传媒ETF,0.734,0.751,0.733,0.749,145620500.0,108014005.875,,,,,
2024-11-05,512980,传媒ETF,0.748,0.771,0.745,0.77,376582100.0,285637522.85,,,,,
2024-11-06,512980,传媒ETF,0.768,0.803,0.767,0.791,272539900.0,213194336.775,,,,,
2024-11-07,512980,传媒ETF,0.787,0.806,0.782,0.803,247692600.0,196791770.7,,,,,
2024-11-08,512980,传媒ETF,0.806,0.811,0.788,0.793,312257700.0,249650031.15000004,,,,,
2024-11-11,512980,传媒ETF,0.783,0.828,0.781,0.828,261555200.0,210551936.0,,,,,
2024-11-12,512980,传媒ETF,0.826,0.827,0.791,0.799,206214300.0,167188243.725,,,,,
2024-11-13,512980,传媒ETF,0.794,0.828,0.792,0.821,185535600.0,150051916.5,,,,,
2024-11-14,512980,传媒ETF,0.821,0.832,0.791,0.794,239972000.0,194257334.0,,,,,
2024-11-15,512980,传媒ETF,0.789,0.829,0.789,0.797,172636500.0,138281836.5,,,,,
2024-11-18,512980,传媒ETF,0.802,0.803,0.752,0.759,294618400.0,229507733.59999996,,,,,
2024-11-19,512980,传媒ETF,0.753,0.766,0.743,0.766,166283300.0,125876458.1,,,,,
2024-11-20,512980,传媒ETF,0.762,0.804,0.76,0.794,241366000.0,188265480.0,,,,,
2024-11-21,512980,传媒ETF,0.787,0.805,0.785,0.792,116435400.0,92245945.65000002,,,,,
2024-11-22,512980,传媒ETF,0.787,0.814,0.773,0.777,212299500.0,167238931.125,,,,,
2024-11-25,512980,传媒ETF,0.778,0.789,0.76,0.787,164052500.0,127714871.25,,,,,
2024-11-26,512980,传媒ETF,0.782,0.811,0.778,0.783,158560500.0,125024954.25,,,,,
2024-11-27,512980,传媒ETF,0.775,0.815,0.763,0.815,243722000.0,193027823.99999997,,,,,
2024-11-28,512980,传媒ETF,0.815,0.832,0.799,0.803,171946000.0,139663138.5,,,,,
2024-11-29,512980,传媒ETF,0.799,0.827,0.797,0.82,193483500.0,156866747.625,,,,,
2024-12-02,512980,传媒ETF,0.822,0.842,0.82,0.837,226316800.0,187899523.2,,,,,
2024-12-03,512980,传媒ETF,0.837,0.84,0.825,0.833,326722800.0,272405134.5,,,,,
2024-12-04,512980,传媒ETF,0.836,0.836,0.807,0.819,285055400.0,235028177.29999998,,,,,
2024-12-05,512980,传媒ETF,0.817,0.863,0.816,0.859,768209800.0,644335969.7499999,,,,,
2024-12-06,512980,传媒ETF,0.867,0.891,0.858,0.884,482143600.0,421875650.0,,,,,
2024-12-09,512980,传媒ETF,0.883,0.883,0.862,0.876,296294100.0,259553631.6,,,,,
2024-12-10,512980,传媒ETF,0.899,0.9,0.866,0.869,375829900.0,332045716.65000004,,,,,
2024-12-11,512980,传媒ETF,0.862,0.879,0.859,0.87,274158300.0,237832325.24999997,,,,,
2024-12-12,512980,传媒ETF,0.874,0.881,0.859,0.875,274167500.0,239142601.875,,,,,
2024-12-13,512980,传媒ETF,0.865,0.896,0.863,0.88,277975600.0,243506625.6,,,,,
2024-12-16,512980,传媒ETF,0.88,0.882,0.852,0.858,226213000.0,196352884.0,,,,,
2024-12-17,512980,传媒ETF,0.855,0.858,0.828,0.83,196735800.0,165799095.45,,,,,
2024-12-18,512980,传媒ETF,0.833,0.854,0.826,0.844,223951600.0,187951380.3,,,,,
2024-12-19,512980,传媒ETF,0.834,0.852,0.824,0.849,183056500.0,153721695.87499997,,,,,
2024-12-20,512980,传媒ETF,0.843,0.856,0.841,0.854,197079700.0,167222125.45000002,,,,,
2024-12-23,512980,传媒ETF,0.855,0.855,0.809,0.811,317216800.0,264082986.0,,,,,
2024-12-24,512980,传媒ETF,0.812,0.816,0.803,0.812,168533300.0,136638372.975,,,,,
2024-12-25,512980,传媒ETF,0.813,0.815,0.791,0.8,221672700.0,178391105.325,,,,,
2024-12-26,512980,传媒ETF,0.8,0.809,0.797,0.802,174104500.0,139631809.0,,,,,
2024-12-27,512980,传媒ETF,0.8,0.812,0.795,0.799,286056300.0,229274124.45000002,,,,,
2024-12-30,512980,传媒ETF,0.797,0.805,0.785,0.799,185733700.0,147936892.05,,,,,
2024-12-31,512980,传媒ETF,0.799,0.802,0.774,0.774,223801700.0,176187888.325,,,,,
2025-01-02,512980,传媒ETF,0.774,0.782,0.748,0.756,197331600.0,150958674.00000003,,,,,
2025-01-03,512980,传媒ETF,0.755,0.765,0.727,0.728,333882900.0,248325406.875,,,,,
2025-01-06,512980,传媒ETF,0.725,0.733,0.715,0.721,126059800.0,91204265.3,,,,,
2025-01-07,512980,传媒ETF,0.721,0.735,0.72,0.734,224788800.0,163533852.0,,,,,
2025-01-08,512980,传媒ETF,0.728,0.742,0.714,0.736,211919100.0,154700943.0,,,,,
2025-01-09,512980,传媒ETF,0.731,0.745,0.73,0.738,205103400.0,150956102.4,,,,,
2025-01-10,512980,传媒ETF,0.734,0.745,0.717,0.717,220206600.0,160365456.45000002,,,,,
2025-01-13,512980,传媒ETF,0.71,0.721,0.703,0.715,133995300.0,95438152.425,,,,,
2025-01-14,512980,传媒ETF,0.722,0.755,0.714,0.754,276220100.0,203367048.625,,,,,
2025-01-15,512980,传媒ETF,0.759,0.767,0.755,0.759,348068500.0,264532060.0,,,,,
2025-01-16,512980,传媒ETF,0.761,0.779,0.75,0.762,415413900.0,316960805.7,,,,,
2025-01-17,512980,传媒ETF,0.754,0.761,0.747,0.755,266755500.0,201200335.875,,,,,
2025-01-20,512980,传媒ETF,0.76,0.767,0.753,0.757,229248000.0,174056544.0,,,,,
2025-01-21,512980,传媒ETF,0.76,0.763,0.746,0.76,306310700.0,231953777.575,,,,,
2025-01-22,512980,传媒ETF,0.755,0.755,0.743,0.75,203026600.0,152422219.95,,,,,
2025-01-23,512980,传媒ETF,0.758,0.772,0.753,0.755,300467100.0,228204762.45000002,,,,,
2025-01-24,512980,传媒ETF,0.75,0.771,0.747,0.77,198369200.0,150661407.39999998,,,,,
2025-01-27,512980,传媒ETF,0.787,0.793,0.771,0.772,514907400.0,402013952.55,,,,,
2025-02-05,512980,传媒ETF,0.793,0.805,0.784,0.805,460339200.0,366775257.6,,,,,
2025-02-06,512980,传媒ETF,0.802,0.827,0.797,0.822,332445900.0,269946070.8,,,,,
2025-02-07,512980,传媒ETF,0.82,0.842,0.817,0.831,506981100.0,419526860.24999994,,,,,
2025-02-10,512980,传媒ETF,0.834,0.861,0.829,0.859,438667500.0,371003038.125,,,,,
2025-02-11,512980,传媒ETF,0.861,0.873,0.85,0.866,510319500.0,440150568.74999994,,,,,
2025-02-12,512980,传媒ETF,0.861,0.89,0.861,0.888,334810400.0,292959100.0,,,,,
2025-02-13,512980,传媒ETF,0.893,0.914,0.878,0.897,280153500.0,250877459.25000003,,,,,
2025-02-14,512980,传媒ETF,0.9,0.917,0.88,0.914,313745700.0,283233930.67499995,,,,,
2025-02-17,512980,传媒ETF,0.926,0.936,0.893,0.901,329706500.0,301351741.0,,,,,
2025-02-18,512980,传媒ETF,0.895,0.903,0.858,0.862,357936900.0,314805503.55,,,,,
2025-02-19,512980,传媒ETF,0.859,0.876,0.857,0.874,234653600.0,203327344.4,,,,,
2025-02-20,512980,传媒ETF,0.872,0.879,0.861,0.865,149497700.0,129950875.72500001,,,,,
2025-02-21,512980,传媒ETF,0.865,0.895,0.857,0.891,388898300.0,341063809.1,,,,,
2025-02-24,512980,传媒ETF,0.885,0.892,0.875,0.883,197766600.0,174776232.75,,,,,
2025-02-25,512980,传媒ETF,0.868,0.87,0.851,0.855,190166400.0,163733270.4,,,,,
2025-02-26,512980,传媒ETF,0.859,0.866,0.851,0.859,226477400.0,194487467.25,,,,,
2025-02-27,512980,传媒ETF,0.855,0.864,0.838,0.854,201183100.0,171558888.525,,,,,
2025-02-28,512980,传媒ETF,0.846,0.846,0.813,0.815,184161400.0,152853962.0,,,,,
2025-03-03,512980,传媒ETF,0.818,0.838,0.81,0.826,148321600.0,122068676.8,,,,,
2025-03-04,512980,传媒ETF,0.82,0.832,0.817,0.832,141087000.0,116432046.75,,,,,
2025-03-05,512980,传媒ETF,0.831,0.843,0.821,0.84,188288000.0,156985120.0,,,,,
2025-03-06,512980,传媒ETF,0.845,0.896,0.844,0.882,314409600.0,272514520.79999995,,,,,
2025-03-07,512980,传媒ETF,0.886,0.891,0.863,0.872,247588600.0,217382790.8,,,,,
2025-03-10,512980,传媒ETF,0.868,0.868,0.853,0.857,160973800.0,138678928.7,,,,,
2025-03-11,512980,传媒ETF,0.841,0.867,0.822,0.866,165376000.0,140404224.0,,,,,
2025-03-12,512980,传媒ETF,0.868,0.888,0.868,0.876,203213300.0,177811637.5,,,,,
2025-03-13,512980,传媒ETF,0.871,0.873,0.85,0.857,167199100.0,144251023.525,,,,,
2025-03-14,512980,传媒ETF,0.855,0.881,0.853,0.875,299805000.0,259631129.99999997,,,,,
2025-03-17,512980,传媒ETF,0.883,0.886,0.788,0.874,195779300.0,167929694.575,,,,,
2025-03-18,512980,传媒ETF,0.873,0.883,0.869,0.877,88595400.0,77565272.69999999,,,,,
2025-03-19,512980,传媒ETF,0.876,0.876,0.86,0.864,100275400.0,87139322.6,,,,,
2025-03-20,512980,传媒ETF,0.865,0.865,0.852,0.853,147653100.0,126797099.625,,,,,
2025-03-21,512980,传媒ETF,0.85,0.854,0.836,0.838,122018600.0,103044707.69999999,,,,,
2025-03-24,512980,传媒ETF,0.838,0.842,0.821,0.838,151992900.0,126876073.27499998,,,,,
2025-03-25,512980,传媒ETF,0.835,0.836,0.82,0.822,157749400.0,130655940.54999998,,,,,
2025-03-26,512980,传媒ETF,0.821,0.828,0.82,0.823,102593400.0,84434368.19999999,,,,,
2025-03-27,512980,传媒ETF,0.823,0.829,0.812,0.823,115101100.0,94584328.925,,,,,
2025-03-28,512980,传媒ETF,0.822,0.832,0.821,0.827,165261600.0,136423450.79999998,,,,,
2025-03-31,512980,传媒ETF,0.82,0.82,0.802,0.814,145983100.0,118830243.39999999,,,,,
2025-04-01,512980,传媒ETF,0.814,0.825,0.812,0.812,213243200.0,173953140.4,,,,,
2025-04-02,512980,传媒ETF,0.812,0.825,0.811,0.818,106839200.0,87234206.8,,,,,
2025-04-03,512980,传媒ETF,0.812,0.822,0.808,0.817,134506800.0,109589415.30000001,,,,,
2025-04-07,512980,传媒ETF,0.788,0.793,0.735,0.735,199791200.0,152390737.8,,,,,
2025-04-08,512980,传媒ETF,0.728,0.744,0.716,0.731,136827600.0,99849941.10000002,,,,,
2025-04-09,512980,传媒ETF,0.719,0.756,0.694,0.75,188328500.0,137432722.87499997,,,,,
2025-04-10,512980,传媒ETF,0.76,0.782,0.76,0.773,172675100.0,132743983.12500001,,,,,
2025-04-11,512980,传媒ETF,0.771,0.778,0.764,0.77,151678500.0,116906203.875,,,,,
2025-04-14,512980,传媒ETF,0.774,0.784,0.774,0.778,187375300.0,145684295.75000003,,,,,
2025-04-15,512980,传媒ETF,0.78,0.787,0.773,0.782,103588500.0,80850824.25000001,,,,,
2025-04-16,512980,传媒ETF,0.78,0.788,0.77,0.779,161864300.0,126132755.77500002,,,,,
2025-04-17,512980,传媒ETF,0.77,0.782,0.769,0.775,71536800.0,55369483.2,,,,,
2025-04-18,512980,传媒ETF,0.775,0.783,0.77,0.783,86079400.0,66948253.35,,,,,
2025-04-21,512980,传媒ETF,0.778,0.8,0.774,0.799,132622200.0,104473138.05,,,,,
2025-04-22,512980,传媒ETF,0.799,0.801,0.787,0.79,142338100.0,113052035.925,,,,,
2025-04-23,512980,传媒ETF,0.795,0.798,0.785,0.787,98340500.0,77811920.625,,,,,
2025-04-24,512980,传媒ETF,0.788,0.789,0.771,0.774,101336000.0,79092748.0,,,,,
2025-04-25,512980,传媒ETF,0.775,0.785,0.774,0.777,96262700.0,74868314.92500001,,,,,
2025-04-28,512980,传媒ETF,0.777,0.785,0.771,0.777,93410100.0,72626352.75,,,,,
2025-04-29,512980,传媒ETF,0.774,0.79,0.773,0.787,95322400.0,74446794.4,,,,,
2025-04-30,512980,传媒ETF,0.786,0.801,0.786,0.796,94128500.0,74573304.125,,,,,
2025-05-06,512980,传媒ETF,0.799,0.82,0.794,0.819,216063600.0,174579388.79999998,,,,,
2025-05-07,512980,传媒ETF,0.828,0.835,0.807,0.813,168398200.0,138212822.65,,,,,
2025-05-08,512980,传媒ETF,0.81,0.821,0.809,0.817,85882600.0,69929907.05,,,,,
2025-05-09,512980,传媒ETF,0.817,0.817,0.799,0.801,171493200.0,138652252.2,,,,,
2025-05-12,512980,传媒ETF,0.809,0.81,0.803,0.809,56606300.0,45723738.824999996,,,,,
2025-05-13,512980,传媒ETF,0.815,0.817,0.805,0.806,111152900.0,90117213.675,,,,,
2025-05-14,512980,传媒ETF,0.805,0.816,0.802,0.811,108451700.0,87683199.45,,,,,
2025-05-15,512980,传媒ETF,0.809,0.809,0.791,0.792,87408700.0,69948812.175,,,,,
2025-05-16,512980,传媒ETF,0.79,0.796,0.79,0.792,77739900.0,61570000.800000004,,,,,
2025-05-19,512980,传媒ETF,0.792,0.794,0.78,0.794,77145000.0,60944550.0,,,,,
2025-05-20,512980,传媒ETF,0.791,0.809,0.786,0.805,86351600.0,68886988.9,,,,,
2025-05-21,512980,传媒ETF,0.804,0.804,0.798,0.799,80403900.0,64423624.875,,,,,
2025-05-22,512980,传媒ETF,0.796,0.808,0.793,0.803,109522200.0,87617760.0,,,,,
2025-05-23,512980,传媒ETF,0.801,0.803,0.788,0.788,130709300.0,103913893.49999999,,,,,
2025-05-26,512980,传媒ETF,0.788,0.805,0.788,0.803,109483800.0,87149104.80000001,,,,,
2025-05-27,512980,传媒ETF,0.798,0.801,0.792,0.796,81033800.0,64563680.150000006,,,,,
2025-05-28,512980,传媒ETF,0.794,0.797,0.788,0.796,63007800.0,50012441.25,,,,,
2025-05-29,512980,传媒ETF,0.794,0.808,0.791,0.808,116172600.0,92967123.15,,,,,
2025-05-30,512980,传媒ETF,0.805,0.81,0.797,0.799,70180200.0,56337155.550000004,,,,,
2025-06-03,512980,传媒ETF,0.795,0.822,0.793,0.811,139663100.0,112463711.275,,,,,
2025-06-04,512980,传媒ETF,0.806,0.817,0.806,0.814,98904900.0,80187147.67500001,,,,,
2025-06-05,512980,传媒ETF,0.814,0.827,0.813,0.825,116931300.0,95854433.175,,,,,
2025-06-06,512980,传媒ETF,0.824,0.827,0.816,0.819,141410100.0,116168397.14999999,,,,,
2025-06-09,512980,传媒ETF,0.82,0.83,0.818,0.826,68288900.0,56235909.15,,,,,
2025-06-10,512980,传媒ETF,0.826,0.828,0.808,0.823,112517100.0,92404668.375,,,,,
2025-06-11,512980,传媒ETF,0.821,0.835,0.82,0.832,122137700.0,101007877.89999999,,,,,
2025-06-12,512980,传媒ETF,0.829,0.848,0.827,0.842,119311500.0,99804069.74999999,,,,,
2025-06-13,512980,传媒ETF,0.837,0.838,0.82,0.823,179533600.0,148923121.2,,,,,
2025-06-16,512980,传媒ETF,0.82,0.85,0.82,0.844,122540800.0,102137756.79999998,,,,,
2025-06-17,512980,传媒ETF,0.845,0.847,0.831,0.835,91765900.0,77037473.05,,,,,
2025-06-18,512980,传媒ETF,0.833,0.837,0.823,0.827,94182900.0,78171807.0,,,,,
2025-06-19,512980,传媒ETF,0.826,0.835,0.818,0.822,80396900.0,66347541.724999994,,,,,
2025-06-20,512980,传媒ETF,0.824,0.827,0.808,0.808,224473600.0,183338812.8,,,,,
2025-06-23,512980,传媒ETF,0.803,0.815,0.801,0.813,70988200.0,57358465.6,,,,,
2025-06-24,512980,传媒ETF,0.815,0.832,0.815,0.828,138546300.0,113954331.74999999,,,,,
2025-06-25,512980,传媒ETF,0.83,0.84,0.823,0.838,106021300.0,88289237.575,,,,,
2025-06-26,512980,传媒ETF,0.838,0.843,0.829,0.837,96858300.0,81046182.52499999,,,,,
2025-06-27,512980,传媒ETF,0.837,0.841,0.828,0.835,104534800.0,87312691.69999999,,,,,
2025-06-30,512980,传媒ETF,0.835,0.859,0.835,0.859,197790600.0,167528638.2,,,,,
2025-07-01,512980,传媒ETF,0.857,0.86,0.849,0.853,110286300.0,94267214.92499998,,,,,
2025-07-02,512980,传媒ETF,0.853,0.853,0.841,0.845,76589500.0,64947896.00000001,,,,,
2025-07-03,512980,传媒ETF,0.845,0.852,0.838,0.846,91893700.0,77673149.925,,,,,
2025-07-04,512980,传媒ETF,0.844,0.86,0.842,0.854,114978900.0,97732065.0,,,,,
2025-07-07,512980,传媒ETF,0.853,0.862,0.85,0.855,72740200.0,62192871.0,,,,,
2025-07-08,512980,传媒ETF,0.856,0.871,0.854,0.869,123716800.0,106705740.0,,,,,
2025-07-09,512980,传媒ETF,0.869,0.884,0.867,0.879,129428300.0,113217405.425,,,,,
2025-07-10,512980,传媒ETF,0.877,0.881,0.868,0.878,87746100.0,76865583.6,,,,,
2025-07-11,512980,传媒ETF,0.878,0.881,0.869,0.878,112232500.0,98371786.25,,,,,
2025-07-14,512980,传媒ETF,0.877,0.877,0.858,0.863,99834900.0,86731569.375,,,,,
2025-07-15,512980,传媒ETF,0.863,0.87,0.858,0.866,99630300.0,86105486.775,,,,,
2025-07-16,512980,传媒ETF,0.864,0.878,0.862,0.866,87754800.0,76127289.0,,,,,
2025-07-17,512980,传媒ETF,0.863,0.875,0.861,0.874,96891500.0,84126044.875,,,,,
2025-07-18,512980,传媒ETF,0.874,0.877,0.863,0.866,100688800.0,87599256.0,,,,,
2025-07-21,512980,传媒ETF,0.867,0.873,0.864,0.872,154113500.0,133924631.5,,,,,
2025-07-22,512980,传媒ETF,0.87,0.873,0.86,0.866,115721600.0,100359557.6,,,,,
2025-07-23,512980,传媒ETF,0.864,0.869,0.862,0.865,96132000.0,83154180.0,,,,,
2025-07-24,512980,传媒ETF,0.865,0.877,0.862,0.875,88346200.0,76839107.45,,,,,
2025-07-25,512980,传媒ETF,0.875,0.88,0.87,0.878,175046900.0,153297322.675,,,,,
2025-07-28,512980,传媒ETF,0.88,0.883,0.873,0.877,150816000.0,132454152.0,,,,,
2025-07-29,512980,传媒ETF,0.877,0.881,0.865,0.88,266757400.0,233612793.05,,,,,
2025-07-30,512980,传媒ETF,0.878,0.892,0.873,0.884,196412200.0,173186457.35,,,,,
2025-07-31,512980,传媒ETF,0.885,0.888,0.873,0.878,104431100.0,92003799.1,,,,,
2025-08-01,512980,传媒ETF,0.878,0.888,0.865,0.887,125479000.0,110358780.5,,,,,
2025-08-04,512980,传媒ETF,0.884,0.9,0.88,0.9,113647300.0,101259744.3,,,,,
2025-08-05,512980,传媒ETF,0.899,0.908,0.895,0.904,151458100.0,136539477.15,,,,,
2025-08-06,512980,传媒ETF,0.903,0.909,0.898,0.907,198089100.0,179122068.675,,,,,
2025-08-07,512980,传媒ETF,0.908,0.909,0.901,0.909,134513600.0,121970206.8,,,,,
2025-08-08,512980,传媒ETF,0.907,0.912,0.899,0.899,168802700.0,152639841.475,,,,,
2025-08-11,512980,传媒ETF,0.897,0.912,0.896,0.908,85471800.0,77202403.35,,,,,
2025-08-12,512980,传媒ETF,0.908,0.915,0.906,0.909,68405500.0,62214802.25000001,,,,,
2025-08-13,512980,传媒ETF,0.909,0.923,0.906,0.917,80187100.0,73270962.625,,,,,
2025-08-14,512980,传媒ETF,0.916,0.925,0.906,0.909,100361900.0,91730776.60000001,,,,,
2025-08-15,512980,传媒ETF,0.908,0.915,0.901,0.915,120991500.0,110072017.125,,,,,
2025-08-18,512980,传媒ETF,0.916,0.945,0.915,0.935,152228500.0,141229990.875,,,,,
2025-08-19,512980,传媒ETF,0.937,0.948,0.932,0.94,154670700.0,145274454.975,,,,,
2025-08-20,512980,传媒ETF,0.939,0.953,0.934,0.952,138915400.0,131205595.3,,,,,
2025-08-21,512980,传媒ETF,0.95,0.957,0.94,0.95,99230900.0,94194931.82499999,,,,,
2025-08-22,512980,传媒ETF,0.949,0.976,0.948,0.976,100348000.0,96559863.0,,,,,
2025-08-25,512980,传媒ETF,0.985,0.992,0.968,0.99,363724100.0,357813583.375,,,,,
2025-08-26,512980,传媒ETF,0.982,1.012,0.981,1.005,129484700.0,128837276.49999999,,,,,
2025-08-27,512980,传媒ETF,1.008,1.017,0.982,0.983,162732000.0,162325170.0,,,,,
2025-08-28,512980,传媒ETF,0.982,0.999,0.969,0.997,177571300.0,175218480.275,,,,,
2025-08-29,512980,传媒ETF,0.998,1.007,0.994,1.0,116807700.0,116778498.07499999,,,,,
2025-09-01,512980,传媒ETF,1.002,1.017,0.991,1.013,126916800.0,127646571.6,,,,,
2025-09-02,512980,传媒ETF,1.01,1.012,0.981,0.988,134907500.0,134603958.125,,,,,
2025-09-03,512980,传媒ETF,0.987,1.016,0.984,0.992,114511200.0,113910016.2,,,,,
2025-09-04,512980,传媒ETF,0.984,0.993,0.951,0.962,133357800.0,129690460.5,,,,,
2025-09-05,512980,传媒ETF,0.962,0.997,0.951,0.996,164204700.0,160345889.55,,,,,
2025-09-08,512980,传媒ETF,0.99,1.016,0.985,1.015,168524700.0,168777487.05,,,,,
2025-09-09,512980,传媒ETF,1.011,1.02,0.993,1.003,101926800.0,102614805.9,,,,,
2025-09-10,512980,传媒ETF,0.997,1.028,0.992,1.023,119429900.0,120624199.0,,,,,
2025-09-11,512980,传媒ETF,1.021,1.035,0.995,1.034,132733200.0,135553780.5,,,,,
2025-09-12,512980,传媒ETF,1.034,1.04,1.022,1.026,69285100.0,71398295.55,,,,,
2025-09-15,512980,传媒ETF,1.023,1.05,1.021,1.048,82450100.0,85377078.54999998,,,,,
2025-09-16,512980,传媒ETF,1.048,1.063,1.045,1.056,119764900.0,126112439.69999999,,,,,
2025-09-17,512980,传媒ETF,1.05,1.067,1.046,1.064,110722900.0,117006424.575,,,,,
2025-09-18,512980,传媒ETF,1.062,1.075,1.032,1.046,136750800.0,144101155.5,,,,,
2025-09-19,512980,传媒ETF,1.042,1.061,1.038,1.054,92714100.0,97233912.375,,,,,
2025-09-22,512980,传媒ETF,1.051,1.051,1.035,1.045,136238000.0,142436829.0,,,,,
2025-09-23,512980,传媒ETF,1.045,1.046,1.013,1.033,122274200.0,126462091.35,,,,,
2025-09-24,512980,传媒ETF,1.025,1.061,1.022,1.057,105305200.0,109649039.5,,,,,
2025-09-25,512980,传媒ETF,1.057,1.093,1.057,1.084,107662800.0,115495268.7,,,,,
2025-09-26,512980,传媒ETF,1.081,1.082,1.045,1.046,88088500.0,93682119.74999999,,,,,
2025-09-29,512980,传媒ETF,1.038,1.055,1.036,1.053,58715500.0,61387055.25000001,,,,,
2025-09-30,512980,传媒ETF,1.056,1.061,1.05,1.057,62094300.0,65571580.800000004,,,,,
2025-10-09,512980,传媒ETF,1.059,1.063,1.034,1.046,187167500.0,196619458.75,,,,,
2025-10-10,512980,传媒ETF,1.034,1.037,1.007,1.012,96067900.0,98229427.75,,,,,
2025-10-13,512980,传媒ETF,0.973,1.0,0.972,0.994,183097200.0,180304967.7,,,,,
2025-10-14,512980,传媒ETF,0.995,1.008,0.972,0.977,220656700.0,218008819.6,,,,,
2025-10-15,512980,传媒ETF,0.977,0.985,0.962,0.984,240290700.0,234764013.89999998,,,,,
2025-10-16,512980,传媒ETF,0.98,0.98,0.962,0.965,138554000.0,134639849.49999997,,,,,
2025-10-17,512980,传媒ETF,0.962,0.972,0.939,0.941,92662000.0,88353217.0,,,,,
2025-10-20,512980,传媒ETF,0.95,0.966,0.949,0.957,58059300.0,55475661.15,,,,,
2025-10-21,512980,传媒ETF,0.955,0.968,0.954,0.968,61570600.0,59184739.24999999,,,,,
2025-10-22,512980,传媒ETF,0.966,0.975,0.961,0.964,67190600.0,64939714.89999999,,,,,
2025-10-23,512980,传媒ETF,0.966,0.971,0.952,0.97,55787300.0,53820797.675,,,,,
2025-10-24,512980,传媒ETF,0.968,0.976,0.964,0.975,62250900.0,60430061.175,,,,,
2025-10-27,512980,传媒ETF,0.98,0.985,0.967,0.975,107859400.0,105351668.95,,,,,
2025-10-28,512980,传媒ETF,0.975,0.978,0.965,0.971,69041300.0,67125403.925,,,,,
2025-10-29,512980,传媒ETF,0.971,0.988,0.97,0.988,73196000.0,71677183.0,,,,,
2025-10-30,512980,传媒ETF,0.987,0.991,0.969,0.972,125856000.0,123307416.0,,,,,
2025-10-31,512980,传媒ETF,0.97,1.005,0.97,0.993,229162000.0,225609988.99999997,,,,,
2025-11-03,512980,传媒ETF,1.0,1.021,1.0,1.021,224724900.0,227084511.45,,,,,
2025-11-04,512980,传媒ETF,1.02,1.02,0.998,1.009,250004000.0,252941546.99999997,,,,,
2025-11-05,512980,传媒ETF,0.991,1.01,0.989,1.007,154208800.0,154093143.4,,,,,
2025-11-06,512980,传媒ETF,1.005,1.005,0.987,0.995,152635900.0,152330628.2,,,,,
2025-11-07,512980,传媒ETF,0.988,0.992,0.982,0.984,92287600.0,91041717.39999999,,,,,
2025-11-10,512980,传媒ETF,0.985,0.993,0.983,0.991,91083300.0,89990300.4,,,,,
2025-11-11,512980,传媒ETF,0.991,0.992,0.979,0.98,94065700.0,92701747.35000001,,,,,
2025-11-12,512980,传媒ETF,0.977,0.987,0.967,0.974,76203100.0,74393276.375,,,,,
2025-11-13,512980,传媒ETF,0.968,0.98,0.968,0.979,102259900.0,99575577.625,,,,,
2025-11-14,512980,传媒ETF,0.975,0.975,0.958,0.96,96600600.0,93412780.2,,,,,
2025-11-17,512980,传媒ETF,0.958,0.973,0.953,0.968,63125100.0,60789471.3,,,,,
2025-11-18,512980,传媒ETF,0.968,0.997,0.965,0.991,161237100.0,158052667.275,,,,,
2025-11-19,512980,传媒ETF,0.992,0.992,0.965,0.97,182364000.0,178671128.99999997,,,,,
2025-11-20,512980,传媒ETF,0.973,0.976,0.956,0.957,71812900.0,69335354.94999999,,,,,
2025-11-21,512980,传媒ETF,0.948,0.973,0.945,0.958,125234700.0,119724373.19999999,,,,,
2025-11-24,512980,传媒ETF,0.964,1.0,0.949,0.99,260087800.0,253780670.84999996,,,,,
2025-11-25,512980,传媒ETF,0.994,1.021,0.991,1.011,392012300.0,393678352.275,,,,,
2025-11-26,512980,传媒ETF,1.009,1.019,0.998,1.001,217095100.0,218560491.925,,,,,
2025-11-27,512980,传媒ETF,0.997,1.011,0.985,0.989,247828100.0,246712873.54999998,,,,,
2025-11-28,512980,传媒ETF,0.982,0.999,0.982,0.991,144894200.0,143227916.7,,,,,
2025-12-01,512980,传媒ETF,0.994,1.001,0.988,1.0,119735700.0,119226823.275,,,,,
2025-12-02,512980,传媒ETF,0.999,0.999,0.976,0.977,109881700.0,108535649.175,,,,,
2025-12-03,512980,传媒ETF,0.975,0.979,0.952,0.955,164182100.0,158476772.02499998,,,,,
2025-12-04,512980,传媒ETF,0.951,0.959,0.947,0.953,99116200.0,94408180.5,,,,,
2025-12-05,512980,传媒ETF,0.951,0.961,0.945,0.961,97137800.0,92718030.1,,,,,
2025-12-08,512980,传媒ETF,0.963,0.973,0.961,0.968,99614600.0,96252607.25,,,,,
2025-12-09,512980,传媒ETF,0.966,0.973,0.957,0.96,96175700.0,92713374.8,,,,,
2025-12-10,512980,传媒ETF,0.958,0.969,0.95,0.969,65322700.0,62807776.050000004,,,,,
2025-12-11,512980,传媒ETF,0.969,0.969,0.951,0.951,70283700.0,67472352.0,,,,,
2025-12-12,512980,传媒ETF,0.951,0.964,0.948,0.961,60697500.0,58026810.0,,,,,
2025-12-15,512980,传媒ETF,0.956,0.966,0.946,0.948,62278200.0,59413402.8,,,,,
2025-12-16,512980,传媒ETF,0.943,0.945,0.921,0.924,116058000.0,108311128.49999999,,,,,
2025-12-17,512980,传媒ETF,0.923,0.948,0.922,0.946,159705200.0,149284435.70000002,,,,,
2025-12-18,512980,传媒ETF,0.944,0.966,0.94,0.951,74824700.0,71102171.175,,,,,
2025-12-19,512980,传媒ETF,0.951,0.966,0.947,0.962,88909000.0,85041458.49999999,,,,,
2025-12-22,512980,传媒ETF,0.963,0.965,0.955,0.959,60901900.0,58496274.95,,,,,
2025-12-23,512980,传媒ETF,0.961,0.965,0.952,0.96,76521900.0,73422763.05,,,,,
2025-12-24,512980,传媒ETF,0.956,0.963,0.948,0.962,65790700.0,62978147.574999996,,,,,
2025-12-25,512980,传媒ETF,0.96,0.968,0.957,0.966,53749100.0,51746946.025,,,,,
2025-12-26,512980,传媒ETF,0.963,0.972,0.958,0.967,95326300.0,91989879.50000001,,,,,
2025-12-29,512980,传媒ETF,0.963,0.97,0.96,0.962,93601700.0,90208638.37499999,,,,,
2025-12-30,512980,传媒ETF,0.965,0.98,0.964,0.972,85534400.0,82989751.6,,,,,
2025-12-31,512980,传媒ETF,0.972,1.005,0.97,0.998,247102300.0,243704643.37499997,,,,,
2026-01-05,512980,传媒ETF,1.006,1.048,1.006,1.043,224119400.0,229890474.54999998,,,,,
2026-01-06,512980,传媒ETF,1.043,1.069,1.04,1.065,270671800.0,285355745.15,,,,,
2026-01-07,512980,传媒ETF,1.063,1.089,1.061,1.072,195735800.0,209681975.75,,,,,
2026-01-08,512980,传媒ETF,1.065,1.107,1.06,1.093,230740100.0,249487733.12499997,,,,,
2026-01-09,512980,传媒ETF,1.091,1.167,1.091,1.166,688230000.0,776839612.5,,,,,
2026-01-12,512980,传媒ETF,1.218,1.283,1.202,1.283,2237636700.0,2789214146.5499997,,,,,
2026-01-13,512980,传媒ETF,1.35,1.39,1.269,1.289,4498181100.0,5957840866.95,,,,,
2026-01-14,512980,传媒ETF,1.264,1.37,1.264,1.322,3297318800.0,4303001034.000001,,,,,
2026-01-15,512980,传媒ETF,1.284,1.298,1.24,1.259,2445230100.0,3106053534.525,,,,,
2026-01-16,512980,传媒ETF,1.23,1.245,1.178,1.189,1926430800.0,2331944483.4,,,,,
2026-01-19,512980,传媒ETF,1.169,1.2,1.168,1.185,985293400.0,1163138858.7,,,,,
2026-01-20,512980,传媒ETF,1.198,1.209,1.17,1.18,1087631300.0,1293465523.5249999,,,,,
2026-01-21,512980,传媒ETF,1.164,1.193,1.156,1.179,524321700.0,615029354.1,,,,,
2026-01-22,512980,传媒ETF,1.17,1.191,1.166,1.181,482640300.0,568067633.1,,,,,
2026-01-23,512980,传媒ETF,1.192,1.225,1.176,1.221,1231766700.0,1482431223.45,,,,,
2026-01-26,512980,传媒ETF,1.222,1.224,1.163,1.186,1035068900.0,1240788843.875,,,,,
2026-01-27,512980,传媒ETF,1.184,1.202,1.17,1.2,726379300.0,863664987.7,,,,,
2026-01-28,512980,传媒ETF,1.2,1.206,1.177,1.179,590346000.0,702806913.0000001,,,,,
2026-01-29,512980,传媒ETF,1.166,1.265,1.158,1.232,1409459900.0,1698751544.475,,,,,
2026-01-30,512980,传媒ETF,1.216,1.237,1.201,1.219,899991100.0,1096414157.575,,,,,
2026-02-02,512980,传媒ETF,1.208,1.23,1.182,1.184,880303100.0,1057244023.1,,,,,
2026-02-03,512980,传媒ETF,1.204,1.225,1.187,1.225,986258400.0,1193619228.6000001,,,,,
2026-02-04,512980,传媒ETF,1.211,1.23,1.17,1.185,852712200.0,1022401927.7999998,,,,,
2026-02-05,512980,传媒ETF,1.159,1.194,1.159,1.176,653573700.0,765988376.4,,,,,
2026-02-06,512980,传媒ETF,1.16,1.183,1.133,1.159,556884400.0,645289798.5,,,,,
2026-02-09,512980,传媒ETF,1.189,1.215,1.183,1.209,798311900.0,957175968.1,,,,,
2026-02-10,512980,传媒ETF,1.225,1.285,1.214,1.264,1295661800.0,1615690264.6,,,,,
2026-02-11,512980,传媒ETF,1.25,1.257,1.226,1.228,976786400.0,1211459332.6,,,,,
2026-02-12,512980,传媒ETF,1.212,1.245,1.203,1.235,769976400.0,942258619.5000001,,,,,
2026-02-13,512980,传媒ETF,1.226,1.242,1.21,1.211,528342800.0,645766987.3000001,,,,,
2026-02-24,512980,传媒ETF,1.204,1.209,1.164,1.174,780382100.0,926898839.2750001,,,,,
2026-02-25,512980,传媒ETF,1.173,1.181,1.162,1.169,602742900.0,705962621.6250001,,,,,
2026-02-26,512980,传媒ETF,1.172,1.174,1.152,1.155,458427400.0,533265673.04999995,,,,,
2026-02-27,512980,传媒ETF,1.151,1.172,1.148,1.166,387360600.0,449047775.54999995,,,,,
2026-03-02,512980,传媒ETF,1.13,1.149,1.115,1.123,787283000.0,889039327.7500001,,,,,
2026-03-03,512980,传媒ETF,1.123,1.129,1.061,1.062,692780900.0,757729109.375,,,,,
2026-03-04,512980,传媒ETF,1.046,1.074,1.045,1.057,420726900.0,444077242.9499999,,,,,
2026-03-05,512980,传媒ETF,1.081,1.084,1.064,1.075,617849100.0,664805631.6,,,,,
2026-03-06,512980,传媒ETF,1.068,1.084,1.067,1.081,205968100.0,221415707.5,,,,,
2026-03-09,512980,传媒ETF,1.064,1.083,1.051,1.081,350819600.0,375289267.09999996,,,,,
2026-03-10,512980,传媒ETF,1.09,1.106,1.079,1.089,244241800.0,266467803.79999998,,,,,
2026-03-11,512980,传媒ETF,1.085,1.092,1.075,1.081,315125900.0,341360131.175,,,,,
2026-03-12,512980,传媒ETF,1.076,1.078,1.058,1.062,258546300.0,276256721.55,,,,,
2026-03-13,512980,传媒ETF,1.059,1.065,1.041,1.044,349568500.0,367833454.12499994,,,,,
2026-03-16,512980,传媒ETF,1.036,1.052,1.034,1.052,213475700.0,222761892.95000002,,,,,
2026-03-17,512980,传媒ETF,1.052,1.064,1.038,1.04,257822700.0,270327100.95,,,,,
2026-03-18,512980,传媒ETF,1.04,1.051,1.03,1.051,240175300.0,250502837.90000004,,,,,
2026-03-19,512980,传媒ETF,1.033,1.041,1.023,1.033,201870000.0,208430775.0,,,,,
2026-03-20,512980,传媒ETF,1.03,1.039,1.0,1.002,290444100.0,295599482.775,,,,,
2026-03-23,512980,传媒ETF,0.979,0.99,0.943,0.948,468063300.0,451681084.5,,,,,
2026-03-24,512980,传媒ETF,0.962,0.972,0.949,0.972,389967100.0,375830792.62499994,,,,,
2026-03-25,512980,传媒ETF,0.978,0.999,0.974,0.991,370954300.0,365575462.65000004,,,,,
2026-03-26,512980,传媒ETF,0.989,0.996,0.969,0.972,273884400.0,268817538.59999996,,,,,
2026-03-27,512980,传媒ETF,0.959,0.99,0.959,0.985,186517400.0,181528059.55,,,,,
2026-03-30,512980,传媒ETF,0.967,0.986,0.962,0.985,268368400.0,261659189.99999997,,,,,
2026-03-31,512980,传媒ETF,0.986,1.005,0.981,0.986,232627900.0,230185307.04999998,,,,,
2026-04-01,512980,传媒ETF,0.999,1.011,0.99,1.009,265586800.0,266184370.3,,,,,
2026-04-02,512980,传媒ETF,1.0,1.003,0.973,0.979,195211800.0,193015667.25,,,,,
2026-04-03,512980,传媒ETF,0.98,0.983,0.952,0.952,125428900.0,121258389.075,,,,,
2026-04-07,512980,传媒ETF,0.952,0.967,0.952,0.962,159879200.0,153204243.39999998,,,,,
2026-04-08,512980,传媒ETF,0.988,1.04,0.987,1.039,467348600.0,473657806.1,,,,,
2026-04-09,512980,传媒ETF,1.018,1.024,1.007,1.012,407982300.0,414204030.075,,,,,
2026-04-10,512980,传媒ETF,1.016,1.035,1.016,1.024,267251000.0,273330960.25,,,,,
2026-04-13,512980,传媒ETF,1.012,1.014,1.0,1.005,239319600.0,241174326.89999998,,,,,
2026-04-14,512980,传媒ETF,1.021,1.022,1.005,1.017,252979200.0,257090111.99999997,,,,,
2026-04-15,512980,传媒ETF,1.022,1.025,1.002,1.006,172346600.0,174716365.75,,,,,
2026-04-16,512980,传媒ETF,1.01,1.032,1.009,1.032,258960800.0,264334236.60000002,,,,,
2026-04-17,512980,传媒ETF,1.022,1.032,1.013,1.03,176504700.0,180784938.975,,,,,
2026-04-20,512980,传媒ETF,1.03,1.058,1.026,1.049,363172500.0,377971779.37499994,,,,,
2026-04-21,512980,传媒ETF,1.046,1.05,1.03,1.037,236952800.0,246608626.60000002,,,,,
2026-04-22,512980,传媒ETF,1.029,1.034,1.018,1.034,206229600.0,212158700.99999997,,,,,
2026-04-23,512980,传媒ETF,1.034,1.041,1.021,1.026,218437900.0,225100255.95,,,,,
2026-04-24,512980,传媒ETF,1.008,1.011,0.986,0.998,284466400.0,284679749.8,,,,,
2026-04-27,512980,传媒ETF,0.996,0.996,0.98,0.992,146159400.0,144843965.4,,,,,
2026-04-28,512980,传媒ETF,0.985,0.991,0.973,0.976,159916400.0,156917967.5,,,,,
2026-04-29,512980,传媒ETF,0.976,1.001,0.975,0.998,196647300.0,194189208.75,,,,,
2026-04-30,512980,传媒ETF,0.989,0.996,0.98,0.985,184177100.0,181874886.25,,,,,
2026-05-06,512980,传媒ETF,0.99,1.018,0.988,1.011,301108900.0,301635840.575,,,,,
2026-05-07,512980,传媒ETF,1.016,1.04,1.007,1.038,385953300.0,395698620.825,,,,,
2026-05-08,512980,传媒ETF,1.048,1.055,1.032,1.033,383826400.0,399947108.8,,,,,
2026-05-11,512980,传媒ETF,1.028,1.042,1.021,1.027,358357700.0,368929252.15,,,,,
2026-05-12,512980,传媒ETF,1.023,1.025,1.003,1.007,293282900.0,297535502.05,,,,,
2026-05-13,512980,传媒ETF,1.002,1.025,0.999,1.024,208751800.0,211361197.5,,,,,
2026-05-14,512980,传媒ETF,1.031,1.038,0.977,0.979,406326800.0,408866342.50000006,,,,,
2026-05-15,512980,传媒ETF,0.974,1.0,0.973,0.982,302084000.0,296722009.0,,,,,
2026-05-18,512980,传媒ETF,0.972,0.986,0.968,0.976,270013500.0,263398169.25,,,,,
2026-05-19,512980,传媒ETF,0.979,1.007,0.974,0.998,326975600.0,323542356.2,,,,,
2026-05-20,512980,传媒ETF,0.991,0.992,0.965,0.969,270610400.0,264995234.2,,,,,
2026-05-21,512980,传媒ETF,0.974,0.985,0.942,0.943,264699700.0,254376411.69999996,,,,,
2026-05-22,512980,传媒ETF,0.947,0.948,0.927,0.941,236984500.0,222943168.375,,,,,
2026-05-25,512980,传媒ETF,0.945,0.954,0.923,0.932,235899100.0,221391305.35,,,,,
2026-05-26,512980,传媒ETF,0.925,0.926,0.907,0.921,240870900.0,221541010.275,,,,,
2026-05-27,512980,传媒ETF,0.924,0.939,0.905,0.909,328935700.0,302374142.225,,,,,
2026-05-28,512980,传媒ETF,0.902,0.907,0.884,0.902,315965800.0,283974262.75,,,,,
2026-05-29,512980,传媒ETF,0.903,0.92,0.9,0.903,288324800.0,261366431.2,,,,,
2026-06-01,512980,传媒ETF,0.908,0.941,0.903,0.933,426094200.0,392539281.75,,,,,
2026-06-02,512980,传媒ETF,0.934,0.934,0.895,0.906,325458100.0,298526442.225,,,,,
2026-06-03,512980,传媒ETF,0.896,0.902,0.881,0.891,241842300.0,215844252.75000003,,,,,
2026-06-04,512980,传媒ETF,0.884,0.885,0.867,0.875,191424600.0,168022942.65,,,,,
2026-06-05,512980,传媒ETF,0.877,0.889,0.873,0.874,178416800.0,156694554.6,,,,,
2026-06-08,512980,传媒ETF,0.853,0.877,0.845,0.854,217010200.0,186031993.94999996,,,,,
2026-06-09,512980,传媒ETF,0.861,0.872,0.849,0.868,267995800.0,231146377.5,,,,,
2026-06-10,512980,传媒ETF,0.86,0.871,0.848,0.853,179240800.0,153788606.4,,,,,
2026-06-11,512980,传媒ETF,0.848,0.848,0.819,0.823,265945300.0,221931352.84999996,,,,,
2026-06-12,512980,传媒ETF,0.827,0.842,0.822,0.83,336314200.0,279224864.55,,,,,
2026-06-15,512980,传媒ETF,0.834,0.849,0.829,0.842,245860600.0,206154113.1,,,,,
2026-06-16,512980,传媒ETF,0.836,0.84,0.827,0.835,141067700.0,117720995.64999999,,,,,
2026-06-17,512980,传媒ETF,0.833,0.833,0.815,0.822,258159700.0,213175372.27499998,,,,,
2026-06-18,512980,传媒ETF,0.819,0.838,0.812,0.827,244939300.0,201829983.20000002,,,,,
2026-06-22,512980,传媒ETF,0.817,0.854,0.817,0.853,243202700.0,203135055.175,,,,,
2026-06-23,512980,传媒ETF,0.843,0.853,0.822,0.825,181258500.0,151486791.375,,,,,
2026-06-24,512980,传媒ETF,0.825,0.833,0.811,0.821,140959200.0,115938942.0,,,,,
2026-06-25,512980,传媒ETF,0.82,0.83,0.814,0.827,169678400.0,139602903.6,,,,,
2026-06-26,512980,传媒ETF,0.819,0.822,0.792,0.799,253119700.0,204520717.60000002,,,,,
2026-06-29,512980,传媒ETF,0.801,0.818,0.795,0.807,200945400.0,161811283.35,,,,,
2026-06-30,512980,传媒ETF,0.81,0.818,0.794,0.818,203070500.0,164487105.0,,,,,
2026-07-01,512980,传媒ETF,0.812,0.834,0.805,0.824,275877600.0,225874785.00000003,,,,,
2026-07-02,512980,传媒ETF,0.832,0.844,0.822,0.83,272874000.0,227031168.0,,,,,
2026-07-03,512980,传媒ETF,0.82,0.83,0.806,0.815,195159600.0,159591762.9,,,,,
2026-07-06,512980,传媒ETF,0.812,0.825,0.806,0.809,214045900.0,174019316.7,,,,,
2026-07-07,512980,传媒ETF,0.808,0.831,0.804,0.808,235893300.0,191722279.57500002,,,,,
2026-07-08,512980,传媒ETF,0.808,0.814,0.79,0.808,175394900.0,141192894.5,,,,,
2026-07-09,512980,传媒ETF,0.8,0.822,0.792,0.815,234162000.0,189027274.5,,,,,
2026-07-10,512980,传媒ETF,0.808,0.854,0.8,0.838,461955400.0,381113205.0,,,,,
2026-07-13,512980,传媒ETF,0.831,0.835,0.795,0.799,343454900.0,279915743.5,,,,,
2026-07-14,512980,传媒ETF,0.796,0.799,0.765,0.784,422648800.0,332201956.8,,,,,
2026-07-15,512980,传媒ETF,0.782,0.82,0.78,0.816,323064500.0,258290067.74999997,,,,,
2026-07-16,512980,传媒ETF,0.811,0.835,0.801,0.828,296304800.0,242599555.00000003,,,,,
2026-07-17,512980,传媒ETF,0.823,0.835,0.78,0.782,358985500.0,288983327.5,,,,,
2026-07-20,512980,传媒ETF,0.788,0.798,0.772,0.79,272229800.0,214244852.60000005,,,,,
2026-07-21,512980,传媒ETF,0.789,0.805,0.778,0.801,255424700.0,202615643.275,,,,,
2026-07-22,512980,传媒ETF,0.793,0.797,0.777,0.78,255238300.0,200808732.525,,,,,
2026-07-23,512980,传媒ETF,0.777,0.777,0.755,0.769,306130800.0,235567650.6,,,,,
2026-07-24,512980,传媒ETF,0.76,0.764,0.742,0.743,217491200.0,163607755.20000002,,,,,
2026-07-27,512980,传媒ETF,0.737,0.767,0.737,0.765,219547900.0,164990246.85000002,,,,,
2026-07-28,512980,传媒ETF,0.759,0.783,0.758,0.771,221232100.0,169850944.775,,,,,
2026-07-29,512980,传媒ETF,0.773,0.8,0.768,0.795,257799900.0,202115121.6,,,,,
2026-07-30,512980,传媒ETF,0.789,0.818,0.789,0.795,292896100.0,233657863.775,,,,,
2026-07-31,512980,传媒ETF,0.791,0.855,0.787,0.85,1061322200.0,871080195.65,,,,,
2026-08-03,512980,传媒ETF,0.843,0.87,0.831,0.853,881555200.0,748660753.5999999,,,,,
2026-08-04,512980,传媒ETF,0.853,0.881,0.851,0.88,729784300.0,632175649.875,,,,,
2026-08-05,512980,传媒ETF,0.873,0.89,0.868,0.881,823962800.0,723439338.4,,,,,
2026-08-06,512980,传媒ETF,0.87,0.886,0.853,0.865,473817100.0,411510151.35,,,,,
2026-08-07,512980,传媒ETF,0.858,0.872,0.84,0.867,565704400.0,486081505.7,,,,,
2026-08-10,512980,传媒ETF,0.866,0.879,0.853,0.879,428901000.0,372822194.25000006,,,,,
2026-08-11,512980,传媒ETF,0.878,0.887,0.864,0.87,360768400.0,315582157.9,,,,,
