date,symbol,name,open,high,low,close,volume,amount,pct_change,turnover_rate,source_file,amplitude,change
2021-01-13,515170,,1.04,1.06,0.99,1.003,1449873950.0,1466440696.0,,,sina:515170,,
2021-01-14,515170,,0.998,0.999,0.971,0.976,521996000.0,512063789.0,,,sina:515170,,
2021-01-15,515170,,0.975,0.975,0.932,0.956,619105500.0,586490425.0,,,sina:515170,,
2021-01-18,515170,,0.945,0.953,0.933,0.948,436653400.0,411959875.0,,,sina:515170,,
2021-01-19,515170,,0.951,0.962,0.926,0.93,553108200.0,519832657.0,,,sina:515170,,
2021-01-20,515170,,0.927,0.94,0.909,0.937,377462900.0,349928031.0,,,sina:515170,,
2021-01-21,515170,,0.937,0.965,0.935,0.959,431483600.0,410194768.0,,,sina:515170,,
2021-01-22,515170,,0.959,0.966,0.95,0.959,239287800.0,228794776.0,,,sina:515170,,
2021-01-25,515170,,0.955,1.004,0.954,1.003,537371805.0,532097219.0,,,sina:515170,,
2021-01-26,515170,,1.004,1.006,0.98,0.983,311341000.0,307858137.0,,,sina:515170,,
2021-01-27,515170,,0.974,0.974,0.941,0.96,282690474.0,270473754.0,,,sina:515170,,
2021-01-28,515170,,0.945,0.958,0.935,0.939,249653456.0,235780272.0,,,sina:515170,,
2021-01-29,515170,,0.948,0.962,0.939,0.95,259248656.0,246964391.0,,,sina:515170,,
2021-02-01,515170,,0.952,0.967,0.944,0.949,175089756.0,167019463.0,,,sina:515170,,
2021-02-02,515170,,0.948,0.983,0.947,0.981,340537877.0,331126038.0,,,sina:515170,,
2021-02-03,515170,,0.981,0.988,0.969,0.98,198786332.0,194348216.0,,,sina:515170,,
2021-02-04,515170,,0.975,1.002,0.971,0.987,285180800.0,282531272.0,,,sina:515170,,
2021-02-05,515170,,0.987,1.015,0.983,0.996,436803014.0,438493689.0,,,sina:515170,,
2021-02-08,515170,,1.003,1.02,0.985,1.004,205336400.0,205780649.0,,,sina:515170,,
2021-02-09,515170,,1.004,1.029,0.998,1.028,381824681.0,389000496.0,,,sina:515170,,
2021-02-10,515170,,1.032,1.069,1.03,1.065,475221905.0,502327490.0,,,sina:515170,,
2021-02-18,515170,,1.083,1.092,1.021,1.027,313153419.0,329509973.0,,,sina:515170,,
2021-02-19,515170,,1.025,1.041,0.995,1.038,233961614.0,238658191.0,,,sina:515170,,
2021-02-22,515170,,1.03,1.032,0.968,0.973,524131600.0,518041552.0,,,sina:515170,,
2021-02-23,515170,,0.96,0.981,0.955,0.965,178186000.0,172643801.0,,,sina:515170,,
2021-02-24,515170,,0.966,0.968,0.91,0.922,552559200.0,513490956.0,,,sina:515170,,
2021-02-25,515170,,0.928,0.931,0.899,0.906,351192400.0,320118791.0,,,sina:515170,,
2021-02-26,515170,,0.891,0.901,0.868,0.886,377605300.0,334541208.0,,,sina:515170,,
2021-03-01,515170,,0.89,0.903,0.882,0.896,232964000.0,208122974.0,,,sina:515170,,
2021-03-02,515170,,0.901,0.907,0.863,0.873,304594200.0,268758522.0,,,sina:515170,,
2021-03-03,515170,,0.87,0.89,0.863,0.889,191595200.0,168463363.0,,,sina:515170,,
2021-03-04,515170,,0.88,0.88,0.842,0.849,379184600.0,324473552.0,,,sina:515170,,
2021-03-05,515170,,0.83,0.865,0.825,0.854,260631600.0,221034270.0,,,sina:515170,,
2021-03-08,515170,,0.855,0.862,0.804,0.805,323828800.0,268031881.0,,,sina:515170,,
2021-03-09,515170,,0.802,0.807,0.772,0.782,279926200.0,221501868.0,,,sina:515170,,
2021-03-10,515170,,0.799,0.81,0.793,0.801,213214800.0,170892034.0,,,sina:515170,,
2021-03-11,515170,,0.801,0.838,0.796,0.828,259039600.0,212669429.0,,,sina:515170,,
2021-03-12,515170,,0.829,0.833,0.81,0.825,149927100.0,123134933.0,,,sina:515170,,
2021-03-15,515170,,0.818,0.826,0.783,0.794,259178100.0,206578291.0,,,sina:515170,,
2021-03-16,515170,,0.794,0.814,0.794,0.81,180285500.0,145205691.0,,,sina:515170,,
2021-03-17,515170,,0.806,0.826,0.795,0.823,165660400.0,135322580.0,,,sina:515170,,
2021-03-18,515170,,0.822,0.848,0.822,0.842,206251700.0,173283416.0,,,sina:515170,,
2021-03-19,515170,,0.83,0.835,0.813,0.821,137203000.0,112822400.0,,,sina:515170,,
2021-03-22,515170,,0.816,0.831,0.809,0.823,144484894.0,118478481.0,,,sina:515170,,
2021-03-23,515170,,0.824,0.83,0.814,0.825,115762200.0,95138622.0,,,sina:515170,,
2021-03-24,515170,,0.82,0.839,0.817,0.82,149532200.0,123902665.0,,,sina:515170,,
2021-03-25,515170,,0.814,0.822,0.801,0.818,103694700.0,84348813.0,,,sina:515170,,
2021-03-26,515170,,0.82,0.846,0.82,0.842,214089600.0,179093244.0,,,sina:515170,,
2021-03-29,515170,,0.845,0.871,0.842,0.855,179874000.0,154406138.0,,,sina:515170,,
2021-03-30,515170,,0.853,0.874,0.853,0.862,147003700.0,126926959.0,,,sina:515170,,
2021-03-31,515170,,0.86,0.861,0.843,0.853,117256800.0,99576896.0,,,sina:515170,,
2021-04-01,515170,,0.855,0.87,0.852,0.867,109424400.0,94261226.0,,,sina:515170,,
2021-04-02,515170,,0.876,0.902,0.876,0.9,264910900.0,235928941.0,,,sina:515170,,
2021-04-06,515170,,0.904,0.905,0.889,0.895,104125400.0,93137240.0,,,sina:515170,,
2021-04-07,515170,,0.888,0.891,0.861,0.867,179452100.0,155947071.0,,,sina:515170,,
2021-04-08,515170,,0.863,0.885,0.852,0.882,141221000.0,123490098.0,,,sina:515170,,
2021-04-09,515170,,0.875,0.879,0.859,0.863,117012100.0,101117663.0,,,sina:515170,,
2021-04-12,515170,,0.863,0.868,0.851,0.855,92352200.0,79264895.0,,,sina:515170,,
2021-04-13,515170,,0.851,0.875,0.851,0.862,108194800.0,93690444.0,,,sina:515170,,
2021-04-14,515170,,0.861,0.874,0.856,0.869,97665000.0,84722976.0,,,sina:515170,,
2021-04-15,515170,,0.866,0.869,0.847,0.859,119789700.0,102530482.0,,,sina:515170,,
2021-04-16,515170,,0.859,0.877,0.859,0.873,134018400.0,116465809.0,,,sina:515170,,
2021-04-19,515170,,0.87,0.887,0.856,0.885,141231300.0,123979655.0,,,sina:515170,,
2021-04-20,515170,,0.88,0.906,0.878,0.891,202905200.0,181752247.0,,,sina:515170,,
2021-04-21,515170,,0.882,0.906,0.882,0.9,132434400.0,118948216.0,,,sina:515170,,
2021-04-22,515170,,0.901,0.907,0.89,0.9,92132700.0,82804880.0,,,sina:515170,,
2021-04-23,515170,,0.9,0.916,0.897,0.912,144647900.0,131518597.0,,,sina:515170,,
2021-04-26,515170,,0.913,0.922,0.894,0.897,158064500.0,143980534.0,,,sina:515170,,
2021-04-27,515170,,0.899,0.906,0.886,0.906,113893600.0,102130289.0,,,sina:515170,,
2021-04-28,515170,,0.896,0.916,0.89,0.915,118588000.0,107418514.0,,,sina:515170,,
2021-04-29,515170,,0.916,0.933,0.911,0.926,166605740.0,153906822.0,,,sina:515170,,
2021-04-30,515170,,0.926,0.926,0.912,0.918,89161700.0,82039195.0,,,sina:515170,,
2021-05-06,515170,,0.918,0.918,0.889,0.894,124179900.0,111845246.0,,,sina:515170,,
2021-05-07,515170,,0.9,0.9,0.877,0.879,123215500.0,109263923.0,,,sina:515170,,
2021-05-10,515170,,0.88,0.882,0.857,0.863,124586600.0,107974101.0,,,sina:515170,,
2021-05-11,515170,,0.855,0.893,0.855,0.892,136722982.0,120316708.0,,,sina:515170,,
2021-05-12,515170,,0.889,0.903,0.885,0.901,111955555.0,100305720.0,,,sina:515170,,
2021-05-13,515170,,0.892,0.906,0.889,0.905,107585900.0,96831181.0,,,sina:515170,,
2021-05-14,515170,,0.909,0.931,0.902,0.923,165140667.0,152240333.0,,,sina:515170,,
2021-05-17,515170,,0.923,0.952,0.922,0.944,240909199.0,227556507.0,,,sina:515170,,
2021-05-18,515170,,0.945,0.95,0.935,0.943,107368730.0,100880061.0,,,sina:515170,,
2021-05-19,515170,,0.94,0.946,0.933,0.937,84560000.0,79384814.0,,,sina:515170,,
2021-05-20,515170,,0.933,0.954,0.933,0.95,128979371.0,122497677.0,,,sina:515170,,
2021-05-21,515170,,0.952,0.963,0.941,0.945,112383147.0,106999028.0,,,sina:515170,,
2021-05-24,515170,,0.944,0.966,0.942,0.965,172754247.0,165358011.0,,,sina:515170,,
2021-05-25,515170,,0.967,1.003,0.966,1.002,312654088.0,310435632.0,,,sina:515170,,
2021-05-26,515170,,1.002,1.009,0.989,0.996,174997600.0,174735022.0,,,sina:515170,,
2021-05-27,515170,,0.996,1.017,0.985,1.002,165546900.0,165713708.0,,,sina:515170,,
2021-05-28,515170,,1.001,1.004,0.988,0.995,147035300.0,146161581.0,,,sina:515170,,
2021-05-31,515170,,0.995,0.997,0.976,0.996,123401900.0,121665996.0,,,sina:515170,,
2021-06-01,515170,,0.995,1.004,0.984,1.004,159459801.0,159008941.0,,,sina:515170,,
2021-06-02,515170,,1.004,1.005,0.985,0.989,133287556.0,132358781.0,,,sina:515170,,
2021-06-03,515170,,0.985,1.014,0.983,0.994,196155100.0,196315628.0,,,sina:515170,,
2021-06-04,515170,,0.989,1.014,0.987,1.006,162577700.0,163214236.0,,,sina:515170,,
2021-06-07,515170,,1.005,1.011,0.997,1.009,134813400.0,135655915.0,,,sina:515170,,
2021-06-08,515170,,1.008,1.01,0.955,0.967,267016041.0,261007835.0,,,sina:515170,,
2021-06-09,515170,,0.958,0.979,0.952,0.97,141049451.0,136476928.0,,,sina:515170,,
2021-06-10,515170,,0.972,0.987,0.967,0.982,127332500.0,124830756.0,,,sina:515170,,
2021-06-11,515170,,0.983,0.983,0.957,0.965,139819300.0,135069275.0,,,sina:515170,,
2021-06-15,515170,,0.966,0.968,0.935,0.957,131137400.0,124711416.0,,,sina:515170,,
2021-06-16,515170,,0.953,0.962,0.943,0.949,116467400.0,110683357.0,,,sina:515170,,
2021-06-17,515170,,0.949,0.965,0.947,0.959,115364200.0,110423569.0,,,sina:515170,,
2021-06-18,515170,,0.959,0.962,0.937,0.946,152659600.0,144560825.0,,,sina:515170,,
2021-06-21,515170,,0.944,0.95,0.927,0.941,167328000.0,157170558.0,,,sina:515170,,
2021-06-22,515170,,0.942,0.947,0.935,0.946,95568200.0,89971129.0,,,sina:515170,,
2021-06-23,515170,,0.947,0.947,0.923,0.926,203671900.0,189394689.0,,,sina:515170,,
2021-06-24,515170,,0.923,0.934,0.91,0.93,180114200.0,165925840.0,,,sina:515170,,
2021-06-25,515170,,0.925,0.95,0.921,0.947,191103300.0,179050401.0,,,sina:515170,,
2021-06-28,515170,,0.945,0.955,0.942,0.954,137576000.0,130694764.0,,,sina:515170,,
2021-06-29,515170,,0.954,0.955,0.934,0.939,119422900.0,112503424.0,,,sina:515170,,
2021-06-30,515170,,0.938,0.95,0.935,0.941,100529900.0,94789930.0,,,sina:515170,,
2021-07-01,515170,,0.942,0.951,0.928,0.95,163772900.0,154032585.0,,,sina:515170,,
2021-07-02,515170,,0.943,0.944,0.918,0.919,172201942.0,159424961.0,,,sina:515170,,
2021-07-05,515170,,0.918,0.926,0.907,0.914,116249700.0,106531437.0,,,sina:515170,,
2021-07-06,515170,,0.913,0.913,0.885,0.907,221966400.0,199180764.0,,,sina:515170,,
2021-07-07,515170,,0.9,0.916,0.9,0.915,153432997.0,139943610.0,,,sina:515170,,
2021-07-08,515170,,0.916,0.916,0.893,0.895,148318400.0,133926979.0,,,sina:515170,,
2021-07-09,515170,,0.896,0.897,0.866,0.877,214975900.0,188652987.0,,,sina:515170,,
2021-07-12,515170,,0.879,0.888,0.862,0.886,217000500.0,190133461.0,,,sina:515170,,
2021-07-13,515170,,0.889,0.91,0.888,0.908,220316431.0,199303153.0,,,sina:515170,,
2021-07-14,515170,,0.904,0.915,0.894,0.911,157793900.0,142962107.0,,,sina:515170,,
2021-07-15,515170,,0.91,0.932,0.906,0.929,196711500.0,181097408.0,,,sina:515170,,
2021-07-16,515170,,0.929,0.934,0.913,0.916,125981700.0,115855493.0,,,sina:515170,,
2021-07-19,515170,,0.911,0.922,0.903,0.92,122606900.0,111785224.0,,,sina:515170,,
2021-07-20,515170,,0.915,0.923,0.913,0.92,137420421.0,126286842.0,,,sina:515170,,
2021-07-21,515170,,0.92,0.933,0.913,0.918,153620800.0,141606769.0,,,sina:515170,,
2021-07-22,515170,,0.917,0.925,0.904,0.907,143231600.0,130613171.0,,,sina:515170,,
2021-07-23,515170,,0.902,0.903,0.881,0.885,175432200.0,155499240.0,,,sina:515170,,
2021-07-26,515170,,0.879,0.88,0.822,0.836,322645200.0,272755150.0,,,sina:515170,,
2021-07-27,515170,,0.831,0.836,0.797,0.803,270613493.0,220727112.0,,,sina:515170,,
2021-07-28,515170,,0.792,0.811,0.77,0.807,337962193.0,267069637.0,,,sina:515170,,
2021-07-29,515170,,0.818,0.825,0.8,0.801,235490100.0,190638114.0,,,sina:515170,,
2021-07-30,515170,,0.796,0.797,0.761,0.772,313737900.0,242341190.0,,,sina:515170,,
2021-08-02,515170,,0.76,0.809,0.75,0.807,376947200.0,293265655.0,,,sina:515170,,
2021-08-03,515170,,0.798,0.82,0.789,0.818,252038043.0,203376013.0,,,sina:515170,,
2021-08-04,515170,,0.811,0.82,0.802,0.806,168122800.0,135943359.0,,,sina:515170,,
2021-08-05,515170,,0.791,0.814,0.783,0.798,153298100.0,122524361.0,,,sina:515170,,
2021-08-06,515170,,0.794,0.796,0.78,0.792,148269700.0,116874057.0,,,sina:515170,,
2021-08-09,515170,,0.788,0.819,0.786,0.812,190671882.0,153980318.0,,,sina:515170,,
2021-08-10,515170,,0.814,0.855,0.805,0.851,344856356.0,286448569.0,,,sina:515170,,
2021-08-11,515170,,0.843,0.854,0.835,0.836,216830400.0,182428539.0,,,sina:515170,,
2021-08-12,515170,,0.832,0.842,0.818,0.822,156765602.0,129821159.0,,,sina:515170,,
2021-08-13,515170,,0.819,0.83,0.815,0.825,138824300.0,114086467.0,,,sina:515170,,
2021-08-16,515170,,0.825,0.833,0.819,0.829,118673600.0,98119988.0,,,sina:515170,,
2021-08-17,515170,,0.827,0.828,0.793,0.795,226323900.0,183195118.0,,,sina:515170,,
2021-08-18,515170,,0.79,0.802,0.783,0.797,148352100.0,117672007.0,,,sina:515170,,
2021-08-19,515170,,0.792,0.8,0.78,0.783,185048400.0,145873285.0,,,sina:515170,,
2021-08-20,515170,,0.774,0.775,0.738,0.745,425600567.0,319833037.0,,,sina:515170,,
2021-08-23,515170,,0.743,0.759,0.74,0.749,161248167.0,121046304.0,,,sina:515170,,
2021-08-24,515170,,0.752,0.771,0.748,0.768,199685770.0,152293171.0,,,sina:515170,,
2021-08-25,515170,,0.769,0.789,0.769,0.784,181353045.0,141859487.0,,,sina:515170,,
2021-08-26,515170,,0.784,0.784,0.758,0.76,167825029.0,128485227.0,,,sina:515170,,
2021-08-27,515170,,0.759,0.776,0.757,0.76,141116301.0,107944982.0,,,sina:515170,,
2021-08-30,515170,,0.767,0.77,0.744,0.76,183074000.0,138060551.0,,,sina:515170,,
2021-08-31,515170,,0.754,0.764,0.742,0.745,218923800.0,164079069.0,,,sina:515170,,
2021-09-01,515170,,0.745,0.777,0.728,0.77,343196900.0,258471286.0,,,sina:515170,,
2021-09-02,515170,,0.767,0.773,0.754,0.758,255958400.0,194966858.0,,,sina:515170,,
2021-09-03,515170,,0.752,0.771,0.741,0.764,252913901.0,191143571.0,,,sina:515170,,
2021-09-06,515170,,0.764,0.791,0.756,0.786,334338312.0,261218604.0,,,sina:515170,,
2021-09-07,515170,,0.782,0.791,0.778,0.787,178223352.0,139855084.0,,,sina:515170,,
2021-09-08,515170,,0.788,0.79,0.772,0.777,259859000.0,202323677.0,,,sina:515170,,
2021-09-09,515170,,0.775,0.781,0.768,0.774,165472254.0,128048475.0,,,sina:515170,,
2021-09-10,515170,,0.777,0.788,0.771,0.786,270136954.0,211034987.0,,,sina:515170,,
2021-09-13,515170,,0.783,0.791,0.77,0.777,175336240.0,136711065.0,,,sina:515170,,
2021-09-14,515170,,0.775,0.788,0.77,0.772,184615000.0,143630284.0,,,sina:515170,,
2021-09-15,515170,,0.769,0.769,0.748,0.752,253277500.0,191666386.0,,,sina:515170,,
2021-09-16,515170,,0.748,0.764,0.741,0.757,226071639.0,170479454.0,,,sina:515170,,
2021-09-17,515170,,0.755,0.781,0.749,0.776,301852100.0,231500962.0,,,sina:515170,,
2021-09-22,515170,,0.766,0.769,0.752,0.757,221498700.0,167969416.0,,,sina:515170,,
2021-09-23,515170,,0.757,0.774,0.755,0.765,185653389.0,141925250.0,,,sina:515170,,
2021-09-24,515170,,0.763,0.798,0.762,0.792,433752822.0,341374908.0,,,sina:515170,,
2021-09-27,515170,,0.802,0.851,0.802,0.836,511521667.0,425226059.0,,,sina:515170,,
2021-09-28,515170,,0.83,0.835,0.805,0.826,239714927.0,196881838.0,,,sina:515170,,
2021-09-29,515170,,0.817,0.83,0.808,0.824,237232122.0,194292763.0,,,sina:515170,,
2021-09-30,515170,,0.827,0.838,0.82,0.83,236569200.0,196289263.0,,,sina:515170,,
2021-10-08,515170,,0.835,0.86,0.824,0.851,319081195.0,270858116.0,,,sina:515170,,
2021-10-11,515170,,0.855,0.868,0.843,0.849,198956700.0,169602474.0,,,sina:515170,,
2021-10-12,515170,,0.842,0.853,0.831,0.848,186550100.0,157561801.0,,,sina:515170,,
2021-10-13,515170,,0.848,0.888,0.846,0.875,324772749.0,281578503.0,,,sina:515170,,
2021-10-14,515170,,0.871,0.884,0.859,0.874,176964889.0,154000316.0,,,sina:515170,,
2021-10-15,515170,,0.865,0.876,0.855,0.866,179834600.0,155490142.0,,,sina:515170,,
2021-10-18,515170,,0.855,0.855,0.816,0.821,396632300.0,327534073.0,,,sina:515170,,
2021-10-19,515170,,0.816,0.84,0.815,0.833,195143400.0,162287796.0,,,sina:515170,,
2021-10-20,515170,,0.836,0.846,0.83,0.836,152108800.0,127216599.0,,,sina:515170,,
2021-10-21,515170,,0.835,0.844,0.83,0.841,140500800.0,117756926.0,,,sina:515170,,
2021-10-22,515170,,0.841,0.864,0.839,0.855,219272100.0,186384430.0,,,sina:515170,,
2021-10-25,515170,,0.853,0.858,0.843,0.852,142308800.0,120870926.0,,,sina:515170,,
2021-10-26,515170,,0.852,0.859,0.843,0.851,154155668.0,131242655.0,,,sina:515170,,
2021-10-27,515170,,0.846,0.85,0.829,0.835,170081532.0,142249028.0,,,sina:515170,,
2021-10-28,515170,,0.834,0.848,0.833,0.842,171222300.0,144222847.0,,,sina:515170,,
2021-10-29,515170,,0.848,0.863,0.846,0.854,173818163.0,148836417.0,,,sina:515170,,
2021-11-01,515170,,0.845,0.853,0.825,0.844,166189400.0,139892765.0,,,sina:515170,,
2021-11-02,515170,,0.839,0.852,0.834,0.843,160810463.0,135787973.0,,,sina:515170,,
2021-11-03,515170,,0.843,0.848,0.835,0.837,121704500.0,102312375.0,,,sina:515170,,
2021-11-04,515170,,0.84,0.868,0.84,0.868,249099463.0,213611087.0,,,sina:515170,,
2021-11-05,515170,,0.868,0.878,0.86,0.864,162913015.0,141480843.0,,,sina:515170,,
2021-11-08,515170,,0.861,0.867,0.854,0.859,122356163.0,105101998.0,,,sina:515170,,
2021-11-09,515170,,0.859,0.864,0.849,0.853,158029800.0,134985668.0,,,sina:515170,,
2021-11-10,515170,,0.851,0.853,0.827,0.836,233864600.0,195412027.0,,,sina:515170,,
2021-11-11,515170,,0.832,0.84,0.83,0.838,155776703.0,129980563.0,,,sina:515170,,
2021-11-12,515170,,0.838,0.844,0.828,0.831,142042200.0,118349144.0,,,sina:515170,,
2021-11-15,515170,,0.83,0.844,0.829,0.839,189649300.0,158895920.0,,,sina:515170,,
2021-11-16,515170,,0.839,0.863,0.839,0.856,236690400.0,201929677.0,,,sina:515170,,
2021-11-17,515170,,0.854,0.858,0.846,0.853,115166300.0,98000816.0,,,sina:515170,,
2021-11-18,515170,,0.849,0.853,0.842,0.848,125709500.0,106518425.0,,,sina:515170,,
2021-11-19,515170,,0.847,0.865,0.845,0.856,161639499.0,138627629.0,,,sina:515170,,
2021-11-22,515170,,0.857,0.873,0.857,0.86,195463739.0,168852612.0,,,sina:515170,,
2021-11-23,515170,,0.859,0.866,0.853,0.859,143523700.0,123243826.0,,,sina:515170,,
2021-11-24,515170,,0.86,0.881,0.859,0.872,261417500.0,228013390.0,,,sina:515170,,
2021-11-25,515170,,0.877,0.885,0.868,0.872,126107261.0,110506608.0,,,sina:515170,,
2021-11-26,515170,,0.873,0.873,0.862,0.866,108497539.0,93935168.0,,,sina:515170,,
2021-11-29,515170,,0.86,0.87,0.859,0.869,149021400.0,128910812.0,,,sina:515170,,
2021-11-30,515170,,0.869,0.873,0.854,0.857,128650500.0,110674580.0,,,sina:515170,,
2021-12-01,515170,,0.86,0.866,0.855,0.859,97198100.0,83421177.0,,,sina:515170,,
2021-12-02,515170,,0.861,0.867,0.858,0.861,87821800.0,75669506.0,,,sina:515170,,
2021-12-03,515170,,0.861,0.885,0.861,0.881,250923429.0,220487864.0,,,sina:515170,,
2021-12-06,515170,,0.883,0.887,0.873,0.879,131985000.0,116236632.0,,,sina:515170,,
2021-12-07,515170,,0.881,0.894,0.88,0.884,144538069.0,128181857.0,,,sina:515170,,
2021-12-08,515170,,0.884,0.912,0.88,0.91,237336269.0,213916797.0,,,sina:515170,,
2021-12-09,515170,,0.914,0.941,0.911,0.926,273140756.0,252986498.0,,,sina:515170,,
2021-12-10,515170,,0.923,0.932,0.916,0.926,154007561.0,142335189.0,,,sina:515170,,
2021-12-13,515170,,0.938,0.952,0.93,0.932,185920265.0,175150388.0,,,sina:515170,,
2021-12-14,515170,,0.926,0.941,0.924,0.935,119114889.0,111367579.0,,,sina:515170,,
2021-12-15,515170,,0.933,0.934,0.916,0.92,154048000.0,142233549.0,,,sina:515170,,
2021-12-16,515170,,0.92,0.923,0.899,0.913,153728400.0,139463780.0,,,sina:515170,,
2021-12-17,515170,,0.91,0.912,0.889,0.891,201505100.0,180532263.0,,,sina:515170,,
2021-12-20,515170,,0.89,0.902,0.888,0.891,140834546.0,126107255.0,,,sina:515170,,
2021-12-21,515170,,0.892,0.898,0.88,0.89,137200600.0,122172642.0,,,sina:515170,,
2021-12-22,515170,,0.895,0.896,0.887,0.891,106983500.0,95358531.0,,,sina:515170,,
2021-12-23,515170,,0.892,0.905,0.883,0.903,188090100.0,168610610.0,,,sina:515170,,
2021-12-24,515170,,0.904,0.922,0.903,0.916,201939194.0,184722398.0,,,sina:515170,,
2021-12-27,515170,,0.915,0.916,0.902,0.913,128763085.0,117056732.0,,,sina:515170,,
2021-12-28,515170,,0.911,0.92,0.908,0.917,280021100.0,255820057.0,,,sina:515170,,
2021-12-29,515170,,0.919,0.92,0.878,0.88,348397000.0,309958083.0,,,sina:515170,,
2021-12-30,515170,,0.879,0.889,0.876,0.884,129936800.0,114730732.0,,,sina:515170,,
2021-12-31,515170,,0.888,0.888,0.873,0.881,163567100.0,143609613.0,,,sina:515170,,
2022-01-04,515170,,0.881,0.883,0.863,0.876,168073600.0,146240226.0,,,sina:515170,,
2022-01-05,515170,,0.876,0.888,0.87,0.875,196812600.0,172819320.0,,,sina:515170,,
2022-01-06,515170,,0.873,0.877,0.851,0.861,177253300.0,152813064.0,,,sina:515170,,
2022-01-07,515170,,0.86,0.861,0.846,0.846,172468600.0,146959189.0,,,sina:515170,,
2022-01-10,515170,,0.844,0.85,0.828,0.844,178079067.0,149753707.0,,,sina:515170,,
2022-01-11,515170,,0.84,0.846,0.831,0.833,131908900.0,110617789.0,,,sina:515170,,
2022-01-12,515170,,0.838,0.84,0.832,0.84,131418300.0,109969590.0,,,sina:515170,,
2022-01-13,515170,,0.841,0.842,0.814,0.815,220726000.0,182017630.0,,,sina:515170,,
2022-01-14,515170,,0.814,0.82,0.807,0.808,145245200.0,118074316.0,,,sina:515170,,
2022-01-17,515170,,0.806,0.812,0.794,0.811,161781100.0,130262709.0,,,sina:515170,,
2022-01-18,515170,,0.812,0.826,0.806,0.821,159795800.0,130894485.0,,,sina:515170,,
2022-01-19,515170,,0.824,0.825,0.81,0.816,156048000.0,127327622.0,,,sina:515170,,
2022-01-20,515170,,0.816,0.83,0.814,0.825,177132400.0,145921249.0,,,sina:515170,,
2022-01-21,515170,,0.82,0.84,0.817,0.833,176491000.0,146983385.0,,,sina:515170,,
2022-01-24,515170,,0.827,0.838,0.82,0.826,130841400.0,108300743.0,,,sina:515170,,
2022-01-25,515170,,0.824,0.827,0.805,0.806,151948700.0,124240256.0,,,sina:515170,,
2022-01-26,515170,,0.807,0.819,0.798,0.812,149025700.0,120767877.0,,,sina:515170,,
2022-01-27,515170,,0.812,0.821,0.799,0.799,161979600.0,131080791.0,,,sina:515170,,
2022-01-28,515170,,0.802,0.805,0.782,0.784,172348100.0,136836454.0,,,sina:515170,,
2022-02-07,515170,,0.791,0.803,0.778,0.784,154515700.0,122072751.0,,,sina:515170,,
2022-02-08,515170,,0.783,0.783,0.756,0.77,221045200.0,169242072.0,,,sina:515170,,
2022-02-09,515170,,0.77,0.798,0.766,0.796,211454700.0,165352380.0,,,sina:515170,,
2022-02-10,515170,,0.796,0.798,0.786,0.793,126217808.0,99715116.0,,,sina:515170,,
2022-02-11,515170,,0.789,0.807,0.785,0.789,151847700.0,121214740.0,,,sina:515170,,
2022-02-14,515170,,0.785,0.804,0.782,0.799,154651400.0,123369089.0,,,sina:515170,,
2022-02-15,515170,,0.797,0.813,0.797,0.809,231223900.0,186790189.0,,,sina:515170,,
2022-02-16,515170,,0.811,0.818,0.805,0.814,143472814.0,116594447.0,,,sina:515170,,
2022-02-17,515170,,0.813,0.818,0.808,0.812,131581400.0,106904677.0,,,sina:515170,,
2022-02-18,515170,,0.805,0.816,0.801,0.815,113001700.0,91452299.0,,,sina:515170,,
2022-02-21,515170,,0.814,0.821,0.809,0.815,93739700.0,76328798.0,,,sina:515170,,
2022-02-22,515170,,0.81,0.811,0.791,0.795,146340500.0,116344925.0,,,sina:515170,,
2022-02-23,515170,,0.795,0.802,0.79,0.801,214302200.0,171000284.0,,,sina:515170,,
2022-02-24,515170,,0.798,0.798,0.77,0.779,166152600.0,129860658.0,,,sina:515170,,
2022-02-25,515170,,0.779,0.793,0.779,0.785,89642499.0,70524106.0,,,sina:515170,,
2022-02-28,515170,,0.784,0.788,0.773,0.788,118435500.0,92515659.0,,,sina:515170,,
2022-03-01,515170,,0.789,0.805,0.789,0.803,121246926.0,96893980.0,,,sina:515170,,
2022-03-02,515170,,0.797,0.799,0.791,0.796,112362500.0,89290761.0,,,sina:515170,,
2022-03-03,515170,,0.796,0.799,0.776,0.777,126417500.0,98933484.0,,,sina:515170,,
2022-03-04,515170,,0.772,0.778,0.764,0.769,126846400.0,97694766.0,,,sina:515170,,
2022-03-07,515170,,0.765,0.765,0.731,0.734,238719000.0,177040503.0,,,sina:515170,,
2022-03-08,515170,,0.74,0.753,0.725,0.729,156344600.0,115431732.0,,,sina:515170,,
2022-03-09,515170,,0.729,0.738,0.698,0.722,192672129.0,138562571.0,,,sina:515170,,
2022-03-10,515170,,0.743,0.749,0.736,0.746,166466200.0,123868047.0,,,sina:515170,,
2022-03-11,515170,,0.737,0.75,0.729,0.748,131078600.0,96787730.0,,,sina:515170,,
2022-03-14,515170,,0.739,0.739,0.717,0.719,168390200.0,122122081.0,,,sina:515170,,
2022-03-15,515170,,0.706,0.711,0.68,0.682,208646600.0,144990340.0,,,sina:515170,,
2022-03-16,515170,,0.693,0.705,0.667,0.701,195385400.0,134400503.0,,,sina:515170,,
2022-03-17,515170,,0.71,0.733,0.707,0.721,161443390.0,116528494.0,,,sina:515170,,
2022-03-18,515170,,0.712,0.726,0.712,0.722,87154790.0,62500175.0,,,sina:515170,,
2022-03-21,515170,,0.726,0.729,0.713,0.718,94547100.0,67828636.0,,,sina:515170,,
2022-03-22,515170,,0.715,0.72,0.711,0.713,78791000.0,56290442.0,,,sina:515170,,
2022-03-23,515170,,0.714,0.724,0.711,0.721,101044900.0,72681096.0,,,sina:515170,,
2022-03-24,515170,,0.715,0.716,0.705,0.709,90419400.0,64091669.0,,,sina:515170,,
2022-03-25,515170,,0.71,0.712,0.69,0.691,123101900.0,85906483.0,,,sina:515170,,
2022-03-28,515170,,0.68,0.68,0.664,0.675,181017300.0,121329174.0,,,sina:515170,,
2022-03-29,515170,,0.677,0.682,0.668,0.669,93703000.0,63069512.0,,,sina:515170,,
2022-03-30,515170,,0.674,0.695,0.674,0.695,136270400.0,93386912.0,,,sina:515170,,
2022-03-31,515170,,0.692,0.696,0.688,0.689,108615300.0,75059649.0,,,sina:515170,,
2022-04-01,515170,,0.687,0.712,0.685,0.705,106066300.0,74482421.0,,,sina:515170,,
2022-04-06,515170,,0.7,0.705,0.693,0.698,101433600.0,70650465.0,,,sina:515170,,
2022-04-07,515170,,0.695,0.706,0.691,0.692,84554600.0,58919832.0,,,sina:515170,,
2022-04-08,515170,,0.692,0.698,0.69,0.69,60404200.0,41869634.0,,,sina:515170,,
2022-04-11,515170,,0.684,0.69,0.666,0.669,162947900.0,109502727.0,,,sina:515170,,
2022-04-12,515170,,0.665,0.702,0.665,0.7,203864900.0,139310893.0,,,sina:515170,,
2022-04-13,515170,,0.691,0.709,0.691,0.701,150114700.0,105246900.0,,,sina:515170,,
2022-04-14,515170,,0.706,0.737,0.705,0.731,224367953.0,162402006.0,,,sina:515170,,
2022-04-15,515170,,0.725,0.735,0.721,0.728,225882900.0,164898051.0,,,sina:515170,,
2022-04-18,515170,,0.725,0.726,0.714,0.725,227671300.0,163759111.0,,,sina:515170,,
2022-04-19,515170,,0.723,0.735,0.713,0.717,130148300.0,94009439.0,,,sina:515170,,
2022-04-20,515170,,0.718,0.737,0.709,0.725,164422256.0,119275873.0,,,sina:515170,,
2022-04-21,515170,,0.72,0.73,0.71,0.716,808025100.0,583217099.0,,,sina:515170,,
2022-04-22,515170,,0.711,0.721,0.702,0.715,113010700.0,80474163.0,,,sina:515170,,
2022-04-25,515170,,0.703,0.709,0.68,0.681,132851500.0,92603564.0,,,sina:515170,,
2022-04-26,515170,,0.681,0.706,0.681,0.694,154580700.0,107483907.0,,,sina:515170,,
2022-04-27,515170,,0.691,0.71,0.69,0.708,185308600.0,130164719.0,,,sina:515170,,
2022-04-28,515170,,0.712,0.719,0.705,0.717,171672300.0,122501000.0,,,sina:515170,,
2022-04-29,515170,,0.722,0.728,0.711,0.725,152572900.0,109861755.0,,,sina:515170,,
2022-05-05,515170,,0.724,0.737,0.722,0.723,368974290.0,268832020.0,,,sina:515170,,
2022-05-06,515170,,0.715,0.715,0.698,0.701,257020300.0,180589854.0,,,sina:515170,,
2022-05-09,515170,,0.694,0.696,0.684,0.691,171473000.0,118088677.0,,,sina:515170,,
2022-05-10,515170,,0.682,0.704,0.678,0.7,239757100.0,167517497.0,,,sina:515170,,
2022-05-11,515170,,0.7,0.716,0.699,0.708,119347206.0,84668615.0,,,sina:515170,,
2022-05-12,515170,,0.704,0.719,0.703,0.713,104314206.0,74275546.0,,,sina:515170,,
2022-05-13,515170,,0.713,0.719,0.705,0.71,85450307.0,60736296.0,,,sina:515170,,
2022-05-16,515170,,0.713,0.714,0.697,0.7,79065699.0,55614343.0,,,sina:515170,,
2022-05-17,515170,,0.7,0.705,0.698,0.704,64631399.0,45355628.0,,,sina:515170,,
2022-05-18,515170,,0.704,0.706,0.691,0.7,98859800.0,69015259.0,,,sina:515170,,
2022-05-19,515170,,0.691,0.695,0.689,0.693,106866600.0,73873152.0,,,sina:515170,,
2022-05-20,515170,,0.695,0.719,0.694,0.718,169474457.0,120379042.0,,,sina:515170,,
2022-05-23,515170,,0.72,0.721,0.705,0.71,118077900.0,83865371.0,,,sina:515170,,
2022-05-24,515170,,0.709,0.71,0.697,0.698,174805400.0,122819915.0,,,sina:515170,,
2022-05-25,515170,,0.696,0.702,0.69,0.697,140699800.0,97716591.0,,,sina:515170,,
2022-05-26,515170,,0.698,0.703,0.687,0.697,139407600.0,96766783.0,,,sina:515170,,
2022-05-27,515170,,0.7,0.709,0.696,0.699,131949026.0,92903989.0,,,sina:515170,,
2022-05-30,515170,,0.702,0.721,0.702,0.716,195939937.0,139987455.0,,,sina:515170,,
2022-05-31,515170,,0.715,0.741,0.712,0.738,213916012.0,156457479.0,,,sina:515170,,
2022-06-01,515170,,0.739,0.741,0.728,0.734,334934397.0,245572615.0,,,sina:515170,,
2022-06-02,515170,,0.731,0.733,0.726,0.73,117007400.0,85309133.0,,,sina:515170,,
2022-06-06,515170,,0.726,0.739,0.717,0.739,141514700.0,103297585.0,,,sina:515170,,
2022-06-07,515170,,0.739,0.756,0.733,0.75,167486900.0,125593024.0,,,sina:515170,,
2022-06-08,515170,,0.749,0.771,0.749,0.763,218929468.0,166652840.0,,,sina:515170,,
2022-06-09,515170,,0.761,0.769,0.75,0.751,118568354.0,89664525.0,,,sina:515170,,
2022-06-10,515170,,0.745,0.764,0.745,0.761,123067100.0,92725150.0,,,sina:515170,,
2022-06-13,515170,,0.755,0.757,0.738,0.749,144840100.0,108435027.0,,,sina:515170,,
2022-06-14,515170,,0.741,0.759,0.74,0.758,203807200.0,152579925.0,,,sina:515170,,
2022-06-15,515170,,0.759,0.778,0.754,0.767,209554262.0,160827699.0,,,sina:515170,,
2022-06-16,515170,,0.768,0.779,0.763,0.768,129352644.0,99939214.0,,,sina:515170,,
2022-06-17,515170,,0.763,0.783,0.76,0.783,157855407.0,122432072.0,,,sina:515170,,
2022-06-20,515170,,0.786,0.801,0.78,0.791,166967693.0,131921138.0,,,sina:515170,,
2022-06-21,515170,,0.788,0.799,0.782,0.788,223075100.0,176574195.0,,,sina:515170,,
2022-06-22,515170,,0.788,0.791,0.775,0.776,134352100.0,104977703.0,,,sina:515170,,
2022-06-23,515170,,0.776,0.786,0.772,0.785,125443300.0,97795519.0,,,sina:515170,,
2022-06-24,515170,,0.786,0.802,0.783,0.798,161541173.0,128331448.0,,,sina:515170,,
2022-06-27,515170,,0.802,0.827,0.802,0.819,211984969.0,173592461.0,,,sina:515170,,
2022-06-28,515170,食品饮料ETF,0.819,0.827,0.814,0.825,146190300.0,120058783.875,,,,,
2022-06-29,515170,食品饮料ETF,0.825,0.829,0.814,0.82,143379800.0,117858195.60000001,,,,,
2022-06-30,515170,食品饮料ETF,0.819,0.856,0.819,0.847,271271200.0,226579269.79999998,,,,,
2022-07-01,515170,食品饮料ETF,0.847,0.851,0.832,0.842,203958900.0,171937352.7,,,,,
2022-07-04,515170,食品饮料ETF,0.836,0.841,0.828,0.838,209562900.0,175142193.67499998,,,,,
2022-07-05,515170,食品饮料ETF,0.837,0.844,0.822,0.832,272050700.0,226822271.125,,,,,
2022-07-06,515170,食品饮料ETF,0.826,0.831,0.81,0.815,207293400.0,170084234.7,,,,,
2022-07-07,515170,食品饮料ETF,0.815,0.815,0.8,0.811,151212500.0,122519928.12499999,,,,,
2022-07-08,515170,食品饮料ETF,0.815,0.82,0.808,0.813,131902300.0,107368472.2,,,,,
2022-07-11,515170,食品饮料ETF,0.804,0.808,0.788,0.797,183808700.0,146909103.475,,,,,
2022-07-12,515170,食品饮料ETF,0.792,0.8,0.783,0.789,132374000.0,104707834.0,,,,,
2022-07-13,515170,食品饮料ETF,0.79,0.797,0.785,0.793,345183700.0,273126602.62500006,,,,,
2022-07-14,515170,食品饮料ETF,0.793,0.796,0.782,0.788,352945600.0,278738787.59999996,,,,,
2022-07-15,515170,食品饮料ETF,0.789,0.807,0.782,0.788,452491900.0,358147338.84999996,,,,,
2022-07-18,515170,食品饮料ETF,0.784,0.788,0.77,0.785,163110400.0,127511555.2,,,,,
2022-07-19,515170,食品饮料ETF,0.784,0.789,0.779,0.789,125209900.0,98321073.975,,,,,
2022-07-20,515170,食品饮料ETF,0.792,0.8,0.79,0.794,123313700.0,97911077.80000001,,,,,
2022-07-21,515170,食品饮料ETF,0.79,0.795,0.784,0.785,90357400.0,71246809.89999999,,,,,
2022-07-22,515170,食品饮料ETF,0.79,0.793,0.777,0.784,113614700.0,89301154.2,,,,,
2022-07-25,515170,食品饮料ETF,0.783,0.79,0.775,0.789,107048700.0,83952942.975,,,,,
2022-07-26,515170,食品饮料ETF,0.79,0.801,0.79,0.794,105353600.0,83624420.0,,,,,
2022-07-27,515170,食品饮料ETF,0.792,0.793,0.782,0.784,89230100.0,70291011.275,,,,,
2022-07-28,515170,食品饮料ETF,0.786,0.791,0.78,0.782,101314400.0,79506475.4,,,,,
2022-07-29,515170,食品饮料ETF,0.781,0.782,0.755,0.757,229597300.0,176502924.375,,,,,
2022-08-01,515170,食品饮料ETF,0.755,0.769,0.755,0.765,150720100.0,114697996.1,,,,,
2022-08-02,515170,食品饮料ETF,0.755,0.763,0.75,0.755,150432200.0,113689135.15,,,,,
2022-08-03,515170,食品饮料ETF,0.756,0.765,0.751,0.752,320082000.0,241981992.0,,,,,
2022-08-04,515170,食品饮料ETF,0.755,0.766,0.753,0.764,154740500.0,117525409.75000001,,,,,
2022-08-05,515170,食品饮料ETF,0.766,0.773,0.763,0.772,146221100.0,112370915.35,,,,,
2022-08-08,515170,食品饮料ETF,0.772,0.776,0.765,0.767,228701300.0,176100001.00000003,,,,,
2022-08-09,515170,食品饮料ETF,0.766,0.766,0.76,0.766,90557300.0,69231055.85,,,,,
2022-08-10,515170,食品饮料ETF,0.763,0.768,0.749,0.753,204226000.0,154854364.5,,,,,
2022-08-11,515170,食品饮料ETF,0.757,0.767,0.754,0.767,119768900.0,91174075.125,,,,,
2022-08-12,515170,食品饮料ETF,0.767,0.776,0.764,0.775,146659900.0,113001452.94999999,,,,,
2022-08-15,515170,食品饮料ETF,0.769,0.776,0.764,0.767,122350800.0,94087765.20000002,,,,,
2022-08-16,515170,食品饮料ETF,0.767,0.771,0.761,0.764,112879000.0,86437094.25,,,,,
2022-08-17,515170,食品饮料ETF,0.765,0.769,0.754,0.766,165054600.0,126019187.10000001,,,,,
2022-08-18,515170,食品饮料ETF,0.764,0.765,0.752,0.756,207961100.0,157894465.17499998,,,,,
2022-08-19,515170,食品饮料ETF,0.754,0.76,0.75,0.754,200710700.0,151436223.14999998,,,,,
2022-08-22,515170,食品饮料ETF,0.75,0.758,0.746,0.755,186253800.0,140109421.04999998,,,,,
2022-08-23,515170,食品饮料ETF,0.754,0.755,0.743,0.744,167139900.0,125187785.1,,,,,
2022-08-24,515170,食品饮料ETF,0.741,0.748,0.738,0.738,147113900.0,109048178.37500001,,,,,
2022-08-25,515170,食品饮料ETF,0.738,0.753,0.738,0.753,184298300.0,137394382.65,,,,,
2022-08-26,515170,食品饮料ETF,0.755,0.773,0.755,0.762,212556200.0,161808407.25,,,,,
2022-08-29,515170,食品饮料ETF,0.76,0.766,0.752,0.754,167066300.0,126636255.4,,,,,
2022-08-30,515170,食品饮料ETF,0.756,0.756,0.743,0.751,136608000.0,102660912.0,,,,,
2022-08-31,515170,食品饮料ETF,0.75,0.768,0.746,0.764,281240900.0,212899361.3,,,,,
2022-09-01,515170,食品饮料ETF,0.763,0.763,0.749,0.751,230871900.0,174654592.35000002,,,,,
2022-09-02,515170,食品饮料ETF,0.75,0.753,0.735,0.739,194326000.0,144627125.5,,,,,
2022-09-05,515170,食品饮料ETF,0.739,0.739,0.718,0.725,268147000.0,195814346.75,,,,,
2022-09-06,515170,食品饮料ETF,0.725,0.73,0.721,0.728,94033500.0,68268321.0,,,,,
2022-09-07,515170,食品饮料ETF,0.726,0.726,0.717,0.718,150061700.0,108307031.975,,,,,
2022-09-08,515170,食品饮料ETF,0.719,0.727,0.718,0.72,97890500.0,70579050.5,,,,,
2022-09-09,515170,食品饮料ETF,0.722,0.731,0.718,0.73,151870400.0,110144007.6,,,,,
2022-09-13,515170,食品饮料ETF,0.732,0.743,0.73,0.737,154551600.0,113672701.79999998,,,,,
2022-09-14,515170,食品饮料ETF,0.73,0.737,0.73,0.734,91711800.0,67201821.45,,,,,
2022-09-15,515170,食品饮料ETF,0.734,0.744,0.732,0.737,117689800.0,86707960.15,,,,,
2022-09-16,515170,食品饮料ETF,0.733,0.738,0.72,0.723,130040900.0,94734795.64999999,,,,,
2022-09-19,515170,食品饮料ETF,0.722,0.735,0.714,0.728,136577100.0,98984253.225,,,,,
2022-09-20,515170,食品饮料ETF,0.729,0.737,0.723,0.734,498396100.0,364202950.075,,,,,
2022-09-21,515170,食品饮料ETF,0.73,0.737,0.725,0.726,468638900.0,341872077.55,,,,,
2022-09-22,515170,食品饮料ETF,0.722,0.725,0.715,0.715,232380100.0,167139386.92499998,,,,,
2022-09-23,515170,食品饮料ETF,0.716,0.725,0.713,0.717,135477200.0,97238760.3,,,,,
2022-09-26,515170,食品饮料ETF,0.713,0.735,0.713,0.729,277351900.0,200386747.75,,,,,
2022-09-27,515170,食品饮料ETF,0.729,0.753,0.724,0.752,204117200.0,150944669.4,,,,,
2022-09-28,515170,食品饮料ETF,0.748,0.76,0.747,0.748,220835400.0,165792176.55,,,,,
2022-09-29,515170,食品饮料ETF,0.754,0.76,0.743,0.747,133868000.0,100534868.0,,,,,
2022-09-30,515170,食品饮料ETF,0.747,0.757,0.743,0.744,134009700.0,100205753.175,,,,,
2022-10-10,515170,食品饮料ETF,0.738,0.743,0.706,0.708,269519900.0,195065027.625,,,,,
2022-10-11,515170,食品饮料ETF,0.708,0.712,0.695,0.708,151056600.0,106608195.45,,,,,
2022-10-12,515170,食品饮料ETF,0.707,0.707,0.683,0.702,163924400.0,114706098.89999998,,,,,
2022-10-13,515170,食品饮料ETF,0.699,0.703,0.691,0.696,124595000.0,86873863.74999999,,,,,
2022-10-14,515170,食品饮料ETF,0.7,0.714,0.697,0.711,150721100.0,106333736.05,,,,,
2022-10-17,515170,食品饮料ETF,0.708,0.708,0.697,0.705,199531200.0,140569730.39999998,,,,,
2022-10-18,515170,食品饮料ETF,0.707,0.711,0.699,0.701,148466700.0,104594790.14999999,,,,,
2022-10-19,515170,食品饮料ETF,0.7,0.7,0.677,0.68,412749200.0,284487386.1,,,,,
2022-10-20,515170,食品饮料ETF,0.672,0.688,0.67,0.679,176483200.0,119523247.19999999,,,,,
2022-10-21,515170,食品饮料ETF,0.675,0.678,0.665,0.669,200490200.0,134679291.85000002,,,,,
2022-10-24,515170,食品饮料ETF,0.667,0.667,0.63,0.633,355862300.0,231043598.275,,,,,
2022-10-25,515170,食品饮料ETF,0.628,0.641,0.62,0.632,249037700.0,156956010.42499998,,,,,
2022-10-26,515170,食品饮料ETF,0.634,0.645,0.63,0.633,205079700.0,130328149.35,,,,,
2022-10-27,515170,食品饮料ETF,0.636,0.638,0.608,0.61,363454000.0,226431842.0,,,,,
2022-10-28,515170,食品饮料ETF,0.601,0.608,0.593,0.594,258844800.0,155048035.2,,,,,
2022-10-31,515170,食品饮料ETF,0.589,0.594,0.578,0.586,210681000.0,123617076.74999997,,,,,
2022-11-01,515170,食品饮料ETF,0.587,0.624,0.587,0.621,356246000.0,215439768.49999997,,,,,
2022-11-02,515170,食品饮料ETF,0.618,0.646,0.617,0.637,322348800.0,202918569.6,,,,,
2022-11-03,515170,食品饮料ETF,0.63,0.632,0.624,0.629,133982000.0,84241182.5,,,,,
2022-11-04,515170,食品饮料ETF,0.629,0.666,0.625,0.658,372970600.0,240379551.7,,,,,
2022-11-07,515170,食品饮料ETF,0.654,0.666,0.65,0.662,152123900.0,100097526.2,,,,,
2022-11-08,515170,食品饮料ETF,0.659,0.665,0.646,0.651,149714700.0,98100557.175,,,,,
2022-11-09,515170,食品饮料ETF,0.647,0.654,0.64,0.641,144784600.0,93458459.30000001,,,,,
2022-11-10,515170,食品饮料ETF,0.638,0.652,0.635,0.65,138989300.0,89474361.875,,,,,
2022-11-11,515170,食品饮料ETF,0.667,0.674,0.657,0.666,346529200.0,230788447.20000002,,,,,
2022-11-14,515170,食品饮料ETF,0.666,0.682,0.663,0.665,192196500.0,128579458.50000001,,,,,
2022-11-15,515170,食品饮料ETF,0.664,0.687,0.66,0.681,259841500.0,174873329.5,,,,,
2022-11-16,515170,食品饮料ETF,0.68,0.69,0.675,0.683,152783200.0,104198142.39999999,,,,,
2022-11-17,515170,食品饮料ETF,0.682,0.687,0.671,0.678,156493300.0,106337197.35,,,,,
2022-11-18,515170,食品饮料ETF,0.681,0.685,0.675,0.679,126369500.0,85931259.99999999,,,,,
2022-11-21,515170,食品饮料ETF,0.67,0.675,0.656,0.663,171654500.0,114321897.0,,,,,
2022-11-22,515170,食品饮料ETF,0.662,0.673,0.659,0.661,133252300.0,88446214.12500001,,,,,
2022-11-23,515170,食品饮料ETF,0.66,0.664,0.657,0.66,103300700.0,68204287.175,,,,,
2022-11-24,515170,食品饮料ETF,0.663,0.669,0.65,0.653,135656900.0,89363982.87500001,,,,,
2022-11-25,515170,食品饮料ETF,0.65,0.656,0.646,0.651,113216300.0,73675507.22500001,,,,,
2022-11-28,515170,食品饮料ETF,0.64,0.653,0.629,0.652,159059400.0,102354723.89999999,,,,,
2022-11-29,515170,食品饮料ETF,0.66,0.679,0.66,0.678,214584800.0,143610877.40000004,,,,,
2022-11-30,515170,食品饮料ETF,0.675,0.684,0.671,0.677,116889100.0,79104698.425,,,,,
2022-12-01,515170,食品饮料ETF,0.697,0.714,0.697,0.7,246231200.0,172854302.39999998,,,,,
2022-12-02,515170,食品饮料ETF,0.7,0.71,0.697,0.702,152122200.0,106827814.95,,,,,
2022-12-05,515170,食品饮料ETF,0.715,0.722,0.712,0.715,196486200.0,140684119.2,,,,,
2022-12-06,515170,食品饮料ETF,0.713,0.751,0.711,0.735,260720100.0,189673872.74999997,,,,,
2022-12-07,515170,食品饮料ETF,0.735,0.751,0.727,0.738,259856600.0,191709206.64999998,,,,,
2022-12-08,515170,食品饮料ETF,0.738,0.743,0.73,0.738,152869600.0,112703112.6,,,,,
2022-12-09,515170,食品饮料ETF,0.739,0.76,0.733,0.759,244049900.0,182488312.725,,,,,
2022-12-12,515170,食品饮料ETF,0.758,0.764,0.747,0.749,160757200.0,121291307.39999999,,,,,
2022-12-13,515170,食品饮料ETF,0.75,0.759,0.741,0.755,143604500.0,107882880.625,,,,,
2022-12-14,515170,食品饮料ETF,0.75,0.777,0.75,0.772,339288700.0,258622811.575,,,,,
2022-12-15,515170,食品饮料ETF,0.778,0.782,0.762,0.765,185542200.0,143192192.85,,,,,
2022-12-16,515170,食品饮料ETF,0.759,0.77,0.754,0.767,140507500.0,107136968.75000001,,,,,
2022-12-19,515170,食品饮料ETF,0.767,0.773,0.755,0.759,158951200.0,121359241.19999999,,,,,
2022-12-20,515170,食品饮料ETF,0.754,0.757,0.725,0.733,192514400.0,142893813.4,,,,,
2022-12-21,515170,食品饮料ETF,0.732,0.745,0.732,0.74,213543300.0,157434797.92499998,,,,,
2022-12-22,515170,食品饮料ETF,0.745,0.764,0.744,0.754,154857400.0,116414050.44999999,,,,,
2022-12-23,515170,食品饮料ETF,0.746,0.767,0.745,0.76,131162800.0,98962332.60000001,,,,,
2022-12-26,515170,食品饮料ETF,0.76,0.761,0.746,0.75,104074000.0,78497814.5,,,,,
2022-12-27,515170,食品饮料ETF,0.756,0.765,0.751,0.761,157758700.0,119620534.27499999,,,,,
2022-12-28,515170,食品饮料ETF,0.761,0.763,0.751,0.758,109867700.0,83307183.52499999,,,,,
2022-12-29,515170,食品饮料ETF,0.75,0.755,0.744,0.75,105446100.0,79058213.475,,,,,
2022-12-30,515170,食品饮料ETF,0.751,0.76,0.75,0.756,309101400.0,233139730.95000002,,,,,
2023-01-03,515170,食品饮料ETF,0.755,0.757,0.738,0.745,161580300.0,120983249.625,,,,,
2023-01-04,515170,食品饮料ETF,0.743,0.75,0.738,0.743,112760900.0,83837729.14999999,,,,,
2023-01-05,515170,食品饮料ETF,0.748,0.778,0.745,0.774,242313600.0,184461228.0,,,,,
2023-01-06,515170,食品饮料ETF,0.774,0.779,0.766,0.776,141145500.0,109211330.625,,,,,
2023-01-09,515170,食品饮料ETF,0.777,0.793,0.772,0.79,188059400.0,147250510.20000002,,,,,
2023-01-10,515170,食品饮料ETF,0.787,0.8,0.786,0.796,170533300.0,135105006.925,,,,,
2023-01-11,515170,食品饮料ETF,0.797,0.799,0.786,0.793,171760300.0,136334738.125,,,,,
2023-01-12,515170,食品饮料ETF,0.791,0.797,0.783,0.787,90501400.0,71450855.3,,,,,
2023-01-13,515170,食品饮料ETF,0.784,0.81,0.784,0.808,160651600.0,127958999.39999999,,,,,
2023-01-16,515170,食品饮料ETF,0.809,0.837,0.809,0.825,168759600.0,138382872.0,,,,,
2023-01-17,515170,食品饮料ETF,0.825,0.827,0.813,0.818,108991800.0,89455019.84999998,,,,,
2023-01-18,515170,食品饮料ETF,0.817,0.829,0.808,0.81,97112600.0,79243881.60000001,,,,,
2023-01-19,515170,食品饮料ETF,0.81,0.811,0.798,0.807,119799900.0,96618619.35,,,,,
2023-01-20,515170,食品饮料ETF,0.808,0.819,0.802,0.804,117715800.0,95143795.35000001,,,,,
2023-01-30,515170,食品饮料ETF,0.82,0.824,0.809,0.817,171324500.0,140057778.75,,,,,
2023-01-31,515170,食品饮料ETF,0.817,0.822,0.795,0.795,135752000.0,109585802.0,,,,,
2023-02-01,515170,食品饮料ETF,0.795,0.801,0.785,0.8,182590100.0,145204777.02500004,,,,,
2023-02-02,515170,食品饮料ETF,0.8,0.811,0.795,0.806,183672600.0,147489097.8,,,,,
2023-02-03,515170,食品饮料ETF,0.801,0.804,0.788,0.798,250898000.0,200153879.50000006,,,,,
2023-02-06,515170,食品饮料ETF,0.782,0.788,0.771,0.782,245412100.0,191605497.07500002,,,,,
2023-02-07,515170,食品饮料ETF,0.775,0.789,0.775,0.782,123928900.0,96695524.225,,,,,
2023-02-08,515170,食品饮料ETF,0.783,0.786,0.774,0.776,97288800.0,75860941.80000001,,,,,
2023-02-09,515170,食品饮料ETF,0.775,0.798,0.774,0.797,203389700.0,159864304.20000002,,,,,
2023-02-10,515170,食品饮料ETF,0.795,0.803,0.792,0.8,172000000.0,137170000.00000003,,,,,
2023-02-13,515170,食品饮料ETF,0.798,0.83,0.798,0.822,201275000.0,163435300.0,,,,,
2023-02-14,515170,食品饮料ETF,0.823,0.831,0.818,0.822,100627800.0,82866993.3,,,,,
2023-02-15,515170,食品饮料ETF,0.822,0.828,0.817,0.818,111356200.0,91451279.25,,,,,
2023-02-16,515170,食品饮料ETF,0.817,0.835,0.813,0.821,186420200.0,153144194.29999998,,,,,
2023-02-17,515170,食品饮料ETF,0.819,0.834,0.812,0.813,200559100.0,164358182.45,,,,,
2023-02-20,515170,食品饮料ETF,0.811,0.831,0.807,0.829,160291400.0,131358802.3,,,,,
2023-02-21,515170,食品饮料ETF,0.828,0.829,0.816,0.823,114960000.0,94727039.99999999,,,,,
2023-02-22,515170,食品饮料ETF,0.817,0.829,0.813,0.819,109210600.0,89498086.69999999,,,,,
2023-02-23,515170,食品饮料ETF,0.818,0.824,0.807,0.812,91045100.0,74224517.77499999,,,,,
2023-02-24,515170,食品饮料ETF,0.812,0.812,0.795,0.799,143449000.0,115404720.5,,,,,
2023-02-27,515170,食品饮料ETF,0.794,0.812,0.792,0.809,131418000.0,105364381.5,,,,,
2023-02-28,515170,食品饮料ETF,0.809,0.815,0.8,0.81,91992200.0,74375693.7,,,,,
2023-03-01,515170,食品饮料ETF,0.811,0.819,0.803,0.815,127919400.0,103870552.8,,,,,
2023-03-02,515170,食品饮料ETF,0.814,0.818,0.81,0.815,81504800.0,66365283.400000006,,,,,
2023-03-03,515170,食品饮料ETF,0.819,0.823,0.804,0.809,106362600.0,86552565.75,,,,,
2023-03-06,515170,食品饮料ETF,0.807,0.813,0.801,0.807,101317700.0,81763383.9,,,,,
2023-03-07,515170,食品饮料ETF,0.807,0.807,0.791,0.792,103580700.0,82786874.47500001,,,,,
2023-03-08,515170,食品饮料ETF,0.79,0.794,0.783,0.786,84472300.0,66585290.475,,,,,
2023-03-09,515170,食品饮料ETF,0.785,0.789,0.772,0.78,117658600.0,91950195.9,,,,,
2023-03-10,515170,食品饮料ETF,0.776,0.784,0.769,0.77,94540300.0,73245097.42500001,,,,,
2023-03-13,515170,食品饮料ETF,0.769,0.787,0.769,0.784,102195900.0,79431763.275,,,,,
2023-03-14,515170,食品饮料ETF,0.784,0.784,0.769,0.777,87175500.0,67866126.75,,,,,
2023-03-15,515170,食品饮料ETF,0.78,0.784,0.766,0.767,88672200.0,68654450.85000001,,,,,
2023-03-16,515170,食品饮料ETF,0.765,0.777,0.76,0.766,112468900.0,86263646.30000001,,,,,
2023-03-17,515170,食品饮料ETF,0.77,0.774,0.754,0.758,129432700.0,98886582.8,,,,,
2023-03-20,515170,食品饮料ETF,0.757,0.758,0.743,0.747,88947300.0,66821659.125,,,,,
2023-03-21,515170,食品饮料ETF,0.747,0.769,0.746,0.765,118998200.0,90051887.85000001,,,,,
2023-03-22,515170,食品饮料ETF,0.765,0.775,0.763,0.765,92837300.0,71206209.1,,,,,
2023-03-23,515170,食品饮料ETF,0.763,0.778,0.76,0.77,131578300.0,101019239.82499999,,,,,
2023-03-24,515170,食品饮料ETF,0.77,0.78,0.767,0.771,109576600.0,84593135.19999999,,,,,
2023-03-27,515170,食品饮料ETF,0.771,0.772,0.763,0.765,105955800.0,81347565.44999999,,,,,
2023-03-28,515170,食品饮料ETF,0.766,0.78,0.766,0.778,94184700.0,72757680.75,,,,,
2023-03-29,515170,食品饮料ETF,0.779,0.784,0.775,0.783,101151300.0,78923301.825,,,,,
2023-03-30,515170,食品饮料ETF,0.785,0.793,0.777,0.79,116550100.0,91637516.12500001,,,,,
2023-03-31,515170,食品饮料ETF,0.792,0.803,0.789,0.79,135557300.0,107564717.55000001,,,,,
2023-04-03,515170,食品饮料ETF,0.79,0.794,0.782,0.788,120985200.0,95396830.2,,,,,
2023-04-04,515170,食品饮料ETF,0.786,0.798,0.783,0.796,227126600.0,179600358.95,,,,,
2023-04-06,515170,食品饮料ETF,0.794,0.794,0.775,0.779,160209300.0,125844405.14999999,,,,,
2023-04-07,515170,食品饮料ETF,0.775,0.784,0.772,0.777,141003900.0,109560030.30000001,,,,,
2023-04-10,515170,食品饮料ETF,0.774,0.774,0.751,0.767,289593100.0,221973111.14999998,,,,,
2023-04-11,515170,食品饮料ETF,0.76,0.766,0.751,0.754,492877900.0,373478228.725,,,,,
2023-04-12,515170,食品饮料ETF,0.754,0.754,0.735,0.737,170566100.0,127071744.5,,,,,
2023-04-13,515170,食品饮料ETF,0.734,0.743,0.731,0.741,86489200.0,63764162.699999996,,,,,
2023-04-14,515170,食品饮料ETF,0.741,0.745,0.731,0.735,132510600.0,97792822.8,,,,,
2023-04-17,515170,食品饮料ETF,0.736,0.749,0.736,0.745,260745500.0,193342788.25,,,,,
2023-04-18,515170,食品饮料ETF,0.745,0.751,0.742,0.746,137358300.0,102469291.8,,,,,
2023-04-19,515170,食品饮料ETF,0.749,0.749,0.738,0.741,95409200.0,71008297.1,,,,,
2023-04-20,515170,食品饮料ETF,0.74,0.743,0.728,0.731,134639500.0,99027352.25,,,,,
2023-04-21,515170,食品饮料ETF,0.731,0.738,0.725,0.726,98222600.0,71702498.0,,,,,
2023-04-24,515170,食品饮料ETF,0.726,0.727,0.71,0.714,247573300.0,178067096.02499998,,,,,
2023-04-25,515170,食品饮料ETF,0.713,0.725,0.709,0.724,169715200.0,121813084.8,,,,,
2023-04-26,515170,食品饮料ETF,0.723,0.725,0.713,0.722,130203600.0,93844244.7,,,,,
2023-04-27,515170,食品饮料ETF,0.719,0.731,0.717,0.726,114197500.0,82593341.875,,,,,
2023-04-28,515170,食品饮料ETF,0.73,0.741,0.73,0.736,128137800.0,94085179.64999999,,,,,
2023-05-04,515170,食品饮料ETF,0.74,0.746,0.725,0.729,112778800.0,82892418.0,,,,,
2023-05-05,515170,食品饮料ETF,0.729,0.736,0.726,0.735,149448400.0,109321504.60000001,,,,,
2023-05-08,515170,食品饮料ETF,0.735,0.738,0.726,0.727,107358900.0,78533035.35000001,,,,,
2023-05-09,515170,食品饮料ETF,0.727,0.737,0.72,0.728,208121700.0,151512597.6,,,,,
2023-05-10,515170,食品饮料ETF,0.723,0.727,0.718,0.722,97721700.0,70603928.24999999,,,,,
2023-05-11,515170,食品饮料ETF,0.725,0.728,0.717,0.719,69350400.0,50088326.4,,,,,
2023-05-12,515170,食品饮料ETF,0.719,0.725,0.711,0.713,102794400.0,73703584.8,,,,,
2023-05-15,515170,食品饮料ETF,0.711,0.719,0.707,0.719,85327900.0,60924120.599999994,,,,,
2023-05-16,515170,食品饮料ETF,0.717,0.718,0.709,0.712,80444900.0,57437658.599999994,,,,,
2023-05-17,515170,食品饮料ETF,0.713,0.713,0.702,0.705,84412000.0,59784798.99999999,,,,,
2023-05-18,515170,食品饮料ETF,0.706,0.708,0.698,0.701,91089300.0,64058550.225,,,,,
2023-05-19,515170,食品饮料ETF,0.699,0.712,0.692,0.711,165003700.0,116080102.95,,,,,
2023-05-22,515170,食品饮料ETF,0.706,0.732,0.701,0.728,237767000.0,170419497.25,,,,,
2023-05-23,515170,食品饮料ETF,0.728,0.729,0.718,0.718,116153300.0,84007874.225,,,,,
2023-05-24,515170,食品饮料ETF,0.714,0.716,0.706,0.707,122014700.0,86721948.02499999,,,,,
2023-05-25,515170,食品饮料ETF,0.705,0.706,0.696,0.701,132985500.0,93355821.0,,,,,
2023-05-26,515170,食品饮料ETF,0.701,0.707,0.694,0.701,104749800.0,73403422.35,,,,,
2023-05-29,515170,食品饮料ETF,0.702,0.704,0.69,0.695,162866700.0,113640239.925,,,,,
2023-05-30,515170,食品饮料ETF,0.692,0.697,0.68,0.686,208140700.0,143356907.12500003,,,,,
2023-05-31,515170,食品饮料ETF,0.684,0.684,0.67,0.673,162465400.0,110110924.85000001,,,,,
2023-06-01,515170,食品饮料ETF,0.67,0.69,0.67,0.677,156669100.0,106025813.425,,,,,
2023-06-02,515170,食品饮料ETF,0.68,0.693,0.676,0.691,202023900.0,138386371.5,,,,,
2023-06-05,515170,食品饮料ETF,0.69,0.691,0.679,0.68,102253400.0,70043579.0,,,,,
2023-06-06,515170,食品饮料ETF,0.681,0.688,0.674,0.678,105968800.0,72085276.19999999,,,,,
2023-06-07,515170,食品饮料ETF,0.681,0.684,0.669,0.671,127622400.0,86304648.0,,,,,
2023-06-08,515170,食品饮料ETF,0.671,0.679,0.668,0.676,119387300.0,80407346.55,,,,,
2023-06-09,515170,食品饮料ETF,0.679,0.68,0.673,0.675,107835300.0,72977539.275,,,,,
2023-06-12,515170,食品饮料ETF,0.674,0.696,0.67,0.69,150361300.0,102621587.24999999,,,,,
2023-06-13,515170,食品饮料ETF,0.686,0.701,0.686,0.697,125262000.0,86743935.0,,,,,
2023-06-14,515170,食品饮料ETF,0.698,0.716,0.697,0.711,149446100.0,105434223.55,,,,,
2023-06-15,515170,食品饮料ETF,0.711,0.725,0.709,0.724,268030300.0,192244732.675,,,,,
2023-06-16,515170,食品饮料ETF,0.724,0.731,0.72,0.726,123067300.0,89254559.32499999,,,,,
2023-06-19,515170,食品饮料ETF,0.726,0.73,0.709,0.714,163975600.0,118021438.1,,,,,
2023-06-20,515170,食品饮料ETF,0.712,0.716,0.704,0.706,119674800.0,84909270.60000001,,,,,
2023-06-21,515170,食品饮料ETF,0.703,0.707,0.697,0.699,121988500.0,85574932.75,,,,,
2023-06-26,515170,食品饮料ETF,0.695,0.695,0.678,0.683,117211100.0,80611934.02499999,,,,,
2023-06-27,515170,食品饮料ETF,0.682,0.689,0.677,0.687,111744600.0,76405370.25000001,,,,,
2023-06-28,515170,食品饮料ETF,0.688,0.694,0.683,0.69,96234300.0,66281374.125,,,,,
2023-06-29,515170,食品饮料ETF,0.693,0.693,0.678,0.682,89595000.0,61506967.5,,,,,
2023-06-30,515170,食品饮料ETF,0.682,0.684,0.676,0.68,115920700.0,78884036.35000001,,,,,
2023-07-03,515170,食品饮料ETF,0.679,0.696,0.675,0.696,141267800.0,96980344.69999999,,,,,
2023-07-04,515170,食品饮料ETF,0.694,0.698,0.689,0.698,87814200.0,61008915.449999996,,,,,
2023-07-05,515170,食品饮料ETF,0.699,0.7,0.684,0.686,119391600.0,82648835.10000001,,,,,
2023-07-06,515170,食品饮料ETF,0.684,0.692,0.679,0.68,80465300.0,55018148.87500001,,,,,
2023-07-07,515170,食品饮料ETF,0.678,0.683,0.676,0.678,80011900.0,54308077.12500001,,,,,
2023-07-10,515170,食品饮料ETF,0.68,0.687,0.678,0.68,101577500.0,69199671.875,,,,,
2023-07-11,515170,食品饮料ETF,0.68,0.682,0.675,0.681,84337000.0,57306991.5,,,,,
2023-07-12,515170,食品饮料ETF,0.678,0.685,0.678,0.681,77057500.0,52437628.75,,,,,
2023-07-13,515170,食品饮料ETF,0.683,0.701,0.682,0.7,158261800.0,109438034.7,,,,,
2023-07-14,515170,食品饮料ETF,0.702,0.705,0.692,0.697,103930500.0,72647419.5,,,,,
2023-07-17,515170,食品饮料ETF,0.697,0.697,0.683,0.688,76208100.0,52678849.12499999,,,,,
2023-07-18,515170,食品饮料ETF,0.689,0.689,0.681,0.684,81165700.0,55659378.775,,,,,
2023-07-19,515170,食品饮料ETF,0.682,0.685,0.678,0.681,86113000.0,58686009.5,,,,,
2023-07-20,515170,食品饮料ETF,0.682,0.691,0.679,0.681,95807500.0,65460474.37499999,,,,,
2023-07-21,515170,食品饮料ETF,0.682,0.699,0.68,0.694,254565100.0,175331712.625,,,,,
2023-07-24,515170,食品饮料ETF,0.691,0.692,0.683,0.687,142187300.0,97860409.22500001,,,,,
2023-07-25,515170,食品饮料ETF,0.698,0.718,0.698,0.715,254332700.0,179876802.075,,,,,
2023-07-26,515170,食品饮料ETF,0.713,0.721,0.709,0.718,222962000.0,159473570.5,,,,,
2023-07-27,515170,食品饮料ETF,0.717,0.728,0.713,0.72,165533600.0,119101425.2,,,,,
2023-07-28,515170,食品饮料ETF,0.715,0.737,0.714,0.734,151862700.0,110100457.5,,,,,
2023-07-31,515170,食品饮料ETF,0.738,0.758,0.734,0.736,198707400.0,147341537.10000002,,,,,
2023-08-01,515170,食品饮料ETF,0.735,0.743,0.726,0.729,156994200.0,115115997.14999999,,,,,
2023-08-02,515170,食品饮料ETF,0.728,0.733,0.722,0.727,105820400.0,76984341.0,,,,,
2023-08-03,515170,食品饮料ETF,0.726,0.733,0.719,0.732,156600700.0,113927009.24999999,,,,,
2023-08-04,515170,食品饮料ETF,0.74,0.743,0.73,0.732,115335800.0,84915982.75,,,,,
2023-08-07,515170,食品饮料ETF,0.731,0.731,0.719,0.723,179838100.0,130562460.6,,,,,
2023-08-08,515170,食品饮料ETF,0.723,0.726,0.717,0.724,138218200.0,99862649.5,,,,,
2023-08-09,515170,食品饮料ETF,0.72,0.726,0.72,0.725,124814300.0,90209535.325,,,,,
2023-08-10,515170,食品饮料ETF,0.725,0.725,0.715,0.721,100411300.0,72446752.94999999,,,,,
2023-08-11,515170,食品饮料ETF,0.721,0.724,0.705,0.705,103426500.0,73820664.375,,,,,
2023-08-14,515170,食品饮料ETF,0.701,0.702,0.688,0.697,149937400.0,104506367.79999998,,,,,
2023-08-15,515170,食品饮料ETF,0.697,0.699,0.69,0.695,105490300.0,73342131.07499999,,,,,
2023-08-16,515170,食品饮料ETF,0.694,0.698,0.691,0.694,74887000.0,51990299.74999999,,,,,
2023-08-17,515170,食品饮料ETF,0.691,0.705,0.687,0.705,98215800.0,68456412.60000001,,,,,
2023-08-18,515170,食品饮料ETF,0.705,0.706,0.69,0.69,89804900.0,62661368.975,,,,,
2023-08-21,515170,食品饮料ETF,0.69,0.696,0.681,0.687,135613600.0,93369963.6,,,,,
2023-08-22,515170,食品饮料ETF,0.69,0.691,0.676,0.686,116295900.0,79749913.425,,,,,
2023-08-23,515170,食品饮料ETF,0.681,0.686,0.673,0.675,84410100.0,57293355.37500001,,,,,
2023-08-24,515170,食品饮料ETF,0.68,0.693,0.673,0.689,265773400.0,181722562.25,,,,,
2023-08-25,515170,食品饮料ETF,0.688,0.69,0.682,0.686,105171400.0,72200166.1,,,,,
2023-08-28,515170,食品饮料ETF,0.72,0.725,0.682,0.686,342847500.0,241107504.375,,,,,
2023-08-29,515170,食品饮料ETF,0.683,0.696,0.68,0.694,175455500.0,120757247.875,,,,,
2023-08-30,515170,食品饮料ETF,0.695,0.699,0.69,0.692,298578900.0,207213756.6,,,,,
2023-08-31,515170,食品饮料ETF,0.692,0.693,0.685,0.689,91942300.0,63417201.425,,,,,
2023-09-01,515170,食品饮料ETF,0.692,0.702,0.692,0.697,83896500.0,58370989.87499999,,,,,
2023-09-04,515170,食品饮料ETF,0.7,0.719,0.7,0.716,244458900.0,173260245.375,,,,,
2023-09-05,515170,食品饮料ETF,0.713,0.717,0.707,0.709,101819300.0,72444431.94999999,,,,,
2023-09-06,515170,食品饮料ETF,0.708,0.71,0.703,0.708,67290800.0,47591418.3,,,,,
2023-09-07,515170,食品饮料ETF,0.706,0.706,0.696,0.698,138339300.0,97045018.95,,,,,
2023-09-08,515170,食品饮料ETF,0.696,0.698,0.69,0.693,103556100.0,71893822.425,,,,,
2023-09-11,515170,食品饮料ETF,0.695,0.704,0.69,0.7,91245200.0,63620715.7,,,,,
2023-09-12,515170,食品饮料ETF,0.702,0.702,0.696,0.698,57161100.0,39984189.45,,,,,
2023-09-13,515170,食品饮料ETF,0.7,0.705,0.692,0.698,130066900.0,90884246.375,,,,,
2023-09-14,515170,食品饮料ETF,0.698,0.7,0.69,0.693,98372200.0,68393272.05,,,,,
2023-09-15,515170,食品饮料ETF,0.697,0.698,0.685,0.687,80972200.0,56012519.35,,,,,
2023-09-18,515170,食品饮料ETF,0.687,0.695,0.681,0.693,147294700.0,101486048.3,,,,,
2023-09-19,515170,食品饮料ETF,0.692,0.692,0.683,0.689,91510500.0,63050734.499999985,,,,,
2023-09-20,515170,食品饮料ETF,0.69,0.69,0.685,0.686,83646900.0,57528155.474999994,,,,,
2023-09-21,515170,食品饮料ETF,0.685,0.685,0.674,0.675,87422900.0,59425716.275,,,,,
2023-09-22,515170,食品饮料ETF,0.674,0.689,0.672,0.689,334158300.0,227561802.3,,,,,
2023-09-25,515170,食品饮料ETF,0.69,0.69,0.682,0.684,65262800.0,44802912.2,,,,,
2023-09-26,515170,食品饮料ETF,0.684,0.686,0.677,0.679,63556700.0,43313891.05,,,,,
2023-09-27,515170,食品饮料ETF,0.679,0.686,0.675,0.679,78983500.0,53689034.12500001,,,,,
2023-09-28,515170,食品饮料ETF,0.682,0.682,0.67,0.673,88498300.0,59891224.525,,,,,
2023-10-09,515170,食品饮料ETF,0.672,0.672,0.661,0.67,115824300.0,77457500.62500001,,,,,
2023-10-10,515170,食品饮料ETF,0.669,0.677,0.663,0.665,75849200.0,50705190.20000001,,,,,
2023-10-11,515170,食品饮料ETF,0.667,0.67,0.665,0.667,139900900.0,93348875.525,,,,,
2023-10-12,515170,食品饮料ETF,0.669,0.674,0.666,0.669,155584900.0,104164090.55,,,,,
2023-10-13,515170,食品饮料ETF,0.668,0.668,0.653,0.656,121227800.0,80161882.75,,,,,
2023-10-16,515170,食品饮料ETF,0.655,0.656,0.643,0.645,96607900.0,62770983.025000006,,,,,
2023-10-17,515170,食品饮料ETF,0.647,0.648,0.639,0.646,84172300.0,54291133.5,,,,,
2023-10-18,515170,食品饮料ETF,0.644,0.651,0.64,0.644,81008400.0,52230165.900000006,,,,,
2023-10-19,515170,食品饮料ETF,0.641,0.641,0.624,0.626,101789800.0,64432943.4,,,,,
2023-10-20,515170,食品饮料ETF,0.622,0.63,0.619,0.622,73588000.0,45863721.00000001,,,,,
2023-10-23,515170,食品饮料ETF,0.621,0.629,0.615,0.619,72603000.0,45086463.0,,,,,
2023-10-24,515170,食品饮料ETF,0.62,0.627,0.614,0.623,103890000.0,64515690.0,,,,,
2023-10-25,515170,食品饮料ETF,0.63,0.644,0.63,0.637,111952000.0,71117508.0,,,,,
2023-10-26,515170,食品饮料ETF,0.633,0.643,0.632,0.642,64636200.0,41205577.5,,,,,
2023-10-27,515170,食品饮料ETF,0.641,0.656,0.639,0.653,109426600.0,70826366.85000001,,,,,
2023-10-30,515170,食品饮料ETF,0.656,0.662,0.653,0.661,152253300.0,100182671.4,,,,,
2023-10-31,515170,食品饮料ETF,0.662,0.666,0.658,0.664,95958300.0,63572373.75,,,,,
2023-11-01,515170,食品饮料ETF,0.69,0.693,0.673,0.673,336290700.0,229434330.07500002,,,,,
2023-11-02,515170,食品饮料ETF,0.674,0.677,0.665,0.666,84416300.0,56601129.150000006,,,,,
2023-11-03,515170,食品饮料ETF,0.667,0.676,0.664,0.673,83569300.0,55991431.0,,,,,
2023-11-06,515170,食品饮料ETF,0.675,0.677,0.668,0.673,104305800.0,70223879.85000001,,,,,
2023-11-07,515170,食品饮料ETF,0.671,0.673,0.666,0.669,72060300.0,48262385.925,,,,,
2023-11-08,515170,食品饮料ETF,0.67,0.673,0.665,0.669,75943800.0,50825388.15,,,,,
2023-11-09,515170,食品饮料ETF,0.668,0.673,0.665,0.669,74675400.0,49939173.75000001,,,,,
2023-11-10,515170,食品饮料ETF,0.666,0.667,0.66,0.662,72086900.0,47847679.87500001,,,,,
2023-11-13,515170,食品饮料ETF,0.665,0.665,0.654,0.659,81854900.0,54085625.175000004,,,,,
2023-11-14,515170,食品饮料ETF,0.661,0.664,0.655,0.658,62680700.0,41337921.65,,,,,
2023-11-15,515170,食品饮料ETF,0.663,0.665,0.66,0.664,67390600.0,44679967.800000004,,,,,
2023-11-16,515170,食品饮料ETF,0.663,0.664,0.656,0.657,60269500.0,39777870.0,,,,,
2023-11-17,515170,食品饮料ETF,0.658,0.658,0.649,0.653,68206400.0,44641088.8,,,,,
2023-11-20,515170,食品饮料ETF,0.655,0.659,0.648,0.655,66009800.0,43186911.65,,,,,
2023-11-21,515170,食品饮料ETF,0.656,0.668,0.655,0.665,102000900.0,67422594.9,,,,,
2023-11-22,515170,食品饮料ETF,0.662,0.664,0.659,0.659,60070900.0,39706864.9,,,,,
2023-11-23,515170,食品饮料ETF,0.659,0.661,0.653,0.66,60144400.0,39590051.3,,,,,
2023-11-24,515170,食品饮料ETF,0.661,0.662,0.656,0.657,62762800.0,41360685.2,,,,,
2023-11-27,515170,食品饮料ETF,0.657,0.657,0.645,0.65,76330500.0,49786568.625,,,,,
2023-11-28,515170,食品饮料ETF,0.648,0.653,0.645,0.65,61303600.0,39786036.4,,,,,
2023-11-29,515170,食品饮料ETF,0.649,0.649,0.642,0.649,60019300.0,38847491.925,,,,,
2023-11-30,515170,食品饮料ETF,0.649,0.654,0.646,0.652,61967800.0,40294561.95,,,,,
2023-12-01,515170,食品饮料ETF,0.651,0.652,0.64,0.646,79901300.0,51716116.42500001,,,,,
2023-12-04,515170,食品饮料ETF,0.645,0.645,0.635,0.635,70220600.0,44941184.0,,,,,
2023-12-05,515170,食品饮料ETF,0.633,0.635,0.622,0.623,76443800.0,48025817.35,,,,,
2023-12-06,515170,食品饮料ETF,0.624,0.629,0.62,0.625,72494300.0,45272690.35,,,,,
2023-12-07,515170,食品饮料ETF,0.625,0.625,0.617,0.621,75964300.0,47249794.6,,,,,
2023-12-08,515170,食品饮料ETF,0.622,0.626,0.618,0.622,58949100.0,36666340.2,,,,,
2023-12-11,515170,食品饮料ETF,0.619,0.619,0.603,0.616,106370200.0,65337895.349999994,,,,,
2023-12-12,515170,食品饮料ETF,0.615,0.62,0.612,0.62,58982000.0,36377148.5,,,,,
2023-12-13,515170,食品饮料ETF,0.619,0.619,0.599,0.601,195659800.0,119254648.09999998,,,,,
2023-12-14,515170,食品饮料ETF,0.601,0.605,0.59,0.592,116444900.0,69517605.3,,,,,
2023-12-15,515170,食品饮料ETF,0.593,0.603,0.59,0.592,97567300.0,58003759.85,,,,,
2023-12-18,515170,食品饮料ETF,0.59,0.594,0.585,0.591,82069500.0,48421005.0,,,,,
2023-12-19,515170,食品饮料ETF,0.591,0.593,0.585,0.591,92932200.0,54829998.0,,,,,
2023-12-20,515170,食品饮料ETF,0.592,0.592,0.584,0.584,75902600.0,44630728.8,,,,,
2023-12-21,515170,食品饮料ETF,0.584,0.595,0.579,0.594,113956300.0,67006304.4,,,,,
2023-12-22,515170,食品饮料ETF,0.595,0.597,0.589,0.593,91714100.0,54432318.349999994,,,,,
2023-12-25,515170,食品饮料ETF,0.592,0.599,0.591,0.598,67202900.0,39985725.5,,,,,
2023-12-26,515170,食品饮料ETF,0.599,0.599,0.591,0.594,62295400.0,37112484.55,,,,,
2023-12-27,515170,食品饮料ETF,0.593,0.598,0.59,0.595,73937000.0,43918578.0,,,,,
2023-12-28,515170,食品饮料ETF,0.595,0.621,0.595,0.618,157412500.0,95588740.62500001,,,,,
2023-12-29,515170,食品饮料ETF,0.616,0.623,0.613,0.617,98399200.0,60736906.20000001,,,,,
2024-01-02,515170,食品饮料ETF,0.616,0.616,0.602,0.603,103097200.0,62811969.099999994,,,,,
2024-01-03,515170,食品饮料ETF,0.604,0.605,0.596,0.6,85506900.0,51411023.62499999,,,,,
2024-01-04,515170,食品饮料ETF,0.601,0.602,0.586,0.589,97057800.0,57700862.099999994,,,,,
2024-01-05,515170,食品饮料ETF,0.589,0.592,0.579,0.582,110664100.0,64793830.54999999,,,,,
2024-01-08,515170,食品饮料ETF,0.582,0.584,0.574,0.575,112763900.0,65262107.125,,,,,
2024-01-09,515170,食品饮料ETF,0.575,0.579,0.571,0.574,85501200.0,49141814.699999996,,,,,
2024-01-10,515170,食品饮料ETF,0.575,0.585,0.57,0.581,101875700.0,58858685.675,,,,,
2024-01-11,515170,食品饮料ETF,0.581,0.587,0.576,0.584,83046500.0,48333063.0,,,,,
2024-01-12,515170,食品饮料ETF,0.583,0.586,0.579,0.58,62893700.0,36604133.39999999,,,,,
2024-01-15,515170,食品饮料ETF,0.58,0.584,0.576,0.577,72637600.0,42075329.800000004,,,,,
2024-01-16,515170,食品饮料ETF,0.576,0.582,0.573,0.579,71877300.0,41509140.74999999,,,,,
2024-01-17,515170,食品饮料ETF,0.579,0.579,0.563,0.564,106222800.0,60679774.49999999,,,,,
2024-01-18,515170,食品饮料ETF,0.562,0.573,0.554,0.571,132852900.0,75061888.5,,,,,
2024-01-19,515170,食品饮料ETF,0.571,0.578,0.568,0.574,102704800.0,58824174.199999996,,,,,
2024-01-22,515170,食品饮料ETF,0.573,0.574,0.558,0.562,103651600.0,58744544.30000001,,,,,
2024-01-23,515170,食品饮料ETF,0.562,0.567,0.556,0.563,110777600.0,62257011.2,,,,,
2024-01-24,515170,食品饮料ETF,0.566,0.567,0.552,0.565,99102300.0,55745043.75,,,,,
2024-01-25,515170,食品饮料ETF,0.564,0.576,0.562,0.575,117381200.0,66819248.1,,,,,
2024-01-26,515170,食品饮料ETF,0.575,0.579,0.57,0.573,93446700.0,53661767.474999994,,,,,
2024-01-29,515170,食品饮料ETF,0.575,0.584,0.573,0.576,118610000.0,68437970.0,,,,,
2024-01-30,515170,食品饮料ETF,0.573,0.573,0.559,0.56,102657400.0,58129752.75,,,,,
2024-01-31,515170,食品饮料ETF,0.559,0.562,0.551,0.553,95643300.0,53201585.625,,,,,
2024-02-01,515170,食品饮料ETF,0.552,0.558,0.548,0.553,90332600.0,49931344.650000006,,,,,
2024-02-02,515170,食品饮料ETF,0.555,0.564,0.537,0.552,134843700.0,74433722.4,,,,,
2024-02-05,515170,食品饮料ETF,0.547,0.559,0.538,0.553,113681400.0,62439508.95,,,,,
2024-02-06,515170,食品饮料ETF,0.552,0.578,0.549,0.578,100293700.0,56590720.224999994,,,,,
2024-02-07,515170,食品饮料ETF,0.58,0.589,0.576,0.588,105997500.0,61823041.87499999,,,,,
2024-02-08,515170,食品饮料ETF,0.59,0.599,0.584,0.588,95354300.0,56282875.574999996,,,,,
2024-02-19,515170,食品饮料ETF,0.595,0.6,0.586,0.59,68955400.0,40873313.35,,,,,
2024-02-20,515170,食品饮料ETF,0.591,0.592,0.581,0.586,67400000.0,39597500.0,,,,,
2024-02-21,515170,食品饮料ETF,0.584,0.616,0.582,0.61,168058600.0,100499042.8,,,,,
2024-02-22,515170,食品饮料ETF,0.608,0.612,0.603,0.611,103375900.0,62904235.150000006,,,,,
2024-02-23,515170,食品饮料ETF,0.611,0.618,0.605,0.611,107683700.0,65821661.62499999,,,,,
2024-02-26,515170,食品饮料ETF,0.611,0.614,0.604,0.604,73249200.0,44553825.9,,,,,
2024-02-27,515170,食品饮料ETF,0.602,0.607,0.6,0.606,87321800.0,52720536.75,,,,,
2024-02-28,515170,食品饮料ETF,0.604,0.611,0.6,0.6,152678600.0,92179704.75,,,,,
2024-02-29,515170,食品饮料ETF,0.598,0.61,0.597,0.609,78313100.0,47261955.849999994,,,,,
2024-03-01,515170,食品饮料ETF,0.607,0.615,0.604,0.61,92006900.0,56032202.1,,,,,
2024-03-04,515170,食品饮料ETF,0.61,0.61,0.602,0.605,76838800.0,46621941.89999999,,,,,
2024-03-05,515170,食品饮料ETF,0.606,0.613,0.602,0.612,118897100.0,72319161.07499999,,,,,
2024-03-06,515170,食品饮料ETF,0.611,0.612,0.603,0.604,78210800.0,47513060.99999999,,,,,
2024-03-07,515170,食品饮料ETF,0.607,0.607,0.6,0.602,74877400.0,45225949.6,,,,,
2024-03-08,515170,食品饮料ETF,0.604,0.604,0.594,0.599,114208400.0,68553592.1,,,,,
2024-03-11,515170,食品饮料ETF,0.598,0.611,0.597,0.61,104612300.0,63185829.199999996,,,,,
2024-03-12,515170,食品饮料ETF,0.609,0.637,0.608,0.633,225808700.0,140396559.225,,,,,
2024-03-13,515170,食品饮料ETF,0.63,0.637,0.626,0.63,91521500.0,57727186.125,,,,,
2024-03-14,515170,食品饮料ETF,0.63,0.638,0.626,0.629,82994900.0,52349033.175,,,,,
2024-03-15,515170,食品饮料ETF,0.628,0.637,0.626,0.634,87075100.0,54966156.875,,,,,
2024-03-18,515170,食品饮料ETF,0.63,0.636,0.627,0.636,83369800.0,52710556.05,,,,,
2024-03-19,515170,食品饮料ETF,0.636,0.646,0.631,0.64,106489500.0,67966923.375,,,,,
2024-03-20,515170,食品饮料ETF,0.64,0.641,0.636,0.638,125284800.0,80025666.0,,,,,
2024-03-21,515170,食品饮料ETF,0.638,0.646,0.636,0.639,69726700.0,44607656.325,,,,,
2024-03-22,515170,食品饮料ETF,0.638,0.639,0.623,0.627,80793200.0,51041104.1,,,,,
2024-03-25,515170,食品饮料ETF,0.628,0.628,0.618,0.621,76150300.0,47498749.625,,,,,
2024-03-26,515170,食品饮料ETF,0.623,0.631,0.622,0.63,151626100.0,94993751.65,,,,,
2024-03-27,515170,食品饮料ETF,0.629,0.632,0.622,0.622,77381600.0,48460227.0,,,,,
2024-03-28,515170,食品饮料ETF,0.622,0.63,0.618,0.624,89082600.0,55543001.099999994,,,,,
2024-03-29,515170,食品饮料ETF,0.62,0.627,0.619,0.623,70299800.0,43744050.55,,,,,
2024-04-01,515170,食品饮料ETF,0.625,0.643,0.625,0.637,101322400.0,64086418.00000001,,,,,
2024-04-02,515170,食品饮料ETF,0.637,0.637,0.63,0.634,67809000.0,43024810.5,,,,,
2024-04-03,515170,食品饮料ETF,0.636,0.638,0.629,0.633,164191500.0,104097411.0,,,,,
2024-04-08,515170,食品饮料ETF,0.632,0.632,0.611,0.611,100696700.0,62582999.05,,,,,
2024-04-09,515170,食品饮料ETF,0.609,0.614,0.606,0.612,59494500.0,36306518.625,,,,,
2024-04-10,515170,食品饮料ETF,0.609,0.612,0.6,0.603,84977500.0,51496365.0,,,,,
2024-04-11,515170,食品饮料ETF,0.603,0.604,0.599,0.603,95244900.0,57361241.025,,,,,
2024-04-12,515170,食品饮料ETF,0.603,0.606,0.592,0.594,93770100.0,56144847.375,,,,,
2024-04-15,515170,食品饮料ETF,0.596,0.613,0.595,0.612,116310200.0,70251360.8,,,,,
2024-04-16,515170,食品饮料ETF,0.611,0.611,0.602,0.603,88918900.0,53951542.575,,,,,
2024-04-17,515170,食品饮料ETF,0.605,0.607,0.601,0.607,73259600.0,44322058.0,,,,,
2024-04-18,515170,食品饮料ETF,0.603,0.615,0.601,0.608,107901500.0,65469235.12499999,,,,,
2024-04-19,515170,食品饮料ETF,0.607,0.607,0.598,0.601,87738300.0,52928129.474999994,,,,,
2024-04-22,515170,食品饮料ETF,0.603,0.616,0.602,0.611,124387300.0,75627478.39999999,,,,,
2024-04-23,515170,食品饮料ETF,0.61,0.619,0.609,0.618,149489200.0,91786368.8,,,,,
2024-04-24,515170,食品饮料ETF,0.62,0.622,0.612,0.62,68316500.0,42253755.25,,,,,
2024-04-25,515170,食品饮料ETF,0.619,0.62,0.613,0.619,105025300.0,64879379.075,,,,,
2024-04-26,515170,食品饮料ETF,0.619,0.631,0.618,0.628,95215800.0,59414659.2,,,,,
2024-04-29,515170,食品饮料ETF,0.63,0.643,0.625,0.634,96282800.0,60947012.4,,,,,
2024-04-30,515170,食品饮料ETF,0.637,0.643,0.633,0.634,72762800.0,46331712.89999999,,,,,
2024-05-06,515170,食品饮料ETF,0.641,0.659,0.641,0.652,164959200.0,106934801.4,,,,,
2024-05-07,515170,食品饮料ETF,0.652,0.656,0.648,0.654,90598100.0,59115260.25000001,,,,,
2024-05-08,515170,食品饮料ETF,0.653,0.653,0.645,0.647,107118300.0,69573335.85,,,,,
2024-05-09,515170,食品饮料ETF,0.648,0.651,0.647,0.649,64705000.0,41977368.75,,,,,
2024-05-10,515170,食品饮料ETF,0.65,0.653,0.642,0.646,125931100.0,81571870.025,,,,,
2024-05-13,515170,食品饮料ETF,0.642,0.644,0.632,0.634,98472200.0,62825263.6,,,,,
2024-05-14,515170,食品饮料ETF,0.633,0.639,0.631,0.636,79974200.0,50763623.45,,,,,
2024-05-15,515170,食品饮料ETF,0.635,0.638,0.632,0.633,55105500.0,34964439.75,,,,,
2024-05-16,515170,食品饮料ETF,0.633,0.64,0.628,0.636,82465900.0,52303997.07500001,,,,,
2024-05-17,515170,食品饮料ETF,0.636,0.646,0.634,0.645,106026800.0,67883658.7,,,,,
2024-05-20,515170,食品饮料ETF,0.644,0.655,0.644,0.648,78048100.0,50555656.775000006,,,,,
2024-05-21,515170,食品饮料ETF,0.645,0.651,0.642,0.648,149456300.0,96623497.95000002,,,,,
2024-05-22,515170,食品饮料ETF,0.646,0.648,0.64,0.643,140272800.0,90370751.40000002,,,,,
2024-05-23,515170,食品饮料ETF,0.64,0.644,0.633,0.634,84667200.0,53996506.800000004,,,,,
2024-05-24,515170,食品饮料ETF,0.631,0.634,0.626,0.627,115992600.0,73017341.69999999,,,,,
2024-05-27,515170,食品饮料ETF,0.627,0.629,0.623,0.628,66700700.0,41804663.724999994,,,,,
2024-05-28,515170,食品饮料ETF,0.628,0.628,0.62,0.621,63780800.0,39815164.400000006,,,,,
2024-05-29,515170,食品饮料ETF,0.619,0.625,0.618,0.62,65957800.0,40926814.9,,,,,
2024-05-30,515170,食品饮料ETF,0.619,0.619,0.61,0.613,122825200.0,75568204.3,,,,,
2024-05-31,515170,食品饮料ETF,0.613,0.617,0.611,0.613,57250200.0,35122997.699999996,,,,,
2024-06-03,515170,食品饮料ETF,0.612,0.615,0.606,0.61,98561400.0,60196375.050000004,,,,,
2024-06-04,515170,食品饮料ETF,0.61,0.619,0.608,0.618,142792100.0,87638651.375,,,,,
2024-06-05,515170,食品饮料ETF,0.62,0.62,0.61,0.612,82671000.0,50884000.49999999,,,,,
2024-06-06,515170,食品饮料ETF,0.612,0.613,0.605,0.607,66327900.0,40410273.074999996,,,,,
2024-06-07,515170,食品饮料ETF,0.607,0.609,0.597,0.6,66286900.0,39987572.425,,,,,
2024-06-11,515170,食品饮料ETF,0.6,0.601,0.585,0.588,115524200.0,68563612.69999999,,,,,
2024-06-12,515170,食品饮料ETF,0.586,0.592,0.586,0.588,72561800.0,42666338.4,,,,,
2024-06-13,515170,食品饮料ETF,0.589,0.59,0.58,0.582,97512600.0,57069249.14999999,,,,,
2024-06-14,515170,食品饮料ETF,0.581,0.586,0.573,0.586,83686300.0,48663583.449999996,,,,,
2024-06-17,515170,食品饮料ETF,0.58,0.584,0.573,0.582,62742600.0,36375022.35,,,,,
2024-06-18,515170,食品饮料ETF,0.582,0.586,0.573,0.575,96359500.0,55792150.49999999,,,,,
2024-06-19,515170,食品饮料ETF,0.576,0.577,0.57,0.573,65333300.0,37501314.199999996,,,,,
2024-06-20,515170,食品饮料ETF,0.573,0.576,0.565,0.565,68250700.0,38885836.324999996,,,,,
2024-06-21,515170,食品饮料ETF,0.565,0.566,0.555,0.56,83888200.0,47103224.3,,,,,
2024-06-24,515170,食品饮料ETF,0.552,0.566,0.548,0.559,86087000.0,47885893.75,,,,,
2024-06-25,515170,食品饮料ETF,0.559,0.565,0.556,0.56,79192800.0,44347968.00000001,,,,,
2024-06-26,515170,食品饮料ETF,0.558,0.562,0.555,0.561,62487500.0,34930512.5,,,,,
2024-06-27,515170,食品饮料ETF,0.56,0.561,0.551,0.554,73355800.0,40822502.70000001,,,,,
2024-06-28,515170,食品饮料ETF,0.553,0.556,0.545,0.547,85086800.0,46819011.7,,,,,
2024-07-01,515170,食品饮料ETF,0.547,0.549,0.537,0.546,123338200.0,67188484.44999999,,,,,
2024-07-02,515170,食品饮料ETF,0.543,0.555,0.541,0.551,125563400.0,68745961.5,,,,,
2024-07-03,515170,食品饮料ETF,0.552,0.553,0.546,0.547,65070000.0,35755965.00000001,,,,,
2024-07-04,515170,食品饮料ETF,0.547,0.55,0.539,0.541,61689400.0,33574455.95,,,,,
2024-07-05,515170,食品饮料ETF,0.539,0.543,0.531,0.535,66372600.0,35642086.2,,,,,
2024-07-08,515170,食品饮料ETF,0.534,0.534,0.523,0.524,96420100.0,50982127.87500001,,,,,
2024-07-09,515170,食品饮料ETF,0.524,0.532,0.52,0.529,67519700.0,35532242.125,,,,,
2024-07-10,515170,食品饮料ETF,0.528,0.536,0.526,0.529,58382200.0,30927970.449999996,,,,,
2024-07-11,515170,食品饮料ETF,0.533,0.546,0.532,0.543,88629300.0,47726878.05,,,,,
2024-07-12,515170,食品饮料ETF,0.544,0.547,0.539,0.546,61139700.0,33259996.8,,,,,
2024-07-15,515170,食品饮料ETF,0.544,0.548,0.541,0.544,46314500.0,25206666.625,,,,,
2024-07-16,515170,食品饮料ETF,0.543,0.546,0.539,0.544,36353500.0,19739950.5,,,,,
2024-07-17,515170,食品饮料ETF,0.543,0.556,0.54,0.555,95839100.0,52567746.35,,,,,
2024-07-18,515170,食品饮料ETF,0.553,0.56,0.552,0.557,58611300.0,32558577.150000006,,,,,
2024-07-19,515170,食品饮料ETF,0.553,0.565,0.551,0.565,74411100.0,41558599.35,,,,,
2024-07-22,515170,食品饮料ETF,0.565,0.566,0.552,0.554,80737100.0,45152223.175000004,,,,,
2024-07-23,515170,食品饮料ETF,0.554,0.554,0.534,0.535,83646600.0,45524662.050000004,,,,,
2024-07-24,515170,食品饮料ETF,0.531,0.537,0.526,0.529,67500200.0,35825731.150000006,,,,,
2024-07-25,515170,食品饮料ETF,0.527,0.532,0.525,0.527,57583800.0,30389850.450000003,,,,,
2024-07-26,515170,食品饮料ETF,0.527,0.534,0.526,0.528,46828700.0,24760675.125000004,,,,,
2024-07-29,515170,食品饮料ETF,0.528,0.529,0.52,0.521,58342800.0,30600798.599999998,,,,,
2024-07-30,515170,食品饮料ETF,0.519,0.519,0.51,0.516,81047200.0,41820355.2,,,,,
2024-07-31,515170,食品饮料ETF,0.515,0.537,0.514,0.534,104724700.0,54980467.49999999,,,,,
2024-08-01,515170,食品饮料ETF,0.534,0.536,0.522,0.523,79435700.0,42001626.37500001,,,,,
2024-08-02,515170,食品饮料ETF,0.522,0.527,0.519,0.521,77940600.0,40704478.35000001,,,,,
2024-08-05,515170,食品饮料ETF,0.521,0.536,0.52,0.526,122612900.0,64463732.175000004,,,,,
2024-08-06,515170,食品饮料ETF,0.526,0.533,0.524,0.53,78532400.0,41484740.3,,,,,
2024-08-07,515170,食品饮料ETF,0.529,0.534,0.525,0.531,177479600.0,94019818.10000001,,,,,
2024-08-08,515170,食品饮料ETF,0.529,0.545,0.527,0.54,105823600.0,56642081.9,,,,,
2024-08-09,515170,食品饮料ETF,0.543,0.546,0.536,0.537,65199500.0,35240329.75,,,,,
2024-08-12,515170,食品饮料ETF,0.532,0.538,0.531,0.534,55819700.0,29793764.875000004,,,,,
2024-08-13,515170,食品饮料ETF,0.534,0.534,0.526,0.529,84471600.0,44833301.7,,,,,
2024-08-14,515170,食品饮料ETF,0.528,0.529,0.521,0.523,47324500.0,24857193.625,,,,,
2024-08-15,515170,食品饮料ETF,0.52,0.53,0.52,0.525,58255300.0,30511213.374999996,,,,,
2024-08-16,515170,食品饮料ETF,0.526,0.526,0.52,0.524,50747800.0,26591847.2,,,,,
2024-08-19,515170,食品饮料ETF,0.523,0.532,0.52,0.522,59970000.0,31439272.5,,,,,
2024-08-20,515170,食品饮料ETF,0.524,0.524,0.514,0.516,64546100.0,33531698.950000003,,,,,
2024-08-21,515170,食品饮料ETF,0.515,0.517,0.513,0.513,44989600.0,23147149.2,,,,,
2024-08-22,515170,食品饮料ETF,0.514,0.515,0.503,0.506,75650300.0,38543827.85,,,,,
2024-08-23,515170,食品饮料ETF,0.504,0.511,0.504,0.507,59018800.0,29893022.200000003,,,,,
2024-08-26,515170,食品饮料ETF,0.507,0.509,0.5,0.503,54183800.0,27349273.05,,,,,
2024-08-27,515170,食品饮料ETF,0.5,0.503,0.496,0.5,71664000.0,35814084.0,,,,,
2024-08-28,515170,食品饮料ETF,0.497,0.497,0.485,0.49,80293000.0,39524229.25,,,,,
2024-08-29,515170,食品饮料ETF,0.488,0.502,0.488,0.5,99299200.0,49103454.4,,,,,
2024-08-30,515170,食品饮料ETF,0.496,0.52,0.494,0.514,113190900.0,57274595.4,,,,,
2024-09-02,515170,食品饮料ETF,0.512,0.512,0.495,0.496,96227900.0,48474804.625,,,,,
2024-09-03,515170,食品饮料ETF,0.497,0.505,0.495,0.502,59971500.0,29970757.125,,,,,
2024-09-04,515170,食品饮料ETF,0.502,0.504,0.497,0.498,54184900.0,27105996.224999998,,,,,
2024-09-05,515170,食品饮料ETF,0.499,0.501,0.496,0.5,59303600.0,29592496.4,,,,,
2024-09-06,515170,食品饮料ETF,0.501,0.501,0.493,0.493,89906900.0,44683729.3,,,,,
2024-09-09,515170,食品饮料ETF,0.493,0.493,0.485,0.488,81089900.0,39713778.525,,,,,
2024-09-10,515170,食品饮料ETF,0.488,0.492,0.485,0.488,61215900.0,29888663.174999997,,,,,
2024-09-11,515170,食品饮料ETF,0.488,0.49,0.483,0.488,64621400.0,31486777.15,,,,,
2024-09-12,515170,食品饮料ETF,0.488,0.49,0.478,0.479,96430600.0,46648302.74999999,,,,,
2024-09-13,515170,食品饮料ETF,0.478,0.478,0.468,0.469,92467800.0,43760386.349999994,,,,,
2024-09-18,515170,食品饮料ETF,0.47,0.47,0.461,0.464,116746100.0,54432869.125,,,,,
2024-09-19,515170,食品饮料ETF,0.466,0.483,0.461,0.476,144734700.0,68242411.05,,,,,
2024-09-20,515170,食品饮料ETF,0.474,0.475,0.469,0.475,118889400.0,56264408.55,,,,,
2024-09-23,515170,食品饮料ETF,0.475,0.484,0.473,0.476,92516700.0,44130465.9,,,,,
2024-09-24,515170,食品饮料ETF,0.483,0.505,0.477,0.505,192650900.0,94880568.24999999,,,,,
2024-09-25,515170,食品饮料ETF,0.511,0.521,0.507,0.508,150711400.0,77126558.95,,,,,
2024-09-26,515170,食品饮料ETF,0.507,0.559,0.506,0.559,284582600.0,151611380.15,,,,,
2024-09-27,515170,食品饮料ETF,0.583,0.615,0.574,0.615,268175500.0,160033729.625,,,,,
2024-09-30,515170,食品饮料ETF,0.664,0.677,0.615,0.677,553832100.0,364559979.825,,,,,
2024-10-08,515170,食品饮料ETF,0.744,0.745,0.644,0.676,1097790400.0,770923308.4000001,,,,,
2024-10-09,515170,食品饮料ETF,0.65,0.65,0.608,0.608,580689500.0,365253695.5,,,,,
2024-10-10,515170,食品饮料ETF,0.602,0.632,0.6,0.616,314392100.0,192565161.25,,,,,
2024-10-11,515170,食品饮料ETF,0.616,0.619,0.593,0.604,251578200.0,152959545.6,,,,,
2024-10-14,515170,食品饮料ETF,0.606,0.608,0.588,0.606,340997400.0,205280434.79999998,,,,,
2024-10-15,515170,食品饮料ETF,0.602,0.605,0.584,0.585,167092600.0,99253004.39999999,,,,,
2024-10-16,515170,食品饮料ETF,0.58,0.586,0.573,0.576,197104700.0,114074345.125,,,,,
2024-10-17,515170,食品饮料ETF,0.578,0.581,0.564,0.565,224843800.0,128610653.6,,,,,
2024-10-18,515170,食品饮料ETF,0.56,0.594,0.559,0.584,485768200.0,278952388.85,,,,,
2024-10-21,515170,食品饮料ETF,0.584,0.588,0.574,0.583,161555300.0,94065573.42499998,,,,,
2024-10-22,515170,食品饮料ETF,0.582,0.594,0.58,0.591,193485000.0,113527323.75,,,,,
2024-10-23,515170,食品饮料ETF,0.592,0.605,0.586,0.599,203902100.0,121423700.54999998,,,,,
2024-10-24,515170,食品饮料ETF,0.595,0.599,0.588,0.59,148880900.0,88286373.7,,,,,
2024-10-25,515170,食品饮料ETF,0.589,0.601,0.587,0.596,289523500.0,171759816.37500003,,,,,
2024-10-28,515170,食品饮料ETF,0.601,0.609,0.589,0.608,228444200.0,137466297.35,,,,,
2024-10-29,515170,食品饮料ETF,0.607,0.614,0.593,0.594,212801600.0,128106563.2,,,,,
2024-10-30,515170,食品饮料ETF,0.591,0.596,0.582,0.587,156217900.0,92012343.1,,,,,
2024-10-31,515170,食品饮料ETF,0.586,0.593,0.583,0.588,127779400.0,75070397.49999999,,,,,
2024-11-01,515170,食品饮料ETF,0.584,0.599,0.584,0.594,248255700.0,146532926.92499998,,,,,
2024-11-04,515170,食品饮料ETF,0.598,0.602,0.59,0.602,171527100.0,102573205.8,,,,,
2024-11-05,515170,食品饮料ETF,0.599,0.615,0.595,0.614,247226500.0,149757452.375,,,,,
2024-11-06,515170,食品饮料ETF,0.615,0.617,0.605,0.611,254437700.0,155715872.4,,,,,
2024-11-07,515170,食品饮料ETF,0.606,0.662,0.606,0.66,476845500.0,302081624.25,,,,,
2024-11-08,515170,食品饮料ETF,0.676,0.678,0.636,0.642,509630200.0,335336671.6,,,,,
2024-11-11,515170,食品饮料ETF,0.634,0.638,0.62,0.637,298742000.0,188879629.5,,,,,
2024-11-12,515170,食品饮料ETF,0.639,0.648,0.628,0.633,355440100.0,226415343.70000002,,,,,
2024-11-13,515170,食品饮料ETF,0.625,0.633,0.625,0.632,147320300.0,92627638.625,,,,,
2024-11-14,515170,食品饮料ETF,0.631,0.635,0.622,0.624,248959700.0,156346691.6,,,,,
2024-11-15,515170,食品饮料ETF,0.623,0.63,0.617,0.618,183499200.0,114136502.4,,,,,
2024-11-18,515170,食品饮料ETF,0.618,0.622,0.607,0.61,157599900.0,96805738.57499999,,,,,
2024-11-19,515170,食品饮料ETF,0.611,0.614,0.596,0.61,198701200.0,120760654.3,,,,,
2024-11-20,515170,食品饮料ETF,0.607,0.614,0.604,0.612,137191300.0,83583799.52499999,,,,,
2024-11-21,515170,食品饮料ETF,0.61,0.613,0.606,0.611,130178600.0,79408946.0,,,,,
2024-11-22,515170,食品饮料ETF,0.611,0.612,0.59,0.592,195255800.0,117397549.74999999,,,,,
2024-11-25,515170,食品饮料ETF,0.592,0.599,0.585,0.591,190543900.0,112754352.825,,,,,
2024-11-26,515170,食品饮料ETF,0.589,0.599,0.586,0.594,120320900.0,71229972.8,,,,,
2024-11-27,515170,食品饮料ETF,0.594,0.604,0.588,0.603,150422600.0,89839897.85000001,,,,,
2024-11-28,515170,食品饮料ETF,0.602,0.603,0.594,0.596,118403000.0,70893796.25,,,,,
2024-11-29,515170,食品饮料ETF,0.599,0.613,0.596,0.605,222524200.0,134237723.64999998,,,,,
2024-12-02,515170,食品饮料ETF,0.605,0.611,0.601,0.61,219274500.0,133044802.87499999,,,,,
2024-12-03,515170,食品饮料ETF,0.61,0.61,0.604,0.608,141374300.0,85955574.39999999,,,,,
2024-12-04,515170,食品饮料ETF,0.606,0.607,0.601,0.604,155422800.0,93953082.60000001,,,,,
2024-12-05,515170,食品饮料ETF,0.602,0.602,0.597,0.601,88601900.0,53205440.949999996,,,,,
2024-12-06,515170,食品饮料ETF,0.6,0.61,0.6,0.606,170901500.0,103224506.0,,,,,
2024-12-09,515170,食品饮料ETF,0.603,0.609,0.6,0.604,130919300.0,79075257.2,,,,,
2024-12-10,515170,食品饮料ETF,0.628,0.634,0.614,0.616,337214800.0,210084820.4,,,,,
2024-12-11,515170,食品饮料ETF,0.615,0.627,0.612,0.623,152359600.0,94348682.3,,,,,
2024-12-12,515170,食品饮料ETF,0.623,0.637,0.618,0.637,251544400.0,158158541.5,,,,,
2024-12-13,515170,食品饮料ETF,0.632,0.633,0.617,0.619,231308200.0,144625452.04999998,,,,,
2024-12-16,515170,食品饮料ETF,0.618,0.619,0.606,0.607,147992900.0,90645651.25,,,,,
2024-12-17,515170,食品饮料ETF,0.607,0.615,0.605,0.611,315833900.0,192500762.04999998,,,,,
2024-12-18,515170,食品饮料ETF,0.608,0.614,0.608,0.61,64575300.0,39390933.0,,,,,
2024-12-19,515170,食品饮料ETF,0.606,0.607,0.599,0.603,145473400.0,87829565.25,,,,,
2024-12-20,515170,食品饮料ETF,0.603,0.607,0.6,0.602,120603500.0,72723910.5,,,,,
2024-12-23,515170,食品饮料ETF,0.603,0.606,0.597,0.599,121653900.0,73144407.375,,,,,
2024-12-24,515170,食品饮料ETF,0.598,0.605,0.597,0.605,140480200.0,84463720.25,,,,,
2024-12-25,515170,食品饮料ETF,0.605,0.605,0.599,0.602,92388400.0,55687108.099999994,,,,,
2024-12-26,515170,食品饮料ETF,0.602,0.604,0.6,0.601,56986200.0,34291445.85,,,,,
2024-12-27,515170,食品饮料ETF,0.601,0.605,0.598,0.603,87144800.0,52439383.4,,,,,
2024-12-30,515170,食品饮料ETF,0.602,0.605,0.597,0.599,90681700.0,54477031.275,,,,,
2024-12-31,515170,食品饮料ETF,0.599,0.608,0.595,0.596,140244800.0,84076757.6,,,,,
2025-01-02,515170,食品饮料ETF,0.595,0.596,0.58,0.584,127929700.0,75318610.875,,,,,
2025-01-03,515170,食品饮料ETF,0.584,0.587,0.574,0.577,110133900.0,63932728.95,,,,,
2025-01-06,515170,食品饮料ETF,0.57,0.574,0.562,0.565,105873000.0,60109395.75,,,,,
2025-01-07,515170,食品饮料ETF,0.564,0.567,0.56,0.565,73732400.0,41585073.6,,,,,
2025-01-08,515170,食品饮料ETF,0.565,0.569,0.556,0.565,92466800.0,52128158.5,,,,,
2025-01-09,515170,食品饮料ETF,0.562,0.572,0.56,0.564,72680000.0,41027860.0,,,,,
2025-01-10,515170,食品饮料ETF,0.564,0.565,0.556,0.557,78932100.0,44241442.05,,,,,
2025-01-13,515170,食品饮料ETF,0.555,0.56,0.553,0.559,68755300.0,38279513.275000006,,,,,
2025-01-14,515170,食品饮料ETF,0.561,0.572,0.558,0.571,166570600.0,94195674.30000001,,,,,
2025-01-15,515170,食品饮料ETF,0.569,0.57,0.565,0.566,51311400.0,29119219.499999996,,,,,
2025-01-16,515170,食品饮料ETF,0.567,0.573,0.559,0.563,121469100.0,68690776.05,,,,,
2025-01-17,515170,食品饮料ETF,0.562,0.57,0.561,0.568,75442200.0,42643703.55,,,,,
2025-01-20,515170,食品饮料ETF,0.569,0.578,0.568,0.571,96966600.0,55416411.9,,,,,
2025-01-21,515170,食品饮料ETF,0.573,0.574,0.563,0.567,73128500.0,41628398.625,,,,,
2025-01-22,515170,食品饮料ETF,0.565,0.566,0.556,0.558,110363000.0,61941233.75,,,,,
2025-01-23,515170,食品饮料ETF,0.563,0.567,0.557,0.558,110504300.0,62020538.375,,,,,
2025-01-24,515170,食品饮料ETF,0.558,0.56,0.555,0.558,86367200.0,48171305.800000004,,,,,
2025-01-27,515170,食品饮料ETF,0.56,0.562,0.556,0.557,72397700.0,40452214.87500001,,,,,
2025-02-05,515170,食品饮料ETF,0.557,0.559,0.544,0.546,121073200.0,66771869.80000001,,,,,
2025-02-06,515170,食品饮料ETF,0.545,0.552,0.544,0.55,90753700.0,49710339.175000004,,,,,
2025-02-07,515170,食品饮料ETF,0.55,0.56,0.545,0.557,175220000.0,96896660.00000001,,,,,
2025-02-10,515170,食品饮料ETF,0.558,0.558,0.551,0.556,109508700.0,60859460.025000006,,,,,
2025-02-11,515170,食品饮料ETF,0.557,0.557,0.549,0.552,82445400.0,45654140.25,,,,,
2025-02-12,515170,食品饮料ETF,0.552,0.558,0.549,0.558,97901600.0,54261961.800000004,,,,,
2025-02-13,515170,食品饮料ETF,0.556,0.574,0.556,0.569,233403000.0,131580941.25,,,,,
2025-02-14,515170,食品饮料ETF,0.569,0.571,0.564,0.568,149454700.0,84890269.6,,,,,
2025-02-17,515170,食品饮料ETF,0.569,0.572,0.565,0.569,144077000.0,81943793.75,,,,,
2025-02-18,515170,食品饮料ETF,0.568,0.572,0.561,0.563,110287000.0,62422441.99999999,,,,,
2025-02-19,515170,食品饮料ETF,0.561,0.568,0.56,0.568,101679300.0,57372545.025000006,,,,,
2025-02-20,515170,食品饮料ETF,0.567,0.571,0.564,0.566,83228200.0,47190389.4,,,,,
2025-02-21,515170,食品饮料ETF,0.566,0.572,0.562,0.568,169615300.0,96171875.1,,,,,
2025-02-24,515170,食品饮料ETF,0.568,0.575,0.566,0.57,239588300.0,136505433.92499998,,,,,
2025-02-25,515170,食品饮料ETF,0.565,0.566,0.56,0.56,118641000.0,66765222.75,,,,,
2025-02-26,515170,食品饮料ETF,0.559,0.566,0.558,0.566,110630700.0,62202111.07499999,,,,,
2025-02-27,515170,食品饮料ETF,0.566,0.579,0.565,0.579,209591800.0,119938907.54999998,,,,,
2025-02-28,515170,食品饮料ETF,0.578,0.591,0.576,0.578,272733700.0,158390096.275,,,,,
2025-03-03,515170,食品饮料ETF,0.58,0.588,0.571,0.578,178412100.0,103345208.92500001,,,,,
2025-03-04,515170,食品饮料ETF,0.571,0.572,0.565,0.57,129995900.0,74032665.05,,,,,
2025-03-05,515170,食品饮料ETF,0.568,0.57,0.565,0.569,145897800.0,82869950.39999999,,,,,
2025-03-06,515170,食品饮料ETF,0.57,0.579,0.567,0.577,154554400.0,88598309.79999998,,,,,
2025-03-07,515170,食品饮料ETF,0.575,0.586,0.573,0.584,175208500.0,101533325.74999999,,,,,
2025-03-10,515170,食品饮料ETF,0.584,0.584,0.577,0.581,113740500.0,66140100.75,,,,,
2025-03-11,515170,食品饮料ETF,0.581,0.594,0.577,0.594,179629900.0,105352936.34999998,,,,,
2025-03-12,515170,食品饮料ETF,0.596,0.598,0.587,0.59,144717500.0,85781298.12499999,,,,,
2025-03-13,515170,食品饮料ETF,0.59,0.596,0.586,0.589,150620400.0,88903691.1,,,,,
2025-03-14,515170,食品饮料ETF,0.59,0.62,0.59,0.619,434159300.0,262557836.675,,,,,
2025-03-17,515170,食品饮料ETF,0.629,0.629,0.613,0.618,399366300.0,248505680.17499998,,,,,
2025-03-18,515170,食品饮料ETF,0.619,0.619,0.61,0.614,296018500.0,182199386.75,,,,,
2025-03-19,515170,食品饮料ETF,0.612,0.617,0.608,0.61,165883800.0,101479414.65,,,,,
2025-03-20,515170,食品饮料ETF,0.61,0.61,0.6,0.601,178783000.0,108208410.74999999,,,,,
2025-03-21,515170,食品饮料ETF,0.598,0.605,0.592,0.592,179694500.0,107232692.875,,,,,
2025-03-24,515170,食品饮料ETF,0.592,0.595,0.588,0.594,167666000.0,99300188.49999999,,,,,
2025-03-25,515170,食品饮料ETF,0.595,0.595,0.587,0.595,121207400.0,71875988.2,,,,,
2025-03-26,515170,食品饮料ETF,0.594,0.595,0.591,0.593,118329800.0,70199153.85,,,,,
2025-03-27,515170,食品饮料ETF,0.593,0.601,0.591,0.599,156125700.0,93050917.2,,,,,
2025-03-28,515170,食品饮料ETF,0.599,0.6,0.592,0.594,109319800.0,65181930.75000001,,,,,
2025-03-31,515170,食品饮料ETF,0.592,0.596,0.586,0.589,133918100.0,79112117.575,,,,,
2025-04-01,515170,食品饮料ETF,0.589,0.595,0.588,0.591,107883300.0,63732059.475,,,,,
2025-04-02,515170,食品饮料ETF,0.59,0.595,0.588,0.59,74613600.0,44077984.2,,,,,
2025-04-03,515170,食品饮料ETF,0.586,0.599,0.584,0.597,153729900.0,90931235.85,,,,,
2025-04-07,515170,食品饮料ETF,0.581,0.589,0.554,0.573,402727900.0,231266496.57499996,,,,,
2025-04-08,515170,食品饮料ETF,0.571,0.591,0.568,0.59,247507800.0,143554524.0,,,,,
2025-04-09,515170,食品饮料ETF,0.583,0.606,0.581,0.599,392206800.0,232284477.29999998,,,,,
2025-04-10,515170,食品饮料ETF,0.6,0.605,0.592,0.603,405219100.0,243131460.0,,,,,
2025-04-11,515170,食品饮料ETF,0.6,0.603,0.591,0.598,267884900.0,160195170.2,,,,,
2025-04-14,515170,食品饮料ETF,0.597,0.601,0.593,0.596,160141000.0,95564141.75,,,,,
2025-04-15,515170,食品饮料ETF,0.595,0.6,0.593,0.598,98539500.0,58778811.75,,,,,
2025-04-16,515170,食品饮料ETF,0.596,0.602,0.591,0.601,171868300.0,102691309.24999999,,,,,
2025-04-17,515170,食品饮料ETF,0.598,0.607,0.595,0.604,198072200.0,119041392.2,,,,,
2025-04-18,515170,食品饮料ETF,0.605,0.605,0.597,0.599,116052700.0,69805699.05,,,,,
2025-04-21,515170,食品饮料ETF,0.597,0.599,0.594,0.595,94810500.0,56530760.62499999,,,,,
2025-04-22,515170,食品饮料ETF,0.595,0.599,0.593,0.596,94842600.0,56502478.95,,,,,
2025-04-23,515170,食品饮料ETF,0.597,0.598,0.591,0.594,96770000.0,57578150.0,,,,,
2025-04-24,515170,食品饮料ETF,0.594,0.596,0.591,0.593,122554700.0,72736214.44999999,,,,,
2025-04-25,515170,食品饮料ETF,0.593,0.596,0.59,0.591,71309100.0,42250641.74999999,,,,,
2025-04-28,515170,食品饮料ETF,0.59,0.594,0.589,0.59,136715600.0,80764740.7,,,,,
2025-04-29,515170,食品饮料ETF,0.588,0.589,0.583,0.586,94474300.0,55409176.95,,,,,
2025-04-30,515170,食品饮料ETF,0.586,0.593,0.586,0.588,72265000.0,42509886.24999999,,,,,
2025-05-06,515170,食品饮料ETF,0.589,0.591,0.585,0.59,108987400.0,64166331.749999985,,,,,
2025-05-07,515170,食品饮料ETF,0.594,0.597,0.589,0.592,90860300.0,53880157.9,,,,,
2025-05-08,515170,食品饮料ETF,0.591,0.598,0.587,0.594,93411900.0,55346550.75,,,,,
2025-05-09,515170,食品饮料ETF,0.594,0.597,0.592,0.594,63623300.0,37808146.025,,,,,
2025-05-12,515170,食品饮料ETF,0.595,0.598,0.593,0.596,89330000.0,53196014.99999999,,,,,
2025-05-13,515170,食品饮料ETF,0.596,0.598,0.593,0.595,60934400.0,36286435.199999996,,,,,
2025-05-14,515170,食品饮料ETF,0.593,0.608,0.593,0.603,177419900.0,106318875.07499999,,,,,
2025-05-15,515170,食品饮料ETF,0.6,0.605,0.599,0.601,66999100.0,40283208.87500001,,,,,
2025-05-16,515170,食品饮料ETF,0.6,0.6,0.592,0.595,170536600.0,101767716.05,,,,,
2025-05-19,515170,食品饮料ETF,0.59,0.592,0.587,0.591,223023100.0,131583629.00000001,,,,,
2025-05-20,515170,食品饮料ETF,0.589,0.598,0.589,0.594,74065900.0,43884045.74999999,,,,,
2025-05-21,515170,食品饮料ETF,0.593,0.597,0.593,0.594,85260200.0,50665873.849999994,,,,,
2025-05-22,515170,食品饮料ETF,0.593,0.596,0.591,0.593,84716700.0,50258182.275000006,,,,,
2025-05-23,515170,食品饮料ETF,0.592,0.597,0.589,0.59,79111900.0,46834244.8,,,,,
2025-05-26,515170,食品饮料ETF,0.589,0.593,0.585,0.587,82383000.0,48482395.5,,,,,
2025-05-27,515170,食品饮料ETF,0.587,0.591,0.586,0.587,57588500.0,33847640.875,,,,,
2025-05-28,515170,食品饮料ETF,0.587,0.594,0.585,0.592,113376800.0,66835623.59999999,,,,,
2025-05-29,515170,食品饮料ETF,0.592,0.594,0.588,0.591,67834200.0,40106970.74999999,,,,,
2025-05-30,515170,食品饮料ETF,0.59,0.594,0.586,0.587,50810700.0,29940204.974999998,,,,,
2025-06-03,515170,食品饮料ETF,0.585,0.586,0.58,0.585,85366600.0,49854094.4,,,,,
2025-06-04,515170,食品饮料ETF,0.585,0.589,0.584,0.587,38418700.0,22522962.874999996,,,,,
2025-06-05,515170,食品饮料ETF,0.588,0.589,0.584,0.585,57052300.0,33461173.950000003,,,,,
2025-06-06,515170,食品饮料ETF,0.585,0.587,0.583,0.586,37778100.0,22109633.025,,,,,
2025-06-09,515170,食品饮料ETF,0.585,0.586,0.582,0.584,90356000.0,52790492.99999999,,,,,
2025-06-10,515170,食品饮料ETF,0.583,0.584,0.576,0.579,93782900.0,54440973.45,,,,,
2025-06-11,515170,食品饮料ETF,0.578,0.583,0.577,0.58,60387500.0,34994556.24999999,,,,,
2025-06-12,515170,食品饮料ETF,0.58,0.58,0.571,0.573,158587200.0,91346227.20000002,,,,,
2025-06-13,515170,食品饮料ETF,0.57,0.571,0.559,0.56,158099900.0,89326443.49999999,,,,,
2025-06-16,515170,食品饮料ETF,0.559,0.56,0.553,0.56,154138200.0,86009115.60000001,,,,,
2025-06-17,515170,食品饮料ETF,0.56,0.563,0.557,0.559,75197700.0,42091912.575,,,,,
2025-06-18,515170,食品饮料ETF,0.56,0.566,0.559,0.561,80914000.0,45433211.0,,,,,
2025-06-19,515170,食品饮料ETF,0.559,0.56,0.553,0.555,85631100.0,47675114.925000004,,,,,
2025-06-20,515170,食品饮料ETF,0.555,0.564,0.555,0.561,98642000.0,55116217.50000001,,,,,
2025-06-23,515170,食品饮料ETF,0.559,0.559,0.552,0.557,74340100.0,41388850.675000004,,,,,
2025-06-24,515170,食品饮料ETF,0.557,0.563,0.555,0.561,93243100.0,52122892.900000006,,,,,
2025-06-25,515170,食品饮料ETF,0.562,0.564,0.557,0.563,129741100.0,72849627.65,,,,,
2025-06-26,515170,食品饮料ETF,0.564,0.565,0.561,0.563,67914700.0,38252954.77499999,,,,,
2025-06-27,515170,食品饮料ETF,0.562,0.563,0.559,0.56,83263300.0,46710711.300000004,,,,,
2025-06-30,515170,食品饮料ETF,0.56,0.563,0.557,0.562,109001600.0,61095396.8,,,,,
2025-07-01,515170,食品饮料ETF,0.562,0.562,0.558,0.561,59650400.0,33448961.800000004,,,,,
2025-07-02,515170,食品饮料ETF,0.561,0.563,0.558,0.561,68992700.0,38687656.525000006,,,,,
2025-07-03,515170,食品饮料ETF,0.56,0.562,0.559,0.561,69685200.0,39058554.6,,,,,
2025-07-04,515170,食品饮料ETF,0.56,0.564,0.559,0.562,115477200.0,64811578.5,,,,,
2025-07-07,515170,食品饮料ETF,0.561,0.562,0.558,0.559,57905400.0,32427024.000000004,,,,,
2025-07-08,515170,食品饮料ETF,0.559,0.562,0.557,0.562,87040800.0,48742848.00000001,,,,,
2025-07-09,515170,食品饮料ETF,0.561,0.568,0.56,0.564,159266500.0,89706856.125,,,,,
2025-07-10,515170,食品饮料ETF,0.562,0.567,0.56,0.565,172385300.0,97139116.55,,,,,
2025-07-11,515170,食品饮料ETF,0.565,0.572,0.564,0.568,182665900.0,103617231.775,,,,,
2025-07-14,515170,食品饮料ETF,0.568,0.57,0.564,0.569,85314000.0,48437023.5,,,,,
2025-07-15,515170,食品饮料ETF,0.567,0.568,0.56,0.563,114059800.0,64386757.1,,,,,
2025-07-16,515170,食品饮料ETF,0.563,0.567,0.562,0.566,99649600.0,56252199.2,,,,,
2025-07-17,515170,食品饮料ETF,0.565,0.57,0.565,0.569,111410100.0,63197379.224999994,,,,,
2025-07-18,515170,食品饮料ETF,0.569,0.576,0.569,0.576,143271500.0,82022933.75,,,,,
2025-07-21,515170,食品饮料ETF,0.576,0.576,0.572,0.575,127637300.0,73359538.175,,,,,
2025-07-22,515170,食品饮料ETF,0.575,0.586,0.574,0.585,215732300.0,125124733.99999999,,,,,
2025-07-23,515170,食品饮料ETF,0.585,0.59,0.582,0.582,171159800.0,100085693.04999998,,,,,
2025-07-24,515170,食品饮料ETF,0.582,0.587,0.582,0.587,124648000.0,72856756.0,,,,,
2025-07-25,515170,食品饮料ETF,0.588,0.588,0.578,0.579,207787900.0,121192292.67499998,,,,,
2025-07-28,515170,食品饮料ETF,0.579,0.579,0.573,0.576,196308200.0,113220754.34999998,,,,,
2025-07-29,515170,食品饮料ETF,0.577,0.578,0.571,0.575,145684000.0,83804721.0,,,,,
2025-07-30,515170,食品饮料ETF,0.574,0.582,0.573,0.579,252933200.0,145942456.39999998,,,,,
2025-07-31,515170,食品饮料ETF,0.578,0.582,0.564,0.566,406173300.0,232534214.25,,,,,
2025-08-01,515170,食品饮料ETF,0.566,0.568,0.563,0.566,118405300.0,66987798.474999994,,,,,
2025-08-04,515170,食品饮料ETF,0.564,0.567,0.563,0.566,85353500.0,48224727.49999999,,,,,
2025-08-05,515170,食品饮料ETF,0.567,0.572,0.567,0.572,113392500.0,64577028.749999985,,,,,
2025-08-06,515170,食品饮料ETF,0.573,0.573,0.569,0.572,81072000.0,46352916.0,,,,,
2025-08-07,515170,食品饮料ETF,0.572,0.574,0.571,0.573,92381600.0,52888466.0,,,,,
2025-08-08,515170,食品饮料ETF,0.573,0.573,0.569,0.569,83568600.0,47717670.599999994,,,,,
2025-08-11,515170,食品饮料ETF,0.569,0.579,0.569,0.577,189575200.0,108721377.19999999,,,,,
2025-08-12,515170,食品饮料ETF,0.577,0.583,0.575,0.575,260405200.0,150384002.99999997,,,,,
2025-08-13,515170,食品饮料ETF,0.576,0.577,0.573,0.577,159903100.0,92064209.825,,,,,
2025-08-14,515170,食品饮料ETF,0.576,0.582,0.573,0.575,206457900.0,119022979.34999998,,,,,
2025-08-15,515170,食品饮料ETF,0.574,0.577,0.571,0.577,240399800.0,138169785.04999998,,,,,
2025-08-18,515170,食品饮料ETF,0.578,0.582,0.575,0.579,422914900.0,244656269.65,,,,,
2025-08-19,515170,食品饮料ETF,0.58,0.588,0.579,0.584,386575300.0,225276756.07499996,,,,,
2025-08-20,515170,食品饮料ETF,0.582,0.595,0.58,0.593,428205500.0,251570731.24999997,,,,,
2025-08-21,515170,食品饮料ETF,0.596,0.596,0.59,0.593,344736600.0,204687356.25,,,,,
2025-08-22,515170,食品饮料ETF,0.593,0.597,0.59,0.596,296011400.0,175830771.6,,,,,
2025-08-25,515170,食品饮料ETF,0.599,0.614,0.597,0.614,473443900.0,286907003.4,,,,,
2025-08-26,515170,食品饮料ETF,0.614,0.62,0.608,0.613,410559300.0,251980770.375,,,,,
2025-08-27,515170,食品饮料ETF,0.613,0.614,0.597,0.598,509189000.0,308313939.49999994,,,,,
2025-08-28,515170,食品饮料ETF,0.597,0.601,0.586,0.596,394886400.0,234957408.0,,,,,
2025-08-29,515170,食品饮料ETF,0.598,0.613,0.597,0.611,411419000.0,248805640.25,,,,,
2025-09-01,515170,食品饮料ETF,0.611,0.613,0.605,0.61,358932800.0,218859274.8,,,,,
2025-09-02,515170,食品饮料ETF,0.609,0.617,0.605,0.607,359532200.0,219134875.89999998,,,,,
2025-09-03,515170,食品饮料ETF,0.606,0.615,0.596,0.597,407512400.0,245933733.39999998,,,,,
2025-09-04,515170,食品饮料ETF,0.597,0.599,0.592,0.598,449846200.0,268333258.29999995,,,,,
2025-09-05,515170,食品饮料ETF,0.599,0.602,0.591,0.602,515444700.0,308493652.95,,,,,
2025-09-08,515170,食品饮料ETF,0.602,0.61,0.599,0.609,411470500.0,248939652.5,,,,,
2025-09-09,515170,食品饮料ETF,0.609,0.612,0.604,0.611,589128000.0,358778952.0,,,,,
2025-09-10,515170,食品饮料ETF,0.611,0.614,0.606,0.609,302125900.0,184296799.0,,,,,
2025-09-11,515170,食品饮料ETF,0.608,0.613,0.605,0.613,404396700.0,246580887.82500002,,,,,
2025-09-12,515170,食品饮料ETF,0.612,0.618,0.605,0.605,376383400.0,229593874.0,,,,,
2025-09-15,515170,食品饮料ETF,0.605,0.606,0.601,0.603,271731100.0,164057651.625,,,,,
2025-09-16,515170,食品饮料ETF,0.604,0.605,0.598,0.601,236756500.0,142527413.0,,,,,
2025-09-17,515170,食品饮料ETF,0.601,0.603,0.596,0.598,487385500.0,292187607.24999994,,,,,
2025-09-18,515170,食品饮料ETF,0.598,0.599,0.587,0.589,426826000.0,253214524.49999997,,,,,
2025-09-19,515170,食品饮料ETF,0.589,0.593,0.585,0.591,335868100.0,197994244.94999996,,,,,
2025-09-22,515170,食品饮料ETF,0.591,0.591,0.582,0.584,327630800.0,192319279.6,,,,,
2025-09-23,515170,食品饮料ETF,0.583,0.585,0.576,0.58,330089900.0,191782231.89999998,,,,,
2025-09-24,515170,食品饮料ETF,0.578,0.583,0.577,0.581,291971300.0,169270361.17499998,,,,,
2025-09-25,515170,食品饮料ETF,0.581,0.582,0.576,0.577,280118600.0,162188669.39999998,,,,,
2025-09-26,515170,食品饮料ETF,0.577,0.581,0.573,0.576,306983500.0,177052733.625,,,,,
2025-09-29,515170,食品饮料ETF,0.577,0.585,0.573,0.583,369796900.0,214297303.54999995,,,,,
2025-09-30,515170,食品饮料ETF,0.583,0.583,0.577,0.581,307978800.0,178935682.79999998,,,,,
2025-10-09,515170,食品饮料ETF,0.581,0.581,0.571,0.579,346326800.0,200176890.39999998,,,,,
2025-10-10,515170,食品饮料ETF,0.578,0.586,0.577,0.582,723722100.0,420301609.575,,,,,
2025-10-13,515170,食品饮料ETF,0.575,0.581,0.571,0.576,665605700.0,383222481.775,,,,,
2025-10-14,515170,食品饮料ETF,0.576,0.586,0.574,0.583,684496200.0,396836671.9499999,,,,,
2025-10-15,515170,食品饮料ETF,0.583,0.588,0.581,0.588,516453300.0,302125180.5,,,,,
2025-10-16,515170,食品饮料ETF,0.588,0.593,0.586,0.591,876701600.0,516815593.1999999,,,,,
2025-10-17,515170,食品饮料ETF,0.591,0.594,0.583,0.584,927754900.0,545519881.1999998,,,,,
2025-10-20,515170,食品饮料ETF,0.585,0.588,0.581,0.582,627964600.0,366731326.4,,,,,
2025-10-21,515170,食品饮料ETF,0.583,0.585,0.581,0.583,518994600.0,302573851.79999995,,,,,
2025-10-22,515170,食品饮料ETF,0.583,0.585,0.58,0.58,197931900.0,115196365.8,,,,,
2025-10-23,515170,食品饮料ETF,0.579,0.583,0.576,0.582,233959400.0,135696452.0,,,,,
2025-10-24,515170,食品饮料ETF,0.582,0.584,0.574,0.576,661610500.0,383072479.5,,,,,
2025-10-27,515170,食品饮料ETF,0.576,0.577,0.572,0.574,811573200.0,466451696.7,,,,,
2025-10-28,515170,食品饮料ETF,0.574,0.577,0.572,0.574,464197900.0,266565644.07499996,,,,,
2025-10-29,515170,食品饮料ETF,0.573,0.574,0.568,0.571,378330200.0,216215709.3,,,,,
2025-10-30,515170,食品饮料ETF,0.57,0.574,0.567,0.569,542570100.0,309264956.99999994,,,,,
2025-10-31,515170,食品饮料ETF,0.567,0.577,0.567,0.576,509534400.0,291326293.2,,,,,
2025-11-03,515170,食品饮料ETF,0.575,0.578,0.57,0.576,352469300.0,202581730.17499995,,,,,
2025-11-04,515170,食品饮料ETF,0.574,0.575,0.566,0.569,283821500.0,162062076.5,,,,,
2025-11-05,515170,食品饮料ETF,0.567,0.57,0.564,0.567,341449400.0,193601809.79999998,,,,,
2025-11-06,515170,食品饮料ETF,0.567,0.571,0.567,0.568,254523700.0,144633092.52499998,,,,,
2025-11-07,515170,食品饮料ETF,0.567,0.57,0.566,0.568,185549200.0,105345558.29999998,,,,,
2025-11-10,515170,食品饮料ETF,0.569,0.59,0.567,0.589,869854200.0,503428118.2499999,,,,,
2025-11-11,515170,食品饮料ETF,0.588,0.589,0.582,0.588,337306700.0,197914706.225,,,,,
2025-11-12,515170,食品饮料ETF,0.589,0.594,0.588,0.589,388068400.0,228960356.0,,,,,
2025-11-13,515170,食品饮料ETF,0.588,0.593,0.585,0.592,694917400.0,409653807.29999995,,,,,
2025-11-14,515170,食品饮料ETF,0.591,0.597,0.585,0.585,307619900.0,181341931.04999998,,,,,
2025-11-17,515170,食品饮料ETF,0.584,0.587,0.578,0.585,890284700.0,519481122.45,,,,,
2025-11-18,515170,食品饮料ETF,0.584,0.59,0.583,0.586,289016500.0,169291414.875,,,,,
2025-11-19,515170,食品饮料ETF,0.586,0.586,0.581,0.583,222759100.0,130091314.39999999,,,,,
2025-11-20,515170,食品饮料ETF,0.583,0.586,0.579,0.58,241436000.0,140515751.99999997,,,,,
2025-11-21,515170,食品饮料ETF,0.578,0.584,0.572,0.574,366739300.0,211608576.1,,,,,
2025-11-24,515170,食品饮料ETF,0.575,0.578,0.571,0.572,244314700.0,140236637.79999995,,,,,
2025-11-25,515170,食品饮料ETF,0.572,0.574,0.569,0.573,285042500.0,163044310.0,,,,,
2025-11-26,515170,食品饮料ETF,0.573,0.575,0.571,0.574,188110600.0,107834401.44999999,,,,,
2025-11-27,515170,食品饮料ETF,0.574,0.575,0.57,0.572,188543600.0,107988346.89999999,,,,,
2025-11-28,515170,食品饮料ETF,0.572,0.575,0.57,0.575,144065600.0,82549588.8,,,,,
2025-12-01,515170,食品饮料ETF,0.574,0.578,0.573,0.575,237904600.0,136795145.0,,,,,
2025-12-02,515170,食品饮料ETF,0.575,0.576,0.571,0.571,152093800.0,87187770.85000001,,,,,
2025-12-03,515170,食品饮料ETF,0.572,0.572,0.565,0.566,247952500.0,141022984.375,,,,,
2025-12-04,515170,食品饮料ETF,0.566,0.567,0.558,0.56,284070100.0,159860448.775,,,,,
2025-12-05,515170,食品饮料ETF,0.56,0.562,0.557,0.561,230499300.0,129079608.00000001,,,,,
2025-12-08,515170,食品饮料ETF,0.561,0.562,0.555,0.557,277633900.0,155127941.62500003,,,,,
2025-12-09,515170,食品饮料ETF,0.557,0.557,0.549,0.55,352641600.0,195098965.20000002,,,,,
2025-12-10,515170,食品饮料ETF,0.549,0.554,0.546,0.552,208234900.0,114581253.72500001,,,,,
2025-12-11,515170,食品饮料ETF,0.552,0.553,0.548,0.548,165298000.0,90955224.5,,,,,
2025-12-12,515170,食品饮料ETF,0.55,0.555,0.548,0.551,255073600.0,140545553.60000002,,,,,
2025-12-15,515170,食品饮料ETF,0.554,0.559,0.554,0.555,294487300.0,163587695.15000004,,,,,
2025-12-16,515170,食品饮料ETF,0.554,0.556,0.552,0.555,178529700.0,98950086.22500001,,,,,
2025-12-17,515170,食品饮料ETF,0.556,0.559,0.551,0.557,240150800.0,133463807.10000002,,,,,
2025-12-18,515170,食品饮料ETF,0.556,0.559,0.555,0.557,169259700.0,94235337.97500001,,,,,
2025-12-19,515170,食品饮料ETF,0.557,0.563,0.555,0.562,219053500.0,122505669.875,,,,,
2025-12-22,515170,食品饮料ETF,0.562,0.564,0.56,0.562,203816100.0,114544648.20000002,,,,,
2025-12-23,515170,食品饮料ETF,0.562,0.563,0.558,0.558,240799200.0,134907751.8,,,,,
2025-12-24,515170,食品饮料ETF,0.557,0.558,0.555,0.557,142612400.0,79399453.70000002,,,,,
2025-12-25,515170,食品饮料ETF,0.557,0.564,0.557,0.563,243551600.0,136449783.9,,,,,
2025-12-26,515170,食品饮料ETF,0.563,0.563,0.557,0.558,385736600.0,216108930.15,,,,,
2025-12-29,515170,食品饮料ETF,0.558,0.559,0.552,0.554,191227900.0,106274905.42500001,,,,,
2025-12-30,515170,食品饮料ETF,0.553,0.554,0.549,0.55,185950200.0,102551535.30000001,,,,,
2025-12-31,515170,食品饮料ETF,0.55,0.551,0.546,0.548,165270900.0,90692406.37500001,,,,,
2026-01-05,515170,食品饮料ETF,0.548,0.558,0.547,0.557,261261000.0,144346702.5,,,,,
2026-01-06,515170,食品饮料ETF,0.557,0.561,0.554,0.56,230368000.0,128545344.00000001,,,,,
2026-01-07,515170,食品饮料ETF,0.56,0.562,0.556,0.558,296319400.0,165642544.60000002,,,,,
2026-01-08,515170,食品饮料ETF,0.557,0.558,0.552,0.554,251223200.0,139491681.8,,,,,
2026-01-09,515170,食品饮料ETF,0.555,0.558,0.553,0.557,220991100.0,122815803.82500002,,,,,
2026-01-12,515170,食品饮料ETF,0.557,0.562,0.555,0.562,404239600.0,225969936.40000004,,,,,
2026-01-13,515170,食品饮料ETF,0.562,0.563,0.556,0.558,375550900.0,210214616.27499998,,,,,
2026-01-14,515170,食品饮料ETF,0.557,0.56,0.55,0.554,352936200.0,195967825.05,,,,,
2026-01-15,515170,食品饮料ETF,0.552,0.555,0.549,0.551,235054900.0,129691541.07500002,,,,,
2026-01-16,515170,食品饮料ETF,0.551,0.552,0.545,0.546,305092800.0,167343400.79999998,,,,,
2026-01-19,515170,食品饮料ETF,0.546,0.548,0.544,0.546,174462200.0,95256361.2,,,,,
2026-01-20,515170,食品饮料ETF,0.546,0.55,0.545,0.549,211060000.0,115555350.00000001,,,,,
2026-01-21,515170,食品饮料ETF,0.549,0.549,0.539,0.541,371639400.0,202357653.30000004,,,,,
2026-01-22,515170,食品饮料ETF,0.54,0.543,0.538,0.539,184337100.0,99542034.0,,,,,
2026-01-23,515170,食品饮料ETF,0.539,0.541,0.537,0.538,226692700.0,122130692.12499999,,,,,
2026-01-26,515170,食品饮料ETF,0.537,0.538,0.528,0.535,351625400.0,187943776.29999998,,,,,
2026-01-27,515170,食品饮料ETF,0.534,0.535,0.526,0.529,273559800.0,145260253.80000004,,,,,
2026-01-28,515170,食品饮料ETF,0.528,0.531,0.526,0.528,243022400.0,128376582.80000003,,,,,
2026-01-29,515170,食品饮料ETF,0.528,0.57,0.527,0.568,1171171500.0,642094774.875,,,,,
2026-01-30,515170,食品饮料ETF,0.56,0.561,0.544,0.544,732316800.0,404421952.8,,,,,
2026-02-02,515170,食品饮料ETF,0.543,0.562,0.542,0.548,417401200.0,229048908.50000003,,,,,
2026-02-03,515170,食品饮料ETF,0.547,0.557,0.545,0.552,303199900.0,166835744.975,,,,,
2026-02-04,515170,食品饮料ETF,0.551,0.564,0.549,0.562,483098400.0,268844259.6,,,,,
2026-02-05,515170,食品饮料ETF,0.561,0.572,0.56,0.569,557061500.0,315018278.25,,,,,
2026-02-06,515170,食品饮料ETF,0.568,0.571,0.558,0.56,928768900.0,524057851.82500005,,,,,
2026-02-09,515170,食品饮料ETF,0.559,0.563,0.557,0.56,349278900.0,195508864.27500004,,,,,
2026-02-10,515170,食品饮料ETF,0.56,0.562,0.551,0.554,218139300.0,121449055.27500002,,,,,
2026-02-11,515170,食品饮料ETF,0.553,0.556,0.551,0.554,196808500.0,108933504.75000001,,,,,
2026-02-12,515170,食品饮料ETF,0.553,0.554,0.545,0.547,198664500.0,109215808.87500001,,,,,
2026-02-13,515170,食品饮料ETF,0.548,0.551,0.544,0.546,200700800.0,109833512.8,,,,,
2026-02-24,515170,食品饮料ETF,0.548,0.552,0.539,0.542,235025700.0,128147762.925,,,,,
2026-02-25,515170,食品饮料ETF,0.541,0.547,0.54,0.543,134334300.0,72909941.325,,,,,
2026-02-26,515170,食品饮料ETF,0.542,0.543,0.536,0.537,229864200.0,124011735.90000002,,,,,
2026-02-27,515170,食品饮料ETF,0.537,0.539,0.536,0.538,130135400.0,69947777.50000001,,,,,
2026-03-02,515170,食品饮料ETF,0.533,0.536,0.526,0.53,261443200.0,138891700.0,,,,,
2026-03-03,515170,食品饮料ETF,0.528,0.535,0.524,0.526,264897700.0,139932210.025,,,,,
2026-03-04,515170,食品饮料ETF,0.524,0.524,0.514,0.516,329420400.0,171133897.8,,,,,
2026-03-05,515170,食品饮料ETF,0.518,0.521,0.515,0.518,123942800.0,64202370.4,,,,,
2026-03-06,515170,食品饮料ETF,0.516,0.527,0.515,0.527,168985700.0,88083796.12500001,,,,,
2026-03-09,515170,食品饮料ETF,0.522,0.525,0.52,0.523,173999900.0,90914947.75,,,,,
2026-03-10,515170,食品饮料ETF,0.525,0.527,0.523,0.525,132711100.0,69673327.5,,,,,
2026-03-11,515170,食品饮料ETF,0.527,0.527,0.522,0.526,117310400.0,61646615.20000001,,,,,
2026-03-12,515170,食品饮料ETF,0.526,0.527,0.521,0.526,143705600.0,75445440.0,,,,,
2026-03-13,515170,食品饮料ETF,0.526,0.531,0.523,0.529,276186900.0,145619543.02500004,,,,,
2026-03-16,515170,食品饮料ETF,0.528,0.538,0.527,0.536,291631700.0,155220972.325,,,,,
2026-03-17,515170,食品饮料ETF,0.536,0.544,0.535,0.537,216906000.0,116695428.0,,,,,
2026-03-18,515170,食品饮料ETF,0.537,0.539,0.53,0.533,243560000.0,130243710.00000001,,,,,
2026-03-19,515170,食品饮料ETF,0.531,0.531,0.524,0.525,162333500.0,85671504.62500001,,,,,
2026-03-20,515170,食品饮料ETF,0.525,0.528,0.52,0.522,118421000.0,62022998.75000001,,,,,
2026-03-23,515170,食品饮料ETF,0.518,0.518,0.5,0.502,386294000.0,196816793.00000003,,,,,
2026-03-24,515170,食品饮料ETF,0.505,0.509,0.502,0.508,145633800.0,73690702.8,,,,,
2026-03-25,515170,食品饮料ETF,0.51,0.514,0.508,0.514,135913300.0,69519652.95,,,,,
2026-03-26,515170,食品饮料ETF,0.512,0.516,0.507,0.509,110252000.0,56338772.0,,,,,
2026-03-27,515170,食品饮料ETF,0.506,0.518,0.505,0.517,158899700.0,81277196.55000001,,,,,
2026-03-30,515170,食品饮料ETF,0.514,0.523,0.512,0.52,166172500.0,85952725.625,,,,,
2026-03-31,515170,食品饮料ETF,0.526,0.53,0.517,0.518,174600500.0,91272411.37500001,,,,,
2026-04-01,515170,食品饮料ETF,0.521,0.526,0.518,0.523,105941200.0,55301306.4,,,,,
2026-04-02,515170,食品饮料ETF,0.522,0.525,0.521,0.524,92732000.0,48498836.0,,,,,
2026-04-03,515170,食品饮料ETF,0.524,0.524,0.517,0.517,75217600.0,39150760.8,,,,,
2026-04-07,515170,食品饮料ETF,0.518,0.52,0.513,0.515,120447500.0,62211133.74999999,,,,,
2026-04-08,515170,食品饮料ETF,0.518,0.524,0.518,0.524,139797100.0,72834289.10000001,,,,,
2026-04-09,515170,食品饮料ETF,0.522,0.522,0.515,0.516,165846800.0,86033027.5,,,,,
2026-04-10,515170,食品饮料ETF,0.516,0.519,0.515,0.516,89639000.0,46298543.50000001,,,,,
2026-04-13,515170,食品饮料ETF,0.515,0.515,0.511,0.514,171341700.0,88026798.375,,,,,
2026-04-14,515170,食品饮料ETF,0.515,0.516,0.51,0.515,160501700.0,82497873.8,,,,,
2026-04-15,515170,食品饮料ETF,0.513,0.518,0.512,0.516,97394500.0,50133818.87500001,,,,,
2026-04-16,515170,食品饮料ETF,0.516,0.518,0.515,0.517,105548100.0,54515593.65,,,,,
2026-04-17,515170,食品饮料ETF,0.514,0.514,0.507,0.508,165253000.0,84402969.75,,,,,
2026-04-20,515170,食品饮料ETF,0.508,0.512,0.506,0.509,147184400.0,74880063.5,,,,,
2026-04-21,515170,食品饮料ETF,0.509,0.513,0.508,0.51,112641700.0,57447267.0,,,,,
2026-04-22,515170,食品饮料ETF,0.51,0.51,0.505,0.506,100937800.0,51251167.95,,,,,
2026-04-23,515170,食品饮料ETF,0.507,0.515,0.507,0.513,207394500.0,105874892.25000001,,,,,
2026-04-24,515170,食品饮料ETF,0.51,0.516,0.508,0.514,173487700.0,88825702.4,,,,,
2026-04-27,515170,食品饮料ETF,0.511,0.511,0.506,0.508,118859000.0,60499231.000000015,,,,,
2026-04-28,515170,食品饮料ETF,0.506,0.51,0.505,0.508,99677100.0,50561208.975,,,,,
2026-04-29,515170,食品饮料ETF,0.506,0.515,0.505,0.513,154226000.0,78616703.5,,,,,
2026-04-30,515170,食品饮料ETF,0.515,0.518,0.512,0.513,147765600.0,76025401.19999999,,,,,
2026-05-06,515170,食品饮料ETF,0.508,0.509,0.503,0.508,230286400.0,116755204.8,,,,,
2026-05-07,515170,食品饮料ETF,0.508,0.513,0.508,0.509,152044500.0,77466672.75,,,,,
2026-05-08,515170,食品饮料ETF,0.509,0.509,0.506,0.507,104979800.0,53303493.449999996,,,,,
2026-05-11,515170,食品饮料ETF,0.507,0.508,0.502,0.507,186374600.0,94305547.6,,,,,
2026-05-12,515170,食品饮料ETF,0.507,0.508,0.501,0.503,182637100.0,92186076.22500001,,,,,
2026-05-13,515170,食品饮料ETF,0.503,0.503,0.495,0.499,232686700.0,116343350.0,,,,,
2026-05-14,515170,食品饮料ETF,0.498,0.508,0.494,0.499,317037300.0,158439390.67499998,,,,,
2026-05-15,515170,食品饮料ETF,0.498,0.498,0.488,0.49,207324900.0,102314838.15,,,,,
2026-05-18,515170,食品饮料ETF,0.49,0.491,0.484,0.487,196155200.0,95723737.6,,,,,
2026-05-19,515170,食品饮料ETF,0.487,0.493,0.486,0.489,147582700.0,72131044.625,,,,,
2026-05-20,515170,食品饮料ETF,0.488,0.492,0.486,0.489,150259000.0,73439086.25,,,,,
2026-05-21,515170,食品饮料ETF,0.488,0.492,0.482,0.482,172666800.0,83916064.8,,,,,
2026-05-22,515170,食品饮料ETF,0.483,0.484,0.476,0.477,162157100.0,77835408.0,,,,,
2026-05-25,515170,食品饮料ETF,0.477,0.483,0.472,0.479,148537700.0,70963886.175,,,,,
2026-05-26,515170,食品饮料ETF,0.478,0.482,0.474,0.477,126686400.0,60524427.599999994,,,,,
2026-05-27,515170,食品饮料ETF,0.476,0.488,0.467,0.482,317858400.0,152015779.8,,,,,
2026-05-28,515170,食品饮料ETF,0.477,0.478,0.47,0.472,244062100.0,115746450.925,,,,,
2026-05-29,515170,食品饮料ETF,0.471,0.49,0.469,0.484,316259800.0,151330314.29999998,,,,,
2026-06-01,515170,食品饮料ETF,0.484,0.485,0.478,0.484,251949400.0,121628572.85,,,,,
2026-06-02,515170,食品饮料ETF,0.483,0.486,0.477,0.477,230737800.0,110927197.35000001,,,,,
2026-06-03,515170,食品饮料ETF,0.477,0.477,0.467,0.471,209694900.0,99185687.69999999,,,,,
2026-06-04,515170,食品饮料ETF,0.47,0.473,0.463,0.464,126655300.0,59211352.75,,,,,
2026-06-05,515170,食品饮料ETF,0.466,0.471,0.462,0.463,147187900.0,68515967.44999999,,,,,
2026-06-08,515170,食品饮料ETF,0.464,0.467,0.454,0.457,207445200.0,95528514.60000001,,,,,
2026-06-09,515170,食品饮料ETF,0.456,0.459,0.453,0.456,117310100.0,53493405.6,,,,,
2026-06-10,515170,食品饮料ETF,0.456,0.462,0.453,0.461,135162600.0,61904470.800000004,,,,,
2026-06-11,515170,食品饮料ETF,0.46,0.463,0.456,0.462,124167000.0,57147861.75,,,,,
2026-06-12,515170,食品饮料ETF,0.46,0.467,0.458,0.464,129257000.0,59749048.25,,,,,
2026-06-15,515170,食品饮料ETF,0.465,0.466,0.459,0.462,128052100.0,59288122.300000004,,,,,
2026-06-16,515170,食品饮料ETF,0.462,0.462,0.453,0.455,121436600.0,55617962.800000004,,,,,
2026-06-17,515170,食品饮料ETF,0.455,0.456,0.448,0.452,138813300.0,62847721.574999996,,,,,
2026-06-18,515170,食品饮料ETF,0.451,0.451,0.44,0.444,187513200.0,83724643.8,,,,,
2026-06-22,515170,食品饮料ETF,0.441,0.45,0.437,0.446,183154800.0,81229153.8,,,,,
2026-06-23,515170,食品饮料ETF,0.445,0.454,0.438,0.441,232418100.0,103309845.45,,,,,
2026-06-24,515170,食品饮料ETF,0.441,0.447,0.436,0.436,166446200.0,73236328.0,,,,,
2026-06-25,515170,食品饮料ETF,0.435,0.445,0.432,0.44,203581700.0,89168784.6,,,,,
2026-06-26,515170,食品饮料ETF,0.439,0.442,0.43,0.43,171076200.0,74460916.05,,,,,
2026-06-29,515170,食品饮料ETF,0.43,0.442,0.421,0.439,231978900.0,100446863.7,,,,,
2026-06-30,515170,食品饮料ETF,0.436,0.438,0.429,0.435,161197500.0,70040313.75,,,,,
2026-07-01,515170,食品饮料ETF,0.433,0.442,0.429,0.441,211021000.0,92057911.25,,,,,
2026-07-02,515170,食品饮料ETF,0.439,0.446,0.436,0.44,186938400.0,82299630.6,,,,,
2026-07-03,515170,食品饮料ETF,0.439,0.445,0.437,0.441,207767700.0,91521671.85,,,,,
2026-07-06,515170,食品饮料ETF,0.44,0.448,0.437,0.446,288469200.0,127719738.30000001,,,,,
2026-07-07,515170,食品饮料ETF,0.445,0.446,0.436,0.437,279322100.0,123181046.1,,,,,
2026-07-08,515170,食品饮料ETF,0.436,0.44,0.433,0.437,170267700.0,74321851.05,,,,,
2026-07-09,515170,食品饮料ETF,0.436,0.437,0.43,0.432,202291300.0,87743851.375,,,,,
2026-07-10,515170,食品饮料ETF,0.432,0.443,0.428,0.44,227318400.0,99053992.8,,,,,
2026-07-13,515170,食品饮料ETF,0.438,0.442,0.435,0.44,218443000.0,95841866.25,,,,,
2026-07-14,515170,食品饮料ETF,0.439,0.442,0.437,0.441,178135700.0,78335174.075,,,,,
2026-07-15,515170,食品饮料ETF,0.439,0.46,0.437,0.459,328338000.0,147341677.5,,,,,
2026-07-16,515170,食品饮料ETF,0.457,0.465,0.455,0.462,266231100.0,122399748.22500001,,,,,
2026-07-17,515170,食品饮料ETF,0.461,0.466,0.453,0.455,300865200.0,138021910.5,,,,,
2026-07-20,515170,食品饮料ETF,0.456,0.472,0.455,0.472,352877700.0,163647033.375,,,,,
2026-07-21,515170,食品饮料ETF,0.471,0.477,0.465,0.468,295050500.0,138747497.625,,,,,
2026-07-22,515170,食品饮料ETF,0.465,0.47,0.46,0.47,230652200.0,107541588.25,,,,,
2026-07-23,515170,食品饮料ETF,0.467,0.469,0.461,0.466,152973700.0,71247500.775,,,,,
2026-07-24,515170,食品饮料ETF,0.466,0.468,0.458,0.458,178205400.0,82419997.5,,,,,
2026-07-27,515170,食品饮料ETF,0.46,0.462,0.456,0.46,143293000.0,65843133.5,,,,,
2026-07-28,515170,食品饮料ETF,0.459,0.47,0.458,0.47,261768900.0,121526211.825,,,,,
2026-07-29,515170,食品饮料ETF,0.47,0.481,0.468,0.478,337729700.0,160168310.225,,,,,
2026-07-30,515170,食品饮料ETF,0.478,0.492,0.475,0.49,479925500.0,232163960.625,,,,,
2026-07-31,515170,食品饮料ETF,0.481,0.49,0.479,0.49,279751100.0,135679283.5,,,,,
2026-08-03,515170,食品饮料ETF,0.49,0.492,0.485,0.486,206940700.0,101038796.77499999,,,,,
2026-08-04,515170,食品饮料ETF,0.486,0.487,0.478,0.479,194714700.0,93949842.75,,,,,
2026-08-05,515170,食品饮料ETF,0.479,0.48,0.471,0.475,294048900.0,140040788.625,,,,,
2026-08-06,515170,食品饮料ETF,0.474,0.478,0.47,0.473,227258000.0,107663477.49999999,,,,,
2026-08-07,515170,食品饮料ETF,0.474,0.475,0.468,0.475,236451600.0,111841606.8,,,,,
2026-08-10,515170,食品饮料ETF,0.474,0.487,0.474,0.487,342706300.0,164670377.15,,,,,
2026-08-11,515170,食品饮料ETF,0.486,0.487,0.479,0.48,280444700.0,135454790.1,,,,,
