date,symbol,name,open,high,low,close,volume,amount,pct_change,turnover_rate,source_file,amplitude,change
2020-03-02,515210,,0.976,1.05,0.976,1.027,170197000.0,172351505.0,,,sina:515210,,
2020-03-03,515210,,1.1,1.101,1.026,1.033,216592600.0,226447486.0,,,sina:515210,,
2020-03-04,515210,,1.022,1.045,1.016,1.043,101937500.0,105248878.0,,,sina:515210,,
2020-03-05,515210,,1.052,1.072,1.049,1.062,108394867.0,114928529.0,,,sina:515210,,
2020-03-06,515210,,1.055,1.059,1.046,1.054,54347600.0,57234417.0,,,sina:515210,,
2020-03-09,515210,,1.04,1.04,1.019,1.021,71211700.0,73233528.0,,,sina:515210,,
2020-03-10,515210,,1.01,1.045,1.001,1.04,45121600.0,46146201.0,,,sina:515210,,
2020-03-11,515210,,1.038,1.056,1.036,1.041,49054418.0,51350254.0,,,sina:515210,,
2020-03-12,515210,,1.03,1.048,1.03,1.042,38922400.0,40459593.0,,,sina:515210,,
2020-03-13,515210,,1.005,1.034,1.002,1.023,40760300.0,41399661.0,,,sina:515210,,
2020-03-16,515210,,1.022,1.032,0.996,0.998,44872500.0,45793155.0,,,sina:515210,,
2020-03-17,515210,,0.998,1.01,0.975,0.995,26883100.0,26634603.0,,,sina:515210,,
2020-03-18,515210,,1.0,1.016,0.985,0.986,28820300.0,28946602.0,,,sina:515210,,
2020-03-19,515210,,0.982,1.0,0.969,0.99,30145800.0,29677339.0,,,sina:515210,,
2020-03-20,515210,,0.993,1.003,0.982,0.996,23011148.0,22844378.0,,,sina:515210,,
2020-03-23,515210,,0.985,0.985,0.964,0.966,21284800.0,20698882.0,,,sina:515210,,
2020-03-24,515210,,0.98,0.991,0.967,0.981,29974700.0,29335489.0,,,sina:515210,,
2020-03-25,515210,,0.998,1.0,0.983,0.992,25981600.0,25699706.0,,,sina:515210,,
2020-03-26,515210,,0.984,0.986,0.974,0.975,22748300.0,22312174.0,,,sina:515210,,
2020-03-27,515210,,0.985,0.996,0.977,0.982,27709800.0,27314021.0,,,sina:515210,,
2020-03-30,515210,,0.976,0.978,0.959,0.97,24646100.0,23758782.0,,,sina:515210,,
2020-03-31,515210,,0.975,0.979,0.963,0.967,22421900.0,21708158.0,,,sina:515210,,
2020-04-01,515210,,0.96,0.972,0.958,0.958,26441000.0,25566881.0,,,sina:515210,,
2020-04-02,515210,,0.959,0.977,0.956,0.977,28154398.0,27197137.0,,,sina:515210,,
2020-04-03,515210,,0.976,0.977,0.968,0.971,22955000.0,22373224.0,,,sina:515210,,
2020-04-07,515210,,0.979,0.996,0.979,0.995,23896800.0,23664631.0,,,sina:515210,,
2020-04-08,515210,,0.99,1.004,0.99,0.999,30171600.0,30143644.0,,,sina:515210,,
2020-04-09,515210,,1.001,1.014,1.001,1.011,31095700.0,31380608.0,,,sina:515210,,
2020-04-10,515210,,1.006,1.015,0.996,0.999,28429200.0,28443623.0,,,sina:515210,,
2020-04-13,515210,,0.997,1.006,0.994,1.004,22120100.0,22144825.0,,,sina:515210,,
2020-04-14,515210,,1.001,1.013,1.001,1.012,23513300.0,23686054.0,,,sina:515210,,
2020-04-15,515210,,1.012,1.013,1.002,1.003,21834800.0,22011313.0,,,sina:515210,,
2020-04-16,515210,,1.0,1.01,0.995,1.007,23847000.0,23944804.0,,,sina:515210,,
2020-04-17,515210,,1.007,1.014,1.003,1.006,20441200.0,20658532.0,,,sina:515210,,
2020-04-20,515210,,1.006,1.011,1.0,1.009,22041400.0,22187463.0,,,sina:515210,,
2020-04-21,515210,,1.009,1.011,0.997,1.005,27460100.0,27486474.0,,,sina:515210,,
2020-04-22,515210,,1.0,1.004,0.99,1.004,25012800.0,24994997.0,,,sina:515210,,
2020-04-23,515210,,1.003,1.004,0.995,0.996,25788800.0,25768577.0,,,sina:515210,,
2020-04-24,515210,,0.994,0.996,0.985,0.988,25027300.0,24825623.0,,,sina:515210,,
2020-04-27,515210,,0.983,0.993,0.983,0.986,26516800.0,26261182.0,,,sina:515210,,
2020-04-28,515210,,0.986,0.986,0.958,0.977,28701400.0,27864186.0,,,sina:515210,,
2020-04-29,515210,,0.977,0.98,0.97,0.977,20924500.0,20433316.0,,,sina:515210,,
2020-04-30,515210,,0.977,1.003,0.977,1.0,27776000.0,27633334.0,,,sina:515210,,
2020-05-06,515210,,0.99,1.004,0.98,1.004,19842800.0,19843479.0,,,sina:515210,,
2020-05-07,515210,,1.003,1.008,1.0,1.002,19878900.0,19961863.0,,,sina:515210,,
2020-05-08,515210,,1.002,1.013,1.002,1.01,28588500.0,28837759.0,,,sina:515210,,
2020-05-11,515210,,1.01,1.014,1.005,1.009,25362000.0,25630409.0,,,sina:515210,,
2020-05-12,515210,,1.006,1.011,1.001,1.008,23421100.0,23583223.0,,,sina:515210,,
2020-05-13,515210,,1.008,1.018,1.002,1.015,31969145.0,32403492.0,,,sina:515210,,
2020-05-14,515210,,1.015,1.015,1.005,1.006,21227000.0,21404442.0,,,sina:515210,,
2020-05-15,515210,,1.011,1.011,0.999,1.0,21115464.0,21172186.0,,,sina:515210,,
2020-05-18,515210,,0.998,1.012,0.997,1.003,25453300.0,25559003.0,,,sina:515210,,
2020-05-19,515210,,1.013,1.014,1.006,1.009,25380000.0,25621210.0,,,sina:515210,,
2020-05-20,515210,,1.008,1.008,0.998,1.0,23223900.0,23278355.0,,,sina:515210,,
2020-05-21,515210,,1.0,1.01,1.0,1.003,22191692.0,22302389.0,,,sina:515210,,
2020-05-22,515210,,1.003,1.003,0.988,0.992,24178600.0,24069157.0,,,sina:515210,,
2020-05-25,515210,,0.995,0.995,0.985,0.988,21959300.0,21763280.0,,,sina:515210,,
2020-05-26,515210,,0.995,1.0,0.98,1.0,18005400.0,17882992.0,,,sina:515210,,
2020-05-27,515210,,0.998,1.011,0.998,1.007,23932800.0,24067024.0,,,sina:515210,,
2020-05-28,515210,,1.007,1.008,0.995,1.0,20194300.0,20249517.0,,,sina:515210,,
2020-05-29,515210,,1.0,1.009,0.998,1.009,22746700.0,22818116.0,,,sina:515210,,
2020-06-01,515210,,1.009,1.024,1.009,1.022,25066200.0,25546072.0,,,sina:515210,,
2020-06-02,515210,,1.021,1.023,1.01,1.022,22919100.0,23312542.0,,,sina:515210,,
2020-06-03,515210,,1.022,1.031,1.022,1.025,26097000.0,26793498.0,,,sina:515210,,
2020-06-04,515210,,1.024,1.024,1.015,1.019,27028800.0,27570872.0,,,sina:515210,,
2020-06-05,515210,,1.019,1.02,1.013,1.017,29852100.0,30371718.0,,,sina:515210,,
2020-06-08,515210,,1.017,1.029,1.017,1.023,31583700.0,32282460.0,,,sina:515210,,
2020-06-09,515210,,1.029,1.029,1.02,1.021,36237700.0,37096181.0,,,sina:515210,,
2020-06-10,515210,,1.02,1.032,1.017,1.03,33443900.0,34286600.0,,,sina:515210,,
2020-06-11,515210,,1.026,1.034,1.024,1.026,32216100.0,33122680.0,,,sina:515210,,
2020-06-12,515210,,1.0,1.033,1.0,1.029,38346300.0,39252831.0,,,sina:515210,,
2020-06-15,515210,,1.021,1.034,1.02,1.022,23321600.0,24000417.0,,,sina:515210,,
2020-06-16,515210,,1.021,1.06,1.021,1.059,34114800.0,35546825.0,,,sina:515210,,
2020-06-17,515210,,1.066,1.092,1.058,1.079,38091900.0,41199450.0,,,sina:515210,,
2020-06-18,515210,,1.084,1.134,1.081,1.107,43673491.0,48617517.0,,,sina:515210,,
2020-06-19,515210,,1.101,1.101,1.077,1.087,49440200.0,53557804.0,,,sina:515210,,
2020-06-22,515210,,1.083,1.089,1.067,1.07,44424700.0,47684803.0,,,sina:515210,,
2020-06-23,515210,,1.071,1.077,1.061,1.07,53792800.0,57465148.0,,,sina:515210,,
2020-06-24,515210,,1.074,1.074,1.061,1.066,29798900.0,31724136.0,,,sina:515210,,
2020-06-29,515210,,1.064,1.064,1.046,1.05,31904600.0,33589377.0,,,sina:515210,,
2020-06-30,515210,,1.056,1.058,1.048,1.051,47220100.0,49648443.0,,,sina:515210,,
2020-07-01,515210,,1.05,1.059,1.041,1.058,36499292.0,38234331.0,,,sina:515210,,
2020-07-02,515210,,1.054,1.074,1.05,1.073,58660592.0,62256867.0,,,sina:515210,,
2020-07-03,515210,,1.073,1.096,1.07,1.087,68974000.0,74841388.0,,,sina:515210,,
2020-07-06,515210,,1.099,1.147,1.098,1.146,82711306.0,92731459.0,,,sina:515210,,
2020-07-07,515210,,1.188,1.198,1.125,1.128,83249406.0,95445365.0,,,sina:515210,,
2020-07-08,515210,,1.125,1.183,1.117,1.181,87201615.0,100278987.0,,,sina:515210,,
2020-07-09,515210,,1.168,1.207,1.153,1.199,160078300.0,188989203.0,,,sina:515210,,
2020-07-10,515210,,1.186,1.186,1.147,1.15,63761400.0,74379690.0,,,sina:515210,,
2020-07-13,515210,,1.149,1.194,1.14,1.188,75234000.0,88339826.0,,,sina:515210,,
2020-07-14,515210,,1.194,1.218,1.161,1.181,60110100.0,71531225.0,,,sina:515210,,
2020-07-15,515210,,1.185,1.19,1.137,1.141,40677300.0,46965329.0,,,sina:515210,,
2020-07-16,515210,,1.145,1.165,1.107,1.11,37889300.0,43235105.0,,,sina:515210,,
2020-07-17,515210,,1.11,1.124,1.1,1.108,29435100.0,32782607.0,,,sina:515210,,
2020-07-20,515210,,1.111,1.168,1.111,1.166,51609700.0,58941955.0,,,sina:515210,,
2020-07-21,515210,,1.166,1.171,1.146,1.152,39866700.0,46008047.0,,,sina:515210,,
2020-07-22,515210,,1.153,1.168,1.148,1.15,32825000.0,37987396.0,,,sina:515210,,
2020-07-23,515210,,1.138,1.15,1.122,1.142,42079500.0,47767965.0,,,sina:515210,,
2020-07-24,515210,,1.136,1.141,1.093,1.105,46829500.0,52603728.0,,,sina:515210,,
2020-07-27,515210,,1.104,1.111,1.092,1.104,27767000.0,30652849.0,,,sina:515210,,
2020-07-28,515210,,1.108,1.124,1.106,1.114,29119100.0,32497368.0,,,sina:515210,,
2020-07-29,515210,,1.117,1.148,1.1,1.145,47893500.0,53720499.0,,,sina:515210,,
2020-07-30,515210,,1.14,1.143,1.121,1.125,28352900.0,32001876.0,,,sina:515210,,
2020-07-31,515210,,1.125,1.138,1.114,1.127,28887700.0,32587327.0,,,sina:515210,,
2020-08-03,515210,,1.139,1.154,1.137,1.153,41667500.0,47759954.0,,,sina:515210,,
2020-08-04,515210,,1.16,1.16,1.143,1.151,41645600.0,47864494.0,,,sina:515210,,
2020-08-05,515210,,1.152,1.161,1.136,1.158,39459200.0,45218386.0,,,sina:515210,,
2020-08-06,515210,,1.16,1.175,1.145,1.17,42914200.0,49674032.0,,,sina:515210,,
2020-08-07,515210,,1.168,1.168,1.143,1.154,28469146.0,32872054.0,,,sina:515210,,
2020-08-10,515210,,1.148,1.169,1.148,1.163,29957700.0,34729732.0,,,sina:515210,,
2020-08-11,515210,,1.16,1.171,1.137,1.14,38142400.0,44128915.0,,,sina:515210,,
2020-08-12,515210,,1.139,1.141,1.123,1.138,37892700.0,42932010.0,,,sina:515210,,
2020-08-13,515210,,1.139,1.166,1.139,1.158,41116100.0,47389879.0,,,sina:515210,,
2020-08-14,515210,,1.158,1.162,1.143,1.161,31320400.0,36113221.0,,,sina:515210,,
2020-08-17,515210,,1.158,1.177,1.156,1.177,42784300.0,49964922.0,,,sina:515210,,
2020-08-18,515210,,1.177,1.199,1.172,1.188,42388900.0,50359570.0,,,sina:515210,,
2020-08-19,515210,,1.181,1.2,1.179,1.183,55557200.0,65925167.0,,,sina:515210,,
2020-08-20,515210,,1.183,1.199,1.171,1.182,42192600.0,49913382.0,,,sina:515210,,
2020-08-21,515210,,1.181,1.185,1.175,1.184,34939700.0,41201979.0,,,sina:515210,,
2020-08-24,515210,,1.186,1.19,1.179,1.182,48449400.0,57406784.0,,,sina:515210,,
2020-08-25,515210,,1.184,1.191,1.169,1.17,23100500.0,27285778.0,,,sina:515210,,
2020-08-26,515210,,1.171,1.172,1.152,1.156,28151000.0,32759201.0,,,sina:515210,,
2020-08-27,515210,,1.156,1.166,1.151,1.165,30845200.0,35759594.0,,,sina:515210,,
2020-08-28,515210,,1.168,1.188,1.162,1.186,29048400.0,34203235.0,,,sina:515210,,
2020-08-31,515210,,1.187,1.192,1.175,1.176,26206800.0,31117286.0,,,sina:515210,,
2020-09-01,515210,,1.173,1.183,1.172,1.183,34499800.0,40698989.0,,,sina:515210,,
2020-09-02,515210,,1.183,1.186,1.172,1.18,40092900.0,47336288.0,,,sina:515210,,
2020-09-03,515210,,1.18,1.2,1.176,1.181,32654000.0,38844046.0,,,sina:515210,,
2020-09-04,515210,,1.165,1.174,1.16,1.174,24348000.0,28469673.0,,,sina:515210,,
2020-09-07,515210,,1.174,1.183,1.161,1.165,24626200.0,28976747.0,,,sina:515210,,
2020-09-08,515210,,1.165,1.19,1.164,1.189,43291800.0,50925518.0,,,sina:515210,,
2020-09-09,515210,,1.179,1.22,1.174,1.217,60440000.0,72828228.0,,,sina:515210,,
2020-09-10,515210,,1.218,1.22,1.167,1.174,41796100.0,49856011.0,,,sina:515210,,
2020-09-11,515210,,1.157,1.176,1.157,1.176,31753900.0,37123506.0,,,sina:515210,,
2020-09-14,515210,,1.172,1.184,1.17,1.18,23835000.0,28074422.0,,,sina:515210,,
2020-09-15,515210,,1.179,1.179,1.17,1.174,27247800.0,31990191.0,,,sina:515210,,
2020-09-16,515210,,1.172,1.181,1.16,1.165,29996900.0,35179473.0,,,sina:515210,,
2020-09-17,515210,,1.164,1.181,1.162,1.174,42287800.0,49532479.0,,,sina:515210,,
2020-09-18,515210,,1.171,1.186,1.166,1.184,33794700.0,39643396.0,,,sina:515210,,
2020-09-21,515210,,1.185,1.19,1.177,1.18,36588900.0,43338017.0,,,sina:515210,,
2020-09-22,515210,,1.176,1.176,1.158,1.162,36731600.0,42964650.0,,,sina:515210,,
2020-09-23,515210,,1.164,1.167,1.161,1.165,37212800.0,43330071.0,,,sina:515210,,
2020-09-24,515210,,1.158,1.16,1.14,1.143,33895000.0,38858333.0,,,sina:515210,,
2020-09-25,515210,,1.145,1.15,1.142,1.149,36996700.0,42385155.0,,,sina:515210,,
2020-09-28,515210,,1.142,1.151,1.136,1.139,35548900.0,40622888.0,,,sina:515210,,
2020-09-29,515210,,1.14,1.155,1.14,1.146,31075700.0,35683648.0,,,sina:515210,,
2020-09-30,515210,,1.146,1.154,1.136,1.142,35089200.0,40304007.0,,,sina:515210,,
2020-10-09,515210,,1.151,1.167,1.151,1.165,31884500.0,37117706.0,,,sina:515210,,
2020-10-12,515210,,1.166,1.186,1.166,1.186,31492700.0,37008481.0,,,sina:515210,,
2020-10-13,515210,,1.185,1.185,1.172,1.176,31752700.0,37359533.0,,,sina:515210,,
2020-10-14,515210,,1.178,1.178,1.167,1.173,44676300.0,52374417.0,,,sina:515210,,
2020-10-15,515210,,1.17,1.177,1.165,1.172,33521300.0,39234230.0,,,sina:515210,,
2020-10-16,515210,,1.168,1.188,1.168,1.186,37520300.0,44253904.0,,,sina:515210,,
2020-10-19,515210,,1.185,1.2,1.178,1.179,37552200.0,44644949.0,,,sina:515210,,
2020-10-20,515210,,1.175,1.178,1.168,1.175,32288100.0,37831760.0,,,sina:515210,,
2020-10-21,515210,,1.175,1.178,1.168,1.174,39404800.0,46217235.0,,,sina:515210,,
2020-10-22,515210,,1.177,1.177,1.168,1.174,28825200.0,33788715.0,,,sina:515210,,
2020-10-23,515210,,1.171,1.177,1.164,1.168,34032900.0,39922404.0,,,sina:515210,,
2020-10-26,515210,,1.165,1.172,1.164,1.17,28135000.0,32879604.0,,,sina:515210,,
2020-10-27,515210,,1.17,1.177,1.165,1.176,38171600.0,44630868.0,,,sina:515210,,
2020-10-28,515210,,1.177,1.18,1.167,1.177,28507200.0,33431850.0,,,sina:515210,,
2020-10-29,515210,,1.169,1.177,1.164,1.173,28259500.0,33063504.0,,,sina:515210,,
2020-10-30,515210,,1.173,1.178,1.151,1.155,31065600.0,36387512.0,,,sina:515210,,
2020-11-02,515210,,1.151,1.167,1.151,1.163,26564900.0,30803214.0,,,sina:515210,,
2020-11-03,515210,,1.164,1.179,1.164,1.176,31117546.0,36462249.0,,,sina:515210,,
2020-11-04,515210,,1.175,1.188,1.165,1.187,38011200.0,44604009.0,,,sina:515210,,
2020-11-05,515210,,1.188,1.221,1.188,1.221,43361900.0,52136930.0,,,sina:515210,,
2020-11-06,515210,,1.222,1.223,1.213,1.221,34598346.0,42134720.0,,,sina:515210,,
2020-11-09,515210,,1.235,1.256,1.232,1.253,37728700.0,46949383.0,,,sina:515210,,
2020-11-10,515210,,1.259,1.263,1.239,1.247,40386800.0,50559702.0,,,sina:515210,,
2020-11-11,515210,,1.243,1.274,1.243,1.26,44773200.0,56478232.0,,,sina:515210,,
2020-11-12,515210,,1.258,1.264,1.245,1.264,37222700.0,46696752.0,,,sina:515210,,
2020-11-13,515210,,1.255,1.263,1.242,1.258,34684807.0,43460275.0,,,sina:515210,,
2020-11-16,515210,,1.26,1.299,1.259,1.299,39879400.0,51212270.0,,,sina:515210,,
2020-11-17,515210,,1.291,1.304,1.276,1.284,39709000.0,51215500.0,,,sina:515210,,
2020-11-18,515210,,1.284,1.303,1.278,1.295,39898300.0,51595649.0,,,sina:515210,,
2020-11-19,515210,,1.295,1.301,1.276,1.278,36403000.0,46665524.0,,,sina:515210,,
2020-11-20,515210,,1.278,1.305,1.274,1.304,32119700.0,41296902.0,,,sina:515210,,
2020-11-23,515210,,1.31,1.336,1.303,1.319,49317000.0,65047049.0,,,sina:515210,,
2020-11-24,515210,,1.31,1.338,1.296,1.337,56502600.0,74543047.0,,,sina:515210,,
2020-11-25,515210,,1.335,1.34,1.287,1.29,47112100.0,61677565.0,,,sina:515210,,
2020-11-26,515210,,1.29,1.29,1.265,1.276,35125600.0,44702041.0,,,sina:515210,,
2020-11-27,515210,,1.276,1.303,1.264,1.282,40857200.0,52501475.0,,,sina:515210,,
2020-11-30,515210,,1.284,1.294,1.258,1.26,46782500.0,59833770.0,,,sina:515210,,
2020-12-01,515210,,1.25,1.271,1.248,1.271,43751300.0,55213160.0,,,sina:515210,,
2020-12-02,515210,,1.27,1.284,1.262,1.281,46250100.0,58796225.0,,,sina:515210,,
2020-12-03,515210,,1.269,1.275,1.252,1.255,38269400.0,48189577.0,,,sina:515210,,
2020-12-04,515210,,1.25,1.263,1.236,1.26,41490800.0,51796719.0,,,sina:515210,,
2020-12-07,515210,,1.256,1.262,1.24,1.246,33429300.0,41763752.0,,,sina:515210,,
2020-12-08,515210,,1.244,1.246,1.23,1.236,42544600.0,52628014.0,,,sina:515210,,
2020-12-09,515210,,1.236,1.241,1.222,1.224,45645900.0,56350644.0,,,sina:515210,,
2020-12-10,515210,,1.223,1.261,1.223,1.26,68685600.0,85752701.0,,,sina:515210,,
2020-12-11,515210,,1.266,1.27,1.224,1.235,55029600.0,68502537.0,,,sina:515210,,
2020-12-14,515210,,1.221,1.227,1.195,1.207,45856700.0,55160394.0,,,sina:515210,,
2020-12-15,515210,,1.206,1.211,1.19,1.209,33147100.0,39763695.0,,,sina:515210,,
2020-12-16,515210,,1.206,1.214,1.196,1.202,42017200.0,50551119.0,,,sina:515210,,
2020-12-17,515210,,1.203,1.234,1.195,1.234,41976500.0,51138376.0,,,sina:515210,,
2020-12-18,515210,,1.236,1.264,1.233,1.257,54233100.0,67908197.0,,,sina:515210,,
2020-12-21,515210,,1.267,1.281,1.256,1.274,43575200.0,55249892.0,,,sina:515210,,
2020-12-22,515210,,1.274,1.274,1.227,1.231,43199800.0,54087978.0,,,sina:515210,,
2020-12-23,515210,,1.228,1.245,1.222,1.233,48920300.0,60435360.0,,,sina:515210,,
2020-12-24,515210,,1.233,1.238,1.22,1.225,30555300.0,37554881.0,,,sina:515210,,
2020-12-25,515210,,1.222,1.258,1.213,1.257,43195000.0,53473335.0,,,sina:515210,,
2020-12-28,515210,,1.248,1.251,1.225,1.234,36491600.0,44990104.0,,,sina:515210,,
2020-12-29,515210,,1.229,1.236,1.216,1.219,35801100.0,43918973.0,,,sina:515210,,
2020-12-30,515210,,1.216,1.233,1.213,1.226,38598000.0,47338656.0,,,sina:515210,,
2020-12-31,515210,,1.224,1.234,1.218,1.233,34250600.0,41985044.0,,,sina:515210,,
2021-01-04,515210,,1.232,1.258,1.225,1.254,40409900.0,50246639.0,,,sina:515210,,
2021-01-05,515210,,1.245,1.247,1.221,1.242,42841000.0,52833232.0,,,sina:515210,,
2021-01-06,515210,,1.24,1.247,1.225,1.241,37703400.0,46473900.0,,,sina:515210,,
2021-01-07,515210,,1.248,1.277,1.235,1.267,49640200.0,62455969.0,,,sina:515210,,
2021-01-08,515210,,1.257,1.273,1.236,1.272,41992900.0,52812911.0,,,sina:515210,,
2021-01-11,515210,,1.268,1.269,1.228,1.232,39167300.0,48913586.0,,,sina:515210,,
2021-01-12,515210,,1.23,1.249,1.221,1.247,33544300.0,41388469.0,,,sina:515210,,
2021-01-13,515210,,1.247,1.254,1.24,1.247,34751700.0,43324392.0,,,sina:515210,,
2021-01-14,515210,,1.243,1.273,1.236,1.271,48290200.0,60698146.0,,,sina:515210,,
2021-01-15,515210,,1.264,1.266,1.237,1.256,40709600.0,51004989.0,,,sina:515210,,
2021-01-18,515210,,1.245,1.263,1.24,1.259,40298900.0,50524810.0,,,sina:515210,,
2021-01-19,515210,,1.256,1.259,1.245,1.25,36100700.0,45190413.0,,,sina:515210,,
2021-01-20,515210,,1.257,1.29,1.257,1.29,58459000.0,74810802.0,,,sina:515210,,
2021-01-21,515210,,1.275,1.301,1.273,1.292,45153300.0,58199399.0,,,sina:515210,,
2021-01-22,515210,,1.284,1.286,1.268,1.274,36297800.0,46264533.0,,,sina:515210,,
2021-01-25,515210,,1.275,1.281,1.258,1.265,38224700.0,48515953.0,,,sina:515210,,
2021-01-26,515210,,1.251,1.282,1.251,1.27,35825300.0,45427569.0,,,sina:515210,,
2021-01-27,515210,,1.269,1.281,1.262,1.272,30569700.0,38836480.0,,,sina:515210,,
2021-01-28,515210,,1.261,1.264,1.244,1.248,38093400.0,47772093.0,,,sina:515210,,
2021-01-29,515210,,1.253,1.254,1.217,1.229,32254700.0,39931882.0,,,sina:515210,,
2021-02-01,515210,,1.223,1.234,1.223,1.232,29523200.0,36262329.0,,,sina:515210,,
2021-02-02,515210,,1.231,1.244,1.225,1.242,33017800.0,40648165.0,,,sina:515210,,
2021-02-03,515210,,1.24,1.263,1.225,1.261,40887500.0,50923775.0,,,sina:515210,,
2021-02-04,515210,,1.259,1.259,1.228,1.246,32971100.0,40801443.0,,,sina:515210,,
2021-02-05,515210,,1.233,1.245,1.229,1.238,27887800.0,34471024.0,,,sina:515210,,
2021-02-08,515210,,1.232,1.237,1.219,1.232,24021400.0,29512674.0,,,sina:515210,,
2021-02-09,515210,,1.229,1.254,1.224,1.25,28971300.0,35884367.0,,,sina:515210,,
2021-02-10,515210,,1.249,1.261,1.236,1.259,28126100.0,35112732.0,,,sina:515210,,
2021-02-18,515210,,1.286,1.338,1.284,1.328,41539500.0,54011619.0,,,sina:515210,,
2021-02-19,515210,,1.31,1.327,1.303,1.326,36422900.0,47932147.0,,,sina:515210,,
2021-02-22,515210,,1.337,1.423,1.337,1.413,48193200.0,67137867.0,,,sina:515210,,
2021-02-23,515210,,1.409,1.412,1.369,1.391,41968600.0,58203769.0,,,sina:515210,,
2021-02-24,515210,,1.378,1.396,1.348,1.357,32913600.0,44961774.0,,,sina:515210,,
2021-02-25,515210,,1.372,1.394,1.366,1.373,42525400.0,58683888.0,,,sina:515210,,
2021-02-26,515210,,1.335,1.363,1.236,1.337,30377800.0,40783714.0,,,sina:515210,,
2021-03-01,515210,,1.344,1.41,1.338,1.406,41815000.0,57317347.0,,,sina:515210,,
2021-03-02,515210,,1.412,1.429,1.383,1.389,41098100.0,57691056.0,,,sina:515210,,
2021-03-03,515210,,1.39,1.501,1.39,1.498,50384300.0,73782833.0,,,sina:515210,,
2021-03-04,515210,,1.491,1.56,1.48,1.546,73954200.0,112579316.0,,,sina:515210,,
2021-03-05,515210,,1.495,1.495,1.438,1.451,52249600.0,76105698.0,,,sina:515210,,
2021-03-08,515210,,1.462,1.514,1.438,1.444,48668900.0,71619912.0,,,sina:515210,,
2021-03-09,515210,,1.42,1.517,1.393,1.459,74957400.0,109633770.0,,,sina:515210,,
2021-03-10,515210,,1.44,1.471,1.411,1.43,52061300.0,74858809.0,,,sina:515210,,
2021-03-11,515210,,1.428,1.509,1.408,1.502,73088000.0,107757679.0,,,sina:515210,,
2021-03-12,515210,,1.518,1.53,1.487,1.507,86534500.0,130478282.0,,,sina:515210,,
2021-03-15,515210,,1.505,1.566,1.501,1.53,80564037.0,123553363.0,,,sina:515210,,
2021-03-16,515210,,1.507,1.519,1.477,1.507,56276200.0,84293080.0,,,sina:515210,,
2021-03-17,515210,,1.494,1.5,1.459,1.487,52153100.0,76945261.0,,,sina:515210,,
2021-03-18,515210,,1.486,1.523,1.48,1.5,60837800.0,91292213.0,,,sina:515210,,
2021-03-19,515210,,1.472,1.505,1.465,1.489,41549700.0,61744322.0,,,sina:515210,,
2021-03-22,515210,,1.502,1.532,1.485,1.499,44074700.0,66433516.0,,,sina:515210,,
2021-03-23,515210,,1.499,1.499,1.43,1.443,41714300.0,60400586.0,,,sina:515210,,
2021-03-24,515210,,1.424,1.424,1.373,1.378,49987700.0,69706002.0,,,sina:515210,,
2021-03-25,515210,,1.378,1.406,1.373,1.39,38010000.0,53035999.0,,,sina:515210,,
2021-03-26,515210,,1.387,1.418,1.387,1.417,43384600.0,60810170.0,,,sina:515210,,
2021-03-29,515210,,1.425,1.446,1.407,1.432,39138900.0,55900707.0,,,sina:515210,,
2021-03-30,515210,,1.422,1.442,1.401,1.441,39704900.0,56455924.0,,,sina:515210,,
2021-03-31,515210,,1.439,1.447,1.413,1.429,31649200.0,45218471.0,,,sina:515210,,
2021-04-01,515210,,1.427,1.488,1.411,1.477,51026000.0,73669123.0,,,sina:515210,,
2021-04-02,515210,,1.475,1.475,1.442,1.448,54728800.0,79509966.0,,,sina:515210,,
2021-04-06,515210,,1.457,1.492,1.457,1.47,60327200.0,89098379.0,,,sina:515210,,
2021-04-07,515210,,1.459,1.543,1.454,1.54,74574900.0,111821414.0,,,sina:515210,,
2021-04-08,515210,,1.54,1.604,1.534,1.552,134030900.0,210214665.0,,,sina:515210,,
2021-04-09,515210,,1.576,1.58,1.535,1.573,67920500.0,106096858.0,,,sina:515210,,
2021-04-12,515210,,1.568,1.608,1.547,1.593,90195400.0,143359666.0,,,sina:515210,,
2021-04-13,515210,,1.585,1.585,1.533,1.56,58609300.0,91362917.0,,,sina:515210,,
2021-04-14,515210,,1.54,1.608,1.535,1.587,73561100.0,115465762.0,,,sina:515210,,
2021-04-15,515210,,1.58,1.59,1.557,1.575,68898300.0,108039812.0,,,sina:515210,,
2021-04-16,515210,,1.575,1.595,1.565,1.579,75909000.0,120022196.0,,,sina:515210,,
2021-04-19,515210,,1.574,1.586,1.546,1.57,93501100.0,146624090.0,,,sina:515210,,
2021-04-20,515210,,1.564,1.592,1.561,1.587,75002500.0,118518020.0,,,sina:515210,,
2021-04-21,515210,,1.573,1.58,1.529,1.543,50705300.0,78331228.0,,,sina:515210,,
2021-04-22,515210,,1.547,1.599,1.547,1.577,61673500.0,97802818.0,,,sina:515210,,
2021-04-23,515210,,1.574,1.608,1.553,1.605,59819600.0,95155399.0,,,sina:515210,,
2021-04-26,515210,,1.624,1.637,1.583,1.586,54008500.0,87132068.0,,,sina:515210,,
2021-04-27,515210,,1.569,1.595,1.543,1.576,59802000.0,93652001.0,,,sina:515210,,
2021-04-28,515210,,1.56,1.59,1.554,1.587,45390800.0,71661187.0,,,sina:515210,,
2021-04-29,515210,,1.586,1.586,1.541,1.575,51521500.0,80482051.0,,,sina:515210,,
2021-04-30,515210,,1.559,1.581,1.55,1.558,37187700.0,58125460.0,,,sina:515210,,
2021-05-06,515210,,1.582,1.666,1.582,1.658,78173300.0,127450816.0,,,sina:515210,,
2021-05-07,515210,,1.695,1.715,1.649,1.693,79907400.0,134792902.0,,,sina:515210,,
2021-05-10,515210,,1.745,1.79,1.705,1.782,110607537.0,193638039.0,,,sina:515210,,
2021-05-11,515210,,1.74,1.742,1.679,1.709,108779400.0,186417753.0,,,sina:515210,,
2021-05-12,515210,,1.699,1.753,1.696,1.735,74973100.0,129454901.0,,,sina:515210,,
2021-05-13,515210,,1.686,1.705,1.629,1.641,86040000.0,142753100.0,,,sina:515210,,
2021-05-14,515210,,1.63,1.656,1.602,1.635,77823700.0,126412165.0,,,sina:515210,,
2021-05-17,515210,,1.634,1.641,1.598,1.627,89127000.0,144443288.0,,,sina:515210,,
2021-05-18,515210,,1.643,1.651,1.63,1.645,99419200.0,163220739.0,,,sina:515210,,
2021-05-19,515210,,1.624,1.624,1.593,1.614,85127500.0,136853670.0,,,sina:515210,,
2021-05-20,515210,,1.54,1.557,1.51,1.54,116256200.0,177880616.0,,,sina:515210,,
2021-05-21,515210,,1.536,1.586,1.532,1.572,107281000.0,167544535.0,,,sina:515210,,
2021-05-24,515210,,1.542,1.563,1.526,1.547,71548600.0,110451991.0,,,sina:515210,,
2021-05-25,515210,,1.547,1.559,1.522,1.557,92759900.0,143284829.0,,,sina:515210,,
2021-05-26,515210,,1.543,1.568,1.534,1.553,67833600.0,105227735.0,,,sina:515210,,
2021-05-27,515210,,1.548,1.566,1.546,1.565,79021100.0,123171903.0,,,sina:515210,,
2021-05-28,515210,,1.595,1.6,1.554,1.558,98343550.0,155271832.0,,,sina:515210,,
2021-05-31,515210,,1.569,1.575,1.548,1.559,80668200.0,125570489.0,,,sina:515210,,
2021-06-01,515210,,1.549,1.57,1.51,1.568,141072000.0,217214963.0,,,sina:515210,,
2021-06-02,515210,,1.561,1.564,1.535,1.536,84077700.0,130227944.0,,,sina:515210,,
2021-06-03,515210,,1.531,1.602,1.531,1.583,140688500.0,221069892.0,,,sina:515210,,
2021-06-04,515210,,1.563,1.566,1.542,1.554,69745600.0,108310685.0,,,sina:515210,,
2021-06-07,515210,,1.54,1.557,1.53,1.534,63551000.0,97694232.0,,,sina:515210,,
2021-06-08,515210,,1.527,1.549,1.52,1.538,62066200.0,95228894.0,,,sina:515210,,
2021-06-09,515210,,1.535,1.577,1.535,1.565,105803000.0,165352644.0,,,sina:515210,,
2021-06-10,515210,,1.565,1.594,1.551,1.582,85686900.0,134787542.0,,,sina:515210,,
2021-06-11,515210,,1.592,1.609,1.578,1.599,90029900.0,143449051.0,,,sina:515210,,
2021-06-15,515210,,1.597,1.597,1.547,1.554,58737100.0,91746933.0,,,sina:515210,,
2021-06-16,515210,,1.545,1.567,1.517,1.525,61599060.0,94794573.0,,,sina:515210,,
2021-06-17,515210,,1.52,1.531,1.503,1.509,63412800.0,96057284.0,,,sina:515210,,
2021-06-18,515210,,1.506,1.51,1.479,1.505,54686800.0,81916070.0,,,sina:515210,,
2021-06-21,515210,,1.519,1.55,1.519,1.543,70006100.0,107626954.0,,,sina:515210,,
2021-06-22,515210,,1.538,1.538,1.517,1.53,49639100.0,75816678.0,,,sina:515210,,
2021-06-23,515210,,1.531,1.55,1.519,1.541,65416400.0,100388702.0,,,sina:515210,,
2021-06-24,515210,,1.537,1.55,1.521,1.545,67938540.0,104595492.0,,,sina:515210,,
2021-06-25,515210,,1.545,1.585,1.541,1.583,80123600.0,125211249.0,,,sina:515210,,
2021-06-28,515210,,1.573,1.575,1.559,1.568,66219800.0,103696572.0,,,sina:515210,,
2021-06-29,515210,,1.568,1.57,1.542,1.543,42623700.0,66186494.0,,,sina:515210,,
2021-06-30,515210,,1.544,1.562,1.543,1.548,40953240.0,63520431.0,,,sina:515210,,
2021-07-01,515210,,1.565,1.573,1.545,1.547,46390100.0,72368532.0,,,sina:515210,,
2021-07-02,515210,,1.545,1.554,1.524,1.548,49745300.0,76820769.0,,,sina:515210,,
2021-07-05,515210,,1.547,1.561,1.543,1.554,47678400.0,74051587.0,,,sina:515210,,
2021-07-06,515210,,1.56,1.569,1.527,1.543,53977200.0,83837256.0,,,sina:515210,,
2021-07-07,515210,,1.532,1.59,1.529,1.589,64204140.0,100641399.0,,,sina:515210,,
2021-07-08,515210,,1.595,1.598,1.561,1.568,56209400.0,88522654.0,,,sina:515210,,
2021-07-09,515210,,1.547,1.618,1.528,1.615,82801700.0,131118582.0,,,sina:515210,,
2021-07-12,515210,,1.625,1.683,1.62,1.631,90506800.0,149268117.0,,,sina:515210,,
2021-07-13,515210,,1.623,1.668,1.604,1.66,95457000.0,156552842.0,,,sina:515210,,
2021-07-14,515210,,1.661,1.687,1.627,1.635,74308100.0,123027736.0,,,sina:515210,,
2021-07-15,515210,,1.617,1.725,1.617,1.714,97216500.0,162770114.0,,,sina:515210,,
2021-07-16,515210,,1.712,1.755,1.69,1.727,93010450.0,161220932.0,,,sina:515210,,
2021-07-19,515210,,1.728,1.745,1.689,1.693,69843500.0,119664468.0,,,sina:515210,,
2021-07-20,515210,,1.666,1.674,1.639,1.666,65387624.0,108469968.0,,,sina:515210,,
2021-07-21,515210,,1.668,1.71,1.661,1.71,71667400.0,121232453.0,,,sina:515210,,
2021-07-22,515210,,1.708,1.808,1.701,1.8,111031800.0,196071494.0,,,sina:515210,,
2021-07-23,515210,,1.816,1.884,1.805,1.83,112656050.0,207476326.0,,,sina:515210,,
2021-07-26,515210,,1.83,1.842,1.75,1.79,80036200.0,143780746.0,,,sina:515210,,
2021-07-27,515210,,1.786,1.829,1.707,1.709,96230000.0,171418605.0,,,sina:515210,,
2021-07-28,515210,,1.681,1.713,1.625,1.676,89216700.0,149418560.0,,,sina:515210,,
2021-07-29,515210,,1.687,1.77,1.685,1.757,71386647.0,122180648.0,,,sina:515210,,
2021-07-30,515210,,1.743,1.836,1.735,1.823,128698800.0,229589703.0,,,sina:515210,,
2021-08-02,515210,,1.762,1.773,1.697,1.733,133370300.0,230249209.0,,,sina:515210,,
2021-08-03,515210,,1.718,1.733,1.66,1.668,70745700.0,119451978.0,,,sina:515210,,
2021-08-04,515210,,1.684,1.744,1.677,1.738,91212300.0,155946551.0,,,sina:515210,,
2021-08-05,515210,,1.736,1.737,1.703,1.726,62374800.0,107241431.0,,,sina:515210,,
2021-08-06,515210,,1.727,1.77,1.717,1.76,69626400.0,122025344.0,,,sina:515210,,
2021-08-09,515210,,1.74,1.781,1.727,1.776,56733800.0,99971763.0,,,sina:515210,,
2021-08-10,515210,,1.776,1.794,1.761,1.78,66534200.0,118271756.0,,,sina:515210,,
2021-08-11,515210,,1.798,1.819,1.772,1.817,95488799.0,171828651.0,,,sina:515210,,
2021-08-12,515210,,1.809,1.882,1.785,1.864,111017700.0,205092921.0,,,sina:515210,,
2021-08-13,515210,,1.85,1.894,1.833,1.876,77133040.0,144366649.0,,,sina:515210,,
2021-08-16,515210,,1.876,1.889,1.838,1.86,78362483.0,146408357.0,,,sina:515210,,
2021-08-17,515210,,1.863,1.876,1.819,1.828,93593201.0,172958011.0,,,sina:515210,,
2021-08-18,515210,,1.825,1.858,1.82,1.842,54153982.0,99696186.0,,,sina:515210,,
2021-08-19,515210,,1.816,1.839,1.774,1.833,52303700.0,94589423.0,,,sina:515210,,
2021-08-20,515210,,1.824,1.857,1.805,1.857,63282500.0,115869683.0,,,sina:515210,,
2021-08-23,515210,,1.857,1.884,1.846,1.874,63801700.0,118883311.0,,,sina:515210,,
2021-08-24,515210,,1.861,1.939,1.857,1.923,56340000.0,107609179.0,,,sina:515210,,
2021-08-25,515210,,1.936,1.949,1.892,1.945,58221600.0,112091041.0,,,sina:515210,,
2021-08-26,515210,,1.948,2.032,1.948,2.008,90983921.0,181785368.0,,,sina:515210,,
2021-08-27,515210,,1.992,2.03,1.971,2.029,73747896.0,147041829.0,,,sina:515210,,
2021-08-30,515210,,2.06,2.077,2.035,2.07,74428737.0,153137291.0,,,sina:515210,,
2021-08-31,515210,,2.07,2.186,2.055,2.18,82780157.0,176410991.0,,,sina:515210,,
2021-09-01,515210,,2.211,2.275,2.117,2.133,134828837.0,295205908.0,,,sina:515210,,
2021-09-02,515210,,2.109,2.225,2.096,2.191,124791730.0,270737987.0,,,sina:515210,,
2021-09-03,515210,,2.182,2.209,2.096,2.139,93598120.0,201631553.0,,,sina:515210,,
2021-09-06,515210,,2.139,2.181,2.082,2.155,86985700.0,185093741.0,,,sina:515210,,
2021-09-07,515210,,2.15,2.26,2.13,2.252,121189600.0,267997380.0,,,sina:515210,,
2021-09-08,515210,,2.24,2.279,2.215,2.251,104458720.0,235011968.0,,,sina:515210,,
2021-09-09,515210,,2.246,2.404,2.244,2.392,156929700.0,365980770.0,,,sina:515210,,
2021-09-10,515210,,2.368,2.371,2.307,2.32,145893985.0,340924159.0,,,sina:515210,,
2021-09-13,515210,,2.308,2.387,2.301,2.361,109576845.0,257018045.0,,,sina:515210,,
2021-09-14,515210,,2.352,2.352,2.268,2.277,102323833.0,235012239.0,,,sina:515210,,
2021-09-15,515210,,2.258,2.309,2.251,2.277,72605363.0,165691390.0,,,sina:515210,,
2021-09-16,515210,,2.318,2.375,2.258,2.266,99327861.0,229837160.0,,,sina:515210,,
2021-09-17,515210,,2.244,2.27,2.096,2.169,109280100.0,238682251.0,,,sina:515210,,
2021-09-22,515210,,2.126,2.181,2.102,2.18,71210809.0,152719713.0,,,sina:515210,,
2021-09-23,515210,,2.21,2.238,2.156,2.212,92309548.0,203483814.0,,,sina:515210,,
2021-09-24,515210,,2.187,2.202,2.074,2.098,77057471.0,163614138.0,,,sina:515210,,
2021-09-27,515210,,2.082,2.082,1.95,1.952,97997700.0,194713691.0,,,sina:515210,,
2021-09-28,515210,,1.946,1.968,1.906,1.958,83955732.0,162746041.0,,,sina:515210,,
2021-09-29,515210,,1.93,1.942,1.839,1.847,92417519.0,173767335.0,,,sina:515210,,
2021-09-30,515210,,1.848,1.9,1.848,1.879,96133571.0,180427948.0,,,sina:515210,,
2021-10-08,515210,,1.913,1.918,1.841,1.869,68316432.0,127826840.0,,,sina:515210,,
2021-10-11,515210,,1.872,1.872,1.793,1.847,64268500.0,117533816.0,,,sina:515210,,
2021-10-12,515210,,1.839,1.85,1.747,1.772,84855700.0,152042824.0,,,sina:515210,,
2021-10-13,515210,,1.761,1.781,1.731,1.768,73664400.0,129513599.0,,,sina:515210,,
2021-10-14,515210,,1.771,1.795,1.747,1.777,86434301.0,153500290.0,,,sina:515210,,
2021-10-15,515210,,1.778,1.785,1.754,1.78,83366700.0,147852058.0,,,sina:515210,,
2021-10-18,515210,,1.777,1.812,1.766,1.806,132925654.0,238636571.0,,,sina:515210,,
2021-10-19,515210,,1.801,1.823,1.777,1.821,122972400.0,221430862.0,,,sina:515210,,
2021-10-20,515210,,1.789,1.838,1.755,1.818,111769361.0,201149474.0,,,sina:515210,,
2021-10-21,515210,,1.818,1.856,1.816,1.818,118358468.0,217393569.0,,,sina:515210,,
2021-10-22,515210,,1.8,1.803,1.746,1.749,137660900.0,243535803.0,,,sina:515210,,
2021-10-25,515210,,1.745,1.766,1.718,1.762,86552798.0,151336036.0,,,sina:515210,,
2021-10-26,515210,,1.761,1.794,1.753,1.762,88236782.0,156196375.0,,,sina:515210,,
2021-10-27,515210,,1.756,1.763,1.717,1.727,111192277.0,192852700.0,,,sina:515210,,
2021-10-28,515210,,1.715,1.72,1.656,1.663,97748933.0,163912536.0,,,sina:515210,,
2021-10-29,515210,,1.672,1.687,1.658,1.68,73325200.0,122550234.0,,,sina:515210,,
2021-11-01,515210,,1.672,1.69,1.663,1.678,60033633.0,100719111.0,,,sina:515210,,
2021-11-02,515210,,1.671,1.677,1.589,1.607,109652500.0,178496539.0,,,sina:515210,,
2021-11-03,515210,,1.606,1.626,1.591,1.618,81001589.0,130484216.0,,,sina:515210,,
2021-11-04,515210,,1.617,1.617,1.594,1.603,71611502.0,114661971.0,,,sina:515210,,
2021-11-05,515210,,1.59,1.6,1.55,1.554,104840900.0,164591606.0,,,sina:515210,,
2021-11-08,515210,,1.559,1.608,1.559,1.586,99722300.0,158249386.0,,,sina:515210,,
2021-11-09,515210,,1.588,1.593,1.57,1.584,59303300.0,93871212.0,,,sina:515210,,
2021-11-10,515210,,1.56,1.584,1.535,1.58,94741700.0,147477104.0,,,sina:515210,,
2021-11-11,515210,,1.588,1.621,1.583,1.616,122846013.0,196840922.0,,,sina:515210,,
2021-11-12,515210,,1.609,1.62,1.585,1.586,92091692.0,146997664.0,,,sina:515210,,
2021-11-15,515210,,1.586,1.586,1.559,1.58,72554200.0,114186183.0,,,sina:515210,,
2021-11-16,515210,,1.58,1.591,1.551,1.553,85617900.0,134542949.0,,,sina:515210,,
2021-11-17,515210,,1.555,1.584,1.554,1.582,81233000.0,127920899.0,,,sina:515210,,
2021-11-18,515210,,1.582,1.62,1.582,1.609,116629300.0,187083860.0,,,sina:515210,,
2021-11-19,515210,,1.609,1.635,1.59,1.633,99849823.0,161080310.0,,,sina:515210,,
2021-11-22,515210,,1.645,1.65,1.624,1.643,114447423.0,187529996.0,,,sina:515210,,
2021-11-23,515210,,1.647,1.71,1.647,1.685,149325000.0,252016601.0,,,sina:515210,,
2021-11-24,515210,,1.689,1.716,1.672,1.707,95160700.0,161238376.0,,,sina:515210,,
2021-11-25,515210,,1.706,1.707,1.671,1.673,74676100.0,125678486.0,,,sina:515210,,
2021-11-26,515210,,1.666,1.735,1.657,1.716,110444330.0,188430161.0,,,sina:515210,,
2021-11-29,515210,,1.69,1.707,1.673,1.702,64932500.0,109790177.0,,,sina:515210,,
2021-11-30,515210,,1.703,1.711,1.675,1.683,54137464.0,91732038.0,,,sina:515210,,
2021-12-01,515210,,1.687,1.699,1.663,1.699,74534402.0,125444400.0,,,sina:515210,,
2021-12-02,515210,,1.693,1.73,1.683,1.723,91495500.0,156168195.0,,,sina:515210,,
2021-12-03,515210,,1.72,1.727,1.689,1.718,102040500.0,174705032.0,,,sina:515210,,
2021-12-06,515210,,1.719,1.752,1.706,1.711,99717500.0,172661132.0,,,sina:515210,,
2021-12-07,515210,,1.721,1.733,1.68,1.723,116886100.0,199893693.0,,,sina:515210,,
2021-12-08,515210,,1.72,1.734,1.703,1.732,79223236.0,136310851.0,,,sina:515210,,
2021-12-09,515210,,1.725,1.76,1.715,1.736,87375802.0,151845244.0,,,sina:515210,,
2021-12-10,515210,,1.726,1.737,1.715,1.718,63280098.0,109159590.0,,,sina:515210,,
2021-12-13,515210,,1.718,1.727,1.711,1.72,57624291.0,99042095.0,,,sina:515210,,
2021-12-14,515210,,1.716,1.717,1.683,1.686,63329798.0,107386858.0,,,sina:515210,,
2021-12-15,515210,,1.688,1.712,1.686,1.699,66088119.0,112494346.0,,,sina:515210,,
2021-12-16,515210,,1.697,1.76,1.696,1.757,118045783.0,205094678.0,,,sina:515210,,
2021-12-17,515210,,1.755,1.778,1.75,1.751,97479700.0,171685057.0,,,sina:515210,,
2021-12-20,515210,,1.755,1.766,1.716,1.724,73454200.0,127591121.0,,,sina:515210,,
2021-12-21,515210,,1.724,1.749,1.683,1.749,58239919.0,100860625.0,,,sina:515210,,
2021-12-22,515210,,1.749,1.754,1.723,1.727,84310100.0,145969542.0,,,sina:515210,,
2021-12-23,515210,,1.73,1.738,1.72,1.728,46302500.0,79981557.0,,,sina:515210,,
2021-12-24,515210,,1.728,1.729,1.683,1.688,72475293.0,122884082.0,,,sina:515210,,
2021-12-27,515210,,1.622,1.637,1.597,1.619,56738900.0,91927359.0,,,sina:515210,,
2021-12-28,515210,,1.619,1.634,1.611,1.633,114184339.0,185283782.0,,,sina:515210,,
2021-12-29,515210,,1.636,1.663,1.629,1.645,40898638.0,67326899.0,,,sina:515210,,
2021-12-30,515210,,1.647,1.661,1.645,1.653,50225144.0,83069417.0,,,sina:515210,,
2021-12-31,515210,,1.653,1.667,1.65,1.663,37932500.0,62971144.0,,,sina:515210,,
2022-01-04,515210,,1.669,1.682,1.666,1.675,57373798.0,96076534.0,,,sina:515210,,
2022-01-05,515210,,1.676,1.679,1.64,1.647,51319473.0,84977383.0,,,sina:515210,,
2022-01-06,515210,,1.64,1.687,1.64,1.686,74692000.0,125190933.0,,,sina:515210,,
2022-01-07,515210,,1.686,1.72,1.681,1.7,90563575.0,154635831.0,,,sina:515210,,
2022-01-10,515210,,1.706,1.711,1.678,1.687,96702900.0,163539155.0,,,sina:515210,,
2022-01-11,515210,,1.687,1.713,1.685,1.688,133102310.0,225957117.0,,,sina:515210,,
2022-01-12,515210,,1.682,1.684,1.651,1.672,85529100.0,142017201.0,,,sina:515210,,
2022-01-13,515210,,1.668,1.668,1.632,1.635,85198700.0,140789982.0,,,sina:515210,,
2022-01-14,515210,,1.629,1.633,1.609,1.618,58017100.0,94077727.0,,,sina:515210,,
2022-01-17,515210,,1.607,1.626,1.607,1.62,42974300.0,69515673.0,,,sina:515210,,
2022-01-18,515210,,1.62,1.647,1.617,1.644,55404300.0,90602772.0,,,sina:515210,,
2022-01-19,515210,,1.693,1.713,1.651,1.659,158423140.0,263745988.0,,,sina:515210,,
2022-01-20,515210,,1.657,1.684,1.634,1.644,96275440.0,159208264.0,,,sina:515210,,
2022-01-21,515210,,1.634,1.637,1.614,1.621,78698400.0,127682818.0,,,sina:515210,,
2022-01-24,515210,,1.61,1.656,1.604,1.648,85227200.0,139524055.0,,,sina:515210,,
2022-01-25,515210,,1.635,1.649,1.582,1.584,61008500.0,98324134.0,,,sina:515210,,
2022-01-26,515210,,1.575,1.616,1.572,1.598,78122000.0,124282687.0,,,sina:515210,,
2022-01-27,515210,,1.596,1.607,1.566,1.57,49711600.0,78797075.0,,,sina:515210,,
2022-01-28,515210,,1.573,1.583,1.52,1.552,53286300.0,82441323.0,,,sina:515210,,
2022-02-07,515210,,1.566,1.616,1.562,1.615,70621286.0,113060611.0,,,sina:515210,,
2022-02-08,515210,,1.618,1.659,1.608,1.656,86136186.0,140312600.0,,,sina:515210,,
2022-02-09,515210,,1.649,1.671,1.635,1.669,79221400.0,131587627.0,,,sina:515210,,
2022-02-10,515210,,1.666,1.68,1.654,1.671,62522094.0,104400696.0,,,sina:515210,,
2022-02-11,515210,,1.67,1.691,1.658,1.659,154756529.0,258896319.0,,,sina:515210,,
2022-02-14,515210,,1.64,1.663,1.621,1.631,69449771.0,113812764.0,,,sina:515210,,
2022-02-15,515210,,1.63,1.631,1.607,1.624,51202409.0,82872945.0,,,sina:515210,,
2022-02-16,515210,,1.63,1.66,1.63,1.651,46959983.0,77438325.0,,,sina:515210,,
2022-02-17,515210,,1.643,1.661,1.637,1.658,50734800.0,83824874.0,,,sina:515210,,
2022-02-18,515210,,1.651,1.7,1.642,1.692,88266900.0,148533676.0,,,sina:515210,,
2022-02-21,515210,,1.696,1.706,1.679,1.696,61614700.0,104356910.0,,,sina:515210,,
2022-02-22,515210,,1.695,1.697,1.653,1.668,64104500.0,107146648.0,,,sina:515210,,
2022-02-23,515210,,1.665,1.682,1.655,1.682,56695900.0,94602518.0,,,sina:515210,,
2022-02-24,515210,,1.668,1.673,1.609,1.625,80632400.0,132650122.0,,,sina:515210,,
2022-02-25,515210,,1.626,1.694,1.626,1.656,80829600.0,134699295.0,,,sina:515210,,
2022-02-28,515210,,1.658,1.671,1.637,1.665,57181900.0,94509675.0,,,sina:515210,,
2022-03-01,515210,,1.666,1.678,1.648,1.661,53526900.0,88902177.0,,,sina:515210,,
2022-03-02,515210,,1.649,1.673,1.641,1.661,59780200.0,99423573.0,,,sina:515210,,
2022-03-03,515210,,1.67,1.691,1.666,1.682,98650600.0,165460670.0,,,sina:515210,,
2022-03-04,515210,,1.673,1.686,1.637,1.658,101573900.0,168577136.0,,,sina:515210,,
2022-03-07,515210,,1.671,1.679,1.628,1.64,74607300.0,123569497.0,,,sina:515210,,
2022-03-08,515210,,1.631,1.642,1.567,1.58,91438400.0,146558294.0,,,sina:515210,,
2022-03-09,515210,,1.576,1.576,1.482,1.564,84677327.0,130078677.0,,,sina:515210,,
2022-03-10,515210,,1.567,1.59,1.552,1.576,63076472.0,99267319.0,,,sina:515210,,
2022-03-11,515210,,1.554,1.572,1.52,1.563,56910273.0,87781914.0,,,sina:515210,,
2022-03-14,515210,,1.55,1.565,1.515,1.516,44991800.0,69371770.0,,,sina:515210,,
2022-03-15,515210,,1.516,1.516,1.4,1.402,56633800.0,82299072.0,,,sina:515210,,
2022-03-16,515210,,1.425,1.455,1.371,1.444,58834600.0,83075462.0,,,sina:515210,,
2022-03-17,515210,,1.459,1.501,1.458,1.478,58360300.0,86463733.0,,,sina:515210,,
2022-03-18,515210,,1.49,1.5,1.47,1.497,44858800.0,66770820.0,,,sina:515210,,
2022-03-21,515210,,1.501,1.508,1.474,1.495,51303035.0,76586232.0,,,sina:515210,,
2022-03-22,515210,,1.494,1.527,1.485,1.52,70852100.0,107183036.0,,,sina:515210,,
2022-03-23,515210,,1.513,1.522,1.497,1.515,51579224.0,77930641.0,,,sina:515210,,
2022-03-24,515210,,1.508,1.511,1.491,1.499,44410624.0,66593756.0,,,sina:515210,,
2022-03-25,515210,,1.498,1.511,1.485,1.486,55832700.0,83531469.0,,,sina:515210,,
2022-03-28,515210,,1.48,1.505,1.446,1.493,49353300.0,72941920.0,,,sina:515210,,
2022-03-29,515210,,1.487,1.498,1.475,1.482,52165000.0,77571035.0,,,sina:515210,,
2022-03-30,515210,,1.483,1.512,1.483,1.512,43871100.0,65686359.0,,,sina:515210,,
2022-03-31,515210,,1.51,1.525,1.504,1.516,53382399.0,80845924.0,,,sina:515210,,
2022-04-01,515210,,1.515,1.536,1.498,1.533,100107599.0,152525669.0,,,sina:515210,,
2022-04-06,515210,,1.537,1.612,1.521,1.61,199030372.0,312752059.0,,,sina:515210,,
2022-04-07,515210,,1.591,1.622,1.569,1.57,239441572.0,382491175.0,,,sina:515210,,
2022-04-08,515210,,1.562,1.597,1.543,1.592,113818400.0,178896390.0,,,sina:515210,,
2022-04-11,515210,,1.579,1.579,1.539,1.545,113724000.0,176824895.0,,,sina:515210,,
2022-04-12,515210,,1.529,1.556,1.523,1.543,183787000.0,283383299.0,,,sina:515210,,
2022-04-13,515210,,1.53,1.572,1.522,1.547,201545800.0,312618013.0,,,sina:515210,,
2022-04-14,515210,,1.55,1.588,1.541,1.576,153018300.0,240313705.0,,,sina:515210,,
2022-04-15,515210,,1.576,1.615,1.565,1.58,221438205.0,353134357.0,,,sina:515210,,
2022-04-18,515210,,1.556,1.563,1.542,1.557,101211900.0,157215499.0,,,sina:515210,,
2022-04-19,515210,,1.548,1.587,1.545,1.579,137772681.0,216542822.0,,,sina:515210,,
2022-04-20,515210,,1.572,1.575,1.502,1.51,138388700.0,212442595.0,,,sina:515210,,
2022-04-21,515210,,1.492,1.504,1.436,1.44,153702956.0,225467515.0,,,sina:515210,,
2022-04-22,515210,,1.43,1.457,1.406,1.444,95813252.0,137385040.0,,,sina:515210,,
2022-04-25,515210,,1.413,1.43,1.336,1.339,109139858.0,150476056.0,,,sina:515210,,
2022-04-26,515210,,1.345,1.358,1.306,1.309,132827600.0,176561358.0,,,sina:515210,,
2022-04-27,515210,,1.291,1.367,1.28,1.361,108495400.0,144048885.0,,,sina:515210,,
2022-04-28,515210,,1.34,1.363,1.324,1.347,84568100.0,113604664.0,,,sina:515210,,
2022-04-29,515210,,1.35,1.405,1.348,1.404,87826800.0,121233314.0,,,sina:515210,,
2022-05-05,515210,,1.403,1.416,1.393,1.408,55855900.0,78642740.0,,,sina:515210,,
2022-05-06,515210,,1.38,1.382,1.358,1.361,103553900.0,141547850.0,,,sina:515210,,
2022-05-09,515210,,1.358,1.38,1.352,1.37,50098800.0,68713524.0,,,sina:515210,,
2022-05-10,515210,,1.355,1.383,1.339,1.382,66851700.0,91320611.0,,,sina:515210,,
2022-05-11,515210,,1.38,1.421,1.379,1.39,96201600.0,134726183.0,,,sina:515210,,
2022-05-12,515210,,1.38,1.397,1.37,1.388,48555900.0,67191633.0,,,sina:515210,,
2022-05-13,515210,,1.39,1.396,1.382,1.393,51744628.0,71952655.0,,,sina:515210,,
2022-05-16,515210,,1.395,1.408,1.386,1.402,57363600.0,80147472.0,,,sina:515210,,
2022-05-17,515210,,1.404,1.41,1.387,1.41,73107411.0,102373666.0,,,sina:515210,,
2022-05-18,515210,,1.412,1.423,1.403,1.414,51987200.0,73414908.0,,,sina:515210,,
2022-05-19,515210,,1.39,1.414,1.385,1.414,43647300.0,61083398.0,,,sina:515210,,
2022-05-20,515210,,1.422,1.44,1.419,1.439,58995500.0,84297342.0,,,sina:515210,,
2022-05-23,515210,,1.449,1.481,1.445,1.475,73348793.0,107648121.0,,,sina:515210,,
2022-05-24,515210,,1.463,1.474,1.42,1.421,70808842.0,103246929.0,,,sina:515210,,
2022-05-25,515210,,1.414,1.44,1.413,1.439,55059155.0,78525431.0,,,sina:515210,,
2022-05-26,515210,,1.443,1.458,1.418,1.447,80915500.0,116443383.0,,,sina:515210,,
2022-05-27,515210,,1.458,1.466,1.436,1.451,136290200.0,197571309.0,,,sina:515210,,
2022-05-30,515210,,1.46,1.466,1.448,1.454,61461600.0,89409053.0,,,sina:515210,,
2022-05-31,515210,,1.455,1.469,1.443,1.467,60754900.0,88456689.0,,,sina:515210,,
2022-06-01,515210,,1.467,1.468,1.447,1.463,45184875.0,65948267.0,,,sina:515210,,
2022-06-02,515210,,1.46,1.498,1.456,1.497,55338400.0,82286947.0,,,sina:515210,,
2022-06-06,515210,,1.493,1.519,1.483,1.516,47514700.0,71259782.0,,,sina:515210,,
2022-06-07,515210,,1.518,1.52,1.496,1.505,50031542.0,75240095.0,,,sina:515210,,
2022-06-08,515210,,1.504,1.527,1.493,1.522,55970945.0,84649302.0,,,sina:515210,,
2022-06-09,515210,,1.526,1.533,1.507,1.519,91826580.0,139410052.0,,,sina:515210,,
2022-06-10,515210,,1.516,1.565,1.502,1.534,59487944.0,90596128.0,,,sina:515210,,
2022-06-13,515210,,1.515,1.528,1.501,1.517,94017290.0,142385275.0,,,sina:515210,,
2022-06-14,515210,,1.495,1.525,1.477,1.525,50646022.0,75902962.0,,,sina:515210,,
2022-06-15,515210,,1.523,1.545,1.515,1.52,56915700.0,87019077.0,,,sina:515210,,
2022-06-16,515210,,1.528,1.538,1.506,1.512,60648578.0,92166286.0,,,sina:515210,,
2022-06-17,515210,,1.498,1.513,1.487,1.509,73841290.0,110960559.0,,,sina:515210,,
2022-06-20,515210,,1.5,1.524,1.495,1.514,87188590.0,131834563.0,,,sina:515210,,
2022-06-21,515210,,1.514,1.534,1.492,1.516,87759900.0,132317799.0,,,sina:515210,,
2022-06-22,515210,,1.515,1.529,1.499,1.513,61532601.0,93313834.0,,,sina:515210,,
2022-06-23,515210,,1.515,1.535,1.504,1.534,48342401.0,73431583.0,,,sina:515210,,
2022-06-24,515210,,1.534,1.56,1.529,1.556,90269600.0,139781402.0,,,sina:515210,,
2022-06-27,515210,,1.571,1.573,1.535,1.559,88748100.0,138085716.0,,,sina:515210,,
2022-06-28,515210,,1.559,1.559,1.54,1.559,58899977.0,91089865.0,,,sina:515210,,
2022-06-29,515210,,1.552,1.558,1.522,1.527,101246990.0,155463952.0,,,sina:515210,,
2022-06-30,515210,,1.528,1.54,1.528,1.531,53590390.0,82174138.0,,,sina:515210,,
2022-07-01,515210,,1.531,1.558,1.523,1.553,69105301.0,106536992.0,,,sina:515210,,
2022-07-04,515210,,1.542,1.566,1.538,1.561,64418600.0,100225458.0,,,sina:515210,,
2022-07-05,515210,,1.568,1.594,1.561,1.588,59483546.0,94090701.0,,,sina:515210,,
2022-07-06,515210,,1.581,1.584,1.548,1.561,63442000.0,99102564.0,,,sina:515210,,
2022-07-07,515210,,1.562,1.576,1.554,1.566,46793600.0,73430417.0,,,sina:515210,,
2022-07-08,515210,,1.564,1.572,1.55,1.554,40054600.0,62427932.0,,,sina:515210,,
2022-07-11,515210,,1.54,1.541,1.515,1.522,38526000.0,58744360.0,,,sina:515210,,
2022-07-12,515210,,1.526,1.546,1.515,1.528,42528617.0,65131542.0,,,sina:515210,,
2022-07-13,515210,,1.528,1.535,1.515,1.529,42074885.0,64166160.0,,,sina:515210,,
2022-07-14,515210,,1.535,1.537,1.511,1.515,36872100.0,56010931.0,,,sina:515210,,
2022-07-15,515210,,1.508,1.521,1.479,1.481,47972800.0,72119735.0,,,sina:515210,,
2022-07-18,515210,,1.487,1.504,1.481,1.503,43491000.0,64977503.0,,,sina:515210,,
2022-07-19,515210,,1.509,1.511,1.493,1.501,35144035.0,52868047.0,,,sina:515210,,
2022-07-20,515210,,1.511,1.525,1.502,1.517,31415773.0,47565853.0,,,sina:515210,,
2022-07-21,515210,,1.518,1.524,1.506,1.51,70393678.0,106669446.0,,,sina:515210,,
2022-07-22,515210,,1.51,1.515,1.488,1.499,41707127.0,62732498.0,,,sina:515210,,
2022-07-25,515210,,1.505,1.505,1.469,1.473,39239200.0,58222512.0,,,sina:515210,,
2022-07-26,515210,,1.472,1.494,1.47,1.488,33898992.0,50435860.0,,,sina:515210,,
2022-07-27,515210,,1.484,1.498,1.476,1.495,45006527.0,66878682.0,,,sina:515210,,
2022-07-28,515210,,1.51,1.511,1.482,1.491,50897300.0,75876968.0,,,sina:515210,,
2022-07-29,515210,,1.495,1.506,1.484,1.489,43954300.0,65554791.0,,,sina:515210,,
2022-08-01,515210,,1.484,1.486,1.471,1.477,44981946.0,66445698.0,,,sina:515210,,
2022-08-02,515210,,1.473,1.473,1.418,1.44,41487100.0,59475255.0,,,sina:515210,,
2022-08-03,515210,,1.437,1.458,1.417,1.42,39266600.0,56677899.0,,,sina:515210,,
2022-08-04,515210,,1.439,1.439,1.411,1.426,38844800.0,55209120.0,,,sina:515210,,
2022-08-05,515210,,1.435,1.452,1.415,1.45,46306900.0,66182426.0,,,sina:515210,,
2022-08-08,515210,,1.451,1.472,1.444,1.471,43914100.0,64298850.0,,,sina:515210,,
2022-08-09,515210,,1.469,1.481,1.463,1.478,38422300.0,56669620.0,,,sina:515210,,
2022-08-10,515210,,1.473,1.482,1.463,1.472,94162485.0,138393977.0,,,sina:515210,,
2022-08-11,515210,,1.472,1.481,1.469,1.48,39459800.0,58178644.0,,,sina:515210,,
2022-08-12,515210,,1.48,1.488,1.474,1.479,48594900.0,72036133.0,,,sina:515210,,
2022-08-15,515210,,1.49,1.496,1.479,1.489,39793300.0,59215384.0,,,sina:515210,,
2022-08-16,515210,,1.49,1.504,1.486,1.494,59945114.0,89376114.0,,,sina:515210,,
2022-08-17,515210,,1.497,1.497,1.473,1.485,41125800.0,60813862.0,,,sina:515210,,
2022-08-18,515210,,1.488,1.488,1.465,1.469,43565200.0,64044698.0,,,sina:515210,,
2022-08-19,515210,,1.476,1.476,1.461,1.464,37915500.0,55718727.0,,,sina:515210,,
2022-08-22,515210,,1.464,1.494,1.45,1.491,53295300.0,78663472.0,,,sina:515210,,
2022-08-23,515210,,1.487,1.488,1.468,1.478,45020800.0,66404856.0,,,sina:515210,,
2022-08-24,515210,,1.488,1.49,1.446,1.447,41356200.0,60585793.0,,,sina:515210,,
2022-08-25,515210,,1.447,1.454,1.424,1.447,40218818.0,57825879.0,,,sina:515210,,
2022-08-26,515210,,1.443,1.451,1.434,1.439,39836000.0,57554421.0,,,sina:515210,,
2022-08-29,515210,,1.425,1.452,1.419,1.448,49700200.0,71439987.0,,,sina:515210,,
2022-08-30,515210,,1.446,1.456,1.438,1.443,42015400.0,60720803.0,,,sina:515210,,
2022-08-31,515210,,1.441,1.445,1.412,1.415,46328053.0,65960052.0,,,sina:515210,,
2022-09-01,515210,,1.425,1.429,1.408,1.412,45789700.0,64913244.0,,,sina:515210,,
2022-09-02,515210,,1.407,1.419,1.399,1.408,46250300.0,65175003.0,,,sina:515210,,
2022-09-05,515210,,1.412,1.428,1.4,1.425,48365900.0,68536675.0,,,sina:515210,,
2022-09-06,515210,,1.426,1.446,1.426,1.445,36509000.0,52528824.0,,,sina:515210,,
2022-09-07,515210,,1.444,1.452,1.435,1.449,99298400.0,143743666.0,,,sina:515210,,
2022-09-08,515210,,1.449,1.472,1.443,1.461,71349518.0,104208435.0,,,sina:515210,,
2022-09-09,515210,,1.459,1.464,1.447,1.463,45731400.0,66655106.0,,,sina:515210,,
2022-09-13,515210,,1.465,1.47,1.451,1.455,45774500.0,66727477.0,,,sina:515210,,
2022-09-14,515210,,1.446,1.452,1.433,1.437,58219583.0,83969367.0,,,sina:515210,,
2022-09-15,515210,,1.439,1.455,1.41,1.422,59359700.0,84644172.0,,,sina:515210,,
2022-09-16,515210,,1.421,1.421,1.383,1.384,52178700.0,73028374.0,,,sina:515210,,
2022-09-19,515210,,1.38,1.383,1.358,1.364,50648900.0,69226582.0,,,sina:515210,,
2022-09-20,515210,,1.371,1.388,1.37,1.376,47866500.0,66010235.0,,,sina:515210,,
2022-09-21,515210,,1.365,1.399,1.356,1.395,47154000.0,64945660.0,,,sina:515210,,
2022-09-22,515210,,1.38,1.405,1.376,1.387,46525600.0,64811602.0,,,sina:515210,,
2022-09-23,515210,,1.389,1.393,1.366,1.375,60678500.0,83779456.0,,,sina:515210,,
2022-09-26,515210,,1.374,1.374,1.33,1.332,58793500.0,79044164.0,,,sina:515210,,
2022-09-27,515210,,1.342,1.345,1.322,1.345,47161900.0,62741469.0,,,sina:515210,,
2022-09-28,515210,,1.343,1.343,1.302,1.304,47234700.0,61945081.0,,,sina:515210,,
2022-09-29,515210,,1.315,1.318,1.291,1.3,46562400.0,60786280.0,,,sina:515210,,
2022-09-30,515210,,1.3,1.311,1.291,1.293,56436500.0,73286958.0,,,sina:515210,,
2022-10-10,515210,,1.295,1.306,1.279,1.284,48265600.0,62568417.0,,,sina:515210,,
2022-10-11,515210,,1.292,1.293,1.273,1.289,49318500.0,63366815.0,,,sina:515210,,
2022-10-12,515210,,1.291,1.308,1.265,1.308,43834000.0,56002466.0,,,sina:515210,,
2022-10-13,515210,,1.305,1.308,1.294,1.301,43149500.0,56155259.0,,,sina:515210,,
2022-10-14,515210,,1.309,1.329,1.3,1.327,48372700.0,63845901.0,,,sina:515210,,
2022-10-17,515210,,1.322,1.346,1.32,1.34,43740700.0,58340641.0,,,sina:515210,,
2022-10-18,515210,,1.343,1.348,1.334,1.337,35073400.0,46934706.0,,,sina:515210,,
2022-10-19,515210,,1.342,1.342,1.32,1.321,44805800.0,59625549.0,,,sina:515210,,
2022-10-20,515210,,1.333,1.333,1.3,1.311,45323200.0,59437357.0,,,sina:515210,,
2022-10-21,515210,,1.313,1.33,1.311,1.316,56064300.0,74032057.0,,,sina:515210,,
2022-10-24,515210,,1.325,1.343,1.308,1.319,46683453.0,61987545.0,,,sina:515210,,
2022-10-25,515210,,1.317,1.329,1.302,1.32,31456600.0,41449607.0,,,sina:515210,,
2022-10-26,515210,,1.32,1.338,1.319,1.327,30753700.0,40923536.0,,,sina:515210,,
2022-10-27,515210,,1.328,1.337,1.318,1.32,33765800.0,44796889.0,,,sina:515210,,
2022-10-28,515210,,1.32,1.321,1.258,1.264,37464300.0,48002450.0,,,sina:515210,,
2022-10-31,515210,,1.259,1.276,1.25,1.263,38021100.0,48006550.0,,,sina:515210,,
2022-11-01,515210,,1.272,1.292,1.267,1.292,42168100.0,53958244.0,,,sina:515210,,
2022-11-02,515210,,1.294,1.303,1.286,1.296,36023547.0,46609785.0,,,sina:515210,,
2022-11-03,515210,,1.293,1.309,1.288,1.308,33909100.0,44241919.0,,,sina:515210,,
2022-11-04,515210,,1.31,1.344,1.308,1.343,39055236.0,52047778.0,,,sina:515210,,
2022-11-07,515210,,1.343,1.371,1.343,1.354,40821260.0,55550616.0,,,sina:515210,,
2022-11-08,515210,,1.354,1.367,1.352,1.364,33484700.0,45488743.0,,,sina:515210,,
2022-11-09,515210,,1.365,1.381,1.365,1.369,45599562.0,62439462.0,,,sina:515210,,
2022-11-10,515210,,1.36,1.378,1.355,1.373,50404625.0,68810188.0,,,sina:515210,,
2022-11-11,515210,,1.388,1.399,1.373,1.382,33227800.0,45883799.0,,,sina:515210,,
2022-11-14,515210,,1.389,1.392,1.357,1.364,32245210.0,44398479.0,,,sina:515210,,
2022-11-15,515210,,1.364,1.378,1.356,1.377,41877307.0,57370861.0,,,sina:515210,,
2022-11-16,515210,,1.38,1.38,1.366,1.367,25995100.0,35647358.0,,,sina:515210,,
2022-11-17,515210,,1.359,1.363,1.351,1.359,26637400.0,36137338.0,,,sina:515210,,
2022-11-18,515210,,1.362,1.362,1.346,1.347,33066500.0,44839678.0,,,sina:515210,,
2022-11-21,515210,,1.338,1.348,1.33,1.347,31215822.0,41821795.0,,,sina:515210,,
2022-11-22,515210,,1.343,1.363,1.342,1.352,36191400.0,48804354.0,,,sina:515210,,
2022-11-23,515210,,1.351,1.365,1.345,1.364,31680600.0,43009692.0,,,sina:515210,,
2022-11-24,515210,,1.364,1.373,1.36,1.365,30872200.0,42175031.0,,,sina:515210,,
2022-11-25,515210,,1.365,1.375,1.356,1.373,43343200.0,59355446.0,,,sina:515210,,
2022-11-28,515210,,1.352,1.36,1.336,1.355,37416200.0,50485787.0,,,sina:515210,,
2022-11-29,515210,,1.356,1.377,1.355,1.371,63056400.0,86258652.0,,,sina:515210,,
2022-11-30,515210,,1.368,1.375,1.363,1.364,36160900.0,49534418.0,,,sina:515210,,
2022-12-01,515210,,1.372,1.379,1.371,1.371,50614500.0,69572591.0,,,sina:515210,,
2022-12-02,515210,,1.371,1.371,1.356,1.359,40671800.0,55397582.0,,,sina:515210,,
2022-12-05,515210,,1.364,1.398,1.359,1.393,66431500.0,91547720.0,,,sina:515210,,
2022-12-06,515210,,1.386,1.392,1.379,1.39,47504800.0,65848257.0,,,sina:515210,,
2022-12-07,515210,,1.39,1.392,1.372,1.384,39607500.0,54778307.0,,,sina:515210,,
2022-12-08,515210,,1.383,1.387,1.368,1.379,34603600.0,47707871.0,,,sina:515210,,
2022-12-09,515210,,1.377,1.402,1.376,1.399,52205800.0,72534727.0,,,sina:515210,,
2022-12-12,515210,,1.395,1.395,1.359,1.36,61075200.0,84113488.0,,,sina:515210,,
2022-12-13,515210,,1.361,1.382,1.361,1.372,57947900.0,79640903.0,,,sina:515210,,
2022-12-14,515210,,1.362,1.376,1.358,1.362,38655100.0,52740041.0,,,sina:515210,,
2022-12-15,515210,,1.358,1.362,1.347,1.357,36964300.0,49974602.0,,,sina:515210,,
2022-12-16,515210,,1.352,1.372,1.345,1.365,40952100.0,55804631.0,,,sina:515210,,
2022-12-19,515210,,1.363,1.367,1.329,1.33,45887100.0,61875075.0,,,sina:515210,,
2022-12-20,515210,,1.328,1.338,1.317,1.326,40975200.0,54443397.0,,,sina:515210,,
2022-12-21,515210,,1.324,1.335,1.315,1.321,38114761.0,50568276.0,,,sina:515210,,
2022-12-22,515210,,1.33,1.341,1.294,1.302,49873200.0,65531620.0,,,sina:515210,,
2022-12-23,515210,,1.298,1.304,1.286,1.299,39933400.0,51691295.0,,,sina:515210,,
2022-12-26,515210,,1.293,1.31,1.293,1.31,35491500.0,46205953.0,,,sina:515210,,
2022-12-27,515210,,1.293,1.306,1.292,1.301,43014700.0,55976610.0,,,sina:515210,,
2022-12-28,515210,,1.295,1.308,1.291,1.302,34458500.0,44772092.0,,,sina:515210,,
2022-12-29,515210,,1.296,1.302,1.286,1.288,33543800.0,43360790.0,,,sina:515210,,
2022-12-30,515210,,1.293,1.294,1.28,1.282,27121500.0,34804313.0,,,sina:515210,,
2023-01-03,515210,,1.282,1.305,1.276,1.299,41018600.0,52912628.0,,,sina:515210,,
2023-01-04,515210,,1.3,1.309,1.294,1.302,46362800.0,60307839.0,,,sina:515210,,
2023-01-05,515210,,1.304,1.31,1.297,1.305,43221500.0,56390233.0,,,sina:515210,,
2023-01-06,515210,,1.306,1.324,1.304,1.318,41050600.0,54025543.0,,,sina:515210,,
2023-01-09,515210,,1.319,1.329,1.319,1.324,33670200.0,44546321.0,,,sina:515210,,
2023-01-10,515210,,1.324,1.324,1.312,1.314,33756500.0,44422817.0,,,sina:515210,,
2023-01-11,515210,,1.312,1.325,1.311,1.317,35986700.0,47382630.0,,,sina:515210,,
2023-01-12,515210,,1.317,1.32,1.307,1.312,27878300.0,36634567.0,,,sina:515210,,
2023-01-13,515210,,1.314,1.322,1.31,1.319,29474900.0,38753144.0,,,sina:515210,,
2023-01-16,515210,,1.32,1.334,1.317,1.331,43450400.0,57642005.0,,,sina:515210,,
2023-01-17,515210,,1.324,1.332,1.32,1.324,37467800.0,49685188.0,,,sina:515210,,
2023-01-18,515210,,1.326,1.332,1.323,1.331,39324400.0,52234952.0,,,sina:515210,,
2023-01-19,515210,,1.328,1.342,1.323,1.34,73271500.0,97685872.0,,,sina:515210,,
2023-01-20,515210,,1.34,1.365,1.34,1.364,46143700.0,62620864.0,,,sina:515210,,
2023-01-30,515210,,1.378,1.396,1.375,1.382,58275246.0,80839396.0,,,sina:515210,,
2023-01-31,515210,,1.381,1.39,1.371,1.387,41469719.0,57326752.0,,,sina:515210,,
2023-02-01,515210,,1.39,1.412,1.389,1.411,51651800.0,72463365.0,,,sina:515210,,
2023-02-02,515210,,1.41,1.41,1.397,1.403,72926400.0,102203449.0,,,sina:515210,,
2023-02-03,515210,,1.401,1.401,1.37,1.391,53507798.0,73823681.0,,,sina:515210,,
2023-02-06,515210,,1.386,1.386,1.37,1.375,44947000.0,61777309.0,,,sina:515210,,
2023-02-07,515210,,1.38,1.386,1.371,1.384,37865600.0,52160931.0,,,sina:515210,,
2023-02-08,515210,,1.384,1.389,1.376,1.377,48686300.0,67356687.0,,,sina:515210,,
2023-02-09,515210,,1.371,1.392,1.37,1.388,51527400.0,71415653.0,,,sina:515210,,
2023-02-10,515210,,1.389,1.389,1.372,1.378,41274500.0,56948508.0,,,sina:515210,,
2023-02-13,515210,,1.376,1.393,1.375,1.391,47093898.0,65308452.0,,,sina:515210,,
2023-02-14,515210,,1.394,1.407,1.39,1.403,51571400.0,72296063.0,,,sina:515210,,
2023-02-15,515210,,1.4,1.405,1.389,1.393,39780700.0,55485717.0,,,sina:515210,,
2023-02-16,515210,,1.394,1.403,1.367,1.376,49164200.0,68545577.0,,,sina:515210,,
2023-02-17,515210,,1.376,1.387,1.373,1.376,43163400.0,59587342.0,,,sina:515210,,
2023-02-20,515210,,1.38,1.406,1.375,1.405,99765100.0,139212515.0,,,sina:515210,,
2023-02-21,515210,,1.405,1.442,1.405,1.437,127019156.0,181914252.0,,,sina:515210,,
2023-02-22,515210,,1.427,1.44,1.423,1.438,58126000.0,83294374.0,,,sina:515210,,
2023-02-23,515210,,1.436,1.446,1.425,1.434,51249300.0,73458756.0,,,sina:515210,,
2023-02-24,515210,,1.434,1.439,1.42,1.434,52882044.0,75592899.0,,,sina:515210,,
2023-02-27,515210,,1.433,1.443,1.418,1.42,67492500.0,96887695.0,,,sina:515210,,
2023-02-28,515210,,1.42,1.429,1.412,1.428,47692544.0,67670869.0,,,sina:515210,,
2023-03-01,515210,,1.421,1.438,1.421,1.434,62109044.0,88978013.0,,,sina:515210,,
2023-03-02,515210,,1.43,1.447,1.424,1.443,60531400.0,87110709.0,,,sina:515210,,
2023-03-03,515210,,1.44,1.452,1.433,1.451,78421594.0,113342436.0,,,sina:515210,,
2023-03-06,515210,,1.448,1.45,1.429,1.432,101848912.0,146214477.0,,,sina:515210,,
2023-03-07,515210,,1.429,1.442,1.414,1.417,75639045.0,108432474.0,,,sina:515210,,
2023-03-08,515210,,1.415,1.427,1.408,1.419,45460445.0,64438606.0,,,sina:515210,,
2023-03-09,515210,,1.418,1.428,1.414,1.422,48679166.0,69139419.0,,,sina:515210,,
2023-03-10,515210,,1.415,1.416,1.387,1.389,72831200.0,101914438.0,,,sina:515210,,
2023-03-13,515210,,1.388,1.406,1.385,1.397,68509612.0,95545872.0,,,sina:515210,,
2023-03-14,515210,,1.396,1.406,1.379,1.39,44333898.0,61679495.0,,,sina:515210,,
2023-03-15,515210,,1.389,1.416,1.389,1.414,45716898.0,64072299.0,,,sina:515210,,
2023-03-16,515210,,1.405,1.406,1.372,1.376,67085400.0,93048481.0,,,sina:515210,,
2023-03-17,515210,,1.384,1.391,1.377,1.384,46502600.0,64337053.0,,,sina:515210,,
2023-03-20,515210,,1.385,1.385,1.349,1.355,94647000.0,128359185.0,,,sina:515210,,
2023-03-21,515210,,1.351,1.359,1.338,1.35,66228900.0,89150046.0,,,sina:515210,,
2023-03-22,515210,,1.351,1.356,1.343,1.348,42754833.0,57693875.0,,,sina:515210,,
2023-03-23,515210,,1.344,1.344,1.332,1.342,49146900.0,65722872.0,,,sina:515210,,
2023-03-24,515210,,1.341,1.341,1.333,1.335,41310500.0,55193169.0,,,sina:515210,,
2023-03-27,515210,,1.33,1.334,1.311,1.319,52297400.0,68881500.0,,,sina:515210,,
2023-03-28,515210,,1.319,1.322,1.309,1.31,57755700.0,75845214.0,,,sina:515210,,
2023-03-29,515210,,1.311,1.315,1.302,1.307,37792100.0,49409661.0,,,sina:515210,,
2023-03-30,515210,,1.306,1.314,1.296,1.314,54119800.0,70477976.0,,,sina:515210,,
2023-03-31,515210,,1.313,1.324,1.309,1.324,62589800.0,82582473.0,,,sina:515210,,
2023-04-03,515210,,1.323,1.33,1.314,1.327,98580500.0,129988510.0,,,sina:515210,,
2023-04-04,515210,,1.326,1.333,1.32,1.328,64422600.0,85437426.0,,,sina:515210,,
2023-04-06,515210,,1.321,1.33,1.318,1.325,42790000.0,56605276.0,,,sina:515210,,
2023-04-07,515210,,1.323,1.336,1.323,1.332,77294200.0,102977892.0,,,sina:515210,,
2023-04-10,515210,,1.333,1.334,1.324,1.327,44500700.0,59089055.0,,,sina:515210,,
2023-04-11,515210,,1.329,1.339,1.317,1.339,44972800.0,59634444.0,,,sina:515210,,
2023-04-12,515210,,1.338,1.358,1.335,1.357,78372400.0,105759721.0,,,sina:515210,,
2023-04-13,515210,,1.356,1.357,1.34,1.346,47011800.0,63406972.0,,,sina:515210,,
2023-04-14,515210,,1.346,1.362,1.344,1.361,46552259.0,62953268.0,,,sina:515210,,
2023-04-17,515210,,1.365,1.373,1.354,1.37,66924841.0,91344128.0,,,sina:515210,,
2023-04-18,515210,,1.37,1.376,1.357,1.363,69331700.0,94586107.0,,,sina:515210,,
2023-04-19,515210,,1.356,1.368,1.356,1.358,50746400.0,69144627.0,,,sina:515210,,
2023-04-20,515210,,1.353,1.358,1.335,1.342,60862742.0,81573096.0,,,sina:515210,,
2023-04-21,515210,,1.337,1.346,1.316,1.318,84150658.0,111995165.0,,,sina:515210,,
2023-04-24,515210,,1.313,1.315,1.29,1.295,78511600.0,101930128.0,,,sina:515210,,
2023-04-25,515210,,1.299,1.304,1.264,1.275,55619700.0,71491274.0,,,sina:515210,,
2023-04-26,515210,,1.278,1.291,1.267,1.284,51782600.0,66301650.0,,,sina:515210,,
2023-04-27,515210,,1.289,1.294,1.275,1.288,37149500.0,47827539.0,,,sina:515210,,
2023-04-28,515210,,1.288,1.301,1.285,1.299,43267200.0,56091224.0,,,sina:515210,,
2023-05-04,515210,,1.298,1.313,1.29,1.303,38145800.0,49814626.0,,,sina:515210,,
2023-05-05,515210,,1.308,1.313,1.283,1.296,45911600.0,59362970.0,,,sina:515210,,
2023-05-08,515210,,1.305,1.33,1.299,1.328,66165600.0,87169368.0,,,sina:515210,,
2023-05-09,515210,,1.329,1.351,1.327,1.327,62704900.0,83984667.0,,,sina:515210,,
2023-05-10,515210,,1.321,1.335,1.318,1.322,54677400.0,72504411.0,,,sina:515210,,
2023-05-11,515210,,1.321,1.33,1.315,1.325,48574800.0,64234455.0,,,sina:515210,,
2023-05-12,515210,,1.327,1.327,1.298,1.299,68362700.0,89272765.0,,,sina:515210,,
2023-05-15,515210,,1.301,1.314,1.292,1.314,49416100.0,64246543.0,,,sina:515210,,
2023-05-16,515210,,1.314,1.315,1.297,1.301,43307600.0,56588764.0,,,sina:515210,,
2023-05-17,515210,,1.3,1.312,1.294,1.303,39353699.0,51222464.0,,,sina:515210,,
2023-05-18,515210,,1.3,1.308,1.293,1.299,43226500.0,56297191.0,,,sina:515210,,
2023-05-19,515210,,1.295,1.299,1.285,1.293,38583100.0,49792363.0,,,sina:515210,,
2023-05-22,515210,,1.291,1.3,1.29,1.299,34281700.0,44422877.0,,,sina:515210,,
2023-05-23,515210,,1.296,1.297,1.28,1.284,37239600.0,48001722.0,,,sina:515210,,
2023-05-24,515210,,1.281,1.281,1.261,1.263,53812300.0,68175275.0,,,sina:515210,,
2023-05-25,515210,,1.262,1.263,1.246,1.26,36503000.0,45792164.0,,,sina:515210,,
2023-05-26,515210,,1.259,1.265,1.245,1.264,25366400.0,31803638.0,,,sina:515210,,
2023-05-29,515210,,1.267,1.268,1.257,1.263,29786800.0,37576564.0,,,sina:515210,,
2023-05-30,515210,,1.263,1.263,1.237,1.249,38775800.0,48424877.0,,,sina:515210,,
2023-05-31,515210,,1.249,1.249,1.237,1.239,31749700.0,39456771.0,,,sina:515210,,
2023-06-01,515210,,1.24,1.252,1.238,1.246,31750000.0,39604566.0,,,sina:515210,,
2023-06-02,515210,,1.246,1.264,1.246,1.264,35544866.0,44756875.0,,,sina:515210,,
2023-06-05,515210,,1.27,1.271,1.256,1.26,37876400.0,47788464.0,,,sina:515210,,
2023-06-06,515210,,1.255,1.261,1.238,1.244,33600000.0,41985497.0,,,sina:515210,,
2023-06-07,515210,,1.243,1.247,1.234,1.235,34366200.0,42642412.0,,,sina:515210,,
2023-06-08,515210,,1.235,1.25,1.232,1.247,42471400.0,52654208.0,,,sina:515210,,
2023-06-09,515210,,1.251,1.251,1.241,1.246,64551600.0,80473745.0,,,sina:515210,,
2023-06-12,515210,,1.244,1.251,1.237,1.245,32696019.0,40642061.0,,,sina:515210,,
2023-06-13,515210,,1.245,1.251,1.243,1.247,56996000.0,71062380.0,,,sina:515210,,
2023-06-14,515210,,1.249,1.253,1.244,1.245,55497400.0,69233253.0,,,sina:515210,,
2023-06-15,515210,,1.245,1.251,1.235,1.248,58120200.0,72258530.0,,,sina:515210,,
2023-06-16,515210,,1.25,1.262,1.249,1.257,68697700.0,86391398.0,,,sina:515210,,
2023-06-19,515210,,1.257,1.261,1.241,1.242,70666900.0,88683980.0,,,sina:515210,,
2023-06-20,515210,,1.242,1.243,1.232,1.234,37114142.0,45850244.0,,,sina:515210,,
2023-06-21,515210,,1.231,1.234,1.222,1.222,35599100.0,43690266.0,,,sina:515210,,
2023-06-26,515210,,1.214,1.222,1.205,1.208,35816400.0,43403864.0,,,sina:515210,,
2023-06-27,515210,,1.209,1.234,1.209,1.233,38464800.0,47105857.0,,,sina:515210,,
2023-06-28,515210,,1.234,1.239,1.225,1.238,32196400.0,39618164.0,,,sina:515210,,
2023-06-29,515210,,1.236,1.236,1.229,1.231,31507654.0,38817522.0,,,sina:515210,,
2023-06-30,515210,,1.232,1.252,1.23,1.249,32145146.0,39998040.0,,,sina:515210,,
2023-07-03,515210,,1.251,1.27,1.25,1.266,40981400.0,51779823.0,,,sina:515210,,
2023-07-04,515210,,1.267,1.272,1.262,1.265,40996200.0,51936417.0,,,sina:515210,,
2023-07-05,515210,,1.265,1.28,1.262,1.278,35171300.0,44713068.0,,,sina:515210,,
2023-07-06,515210,,1.277,1.277,1.25,1.262,34700100.0,43862876.0,,,sina:515210,,
2023-07-07,515210,,1.262,1.274,1.257,1.265,44601000.0,56454973.0,,,sina:515210,,
2023-07-10,515210,,1.27,1.278,1.262,1.267,30574300.0,38718037.0,,,sina:515210,,
2023-07-11,515210,,1.267,1.276,1.265,1.272,40717900.0,51680998.0,,,sina:515210,,
2023-07-12,515210,,1.273,1.276,1.261,1.262,34742500.0,44005930.0,,,sina:515210,,
2023-07-13,515210,,1.263,1.276,1.263,1.269,36072800.0,45886154.0,,,sina:515210,,
2023-07-14,515210,,1.269,1.274,1.266,1.267,39184300.0,49757987.0,,,sina:515210,,
2023-07-17,515210,,1.269,1.269,1.253,1.257,37291800.0,46937764.0,,,sina:515210,,
2023-07-18,515210,,1.256,1.264,1.251,1.259,32373300.0,40702452.0,,,sina:515210,,
2023-07-19,515210,,1.259,1.265,1.257,1.263,27637600.0,34851762.0,,,sina:515210,,
2023-07-20,515210,,1.265,1.27,1.258,1.26,24452400.0,30951989.0,,,sina:515210,,
2023-07-21,515210,,1.257,1.267,1.255,1.259,27498800.0,34651041.0,,,sina:515210,,
2023-07-24,515210,,1.259,1.263,1.254,1.254,33229200.0,41824393.0,,,sina:515210,,
2023-07-25,515210,,1.262,1.296,1.262,1.295,50916200.0,65386327.0,,,sina:515210,,
2023-07-26,515210,,1.296,1.32,1.293,1.318,58509795.0,76367752.0,,,sina:515210,,
2023-07-27,515210,,1.309,1.353,1.308,1.342,96169750.0,128745866.0,,,sina:515210,,
2023-07-28,515210,,1.332,1.366,1.32,1.36,90613266.0,122553238.0,,,sina:515210,,
2023-07-31,515210,,1.361,1.373,1.355,1.358,94204914.0,128512023.0,,,sina:515210,,
2023-08-01,515210,,1.357,1.414,1.357,1.392,87044338.0,121096963.0,,,sina:515210,,
2023-08-02,515210,,1.378,1.382,1.369,1.378,68226040.0,93865606.0,,,sina:515210,,
2023-08-03,515210,,1.374,1.38,1.358,1.379,84378900.0,115361835.0,,,sina:515210,,
2023-08-04,515210,,1.397,1.399,1.364,1.366,64679874.0,88877634.0,,,sina:515210,,
2023-08-07,515210,,1.366,1.378,1.343,1.346,68670000.0,92715099.0,,,sina:515210,,
2023-08-08,515210,,1.351,1.351,1.327,1.335,49430200.0,65965897.0,,,sina:515210,,
2023-08-09,515210,,1.331,1.341,1.328,1.332,54105000.0,72117680.0,,,sina:515210,,
2023-08-10,515210,,1.33,1.339,1.327,1.333,51739300.0,68925988.0,,,sina:515210,,
2023-08-11,515210,,1.332,1.334,1.308,1.309,55361300.0,73047309.0,,,sina:515210,,
2023-08-14,515210,,1.301,1.318,1.293,1.313,59477500.0,77646557.0,,,sina:515210,,
2023-08-15,515210,,1.312,1.32,1.295,1.307,48154986.0,63059872.0,,,sina:515210,,
2023-08-16,515210,,1.304,1.322,1.301,1.308,53318300.0,69906264.0,,,sina:515210,,
2023-08-17,515210,,1.301,1.317,1.291,1.317,48805800.0,63609008.0,,,sina:515210,,
2023-08-18,515210,,1.311,1.327,1.303,1.304,50206300.0,66121464.0,,,sina:515210,,
2023-08-21,515210,,1.296,1.312,1.286,1.287,46263480.0,60114391.0,,,sina:515210,,
2023-08-22,515210,,1.288,1.299,1.278,1.292,52428517.0,67441354.0,,,sina:515210,,
2023-08-23,515210,,1.295,1.295,1.274,1.274,38596015.0,49508642.0,,,sina:515210,,
2023-08-24,515210,,1.275,1.286,1.264,1.265,40080600.0,51034934.0,,,sina:515210,,
2023-08-25,515210,,1.262,1.279,1.252,1.265,36922800.0,46819190.0,,,sina:515210,,
2023-08-28,515210,,1.306,1.33,1.286,1.286,91045709.0,118504234.0,,,sina:515210,,
2023-08-29,515210,,1.283,1.302,1.279,1.289,94254414.0,121516679.0,,,sina:515210,,
2023-08-30,515210,,1.292,1.296,1.276,1.276,52250504.0,67134573.0,,,sina:515210,,
2023-08-31,515210,,1.277,1.285,1.265,1.267,45760100.0,58145129.0,,,sina:515210,,
2023-09-01,515210,,1.268,1.301,1.268,1.296,97216700.0,125699158.0,,,sina:515210,,
2023-09-04,515210,,1.3,1.349,1.3,1.342,155853111.0,207539505.0,,,sina:515210,,
2023-09-05,515210,,1.333,1.338,1.319,1.327,73134100.0,97049317.0,,,sina:515210,,
2023-09-06,515210,,1.321,1.325,1.311,1.318,50225011.0,66135490.0,,,sina:515210,,
2023-09-07,515210,,1.318,1.318,1.293,1.294,63225211.0,82436848.0,,,sina:515210,,
2023-09-08,515210,,1.294,1.298,1.281,1.287,75272711.0,96778733.0,,,sina:515210,,
2023-09-11,515210,,1.287,1.293,1.277,1.291,50756200.0,65282267.0,,,sina:515210,,
2023-09-12,515210,,1.288,1.294,1.282,1.286,52476400.0,67564674.0,,,sina:515210,,
2023-09-13,515210,,1.286,1.306,1.286,1.295,67914800.0,87854287.0,,,sina:515210,,
2023-09-14,515210,,1.291,1.308,1.285,1.306,52245200.0,67853248.0,,,sina:515210,,
2023-09-15,515210,,1.312,1.325,1.304,1.315,73115300.0,96090844.0,,,sina:515210,,
2023-09-18,515210,,1.311,1.311,1.297,1.306,52231800.0,68011875.0,,,sina:515210,,
2023-09-19,515210,,1.309,1.321,1.302,1.32,59879702.0,78642522.0,,,sina:515210,,
2023-09-20,515210,,1.313,1.319,1.304,1.312,47001800.0,61773820.0,,,sina:515210,,
2023-09-21,515210,,1.312,1.315,1.3,1.3,41668400.0,54343129.0,,,sina:515210,,
2023-09-22,515210,,1.296,1.303,1.285,1.301,50917300.0,65898111.0,,,sina:515210,,
2023-09-25,515210,,1.295,1.302,1.292,1.293,36530200.0,47349846.0,,,sina:515210,,
2023-09-26,515210,,1.29,1.294,1.277,1.28,48525900.0,62300160.0,,,sina:515210,,
2023-09-27,515210,,1.279,1.285,1.273,1.273,76591500.0,97840886.0,,,sina:515210,,
2023-09-28,515210,,1.273,1.282,1.273,1.279,33056932.0,42279880.0,,,sina:515210,,
2023-10-09,515210,,1.277,1.286,1.266,1.283,42024100.0,53505079.0,,,sina:515210,,
2023-10-10,515210,,1.281,1.281,1.261,1.264,51239500.0,65005302.0,,,sina:515210,,
2023-10-11,515210,,1.264,1.267,1.252,1.255,64135000.0,80759309.0,,,sina:515210,,
2023-10-12,515210,,1.258,1.28,1.258,1.28,51877000.0,65894579.0,,,sina:515210,,
2023-10-13,515210,,1.272,1.272,1.263,1.266,32105100.0,40684918.0,,,sina:515210,,
2023-10-16,515210,,1.268,1.271,1.26,1.266,34367400.0,43439924.0,,,sina:515210,,
2023-10-17,515210,,1.27,1.279,1.268,1.274,39254500.0,49948144.0,,,sina:515210,,
2023-10-18,515210,,1.269,1.273,1.25,1.258,39607300.0,49788096.0,,,sina:515210,,
2023-10-19,515210,,1.254,1.254,1.226,1.227,48462000.0,60049668.0,,,sina:515210,,
2023-10-20,515210,,1.225,1.24,1.223,1.23,43849136.0,54108906.0,,,sina:515210,,
2023-10-23,515210,,1.23,1.23,1.195,1.201,40748200.0,49383628.0,,,sina:515210,,
2023-10-24,515210,,1.201,1.218,1.201,1.217,40069806.0,48483200.0,,,sina:515210,,
2023-10-25,515210,,1.248,1.268,1.229,1.265,39527800.0,49826283.0,,,sina:515210,,
2023-10-26,515210,,1.257,1.267,1.248,1.265,32637100.0,41001458.0,,,sina:515210,,
2023-10-27,515210,,1.252,1.275,1.252,1.273,36931300.0,46973792.0,,,sina:515210,,
2023-10-30,515210,,1.272,1.285,1.269,1.278,52160800.0,66823509.0,,,sina:515210,,
2023-10-31,515210,,1.27,1.288,1.27,1.275,38066000.0,48604041.0,,,sina:515210,,
2023-11-01,515210,,1.274,1.285,1.269,1.277,37417800.0,47742425.0,,,sina:515210,,
2023-11-02,515210,,1.277,1.282,1.264,1.264,43218464.0,54948559.0,,,sina:515210,,
2023-11-03,515210,,1.265,1.274,1.257,1.26,37672176.0,47681479.0,,,sina:515210,,
2023-11-06,515210,,1.262,1.266,1.251,1.262,71887000.0,90406559.0,,,sina:515210,,
2023-11-07,515210,,1.258,1.258,1.245,1.253,40237000.0,50323665.0,,,sina:515210,,
2023-11-08,515210,,1.25,1.25,1.236,1.242,40240100.0,50001611.0,,,sina:515210,,
2023-11-09,515210,,1.238,1.25,1.237,1.249,49751700.0,62001569.0,,,sina:515210,,
2023-11-10,515210,,1.25,1.25,1.235,1.242,49129700.0,60865234.0,,,sina:515210,,
2023-11-13,515210,,1.243,1.276,1.243,1.275,70728500.0,88965159.0,,,sina:515210,,
2023-11-14,515210,,1.274,1.274,1.255,1.266,58103200.0,73332524.0,,,sina:515210,,
2023-11-15,515210,,1.271,1.294,1.267,1.292,75301800.0,96190108.0,,,sina:515210,,
2023-11-16,515210,,1.281,1.283,1.271,1.274,48047501.0,61371003.0,,,sina:515210,,
2023-11-17,515210,,1.271,1.277,1.267,1.274,55795401.0,70906135.0,,,sina:515210,,
2023-11-20,515210,,1.275,1.286,1.269,1.281,47266500.0,60432581.0,,,sina:515210,,
2023-11-21,515210,,1.283,1.292,1.275,1.278,50220300.0,64570270.0,,,sina:515210,,
2023-11-22,515210,,1.276,1.279,1.263,1.265,42341800.0,53876714.0,,,sina:515210,,
2023-11-23,515210,,1.265,1.284,1.26,1.282,39952000.0,50795997.0,,,sina:515210,,
2023-11-24,515210,,1.282,1.284,1.273,1.284,42070900.0,53804761.0,,,sina:515210,,
2023-11-27,515210,,1.285,1.285,1.266,1.274,39151300.0,49775210.0,,,sina:515210,,
2023-11-28,515210,,1.269,1.28,1.264,1.278,117763800.0,150095657.0,,,sina:515210,,
2023-11-29,515210,,1.274,1.278,1.262,1.265,36728000.0,46645718.0,,,sina:515210,,
2023-11-30,515210,,1.263,1.265,1.252,1.258,41041000.0,51624108.0,,,sina:515210,,
2023-12-01,515210,,1.256,1.268,1.254,1.263,42689900.0,53890532.0,,,sina:515210,,
2023-12-04,515210,,1.261,1.275,1.261,1.267,80520238.0,102159967.0,,,sina:515210,,
2023-12-05,515210,,1.266,1.266,1.245,1.247,40616600.0,51101329.0,,,sina:515210,,
2023-12-06,515210,,1.245,1.254,1.24,1.248,36054264.0,45056716.0,,,sina:515210,,
2023-12-07,515210,,1.248,1.252,1.239,1.248,29596297.0,36800673.0,,,sina:515210,,
2023-12-08,515210,,1.248,1.26,1.245,1.25,45442500.0,56954666.0,,,sina:515210,,
2023-12-11,515210,,1.255,1.255,1.224,1.249,43209413.0,53368374.0,,,sina:515210,,
2023-12-12,515210,,1.24,1.245,1.233,1.243,30729300.0,38074691.0,,,sina:515210,,
2023-12-13,515210,,1.241,1.241,1.225,1.228,26223200.0,32337997.0,,,sina:515210,,
2023-12-14,515210,,1.228,1.233,1.227,1.228,23372576.0,28755596.0,,,sina:515210,,
2023-12-15,515210,,1.229,1.235,1.222,1.226,31031660.0,38139461.0,,,sina:515210,,
2023-12-18,515210,钢铁ETF,1.081,1.081,1.061,1.063,30863500.0,33070240.249999996,,,,,
2023-12-19,515210,钢铁ETF,1.07,1.07,1.054,1.059,21983100.0,23373531.075,,,,,
2023-12-20,515210,钢铁ETF,1.059,1.067,1.049,1.05,24907700.0,26308758.124999996,,,,,
2023-12-21,515210,钢铁ETF,1.049,1.055,1.032,1.054,39827500.0,41719306.24999999,,,,,
2023-12-22,515210,钢铁ETF,1.053,1.064,1.047,1.058,36630800.0,38663809.4,,,,,
2023-12-25,515210,钢铁ETF,1.058,1.059,1.05,1.055,26784800.0,28271356.4,,,,,
2023-12-26,515210,钢铁ETF,1.055,1.057,1.045,1.049,24464000.0,25723895.999999996,,,,,
2023-12-27,515210,钢铁ETF,1.054,1.057,1.041,1.053,148454800.0,156063108.5,,,,,
2023-12-28,515210,钢铁ETF,1.059,1.073,1.054,1.067,31824800.0,33837718.6,,,,,
2023-12-29,515210,钢铁ETF,1.07,1.075,1.064,1.072,30980400.0,33156773.100000005,,,,,
2024-01-02,515210,钢铁ETF,1.075,1.091,1.073,1.084,36033500.0,38943205.125,,,,,
2024-01-03,515210,钢铁ETF,1.084,1.099,1.084,1.098,49499700.0,54016547.625,,,,,
2024-01-04,515210,钢铁ETF,1.102,1.103,1.086,1.093,63239100.0,69310053.60000001,,,,,
2024-01-05,515210,钢铁ETF,1.092,1.102,1.081,1.085,45060200.0,49115617.99999999,,,,,
2024-01-08,515210,钢铁ETF,1.085,1.085,1.06,1.06,40627700.0,43573208.25,,,,,
2024-01-09,515210,钢铁ETF,1.064,1.07,1.057,1.065,28633700.0,30466256.8,,,,,
2024-01-10,515210,钢铁ETF,1.064,1.068,1.053,1.057,23660000.0,25091430.0,,,,,
2024-01-11,515210,钢铁ETF,1.057,1.063,1.05,1.06,29034700.0,30704195.249999996,,,,,
2024-01-12,515210,钢铁ETF,1.059,1.07,1.055,1.058,35256000.0,37388988.0,,,,,
2024-01-15,515210,钢铁ETF,1.051,1.057,1.046,1.048,28503200.0,29942611.6,,,,,
2024-01-16,515210,钢铁ETF,1.047,1.05,1.03,1.043,39678300.0,41364627.75,,,,,
2024-01-17,515210,钢铁ETF,1.037,1.045,1.02,1.02,34246000.0,35290503.0,,,,,
2024-01-18,515210,钢铁ETF,1.014,1.02,0.978,1.005,42395200.0,42575379.6,,,,,
2024-01-19,515210,钢铁ETF,1.005,1.01,0.993,1.001,28486300.0,28550394.175,,,,,
2024-01-22,515210,钢铁ETF,1.0,1.0,0.945,0.954,33187600.0,32349613.099999998,,,,,
2024-01-23,515210,钢铁ETF,0.946,0.965,0.936,0.962,37370100.0,35585677.724999994,,,,,
2024-01-24,515210,钢铁ETF,0.959,0.99,0.953,0.99,33432400.0,32529725.2,,,,,
2024-01-25,515210,钢铁ETF,0.991,1.031,0.989,1.029,33201600.0,33533616.0,,,,,
2024-01-26,515210,钢铁ETF,1.028,1.047,1.028,1.044,34897200.0,36179672.1,,,,,
2024-01-29,515210,钢铁ETF,1.047,1.05,1.029,1.032,62179200.0,64635278.39999999,,,,,
2024-01-30,515210,钢铁ETF,1.03,1.035,1.01,1.012,22685500.0,23178909.625,,,,,
2024-01-31,515210,钢铁ETF,1.006,1.02,0.988,0.991,30381500.0,30419476.875,,,,,
2024-02-01,515210,钢铁ETF,0.99,0.998,0.97,0.981,41054000.0,40427926.5,,,,,
2024-02-02,515210,钢铁ETF,0.979,0.995,0.933,0.964,35794300.0,34639933.825,,,,,
2024-02-05,515210,钢铁ETF,0.95,0.954,0.906,0.924,48236600.0,45028866.1,,,,,
2024-02-06,515210,钢铁ETF,0.915,0.977,0.913,0.975,71345800.0,67421781.0,,,,,
2024-02-07,515210,钢铁ETF,0.973,1.004,0.965,0.998,31047900.0,30582181.5,,,,,
2024-02-08,515210,钢铁ETF,0.998,1.02,0.997,1.015,28347700.0,28560307.75,,,,,
2024-02-19,515210,钢铁ETF,1.016,1.035,1.016,1.031,29268200.0,29985270.9,,,,,
2024-02-20,515210,钢铁ETF,1.032,1.04,1.017,1.037,18635400.0,19222415.099999998,,,,,
2024-02-21,515210,钢铁ETF,1.037,1.059,1.026,1.041,31091500.0,32358478.624999996,,,,,
2024-02-22,515210,钢铁ETF,1.043,1.053,1.035,1.052,27367800.0,28619876.849999998,,,,,
2024-02-23,515210,钢铁ETF,1.051,1.055,1.043,1.053,34402300.0,36139616.15,,,,,
2024-02-26,515210,钢铁ETF,1.055,1.059,1.036,1.049,54036100.0,56724395.975,,,,,
2024-02-27,515210,钢铁ETF,1.046,1.059,1.04,1.057,23743300.0,24942336.65,,,,,
2024-02-28,515210,钢铁ETF,1.057,1.07,1.04,1.042,26967500.0,28376551.875000004,,,,,
2024-02-29,515210,钢铁ETF,1.038,1.06,1.034,1.059,31614000.0,33123568.5,,,,,
2024-03-01,515210,钢铁ETF,1.066,1.068,1.053,1.06,26332700.0,27958744.224999998,,,,,
2024-03-04,515210,钢铁ETF,1.066,1.067,1.043,1.049,43367400.0,45806816.25000001,,,,,
2024-03-05,515210,钢铁ETF,1.048,1.052,1.04,1.046,29850100.0,31238129.65,,,,,
2024-03-06,515210,钢铁ETF,1.041,1.064,1.041,1.058,27920400.0,29344340.400000006,,,,,
2024-03-07,515210,钢铁ETF,1.056,1.094,1.053,1.08,50881300.0,54481151.975,,,,,
2024-03-08,515210,钢铁ETF,1.073,1.086,1.07,1.082,40771100.0,43941053.025000006,,,,,
2024-03-11,515210,钢铁ETF,1.083,1.091,1.071,1.082,37443600.0,40504614.3,,,,,
2024-03-12,515210,钢铁ETF,1.082,1.087,1.058,1.066,34589800.0,37123502.85,,,,,
2024-03-13,515210,钢铁ETF,1.064,1.07,1.059,1.065,27405200.0,29172835.4,,,,,
2024-03-14,515210,钢铁ETF,1.063,1.076,1.051,1.058,28605100.0,30378616.200000003,,,,,
2024-03-15,515210,钢铁ETF,1.054,1.088,1.049,1.085,38671100.0,41339405.9,,,,,
2024-03-18,515210,钢铁ETF,1.085,1.085,1.064,1.078,36647100.0,39505573.800000004,,,,,
2024-03-19,515210,钢铁ETF,1.072,1.109,1.072,1.091,56829100.0,61716402.6,,,,,
2024-03-20,515210,钢铁ETF,1.091,1.091,1.075,1.085,27671200.0,30037087.600000005,,,,,
2024-03-21,515210,钢铁ETF,1.085,1.088,1.076,1.087,26811900.0,29064099.6,,,,,
2024-03-22,515210,钢铁ETF,1.084,1.084,1.059,1.069,29628000.0,31820472.000000004,,,,,
2024-03-25,515210,钢铁ETF,1.067,1.086,1.064,1.066,34104600.0,36517500.45,,,,,
2024-03-26,515210,钢铁ETF,1.062,1.071,1.052,1.067,48979800.0,52065527.400000006,,,,,
2024-03-27,515210,钢铁ETF,1.063,1.07,1.047,1.049,32604400.0,34471001.9,,,,,
2024-03-28,515210,钢铁ETF,1.048,1.063,1.044,1.053,26283200.0,27649926.400000002,,,,,
2024-03-29,515210,钢铁ETF,1.052,1.073,1.051,1.072,22238700.0,23617499.400000002,,,,,
2024-04-01,515210,钢铁ETF,1.072,1.09,1.072,1.089,32416000.0,35033592.0,,,,,
2024-04-02,515210,钢铁ETF,1.102,1.106,1.091,1.102,40160200.0,44186260.050000004,,,,,
2024-04-03,515210,钢铁ETF,1.1,1.113,1.093,1.109,67290100.0,74271447.875,,,,,
2024-04-08,515210,钢铁ETF,1.107,1.127,1.098,1.104,60433600.0,67020862.4,,,,,
2024-04-09,515210,钢铁ETF,1.097,1.111,1.092,1.105,38862600.0,42797438.24999999,,,,,
2024-04-10,515210,钢铁ETF,1.104,1.108,1.085,1.095,33816800.0,37130846.4,,,,,
2024-04-11,515210,钢铁ETF,1.086,1.117,1.079,1.103,44547200.0,48834868.0,,,,,
2024-04-12,515210,钢铁ETF,1.103,1.111,1.096,1.102,43525800.0,48008957.4,,,,,
2024-04-15,515210,钢铁ETF,1.106,1.114,1.073,1.103,57710900.0,63424279.10000001,,,,,
2024-04-16,515210,钢铁ETF,1.095,1.105,1.07,1.073,84509400.0,91756081.05,,,,,
2024-04-17,515210,钢铁ETF,1.07,1.119,1.069,1.119,53764700.0,58832022.974999994,,,,,
2024-04-18,515210,钢铁ETF,1.129,1.131,1.116,1.122,46469300.0,52254727.85000002,,,,,
2024-04-19,515210,钢铁ETF,1.121,1.147,1.118,1.139,38862600.0,43963316.25,,,,,
2024-04-22,515210,钢铁ETF,1.139,1.145,1.11,1.114,34550700.0,38938638.9,,,,,
2024-04-23,515210,钢铁ETF,1.111,1.112,1.078,1.082,45247800.0,49580276.85,,,,,
2024-04-24,515210,钢铁ETF,1.078,1.095,1.074,1.093,40082800.0,43489838.0,,,,,
2024-04-25,515210,钢铁ETF,1.092,1.103,1.085,1.097,51786200.0,56667049.349999994,,,,,
2024-04-26,515210,钢铁ETF,1.097,1.102,1.081,1.101,104752800.0,114730504.2,,,,,
2024-04-29,515210,钢铁ETF,1.101,1.114,1.084,1.112,57941300.0,63894768.574999996,,,,,
2024-04-30,515210,钢铁ETF,1.109,1.115,1.094,1.094,97045300.0,107040965.90000002,,,,,
2024-05-06,515210,钢铁ETF,1.094,1.117,1.093,1.115,68623900.0,75812253.525,,,,,
2024-05-07,515210,钢铁ETF,1.108,1.113,1.1,1.105,59158800.0,65459212.2,,,,,
2024-05-08,515210,钢铁ETF,1.1,1.101,1.092,1.092,41442500.0,45431340.625,,,,,
2024-05-09,515210,钢铁ETF,1.091,1.109,1.089,1.108,38894900.0,42755218.825,,,,,
2024-05-10,515210,钢铁ETF,1.11,1.114,1.099,1.112,26248000.0,29102470.000000004,,,,,
2024-05-13,515210,钢铁ETF,1.107,1.112,1.092,1.109,65163900.0,72006109.5,,,,,
2024-05-14,515210,钢铁ETF,1.109,1.114,1.1,1.103,47480300.0,52536951.95,,,,,
2024-05-15,515210,钢铁ETF,1.099,1.107,1.094,1.097,26534800.0,29168378.900000002,,,,,
2024-05-16,515210,钢铁ETF,1.095,1.118,1.095,1.106,92790800.0,102394647.8,,,,,
2024-05-17,515210,钢铁ETF,1.106,1.117,1.096,1.117,39859100.0,44203741.9,,,,,
2024-05-20,515210,钢铁ETF,1.118,1.124,1.115,1.124,41066100.0,46004298.525,,,,,
2024-05-21,515210,钢铁ETF,1.124,1.124,1.106,1.109,30107300.0,33592219.975,,,,,
2024-05-22,515210,钢铁ETF,1.107,1.125,1.106,1.115,35241500.0,39232599.875,,,,,
2024-05-23,515210,钢铁ETF,1.11,1.11,1.084,1.087,31436000.0,34508869.0,,,,,
2024-05-24,515210,钢铁ETF,1.083,1.094,1.078,1.08,31199200.0,33812133.00000001,,,,,
2024-05-27,515210,钢铁ETF,1.082,1.091,1.079,1.091,29688400.0,32234180.3,,,,,
2024-05-28,515210,钢铁ETF,1.09,1.098,1.083,1.085,59109700.0,64370463.3,,,,,
2024-05-29,515210,钢铁ETF,1.083,1.095,1.076,1.085,23168900.0,25132464.275000002,,,,,
2024-05-30,515210,钢铁ETF,1.091,1.101,1.083,1.085,29967200.0,32664248.000000004,,,,,
2024-05-31,515210,钢铁ETF,1.081,1.089,1.078,1.081,22919700.0,24804845.325,,,,,
2024-06-03,515210,钢铁ETF,1.08,1.08,1.043,1.052,36890000.0,39241737.5,,,,,
2024-06-04,515210,钢铁ETF,1.051,1.061,1.04,1.058,30494500.0,32095461.25,,,,,
2024-06-05,515210,钢铁ETF,1.058,1.059,1.037,1.04,26590900.0,27880558.65,,,,,
2024-06-06,515210,钢铁ETF,1.04,1.045,1.017,1.021,29396100.0,30300030.074999996,,,,,
2024-06-07,515210,钢铁ETF,1.023,1.039,1.021,1.039,26642500.0,27455096.25,,,,,
2024-06-11,515210,钢铁ETF,1.036,1.036,1.016,1.022,24760100.0,25441002.749999996,,,,,
2024-06-12,515210,钢铁ETF,1.022,1.026,1.015,1.023,21739200.0,22206592.799999997,,,,,
2024-06-13,515210,钢铁ETF,1.021,1.024,1.004,1.011,22754700.0,23096020.500000004,,,,,
2024-06-14,515210,钢铁ETF,1.01,1.033,1.009,1.032,27342500.0,27916692.499999996,,,,,
2024-06-17,515210,钢铁ETF,1.025,1.025,1.004,1.006,26309900.0,26704548.499999996,,,,,
2024-06-18,515210,钢铁ETF,1.005,1.015,1.004,1.011,53905200.0,54376870.5,,,,,
2024-06-19,515210,钢铁ETF,1.011,1.015,1.006,1.01,26440700.0,26718327.349999998,,,,,
2024-06-20,515210,钢铁ETF,1.011,1.015,0.992,0.995,31715800.0,31818876.349999998,,,,,
2024-06-21,515210,钢铁ETF,0.992,1.003,0.989,0.994,27930400.0,27776782.799999997,,,,,
2024-06-24,515210,钢铁ETF,0.99,0.99,0.963,0.969,34329300.0,33574055.4,,,,,
2024-06-25,515210,钢铁ETF,0.965,0.984,0.965,0.975,27063800.0,26312779.549999997,,,,,
2024-06-26,515210,钢铁ETF,0.975,0.993,0.968,0.992,27357100.0,26864672.2,,,,,
2024-06-27,515210,钢铁ETF,0.998,0.999,0.974,0.975,24806400.0,24471513.599999998,,,,,
2024-06-28,515210,钢铁ETF,0.975,0.986,0.969,0.974,28665900.0,27977918.399999995,,,,,
2024-07-01,515210,钢铁ETF,0.977,0.997,0.973,0.994,30514800.0,30064706.7,,,,,
2024-07-02,515210,钢铁ETF,0.991,1.004,0.988,1.0,33828200.0,33684430.15,,,,,
2024-07-03,515210,钢铁ETF,1.003,1.006,0.995,0.997,27916000.0,27922979.000000004,,,,,
2024-07-04,515210,钢铁ETF,0.997,1.003,0.98,0.983,34264500.0,33947553.375,,,,,
2024-07-05,515210,钢铁ETF,0.98,0.995,0.98,0.995,32837000.0,32426537.5,,,,,
2024-07-08,515210,钢铁ETF,0.992,0.993,0.978,0.98,23892700.0,23552229.025,,,,,
2024-07-09,515210,钢铁ETF,0.98,0.991,0.968,0.988,31933800.0,31351008.15,,,,,
2024-07-10,515210,钢铁ETF,0.988,0.989,0.97,0.975,26908000.0,26383293.999999996,,,,,
2024-07-11,515210,钢铁ETF,0.978,0.996,0.978,0.994,27607800.0,27235094.7,,,,,
2024-07-12,515210,钢铁ETF,0.991,0.997,0.983,0.989,28064800.0,27784152.0,,,,,
2024-07-15,515210,钢铁ETF,0.982,0.992,0.982,0.99,29310400.0,28914709.599999998,,,,,
2024-07-16,515210,钢铁ETF,0.988,0.989,0.982,0.987,24353300.0,24024530.45,,,,,
2024-07-17,515210,钢铁ETF,0.987,0.987,0.976,0.978,23668200.0,23242172.4,,,,,
2024-07-18,515210,钢铁ETF,0.975,0.981,0.966,0.98,30042300.0,29306263.650000002,,,,,
2024-07-19,515210,钢铁ETF,0.974,0.978,0.971,0.974,24646600.0,24011950.05,,,,,
2024-07-22,515210,钢铁ETF,0.971,0.974,0.961,0.966,26444600.0,25598372.799999997,,,,,
2024-07-23,515210,钢铁ETF,0.964,0.968,0.946,0.947,25605200.0,24484972.5,,,,,
2024-07-24,515210,钢铁ETF,0.946,0.95,0.938,0.943,24373800.0,23014960.649999995,,,,,
2024-07-25,515210,钢铁ETF,0.94,0.944,0.932,0.938,24923000.0,23390235.5,,,,,
2024-07-26,515210,钢铁ETF,0.937,0.952,0.937,0.947,26941300.0,25412381.224999998,,,,,
2024-07-29,515210,钢铁ETF,0.952,0.956,0.942,0.953,29354800.0,27909076.099999998,,,,,
2024-07-30,515210,钢铁ETF,0.954,0.957,0.947,0.955,23398500.0,22304620.125,,,,,
2024-07-31,515210,钢铁ETF,0.955,0.977,0.954,0.975,34175600.0,32987997.9,,,,,
2024-08-01,515210,钢铁ETF,0.976,0.982,0.967,0.969,33405600.0,32520351.599999998,,,,,
2024-08-02,515210,钢铁ETF,0.969,0.974,0.96,0.962,26563800.0,25667271.75,,,,,
2024-08-05,515210,钢铁ETF,0.955,0.968,0.945,0.946,29752500.0,28369008.749999996,,,,,
2024-08-06,515210,钢铁ETF,0.95,0.959,0.943,0.951,28876600.0,27454427.45,,,,,
2024-08-07,515210,钢铁ETF,0.951,0.951,0.942,0.946,24730600.0,23432243.5,,,,,
2024-08-08,515210,钢铁ETF,0.941,0.952,0.937,0.949,22466200.0,21224942.45,,,,,
2024-08-09,515210,钢铁ETF,0.95,0.955,0.944,0.944,32051400.0,30392740.049999997,,,,,
2024-08-12,515210,钢铁ETF,0.941,0.945,0.934,0.936,23590000.0,22151010.0,,,,,
2024-08-13,515210,钢铁ETF,0.935,0.943,0.933,0.943,42727200.0,40099477.2,,,,,
2024-08-14,515210,钢铁ETF,0.944,0.944,0.924,0.926,26779000.0,25024975.5,,,,,
2024-08-15,515210,钢铁ETF,0.924,0.936,0.92,0.933,30284800.0,28111865.6,,,,,
2024-08-16,515210,钢铁ETF,0.934,0.938,0.922,0.925,25809600.0,23996475.599999998,,,,,
2024-08-19,515210,钢铁ETF,0.925,0.936,0.923,0.926,24733100.0,22939950.25,,,,,
2024-08-20,515210,钢铁ETF,0.927,0.929,0.907,0.912,23894300.0,21952888.125,,,,,
2024-08-21,515210,钢铁ETF,0.912,0.912,0.902,0.907,26326400.0,23910952.8,,,,,
2024-08-22,515210,钢铁ETF,0.91,0.91,0.893,0.896,23636500.0,21326032.125,,,,,
2024-08-23,515210,钢铁ETF,0.894,0.897,0.889,0.895,24805700.0,22170094.375,,,,,
2024-08-26,515210,钢铁ETF,0.895,0.903,0.893,0.901,22735600.0,20416568.799999997,,,,,
2024-08-27,515210,钢铁ETF,0.9,0.9,0.886,0.892,19266800.0,17234152.6,,,,,
2024-08-28,515210,钢铁ETF,0.892,0.897,0.889,0.894,20885700.0,18650930.1,,,,,
2024-08-29,515210,钢铁ETF,0.894,0.898,0.887,0.895,22499700.0,20103481.950000003,,,,,
2024-08-30,515210,钢铁ETF,0.895,0.917,0.89,0.906,35136600.0,31693213.2,,,,,
2024-09-02,515210,钢铁ETF,0.903,0.903,0.888,0.89,21048600.0,18859545.6,,,,,
2024-09-03,515210,钢铁ETF,0.885,0.895,0.885,0.892,20918500.0,18601776.125000004,,,,,
2024-09-04,515210,钢铁ETF,0.888,0.89,0.88,0.884,22171600.0,19632951.8,,,,,
2024-09-05,515210,钢铁ETF,0.884,0.891,0.882,0.889,19061200.0,16897753.8,,,,,
2024-09-06,515210,钢铁ETF,0.889,0.89,0.877,0.879,22199700.0,19618984.875,,,,,
2024-09-09,515210,钢铁ETF,0.877,0.877,0.86,0.864,22342000.0,19426369.0,,,,,
2024-09-10,515210,钢铁ETF,0.863,0.867,0.848,0.861,24076900.0,20700114.775,,,,,
2024-09-11,515210,钢铁ETF,0.854,0.858,0.848,0.853,21654200.0,18476446.15,,,,,
2024-09-12,515210,钢铁ETF,0.853,0.858,0.847,0.853,17769900.0,15153282.225,,,,,
2024-09-13,515210,钢铁ETF,0.853,0.864,0.852,0.853,25328100.0,21668189.549999997,,,,,
2024-09-18,515210,钢铁ETF,0.854,0.854,0.833,0.847,24075800.0,20392202.599999998,,,,,
2024-09-19,515210,钢铁ETF,0.849,0.871,0.845,0.864,31545700.0,27042551.325000003,,,,,
2024-09-20,515210,钢铁ETF,0.864,0.864,0.851,0.858,27506800.0,23635217.9,,,,,
2024-09-23,515210,钢铁ETF,0.858,0.869,0.851,0.866,27277700.0,23486099.7,,,,,
2024-09-24,515210,钢铁ETF,0.869,0.925,0.868,0.925,71521400.0,64136815.45,,,,,
2024-09-25,515210,钢铁ETF,0.948,0.974,0.941,0.942,95190800.0,90550248.5,,,,,
2024-09-26,515210,钢铁ETF,0.94,1.003,0.938,1.002,102724400.0,99719711.3,,,,,
2024-09-27,515210,钢铁ETF,1.019,1.048,0.981,1.048,61038600.0,62503526.4,,,,,
2024-09-30,515210,钢铁ETF,1.115,1.155,1.063,1.14,175317000.0,196048235.25,,,,,
2024-10-08,515210,钢铁ETF,1.266,1.266,1.094,1.193,186562600.0,224761292.35,,,,,
2024-10-09,515210,钢铁ETF,1.119,1.134,1.062,1.062,120935100.0,132333233.175,,,,,
2024-10-10,515210,钢铁ETF,1.061,1.115,1.037,1.082,118132500.0,126844771.875,,,,,
2024-10-11,515210,钢铁ETF,1.066,1.093,1.048,1.059,46082200.0,49146666.3,,,,,
2024-10-14,515210,钢铁ETF,1.07,1.089,1.059,1.089,69157900.0,74465768.82499999,,,,,
2024-10-15,515210,钢铁ETF,1.072,1.089,1.056,1.057,50561300.0,54024749.05,,,,,
2024-10-16,515210,钢铁ETF,1.036,1.083,1.036,1.073,47104400.0,49789350.8,,,,,
2024-10-17,515210,钢铁ETF,1.073,1.086,1.058,1.06,59185400.0,63283988.95,,,,,
2024-10-18,515210,钢铁ETF,1.048,1.1,1.046,1.082,78826700.0,84265742.3,,,,,
2024-10-21,515210,钢铁ETF,1.079,1.085,1.057,1.068,96714800.0,103702444.3,,,,,
2024-10-22,515210,钢铁ETF,1.067,1.073,1.057,1.071,55660700.0,59389966.9,,,,,
2024-10-23,515210,钢铁ETF,1.07,1.085,1.066,1.079,65661800.0,70586435.0,,,,,
2024-10-24,515210,钢铁ETF,1.076,1.076,1.058,1.064,46348500.0,49523372.25,,,,,
2024-10-25,515210,钢铁ETF,1.063,1.084,1.063,1.082,56956300.0,61114109.9,,,,,
2024-10-28,515210,钢铁ETF,1.107,1.154,1.095,1.152,251214300.0,283118516.1,,,,,
2024-10-29,515210,钢铁ETF,1.152,1.154,1.103,1.106,193378700.0,218276207.62499997,,,,,
2024-10-30,515210,钢铁ETF,1.085,1.116,1.084,1.108,105559100.0,115930281.57500002,,,,,
2024-10-31,515210,钢铁ETF,1.098,1.127,1.097,1.124,122671900.0,136349816.85,,,,,
2024-11-01,515210,钢铁ETF,1.123,1.163,1.118,1.152,167474300.0,190753227.7,,,,,
2024-11-04,515210,钢铁ETF,1.149,1.149,1.113,1.133,74986000.0,85184096.00000001,,,,,
2024-11-05,515210,钢铁ETF,1.134,1.178,1.124,1.178,95166300.0,109774327.05,,,,,
2024-11-06,515210,钢铁ETF,1.177,1.192,1.155,1.184,93756200.0,110351047.4,,,,,
2024-11-07,515210,钢铁ETF,1.169,1.219,1.166,1.217,70455800.0,84036155.45000002,,,,,
2024-11-08,515210,钢铁ETF,1.225,1.237,1.198,1.204,100212000.0,121857792.00000001,,,,,
2024-11-11,515210,钢铁ETF,1.204,1.207,1.176,1.196,104334500.0,124757978.37500001,,,,,
2024-11-12,515210,钢铁ETF,1.197,1.203,1.169,1.178,62790200.0,74516269.85,,,,,
2024-11-13,515210,钢铁ETF,1.179,1.193,1.161,1.176,59950500.0,70576726.125,,,,,
2024-11-14,515210,钢铁ETF,1.169,1.178,1.138,1.141,55485600.0,64169096.39999999,,,,,
2024-11-15,515210,钢铁ETF,1.144,1.152,1.121,1.122,63637000.0,72212085.75,,,,,
2024-11-18,515210,钢铁ETF,1.132,1.168,1.132,1.141,74872300.0,85597756.975,,,,,
2024-11-19,515210,钢铁ETF,1.131,1.138,1.103,1.138,89229600.0,100606374.0,,,,,
2024-11-20,515210,钢铁ETF,1.13,1.147,1.125,1.146,43048000.0,48945576.0,,,,,
2024-11-21,515210,钢铁ETF,1.15,1.154,1.14,1.151,40369400.0,46374348.25,,,,,
2024-11-22,515210,钢铁ETF,1.151,1.158,1.109,1.112,49184100.0,55700993.24999999,,,,,
2024-11-25,515210,钢铁ETF,1.111,1.128,1.103,1.119,39477800.0,44027616.449999996,,,,,
2024-11-26,515210,钢铁ETF,1.118,1.123,1.105,1.107,36075900.0,40161495.675,,,,,
2024-11-27,515210,钢铁ETF,1.105,1.12,1.08,1.12,47525700.0,52575305.62500001,,,,,
2024-11-28,515210,钢铁ETF,1.121,1.134,1.113,1.124,44995100.0,50529497.3,,,,,
2024-11-29,515210,钢铁ETF,1.124,1.14,1.116,1.132,39143700.0,44154093.6,,,,,
2024-12-02,515210,钢铁ETF,1.131,1.175,1.13,1.17,60824400.0,70039296.6,,,,,
2024-12-03,515210,钢铁ETF,1.17,1.17,1.153,1.164,50866500.0,59221322.625,,,,,
2024-12-04,515210,钢铁ETF,1.162,1.18,1.156,1.167,33094300.0,38596227.37499999,,,,,
2024-12-05,515210,钢铁ETF,1.169,1.182,1.159,1.18,34197700.0,40096803.25,,,,,
2024-12-06,515210,钢铁ETF,1.18,1.21,1.179,1.207,51281500.0,61230111.0,,,,,
2024-12-09,515210,钢铁ETF,1.206,1.235,1.199,1.209,37909400.0,45955670.15,,,,,
2024-12-10,515210,钢铁ETF,1.28,1.284,1.202,1.206,53623200.0,66653637.599999994,,,,,
2024-12-11,515210,钢铁ETF,1.198,1.238,1.194,1.231,43675600.0,53076772.900000006,,,,,
2024-12-12,515210,钢铁ETF,1.229,1.233,1.209,1.224,33308400.0,40761154.50000001,,,,,
2024-12-13,515210,钢铁ETF,1.22,1.221,1.191,1.192,29440000.0,35504640.0,,,,,
2024-12-16,515210,钢铁ETF,1.185,1.196,1.174,1.18,34885500.0,41295710.62499999,,,,,
2024-12-17,515210,钢铁ETF,1.177,1.182,1.157,1.162,47044500.0,55018542.75,,,,,
2024-12-18,515210,钢铁ETF,1.163,1.191,1.163,1.18,64874800.0,76179233.9,,,,,
2024-12-19,515210,钢铁ETF,1.165,1.174,1.157,1.171,44690200.0,52142290.85,,,,,
2024-12-20,515210,钢铁ETF,1.171,1.172,1.15,1.154,38693700.0,44952405.975,,,,,
2024-12-23,515210,钢铁ETF,1.15,1.155,1.131,1.136,59013700.0,67452659.1,,,,,
2024-12-24,515210,钢铁ETF,1.137,1.153,1.133,1.152,77164900.0,88257354.37499999,,,,,
2024-12-25,515210,钢铁ETF,1.152,1.153,1.13,1.139,27955100.0,31966656.849999998,,,,,
2024-12-26,515210,钢铁ETF,1.139,1.143,1.134,1.143,23110600.0,26340306.349999994,,,,,
2024-12-27,515210,钢铁ETF,1.143,1.156,1.139,1.141,32872300.0,37630565.425,,,,,
2024-12-30,515210,钢铁ETF,1.138,1.141,1.127,1.135,27835600.0,31600364.899999995,,,,,
2024-12-31,515210,钢铁ETF,1.135,1.138,1.11,1.115,40574500.0,45626025.25,,,,,
2025-01-02,515210,钢铁ETF,1.115,1.121,1.084,1.09,48466500.0,53434316.25,,,,,
2025-01-03,515210,钢铁ETF,1.091,1.1,1.068,1.068,63014500.0,68165935.375,,,,,
2025-01-06,515210,钢铁ETF,1.064,1.082,1.06,1.081,36487200.0,39105156.60000001,,,,,
2025-01-07,515210,钢铁ETF,1.085,1.085,1.064,1.082,27593400.0,29773278.599999998,,,,,
2025-01-08,515210,钢铁ETF,1.081,1.081,1.048,1.068,39606100.0,42358723.95,,,,,
2025-01-09,515210,钢铁ETF,1.068,1.07,1.058,1.064,20872300.0,22228999.5,,,,,
2025-01-10,515210,钢铁ETF,1.064,1.068,1.045,1.046,43965400.0,46416471.05000001,,,,,
2025-01-13,515210,钢铁ETF,1.045,1.053,1.031,1.052,39365900.0,41147206.975,,,,,
2025-01-14,515210,钢铁ETF,1.051,1.08,1.051,1.079,43177500.0,45994831.875,,,,,
2025-01-15,515210,钢铁ETF,1.079,1.082,1.069,1.08,42720700.0,46031554.24999999,,,,,
2025-01-16,515210,钢铁ETF,1.085,1.099,1.078,1.091,36689500.0,39927348.37500001,,,,,
2025-01-17,515210,钢铁ETF,1.085,1.087,1.071,1.087,46176100.0,49985628.24999999,,,,,
2025-01-20,515210,钢铁ETF,1.088,1.095,1.08,1.092,35446000.0,38591832.50000001,,,,,
2025-01-21,515210,钢铁ETF,1.092,1.093,1.069,1.073,42434100.0,45903087.675,,,,,
2025-01-22,515210,钢铁ETF,1.075,1.075,1.062,1.074,49309400.0,52835022.10000001,,,,,
2025-01-23,515210,钢铁ETF,1.074,1.091,1.069,1.071,39323300.0,42321701.625,,,,,
2025-01-24,515210,钢铁ETF,1.071,1.1,1.065,1.094,70702300.0,76535239.75,,,,,
2025-01-27,515210,钢铁ETF,1.09,1.113,1.086,1.104,38904500.0,42726867.125,,,,,
2025-02-05,515210,钢铁ETF,1.103,1.108,1.088,1.093,42194100.0,46329121.8,,,,,
2025-02-06,515210,钢铁ETF,1.099,1.11,1.093,1.108,66889800.0,73746004.5,,,,,
2025-02-07,515210,钢铁ETF,1.108,1.143,1.108,1.137,56748300.0,63785089.2,,,,,
2025-02-10,515210,钢铁ETF,1.138,1.156,1.134,1.151,45651000.0,52258982.249999985,,,,,
2025-02-11,515210,钢铁ETF,1.151,1.152,1.136,1.146,41438500.0,47498880.625,,,,,
2025-02-12,515210,钢铁ETF,1.144,1.15,1.137,1.149,30358900.0,34760940.5,,,,,
2025-02-13,515210,钢铁ETF,1.153,1.16,1.147,1.15,37216900.0,42892477.25,,,,,
2025-02-14,515210,钢铁ETF,1.146,1.148,1.131,1.142,22903800.0,26150413.650000002,,,,,
2025-02-17,515210,钢铁ETF,1.151,1.154,1.134,1.149,28721600.0,32943675.199999996,,,,,
2025-02-18,515210,钢铁ETF,1.147,1.148,1.127,1.132,31615100.0,35993791.349999994,,,,,
2025-02-19,515210,钢铁ETF,1.123,1.134,1.123,1.13,20466700.0,23076204.25,,,,,
2025-02-20,515210,钢铁ETF,1.127,1.148,1.127,1.143,32155500.0,36536686.875,,,,,
2025-02-21,515210,钢铁ETF,1.14,1.15,1.135,1.146,30493200.0,34846104.3,,,,,
2025-02-24,515210,钢铁ETF,1.147,1.154,1.136,1.149,71428000.0,81892202.0,,,,,
2025-02-25,515210,钢铁ETF,1.148,1.153,1.128,1.144,27114300.0,30998423.474999998,,,,,
2025-02-26,515210,钢铁ETF,1.144,1.218,1.144,1.217,117256500.0,138450612.375,,,,,
2025-02-27,515210,钢铁ETF,1.21,1.22,1.187,1.215,88866600.0,107350852.8,,,,,
2025-02-28,515210,钢铁ETF,1.206,1.211,1.181,1.184,95067200.0,113652837.6,,,,,
2025-03-03,515210,钢铁ETF,1.182,1.21,1.178,1.193,119865700.0,142730082.275,,,,,
2025-03-04,515210,钢铁ETF,1.19,1.206,1.182,1.198,52606200.0,62811802.8,,,,,
2025-03-05,515210,钢铁ETF,1.195,1.208,1.177,1.204,219126700.0,262075533.20000005,,,,,
2025-03-06,515210,钢铁ETF,1.21,1.21,1.192,1.201,78843500.0,94868441.375,,,,,
2025-03-07,515210,钢铁ETF,1.193,1.226,1.193,1.22,108776600.0,131402132.80000003,,,,,
2025-03-10,515210,钢铁ETF,1.22,1.226,1.196,1.206,72379400.0,87723832.8,,,,,
2025-03-11,515210,钢铁ETF,1.204,1.228,1.196,1.226,71100600.0,86280578.09999998,,,,,
2025-03-12,515210,钢铁ETF,1.233,1.237,1.226,1.227,52698300.0,64858432.725,,,,,
2025-03-13,515210,钢铁ETF,1.221,1.243,1.216,1.242,139291300.0,171397944.65,,,,,
2025-03-14,515210,钢铁ETF,1.242,1.242,1.217,1.236,104222900.0,128637114.32499999,,,,,
2025-03-17,515210,钢铁ETF,1.236,1.243,1.227,1.229,53132100.0,65551728.37500001,,,,,
2025-03-18,515210,钢铁ETF,1.226,1.232,1.219,1.223,68567400.0,83995065.0,,,,,
2025-03-19,515210,钢铁ETF,1.218,1.222,1.213,1.218,56610100.0,68936949.275,,,,,
2025-03-20,515210,钢铁ETF,1.215,1.239,1.215,1.229,69101900.0,84615276.55,,,,,
2025-03-21,515210,钢铁ETF,1.224,1.252,1.224,1.239,75193100.0,92844680.225,,,,,
2025-03-24,515210,钢铁ETF,1.238,1.247,1.223,1.238,179348900.0,221764914.85,,,,,
2025-03-25,515210,钢铁ETF,1.231,1.247,1.228,1.233,60038400.0,74132414.4,,,,,
2025-03-26,515210,钢铁ETF,1.231,1.236,1.222,1.234,70303200.0,86525663.4,,,,,
2025-03-27,515210,钢铁ETF,1.226,1.227,1.211,1.213,65934300.0,80390395.275,,,,,
2025-03-28,515210,钢铁ETF,1.213,1.218,1.196,1.2,72222000.0,87153898.5,,,,,
2025-03-31,515210,钢铁ETF,1.198,1.198,1.171,1.183,81125000.0,96335937.5,,,,,
2025-04-01,515210,钢铁ETF,1.185,1.208,1.185,1.202,71296600.0,85199436.99999999,,,,,
2025-04-02,515210,钢铁ETF,1.196,1.202,1.192,1.194,45485100.0,54400179.6,,,,,
2025-04-03,515210,钢铁ETF,1.187,1.203,1.184,1.2,54758600.0,65354389.1,,,,,
2025-04-07,515210,钢铁ETF,1.134,1.153,1.074,1.074,68685100.0,76154604.62500001,,,,,
2025-04-08,515210,钢铁ETF,1.074,1.101,1.069,1.083,133757400.0,144692067.45,,,,,
2025-04-09,515210,钢铁ETF,1.08,1.1,1.035,1.095,155572200.0,167629045.49999997,,,,,
2025-04-10,515210,钢铁ETF,1.105,1.126,1.102,1.117,59633000.0,66341712.5,,,,,
2025-04-11,515210,钢铁ETF,1.113,1.126,1.108,1.117,61965300.0,69153274.80000001,,,,,
2025-04-14,515210,钢铁ETF,1.118,1.137,1.118,1.133,46248100.0,52098484.650000006,,,,,
2025-04-15,515210,钢铁ETF,1.133,1.134,1.116,1.12,44565500.0,50169611.625,,,,,
2025-04-16,515210,钢铁ETF,1.119,1.119,1.098,1.112,83551400.0,92909156.8,,,,,
2025-04-17,515210,钢铁ETF,1.111,1.125,1.106,1.115,31551700.0,35156481.725,,,,,
2025-04-18,515210,钢铁ETF,1.113,1.122,1.109,1.12,34614500.0,38629782.0,,,,,
2025-04-21,515210,钢铁ETF,1.121,1.136,1.118,1.133,33092800.0,37295585.6,,,,,
2025-04-22,515210,钢铁ETF,1.136,1.136,1.125,1.131,66005600.0,74718339.19999999,,,,,
2025-04-23,515210,钢铁ETF,1.13,1.141,1.13,1.139,36693500.0,41647122.5,,,,,
2025-04-24,515210,钢铁ETF,1.139,1.142,1.128,1.134,59090600.0,67112148.94999999,,,,,
2025-04-25,515210,钢铁ETF,1.136,1.155,1.135,1.147,73929900.0,84520358.175,,,,,
2025-04-28,515210,钢铁ETF,1.147,1.174,1.147,1.158,328772100.0,380224933.65,,,,,
2025-04-29,515210,钢铁ETF,1.156,1.176,1.156,1.158,207441300.0,240943069.95,,,,,
2025-04-30,515210,钢铁ETF,1.159,1.159,1.14,1.142,96096400.0,110510859.99999999,,,,,
2025-05-06,515210,钢铁ETF,1.142,1.169,1.142,1.169,53000500.0,61242077.75,,,,,
2025-05-07,515210,钢铁ETF,1.169,1.181,1.168,1.176,38788000.0,45517718.0,,,,,
2025-05-08,515210,钢铁ETF,1.176,1.18,1.167,1.172,39532400.0,46401154.49999999,,,,,
2025-05-09,515210,钢铁ETF,1.172,1.173,1.16,1.163,32925600.0,38424175.2,,,,,
2025-05-12,515210,钢铁ETF,1.174,1.174,1.158,1.168,67975900.0,79429839.14999999,,,,,
2025-05-13,515210,钢铁ETF,1.169,1.181,1.169,1.173,45836100.0,53765745.300000004,,,,,
2025-05-14,515210,钢铁ETF,1.165,1.181,1.165,1.176,46519200.0,54508872.6,,,,,
2025-05-15,515210,钢铁ETF,1.175,1.179,1.166,1.166,42420400.0,49695498.6,,,,,
2025-05-16,515210,钢铁ETF,1.165,1.169,1.158,1.162,43787800.0,50947105.3,,,,,
2025-05-19,515210,钢铁ETF,1.162,1.174,1.158,1.174,29914500.0,34910221.49999999,,,,,
2025-05-20,515210,钢铁ETF,1.171,1.175,1.165,1.172,24594500.0,28794010.875,,,,,
2025-05-21,515210,钢铁ETF,1.17,1.173,1.166,1.168,27374800.0,32007984.9,,,,,
2025-05-22,515210,钢铁ETF,1.167,1.172,1.157,1.158,96985900.0,112843094.64999999,,,,,
2025-05-23,515210,钢铁ETF,1.155,1.168,1.15,1.152,37429100.0,43277396.875,,,,,
2025-05-26,515210,钢铁ETF,1.151,1.159,1.148,1.153,29630100.0,34156097.775,,,,,
2025-05-27,515210,钢铁ETF,1.151,1.152,1.138,1.143,32718600.0,37495515.599999994,,,,,
2025-05-28,515210,钢铁ETF,1.143,1.146,1.136,1.138,23290100.0,26568181.575,,,,,
2025-05-29,515210,钢铁ETF,1.138,1.146,1.135,1.144,32609700.0,37199515.275,,,,,
2025-05-30,515210,钢铁ETF,1.145,1.145,1.133,1.143,50651600.0,57818801.400000006,,,,,
2025-06-03,515210,钢铁ETF,1.137,1.137,1.122,1.125,169489400.0,191565394.35,,,,,
2025-06-04,515210,钢铁ETF,1.124,1.138,1.124,1.138,42626100.0,48210119.1,,,,,
2025-06-05,515210,钢铁ETF,1.137,1.139,1.131,1.139,76882500.0,87376961.25,,,,,
2025-06-06,515210,钢铁ETF,1.136,1.143,1.135,1.14,38865600.0,44248485.599999994,,,,,
2025-06-09,515210,钢铁ETF,1.138,1.151,1.136,1.147,65379000.0,74728197.0,,,,,
2025-06-10,515210,钢铁ETF,1.145,1.151,1.135,1.142,34404700.0,39333173.275,,,,,
2025-06-11,515210,钢铁ETF,1.142,1.16,1.141,1.155,36582800.0,42051928.6,,,,,
2025-06-12,515210,钢铁ETF,1.155,1.156,1.147,1.152,33788800.0,38941592.0,,,,,
2025-06-13,515210,钢铁ETF,1.154,1.154,1.138,1.142,28541300.0,32736871.099999994,,,,,
2025-06-16,515210,钢铁ETF,1.143,1.147,1.138,1.14,37772300.0,43135966.599999994,,,,,
2025-06-17,515210,钢铁ETF,1.14,1.145,1.139,1.144,30278700.0,34578275.4,,,,,
2025-06-18,515210,钢铁ETF,1.143,1.144,1.13,1.134,34913300.0,39722607.075,,,,,
2025-06-19,515210,钢铁ETF,1.134,1.135,1.116,1.119,32702100.0,36822564.599999994,,,,,
2025-06-20,515210,钢铁ETF,1.118,1.126,1.118,1.122,28083000.0,31481043.0,,,,,
2025-06-23,515210,钢铁ETF,1.119,1.121,1.114,1.119,33605200.0,37579014.9,,,,,
2025-06-24,515210,钢铁ETF,1.117,1.133,1.117,1.133,41575600.0,46772550.0,,,,,
2025-06-25,515210,钢铁ETF,1.134,1.145,1.129,1.143,53696000.0,61092624.0,,,,,
2025-06-26,515210,钢铁ETF,1.14,1.143,1.129,1.132,437598200.0,497111555.20000005,,,,,
2025-06-27,515210,钢铁ETF,1.134,1.147,1.133,1.142,149517000.0,170299863.0,,,,,
2025-06-30,515210,钢铁ETF,1.144,1.15,1.14,1.147,228573500.0,261773800.87499997,,,,,
2025-07-01,515210,钢铁ETF,1.147,1.16,1.142,1.159,136532900.0,157285900.8,,,,,
2025-07-02,515210,钢铁ETF,1.155,1.209,1.155,1.204,128498500.0,151724603.875,,,,,
2025-07-03,515210,钢铁ETF,1.199,1.202,1.181,1.2,108313100.0,129488311.05,,,,,
2025-07-04,515210,钢铁ETF,1.193,1.23,1.193,1.207,183947000.0,221794095.25000003,,,,,
2025-07-07,515210,钢铁ETF,1.202,1.214,1.195,1.21,85547300.0,103105883.32499999,,,,,
2025-07-08,515210,钢铁ETF,1.208,1.234,1.203,1.23,96676600.0,117824606.25,,,,,
2025-07-09,515210,钢铁ETF,1.23,1.247,1.218,1.224,89422100.0,109966827.475,,,,,
2025-07-10,515210,钢铁ETF,1.224,1.247,1.222,1.246,150770600.0,186163998.35,,,,,
2025-07-11,515210,钢铁ETF,1.246,1.278,1.244,1.266,323075900.0,406591020.15,,,,,
2025-07-14,515210,钢铁ETF,1.267,1.284,1.262,1.265,136532000.0,173327373.99999997,,,,,
2025-07-15,515210,钢铁ETF,1.26,1.269,1.242,1.248,147908400.0,185588064.9,,,,,
2025-07-16,515210,钢铁ETF,1.248,1.25,1.224,1.232,111708500.0,138350977.25,,,,,
2025-07-17,515210,钢铁ETF,1.232,1.258,1.227,1.257,98864000.0,122937384.0,,,,,
2025-07-18,515210,钢铁ETF,1.257,1.273,1.256,1.272,72829100.0,92092396.95,,,,,
2025-07-21,515210,钢铁ETF,1.302,1.328,1.29,1.321,240919200.0,315664381.8,,,,,
2025-07-22,515210,钢铁ETF,1.322,1.359,1.311,1.356,493775800.0,660178244.6,,,,,
2025-07-23,515210,钢铁ETF,1.368,1.403,1.347,1.349,442040400.0,604158716.7,,,,,
2025-07-24,515210,钢铁ETF,1.335,1.388,1.326,1.387,184047500.0,250120552.5,,,,,
2025-07-25,515210,钢铁ETF,1.387,1.399,1.36,1.365,203492200.0,280361378.55,,,,,
2025-07-28,515210,钢铁ETF,1.358,1.358,1.327,1.343,291244200.0,392160315.3,,,,,
2025-07-29,515210,钢铁ETF,1.341,1.378,1.337,1.377,195576700.0,265642052.775,,,,,
2025-07-30,515210,钢铁ETF,1.384,1.421,1.38,1.399,327505900.0,457198236.4,,,,,
2025-07-31,515210,钢铁ETF,1.386,1.387,1.335,1.341,344371900.0,469120620.775,,,,,
2025-08-01,515210,钢铁ETF,1.334,1.344,1.324,1.326,161719000.0,215409708.0,,,,,
2025-08-04,515210,钢铁ETF,1.321,1.33,1.31,1.328,148135900.0,195872693.77499998,,,,,
2025-08-05,515210,钢铁ETF,1.329,1.355,1.327,1.35,111523300.0,149469102.82500002,,,,,
2025-08-06,515210,钢铁ETF,1.349,1.355,1.339,1.352,139827400.0,188592205.74999997,,,,,
2025-08-07,515210,钢铁ETF,1.351,1.353,1.32,1.348,176773100.0,237406273.29999998,,,,,
2025-08-08,515210,钢铁ETF,1.343,1.372,1.337,1.364,193361400.0,261811335.59999996,,,,,
2025-08-11,515210,钢铁ETF,1.367,1.375,1.36,1.368,104943300.0,143509962.75000003,,,,,
2025-08-12,515210,钢铁ETF,1.364,1.365,1.353,1.356,110520100.0,150252075.95,,,,,
2025-08-13,515210,钢铁ETF,1.355,1.368,1.354,1.361,77058300.0,104760758.85000001,,,,,
2025-08-14,515210,钢铁ETF,1.361,1.362,1.327,1.329,254652100.0,342443411.47499996,,,,,
2025-08-15,515210,钢铁ETF,1.322,1.34,1.32,1.339,166171300.0,221049371.82500002,,,,,
2025-08-18,515210,钢铁ETF,1.341,1.353,1.335,1.349,182256700.0,245044133.15,,,,,
2025-08-19,515210,钢铁ETF,1.346,1.357,1.339,1.343,106137900.0,142888147.875,,,,,
2025-08-20,515210,钢铁ETF,1.34,1.365,1.335,1.36,163665000.0,220947750.0,,,,,
2025-08-21,515210,钢铁ETF,1.357,1.377,1.357,1.365,134989500.0,184125678.0,,,,,
2025-08-22,515210,钢铁ETF,1.365,1.371,1.35,1.363,119273800.0,162480734.04999998,,,,,
2025-08-25,515210,钢铁ETF,1.364,1.409,1.364,1.408,202744100.0,281054008.625,,,,,
2025-08-26,515210,钢铁ETF,1.402,1.402,1.373,1.391,149778800.0,208492089.60000002,,,,,
2025-08-27,515210,钢铁ETF,1.384,1.389,1.344,1.348,298799800.0,408235226.75000006,,,,,
2025-08-28,515210,钢铁ETF,1.345,1.355,1.315,1.344,371490700.0,497704665.325,,,,,
2025-08-29,515210,钢铁ETF,1.345,1.365,1.344,1.358,176199200.0,238397517.60000002,,,,,
2025-09-01,515210,钢铁ETF,1.366,1.366,1.34,1.357,158071400.0,214542407.65,,,,,
2025-09-02,515210,钢铁ETF,1.353,1.354,1.327,1.34,100536100.0,135070250.35000002,,,,,
2025-09-03,515210,钢铁ETF,1.34,1.345,1.315,1.32,179718600.0,239025738.0,,,,,
2025-09-04,515210,钢铁ETF,1.313,1.32,1.286,1.298,85922400.0,112064290.20000002,,,,,
2025-09-05,515210,钢铁ETF,1.3,1.316,1.289,1.313,164153100.0,214137718.95,,,,,
2025-09-08,515210,钢铁ETF,1.313,1.336,1.308,1.333,118882000.0,157221445.0,,,,,
2025-09-09,515210,钢铁ETF,1.333,1.351,1.325,1.335,123599000.0,165128264.0,,,,,
2025-09-10,515210,钢铁ETF,1.334,1.334,1.313,1.332,64021100.0,85036026.075,,,,,
2025-09-11,515210,钢铁ETF,1.323,1.35,1.32,1.347,132120600.0,176381001.0,,,,,
2025-09-12,515210,钢铁ETF,1.344,1.381,1.338,1.367,207128400.0,281176803.00000006,,,,,
2025-09-15,515210,钢铁ETF,1.366,1.368,1.343,1.359,273397400.0,371547066.6,,,,,
2025-09-16,515210,钢铁ETF,1.361,1.369,1.334,1.359,101608000.0,137755046.0,,,,,
2025-09-17,515210,钢铁ETF,1.355,1.36,1.34,1.36,81028400.0,109692196.5,,,,,
2025-09-18,515210,钢铁ETF,1.358,1.36,1.32,1.335,181949200.0,244403262.9,,,,,
2025-09-19,515210,钢铁ETF,1.327,1.352,1.323,1.328,71329700.0,95046825.25,,,,,
2025-09-22,515210,钢铁ETF,1.327,1.327,1.3,1.325,75918400.0,100193308.39999999,,,,,
2025-09-23,515210,钢铁ETF,1.326,1.326,1.282,1.299,83612000.0,109385399.00000001,,,,,
2025-09-24,515210,钢铁ETF,1.299,1.318,1.287,1.314,67176200.0,87631352.9,,,,,
2025-09-25,515210,钢铁ETF,1.314,1.325,1.311,1.318,48827000.0,64305159.0,,,,,
2025-09-26,515210,钢铁ETF,1.309,1.328,1.308,1.322,102304100.0,134708923.675,,,,,
2025-09-29,515210,钢铁ETF,1.326,1.35,1.301,1.35,84416700.0,112421940.225,,,,,
2025-09-30,515210,钢铁ETF,1.351,1.369,1.347,1.365,74814000.0,101597412.0,,,,,
2025-10-09,515210,钢铁ETF,1.374,1.407,1.374,1.407,161755100.0,224920466.55000004,,,,,
2025-10-10,515210,钢铁ETF,1.405,1.424,1.385,1.416,210164800.0,295806955.99999994,,,,,
2025-10-13,515210,钢铁ETF,1.408,1.446,1.394,1.442,293553300.0,417579569.24999994,,,,,
2025-10-14,515210,钢铁ETF,1.444,1.465,1.417,1.425,163028500.0,234394225.87499997,,,,,
2025-10-15,515210,钢铁ETF,1.424,1.441,1.409,1.428,201643800.0,287443236.9,,,,,
2025-10-16,515210,钢铁ETF,1.416,1.42,1.388,1.392,114330000.0,160519320.0,,,,,
2025-10-17,515210,钢铁ETF,1.389,1.428,1.38,1.386,154418500.0,215529621.37499997,,,,,
2025-10-20,515210,钢铁ETF,1.389,1.394,1.376,1.385,137539500.0,190629747.00000003,,,,,
2025-10-21,515210,钢铁ETF,1.386,1.405,1.374,1.404,99565400.0,138619928.15000004,,,,,
2025-10-22,515210,钢铁ETF,1.399,1.408,1.389,1.4,65423900.0,91528036.1,,,,,
2025-10-23,515210,钢铁ETF,1.392,1.408,1.379,1.407,98876200.0,138080613.3,,,,,
2025-10-24,515210,钢铁ETF,1.409,1.412,1.385,1.391,85770500.0,120014372.12499999,,,,,
2025-10-27,515210,钢铁ETF,1.393,1.434,1.391,1.425,240738600.0,339621979.95,,,,,
2025-10-28,515210,钢铁ETF,1.42,1.423,1.39,1.396,136513700.0,192108904.325,,,,,
2025-10-29,515210,钢铁ETF,1.394,1.407,1.383,1.406,95710500.0,133755423.75,,,,,
2025-10-30,515210,钢铁ETF,1.406,1.433,1.404,1.424,136482900.0,193362148.575,,,,,
2025-10-31,515210,钢铁ETF,1.424,1.433,1.417,1.422,124027000.0,176614448.0,,,,,
2025-11-03,515210,钢铁ETF,1.441,1.451,1.429,1.45,141711100.0,204453689.52500004,,,,,
2025-11-04,515210,钢铁ETF,1.447,1.466,1.431,1.442,138143600.0,199824717.4,,,,,
2025-11-05,515210,钢铁ETF,1.429,1.455,1.421,1.455,125198800.0,180286272.00000003,,,,,
2025-11-06,515210,钢铁ETF,1.451,1.482,1.45,1.479,157441900.0,230731104.45000002,,,,,
2025-11-07,515210,钢铁ETF,1.479,1.49,1.472,1.482,124751400.0,184725635.55,,,,,
2025-11-10,515210,钢铁ETF,1.483,1.489,1.467,1.478,140453000.0,207765100.25,,,,,
2025-11-11,515210,钢铁ETF,1.471,1.485,1.464,1.483,94181900.0,138988938.925,,,,,
2025-11-12,515210,钢铁ETF,1.478,1.49,1.467,1.48,73432100.0,108587717.87500001,,,,,
2025-11-13,515210,钢铁ETF,1.479,1.508,1.474,1.503,106252600.0,158422626.60000002,,,,,
2025-11-14,515210,钢铁ETF,1.495,1.52,1.494,1.503,121149500.0,182087698.5,,,,,
2025-11-17,515210,钢铁ETF,1.503,1.517,1.497,1.511,150191700.0,226338891.89999998,,,,,
2025-11-18,515210,钢铁ETF,1.511,1.511,1.452,1.46,118117200.0,175226866.20000002,,,,,
2025-11-19,515210,钢铁ETF,1.453,1.469,1.434,1.452,299566300.0,434970267.6000001,,,,,
2025-11-20,515210,钢铁ETF,1.452,1.47,1.449,1.457,65242200.0,95057885.39999999,,,,,
2025-11-21,515210,钢铁ETF,1.435,1.435,1.39,1.393,94215200.0,133149631.39999999,,,,,
2025-11-24,515210,钢铁ETF,1.387,1.399,1.378,1.388,129612400.0,179902011.2,,,,,
2025-11-25,515210,钢铁ETF,1.389,1.401,1.386,1.393,116335700.0,161968378.325,,,,,
2025-11-26,515210,钢铁ETF,1.39,1.404,1.385,1.387,91418900.0,127209399.35,,,,,
2025-11-27,515210,钢铁ETF,1.386,1.397,1.381,1.388,87926700.0,122042259.60000001,,,,,
2025-11-28,515210,钢铁ETF,1.388,1.41,1.38,1.41,60043200.0,83880350.4,,,,,
2025-12-01,515210,钢铁ETF,1.408,1.427,1.408,1.422,94832400.0,134306386.49999997,,,,,
2025-12-02,515210,钢铁ETF,1.419,1.42,1.406,1.419,82317300.0,116561296.8,,,,,
2025-12-03,515210,钢铁ETF,1.417,1.428,1.408,1.414,62369200.0,88361564.1,,,,,
2025-12-04,515210,钢铁ETF,1.414,1.418,1.399,1.402,88530300.0,124672794.975,,,,,
2025-12-05,515210,钢铁ETF,1.399,1.421,1.394,1.42,45301800.0,63807585.300000004,,,,,
2025-12-08,515210,钢铁ETF,1.418,1.422,1.4,1.413,48588100.0,68667132.325,,,,,
2025-12-09,515210,钢铁ETF,1.406,1.409,1.375,1.378,141133500.0,196457832.0,,,,,
2025-12-10,515210,钢铁ETF,1.379,1.388,1.368,1.384,72633800.0,100216485.55,,,,,
2025-12-11,515210,钢铁ETF,1.386,1.387,1.361,1.363,54036400.0,74259522.69999999,,,,,
2025-12-12,515210,钢铁ETF,1.363,1.378,1.363,1.374,41946800.0,57446142.599999994,,,,,
2025-12-15,515210,钢铁ETF,1.37,1.403,1.368,1.39,38037500.0,52596353.12500001,,,,,
2025-12-16,515210,钢铁ETF,1.391,1.393,1.363,1.367,50644200.0,69813029.69999999,,,,,
2025-12-17,515210,钢铁ETF,1.367,1.388,1.355,1.383,46216600.0,63466945.95,,,,,
2025-12-18,515210,钢铁ETF,1.38,1.392,1.377,1.384,41272600.0,57090323.949999996,,,,,
2025-12-19,515210,钢铁ETF,1.38,1.413,1.38,1.41,59160600.0,82573407.45,,,,,
2025-12-22,515210,钢铁ETF,1.414,1.434,1.414,1.422,47804100.0,67929626.1,,,,,
2025-12-23,515210,钢铁ETF,1.422,1.426,1.41,1.414,73962900.0,104879392.19999999,,,,,
2025-12-24,515210,钢铁ETF,1.42,1.431,1.41,1.43,36719900.0,52243237.725,,,,,
2025-12-25,515210,钢铁ETF,1.429,1.44,1.415,1.435,56342300.0,80555403.425,,,,,
2025-12-26,515210,钢铁ETF,1.437,1.462,1.437,1.456,96994900.0,140448615.2,,,,,
2025-12-29,515210,钢铁ETF,1.465,1.468,1.45,1.45,346392000.0,505126134.0,,,,,
2025-12-30,515210,钢铁ETF,1.441,1.464,1.439,1.451,55096600.0,79821199.25,,,,,
2025-12-31,515210,钢铁ETF,1.454,1.455,1.439,1.451,72719400.0,105424950.15,,,,,
2026-01-05,515210,钢铁ETF,1.451,1.46,1.44,1.451,73115300.0,106053742.64999999,,,,,
2026-01-06,515210,钢铁ETF,1.453,1.473,1.444,1.472,89039600.0,130042335.8,,,,,
2026-01-07,515210,钢铁ETF,1.472,1.486,1.467,1.48,109149700.0,161132244.62499997,,,,,
2026-01-08,515210,钢铁ETF,1.479,1.491,1.468,1.483,60309100.0,89272545.275,,,,,
2026-01-09,515210,钢铁ETF,1.482,1.502,1.48,1.489,154391300.0,229772852.22499996,,,,,
2026-01-12,515210,钢铁ETF,1.495,1.532,1.494,1.531,287764800.0,435388142.4,,,,,
2026-01-13,515210,钢铁ETF,1.53,1.53,1.495,1.499,155802700.0,235807386.45000002,,,,,
2026-01-14,515210,钢铁ETF,1.498,1.522,1.48,1.493,67304100.0,100838367.825,,,,,
2026-01-15,515210,钢铁ETF,1.493,1.502,1.474,1.48,69255600.0,103000391.1,,,,,
2026-01-16,515210,钢铁ETF,1.487,1.492,1.454,1.46,140432600.0,206892327.95,,,,,
2026-01-19,515210,钢铁ETF,1.457,1.481,1.442,1.48,134705100.0,197342971.5,,,,,
2026-01-20,515210,钢铁ETF,1.479,1.492,1.459,1.491,87423000.0,129407895.74999999,,,,,
2026-01-21,515210,钢铁ETF,1.488,1.521,1.476,1.518,149882300.0,224935861.725,,,,,
2026-01-22,515210,钢铁ETF,1.518,1.55,1.512,1.547,107042000.0,163961583.50000003,,,,,
2026-01-23,515210,钢铁ETF,1.552,1.575,1.531,1.574,138951300.0,216486125.4,,,,,
2026-01-26,515210,钢铁ETF,1.598,1.598,1.559,1.57,144637700.0,228708363.125,,,,,
2026-01-27,515210,钢铁ETF,1.569,1.569,1.532,1.548,126516100.0,196669277.45,,,,,
2026-01-28,515210,钢铁ETF,1.537,1.587,1.53,1.582,105292300.0,164150695.7,,,,,
2026-01-29,515210,钢铁ETF,1.583,1.598,1.568,1.59,152960500.0,242404152.37500003,,,,,
2026-01-30,515210,钢铁ETF,1.57,1.572,1.51,1.548,137099300.0,212503915.0,,,,,
2026-02-02,515210,钢铁ETF,1.53,1.53,1.449,1.452,171202500.0,255134525.625,,,,,
2026-02-03,515210,钢铁ETF,1.467,1.503,1.464,1.502,65676300.0,97463629.2,,,,,
2026-02-04,515210,钢铁ETF,1.5,1.538,1.495,1.537,112696600.0,171017090.5,,,,,
2026-02-05,515210,钢铁ETF,1.536,1.536,1.494,1.505,87083800.0,132171437.44999999,,,,,
2026-02-06,515210,钢铁ETF,1.48,1.518,1.479,1.499,61544500.0,91947483.0,,,,,
2026-02-09,515210,钢铁ETF,1.505,1.528,1.505,1.526,55941000.0,84806555.99999999,,,,,
2026-02-10,515210,钢铁ETF,1.528,1.529,1.506,1.524,40664900.0,61881811.574999996,,,,,
2026-02-11,515210,钢铁ETF,1.52,1.553,1.515,1.551,105213300.0,161476112.17499998,,,,,
2026-02-12,515210,钢铁ETF,1.546,1.561,1.532,1.552,50203100.0,77701848.02499999,,,,,
2026-02-13,515210,钢铁ETF,1.55,1.55,1.508,1.513,275731100.0,421937515.775,,,,,
2026-02-24,515210,钢铁ETF,1.516,1.548,1.516,1.544,86303200.0,132130199.20000002,,,,,
2026-02-25,515210,钢铁ETF,1.546,1.639,1.541,1.61,223995700.0,354809188.8,,,,,
2026-02-26,515210,钢铁ETF,1.611,1.638,1.605,1.634,106115400.0,172119178.79999998,,,,,
2026-02-27,515210,钢铁ETF,1.621,1.693,1.619,1.674,275491600.0,455043250.29999995,,,,,
2026-03-02,515210,钢铁ETF,1.668,1.683,1.637,1.676,279905300.0,466322229.79999995,,,,,
2026-03-03,515210,钢铁ETF,1.666,1.685,1.612,1.621,306184400.0,503979522.4,,,,,
2026-03-04,515210,钢铁ETF,1.591,1.642,1.59,1.606,105859300.0,170142359.925,,,,,
2026-03-05,515210,钢铁ETF,1.622,1.634,1.595,1.608,94386100.0,152409954.97500002,,,,,
2026-03-06,515210,钢铁ETF,1.612,1.623,1.582,1.616,104119100.0,167449542.575,,,,,
2026-03-09,515210,钢铁ETF,1.596,1.611,1.569,1.605,145429500.0,231996409.875,,,,,
2026-03-10,515210,钢铁ETF,1.606,1.619,1.589,1.596,86757300.0,139028573.25,,,,,
2026-03-11,515210,钢铁ETF,1.6,1.6,1.577,1.588,81876900.0,130286617.125,,,,,
2026-03-12,515210,钢铁ETF,1.591,1.609,1.579,1.602,104872500.0,167297855.62499997,,,,,
2026-03-13,515210,钢铁ETF,1.593,1.629,1.587,1.593,158032200.0,252930536.09999996,,,,,
2026-03-16,515210,钢铁ETF,1.581,1.588,1.521,1.542,241632600.0,376463590.8,,,,,
2026-03-17,515210,钢铁ETF,1.54,1.576,1.535,1.537,206296500.0,319140685.50000006,,,,,
2026-03-18,515210,钢铁ETF,1.534,1.542,1.508,1.526,103038100.0,157390697.75,,,,,
2026-03-19,515210,钢铁ETF,1.508,1.52,1.459,1.466,118081500.0,175734792.37499997,,,,,
2026-03-20,515210,钢铁ETF,1.46,1.473,1.434,1.435,101053000.0,146577376.5,,,,,
2026-03-23,515210,钢铁ETF,1.414,1.421,1.364,1.372,134006900.0,186638109.975,,,,,
2026-03-24,515210,钢铁ETF,1.387,1.421,1.374,1.421,96876800.0,135700177.6,,,,,
2026-03-25,515210,钢铁ETF,1.427,1.448,1.424,1.447,216417300.0,310883451.45000005,,,,,
2026-03-26,515210,钢铁ETF,1.438,1.451,1.413,1.418,104165700.0,148956951.00000003,,,,,
2026-03-27,515210,钢铁ETF,1.404,1.446,1.4,1.439,67401600.0,95861925.6,,,,,
2026-03-30,515210,钢铁ETF,1.43,1.453,1.418,1.451,78064700.0,112257038.60000001,,,,,
2026-03-31,515210,钢铁ETF,1.45,1.457,1.424,1.427,56878600.0,81876744.69999999,,,,,
2026-04-01,515210,钢铁ETF,1.438,1.452,1.437,1.444,221026100.0,318885405.775,,,,,
2026-04-02,515210,钢铁ETF,1.435,1.444,1.42,1.431,79716400.0,114193743.00000001,,,,,
2026-04-03,515210,钢铁ETF,1.431,1.433,1.407,1.411,43351700.0,61581089.85,,,,,
2026-04-07,515210,钢铁ETF,1.406,1.417,1.397,1.416,57788000.0,81423292.0,,,,,
2026-04-08,515210,钢铁ETF,1.433,1.464,1.433,1.463,128911600.0,186696224.7,,,,,
2026-04-09,515210,钢铁ETF,1.455,1.467,1.452,1.456,109428800.0,159492476.0,,,,,
2026-04-10,515210,钢铁ETF,1.464,1.473,1.454,1.456,55733900.0,81469028.32499999,,,,,
2026-04-13,515210,钢铁ETF,1.456,1.475,1.45,1.471,50426200.0,73773530.60000001,,,,,
2026-04-14,515210,钢铁ETF,1.475,1.477,1.447,1.464,51041600.0,74814225.2,,,,,
2026-04-15,515210,钢铁ETF,1.465,1.476,1.445,1.45,115875800.0,169062792.20000002,,,,,
2026-04-16,515210,钢铁ETF,1.452,1.484,1.45,1.482,56335800.0,82644618.60000001,,,,,
2026-04-17,515210,钢铁ETF,1.48,1.483,1.469,1.477,25747000.0,38034755.75,,,,,
2026-04-20,515210,钢铁ETF,1.48,1.484,1.469,1.476,41324700.0,61046913.074999996,,,,,
2026-04-21,515210,钢铁ETF,1.479,1.479,1.463,1.471,44196300.0,65101149.900000006,,,,,
2026-04-22,515210,钢铁ETF,1.472,1.48,1.46,1.476,40924900.0,60241452.8,,,,,
2026-04-23,515210,钢铁ETF,1.476,1.476,1.447,1.451,61463300.0,89890076.25000001,,,,,
2026-04-24,515210,钢铁ETF,1.451,1.454,1.435,1.448,48882800.0,70733411.60000001,,,,,
2026-04-27,515210,钢铁ETF,1.444,1.446,1.424,1.431,38838300.0,55781508.37499999,,,,,
2026-04-28,515210,钢铁ETF,1.429,1.433,1.417,1.432,45839900.0,65447917.224999994,,,,,
2026-04-29,515210,钢铁ETF,1.432,1.465,1.422,1.463,78772900.0,113866226.95,,,,,
2026-04-30,515210,钢铁ETF,1.459,1.459,1.432,1.441,74646800.0,108069904.7,,,,,
2026-05-06,515210,钢铁ETF,1.445,1.46,1.439,1.456,75354700.0,109264315.0,,,,,
2026-05-07,515210,钢铁ETF,1.457,1.465,1.444,1.457,105479200.0,153551345.4,,,,,
2026-05-08,515210,钢铁ETF,1.451,1.466,1.441,1.465,51607800.0,75128054.85000001,,,,,
2026-05-11,515210,钢铁ETF,1.466,1.468,1.448,1.46,351386000.0,513199253.00000006,,,,,
2026-05-12,515210,钢铁ETF,1.457,1.465,1.438,1.442,69024400.0,100119892.19999999,,,,,
2026-05-13,515210,钢铁ETF,1.438,1.446,1.433,1.436,43383800.0,62396750.349999994,,,,,
2026-05-14,515210,钢铁ETF,1.436,1.437,1.405,1.406,81695700.0,116089589.7,,,,,
2026-05-15,515210,钢铁ETF,1.405,1.407,1.376,1.379,197187600.0,274435842.3,,,,,
2026-05-18,515210,钢铁ETF,1.371,1.373,1.351,1.359,60356100.0,82295542.35,,,,,
2026-05-19,515210,钢铁ETF,1.36,1.369,1.342,1.357,70595400.0,95797957.80000001,,,,,
2026-05-20,515210,钢铁ETF,1.357,1.357,1.332,1.342,61291300.0,82559381.1,,,,,
2026-05-21,515210,钢铁ETF,1.341,1.354,1.313,1.317,48047600.0,63963367.5,,,,,
2026-05-22,515210,钢铁ETF,1.317,1.322,1.304,1.322,73529500.0,96783204.37500001,,,,,
2026-05-25,515210,钢铁ETF,1.321,1.333,1.307,1.314,71708100.0,94565056.875,,,,,
2026-05-26,515210,钢铁ETF,1.312,1.326,1.298,1.324,53567000.0,70440605.0,,,,,
2026-05-27,515210,钢铁ETF,1.318,1.326,1.28,1.286,87605800.0,114106554.5,,,,,
2026-05-28,515210,钢铁ETF,1.281,1.295,1.276,1.29,94264500.0,121177014.74999999,,,,,
2026-05-29,515210,钢铁ETF,1.29,1.303,1.278,1.283,53692600.0,69182915.1,,,,,
2026-06-01,515210,钢铁ETF,1.281,1.298,1.27,1.292,72230500.0,92834250.125,,,,,
2026-06-02,515210,钢铁ETF,1.29,1.297,1.272,1.278,56377300.0,72402547.525,,,,,
2026-06-03,515210,钢铁ETF,1.277,1.282,1.266,1.272,38478800.0,49031610.9,,,,,
2026-06-04,515210,钢铁ETF,1.267,1.27,1.251,1.262,48159100.0,60800863.75,,,,,
2026-06-05,515210,钢铁ETF,1.26,1.281,1.26,1.264,131621100.0,166665217.87499997,,,,,
2026-06-08,515210,钢铁ETF,1.248,1.259,1.217,1.23,114728000.0,142090628.0,,,,,
2026-06-09,515210,钢铁ETF,1.227,1.24,1.216,1.235,91838400.0,112915312.8,,,,,
2026-06-10,515210,钢铁ETF,1.23,1.234,1.212,1.225,53496000.0,65545974.0,,,,,
2026-06-11,515210,钢铁ETF,1.221,1.229,1.204,1.223,112495300.0,137159894.525,,,,,
2026-06-12,515210,钢铁ETF,1.223,1.267,1.221,1.256,84915200.0,105443449.60000001,,,,,
2026-06-15,515210,钢铁ETF,1.263,1.288,1.251,1.264,86842100.0,109985519.65000002,,,,,
2026-06-16,515210,钢铁ETF,1.26,1.26,1.236,1.243,75844900.0,94787163.77499999,,,,,
2026-06-17,515210,钢铁ETF,1.242,1.248,1.214,1.219,90082900.0,110869529.175,,,,,
2026-06-18,515210,钢铁ETF,1.219,1.236,1.207,1.219,89503300.0,109216401.825,,,,,
2026-06-22,515210,钢铁ETF,1.21,1.233,1.188,1.232,84339600.0,102535868.7,,,,,
2026-06-23,515210,钢铁ETF,1.22,1.233,1.196,1.201,83295000.0,100995187.50000001,,,,,
2026-06-24,515210,钢铁ETF,1.198,1.201,1.176,1.198,73565300.0,87781794.225,,,,,
2026-06-25,515210,钢铁ETF,1.188,1.194,1.166,1.175,43000700.0,50773076.525,,,,,
2026-06-26,515210,钢铁ETF,1.172,1.175,1.138,1.138,104189700.0,120417245.77499998,,,,,
2026-06-29,515210,钢铁ETF,1.137,1.154,1.117,1.148,50175300.0,57149666.7,,,,,
2026-06-30,515210,钢铁ETF,1.149,1.154,1.13,1.145,46049900.0,52704110.54999999,,,,,
2026-07-01,515210,钢铁ETF,1.141,1.18,1.14,1.172,83017600.0,96155135.19999999,,,,,
2026-07-02,515210,钢铁ETF,1.171,1.187,1.168,1.176,89216700.0,104874230.85,,,,,
2026-07-03,515210,钢铁ETF,1.178,1.192,1.173,1.181,54796700.0,64714902.7,,,,,
2026-07-06,515210,钢铁ETF,1.178,1.191,1.167,1.17,71972900.0,84676116.85,,,,,
2026-07-07,515210,钢铁ETF,1.173,1.178,1.148,1.154,49910300.0,58058156.474999994,,,,,
2026-07-08,515210,钢铁ETF,1.152,1.153,1.136,1.138,47311900.0,54160297.525,,,,,
2026-07-09,515210,钢铁ETF,1.134,1.136,1.097,1.113,111884200.0,125310304.00000001,,,,,
2026-07-10,515210,钢铁ETF,1.111,1.14,1.095,1.127,78441600.0,87717319.2,,,,,
2026-07-13,515210,钢铁ETF,1.123,1.124,1.098,1.104,70881500.0,78837948.37500001,,,,,
2026-07-14,515210,钢铁ETF,1.098,1.128,1.098,1.126,64250300.0,71478458.75,,,,,
2026-07-15,515210,钢铁ETF,1.126,1.15,1.119,1.145,56274400.0,63871444.0,,,,,
2026-07-16,515210,钢铁ETF,1.144,1.147,1.124,1.134,83685000.0,95170766.24999999,,,,,
2026-07-17,515210,钢铁ETF,1.132,1.141,1.111,1.117,114372700.0,128697880.67499998,,,,,
2026-07-20,515210,钢铁ETF,1.117,1.132,1.102,1.12,80961200.0,90494381.3,,,,,
2026-07-21,515210,钢铁ETF,1.121,1.128,1.115,1.122,49724100.0,55765578.150000006,,,,,
2026-07-22,515210,钢铁ETF,1.118,1.131,1.114,1.129,70473100.0,79141291.3,,,,,
2026-07-23,515210,钢铁ETF,1.124,1.16,1.122,1.16,140812500.0,160737468.75,,,,,
2026-07-24,515210,钢铁ETF,1.15,1.155,1.126,1.127,104553500.0,119138713.25,,,,,
2026-07-27,515210,钢铁ETF,1.125,1.148,1.124,1.148,69511200.0,78982101.0,,,,,
2026-07-28,515210,钢铁ETF,1.142,1.15,1.135,1.146,62543300.0,71502627.725,,,,,
2026-07-29,515210,钢铁ETF,1.145,1.177,1.142,1.171,100475700.0,116426217.375,,,,,
2026-07-30,515210,钢铁ETF,1.168,1.189,1.164,1.175,116129500.0,136336033.0,,,,,
2026-07-31,515210,钢铁ETF,1.171,1.18,1.168,1.18,81983700.0,96310351.575,,,,,
2026-08-03,515210,钢铁ETF,1.174,1.193,1.172,1.193,93956400.0,111150421.2,,,,,
2026-08-04,515210,钢铁ETF,1.187,1.194,1.172,1.178,98121800.0,116053558.95,,,,,
2026-08-05,515210,钢铁ETF,1.178,1.186,1.172,1.182,82607700.0,97435782.15,,,,,
2026-08-06,515210,钢铁ETF,1.182,1.185,1.161,1.173,67876000.0,79771269.00000001,,,,,
2026-08-07,515210,钢铁ETF,1.172,1.173,1.16,1.166,103749600.0,121153595.4,,,,,
2026-08-10,515210,钢铁ETF,1.168,1.182,1.168,1.182,102017900.0,119871032.49999999,,,,,
2026-08-11,515210,钢铁ETF,1.18,1.18,1.16,1.16,72313200.0,84606444.0,,,,,
