date,symbol,name,open,high,low,close,volume,amount,pct_change,turnover_rate,source_file,amplitude,change
2020-12-18,515790,,1.016,1.042,1.013,1.031,752675700.0,774976318.0,,,sina:515790,,
2020-12-21,515790,,1.062,1.086,1.054,1.083,1192576200.0,1278916070.0,,,sina:515790,,
2020-12-22,515790,,1.083,1.092,1.054,1.056,1274099600.0,1372365682.0,,,sina:515790,,
2020-12-23,515790,,1.072,1.133,1.071,1.119,1524729100.0,1689596904.0,,,sina:515790,,
2020-12-24,515790,,1.125,1.129,1.101,1.112,1272699100.0,1415173801.0,,,sina:515790,,
2020-12-25,515790,,1.109,1.163,1.105,1.157,1296921800.0,1469646707.0,,,sina:515790,,
2020-12-28,515790,,1.167,1.169,1.138,1.16,1662164700.0,1913492116.0,,,sina:515790,,
2020-12-29,515790,,1.151,1.152,1.086,1.09,3099243500.0,3429926857.0,,,sina:515790,,
2020-12-30,515790,,1.099,1.123,1.097,1.113,1356548000.0,1509416314.0,,,sina:515790,,
2020-12-31,515790,,1.124,1.147,1.116,1.136,1150560500.0,1303291543.0,,,sina:515790,,
2021-01-04,515790,,1.141,1.218,1.132,1.199,1581819400.0,1862691504.0,,,sina:515790,,
2021-01-05,515790,,1.19,1.222,1.178,1.199,1383139600.0,1658375757.0,,,sina:515790,,
2021-01-06,515790,,1.198,1.204,1.176,1.197,1178033210.0,1398592105.0,,,sina:515790,,
2021-01-07,515790,,1.209,1.26,1.2,1.242,1518303310.0,1865860054.0,,,sina:515790,,
2021-01-08,515790,,1.25,1.255,1.196,1.219,1790413392.0,2174087229.0,,,sina:515790,,
2021-01-11,515790,,1.211,1.211,1.158,1.172,2113610810.0,2496540520.0,,,sina:515790,,
2021-01-12,515790,,1.166,1.209,1.161,1.207,1557287892.0,1853782011.0,,,sina:515790,,
2021-01-13,515790,,1.203,1.237,1.188,1.2,1297920592.0,1573186918.0,,,sina:515790,,
2021-01-14,515790,,1.187,1.193,1.151,1.171,1301091492.0,1522479092.0,,,sina:515790,,
2021-01-15,515790,,1.164,1.172,1.133,1.167,1283949300.0,1482812653.0,,,sina:515790,,
2021-01-18,515790,,1.155,1.192,1.144,1.187,1031769492.0,1211272947.0,,,sina:515790,,
2021-01-19,515790,,1.192,1.203,1.15,1.155,1061655700.0,1242638647.0,,,sina:515790,,
2021-01-20,515790,,1.16,1.196,1.154,1.191,1261047151.0,1489514987.0,,,sina:515790,,
2021-01-21,515790,,1.21,1.25,1.195,1.239,1775213471.0,2179584909.0,,,sina:515790,,
2021-01-22,515790,,1.245,1.29,1.241,1.287,1296348289.0,1649141391.0,,,sina:515790,,
2021-01-25,515790,,1.287,1.345,1.268,1.285,1246128427.0,1625810954.0,,,sina:515790,,
2021-01-26,515790,,1.276,1.294,1.255,1.27,876041221.0,1114348644.0,,,sina:515790,,
2021-01-27,515790,,1.267,1.323,1.235,1.317,1192947219.0,1522412989.0,,,sina:515790,,
2021-01-28,515790,,1.277,1.299,1.245,1.251,1257974182.0,1598712729.0,,,sina:515790,,
2021-01-29,515790,,1.261,1.272,1.195,1.224,1495606901.0,1835605968.0,,,sina:515790,,
2021-02-01,515790,,1.206,1.217,1.176,1.194,1069678088.0,1276611640.0,,,sina:515790,,
2021-02-02,515790,,1.204,1.227,1.179,1.215,911739995.0,1099842452.0,,,sina:515790,,
2021-02-03,515790,,1.223,1.248,1.204,1.21,894667593.0,1098877573.0,,,sina:515790,,
2021-02-04,515790,,1.197,1.224,1.184,1.205,753538834.0,907556232.0,,,sina:515790,,
2021-02-05,515790,,1.213,1.242,1.2,1.202,880877217.0,1074475801.0,,,sina:515790,,
2021-02-08,515790,,1.197,1.207,1.155,1.203,847273600.0,1000669468.0,,,sina:515790,,
2021-02-09,515790,,1.208,1.249,1.204,1.248,905822921.0,1117592251.0,,,sina:515790,,
2021-02-10,515790,,1.256,1.288,1.239,1.279,837917987.0,1063299336.0,,,sina:515790,,
2021-02-18,515790,,1.292,1.3,1.253,1.266,676970586.0,862937235.0,,,sina:515790,,
2021-02-19,515790,,1.255,1.255,1.21,1.244,846761649.0,1041405288.0,,,sina:515790,,
2021-02-22,515790,,1.237,1.265,1.2,1.203,963441326.0,1186899327.0,,,sina:515790,,
2021-02-23,515790,,1.201,1.212,1.187,1.192,743604672.0,890308438.0,,,sina:515790,,
2021-02-24,515790,,1.191,1.2,1.136,1.156,1260125620.0,1467277797.0,,,sina:515790,,
2021-02-25,515790,,1.168,1.173,1.146,1.15,547275000.0,633352806.0,,,sina:515790,,
2021-02-26,515790,,1.119,1.15,1.106,1.141,749856110.0,846527633.0,,,sina:515790,,
2021-03-01,515790,,1.157,1.182,1.153,1.17,658464454.0,768434499.0,,,sina:515790,,
2021-03-02,515790,,1.183,1.19,1.148,1.159,595159449.0,695362705.0,,,sina:515790,,
2021-03-03,515790,,1.152,1.156,1.131,1.154,534057035.0,611594736.0,,,sina:515790,,
2021-03-04,515790,,1.137,1.138,1.077,1.081,1462927918.0,1608523627.0,,,sina:515790,,
2021-03-05,515790,,1.052,1.098,1.05,1.084,745650502.0,803525756.0,,,sina:515790,,
2021-03-08,515790,,1.089,1.092,1.021,1.023,905304503.0,951791166.0,,,sina:515790,,
2021-03-09,515790,,1.019,1.028,0.976,0.993,986073587.0,990220279.0,,,sina:515790,,
2021-03-10,515790,,1.018,1.021,0.994,0.998,556402319.0,559726801.0,,,sina:515790,,
2021-03-11,515790,,1.0,1.038,0.999,1.036,823999865.0,843812971.0,,,sina:515790,,
2021-03-12,515790,,1.048,1.056,1.027,1.053,659334088.0,689148656.0,,,sina:515790,,
2021-03-15,515790,,1.041,1.041,1.003,1.012,538678415.0,549275273.0,,,sina:515790,,
2021-03-16,515790,,1.009,1.026,1.002,1.018,385697086.0,391885681.0,,,sina:515790,,
2021-03-17,515790,,1.014,1.027,0.999,1.023,379838214.0,385818231.0,,,sina:515790,,
2021-03-18,515790,,1.025,1.044,1.02,1.041,516070523.0,532716344.0,,,sina:515790,,
2021-03-19,515790,,1.021,1.03,1.01,1.015,369639300.0,376691792.0,,,sina:515790,,
2021-03-22,515790,,1.014,1.044,1.014,1.037,378076984.0,391352727.0,,,sina:515790,,
2021-03-23,515790,,1.038,1.041,1.013,1.022,327075714.0,334673762.0,,,sina:515790,,
2021-03-24,515790,,1.017,1.026,0.996,0.999,453207300.0,455414485.0,,,sina:515790,,
2021-03-25,515790,,0.992,1.006,0.981,0.998,433563365.0,430684812.0,,,sina:515790,,
2021-03-26,515790,,1.005,1.039,1.005,1.033,725436480.0,744134679.0,,,sina:515790,,
2021-03-29,515790,,1.032,1.034,1.018,1.026,320901117.0,329265277.0,,,sina:515790,,
2021-03-30,515790,,1.02,1.061,1.017,1.055,720967457.0,754471891.0,,,sina:515790,,
2021-03-31,515790,,1.05,1.058,1.041,1.049,283144300.0,296726654.0,,,sina:515790,,
2021-04-01,515790,,1.055,1.074,1.051,1.059,321340956.0,341025716.0,,,sina:515790,,
2021-04-02,515790,,1.059,1.065,1.044,1.058,283555376.0,298924561.0,,,sina:515790,,
2021-04-06,515790,,1.063,1.092,1.059,1.08,498188098.0,537079250.0,,,sina:515790,,
2021-04-07,515790,,1.078,1.079,1.048,1.06,348151974.0,367916235.0,,,sina:515790,,
2021-04-08,515790,,1.054,1.059,1.044,1.053,181304309.0,191037914.0,,,sina:515790,,
2021-04-09,515790,,1.046,1.051,1.031,1.035,253207000.0,263023941.0,,,sina:515790,,
2021-04-12,515790,,1.032,1.038,1.003,1.006,387941600.0,393837075.0,,,sina:515790,,
2021-04-13,515790,,1.001,1.013,0.998,1.001,364520400.0,365806744.0,,,sina:515790,,
2021-04-14,515790,,1.001,1.017,1.001,1.016,246652000.0,249604941.0,,,sina:515790,,
2021-04-15,515790,,1.011,1.024,1.006,1.021,269314000.0,273654121.0,,,sina:515790,,
2021-04-16,515790,,1.019,1.02,1.001,1.016,325642667.0,328902525.0,,,sina:515790,,
2021-04-19,515790,,1.013,1.051,1.01,1.05,546801350.0,567748599.0,,,sina:515790,,
2021-04-20,515790,,1.045,1.08,1.042,1.062,579067574.0,617992827.0,,,sina:515790,,
2021-04-21,515790,,1.063,1.073,1.052,1.061,285456576.0,303248374.0,,,sina:515790,,
2021-04-22,515790,,1.07,1.075,1.048,1.063,275363348.0,292402444.0,,,sina:515790,,
2021-04-23,515790,,1.061,1.083,1.06,1.073,340140388.0,365836826.0,,,sina:515790,,
2021-04-26,515790,,1.075,1.099,1.066,1.067,428156280.0,465130196.0,,,sina:515790,,
2021-04-27,515790,,1.064,1.077,1.054,1.068,255961876.0,272776095.0,,,sina:515790,,
2021-04-28,515790,,1.067,1.085,1.063,1.084,250811796.0,270337908.0,,,sina:515790,,
2021-04-29,515790,,1.09,1.091,1.071,1.08,184782600.0,199614420.0,,,sina:515790,,
2021-04-30,515790,,1.079,1.113,1.077,1.105,530183819.0,583420431.0,,,sina:515790,,
2021-05-06,515790,,1.097,1.12,1.088,1.102,276989932.0,306038873.0,,,sina:515790,,
2021-05-07,515790,,1.104,1.112,1.07,1.071,269066494.0,292924673.0,,,sina:515790,,
2021-05-10,515790,,1.065,1.09,1.057,1.084,207696000.0,224340656.0,,,sina:515790,,
2021-05-11,515790,,1.069,1.074,1.049,1.072,272200000.0,288949021.0,,,sina:515790,,
2021-05-12,515790,,1.064,1.084,1.064,1.083,183741913.0,197904922.0,,,sina:515790,,
2021-05-13,515790,,1.067,1.074,1.059,1.06,198451500.0,211247592.0,,,sina:515790,,
2021-05-14,515790,,1.063,1.078,1.047,1.074,371112500.0,395895273.0,,,sina:515790,,
2021-05-17,515790,,1.076,1.107,1.074,1.105,465589368.0,510992943.0,,,sina:515790,,
2021-05-18,515790,,1.103,1.109,1.094,1.101,172423662.0,189589751.0,,,sina:515790,,
2021-05-19,515790,,1.101,1.121,1.091,1.118,321734562.0,358008968.0,,,sina:515790,,
2021-05-20,515790,,1.118,1.123,1.1,1.109,216166533.0,239803305.0,,,sina:515790,,
2021-05-21,515790,,1.12,1.136,1.105,1.11,313820636.0,350873097.0,,,sina:515790,,
2021-05-24,515790,,1.109,1.111,1.092,1.11,227918775.0,250870606.0,,,sina:515790,,
2021-05-25,515790,,1.105,1.121,1.095,1.121,363311200.0,403281094.0,,,sina:515790,,
2021-05-26,515790,,1.12,1.123,1.106,1.108,266665176.0,296374145.0,,,sina:515790,,
2021-05-27,515790,,1.107,1.121,1.104,1.116,277987267.0,310394690.0,,,sina:515790,,
2021-05-28,515790,,1.12,1.147,1.116,1.131,548896500.0,622801199.0,,,sina:515790,,
2021-05-31,515790,,1.128,1.175,1.126,1.173,647340840.0,749083302.0,,,sina:515790,,
2021-06-01,515790,,1.17,1.173,1.15,1.169,389931904.0,453514335.0,,,sina:515790,,
2021-06-02,515790,,1.179,1.188,1.148,1.15,332299900.0,386545421.0,,,sina:515790,,
2021-06-03,515790,,1.148,1.15,1.117,1.119,440459543.0,497510620.0,,,sina:515790,,
2021-06-04,515790,,1.11,1.129,1.102,1.116,397790489.0,443832892.0,,,sina:515790,,
2021-06-07,515790,,1.115,1.118,1.101,1.112,387870600.0,430081993.0,,,sina:515790,,
2021-06-08,515790,,1.109,1.126,1.099,1.107,375892911.0,417288282.0,,,sina:515790,,
2021-06-09,515790,,1.107,1.117,1.098,1.114,270100906.0,299349681.0,,,sina:515790,,
2021-06-10,515790,,1.119,1.174,1.116,1.166,1000067854.0,1153147287.0,,,sina:515790,,
2021-06-11,515790,,1.175,1.205,1.17,1.189,927857244.0,1103695034.0,,,sina:515790,,
2021-06-15,515790,,1.193,1.203,1.175,1.179,343991312.0,407392398.0,,,sina:515790,,
2021-06-16,515790,,1.171,1.173,1.128,1.131,541396732.0,618833908.0,,,sina:515790,,
2021-06-17,515790,,1.131,1.156,1.13,1.155,260266200.0,298223193.0,,,sina:515790,,
2021-06-18,515790,,1.157,1.188,1.154,1.181,422786856.0,496266392.0,,,sina:515790,,
2021-06-21,515790,,1.174,1.224,1.171,1.214,582094988.0,703336892.0,,,sina:515790,,
2021-06-22,515790,,1.217,1.225,1.197,1.219,383575374.0,465792541.0,,,sina:515790,,
2021-06-23,515790,,1.222,1.249,1.22,1.235,403334064.0,498900562.0,,,sina:515790,,
2021-06-24,515790,,1.261,1.29,1.239,1.276,607510538.0,770954769.0,,,sina:515790,,
2021-06-25,515790,,1.276,1.304,1.274,1.281,405078232.0,521696196.0,,,sina:515790,,
2021-06-28,515790,,1.289,1.305,1.281,1.299,386699562.0,501122857.0,,,sina:515790,,
2021-06-29,515790,,1.311,1.343,1.311,1.335,567609539.0,755104011.0,,,sina:515790,,
2021-06-30,515790,,1.33,1.356,1.313,1.353,444714559.0,597039452.0,,,sina:515790,,
2021-07-01,515790,,1.358,1.364,1.306,1.308,402200535.0,534210234.0,,,sina:515790,,
2021-07-02,515790,,1.298,1.325,1.29,1.294,396271250.0,517081404.0,,,sina:515790,,
2021-07-05,515790,,1.294,1.323,1.292,1.317,311374085.0,407219557.0,,,sina:515790,,
2021-07-06,515790,,1.317,1.32,1.266,1.289,399529689.0,516158484.0,,,sina:515790,,
2021-07-07,515790,,1.279,1.368,1.268,1.358,559976650.0,744776740.0,,,sina:515790,,
2021-07-08,515790,,1.367,1.394,1.36,1.373,471792059.0,649760384.0,,,sina:515790,,
2021-07-09,515790,,1.36,1.392,1.33,1.383,512199299.0,697550304.0,,,sina:515790,,
2021-07-12,515790,,1.396,1.427,1.375,1.401,494187467.0,693235876.0,,,sina:515790,,
2021-07-13,515790,,1.401,1.439,1.395,1.425,448931450.0,637911479.0,,,sina:515790,,
2021-07-14,515790,,1.415,1.432,1.377,1.385,442316000.0,620160985.0,,,sina:515790,,
2021-07-15,515790,,1.374,1.456,1.374,1.455,623130700.0,887819353.0,,,sina:515790,,
2021-07-16,515790,,1.451,1.479,1.424,1.43,455626609.0,661078202.0,,,sina:515790,,
2021-07-19,515790,,1.421,1.464,1.416,1.422,386511032.0,555509362.0,,,sina:515790,,
2021-07-20,515790,,1.401,1.439,1.398,1.43,256436432.0,364736759.0,,,sina:515790,,
2021-07-21,515790,,1.443,1.511,1.442,1.51,474310500.0,702915703.0,,,sina:515790,,
2021-07-22,515790,,1.515,1.545,1.495,1.542,419299057.0,637398351.0,,,sina:515790,,
2021-07-23,515790,,1.537,1.584,1.527,1.554,456944358.0,709657860.0,,,sina:515790,,
2021-07-26,515790,,1.54,1.57,1.482,1.547,640081460.0,980128688.0,,,sina:515790,,
2021-07-27,515790,,1.539,1.573,1.437,1.439,744914100.0,1127151030.0,,,sina:515790,,
2021-07-28,515790,,1.407,1.464,1.37,1.432,683835772.0,972896863.0,,,sina:515790,,
2021-07-29,515790,,1.474,1.575,1.468,1.571,831932572.0,1264663180.0,,,sina:515790,,
2021-07-30,515790,,1.57,1.66,1.556,1.616,799027396.0,1286392939.0,,,sina:515790,,
2021-08-02,515790,,1.617,1.664,1.581,1.625,697843857.0,1131485757.0,,,sina:515790,,
2021-08-03,515790,,1.622,1.624,1.538,1.555,626965210.0,982690601.0,,,sina:515790,,
2021-08-04,515790,,1.547,1.672,1.54,1.67,604176754.0,985970967.0,,,sina:515790,,
2021-08-05,515790,,1.657,1.692,1.633,1.679,463521809.0,772041827.0,,,sina:515790,,
2021-08-06,515790,,1.684,1.725,1.663,1.699,446581981.0,756885645.0,,,sina:515790,,
2021-08-09,515790,,1.678,1.685,1.618,1.672,527749218.0,872610799.0,,,sina:515790,,
2021-08-10,515790,,1.66,1.725,1.633,1.675,561299054.0,945463413.0,,,sina:515790,,
2021-08-11,515790,,1.655,1.686,1.639,1.671,377349204.0,628051613.0,,,sina:515790,,
2021-08-12,515790,,1.663,1.677,1.635,1.665,336970339.0,557798129.0,,,sina:515790,,
2021-08-13,515790,,1.643,1.686,1.621,1.637,400548566.0,661141882.0,,,sina:515790,,
2021-08-16,515790,,1.62,1.646,1.6,1.612,345074916.0,558155545.0,,,sina:515790,,
2021-08-17,515790,,1.611,1.64,1.578,1.593,353706530.0,570554664.0,,,sina:515790,,
2021-08-18,515790,,1.593,1.61,1.545,1.566,436408802.0,687598314.0,,,sina:515790,,
2021-08-19,515790,,1.556,1.62,1.541,1.598,372849740.0,588468101.0,,,sina:515790,,
2021-08-20,515790,,1.583,1.627,1.573,1.609,364155824.0,583039842.0,,,sina:515790,,
2021-08-23,515790,,1.628,1.67,1.602,1.668,379473546.0,622866531.0,,,sina:515790,,
2021-08-24,515790,,1.674,1.72,1.653,1.686,383725212.0,649624167.0,,,sina:515790,,
2021-08-25,515790,,1.685,1.767,1.677,1.766,485465212.0,836496572.0,,,sina:515790,,
2021-08-26,515790,,1.76,1.798,1.751,1.754,468268147.0,831924666.0,,,sina:515790,,
2021-08-27,515790,,1.741,1.808,1.735,1.794,393910121.0,701888691.0,,,sina:515790,,
2021-08-30,515790,,1.81,1.925,1.799,1.901,552837438.0,1036986315.0,,,sina:515790,,
2021-08-31,515790,,1.895,1.895,1.844,1.872,607601480.0,1133347322.0,,,sina:515790,,
2021-09-01,515790,,1.888,1.898,1.732,1.769,846982665.0,1518245945.0,,,sina:515790,,
2021-09-02,515790,,1.76,1.875,1.76,1.872,535844328.0,984304527.0,,,sina:515790,,
2021-09-03,515790,,1.885,1.912,1.786,1.804,645980094.0,1193138315.0,,,sina:515790,,
2021-09-06,515790,,1.786,1.805,1.7,1.774,661494293.0,1158636464.0,,,sina:515790,,
2021-09-07,515790,,1.771,1.819,1.751,1.819,535208825.0,959660187.0,,,sina:515790,,
2021-09-08,515790,,1.819,1.841,1.741,1.752,664207032.0,1180092415.0,,,sina:515790,,
2021-09-09,515790,,1.748,1.76,1.706,1.749,665095570.0,1147946587.0,,,sina:515790,,
2021-09-10,515790,,1.739,1.787,1.723,1.781,660841967.0,1165316546.0,,,sina:515790,,
2021-09-13,515790,,1.775,1.776,1.707,1.722,672692750.0,1161289362.0,,,sina:515790,,
2021-09-14,515790,,1.702,1.747,1.69,1.723,471923827.0,813509121.0,,,sina:515790,,
2021-09-15,515790,,1.73,1.774,1.719,1.767,555837247.0,976038202.0,,,sina:515790,,
2021-09-16,515790,,1.768,1.771,1.66,1.666,926759971.0,1578610686.0,,,sina:515790,,
2021-09-17,515790,,1.656,1.68,1.597,1.639,711333325.0,1164887060.0,,,sina:515790,,
2021-09-22,515790,,1.616,1.68,1.616,1.67,492809296.0,819611049.0,,,sina:515790,,
2021-09-23,515790,,1.685,1.7,1.667,1.674,470086788.0,791408277.0,,,sina:515790,,
2021-09-24,515790,,1.67,1.739,1.637,1.706,506803995.0,863337982.0,,,sina:515790,,
2021-09-27,515790,,1.718,1.732,1.64,1.689,515458055.0,868764874.0,,,sina:515790,,
2021-09-28,515790,,1.688,1.712,1.661,1.666,358003436.0,602250657.0,,,sina:515790,,
2021-09-29,515790,,1.639,1.695,1.636,1.66,464899010.0,776975865.0,,,sina:515790,,
2021-09-30,515790,,1.659,1.696,1.649,1.693,363198880.0,609588179.0,,,sina:515790,,
2021-10-08,515790,,1.713,1.72,1.632,1.647,461377943.0,763768568.0,,,sina:515790,,
2021-10-11,515790,,1.646,1.659,1.606,1.621,416109260.0,679207959.0,,,sina:515790,,
2021-10-12,515790,,1.618,1.63,1.569,1.597,456892280.0,731152513.0,,,sina:515790,,
2021-10-13,515790,,1.604,1.676,1.596,1.672,683330897.0,1122088222.0,,,sina:515790,,
2021-10-14,515790,,1.661,1.733,1.66,1.703,583330826.0,995069259.0,,,sina:515790,,
2021-10-15,515790,,1.705,1.75,1.688,1.744,462036053.0,797842299.0,,,sina:515790,,
2021-10-18,515790,,1.754,1.781,1.74,1.772,531585927.0,938396932.0,,,sina:515790,,
2021-10-19,515790,,1.775,1.784,1.754,1.772,336855720.0,596395830.0,,,sina:515790,,
2021-10-20,515790,,1.768,1.833,1.76,1.812,405304836.0,734603358.0,,,sina:515790,,
2021-10-21,515790,,1.801,1.802,1.76,1.772,491027987.0,872151088.0,,,sina:515790,,
2021-10-22,515790,,1.768,1.781,1.74,1.749,401631521.0,705757748.0,,,sina:515790,,
2021-10-25,515790,,1.752,1.84,1.752,1.825,573621444.0,1039705091.0,,,sina:515790,,
2021-10-26,515790,,1.835,1.846,1.803,1.809,372320244.0,678269191.0,,,sina:515790,,
2021-10-27,515790,,1.818,1.86,1.812,1.853,516912715.0,953953173.0,,,sina:515790,,
2021-10-28,515790,,1.847,1.863,1.807,1.826,479098746.0,880217816.0,,,sina:515790,,
2021-10-29,515790,,1.808,1.885,1.764,1.881,651841456.0,1191308950.0,,,sina:515790,,
2021-11-01,515790,,1.87,1.904,1.824,1.864,553508055.0,1033285181.0,,,sina:515790,,
2021-11-02,515790,,1.843,1.855,1.8,1.817,683768942.0,1249142724.0,,,sina:515790,,
2021-11-03,515790,,1.803,1.825,1.757,1.784,593965825.0,1060590541.0,,,sina:515790,,
2021-11-04,515790,,1.796,1.839,1.796,1.816,488898500.0,890795057.0,,,sina:515790,,
2021-11-05,515790,,1.803,1.817,1.768,1.776,440971037.0,788989799.0,,,sina:515790,,
2021-11-08,515790,,1.758,1.8,1.754,1.791,327662407.0,583830825.0,,,sina:515790,,
2021-11-09,515790,,1.83,1.848,1.793,1.815,522782810.0,951343786.0,,,sina:515790,,
2021-11-10,515790,,1.797,1.807,1.756,1.789,535748557.0,953170426.0,,,sina:515790,,
2021-11-11,515790,,1.791,1.819,1.779,1.793,412343500.0,741226902.0,,,sina:515790,,
2021-11-12,515790,,1.809,1.835,1.808,1.829,487787558.0,890478076.0,,,sina:515790,,
2021-11-15,515790,,1.828,1.828,1.755,1.765,705494610.0,1252682659.0,,,sina:515790,,
2021-11-16,515790,,1.755,1.771,1.726,1.734,437341585.0,763499622.0,,,sina:515790,,
2021-11-17,515790,,1.74,1.787,1.728,1.778,521010786.0,916610629.0,,,sina:515790,,
2021-11-18,515790,,1.776,1.78,1.749,1.764,277267352.0,488546900.0,,,sina:515790,,
2021-11-19,515790,,1.759,1.804,1.748,1.792,471138917.0,837829201.0,,,sina:515790,,
2021-11-22,515790,,1.797,1.834,1.797,1.83,421455350.0,766303564.0,,,sina:515790,,
2021-11-23,515790,,1.826,1.849,1.812,1.817,340200700.0,622742065.0,,,sina:515790,,
2021-11-24,515790,,1.817,1.817,1.766,1.77,602319711.0,1071873383.0,,,sina:515790,,
2021-11-25,515790,,1.763,1.765,1.74,1.742,489558100.0,855931710.0,,,sina:515790,,
2021-11-26,515790,,1.739,1.761,1.736,1.748,328849700.0,575434040.0,,,sina:515790,,
2021-11-29,515790,,1.726,1.781,1.721,1.769,481495800.0,849663459.0,,,sina:515790,,
2021-11-30,515790,,1.782,1.788,1.756,1.773,375582079.0,664749700.0,,,sina:515790,,
2021-12-01,515790,,1.768,1.782,1.742,1.756,320461523.0,562607697.0,,,sina:515790,,
2021-12-02,515790,,1.742,1.748,1.721,1.73,400529820.0,694009643.0,,,sina:515790,,
2021-12-03,515790,,1.722,1.731,1.7,1.73,469578395.0,805572841.0,,,sina:515790,,
2021-12-06,515790,,1.732,1.756,1.721,1.724,339719305.0,590636040.0,,,sina:515790,,
2021-12-07,515790,,1.73,1.735,1.686,1.722,421163724.0,718988590.0,,,sina:515790,,
2021-12-08,515790,,1.726,1.754,1.713,1.747,489838573.0,851192925.0,,,sina:515790,,
2021-12-09,515790,,1.74,1.751,1.728,1.74,354508925.0,616666017.0,,,sina:515790,,
2021-12-10,515790,,1.73,1.78,1.726,1.771,540349300.0,951937771.0,,,sina:515790,,
2021-12-13,515790,,1.771,1.802,1.762,1.788,474798623.0,847628803.0,,,sina:515790,,
2021-12-14,515790,,1.786,1.794,1.766,1.774,270027000.0,480393832.0,,,sina:515790,,
2021-12-15,515790,,1.771,1.793,1.764,1.778,293116000.0,522362956.0,,,sina:515790,,
2021-12-16,515790,,1.787,1.797,1.776,1.797,295821300.0,529544623.0,,,sina:515790,,
2021-12-17,515790,,1.794,1.794,1.735,1.736,372632837.0,655398981.0,,,sina:515790,,
2021-12-20,515790,,1.716,1.73,1.646,1.654,670528349.0,1121770237.0,,,sina:515790,,
2021-12-21,515790,,1.654,1.666,1.62,1.663,423443017.0,696014615.0,,,sina:515790,,
2021-12-22,515790,,1.665,1.671,1.65,1.657,287080737.0,477018195.0,,,sina:515790,,
2021-12-23,515790,,1.659,1.696,1.647,1.688,328791103.0,552863214.0,,,sina:515790,,
2021-12-24,515790,,1.687,1.695,1.621,1.629,416739587.0,685770537.0,,,sina:515790,,
2021-12-27,515790,,1.615,1.633,1.585,1.609,285651491.0,460231517.0,,,sina:515790,,
2021-12-28,515790,,1.612,1.645,1.598,1.641,302709643.0,489416326.0,,,sina:515790,,
2021-12-29,515790,,1.637,1.665,1.626,1.644,436331142.0,718066625.0,,,sina:515790,,
2021-12-30,515790,,1.647,1.668,1.64,1.648,309453686.0,512031195.0,,,sina:515790,,
2021-12-31,515790,,1.682,1.722,1.682,1.712,657299283.0,1124751772.0,,,sina:515790,,
2022-01-04,515790,,1.72,1.731,1.621,1.629,636530400.0,1047934745.0,,,sina:515790,,
2022-01-05,515790,,1.632,1.634,1.562,1.569,537800772.0,853153785.0,,,sina:515790,,
2022-01-06,515790,,1.552,1.583,1.536,1.572,398667525.0,622510618.0,,,sina:515790,,
2022-01-07,515790,,1.569,1.58,1.526,1.534,479509259.0,740717446.0,,,sina:515790,,
2022-01-10,515790,,1.53,1.532,1.504,1.516,321636606.0,488412431.0,,,sina:515790,,
2022-01-11,515790,,1.514,1.526,1.486,1.491,405260161.0,607783415.0,,,sina:515790,,
2022-01-12,515790,,1.508,1.543,1.501,1.542,501257916.0,763045064.0,,,sina:515790,,
2022-01-13,515790,,1.541,1.546,1.506,1.517,324802791.0,494308755.0,,,sina:515790,,
2022-01-14,515790,,1.501,1.547,1.501,1.531,248881300.0,381057512.0,,,sina:515790,,
2022-01-17,515790,,1.532,1.573,1.531,1.552,349626780.0,544423626.0,,,sina:515790,,
2022-01-18,515790,,1.545,1.564,1.529,1.548,217656380.0,337443391.0,,,sina:515790,,
2022-01-19,515790,,1.54,1.546,1.506,1.518,285002137.0,433371871.0,,,sina:515790,,
2022-01-20,515790,,1.51,1.523,1.495,1.5,240026468.0,361328054.0,,,sina:515790,,
2022-01-21,515790,,1.495,1.523,1.488,1.5,232449574.0,349761277.0,,,sina:515790,,
2022-01-24,515790,,1.492,1.552,1.482,1.546,421229200.0,643201199.0,,,sina:515790,,
2022-01-25,515790,,1.531,1.551,1.502,1.505,347174232.0,530981280.0,,,sina:515790,,
2022-01-26,515790,,1.514,1.539,1.506,1.536,376386432.0,574765597.0,,,sina:515790,,
2022-01-27,515790,,1.528,1.538,1.473,1.477,477452500.0,716234539.0,,,sina:515790,,
2022-01-28,515790,,1.492,1.498,1.425,1.455,515459763.0,751506920.0,,,sina:515790,,
2022-02-07,515790,,1.479,1.503,1.475,1.48,254581461.0,378737925.0,,,sina:515790,,
2022-02-08,515790,,1.48,1.48,1.4,1.432,431011600.0,615657128.0,,,sina:515790,,
2022-02-09,515790,,1.428,1.438,1.403,1.435,279064211.0,396459378.0,,,sina:515790,,
2022-02-10,515790,,1.439,1.442,1.382,1.395,426235289.0,598185943.0,,,sina:515790,,
2022-02-11,515790,,1.381,1.393,1.349,1.351,435720119.0,597346603.0,,,sina:515790,,
2022-02-14,515790,,1.338,1.366,1.33,1.35,304870180.0,411145212.0,,,sina:515790,,
2022-02-15,515790,,1.352,1.399,1.345,1.397,436941639.0,602390118.0,,,sina:515790,,
2022-02-16,515790,,1.408,1.414,1.39,1.396,238123157.0,333682564.0,,,sina:515790,,
2022-02-17,515790,,1.396,1.447,1.389,1.431,404438998.0,577290308.0,,,sina:515790,,
2022-02-18,515790,,1.42,1.436,1.413,1.426,310055600.0,441225827.0,,,sina:515790,,
2022-02-21,515790,,1.422,1.433,1.406,1.428,196090894.0,278192511.0,,,sina:515790,,
2022-02-22,515790,,1.42,1.464,1.409,1.448,444048145.0,638919380.0,,,sina:515790,,
2022-02-23,515790,,1.452,1.504,1.452,1.502,408306300.0,607402144.0,,,sina:515790,,
2022-02-24,515790,,1.49,1.55,1.48,1.512,741769082.0,1123450991.0,,,sina:515790,,
2022-02-25,515790,,1.541,1.557,1.515,1.531,504207835.0,775065763.0,,,sina:515790,,
2022-02-28,515790,,1.535,1.576,1.527,1.574,446428489.0,692787127.0,,,sina:515790,,
2022-03-01,515790,,1.607,1.628,1.571,1.582,464933087.0,741800986.0,,,sina:515790,,
2022-03-02,515790,,1.577,1.6,1.544,1.591,470172899.0,738524285.0,,,sina:515790,,
2022-03-03,515790,,1.599,1.61,1.557,1.562,354219728.0,557528982.0,,,sina:515790,,
2022-03-04,515790,,1.537,1.579,1.537,1.549,368902421.0,574312880.0,,,sina:515790,,
2022-03-07,515790,,1.534,1.554,1.512,1.52,421727184.0,644054147.0,,,sina:515790,,
2022-03-08,515790,,1.52,1.561,1.505,1.513,494237899.0,758556413.0,,,sina:515790,,
2022-03-09,515790,,1.54,1.551,1.444,1.524,683167349.0,1030389009.0,,,sina:515790,,
2022-03-10,515790,,1.574,1.599,1.557,1.577,748880057.0,1178206190.0,,,sina:515790,,
2022-03-11,515790,,1.54,1.566,1.512,1.557,645928602.0,996290458.0,,,sina:515790,,
2022-03-14,515790,,1.538,1.561,1.511,1.512,383775265.0,588874372.0,,,sina:515790,,
2022-03-15,515790,,1.489,1.537,1.467,1.471,627618235.0,937676156.0,,,sina:515790,,
2022-03-16,515790,,1.501,1.537,1.432,1.535,906032458.0,1354206037.0,,,sina:515790,,
2022-03-17,515790,,1.548,1.555,1.515,1.523,769364502.0,1180661344.0,,,sina:515790,,
2022-03-18,515790,,1.506,1.514,1.49,1.509,431304900.0,648276089.0,,,sina:515790,,
2022-03-21,515790,,1.504,1.538,1.501,1.52,467281378.0,710848426.0,,,sina:515790,,
2022-03-22,515790,,1.514,1.522,1.474,1.485,498120301.0,743385208.0,,,sina:515790,,
2022-03-23,515790,,1.5,1.519,1.483,1.496,385679399.0,579220564.0,,,sina:515790,,
2022-03-24,515790,,1.48,1.484,1.448,1.468,388893793.0,568813470.0,,,sina:515790,,
2022-03-25,515790,,1.467,1.473,1.415,1.416,536876980.0,772014796.0,,,sina:515790,,
2022-03-28,515790,,1.402,1.432,1.401,1.419,422569924.0,598373334.0,,,sina:515790,,
2022-03-29,515790,,1.429,1.44,1.398,1.413,467299607.0,663481045.0,,,sina:515790,,
2022-03-30,515790,,1.421,1.452,1.408,1.451,526498168.0,755583389.0,,,sina:515790,,
2022-03-31,515790,,1.44,1.442,1.4,1.403,528843027.0,746349197.0,,,sina:515790,,
2022-04-01,515790,,1.388,1.424,1.381,1.403,586784462.0,824415876.0,,,sina:515790,,
2022-04-06,515790,,1.388,1.388,1.344,1.356,591350397.0,802761026.0,,,sina:515790,,
2022-04-07,515790,,1.339,1.358,1.33,1.333,413112532.0,554052380.0,,,sina:515790,,
2022-04-08,515790,,1.335,1.35,1.311,1.326,391571400.0,520510943.0,,,sina:515790,,
2022-04-11,515790,,1.314,1.317,1.259,1.26,638980900.0,814431958.0,,,sina:515790,,
2022-04-12,515790,,1.266,1.28,1.242,1.277,426588726.0,539252927.0,,,sina:515790,,
2022-04-13,515790,,1.268,1.283,1.253,1.257,357774950.0,453846840.0,,,sina:515790,,
2022-04-14,515790,,1.265,1.272,1.232,1.249,462616200.0,577642053.0,,,sina:515790,,
2022-04-15,515790,,1.232,1.245,1.213,1.237,485056172.0,595719620.0,,,sina:515790,,
2022-04-18,515790,,1.221,1.288,1.217,1.286,550127251.0,694434521.0,,,sina:515790,,
2022-04-19,515790,,1.286,1.316,1.283,1.292,435607972.0,565511190.0,,,sina:515790,,
2022-04-20,515790,,1.255,1.271,1.233,1.235,574295220.0,718410259.0,,,sina:515790,,
2022-04-21,515790,,1.221,1.238,1.166,1.172,570881651.0,683277719.0,,,sina:515790,,
2022-04-22,515790,,1.16,1.172,1.148,1.156,672164704.0,778783820.0,,,sina:515790,,
2022-04-25,515790,,1.125,1.137,1.072,1.079,506652627.0,562118067.0,,,sina:515790,,
2022-04-26,515790,,1.079,1.097,1.052,1.056,407406819.0,438150884.0,,,sina:515790,,
2022-04-27,515790,,1.045,1.151,1.04,1.149,842901177.0,932648034.0,,,sina:515790,,
2022-04-28,515790,,1.133,1.181,1.123,1.158,749745423.0,869156950.0,,,sina:515790,,
2022-04-29,515790,,1.161,1.21,1.153,1.199,711777443.0,842758268.0,,,sina:515790,,
2022-05-05,515790,,1.198,1.234,1.198,1.21,481122500.0,585258474.0,,,sina:515790,,
2022-05-06,515790,,1.178,1.211,1.178,1.189,494098900.0,589294209.0,,,sina:515790,,
2022-05-09,515790,,1.186,1.224,1.177,1.212,266144150.0,321642408.0,,,sina:515790,,
2022-05-10,515790,,1.183,1.265,1.181,1.243,486673354.0,603124600.0,,,sina:515790,,
2022-05-11,515790,,1.246,1.313,1.246,1.281,546776285.0,703241039.0,,,sina:515790,,
2022-05-12,515790,,1.271,1.28,1.259,1.271,354882795.0,450271809.0,,,sina:515790,,
2022-05-13,515790,,1.279,1.288,1.265,1.275,429447500.0,547218845.0,,,sina:515790,,
2022-05-16,515790,,1.281,1.305,1.255,1.258,404450789.0,513917920.0,,,sina:515790,,
2022-05-17,515790,,1.257,1.309,1.257,1.306,573953840.0,739035014.0,,,sina:515790,,
2022-05-18,515790,,1.307,1.335,1.296,1.323,568743102.0,749469044.0,,,sina:515790,,
2022-05-19,515790,,1.305,1.408,1.303,1.398,922378471.0,1259872468.0,,,sina:515790,,
2022-05-20,515790,,1.405,1.412,1.383,1.411,514520740.0,720177566.0,,,sina:515790,,
2022-05-23,515790,,1.407,1.411,1.378,1.407,461474507.0,642873467.0,,,sina:515790,,
2022-05-24,515790,,1.407,1.418,1.356,1.358,762175814.0,1055169001.0,,,sina:515790,,
2022-05-25,515790,,1.36,1.378,1.346,1.377,562218391.0,766299799.0,,,sina:515790,,
2022-05-26,515790,,1.375,1.393,1.35,1.372,411592595.0,565168868.0,,,sina:515790,,
2022-05-27,515790,,1.379,1.394,1.35,1.363,369674774.0,507204364.0,,,sina:515790,,
2022-05-30,515790,,1.368,1.371,1.344,1.37,351526436.0,477894600.0,,,sina:515790,,
2022-05-31,515790,,1.391,1.415,1.366,1.411,660388619.0,920546650.0,,,sina:515790,,
2022-06-01,515790,,1.402,1.411,1.389,1.399,442178601.0,617953305.0,,,sina:515790,,
2022-06-02,515790,,1.395,1.438,1.388,1.434,504636915.0,717056571.0,,,sina:515790,,
2022-06-06,515790,,1.435,1.523,1.433,1.503,837720892.0,1248633958.0,,,sina:515790,,
2022-06-07,515790,,1.528,1.55,1.499,1.508,718360664.0,1093305345.0,,,sina:515790,,
2022-06-08,515790,,1.5,1.519,1.47,1.504,791974024.0,1184665437.0,,,sina:515790,,
2022-06-09,515790,,1.496,1.526,1.479,1.495,900830492.0,1351120237.0,,,sina:515790,,
2022-06-10,515790,,1.48,1.541,1.47,1.534,820734015.0,1243048803.0,,,sina:515790,,
2022-06-13,515790,,1.522,1.561,1.522,1.548,707814916.0,1090748265.0,,,sina:515790,,
2022-06-14,515790,,1.527,1.527,1.461,1.518,929839082.0,1392356540.0,,,sina:515790,,
2022-06-15,515790,,1.516,1.54,1.482,1.493,819442882.0,1234220881.0,,,sina:515790,,
2022-06-16,515790,,1.495,1.553,1.495,1.537,648523108.0,994230075.0,,,sina:515790,,
2022-06-17,515790,,1.527,1.579,1.524,1.572,556386212.0,869825846.0,,,sina:515790,,
2022-06-20,515790,,1.592,1.616,1.564,1.589,625247610.0,995246735.0,,,sina:515790,,
2022-06-21,515790,,1.59,1.609,1.549,1.569,556964664.0,876037918.0,,,sina:515790,,
2022-06-22,515790,,1.568,1.629,1.561,1.592,644942641.0,1031594657.0,,,sina:515790,,
2022-06-23,515790,,1.6,1.622,1.567,1.619,541865018.0,866322276.0,,,sina:515790,,
2022-06-24,515790,,1.629,1.67,1.626,1.669,534754803.0,886199431.0,,,sina:515790,,
2022-06-27,515790,,1.688,1.691,1.652,1.667,623740891.0,1041666928.0,,,sina:515790,,
2022-06-28,515790,光伏ETF,1.668,1.714,1.645,1.71,552107100.0,929886383.1750001,,,,,
2022-06-29,515790,光伏ETF,1.7,1.71,1.621,1.639,620563300.0,1034789302.75,,,,,
2022-06-30,515790,光伏ETF,1.628,1.706,1.628,1.692,807872600.0,1343896070.1,,,,,
2022-07-01,515790,光伏ETF,1.695,1.714,1.66,1.669,485973600.0,818622529.1999999,,,,,
2022-07-04,515790,光伏ETF,1.65,1.706,1.634,1.704,698549600.0,1169022755.6000001,,,,,
2022-07-05,515790,光伏ETF,1.705,1.729,1.69,1.724,544314200.0,931865910.4000001,,,,,
2022-07-06,515790,光伏ETF,1.714,1.735,1.692,1.711,438190500.0,750620326.5,,,,,
2022-07-07,515790,光伏ETF,1.709,1.774,1.686,1.77,682856600.0,1184585486.85,,,,,
2022-07-08,515790,光伏ETF,1.786,1.792,1.715,1.72,598781600.0,1049813840.1999999,,,,,
2022-07-11,515790,光伏ETF,1.703,1.718,1.658,1.684,638490200.0,1079527305.65,,,,,
2022-07-12,515790,光伏ETF,1.685,1.724,1.666,1.674,479963000.0,809817571.7500001,,,,,
2022-07-13,515790,光伏ETF,1.67,1.722,1.647,1.707,698110500.0,1177363358.25,,,,,
2022-07-14,515790,光伏ETF,1.7,1.788,1.696,1.769,605042200.0,1051714604.1499999,,,,,
2022-07-15,515790,光伏ETF,1.75,1.788,1.745,1.754,448924300.0,789770074.775,,,,,
2022-07-18,515790,光伏ETF,1.759,1.771,1.71,1.757,419901000.0,734511824.25,,,,,
2022-07-19,515790,光伏ETF,1.749,1.752,1.708,1.712,353349100.0,611382280.275,,,,,
2022-07-20,515790,光伏ETF,1.716,1.736,1.705,1.726,304646600.0,524220636.95,,,,,
2022-07-21,515790,光伏ETF,1.725,1.742,1.703,1.704,300881700.0,517065201.45000005,,,,,
2022-07-22,515790,光伏ETF,1.707,1.753,1.703,1.726,410038800.0,706189323.3000001,,,,,
2022-07-25,515790,光伏ETF,1.721,1.725,1.666,1.67,432893600.0,733971098.8,,,,,
2022-07-26,515790,光伏ETF,1.663,1.721,1.661,1.704,382161000.0,644801147.25,,,,,
2022-07-27,515790,光伏ETF,1.704,1.762,1.698,1.759,548752300.0,949753043.225,,,,,
2022-07-28,515790,光伏ETF,1.776,1.794,1.745,1.758,432881000.0,765441828.25,,,,,
2022-07-29,515790,光伏ETF,1.758,1.794,1.75,1.756,384954300.0,679251862.35,,,,,
2022-08-01,515790,光伏ETF,1.74,1.772,1.713,1.771,339427700.0,593659047.3000001,,,,,
2022-08-02,515790,光伏ETF,1.74,1.762,1.712,1.733,554023800.0,962200834.6499999,,,,,
2022-08-03,515790,光伏ETF,1.74,1.764,1.662,1.675,584137300.0,999020817.325,,,,,
2022-08-04,515790,光伏ETF,1.677,1.693,1.641,1.676,477325200.0,797968403.0999999,,,,,
2022-08-05,515790,光伏ETF,1.675,1.688,1.645,1.677,412054600.0,688646250.25,,,,,
2022-08-08,515790,光伏ETF,1.67,1.693,1.634,1.692,430565200.0,720012655.7,,,,,
2022-08-09,515790,光伏ETF,1.691,1.77,1.682,1.749,630042000.0,1085562366.0000002,,,,,
2022-08-10,515790,光伏ETF,1.735,1.771,1.727,1.755,406975800.0,710986722.6,,,,,
2022-08-11,515790,光伏ETF,1.763,1.77,1.722,1.758,393613000.0,690101992.25,,,,,
2022-08-12,515790,光伏ETF,1.752,1.762,1.723,1.724,286337200.0,498298312.29999995,,,,,
2022-08-15,515790,光伏ETF,1.72,1.803,1.717,1.796,546291800.0,960927276.1999999,,,,,
2022-08-16,515790,光伏ETF,1.799,1.847,1.791,1.825,507194400.0,920811433.2,,,,,
2022-08-17,515790,光伏ETF,1.821,1.868,1.82,1.827,431327100.0,791053901.4,,,,,
2022-08-18,515790,光伏ETF,1.821,1.876,1.821,1.869,447162100.0,825796608.175,,,,,
2022-08-19,515790,光伏ETF,1.867,1.873,1.797,1.821,624374900.0,1148537628.55,,,,,
2022-08-22,515790,光伏ETF,1.8,1.819,1.776,1.811,386724300.0,696683826.4499999,,,,,
2022-08-23,515790,光伏ETF,1.799,1.859,1.799,1.838,444917500.0,811418290.625,,,,,
2022-08-24,515790,光伏ETF,1.838,1.838,1.773,1.775,523244900.0,944980289.4,,,,,
2022-08-25,515790,光伏ETF,1.783,1.791,1.715,1.739,462164600.0,812023202.2,,,,,
2022-08-26,515790,光伏ETF,1.745,1.764,1.706,1.717,342459300.0,593481966.9,,,,,
2022-08-29,515790,光伏ETF,1.678,1.748,1.673,1.745,355652100.0,608520743.1,,,,,
2022-08-30,515790,光伏ETF,1.748,1.755,1.711,1.716,347905900.0,602746971.75,,,,,
2022-08-31,515790,光伏ETF,1.704,1.719,1.604,1.608,634374300.0,1052268370.1250001,,,,,
2022-09-01,515790,光伏ETF,1.605,1.626,1.593,1.609,418860000.0,673631595.0,,,,,
2022-09-02,515790,光伏ETF,1.602,1.619,1.56,1.587,450309900.0,716893360.8000001,,,,,
2022-09-05,515790,光伏ETF,1.581,1.629,1.579,1.612,424923800.0,679984310.9499999,,,,,
2022-09-06,515790,光伏ETF,1.619,1.693,1.593,1.69,643273000.0,1060596358.7500001,,,,,
2022-09-07,515790,光伏ETF,1.671,1.739,1.67,1.708,448961900.0,761888344.3000001,,,,,
2022-09-08,515790,光伏ETF,1.708,1.732,1.698,1.704,264207300.0,451926586.65000004,,,,,
2022-09-09,515790,光伏ETF,1.705,1.706,1.657,1.679,346644100.0,584701935.675,,,,,
2022-09-13,515790,光伏ETF,1.683,1.688,1.642,1.668,268852600.0,449051055.1499999,,,,,
2022-09-14,515790,光伏ETF,1.642,1.673,1.627,1.642,312325400.0,514087608.4,,,,,
2022-09-15,515790,光伏ETF,1.645,1.65,1.513,1.532,961512100.0,1523996678.5,,,,,
2022-09-16,515790,光伏ETF,1.518,1.557,1.511,1.512,511235700.0,779378824.65,,,,,
2022-09-19,515790,光伏ETF,1.506,1.533,1.487,1.499,371159600.0,559059147.5,,,,,
2022-09-20,515790,光伏ETF,1.514,1.574,1.514,1.546,545555200.0,838518342.4000001,,,,,
2022-09-21,515790,光伏ETF,1.537,1.557,1.516,1.523,368113700.0,564410330.525,,,,,
2022-09-22,515790,光伏ETF,1.512,1.558,1.492,1.536,378739900.0,577388977.55,,,,,
2022-09-23,515790,光伏ETF,1.532,1.56,1.504,1.521,475806900.0,727627701.8249999,,,,,
2022-09-26,515790,光伏ETF,1.51,1.572,1.502,1.544,446332300.0,683781083.6,,,,,
2022-09-27,515790,光伏ETF,1.545,1.565,1.526,1.553,366218900.0,566632193.025,,,,,
2022-09-28,515790,光伏ETF,1.553,1.567,1.491,1.493,455941800.0,695767186.8000001,,,,,
2022-09-29,515790,光伏ETF,1.512,1.533,1.48,1.52,411511000.0,621895998.75,,,,,
2022-09-30,515790,光伏ETF,1.515,1.525,1.471,1.479,472340300.0,707329599.25,,,,,
2022-10-10,515790,光伏ETF,1.473,1.499,1.435,1.446,332697600.0,486819763.2,,,,,
2022-10-11,515790,光伏ETF,1.448,1.478,1.448,1.461,328394500.0,479045476.87499994,,,,,
2022-10-12,515790,光伏ETF,1.461,1.523,1.419,1.52,627532300.0,929218453.225,,,,,
2022-10-13,515790,光伏ETF,1.508,1.551,1.504,1.514,512524900.0,778653454.325,,,,,
2022-10-14,515790,光伏ETF,1.537,1.608,1.509,1.582,818152600.0,1275499903.4,,,,,
2022-10-17,515790,光伏ETF,1.56,1.57,1.525,1.561,597124600.0,927931628.3999999,,,,,
2022-10-18,515790,光伏ETF,1.57,1.591,1.551,1.567,402459700.0,631761114.075,,,,,
2022-10-19,515790,光伏ETF,1.559,1.583,1.541,1.545,358983300.0,558936998.1,,,,,
2022-10-20,515790,光伏ETF,1.53,1.53,1.482,1.505,506820500.0,766185890.8750001,,,,,
2022-10-21,515790,光伏ETF,1.503,1.525,1.494,1.512,350466300.0,528678413.5499999,,,,,
2022-10-24,515790,光伏ETF,1.512,1.519,1.465,1.482,436771300.0,652754707.85,,,,,
2022-10-25,515790,光伏ETF,1.479,1.541,1.463,1.522,493991200.0,741604289.0,,,,,
2022-10-26,515790,光伏ETF,1.52,1.563,1.51,1.559,484885000.0,745753129.9999999,,,,,
2022-10-27,515790,光伏ETF,1.586,1.62,1.546,1.548,508252800.0,800498160.0000001,,,,,
2022-10-28,515790,光伏ETF,1.53,1.556,1.494,1.499,422645200.0,642315042.6999999,,,,,
2022-10-31,515790,光伏ETF,1.488,1.513,1.467,1.479,462165200.0,687124111.1000001,,,,,
2022-11-01,515790,光伏ETF,1.479,1.545,1.479,1.542,525683500.0,794439189.375,,,,,
2022-11-02,515790,光伏ETF,1.533,1.569,1.521,1.56,471197500.0,728353535.625,,,,,
2022-11-03,515790,光伏ETF,1.544,1.6,1.544,1.573,401006300.0,627675111.075,,,,,
2022-11-04,515790,光伏ETF,1.575,1.647,1.574,1.645,659757700.0,1062374836.425,,,,,
2022-11-07,515790,光伏ETF,1.639,1.654,1.616,1.63,374802600.0,612708550.35,,,,,
2022-11-08,515790,光伏ETF,1.632,1.632,1.587,1.607,360887300.0,582652545.8499999,,,,,
2022-11-09,515790,光伏ETF,1.601,1.604,1.571,1.575,407921800.0,647677837.95,,,,,
2022-11-10,515790,光伏ETF,1.562,1.569,1.528,1.537,464505400.0,719518864.6,,,,,
2022-11-11,515790,光伏ETF,1.582,1.592,1.534,1.544,593214100.0,927193638.3,,,,,
2022-11-14,515790,光伏ETF,1.532,1.545,1.484,1.496,734866400.0,1112771446.2,,,,,
2022-11-15,515790,光伏ETF,1.494,1.529,1.491,1.528,591440500.0,893370875.25,,,,,
2022-11-16,515790,光伏ETF,1.529,1.53,1.496,1.499,518244700.0,784363353.45,,,,,
2022-11-17,515790,光伏ETF,1.489,1.495,1.46,1.477,775969200.0,1148628408.3,,,,,
2022-11-18,515790,光伏ETF,1.477,1.507,1.329,1.483,532114500.0,771033910.4999999,,,,,
2022-11-21,515790,光伏ETF,1.475,1.497,1.468,1.489,382153300.0,566446728.9250001,,,,,
2022-11-22,515790,光伏ETF,1.482,1.485,1.443,1.452,436831600.0,640176709.8,,,,,
2022-11-23,515790,光伏ETF,1.449,1.507,1.439,1.5,597700200.0,880860669.7499999,,,,,
2022-11-24,515790,光伏ETF,1.499,1.513,1.489,1.493,364898200.0,546799952.6999999,,,,,
2022-11-25,515790,光伏ETF,1.481,1.482,1.451,1.454,371176000.0,544515192.0,,,,,
2022-11-28,515790,光伏ETF,1.426,1.449,1.42,1.443,304420900.0,436691781.04999995,,,,,
2022-11-29,515790,光伏ETF,1.444,1.459,1.433,1.445,363545500.0,525414133.87500006,,,,,
2022-11-30,515790,光伏ETF,1.445,1.464,1.437,1.447,344975100.0,499610188.575,,,,,
2022-12-01,515790,光伏ETF,1.467,1.479,1.452,1.467,551306100.0,808352569.125,,,,,
2022-12-02,515790,光伏ETF,1.461,1.501,1.457,1.482,489240600.0,721752195.15,,,,,
2022-12-05,515790,光伏ETF,1.472,1.474,1.43,1.441,679626200.0,988346401.35,,,,,
2022-12-06,515790,光伏ETF,1.437,1.445,1.412,1.429,481430700.0,688806974.025,,,,,
2022-12-07,515790,光伏ETF,1.42,1.448,1.418,1.43,446678900.0,638304148.1,,,,,
2022-12-08,515790,光伏ETF,1.427,1.464,1.421,1.439,474767500.0,682596973.125,,,,,
2022-12-09,515790,光伏ETF,1.437,1.44,1.42,1.429,409537600.0,586253074.4,,,,,
2022-12-12,515790,光伏ETF,1.422,1.425,1.402,1.409,352624300.0,498787072.35,,,,,
2022-12-13,515790,光伏ETF,1.408,1.412,1.37,1.373,535053100.0,744125098.8249999,,,,,
2022-12-14,515790,光伏ETF,1.373,1.381,1.352,1.363,325906300.0,445595388.675,,,,,
2022-12-15,515790,光伏ETF,1.36,1.381,1.354,1.381,402601400.0,551161316.6,,,,,
2022-12-16,515790,光伏ETF,1.374,1.374,1.342,1.348,352824400.0,479664771.8000001,,,,,
2022-12-19,515790,光伏ETF,1.346,1.366,1.335,1.337,306631600.0,412726133.59999996,,,,,
2022-12-20,515790,光伏ETF,1.337,1.349,1.326,1.342,337391500.0,451598522.75000006,,,,,
2022-12-21,515790,光伏ETF,1.343,1.345,1.303,1.308,332559200.0,440557800.1999999,,,,,
2022-12-22,515790,光伏ETF,1.314,1.316,1.267,1.272,478877800.0,618829837.0500001,,,,,
2022-12-23,515790,光伏ETF,1.263,1.274,1.24,1.252,427190100.0,537084753.225,,,,,
2022-12-26,515790,光伏ETF,1.252,1.33,1.248,1.329,702625400.0,906211109.65,,,,,
2022-12-27,515790,光伏ETF,1.328,1.368,1.325,1.362,697920200.0,939226109.1500002,,,,,
2022-12-28,515790,光伏ETF,1.349,1.382,1.345,1.37,467636100.0,636686550.15,,,,,
2022-12-29,515790,光伏ETF,1.362,1.384,1.361,1.361,322756700.0,441208408.8999999,,,,,
2022-12-30,515790,光伏ETF,1.368,1.386,1.361,1.374,420229500.0,576659931.375,,,,,
2023-01-03,515790,光伏ETF,1.375,1.4,1.35,1.395,500703000.0,690970140.0,,,,,
2023-01-04,515790,光伏ETF,1.393,1.394,1.35,1.364,432386500.0,594639534.1249999,,,,,
2023-01-05,515790,光伏ETF,1.36,1.395,1.359,1.385,475696300.0,653963488.4250001,,,,,
2023-01-06,515790,光伏ETF,1.393,1.478,1.393,1.455,1109462300.0,1586253723.425,,,,,
2023-01-09,515790,光伏ETF,1.463,1.484,1.444,1.46,530099500.0,775403043.625,,,,,
2023-01-10,515790,光伏ETF,1.468,1.485,1.458,1.466,368683300.0,541687938.5250001,,,,,
2023-01-11,515790,光伏ETF,1.46,1.471,1.444,1.446,352083700.0,512369804.42499995,,,,,
2023-01-12,515790,光伏ETF,1.447,1.467,1.446,1.449,305705900.0,443961393.2749999,,,,,
2023-01-13,515790,光伏ETF,1.456,1.46,1.43,1.447,304384300.0,440824562.47499996,,,,,
2023-01-16,515790,光伏ETF,1.447,1.482,1.434,1.462,540622200.0,787281078.75,,,,,
2023-01-17,515790,光伏ETF,1.463,1.478,1.457,1.469,385771100.0,565829760.925,,,,,
2023-01-18,515790,光伏ETF,1.477,1.482,1.461,1.471,413888700.0,609554582.9250001,,,,,
2023-01-19,515790,光伏ETF,1.465,1.469,1.452,1.463,279791700.0,409125413.325,,,,,
2023-01-20,515790,光伏ETF,1.471,1.499,1.467,1.498,482357300.0,715697643.8750001,,,,,
2023-01-30,515790,光伏ETF,1.52,1.528,1.501,1.504,480428500.0,727008427.6249999,,,,,
2023-01-31,515790,光伏ETF,1.503,1.528,1.496,1.521,462490500.0,699285636.0,,,,,
2023-02-01,515790,光伏ETF,1.527,1.527,1.485,1.514,620166500.0,938466956.125,,,,,
2023-02-02,515790,光伏ETF,1.513,1.515,1.492,1.5,363118700.0,546493643.5,,,,,
2023-02-03,515790,光伏ETF,1.491,1.494,1.453,1.47,454156200.0,670788707.4000001,,,,,
2023-02-06,515790,光伏ETF,1.458,1.472,1.45,1.463,329346900.0,481093484.1750001,,,,,
2023-02-07,515790,光伏ETF,1.464,1.475,1.449,1.46,299627600.0,438055551.2,,,,,
2023-02-08,515790,光伏ETF,1.459,1.472,1.453,1.453,269717800.0,393585699.65000004,,,,,
2023-02-09,515790,光伏ETF,1.45,1.482,1.442,1.478,397081900.0,580930819.7,,,,,
2023-02-10,515790,光伏ETF,1.47,1.473,1.445,1.451,315186700.0,460093785.32500005,,,,,
2023-02-13,515790,光伏ETF,1.448,1.465,1.444,1.455,255161200.0,370749223.6,,,,,
2023-02-14,515790,光伏ETF,1.456,1.462,1.442,1.453,282997100.0,411265535.575,,,,,
2023-02-15,515790,光伏ETF,1.453,1.47,1.441,1.444,287431400.0,417350392.8,,,,,
2023-02-16,515790,光伏ETF,1.442,1.456,1.407,1.417,457921600.0,655056848.8,,,,,
2023-02-17,515790,光伏ETF,1.414,1.423,1.386,1.388,479621900.0,672789620.225,,,,,
2023-02-20,515790,光伏ETF,1.386,1.42,1.378,1.418,420693200.0,589180826.6,,,,,
2023-02-21,515790,光伏ETF,1.417,1.449,1.41,1.438,404917700.0,578424934.45,,,,,
2023-02-22,515790,光伏ETF,1.426,1.449,1.422,1.425,256299800.0,366636863.9,,,,,
2023-02-23,515790,光伏ETF,1.426,1.466,1.426,1.461,579137400.0,836708758.65,,,,,
2023-02-24,515790,光伏ETF,1.464,1.464,1.432,1.436,318919000.0,462113630.99999994,,,,,
2023-02-27,515790,光伏ETF,1.428,1.468,1.42,1.442,346969200.0,499462163.4,,,,,
2023-02-28,515790,光伏ETF,1.439,1.447,1.423,1.444,293224200.0,421729705.65000004,,,,,
2023-03-01,515790,光伏ETF,1.44,1.444,1.419,1.427,513081400.0,734989105.5,,,,,
2023-03-02,515790,光伏ETF,1.429,1.433,1.395,1.398,420001400.0,593776979.2499999,,,,,
2023-03-03,515790,光伏ETF,1.398,1.413,1.395,1.398,309607800.0,433760527.79999995,,,,,
2023-03-06,515790,光伏ETF,1.399,1.453,1.389,1.447,766970300.0,1090631766.6000001,,,,,
2023-03-07,515790,光伏ETF,1.44,1.452,1.431,1.433,433514200.0,623826933.8000001,,,,,
2023-03-08,515790,光伏ETF,1.427,1.453,1.41,1.416,466193700.0,665025313.0500001,,,,,
2023-03-09,515790,光伏ETF,1.42,1.426,1.405,1.407,253606900.0,358726960.05,,,,,
2023-03-10,515790,光伏ETF,1.4,1.409,1.381,1.393,390154300.0,544557864.225,,,,,
2023-03-13,515790,光伏ETF,1.392,1.411,1.383,1.392,292865900.0,408401497.55,,,,,
2023-03-14,515790,光伏ETF,1.39,1.393,1.336,1.365,543854400.0,745624382.4,,,,,
2023-03-15,515790,光伏ETF,1.368,1.395,1.362,1.367,287084500.0,394167018.50000006,,,,,
2023-03-16,515790,光伏ETF,1.356,1.357,1.299,1.303,574694500.0,763625316.8749999,,,,,
2023-03-17,515790,光伏ETF,1.31,1.318,1.288,1.296,374866600.0,488451179.79999995,,,,,
2023-03-20,515790,光伏ETF,1.29,1.324,1.271,1.308,511743900.0,664371518.175,,,,,
2023-03-21,515790,光伏ETF,1.305,1.316,1.292,1.315,440612700.0,575880798.9,,,,,
2023-03-22,515790,光伏ETF,1.325,1.335,1.306,1.311,426350600.0,562463029.0500001,,,,,
2023-03-23,515790,光伏ETF,1.304,1.315,1.3,1.306,382525100.0,499673411.87500006,,,,,
2023-03-24,515790,光伏ETF,1.305,1.326,1.288,1.314,514428900.0,673001608.425,,,,,
2023-03-27,515790,光伏ETF,1.311,1.342,1.303,1.336,745001700.0,985637249.1,,,,,
2023-03-28,515790,光伏ETF,1.334,1.339,1.317,1.318,365159300.0,484566391.09999996,,,,,
2023-03-29,515790,光伏ETF,1.328,1.337,1.31,1.32,487121200.0,644826688.5,,,,,
2023-03-30,515790,光伏ETF,1.32,1.342,1.308,1.341,753751000.0,1000792890.25,,,,,
2023-03-31,515790,光伏ETF,1.346,1.36,1.335,1.341,601968700.0,809948885.8500001,,,,,
2023-04-03,515790,光伏ETF,1.341,1.365,1.332,1.355,544631500.0,734299419.875,,,,,
2023-04-04,515790,光伏ETF,1.355,1.355,1.307,1.321,1139890600.0,1521184005.7000003,,,,,
2023-04-06,515790,光伏ETF,1.316,1.335,1.311,1.33,491137200.0,649774515.6,,,,,
2023-04-07,515790,光伏ETF,1.326,1.341,1.322,1.327,476917500.0,633823357.5,,,,,
2023-04-10,515790,光伏ETF,1.333,1.347,1.323,1.346,736236400.0,984532125.9000001,,,,,
2023-04-11,515790,光伏ETF,1.344,1.35,1.332,1.341,503589200.0,675690809.1,,,,,
2023-04-12,515790,光伏ETF,1.342,1.343,1.311,1.316,634647200.0,842811481.6,,,,,
2023-04-13,515790,光伏ETF,1.322,1.328,1.305,1.306,618149800.0,813021524.45,,,,,
2023-04-14,515790,光伏ETF,1.306,1.32,1.296,1.315,486253700.0,636627656.725,,,,,
2023-04-17,515790,光伏ETF,1.312,1.334,1.31,1.323,455505300.0,601153119.675,,,,,
2023-04-18,515790,光伏ETF,1.325,1.345,1.319,1.339,650873500.0,866963501.9999999,,,,,
2023-04-19,515790,光伏ETF,1.335,1.335,1.314,1.314,585933500.0,776068920.75,,,,,
2023-04-20,515790,光伏ETF,1.315,1.315,1.285,1.288,670348400.0,871955681.3,,,,,
2023-04-21,515790,光伏ETF,1.292,1.309,1.275,1.279,543834000.0,700866067.4999999,,,,,
2023-04-24,515790,光伏ETF,1.282,1.282,1.237,1.245,671702200.0,847352325.3000001,,,,,
2023-04-25,515790,光伏ETF,1.249,1.266,1.208,1.215,814995700.0,1006112191.6500001,,,,,
2023-04-26,515790,光伏ETF,1.21,1.31,1.206,1.296,1148450700.0,1441879853.8500001,,,,,
2023-04-27,515790,光伏ETF,1.299,1.302,1.267,1.281,749556700.0,964866862.075,,,,,
2023-04-28,515790,光伏ETF,1.285,1.29,1.261,1.271,598362300.0,763959066.525,,,,,
2023-05-04,515790,光伏ETF,1.257,1.292,1.251,1.267,536498900.0,679609981.575,,,,,
2023-05-05,515790,光伏ETF,1.259,1.259,1.222,1.239,656442200.0,817106428.45,,,,,
2023-05-08,515790,光伏ETF,1.239,1.257,1.228,1.244,443669800.0,551037891.6,,,,,
2023-05-09,515790,光伏ETF,1.243,1.243,1.222,1.223,477190900.0,588257081.9750001,,,,,
2023-05-10,515790,光伏ETF,1.221,1.246,1.207,1.235,573019400.0,703238058.6500001,,,,,
2023-05-11,515790,光伏ETF,1.23,1.254,1.223,1.235,444785700.0,549532732.35,,,,,
2023-05-12,515790,光伏ETF,1.23,1.236,1.206,1.207,480688800.0,586320163.8,,,,,
2023-05-15,515790,光伏ETF,1.205,1.253,1.205,1.249,721711000.0,886261108.0,,,,,
2023-05-16,515790,光伏ETF,1.249,1.274,1.244,1.254,579825800.0,727826335.4499999,,,,,
2023-05-17,515790,光伏ETF,1.264,1.27,1.244,1.258,434399500.0,546908970.5,,,,,
2023-05-18,515790,光伏ETF,1.258,1.26,1.228,1.236,582520000.0,725528659.9999999,,,,,
2023-05-19,515790,光伏ETF,1.23,1.238,1.223,1.234,391044800.0,481473910.0,,,,,
2023-05-22,515790,光伏ETF,1.233,1.247,1.228,1.241,491491900.0,608098353.275,,,,,
2023-05-23,515790,光伏ETF,1.242,1.262,1.234,1.238,512227200.0,637210636.8,,,,,
2023-05-24,515790,光伏ETF,1.232,1.279,1.229,1.262,811876900.0,1015252063.4499999,,,,,
2023-05-25,515790,光伏ETF,1.261,1.3,1.255,1.286,1107236200.0,1412279773.1,,,,,
2023-05-26,515790,光伏ETF,1.281,1.281,1.24,1.253,697176700.0,881057054.625,,,,,
2023-05-29,515790,光伏ETF,1.243,1.248,1.206,1.21,795882000.0,976348243.5,,,,,
2023-05-30,515790,光伏ETF,1.203,1.218,1.182,1.197,635261700.0,762314040.0000001,,,,,
2023-05-31,515790,光伏ETF,1.191,1.196,1.176,1.179,465323000.0,551640416.5,,,,,
2023-06-01,515790,光伏ETF,1.181,1.192,1.165,1.167,585370700.0,688542285.875,,,,,
2023-06-02,515790,光伏ETF,1.168,1.186,1.166,1.179,573142600.0,673299269.35,,,,,
2023-06-05,515790,光伏ETF,1.176,1.178,1.151,1.154,504515100.0,587633962.725,,,,,
2023-06-06,515790,光伏ETF,1.153,1.154,1.13,1.143,615127600.0,704321102.0,,,,,
2023-06-07,515790,光伏ETF,1.141,1.145,1.121,1.127,570070300.0,646174685.05,,,,,
2023-06-08,515790,光伏ETF,1.125,1.147,1.125,1.129,629490300.0,712268274.4499999,,,,,
2023-06-09,515790,光伏ETF,1.127,1.145,1.117,1.143,533088400.0,603989157.2,,,,,
2023-06-12,515790,光伏ETF,1.136,1.16,1.127,1.151,594762900.0,680111376.15,,,,,
2023-06-13,515790,光伏ETF,1.146,1.159,1.141,1.15,416704900.0,478793930.1,,,,,
2023-06-14,515790,光伏ETF,1.151,1.154,1.135,1.135,540278500.0,617943534.375,,,,,
2023-06-15,515790,光伏ETF,1.136,1.2,1.13,1.198,1090959400.0,1272058660.3999999,,,,,
2023-06-16,515790,光伏ETF,1.201,1.222,1.195,1.22,1003508400.0,1213743409.8,,,,,
2023-06-19,515790,光伏ETF,1.219,1.221,1.201,1.214,513326700.0,623050282.125,,,,,
2023-06-20,515790,光伏ETF,1.211,1.227,1.204,1.218,687755300.0,835622689.5,,,,,
2023-06-21,515790,光伏ETF,1.211,1.232,1.198,1.199,540289000.0,653749690.0,,,,,
2023-06-26,515790,光伏ETF,1.185,1.233,1.182,1.216,680665700.0,819521502.8,,,,,
2023-06-27,515790,光伏ETF,1.212,1.245,1.208,1.221,646830000.0,790102845.0,,,,,
2023-06-28,515790,光伏ETF,1.22,1.238,1.214,1.235,543295600.0,666487877.3,,,,,
2023-06-29,515790,光伏ETF,1.23,1.257,1.229,1.231,578941800.0,716006271.15,,,,,
2023-06-30,515790,光伏ETF,1.226,1.253,1.218,1.243,538157400.0,664624389.0,,,,,
2023-07-03,515790,光伏ETF,1.247,1.267,1.244,1.248,555705100.0,695464932.65,,,,,
2023-07-04,515790,光伏ETF,1.243,1.253,1.227,1.231,530575600.0,657117880.6,,,,,
2023-07-05,515790,光伏ETF,1.23,1.235,1.211,1.213,485095900.0,592908463.775,,,,,
2023-07-06,515790,光伏ETF,1.213,1.22,1.205,1.213,389984400.0,472953581.1,,,,,
2023-07-07,515790,光伏ETF,1.206,1.209,1.188,1.19,465218000.0,557447468.5,,,,,
2023-07-10,515790,光伏ETF,1.193,1.238,1.188,1.225,756600400.0,916243084.4000001,,,,,
2023-07-11,515790,光伏ETF,1.228,1.23,1.207,1.218,484659400.0,591647962.55,,,,,
2023-07-12,515790,光伏ETF,1.215,1.243,1.199,1.228,647221300.0,790419012.625,,,,,
2023-07-13,515790,光伏ETF,1.236,1.253,1.23,1.236,578921000.0,717138388.75,,,,,
2023-07-14,515790,光伏ETF,1.236,1.236,1.213,1.217,448342300.0,549443488.65,,,,,
2023-07-17,515790,光伏ETF,1.213,1.218,1.202,1.209,314472800.0,380669324.40000004,,,,,
2023-07-18,515790,光伏ETF,1.213,1.213,1.192,1.199,374414600.0,450888782.05,,,,,
2023-07-19,515790,光伏ETF,1.197,1.198,1.175,1.182,546796800.0,649594598.4,,,,,
2023-07-20,515790,光伏ETF,1.184,1.192,1.173,1.174,366750300.0,433040416.72499996,,,,,
2023-07-21,515790,光伏ETF,1.172,1.174,1.158,1.163,387545100.0,452168245.42499995,,,,,
2023-07-24,515790,光伏ETF,1.156,1.166,1.146,1.151,402756300.0,465082837.42499995,,,,,
2023-07-25,515790,光伏ETF,1.163,1.175,1.16,1.169,507933600.0,592631527.8,,,,,
2023-07-26,515790,光伏ETF,1.169,1.184,1.164,1.172,452314700.0,530225907.075,,,,,
2023-07-27,515790,光伏ETF,1.174,1.178,1.153,1.159,486191200.0,566898939.1999999,,,,,
2023-07-28,515790,光伏ETF,1.152,1.171,1.148,1.169,740972300.0,859527868.0,,,,,
2023-07-31,515790,光伏ETF,1.175,1.19,1.171,1.178,560428100.0,660464515.8499999,,,,,
2023-08-01,515790,光伏ETF,1.175,1.177,1.153,1.161,497943900.0,580851559.35,,,,,
2023-08-02,515790,光伏ETF,1.159,1.164,1.152,1.153,316576600.0,366279126.2,,,,,
2023-08-03,515790,光伏ETF,1.156,1.182,1.155,1.174,595079400.0,694308889.9499999,,,,,
2023-08-04,515790,光伏ETF,1.175,1.185,1.169,1.181,524746900.0,617889474.75,,,,,
2023-08-07,515790,光伏ETF,1.18,1.18,1.166,1.171,320949500.0,376874950.37499994,,,,,
2023-08-08,515790,光伏ETF,1.18,1.182,1.158,1.16,364052400.0,425941308.0,,,,,
2023-08-09,515790,光伏ETF,1.157,1.162,1.152,1.155,326519200.0,377619454.8,,,,,
2023-08-10,515790,光伏ETF,1.155,1.174,1.155,1.169,414707600.0,482408615.6999999,,,,,
2023-08-11,515790,光伏ETF,1.168,1.168,1.141,1.142,462593900.0,534180306.025,,,,,
2023-08-14,515790,光伏ETF,1.131,1.135,1.117,1.134,418536100.0,472631890.92499995,,,,,
2023-08-15,515790,光伏ETF,1.131,1.133,1.097,1.103,761553200.0,849893371.2,,,,,
2023-08-16,515790,光伏ETF,1.097,1.11,1.085,1.086,442375300.0,484179765.85,,,,,
2023-08-17,515790,光伏ETF,1.081,1.091,1.071,1.088,408429700.0,442227257.67499995,,,,,
2023-08-18,515790,光伏ETF,1.088,1.101,1.08,1.083,407716300.0,443595334.40000004,,,,,
2023-08-21,515790,光伏ETF,1.077,1.077,1.05,1.052,529842700.0,563752632.8000001,,,,,
2023-08-22,515790,光伏ETF,1.055,1.059,1.017,1.041,667332100.0,696027380.3000001,,,,,
2023-08-23,515790,光伏ETF,1.034,1.035,1.008,1.009,456606300.0,466423335.45000005,,,,,
2023-08-24,515790,光伏ETF,1.01,1.043,1.01,1.033,602667000.0,617131008.0,,,,,
2023-08-25,515790,光伏ETF,1.024,1.04,1.017,1.025,394980400.0,405447380.59999996,,,,,
2023-08-28,515790,光伏ETF,1.09,1.097,1.033,1.04,801540800.0,853640952.0,,,,,
2023-08-29,515790,光伏ETF,1.034,1.065,1.033,1.063,501122300.0,525552012.12500006,,,,,
2023-08-30,515790,光伏ETF,1.062,1.079,1.058,1.064,424191000.0,452081558.25,,,,,
2023-08-31,515790,光伏ETF,1.063,1.063,1.048,1.051,349144900.0,368784300.62499994,,,,,
2023-09-01,515790,光伏ETF,1.052,1.057,1.047,1.05,190638400.0,200456277.60000002,,,,,
2023-09-04,515790,光伏ETF,1.053,1.061,1.04,1.057,360947000.0,379986954.25,,,,,
2023-09-05,515790,光伏ETF,1.055,1.074,1.045,1.066,491114300.0,520581158.0,,,,,
2023-09-06,515790,光伏ETF,1.06,1.064,1.047,1.054,414715600.0,438043352.49999994,,,,,
2023-09-07,515790,光伏ETF,1.05,1.05,1.021,1.022,651117800.0,674395261.35,,,,,
2023-09-08,515790,光伏ETF,1.019,1.024,1.007,1.01,353290600.0,358589958.99999994,,,,,
2023-09-11,515790,光伏ETF,1.011,1.025,1.003,1.019,303801800.0,308206926.09999996,,,,,
2023-09-12,515790,光伏ETF,1.017,1.028,1.01,1.021,297705400.0,303361802.59999996,,,,,
2023-09-13,515790,光伏ETF,1.018,1.023,1.003,1.009,373687400.0,378638758.05,,,,,
2023-09-14,515790,光伏ETF,1.007,1.008,0.995,0.996,382924100.0,383498486.15000004,,,,,
2023-09-15,515790,光伏ETF,1.0,1.004,0.988,0.991,324943800.0,323562788.85,,,,,
2023-09-18,515790,光伏ETF,0.987,1.007,0.981,0.998,396807400.0,394128950.05,,,,,
2023-09-19,515790,光伏ETF,0.995,0.997,0.979,0.982,370164800.0,365815363.59999996,,,,,
2023-09-20,515790,光伏ETF,0.981,0.983,0.971,0.972,297475400.0,290559096.95,,,,,
2023-09-21,515790,光伏ETF,0.967,0.974,0.961,0.961,319221500.0,308288163.625,,,,,
2023-09-22,515790,光伏ETF,0.959,0.98,0.958,0.979,403001500.0,390508453.50000006,,,,,
2023-09-25,515790,光伏ETF,0.975,0.984,0.965,0.979,386270000.0,376902952.49999994,,,,,
2023-09-26,515790,光伏ETF,0.979,0.984,0.973,0.976,314172400.0,307260607.2,,,,,
2023-09-27,515790,光伏ETF,0.977,1.018,0.977,1.01,724103900.0,720845432.4499999,,,,,
2023-09-28,515790,光伏ETF,1.004,1.015,1.003,1.011,317538000.0,320157688.49999994,,,,,
2023-10-09,515790,光伏ETF,1.008,1.009,0.996,1.005,336995800.0,338512281.09999996,,,,,
2023-10-10,515790,光伏ETF,1.005,1.008,0.989,0.992,288348700.0,287916176.95,,,,,
2023-10-11,515790,光伏ETF,0.998,1.01,0.988,0.994,342843600.0,341986491.0,,,,,
2023-10-12,515790,光伏ETF,0.999,1.01,0.991,1.007,488526300.0,489381221.025,,,,,
2023-10-13,515790,光伏ETF,0.999,1.0,0.98,0.988,408331800.0,404963062.65000004,,,,,
2023-10-16,515790,光伏ETF,0.985,0.99,0.962,0.967,341132400.0,332945222.4,,,,,
2023-10-17,515790,光伏ETF,0.969,0.975,0.96,0.968,258574800.0,250300406.4,,,,,
2023-10-18,515790,光伏ETF,0.965,0.966,0.95,0.951,295269900.0,282868564.2,,,,,
2023-10-19,515790,光伏ETF,0.948,0.955,0.939,0.945,386406100.0,365829975.175,,,,,
2023-10-20,515790,光伏ETF,0.939,0.959,0.936,0.946,417429200.0,394470594.0,,,,,
2023-10-23,515790,光伏ETF,0.943,0.945,0.911,0.914,552066400.0,512455635.8,,,,,
2023-10-24,515790,光伏ETF,0.918,0.925,0.907,0.922,360421900.0,330867304.2,,,,,
2023-10-25,515790,光伏ETF,0.927,0.936,0.913,0.916,472135400.0,435780974.20000005,,,,,
2023-10-26,515790,光伏ETF,0.905,0.905,0.881,0.898,539683500.0,484231020.37500006,,,,,
2023-10-27,515790,光伏ETF,0.891,0.934,0.89,0.929,645505000.0,588055055.0,,,,,
2023-10-30,515790,光伏ETF,0.923,0.942,0.92,0.939,519307900.0,483475654.90000004,,,,,
2023-10-31,515790,光伏ETF,0.931,0.937,0.915,0.922,366480900.0,339452933.625,,,,,
2023-11-01,515790,光伏ETF,0.923,0.924,0.905,0.908,340888100.0,311912611.5,,,,,
2023-11-02,515790,光伏ETF,0.907,0.911,0.885,0.887,404320000.0,362877200.0,,,,,
2023-11-03,515790,光伏ETF,0.888,0.909,0.888,0.906,492330200.0,441989437.05,,,,,
2023-11-06,515790,光伏ETF,0.91,0.939,0.908,0.935,575093300.0,530811115.90000004,,,,,
2023-11-07,515790,光伏ETF,0.93,0.939,0.922,0.936,308308300.0,287266258.52500004,,,,,
2023-11-08,515790,光伏ETF,0.932,0.944,0.929,0.936,787449000.0,736461677.2500001,,,,,
2023-11-09,515790,光伏ETF,0.936,0.965,0.933,0.959,849652500.0,805682983.125,,,,,
2023-11-10,515790,光伏ETF,0.952,0.952,0.936,0.941,427063000.0,403681300.74999994,,,,,
2023-11-13,515790,光伏ETF,0.945,0.953,0.939,0.95,338325300.0,320309477.775,,,,,
2023-11-14,515790,光伏ETF,0.953,0.958,0.941,0.946,513361100.0,487436364.45,,,,,
2023-11-15,515790,光伏ETF,0.96,0.971,0.954,0.962,666759100.0,641255564.425,,,,,
2023-11-16,515790,光伏ETF,0.959,0.959,0.932,0.932,781526700.0,738933494.85,,,,,
2023-11-17,515790,光伏ETF,0.926,0.938,0.926,0.934,363772200.0,338671918.20000005,,,,,
2023-11-20,515790,光伏ETF,0.935,0.939,0.922,0.935,337431600.0,314739324.90000004,,,,,
2023-11-21,515790,光伏ETF,0.938,0.942,0.926,0.927,301657300.0,281521675.225,,,,,
2023-11-22,515790,光伏ETF,0.923,0.926,0.907,0.908,307029700.0,281239205.2,,,,,
2023-11-23,515790,光伏ETF,0.908,0.914,0.904,0.913,311133300.0,283053519.675,,,,,
2023-11-24,515790,光伏ETF,0.911,0.911,0.896,0.896,357756300.0,323232817.05,,,,,
2023-11-27,515790,光伏ETF,0.895,0.896,0.879,0.882,438069900.0,389006071.2,,,,,
2023-11-28,515790,光伏ETF,0.882,0.889,0.877,0.885,277977600.0,245523715.19999996,,,,,
2023-11-29,515790,光伏ETF,0.884,0.886,0.871,0.873,337108600.0,296149905.1,,,,,
2023-11-30,515790,光伏ETF,0.876,0.878,0.864,0.865,356128100.0,310098543.075,,,,,
2023-12-01,515790,光伏ETF,0.865,0.866,0.852,0.862,408317900.0,351663791.375,,,,,
2023-12-04,515790,光伏ETF,0.864,0.865,0.849,0.85,333794500.0,286061886.5,,,,,
2023-12-05,515790,光伏ETF,0.848,0.857,0.833,0.833,402972900.0,339605411.475,,,,,
2023-12-06,515790,光伏ETF,0.832,0.853,0.828,0.846,423513100.0,355645125.72499996,,,,,
2023-12-07,515790,光伏ETF,0.842,0.843,0.828,0.835,380598700.0,318561111.9,,,,,
2023-12-08,515790,光伏ETF,0.838,0.842,0.831,0.835,289616700.0,242264369.55,,,,,
2023-12-11,515790,光伏ETF,0.83,0.838,0.817,0.838,393641100.0,327017343.8249999,,,,,
2023-12-12,515790,光伏ETF,0.833,0.838,0.827,0.83,301242600.0,250633843.2,,,,,
2023-12-13,515790,光伏ETF,0.826,0.826,0.808,0.808,413869600.0,338131463.2,,,,,
2023-12-14,515790,光伏ETF,0.812,0.822,0.805,0.807,335776800.0,272482873.20000005,,,,,
2023-12-15,515790,光伏ETF,0.812,0.827,0.808,0.812,580797000.0,473204355.75000006,,,,,
2023-12-18,515790,光伏ETF,0.806,0.812,0.79,0.791,401919000.0,321434720.25,,,,,
2023-12-19,515790,光伏ETF,0.79,0.81,0.788,0.802,605250000.0,482686875.00000006,,,,,
2023-12-20,515790,光伏ETF,0.805,0.805,0.793,0.794,295989800.0,236569847.65000004,,,,,
2023-12-21,515790,光伏ETF,0.791,0.828,0.788,0.822,1040384400.0,839850306.9,,,,,
2023-12-22,515790,光伏ETF,0.817,0.843,0.809,0.834,995094700.0,821699448.525,,,,,
2023-12-25,515790,光伏ETF,0.829,0.84,0.828,0.834,329057000.0,274022216.74999994,,,,,
2023-12-26,515790,光伏ETF,0.833,0.839,0.827,0.834,433762400.0,361432519.79999995,,,,,
2023-12-27,515790,光伏ETF,0.835,0.836,0.82,0.829,516783200.0,428930056.0,,,,,
2023-12-28,515790,光伏ETF,0.827,0.902,0.824,0.901,1581537200.0,1365657372.1999998,,,,,
2023-12-29,515790,光伏ETF,0.893,0.895,0.883,0.89,878246200.0,781858679.55,,,,,
2024-01-02,515790,光伏ETF,0.886,0.888,0.871,0.872,582445200.0,512114942.09999996,,,,,
2024-01-03,515790,光伏ETF,0.87,0.88,0.866,0.876,553443600.0,483156262.8,,,,,
2024-01-04,515790,光伏ETF,0.872,0.872,0.851,0.857,584044800.0,504030662.4,,,,,
2024-01-05,515790,光伏ETF,0.855,0.87,0.836,0.844,669834500.0,570196618.125,,,,,
2024-01-08,515790,光伏ETF,0.84,0.856,0.835,0.838,580872400.0,489239778.9,,,,,
2024-01-09,515790,光伏ETF,0.84,0.874,0.827,0.855,882530100.0,749268054.9,,,,,
2024-01-10,515790,光伏ETF,0.846,0.883,0.843,0.867,1009422300.0,867850822.4250001,,,,,
2024-01-11,515790,光伏ETF,0.863,0.882,0.861,0.879,803832200.0,700338804.2500001,,,,,
2024-01-12,515790,光伏ETF,0.877,0.903,0.87,0.88,1074109900.0,947901986.7500001,,,,,
2024-01-15,515790,光伏ETF,0.874,0.887,0.868,0.872,569188200.0,498181972.05,,,,,
2024-01-16,515790,光伏ETF,0.87,0.892,0.862,0.888,782721200.0,687229213.6,,,,,
2024-01-17,515790,光伏ETF,0.883,0.885,0.856,0.857,626402800.0,545127036.6999999,,,,,
2024-01-18,515790,光伏ETF,0.85,0.897,0.845,0.896,1206897700.0,1052414794.3999999,,,,,
2024-01-19,515790,光伏ETF,0.895,0.903,0.872,0.872,967566400.0,856780047.1999999,,,,,
2024-01-22,515790,光伏ETF,0.867,0.875,0.841,0.847,879158400.0,753878327.9999999,,,,,
2024-01-23,515790,光伏ETF,0.847,0.88,0.84,0.864,972391300.0,834068637.5749999,,,,,
2024-01-24,515790,光伏ETF,0.865,0.867,0.828,0.855,839711600.0,716903778.4999999,,,,,
2024-01-25,515790,光伏ETF,0.848,0.864,0.83,0.863,950682500.0,809268478.125,,,,,
2024-01-26,515790,光伏ETF,0.854,0.866,0.844,0.846,647344900.0,551861527.25,,,,,
2024-01-29,515790,光伏ETF,0.839,0.84,0.791,0.792,1052718700.0,858492099.85,,,,,
2024-01-30,515790,光伏ETF,0.785,0.799,0.775,0.776,730414300.0,572462207.625,,,,,
2024-01-31,515790,光伏ETF,0.772,0.786,0.756,0.757,613503100.0,471017005.025,,,,,
2024-02-01,515790,光伏ETF,0.752,0.786,0.751,0.771,695717700.0,532224040.5,,,,,
2024-02-02,515790,光伏ETF,0.767,0.772,0.718,0.739,639063500.0,478658561.5,,,,,
2024-02-05,515790,光伏ETF,0.732,0.738,0.69,0.718,593549900.0,427059153.04999995,,,,,
2024-02-06,515790,光伏ETF,0.711,0.766,0.708,0.765,692576900.0,510775463.75000006,,,,,
2024-02-07,515790,光伏ETF,0.766,0.791,0.765,0.783,493891000.0,383382888.75,,,,,
2024-02-08,515790,光伏ETF,0.796,0.805,0.785,0.801,425386600.0,338926773.55,,,,,
2024-02-19,515790,光伏ETF,0.801,0.804,0.791,0.8,331363800.0,264759676.20000002,,,,,
2024-02-20,515790,光伏ETF,0.795,0.796,0.782,0.794,249333600.0,197409877.79999998,,,,,
2024-02-21,515790,光伏ETF,0.787,0.821,0.784,0.805,443231800.0,354253016.15000004,,,,,
2024-02-22,515790,光伏ETF,0.803,0.825,0.803,0.813,412584200.0,334605786.2,,,,,
2024-02-23,515790,光伏ETF,0.819,0.832,0.815,0.824,570945500.0,469602673.74999994,,,,,
2024-02-26,515790,光伏ETF,0.822,0.829,0.811,0.818,351869700.0,288533154.0,,,,,
2024-02-27,515790,光伏ETF,0.814,0.832,0.812,0.832,429481600.0,353248616.0,,,,,
2024-02-28,515790,光伏ETF,0.838,0.864,0.815,0.817,906777200.0,755798796.1999999,,,,,
2024-02-29,515790,光伏ETF,0.81,0.845,0.806,0.844,573796900.0,474099688.62499994,,,,,
2024-03-01,515790,光伏ETF,0.846,0.858,0.835,0.858,547099100.0,464623910.67499995,,,,,
2024-03-04,515790,光伏ETF,0.858,0.87,0.853,0.862,424387300.0,365291368.47499996,,,,,
2024-03-05,515790,光伏ETF,0.855,0.856,0.844,0.85,364286300.0,310098712.875,,,,,
2024-03-06,515790,光伏ETF,0.846,0.89,0.844,0.874,773831500.0,668203500.25,,,,,
2024-03-07,515790,光伏ETF,0.871,0.874,0.849,0.85,557541000.0,480042801.0,,,,,
2024-03-08,515790,光伏ETF,0.852,0.883,0.852,0.882,713721300.0,618974797.425,,,,,
2024-03-11,515790,光伏ETF,0.898,0.918,0.891,0.917,971618000.0,880285908.0,,,,,
2024-03-12,515790,光伏ETF,0.917,0.925,0.907,0.911,605503300.0,554035519.5,,,,,
2024-03-13,515790,光伏ETF,0.909,0.91,0.898,0.902,436981800.0,395359283.55,,,,,
2024-03-14,515790,光伏ETF,0.899,0.904,0.882,0.89,457069100.0,408505508.125,,,,,
2024-03-15,515790,光伏ETF,0.885,0.89,0.87,0.884,418101600.0,368870136.6,,,,,
2024-03-18,515790,光伏ETF,0.888,0.9,0.883,0.9,438654800.0,391609072.70000005,,,,,
2024-03-19,515790,光伏ETF,0.9,0.909,0.885,0.886,515495300.0,461368293.5,,,,,
2024-03-20,515790,光伏ETF,0.886,0.899,0.881,0.887,436454500.0,387680709.625,,,,,
2024-03-21,515790,光伏ETF,0.885,0.889,0.871,0.874,417879200.0,367629226.2,,,,,
2024-03-22,515790,光伏ETF,0.871,0.872,0.849,0.85,540748500.0,465314084.25,,,,,
2024-03-25,515790,光伏ETF,0.847,0.862,0.841,0.842,343375300.0,291182254.40000004,,,,,
2024-03-26,515790,光伏ETF,0.84,0.856,0.836,0.853,416446000.0,352417427.5,,,,,
2024-03-27,515790,光伏ETF,0.848,0.851,0.826,0.827,396316700.0,332113394.59999996,,,,,
2024-03-28,515790,光伏ETF,0.827,0.844,0.826,0.833,424407500.0,353319243.75,,,,,
2024-03-29,515790,光伏ETF,0.833,0.841,0.827,0.835,289085500.0,241097307.0,,,,,
2024-04-01,515790,光伏ETF,0.84,0.87,0.838,0.869,542287900.0,463249438.57500005,,,,,
2024-04-02,515790,光伏ETF,0.869,0.869,0.856,0.861,286833100.0,247752090.125,,,,,
2024-04-03,515790,光伏ETF,0.86,0.861,0.85,0.857,235077300.0,201461246.10000002,,,,,
2024-04-08,515790,光伏ETF,0.855,0.855,0.833,0.833,289567300.0,244394801.20000002,,,,,
2024-04-09,515790,光伏ETF,0.832,0.842,0.829,0.839,219387100.0,183297922.04999998,,,,,
2024-04-10,515790,光伏ETF,0.84,0.84,0.818,0.823,256917700.0,213305920.42499998,,,,,
2024-04-11,515790,光伏ETF,0.818,0.83,0.813,0.822,287413300.0,235894465.97499996,,,,,
2024-04-12,515790,光伏ETF,0.822,0.825,0.799,0.801,336787100.0,273386928.425,,,,,
2024-04-15,515790,光伏ETF,0.8,0.82,0.799,0.811,356241300.0,287664849.75,,,,,
2024-04-16,515790,光伏ETF,0.806,0.811,0.788,0.789,302482700.0,241532435.95,,,,,
2024-04-17,515790,光伏ETF,0.792,0.81,0.792,0.809,300672700.0,240763664.52500004,,,,,
2024-04-18,515790,光伏ETF,0.806,0.814,0.796,0.805,240707500.0,193829714.375,,,,,
2024-04-19,515790,光伏ETF,0.8,0.801,0.778,0.782,301468900.0,238235798.225,,,,,
2024-04-22,515790,光伏ETF,0.782,0.8,0.781,0.786,281890900.0,221918611.02500004,,,,,
2024-04-23,515790,光伏ETF,0.791,0.798,0.773,0.777,275290200.0,216033984.45000002,,,,,
2024-04-24,515790,光伏ETF,0.776,0.778,0.761,0.769,283356300.0,218467707.3,,,,,
2024-04-25,515790,光伏ETF,0.765,0.776,0.757,0.767,352511100.0,270111630.375,,,,,
2024-04-26,515790,光伏ETF,0.762,0.786,0.762,0.785,362404900.0,280410791.375,,,,,
2024-04-29,515790,光伏ETF,0.785,0.82,0.783,0.812,624065700.0,499252559.99999994,,,,,
2024-04-30,515790,光伏ETF,0.803,0.809,0.791,0.793,436754800.0,348967085.20000005,,,,,
2024-05-06,515790,光伏ETF,0.801,0.811,0.801,0.805,416383500.0,334980525.75000006,,,,,
2024-05-07,515790,光伏ETF,0.803,0.809,0.796,0.806,336708400.0,270545199.40000004,,,,,
2024-05-08,515790,光伏ETF,0.802,0.804,0.792,0.793,308717500.0,246279385.625,,,,,
2024-05-09,515790,光伏ETF,0.796,0.824,0.796,0.814,609567800.0,492225998.49999994,,,,,
2024-05-10,515790,光伏ETF,0.814,0.815,0.799,0.81,401873100.0,325316274.45,,,,,
2024-05-13,515790,光伏ETF,0.801,0.817,0.796,0.809,405863000.0,327024112.25,,,,,
2024-05-14,515790,光伏ETF,0.809,0.812,0.8,0.801,310598400.0,250187011.20000002,,,,,
2024-05-15,515790,光伏ETF,0.806,0.814,0.791,0.793,429854500.0,344313454.5,,,,,
2024-05-16,515790,光伏ETF,0.792,0.8,0.787,0.791,416318200.0,329932173.5,,,,,
2024-05-17,515790,光伏ETF,0.784,0.791,0.776,0.79,573224600.0,450124617.15,,,,,
2024-05-20,515790,光伏ETF,0.786,0.798,0.786,0.792,322822500.0,255191186.25000003,,,,,
2024-05-21,515790,光伏ETF,0.788,0.789,0.778,0.78,297215800.0,232942883.25000003,,,,,
2024-05-22,515790,光伏ETF,0.786,0.835,0.786,0.829,1302766700.0,1053938260.3000001,,,,,
2024-05-23,515790,光伏ETF,0.821,0.823,0.804,0.807,838206100.0,682090213.875,,,,,
2024-05-24,515790,光伏ETF,0.807,0.82,0.798,0.799,640540000.0,516275240.00000006,,,,,
2024-05-27,515790,光伏ETF,0.8,0.802,0.781,0.795,524385900.0,416624597.5500001,,,,,
2024-05-28,515790,光伏ETF,0.79,0.802,0.787,0.79,539852000.0,427697747.0,,,,,
2024-05-29,515790,光伏ETF,0.796,0.824,0.796,0.808,1107993000.0,893042358.0,,,,,
2024-05-30,515790,光伏ETF,0.815,0.819,0.803,0.805,738152100.0,598272277.05,,,,,
2024-05-31,515790,光伏ETF,0.805,0.809,0.792,0.794,548893400.0,439114720.0,,,,,
2024-06-03,515790,光伏ETF,0.79,0.792,0.78,0.788,518977000.0,408694387.50000006,,,,,
2024-06-04,515790,光伏ETF,0.785,0.802,0.78,0.8,499976800.0,395856631.4,,,,,
2024-06-05,515790,光伏ETF,0.797,0.801,0.788,0.789,434523700.0,344903186.875,,,,,
2024-06-06,515790,光伏ETF,0.788,0.796,0.767,0.769,711176200.0,554717435.9999999,,,,,
2024-06-07,515790,光伏ETF,0.769,0.773,0.75,0.758,588805700.0,448964346.25000006,,,,,
2024-06-11,515790,光伏ETF,0.754,0.765,0.748,0.763,363616000.0,275439120.0,,,,,
2024-06-12,515790,光伏ETF,0.761,0.762,0.756,0.76,284010400.0,215776901.39999998,,,,,
2024-06-13,515790,光伏ETF,0.761,0.765,0.757,0.758,318130100.0,241858408.52500004,,,,,
2024-06-14,515790,光伏ETF,0.757,0.76,0.748,0.755,383976500.0,289902257.50000006,,,,,
2024-06-17,515790,光伏ETF,0.75,0.757,0.743,0.753,404083000.0,303365312.25,,,,,
2024-06-18,515790,光伏ETF,0.752,0.765,0.75,0.759,476030800.0,360117300.20000005,,,,,
2024-06-19,515790,光伏ETF,0.757,0.76,0.742,0.743,454459000.0,341071479.5,,,,,
2024-06-20,515790,光伏ETF,0.742,0.742,0.722,0.723,484727600.0,354941785.09999996,,,,,
2024-06-21,515790,光伏ETF,0.726,0.733,0.719,0.723,473328600.0,343281567.15,,,,,
2024-06-24,515790,光伏ETF,0.716,0.717,0.704,0.705,444141700.0,315562677.84999996,,,,,
2024-06-25,515790,光伏ETF,0.706,0.708,0.684,0.688,505463700.0,352055467.05,,,,,
2024-06-26,515790,光伏ETF,0.688,0.699,0.681,0.699,653953500.0,452372333.625,,,,,
2024-06-27,515790,光伏ETF,0.694,0.695,0.681,0.682,386686500.0,266040311.99999997,,,,,
2024-06-28,515790,光伏ETF,0.682,0.691,0.677,0.68,384514300.0,262431009.75,,,,,
2024-07-01,515790,光伏ETF,0.682,0.691,0.677,0.687,398276800.0,272520900.40000004,,,,,
2024-07-02,515790,光伏ETF,0.682,0.683,0.67,0.671,493225400.0,333666983.1,,,,,
2024-07-03,515790,光伏ETF,0.671,0.675,0.664,0.67,411755700.0,275876319.0,,,,,
2024-07-04,515790,光伏ETF,0.671,0.672,0.653,0.655,453687000.0,300681059.25,,,,,
2024-07-05,515790,光伏ETF,0.653,0.665,0.652,0.661,477726300.0,314224473.82500005,,,,,
2024-07-08,515790,光伏ETF,0.655,0.657,0.637,0.64,410813100.0,265898778.975,,,,,
2024-07-09,515790,光伏ETF,0.638,0.646,0.629,0.643,492445300.0,314672546.7,,,,,
2024-07-10,515790,光伏ETF,0.633,0.658,0.63,0.644,476782100.0,305736521.625,,,,,
2024-07-11,515790,光伏ETF,0.65,0.673,0.649,0.668,626188800.0,413284608.0,,,,,
2024-07-12,515790,光伏ETF,0.667,0.681,0.665,0.672,558420800.0,374839962.0,,,,,
2024-07-15,515790,光伏ETF,0.669,0.671,0.662,0.663,330510500.0,220202620.625,,,,,
2024-07-16,515790,光伏ETF,0.662,0.68,0.661,0.679,457289200.0,306612408.6,,,,,
2024-07-17,515790,光伏ETF,0.686,0.69,0.677,0.678,400740800.0,273605781.20000005,,,,,
2024-07-18,515790,光伏ETF,0.671,0.687,0.664,0.681,464065600.0,313592329.20000005,,,,,
2024-07-19,515790,光伏ETF,0.676,0.693,0.676,0.692,448234400.0,306704388.2,,,,,
2024-07-22,515790,光伏ETF,0.688,0.699,0.687,0.692,385324500.0,266451891.75,,,,,
2024-07-23,515790,光伏ETF,0.688,0.691,0.673,0.673,497104100.0,338652168.125,,,,,
2024-07-24,515790,光伏ETF,0.671,0.676,0.66,0.661,335044800.0,223474881.60000002,,,,,
2024-07-25,515790,光伏ETF,0.66,0.689,0.658,0.679,607987500.0,408263606.25,,,,,
2024-07-26,515790,光伏ETF,0.675,0.683,0.673,0.681,362966800.0,246091490.4,,,,,
2024-07-29,515790,光伏ETF,0.68,0.681,0.666,0.667,267608100.0,180234055.35,,,,,
2024-07-30,515790,光伏ETF,0.665,0.672,0.66,0.665,286604400.0,190735228.20000002,,,,,
2024-07-31,515790,光伏ETF,0.666,0.691,0.658,0.69,467702100.0,316283545.12499994,,,,,
2024-08-01,515790,光伏ETF,0.689,0.69,0.68,0.682,350718400.0,240329783.60000002,,,,,
2024-08-02,515790,光伏ETF,0.679,0.685,0.67,0.671,336428200.0,227509570.25,,,,,
2024-08-05,515790,光伏ETF,0.669,0.688,0.662,0.664,382974100.0,256879877.575,,,,,
2024-08-06,515790,光伏ETF,0.671,0.691,0.671,0.689,557112300.0,379114920.1499999,,,,,
2024-08-07,515790,光伏ETF,0.685,0.692,0.681,0.687,322303600.0,221180845.5,,,,,
2024-08-08,515790,光伏ETF,0.685,0.689,0.679,0.684,275584200.0,188568488.85,,,,,
2024-08-09,515790,光伏ETF,0.686,0.688,0.673,0.674,347246500.0,236214431.625,,,,,
2024-08-12,515790,光伏ETF,0.682,0.685,0.669,0.672,302225000.0,204606325.0,,,,,
2024-08-13,515790,光伏ETF,0.668,0.677,0.662,0.672,330022400.0,221032502.40000004,,,,,
2024-08-14,515790,光伏ETF,0.675,0.681,0.664,0.665,271323300.0,182125765.125,,,,,
2024-08-15,515790,光伏ETF,0.662,0.682,0.659,0.674,362637000.0,242694812.25000003,,,,,
2024-08-16,515790,光伏ETF,0.673,0.673,0.664,0.665,234402200.0,156756471.25000003,,,,,
2024-08-19,515790,光伏ETF,0.663,0.666,0.657,0.658,221093900.0,146143067.9,,,,,
2024-08-20,515790,光伏ETF,0.658,0.659,0.646,0.649,246247800.0,160799813.4,,,,,
2024-08-21,515790,光伏ETF,0.646,0.65,0.642,0.643,239084700.0,154269402.675,,,,,
2024-08-22,515790,光伏ETF,0.644,0.646,0.63,0.632,234684000.0,149728392.0,,,,,
2024-08-23,515790,光伏ETF,0.63,0.636,0.628,0.63,189643300.0,119664922.3,,,,,
2024-08-26,515790,光伏ETF,0.631,0.647,0.631,0.639,281110700.0,179067515.9,,,,,
2024-08-27,515790,光伏ETF,0.637,0.64,0.624,0.631,357541900.0,226324022.7,,,,,
2024-08-28,515790,光伏ETF,0.63,0.636,0.626,0.633,253383200.0,159948145.0,,,,,
2024-08-29,515790,光伏ETF,0.631,0.663,0.629,0.658,545536100.0,352007168.52500004,,,,,
2024-08-30,515790,光伏ETF,0.654,0.675,0.652,0.666,443059100.0,293194359.425,,,,,
2024-09-02,515790,光伏ETF,0.662,0.671,0.649,0.65,388008100.0,255309329.8,,,,,
2024-09-03,515790,光伏ETF,0.651,0.664,0.646,0.66,339449500.0,222424284.875,,,,,
2024-09-04,515790,光伏ETF,0.654,0.67,0.654,0.66,291821400.0,192456213.29999998,,,,,
2024-09-05,515790,光伏ETF,0.66,0.674,0.659,0.666,315019100.0,209408946.725,,,,,
2024-09-06,515790,光伏ETF,0.665,0.665,0.65,0.651,217066200.0,142775293.05,,,,,
2024-09-09,515790,光伏ETF,0.648,0.654,0.641,0.644,239620900.0,154974817.07500002,,,,,
2024-09-10,515790,光伏ETF,0.646,0.648,0.636,0.645,296358400.0,190780720.0,,,,,
2024-09-11,515790,光伏ETF,0.642,0.657,0.64,0.654,328682500.0,213068430.625,,,,,
2024-09-12,515790,光伏ETF,0.655,0.674,0.653,0.655,328735400.0,216718812.45,,,,,
2024-09-13,515790,光伏ETF,0.653,0.657,0.642,0.643,234007700.0,151812495.375,,,,,
2024-09-18,515790,光伏ETF,0.642,0.642,0.632,0.638,249506500.0,159309900.25000003,,,,,
2024-09-19,515790,光伏ETF,0.641,0.656,0.635,0.647,316768900.0,204236748.27499998,,,,,
2024-09-20,515790,光伏ETF,0.644,0.645,0.631,0.637,379652400.0,242692796.70000005,,,,,
2024-09-23,515790,光伏ETF,0.634,0.638,0.626,0.628,282194400.0,178205763.6,,,,,
2024-09-24,515790,光伏ETF,0.63,0.654,0.626,0.654,595373300.0,381634285.3,,,,,
2024-09-25,515790,光伏ETF,0.659,0.677,0.658,0.659,587961100.0,389965199.575,,,,,
2024-09-26,515790,光伏ETF,0.657,0.687,0.652,0.687,502278900.0,336903572.175,,,,,
2024-09-27,515790,光伏ETF,0.697,0.745,0.696,0.745,598910600.0,431664814.95,,,,,
2024-09-30,515790,光伏ETF,0.788,0.82,0.76,0.82,1129998500.0,900608804.4999999,,,,,
2024-10-08,515790,光伏ETF,0.902,0.902,0.85,0.902,1731733300.0,1539510903.7,,,,,
2024-10-09,515790,光伏ETF,0.88,0.887,0.812,0.813,1022270200.0,866885129.6000001,,,,,
2024-10-10,515790,光伏ETF,0.813,0.838,0.801,0.814,684898200.0,559219380.3,,,,,
2024-10-11,515790,光伏ETF,0.807,0.807,0.766,0.776,498648800.0,393433903.2,,,,,
2024-10-14,515790,光伏ETF,0.777,0.795,0.766,0.79,604029500.0,472351069.0,,,,,
2024-10-15,515790,光伏ETF,0.779,0.792,0.769,0.77,467894500.0,363787973.75000006,,,,,
2024-10-16,515790,光伏ETF,0.758,0.764,0.745,0.75,410463400.0,309592019.45000005,,,,,
2024-10-17,515790,光伏ETF,0.753,0.758,0.738,0.739,378394100.0,282660392.7,,,,,
2024-10-18,515790,光伏ETF,0.736,0.793,0.734,0.773,747309200.0,567207682.8,,,,,
2024-10-21,515790,光伏ETF,0.782,0.822,0.782,0.8,1065398300.0,848589745.9499999,,,,,
2024-10-22,515790,光伏ETF,0.788,0.826,0.778,0.819,1354902100.0,1087647660.7749999,,,,,
2024-10-23,515790,光伏ETF,0.815,0.889,0.809,0.861,2776579400.0,2342044723.9,,,,,
2024-10-24,515790,光伏ETF,0.853,0.854,0.827,0.829,1287524200.0,1082485971.15,,,,,
2024-10-25,515790,光伏ETF,0.827,0.912,0.827,0.905,3028648500.0,2628109735.875,,,,,
2024-10-28,515790,光伏ETF,0.905,0.905,0.87,0.891,2069967500.0,1847963485.625,,,,,
2024-10-29,515790,光伏ETF,0.912,0.93,0.866,0.866,1607212600.0,1436044458.1000001,,,,,
2024-10-30,515790,光伏ETF,0.852,0.887,0.847,0.876,954678400.0,826274155.2,,,,,
2024-10-31,515790,光伏ETF,0.899,0.919,0.888,0.905,1177790800.0,1063250644.6999999,,,,,
2024-11-01,515790,光伏ETF,0.904,0.906,0.87,0.878,882876600.0,785318735.7,,,,,
2024-11-04,515790,光伏ETF,0.873,0.894,0.871,0.885,730775200.0,643630257.4,,,,,
2024-11-05,515790,光伏ETF,0.886,0.906,0.873,0.905,991492600.0,884907145.5000001,,,,,
2024-11-06,515790,光伏ETF,0.905,0.926,0.888,0.895,1159915800.0,1047983925.3,,,,,
2024-11-07,515790,光伏ETF,0.87,0.891,0.853,0.889,1170861400.0,1025381871.0500001,,,,,
2024-11-08,515790,光伏ETF,0.892,0.906,0.889,0.894,1084697400.0,971075347.3500001,,,,,
2024-11-11,515790,光伏ETF,0.887,0.92,0.882,0.916,876951600.0,790352629.5,,,,,
2024-11-12,515790,光伏ETF,0.919,0.935,0.895,0.902,923277400.0,842721446.85,,,,,
2024-11-13,515790,光伏ETF,0.895,0.909,0.889,0.908,619273000.0,557500518.25,,,,,
2024-11-14,515790,光伏ETF,0.91,0.915,0.88,0.882,566825700.0,508300946.47499996,,,,,
2024-11-15,515790,光伏ETF,0.878,0.886,0.85,0.851,778649100.0,674504782.875,,,,,
2024-11-18,515790,光伏ETF,0.845,0.856,0.828,0.833,482347100.0,405412737.54999995,,,,,
2024-11-19,515790,光伏ETF,0.84,0.857,0.829,0.857,450825900.0,381286004.925,,,,,
2024-11-20,515790,光伏ETF,0.854,0.856,0.842,0.853,416476200.0,354525365.25,,,,,
2024-11-21,515790,光伏ETF,0.867,0.872,0.846,0.853,531444500.0,456776547.75,,,,,
2024-11-22,515790,光伏ETF,0.846,0.848,0.814,0.815,463768800.0,385275930.6,,,,,
2024-11-25,515790,光伏ETF,0.81,0.821,0.807,0.818,339116000.0,276040424.0,,,,,
2024-11-26,515790,光伏ETF,0.82,0.837,0.813,0.816,482270900.0,396185544.34999996,,,,,
2024-11-27,515790,光伏ETF,0.813,0.835,0.805,0.834,367508400.0,302000027.7,,,,,
2024-11-28,515790,光伏ETF,0.832,0.844,0.828,0.831,360508100.0,300573628.37499994,,,,,
2024-11-29,515790,光伏ETF,0.83,0.848,0.825,0.842,432991600.0,362089225.5,,,,,
2024-12-02,515790,光伏ETF,0.83,0.847,0.818,0.846,453405200.0,378706693.29999995,,,,,
2024-12-03,515790,光伏ETF,0.847,0.852,0.837,0.847,464534000.0,392879630.5,,,,,
2024-12-04,515790,光伏ETF,0.844,0.845,0.82,0.823,432792900.0,360516485.6999999,,,,,
2024-12-05,515790,光伏ETF,0.822,0.825,0.816,0.823,348725100.0,286477669.65,,,,,
2024-12-06,515790,光伏ETF,0.822,0.828,0.802,0.827,663909900.0,544240140.525,,,,,
2024-12-09,515790,光伏ETF,0.824,0.825,0.811,0.815,392347600.0,321234597.49999994,,,,,
2024-12-10,515790,光伏ETF,0.836,0.84,0.815,0.817,434647100.0,359453151.7,,,,,
2024-12-11,515790,光伏ETF,0.817,0.824,0.814,0.822,249676900.0,204547800.325,,,,,
2024-12-12,515790,光伏ETF,0.823,0.828,0.815,0.825,263024600.0,216403489.65,,,,,
2024-12-13,515790,光伏ETF,0.821,0.822,0.801,0.802,402380400.0,326531694.6,,,,,
2024-12-16,515790,光伏ETF,0.801,0.803,0.785,0.789,293935300.0,233531595.85000002,,,,,
2024-12-17,515790,光伏ETF,0.787,0.794,0.782,0.784,266631900.0,209772647.32500002,,,,,
2024-12-18,515790,光伏ETF,0.786,0.789,0.78,0.783,263750300.0,206912110.35,,,,,
2024-12-19,515790,光伏ETF,0.775,0.782,0.77,0.781,319320600.0,248112106.20000002,,,,,
2024-12-20,515790,光伏ETF,0.781,0.784,0.775,0.776,297894600.0,232059893.4,,,,,
2024-12-23,515790,光伏ETF,0.776,0.792,0.775,0.777,489832000.0,382068959.99999994,,,,,
2024-12-24,515790,光伏ETF,0.778,0.793,0.777,0.789,418060200.0,327863711.85,,,,,
2024-12-25,515790,光伏ETF,0.796,0.798,0.778,0.783,501055500.0,395207525.62500006,,,,,
2024-12-26,515790,光伏ETF,0.785,0.786,0.779,0.783,359974500.0,281950027.125,,,,,
2024-12-27,515790,光伏ETF,0.779,0.787,0.774,0.777,465782600.0,362961091.05,,,,,
2024-12-30,515790,光伏ETF,0.774,0.781,0.771,0.778,357432600.0,277367697.6,,,,,
2024-12-31,515790,光伏ETF,0.777,0.786,0.756,0.757,522265300.0,401622015.70000005,,,,,
2025-01-02,515790,光伏ETF,0.757,0.76,0.733,0.739,428615900.0,320283231.27500004,,,,,
2025-01-03,515790,光伏ETF,0.742,0.745,0.72,0.721,421530600.0,308560399.2,,,,,
2025-01-06,515790,光伏ETF,0.721,0.734,0.717,0.725,398886900.0,288893837.325,,,,,
2025-01-07,515790,光伏ETF,0.724,0.73,0.719,0.728,295362400.0,214211580.6,,,,,
2025-01-08,515790,光伏ETF,0.728,0.733,0.712,0.727,326373400.0,236620715.00000003,,,,,
2025-01-09,515790,光伏ETF,0.722,0.736,0.721,0.723,342307300.0,248343946.15,,,,,
2025-01-10,515790,光伏ETF,0.722,0.723,0.698,0.698,464250900.0,329734201.72499996,,,,,
2025-01-13,515790,光伏ETF,0.695,0.707,0.692,0.7,291208700.0,203409276.94999996,,,,,
2025-01-14,515790,光伏ETF,0.702,0.727,0.699,0.725,448054400.0,319574800.79999995,,,,,
2025-01-15,515790,光伏ETF,0.724,0.742,0.714,0.731,597409200.0,434764545.3,,,,,
2025-01-16,515790,光伏ETF,0.728,0.746,0.728,0.738,445527000.0,327462344.99999994,,,,,
2025-01-17,515790,光伏ETF,0.733,0.742,0.729,0.736,310062800.0,227896158.0,,,,,
2025-01-20,515790,光伏ETF,0.739,0.748,0.738,0.74,332771900.0,246667170.87500003,,,,,
2025-01-21,515790,光伏ETF,0.743,0.745,0.726,0.73,316063200.0,232622515.2,,,,,
2025-01-22,515790,光伏ETF,0.726,0.727,0.715,0.719,277926800.0,200593667.89999998,,,,,
2025-01-23,515790,光伏ETF,0.725,0.731,0.716,0.717,328954200.0,237587170.95000002,,,,,
2025-01-24,515790,光伏ETF,0.716,0.731,0.712,0.729,424138600.0,306228069.2,,,,,
2025-01-27,515790,光伏ETF,0.727,0.734,0.716,0.716,259101600.0,187395232.2,,,,,
2025-02-05,515790,光伏ETF,0.719,0.725,0.709,0.715,266856400.0,191336038.79999998,,,,,
2025-02-06,515790,光伏ETF,0.714,0.735,0.709,0.733,494021300.0,357053894.575,,,,,
2025-02-07,515790,光伏ETF,0.731,0.769,0.729,0.759,1095007300.0,817970453.1,,,,,
2025-02-10,515790,光伏ETF,0.756,0.758,0.741,0.752,942014600.0,708159475.5500001,,,,,
2025-02-11,515790,光伏ETF,0.75,0.751,0.733,0.737,589082900.0,437541323.975,,,,,
2025-02-12,515790,光伏ETF,0.736,0.743,0.73,0.743,513177000.0,378724626.0,,,,,
2025-02-13,515790,光伏ETF,0.741,0.742,0.732,0.733,617215900.0,454888118.3000001,,,,,
2025-02-14,515790,光伏ETF,0.733,0.742,0.731,0.738,513636000.0,378036096.0,,,,,
2025-02-17,515790,光伏ETF,0.739,0.746,0.734,0.745,574298400.0,425555114.4,,,,,
2025-02-18,515790,光伏ETF,0.745,0.753,0.728,0.73,718286100.0,530813427.9000001,,,,,
2025-02-19,515790,光伏ETF,0.725,0.742,0.724,0.741,615100400.0,450868593.20000005,,,,,
2025-02-20,515790,光伏ETF,0.739,0.739,0.729,0.734,473363900.0,348040807.47499996,,,,,
2025-02-21,515790,光伏ETF,0.734,0.741,0.726,0.741,549049000.0,403825539.5,,,,,
2025-02-24,515790,光伏ETF,0.738,0.748,0.732,0.747,730967800.0,541829881.75,,,,,
2025-02-25,515790,光伏ETF,0.74,0.753,0.736,0.747,634017000.0,471708648.0,,,,,
2025-02-26,515790,光伏ETF,0.748,0.772,0.748,0.771,1385702900.0,1052787778.2750002,,,,,
2025-02-27,515790,光伏ETF,0.771,0.771,0.751,0.76,940301500.0,717685119.875,,,,,
2025-02-28,515790,光伏ETF,0.758,0.766,0.743,0.746,1002945400.0,755468622.55,,,,,
2025-03-03,515790,光伏ETF,0.745,0.763,0.745,0.752,990965500.0,744462831.875,,,,,
2025-03-04,515790,光伏ETF,0.745,0.751,0.738,0.75,578083400.0,431250216.4,,,,,
2025-03-05,515790,光伏ETF,0.749,0.749,0.732,0.737,757908200.0,562178407.3499999,,,,,
2025-03-06,515790,光伏ETF,0.739,0.752,0.736,0.751,756756700.0,563405363.15,,,,,
2025-03-07,515790,光伏ETF,0.747,0.753,0.737,0.744,828737500.0,617616621.8750001,,,,,
2025-03-10,515790,光伏ETF,0.744,0.753,0.742,0.749,521643400.0,389667619.8,,,,,
2025-03-11,515790,光伏ETF,0.742,0.751,0.737,0.751,832573400.0,620475326.35,,,,,
2025-03-12,515790,光伏ETF,0.752,0.756,0.749,0.751,511272400.0,384476844.8000001,,,,,
2025-03-13,515790,光伏ETF,0.751,0.754,0.739,0.744,519797100.0,388288433.7,,,,,
2025-03-14,515790,光伏ETF,0.744,0.76,0.741,0.758,711294400.0,534004270.8,,,,,
2025-03-17,515790,光伏ETF,0.762,0.77,0.759,0.762,840952100.0,641856690.3249999,,,,,
2025-03-18,515790,光伏ETF,0.763,0.767,0.76,0.767,543340500.0,415247977.12500006,,,,,
2025-03-19,515790,光伏ETF,0.764,0.769,0.755,0.761,730585900.0,556889102.275,,,,,
2025-03-20,515790,光伏ETF,0.76,0.762,0.752,0.753,474204200.0,358854028.35,,,,,
2025-03-21,515790,光伏ETF,0.752,0.758,0.743,0.744,673127300.0,504340629.525,,,,,
2025-03-24,515790,光伏ETF,0.744,0.748,0.731,0.74,523881900.0,388065517.425,,,,,
2025-03-25,515790,光伏ETF,0.74,0.753,0.739,0.748,776654500.0,578607602.5,,,,,
2025-03-26,515790,光伏ETF,0.745,0.765,0.743,0.756,958100700.0,720731251.5749999,,,,,
2025-03-27,515790,光伏ETF,0.754,0.754,0.742,0.745,559892100.0,419219209.875,,,,,
2025-03-28,515790,光伏ETF,0.746,0.754,0.737,0.738,510014800.0,379323507.5,,,,,
2025-03-31,515790,光伏ETF,0.736,0.737,0.712,0.716,626970300.0,454710210.075,,,,,
2025-04-01,515790,光伏ETF,0.716,0.732,0.715,0.725,449797500.0,324753795.0,,,,,
2025-04-02,515790,光伏ETF,0.723,0.729,0.719,0.723,320723600.0,232043524.59999996,,,,,
2025-04-03,515790,光伏ETF,0.716,0.719,0.705,0.708,662357100.0,471598255.2,,,,,
2025-04-07,515790,光伏ETF,0.669,0.669,0.637,0.637,559269300.0,365202852.90000004,,,,,
2025-04-08,515790,光伏ETF,0.631,0.638,0.617,0.626,800254600.0,502559888.8,,,,,
2025-04-09,515790,光伏ETF,0.615,0.634,0.599,0.631,570700300.0,353691510.925,,,,,
2025-04-10,515790,光伏ETF,0.652,0.658,0.646,0.648,633526700.0,412425881.7,,,,,
2025-04-11,515790,光伏ETF,0.643,0.655,0.642,0.65,326859100.0,211641267.25000003,,,,,
2025-04-14,515790,光伏ETF,0.657,0.661,0.653,0.654,315727400.0,207196106.25,,,,,
2025-04-15,515790,光伏ETF,0.654,0.655,0.646,0.651,224225400.0,146082848.10000002,,,,,
2025-04-16,515790,光伏ETF,0.648,0.648,0.635,0.645,305624500.0,196822178.00000003,,,,,
2025-04-17,515790,光伏ETF,0.642,0.649,0.641,0.644,255977800.0,164849703.20000002,,,,,
2025-04-18,515790,光伏ETF,0.643,0.644,0.638,0.642,258613900.0,165965470.32500002,,,,,
2025-04-21,515790,光伏ETF,0.642,0.645,0.636,0.645,235429800.0,151145931.6,,,,,
2025-04-22,515790,光伏ETF,0.643,0.647,0.639,0.643,359219400.0,230978074.20000002,,,,,
2025-04-23,515790,光伏ETF,0.645,0.652,0.642,0.646,472364800.0,305265752.0,,,,,
2025-04-24,515790,光伏ETF,0.645,0.647,0.637,0.639,372491700.0,239139671.4,,,,,
2025-04-25,515790,光伏ETF,0.639,0.647,0.638,0.643,368638300.0,236573629.025,,,,,
2025-04-28,515790,光伏ETF,0.645,0.65,0.642,0.643,326623800.0,210672351.0,,,,,
2025-04-29,515790,光伏ETF,0.643,0.648,0.64,0.641,250936400.0,161352105.20000002,,,,,
2025-04-30,515790,光伏ETF,0.639,0.648,0.638,0.642,281586500.0,180708136.375,,,,,
2025-05-06,515790,光伏ETF,0.645,0.658,0.644,0.658,420716200.0,273991425.25,,,,,
2025-05-07,515790,光伏ETF,0.666,0.668,0.654,0.658,358602600.0,237215619.9,,,,,
2025-05-08,515790,光伏ETF,0.657,0.672,0.656,0.67,596758500.0,396098454.37500006,,,,,
2025-05-09,515790,光伏ETF,0.67,0.67,0.656,0.659,326667900.0,216825818.62500003,,,,,
2025-05-12,515790,光伏ETF,0.664,0.678,0.664,0.677,1035995600.0,694894048.7,,,,,
2025-05-13,515790,光伏ETF,0.685,0.703,0.682,0.687,1458201600.0,1005065452.8000001,,,,,
2025-05-14,515790,光伏ETF,0.683,0.684,0.673,0.681,617026600.0,419732344.65000004,,,,,
2025-05-15,515790,光伏ETF,0.679,0.679,0.664,0.666,491840500.0,330516816.0,,,,,
2025-05-16,515790,光伏ETF,0.665,0.673,0.664,0.668,318218200.0,212410648.50000003,,,,,
2025-05-19,515790,光伏ETF,0.667,0.667,0.659,0.667,222977300.0,148279904.5,,,,,
2025-05-20,515790,光伏ETF,0.667,0.668,0.661,0.667,310664400.0,206824824.3,,,,,
2025-05-21,515790,光伏ETF,0.667,0.67,0.665,0.666,234560700.0,156451986.9,,,,,
2025-05-22,515790,光伏ETF,0.664,0.667,0.658,0.659,301276200.0,199444844.4,,,,,
2025-05-23,515790,光伏ETF,0.658,0.662,0.649,0.651,395556100.0,259089245.5,,,,,
2025-05-26,515790,光伏ETF,0.65,0.656,0.649,0.652,232805600.0,151731049.8,,,,,
2025-05-27,515790,光伏ETF,0.652,0.653,0.643,0.647,261591200.0,169707290.99999997,,,,,
2025-05-28,515790,光伏ETF,0.647,0.648,0.64,0.642,190905000.0,122990546.25000001,,,,,
2025-05-29,515790,光伏ETF,0.642,0.648,0.642,0.648,245584000.0,158401680.0,,,,,
2025-05-30,515790,光伏ETF,0.647,0.647,0.639,0.64,258723400.0,166423827.04999998,,,,,
2025-06-03,515790,光伏ETF,0.638,0.64,0.635,0.638,276882300.0,176581686.82500002,,,,,
2025-06-04,515790,光伏ETF,0.64,0.646,0.639,0.645,313366600.0,201338040.50000003,,,,,
2025-06-05,515790,光伏ETF,0.646,0.649,0.641,0.649,348474300.0,225201516.375,,,,,
2025-06-06,515790,光伏ETF,0.649,0.65,0.645,0.647,209210500.0,135516101.375,,,,,
2025-06-09,515790,光伏ETF,0.647,0.655,0.645,0.655,441205900.0,287004437.95000005,,,,,
2025-06-10,515790,光伏ETF,0.655,0.657,0.644,0.648,428433400.0,278910143.40000004,,,,,
2025-06-11,515790,光伏ETF,0.648,0.658,0.647,0.656,368829200.0,240568845.7,,,,,
2025-06-12,515790,光伏ETF,0.654,0.655,0.65,0.653,229910300.0,150131425.9,,,,,
2025-06-13,515790,光伏ETF,0.652,0.653,0.642,0.643,330391300.0,213928366.75,,,,,
2025-06-16,515790,光伏ETF,0.642,0.649,0.641,0.646,285370500.0,183921287.25000003,,,,,
2025-06-17,515790,光伏ETF,0.647,0.648,0.642,0.646,326791400.0,211025546.55,,,,,
2025-06-18,515790,光伏ETF,0.645,0.651,0.644,0.648,223934500.0,144885621.5,,,,,
2025-06-19,515790,光伏ETF,0.647,0.65,0.635,0.637,398688200.0,256057496.45,,,,,
2025-06-20,515790,光伏ETF,0.638,0.65,0.637,0.639,446959300.0,286500911.3,,,,,
2025-06-23,515790,光伏ETF,0.635,0.643,0.632,0.642,339088800.0,216338654.4,,,,,
2025-06-24,515790,光伏ETF,0.642,0.653,0.641,0.652,411217700.0,266057851.9,,,,,
2025-06-25,515790,光伏ETF,0.653,0.659,0.647,0.659,623268500.0,407929233.25000006,,,,,
2025-06-26,515790,光伏ETF,0.658,0.662,0.651,0.652,412887800.0,270751174.85,,,,,
2025-06-27,515790,光伏ETF,0.653,0.662,0.653,0.658,954908500.0,626897430.25,,,,,
2025-06-30,515790,光伏ETF,0.664,0.674,0.664,0.674,1073525500.0,718188559.5,,,,,
2025-07-01,515790,光伏ETF,0.672,0.673,0.665,0.671,918419300.0,615570535.825,,,,,
2025-07-02,515790,光伏ETF,0.673,0.692,0.672,0.69,1743968400.0,1188950456.7,,,,,
2025-07-03,515790,光伏ETF,0.688,0.694,0.681,0.691,915069900.0,630025626.15,,,,,
2025-07-04,515790,光伏ETF,0.698,0.7,0.684,0.687,1031567700.0,714102740.325,,,,,
2025-07-07,515790,光伏ETF,0.683,0.689,0.682,0.684,480820700.0,329121769.15,,,,,
2025-07-08,515790,光伏ETF,0.685,0.723,0.683,0.72,2043098900.0,1435787751.975,,,,,
2025-07-09,515790,光伏ETF,0.717,0.725,0.714,0.715,1214272500.0,871544086.875,,,,,
2025-07-10,515790,光伏ETF,0.715,0.739,0.715,0.729,1424569500.0,1032100602.7499999,,,,,
2025-07-11,515790,光伏ETF,0.73,0.733,0.723,0.726,1187525600.0,864518636.8,,,,,
2025-07-14,515790,光伏ETF,0.725,0.73,0.721,0.725,857235700.0,621710191.425,,,,,
2025-07-15,515790,光伏ETF,0.722,0.728,0.71,0.717,843809500.0,606909982.875,,,,,
2025-07-16,515790,光伏ETF,0.716,0.718,0.709,0.718,1054991400.0,754582598.85,,,,,
2025-07-17,515790,光伏ETF,0.723,0.73,0.717,0.724,1256177100.0,908844131.85,,,,,
2025-07-18,515790,光伏ETF,0.725,0.733,0.715,0.719,815632200.0,589702080.6,,,,,
2025-07-21,515790,光伏ETF,0.718,0.73,0.718,0.73,870003500.0,629882534.0,,,,,
2025-07-22,515790,光伏ETF,0.73,0.75,0.724,0.749,1693168300.0,1249981497.4750001,,,,,
2025-07-23,515790,光伏ETF,0.754,0.756,0.736,0.737,1349058100.0,1006060078.0749999,,,,,
2025-07-24,515790,光伏ETF,0.733,0.754,0.731,0.754,957599800.0,711496651.4,,,,,
2025-07-25,515790,光伏ETF,0.754,0.754,0.742,0.745,977842100.0,732159272.375,,,,,
2025-07-28,515790,光伏ETF,0.739,0.744,0.733,0.738,914926700.0,675673367.95,,,,,
2025-07-29,515790,光伏ETF,0.736,0.749,0.731,0.748,952642400.0,705908018.4,,,,,
2025-07-30,515790,光伏ETF,0.746,0.753,0.736,0.739,1083182600.0,805346263.1,,,,,
2025-07-31,515790,光伏ETF,0.735,0.74,0.712,0.716,2053606900.0,1490405207.6749997,,,,,
2025-08-01,515790,光伏ETF,0.716,0.737,0.716,0.729,1070474100.0,775558485.4499999,,,,,
2025-08-04,515790,光伏ETF,0.724,0.724,0.715,0.723,510294900.0,368177770.35,,,,,
2025-08-05,515790,光伏ETF,0.723,0.731,0.722,0.73,425672300.0,309250925.95,,,,,
2025-08-06,515790,光伏ETF,0.729,0.735,0.726,0.733,597741200.0,436799381.90000004,,,,,
2025-08-07,515790,光伏ETF,0.733,0.735,0.721,0.727,500904000.0,365159016.0,,,,,
2025-08-08,515790,光伏ETF,0.725,0.744,0.723,0.732,885096100.0,647005249.0999999,,,,,
2025-08-11,515790,光伏ETF,0.735,0.752,0.734,0.749,885496500.0,657481151.25,,,,,
2025-08-12,515790,光伏ETF,0.748,0.748,0.737,0.747,651735400.0,485542873.00000006,,,,,
2025-08-13,515790,光伏ETF,0.748,0.759,0.745,0.757,835219000.0,628293492.75,,,,,
2025-08-14,515790,光伏ETF,0.757,0.758,0.74,0.746,952744900.0,714796861.225,,,,,
2025-08-15,515790,光伏ETF,0.742,0.778,0.742,0.776,1278348700.0,970905837.6500001,,,,,
2025-08-18,515790,光伏ETF,0.78,0.793,0.777,0.785,1285781500.0,1007731250.6250001,,,,,
2025-08-19,515790,光伏ETF,0.786,0.794,0.778,0.783,712740400.0,559679399.1,,,,,
2025-08-20,515790,光伏ETF,0.787,0.791,0.773,0.789,926324900.0,727165046.5,,,,,
2025-08-21,515790,光伏ETF,0.787,0.795,0.784,0.788,983720200.0,775663377.6999999,,,,,
2025-08-22,515790,光伏ETF,0.786,0.809,0.784,0.808,1191394900.0,949243886.575,,,,,
2025-08-25,515790,光伏ETF,0.813,0.83,0.812,0.826,1102231000.0,904104977.7499999,,,,,
2025-08-26,515790,光伏ETF,0.826,0.83,0.813,0.819,668223400.0,549279634.8000001,,,,,
2025-08-27,515790,光伏ETF,0.816,0.829,0.801,0.801,893819700.0,725558141.475,,,,,
2025-08-28,515790,光伏ETF,0.798,0.827,0.798,0.827,1309049800.0,1063602962.5,,,,,
2025-08-29,515790,光伏ETF,0.828,0.84,0.82,0.831,1370580800.0,1137239418.7999997,,,,,
2025-09-01,515790,光伏ETF,0.832,0.838,0.82,0.836,1205144500.0,1002077651.7499999,,,,,
2025-09-02,515790,光伏ETF,0.837,0.854,0.814,0.819,1265121700.0,1051316132.6999999,,,,,
2025-09-03,515790,光伏ETF,0.823,0.85,0.818,0.841,1455459200.0,1212397513.6,,,,,
2025-09-04,515790,光伏ETF,0.847,0.88,0.832,0.846,2287078100.0,1946875232.625,,,,,
2025-09-05,515790,光伏ETF,0.843,0.913,0.843,0.911,2251862600.0,1976009431.4999998,,,,,
2025-09-08,515790,光伏ETF,0.921,0.926,0.9,0.913,1777165900.0,1626106798.5,,,,,
2025-09-09,515790,光伏ETF,0.9,0.909,0.886,0.891,1101225500.0,987248660.7500001,,,,,
2025-09-10,515790,光伏ETF,0.882,0.885,0.862,0.875,1879327600.0,1646290977.6000001,,,,,
2025-09-11,515790,光伏ETF,0.869,0.904,0.867,0.903,1416082100.0,1254294720.075,,,,,
2025-09-12,515790,光伏ETF,0.902,0.908,0.889,0.892,1356779600.0,1218048885.9,,,,,
2025-09-15,515790,光伏ETF,0.892,0.916,0.892,0.895,1048614000.0,942441832.4999999,,,,,
2025-09-16,515790,光伏ETF,0.895,0.909,0.882,0.899,826248700.0,740525397.3750001,,,,,
2025-09-17,515790,光伏ETF,0.898,0.917,0.89,0.912,1055993900.0,954882484.0750002,,,,,
2025-09-18,515790,光伏ETF,0.912,0.916,0.884,0.897,1139285200.0,1027920071.7,,,,,
2025-09-19,515790,光伏ETF,0.892,0.901,0.887,0.89,707912500.0,631811906.25,,,,,
2025-09-22,515790,光伏ETF,0.889,0.891,0.872,0.882,809949000.0,715589941.5,,,,,
2025-09-23,515790,光伏ETF,0.882,0.897,0.864,0.885,890259500.0,785208878.9999999,,,,,
2025-09-24,515790,光伏ETF,0.882,0.92,0.878,0.918,1125135400.0,1012059292.3000001,,,,,
2025-09-25,515790,光伏ETF,0.92,0.943,0.916,0.934,836117600.0,776126162.2,,,,,
2025-09-26,515790,光伏ETF,0.93,0.941,0.923,0.924,549650300.0,510899953.85,,,,,
2025-09-29,515790,光伏ETF,0.93,0.953,0.927,0.942,698502300.0,655195157.4,,,,,
2025-09-30,515790,光伏ETF,0.942,0.963,0.939,0.954,520598500.0,494308275.75,,,,,
2025-10-09,515790,光伏ETF,0.957,0.994,0.957,0.982,758704700.0,737840320.7499999,,,,,
2025-10-10,515790,光伏ETF,0.976,0.98,0.933,0.94,694459900.0,664771739.275,,,,,
2025-10-13,515790,光伏ETF,0.9,0.928,0.898,0.923,722840400.0,659411154.9,,,,,
2025-10-14,515790,光伏ETF,0.93,0.98,0.926,0.932,1614079700.0,1520463077.4,,,,,
2025-10-15,515790,光伏ETF,0.926,0.959,0.912,0.958,1248678800.0,1172197223.5,,,,,
2025-10-16,515790,光伏ETF,0.953,0.974,0.949,0.968,1037836300.0,997360684.2999998,,,,,
2025-10-17,515790,光伏ETF,0.959,0.965,0.907,0.912,1118866300.0,1046979140.225,,,,,
2025-10-20,515790,光伏ETF,0.919,0.929,0.907,0.913,741814300.0,680243713.1,,,,,
2025-10-21,515790,光伏ETF,0.915,0.931,0.909,0.925,451456900.0,415340347.99999994,,,,,
2025-10-22,515790,光伏ETF,0.919,0.924,0.906,0.909,540286500.0,494092004.25000006,,,,,
2025-10-23,515790,光伏ETF,0.904,0.917,0.889,0.917,696333000.0,631399947.7500001,,,,,
2025-10-24,515790,光伏ETF,0.92,0.936,0.919,0.933,516391500.0,478694920.5,,,,,
2025-10-27,515790,光伏ETF,0.94,0.952,0.929,0.941,560433500.0,527087706.74999994,,,,,
2025-10-28,515790,光伏ETF,0.941,0.945,0.928,0.933,424707400.0,397844656.95,,,,,
2025-10-29,515790,光伏ETF,0.935,1.016,0.935,1.01,1828481200.0,1780940688.8000002,,,,,
2025-10-30,515790,光伏ETF,1.008,1.028,1.004,1.007,1241882800.0,1256474922.8999999,,,,,
2025-10-31,515790,光伏ETF,1.0,1.029,0.99,0.994,1061004800.0,1064453065.6,,,,,
2025-11-03,515790,光伏ETF,0.998,1.03,0.99,1.029,1197576200.0,1211647720.3500001,,,,,
2025-11-04,515790,光伏ETF,1.033,1.035,0.996,1.002,875021000.0,889458846.5000001,,,,,
2025-11-05,515790,光伏ETF,0.982,1.054,0.98,1.048,1318986700.0,1340090487.2,,,,,
2025-11-06,515790,光伏ETF,1.05,1.083,1.049,1.064,1259338500.0,1336787817.7500002,,,,,
2025-11-07,515790,光伏ETF,1.057,1.091,1.05,1.08,1693793900.0,1811512576.0499997,,,,,
2025-11-10,515790,光伏ETF,1.093,1.099,1.074,1.082,1041079500.0,1131653416.5,,,,,
2025-11-11,515790,光伏ETF,1.089,1.107,1.072,1.077,837953600.0,910227098.0,,,,,
2025-11-12,515790,光伏ETF,1.064,1.073,1.015,1.035,1616169900.0,1691725842.825,,,,,
2025-11-13,515790,光伏ETF,1.035,1.069,1.035,1.055,1007936300.0,1056821210.55,,,,,
2025-11-14,515790,光伏ETF,1.04,1.082,1.033,1.045,1055718700.0,1108504634.9999998,,,,,
2025-11-17,515790,光伏ETF,1.039,1.049,1.017,1.03,723411500.0,747826638.125,,,,,
2025-11-18,515790,光伏ETF,1.025,1.036,0.996,1.003,949768200.0,964014722.9999999,,,,,
2025-11-19,515790,光伏ETF,1.001,1.012,0.987,1.002,605623300.0,605926111.65,,,,,
2025-11-20,515790,光伏ETF,1.009,1.012,0.98,0.982,656301900.0,653512616.9250001,,,,,
2025-11-21,515790,光伏ETF,0.96,0.967,0.926,0.928,856411600.0,809523064.9,,,,,
2025-11-24,515790,光伏ETF,0.934,0.937,0.917,0.927,646556200.0,600489070.75,,,,,
2025-11-25,515790,光伏ETF,0.939,0.959,0.934,0.944,720295900.0,679959329.6,,,,,
2025-11-26,515790,光伏ETF,0.946,0.966,0.936,0.952,595086700.0,565332365.0,,,,,
2025-11-27,515790,光伏ETF,0.954,0.972,0.944,0.946,542375100.0,517425845.4,,,,,
2025-11-28,515790,光伏ETF,0.94,0.961,0.94,0.958,364295600.0,345989746.09999996,,,,,
2025-12-01,515790,光伏ETF,0.959,0.961,0.943,0.959,425290800.0,406365359.40000004,,,,,
2025-12-02,515790,光伏ETF,0.955,0.955,0.939,0.943,593377000.0,562521396.0,,,,,
2025-12-03,515790,光伏ETF,0.944,0.952,0.934,0.939,398937100.0,375898482.475,,,,,
2025-12-04,515790,光伏ETF,0.936,0.938,0.926,0.935,366924300.0,342615565.125,,,,,
2025-12-05,515790,光伏ETF,0.935,0.955,0.927,0.953,624201700.0,588310102.25,,,,,
2025-12-08,515790,光伏ETF,0.953,0.972,0.948,0.966,502551200.0,482323514.2,,,,,
2025-12-09,515790,光伏ETF,0.961,0.977,0.956,0.97,542584100.0,524136240.59999996,,,,,
2025-12-10,515790,光伏ETF,0.972,0.972,0.942,0.958,461061700.0,443080293.70000005,,,,,
2025-12-11,515790,光伏ETF,0.956,0.972,0.946,0.947,424969900.0,405952496.97499996,,,,,
2025-12-12,515790,光伏ETF,0.948,0.966,0.945,0.965,361946100.0,346020471.59999996,,,,,
2025-12-15,515790,光伏ETF,0.959,0.97,0.953,0.955,428953600.0,411473740.79999995,,,,,
2025-12-16,515790,光伏ETF,0.95,0.952,0.921,0.927,611419000.0,573205312.5,,,,,
2025-12-17,515790,光伏ETF,0.925,0.947,0.923,0.946,453592500.0,424222385.625,,,,,
2025-12-18,515790,光伏ETF,0.938,0.941,0.928,0.929,280169600.0,261678406.39999998,,,,,
2025-12-19,515790,光伏ETF,0.932,0.944,0.931,0.938,355491400.0,332828823.25,,,,,
2025-12-22,515790,光伏ETF,0.938,0.95,0.938,0.946,285361600.0,269095988.79999995,,,,,
2025-12-23,515790,光伏ETF,0.947,0.956,0.941,0.95,334942200.0,317692676.7,,,,,
2025-12-24,515790,光伏ETF,0.947,0.966,0.938,0.964,649062700.0,619043550.1249999,,,,,
2025-12-25,515790,光伏ETF,0.96,0.972,0.956,0.97,478730500.0,461735567.25,,,,,
2025-12-26,515790,光伏ETF,0.98,0.998,0.977,0.988,874356700.0,861897117.025,,,,,
2025-12-29,515790,光伏ETF,0.988,0.996,0.978,0.984,497982000.0,491259242.99999994,,,,,
2025-12-30,515790,光伏ETF,0.976,0.981,0.971,0.972,365734800.0,356591430.0,,,,,
2025-12-31,515790,光伏ETF,0.973,0.977,0.96,0.962,328020700.0,317524037.59999996,,,,,
2026-01-05,515790,光伏ETF,0.966,0.981,0.966,0.978,414121300.0,402836494.575,,,,,
2026-01-06,515790,光伏ETF,0.979,1.006,0.978,1.004,539241700.0,534792955.97499996,,,,,
2026-01-07,515790,光伏ETF,1.003,1.011,0.996,1.009,472940900.0,475187369.27500004,,,,,
2026-01-08,515790,光伏ETF,1.004,1.025,0.998,1.02,538147800.0,544471036.65,,,,,
2026-01-09,515790,光伏ETF,1.012,1.035,1.01,1.018,784100200.0,798802078.75,,,,,
2026-01-12,515790,光伏ETF,1.013,1.044,1.012,1.037,1020749300.0,1047799156.4499999,,,,,
2026-01-13,515790,光伏ETF,1.035,1.049,1.005,1.032,903108700.0,930427738.1750001,,,,,
2026-01-14,515790,光伏ETF,1.036,1.072,1.026,1.036,1145747300.0,1194441560.25,,,,,
2026-01-15,515790,光伏ETF,1.026,1.05,1.025,1.045,476318500.0,493704125.2499999,,,,,
2026-01-16,515790,光伏ETF,1.067,1.068,1.049,1.058,536095200.0,568528959.6,,,,,
2026-01-19,515790,光伏ETF,1.048,1.08,1.044,1.079,548231300.0,582632814.0749999,,,,,
2026-01-20,515790,光伏ETF,1.075,1.08,1.043,1.05,611637400.0,649558918.8000001,,,,,
2026-01-21,515790,光伏ETF,1.04,1.057,1.035,1.045,518813400.0,541770892.9499999,,,,,
2026-01-22,515790,光伏ETF,1.044,1.064,1.041,1.058,461732300.0,485626946.5250001,,,,,
2026-01-23,515790,光伏ETF,1.067,1.16,1.067,1.155,1779955200.0,1979755171.2,,,,,
2026-01-26,515790,光伏ETF,1.156,1.159,1.114,1.122,1620109000.0,1843279014.75,,,,,
2026-01-27,515790,光伏ETF,1.102,1.138,1.082,1.13,958856900.0,1067207729.7,,,,,
2026-01-28,515790,光伏ETF,1.12,1.125,1.096,1.104,666184500.0,740297525.625,,,,,
2026-01-29,515790,光伏ETF,1.1,1.124,1.088,1.094,652617700.0,718858396.5500001,,,,,
2026-01-30,515790,光伏ETF,1.081,1.092,1.035,1.068,699727700.0,748008911.3,,,,,
2026-02-02,515790,光伏ETF,1.077,1.092,1.057,1.058,612130400.0,655591658.4,,,,,
2026-02-03,515790,光伏ETF,1.074,1.125,1.074,1.122,966850200.0,1062326657.2500001,,,,,
2026-02-04,515790,光伏ETF,1.116,1.16,1.112,1.157,1302188600.0,1479611796.75,,,,,
2026-02-05,515790,光伏ETF,1.143,1.143,1.088,1.094,1009836700.0,1127987593.9,,,,,
2026-02-06,515790,光伏ETF,1.075,1.119,1.068,1.102,701667200.0,765518915.2000002,,,,,
2026-02-09,515790,光伏ETF,1.131,1.159,1.12,1.144,1044984900.0,1189715308.65,,,,,
2026-02-10,515790,光伏ETF,1.134,1.144,1.121,1.125,713647500.0,807135322.4999999,,,,,
2026-02-11,515790,光伏ETF,1.121,1.136,1.113,1.114,491277300.0,550721853.3,,,,,
2026-02-12,515790,光伏ETF,1.113,1.132,1.111,1.128,434503500.0,487078423.4999999,,,,,
2026-02-13,515790,光伏ETF,1.116,1.119,1.092,1.094,588970800.0,650959976.6999999,,,,,
2026-02-24,515790,光伏ETF,1.105,1.121,1.101,1.11,427889600.0,474636538.79999995,,,,,
2026-02-25,515790,光伏ETF,1.105,1.129,1.104,1.123,492352100.0,549095679.5250001,,,,,
2026-02-26,515790,光伏ETF,1.121,1.121,1.101,1.118,502441900.0,560348328.975,,,,,
2026-02-27,515790,光伏ETF,1.109,1.137,1.108,1.136,525373700.0,589731978.25,,,,,
2026-03-02,515790,光伏ETF,1.119,1.157,1.112,1.136,560368800.0,633777112.8,,,,,
2026-03-03,515790,光伏ETF,1.142,1.163,1.107,1.11,868960100.0,982359393.0500001,,,,,
2026-03-04,515790,光伏ETF,1.09,1.129,1.079,1.11,576352000.0,635139904.0,,,,,
2026-03-05,515790,光伏ETF,1.124,1.132,1.116,1.125,391978300.0,440681603.775,,,,,
2026-03-06,515790,光伏ETF,1.121,1.139,1.108,1.127,437789800.0,491966287.7500001,,,,,
2026-03-09,515790,光伏ETF,1.11,1.152,1.109,1.149,960269000.0,1085103970.0,,,,,
2026-03-10,515790,光伏ETF,1.146,1.163,1.134,1.162,678400100.0,781008115.1250001,,,,,
2026-03-11,515790,光伏ETF,1.157,1.198,1.153,1.18,817345900.0,957929394.8,,,,,
2026-03-12,515790,光伏ETF,1.18,1.188,1.156,1.183,870254500.0,1024071982.875,,,,,
2026-03-13,515790,光伏ETF,1.176,1.192,1.16,1.164,688414800.0,807510560.4,,,,,
2026-03-16,515790,光伏ETF,1.163,1.173,1.13,1.135,794870800.0,914300137.7,,,,,
2026-03-17,515790,光伏ETF,1.135,1.156,1.113,1.115,758936900.0,857408962.775,,,,,
2026-03-18,515790,光伏ETF,1.115,1.128,1.099,1.12,549927300.0,613443903.1500001,,,,,
2026-03-19,515790,光伏ETF,1.104,1.127,1.099,1.105,517911500.0,574234375.6250001,,,,,
2026-03-20,515790,光伏ETF,1.105,1.18,1.105,1.138,1188701800.0,1345610437.6000001,,,,,
2026-03-23,515790,光伏ETF,1.13,1.155,1.108,1.122,1022247600.0,1153861978.5000002,,,,,
2026-03-24,515790,光伏ETF,1.131,1.133,1.069,1.124,878806300.0,979209919.775,,,,,
2026-03-25,515790,光伏ETF,1.122,1.147,1.119,1.136,619442600.0,700589580.6,,,,,
2026-03-26,515790,光伏ETF,1.137,1.137,1.102,1.108,520008600.0,582929640.6,,,,,
2026-03-27,515790,光伏ETF,1.092,1.117,1.088,1.107,387585000.0,426731085.0,,,,,
2026-03-30,515790,光伏ETF,1.092,1.098,1.05,1.067,701474500.0,755312667.8749999,,,,,
2026-03-31,515790,光伏ETF,1.06,1.073,1.033,1.034,509760400.0,535248420.0,,,,,
2026-04-01,515790,光伏ETF,1.042,1.055,1.025,1.041,499990000.0,520364592.50000006,,,,,
2026-04-02,515790,光伏ETF,1.031,1.038,1.001,1.007,451152000.0,459836676.0,,,,,
2026-04-03,515790,光伏ETF,1.007,1.011,0.981,0.982,480357400.0,478075702.34999996,,,,,
2026-04-07,515790,光伏ETF,0.98,0.995,0.977,0.984,283326300.0,278793079.2,,,,,
2026-04-08,515790,光伏ETF,1.003,1.031,1.002,1.031,434770100.0,442052499.1749999,,,,,
2026-04-09,515790,光伏ETF,1.019,1.02,1.002,1.017,378512300.0,384000728.34999996,,,,,
2026-04-10,515790,光伏ETF,1.024,1.048,1.024,1.037,416110800.0,429946484.1,,,,,
2026-04-13,515790,光伏ETF,1.028,1.065,1.025,1.056,632417200.0,659927348.1999999,,,,,
2026-04-14,515790,光伏ETF,1.06,1.066,1.048,1.064,353369600.0,374395091.20000005,,,,,
2026-04-15,515790,光伏ETF,1.066,1.072,1.053,1.058,343828500.0,365231824.12500006,,,,,
2026-04-16,515790,光伏ETF,1.055,1.072,1.047,1.07,364995500.0,387260225.5,,,,,
2026-04-17,515790,光伏ETF,1.064,1.075,1.061,1.071,287801000.0,307299517.75,,,,,
2026-04-20,515790,光伏ETF,1.071,1.088,1.066,1.086,292461300.0,315200166.075,,,,,
2026-04-21,515790,光伏ETF,1.086,1.09,1.073,1.082,282360400.0,305725723.09999996,,,,,
2026-04-22,515790,光伏ETF,1.075,1.087,1.072,1.085,306855500.0,331327226.125,,,,,
2026-04-23,515790,光伏ETF,1.089,1.095,1.065,1.078,427997200.0,462985971.1,,,,,
2026-04-24,515790,光伏ETF,1.073,1.076,1.057,1.062,303137900.0,323448139.3,,,,,
2026-04-27,515790,光伏ETF,1.053,1.062,1.044,1.053,276648900.0,291311291.7,,,,,
2026-04-28,515790,光伏ETF,1.045,1.057,1.035,1.04,252282400.0,263445896.2,,,,,
2026-04-29,515790,光伏ETF,1.028,1.064,1.022,1.059,347216800.0,362233926.6,,,,,
2026-04-30,515790,光伏ETF,1.056,1.067,1.052,1.063,424413800.0,449666421.09999996,,,,,
2026-05-06,515790,光伏ETF,1.068,1.089,1.061,1.086,565918300.0,608928090.8000001,,,,,
2026-05-07,515790,光伏ETF,1.094,1.106,1.091,1.101,388363800.0,426423452.40000004,,,,,
2026-05-08,515790,光伏ETF,1.092,1.103,1.083,1.096,302238500.0,330497799.75000006,,,,,
2026-05-11,515790,光伏ETF,1.099,1.133,1.099,1.123,550077200.0,612510962.1999999,,,,,
2026-05-12,515790,光伏ETF,1.126,1.136,1.108,1.122,469834300.0,527623918.9000001,,,,,
2026-05-13,515790,光伏ETF,1.115,1.148,1.114,1.146,636610000.0,719846757.5,,,,,
2026-05-14,515790,光伏ETF,1.156,1.167,1.128,1.128,739544100.0,846593108.4749999,,,,,
2026-05-15,515790,光伏ETF,1.125,1.129,1.08,1.108,960439800.0,1066568397.9000001,,,,,
2026-05-18,515790,光伏ETF,1.097,1.118,1.091,1.101,334686600.0,368740961.55,,,,,
2026-05-19,515790,光伏ETF,1.102,1.118,1.09,1.117,445299100.0,492834778.9250001,,,,,
2026-05-20,515790,光伏ETF,1.11,1.131,1.102,1.126,465555700.0,520142105.82500005,,,,,
2026-05-21,515790,光伏ETF,1.133,1.145,1.088,1.093,631746300.0,704239187.925,,,,,
2026-05-22,515790,光伏ETF,1.094,1.115,1.089,1.111,375027500.0,413374061.87500006,,,,,
2026-05-25,515790,光伏ETF,1.116,1.125,1.103,1.123,351844200.0,392922010.34999996,,,,,
2026-05-26,515790,光伏ETF,1.116,1.126,1.101,1.114,359152300.0,400185450.2750001,,,,,
2026-05-27,515790,光伏ETF,1.115,1.158,1.115,1.12,602782800.0,679336215.6,,,,,
2026-05-28,515790,光伏ETF,1.116,1.131,1.105,1.128,578327700.0,647727024.0000001,,,,,
2026-05-29,515790,光伏ETF,1.128,1.13,1.068,1.075,579237600.0,637306169.4,,,,,
2026-06-01,515790,光伏ETF,1.078,1.099,1.064,1.066,506589500.0,545470244.125,,,,,
2026-06-02,515790,光伏ETF,1.064,1.073,1.025,1.055,349611700.0,368578134.72499996,,,,,
2026-06-03,515790,光伏ETF,1.054,1.083,1.054,1.065,461790700.0,491345304.8,,,,,
2026-06-04,515790,光伏ETF,1.053,1.073,1.044,1.066,361273800.0,382588954.2,,,,,
2026-06-05,515790,光伏ETF,1.06,1.066,1.035,1.04,325803700.0,342175335.925,,,,,
2026-06-08,515790,光伏ETF,1.018,1.026,0.978,0.987,351594000.0,352385086.49999994,,,,,
2026-06-09,515790,光伏ETF,0.996,1.015,0.976,1.014,286150200.0,286221737.54999995,,,,,
2026-06-10,515790,光伏ETF,0.999,1.007,0.971,1.001,455472600.0,452967500.7,,,,,
2026-06-11,515790,光伏ETF,0.988,1.002,0.983,0.998,288218900.0,286129312.975,,,,,
2026-06-12,515790,光伏ETF,1.009,1.024,0.993,0.996,390720500.0,392869462.75,,,,,
2026-06-15,515790,光伏ETF,1.0,1.018,0.99,1.018,248073800.0,249686279.7,,,,,
2026-06-16,515790,光伏ETF,1.016,1.04,1.011,1.034,354471600.0,363422007.9,,,,,
2026-06-17,515790,光伏ETF,1.034,1.044,1.02,1.027,335549800.0,346035731.25,,,,,
2026-06-18,515790,光伏ETF,1.02,1.025,1.011,1.017,260410300.0,265162787.97499996,,,,,
2026-06-22,515790,光伏ETF,1.016,1.044,1.011,1.043,334974500.0,344521273.25,,,,,
2026-06-23,515790,光伏ETF,1.038,1.038,0.992,0.998,309058600.0,314158066.9,,,,,
2026-06-24,515790,光伏ETF,0.99,1.002,0.975,0.998,254517800.0,252290769.25000003,,,,,
2026-06-25,515790,光伏ETF,0.994,1.012,0.987,1.008,234469300.0,234527917.32499996,,,,,
2026-06-26,515790,光伏ETF,1.006,1.036,1.001,1.003,368441100.0,372678172.6499999,,,,,
2026-06-29,515790,光伏ETF,1.0,1.013,0.992,1.011,364020700.0,365476782.8,,,,,
2026-06-30,515790,光伏ETF,1.009,1.044,1.007,1.042,317808300.0,325912411.65000004,,,,,
2026-07-01,515790,光伏ETF,1.035,1.039,1.006,1.024,308747400.0,316774832.40000004,,,,,
2026-07-02,515790,光伏ETF,1.013,1.013,0.969,0.979,385849300.0,383341279.54999995,,,,,
2026-07-03,515790,光伏ETF,0.971,0.98,0.956,0.957,301255600.0,291012909.59999996,,,,,
2026-07-06,515790,光伏ETF,0.957,0.968,0.932,0.936,277089100.0,262749739.075,,,,,
2026-07-07,515790,光伏ETF,0.932,0.942,0.921,0.927,211298900.0,196613626.45000002,,,,,
2026-07-08,515790,光伏ETF,0.926,0.932,0.897,0.899,250447400.0,228783699.9,,,,,
2026-07-09,515790,光伏ETF,0.902,0.914,0.875,0.913,317638800.0,286192558.8,,,,,
2026-07-10,515790,光伏ETF,0.911,0.928,0.897,0.897,262315700.0,238248234.525,,,,,
2026-07-13,515790,光伏ETF,0.889,0.893,0.848,0.849,255915300.0,222582332.175,,,,,
2026-07-14,515790,光伏ETF,0.845,0.855,0.828,0.854,258922000.0,218918550.99999997,,,,,
2026-07-15,515790,光伏ETF,0.854,0.869,0.846,0.85,341811300.0,292163208.675,,,,,
2026-07-16,515790,光伏ETF,0.844,0.849,0.822,0.826,355195200.0,296676790.8,,,,,
2026-07-17,515790,光伏ETF,0.821,0.826,0.789,0.797,393339700.0,317916812.52500004,,,,,
2026-07-20,515790,光伏ETF,0.799,0.808,0.77,0.785,383730000.0,303338565.00000006,,,,,
2026-07-21,515790,光伏ETF,0.788,0.816,0.771,0.815,591249400.0,471521396.5,,,,,
2026-07-22,515790,光伏ETF,0.808,0.832,0.805,0.82,312074700.0,254730973.875,,,,,
2026-07-23,515790,光伏ETF,0.816,0.842,0.816,0.839,311641900.0,258117403.67499998,,,,,
2026-07-24,515790,光伏ETF,0.83,0.836,0.81,0.811,272583700.0,223995655.475,,,,,
2026-07-27,515790,光伏ETF,0.811,0.832,0.811,0.83,212205900.0,174221043.89999998,,,,,
2026-07-28,515790,光伏ETF,0.821,0.828,0.807,0.813,189622600.0,154969069.85,,,,,
2026-07-29,515790,光伏ETF,0.811,0.82,0.791,0.816,276039600.0,223454056.2,,,,,
2026-07-30,515790,光伏ETF,0.804,0.822,0.796,0.804,260195600.0,209847751.4,,,,,
2026-07-31,515790,光伏ETF,0.814,0.829,0.813,0.816,237834900.0,194548948.19999996,,,,,
2026-08-03,515790,光伏ETF,0.815,0.833,0.812,0.832,347309100.0,285835389.3,,,,,
2026-08-04,515790,光伏ETF,0.832,0.845,0.83,0.842,254090900.0,212737606.025,,,,,
2026-08-05,515790,光伏ETF,0.838,0.86,0.836,0.855,282196400.0,239090899.89999998,,,,,
2026-08-06,515790,光伏ETF,0.849,0.853,0.836,0.845,213772700.0,180798261.02499998,,,,,
2026-08-07,515790,光伏ETF,0.845,0.866,0.842,0.866,355147100.0,303561983.725,,,,,
2026-08-10,515790,光伏ETF,0.866,0.868,0.852,0.862,239437400.0,206395038.8,,,,,
2026-08-11,515790,光伏ETF,0.858,0.873,0.853,0.868,267639400.0,230972802.2,,,,,
