rule_id,scope,exec_mode,trade_id,year,line,symbol,name,signal_date,entry_date,original_exit_date,exit_date_new,exit_close_new,ret_original,ret_new,exit_reason,hold_bars,policy,selector,rank_score,trend_score,rebound_score,panic_score,median_ret20,median_ret60,low_pos_rate,deep_drop_rate,median_dd60,sym_252_n,sym_252_avg,sym_252_win,sym_252_pf,line_252_n,line_252_avg,line_252_win,line_252_pf,sym_504_n,sym_504_avg,sym_504_win,sym_504_pf,line_504_n,line_504_avg,line_504_win,line_504_pf,selected_param_id,cold_start,ret_eval,active,extra_rule
base_original,all,original,0,2019,D,159930,能源ETF,2019-01-02,2019-01-03,2019-05-22,2019-05-22,0.723,0.1531100478468898,0.1531100478468898,original,90,priority_DCS_raw_noskip,conservative_tp_center15_profit_first,78.67299697656841,0.1120778750572799,0.6692133043609791,0.7794784580498867,-0.0808580858085807,-0.1015965166908562,0.8571428571428571,0.5714285714285714,-0.1372623574144486,0,,,,0,,,,0,,,,0,,,,D43740,True,0.1531100478468898,True,base_exit_guard
base_original,all,original,1,2019,D,159902,中小板ETF,2019-01-03,2019-01-04,2019-05-23,2019-05-23,2.646,0.149435273675065,0.149435273675065,original,90,priority_DCS_raw_noskip,conservative_tp_center15_profit_first,72.59826152683296,0.1466498697469065,0.6588651192040892,0.7046107331821618,-0.0781249999999998,-0.0618747684327528,0.8571428571428571,0.4285714285714285,-0.1258992805755395,0,,,,0,,,,0,,,,0,,,,D43740,True,0.149435273675065,True,base_exit_guard
base_original,all,original,2,2019,D,159930,能源ETF,2019-01-04,2019-01-07,2019-05-24,2019-05-24,0.716,0.1100775193798448,0.1100775193798448,original,90,priority_DCS_raw_noskip,conservative_tp_center15_profit_first,63.67016250944822,0.2864380819404887,0.5252743981377987,0.6202947845804989,-0.0476973684210526,-0.0527870062753784,0.7142857142857143,0.2857142857142857,-0.0706260032102729,0,,,,0,,,,0,,,,0,,,,D43740,True,0.1100775193798448,True,base_exit_guard
base_original,all,original,3,2019,D,159930,能源ETF,2019-01-07,2019-01-08,2019-05-27,2019-05-27,0.721,0.1109399075500769,0.1109399075500769,original,90,priority_DCS_raw_noskip,conservative_tp_center15_profit_first,59.85213529856387,0.4404648943243786,0.4531156658651475,0.5684051398337113,-0.0160116448326055,-0.0026943802925325,0.5714285714285714,0.0,-0.0635491606714627,0,,,,0,,,,0,,,,0,,,,D43740,True,0.1109399075500769,True,base_exit_guard
base_original,all,original,4,2019,D,159930,能源ETF,2019-01-08,2019-01-09,2019-05-28,2019-05-28,0.723,0.1071975497702908,0.1071975497702908,original,90,priority_DCS_raw_noskip,conservative_tp_center15_profit_first,60.51067649281936,0.3771347776103733,0.4570271768687371,0.5941421012849585,-0.0217706821480404,-0.0068859984697779,0.5714285714285714,0.0,-0.0674157303370787,0,,,,0,,,,0,,,,0,,,,D43740,True,0.1071975497702908,True,base_exit_guard
base_original,all,original,5,2019,D,159930,能源ETF,2019-01-09,2019-01-10,2019-05-29,2019-05-29,0.723,0.1004566210045661,0.1004566210045661,original,90,priority_DCS_raw_noskip,conservative_tp_center15_profit_first,58.0342970521542,0.4004479927458391,0.4577280984104033,0.5452758881330311,-0.0203193033381711,0.0128155339805824,0.4285714285714285,0.0,-0.07223113964687,0,,,,0,,,,0,,,,0,,,,D43740,True,0.1004566210045661,True,base_exit_guard
base_original,all,original,6,2019,D,512880,证券ETF,2019-01-10,2019-01-11,2019-05-30,2019-05-30,0.904,0.1604621309370988,0.1604621309370988,original,90,priority_DCS_raw_noskip,conservative_tp_center15_profit_first,59.98743138230155,0.3823244160641884,0.4595391315164472,0.5704837490551776,-0.0329041487839769,0.0180109631949882,0.4285714285714285,0.0,-0.0731414868105515,0,,,,0,,,,0,,,,0,,,,D43740,True,0.1604621309370988,True,base_exit_guard
base_original,all,original,7,2019,D,159930,能源ETF,2019-01-11,2019-01-14,2019-05-31,2019-05-31,0.722,0.0972644376899696,0.0972644376899696,original,90,priority_DCS_raw_noskip,conservative_tp_center15_profit_first,54.42743764172336,0.4533160204079865,0.4197864040478547,0.4986016628873772,-0.0201149425287354,0.0175131348511383,0.4285714285714285,0.0,-0.0659472422062349,0,,,,0,,,,0,,,,0,,,,D43740,True,0.0972644376899696,True,base_exit_guard
base_original,all,original,8,2019,D,159902,中小板ETF,2019-01-14,2019-01-15,2019-06-03,2019-06-03,2.675,0.1164440734557594,0.1164440734557594,original,90,priority_DCS_raw_noskip,conservative_tp_center15_profit_first,61.218348450491305,0.3961546403644733,0.3719801573067188,0.5732426303854876,-0.043046357615894,0.0490018148820325,0.4285714285714285,0.0,-0.07223113964687,0,,,,0,,,,0,,,,0,,,,D43740,True,0.1164440734557594,True,base_exit_guard
base_original,all,original,9,2019,D,159930,能源ETF,2019-01-15,2019-01-16,2019-06-04,2019-06-04,0.711,0.0723981900452488,0.0723981900452488,original,90,priority_DCS_raw_noskip,conservative_tp_center15_profit_first,53.01256613756614,0.5532094039943479,0.39352892483489,0.4798941798941799,-0.0051194539249146,0.0392156862745096,0.4285714285714285,0.0,-0.0642054574638845,0,,,,0,,,,0,,,,0,,,,D43740,True,0.0723981900452488,True,base_exit_guard
base_original,all,original,10,2019,D,510880,红利ETF,2019-01-16,2019-01-17,2019-06-05,2019-06-05,2.702,0.0688291139240506,0.0688291139240506,original,90,priority_DCS_raw_noskip,conservative_tp_center15_profit_first,66.4777021919879,0.4237257318875895,0.4101145034793078,0.5107709750566893,-0.0144449030127941,-0.0219224283305228,0.5714285714285714,0.0,-0.0644718792866939,0,,,,0,,,,0,,,,0,,,,D43740,True,0.0688291139240506,True,base_exit_guard
base_original,all,original,11,2019,D,510880,红利ETF,2019-01-17,2019-01-18,2019-06-06,2019-06-06,2.675,0.044921875,0.044921875,original,90,priority_DCS_raw_noskip,conservative_tp_center15_profit_first,66.69784580498866,0.3959149929831224,0.4221781305114636,0.5674225245653818,-0.0149812734082397,-0.0017331022530329,0.5714285714285714,0.0,-0.0740740740740739,0,,,,0,,,,0,,,,0,,,,D43740,True,0.044921875,True,base_exit_guard
base_original,all,original,12,2019,D,510880,红利ETF,2019-01-18,2019-01-21,2019-06-10,2019-06-10,2.699,0.0497860754570205,0.0497860754570205,original,90,priority_DCS_raw_noskip,conservative_tp_center15_profit_first,57.53259637188208,0.4900234495410445,0.3567220403165236,0.493575207860922,0.0118870728083209,0.006825938566553,0.375,0.0,-0.0529695024077047,0,,,,0,,,,0,,,,0,,,,D43740,True,0.0497860754570205,True,base_exit_guard
base_original,all,original,13,2019,D,510880,红利ETF,2019-01-21,2019-01-22,2019-06-11,2019-06-11,2.759,0.0836606441476826,0.0836606441476826,original,90,priority_DCS_raw_noskip,conservative_tp_center15_profit_first,55.51162131519274,0.4930028652912821,0.3777613050432159,0.4829176114890401,0.013353115727003,0.006825938566553,0.375,0.0,-0.0563549160671461,0,,,,0,,,,0,,,,0,,,,D43740,True,0.0836606441476826,True,base_exit_guard
base_original,all,original,14,2019,D,510880,红利ETF,2019-01-22,2019-01-23,2019-06-12,2019-06-12,2.741,0.0753236563358179,0.0753236563358179,original,90,priority_DCS_raw_noskip,conservative_tp_center15_profit_first,69.76426681783825,0.3808654673963473,0.3386766120121315,0.6099017384731671,0.0104790419161677,-0.0152542372881355,0.375,0.0,-0.0719424460431653,0,,,,0,,,,0,,,,0,,,,D43740,True,0.0753236563358179,True,base_exit_guard
base_original,all,original,15,2019,D,510880,红利ETF,2019-01-23,2019-01-24,2019-06-13,2019-06-13,2.732,0.0680218921032058,0.0680218921032058,original,90,priority_DCS_raw_noskip,conservative_tp_center15_profit_first,60.65239984882842,0.440066101723268,0.3676393332566162,0.5268707482993197,0.0069204152249136,0.0086655112651645,0.375,0.0,-0.0731414868105515,0,,,,0,,,,0,,,,0,,,,D43740,True,0.0680218921032058,True,base_exit_guard
base_original,all,original,16,2019,D,510880,红利ETF,2019-01-24,2019-01-25,2019-06-14,2019-06-14,2.708,0.0553390491036633,0.0553390491036633,original,90,priority_DCS_raw_noskip,conservative_tp_center15_profit_first,57.439531368102806,0.4657981109639889,0.4081968071002954,0.4860922146636433,0.0193321616871704,0.0092475830180747,0.5,0.0,-0.0690208667736758,0,,,,0,,,,0,,,,0,,,,D43740,True,0.0553390491036633,True,base_exit_guard
base_original,all,original,17,2019,D,510880,红利ETF,2019-01-25,2019-01-28,2019-06-17,2019-06-17,2.716,0.0580444098169068,0.0580444098169068,original,90,priority_DCS_raw_noskip,conservative_tp_center15_profit_first,55.85411942554799,0.4618597102714298,0.3822847496281384,0.4755479969765684,0.019578313253012,0.0049937578027465,0.5,0.0,-0.0686463555726957,0,,,,0,,,,0,,,,0,,,,D43740,True,0.0580444098169068,True,base_exit_guard
base_original,all,original,18,2019,D,510880,红利ETF,2019-01-28,2019-01-29,2019-06-18,2019-06-18,2.719,0.0546935608999223,0.0546935608999223,original,90,priority_DCS_raw_noskip,conservative_tp_center15_profit_first,59.280990173847314,0.4657079638719875,0.306845250502342,0.5487150415721844,0.030441400304414,-0.0110429447852758,0.25,0.0,-0.0674893945237176,0,,,,0,,,,0,,,,0,,,,D43740,True,0.0546935608999223,True,base_exit_guard
base_original,all,original,19,2019,D,512660,军工ETF,2019-01-29,2019-01-30,2019-06-19,2019-06-19,0.713,0.1123244929797191,0.1123244929797191,original,90,priority_DCS_raw_noskip,conservative_tp_center15_profit_first,61.685835490072336,0.409847099651586,0.3706198951781586,0.6190476190476191,0.0369799691833589,-0.0362616822429906,0.375,0.0,-0.0759737755495565,0,,,,0,,,,0,,,,0,,,,D43740,True,0.1123244929797191,True,base_exit_guard
base_original,all,original,20,2019,D,510880,红利ETF,2019-01-30,2019-01-31,2019-06-20,2019-06-20,2.786,0.0777562862669245,0.0777562862669245,original,90,priority_DCS_raw_noskip,conservative_tp_center15_profit_first,65.69775132275132,0.3553408871617414,0.4129355420343519,0.6529100529100529,0.0355411954765751,-0.0469208211143695,0.5,0.0,-0.0879290397223292,0,,,,0,,,,0,,,,0,,,,D43740,True,0.0777562862669245,True,base_exit_guard
base_original,all,original,21,2019,D,512400,有色金属ETF,2019-01-31,2019-02-01,2019-06-21,2019-06-21,0.675,0.1946902654867257,0.1946902654867257,original,90,priority_DCS_raw_noskip,conservative_tp_center15_profit_first,64.39550960125018,0.3670486904007199,0.4635741559717945,0.6439531368102798,0.0209320695102686,-0.0501474926253687,0.75,0.0,-0.0879290397223292,0,,,,0,,,,0,,,,0,,,,D43740,True,0.1946902654867257,True,base_exit_guard
base_original,all,original,22,2019,D,510880,红利ETF,2019-02-01,2019-02-11,2019-06-24,2019-06-24,2.794,0.0655987795575896,0.0655987795575896,original,90,priority_DCS_raw_noskip,conservative_tp_center15_profit_first,55.66846182917612,0.4675850953185895,0.2868837197253409,0.5905517762660619,0.0127551020408163,-0.0164724789071916,0.125,0.0,-0.0559197840339374,0,,,,0,,,,0,,,,0,,,,D43740,True,0.0655987795575896,True,base_exit_guard
base_original,all,original,23,2019,D,510880,红利ETF,2019-02-11,2019-02-12,2019-06-25,2019-06-25,2.769,0.0484664899659219,0.0484664899659219,original,90,priority_DCS_raw_noskip,conservative_tp_center15_profit_first,51.626039304610735,0.5356419211796591,0.2576897093541427,0.5371504157218443,0.0119644924739481,0.0104790419161677,0.125,0.0,-0.0311750599520382,0,,,,0,,,,0,,,,0,,,,D43740,True,0.0484664899659219,True,base_exit_guard
base_original,all,original,24,2019,D,510880,红利ETF,2019-02-12,2019-02-13,2019-06-26,2019-06-26,2.775,0.0385479041916165,0.0385479041916165,original,90,priority_DCS_raw_noskip,conservative_tp_center15_profit_first,46.6005291005291,0.6005323810864518,0.2660410893552638,0.4677248677248679,0.0173343605546996,0.0225225225225225,0.125,0.0,-0.0239808153477218,0,,,,0,,,,0,,,,0,,,,D43740,True,0.0385479041916165,True,base_exit_guard
base_original,all,original,25,2019,D,510880,红利ETF,2019-02-13,2019-02-14,2019-06-27,2019-06-27,2.797,0.0448262980948823,0.0448262980948823,original,90,priority_DCS_raw_noskip,conservative_tp_center15_profit_first,37.29166666666667,0.7158706107665379,0.2281811227353811,0.3698412698412698,0.0397923875432526,0.0136570561456752,0.0,0.0,-0.0007479431563199,0,,,,0,,,,0,,,,0,,,,D43740,True,0.0448262980948823,True,base_exit_guard
base_original,all,original,26,2019,D,159930,能源ETF,2019-02-14,2019-02-15,2019-06-28,2019-06-28,0.733,0.0623188405797101,0.0623188405797101,original,90,priority_DCS_raw_noskip,conservative_tp_center15_profit_first,38.15098261526833,0.7243234303174284,0.2358909655552764,0.3893424036281179,0.0474732006125575,0.0101886792452829,0.0,0.0,-0.0011890606420927,0,,,,0,,,,0,,,,0,,,,D43740,True,0.0623188405797101,True,base_exit_guard
base_original,all,original,27,2019,D,510880,红利ETF,2019-02-15,2019-02-18,2019-07-01,2019-07-01,2.826,0.0474425500370645,0.0474425500370645,original,90,priority_DCS_raw_noskip,conservative_tp_center15_profit_first,56.39455782312925,0.6885350115686184,0.2469373678727431,0.5339758125472411,0.0292598967297763,0.0049523809523808,0.0,0.0,-0.0249702734839477,0,,,,0,,,,0,,,,0,,,,D43740,True,0.0474425500370645,True,base_exit_guard
base_original,all,original,28,2019,D,510880,红利ETF,2019-04-26,2019-04-29,2019-09-06,2019-09-06,2.85,0.0010537407797681,0.0010537407797681,original,90,priority_DCS_raw_noskip,conservative_tp_center15_profit_first,79.32020030234315,0.6614547468915227,0.2051557705425702,0.8116024187452758,-0.0044060559006211,0.1647362775364974,0.0,0.0,-0.0875625155042733,0,,,,0,,,,0,,,,0,,,,D43740,True,0.0010537407797681,True,base_exit_guard
base_original,all,original,29,2019,D,510880,红利ETF,2019-04-29,2019-04-30,2019-09-09,2019-09-09,2.864,-0.0034794711203898,-0.0034794711203898,original,90,priority_DCS_raw_noskip,conservative_tp_center15_profit_first,81.35251322751323,0.3855541885380936,0.3251405853039519,0.8714285714285714,-0.0646770512396931,0.149306606295719,0.0,0.25,-0.1141734011297681,0,,,,0,,,,0,,,,0,,,,D43740,True,-0.0034794711203898,True,base_exit_guard
base_original,all,original,30,2019,D,510880,红利ETF,2019-04-30,2019-05-06,2019-09-10,2019-09-10,2.855,0.0415906603429405,0.0415906603429405,original,90,priority_DCS_raw_noskip,conservative_tp_center15_profit_first,69.73970143613,0.4108136897712689,0.387232374943914,0.7694633408919123,-0.0818855970871128,0.1507405913856693,0.0,0.5,-0.1091103308480349,0,,,,0,,,,0,,,,0,,,,D43740,True,0.0415906603429405,True,base_exit_guard
base_original,all,original,31,2019,D,512950,央企改革ETF,2019-05-06,2019-05-07,2019-09-11,2019-09-11,1.028,0.0565262076053443,0.0565262076053443,original,90,priority_DCS_raw_noskip,conservative_tp_center15_profit_first,97.61337868480726,0.2567152039967286,0.5345122610846728,0.9522675736961452,-0.1548392205187137,0.0877751207280831,0.25,0.875,-0.1745708839100861,0,,,,0,,,,0,,,,0,,,,D43740,True,0.0565262076053443,True,base_exit_guard
base_original,all,original,32,2019,D,510880,红利ETF,2019-05-07,2019-05-08,2019-09-12,2019-09-12,2.866,0.0456037942356803,0.0456037942356803,original,90,priority_DCS_raw_noskip,conservative_tp_center15_profit_first,80.71995464852608,0.2649977860835241,0.5446996606800033,0.853817082388511,-0.1602574473644663,0.0999171216848673,0.25,0.875,-0.164259777185933,0,,,,0,,,,0,,,,0,,,,D43740,True,0.0456037942356803,True,base_exit_guard
base_original,all,original,33,2019,D,512950,央企改革ETF,2019-05-08,2019-05-09,2019-09-16,2019-09-16,1.034,0.0838574423480085,0.0838574423480085,original,90,priority_DCS_raw_noskip,conservative_tp_center15_profit_first,89.45049130763417,0.2688825335305435,0.5790995974197554,0.8894179894179893,-0.1665864823860286,0.1066467069273373,0.25,1.0,-0.1665864823860286,0,,,,0,,,,0,,,,0,,,,D43740,True,0.0838574423480085,True,base_exit_guard
base_original,all,original,34,2019,D,510880,红利ETF,2019-05-09,2019-05-10,2019-09-17,2019-09-17,2.84,0.0289855072463769,0.0289855072463769,original,90,priority_DCS_raw_noskip,conservative_tp_center15_profit_first,91.1130007558579,0.2513755252452877,0.5848644212264976,0.9003023431594859,-0.1587968166438364,0.0818584070796459,0.25,1.0,-0.1712981225516425,0,,,,0,,,,0,,,,0,,,,D43740,True,0.0289855072463769,True,base_exit_guard
base_original,all,original,35,2019,D,510880,红利ETF,2019-05-10,2019-05-13,2019-09-18,2019-09-18,2.843,0.044452608376194,0.044452608376194,original,90,priority_DCS_raw_noskip,conservative_tp_center15_profit_first,82.36441798941799,0.2647409074908616,0.5435248673123179,0.8526455026455027,-0.12468582638111,0.0886662088197955,0.0,1.0,-0.1382301843930737,0,,,,0,,,,0,,,,0,,,,D43740,True,0.044452608376194,True,base_exit_guard
base_original,all,original,36,2019,D,510880,红利ETF,2019-05-13,2019-05-14,2019-09-19,2019-09-19,2.846,0.0517368810051737,0.0517368810051737,original,90,priority_DCS_raw_noskip,conservative_tp_center15_profit_first,90.13227513227514,0.2462591934358385,0.6786949473483725,0.8846560846560847,-0.1367208520179372,0.0704843258484819,0.125,1.0,-0.1514724851931293,0,,,,0,,,,0,,,,0,,,,D43740,True,0.0517368810051737,True,base_exit_guard
base_original,all,original,37,2019,D,510880,红利ETF,2019-05-14,2019-05-15,2019-09-20,2019-09-20,2.847,0.0364033491081179,0.0364033491081179,original,90,priority_DCS_raw_noskip,conservative_tp_center15_profit_first,89.62679516250944,0.228286152666016,0.6375294173998369,0.8963718820861678,-0.1262302074265197,0.047419119918789,0.125,1.0,-0.1580101966000208,0,,,,0,,,,0,,,,0,,,,D43740,True,0.0364033491081179,True,base_exit_guard
base_original,all,original,38,2019,D,510880,红利ETF,2019-05-15,2019-05-16,2019-09-23,2019-09-23,2.819,0.021376811594203,0.021376811594203,original,90,priority_DCS_raw_noskip,conservative_tp_center15_profit_first,80.98828420256991,0.2513534375506026,0.6549441858765467,0.8142101284958427,-0.1110050151844425,0.0660303599978916,0.125,0.875,-0.145076442544797,0,,,,0,,,,0,,,,0,,,,D43740,True,0.021376811594203,True,base_exit_guard
base_original,all,original,39,2019,D,510880,红利ETF,2019-05-16,2019-05-17,2019-09-24,2019-09-24,2.822,0.0436390532544377,0.0436390532544377,original,90,priority_DCS_raw_noskip,conservative_tp_center15_profit_first,79.3603552532124,0.2667392904719378,0.6539837145663838,0.7690854119425549,-0.0987690259011312,0.0764216621481407,0.0,0.875,-0.1377799688896827,0,,,,0,,,,0,,,,0,,,,D43740,True,0.0436390532544377,True,base_exit_guard
base_original,all,original,40,2019,D,510880,红利ETF,2019-05-17,2019-05-20,2019-09-25,2019-09-25,2.795,0.038647342995169,0.038647342995169,original,90,priority_DCS_raw_noskip,conservative_tp_center15_profit_first,91.25283446712018,0.1842840771588683,0.6079949232107549,0.8726757369614512,-0.14246802704464,0.0080854354638437,0.125,1.0,-0.1628926204069054,0,,,,0,,,,0,,,,0,,,,D43740,True,0.038647342995169,True,base_exit_guard
base_original,all,original,41,2019,D,159902,中小板ETF,2019-05-20,2019-05-21,2019-09-26,2019-09-26,2.941,0.0753199268738573,0.0753199268738573,original,90,priority_DCS_raw_noskip,conservative_tp_center15_profit_first,87.72014361300076,0.1800407641448345,0.631805831240384,0.8119425547996977,-0.1466823753263419,0.0048678720445062,0.125,1.0,-0.1601479870415862,0,,,,0,,,,0,,,,0,,,,D43740,True,0.0753199268738573,True,base_exit_guard
base_original,all,original,42,2019,D,510880,红利ETF,2019-05-21,2019-05-22,2019-09-27,2019-09-27,2.781,0.0243093922651935,0.0243093922651935,original,90,priority_DCS_raw_noskip,conservative_tp_center15_profit_first,79.82426303854875,0.2054174858887892,0.6650611638571404,0.7538926681783823,-0.1216298805615702,0.0227550072953972,0.125,1.0,-0.1470883910577869,0,,,,0,,,,0,,,,0,,,,D43740,True,0.0243093922651935,True,base_exit_guard
base_original,all,original,43,2019,D,512880,证券ETF,2019-05-22,2019-05-23,2019-09-30,2019-09-30,0.941,0.0525727069351229,0.0525727069351229,original,90,priority_DCS_raw_noskip,conservative_tp_center15_profit_first,85.84131069410432,0.1922521144655311,0.622825006327476,0.825774754346183,-0.1334957744741225,0.0136154766961423,0.125,1.0,-0.1507263275587633,0,,,,0,,,,0,,,,0,,,,D43740,True,0.0525727069351229,True,base_exit_guard
base_original,all,original,44,2019,D,159902,中小板ETF,2019-05-23,2019-05-24,2019-10-08,2019-10-08,2.931,0.1148725751236212,0.1148725751236212,original,90,priority_DCS_raw_noskip,conservative_tp_center15_profit_first,93.97439531368104,0.14129734908125,0.6223222052341526,0.9036281179138324,-0.1327272727272727,-0.036141820053492,0.25,1.0,-0.1679280083238933,0,,,,1,0.1531100478468898,1.0,,0,,,,1,0.1531100478468898,1.0,,D43740,True,0.1148725751236212,True,base_exit_guard
base_original,all,original,45,2019,D,159902,中小板ETF,2019-05-24,2019-05-27,2019-10-09,2019-10-09,2.942,0.0928677563150073,0.0928677563150073,original,90,priority_DCS_raw_noskip,conservative_tp_center15_profit_first,89.17280801209372,0.0887799083231373,0.6629953934602633,0.8671201814058961,-0.1269841269841269,-0.0983883067028046,0.25,1.0,-0.1807214028828705,1,0.149435273675065,1.0,,2,0.1512726607609774,1.0,,1,0.149435273675065,1.0,,2,0.1512726607609774,1.0,,D43740,True,0.0928677563150073,True,base_exit_guard
base_original,all,original,46,2019,D,510880,红利ETF,2019-05-27,2019-05-28,2019-10-10,2019-10-10,2.807,0.0338858195211786,0.0338858195211786,original,90,priority_DCS_raw_noskip,conservative_tp_center15_profit_first,82.63652683295541,0.1111335279890108,0.6691235508375342,0.8117913832199547,-0.1137864669462301,-0.0761759739278416,0.125,1.0,-0.1560424566001841,0,,,,3,0.1375409469672665,1.0,,0,,,,3,0.1375409469672665,1.0,,D43740,True,0.0338858195211786,True,base_exit_guard
base_original,all,original,47,2019,D,510880,红利ETF,2019-05-28,2019-05-29,2019-10-11,2019-10-11,2.836,0.0434142752023545,0.0434142752023545,original,90,priority_DCS_raw_noskip,conservative_tp_center15_profit_first,82.47921390778535,0.1300770592394616,0.5701531831031224,0.8122826908541196,-0.0867524069390834,-0.0725480778112357,0.125,0.75,-0.1573057584622229,0,,,,4,0.1308906871129691,1.0,,0,,,,4,0.1308906871129691,1.0,,D43740,True,0.0434142752023545,True,base_exit_guard
base_original,all,original,48,2019,D,510880,红利ETF,2019-05-29,2019-05-30,2019-10-14,2019-10-14,2.862,0.0529801324503311,0.0529801324503311,original,90,priority_DCS_raw_noskip,conservative_tp_center15_profit_first,79.1010015117158,0.1630290491526398,0.5,0.7463718820861678,-0.0653617701465991,-0.0581757862661186,0.125,0.375,-0.1529253225122645,0,,,,5,0.1261520596444334,1.0,,0,,,,5,0.1261520596444334,1.0,,D43740,True,0.0529801324503311,True,base_exit_guard
base_original,all,original,49,2019,D,512880,证券ETF,2019-05-30,2019-05-31,2019-10-15,2019-10-15,0.964,0.0723025583982202,0.0723025583982202,original,90,priority_DCS_raw_noskip,conservative_tp_center15_profit_first,81.17751599446319,0.1660787284855445,0.5233905963011034,0.7321239606953892,-0.0606843169467964,-0.0609097843528928,0.125,0.375,-0.152430198049785,0,,,,6,0.1218694865377889,1.0,,0,,,,6,0.1218694865377889,1.0,,D43740,True,0.0723025583982202,True,base_exit_guard
base_original,all,original,50,2019,D,510880,红利ETF,2019-05-31,2019-06-03,2019-10-16,2019-10-16,2.842,0.0522028878193261,0.0522028878193261,original,90,priority_DCS_raw_noskip,conservative_tp_center15_profit_first,78.99896069538926,0.1493737144088921,0.5298147427857506,0.7231670445956161,-0.0655680559750327,-0.073368694852878,0.125,0.375,-0.1469268470632358,0,,,,7,0.127382721451976,1.0,,0,,,,7,0.127382721451976,1.0,,D43740,True,0.0522028878193261,True,base_exit_guard
base_original,all,original,51,2019,D,510880,红利ETF,2019-06-03,2019-06-04,2019-10-17,2019-10-17,2.827,0.0505388331475289,0.0505388331475289,original,90,priority_DCS_raw_noskip,conservative_tp_center15_profit_first,81.525888133031,0.2261573845388305,0.4255611341070737,0.7740362811791384,-0.0089465367694703,-0.0947992444033599,0.25,0.0,-0.1597472896856641,0,,,,8,0.1236179359817252,1.0,,0,,,,8,0.1236179359817252,1.0,,D43740,True,0.0505388331475289,True,base_exit_guard
base_original,all,original,52,2019,D,159902,中小板ETF,2019-06-04,2019-06-05,2019-10-18,2019-10-18,2.963,0.1240515933232169,0.1240515933232169,original,90,priority_DCS_raw_noskip,conservative_tp_center15_profit_first,85.23431594860168,0.1661878555203988,0.3977872009271399,0.8329931972789117,-0.0296031526024257,-0.1237286738009529,0.25,0.0,-0.1742989522136757,2,0.1329396735654122,1.0,,9,0.1228208401455068,1.0,,2,0.1329396735654122,1.0,,9,0.1228208401455068,1.0,,D43740,True,0.1240515933232169,True,base_exit_guard
base_original,all,original,53,2019,D,510880,红利ETF,2019-06-05,2019-06-06,2019-10-21,2019-10-21,2.803,0.0478504672897197,0.0478504672897197,original,90,priority_DCS_raw_noskip,conservative_tp_center15_profit_first,78.83219954648527,0.195586953531532,0.4058199997095527,0.784315948601663,-0.0138499431961029,-0.1254586412273666,0.25,0.0,-0.1726530797650051,0,,,,10,0.117778575135481,1.0,,0,,,,10,0.117778575135481,1.0,,D43740,True,0.0478504672897197,True,base_exit_guard
base_original,all,original,54,2019,D,159902,中小板ETF,2019-06-06,2019-06-10,2019-10-22,2019-10-22,3.011,0.146174343357442,0.146174343357442,original,90,priority_DCS_raw_noskip,conservative_tp_center15_profit_first,89.34098639455783,0.2105836866478903,0.3866377694237358,0.8731292517006805,-0.016570020380395,-0.0949324125458546,0.25,0.0,-0.1839152686088062,2,0.1329396735654122,1.0,,11,0.11332862411626,1.0,,2,0.1329396735654122,1.0,,11,0.11332862411626,1.0,,D43740,True,0.146174343357442,True,base_exit_guard
base_original,all,original,55,2019,D,512880,证券ETF,2019-06-10,2019-06-11,2019-10-23,2019-10-23,0.919,-0.0128893662728248,-0.0128893662728248,original,90,priority_DCS_raw_noskip,conservative_tp_center15_profit_first,81.44346946516325,0.1469675132466107,0.4281029193319894,0.7718820861678004,-0.0460934028033382,-0.1104843537898861,0.25,0.125,-0.1763027980317966,1,0.1604621309370988,1.0,,12,0.107628061689905,1.0,,1,0.1604621309370988,1.0,,12,0.107628061689905,1.0,,D43740,True,-0.0128893662728248,True,base_exit_guard
base_original,all,original,56,2019,D,510880,红利ETF,2019-06-11,2019-06-12,2019-10-24,2019-10-24,2.807,0.0240788033564391,0.0240788033564391,original,90,priority_DCS_raw_noskip,conservative_tp_center15_profit_first,73.80007558578987,0.2352570035158316,0.4465932414825357,0.736583522297808,-0.0003661238931662,-0.1069330855018587,0.125,0.0,-0.1499997970087204,3,0.0545123547936903,1.0,,13,0.1031786781335293,1.0,,3,0.0545123547936903,1.0,,13,0.1031786781335293,1.0,,D43740,True,0.0240788033564391,True,base_exit_guard
base_original,all,original,57,2019,D,510880,红利ETF,2019-06-12,2019-06-13,2019-10-25,2019-10-25,2.81,0.0285505124450951,0.0285505124450951,original,90,priority_DCS_raw_noskip,conservative_tp_center15_profit_first,78.58843537414967,0.2486376032263905,0.4506251072031197,0.7569538926681786,0.002268390624555,-0.0958813475990915,0.125,0.0,-0.1517196878924664,4,0.0617994271321884,1.0,,14,0.1017845328488259,1.0,,4,0.0617994271321884,1.0,,14,0.1017845328488259,1.0,,D43740,True,0.0285505124450951,True,base_exit_guard
base_original,all,original,58,2019,D,510880,红利ETF,2019-06-13,2019-06-14,2019-10-28,2019-10-28,2.82,0.0413589364844901,0.0413589364844901,original,90,priority_DCS_raw_noskip,conservative_tp_center15_profit_first,76.05536659108088,0.2231750569671045,0.4484761490454704,0.7294406651549508,-0.015828600929272,-0.0807170224411604,0.125,0.0,-0.15233678138213,5,0.0645042729729143,1.0,,15,0.1000204744146254,1.0,,5,0.0645042729729143,1.0,,15,0.1000204744146254,1.0,,D43740,True,0.0413589364844901,True,base_exit_guard
base_original,all,original,59,2019,D,159902,中小板ETF,2019-06-14,2019-06-17,2019-10-29,2019-10-29,3.054,0.1546313799621927,0.1546313799621927,original,90,priority_DCS_raw_noskip,conservative_tp_center15_profit_first,81.10260770975057,0.1960259528071307,0.4823227380207515,0.7748299319727892,-0.0258047540288959,-0.0904752629528633,0.25,0.0,-0.1627770428338527,2,0.1329396735654122,1.0,,16,0.0980205630201617,1.0,,2,0.1329396735654122,1.0,,16,0.0980205630201617,1.0,,D43740,True,0.1546313799621927,True,base_exit_guard
base_original,all,original,60,2019,D,512660,军工ETF,2019-06-17,2019-06-18,2019-10-30,2019-10-30,0.741,0.0585714285714287,0.0585714285714287,original,90,priority_DCS_raw_noskip,conservative_tp_center15_profit_first,77.12013359367043,0.2103456409700952,0.4576146797326642,0.7447467876039304,-0.009838422691657,-0.114852485174302,0.25,0.0,-0.1658561018209753,0,,,,17,0.0955098857309559,1.0,,0,,,,17,0.0955098857309559,1.0,,D43740,True,0.0585714285714287,True,base_exit_guard
base_original,all,original,61,2019,D,512660,军工ETF,2019-06-18,2019-06-19,2019-10-31,2019-10-31,0.738,0.0350631136044881,0.0350631136044881,original,90,priority_DCS_raw_noskip,conservative_tp_center15_profit_first,75.3535133696461,0.2163891760604606,0.3964528531305098,0.7128873771730915,-0.0051321255399053,-0.1206594093405374,0.25,0.0,-0.1659752069090292,0,,,,18,0.0934284704023976,1.0,,0,,,,18,0.0934284704023976,1.0,,D43740,True,0.0350631136044881,True,base_exit_guard
base_original,all,original,62,2019,D,512660,军工ETF,2019-06-19,2019-06-20,2019-11-01,2019-11-01,0.743,0.0220082530949106,0.0220082530949106,original,90,priority_DCS_raw_noskip,conservative_tp_center15_profit_first,69.77554841047481,0.238576593228663,0.4076807983133289,0.6885109599395315,-0.0003338628926956,-0.1022749541579765,0.125,0.0,-0.1534346124490492,0,,,,19,0.0913897909548989,1.0,,0,,,,19,0.0913897909548989,1.0,,D43740,True,0.0220082530949106,True,base_exit_guard
base_original,all,original,63,2019,D,512660,军工ETF,2019-06-20,2019-06-21,2019-11-04,2019-11-04,0.741,0.0013513513513514,0.0013513513513514,original,90,priority_DCS_raw_noskip,conservative_tp_center15_profit_first,69.15092116585049,0.3360406868238632,0.4080721501360886,0.6961829176114892,0.0191683204041133,-0.0813808995949321,0.0,0.0,-0.1290629913976504,1,0.1123244929797191,1.0,,20,0.0924365260561399,1.0,,1,0.1123244929797191,1.0,,20,0.0924365260561399,1.0,,D43740,True,0.0013513513513514,True,base_exit_guard
base_original,all,original,64,2019,D,510880,红利ETF,2019-06-21,2019-06-24,2019-11-05,2019-11-05,2.811,0.006084466714388,0.006084466714388,original,90,priority_DCS_raw_noskip,conservative_tp_center15_profit_first,66.02938397581255,0.4328837975932727,0.4390926160584996,0.6535903250188966,0.0438488156768984,-0.0681269266146002,0.0,0.0,-0.1180739983755538,10,0.0636376563055194,1.0,,21,0.0917374670185582,1.0,,10,0.0636376563055194,1.0,,21,0.0917374670185582,1.0,,D43740,True,0.006084466714388,True,base_exit_guard
base_original,all,original,65,2019,D,512660,军工ETF,2019-06-24,2019-06-25,2019-11-06,2019-11-06,0.753,0.0272851296043656,0.0272851296043656,original,90,priority_DCS_raw_noskip,conservative_tp_center15_profit_first,67.06653258158325,0.4557929993435798,0.4476239483658967,0.662660619803477,0.0476441631504922,-0.0493682705380443,0.0,0.0,-0.1193921003087699,1,0.1123244929797191,1.0,,22,0.0964171396762022,1.0,,1,0.1123244929797191,1.0,,22,0.0964171396762022,1.0,,D43740,True,0.0272851296043656,True,base_exit_guard
base_original,all,original,66,2019,D,510880,红利ETF,2019-06-25,2019-06-26,2019-11-07,2019-11-07,2.801,0.0093693693693694,0.0093693693693694,original,90,priority_DCS_raw_noskip,conservative_tp_center15_profit_first,73.9181783824641,0.4197473520978206,0.441017588868228,0.7012471655328798,0.021321089545689,-0.0394855191303024,0.0,0.0,-0.1225146207982321,11,0.0638159402375258,1.0,,23,0.095077210975393,1.0,,11,0.0638159402375258,1.0,,23,0.095077210975393,1.0,,D43740,True,0.0093693693693694,True,base_exit_guard
base_original,all,original,67,2019,D,512880,证券ETF,2019-06-26,2019-06-27,2019-11-08,2019-11-08,0.928,-0.0635721493440968,-0.0635721493440968,original,90,priority_DCS_raw_noskip,conservative_tp_center15_profit_first,71.01061326474597,0.4151356353179004,0.4147650087290608,0.6858276643990929,0.0224368873179826,-0.0464666141667011,0.0,0.0,-0.132798769771529,1,0.1604621309370988,1.0,,24,0.0931350975999983,1.0,,1,0.1604621309370988,1.0,,24,0.0931350975999983,1.0,,D43740,True,-0.0635721493440968,True,base_exit_guard
base_original,all,original,68,2019,D,510880,红利ETF,2019-06-27,2019-06-28,2019-11-11,2019-11-11,2.74,-0.0165111270638907,-0.0165111270638907,original,90,priority_DCS_raw_noskip,conservative_tp_center15_profit_first,67.2543461829176,0.4384280841914596,0.3853640786935207,0.6784202569916856,0.0290254982883835,-0.0353020554712161,0.0,0.0,-0.1251133105170658,13,0.0606915182131017,1.0,,25,0.090951609863663,1.0,,13,0.0606915182131017,1.0,,25,0.090951609863663,1.0,,D43740,True,-0.0165111270638907,True,base_exit_guard
base_original,all,original,69,2019,D,510880,红利ETF,2019-06-28,2019-07-01,2019-11-12,2019-11-12,2.745,-0.0286624203821656,-0.0286624203821656,original,90,priority_DCS_raw_noskip,conservative_tp_center15_profit_first,76.00292894935752,0.3541404069431447,0.3607993673583196,0.7789871504157219,0.0270471003280312,-0.077738244787237,0.0,0.0,-0.1288421515123485,14,0.0595582882046574,1.0,,26,0.0891775594110176,1.0,,14,0.0595582882046574,1.0,,26,0.0891775594110176,1.0,,D43740,True,-0.0286624203821656,True,base_exit_guard
base_original,all,original,70,2019,D,510880,红利ETF,2019-07-01,2019-07-02,2019-11-13,2019-11-13,2.732,-0.037689327227897,-0.037689327227897,original,90,priority_DCS_raw_noskip,conservative_tp_center15_profit_first,65.92403628117914,0.5422018642427492,0.3829212328640619,0.663718820861678,0.0381386736478615,-0.0756387964733215,0.0,0.0,-0.111249704272002,14,0.0595582882046574,1.0,,27,0.0881827920468951,1.0,,14,0.0595582882046574,1.0,,27,0.0881827920468951,1.0,,D43740,True,-0.037689327227897,True,base_exit_guard
base_original,all,original,71,2019,D,512880,证券ETF,2019-07-02,2019-07-03,2019-11-14,2019-11-14,0.907,-0.0782520325203252,-0.0782520325203252,original,90,priority_DCS_raw_noskip,conservative_tp_center15_profit_first,64.40775356934341,0.6499864616577926,0.4018941694469503,0.6138321995464853,0.0582164115646258,-0.0819690894456628,0.0,0.0,-0.1077161045161499,1,0.1604621309370988,1.0,,28,0.0867277834036869,1.0,,1,0.1604621309370988,1.0,,28,0.0867277834036869,1.0,,D43740,True,-0.0782520325203252,True,base_exit_guard
base_original,all,original,72,2019,D,159902,中小板ETF,2019-07-03,2019-07-04,2019-11-15,2019-11-15,3.044,0.073342736248237,0.073342736248237,original,90,priority_DCS_raw_noskip,conservative_tp_center15_profit_first,69.47515117157974,0.6461039173919126,0.4065575298915359,0.6543839758125471,0.0676978113065713,-0.1018296312832534,0.0,0.0,-0.113663791986235,2,0.1329396735654122,1.0,,29,0.0855931464263742,1.0,,2,0.1329396735654122,1.0,,29,0.0855931464263742,1.0,,D43740,True,0.073342736248237,True,base_exit_guard
base_original,all,original,73,2019,D,159930,能源ETF,2019-07-04,2019-07-05,2019-11-18,2019-11-18,0.658,-0.0986301369863013,-0.0986301369863013,original,90,priority_DCS_raw_noskip,conservative_tp_center15_profit_first,71.2367724867725,0.5457321393994768,0.3754932510153957,0.6634920634920636,0.0561539382592415,-0.106282436997703,0.0,0.0,-0.1161549131137547,8,0.1017203892333246,1.0,,30,0.0845197968291435,1.0,,8,0.1017203892333246,1.0,,30,0.0845197968291435,1.0,,D43740,True,-0.0986301369863013,True,base_exit_guard
base_original,all,original,74,2019,D,159930,能源ETF,2019-07-05,2019-07-08,2019-11-19,2019-11-19,0.667,-0.0658263305322127,-0.0658263305322127,original,90,priority_DCS_raw_noskip,conservative_tp_center15_profit_first,65.64200680272108,0.6028809103119953,0.3792878461129797,0.6048374905517764,0.0708895959464985,-0.1089642946423671,0.0,0.0,-0.1055193723942853,8,0.1017203892333246,1.0,,31,0.085418368977499,1.0,,8,0.1017203892333246,1.0,,31,0.085418368977499,1.0,,D43740,True,-0.0658263305322127,True,base_exit_guard
base_original,all,original,75,2019,D,159930,能源ETF,2019-07-08,2019-07-09,2019-11-20,2019-11-20,0.665,-0.066011235955056,-0.066011235955056,original,90,priority_DCS_raw_noskip,conservative_tp_center15_profit_first,83.1264172335601,0.2890666555441391,0.3356168800592772,0.8153061224489798,0.0343634069814887,-0.1298755008254729,0.125,0.0,-0.1255087198441835,8,0.1017203892333246,1.0,,32,0.0843190486410786,1.0,,8,0.1017203892333246,1.0,,32,0.0843190486410786,1.0,,D43740,True,-0.066011235955056,True,base_exit_guard
base_original,all,original,76,2019,D,159930,能源ETF,2019-07-09,2019-07-10,2019-11-21,2019-11-21,0.664,-0.0764951321279554,-0.0764951321279554,original,90,priority_DCS_raw_noskip,conservative_tp_center15_profit_first,75.28250188964475,0.3243844467788024,0.3336294756836241,0.7245653817082389,0.0072142452207694,-0.1222948182589438,0.125,0.0,-0.1228965678821322,8,0.1017203892333246,1.0,,33,0.0786428273282687,0.9696969696969696,26.19716187597728,8,0.1017203892333246,1.0,,33,0.0786428273282687,0.9696969696969696,26.19716187597728,D43740,True,-0.0764951321279554,True,base_exit_guard
base_original,all,original,77,2019,D,510880,红利ETF,2019-07-10,2019-07-11,2019-11-22,2019-11-22,2.738,-0.0094066570188132,-0.0094066570188132,original,90,priority_DCS_raw_noskip,conservative_tp_center15_profit_first,75.84278155706727,0.2936061190988806,0.3711831512223436,0.7642101284958429,0.0076251049969709,-0.1068137102619861,0.25,0.0,-0.1297751054017853,19,0.0541256335451447,0.9473684210526316,100.57623451381372,34,0.0760260490148597,0.9411764705882352,23.809715288572296,19,0.0541256335451447,0.9473684210526316,100.57623451381372,34,0.0760260490148597,0.9411764705882352,23.809715288572296,D43740,True,-0.0094066570188132,True,base_exit_guard
base_original,all,original,78,2019,D,159930,能源ETF,2019-07-11,2019-07-12,2019-11-25,2019-11-25,0.692,-0.0321678321678321,-0.0321678321678321,original,90,priority_DCS_raw_noskip,conservative_tp_center15_profit_first,75.05527210884352,0.2995794843545948,0.3807830954191902,0.7196900982615267,0.0089524906055509,-0.102180426488144,0.25,0.0,-0.1253450299819157,8,0.1017203892333246,1.0,,35,0.0718406384583403,0.9142857142857144,14.681160618174388,8,0.1017203892333246,1.0,,35,0.0718406384583403,0.9142857142857144,14.681160618174388,D43740,True,-0.0321678321678321,True,base_exit_guard
base_original,all,original,79,2019,D,159930,能源ETF,2019-07-12,2019-07-15,2019-11-26,2019-11-26,0.687,-0.0431754874651809,-0.0431754874651809,original,90,priority_DCS_raw_noskip,conservative_tp_center15_profit_first,73.01587301587301,0.3301300800762224,0.3495096760940108,0.7248677248677248,0.0242103110853717,-0.1019393580145097,0.125,0.0,-0.1260723080339819,8,0.1017203892333246,1.0,,36,0.0687041748866691,0.8888888888888888,11.999548292481496,8,0.1017203892333246,1.0,,36,0.0687041748866691,0.8888888888888888,11.999548292481496,D43740,True,-0.0431754874651809,True,base_exit_guard
base_original,all,original,80,2019,D,159930,能源ETF,2019-07-15,2019-07-16,2019-11-27,2019-11-27,0.683,-0.0460893854748601,-0.0460893854748601,original,90,priority_DCS_raw_noskip,conservative_tp_center15_profit_first,68.06594860166288,0.4102831764974501,0.4147822751265566,0.6437263794406651,0.0270878250792931,-0.1145858223815214,0.125,0.0,-0.1182575439681383,8,0.1017203892333246,1.0,,37,0.0650246734147021,0.8648648648648649,9.23106592994121,8,0.1017203892333246,1.0,,37,0.0650246734147021,0.8648648648648649,9.23106592994121,D43740,True,-0.0460893854748601,True,base_exit_guard
base_original,all,original,81,2019,D,159930,能源ETF,2019-07-16,2019-07-17,2019-11-28,2019-11-28,0.676,-0.0505617977528088,-0.0505617977528088,original,90,priority_DCS_raw_noskip,conservative_tp_center15_profit_first,68.52418745275888,0.4509229140837931,0.4081279878339987,0.6231292517006803,0.0274477258154272,-0.1172286384353289,0.125,0.0,-0.1155857134044784,9,0.0855357447127998,0.8888888888888888,18.51927571253984,38,0.0621571448655942,0.8421052631578947,8.024700189342,9,0.0855357447127998,0.8888888888888888,18.51927571253984,38,0.0621571448655942,0.8421052631578947,8.024700189342,D43740,True,-0.0505617977528088,True,base_exit_guard
base_original,all,original,82,2019,D,159930,能源ETF,2019-07-17,2019-07-18,2019-11-29,2019-11-29,0.674,-0.052039381153305,-0.052039381153305,original,90,priority_DCS_raw_noskip,conservative_tp_center15_profit_first,70.43698034769463,0.4332035580235592,0.431395240928662,0.6101284958427816,0.015377920804245,-0.1085910087332236,0.125,0.0,-0.1167225957683054,9,0.0855357447127998,0.8888888888888888,18.51927571253984,39,0.0590883368882406,0.8205128205128205,6.852344788004332,9,0.0855357447127998,0.8888888888888888,18.51927571253984,39,0.0590883368882406,0.8205128205128205,6.852344788004332,D43740,True,-0.052039381153305,True,base_exit_guard
base_original,all,original,83,2019,D,159930,能源ETF,2019-07-18,2019-07-19,2019-12-02,2019-12-02,0.674,-0.0560224089635853,-0.0560224089635853,original,90,priority_DCS_raw_noskip,conservative_tp_center15_profit_first,72.21466364323508,0.2736359703713127,0.4389432649904197,0.6969387755102042,-0.0172131433329641,-0.1230214052186786,0.375,0.0,-0.1065685019206146,9,0.0855357447127998,0.8888888888888888,18.51927571253984,40,0.0548207473408077,0.8,5.338975338118052,9,0.0855357447127998,0.8888888888888888,18.51927571253984,40,0.0548207473408077,0.8,5.338975338118052,D43740,True,-0.0560224089635853,True,base_exit_guard
base_original,all,original,84,2019,D,159930,能源ETF,2019-07-19,2019-07-22,2019-12-03,2019-12-03,0.676,-0.0451977401129942,-0.0451977401129942,original,90,priority_DCS_raw_noskip,conservative_tp_center15_profit_first,64.55735071806501,0.4663183377583588,0.3492302980760435,0.5910808767951625,-0.0125277542195971,-0.0981998253846993,0.125,0.0,-0.0866594148207878,9,0.0855357447127998,0.8888888888888888,18.51927571253984,41,0.0521509931310872,0.7804878048780488,4.818069273305913,9,0.0855357447127998,0.8888888888888888,18.51927571253984,41,0.0521509931310872,0.7804878048780488,4.818069273305913,D43740,True,-0.0451977401129942,True,base_exit_guard
base_original,all,original,85,2019,D,159930,能源ETF,2019-07-22,2019-07-23,2019-12-04,2019-12-04,0.676,-0.0492264416315048,-0.0492264416315048,original,90,priority_DCS_raw_noskip,conservative_tp_center15_profit_first,75.71900982615267,0.2769263873174785,0.3964508060890514,0.7200680272108844,-0.0255965102410258,-0.0941951566951567,0.375,0.0,-0.1001615314246176,9,0.0855357447127998,0.8888888888888888,18.51927571253984,42,0.0506961849898572,0.7619047619047619,4.742272117863133,9,0.0855357447127998,0.8888888888888888,18.51927571253984,42,0.0506961849898572,0.7619047619047619,4.742272117863133,D43740,True,-0.0492264416315048,True,base_exit_guard
base_original,all,original,86,2019,D,159930,能源ETF,2019-07-23,2019-07-24,2019-12-05,2019-12-05,0.676,-0.0558659217877094,-0.0558659217877094,original,90,priority_DCS_raw_noskip,conservative_tp_center15_profit_first,63.76936885865457,0.4122982895188152,0.3214530598916052,0.5964852607709751,-0.0185612007947033,-0.098544868403564,0.25,0.0,-0.0728610626091294,9,0.0855357447127998,0.8888888888888888,18.51927571253984,43,0.0488351429689738,0.7441860465116279,4.509805669894611,9,0.0855357447127998,0.8888888888888888,18.51927571253984,43,0.0488351429689738,0.7441860465116279,4.509805669894611,D43740,True,-0.0558659217877094,True,base_exit_guard
base_original,all,original,87,2019,D,159930,能源ETF,2019-07-24,2019-07-25,2019-12-06,2019-12-06,0.678,-0.0504201680672268,-0.0504201680672268,original,90,priority_DCS_raw_noskip,conservative_tp_center15_profit_first,57.99839380196524,0.5237505998274127,0.2753944662331852,0.5392668178382464,-5.17456926890647e-06,-0.0598301332981757,0.125,0.0,-0.0554037454305097,9,0.0855357447127998,0.8888888888888888,18.51927571253984,44,0.0469300373753823,0.7272727272727273,4.260636442598545,9,0.0855357447127998,0.8888888888888888,18.51927571253984,44,0.0469300373753823,0.7272727272727273,4.260636442598545,D43740,True,-0.0504201680672268,True,base_exit_guard
base_original,all,original,88,2019,D,159930,能源ETF,2019-07-25,2019-07-26,2019-12-09,2019-12-09,0.679,-0.0463483146067414,-0.0463483146067414,original,90,priority_DCS_raw_noskip,conservative_tp_center15_profit_first,56.16685563114135,0.5267240693528575,0.2607240465635748,0.4679138321995465,-0.006086238426857,-0.0432170588462039,0.125,0.0,-0.0355393705763397,9,0.0855357447127998,0.8888888888888888,18.51927571253984,45,0.045432833630942,0.7111111111111111,4.12739376156061,9,0.0855357447127998,0.8888888888888888,18.51927571253984,45,0.045432833630942,0.7111111111111111,4.12739376156061,D43740,True,-0.0463483146067414,True,base_exit_guard
base_original,all,original,89,2019,D,159930,能源ETF,2019-07-26,2019-07-29,2019-12-10,2019-12-10,0.678,-0.0437235543018335,-0.0437235543018335,original,90,priority_DCS_raw_noskip,conservative_tp_center15_profit_first,57.208049886621325,0.5094142887594826,0.246652101861563,0.4649281934996221,-0.0034771456653595,-0.0241951219512194,0.125,0.0,-0.0332904372338144,9,0.0855357447127998,0.8888888888888888,18.51927571253984,46,0.0437162378565279,0.6956521739130435,3.926024051324308,9,0.0855357447127998,0.8888888888888888,18.51927571253984,46,0.0437162378565279,0.6956521739130435,3.926024051324308,D43740,True,-0.0437235543018335,True,base_exit_guard
base_original,all,original,90,2019,D,159930,能源ETF,2019-07-29,2019-07-30,2019-12-11,2019-12-11,0.68,-0.0436005625879042,-0.0436005625879042,original,90,priority_DCS_raw_noskip,conservative_tp_center15_profit_first,55.93206727135299,0.4527812053290073,0.3001475498693751,0.4245275888133031,-0.0287256321705854,-0.0305943503538928,0.25,0.0,-0.0341196321812825,9,0.0855357447127998,0.8888888888888888,18.51927571253984,47,0.0416902260550605,0.6808510638297872,3.6523051253356376,9,0.0855357447127998,0.8888888888888888,18.51927571253984,47,0.0416902260550605,0.6808510638297872,3.6523051253356376,D43740,True,-0.0436005625879042,True,base_exit_guard
base_original,all,original,91,2019,D,159930,能源ETF,2019-07-30,2019-07-31,2019-12-12,2019-12-12,0.676,-0.053221288515406,-0.053221288515406,original,90,priority_DCS_raw_noskip,conservative_tp_center15_profit_first,46.65958049886621,0.6332337086798514,0.2627056400198503,0.392517006802721,-0.0167419073051945,0.0418358223382147,0.125,0.0,-0.0278029317267438,9,0.0855357447127998,0.8888888888888888,18.51927571253984,48,0.0389636784138912,0.6666666666666666,3.258892208222881,9,0.0855357447127998,0.8888888888888888,18.51927571253984,48,0.0389636784138912,0.6666666666666666,3.258892208222881,D43740,True,-0.053221288515406,True,base_exit_guard
base_original,all,original,92,2019,D,159930,能源ETF,2019-07-31,2019-08-01,2019-12-13,2019-12-13,0.681,-0.0435393258426964,-0.0435393258426964,original,90,priority_DCS_raw_noskip,conservative_tp_center15_profit_first,47.42157974300832,0.6270165893902235,0.2132575791852214,0.4424792139077854,-0.0125517269222228,0.0270913659057814,0.0,0.0,-0.0326812681941232,9,0.0855357447127998,0.8888888888888888,18.51927571253984,49,0.0367583403100236,0.6530612244897959,3.007866791830172,9,0.0855357447127998,0.8888888888888888,18.51927571253984,49,0.0367583403100236,0.6530612244897959,3.007866791830172,D43740,True,-0.0435393258426964,True,base_exit_guard
base_original,all,original,93,2019,D,159930,能源ETF,2019-08-01,2019-08-02,2019-12-16,2019-12-16,0.69,-0.0128755364806867,-0.0128755364806867,original,90,priority_DCS_raw_noskip,conservative_tp_center15_profit_first,50.18849206349206,0.5749083482580394,0.2676565963354593,0.4888888888888889,-0.0193709575222238,0.0302701742919802,0.25,0.0,-0.0411266826900495,9,0.0855357447127998,0.8888888888888888,18.51927571253984,50,0.0342135599317213,0.64,2.7322767858781325,9,0.0855357447127998,0.8888888888888888,18.51927571253984,50,0.0342135599317213,0.64,2.7322767858781325,D43740,True,-0.0128755364806867,True,base_exit_guard
base_original,all,original,94,2019,D,159930,能源ETF,2019-08-02,2019-08-05,2019-12-17,2019-12-17,0.697,0.0190058479532162,0.0190058479532162,original,90,priority_DCS_raw_noskip,conservative_tp_center15_profit_first,63.06831065759637,0.422515940908208,0.277036763053117,0.6009826152683295,-0.0319695651369013,0.0265973626085654,0.375,0.0,-0.0483270737939668,9,0.0855357447127998,0.8888888888888888,18.51927571253984,51,0.0328328088728658,0.6274509803921569,2.6356489908350844,9,0.0855357447127998,0.8888888888888888,18.51927571253984,51,0.0328328088728658,0.6274509803921569,2.6356489908350844,D43740,True,0.0190058479532162,True,base_exit_guard
base_original,all,original,95,2019,D,510880,红利ETF,2019-08-05,2019-08-06,2019-12-17,2019-12-17,2.86,0.0751879699248119,0.0751879699248119,original,89,priority_DCS_raw_noskip,conservative_tp_center15_profit_first,67.76785714285715,0.3463891771423047,0.3019319911664573,0.661904761904762,-0.0221977228758628,-0.0243628164096595,0.5,0.0,-0.0572468470597743,24,0.0366681107132431,0.75,6.545970322540108,52,0.029700139942718,0.6153846153846154,2.338537203878418,24,0.0366681107132431,0.75,6.545970322540108,52,0.029700139942718,0.6153846153846154,2.338537203878418,D43740,True,0.0751879699248119,True,base_exit_guard
base_original,all,original,96,2019,D,510880,红利ETF,2019-08-06,2019-08-07,2019-12-17,2019-12-17,2.86,0.0784313725490195,0.0784313725490195,original,88,priority_DCS_raw_noskip,conservative_tp_center15_profit_first,78.81141345427059,0.2352832675736851,0.3999144590901985,0.7825774754346184,-0.0390909188076057,-0.0217598638298964,0.875,0.0,-0.071784890676452,24,0.0366681107132431,0.75,6.545970322540108,53,0.026961271593173,0.6037735849056604,2.1258094955738693,24,0.0366681107132431,0.75,6.545970322540108,53,0.026961271593173,0.6037735849056604,2.1258094955738693,D43740,True,0.0784313725490195,True,base_exit_guard
base_original,all,original,97,2019,D,512880,证券ETF,2019-08-07,2019-08-08,2019-12-17,2019-12-17,0.999,0.1174496644295302,0.1174496644295302,original,87,priority_DCS_raw_noskip,conservative_tp_center15_profit_first,74.89258802555997,0.2831804272567579,0.4038651482038242,0.7295162509448224,-0.0356100049250685,-0.0214123384855092,0.75,0.125,-0.0735272893729979,14,-0.0658517904101796,0.0714285714285714,0.1482483638288964,54,0.0247393359004484,0.5925925925925926,1.9806492245164693,14,-0.0658517904101796,0.0714285714285714,0.1482483638288964,54,0.0247393359004484,0.5925925925925926,1.9806492245164693,D43740,True,0.1174496644295302,True,base_exit_guard
base_original,all,original,98,2019,D,510880,红利ETF,2019-08-08,2019-08-09,2019-12-17,2019-12-17,2.86,0.0691588785046728,0.0691588785046728,original,86,priority_DCS_raw_noskip,conservative_tp_center15_profit_first,66.39172335600907,0.289088053577093,0.3715501318666144,0.676379440665155,-0.0286243095943523,-0.0278282135289779,0.75,0.0,-0.065256243991509,24,0.0366681107132431,0.75,6.545970322540108,55,0.0222429331737066,0.5818181818181818,1.829482856637756,24,0.0366681107132431,0.75,6.545970322540108,55,0.0222429331737066,0.5818181818181818,1.829482856637756,D43740,True,0.0691588785046728,True,base_exit_guard
base_original,all,original,99,2019,D,512880,证券ETF,2019-08-09,2019-08-12,2019-12-17,2019-12-17,0.999,0.1050884955752211,0.1050884955752211,original,85,priority_DCS_raw_noskip,conservative_tp_center15_profit_first,73.14493089204396,0.2609762253381646,0.4620429052905153,0.7195011337868482,-0.0375412786034635,-0.040275505060297,0.875,0.125,-0.0753520368678116,15,-0.0689658586541911,0.0666666666666666,0.1342835511892172,56,0.0208019913419833,0.5714285714285714,1.7597423877977445,15,-0.0689658586541911,0.0666666666666666,0.1342835511892172,56,0.0208019913419833,0.5714285714285714,1.7597423877977445,D43740,True,0.1050884955752211,True,base_exit_guard
base_original,all,original,100,2019,D,510880,红利ETF,2019-08-12,2019-08-13,2019-12-17,2019-12-17,2.86,0.0639880952380951,0.0639880952380951,original,84,priority_DCS_raw_noskip,conservative_tp_center15_profit_first,61.9982993197279,0.3574317836085994,0.4608473639786674,0.6268707482993199,-0.0337309749074454,0.0068681318681318,0.75,0.125,-0.0592287475099916,24,0.0366681107132431,0.75,6.545970322540108,57,0.0172931584130333,0.5614035087719298,1.5755972565353216,24,0.0366681107132431,0.75,6.545970322540108,57,0.0172931584130333,0.5614035087719298,1.5755972565353216,D43740,True,0.0639880952380951,True,base_exit_guard
base_original,all,original,101,2019,D,510880,红利ETF,2019-08-13,2019-08-14,2019-12-17,2019-12-17,2.86,0.0616184112843354,0.0616184112843354,original,83,priority_DCS_raw_noskip,conservative_tp_center15_profit_first,67.88359788359789,0.289808263610867,0.52282207260978,0.6473544973544975,-0.0416515704874766,-0.0052743947329672,0.875,0.125,-0.0655554163266594,24,0.0366681107132431,0.75,6.545970322540108,58,0.0140791790083461,0.5517241379310345,1.4339843373851264,24,0.0366681107132431,0.75,6.545970322540108,58,0.0140791790083461,0.5517241379310345,1.4339843373851264,D43740,True,0.0616184112843354,True,base_exit_guard
base_original,all,original,102,2019,D,510880,红利ETF,2019-08-14,2019-08-15,2019-12-17,2019-12-17,2.86,0.0561299852289511,0.0561299852289511,original,82,priority_DCS_raw_noskip,conservative_tp_center15_profit_first,59.81906651549509,0.3414029611423272,0.4984612138090583,0.5617913832199547,-0.0327599785571049,-0.0101792165266032,0.75,0.125,-0.0593035295204311,24,0.0366681107132431,0.75,6.545970322540108,59,0.0108928701526409,0.5423728813559322,1.3126586675941645,24,0.0366681107132431,0.75,6.545970322540108,59,0.0108928701526409,0.5423728813559322,1.3126586675941645,D43740,True,0.0561299852289511,True,base_exit_guard
base_original,all,original,103,2019,D,512880,证券ETF,2019-08-15,2019-08-16,2019-12-17,2019-12-17,0.999,0.1124721603563474,0.1124721603563474,original,81,priority_DCS_raw_noskip,conservative_tp_center15_profit_first,61.50737872298886,0.4184737982698271,0.4044795449132365,0.5696145124716554,-0.0175689333055666,-0.0036821392713712,0.625,0.0,-0.0529245132964555,19,-0.0930519821890487,0.0526315789473684,0.0832078343749173,60,0.0071901955562001,0.5333333333333333,1.190317693517959,19,-0.0930519821890487,0.0526315789473684,0.0832078343749173,60,0.0071901955562001,0.5333333333333333,1.190317693517959,D43740,True,0.1124721603563474,True,base_exit_guard
base_original,all,original,104,2019,D,510880,红利ETF,2019-08-16,2019-08-19,2019-12-17,2019-12-17,2.86,0.0388666908826733,0.0388666908826733,original,80,priority_DCS_raw_noskip,conservative_tp_center15_profit_first,55.0916477702192,0.4082673881058943,0.4360748266355005,0.5112244897959184,-0.021206037657618,0.0067198353103802,0.5555555555555556,0.1111111111111111,-0.0512979602760027,25,0.0305885146741286,0.72,3.790904477912876,61,0.0051818023460228,0.5245901639344263,1.132692725137883,25,0.0305885146741286,0.72,3.790904477912876,61,0.0051818023460228,0.5245901639344263,1.132692725137883,D43740,True,0.0388666908826733,True,base_exit_guard
base_original,all,original,105,2019,D,510880,红利ETF,2019-08-19,2019-08-20,2019-12-17,2019-12-17,2.86,0.0366074664733599,0.0366074664733599,original,79,priority_DCS_raw_noskip,conservative_tp_center15_profit_first,51.5084089191232,0.6888062211353825,0.3675709932361197,0.4947845804988662,0.021646423751687,0.0518396096312858,0.4444444444444444,0.0,-0.0301613075413482,26,0.0248231566775094,0.6923076923076923,2.640939230375756,62,0.0031738572559583,0.5161290322580645,1.0786666498283035,26,0.0248231566775094,0.6923076923076923,2.640939230375756,62,0.0031738572559583,0.5161290322580645,1.0786666498283035,D43740,True,0.0366074664733599,True,base_exit_guard
base_original,all,original,106,2019,D,159930,能源ETF,2019-08-20,2019-08-21,2019-12-17,2019-12-17,0.697,0.0160349854227404,0.0160349854227404,original,78,priority_DCS_raw_noskip,conservative_tp_center15_profit_first,56.48573318216175,0.6470653395954198,0.3421740646056327,0.4832199546485262,0.0133310815301951,0.0261049483603992,0.3333333333333333,0.0,-0.0267891483403596,9,0.0855357447127998,0.8888888888888888,18.51927571253984,63,0.0015903957641882,0.5079365079365079,1.038565961962858,9,0.0855357447127998,0.8888888888888888,18.51927571253984,63,0.0015903957641882,0.5079365079365079,1.038565961962858,D43740,True,0.0160349854227404,True,base_exit_guard
base_original,all,original,107,2019,D,159930,能源ETF,2019-08-21,2019-08-22,2019-12-17,2019-12-17,0.697,0.0234948604992657,0.0234948604992657,original,77,priority_DCS_raw_noskip,conservative_tp_center15_profit_first,50.98592214663643,0.6188445205175609,0.3872819900537656,0.4849962207105065,-0.0004155659902911,0.0262664207509469,0.5555555555555556,0.0,-0.028826194056702,9,0.0855357447127998,0.8888888888888888,18.51927571253984,64,0.0001618815277723,0.5,1.0038545384218622,9,0.0855357447127998,0.8888888888888888,18.51927571253984,64,0.0001618815277723,0.5,1.0038545384218622,D43740,True,0.0234948604992657,True,base_exit_guard
base_original,all,original,108,2019,D,159930,能源ETF,2019-08-22,2019-08-23,2019-12-17,2019-12-17,0.697,0.0234948604992657,0.0234948604992657,original,76,priority_DCS_raw_noskip,conservative_tp_center15_profit_first,55.05621693121692,0.5830578717901941,0.3622165546770995,0.4777777777777778,0.0007388331107633,0.0251292020293014,0.4444444444444444,0.0,-0.0289766756505602,9,0.0855357447127998,0.8888888888888888,18.51927571253984,65,-0.0016328521288238,0.4923076923076923,0.9621532334789922,9,0.0855357447127998,0.8888888888888888,18.51927571253984,65,-0.0016328521288238,0.4923076923076923,0.9621532334789922,D43740,True,0.0234948604992657,True,base_exit_guard
base_original,all,original,109,2019,D,159930,能源ETF,2019-08-23,2019-08-26,2019-12-17,2019-12-17,0.697,0.0295420974889215,0.0295420974889215,original,75,priority_DCS_raw_noskip,conservative_tp_center15_profit_first,53.87140967498111,0.5583838743107697,0.390396046791621,0.5162509448223733,-0.0104280205655526,0.0236240913811006,0.5555555555555556,0.0,-0.0304786731705117,9,0.0855357447127998,0.8888888888888888,18.51927571253984,66,-0.0024519009244359,0.4848484848484848,0.9434183637539229,9,0.0855357447127998,0.8888888888888888,18.51927571253984,66,-0.0024519009244359,0.4848484848484848,0.9434183637539229,D43740,True,0.0295420974889215,True,base_exit_guard
base_original,all,original,110,2019,D,159930,能源ETF,2019-08-26,2019-08-27,2019-12-17,2019-12-17,0.697,0.0116110304789549,0.0116110304789549,original,74,priority_DCS_raw_noskip,conservative_tp_center15_profit_first,62.48063114134543,0.465988648190974,0.3174097575193427,0.6037792894935753,-0.0155948633844832,0.0159803775828749,0.5555555555555556,0.0,-0.0366609385758615,9,0.0855357447127998,0.8888888888888888,18.51927571253984,67,-0.0036470832708837,0.4776119402985074,0.9169586225198472,9,0.0855357447127998,0.8888888888888888,18.51927571253984,67,-0.0036470832708837,0.4776119402985074,0.9169586225198472,D43740,True,0.0116110304789549,True,base_exit_guard
base_original,all,original,111,2019,D,159930,能源ETF,2019-08-27,2019-08-28,2019-12-17,2019-12-17,0.697,0.014556040756914,0.014556040756914,original,73,priority_DCS_raw_noskip,conservative_tp_center15_profit_first,49.32397959183674,0.5858946867288256,0.2708905982544488,0.4365457294028722,-0.0052980593104406,0.0405528382558404,0.3333333333333333,0.0,-0.0219386803770469,9,0.0855357447127998,0.8888888888888888,18.51927571253984,68,-0.0056729321332968,0.4705882352941176,0.8749146335868379,9,0.0855357447127998,0.8888888888888888,18.51927571253984,68,-0.0056729321332968,0.4705882352941176,0.8749146335868379,D43740,True,0.014556040756914,True,base_exit_guard
base_original,all,original,112,2019,D,512880,证券ETF,2019-08-28,2019-08-29,2019-12-17,2019-12-17,0.999,0.076508620689655,0.076508620689655,original,72,priority_DCS_raw_noskip,conservative_tp_center15_profit_first,54.19064802252058,0.59526930042919,0.2710262468125517,0.4785336356764928,-0.0013787906391294,0.0418087843128021,0.3333333333333333,0.0,-0.0260296497439445,21,-0.0964708701741845,0.0476190476190476,0.0733926870093015,69,-0.0064218413813779,0.463768115942029,0.8589422493592581,21,-0.0964708701741845,0.0476190476190476,0.0733926870093015,69,-0.0064218413813779,0.463768115942029,0.8589422493592581,D43740,True,0.076508620689655,True,base_exit_guard
base_original,all,original,113,2019,D,512880,证券ETF,2019-08-29,2019-08-30,2019-12-17,2019-12-17,0.999,0.0811688311688312,0.0811688311688312,original,71,priority_DCS_raw_noskip,conservative_tp_center15_profit_first,52.75998304185672,0.5701124416566621,0.3354243174403096,0.4511715797430083,0.0070093197165019,0.0361501140540605,0.5555555555555556,0.0,-0.0270312911621066,22,-0.0976769531133434,0.0454545454545454,0.0694835241997468,70,-0.0080873107164394,0.4571428571428571,0.8265759718582725,22,-0.0976769531133434,0.0454545454545454,0.0694835241997468,70,-0.0080873107164394,0.4571428571428571,0.8265759718582725,D43740,True,0.0811688311688312,True,base_exit_guard
base_original,all,original,114,2019,D,510880,红利ETF,2019-08-30,2019-09-02,2019-12-17,2019-12-17,2.86,0.0324909747292418,0.0324909747292418,original,70,priority_DCS_raw_noskip,conservative_tp_center15_profit_first,56.111583522297806,0.5931767083699077,0.3342328432109614,0.507482993197279,0.013269376681305,0.0466524675229087,0.5555555555555556,0.0,-0.0296393875611706,27,0.020847146499215,0.6666666666666666,2.1828995548837984,71,-0.0099556688857957,0.4507042253521127,0.7924112744347839,27,0.020847146499215,0.6666666666666666,2.1828995548837984,71,-0.0099556688857957,0.4507042253521127,0.7924112744347839,D43740,True,0.0324909747292418,True,base_exit_guard
base_original,all,original,115,2019,D,512880,证券ETF,2019-09-02,2019-09-03,2019-12-17,2019-12-17,0.999,0.0571428571428571,0.0571428571428571,original,69,priority_DCS_raw_noskip,conservative_tp_center15_profit_first,44.0127985746372,0.7019228483754706,0.2576047079109945,0.3886621315192744,0.0435226411957063,0.0644155501898189,0.2222222222222222,0.0,-0.0127752704576574,23,-0.099549291705839,0.0434782608695652,0.0654921853693175,72,-0.0113325472219779,0.4444444444444444,0.767812212478144,23,-0.099549291705839,0.0434782608695652,0.0654921853693175,72,-0.0113325472219779,0.4444444444444444,0.767812212478144,D43740,True,0.0571428571428571,True,base_exit_guard
base_original,all,original,116,2019,D,512880,证券ETF,2019-09-03,2019-09-04,2019-12-17,2019-12-17,0.999,0.0363070539419088,0.0363070539419088,original,68,priority_DCS_raw_noskip,conservative_tp_center15_profit_first,41.86240552589098,0.7014243048336214,0.2283730117691255,0.3495464852607711,0.0658041473265417,0.0322299446342324,0.2222222222222222,0.0,-0.009080632134162,23,-0.099549291705839,0.0434782608695652,0.0654921853693175,73,-0.012204704109348,0.4383561643835616,0.7517677817631974,23,-0.099549291705839,0.0434782608695652,0.0654921853693175,73,-0.012204704109348,0.4383561643835616,0.7517677817631974,D43740,True,0.0363070539419088,True,base_exit_guard
base_original,all,original,117,2019,D,512660,军工ETF,2019-09-17,2019-09-18,2019-12-17,2019-12-17,0.764,-0.0579531442663379,-0.0579531442663379,original,59,priority_DCS_raw_noskip,conservative_tp_center15_profit_first,59.63047476064465,0.7336396442546139,0.1372461311951202,0.5927059712773999,0.0440360610263523,0.0198129930270662,0.0,0.0,-0.0291279113355654,8,-0.0211763752558667,0.25,0.5701439700605694,82,-0.0095808858484945,0.4512195121951219,0.7883803008950625,8,-0.0211763752558667,0.25,0.5701439700605694,82,-0.0095808858484945,0.4512195121951219,0.7883803008950625,D43740,True,-0.0579531442663379,True,base_exit_guard
base_original,all,original,118,2019,D,159930,能源ETF,2019-09-18,2019-09-19,2019-12-17,2019-12-17,0.697,-0.0238095238095238,-0.0238095238095238,original,58,priority_DCS_raw_noskip,conservative_tp_center15_profit_first,62.55763416477703,0.7498866429716609,0.1403866859715649,0.5428193499622072,0.0499265785609397,0.0270678083861755,0.0,0.0,-0.0323923217147506,9,0.0855357447127998,0.8888888888888888,18.51927571253984,83,-0.0091162305100021,0.4578313253012048,0.7961878995268968,9,0.0855357447127998,0.8888888888888888,18.51927571253984,83,-0.0091162305100021,0.4578313253012048,0.7961878995268968,D43740,True,-0.0238095238095238,True,base_exit_guard
base_original,all,original,119,2019,D,159930,能源ETF,2019-09-19,2019-09-20,2019-12-17,2019-12-17,0.697,-0.0251748251748251,-0.0251748251748251,original,57,priority_DCS_raw_noskip,conservative_tp_center15_profit_first,54.11895313681028,0.7492691242886792,0.1510675813653474,0.4696145124716554,0.0485232067510548,0.0284810519021044,0.0,0.0,-0.0236596556957223,9,0.0855357447127998,0.8888888888888888,18.51927571253984,84,-0.0084785062375474,0.4642857142857143,0.8081617498166074,9,0.0855357447127998,0.8888888888888888,18.51927571253984,84,-0.0084785062375474,0.4642857142857143,0.8081617498166074,D43740,True,-0.0251748251748251,True,base_exit_guard
base_original,all,original,120,2019,D,159930,能源ETF,2019-09-20,2019-09-23,2019-12-17,2019-12-17,0.697,-0.0251748251748251,-0.0251748251748251,original,56,priority_DCS_raw_noskip,conservative_tp_center15_profit_first,52.94784580498866,0.7372832653165272,0.1503249746005748,0.4743008314436887,0.0435897435897434,0.0240605308497692,0.0,0.0,-0.0245476856682159,9,0.0855357447127998,0.8888888888888888,18.51927571253984,85,-0.0077700899170448,0.4705882352941176,0.8220977074632295,9,0.0855357447127998,0.8888888888888888,18.51927571253984,85,-0.0077700899170448,0.4705882352941176,0.8220977074632295,D43740,True,-0.0251748251748251,True,base_exit_guard
base_original,all,original,121,2019,D,159930,能源ETF,2019-09-23,2019-09-24,2019-12-17,2019-12-17,0.697,-0.0210674157303371,-0.0210674157303371,original,55,priority_DCS_raw_noskip,conservative_tp_center15_profit_first,56.74414210128496,0.740501095917212,0.1391969878404196,0.5502267573696146,0.0490322580645159,0.0191405911118618,0.0,0.0,-0.0324379920326283,9,0.0855357447127998,0.8888888888888888,18.51927571253984,86,-0.0072564452772173,0.4767441860465116,0.8319033919480596,9,0.0855357447127998,0.8888888888888888,18.51927571253984,86,-0.0072564452772173,0.4767441860465116,0.8319033919480596,D43740,True,-0.0210674157303371,True,base_exit_guard
base_original,all,original,122,2019,D,159930,能源ETF,2019-09-24,2019-09-25,2019-12-17,2019-12-17,0.697,-0.0099431818181818,-0.0099431818181818,original,54,priority_DCS_raw_noskip,conservative_tp_center15_profit_first,54.82756991685563,0.7290979629018923,0.2084770048026865,0.4546863189720334,0.0505920344456403,0.0059398657418554,0.1111111111111111,0.0,-0.0292818694868634,9,0.0855357447127998,0.8888888888888888,18.51927571253984,87,-0.0069273273821435,0.4827586206896552,0.8376614959390374,9,0.0855357447127998,0.8888888888888888,18.51927571253984,87,-0.0069273273821435,0.4827586206896552,0.8376614959390374,D43740,True,-0.0099431818181818,True,base_exit_guard
base_original,all,original,123,2019,D,159930,能源ETF,2019-09-25,2019-09-26,2019-12-17,2019-12-17,0.697,0.0043227665706051,0.0043227665706051,original,53,priority_DCS_raw_noskip,conservative_tp_center15_profit_first,59.47420634920636,0.6281297353569895,0.2139686225589036,0.5066137566137567,0.0217706821480405,-0.0083894577591896,0.1111111111111111,0.0,-0.0443724509152992,9,0.0855357447127998,0.8888888888888888,18.51927571253984,88,-0.0063527094203642,0.4886363636363636,0.8494162052697316,9,0.0855357447127998,0.8888888888888888,18.51927571253984,88,-0.0063527094203642,0.4886363636363636,0.8494162052697316,D43740,True,0.0043227665706051,True,base_exit_guard
base_original,all,original,124,2019,D,512660,军工ETF,2019-09-26,2019-09-27,2019-12-17,2019-12-17,0.764,-0.0116429495472186,-0.0116429495472186,original,52,priority_DCS_raw_noskip,conservative_tp_center15_profit_first,69.33633668684456,0.4433482838264155,0.2183996515906076,0.6287981859410431,0.0101892285298397,-0.0214488566632929,0.1111111111111111,0.0,-0.0652972279570885,8,-0.0211763752558667,0.25,0.5701439700605694,89,-0.0058470908538975,0.4943820224719101,0.8598263367788439,8,-0.0211763752558667,0.25,0.5701439700605694,89,-0.0058470908538975,0.4943820224719101,0.8598263367788439,D43740,True,-0.0116429495472186,True,base_exit_guard
base_original,all,original,125,2019,D,159930,能源ETF,2019-09-27,2019-09-30,2019-12-17,2019-12-17,0.697,0.0043227665706051,0.0043227665706051,original,51,priority_DCS_raw_noskip,conservative_tp_center15_profit_first,61.14087301587301,0.5258147572475284,0.2211772191931847,0.5796296296296297,0.0131195335276965,-0.0190920570537533,0.1111111111111111,0.0,-0.0619596541786742,9,0.0855357447127998,0.8888888888888888,18.51927571253984,90,-0.0049452351013669,0.5,0.8801146744301952,9,0.0855357447127998,0.8888888888888888,18.51927571253984,90,-0.0049452351013669,0.5,0.8801146744301952,D43740,True,0.0043227665706051,True,base_exit_guard
base_original,all,original,126,2019,D,512660,军工ETF,2019-09-30,2019-10-08,2019-12-17,2019-12-17,0.764,0.0105820105820106,0.0105820105820106,original,50,priority_DCS_raw_noskip,conservative_tp_center15_profit_first,67.41155513717132,0.3940865707074679,0.2701098915275868,0.6618291761148904,0.0087623220153341,-0.0306109981249289,0.2222222222222222,0.0,-0.0734870317002881,8,-0.0211763752558667,0.25,0.5701439700605694,91,-0.0046237556797563,0.5054945054945055,0.8866627046639656,8,-0.0211763752558667,0.25,0.5701439700605694,91,-0.0046237556797563,0.5054945054945055,0.8866627046639656,D43740,True,0.0105820105820106,True,base_exit_guard
base_original,all,original,127,2019,D,512660,军工ETF,2019-10-08,2019-10-09,2019-12-17,2019-12-17,0.764,0.0039421813403417,0.0039421813403417,original,49,priority_DCS_raw_noskip,conservative_tp_center15_profit_first,64.34791571926326,0.3656760278280559,0.328723663129345,0.6345049130763417,-0.02002002002002,-0.0008375101359194,0.3333333333333333,0.1111111111111111,-0.0813648293963255,8,-0.0211763752558667,0.25,0.5701439700605694,92,-0.0040020549991598,0.5108695652173914,0.9008238021824436,8,-0.0211763752558667,0.25,0.5701439700605694,92,-0.0040020549991598,0.5108695652173914,0.9008238021824436,D43740,True,0.0039421813403417,True,base_exit_guard
base_original,all,original,128,2019,D,159930,能源ETF,2019-10-09,2019-10-10,2019-12-17,2019-12-17,0.697,-0.0014326647564469,-0.0014326647564469,original,48,priority_DCS_raw_noskip,conservative_tp_center15_profit_first,59.04950869236583,0.4108496709762732,0.2870864122742905,0.5513605442176871,-0.0207394048692515,0.0083304467529614,0.1111111111111111,0.1111111111111111,-0.0826771653543307,9,0.0855357447127998,0.8888888888888888,18.51927571253984,93,-0.0027238331698826,0.5161290322580645,0.9317661263152248,9,0.0855357447127998,0.8888888888888888,18.51927571253984,93,-0.0027238331698826,0.5161290322580645,0.9317661263152248,D43740,True,-0.0014326647564469,True,base_exit_guard
base_original,all,original,129,2019,D,159930,能源ETF,2019-10-10,2019-10-11,2019-12-17,2019-12-17,0.697,-0.0210674157303371,-0.0210674157303371,original,47,priority_DCS_raw_noskip,conservative_tp_center15_profit_first,56.153155706727134,0.4622469811733531,0.3513221022812168,0.4897959183673471,-0.0207305034550838,0.0222341544665556,0.1111111111111111,0.1111111111111111,-0.0776818742293465,9,0.0855357447127998,0.8888888888888888,18.51927571253984,94,-0.0017069013668519,0.5212765957446809,0.9567811850817812,9,0.0855357447127998,0.8888888888888888,18.51927571253984,94,-0.0017069013668519,0.5212765957446809,0.9567811850817812,D43740,True,-0.0210674157303371,True,base_exit_guard
base_original,all,original,130,2019,D,159930,能源ETF,2019-10-11,2019-10-14,2019-12-17,2019-12-17,0.697,-0.0210674157303371,-0.0210674157303371,original,46,priority_DCS_raw_noskip,conservative_tp_center15_profit_first,52.5614134542706,0.5185069778363958,0.3143144103571718,0.4712018140589569,-0.0303030303030302,0.022444124502948,0.1111111111111111,0.1111111111111111,-0.0662824207492794,9,0.0855357447127998,0.8888888888888888,18.51927571253984,95,-0.0013322411469778,0.5263157894736842,0.96590874237734,9,0.0855357447127998,0.8888888888888888,18.51927571253984,95,-0.0013322411469778,0.5263157894736842,0.96590874237734,D43740,True,-0.0210674157303371,True,base_exit_guard
base_original,all,original,131,2019,D,159930,能源ETF,2019-10-14,2019-10-15,2019-12-17,2019-12-17,0.697,-0.0169252468265161,-0.0169252468265161,original,45,priority_DCS_raw_noskip,conservative_tp_center15_profit_first,49.97968631897203,0.5698145662123878,0.356016348853043,0.4205593348450491,-0.024024024024024,0.0249882811223839,0.1111111111111111,0.1111111111111111,-0.0597878495660558,9,0.0855357447127998,0.8888888888888888,18.51927571253984,96,-0.0008661316016723,0.53125,0.9776029050080234,9,0.0855357447127998,0.8888888888888888,18.51927571253984,96,-0.0008661316016723,0.53125,0.9776029050080234,D43740,True,-0.0169252468265161,True,base_exit_guard
base_original,all,original,132,2019,D,512660,军工ETF,2019-10-15,2019-10-16,2019-12-17,2019-12-17,0.764,0.0092470277410832,0.0092470277410832,original,44,priority_DCS_raw_noskip,conservative_tp_center15_profit_first,56.5631278643299,0.4657198407860707,0.3854119815227701,0.4691232048374906,-0.048371174728529,0.0002125672964221,0.1111111111111111,0.2222222222222222,-0.0695538057742782,8,-0.0211763752558667,0.25,0.5701439700605694,97,-0.0003110154774248,0.5360824742268041,0.9918737475403826,8,-0.0211763752558667,0.25,0.5701439700605694,97,-0.0003110154774248,0.5360824742268041,0.9918737475403826,D43740,True,0.0092470277410832,True,base_exit_guard
base_original,all,original,133,2019,D,512660,军工ETF,2019-10-16,2019-10-17,2019-12-17,2019-12-17,0.764,0.0146082337317396,0.0146082337317396,original,43,priority_DCS_raw_noskip,conservative_tp_center15_profit_first,54.08270050360547,0.4132755495184006,0.3823908609953452,0.4566893424036282,-0.0562130177514793,-0.0040652940043287,0.1111111111111111,0.2222222222222222,-0.0708661417322835,8,-0.0211763752558667,0.25,0.5701439700605694,98,0.0004299393580408,0.5408163265306123,1.0113493203233508,8,-0.0211763752558667,0.25,0.5701439700605694,98,0.0004299393580408,0.5408163265306123,1.0113493203233508,D43740,True,0.0146082337317396,True,base_exit_guard
base_original,all,original,134,2019,D,512660,军工ETF,2019-10-17,2019-10-18,2019-12-17,2019-12-17,0.764,0.0324324324324325,0.0324324324324325,original,42,priority_DCS_raw_noskip,conservative_tp_center15_profit_first,54.39154847875244,0.428236738594808,0.363625974996582,0.4643235071806502,-0.0476190476190476,-0.001286146124451,0.1111111111111111,0.2222222222222222,-0.0708661417322835,8,-0.0211763752558667,0.25,0.5701439700605694,99,0.0009528984334073,0.5454545454545454,1.0254108025686517,8,-0.0211763752558667,0.25,0.5701439700605694,99,0.0009528984334073,0.5454545454545454,1.0254108025686517,D43740,True,0.0324324324324325,True,base_exit_guard
base_original,all,original,135,2019,D,512660,军工ETF,2019-10-18,2019-10-21,2019-12-17,2019-12-17,0.764,0.0324324324324325,0.0324324324324325,original,41,priority_DCS_raw_noskip,conservative_tp_center15_profit_first,65.10000687862313,0.3226833603971533,0.45486426830264,0.5859032501889645,-0.0658385093167702,-0.0086287064232635,0.3333333333333333,0.4444444444444444,-0.083989501312336,8,-0.0211763752558667,0.25,0.5701439700605694,100,0.0014487577805486,0.55,1.0390240514651832,8,-0.0211763752558667,0.25,0.5701439700605694,100,0.0014487577805486,0.55,1.0390240514651832,D43740,True,0.0324324324324325,True,base_exit_guard
base_original,all,original,136,2019,D,159930,能源ETF,2019-10-21,2019-10-22,2019-12-17,2019-12-17,0.697,0.0130813953488371,0.0130813953488371,original,40,priority_DCS_raw_noskip,conservative_tp_center15_profit_first,62.79478458049886,0.2960001686384487,0.4869695575081832,0.545578231292517,-0.0860033726812815,-0.0159425269153444,0.3333333333333333,0.5555555555555556,-0.0996677740863786,9,0.0855357447127998,0.8888888888888888,18.51927571253984,101,0.0026626472413671,0.5544554455445545,1.0724388557007818,9,0.0855357447127998,0.8888888888888888,18.51927571253984,101,0.0026626472413671,0.5544554455445545,1.0724388557007818,D43740,True,0.0130813953488371,True,base_exit_guard
base_original,all,original,137,2019,D,512660,军工ETF,2019-10-22,2019-10-23,2019-12-17,2019-12-17,0.764,0.0324324324324325,0.0324324324324325,original,39,priority_DCS_raw_noskip,conservative_tp_center15_profit_first,54.22261618292812,0.3655651926644778,0.3512585891475073,0.4839002267573696,-0.0445859872611464,0.0052361673414305,0.2222222222222222,0.1111111111111111,-0.0830564784053154,8,-0.0211763752558667,0.25,0.5701439700605694,102,0.0031056650849784,0.5588235294117647,1.0853279605823445,8,-0.0211763752558667,0.25,0.5701439700605694,102,0.0031056650849784,0.5588235294117647,1.0853279605823445,D43740,True,0.0324324324324325,True,base_exit_guard
base_original,all,original,138,2019,D,512660,军工ETF,2019-10-23,2019-10-24,2019-12-17,2019-12-17,0.764,0.0310391363022941,0.0310391363022941,original,38,priority_DCS_raw_noskip,conservative_tp_center15_profit_first,60.38347978080121,0.3450459928138787,0.3639010904653854,0.535827664399093,-0.0447552447552446,-0.0142501156422997,0.2222222222222222,0.1111111111111111,-0.0930232558139534,8,-0.0211763752558667,0.25,0.5701439700605694,103,0.0044946813788858,0.5631067961165048,1.1247017963929804,8,-0.0211763752558667,0.25,0.5701439700605694,103,0.0044946813788858,0.5631067961165048,1.1247017963929804,D43740,True,0.0310391363022941,True,base_exit_guard
base_original,all,original,139,2019,D,512660,军工ETF,2019-10-24,2019-10-25,2019-12-17,2019-12-17,0.764,0.0255033557046979,0.0255033557046979,original,37,priority_DCS_raw_noskip,conservative_tp_center15_profit_first,53.88571043304053,0.3216124235562239,0.4009290145443347,0.4701058201058201,-0.0520117762512266,-0.0266802629976866,0.2222222222222222,0.2222222222222222,-0.0946843853820597,8,-0.0211763752558667,0.25,0.5701439700605694,104,0.0043275270745424,0.5576923076923077,1.120810446257435,8,-0.0211763752558667,0.25,0.5701439700605694,104,0.0043275270745424,0.5576923076923077,1.120810446257435,D43740,True,0.0255033557046979,True,base_exit_guard
base_original,all,original,140,2019,D,512660,军工ETF,2019-10-25,2019-10-28,2019-12-17,2019-12-17,0.764,0.0079155672823219,0.0079155672823219,original,36,priority_DCS_raw_noskip,conservative_tp_center15_profit_first,50.05610439004781,0.3245306690372236,0.4075908636892059,0.4031368102796674,-0.0496957403651114,-0.0270585504783484,0.1111111111111111,0.2222222222222222,-0.091362126245847,8,-0.0211763752558667,0.25,0.5701439700605694,105,0.0045156344677033,0.5619047619047619,1.127273923969926,8,-0.0211763752558667,0.25,0.5701439700605694,105,0.0045156344677033,0.5619047619047619,1.127273923969926,D43740,True,0.0079155672823219,True,base_exit_guard
base_original,all,original,141,2019,D,512660,军工ETF,2019-10-28,2019-10-29,2019-12-17,2019-12-17,0.764,0.0200267022696929,0.0200267022696929,original,35,priority_DCS_raw_noskip,conservative_tp_center15_profit_first,48.42595336889943,0.4556086665031293,0.317034239276837,0.397883597883598,-0.0236382322713257,-0.0144858934169279,0.1111111111111111,0.0,-0.0557692307692307,8,-0.0211763752558667,0.25,0.5701439700605694,106,0.0047423785995655,0.5660377358490566,1.134937743393897,8,-0.0211763752558667,0.25,0.5701439700605694,106,0.0047423785995655,0.5660377358490566,1.134937743393897,D43740,True,0.0200267022696929,True,base_exit_guard
base_original,all,original,142,2019,D,512660,军工ETF,2019-10-29,2019-10-30,2019-12-17,2019-12-17,0.764,0.0310391363022941,0.0310391363022941,original,34,priority_DCS_raw_noskip,conservative_tp_center15_profit_first,58.5765076441872,0.3750261318063749,0.3235646586875718,0.5052910052910053,-0.040920716112532,-0.0270733842162413,0.1111111111111111,0.1111111111111111,-0.0673076923076924,8,-0.0211763752558667,0.25,0.5701439700605694,107,0.0050845894209199,0.5700934579439252,1.146039730491122,8,-0.0211763752558667,0.25,0.5701439700605694,107,0.0050845894209199,0.5700934579439252,1.146039730491122,D43740,True,0.0310391363022941,True,base_exit_guard
base_original,all,original,143,2019,D,512660,军工ETF,2019-10-30,2019-10-31,2019-12-17,2019-12-17,0.764,0.0352303523035231,0.0352303523035231,original,33,priority_DCS_raw_noskip,conservative_tp_center15_profit_first,58.9606790992259,0.3468814489733869,0.4278604789244927,0.5095616024187454,-0.0284090909090908,-0.0399245302068477,0.4444444444444444,0.1111111111111111,-0.0772425249169435,8,-0.0211763752558667,0.25,0.5701439700605694,108,0.0064692819259317,0.5740740740740741,1.18754746088961,8,-0.0211763752558667,0.25,0.5701439700605694,108,0.0064692819259317,0.5740740740740741,1.18754746088961,D43740,True,0.0352303523035231,True,base_exit_guard
base_original,all,original,144,2019,D,512660,军工ETF,2019-10-31,2019-11-01,2019-12-17,2019-12-17,0.764,0.0282637954239568,0.0282637954239568,original,32,priority_DCS_raw_noskip,conservative_tp_center15_profit_first,57.288613562964215,0.3247066902663404,0.446835808943417,0.5318216175359033,-0.0187319884726223,-0.0436503258618075,0.5555555555555556,0.0,-0.0921926910299003,9,-0.012315508163945,0.3333333333333333,0.7187605383435437,109,0.0069472832713032,0.5779816513761468,1.2032698004741855,9,-0.012315508163945,0.3333333333333333,0.7187605383435437,109,0.0069472832713032,0.5779816513761468,1.2032698004741855,D43740,True,0.0282637954239568,True,base_exit_guard
base_original,all,original,145,2019,D,512660,军工ETF,2019-11-01,2019-11-04,2019-12-17,2019-12-17,0.764,0.0310391363022941,0.0310391363022941,original,31,priority_DCS_raw_noskip,conservative_tp_center15_profit_first,52.733827941997525,0.3861562325142517,0.3480007735421391,0.4799697656840515,-0.0172661870503595,-0.0220899850237389,0.2222222222222222,0.0,-0.0830564784053154,10,-0.0075776459871017,0.4,0.8077281415642888,110,0.0072028817288777,0.5818181818181818,1.2126817986519325,10,-0.0075776459871017,0.4,0.8077281415642888,110,0.0072028817288777,0.5818181818181818,1.2126817986519325,D43740,True,0.0310391363022941,True,base_exit_guard
base_original,all,original,146,2019,D,512660,军工ETF,2019-11-04,2019-11-05,2019-12-17,2019-12-17,0.764,0.0282637954239568,0.0282637954239568,original,30,priority_DCS_raw_noskip,conservative_tp_center15_profit_first,53.41429734286878,0.4722506654197433,0.3154505977862144,0.4723356009070295,-0.0061412487205732,0.0033973544926557,0.2222222222222222,0.0,-0.0772425249169435,11,-0.0048880187978278,0.4545454545454545,0.8635709155693652,111,0.007336263452896,0.5855855855855856,1.2185894781683968,11,-0.0048880187978278,0.4545454545454545,0.8635709155693652,111,0.007336263452896,0.5855855855855856,1.2185894781683968,D43740,True,0.0282637954239568,True,base_exit_guard
base_original,all,original,147,2019,D,512660,军工ETF,2019-11-05,2019-11-06,2019-12-17,2019-12-17,0.764,0.0146082337317396,0.0146082337317396,original,29,priority_DCS_raw_noskip,conservative_tp_center15_profit_first,46.401941435010215,0.5410071041117347,0.2968914766544815,0.3600151171579743,0.0137035701406418,0.0303616644061677,0.1111111111111111,0.0,-0.0681063122923586,12,-0.0043680712853962,0.5,0.8669997750880891,112,0.0072828267377036,0.5892857142857143,1.2189522216657338,12,-0.0043680712853962,0.5,0.8669997750880891,112,0.0072828267377036,0.5892857142857143,1.2189522216657338,D43740,True,0.0146082337317396,True,base_exit_guard
base_original,all,original,148,2019,D,512880,证券ETF,2019-11-06,2019-11-07,2019-12-17,2019-12-17,0.999,0.0616365568544101,0.0616365568544101,original,28,priority_DCS_raw_noskip,conservative_tp_center15_profit_first,53.10986989925346,0.4473529529154219,0.3731560665422917,0.4838624338624339,-0.0003577817531305,0.0398684290197001,0.2222222222222222,0.0,-0.0813953488372092,26,-0.0837556850066838,0.1153846153846153,0.1158502274085436,113,0.0072722217817451,0.5929203539823009,1.220585476209935,26,-0.0837556850066838,0.1153846153846153,0.1158502274085436,113,0.0072722217817451,0.5929203539823009,1.220585476209935,D43740,True,0.0616365568544101,True,base_exit_guard
base_original,all,original,149,2019,D,512660,军工ETF,2019-11-07,2019-11-08,2019-12-17,2019-12-17,0.764,0.0296495956873314,0.0296495956873314,original,27,priority_DCS_raw_noskip,conservative_tp_center15_profit_first,50.52306323046014,0.5211620420470949,0.3660741416199802,0.4021919879062736,-0.0031779661016949,0.0456451975225442,0.2222222222222222,0.0,-0.0727496917385943,13,-0.0019332096784915,0.5384615384615384,0.936231863597111,114,0.0074477736047505,0.5964912280701754,1.22790962868004,13,-0.0019332096784915,0.5384615384615384,0.936231863597111,114,0.0074477736047505,0.5964912280701754,1.22790962868004,D43740,True,0.0296495956873314,True,base_exit_guard
base_original,all,original,150,2019,D,512660,军工ETF,2019-11-08,2019-11-11,2019-12-17,2019-12-17,0.764,0.0552486187845304,0.0552486187845304,original,26,priority_DCS_raw_noskip,conservative_tp_center15_profit_first,54.541319715500045,0.4375547850549071,0.3284736165033499,0.4613756613756613,-0.0201207243460764,0.0332712037778549,0.2222222222222222,0.0,-0.0702836004932183,13,-0.0019332096784915,0.5384615384615384,0.936231863597111,115,0.0074644831331385,0.6,1.230424650261576,13,-0.0019332096784915,0.5384615384615384,0.936231863597111,115,0.0074644831331385,0.6,1.230424650261576,D43740,True,0.0552486187845304,True,base_exit_guard
base_original,all,original,151,2019,D,512660,军工ETF,2019-11-11,2019-11-12,2019-12-17,2019-12-17,0.764,0.0552486187845304,0.0552486187845304,original,25,priority_DCS_raw_noskip,conservative_tp_center15_profit_first,67.95219804611249,0.3058432657848242,0.4081400522146713,0.609297052154195,-0.046,0.0212210375128417,0.5555555555555556,0.0,-0.0888704318936877,13,-0.0019332096784915,0.5384615384615384,0.936231863597111,116,0.0068520983704037,0.5948275862068966,1.2097801345536834,13,-0.0019332096784915,0.5384615384615384,0.936231863597111,116,0.0068520983704037,0.5948275862068966,1.2097801345536834,D43740,True,0.0552486187845304,True,base_exit_guard
base_original,all,original,152,2019,D,512660,军工ETF,2019-11-12,2019-11-13,2019-12-17,2019-12-17,0.764,0.0611111111111111,0.0611111111111111,original,24,priority_DCS_raw_noskip,conservative_tp_center15_profit_first,59.89990289182582,0.3045446930959181,0.4074400746918006,0.5609599395313681,-0.0373737373737373,0.0065568234746157,0.5555555555555556,0.0,-0.0938538205980066,13,-0.0019332096784915,0.5384615384615384,0.936231863597111,117,0.0066524126829311,0.5897435897435898,1.204531123023833,13,-0.0019332096784915,0.5384615384615384,0.936231863597111,117,0.0066524126829311,0.5897435897435898,1.204531123023833,D43740,True,0.0611111111111111,True,base_exit_guard
base_original,all,original,153,2019,D,512880,证券ETF,2019-11-13,2019-11-14,2019-12-17,2019-12-17,0.999,0.1014332965821389,0.1014332965821389,original,23,priority_DCS_raw_noskip,conservative_tp_center15_profit_first,61.76540060468631,0.2966144691207462,0.4053806079583513,0.5682539682539682,-0.0426540284360189,0.0072480255011049,0.5555555555555556,0.0,-0.0930232558139534,27,-0.0830081466488102,0.1111111111111111,0.1129352538214645,118,0.0063531344366167,0.5847457627118644,1.195526481666262,27,-0.0830081466488102,0.1111111111111111,0.1129352538214645,118,0.0063531344366167,0.5847457627118644,1.195526481666262,D43740,True,0.1014332965821389,True,base_exit_guard
base_original,all,original,154,2019,D,159930,能源ETF,2019-11-14,2019-11-15,2019-12-17,2019-12-17,0.697,0.0673813169984685,0.0673813169984685,original,22,priority_DCS_raw_noskip,conservative_tp_center15_profit_first,59.68253968253968,0.3022848193202692,0.4015386160924754,0.5322751322751323,-0.0384615384615385,0.0061383928571429,0.5555555555555556,0.0,-0.0900123304562269,9,0.0855357447127998,0.8888888888888888,18.51927571253984,119,0.0059830297167469,0.5798319327731093,1.1838888436094106,9,0.0855357447127998,0.8888888888888888,18.51927571253984,119,0.0059830297167469,0.5798319327731093,1.1838888436094106,D43740,True,0.0673813169984685,True,base_exit_guard
base_original,all,original,155,2019,D,512880,证券ETF,2019-11-15,2019-11-18,2019-12-17,2019-12-17,0.999,0.1014332965821389,0.1014332965821389,original,21,priority_DCS_raw_noskip,conservative_tp_center15_profit_first,67.05548222605792,0.2999903345263108,0.4009708880822062,0.6129251700680273,-0.0324324324324324,-0.0060373761667968,0.5555555555555556,0.0,-0.0951923076923078,28,-0.0828382854299357,0.1071428571428571,0.1095425245129807,120,0.0052810708647713,0.575,1.1604355462072955,28,-0.0828382854299357,0.1071428571428571,0.1095425245129807,120,0.0052810708647713,0.575,1.1604355462072955,D43740,True,0.1014332965821389,True,base_exit_guard
base_original,all,original,156,2019,D,512660,军工ETF,2019-11-18,2019-11-19,2019-12-17,2019-12-17,0.764,0.0451436388508892,0.0451436388508892,original,20,priority_DCS_raw_noskip,conservative_tp_center15_profit_first,54.15756410965471,0.3291344834125482,0.4390525977838331,0.4697656840513984,-0.0241935483870967,0.0073827980804725,0.5555555555555556,0.0,-0.0884615384615385,13,-0.0019332096784915,0.5384615384615384,0.936231863597111,121,0.005843563967114,0.5785123966942148,1.1790030903216544,13,-0.0019332096784915,0.5384615384615384,0.936231863597111,121,0.005843563967114,0.5785123966942148,1.1790030903216544,D43740,True,0.0451436388508892,True,base_exit_guard
base_original,all,original,157,2019,D,512720,计算机ETF,2019-11-19,2019-11-20,2019-12-17,2019-12-17,1.187,0.0523049645390072,0.0523049645390072,original,19,priority_DCS_raw_noskip,conservative_tp_center15_profit_first,48.23212211713954,0.3860787308841095,0.4501250855961201,0.3496598639455783,-0.0150862068965517,-0.0264496439471007,0.5555555555555556,0.0,-0.0798076923076923,0,,,,122,0.0049872221560204,0.5737704918032787,1.1502813293926193,0,,,,122,0.0049872221560204,0.5737704918032787,1.1502813293926193,D43740,True,0.0523049645390072,True,base_exit_guard
base_original,all,original,158,2019,D,512880,证券ETF,2019-11-20,2019-11-21,2019-12-17,2019-12-17,0.999,0.1099999999999998,0.1099999999999998,original,18,priority_DCS_raw_noskip,conservative_tp_center15_profit_first,59.57977109762825,0.3903382043542359,0.4536668278337858,0.4680272108843538,-0.0144628099173553,-0.0234948604992658,0.5555555555555556,0.0,-0.0826923076923077,28,-0.0828382854299357,0.1071428571428571,0.1095425245129807,123,0.0044115022154656,0.5691056910569106,1.1318784441259395,28,-0.0828382854299357,0.1071428571428571,0.1095425245129807,123,0.0044115022154656,0.5691056910569106,1.1318784441259395,D43740,True,0.1099999999999998,True,base_exit_guard
base_original,all,original,159,2019,D,512880,证券ETF,2019-11-21,2019-11-22,2019-12-17,2019-12-17,0.999,0.1112347052280311,0.1112347052280311,original,17,priority_DCS_raw_noskip,conservative_tp_center15_profit_first,53.94721350078493,0.3821459977672088,0.4496083179048656,0.4551398337112624,-0.0144927536231884,-0.0315361139369277,0.5555555555555556,0.0,-0.0846153846153846,28,-0.0828382854299357,0.1071428571428571,0.1095425245129807,124,0.0038435769076389,0.5645161290322581,1.1140058522484195,28,-0.0828382854299357,0.1071428571428571,0.1095425245129807,124,0.0038435769076389,0.5645161290322581,1.1140058522484195,D43740,True,0.1112347052280311,True,base_exit_guard
base_original,all,original,160,2019,D,512720,计算机ETF,2019-11-22,2019-11-25,2019-12-17,2019-12-17,1.187,0.1062441752096925,0.1062441752096925,original,16,priority_DCS_raw_noskip,conservative_tp_center15_profit_first,63.833144368858655,0.3490750265321191,0.4639358899992843,0.4683295540438397,-0.0196078431372549,-0.0176211453744493,0.5555555555555556,0.0,-0.0865384615384615,0,,,,125,0.0032008672353541,0.56,1.093988056000813,0,,,,125,0.0032008672353541,0.56,1.093988056000813,D43740,True,0.1062441752096925,True,base_exit_guard
base_original,all,original,161,2019,D,512660,军工ETF,2019-11-25,2019-11-26,2019-12-17,2019-12-17,0.764,0.0552486187845304,0.0552486187845304,original,15,priority_DCS_raw_noskip,conservative_tp_center15_profit_first,58.67566485993231,0.2855780895709588,0.4401031632935385,0.5334089191232049,-0.0259740259740259,0.0043525571273121,0.3333333333333333,0.1111111111111111,-0.0864553314121037,13,-0.0019332096784915,0.5384615384615384,0.936231863597111,126,0.0031008075190512,0.5555555555555556,1.0915760172119466,13,-0.0019332096784915,0.5384615384615384,0.936231863597111,126,0.0031008075190512,0.5555555555555556,1.0915760172119466,D43740,True,0.0552486187845304,True,base_exit_guard
base_original,all,original,162,2019,D,512880,证券ETF,2019-11-26,2019-11-27,2019-12-17,2019-12-17,0.999,0.1162011173184356,0.1162011173184356,original,14,priority_DCS_raw_noskip,conservative_tp_center15_profit_first,59.168876331894765,0.3075943192627384,0.3746702867553271,0.5555933484504912,-0.0160256410256409,0.0069241982507286,0.3333333333333333,0.0,-0.0893371757925071,28,-0.0828382854299357,0.1071428571428571,0.1095425245129807,127,0.002823101694745,0.5511811023622047,1.0834073730330511,28,-0.0828382854299357,0.1071428571428571,0.1095425245129807,127,0.002823101694745,0.5511811023622047,1.0834073730330511,D43740,True,0.1162011173184356,True,base_exit_guard
base_original,all,original,163,2019,D,512880,证券ETF,2019-11-27,2019-11-28,2019-12-17,2019-12-17,0.999,0.1162011173184356,0.1162011173184356,original,13,priority_DCS_raw_noskip,conservative_tp_center15_profit_first,59.97657601444754,0.3077908012375932,0.3679651356921627,0.5475056689342404,-0.0079365079365079,-0.008708272859216,0.3333333333333333,0.0,-0.0821325648414984,28,-0.0828382854299357,0.1071428571428571,0.1095425245129807,128,0.0024637377169331,0.546875,1.0726337222198885,28,-0.0828382854299357,0.1071428571428571,0.1095425245129807,128,0.0024637377169331,0.546875,1.0726337222198885,D43740,True,0.1162011173184356,True,base_exit_guard
base_original,all,original,164,2019,D,159930,能源ETF,2019-11-28,2019-11-29,2019-12-17,2019-12-17,0.697,0.0341246290801184,0.0341246290801184,original,12,priority_DCS_raw_noskip,conservative_tp_center15_profit_first,60.04487906273621,0.3036750157864433,0.4166929590357056,0.568291761148904,-0.006269592476489,-0.0160116448326055,0.4444444444444444,0.0,-0.0922190201729106,16,0.0213391351066125,0.5,1.722844486640057,129,0.0020873569169967,0.5426356589147286,1.0613669288916812,16,0.0213391351066125,0.5,1.722844486640057,129,0.0020873569169967,0.5426356589147286,1.0613669288916812,D43740,True,0.0341246290801184,True,base_exit_guard
base_original,all,original,165,2019,D,512880,证券ETF,2019-11-29,2019-12-02,2019-12-17,2019-12-17,0.999,0.1050884955752211,0.1050884955752211,original,11,priority_DCS_raw_noskip,conservative_tp_center15_profit_first,54.41493866622955,0.2820182936054167,0.4379246304890234,0.4992441421012851,-0.0161348153460021,-0.0174927113702624,0.4444444444444444,0.0,-0.0979827089337175,28,-0.0828382854299357,0.1071428571428571,0.1095425245129807,130,0.0016823634195367,0.5384615384615384,1.049275985045074,28,-0.0828382854299357,0.1071428571428571,0.1095425245129807,130,0.0016823634195367,0.5384615384615384,1.049275985045074,D43740,True,0.1050884955752211,True,base_exit_guard
base_original,all,original,166,2019,D,512660,军工ETF,2019-12-02,2019-12-03,2019-12-17,2019-12-17,0.764,0.0465753424657535,0.0465753424657535,original,10,priority_DCS_raw_noskip,conservative_tp_center15_profit_first,52.873156838492974,0.2683273556087022,0.4316879330289006,0.4686318972033259,-0.0215924426450742,-0.0203488372093021,0.4444444444444444,0.0,-0.0965417867435157,13,-0.0019332096784915,0.5384615384615384,0.936231863597111,131,0.0012722737663089,0.5343511450381679,1.0371160397798411,13,-0.0019332096784915,0.5384615384615384,0.936231863597111,131,0.0012722737663089,0.5343511450381679,1.0371160397798411,D43740,True,0.0465753424657535,True,base_exit_guard
base_original,all,original,167,2019,D,512660,军工ETF,2019-12-03,2019-12-04,2019-12-17,2019-12-17,0.764,0.0394557823129251,0.0394557823129251,original,9,priority_DCS_raw_noskip,conservative_tp_center15_profit_first,51.303205861783965,0.2658837600469835,0.4222302273455009,0.4475056689342404,-0.0199217360369975,-0.025936599423631,0.4444444444444444,0.0,-0.0893371757925071,13,-0.0019332096784915,0.5384615384615384,0.936231863597111,132,0.0008382231395673,0.5303030303030303,1.024336529730571,13,-0.0019332096784915,0.5384615384615384,0.936231863597111,132,0.0008382231395673,0.5303030303030303,1.024336529730571,D43740,True,0.0394557823129251,True,base_exit_guard
base_original,all,original,168,2019,D,510880,红利ETF,2019-12-04,2019-12-05,2019-12-17,2019-12-17,2.86,0.0384894698620188,0.0384894698620188,original,8,priority_DCS_raw_noskip,conservative_tp_center15_profit_first,50.9750566893424,0.2938257540162064,0.4261233026571605,0.4110355253212395,-0.0216998191681736,-0.0315186246418336,0.4444444444444444,0.0,-0.0875,55,0.0219320379795088,0.7272727272727273,3.008541324828332,133,0.0004920880775179,0.5263157894736842,1.014253562960588,55,0.0219320379795088,0.7272727272727273,3.008541324828332,133,0.0004920880775179,0.5263157894736842,1.014253562960588,D43740,True,0.0384894698620188,True,base_exit_guard
base_original,all,original,169,2019,D,159930,能源ETF,2019-12-05,2019-12-06,2019-12-18,2019-12-18,0.692,0.0206489675516223,0.0206489675516223,original,8,priority_DCS_raw_noskip,conservative_tp_center15_profit_first,45.370842781557066,0.3831527249598555,0.4265638651741034,0.3601284958427815,-0.011966364812419,-0.0356633380884449,0.3333333333333333,0.0,-0.0807692307692308,21,0.0042084948615048,0.3809523809523809,1.1218365778029389,134,0.0001210542737192,0.5223880597014925,1.0034952856493289,21,0.0042084948615048,0.3809523809523809,1.1218365778029389,134,0.0001210542737192,0.5223880597014925,1.0034952856493289,D43740,True,0.0206489675516223,True,base_exit_guard
base_original,all,original,170,2019,D,510880,红利ETF,2019-12-06,2019-12-09,2019-12-19,2019-12-19,2.863,0.0354430379746835,0.0354430379746835,original,8,priority_DCS_raw_noskip,conservative_tp_center15_profit_first,45.40202191987906,0.3886053172428729,0.3985188355815545,0.348185941043084,-0.0048512289780078,-0.0450704225352112,0.2222222222222222,0.0,-0.0778846153846154,55,0.0219320379795088,0.7272727272727273,3.008541324828332,135,-0.0002936640674764,0.5185185185185185,0.991559160893516,55,0.0219320379795088,0.7272727272727273,3.008541324828332,135,-0.0002936640674764,0.5185185185185185,0.991559160893516,D43740,True,0.0354430379746835,True,base_exit_guard
base_original,all,original,171,2019,D,512660,军工ETF,2019-12-09,2019-12-10,2019-12-20,2019-12-20,0.754,0.0175438596491228,0.0175438596491228,original,8,priority_DCS_raw_noskip,conservative_tp_center15_profit_first,42.40695193526725,0.4639264616099821,0.3480806325767568,0.3238473167044596,0.0142700329308451,-0.0463483146067414,0.1111111111111111,0.0,-0.0720461095100863,13,-0.0019332096784915,0.5384615384615384,0.936231863597111,136,-0.0006622413027687,0.5147058823529411,0.9810277483788912,13,-0.0019332096784915,0.5384615384615384,0.936231863597111,136,-0.0006622413027687,0.5147058823529411,0.9810277483788912,D43740,True,0.0175438596491228,True,base_exit_guard
base_original,all,original,172,2019,D,159930,能源ETF,2019-12-10,2019-12-11,2019-12-27,2019-12-27,0.698,0.026470588235294,0.026470588235294,original,12,priority_DCS_raw_noskip,conservative_tp_center15_profit_first,42.64172335600907,0.4486676524458861,0.3156112416689015,0.3131519274376417,0.0134529147982063,-0.0609418282548475,0.1111111111111111,0.0,-0.0634005763688759,24,-0.0026773338487531,0.3333333333333333,0.9268170698678436,137,-0.0009957162903889,0.5109489051094891,0.9715422675645746,24,-0.0026773338487531,0.3333333333333333,0.9268170698678436,137,-0.0009957162903889,0.5109489051094891,0.9715422675645746,D43740,True,0.026470588235294,True,base_exit_guard
base_original,all,original,173,2019,D,512660,军工ETF,2019-12-11,2019-12-12,2019-12-27,2019-12-27,0.752,0.0162162162162162,0.0162162162162162,original,11,priority_DCS_raw_noskip,conservative_tp_center15_profit_first,43.60928403738244,0.464849506736545,0.3525281111606484,0.3389644746787604,0.0225563909774435,-0.062984496124031,0.2222222222222222,0.0,-0.0647969052224372,13,-0.0019332096784915,0.5384615384615384,0.936231863597111,138,-0.0013053383049646,0.5072463768115942,0.962760582224508,13,-0.0019332096784915,0.5384615384615384,0.936231863597111,138,-0.0013053383049646,0.5072463768115942,0.962760582224508,D43740,True,0.0162162162162162,True,base_exit_guard
base_original,all,original,174,2019,D,159930,能源ETF,2019-12-12,2019-12-13,2019-12-27,2019-12-27,0.698,0.0249632892804696,0.0249632892804696,original,10,priority_DCS_raw_noskip,conservative_tp_center15_profit_first,47.72628495842782,0.4666411912703265,0.347356544165055,0.3602796674225246,0.0226928895612708,-0.061284046692607,0.3333333333333333,0.0,-0.0667311411992264,26,-0.0058300049715312,0.3076923076923077,0.8429779973712791,139,-0.0016096204940505,0.5035971223021583,0.954160271617819,26,-0.0058300049715312,0.3076923076923077,0.8429779973712791,139,-0.0016096204940505,0.5035971223021583,0.954160271617819,D43740,True,0.0249632892804696,True,base_exit_guard
base_original,all,original,175,2019,D,159930,能源ETF,2019-12-13,2019-12-16,2019-12-27,2019-12-27,0.698,0.0115942028985507,0.0115942028985507,original,9,priority_DCS_raw_noskip,conservative_tp_center15_profit_first,41.39880952380952,0.6217500051384579,0.3332765292755191,0.3362433862433862,0.0428790199081163,-0.0521739130434781,0.2222222222222222,0.0,-0.0551257253384913,27,-0.0075852376953784,0.2962962962962963,0.798931327949245,140,-0.0019782752656316,0.5,0.9438682543378036,27,-0.0075852376953784,0.2962962962962963,0.798931327949245,140,-0.0019782752656316,0.5,0.9438682543378036,D43740,True,0.0115942028985507,True,base_exit_guard
base_original,all,original,176,2019,D,159930,能源ETF,2019-12-16,2019-12-17,2019-12-27,2019-12-27,0.698,0.0014347202295552,0.0014347202295552,original,8,priority_DCS_raw_noskip,conservative_tp_center15_profit_first,31.89531368102797,0.7161478442779051,0.2309652632218577,0.2159486016628874,0.0542420027816412,-0.0483558994197292,0.0,0.0,-0.0251509054325955,28,-0.0088693122720684,0.2857142857142857,0.7661803580997381,141,-0.0022730344895825,0.4964539007092198,0.9356122221274588,28,-0.0088693122720684,0.2857142857142857,0.7661803580997381,141,-0.0022730344895825,0.4964539007092198,0.9356122221274588,D43740,True,0.0014347202295552,True,base_exit_guard
base_original,all,original,177,2019,D,512720,计算机ETF,2019-12-23,2019-12-24,2020-01-06,2020-01-06,1.205,0.0588752196836557,0.0588752196836557,original,8,priority_DCS_raw_noskip,conservative_tp_center15_profit_first,54.01682973111544,0.6492154611193195,0.2027575148784562,0.4724111866969009,0.0406666666666666,-0.0207407407407407,0.1111111111111111,0.0,-0.0337078651685394,2,0.0792745698743498,1.0,,228,0.0104993621523501,0.6096491228070176,1.4317564812111934,2,0.0792745698743498,1.0,,228,0.0104993621523501,0.6096491228070176,1.4317564812111934,D43740,True,0.0588752196836557,True,base_exit_guard
tp15%_D+S_next_close,D+S,next_close,178,2020,D,510880,红利ETF,2020-02-03,2020-02-04,2020-06-15,2020-06-15,2.414,-0.0273972602739726,-0.0273972602739726,original,90,priority_DCS_raw_noskip,conservative_tp_center15_profit_first,97.91572184429327,0.1892877408299464,0.503041031183896,0.9583144368858656,-0.0687679083094554,-0.0271739130434782,0.5555555555555556,0.4444444444444444,-0.1500474833808166,66,0.0271617339624977,0.7727272727272727,3.984973772267282,237,0.0097953816264567,0.620253164556962,1.4183115203705774,66,0.0271617339624977,0.7727272727272727,3.984973772267282,240,0.0113922011932168,0.625,1.4926619330538846,D29403,False,-0.0273972602739726,True,base_exit_guard
tp15%_D+S_next_close,D+S,next_close,179,2020,D,510880,红利ETF,2020-02-04,2020-02-05,2020-06-16,2020-06-16,2.442,-0.0286396181384246,-0.0286396181384246,original,90,priority_DCS_raw_noskip,conservative_tp_center15_profit_first,81.86271730914589,0.2889032231123954,0.5065471057890807,0.7863945578231294,-0.0778859527121,-0.0296096904441454,0.5555555555555556,0.4444444444444444,-0.1296296296296296,66,0.0271617339624977,0.7727272727272727,3.984973772267282,236,0.0093668031267803,0.6186440677966102,1.398321284514101,66,0.0271617339624977,0.7727272727272727,3.984973772267282,240,0.0113922011932168,0.625,1.4926619330538846,D29403,False,-0.0286396181384246,True,base_exit_guard
tp15%_D+S_next_close,D+S,next_close,180,2020,D,510880,红利ETF,2020-02-05,2020-02-06,2020-06-17,2020-06-17,2.45,-0.0277777777777776,-0.0277777777777776,original,90,priority_DCS_raw_noskip,conservative_tp_center15_profit_first,76.11158352229782,0.3720624299552614,0.5073600198873781,0.6865835222978082,-0.0606060606060605,-0.0026990553306343,0.5555555555555556,0.4444444444444444,-0.1150097465886939,66,0.0271617339624977,0.7727272727272727,3.984973772267282,235,0.0089505020772335,0.6170212765957447,1.3790053832260354,66,0.0271617339624977,0.7727272727272727,3.984973772267282,240,0.0113922011932168,0.625,1.4926619330538846,D29403,False,-0.0277777777777776,True,base_exit_guard
tp15%_D+S_next_close,D+S,next_close,181,2020,D,510880,红利ETF,2020-02-06,2020-02-07,2020-06-18,2020-06-18,2.471,-0.0171042163882257,-0.0171042163882257,original,90,priority_DCS_raw_noskip,conservative_tp_center15_profit_first,74.79450113378685,0.4618978998752371,0.3991262384729333,0.6655328798185941,-0.0482093663911846,0.0323014804845223,0.2222222222222222,0.4444444444444444,-0.1013645224171539,66,0.0271617339624977,0.7727272727272727,3.984973772267282,234,0.0085594502869458,0.6153846153846154,1.360904128307291,66,0.0271617339624977,0.7727272727272727,3.984973772267282,240,0.0113922011932168,0.625,1.4926619330538846,D29403,False,-0.0171042163882257,True,base_exit_guard
tp15%_D+S_next_close,D+S,next_close,182,2020,D,510880,红利ETF,2020-02-07,2020-02-10,2020-06-19,2020-06-19,2.468,-0.0348064137661321,-0.0348064137661321,original,90,priority_DCS_raw_noskip,conservative_tp_center15_profit_first,76.18480725623584,0.4424814021278454,0.4141352169895172,0.6533257747543463,-0.0706521739130433,0.0411686586985391,0.2222222222222222,0.4444444444444444,-0.0964912280701754,66,0.0271617339624977,0.7727272727272727,3.984973772267282,233,0.0079075074515374,0.6137339055793991,1.331990494662721,66,0.0271617339624977,0.7727272727272727,3.984973772267282,240,0.0113922011932168,0.625,1.4926619330538846,D29403,False,-0.0348064137661321,True,base_exit_guard
tp15%_D+S_next_close,D+S,next_close,183,2020,D,510880,红利ETF,2020-02-10,2020-02-11,2020-06-22,2020-06-22,2.456,-0.044729677168417,-0.044729677168417,original,90,priority_DCS_raw_noskip,conservative_tp_center15_profit_first,70.9604119425548,0.4898780814388654,0.5440447721029205,0.6153061224489796,-0.0441176470588235,0.054812834224599,0.1111111111111111,0.4444444444444444,-0.0786082474226804,66,0.0271617339624977,0.7727272727272727,3.984973772267282,232,0.0075223482694752,0.6120689655172413,1.3144644385048647,66,0.0271617339624977,0.7727272727272727,3.984973772267282,240,0.0113922011932168,0.625,1.4926619330538846,D29403,False,-0.044729677168417,True,base_exit_guard
tp15%_D+S_next_close,D+S,next_close,184,2020,D,510880,红利ETF,2020-02-11,2020-02-12,2020-06-22,2020-06-22,2.456,-0.0473235065942591,-0.0473235065942591,original,89,priority_DCS_raw_noskip,conservative_tp_center15_profit_first,69.99102418745277,0.4454346509964046,0.5384205281464058,0.6078231292517008,-0.0803134182174338,0.0539083557951483,0.0,0.5555555555555556,-0.0837628865979381,66,0.0271617339624977,0.7727272727272727,3.984973772267282,231,0.0070508256496211,0.6103896103896104,1.293482408288022,66,0.0271617339624977,0.7727272727272727,3.984973772267282,240,0.0113922011932168,0.625,1.4926619330538846,D29403,False,-0.0473235065942591,True,base_exit_guard
tp15%_D+S_next_close,D+S,next_close,185,2020,D,510880,红利ETF,2020-02-12,2020-02-13,2020-06-22,2020-06-22,2.456,-0.0413739266198281,-0.0413739266198281,original,88,priority_DCS_raw_noskip,conservative_tp_center15_profit_first,63.00453514739229,0.5673923687577784,0.3794412708966493,0.4743764172335601,-0.0222222222222222,0.1022099447513813,0.0,0.3333333333333333,-0.0360824742268041,66,0.0271617339624977,0.7727272727272727,3.984973772267282,230,0.006766706673988,0.6086956521739131,1.2804369954465409,66,0.0271617339624977,0.7727272727272727,3.984973772267282,240,0.0113922011932168,0.625,1.4926619330538846,D29403,False,-0.0413739266198281,True,base_exit_guard
tp15%_D+S_next_close,D+S,next_close,186,2020,D,510880,红利ETF,2020-02-13,2020-02-14,2020-06-22,2020-06-22,2.456,-0.0469538222739619,-0.0469538222739619,original,87,priority_DCS_raw_noskip,conservative_tp_center15_profit_first,73.4887566137566,0.5577801191051299,0.3334357922576902,0.6129629629629629,-0.0235294117647059,0.0925414364640884,0.0,0.3333333333333333,-0.0373711340206185,65,0.0265206973477046,0.7692307692307693,3.870366738735343,229,0.0064956917951667,0.6069868995633187,1.268034693592152,66,0.0271617339624977,0.7727272727272727,3.984973772267282,240,0.0113922011932168,0.625,1.4926619330538846,D29403,False,-0.0469538222739619,True,base_exit_guard
tp15%_D+S_next_close,D+S,next_close,187,2020,D,510880,红利ETF,2020-02-14,2020-02-17,2020-06-22,2020-06-22,2.456,-0.0633104500381388,-0.0633104500381388,original,86,priority_DCS_raw_noskip,conservative_tp_center15_profit_first,65.83616780045352,0.5953336042106633,0.2686489991264843,0.5316704459561603,-0.0075187969924812,0.1,0.0,0.2222222222222222,-0.0185873605947956,64,0.0262331789468875,0.765625,3.795567536175166,228,0.0063271559039174,0.6052631578947368,1.2599402314982495,66,0.0271617339624977,0.7727272727272727,3.984973772267282,240,0.0113922011932168,0.625,1.4926619330538846,D29403,False,-0.0633104500381388,True,base_exit_guard
tp15%_D+S_next_close,D+S,next_close,188,2020,D,159930,能源ETF,2020-03-13,2020-03-16,2020-06-22,2020-06-22,0.57,-0.053156146179402,-0.053156146179402,original,66,priority_DCS_raw_noskip,conservative_tp_center15_profit_first,90.05338246409676,0.5229746992047651,0.3437293129194852,0.8556311413454272,-0.0174621653084982,0.0995670995670996,0.2,0.1,-0.1094986807387862,53,-0.020634146046771,0.3396226415094339,0.2538299476283331,209,0.0004122432921989,0.569377990430622,1.0155249425753825,61,-0.0045876496165945,0.4262295081967213,0.8090606143066388,240,0.0113922011932168,0.625,1.4926619330538846,D29403,False,-0.053156146179402,True,base_exit_guard
tp15%_D+S_next_close,D+S,next_close,189,2020,D,510880,红利ETF,2020-03-16,2020-03-17,2020-06-22,2020-06-22,2.456,0.0020399836801305,0.0020399836801305,original,65,priority_DCS_raw_noskip,conservative_tp_center15_profit_first,93.39191232048375,0.2460002997587257,0.4470305036907426,0.9247165532879816,-0.0856115107913668,0.0435255712731228,0.1818181818181818,0.4545454545454545,-0.1616094986807388,48,0.0157074951841555,0.6875,2.2554148612818885,208,0.0001726862012381,0.5673076923076923,1.0064721874875648,66,0.0271617339624977,0.7727272727272727,3.984973772267282,240,0.0113922011932168,0.625,1.4926619330538846,D29403,False,0.0020399836801305,True,base_exit_guard
tp15%_D+S_next_close,D+S,next_close,190,2020,D,510880,红利ETF,2020-03-17,2020-03-18,2020-06-22,2020-06-22,2.456,0.0127835051546392,0.0127835051546392,original,64,priority_DCS_raw_noskip,conservative_tp_center15_profit_first,92.16175359032502,0.2328272127803786,0.4706330895471033,0.9054043839758126,-0.0903890160183066,0.0041797283176594,0.2727272727272727,0.5454545454545454,-0.1588594704684318,48,0.0157074951841555,0.6875,2.2554148612818885,207,0.0006710868818318,0.5700483091787439,1.0255043911036763,66,0.0271617339624977,0.7727272727272727,3.984973772267282,240,0.0113922011932168,0.625,1.4926619330538846,D29403,False,0.0127835051546392,True,base_exit_guard
tp15%_D+S_next_close,D+S,next_close,191,2020,D,159930,能源ETF,2020-03-18,2020-03-19,2020-06-22,2020-06-22,0.57,-0.0017513134851138,-0.0017513134851138,original,63,priority_DCS_raw_noskip,conservative_tp_center15_profit_first,93.66165910808768,0.1540604944727495,0.4932605009707824,0.9284580498866214,-0.0957943925233644,-0.0396341463414634,0.3636363636363636,0.5454545454545454,-0.1683964711987545,53,-0.020634146046771,0.3396226415094339,0.2538299476283331,206,0.0007244787372175,0.5728155339805825,1.0274525686847331,61,-0.0045876496165945,0.4262295081967213,0.8090606143066388,240,0.0113922011932168,0.625,1.4926619330538846,D29403,False,-0.0017513134851138,True,base_exit_guard
tp15%_D+S_next_close,D+S,next_close,192,2020,D,510880,红利ETF,2020-03-19,2020-03-20,2020-06-22,2020-06-22,2.456,0.0203572912339011,0.0203572912339011,original,62,priority_DCS_raw_noskip,conservative_tp_center15_profit_first,91.74508692365836,0.1565204626649306,0.5671677189489084,0.8699546485260773,-0.1179775280898877,-0.0570570570570571,0.4545454545454545,0.7272727272727273,-0.1608961303462321,47,0.0162614341312149,0.7021276595744681,2.294878736495789,205,0.0010717362942933,0.5756097560975609,1.0409447102666307,66,0.0271617339624977,0.7727272727272727,3.984973772267282,240,0.0113922011932168,0.625,1.4926619330538846,D29403,False,0.0203572912339011,True,base_exit_guard
tp15%_D+S_next_close,D+S,next_close,193,2020,D,510880,红利ETF,2020-03-20,2020-03-23,2020-06-22,2020-06-22,2.456,0.0531732418524872,0.0531732418524872,original,61,priority_DCS_raw_noskip,conservative_tp_center15_profit_first,83.69331065759638,0.1369001407271618,0.5391814432555102,0.8345804988662132,-0.1221166892808683,-0.0440881763527054,0.2727272727272727,0.7272727272727273,-0.1464379947229551,47,0.0162614341312149,0.7021276595744681,2.294878736495789,204,0.0012783234826076,0.5784313725490197,1.04897381329555,66,0.0271617339624977,0.7727272727272727,3.984973772267282,240,0.0113922011932168,0.625,1.4926619330538846,D29403,False,0.0531732418524872,True,base_exit_guard
tp15%_D+S_next_close,D+S,next_close,194,2020,D,510880,红利ETF,2020-03-23,2020-03-24,2020-06-22,2020-06-22,2.456,0.0345408593091827,0.0345408593091827,original,60,priority_DCS_raw_noskip,conservative_tp_center15_profit_first,95.4889455782313,0.0941233249723729,0.650662683133278,0.9279667422524568,-0.1616499442586398,-0.0815709969788519,0.6363636363636364,0.8181818181818182,-0.1985488126649076,47,0.0162614341312149,0.7021276595744681,2.294878736495789,203,0.0016168244828969,0.5812807881773399,1.06242912117503,66,0.0271617339624977,0.7727272727272727,3.984973772267282,240,0.0113922011932168,0.625,1.4926619330538846,D29403,False,0.0345408593091827,True,base_exit_guard
tp15%_D+S_next_close,D+S,next_close,195,2020,D,512720,计算机ETF,2020-03-24,2020-03-25,2020-06-22,2020-06-22,1.367,0.0713166144200627,0.0713166144200627,original,59,priority_DCS_raw_noskip,conservative_tp_center15_profit_first,83.65855507077382,0.1307984788932335,0.6580897851299852,0.8174225245653817,-0.1462053571428571,-0.0435435435435436,0.5454545454545454,0.8181818181818182,-0.1761213720316622,7,0.0567795118476025,1.0,,202,0.0018423603043538,0.5841584158415841,1.0713837453349362,7,0.0567795118476025,1.0,,240,0.0113922011932168,0.625,1.4926619330538846,D29403,False,0.0713166144200627,True,base_exit_guard
tp15%_D+S_next_close,D+S,next_close,196,2020,D,510880,红利ETF,2020-03-25,2020-03-26,2020-06-22,2020-06-22,2.456,0.0178201409034397,0.0178201409034397,original,58,priority_DCS_raw_noskip,conservative_tp_center15_profit_first,79.72174981103552,0.174087762971277,0.592179650596296,0.7647392290249434,-0.1068376068376069,-0.0136157337367625,0.1818181818181818,0.6363636363636364,-0.1556824078879086,47,0.0162614341312149,0.7021276595744681,2.294878736495789,201,0.0021377271031376,0.5870646766169154,1.083337493703349,66,0.0271617339624977,0.7727272727272727,3.984973772267282,240,0.0113922011932168,0.625,1.4926619330538846,D29403,False,0.0178201409034397,True,base_exit_guard
tp15%_D+S_next_close,D+S,next_close,197,2020,D,510880,红利ETF,2020-03-26,2020-03-27,2020-06-22,2020-06-22,2.456,0.0123660346248968,0.0123660346248968,original,57,priority_DCS_raw_noskip,conservative_tp_center15_profit_first,85.78231292517006,0.1332017340929041,0.6704545454545454,0.8214663643235072,-0.1173361522198731,-0.0498474059003051,0.4545454545454545,0.7272727272727273,-0.1639854696419305,47,0.0162614341312149,0.7021276595744681,2.294878736495789,200,0.0027064919636987,0.59,1.10730838711386,66,0.0271617339624977,0.7727272727272727,3.984973772267282,240,0.0113922011932168,0.625,1.4926619330538846,D29403,False,0.0123660346248968,True,base_exit_guard
tp15%_D+S_next_close,D+S,next_close,198,2020,D,512720,计算机ETF,2020-03-27,2020-03-30,2020-06-22,2020-06-22,1.367,0.1458507963118189,0.1458507963118189,original,56,priority_DCS_raw_noskip,conservative_tp_center15_profit_first,82.27670843388557,0.1733162935919134,0.5289071911098535,0.7942554799697658,-0.0675241157556271,-0.0446700507614213,0.3636363636363636,0.3636363636363636,-0.1683964711987545,7,0.0567795118476025,1.0,,199,0.0029946611457159,0.592964824120603,1.1194338831258313,7,0.0567795118476025,1.0,,240,0.0113922011932168,0.625,1.4926619330538846,D29403,False,0.1458507963118189,True,base_exit_guard
tp15%_D+S_next_close,D+S,next_close,199,2020,D,159902,中小板ETF,2020-03-30,2020-03-31,2020-06-22,2020-06-17,3.706,0.200062912865681,0.1657754010695187,take_profit_15%,52,priority_DCS_raw_noskip,conservative_tp_center15_profit_first,88.07823129251702,0.1154252221387595,0.7703240542051131,0.8329931972789116,-0.1060759818288394,-0.0753968253968253,0.6363636363636364,0.8181818181818182,-0.188112124282337,8,0.103328230806452,1.0,,198,0.003054992509081,0.5959595959595959,1.1214456334761311,11,0.0955848312236924,0.9090909090909092,26.599723908155443,240,0.0113922011932168,0.625,1.4926619330538846,D29403,False,0.1657754010695187,True,base_exit_guard
tp15%_D+S_next_close,D+S,next_close,200,2020,D,510880,红利ETF,2020-03-31,2020-04-01,2020-06-22,2020-06-22,2.456,0.0306336550566512,0.0306336550566512,original,54,priority_DCS_raw_noskip,conservative_tp_center15_profit_first,83.10657596371883,0.1178019925971539,0.7191727583341363,0.8142479213907785,-0.1272622531705184,-0.0626895854398381,0.6363636363636364,0.8181818181818182,-0.1898007429922322,44,0.0194819579575802,0.75,2.7236515984734524,197,0.00321937633861,0.5989847715736041,1.1280882825515708,66,0.0271617339624977,0.7727272727272727,3.984973772267282,240,0.0113922011932168,0.625,1.4926619330538846,D29403,False,0.0306336550566512,True,base_exit_guard
tp15%_D+S_next_close,D+S,next_close,201,2020,D,510880,红利ETF,2020-04-01,2020-04-02,2020-06-22,2020-06-22,2.456,0.0195101701951017,0.0195101701951017,original,53,priority_DCS_raw_noskip,conservative_tp_center15_profit_first,85.9604119425548,0.0795823406208127,0.7027923397163299,0.8306500377928949,-0.1376299584497117,-0.1071071071071071,0.6363636363636364,0.9090909090909092,-0.1811224489795918,43,0.0207487361228508,0.7674418604651163,2.929779570261698,196,0.0034143196013021,0.6020408163265306,1.1361167409896489,66,0.0271617339624977,0.7727272727272727,3.984973772267282,240,0.0113922011932168,0.625,1.4926619330538846,D29403,False,0.0195101701951017,True,base_exit_guard
tp15%_D+S_next_close,D+S,next_close,202,2020,D,510880,红利ETF,2020-04-02,2020-04-03,2020-06-22,2020-06-22,2.456,0.0224812656119899,0.0224812656119899,original,52,priority_DCS_raw_noskip,conservative_tp_center15_profit_first,79.5436507936508,0.0914394482512706,0.7186284181110691,0.7701058201058203,-0.1239246194302045,-0.0961538461538462,0.4545454545454545,0.9090909090909092,-0.1747448979591837,42,0.0217295186763575,0.7857142857142857,3.065327582180412,195,0.0035366706306649,0.6051282051282051,1.1408608277847596,66,0.0271617339624977,0.7727272727272727,3.984973772267282,240,0.0113922011932168,0.625,1.4926619330538846,D29403,False,0.0224812656119899,True,base_exit_guard
tp15%_D+S_next_close,D+S,next_close,203,2020,D,510880,红利ETF,2020-04-03,2020-04-07,2020-06-22,2020-06-22,2.456,0.007796471070989,0.007796471070989,original,51,priority_DCS_raw_noskip,conservative_tp_center15_profit_first,84.46003401360545,0.0764254563665672,0.6952439980705529,0.8350340136054423,-0.1254099270221413,-0.1172545281220208,0.5454545454545454,0.8181818181818182,-0.1849489795918367,42,0.0217295186763575,0.7857142857142857,3.065327582180412,194,0.003727738891607,0.6082474226804123,1.1487280095005756,66,0.0271617339624977,0.7727272727272727,3.984973772267282,240,0.0113922011932168,0.625,1.4926619330538846,D29403,False,0.007796471070989,True,base_exit_guard
tp15%_D+S_next_close,D+S,next_close,204,2020,D,510880,红利ETF,2020-04-07,2020-04-08,2020-06-22,2020-06-22,2.456,0.0073831009023788,0.0073831009023788,original,50,priority_DCS_raw_noskip,conservative_tp_center15_profit_first,76.25519652305367,0.1436567523968036,0.4963325218926812,0.725170068027211,-0.0573911652331031,-0.092822966507177,0.1818181818181818,0.0909090909090909,-0.1556122448979592,42,0.0217295186763575,0.7857142857142857,3.065327582180412,192,0.0044993318880482,0.6145833333333334,1.1829557674405748,66,0.0271617339624977,0.7727272727272727,3.984973772267282,240,0.0113922011932168,0.625,1.4926619330538846,D29403,False,0.0073831009023788,True,base_exit_guard
tp15%_D+S_next_close,D+S,next_close,205,2020,D,510880,红利ETF,2020-04-08,2020-04-09,2020-06-22,2020-06-22,2.456,0.007796471070989,0.007796471070989,original,49,priority_DCS_raw_noskip,conservative_tp_center15_profit_first,74.37925170068027,0.115456595649606,0.6195268062236038,0.6959183673469389,-0.0816813827331486,-0.0959843290891281,0.2727272727272727,0.4545454545454545,-0.1505102040816326,42,0.0217295186763575,0.7857142857142857,3.065327582180412,191,0.0048846576501617,0.6178010471204188,1.200524180576515,66,0.0271617339624977,0.7727272727272727,3.984973772267282,240,0.0113922011932168,0.625,1.4926619330538846,D29403,False,0.007796471070989,True,base_exit_guard
tp15%_D+S_next_close,D+S,next_close,206,2020,D,510880,红利ETF,2020-04-09,2020-04-10,2020-06-22,2020-06-22,2.456,0.0148760330578512,0.0148760330578512,original,48,priority_DCS_raw_noskip,conservative_tp_center15_profit_first,73.37821239606953,0.1294470460779342,0.5149731354604855,0.6722600151171579,-0.0669404935673308,-0.0964912280701754,0.1818181818181818,0.0909090909090909,-0.1490765171503957,42,0.0217295186763575,0.7857142857142857,3.065327582180412,190,0.0053865804725578,0.6210526315789474,1.2243339390456096,66,0.0271617339624977,0.7727272727272727,3.984973772267282,240,0.0113922011932168,0.625,1.4926619330538846,D29403,False,0.0148760330578512,True,base_exit_guard
tp15%_D+S_next_close,D+S,next_close,207,2020,D,510880,红利ETF,2020-04-10,2020-04-13,2020-06-22,2020-06-22,2.456,0.0190871369294605,0.0190871369294605,original,47,priority_DCS_raw_noskip,conservative_tp_center15_profit_first,80.05668934240363,0.13202157416394,0.4678279478802152,0.7360544217687075,-0.061714853046278,-0.1012782694198621,0.25,0.0833333333333333,-0.1683673469387755,42,0.0217295186763575,0.7857142857142857,3.065327582180412,189,0.0056066403907719,0.6243386243386243,1.234127798000418,66,0.0271617339624977,0.7727272727272727,3.984973772267282,240,0.0113922011932168,0.625,1.4926619330538846,D29403,False,0.0190871369294605,True,base_exit_guard
tp15%_D+S_next_close,D+S,next_close,208,2020,D,512980,传媒ETF,2020-04-13,2020-04-14,2020-06-22,2020-06-22,0.914,0.115995115995116,0.115995115995116,original,46,priority_DCS_raw_noskip,conservative_tp_center15_profit_first,77.46140475173814,0.1513605645040073,0.5485982110066757,0.6872260015117158,-0.0619562760763267,-0.1131707317073169,0.4166666666666667,0.25,-0.1668731120607088,0,,,,188,0.0063283032412271,0.6276595744680851,1.270643174716954,0,,,,240,0.0113922011932168,0.625,1.4926619330538846,D29403,False,0.115995115995116,True,base_exit_guard
tp15%_D+S_next_close,D+S,next_close,209,2020,D,510880,红利ETF,2020-04-14,2020-04-15,2020-06-22,2020-06-22,2.456,0.0127835051546392,0.0127835051546392,original,45,priority_DCS_raw_noskip,conservative_tp_center15_profit_first,71.14134542705972,0.2646752946373203,0.4234534642195141,0.6371126228269085,-0.0036496350364964,-0.0950980392156862,0.1666666666666666,0.0,-0.1396476460620349,42,0.0217295186763575,0.7857142857142857,3.065327582180412,187,0.0069795769622132,0.6310160427807486,1.3049172731556926,66,0.0271617339624977,0.7727272727272727,3.984973772267282,240,0.0113922011932168,0.625,1.4926619330538846,D29403,False,0.0127835051546392,True,base_exit_guard
tp15%_D+S_next_close,D+S,next_close,210,2020,D,510880,红利ETF,2020-04-15,2020-04-16,2020-06-22,2020-06-22,2.456,0.0161357054199422,0.0161357054199422,original,44,priority_DCS_raw_noskip,conservative_tp_center15_profit_first,76.94491685563115,0.2145270957054263,0.4268602783212524,0.7058956916099774,-0.010607915136679,-0.1062378167641325,0.25,0.0,-0.1479868120533412,42,0.0217295186763575,0.7857142857142857,3.065327582180412,186,0.0075172266007948,0.6344086021505376,1.33390592767697,66,0.0271617339624977,0.7727272727272727,3.984973772267282,240,0.0113922011932168,0.625,1.4926619330538846,D29403,False,0.0161357054199422,True,base_exit_guard
tp15%_D+S_next_close,D+S,next_close,211,2020,D,512720,计算机ETF,2020-05-21,2020-05-22,2020-06-22,2020-06-22,1.367,0.0797788309636651,0.0797788309636651,original,21,priority_DCS_raw_noskip,conservative_tp_center15_profit_first,61.720466923309246,0.3249787382953171,0.390271184125108,0.5463718820861678,-0.0006285801029148,-0.1261872455902306,0.3076923076923077,0.0,-0.103009859885833,10,0.0866177017368192,1.0,,163,0.0252634515151366,0.7239263803680982,3.241385637238136,10,0.0866177017368192,1.0,,243,0.0131804474107285,0.6296296296296297,1.5771205579258745,D29403,False,0.0797788309636651,True,base_exit_guard
tp15%_D+S_next_close,D+S,next_close,212,2020,D,510880,红利ETF,2020-05-22,2020-05-25,2020-06-22,2020-06-22,2.456,0.0328006728343144,0.0328006728343144,original,20,priority_DCS_raw_noskip,conservative_tp_center15_profit_first,71.59438775510205,0.2103558086369454,0.3954861242897791,0.6537792894935752,-0.0130782386146191,-0.1484848484848484,0.3076923076923077,0.0,-0.1183186299948105,34,0.03452965501777,0.8823529411764706,13.723682986853396,163,0.0255395091298629,0.7239263803680982,3.265877602333525,66,0.0271617339624977,0.7727272727272727,3.984973772267282,244,0.0134977455173897,0.6311475409836066,1.5934459642268113,D29403,False,0.0328006728343144,True,base_exit_guard
tp15%_D+S_next_close,D+S,next_close,213,2020,D,512950,央企改革ETF,2020-05-25,2020-05-26,2020-06-22,2020-06-22,0.931,0.0332963374028856,0.0332963374028856,original,19,priority_DCS_raw_noskip,conservative_tp_center15_profit_first,68.2598789137383,0.211417931420425,0.3975215243750302,0.6205971277399849,-0.0159362549800796,-0.1319875776397514,0.3571428571428571,0.0,-0.1231527093596057,1,0.0838574423480085,1.0,,164,0.0257841253281964,0.725609756097561,3.3016143033165326,6,-0.0224288940211524,0.3333333333333333,0.5105658076151891,245,0.0137106386608149,0.6326530612244898,1.6052766053548335,D29403,False,0.0332963374028856,True,base_exit_guard
tp15%_D+S_next_close,D+S,next_close,214,2020,D,510880,红利ETF,2020-06-05,2020-06-08,2020-06-22,2020-06-22,2.456,0.0008149959250203,0.0008149959250203,original,10,priority_DCS_raw_noskip,conservative_tp_center15_profit_first,49.3603552532124,0.5172376529942807,0.3453494655213427,0.4217309145880574,-0.0101255569056297,-0.032311831596047,0.2142857142857142,0.0,-0.0567867036011079,27,0.0336580265564633,0.8518518518518519,10.84904442834355,164,0.0226741097270039,0.7073170731707317,2.777751279045835,66,0.0271617339624977,0.7727272727272727,3.984973772267282,254,0.0128877277012032,0.6338582677165354,1.5639859820754385,D29403,False,0.0008149959250203,True,base_exit_guard
tp15%_D+S_next_close,D+S,next_close,215,2020,D,512880,证券ETF,2020-06-08,2020-06-09,2020-06-22,2020-06-22,1.002,0.0625662778366915,0.0625662778366915,original,9,priority_DCS_raw_noskip,conservative_tp_center15_profit_first,47.32851473922902,0.5209377354852115,0.2692916543022344,0.4178004535147392,-0.0052695581678151,-0.0640147392001852,0.2142857142857142,0.0,-0.0396753832281334,22,0.0587039485395798,0.8181818181818182,6.190926995011037,164,0.0222918744511036,0.7012195121951219,2.7162931330197613,45,-0.0221810409191897,0.4222222222222222,0.6301643249964672,255,0.0126866887965614,0.6313725490196078,1.5537128656607824,D29403,False,0.0625662778366915,True,base_exit_guard
tp15%_D+S_next_close,D+S,next_close,216,2020,D,512880,证券ETF,2020-06-10,2020-06-11,2020-06-23,2020-06-23,1.01,0.086021505376344,0.086021505376344,original,8,priority_DCS_raw_noskip,conservative_tp_center15_profit_first,41.87925170068028,0.564599020948835,0.2555203224208054,0.3342781557067271,0.0,-0.0297517407933443,0.2142857142857142,0.0,-0.0323854660347551,21,0.0589959124255063,0.8095238095238095,5.979619322885607,165,0.0205143635743717,0.6909090909090909,2.441278086806472,45,-0.0221810409191897,0.4222222222222222,0.6301643249964672,257,0.0117380580927962,0.6264591439688716,1.497720515017562,D29403,False,0.086021505376344,True,base_exit_guard
tp15%_D+S_next_close,D+S,next_close,217,2020,D,159996,家电ETF,2020-06-15,2020-06-16,2020-07-01,2020-07-01,1.061,0.0473840078973346,0.0473840078973346,original,9,priority_DCS_raw_noskip,conservative_tp_center15_profit_first,69.09389229946721,0.4931015243191726,0.2314003955566407,0.5279289493575209,-0.0083777608530083,0.0100853374709077,0.2857142857142857,0.0,-0.0319702602230482,0,,,,168,0.0190467766982086,0.6845238095238095,2.260534197609943,0,,,,260,0.0108910362514474,0.6230769230769231,1.4529969455898095,D29403,False,0.0473840078973346,True,base_exit_guard
tp15%_D+S_next_close,D+S,next_close,218,2020,D,159992,创新药ETF,2020-09-09,2020-09-10,2021-01-25,2021-01-25,1.521,0.1637337413925019,0.1637337413925019,take_profit_15%,90,priority_DCS_raw_noskip,conservative_tp_center15_profit_first,81.11533435328616,0.5093896399438681,0.319965168348755,0.7156084656084657,-0.0319759417159691,0.1458040307508525,0.0714285714285714,0.1428571428571428,-0.1108100942531909,0,,,,119,0.0122888441726211,0.680672268907563,1.6217171269954374,0,,,,354,0.0111796420896312,0.6384180790960452,1.5008435351452134,D29403,False,0.1637337413925019,True,base_exit_guard
tp15%_D+S_next_close,D+S,next_close,219,2020,D,159996,家电ETF,2020-09-10,2020-09-11,2021-01-26,2020-11-05,1.4,0.2154882154882154,0.1784511784511784,take_profit_15%,33,priority_DCS_raw_noskip,conservative_tp_center15_profit_first,83.12913676797581,0.4282563052651422,0.3446005895310423,0.7994331065759639,-0.0398968600465662,0.111421813263173,0.0714285714285714,0.2142857142857142,-0.1222943722943723,5,0.0429164715522036,1.0,,119,0.0122888441726211,0.680672268907563,1.6217171269954374,5,0.0429164715522036,1.0,,354,0.0111796420896312,0.6384180790960452,1.5008435351452134,D29403,False,0.1784511784511784,True,base_exit_guard
tp15%_D+S_next_close,D+S,next_close,220,2020,D,159996,家电ETF,2020-09-11,2020-09-14,2021-01-27,2020-11-06,1.419,0.1965317919075144,0.171758876961189,take_profit_15%,33,priority_DCS_raw_noskip,conservative_tp_center15_profit_first,75.86049252235539,0.4074424148468861,0.3244104112574609,0.7280423280423282,-0.0481644672229372,0.0999986551457485,0.0714285714285714,0.1428571428571428,-0.1123995052566481,5,0.0429164715522036,1.0,,118,0.0122395678666614,0.6779661016949152,1.6140205762292974,5,0.0429164715522036,1.0,,354,0.0111796420896312,0.6384180790960452,1.5008435351452134,D29403,False,0.171758876961189,True,base_exit_guard
tp15%_D+S_next_close,D+S,next_close,221,2020,D,159992,创新药ETF,2020-09-14,2020-09-15,2021-01-28,2021-01-28,1.425,0.0754716981132075,0.0754716981132075,original,90,priority_DCS_raw_noskip,conservative_tp_center15_profit_first,77.23956619090656,0.3860168182238124,0.3684827887902333,0.6636432350718066,-0.0628967922541176,0.0975225068709488,0.0,0.2857142857142857,-0.1002052051497326,0,,,,117,0.0118414143491819,0.6752136752136753,1.5890121759807756,0,,,,354,0.0111796420896312,0.6384180790960452,1.5008435351452134,D29403,False,0.0754716981132075,True,base_exit_guard
tp15%_D+S_next_close,D+S,next_close,222,2020,D,159992,创新药ETF,2020-09-15,2020-09-16,2021-01-29,2021-01-25,1.521,0.0942812982998453,0.1754250386398763,take_profit_15%,86,priority_DCS_raw_noskip,conservative_tp_center15_profit_first,70.74727934102934,0.4212414285566151,0.3628373686544496,0.6322751322751323,-0.0539239856398303,0.0974933090932355,0.0,0.2857142857142857,-0.091991341991342,0,,,,116,0.0114359505100916,0.6724137931034483,1.563981799985111,0,,,,354,0.0111796420896312,0.6384180790960452,1.5008435351452134,D29403,False,0.1754250386398763,True,base_exit_guard
tp15%_D+S_next_close,D+S,next_close,223,2020,D,159992,创新药ETF,2020-09-16,2020-09-17,2021-02-01,2021-01-25,1.521,0.140282131661442,0.1920062695924764,take_profit_15%,85,priority_DCS_raw_noskip,conservative_tp_center15_profit_first,75.32143141844186,0.4120684316005417,0.3889550366317711,0.6311413454270598,-0.0457540141482336,0.1013957806934762,0.0,0.2142857142857142,-0.0994507235172907,0,,,,115,0.0109536687818184,0.6695652173913044,1.5355404481820576,0,,,,354,0.0111796420896312,0.6384180790960452,1.5008435351452134,D29403,False,0.1920062695924764,True,base_exit_guard
tp15%_D+S_next_close,D+S,next_close,224,2020,D,159992,创新药ETF,2020-09-17,2020-09-18,2021-02-02,2021-01-25,1.521,0.1393188854489164,0.1772445820433434,take_profit_15%,84,priority_DCS_raw_noskip,conservative_tp_center15_profit_first,70.55857049436504,0.4252901910192739,0.4065108383606739,0.5539304610733182,-0.0374574268969961,0.1012365167697297,0.0,0.1428571428571428,-0.1053648732220161,0,,,,114,0.0107321492399771,0.6666666666666666,1.520147346649778,0,,,,354,0.0111796420896312,0.6384180790960452,1.5008435351452134,D29403,False,0.1772445820433434,True,base_exit_guard
tp15%_D+S_next_close,D+S,next_close,225,2020,D,159992,创新药ETF,2020-09-18,2020-09-21,2021-02-03,2021-01-25,1.521,0.1600621600621601,0.1818181818181818,take_profit_15%,83,priority_DCS_raw_noskip,conservative_tp_center15_profit_first,66.05516993122035,0.558882403338227,0.3727959979611266,0.5380196523053665,-0.0223995711445285,0.1176209937412432,0.0,0.0714285714285714,-0.0843569245880171,0,,,,114,0.0107321492399771,0.6666666666666666,1.520147346649778,0,,,,354,0.0111796420896312,0.6384180790960452,1.5008435351452134,D29403,False,0.1818181818181818,True,base_exit_guard
tp15%_D+S_next_close,D+S,next_close,226,2020,D,159992,创新药ETF,2020-09-21,2020-09-22,2021-02-04,2021-01-25,1.521,0.1437451437451438,0.1818181818181818,take_profit_15%,82,priority_DCS_raw_noskip,conservative_tp_center15_profit_first,70.68098783549094,0.5087638836269369,0.3680243170527845,0.6036281179138322,-0.0386098870134789,0.1223371661767077,0.0,0.0714285714285714,-0.0946969696969697,0,,,,114,0.0107321492399771,0.6666666666666666,1.520147346649778,0,,,,354,0.0111796420896312,0.6384180790960452,1.5008435351452134,D29403,False,0.1818181818181818,True,base_exit_guard
tp15%_D+S_next_close,D+S,next_close,227,2020,D,515210,钢铁ETF,2020-09-22,2020-09-23,2021-02-05,2021-02-05,1.238,0.0626609442060086,0.0626609442060086,original,90,priority_DCS_raw_noskip,conservative_tp_center15_profit_first,74.9014554168775,0.3965651540093016,0.3395637238587937,0.7020408163265307,-0.0390418648544573,0.0980999234426149,0.0,0.0714285714285714,-0.0988145258103242,1,0.0604558969276514,1.0,,114,0.0107321492399771,0.6666666666666666,1.520147346649778,1,0.0604558969276514,1.0,,354,0.0111796420896312,0.6384180790960452,1.5008435351452134,D29403,False,0.0626609442060086,True,base_exit_guard
tp15%_D+S_next_close,D+S,next_close,228,2020,D,159992,创新药ETF,2020-09-23,2020-09-24,2021-02-08,2021-01-26,1.475,0.1581749049429657,0.1216730038022815,take_profit_15%,81,priority_DCS_raw_noskip,conservative_tp_center15_profit_first,67.96483769287477,0.4231768030866694,0.3403170756561817,0.6203703703703706,-0.0200920702934317,0.0877496800812913,0.0,0.0,-0.09812424969988,0,,,,114,0.0107321492399771,0.6666666666666666,1.520147346649778,0,,,,354,0.0111796420896312,0.6384180790960452,1.5008435351452134,D29403,False,0.1216730038022815,True,base_exit_guard
tp15%_D+S_next_close,D+S,next_close,229,2020,D,515210,钢铁ETF,2020-09-24,2020-09-25,2021-02-09,2020-11-25,1.29,0.0879025239338555,0.1227154046997389,take_profit_15%,37,priority_DCS_raw_noskip,conservative_tp_center15_profit_first,80.30027497147103,0.3100594481427186,0.343765660799266,0.7355631141345427,-0.0550097158441978,0.05198765034129,0.0714285714285714,0.0,-0.1125477463712759,1,0.0604558969276514,1.0,,114,0.0107321492399771,0.6666666666666666,1.520147346649778,1,0.0604558969276514,1.0,,354,0.0111796420896312,0.6384180790960452,1.5008435351452134,D29403,False,0.1227154046997389,True,base_exit_guard
tp15%_D+S_next_close,D+S,next_close,230,2020,D,159996,家电ETF,2020-09-25,2020-09-28,2021-02-10,2020-11-05,1.4,0.2428087986463623,0.1844331641285956,take_profit_15%,22,priority_DCS_raw_noskip,conservative_tp_center15_profit_first,74.6287555033147,0.2456487872652423,0.3684718771944627,0.7013983371126229,-0.0700137942577794,0.0287676870806455,0.0714285714285714,0.2857142857142857,-0.1046348084688421,5,0.0429164715522036,1.0,,114,0.0107321492399771,0.6666666666666666,1.520147346649778,5,0.0429164715522036,1.0,,354,0.0111796420896312,0.6384180790960452,1.5008435351452134,D29403,False,0.1844331641285956,True,base_exit_guard
tp15%_D+S_next_close,D+S,next_close,231,2020,D,159992,创新药ETF,2020-09-28,2020-09-29,2021-02-18,2021-01-25,1.521,0.1705069124423963,0.1682027649769584,take_profit_15%,77,priority_DCS_raw_noskip,conservative_tp_center15_profit_first,79.79433974371989,0.1845510786099496,0.3968858230198536,0.7259637188208617,-0.0673330727616096,-0.0334392117432233,0.0714285714285714,0.3571428571428571,-0.1076892120484557,0,,,,114,0.0107321492399771,0.6666666666666666,1.520147346649778,0,,,,354,0.0111796420896312,0.6384180790960452,1.5008435351452134,D29403,False,0.1682027649769584,True,base_exit_guard
tp15%_D+S_next_close,D+S,next_close,232,2020,D,159992,创新药ETF,2020-09-29,2020-09-30,2021-02-19,2021-01-26,1.475,0.1541984732824426,0.1259541984732823,take_profit_15%,77,priority_DCS_raw_noskip,conservative_tp_center15_profit_first,72.2502232911176,0.1934290194209322,0.3828983904510263,0.671655328798186,-0.0641985563654256,-0.028126813314343,0.0714285714285714,0.2142857142857142,-0.1020442267816217,0,,,,114,0.0107321492399771,0.6666666666666666,1.520147346649778,0,,,,354,0.0111796420896312,0.6384180790960452,1.5008435351452134,D29403,False,0.1259541984732823,True,base_exit_guard
tp15%_D+S_next_close,D+S,next_close,233,2020,D,159996,家电ETF,2020-09-30,2020-10-09,2021-02-22,2020-11-09,1.421,0.1228501228501228,0.1638001638001638,take_profit_15%,21,priority_DCS_raw_noskip,conservative_tp_center15_profit_first,75.45446502958819,0.1776534433966304,0.3872657476440659,0.7284202569916856,-0.058405329760413,-0.0514595957763344,0.0714285714285714,0.2142857142857142,-0.1096856924588017,5,0.0429164715522036,1.0,,114,0.0107321492399771,0.6666666666666666,1.520147346649778,5,0.0429164715522036,1.0,,354,0.0111796420896312,0.6384180790960452,1.5008435351452134,D29403,False,0.1638001638001638,True,base_exit_guard
tp15%_D+S_next_close,D+S,next_close,234,2020,D,159996,家电ETF,2020-10-09,2020-10-12,2021-02-23,2020-11-20,1.431,0.1045856798069186,0.1512469831053902,take_profit_15%,29,priority_DCS_raw_noskip,conservative_tp_center15_profit_first,66.04287571902584,0.2647301920747225,0.3646591890243001,0.5946334089191232,-0.0283565339495594,-0.0597529944765096,0.0,0.0,-0.0931160074649329,5,0.0429164715522036,1.0,,114,0.0107321492399771,0.6666666666666666,1.520147346649778,5,0.0429164715522036,1.0,,352,0.0103836590289985,0.6363636363636364,1.4625556523597183,D29403,False,0.1512469831053902,True,base_exit_guard
tp15%_D+S_next_close,D+S,next_close,235,2020,D,159992,创新药ETF,2020-10-23,2020-10-26,2021-03-09,2021-01-25,1.521,-0.0459418070444104,0.1646248085758039,take_profit_15%,64,priority_DCS_raw_noskip,conservative_tp_center15_profit_first,78.96486080299974,0.3516381910959003,0.2749112930871387,0.6970143613000757,-0.0025553662691652,-0.0472140814236785,0.0714285714285714,0.0,-0.0868093507425852,0,,,,114,0.0107321492399771,0.6666666666666666,1.520147346649778,0,,,,342,0.0077954870159373,0.6257309941520468,1.3373962635886816,D29403,False,0.1646248085758039,True,base_exit_guard
tp15%_D+S_next_close,D+S,next_close,236,2020,D,159992,创新药ETF,2020-10-26,2020-10-27,2021-03-10,2021-02-10,1.593,-0.0536912751677852,0.1879194630872482,take_profit_15%,75,priority_DCS_raw_noskip,conservative_tp_center15_profit_first,70.22209940217988,0.3262514785077253,0.3148666165722027,0.6537792894935752,-0.022900191708603,-0.0079302523847056,0.0714285714285714,0.0,-0.1002267215611075,0,,,,114,0.0107321492399771,0.6666666666666666,1.520147346649778,0,,,,342,0.0077954870159373,0.6257309941520468,1.3373962635886816,D29403,False,0.1879194630872482,True,base_exit_guard
tp15%_D+S_next_close,D+S,next_close,237,2020,D,159992,创新药ETF,2020-10-27,2020-10-28,2021-03-11,2021-02-10,1.593,-0.0297397769516728,0.1843866171003718,take_profit_15%,74,priority_DCS_raw_noskip,conservative_tp_center15_profit_first,68.414473146616,0.3569322109619681,0.3046458604262814,0.6584278155706726,-0.022918198046834,-0.0012942191544435,0.0714285714285714,0.0,-0.0984335606530275,0,,,,114,0.0107321492399771,0.6666666666666666,1.520147346649778,0,,,,341,0.0076723474603916,0.624633431085044,1.331095708644189,D29403,False,0.1843866171003718,True,base_exit_guard
tp15%_D+S_next_close,D+S,next_close,238,2020,D,512660,军工ETF,2020-10-28,2020-10-29,2021-03-12,2020-12-31,1.288,-0.0388257575757576,0.2196969696969697,take_profit_15%,45,priority_DCS_raw_noskip,conservative_tp_center15_profit_first,65.58106575963718,0.3940286841225234,0.2942554323118958,0.6019652305366592,-0.0024137931034482,-0.0054799117299116,0.0714285714285714,0.0,-0.0854984678435132,0,,,,114,0.0107321492399771,0.6666666666666666,1.520147346649778,44,0.0140081197933716,0.7727272727272727,2.0954163762362965,340,0.0074488524701349,0.6235294117647059,1.320508240555865,D29403,False,0.2196969696969697,True,base_exit_guard
tp15%_D+S_next_close,D+S,next_close,239,2020,D,512660,军工ETF,2020-10-29,2020-10-30,2021-03-15,2020-12-28,1.21,-0.0298939247830278,0.1668273866923819,take_profit_15%,41,priority_DCS_raw_noskip,conservative_tp_center15_profit_first,66.75028344671202,0.3534766394043004,0.3207453319095032,0.5377173091458807,-0.0050569452451172,-0.0399430139299282,0.0714285714285714,0.0,-0.0865509041145061,0,,,,114,0.0107321492399771,0.6666666666666666,1.520147346649778,44,0.0140081197933716,0.7727272727272727,2.0954163762362965,339,0.0072486318097642,0.6224188790560472,1.3109758395580482,D29403,False,0.1668273866923819,True,base_exit_guard
tp15%_D+S_next_close,D+S,next_close,240,2020,D,515210,钢铁ETF,2020-12-07,2020-12-08,2021-04-22,2021-03-04,1.546,0.2758899676375403,0.2508090614886731,take_profit_15%,56,priority_DCS_raw_noskip,conservative_tp_center15_profit_first,66.22697185612468,0.5744748004081379,0.2500851045424226,0.4524943310657596,-0.018700333429309,0.016863432688143,0.0714285714285714,0.0,-0.0417808885128209,15,0.1439534244862007,1.0,,137,0.028156270396885,0.6861313868613139,2.3017079599961043,15,0.1439534244862007,1.0,,335,0.013320291227377,0.6328358208955224,1.561713612957948,D29403,False,0.2508090614886731,True,base_exit_guard
tp15%_D+S_next_close,D+S,next_close,241,2020,D,515210,钢铁ETF,2020-12-09,2020-12-10,2021-04-26,2021-03-04,1.546,0.2587301587301587,0.226984126984127,take_profit_15%,54,priority_DCS_raw_noskip,conservative_tp_center15_profit_first,70.21910594513238,0.5489626252521019,0.2185698286497743,0.513114134542706,-0.0108568326826939,0.0230288875844584,0.0714285714285714,0.0,-0.0684468610837978,16,0.1424291615427696,1.0,,139,0.0287537246137917,0.6906474820143885,2.3487354587615985,16,0.1424291615427696,1.0,,335,0.0139282816811112,0.6388059701492538,1.592146662763257,D29403,False,0.226984126984127,True,base_exit_guard
tp15%_D+S_next_close,D+S,next_close,242,2020,D,515210,钢铁ETF,2020-12-10,2020-12-11,2021-04-27,2021-03-04,1.546,0.2761133603238865,0.251821862348178,take_profit_15%,53,priority_DCS_raw_noskip,conservative_tp_center15_profit_first,58.81541867269267,0.5734721669857832,0.2651199775269616,0.4218065003779289,-0.0056715799841072,0.0367775038802153,0.2142857142857142,0.0,-0.0582444330722092,17,0.1398594030699295,1.0,,140,0.0292536499201538,0.6928571428571428,2.3820570214551138,17,0.1398594030699295,1.0,,335,0.0142840649606005,0.6417910447761194,1.6088520990825648,D29403,False,0.251821862348178,True,base_exit_guard
tp15%_D+S_next_close,D+S,next_close,243,2020,D,515210,钢铁ETF,2020-12-11,2020-12-14,2021-04-28,2021-02-23,1.391,0.3148301574150787,0.152444076222038,take_profit_15%,45,priority_DCS_raw_noskip,conservative_tp_center15_profit_first,73.24970904971072,0.5344984243968806,0.2640501529352866,0.5445956160241875,-0.015439605002442,0.0416807404622152,0.2142857142857142,0.0,-0.0726062538545315,17,0.1398594030699295,1.0,,141,0.0279895939168958,0.6879432624113475,2.2680345648926985,17,0.1398594030699295,1.0,,335,0.0139394450365793,0.6417910447761194,1.585561351713848,D29403,False,0.152444076222038,True,base_exit_guard
tp15%_D+S_next_close,D+S,next_close,244,2020,D,515210,钢铁ETF,2020-12-14,2020-12-15,2021-04-29,2021-02-23,1.391,0.3027295285359801,0.150537634408602,take_profit_15%,44,priority_DCS_raw_noskip,conservative_tp_center15_profit_first,71.43882858051805,0.4703839179160784,0.2926070672550687,0.4997732426303855,-0.0213085389065828,0.0366927481165211,0.2857142857142857,0.0,-0.0738581282624906,17,0.1398594030699295,1.0,,142,0.0285848115328475,0.6901408450704225,2.3041845746288674,17,0.1398594030699295,1.0,,335,0.0144290474610404,0.6447761194029851,1.6100685566457889,D29403,False,0.150537634408602,True,base_exit_guard
tp15%_D+S_next_close,D+S,next_close,245,2020,D,515210,钢铁ETF,2020-12-15,2020-12-16,2021-04-30,2021-02-23,1.391,0.296173044925125,0.1572379367720466,take_profit_15%,43,priority_DCS_raw_noskip,conservative_tp_center15_profit_first,64.70617978992364,0.531807462010588,0.2763742298370476,0.4855631141345427,-0.0120035172279033,0.0319234792117337,0.2142857142857142,0.0,-0.0718937357866445,17,0.1398594030699295,1.0,,143,0.0291345868372821,0.6923076923076923,2.338629165020249,17,0.1398594030699295,1.0,,335,0.0150152765380197,0.6477611940298508,1.642081927562195,D29403,False,0.1572379367720466,True,base_exit_guard
tp15%_D+S_next_close,D+S,next_close,246,2020,D,515210,钢铁ETF,2020-12-16,2020-12-17,2021-05-06,2021-03-04,1.546,0.3435980551053483,0.252836304700162,take_profit_15%,49,priority_DCS_raw_noskip,conservative_tp_center15_profit_first,68.54690007316057,0.4645142729258238,0.3205987707775866,0.5060468631897204,-0.0166175668303327,0.0216879435657278,0.2857142857142857,0.0,-0.0758210725196976,17,0.1398594030699295,1.0,,144,0.0294799146274252,0.6944444444444444,2.3639677293618977,17,0.1398594030699295,1.0,,335,0.0154569472165078,0.6507462686567164,1.6668503451718486,D29403,False,0.252836304700162,True,base_exit_guard
tp15%_D+S_next_close,D+S,next_close,247,2020,D,515210,钢铁ETF,2020-12-17,2020-12-18,2021-05-07,2021-03-04,1.546,0.3468575974542562,0.2299124900556883,take_profit_15%,48,priority_DCS_raw_noskip,conservative_tp_center15_profit_first,62.35505137752856,0.5832155200878071,0.2979459296789226,0.4468631897203325,-0.0065140590810292,0.0486148030007679,0.2857142857142857,0.0,-0.0592602395128157,17,0.1398594030699295,1.0,,145,0.0281980595922018,0.6896551724137931,2.250865463947493,17,0.1398594030699295,1.0,,335,0.0152602057631499,0.6507462686567164,1.6528213538415424,D29403,False,0.2299124900556883,True,base_exit_guard
tp15%_D+S_next_close,D+S,next_close,248,2020,D,515210,钢铁ETF,2020-12-18,2020-12-21,2021-05-10,2021-03-04,1.546,0.3987441130298272,0.2135007849293564,take_profit_15%,47,priority_DCS_raw_noskip,conservative_tp_center15_profit_first,56.45860476059487,0.546017624038725,0.3224822992064808,0.3798941798941799,-0.0154649022852854,0.0437885873569133,0.2666666666666666,0.0,-0.0579378604809927,17,0.1398594030699295,1.0,,146,0.026968819980306,0.684931506849315,2.151306334459802,17,0.1398594030699295,1.0,,335,0.0149167246297927,0.6507462686567164,1.6288866687185717,D29403,False,0.2135007849293564,True,base_exit_guard
tp15%_D+S_next_close,D+S,next_close,249,2020,D,515210,钢铁ETF,2020-12-21,2020-12-22,2021-05-11,2021-03-04,1.546,0.3883021933387489,0.2558895207148659,take_profit_15%,46,priority_DCS_raw_noskip,conservative_tp_center15_profit_first,50.38426123205435,0.5606179393519098,0.3313973717155841,0.3306122448979592,-0.0209425354300135,0.0471311933067619,0.2,0.0,-0.0509092027126743,17,0.1398594030699295,1.0,,147,0.0259312247419979,0.6802721088435374,2.075122451212829,17,0.1398594030699295,1.0,,335,0.0149301822281325,0.6507462686567164,1.6298113750317664,D29403,False,0.2558895207148659,True,base_exit_guard
tp15%_D+S_next_close,D+S,next_close,250,2020,D,515210,钢铁ETF,2020-12-22,2020-12-23,2021-05-12,2021-03-04,1.546,0.4071370640713705,0.2538523925385239,take_profit_15%,45,priority_DCS_raw_noskip,conservative_tp_center15_profit_first,74.1817864638096,0.4501357695905006,0.3485300143269531,0.5554799697656841,-0.041022464273116,0.0170655383295339,0.2666666666666666,0.0,-0.0744010999254287,17,0.1398594030699295,1.0,,148,0.025101425495639,0.6756756756756757,2.0199294882177923,17,0.1398594030699295,1.0,,335,0.01498564735907,0.6507462686567164,1.633633633931478,D29403,False,0.2538523925385239,True,base_exit_guard
tp15%_D+S_next_close,D+S,next_close,251,2020,D,515210,钢铁ETF,2020-12-23,2020-12-24,2021-05-13,2021-02-23,1.391,0.3395918367346937,0.1355102040816325,take_profit_15%,37,priority_DCS_raw_noskip,conservative_tp_center15_profit_first,61.46980259065475,0.5502116980740688,0.3653428415421823,0.4377928949357521,-0.0183512236478229,0.0542642806447715,0.2666666666666666,0.0,-0.0664931141166954,17,0.1398594030699295,1.0,,149,0.024262256980812,0.6711409395973155,1.96598990686497,17,0.1398594030699295,1.0,,335,0.0149650162325039,0.6507462686567164,1.6322097924679728,D29403,False,0.1355102040816325,True,base_exit_guard
tp15%_D+S_next_close,D+S,next_close,252,2020,D,515210,钢铁ETF,2020-12-24,2020-12-25,2021-05-14,2021-03-04,1.546,0.3007159904534606,0.2299124900556883,take_profit_15%,43,priority_DCS_raw_noskip,conservative_tp_center15_profit_first,66.06212608955587,0.540831620087852,0.3363377136162475,0.4788359788359788,-0.0164879019195523,0.0405622544493329,0.3333333333333333,0.0,-0.0685668585356298,17,0.1398594030699295,1.0,,150,0.023512923003414,0.6666666666666666,1.9207533926578888,17,0.1398594030699295,1.0,,335,0.015037926603971,0.6507462686567164,1.637252793734984,D29403,False,0.2299124900556883,True,base_exit_guard
tp15%_D+S_next_close,D+S,next_close,253,2020,D,515210,钢铁ETF,2020-12-25,2020-12-28,2021-05-17,2021-03-04,1.546,0.3184764991896271,0.252836304700162,take_profit_15%,42,priority_DCS_raw_noskip,conservative_tp_center15_profit_first,59.486072735487255,0.5770396364152531,0.339126392811121,0.4434240362811791,-0.0144983812500783,0.0758566186223361,0.3333333333333333,0.0,-0.0590843929194714,17,0.1398594030699295,1.0,,151,0.0229521196399495,0.6622516556291391,1.8905633521781504,17,0.1398594030699295,1.0,,335,0.0150298114532936,0.6507462686567164,1.6366899513543756,D29403,False,0.252836304700162,True,base_exit_guard
tp15%_D+S_next_close,D+S,next_close,254,2020,D,515210,钢铁ETF,2020-12-28,2020-12-29,2021-05-18,2021-02-23,1.391,0.3494667760459391,0.1410992616899096,take_profit_15%,34,priority_DCS_raw_noskip,conservative_tp_center15_profit_first,71.55490623429225,0.5269961084038027,0.3261475316629783,0.5354875283446713,-0.0210701484895034,0.0589750391117041,0.3333333333333333,0.0666666666666666,-0.0674626326083732,17,0.1398594030699295,1.0,,152,0.0226672315028907,0.6578947368421053,1.8807283541156603,17,0.1398594030699295,1.0,,335,0.0155039923739359,0.6507462686567164,1.670240336211282,D29403,False,0.1410992616899096,True,base_exit_guard
tp15%_D+S_next_close,D+S,next_close,255,2020,D,515210,钢铁ETF,2020-12-29,2020-12-30,2021-05-19,2021-02-23,1.391,0.3164763458401305,0.1345840130505708,take_profit_15%,33,priority_DCS_raw_noskip,conservative_tp_center15_profit_first,71.70015284614234,0.4409194775333973,0.4192104646351813,0.5275132275132275,-0.0366396681817164,0.0537715366884149,0.3125,0.125,-0.0782564225324526,17,0.1398594030699295,1.0,,153,0.0222461799672857,0.6535947712418301,1.8608669605414645,17,0.1398594030699295,1.0,,335,0.0158841833996498,0.6507462686567164,1.6981506743428771,D29403,False,0.1345840130505708,True,base_exit_guard
tp15%_D+S_next_close,D+S,next_close,256,2020,D,515210,钢铁ETF,2020-12-30,2020-12-31,2021-05-20,2021-03-04,1.546,0.248986212489862,0.2538523925385239,take_profit_15%,39,priority_DCS_raw_noskip,conservative_tp_center15_profit_first,60.560386718931,0.495705611941748,0.3696443869393691,0.409297052154195,-0.0317732182180433,0.05879113105344,0.3125,0.0625,-0.0709761016143832,17,0.1398594030699295,1.0,,154,0.0216900064052437,0.6493506493506493,1.8314961728781831,17,0.1398594030699295,1.0,,335,0.0162140595038023,0.6507462686567164,1.7231342293287226,D29403,False,0.2538523925385239,True,base_exit_guard
tp15%_D+S_next_close,D+S,next_close,257,2020,D,515210,钢铁ETF,2020-12-31,2021-01-04,2021-05-21,2021-03-04,1.546,0.2535885167464116,0.2328548644338117,take_profit_15%,38,priority_DCS_raw_noskip,conservative_tp_center15_profit_first,57.55784816370341,0.5921539765143757,0.320588793184873,0.3569160997732426,-0.0087649402390437,0.0700923427361616,0.125,0.0,-0.0522366016843204,17,0.1398594030699295,1.0,,155,0.0211462964670576,0.6451612903225806,1.8034003028994576,17,0.1398594030699295,1.0,,335,0.0166578880758029,0.6507462686567164,1.7579314330247977,D29403,False,0.2328548644338117,True,base_exit_guard
tp15%_D+S_next_close,D+S,next_close,258,2021,D,515210,钢铁ETF,2021-01-04,2021-01-05,2021-05-24,2021-03-04,1.546,0.2455716586151368,0.2447665056360708,take_profit_15%,37,priority_DCS_raw_noskip,conservative_tp_center15_profit_first,54.81278501985189,0.6461021503519292,0.3054463290038897,0.3438019652305367,0.0086688111696666,0.0665826428967251,0.125,0.0,-0.0345367137499189,17,0.1398594030699295,1.0,,156,0.020732392431513,0.6410256410256411,1.784408014499254,17,0.1398594030699295,1.0,,334,0.0172802465743073,0.6526946107784432,1.804802530746876,D43740,False,0.2447665056360708,True,base_exit_guard
tp15%_D+S_next_close,D+S,next_close,259,2021,D,515210,钢铁ETF,2021-01-05,2021-01-06,2021-05-25,2021-03-04,1.546,0.2546333601933923,0.2457695406929894,take_profit_15%,36,priority_DCS_raw_noskip,conservative_tp_center15_profit_first,59.367401755472684,0.7056113884318483,0.2706423592624726,0.3392668178382464,0.0409700995349099,0.0429324404689167,0.0625,0.0,-0.0157257711181211,17,0.1398594030699295,1.0,,157,0.0205459381786568,0.6369426751592356,1.780719356382499,17,0.1398594030699295,1.0,,334,0.0175438492433452,0.6526946107784432,1.827235341261385,D43740,False,0.2457695406929894,True,base_exit_guard
tp15%_D+S_next_close,D+S,next_close,260,2021,D,515210,钢铁ETF,2021-01-06,2021-01-07,2021-05-26,2021-03-04,1.546,0.2257300710339385,0.2202052091554855,take_profit_15%,35,priority_DCS_raw_noskip,conservative_tp_center15_profit_first,57.50805585392053,0.6970466850206319,0.2887817284101298,0.3784958427815571,0.030207926474822,0.0533595270905791,0.0625,0.0,-0.0215897290201227,17,0.1398594030699295,1.0,,158,0.021390391271605,0.6392405063291139,1.8179846109862376,17,0.1398594030699295,1.0,,334,0.0182738014655934,0.655688622754491,1.8727225756756856,D43740,False,0.2202052091554855,True,base_exit_guard
tp15%_D+S_next_close,D+S,next_close,261,2021,D,515210,钢铁ETF,2021-01-11,2021-01-12,2021-05-31,2021-03-04,1.546,0.2502004811547713,0.2397754611066558,take_profit_15%,32,priority_DCS_raw_noskip,conservative_tp_center15_profit_first,72.90175464975857,0.7215254822456011,0.2318742552822356,0.544066515495087,0.069706553689016,0.0412251091501305,0.0625,0.0,-0.0388502438634363,17,0.1398594030699295,1.0,,161,0.0245176894059677,0.6459627329192547,1.955376891876083,17,0.1398594030699295,1.0,,334,0.020736020538569,0.6646706586826348,2.0277453678184894,D43740,False,0.2397754611066558,True,base_exit_guard
tp15%_D+S_next_close,D+S,next_close,262,2021,D,159996,家电ETF,2021-01-26,2021-01-27,2021-06-16,2021-06-16,1.405,-0.0303657694962042,-0.0303657694962042,original,90,priority_DCS_raw_noskip,conservative_tp_center15_profit_first,71.42965123605657,0.7220424192341478,0.2526119861572599,0.5797808012093726,0.0593525179856113,0.093422684748692,0.1764705882352941,0.0,-0.0489345327844808,19,0.1460408625759105,1.0,,171,0.0287985398192291,0.6549707602339181,2.1663869961990727,19,0.1460408625759105,1.0,,334,0.0264302371219272,0.688622754491018,2.456887701012923,D43740,False,-0.0303657694962042,True,base_exit_guard
tp15%_D+S_next_close,D+S,next_close,263,2021,D,510880,红利ETF,2021-01-27,2021-01-28,2021-06-17,2021-06-17,2.824,0.1250996015936254,0.1250996015936254,original,90,priority_DCS_raw_noskip,conservative_tp_center15_profit_first,66.2958238851096,0.7429110343915637,0.2256718586884066,0.5332577475434619,0.0709237615334735,0.0782887732609576,0.1176470588235294,0.0,-0.0438450556194776,54,-0.0160839989794347,0.5740740740740741,0.3716054591246274,171,0.0290678725740697,0.6549707602339181,2.1772954042249104,89,0.0039446755050605,0.6966292134831461,1.2381113037270115,334,0.0269508884846376,0.688622754491018,2.4855870487845366,D43740,False,0.1250996015936254,True,base_exit_guard
tp15%_D+S_next_close,D+S,next_close,264,2021,D,159996,家电ETF,2021-01-28,2021-01-29,2021-06-18,2021-06-18,1.395,0.0007173601147776,0.0007173601147776,original,90,priority_DCS_raw_noskip,conservative_tp_center15_profit_first,82.77606982964127,0.6071589822249188,0.2297682762405601,0.7038926681783825,0.0359216255442671,0.0461479148038496,0.1764705882352941,0.0,-0.0642916319856307,21,0.1517522093494299,1.0,,171,0.029378127141543,0.6549707602339181,2.189861211216649,21,0.1517522093494299,1.0,,334,0.0273700668807519,0.688622754491018,2.508693003037311,D43740,False,0.0007173601147776,True,base_exit_guard
tp15%_D+S_next_close,D+S,next_close,265,2021,D,159996,家电ETF,2021-01-29,2021-02-01,2021-06-21,2021-06-21,1.39,-0.0113798008534851,-0.0113798008534851,original,90,priority_DCS_raw_noskip,conservative_tp_center15_profit_first,80.59851233289362,0.4866413660837373,0.2492630063465294,0.7279667422524565,0.0079043661622426,0.0185598460707631,0.1764705882352941,0.0588235294117647,-0.075132275132275,21,0.1517522093494299,1.0,,171,0.0292896506074912,0.6549707602339181,2.186277769853489,21,0.1517522093494299,1.0,,334,0.0274594917426606,0.688622754491018,2.513622280851908,D43740,False,-0.0113798008534851,True,base_exit_guard
tp15%_D+S_next_close,D+S,next_close,266,2021,D,159996,家电ETF,2021-02-01,2021-02-02,2021-06-22,2021-06-22,1.41,-0.0221914008321775,-0.0221914008321775,original,90,priority_DCS_raw_noskip,conservative_tp_center15_profit_first,75.20757479814446,0.4986212082613097,0.2534981436629105,0.6622071050642481,-0.0086521994000068,0.0255401032100061,0.1764705882352941,0.1176470588235294,-0.0680173661360346,21,0.1517522093494299,1.0,,171,0.0294570467048203,0.6549707602339181,2.193057579953749,21,0.1517522093494299,1.0,,335,0.0276589598219358,0.6895522388059702,2.5291820842430828,D43740,False,-0.0221914008321775,True,base_exit_guard
tp15%_D+S_next_close,D+S,next_close,267,2021,D,510880,红利ETF,2021-02-02,2021-02-03,2021-06-23,2021-06-23,2.873,0.1505806968362035,0.1505806968362035,take_profit_15%,90,priority_DCS_raw_noskip,conservative_tp_center15_profit_first,68.38151927437642,0.5145775510084917,0.2945355669337759,0.5958049886621316,-0.0007751937984495,0.0061360297294961,0.1764705882352941,0.0588235294117647,-0.0680173661360346,54,-0.0160839989794347,0.5740740740740741,0.3716054591246274,171,0.0300784340463167,0.6549707602339181,2.2182247627093195,88,0.0034712764285762,0.6931818181818182,1.207181319363818,335,0.0278273917303341,0.6895522388059702,2.538494186303165,D43740,False,0.1505806968362035,True,base_exit_guard
tp15%_D+S_next_close,D+S,next_close,268,2021,D,512660,军工ETF,2021-02-03,2021-02-04,2021-06-24,2021-06-24,1.152,0.0043591979075849,0.0043591979075849,original,90,priority_DCS_raw_noskip,conservative_tp_center15_profit_first,75.07794784580499,0.4597557304445077,0.2964527335195402,0.6341647770219199,-0.0130974302149363,0.0156134723336005,0.2352941176470588,0.1176470588235294,-0.0665701881331403,2,0.2185547190513433,1.0,,171,0.0306836285875823,0.6549707602339181,2.242736111115653,38,0.0321809923962625,0.8947368421052632,8.25492141418469,335,0.0281567450981029,0.6895522388059702,2.5567031599095293,D43740,False,0.0043591979075849,True,base_exit_guard
tp15%_D+S_next_close,D+S,next_close,269,2021,D,510880,红利ETF,2021-02-04,2021-02-05,2021-06-24,2021-06-24,2.885,0.1544617847138853,0.1544617847138853,take_profit_15%,89,priority_DCS_raw_noskip,conservative_tp_center15_profit_first,77.42819349962207,0.408009185479779,0.3952412168680242,0.6808390022675738,-0.0308983984909568,0.0177165886167147,0.2941176470588235,0.1764705882352941,-0.0850417615793469,54,-0.0160839989794347,0.5740740740740741,0.3716054591246274,171,0.0313861356975389,0.6549707602339181,2.271188774442831,86,0.0026980722103736,0.686046511627907,1.1573731881339968,335,0.028501848237464,0.6895522388059702,2.575782891805612,D43740,False,0.1544617847138853,True,base_exit_guard
tp15%_D+S_next_close,D+S,next_close,270,2021,D,512660,军工ETF,2021-02-05,2021-02-08,2021-06-24,2021-06-24,1.152,0.0212765957446807,0.0212765957446807,original,88,priority_DCS_raw_noskip,conservative_tp_center15_profit_first,78.45946712018142,0.3322457772409353,0.4784047715570335,0.6958427815570672,-0.0537891431642669,-0.0013164573023726,0.3529411764705882,0.2941176470588235,-0.109442060085837,2,0.2185547190513433,1.0,,171,0.0321843399536224,0.6549707602339181,2.303517325489188,38,0.0321809923962625,0.8947368421052632,8.25492141418469,335,0.0287764997680311,0.6895522388059702,2.590967562619588,D43740,False,0.0212765957446807,True,base_exit_guard
tp15%_D+S_next_close,D+S,next_close,271,2021,D,512660,军工ETF,2021-02-08,2021-02-09,2021-06-24,2021-06-24,1.152,-0.0383973288814691,-0.0383973288814691,original,87,priority_DCS_raw_noskip,conservative_tp_center15_profit_first,67.42961073318216,0.4006151700350021,0.4376870338112464,0.5665154950869237,-0.0371408241741605,0.0211395565105907,0.3529411764705882,0.1764705882352941,-0.0865603644646924,2,0.2185547190513433,1.0,,171,0.0324608825028693,0.6549707602339181,2.314717741738137,38,0.0321809923962625,0.8947368421052632,8.25492141418469,335,0.0288548806489203,0.6895522388059702,2.595301009704172,D43740,False,-0.0383973288814691,True,base_exit_guard
tp15%_D+S_next_close,D+S,next_close,272,2021,D,510880,红利ETF,2021-02-09,2021-02-10,2021-06-24,2021-06-24,2.885,0.1327051433058499,0.1327051433058499,original,86,priority_DCS_raw_noskip,conservative_tp_center15_profit_first,64.3457105064248,0.4836178370479962,0.3636662177003473,0.5273242630385488,-0.0267018216682646,0.0266090629800308,0.2352941176470588,0.1764705882352941,-0.0587314270721347,54,-0.0160839989794347,0.5740740740740741,0.3716054591246274,171,0.0331727235888556,0.6549707602339181,2.343548446046982,83,0.0014761104624655,0.6746987951807228,1.083095149556545,335,0.0292632331663793,0.6895522388059702,2.617877612648532,D43740,False,0.1327051433058499,True,base_exit_guard
tp15%_D+S_next_close,D+S,next_close,273,2021,D,512660,军工ETF,2021-02-10,2021-02-18,2021-06-24,2021-06-24,1.152,-0.0229007633587787,-0.0229007633587787,original,85,priority_DCS_raw_noskip,conservative_tp_center15_profit_first,65.23856764928193,0.5542560400211869,0.363983222784918,0.4969009826152682,-0.0119402985074626,0.0290467635690566,0.1764705882352941,0.1764705882352941,-0.0475763331759142,2,0.2185547190513433,1.0,,171,0.0340593752072277,0.6608187134502924,2.400595601196727,38,0.0321809923962625,0.8947368421052632,8.25492141418469,335,0.0293953629296014,0.6895522388059702,2.6251826764692745,D43740,False,-0.0229007633587787,True,base_exit_guard
tp15%_D+S_next_close,D+S,next_close,274,2021,D,159996,家电ETF,2021-02-18,2021-02-19,2021-06-24,2021-06-24,1.407,-0.0181437543614794,-0.0181437543614794,original,84,priority_DCS_raw_noskip,conservative_tp_center15_profit_first,63.99305407770801,0.5834884861660765,0.3523485906032932,0.4831065759637189,-0.0102951269732327,0.0557153127246584,0.1176470588235294,0.1176470588235294,-0.0410293279591197,22,0.1558911452265632,1.0,,166,0.0398600679049991,0.6867469879518072,2.833646783056808,22,0.1558911452265632,1.0,,332,0.0298174879849202,0.6867469879518072,2.6337578501581724,D43740,False,-0.0181437543614794,True,base_exit_guard
tp15%_D+S_next_close,D+S,next_close,275,2021,D,512660,军工ETF,2021-02-19,2021-02-22,2021-06-24,2021-06-24,1.152,0.0096406660823837,0.0096406660823837,original,83,priority_DCS_raw_noskip,conservative_tp_center15_profit_first,59.48223733938019,0.6674257018191968,0.3395905039563905,0.4409674981103552,0.0207612456747405,0.0564644032882807,0.0,0.0588235294117647,-0.0481955509089525,2,0.2185547190513433,1.0,,166,0.041415766369236,0.6927710843373494,2.9526905502113983,38,0.0321809923962625,0.8947368421052632,8.25492141418469,333,0.0302399787490567,0.6876876876876877,2.661897619998872,D43740,False,0.0096406660823837,True,base_exit_guard
tp15%_D+S_next_close,D+S,next_close,276,2021,D,159996,家电ETF,2021-02-22,2021-02-23,2021-06-24,2021-06-24,1.407,0.0247632920611799,0.0247632920611799,original,82,priority_DCS_raw_noskip,conservative_tp_center15_profit_first,76.90813593181606,0.558916477411012,0.4390637807690103,0.5792139077853364,0.0128357030015797,0.0414192963472055,0.1176470588235294,0.2352941176470588,-0.0780283743452571,22,0.1558911452265632,1.0,,166,0.042314776574815,0.6927710843373494,2.995077517467465,22,0.1558911452265632,1.0,,334,0.0306111119662226,0.688622754491018,2.687345911131474,D43740,False,0.0247632920611799,True,base_exit_guard
tp15%_D+S_next_close,D+S,next_close,277,2021,D,159996,家电ETF,2021-02-23,2021-02-24,2021-06-24,2021-06-24,1.407,0.021044992743106,0.021044992743106,original,81,priority_DCS_raw_noskip,conservative_tp_center15_profit_first,76.57115131992228,0.558141796165177,0.3877958087438864,0.6757369614512472,0.0211140156846973,0.0438426263063629,0.1176470588235294,0.2352941176470588,-0.0837890470205949,23,0.1544545790362832,1.0,,166,0.04321988129243,0.6987951807228916,3.053733082588601,23,0.1544545790362832,1.0,,335,0.0308864522972193,0.6895522388059702,2.7076205975496688,D43740,False,0.021044992743106,True,base_exit_guard
tp15%_D+S_next_close,D+S,next_close,278,2021,D,159996,家电ETF,2021-02-24,2021-02-25,2021-06-24,2021-06-24,1.407,0.0188269370021723,0.0188269370021723,original,80,priority_DCS_raw_noskip,conservative_tp_center15_profit_first,78.83955097190392,0.4331508568621711,0.3723053279306126,0.7301587301587301,-0.0274285714285714,0.0169271059818058,0.1764705882352941,0.2352941176470588,-0.0848206611640116,24,0.1523767082350597,1.0,,166,0.0440224433282454,0.7048192771084337,3.1091607892747253,24,0.1523767082350597,1.0,,335,0.0308557451470202,0.6895522388059702,2.7059228900348185,D43740,False,0.0188269370021723,True,base_exit_guard
tp15%_D+S_next_close,D+S,next_close,279,2021,D,159996,家电ETF,2021-02-25,2021-02-26,2021-06-24,2021-06-24,1.407,0.0399113082039912,0.0399113082039912,original,79,priority_DCS_raw_noskip,conservative_tp_center15_profit_first,75.76511640381327,0.409171281614699,0.3955229280847228,0.6901738473167046,-0.0525139664804469,0.0336854024025616,0.2352941176470588,0.2941176470588235,-0.0902267592791558,24,0.1523767082350597,1.0,,166,0.0441812163021595,0.7048192771084337,3.1329933992203265,24,0.1523767082350597,1.0,,335,0.0305742847875484,0.6865671641791045,2.689965325720721,D43740,False,0.0399113082039912,True,base_exit_guard
tp15%_D+S_next_close,D+S,next_close,280,2021,D,159996,家电ETF,2021-02-26,2021-03-01,2021-06-24,2021-06-24,1.407,0.022529069767442,0.022529069767442,original,78,priority_DCS_raw_noskip,conservative_tp_center15_profit_first,84.93570054130726,0.3198338952795888,0.4159132400288043,0.7708994708994709,-0.0776044675524744,0.0127464014117387,0.2352941176470588,0.4117647058823529,-0.1056240941014828,24,0.1523767082350597,1.0,,166,0.0453113801587284,0.7108433734939759,3.198492109296214,24,0.1523767082350597,1.0,,335,0.0309820972182381,0.6865671641791045,2.7125067808047043,D43740,False,0.022529069767442,True,base_exit_guard
tp15%_D+S_next_close,D+S,next_close,281,2021,D,159996,家电ETF,2021-03-01,2021-03-02,2021-06-24,2021-06-24,1.407,0.022529069767442,0.022529069767442,original,77,priority_DCS_raw_noskip,conservative_tp_center15_profit_first,76.47614213546234,0.4137707559424469,0.3564179311795524,0.6747921390778535,-0.0611065235342692,0.0299077434966726,0.1176470588235294,0.2352941176470588,-0.0811118360752513,24,0.1523767082350597,1.0,,166,0.0480653961961582,0.7168674698795181,3.3560855406863754,24,0.1523767082350597,1.0,,335,0.0321132792279242,0.6865671641791045,2.775031820612901,D43740,False,0.022529069767442,True,base_exit_guard
tp15%_D+S_next_close,D+S,next_close,282,2021,D,159996,家电ETF,2021-03-02,2021-03-03,2021-06-24,2021-06-24,1.407,0.021044992743106,0.021044992743106,original,76,priority_DCS_raw_noskip,conservative_tp_center15_profit_first,76.48059364959218,0.4409096232836298,0.3682312439134217,0.7140967498110357,-0.0347808999803498,0.0376766458382767,0.1176470588235294,0.1764705882352941,-0.0953353762342525,24,0.1523767082350597,1.0,,84,0.0836984239745134,0.7380952380952381,4.757051498811565,24,0.1523767082350597,1.0,,335,0.0319935091097356,0.6865671641791045,2.76841163805744,D43740,False,0.021044992743106,True,base_exit_guard
tp15%_D+S_next_close,D+S,next_close,283,2021,D,159996,家电ETF,2021-03-03,2021-03-04,2021-06-24,2021-06-24,1.407,0.05,0.05,original,75,priority_DCS_raw_noskip,conservative_tp_center15_profit_first,67.27485057390822,0.4528374759660218,0.3441698952243901,0.5388510959939532,-0.038961038961039,0.0272800808897877,0.1111111111111111,0.0555555555555555,-0.079492317969272,24,0.1523767082350597,1.0,,84,0.0876604916732402,0.7380952380952381,4.9349006347812825,24,0.1523767082350597,1.0,,335,0.0330279348818883,0.6865671641791045,2.825588566287073,D43740,False,0.05,True,base_exit_guard
tp15%_D+S_next_close,D+S,next_close,284,2021,D,159996,家电ETF,2021-03-04,2021-03-05,2021-06-24,2021-06-24,1.407,0.046875,0.046875,original,74,priority_DCS_raw_noskip,conservative_tp_center15_profit_first,82.61076943697375,0.3633072571225686,0.3918066099287535,0.7417233560090701,-0.0350877192982456,0.0058855953653185,0.2222222222222222,0.1666666666666666,-0.1057656308498689,23,0.1577167107563099,1.0,,84,0.0875858847085349,0.7380952380952381,4.931551680341554,24,0.1523767082350597,1.0,,335,0.0329416267546995,0.6865671641791045,2.820817964348531,D43740,False,0.046875,True,base_exit_guard
tp15%_D+S_next_close,D+S,next_close,285,2021,D,512660,军工ETF,2021-03-05,2021-03-08,2021-06-24,2021-06-24,1.152,0.0827067669172931,0.0827067669172931,original,73,priority_DCS_raw_noskip,conservative_tp_center15_profit_first,76.92932728647014,0.3795331074457255,0.4383993204159386,0.6774754346182918,-0.0255427841634737,0.0048820235432811,0.2222222222222222,0.1111111111111111,-0.1114754098360655,2,0.2185547190513433,1.0,,85,0.0863928956905735,0.7294117647058823,4.895403207662416,38,0.0321809923962625,0.8947368421052632,8.25492141418469,335,0.0327495162622645,0.6835820895522388,2.8060814376805068,D43740,False,0.0827067669172931,True,base_exit_guard
tp15%_D+S_next_close,D+S,next_close,286,2021,D,512660,军工ETF,2021-03-08,2021-03-09,2021-06-24,2021-06-22,1.173,0.1405940594059405,0.1613861386138613,take_profit_15%,70,priority_DCS_raw_noskip,conservative_tp_center15_profit_first,90.13321995464852,0.2276579503557131,0.4604242402117136,0.8284580498866214,-0.0661099512874042,-0.0475717369253019,0.3888888888888889,0.2777777777777778,-0.1398352676900037,3,0.167408572390818,1.0,,86,0.0861454931717269,0.7325581395348837,4.929945013353028,39,0.0330254869263523,0.8974358974358975,8.641234357141654,335,0.0325735899510602,0.6835820895522388,2.796379393762629,D43740,False,0.1613861386138613,True,base_exit_guard
tp15%_D+S_next_close,D+S,next_close,287,2021,D,512660,军工ETF,2021-03-09,2021-03-10,2021-06-24,2021-06-22,1.173,0.1462686567164179,0.1671641791044777,take_profit_15%,69,priority_DCS_raw_noskip,conservative_tp_center15_profit_first,91.6935941043084,0.1760339661284747,0.4896159086266026,0.8580120937263795,-0.0936686903729402,-0.0569211145810408,0.3888888888888889,0.5,-0.1692913385826772,4,0.126974198669295,1.0,,86,0.0857074036753453,0.7325581395348837,4.909959433512242,40,0.0323416266908117,0.9,8.674878949122107,335,0.0324476813248363,0.6835820895522388,2.7894357421115425,D43740,False,0.1671641791044777,True,base_exit_guard
tp15%_D+S_next_close,D+S,next_close,288,2021,D,512660,军工ETF,2021-03-10,2021-03-11,2021-06-24,2021-06-22,1.173,0.1260997067448681,0.1466275659824047,take_profit_15%,68,priority_DCS_raw_noskip,conservative_tp_center15_profit_first,84.31831065759638,0.186765291405851,0.4832480339714404,0.808390022675737,-0.0861344537815126,-0.0512280701754386,0.3888888888888889,0.5,-0.1704918032786885,4,0.126974198669295,1.0,,87,0.0841941943567274,0.7241379310344828,4.793148257336855,40,0.0323416266908117,0.9,8.674878949122107,335,0.0318742002788606,0.6805970149253732,2.7446146454094404,D43740,False,0.1466275659824047,True,base_exit_guard
tp15%_D+S_next_close,D+S,next_close,289,2021,D,512660,军工ETF,2021-03-11,2021-03-12,2021-06-24,2021-06-22,1.173,0.1349753694581281,0.155665024630542,take_profit_15%,67,priority_DCS_raw_noskip,conservative_tp_center15_profit_first,77.8217120181406,0.2987242776382555,0.4749906894295542,0.7141723356009072,-0.047790802524797,-0.0187919463087248,0.3888888888888889,0.2777777777777778,-0.1475102957693747,4,0.126974198669295,1.0,,86,0.0834948270061473,0.7093023255813954,4.617814337096117,40,0.0323416266908117,0.9,8.674878949122107,335,0.0317524035358906,0.6805970149253732,2.726438923690376,D43740,False,0.155665024630542,True,base_exit_guard
tp15%_D+S_next_close,D+S,next_close,290,2021,D,512660,军工ETF,2021-03-12,2021-03-15,2021-06-24,2021-06-22,1.173,0.1451292246520874,0.1660039761431411,take_profit_15%,66,priority_DCS_raw_noskip,conservative_tp_center15_profit_first,78.4901738473167,0.3079506051196056,0.477699537644272,0.696787603930461,-0.0408719346049045,-0.020283210677808,0.3888888888888889,0.2777777777777778,-0.1497566454511418,4,0.126974198669295,1.0,,86,0.0825556386464495,0.6976744186046512,4.524311427982292,40,0.0323416266908117,0.9,8.674878949122107,335,0.0315917510573589,0.6776119402985075,2.709452599318544,D43740,False,0.1660039761431411,True,base_exit_guard
tp15%_D+S_next_close,D+S,next_close,291,2021,D,159992,创新药ETF,2021-03-15,2021-03-16,2021-06-24,2021-04-28,1.516,0.1809598741148701,0.1927616050354053,take_profit_15%,30,priority_DCS_raw_noskip,conservative_tp_center15_profit_first,85.32370289825711,0.2500135518113939,0.5759315019845492,0.7601662887377174,-0.0893345487693709,-0.0222138721367156,0.4444444444444444,0.5,-0.1740921003369524,40,-0.0076589271289337,0.375,0.8445751143234618,87,0.0811604501841253,0.6896551724137931,4.438763203350151,40,-0.0076589271289337,0.375,0.8445751143234618,335,0.0313906278632668,0.6746268656716418,2.6879838019565137,D43740,False,0.1927616050354053,True,base_exit_guard
tp15%_D+S_next_close,D+S,next_close,292,2021,D,159992,创新药ETF,2021-03-16,2021-03-17,2021-06-24,2021-04-28,1.516,0.1726562499999999,0.1843749999999999,take_profit_15%,29,priority_DCS_raw_noskip,conservative_tp_center15_profit_first,73.03897155605517,0.2391220345993886,0.6719696109351619,0.6254346182917611,-0.0949759119064006,-0.0110403706583722,0.4444444444444444,0.6111111111111112,-0.1714713590415574,40,-0.0076589271289337,0.375,0.8445751143234618,88,0.0798984686504077,0.6818181818181818,4.375068059641639,40,-0.0076589271289337,0.375,0.8445751143234618,335,0.0311779327550056,0.6716417910447762,2.668539936855674,D43740,False,0.1843749999999999,True,base_exit_guard
tp15%_D+S_next_close,D+S,next_close,293,2021,D,512660,军工ETF,2021-03-17,2021-03-18,2021-06-24,2021-06-24,1.152,0.1098265895953756,0.1098265895953756,original,65,priority_DCS_raw_noskip,conservative_tp_center15_profit_first,70.73790627362057,0.2439173611915754,0.6818207879526714,0.6058956916099774,-0.1013986013986013,-0.0205647233795915,0.4444444444444444,0.6111111111111112,-0.1573770491803278,7,0.0592755442427968,0.5714285714285714,5.463136528123562,89,0.0787282802091804,0.6741573033707865,4.324729395211828,43,0.0279231879687178,0.8372093023255814,5.591113172944494,335,0.0306439635532712,0.6686567164179105,2.6336354582402013,D43740,False,0.1098265895953756,True,base_exit_guard
tp15%_D+S_next_close,D+S,next_close,294,2021,D,512660,军工ETF,2021-03-18,2021-03-19,2021-06-24,2021-06-24,1.152,0.1076923076923075,0.1076923076923075,original,64,priority_DCS_raw_noskip,conservative_tp_center15_profit_first,70.28202947845804,0.2337558375635808,0.6151237862589113,0.5977702191987906,-0.110204081632653,-0.0080702948975129,0.3333333333333333,0.6111111111111112,-0.1550387596899224,8,0.0468238873287699,0.5,3.8100156987892793,90,0.0774053247505293,0.6666666666666666,4.243507749939753,43,0.0256229754189306,0.813953488372093,4.649947362044143,335,0.0303487123901642,0.6656716417910448,2.607576310336548,D43740,False,0.1076923076923075,True,base_exit_guard
tp15%_D+S_next_close,D+S,next_close,295,2021,D,159902,中小板ETF,2021-03-19,2021-03-22,2021-06-24,2021-06-24,4.794,0.0846153846153845,0.0846153846153845,original,63,priority_DCS_raw_noskip,conservative_tp_center15_profit_first,81.4177059712774,0.1980839079173167,0.6294494175950988,0.7027588813303098,-0.1231028667790893,-0.0379629070866775,0.5,0.6666666666666666,-0.1762295081967213,0,,,,91,0.076186370049176,0.6593406593406593,4.178299967904735,3,0.1062570614539865,1.0,,335,0.0301439880120236,0.6626865671641791,2.5883137911611054,D43740,False,0.0846153846153845,True,base_exit_guard
tp15%_D+S_next_close,D+S,next_close,296,2021,D,512660,军工ETF,2021-03-22,2021-03-23,2021-06-24,2021-06-24,1.152,0.1055662188099806,0.1055662188099806,original,62,priority_DCS_raw_noskip,conservative_tp_center15_profit_first,68.40939153439155,0.2382297168232666,0.6596889927302525,0.5775132275132274,-0.0806310254163015,-0.0223960184856025,0.5,0.5,-0.1725945338824409,10,0.0307614296486901,0.4,2.535902034708262,92,0.0749945915804824,0.6521739130434783,4.115181645318808,43,0.0227381342830549,0.7674418604651163,3.650844482549934,335,0.0299784193488429,0.6597014925373135,2.5713209641945367,D43740,False,0.1055662188099806,True,base_exit_guard
tp15%_D+S_next_close,D+S,next_close,297,2021,D,159902,中小板ETF,2021-03-23,2021-03-24,2021-06-24,2021-06-24,4.794,0.1161816065192082,0.1161816065192082,original,61,priority_DCS_raw_noskip,conservative_tp_center15_profit_first,75.17243008314436,0.189139286357856,0.639371249597104,0.6122448979591836,-0.1035665294924554,-0.0563250230840257,0.5,0.5555555555555556,-0.1795354676710608,0,,,,93,0.0741068154306918,0.6451612903225806,4.101166808763565,3,0.1062570614539865,1.0,,335,0.0299517926571969,0.6567164179104478,2.5680684120581363,D43740,False,0.1161816065192082,True,base_exit_guard
tp15%_D+S_next_close,D+S,next_close,298,2021,D,515210,钢铁ETF,2021-03-24,2021-03-25,2021-06-24,2021-04-26,1.586,0.1115107913669064,0.1410071942446045,take_profit_15%,21,priority_DCS_raw_noskip,conservative_tp_center15_profit_first,82.05932338067723,0.1914184626843077,0.5638141782370879,0.6985260770975056,-0.0775800711743772,-0.0539772727272728,0.5,0.4444444444444444,-0.1778688524590165,19,0.1388537056422753,1.0,,94,0.0729631772212981,0.6382978723404256,4.040451574686497,20,0.1349338152065441,1.0,,335,0.0298339429766993,0.6537313432835821,2.553789506960987,D43740,False,0.1410071942446045,True,base_exit_guard
tp15%_D+S_next_close,D+S,next_close,299,2021,D,512400,有色金属ETF,2021-03-25,2021-03-26,2021-06-24,2021-05-11,1.16,0.0830078125,0.1328125,take_profit_15%,28,priority_DCS_raw_noskip,conservative_tp_center15_profit_first,73.94038170823885,0.2037223581757254,0.5618454380338485,0.6577097505668935,-0.066225165562914,-0.0531682447195921,0.5,0.4444444444444444,-0.1795354676710608,2,0.4205977202582988,1.0,,95,0.0718369704607754,0.631578947368421,3.9804101269628185,10,0.1226928397313656,0.9,13.689464931120709,335,0.0296509232912285,0.6507462686567164,2.536131514021969,D43740,False,0.1328125,True,base_exit_guard
tp15%_D+S_next_close,D+S,next_close,300,2021,D,512400,有色金属ETF,2021-03-26,2021-03-29,2021-06-24,2021-05-11,1.16,0.0861900097943193,0.1361410381978451,take_profit_15%,27,priority_DCS_raw_noskip,conservative_tp_center15_profit_first,68.05035903250189,0.2785840277534473,0.5853333061545196,0.567687074829932,-0.0373406193078325,-0.0185048112509251,0.4444444444444444,0.3333333333333333,-0.1680327868852459,2,0.4205977202582988,1.0,,96,0.0709982636706775,0.625,3.9653803333243074,10,0.1226928397313656,0.9,13.689464931120709,335,0.0295970479158315,0.6477611940298508,2.53128512879299,D43740,False,0.1361410381978451,True,base_exit_guard
tp15%_D+S_next_close,D+S,next_close,301,2021,D,512400,有色金属ETF,2021-03-29,2021-03-30,2021-06-24,2021-05-11,1.16,0.0684007707129092,0.117533718689788,take_profit_15%,26,priority_DCS_raw_noskip,conservative_tp_center15_profit_first,69.36507936507937,0.2466720134999192,0.5882320422956415,0.5896825396825398,-0.0620542082738944,-0.0329512893982806,0.4444444444444444,0.3888888888888889,-0.1704918032786885,2,0.4205977202582988,1.0,,97,0.0703761021516127,0.6288659793814433,3.970013242707757,10,0.1226928397313656,0.9,13.689464931120709,335,0.0298186023805046,0.6507462686567164,2.558044984449057,D43740,False,0.117533718689788,True,base_exit_guard
tp15%_D+S_next_close,D+S,next_close,302,2021,D,512400,有色金属ETF,2021-03-30,2021-03-31,2021-06-24,2021-05-11,1.16,0.0980198019801981,0.1485148514851484,take_profit_15%,25,priority_DCS_raw_noskip,conservative_tp_center15_profit_first,65.26880196523054,0.2853345962467452,0.6274509518416921,0.5464474678760394,-0.0523297491039426,-0.0075075075075075,0.5,0.3888888888888889,-0.1614754098360656,2,0.4205977202582988,1.0,,98,0.0697159563968189,0.6326530612244898,3.972485244460392,10,0.1226928397313656,0.9,13.689464931120709,335,0.029884849978253,0.6537313432835821,2.565538173242471,D43740,False,0.1485148514851484,True,base_exit_guard
tp15%_D+S_next_close,D+S,next_close,303,2021,D,512660,军工ETF,2021-03-31,2021-04-01,2021-06-24,2021-06-24,1.152,0.0971428571428569,0.0971428571428569,original,55,priority_DCS_raw_noskip,conservative_tp_center15_profit_first,73.23601662887378,0.2672836686345555,0.6739858104249915,0.5632653061224491,-0.065853728584056,-0.0084621044885945,0.5,0.4444444444444444,-0.1688524590163934,17,0.0155212060959499,0.4117647058823529,1.929244607935539,99,0.0692499861873599,0.6363636363636364,3.982746383810954,48,0.0188614479241644,0.7083333333333334,3.000728254936161,335,0.0300408121455441,0.6567164179104478,2.5807936176496216,D43740,False,0.0971428571428569,True,base_exit_guard
tp15%_D+S_next_close,D+S,next_close,304,2021,D,512660,军工ETF,2021-04-01,2021-04-02,2021-06-24,2021-06-24,1.152,0.0919431279620852,0.0919431279620852,original,54,priority_DCS_raw_noskip,conservative_tp_center15_profit_first,61.556594860166285,0.3118648488907481,0.5955167534371829,0.4464096749811035,-0.0344538419076125,-0.0090112162711543,0.5,0.1111111111111111,-0.1622950819672131,18,0.0148730037876863,0.4444444444444444,1.9428158094891768,100,0.0685960219709584,0.64,3.9844229630343215,49,0.0185551645899408,0.7142857142857143,3.009244231880701,335,0.0301648207777086,0.6597014925373135,2.5967723692032063,D43740,False,0.0919431279620852,True,base_exit_guard
tp15%_D+S_next_close,D+S,next_close,305,2021,D,512660,军工ETF,2021-04-02,2021-04-06,2021-06-24,2021-06-24,1.152,0.0806754221388366,0.0806754221388366,original,53,priority_DCS_raw_noskip,conservative_tp_center15_profit_first,63.918178382464106,0.3506674246091577,0.4957062027050352,0.4986016628873772,-0.0264539359059534,-0.0034106688918186,0.3333333333333333,0.0,-0.1384790011350739,19,0.0143926944534282,0.4736842105263157,1.9630556187027928,101,0.0679737556785408,0.6435643564356436,3.986923378600207,50,0.0182990038268776,0.72,3.021944783703162,335,0.0304155645357895,0.6626865671641791,2.630202880209658,D43740,False,0.0806754221388366,True,base_exit_guard
tp15%_D+S_next_close,D+S,next_close,306,2021,D,512400,有色金属ETF,2021-04-06,2021-04-07,2021-06-24,2021-05-11,1.16,0.0592168099331422,0.1079274116523401,take_profit_15%,21,priority_DCS_raw_noskip,conservative_tp_center15_profit_first,61.3718820861678,0.3472909670202157,0.4810021832971536,0.4827286470143612,0.0061559450040898,-0.0542043578043163,0.2777777777777778,0.0,-0.1441543700340521,2,0.4205977202582988,1.0,,102,0.0681448286374978,0.6470588235294118,4.024088646329488,10,0.1226928397313656,0.9,13.689464931120709,334,0.0308380979572447,0.6646706586826348,2.6743370584483874,D43740,False,0.1079274116523401,True,base_exit_guard
tp15%_D+S_next_close,D+S,next_close,307,2021,D,512400,有色金属ETF,2021-04-07,2021-04-08,2021-06-24,2021-06-24,1.109,0.0452403393025448,0.0452403393025448,original,51,priority_DCS_raw_noskip,conservative_tp_center15_profit_first,57.21749811035525,0.3843429744754739,0.4828153802408827,0.4227891156462584,0.0308321473601047,-0.0667701863354038,0.3888888888888889,0.0,-0.1430192962542568,2,0.4205977202582988,1.0,,103,0.0682119530154072,0.6504854368932039,4.056744581913954,10,0.1226928397313656,0.9,13.689464931120709,334,0.0312599092449524,0.6676646706586826,2.7155969955881094,D43740,False,0.0452403393025448,True,base_exit_guard
tp15%_D+S_next_close,D+S,next_close,308,2021,D,512400,有色金属ETF,2021-04-08,2021-04-09,2021-06-24,2021-05-11,1.16,0.0491958372753076,0.0974456007568589,take_profit_15%,19,priority_DCS_raw_noskip,conservative_tp_center15_profit_first,54.410903250188966,0.3979406117947019,0.4980830343392122,0.3835222978080121,0.0360766351457841,-0.0618468093799705,0.3888888888888889,0.0,-0.1464245175936437,2,0.4205977202582988,1.0,,104,0.0682493410967939,0.6538461538461539,4.088113431740502,10,0.1226928397313656,0.9,13.689464931120709,334,0.0316734168779903,0.6706586826347305,2.7573525321303087,D43740,False,0.0974456007568589,True,base_exit_guard
tp15%_D+S_next_close,D+S,next_close,309,2021,D,159902,中小板ETF,2021-04-09,2021-04-12,2021-06-24,2021-06-24,4.794,0.1242964352720448,0.1242964352720448,original,49,priority_DCS_raw_noskip,conservative_tp_center15_profit_first,60.79128873771731,0.3321173773988121,0.4760960292906142,0.456235827664399,0.0046382514317754,-0.067506370712092,0.4444444444444444,0.0,-0.1532349602724179,0,,,,105,0.0665528910536861,0.6476190476190476,3.901598165655715,2,0.1227142240568613,1.0,,334,0.0315734684309797,0.6706586826347305,2.7421459855368586,D43740,False,0.1242964352720448,True,base_exit_guard
tp15%_D+S_next_close,D+S,next_close,310,2021,D,159902,中小板ETF,2021-04-12,2021-04-13,2021-06-24,2021-06-24,4.794,0.1206171107994389,0.1206171107994389,original,48,priority_DCS_raw_noskip,conservative_tp_center15_profit_first,75.81490929705217,0.2587669376777732,0.4545967236727479,0.6436130007558579,-0.0185556220095693,-0.0995981566674321,0.4444444444444444,0.1111111111111111,-0.166855845629966,0,,,,106,0.0659523190927641,0.6509433962264151,3.902799098864248,2,0.1227142240568613,1.0,,334,0.0316102915453951,0.6736526946107785,2.7468924654070785,D43740,False,0.1206171107994389,True,base_exit_guard
tp15%_D+S_next_close,D+S,next_close,311,2021,D,512950,央企改革ETF,2021-04-13,2021-04-14,2021-06-24,2021-06-24,1.209,0.0558951965065501,0.0558951965065501,original,47,priority_DCS_raw_noskip,conservative_tp_center15_profit_first,71.46052306543807,0.2874425235532369,0.4412148757908457,0.6196900982615269,-0.0002677862613242,-0.0866605757497203,0.4444444444444444,0.0555555555555555,-0.1736662883087402,0,,,,107,0.0653428091372939,0.6542056074766355,3.903104185313071,1,0.0332963374028856,1.0,,334,0.0317088022819978,0.6766467065868264,2.761713165141172,D43740,False,0.0558951965065501,True,base_exit_guard
tp15%_D+S_next_close,D+S,next_close,312,2021,D,512400,有色金属ETF,2021-04-14,2021-04-15,2021-06-24,2021-05-11,1.16,0.0612440191387559,0.1100478468899521,take_profit_15%,15,priority_DCS_raw_noskip,conservative_tp_center15_profit_first,63.679610733182166,0.3038134242946267,0.451447060988613,0.5490551776266063,-0.0012259528130671,-0.0868533077660593,0.4444444444444444,0.0,-0.161775802621144,2,0.4205977202582988,1.0,,108,0.0646295668023309,0.6481481481481481,3.884254450292114,10,0.1226928397313656,0.9,13.689464931120709,334,0.0318030781036339,0.6766467065868264,2.776254859746921,D43740,False,0.1100478468899521,True,base_exit_guard
tp15%_D+S_next_close,D+S,next_close,313,2021,D,159902,中小板ETF,2021-04-15,2021-04-16,2021-06-24,2021-06-24,4.794,0.1074151074151072,0.1074151074151072,original,45,priority_DCS_raw_noskip,conservative_tp_center15_profit_first,64.53750944822373,0.2958593615784897,0.4367482806455474,0.5701814058956917,-0.0029230423983781,-0.0925778132482042,0.4444444444444444,0.0,-0.1640459501807354,0,,,,109,0.0641662349422365,0.6513761467889908,3.890091721713192,2,0.1227142240568613,1.0,,334,0.0319833648686845,0.6796407185628742,2.80019847195578,D43740,False,0.1074151074151072,True,base_exit_guard
tp15%_D+S_next_close,D+S,next_close,314,2021,D,512400,有色金属ETF,2021-04-16,2021-04-19,2021-06-24,2021-06-24,1.109,0.0287569573283859,0.0287569573283859,original,44,priority_DCS_raw_noskip,conservative_tp_center15_profit_first,63.150037792894935,0.319915829783828,0.4568210870124118,0.5288737717309147,0.0026214958537074,-0.0768702814001373,0.3888888888888889,0.0555555555555555,-0.1682595464122619,2,0.4205977202582988,1.0,,110,0.0657572850487269,0.6545454545454545,3.988925774413073,10,0.1226928397313656,0.9,13.689464931120709,334,0.0328508605106276,0.6826347305389222,2.864916146358542,D43740,False,0.0287569573283859,True,base_exit_guard
tp15%_D+S_next_close,D+S,next_close,315,2021,D,512660,军工ETF,2021-04-19,2021-04-20,2021-06-24,2021-06-24,1.152,0.1013384321223707,0.1013384321223707,original,43,priority_DCS_raw_noskip,conservative_tp_center15_profit_first,54.56018518518519,0.4043984789428822,0.5183047324694406,0.4248677248677249,0.0269653118838321,-0.0571817562968005,0.3333333333333333,0.0,-0.1463703646700627,19,0.0143926944534282,0.4736842105263157,1.9630556187027928,111,0.0650282783827595,0.6486486486486487,3.964089210502937,50,0.0182990038268776,0.72,3.021944783703162,334,0.0329612704695487,0.6826347305389222,2.882986364508604,D43740,False,0.1013384321223707,True,base_exit_guard
tp15%_D+S_next_close,D+S,next_close,316,2021,D,512400,有色金属ETF,2021-04-20,2021-04-21,2021-06-24,2021-06-24,1.109,0.0432737535277516,0.0432737535277516,original,42,priority_DCS_raw_noskip,conservative_tp_center15_profit_first,60.1530612244898,0.3977547121349475,0.5194062988899203,0.4649659863945578,0.0167979244468292,-0.063257065948856,0.3333333333333333,0.0,-0.1438406704792181,2,0.4205977202582988,1.0,,112,0.0645322689209393,0.6517857142857143,3.967980157155693,10,0.1226928397313656,0.9,13.689464931120709,334,0.0331573711510532,0.6856287425149701,2.9125148728135675,D43740,False,0.0432737535277516,True,base_exit_guard
tp15%_D+S_next_close,D+S,next_close,317,2021,D,512660,军工ETF,2021-04-21,2021-04-22,2021-06-24,2021-06-24,1.152,0.1098265895953756,0.1098265895953756,original,41,priority_DCS_raw_noskip,conservative_tp_center15_profit_first,60.69208238851096,0.4784650087961912,0.499096127876821,0.4893046107331822,0.0351612127448952,-0.0531045751633986,0.3333333333333333,0.0,-0.1332776856315187,19,0.0143926944534282,0.4736842105263157,1.9630556187027928,113,0.0662578577758319,0.6548672566371682,4.074552188296063,50,0.0182990038268776,0.72,3.021944783703162,334,0.0340697111200256,0.688622754491018,2.98059793176981,D43740,False,0.1098265895953756,True,base_exit_guard
tp15%_D+S_next_close,D+S,next_close,318,2021,D,512660,军工ETF,2021-04-22,2021-04-23,2021-06-24,2021-06-24,1.152,0.1141199226305609,0.1141199226305609,original,40,priority_DCS_raw_noskip,conservative_tp_center15_profit_first,56.296768707483,0.5099847123379854,0.5118154711781087,0.4490173847316705,0.0595058387840692,-0.0583468395461913,0.3333333333333333,0.0,-0.1264262053735738,19,0.0143926944534282,0.4736842105263157,1.9630556187027928,114,0.067767549907927,0.6578947368421053,4.172434550677332,50,0.0182990038268776,0.72,3.021944783703162,334,0.0349307566363914,0.6916167664670658,3.0482026989917115,D43740,False,0.1141199226305609,True,base_exit_guard
tp15%_D+S_next_close,D+S,next_close,319,2021,D,512660,军工ETF,2021-04-23,2021-04-26,2021-06-24,2021-06-24,1.152,0.1141199226305609,0.1141199226305609,original,39,priority_DCS_raw_noskip,conservative_tp_center15_profit_first,54.42649281934996,0.5195185369692542,0.4867610776699071,0.3868102796674225,0.0588228031184957,-0.0674157303370787,0.2777777777777778,0.0,-0.1143345553811866,19,0.0143926944534282,0.4736842105263157,1.9630556187027928,115,0.0695773100620976,0.6608695652173913,4.285727255020462,50,0.0182990038268776,0.72,3.021944783703162,334,0.035924037742455,0.6946107784431138,3.127308733817421,D43740,False,0.1141199226305609,True,base_exit_guard
tp15%_D+S_next_close,D+S,next_close,320,2021,D,512660,军工ETF,2021-04-26,2021-04-27,2021-06-24,2021-06-22,1.173,0.1305201177625123,0.1511285574092249,take_profit_15%,36,priority_DCS_raw_noskip,conservative_tp_center15_profit_first,57.88595993953136,0.4898765444866731,0.4403050480906325,0.4860922146636433,0.0307180564533505,-0.0729751403368085,0.3333333333333333,0.0,-0.1088701298192097,19,0.0143926944534282,0.4736842105263157,1.9630556187027928,116,0.071660906611596,0.6637931034482759,4.413550427826437,50,0.0182990038268776,0.72,3.021944783703162,334,0.037006955939674,0.6976047904191617,3.211202336594977,D43740,False,0.1511285574092249,True,base_exit_guard
tp15%_D+S_next_close,D+S,next_close,321,2021,D,512660,军工ETF,2021-04-27,2021-04-28,2021-06-24,2021-06-24,1.152,0.121713729308666,0.121713729308666,original,37,priority_DCS_raw_noskip,conservative_tp_center15_profit_first,60.18707482993197,0.4767785221049911,0.4187641410577964,0.4656462585034014,0.0261600100359097,-0.078588612670409,0.3333333333333333,0.0,-0.1025763534124738,19,0.0143926944534282,0.4736842105263157,1.9630556187027928,117,0.0732597891083359,0.6666666666666666,4.519796550614696,50,0.0182990038268776,0.72,3.021944783703162,334,0.0379203645424791,0.7005988023952096,3.284723167070971,D43740,False,0.121713729308666,True,base_exit_guard
tp15%_D+S_next_close,D+S,next_close,322,2021,D,512660,军工ETF,2021-04-28,2021-04-29,2021-06-24,2021-06-24,1.152,0.1184466019417473,0.1184466019417473,original,36,priority_DCS_raw_noskip,conservative_tp_center15_profit_first,51.14559712773999,0.5153338911767175,0.3922476159876872,0.4081632653061225,0.0308760555248154,-0.0653173873045077,0.2222222222222222,0.0,-0.0902423282285982,19,0.0143926944534282,0.4736842105263157,1.9630556187027928,118,0.0749788871694846,0.6694915254237288,4.633180989941099,50,0.0182990038268776,0.72,3.021944783703162,334,0.0388779600952508,0.7035928143712575,3.361041147898064,D43740,False,0.1184466019417473,True,base_exit_guard
tp15%_D+S_next_close,D+S,next_close,323,2021,D,159902,中小板ETF,2021-04-29,2021-04-30,2021-06-24,2021-06-24,4.794,0.0492449113591595,0.0492449113591595,original,35,priority_DCS_raw_noskip,conservative_tp_center15_profit_first,49.03722600151172,0.5123004540551036,0.3677203498305948,0.4007180650037792,0.0320969932873494,-0.0712996389891698,0.2222222222222222,0.0,-0.0802084511767436,0,,,,119,0.0769944440623048,0.6722689075630253,4.762464269966662,2,0.1227142240568613,1.0,,334,0.0399511059635232,0.7065868263473054,3.4456007393090524,D43740,False,0.0492449113591595,True,base_exit_guard
tp15%_D+S_next_close,D+S,next_close,324,2021,D,512660,军工ETF,2021-04-30,2021-05-06,2021-06-24,2021-06-22,1.173,0.1462686567164179,0.1671641791044777,take_profit_15%,32,priority_DCS_raw_noskip,conservative_tp_center15_profit_first,61.36290627362056,0.5057256292803054,0.3521824823421237,0.4749433106575964,0.0191220740922775,-0.0413533834586464,0.2105263157894736,0.0,-0.0871527574140323,19,0.0143926944534282,0.4736842105263157,1.9630556187027928,120,0.0788755697662521,0.675,4.886778493010179,50,0.0182990038268776,0.72,3.021944783703162,334,0.041016826972659,0.7095808383233533,3.535571384073032,D43740,False,0.1671641791044777,True,base_exit_guard
tp15%_D+S_next_close,D+S,next_close,325,2021,D,159902,中小板ETF,2021-05-06,2021-05-07,2021-06-24,2021-06-24,4.794,0.0833898305084746,0.0833898305084746,original,33,priority_DCS_raw_noskip,conservative_tp_center15_profit_first,55.393990929705225,0.4625532769177686,0.4215761667148149,0.407482993197279,-0.0010985304839771,-0.0431924882629108,0.3684210526315789,0.0,-0.0929037726069231,0,,,,121,0.0806714166683915,0.6776859504132231,5.00840033196443,1,0.200062912865681,1.0,,249,0.0456946467610152,0.6867469879518072,3.3740716012821714,D43740,False,0.0833898305084746,True,base_exit_guard
tp15%_D+S_next_close,D+S,next_close,326,2021,D,159902,中小板ETF,2021-05-07,2021-05-10,2021-06-24,2021-06-24,4.794,0.0890504316219897,0.0890504316219897,original,32,priority_DCS_raw_noskip,conservative_tp_center15_profit_first,60.40391156462584,0.3529835371127242,0.4473424867338695,0.4551020408163264,-0.015223746258021,-0.0737618545837723,0.4736842105263157,0.0,-0.1043548080993883,0,,,,122,0.0828265530490223,0.680327868852459,5.1494969916337165,1,0.200062912865681,1.0,,249,0.0469322171109376,0.6867469879518072,3.438369737510377,D43740,False,0.0890504316219897,True,base_exit_guard
tp15%_D+S_next_close,D+S,next_close,327,2021,D,512660,军工ETF,2021-05-10,2021-05-11,2021-06-24,2021-06-22,1.173,0.1497005988023951,0.1706586826347305,take_profit_15%,29,priority_DCS_raw_noskip,conservative_tp_center15_profit_first,58.902116402116405,0.3510315482202408,0.3966772032716387,0.4425925925925925,-0.0075888909369625,-0.0957810718358038,0.4210526315789473,0.0,-0.102218282065938,19,0.0143926944534282,0.4736842105263157,1.9630556187027928,123,0.0849731469059754,0.6829268292682927,5.2919321645182205,21,0.0135441936666348,0.4761904761904761,1.9834962922524824,249,0.0482547622426851,0.6867469879518072,3.5070827501115494,D43740,False,0.1706586826347305,True,base_exit_guard
tp15%_D+S_next_close,D+S,next_close,328,2021,D,515210,钢铁ETF,2021-05-11,2021-05-12,2021-06-24,2021-06-24,1.545,-0.1095100864553315,-0.1095100864553315,original,30,priority_DCS_raw_noskip,conservative_tp_center15_profit_first,61.539962122808646,0.3701513383676676,0.4211406497596911,0.54297052154195,-0.0103565541028282,-0.0653594771241832,0.4736842105263157,0.0,-0.11103524783275,32,0.2031321630368441,1.0,,124,0.0875035579231033,0.6854838709677419,5.45567425087564,33,0.198808639821414,1.0,,250,0.0496567196458336,0.688,3.590282769175057,D43740,False,-0.1095100864553315,True,base_exit_guard
tp15%_D+S_next_close,D+S,next_close,329,2021,D,159902,中小板ETF,2021-05-12,2021-05-13,2021-06-24,2021-06-24,4.794,0.0937713894592744,0.0937713894592744,original,29,priority_DCS_raw_noskip,conservative_tp_center15_profit_first,57.57464096749811,0.4423166434049945,0.3967828019940086,0.501360544217687,0.0091460328935477,-0.0498812351543942,0.3684210526315789,0.0,-0.0977514564976648,0,,,,125,0.0899099470064284,0.688,5.615128420095418,1,0.200062912865681,1.0,,251,0.0510059047999887,0.6892430278884463,3.671304027752909,D43740,False,0.0937713894592744,True,base_exit_guard
tp15%_D+S_next_close,D+S,next_close,330,2021,D,515210,钢铁ETF,2021-05-13,2021-05-14,2021-06-24,2021-06-24,1.545,-0.055045871559633,-0.055045871559633,original,28,priority_DCS_raw_noskip,conservative_tp_center15_profit_first,69.92831730410987,0.4323673010561999,0.4588654086401326,0.5618669690098261,0.0167298735114324,-0.0397590361445782,0.4736842105263157,0.0,-0.1154330223552192,34,0.2145784845467391,1.0,,126,0.0924276225386899,0.6904761904761905,5.782317025835395,35,0.2101749820433366,1.0,,252,0.0524191236859862,0.6904761904761905,3.756255279408541,D43740,False,-0.055045871559633,True,base_exit_guard
tp15%_D+S_next_close,D+S,next_close,331,2021,D,515210,钢铁ETF,2021-05-14,2021-05-17,2021-06-24,2021-06-24,1.545,-0.05039950829748,-0.05039950829748,original,27,priority_DCS_raw_noskip,conservative_tp_center15_profit_first,61.02938691846278,0.5404844382409126,0.3831403538443478,0.462358276643991,0.0340355690780834,-0.034313725490196,0.2631578947368421,0.0,-0.08624767519388,35,0.2181502946092521,1.0,,127,0.094373797453619,0.6929133858267716,5.9217685538701845,36,0.213769894673652,1.0,,253,0.0535541936980364,0.691699604743083,3.827112870447194,D43740,False,-0.05039950829748,True,base_exit_guard
tp15%_D+S_next_close,D+S,next_close,332,2021,D,515210,钢铁ETF,2021-05-17,2021-05-18,2021-06-24,2021-06-24,1.545,-0.060790273556231,-0.060790273556231,original,26,priority_DCS_raw_noskip,conservative_tp_center15_profit_first,62.193218668713975,0.5684534878839649,0.4209565577246543,0.4670068027210884,0.0272665764038606,-0.0470588235294117,0.2631578947368421,0.0,-0.085863341513059,36,0.2204437861604801,1.0,,128,0.0959858458364303,0.6953125,6.045255928526933,37,0.2161197891541874,1.0,,249,0.055298184655408,0.6867469879518072,3.8730247216806575,D43740,False,-0.060790273556231,True,base_exit_guard
tp15%_D+S_next_close,D+S,next_close,333,2021,D,515210,钢铁ETF,2021-05-18,2021-05-19,2021-06-24,2021-06-24,1.545,-0.0427509293680298,-0.0427509293680298,original,25,priority_DCS_raw_noskip,conservative_tp_center15_profit_first,58.36226997085493,0.6224337309867444,0.417089051546035,0.4438019652305367,0.0402267233475035,-0.0510551395507149,0.2631578947368421,0.0,-0.0821110529072813,37,0.2230933189450516,1.0,,129,0.0977105795833543,0.6976744186046512,6.176036558833607,38,0.218813386786699,1.0,,250,0.0563508979135449,0.688,3.939476488460408,D43740,False,-0.0427509293680298,True,base_exit_guard
tp15%_D+S_next_close,D+S,next_close,334,2021,D,515210,钢铁ETF,2021-05-19,2021-05-20,2021-06-24,2021-06-24,1.545,0.0032467532467532,0.0032467532467532,original,24,priority_DCS_raw_noskip,conservative_tp_center15_profit_first,66.02215513837788,0.6262986487058527,0.417877085602607,0.4519274376417233,0.0340926506443748,-0.0545876887340301,0.2631578947368421,0.0,-0.0851848690307789,38,0.2264189362371802,1.0,,130,0.0996471657099896,0.7,6.319543176618037,39,0.2221634736907821,1.0,,249,0.0578976064210464,0.6907630522088354,4.011376402580878,D43740,False,0.0032467532467532,True,base_exit_guard
tp15%_D+S_next_close,D+S,next_close,335,2021,D,515210,钢铁ETF,2021-05-20,2021-05-21,2021-06-24,2021-06-24,1.545,-0.017175572519084,-0.017175572519084,original,23,priority_DCS_raw_noskip,conservative_tp_center15_profit_first,66.09085949758946,0.5603237426487565,0.3533507026238817,0.3702191987906273,0.0145299145299144,-0.0711864406779662,0.15,0.0,-0.0621545583171807,39,0.2287281005859738,1.0,,131,0.1013023502911357,0.7022900763358778,6.449502454905259,40,0.2245212954945158,1.0,,250,0.0589319213787227,0.692,4.077483234023137,D43740,False,-0.017175572519084,True,base_exit_guard
tp15%_D+S_next_close,D+S,next_close,336,2021,D,515210,钢铁ETF,2021-05-21,2021-05-24,2021-06-24,2021-06-24,1.545,-0.0012928248222365,-0.0012928248222365,original,22,priority_DCS_raw_noskip,conservative_tp_center15_profit_first,62.11396849123948,0.5361227580148057,0.343474425502608,0.4263038548752834,0.0078212032264773,-0.0461538461538461,0.25,0.0,-0.0626346394484382,40,0.229234553383571,1.0,,132,0.1024211674290048,0.7045454545454546,6.551747279531101,41,0.2251180007870852,1.0,,250,0.0598554524355787,0.692,4.125710939434422,D43740,False,-0.0012928248222365,True,base_exit_guard
tp15%_D+S_next_close,D+S,next_close,337,2021,D,515210,钢铁ETF,2021-05-24,2021-05-25,2021-06-24,2021-06-24,1.545,-0.0077071290944122,-0.0077071290944122,original,21,priority_DCS_raw_noskip,conservative_tp_center15_profit_first,61.97153694946337,0.6065270091220876,0.2842900844111368,0.3219576719576719,0.0179717544698995,-0.0294117647058823,0.15,0.0,-0.0539429124334783,41,0.2298285524899818,1.0,,133,0.1035577640404139,0.706766917293233,6.655882015196112,42,0.2257958702146882,1.0,,250,0.0606345123849173,0.692,4.166394220690105,D43740,False,-0.0077071290944122,True,base_exit_guard
tp15%_D+S_next_close,D+S,next_close,338,2021,D,515210,钢铁ETF,2021-05-25,2021-05-26,2021-06-24,2021-06-24,1.545,-0.0051513200257565,-0.0051513200257565,original,20,priority_DCS_raw_noskip,conservative_tp_center15_profit_first,57.5244282300734,0.6949597065719951,0.2612050925125425,0.3335978835978836,0.0402451570186742,0.0008375209380235,0.1,0.0,-0.0357485333095088,42,0.2302033883501046,1.0,,134,0.1046175692238073,0.7089552238805971,6.756724671972556,43,0.2262557722705126,1.0,,250,0.0613812981406432,0.692,4.20539211162742,D43740,False,-0.0051513200257565,True,base_exit_guard
tp15%_D+S_next_close,D+S,next_close,339,2021,D,515210,钢铁ETF,2021-05-26,2021-05-27,2021-06-24,2021-06-24,1.545,-0.012779552715655,-0.012779552715655,original,19,priority_DCS_raw_noskip,conservative_tp_center15_profit_first,63.12607032479746,0.6707645310011245,0.2815602127520769,0.4267195767195767,0.0313696538249925,-0.0077821011673151,0.1,0.0,-0.0442255318104864,43,0.230771527230181,1.0,,135,0.1057287973050635,0.7111111111111111,6.861288466877154,44,0.226900717450578,1.0,,250,0.0621322381843708,0.692,4.244606943593894,D43740,False,-0.012779552715655,True,base_exit_guard
tp15%_D+S_next_close,D+S,next_close,340,2021,D,515210,钢铁ETF,2021-05-27,2021-05-28,2021-06-24,2021-06-24,1.545,-0.0083440308087292,-0.0083440308087292,original,18,priority_DCS_raw_noskip,conservative_tp_center15_profit_first,57.06437689377423,0.7329334123909891,0.25727709060624,0.3153817082388511,0.0489118669056271,0.0245901639344261,0.05,0.0,-0.0335969395469804,44,0.2306569486802664,1.0,,136,0.1066111596118935,0.7132352941176471,6.953983284372656,45,0.2268747030857638,1.0,,250,0.0628903308822996,0.692,4.284195294238672,D43740,False,-0.0083440308087292,True,base_exit_guard
tp15%_D+S_next_close,D+S,next_close,341,2021,D,515210,钢铁ETF,2021-05-28,2021-05-31,2021-06-24,2021-06-24,1.545,-0.0089801154586273,-0.0089801154586273,original,17,priority_DCS_raw_noskip,conservative_tp_center15_profit_first,61.721723775519706,0.7079479071576875,0.2689182547734976,0.376832955404384,0.0465324023821398,0.0038119440914867,0.05,0.0,-0.0358840962674826,44,0.2306569486802664,1.0,,137,0.1055323195318788,0.708029197080292,6.8383171183258495,45,0.2268747030857638,1.0,,251,0.0624756684829673,0.6892430278884463,4.2476488806986445,D43740,False,-0.0089801154586273,True,base_exit_guard
tp15%_D+S_next_close,D+S,next_close,342,2021,D,515210,钢铁ETF,2021-05-31,2021-06-01,2021-06-24,2021-06-24,1.545,-0.0146683673469388,-0.0146683673469388,original,16,priority_DCS_raw_noskip,conservative_tp_center15_profit_first,58.90170268537165,0.7386138744338776,0.2359639179391637,0.3545351473922902,0.0433451536643025,0.0387096774193549,0.05,0.0,-0.0186956464608194,45,0.2314114695898247,1.0,,138,0.1066850591701289,0.7101449275362319,6.945170561730642,46,0.2276950440971687,1.0,,252,0.0632777903922031,0.6904761904761905,4.30245023968443,D43740,False,-0.0146683673469388,True,base_exit_guard
tp15%_D+S_next_close,D+S,next_close,343,2021,D,515210,钢铁ETF,2021-06-01,2021-06-02,2021-06-24,2021-06-24,1.545,0.005859375,0.005859375,original,15,priority_DCS_raw_noskip,conservative_tp_center15_profit_first,58.8631818759956,0.7353466040004065,0.1922896893270141,0.3601284958427815,0.053683011420528,0.0203356114362949,0.05,0.0,-0.0123050729758046,46,0.2318199263629757,1.0,,139,0.1077175442203781,0.7122302158273381,7.046205078902424,47,0.2281738831835007,1.0,,253,0.0640166152568773,0.691699604743083,4.354267276824836,D43740,False,0.005859375,True,base_exit_guard
tp15%_D+S_next_close,D+S,next_close,344,2021,D,515210,钢铁ETF,2021-06-02,2021-06-03,2021-06-24,2021-06-24,1.545,-0.0240050536955148,-0.0240050536955148,original,14,priority_DCS_raw_noskip,conservative_tp_center15_profit_first,68.73128981647228,0.7121102456634746,0.1930611214953142,0.43291761148904,0.0407239819004523,0.0330137890312944,0.1,0.0,-0.0219960028738497,47,0.2323645620302856,1.0,,140,0.1087868317811364,0.7142857142857143,7.150154053300315,48,0.2287831315073141,1.0,,254,0.0647780372547894,0.6929133858267716,4.407579036190446,D43740,False,-0.0240050536955148,True,base_exit_guard
tp15%_D+S_next_close,D+S,next_close,345,2021,D,515210,钢铁ETF,2021-06-03,2021-06-04,2021-06-24,2021-06-24,1.545,-0.0057915057915058,-0.0057915057915058,original,13,priority_DCS_raw_noskip,conservative_tp_center15_profit_first,62.93118711168409,0.7154244043837278,0.2043402186580768,0.477891156462585,0.0374238468233245,0.0251864646306037,0.15,0.0,-0.0270218216232906,48,0.2318673262851294,1.0,,141,0.10949399784129,0.7163120567375887,7.234348210364208,49,0.2283691338492625,1.0,,255,0.0653416419959972,0.6941176470588235,4.450759247129321,D43740,False,-0.0057915057915058,True,base_exit_guard
tp15%_D+S_next_close,D+S,next_close,346,2021,D,515210,钢铁ETF,2021-06-09,2021-06-10,2021-06-24,2021-06-24,1.545,-0.0233881163084703,-0.0233881163084703,original,9,priority_DCS_raw_noskip,conservative_tp_center15_profit_first,54.99034031953165,0.748653908922632,0.1777920118301298,0.3371882086167801,0.0374999999999998,0.0593359438733887,0.05,0.05,-0.0112574673121757,49,0.2319172369075382,1.0,,145,0.1090862754809001,0.7172413793103448,7.3230245860524015,50,0.2284880101079405,1.0,,259,0.0657952701084475,0.694980694980695,4.510907138936733,D43740,False,-0.0233881163084703,True,base_exit_guard
tp15%_D+S_next_close,D+S,next_close,347,2021,D,515210,钢铁ETF,2021-06-15,2021-06-16,2021-06-28,2021-06-28,1.568,0.0281967213114755,0.0281967213114755,original,8,priority_DCS_raw_noskip,conservative_tp_center15_profit_first,67.06988258293651,0.6940644834197306,0.1590342560571394,0.4756235827664399,0.0148148148148146,0.064250909334575,0.05,0.0,-0.021373612800325,49,0.2319172369075382,1.0,,148,0.1089578106633648,0.722972972972973,7.4462454504521585,50,0.2284880101079405,1.0,,262,0.0662184007310511,0.6984732824427481,4.574414256460311,D43740,False,0.0281967213114755,True,base_exit_guard
tp15%_D+S_next_close,D+S,next_close,348,2021,D,515210,钢铁ETF,2021-06-16,2021-06-17,2021-06-29,2021-06-29,1.543,0.0225314777998675,0.0225314777998675,original,8,priority_DCS_raw_noskip,conservative_tp_center15_profit_first,70.39168680654936,0.6206990498146937,0.2092484567917315,0.5389266817838246,0.0059523809523811,0.0408535124450711,0.1,0.0,-0.047897929303493,49,0.2319172369075382,1.0,,149,0.1090130228591887,0.7248322147651006,7.493089740162171,50,0.2284880101079405,1.0,,263,0.0664121879063746,0.6996197718631179,4.598557455150029,D43740,False,0.0225314777998675,True,base_exit_guard
tp15%_D+S_next_close,D+S,next_close,349,2021,D,515210,钢铁ETF,2021-06-17,2021-06-18,2021-07-01,2021-07-01,1.547,0.0279069767441859,0.0279069767441859,original,9,priority_DCS_raw_noskip,conservative_tp_center15_profit_first,63.11149437646203,0.6054418552584115,0.1879067104870738,0.412358276643991,0.0111744084136722,0.0314172308231308,0.1,0.0,-0.0405727923627684,49,0.2319172369075382,1.0,,150,0.1080838309101528,0.72,7.403224453909295,50,0.2284880101079405,1.0,,264,0.0660456047343951,0.696969696969697,4.569966922121923,D43740,False,0.0279069767441859,True,base_exit_guard
tp15%_D+S_next_close,D+S,next_close,350,2021,D,515210,钢铁ETF,2021-06-18,2021-06-21,2021-07-01,2021-07-01,1.547,0.002592352559948,0.002592352559948,original,8,priority_DCS_raw_noskip,conservative_tp_center15_profit_first,58.82732215243333,0.6618845604772291,0.1711096371033669,0.4178004535147393,0.0098455695692469,0.0582623837296776,0.1,0.0,-0.0322195704057278,49,0.2319172369075382,1.0,,151,0.1081965181332221,0.7218543046357616,7.452633067041849,50,0.2284880101079405,1.0,,265,0.066268450005562,0.6981132075471698,4.595580619304754,D43740,False,0.002592352559948,True,base_exit_guard
tp15%_D+S_next_close,D+S,next_close,351,2021,D,515210,钢铁ETF,2021-06-21,2021-06-22,2021-07-22,2021-07-22,1.8,0.1764705882352941,0.1764705882352941,take_profit_15%,22,priority_DCS_raw_noskip,conservative_tp_center15_profit_first,56.096445524526416,0.6601547896294176,0.2073640468440547,0.3991685563114134,0.0207410445720536,0.0508137741990748,0.05,0.05,-0.0394904458598726,49,0.2319172369075382,1.0,,152,0.1074894184094166,0.7236842105263158,7.452916391432464,50,0.2284880101079405,1.0,,266,0.0660220173367997,0.6992481203007519,4.595727496229356,D43740,False,0.1764705882352941,True,base_exit_guard
tp15%_D+S_next_close,D+S,next_close,352,2021,D,515210,钢铁ETF,2021-06-22,2021-06-23,2021-07-22,2021-07-22,1.8,0.1680726800778715,0.1680726800778715,take_profit_15%,21,priority_DCS_raw_noskip,conservative_tp_center15_profit_first,57.11101527897768,0.7207231177298478,0.1810594591318381,0.3628873771730914,0.0199802371541503,0.0836052080116322,0.05,0.0,-0.0199809705042816,49,0.2319172369075382,1.0,,153,0.1067124954076983,0.7189542483660131,7.419569136847734,50,0.2284880101079405,1.0,,267,0.0657321228866488,0.6966292134831461,4.585044463528694,D43740,False,0.1680726800778715,True,base_exit_guard
tp15%_D+S_next_close,D+S,next_close,353,2021,D,515210,钢铁ETF,2021-06-23,2021-06-24,2021-07-22,2021-07-22,1.8,0.1650485436893205,0.1650485436893205,take_profit_15%,20,priority_DCS_raw_noskip,conservative_tp_center15_profit_first,48.6891246836899,0.7452174880606645,0.2232209549679237,0.2494708994708995,0.0071321098053995,0.1333714172172272,0.05,0.0,-0.0205902539464654,49,0.2319172369075382,1.0,,154,0.1058754571204263,0.7142857142857143,7.355390626300564,50,0.2284880101079405,1.0,,268,0.0654040500369517,0.6940298507462687,4.564354026367631,D43740,False,0.1650485436893205,True,base_exit_guard
tp15%_D+S_next_close,D+S,next_close,354,2021,D,515210,钢铁ETF,2021-06-24,2021-06-25,2021-07-22,2021-07-22,1.8,0.1370814908401769,0.1370814908401769,original,19,priority_DCS_raw_noskip,conservative_tp_center15_profit_first,51.15836147343193,0.6822669033958414,0.2465818742700934,0.29421768707483,0.0024368713154425,0.1198471064483069,0.0952380952380952,0.0,-0.0286094477711243,49,0.2319172369075382,1.0,,155,0.1061638780218185,0.7161290322580646,7.414084872903696,50,0.2284880101079405,1.0,,269,0.0657206918466143,0.6951672862453532,4.594974415099899,D43740,False,0.1370814908401769,True,base_exit_guard
tp15%_D+S_next_close,D+S,next_close,355,2021,D,515210,钢铁ETF,2021-06-25,2021-06-28,2021-07-22,2021-07-22,1.8,0.1479591836734692,0.1479591836734692,original,18,priority_DCS_raw_noskip,conservative_tp_center15_profit_first,48.90768525605161,0.7300789557706624,0.2452335768925349,0.2743386243386243,0.0133949960813219,0.1097921904932949,0.0952380952380952,0.0,-0.0183566433566433,72,0.1528048996016377,0.75,23.25625058488862,238,0.0881481091516937,0.726890756302521,7.68281555086204,73,0.1515398447704872,0.7534246575342466,23.378549018568847,352,0.0630758948621037,0.7073863636363636,5.043154344969531,D43740,False,0.1479591836734692,True,base_exit_guard
tp15%_D+S_next_close,D+S,next_close,356,2021,D,515210,钢铁ETF,2021-06-28,2021-06-29,2021-07-22,2021-07-22,1.8,0.1665586519766688,0.1665586519766688,take_profit_15%,17,priority_DCS_raw_noskip,conservative_tp_center15_profit_first,52.31630444812853,0.7407635184574041,0.2456869408189384,0.2585034013605442,0.0183985924983156,0.1107840610340739,0.0952380952380952,0.0,-0.0199600798403192,73,0.1509673190408141,0.7534246575342466,23.294001650018448,239,0.0878573702793499,0.7280334728033473,7.688760066859708,74,0.1497441917149606,0.7567567567567568,23.416300083698683,353,0.0629500750994958,0.7082152974504249,5.046552641091831,D43740,False,0.1665586519766688,True,base_exit_guard
tp15%_D+S_next_close,D+S,next_close,357,2021,D,515210,钢铁ETF,2021-06-29,2021-06-30,2021-07-22,2021-07-22,1.8,0.1627906976744186,0.1627906976744186,take_profit_15%,16,priority_DCS_raw_noskip,conservative_tp_center15_profit_first,59.12257103574662,0.6581287961818741,0.233034510592314,0.3488284202569917,-0.002995595672585,0.0800556619130501,0.0952380952380952,0.0,-0.0329444063143445,74,0.1493082569093366,0.7567567567567568,23.351041823542605,240,0.0876087842419837,0.7291666666666666,7.697741965061996,75,0.1481235587762475,0.76,23.47334025722284,354,0.0628519017837104,0.7090395480225988,5.0516873147715255,D43740,False,0.1627906976744186,True,base_exit_guard
tp15%_D+S_next_close,D+S,next_close,358,2021,D,515210,钢铁ETF,2021-06-30,2021-07-01,2021-07-22,2021-07-22,1.8,0.1635423400129283,0.1635423400129283,take_profit_15%,15,priority_DCS_raw_noskip,conservative_tp_center15_profit_first,52.03941977110193,0.7001681445459927,0.2151304914936277,0.287641723356009,0.0067861397166509,0.1090601656820466,0.0952380952380952,0.0,-0.0219629375428963,75,0.1476178998545437,0.76,23.396621569828103,241,0.0873387539247965,0.7302904564315352,7.704919233571689,76,0.1464710313949793,0.7631578947368421,23.51892000350833,355,0.062738323124601,0.7098591549295775,5.0557903374153845,D43740,False,0.1635423400129283,True,base_exit_guard
tp15%_D+S_next_close,D+S,next_close,359,2021,D,515210,钢铁ETF,2021-07-01,2021-07-02,2021-07-22,2021-07-22,1.8,0.1627906976744186,0.1627906976744186,take_profit_15%,14,priority_DCS_raw_noskip,conservative_tp_center15_profit_first,57.11656813046377,0.6689099246224233,0.2296134370303297,0.3989040060468632,0.0068849974543861,0.0876837822485833,0.0952380952380952,0.0,-0.0267201692173697,75,0.1476178998545437,0.76,23.396621569828103,241,0.0873387539247965,0.7302904564315352,7.704919233571689,76,0.1464710313949793,0.7631578947368421,23.51892000350833,355,0.062738323124601,0.7098591549295775,5.0557903374153845,D43740,False,0.1627906976744186,True,base_exit_guard
tp15%_D+S_next_close,D+S,next_close,360,2021,D,515210,钢铁ETF,2021-07-02,2021-07-05,2021-07-22,2021-07-22,1.8,0.1583011583011582,0.1583011583011582,take_profit_15%,13,priority_DCS_raw_noskip,conservative_tp_center15_profit_first,62.40982124040677,0.5603117716885629,0.2263923925545441,0.5333333333333334,-0.0121609598535204,0.0621227320896862,0.1904761904761904,0.0,-0.0453479006898483,77,0.1441797638752585,0.7662337662337663,23.458319772844707,243,0.0867454280871609,0.7325102880658436,7.714634613882103,78,0.1431063809656738,0.7692307692307693,23.58061820652493,357,0.0624722802199929,0.711484593837535,5.061344320153176,D43740,False,0.1583011583011582,True,base_exit_guard
tp15%_D+S_next_close,D+S,next_close,361,2021,D,515210,钢铁ETF,2021-07-05,2021-07-06,2021-07-22,2021-07-22,1.8,0.1665586519766688,0.1665586519766688,take_profit_15%,12,priority_DCS_raw_noskip,conservative_tp_center15_profit_first,58.869493634722005,0.5597935536802964,0.2323130491462017,0.466477702191988,-0.0007042253521126,0.0616965679869986,0.1818181818181818,0.0454545454545454,-0.0380940070875269,77,0.1441797638752585,0.7662337662337663,23.458319772844707,243,0.0867454280871609,0.7325102880658436,7.714634613882103,78,0.1431063809656738,0.7692307692307693,23.58061820652493,357,0.0624722802199929,0.711484593837535,5.061344320153176,D43740,False,0.1665586519766688,True,base_exit_guard
tp15%_D+S_next_close,D+S,next_close,362,2021,D,515210,钢铁ETF,2021-07-06,2021-07-07,2021-07-22,2021-07-22,1.8,0.1327879169288861,0.1327879169288861,original,11,priority_DCS_raw_noskip,conservative_tp_center15_profit_first,57.34732784044073,0.5452694024835165,0.2459050651004487,0.3839758125472411,-0.0001946317531921,0.0449978753111151,0.1818181818181818,0.0454545454545454,-0.0421424567290261,77,0.1441797638752585,0.7662337662337663,23.458319772844707,243,0.0867454280871609,0.7325102880658436,7.714634613882103,78,0.1431063809656738,0.7692307692307693,23.58061820652493,357,0.0624722802199929,0.711484593837535,5.061344320153176,D43740,False,0.1327879169288861,True,base_exit_guard
tp15%_D+S_next_close,D+S,next_close,363,2021,D,515210,钢铁ETF,2021-07-07,2021-07-08,2021-07-22,2021-07-22,1.8,0.1479591836734692,0.1479591836734692,original,10,priority_DCS_raw_noskip,conservative_tp_center15_profit_first,53.01668201818083,0.6116262520501671,0.2181336248141673,0.3521919879062736,0.0087614116431781,0.047412429933041,0.1363636363636363,0.0,-0.0348004517161056,77,0.1441797638752585,0.7662337662337663,23.458319772844707,243,0.0867454280871609,0.7325102880658436,7.714634613882103,78,0.1431063809656738,0.7692307692307693,23.58061820652493,357,0.0624722802199929,0.711484593837535,5.061344320153176,D43740,False,0.1479591836734692,True,base_exit_guard
tp15%_D+S_next_close,D+S,next_close,364,2021,D,515210,钢铁ETF,2021-07-08,2021-07-09,2021-07-22,2021-07-22,1.8,0.1145510835913312,0.1145510835913312,original,9,priority_DCS_raw_noskip,conservative_tp_center15_profit_first,59.464771934314925,0.5617337709834144,0.2444297698717042,0.3935752078609221,0.0013740940513465,0.0590603687746773,0.1363636363636363,0.0454545454545454,-0.0371660603388087,77,0.1441797638752585,0.7662337662337663,23.458319772844707,243,0.0867454280871609,0.7325102880658436,7.714634613882103,78,0.1431063809656738,0.7692307692307693,23.58061820652493,357,0.0624722802199929,0.711484593837535,5.061344320153176,D43740,False,0.1145510835913312,True,base_exit_guard
tp15%_D+S_next_close,D+S,next_close,365,2021,D,515210,钢铁ETF,2021-07-09,2021-07-12,2021-07-22,2021-07-22,1.8,0.1036174126302882,0.1036174126302882,original,8,priority_DCS_raw_noskip,conservative_tp_center15_profit_first,52.33630475715172,0.5714506249448786,0.2888124683811547,0.3525321239606954,-0.0126040165647596,0.0866255076819215,0.1363636363636363,0.0909090909090909,-0.0429945416876154,77,0.1441797638752585,0.7662337662337663,23.458319772844707,243,0.0867454280871609,0.7325102880658436,7.714634613882103,78,0.1431063809656738,0.7692307692307693,23.58061820652493,357,0.0624722802199929,0.711484593837535,5.061344320153176,D43740,False,0.1036174126302882,True,base_exit_guard
tp15%_D+S_next_close,D+S,next_close,366,2021,D,159870,化工ETF,2021-07-12,2021-07-13,2021-07-23,2021-07-23,1.08,0.0055865921787709,0.0055865921787709,original,8,priority_DCS_raw_noskip,conservative_tp_center15_profit_first,52.30990222175826,0.6752471853993227,0.2778378339633904,0.3448979591836734,0.017071923069125,0.1032576321667907,0.0909090909090909,0.0454545454545454,-0.0346654735616589,0,,,,243,0.0867454280871609,0.7325102880658436,7.714634613882103,0,,,,357,0.0624722802199929,0.711484593837535,5.061344320153176,D43740,False,0.0055865921787709,True,base_exit_guard
tp15%_D+S_next_close,D+S,next_close,367,2021,D,159870,化工ETF,2021-07-13,2021-07-14,2021-11-26,2021-11-26,1.019,-0.038679245283019,-0.038679245283019,original,90,priority_DCS_raw_noskip,conservative_tp_center15_profit_first,50.85066876992343,0.7268715349178425,0.2628917806698694,0.3186696900982615,0.0349351944167497,0.1076180271404154,0.0909090909090909,0.0,-0.0343790004706533,0,,,,243,0.0867454280871609,0.7325102880658436,7.714634613882103,0,,,,357,0.0624722802199929,0.711484593837535,5.061344320153176,D43740,False,-0.038679245283019,True,base_exit_guard
tp15%_D+S_next_close,D+S,next_close,368,2021,D,515210,钢铁ETF,2021-07-14,2021-07-15,2021-11-29,2021-08-27,2.029,-0.0070011668611434,0.1837806301050175,take_profit_15%,31,priority_DCS_raw_noskip,conservative_tp_center15_profit_first,60.49391648186007,0.6935525434302647,0.2371354724020429,0.4765306122448979,0.0298202218126555,0.0949114699114699,0.0909090909090909,0.0,-0.038208888553345,77,0.1441797638752585,0.7662337662337663,23.458319772844707,243,0.0867454280871609,0.7325102880658436,7.714634613882103,78,0.1431063809656738,0.7692307692307693,23.58061820652493,357,0.0624722802199929,0.711484593837535,5.061344320153176,D43740,False,0.1837806301050175,True,base_exit_guard
tp15%_D+S_next_close,D+S,next_close,369,2021,D,159870,化工ETF,2021-07-15,2021-07-16,2021-11-30,2021-11-30,1.024,-0.0429906542056075,-0.0429906542056075,original,90,priority_DCS_raw_noskip,conservative_tp_center15_profit_first,47.44321085241609,0.7054490118940607,0.2642127901439808,0.3405895691609978,0.0234053253029257,0.086540682843456,0.0909090909090909,0.0,-0.036257030221747,0,,,,242,0.0857331111243963,0.731404958677686,7.608965223266964,0,,,,357,0.0624722802199929,0.711484593837535,5.061344320153176,D43740,False,-0.0429906542056075,True,base_exit_guard
tp15%_D+S_next_close,D+S,next_close,370,2021,D,159870,化工ETF,2021-07-16,2021-07-19,2021-12-01,2021-12-01,1.024,-0.0293838862559241,-0.0293838862559241,original,90,priority_DCS_raw_noskip,conservative_tp_center15_profit_first,56.121484743060094,0.6591534176834498,0.2776220981506406,0.378042328042328,0.0242428720408359,0.0834726020975915,0.0909090909090909,0.0,-0.0428032632729306,0,,,,241,0.0855032838040531,0.7302904564315352,7.564011808606421,0,,,,357,0.0624722802199929,0.711484593837535,5.061344320153176,D43740,False,-0.0293838862559241,True,base_exit_guard
tp15%_D+S_next_close,D+S,next_close,371,2021,D,159870,化工ETF,2021-07-19,2021-07-20,2021-12-02,2021-09-14,1.201,-0.023877745940783,0.1470869149952245,take_profit_15%,40,priority_DCS_raw_noskip,conservative_tp_center15_profit_first,64.1152132003404,0.6703539476060706,0.2222069497856713,0.4527966742252456,0.0165835297348008,0.0783789967488415,0.0909090909090909,0.0,-0.0412720055918527,0,,,,240,0.0852715412560404,0.7291666666666666,7.519058393945877,0,,,,357,0.0624722802199929,0.711484593837535,5.061344320153176,D43740,False,0.1470869149952245,True,base_exit_guard
tp15%_D+S_next_close,D+S,next_close,372,2021,D,159870,化工ETF,2021-07-20,2021-07-21,2021-12-03,2021-12-03,1.022,-0.0466417910447761,-0.0466417910447761,original,90,priority_DCS_raw_noskip,conservative_tp_center15_profit_first,61.5571796286082,0.6403415139445868,0.2142903483792537,0.4459183673469388,0.0089141545472529,0.0792360333259659,0.0909090909090909,0.0,-0.0373390330307299,0,,,,239,0.084894342102983,0.7280334728033473,7.463178712898773,0,,,,357,0.0624722802199929,0.711484593837535,5.061344320153176,D43740,False,-0.0466417910447761,True,base_exit_guard
tp15%_D+S_next_close,D+S,next_close,373,2021,D,159870,化工ETF,2021-07-21,2021-07-22,2021-12-06,2021-12-06,1.018,-0.0660550458715596,-0.0660550458715596,original,90,priority_DCS_raw_noskip,conservative_tp_center15_profit_first,49.76498786649163,0.6851997218755607,0.2148942002413132,0.292668178382464,0.019092331768388,0.0907602239945698,0.0909090909090909,0.0,-0.0213912441154966,0,,,,238,0.0844627256932516,0.726890756302521,7.403413778958087,0,,,,357,0.0624722802199929,0.711484593837535,5.061344320153176,D43740,False,-0.0660550458715596,True,base_exit_guard
tp15%_D+S_next_close,D+S,next_close,374,2021,D,159870,化工ETF,2021-07-22,2021-07-23,2021-12-06,2021-12-06,1.018,-0.0574074074074074,-0.0574074074074074,original,89,priority_DCS_raw_noskip,conservative_tp_center15_profit_first,50.07609662684851,0.6615174328377427,0.2021338681013341,0.2950113378684807,0.0196917808219179,0.0980246784724635,0.0909090909090909,0.0,-0.0151182458094901,0,,,,237,0.0839800442393966,0.7257383966244726,7.3400686701022035,0,,,,357,0.0624722802199929,0.711484593837535,5.061344320153176,D43740,False,-0.0574074074074074,True,base_exit_guard
tp15%_D+S_next_close,D+S,next_close,375,2021,D,159996,家电ETF,2021-07-23,2021-07-26,2021-12-06,2021-12-06,1.225,-0.0540540540540539,-0.0540540540540539,original,88,priority_DCS_raw_noskip,conservative_tp_center15_profit_first,60.48348626180624,0.6118814982233522,0.2320386358730063,0.376530612244898,0.0017021276595745,0.0921224630202957,0.1304347826086956,0.0,-0.0251509730000477,39,0.0838996259830189,0.8205128205128205,25.39711015025286,251,0.0875802939098184,0.7410358565737052,8.002443873151906,45,0.0848531978705541,0.8444444444444444,29.47045993893634,372,0.0660663825792845,0.7231182795698925,5.475460251643449,D43740,False,-0.0540540540540539,True,base_exit_guard
tp15%_D+S_next_close,D+S,next_close,376,2021,D,515170,食品饮料ETF,2021-07-26,2021-07-27,2021-12-06,2021-12-06,0.879,0.0946450809464507,0.0946450809464507,original,87,priority_DCS_raw_noskip,conservative_tp_center15_profit_first,74.67963737815296,0.52938071742772,0.3220274515843629,0.6019652305366592,-0.0226320201173513,0.0693890109384525,0.1739130434782608,0.2608695652173913,-0.047742902889674,0,,,,251,0.0869156437069313,0.7410358565737052,7.949302058558446,0,,,,373,0.0659042383690955,0.7238605898123325,5.476477580130071,D43740,False,0.0946450809464507,True,base_exit_guard
tp15%_D+S_next_close,D+S,next_close,377,2021,D,159996,家电ETF,2021-07-27,2021-07-28,2021-12-06,2021-12-06,1.225,-0.0176423416198877,-0.0176423416198877,original,86,priority_DCS_raw_noskip,conservative_tp_center15_profit_first,81.87425712593452,0.4981918569081271,0.3421433010139824,0.7109599395313682,-0.0136147038801905,0.0474468354030397,0.1739130434782608,0.3043478260869565,-0.066961855128026,39,0.0838996259830189,0.8205128205128205,25.39711015025286,250,0.0864831774869108,0.74,7.887175709340428,45,0.0848531978705541,0.8444444444444444,29.47045993893634,373,0.0659042383690955,0.7238605898123325,5.476477580130071,D43740,False,-0.0176423416198877,True,base_exit_guard
tp15%_D+S_next_close,D+S,next_close,378,2021,D,159870,化工ETF,2021-07-28,2021-07-29,2021-12-06,2021-12-06,1.018,-0.0359848484848485,-0.0359848484848485,original,85,priority_DCS_raw_noskip,conservative_tp_center15_profit_first,81.3077128999748,0.3862837229094777,0.336684206275055,0.7131141345427059,-0.0368162692847124,0.0224267881959659,0.2608695652173913,0.2608695652173913,-0.0795394391885619,1,0.0055865921787709,1.0,,249,0.0863468896528521,0.7389558232931727,7.848817000044774,1,0.0055865921787709,1.0,,373,0.0659042383690955,0.7238605898123325,5.476477580130071,D43740,False,-0.0359848484848485,True,base_exit_guard
tp15%_D+S_next_close,D+S,next_close,379,2021,D,515170,食品饮料ETF,2021-07-29,2021-07-30,2021-12-06,2021-12-06,0.879,0.1386010362694301,0.1386010362694301,original,84,priority_DCS_raw_noskip,conservative_tp_center15_profit_first,70.00784904802762,0.4710835297598179,0.291091796832832,0.5639077853363568,-0.0210597826086955,0.049738219895288,0.217391304347826,0.3043478260869565,-0.0497140999368486,0,,,,248,0.085687903797215,0.7379032258064516,7.769252534785168,0,,,,373,0.0659042383690955,0.7238605898123325,5.476477580130071,D43740,False,0.1386010362694301,True,base_exit_guard
tp15%_D+S_next_close,D+S,next_close,380,2021,D,515170,食品饮料ETF,2021-07-30,2021-08-02,2021-12-06,2021-12-06,0.879,0.0892193308550184,0.0892193308550184,original,83,priority_DCS_raw_noskip,conservative_tp_center15_profit_first,71.42615502444832,0.5520074375773634,0.2900894432442926,0.5332955404383976,0.0090466249130132,0.0548302872062662,0.2608695652173913,0.2608695652173913,-0.0440691600570131,0,,,,247,0.0857022929424344,0.7368421052631579,7.743089305130101,0,,,,373,0.0659042383690955,0.7238605898123325,5.476477580130071,D43740,False,0.0892193308550184,True,base_exit_guard
tp15%_D+S_next_close,D+S,next_close,381,2021,D,159996,家电ETF,2021-08-02,2021-08-03,2021-12-06,2021-12-06,1.225,-0.0796393688955671,-0.0796393688955671,original,82,priority_DCS_raw_noskip,conservative_tp_center15_profit_first,64.15820754656619,0.5919434558732286,0.3091760210225355,0.4741874527588812,0.0185886474705284,0.0615690168818272,0.1739130434782608,0.1304347826086956,-0.0456176806770949,37,0.0744545047171304,0.8108108108108109,21.54028466934089,246,0.0849633048773505,0.7357723577235772,7.657880884072913,45,0.0848531978705541,0.8444444444444444,29.47045993893634,373,0.0659042383690955,0.7238605898123325,5.476477580130071,D43740,False,-0.0796393688955671,True,base_exit_guard
tp15%_D+S_next_close,D+S,next_close,382,2021,D,515210,钢铁ETF,2021-08-03,2021-08-04,2021-12-06,2021-08-27,2.029,-0.0155350978135787,0.1674338319907939,take_profit_15%,17,priority_DCS_raw_noskip,conservative_tp_center15_profit_first,72.483075895088,0.6060765640956615,0.3744647443637554,0.5673091458805746,0.0210569836560537,0.0721442885771543,0.1304347826086956,0.1304347826086956,-0.0637653092763589,82,0.1435010252773703,0.7804878048780488,24.804062535080185,245,0.0840966355205344,0.7346938775510204,7.563178594730763,93,0.1444772902825691,0.8064516129032258,28.180958182312875,373,0.0659042383690955,0.7238605898123325,5.476477580130071,D43740,False,0.1674338319907939,True,base_exit_guard
tp15%_D+S_next_close,D+S,next_close,383,2021,D,159883,医疗器械ETF,2021-08-04,2021-08-05,2021-12-06,2021-12-06,0.793,-0.1652631578947367,-0.1652631578947367,original,80,priority_DCS_raw_noskip,conservative_tp_center15_profit_first,63.02643784786642,0.6372080490301649,0.3771925306400532,0.4173469387755101,0.0286957270847691,0.058242843040474,0.1304347826086956,0.1304347826086956,-0.0446260213702074,0,,,,244,0.0839272738815986,0.7336065573770492,7.523226519344837,0,,,,373,0.0659042383690955,0.7238605898123325,5.476477580130071,D43740,False,-0.1652631578947367,True,base_exit_guard
tp15%_D+S_next_close,D+S,next_close,384,2021,D,512980,传媒ETF,2021-08-05,2021-08-06,2021-12-06,2021-11-16,0.791,0.1101055806938158,0.1930618401206636,take_profit_15%,65,priority_DCS_raw_noskip,conservative_tp_center15_profit_first,65.4870559334845,0.6088853846094929,0.3039866998554724,0.4654950869236583,0.0215373098443784,0.0425742574257426,0.1304347826086956,0.0869565217391304,-0.0435865504358655,2,-0.0755339223898185,0.0,,243,0.0848994385995658,0.7366255144032922,7.906843219697106,6,-0.0021555970437215,0.3333333333333333,0.9489114184763368,373,0.0659042383690955,0.7238605898123325,5.476477580130071,D43740,False,0.1930618401206636,True,base_exit_guard
tp15%_D+S_next_close,D+S,next_close,385,2021,D,159883,医疗器械ETF,2021-08-06,2021-08-09,2021-12-06,2021-12-06,0.793,-0.1509635974304068,-0.1509635974304068,original,78,priority_DCS_raw_noskip,conservative_tp_center15_profit_first,66.4999024586708,0.6192068248895978,0.3448480550796041,0.4370748299319727,0.0201953305594082,0.0725167580743448,0.1739130434782608,0.1304347826086956,-0.0445969125214407,0,,,,242,0.0847613484055287,0.7355371900826446,7.867232144593634,0,,,,373,0.0659042383690955,0.7238605898123325,5.476477580130071,D43740,False,-0.1509635974304068,True,base_exit_guard
tp15%_D+S_next_close,D+S,next_close,386,2021,D,515170,食品饮料ETF,2021-08-09,2021-08-10,2021-12-06,2021-12-06,0.879,0.0329024676850764,0.0329024676850764,original,77,priority_DCS_raw_noskip,conservative_tp_center15_profit_first,59.49997943586121,0.5821508123734817,0.3002806357298122,0.4292139077853363,-0.0034258578777771,0.0862385321100918,0.1739130434782608,0.1304347826086956,-0.0344827586206896,0,,,,241,0.0844700886273153,0.7344398340248963,7.815355249623955,0,,,,373,0.0659042383690955,0.7238605898123325,5.476477580130071,D43740,False,0.0329024676850764,True,base_exit_guard
tp15%_D+S_next_close,D+S,next_close,387,2021,D,159883,医疗器械ETF,2021-08-10,2021-08-11,2021-12-06,2021-12-06,0.793,-0.1463939720129171,-0.1463939720129171,original,76,priority_DCS_raw_noskip,conservative_tp_center15_profit_first,56.33621504157218,0.5913982943085331,0.2728969581523253,0.4028722600151171,-0.0008478466284993,0.0732995817741581,0.0434782608695652,0.0434782608695652,-0.0334829133586468,0,,,,240,0.0853104914566863,0.7375,8.134605415009787,0,,,,373,0.0659042383690955,0.7238605898123325,5.476477580130071,D43740,False,-0.1463939720129171,True,base_exit_guard
tp15%_D+S_next_close,D+S,next_close,388,2021,D,159883,医疗器械ETF,2021-08-11,2021-08-12,2021-12-06,2021-12-06,0.793,-0.1361655773420479,-0.1361655773420479,original,75,priority_DCS_raw_noskip,conservative_tp_center15_profit_first,63.05064247921391,0.6416924849867838,0.2981835769382012,0.4016250944822374,0.0166567957382925,0.0730955526199912,0.1739130434782608,0.1304347826086956,-0.0337490829053558,0,,,,239,0.0860336229439648,0.7405857740585774,8.390487891616612,0,,,,373,0.0659042383690955,0.7238605898123325,5.476477580130071,D43740,False,-0.1361655773420479,True,base_exit_guard
tp15%_D+S_next_close,D+S,next_close,389,2021,D,159996,家电ETF,2021-08-12,2021-08-13,2021-12-06,2021-12-06,1.225,-0.0932642487046631,-0.0932642487046631,original,74,priority_DCS_raw_noskip,conservative_tp_center15_profit_first,62.89263328614774,0.6041008249996803,0.2979040829874614,0.4160241874527588,0.0048522057810652,0.0742898761835397,0.1739130434782608,0.1304347826086956,-0.0324909747292417,36,0.0682644271454591,0.8055555555555556,19.323595924001594,238,0.0869141569536435,0.7436974789915967,8.780342901415585,45,0.0848531978705541,0.8444444444444444,29.47045993893634,373,0.0659042383690955,0.7238605898123325,5.476477580130071,D43740,False,-0.0932642487046631,True,base_exit_guard
tp15%_D+S_next_close,D+S,next_close,390,2021,D,159996,家电ETF,2021-08-13,2021-08-16,2021-12-06,2021-12-06,1.225,-0.1116751269035531,-0.1116751269035531,original,73,priority_DCS_raw_noskip,conservative_tp_center15_profit_first,59.67027747448654,0.5805377361010752,0.3216369939477587,0.4318972033257748,0.0062411733553017,0.0451511086561982,0.1739130434782608,0.1304347826086956,-0.0410102547170262,36,0.0682644271454591,0.8055555555555556,19.323595924001594,237,0.0868956329415235,0.7426160337552743,8.74600112806205,45,0.0848531978705541,0.8444444444444444,29.47045993893634,373,0.0659042383690955,0.7238605898123325,5.476477580130071,D43740,False,-0.1116751269035531,True,base_exit_guard
tp15%_D+S_next_close,D+S,next_close,391,2021,D,515170,食品饮料ETF,2021-08-16,2021-08-17,2021-12-06,2021-12-06,0.879,0.1056603773584905,0.1056603773584905,original,72,priority_DCS_raw_noskip,conservative_tp_center15_profit_first,60.02273892335149,0.6026852904311318,0.2934627466285107,0.4695389266817839,0.0141930661063519,0.0513053006002476,0.1304347826086956,0.1304347826086956,-0.0523706261869087,0,,,,236,0.0878172536749973,0.7457627118644068,9.197839461376615,0,,,,373,0.0659042383690955,0.7238605898123325,5.476477580130071,D43740,False,0.1056603773584905,True,base_exit_guard
tp15%_D+S_next_close,D+S,next_close,392,2021,D,515170,食品饮料ETF,2021-08-17,2021-08-18,2021-12-06,2021-12-06,0.879,0.1028858218318695,0.1028858218318695,original,71,priority_DCS_raw_noskip,conservative_tp_center15_profit_first,79.35592706616697,0.5207138565487924,0.3083160952719722,0.6609221466364323,0.0032183432220338,0.0205203833906106,0.1739130434782608,0.1739130434782608,-0.07072566397994,0,,,,235,0.0881067166287101,0.7446808510638298,9.190010047287323,0,,,,373,0.0659042383690955,0.7238605898123325,5.476477580130071,D43740,False,0.1028858218318695,True,base_exit_guard
tp15%_D+S_next_close,D+S,next_close,393,2021,D,515170,食品饮料ETF,2021-08-18,2021-08-19,2021-12-06,2021-12-06,0.879,0.1226053639846742,0.1226053639846742,original,70,priority_DCS_raw_noskip,conservative_tp_center15_profit_first,69.56854488565453,0.5215536133701494,0.3142161838066997,0.5715041572184429,-0.0078135198642357,0.0296471941364164,0.1739130434782608,0.1739130434782608,-0.0660279540458712,0,,,,234,0.0879722785912631,0.7435897435897436,9.1427153540504,0,,,,373,0.0659042383690955,0.7238605898123325,5.476477580130071,D43740,False,0.1226053639846742,True,base_exit_guard
tp15%_D+S_next_close,D+S,next_close,394,2021,D,159887,银行ETF,2021-08-19,2021-08-20,2021-12-06,2021-12-06,0.937,0.0053648068669527,0.0053648068669527,original,69,priority_DCS_raw_noskip,conservative_tp_center15_profit_first,77.03136810279668,0.4907064016434824,0.2839356479132287,0.5739606953892669,-0.0156429962996543,0.0150591935262791,0.1739130434782608,0.1739130434782608,-0.057202458681507,0,,,,233,0.0879260511710347,0.7424892703862661,9.103656900030677,0,,,,373,0.0659042383690955,0.7238605898123325,5.476477580130071,D43740,False,0.0053648068669527,True,base_exit_guard
tp15%_D+S_next_close,D+S,next_close,395,2021,D,159883,医疗器械ETF,2021-08-20,2021-08-23,2021-12-06,2021-12-06,0.793,-0.0593119810201659,-0.0593119810201659,original,68,priority_DCS_raw_noskip,conservative_tp_center15_profit_first,83.70559334845049,0.5078664626183806,0.3121735456241775,0.6741118669690097,-0.0076923076923076,0.0159856376262625,0.217391304347826,0.1739130434782608,-0.0625693025522622,0,,,,232,0.088947190385303,0.7456896551724138,9.67372138941844,0,,,,373,0.0659042383690955,0.7238605898123325,5.476477580130071,D43740,False,-0.0593119810201659,True,base_exit_guard
tp15%_D+S_next_close,D+S,next_close,396,2021,D,515170,食品饮料ETF,2021-08-23,2021-08-24,2021-12-06,2021-12-06,0.879,0.14453125,0.14453125,original,67,priority_DCS_raw_noskip,conservative_tp_center15_profit_first,66.06521010583197,0.5472544256652703,0.2781265434933381,0.5032501889644747,0.0082872928176795,0.0220303485578743,0.1739130434782608,0.0869565217391304,-0.0394282764055324,0,,,,231,0.0888451847359666,0.7445887445887446,9.626430412502144,0,,,,373,0.0659042383690955,0.7238605898123325,5.476477580130071,D43740,False,0.14453125,True,base_exit_guard
tp15%_D+S_next_close,D+S,next_close,397,2021,D,515170,食品饮料ETF,2021-08-24,2021-08-25,2021-12-06,2021-12-06,0.879,0.121173469387755,0.121173469387755,original,66,priority_DCS_raw_noskip,conservative_tp_center15_profit_first,59.21747410950069,0.6584842546998416,0.2709301705599478,0.3922902494331066,0.0522899386945545,0.0257249189531606,0.1739130434782608,0.0,-0.0244089223009501,0,,,,230,0.0887653695388751,0.7434782608695653,9.58137044319706,0,,,,373,0.0659042383690955,0.7238605898123325,5.476477580130071,D43740,False,0.121173469387755,True,base_exit_guard
tp15%_D+S_next_close,D+S,next_close,398,2021,D,515170,食品饮料ETF,2021-08-25,2021-08-26,2021-12-06,2021-10-14,0.874,0.1565789473684211,0.1499999999999999,take_profit_15%,28,priority_DCS_raw_noskip,conservative_tp_center15_profit_first,59.56909220267999,0.6710004783839093,0.2530745621424147,0.4116402116402116,0.0745789895749799,0.0264680657626523,0.1739130434782608,0.0,-0.0188929248970167,0,,,,229,0.0888086166171327,0.74235807860262,9.54822285983212,0,,,,373,0.0659042383690955,0.7238605898123325,5.476477580130071,D43740,False,0.1499999999999999,True,base_exit_guard
tp15%_D+S_next_close,D+S,next_close,399,2021,D,515170,食品饮料ETF,2021-08-26,2021-08-27,2021-12-06,2021-10-14,0.874,0.1565789473684211,0.1499999999999999,take_profit_15%,27,priority_DCS_raw_noskip,conservative_tp_center15_profit_first,69.42358252241615,0.6161819347675266,0.2984389161302236,0.4784202569916856,0.0359848484848486,0.0377863766033518,0.217391304347826,0.0434782608695652,-0.0326002384818423,0,,,,228,0.0898840450473832,0.7456140350877193,10.220028656314083,0,,,,373,0.0659042383690955,0.7238605898123325,5.476477580130071,D43740,False,0.1499999999999999,True,base_exit_guard
tp15%_D+S_next_close,D+S,next_close,400,2021,D,515170,食品饮料ETF,2021-08-27,2021-08-30,2021-12-06,2021-10-14,0.874,0.1565789473684211,0.1499999999999999,take_profit_15%,26,priority_DCS_raw_noskip,conservative_tp_center15_profit_first,59.77187352020604,0.6399183763753887,0.3013455916545874,0.4013605442176871,0.049618320610687,0.0399703640578344,0.217391304347826,0.0434782608695652,-0.0334249381956153,0,,,,227,0.0909464017380966,0.748898678414097,10.966362013037598,0,,,,373,0.0659042383690955,0.7238605898123325,5.476477580130071,D43740,False,0.1499999999999999,True,base_exit_guard
tp15%_D+S_next_close,D+S,next_close,401,2021,D,159996,家电ETF,2021-08-30,2021-08-31,2021-12-06,2021-12-06,1.225,-0.0105008077544426,-0.0105008077544426,original,62,priority_DCS_raw_noskip,conservative_tp_center15_profit_first,68.42714168027454,0.5901616555343902,0.2969140072288454,0.4481103552532124,0.0275229357798165,0.0268764061455778,0.217391304347826,0.0434782608695652,-0.0426920490442003,33,0.0654225579748366,0.7878787878787878,17.097380722908206,226,0.0919043844008802,0.7522123893805309,11.67396030307134,45,0.0848531978705541,0.8444444444444444,29.47045993893634,373,0.0659042383690955,0.7238605898123325,5.476477580130071,D43740,False,-0.0105008077544426,True,base_exit_guard
tp15%_D+S_next_close,D+S,next_close,402,2021,D,159996,家电ETF,2021-08-31,2021-09-01,2021-12-06,2021-12-06,1.225,-0.0339116719242901,-0.0339116719242901,original,61,priority_DCS_raw_noskip,conservative_tp_center15_profit_first,72.80214730337137,0.5743547345242269,0.2918437949808233,0.5501511715797431,0.0296846011131726,0.0076432139613338,0.2608695652173913,0.1304347826086956,-0.0352750422007993,33,0.0654225579748366,0.7878787878787878,17.097380722908206,225,0.0927434219480802,0.7555555555555555,12.28561712424027,45,0.0848531978705541,0.8444444444444444,29.47045993893634,373,0.0659042383690955,0.7238605898123325,5.476477580130071,D43740,False,-0.0339116719242901,True,base_exit_guard
tp15%_D+S_next_close,D+S,next_close,403,2021,D,159996,家电ETF,2021-09-01,2021-09-02,2021-12-06,2021-12-06,1.225,-0.0176423416198877,-0.0176423416198877,original,60,priority_DCS_raw_noskip,conservative_tp_center15_profit_first,65.99834884789708,0.6011881183543502,0.3595136098091763,0.5156840513983372,0.0292825768667641,0.0346323834639707,0.1739130434782608,0.1739130434782608,-0.0691291017893194,33,0.0654225579748366,0.7878787878787878,17.097380722908206,224,0.0936035920604091,0.7589285714285714,12.987562929713247,45,0.0848531978705541,0.8444444444444444,29.47045993893634,373,0.0659042383690955,0.7238605898123325,5.476477580130071,D43740,False,-0.0176423416198877,True,base_exit_guard
tp15%_D+S_next_close,D+S,next_close,404,2021,D,159996,家电ETF,2021-09-02,2021-09-03,2021-12-06,2021-12-06,1.225,-0.0231259968102072,-0.0231259968102072,original,59,priority_DCS_raw_noskip,conservative_tp_center15_profit_first,70.73624489654311,0.5966098964505235,0.3525888525094426,0.508087679516251,0.0239190432382705,0.0401491717096271,0.217391304347826,0.1739130434782608,-0.0453879941434847,33,0.0654225579748366,0.7878787878787878,17.097380722908206,223,0.0944185760590158,0.7623318385650224,13.676747585235828,45,0.0848531978705541,0.8444444444444444,29.47045993893634,373,0.0659042383690955,0.7238605898123325,5.476477580130071,D43740,False,-0.0231259968102072,True,base_exit_guard
tp15%_D+S_next_close,D+S,next_close,405,2021,D,159996,家电ETF,2021-09-03,2021-09-06,2021-12-06,2021-12-06,1.225,-0.0407204385277993,-0.0407204385277993,original,58,priority_DCS_raw_noskip,conservative_tp_center15_profit_first,72.39036495494774,0.6086124130266475,0.3664352065930777,0.6232426303854874,0.0219298245614034,0.0269440416995079,0.217391304347826,0.217391304347826,-0.0584652862362972,33,0.0654225579748366,0.7878787878787878,17.097380722908206,222,0.0951194182254065,0.7657657657657657,14.199686927018352,45,0.0848531978705541,0.8444444444444444,29.47045993893634,373,0.0659042383690955,0.7238605898123325,5.476477580130071,D43740,False,-0.0407204385277993,True,base_exit_guard
tp15%_D+S_next_close,D+S,next_close,406,2021,D,159996,家电ETF,2021-09-06,2021-09-07,2021-12-06,2021-12-06,1.225,-0.048174048174048,-0.048174048174048,original,57,priority_DCS_raw_noskip,conservative_tp_center15_profit_first,63.32242444361054,0.6206685962471237,0.3207277605739886,0.4821995464852607,0.0018214936247722,0.0671940332335094,0.1304347826086956,0.0434782608695652,-0.0563689604685213,33,0.0654225579748366,0.7878787878787878,17.097380722908206,221,0.0956419082499241,0.7692307692307693,14.38265003010313,45,0.0848531978705541,0.8444444444444444,29.47045993893634,373,0.0659042383690955,0.7238605898123325,5.476477580130071,D43740,False,-0.048174048174048,True,base_exit_guard
tp15%_D+S_next_close,D+S,next_close,407,2021,D,159996,家电ETF,2021-09-07,2021-09-08,2021-12-06,2021-12-06,1.225,-0.033149171270718,-0.033149171270718,original,56,priority_DCS_raw_noskip,conservative_tp_center15_profit_first,61.16384199635829,0.7053025888667568,0.3030320833785435,0.4474300831443688,0.0364058869093726,0.0881894576012224,0.1304347826086956,0.0434782608695652,-0.0336391437308868,33,0.0654225579748366,0.7878787878787878,17.097380722908206,220,0.0962664335303541,0.7727272727272727,14.773194518414275,45,0.0848531978705541,0.8444444444444444,29.47045993893634,373,0.0659042383690955,0.7238605898123325,5.476477580130071,D43740,False,-0.033149171270718,True,base_exit_guard
tp15%_D+S_next_close,D+S,next_close,408,2021,D,159996,家电ETF,2021-09-08,2021-09-09,2021-12-06,2021-12-06,1.225,-0.0246815286624203,-0.0246815286624203,original,55,priority_DCS_raw_noskip,conservative_tp_center15_profit_first,66.24542585552587,0.7193317287943158,0.3091338408721131,0.4567271352985638,0.0277777777777776,0.1086172260212411,0.1739130434782608,0.0434782608695652,-0.0373352855051245,33,0.0654225579748366,0.7878787878787878,17.097380722908206,219,0.0969955247729,0.776255707762557,15.408553850579692,45,0.0848531978705541,0.8444444444444444,29.47045993893634,373,0.0659042383690955,0.7238605898123325,5.476477580130071,D43740,False,-0.0246815286624203,True,base_exit_guard
tp15%_D+S_next_close,D+S,next_close,409,2021,D,159996,家电ETF,2021-09-09,2021-09-10,2021-12-06,2021-12-06,1.225,-0.0277777777777776,-0.0277777777777776,original,54,priority_DCS_raw_noskip,conservative_tp_center15_profit_first,64.93471420290213,0.7053894402048687,0.3102250383930153,0.4508314436885865,0.030010718113612,0.0842101719399402,0.1739130434782608,0.0869565217391304,-0.0322255790533736,33,0.0654225579748366,0.7878787878787878,17.097380722908206,218,0.0977275456847646,0.7798165137614679,16.091672693762256,45,0.0848531978705541,0.8444444444444444,29.47045993893634,373,0.0659042383690955,0.7238605898123325,5.476477580130071,D43740,False,-0.0277777777777776,True,base_exit_guard
tp15%_D+S_next_close,D+S,next_close,410,2021,D,159996,家电ETF,2021-09-13,2021-09-14,2021-12-06,2021-12-06,1.225,0.0032760032760033,0.0032760032760033,original,52,priority_DCS_raw_noskip,conservative_tp_center15_profit_first,67.79592992785594,0.7104520249252482,0.3048709992180399,0.4606198034769463,0.0492505353319057,0.0697526339899221,0.1739130434782608,0.0869565217391304,-0.0373352855051245,33,0.0654225579748366,0.7878787878787878,17.097380722908206,217,0.0983780077988783,0.783410138248848,16.602354917420385,45,0.0848531978705541,0.8444444444444444,29.47045993893634,373,0.0659042383690955,0.7238605898123325,5.476477580130071,D43740,False,0.0032760032760033,True,base_exit_guard
tp15%_D+S_next_close,D+S,next_close,411,2021,D,159887,银行ETF,2021-09-14,2021-09-15,2021-12-06,2021-12-06,0.937,-0.0126448893572179,-0.0126448893572179,original,51,priority_DCS_raw_noskip,conservative_tp_center15_profit_first,77.91438080608587,0.7110989582951883,0.2791768240881835,0.6306122448979593,0.0544444444444442,0.0622154581877875,0.1739130434782608,0.0869565217391304,-0.0499490316004076,0,,,,216,0.098873002859368,0.7870370370370371,16.70664102506322,0,,,,373,0.0659042383690955,0.7238605898123325,5.476477580130071,D43740,False,-0.0126448893572179,True,base_exit_guard
tp15%_D+S_next_close,D+S,next_close,412,2021,D,159996,家电ETF,2021-09-15,2021-09-16,2021-12-06,2021-12-06,1.225,0.0251046025104602,0.0251046025104602,original,50,priority_DCS_raw_noskip,conservative_tp_center15_profit_first,73.36564138549403,0.6576495968901311,0.2698568163683708,0.5982993197278912,0.0374862183020947,0.0331879722010747,0.1739130434782608,0.0869565217391304,-0.048076923076923,32,0.0626554651970355,0.78125,15.949363164630862,215,0.0986167399570187,0.786046511627907,16.593404478005585,45,0.0848531978705541,0.8444444444444444,29.47045993893634,373,0.0659042383690955,0.7238605898123325,5.476477580130071,D43740,False,0.0251046025104602,True,base_exit_guard
tp15%_D+S_next_close,D+S,next_close,413,2021,D,159996,家电ETF,2021-09-16,2021-09-17,2021-12-06,2021-12-06,1.225,0.0132340777502066,0.0132340777502066,original,49,priority_DCS_raw_noskip,conservative_tp_center15_profit_first,76.2064800279086,0.629684585580898,0.2922981515475603,0.6903628117913833,0.0288888888888889,0.0497835497835497,0.1739130434782608,0.0869565217391304,-0.0717201166180757,31,0.0602263339874116,0.7741935483870968,14.920725738292104,214,0.0984328998040358,0.7850467289719626,16.491943181100304,45,0.0848531978705541,0.8444444444444444,29.47045993893634,373,0.0659042383690955,0.7238605898123325,5.476477580130071,D43740,False,0.0132340777502066,True,base_exit_guard
tp15%_D+S_next_close,D+S,next_close,414,2021,D,515210,钢铁ETF,2021-09-17,2021-09-22,2021-12-06,2021-12-06,1.711,-0.2151376146788991,-0.2151376146788991,original,48,priority_DCS_raw_noskip,conservative_tp_center15_profit_first,72.8263055595808,0.6276084498150737,0.2945797329235948,0.6461451247165533,0.0445619335347431,0.035181236673774,0.1304347826086956,0.0434782608695652,-0.0932274247491637,76,0.145510238738028,0.7631578947368421,23.37120469915234,213,0.0981822171792325,0.784037558685446,16.380281395409778,93,0.1444772902825691,0.8064516129032258,28.180958182312875,373,0.0659042383690955,0.7238605898123325,5.476477580130071,D43740,False,-0.2151376146788991,True,base_exit_guard
tp15%_D+S_next_close,D+S,next_close,415,2021,D,159996,家电ETF,2021-09-22,2021-09-23,2021-12-06,2021-12-06,1.225,0.039898132427844,0.039898132427844,original,47,priority_DCS_raw_noskip,conservative_tp_center15_profit_first,79.68999463643586,0.5894818591111096,0.3358068761617541,0.6783068783068784,0.0188679245283018,0.0282722513089006,0.1739130434782608,0.1304347826086956,-0.0896797153024911,28,0.0492943471090818,0.75,11.291268411417292,210,0.0966666027697308,0.780952380952381,15.929580109997756,45,0.0848531978705541,0.8444444444444444,29.47045993893634,373,0.0659042383690955,0.7238605898123325,5.476477580130071,D43740,False,0.039898132427844,True,base_exit_guard
tp15%_D+S_next_close,D+S,next_close,416,2021,D,159870,化工ETF,2021-09-23,2021-09-24,2021-12-06,2021-12-06,1.018,-0.0967169476486247,-0.0967169476486247,original,46,priority_DCS_raw_noskip,conservative_tp_center15_profit_first,70.60442232448534,0.5988593545168601,0.3107571709380223,0.6127362055933484,0.0021802325581397,0.0582010582010583,0.1304347826086956,0.0869565217391304,-0.0752508361204011,1,0.0055865921787709,1.0,,209,0.0973327261872384,0.784688995215311,16.444212431822372,1,0.0055865921787709,1.0,,373,0.0659042383690955,0.7238605898123325,5.476477580130071,D43740,False,-0.0967169476486247,True,base_exit_guard
tp15%_D+S_next_close,D+S,next_close,417,2021,D,159870,化工ETF,2021-09-24,2021-09-27,2021-12-06,2021-12-06,1.018,-0.0651974288337924,-0.0651974288337924,original,45,priority_DCS_raw_noskip,conservative_tp_center15_profit_first,78.72226438784881,0.5475367739280748,0.3318942449792556,0.6243764172335601,0.0029006526468455,0.0050556117290192,0.1739130434782608,0.0869565217391304,-0.0815709969788519,1,0.0055865921787709,1.0,,208,0.0970236325447653,0.7836538461538461,16.321506094964544,1,0.0055865921787709,1.0,,373,0.0659042383690955,0.7238605898123325,5.476477580130071,D43740,False,-0.0651974288337924,True,base_exit_guard
tp15%_D+S_next_close,D+S,next_close,418,2021,D,159870,化工ETF,2021-09-27,2021-09-28,2021-12-06,2021-12-06,1.018,-0.054781801299907,-0.054781801299907,original,44,priority_DCS_raw_noskip,conservative_tp_center15_profit_first,82.58207025904494,0.4992669215315635,0.380323415848,0.6640211640211642,-0.0021786492374727,0.0247167868177136,0.1304347826086956,0.1304347826086956,-0.1001076426264802,1,0.0055865921787709,1.0,,207,0.0977231860040057,0.7874396135265701,16.93590568435263,1,0.0055865921787709,1.0,,373,0.0659042383690955,0.7238605898123325,5.476477580130071,D43740,False,-0.054781801299907,True,base_exit_guard
tp15%_D+S_next_close,D+S,next_close,419,2021,D,159870,化工ETF,2021-09-28,2021-09-29,2021-12-06,2021-12-06,1.018,-0.0211538461538461,-0.0211538461538461,original,43,priority_DCS_raw_noskip,conservative_tp_center15_profit_first,78.80098036371243,0.5413076874795566,0.3819312659102959,0.6472411186696901,0.0097932535364526,0.0419727177334732,0.1304347826086956,0.0869565217391304,-0.0987179487179488,1,0.0055865921787709,1.0,,206,0.0974246087698602,0.7864077669902912,16.81046629091047,1,0.0055865921787709,1.0,,373,0.0659042383690955,0.7238605898123325,5.476477580130071,D43740,False,-0.0211538461538461,True,base_exit_guard
tp15%_D+S_next_close,D+S,next_close,420,2021,D,159870,化工ETF,2021-09-29,2021-09-30,2021-12-06,2021-12-06,1.018,-0.0477081384471468,-0.0477081384471468,original,42,priority_DCS_raw_noskip,conservative_tp_center15_profit_first,86.19591468023523,0.5117792824747696,0.4652140845409064,0.7320483749055178,0.0032432432432432,0.0259191111044002,0.217391304347826,0.2608695652173913,-0.1199707388441843,1,0.0055865921787709,1.0,,205,0.0970461922272742,0.7853658536585366,16.672603572925475,1,0.0055865921787709,1.0,,373,0.0659042383690955,0.7238605898123325,5.476477580130071,D43740,False,-0.0477081384471468,True,base_exit_guard
tp15%_D+S_next_close,D+S,next_close,421,2021,D,159870,化工ETF,2021-09-30,2021-10-08,2021-12-06,2021-12-06,1.018,-0.0295519542421353,-0.0295519542421353,original,41,priority_DCS_raw_noskip,conservative_tp_center15_profit_first,76.86090819840481,0.5016001640251443,0.3717620838054828,0.6611489040060471,0.0014513788098693,0.0339153171043939,0.1304347826086956,0.1739130434782608,-0.1064102564102564,1,0.0055865921787709,1.0,,204,0.0973497844098648,0.7843137254901961,16.644941704545165,1,0.0055865921787709,1.0,,373,0.0659042383690955,0.7238605898123325,5.476477580130071,D43740,False,-0.0295519542421353,True,base_exit_guard
tp15%_D+S_next_close,D+S,next_close,422,2021,D,159870,化工ETF,2021-10-08,2021-10-11,2021-12-06,2021-12-06,1.018,-0.0332383665716998,-0.0332383665716998,original,40,priority_DCS_raw_noskip,conservative_tp_center15_profit_first,75.5515925750145,0.5249331884947589,0.3797266784859638,0.5645124716553287,-0.0008547008547007,0.0330644943395206,0.1304347826086956,0.1304347826086956,-0.1009924109748978,1,0.0055865921787709,1.0,,198,0.0960324698884878,0.7777777777777778,15.979319246288624,1,0.0055865921787709,1.0,,369,0.0651028707094894,0.7208672086720868,5.374624106873003,D43740,False,-0.0332383665716998,True,base_exit_guard
tp15%_D+S_next_close,D+S,next_close,423,2021,D,515210,钢铁ETF,2021-10-11,2021-10-12,2021-12-06,2021-12-06,1.711,-0.0344243792325056,-0.0344243792325056,original,39,priority_DCS_raw_noskip,conservative_tp_center15_profit_first,75.89674264519135,0.4812403679068486,0.3976853471581691,0.5942554799697658,-0.0142215568862276,0.0314047287218937,0.1304347826086956,0.1739130434782608,-0.0943672275054864,76,0.145510238738028,0.7631578947368421,23.37120469915234,197,0.0960413590843692,0.7766497461928934,15.905045668924224,93,0.1444772902825691,0.8064516129032258,28.180958182312875,368,0.0651013661036549,0.720108695652174,5.3626679281438605,D43740,False,-0.0344243792325056,True,base_exit_guard
tp15%_D+S_next_close,D+S,next_close,424,2021,D,515210,钢铁ETF,2021-10-12,2021-10-13,2021-12-06,2021-12-06,1.711,-0.0322398190045248,-0.0322398190045248,original,38,priority_DCS_raw_noskip,conservative_tp_center15_profit_first,83.54522621423652,0.3831597042614036,0.4031191931693791,0.6932728647014362,-0.0235720761559383,-0.0037330802203294,0.1739130434782608,0.1739130434782608,-0.1199707388441843,76,0.145510238738028,0.7631578947368421,23.37120469915234,196,0.0958156408569352,0.7755102040816326,15.794533234892365,93,0.1444772902825691,0.8064516129032258,28.180958182312875,367,0.0651860431331865,0.7193460490463215,5.356471933319527,D43740,False,-0.0322398190045248,True,base_exit_guard
tp15%_D+S_next_close,D+S,next_close,425,2021,D,515210,钢铁ETF,2021-10-13,2021-10-14,2021-12-06,2021-12-06,1.711,-0.0371412492965671,-0.0371412492965671,original,37,priority_DCS_raw_noskip,conservative_tp_center15_profit_first,74.1239826948167,0.3665931200826107,0.4603717643937516,0.5998866213151929,-0.032947462154942,-0.0030564144393649,0.1739130434782608,0.1304347826086956,-0.1170731707317072,76,0.145510238738028,0.7631578947368421,23.37120469915234,195,0.095592547294925,0.7743589743589744,15.68477963366592,93,0.1444772902825691,0.8064516129032258,28.180958182312875,366,0.0652662492103468,0.7185792349726776,5.349947113156142,D43740,False,-0.0371412492965671,True,base_exit_guard
tp15%_D+S_next_close,D+S,next_close,426,2021,D,515210,钢铁ETF,2021-10-14,2021-10-15,2021-12-06,2021-12-06,1.711,-0.0387640449438202,-0.0387640449438202,original,36,priority_DCS_raw_noskip,conservative_tp_center15_profit_first,73.2565372881474,0.3364722337992923,0.449083893012843,0.6080498866213153,-0.0527859237536657,-0.0158229761772147,0.1304347826086956,0.217391304347826,-0.113821138211382,76,0.145510238738028,0.7631578947368421,23.37120469915234,194,0.0952602297033413,0.7731958762886598,15.558684751193242,93,0.1444772902825691,0.8064516129032258,28.180958182312875,365,0.0653356541554175,0.7178082191780822,5.342675161111998,D43740,False,-0.0387640449438202,True,base_exit_guard
tp15%_D+S_next_close,D+S,next_close,427,2021,D,515210,钢铁ETF,2021-10-15,2021-10-18,2021-12-06,2021-12-06,1.711,-0.0526024363233665,-0.0526024363233665,original,35,priority_DCS_raw_noskip,conservative_tp_center15_profit_first,71.66851559861092,0.4312349025919618,0.4530398869877252,0.5744142101284959,-0.0257936507936508,0.0187241707360712,0.1739130434782608,0.3043478260869565,-0.1072727272727274,76,0.145510238738028,0.7631578947368421,23.37120469915234,193,0.0950090125321403,0.772020725388601,15.445444201399823,93,0.1444772902825691,0.8064516129032258,28.180958182312875,364,0.0654952240405838,0.717032967032967,5.341354519539116,D43740,False,-0.0526024363233665,True,base_exit_guard
tp15%_D+S_next_close,D+S,next_close,428,2021,D,515210,钢铁ETF,2021-10-18,2021-10-19,2021-12-06,2021-12-06,1.711,-0.0604063701263041,-0.0604063701263041,original,34,priority_DCS_raw_noskip,conservative_tp_center15_profit_first,71.04914624242133,0.4088703871747639,0.4321397419891338,0.5927815570672713,-0.0337711069418387,0.0111129369310153,0.1739130434782608,0.2608695652173913,-0.1065627030539311,75,0.1466148959984549,0.76,23.24444559509853,192,0.0951774920546722,0.7708333333333334,15.396080726658417,93,0.1444772902825691,0.8064516129032258,28.180958182312875,363,0.0656333040839882,0.7162534435261708,5.338555220038304,D43740,False,-0.0604063701263041,True,base_exit_guard
tp15%_D+S_next_close,D+S,next_close,429,2021,D,515210,钢铁ETF,2021-10-19,2021-10-20,2021-12-06,2021-12-06,1.711,-0.0588558855885588,-0.0588558855885588,original,33,priority_DCS_raw_noskip,conservative_tp_center15_profit_first,62.564329001739374,0.4748881744837549,0.4446969769749057,0.4241874527588812,-0.0352112676056336,0.0357197403589154,0.1739130434782608,0.1739130434782608,-0.0945652173913044,75,0.1466148959984549,0.76,23.24444559509853,191,0.0948476626678225,0.7696335078534031,15.27147259915867,93,0.1444772902825691,0.8064516129032258,28.180958182312875,362,0.0657139207272055,0.7154696132596685,5.331917595031292,D43740,False,-0.0588558855885588,True,base_exit_guard
tp15%_D+S_next_close,D+S,next_close,430,2021,D,515210,钢铁ETF,2021-10-20,2021-10-21,2021-12-06,2021-12-06,1.711,-0.0588558855885588,-0.0588558855885588,original,32,priority_DCS_raw_noskip,conservative_tp_center15_profit_first,64.1247486321378,0.4602187963274675,0.4633228168596908,0.4496598639455782,-0.0285714285714285,0.0382216267887665,0.1739130434782608,0.3043478260869565,-0.096816114359974,74,0.1474083064317603,0.7567567567567568,23.06662438095768,190,0.0948842160295802,0.7684210526315789,15.202224137060028,93,0.1444772902825691,0.8064516129032258,28.180958182312875,361,0.0660724493242553,0.7174515235457064,5.394507903974623,D43740,False,-0.0588558855885588,True,base_exit_guard
tp15%_D+S_next_close,D+S,next_close,431,2021,D,515210,钢铁ETF,2021-10-21,2021-10-22,2021-12-06,2021-12-06,1.711,-0.021726700971984,-0.021726700971984,original,31,priority_DCS_raw_noskip,conservative_tp_center15_profit_first,67.03497337218889,0.4746847320969432,0.4669086160995166,0.5212773998488285,-0.0221238938053097,0.0405676883934089,0.1739130434782608,0.217391304347826,-0.1020142949967511,74,0.1474083064317603,0.7567567567567568,23.06662438095768,189,0.0941015462802851,0.7671957671957672,15.010942531733985,93,0.1444772902825691,0.8064516129032258,28.180958182312875,360,0.0665173267228255,0.7194444444444444,5.489665083292864,D43740,False,-0.021726700971984,True,base_exit_guard
tp15%_D+S_next_close,D+S,next_close,432,2021,D,515210,钢铁ETF,2021-10-22,2021-10-25,2021-12-06,2021-12-06,1.711,-0.0289443813847899,-0.0289443813847899,original,30,priority_DCS_raw_noskip,conservative_tp_center15_profit_first,72.36862567011406,0.4569589946282533,0.4359094144277191,0.5054043839758126,-0.0109780439121756,0.0153292760809947,0.1304347826086956,0.2608695652173913,-0.0994152046783626,74,0.1474083064317603,0.7567567567567568,23.06662438095768,189,0.0941015462802851,0.7671957671957672,15.010942531733985,93,0.1444772902825691,0.8064516129032258,28.180958182312875,359,0.0669719397268497,0.7214484679665738,5.5910197125238135,D43740,False,-0.0289443813847899,True,base_exit_guard
tp15%_D+S_next_close,D+S,next_close,433,2021,D,515210,钢铁ETF,2021-10-25,2021-10-26,2021-12-06,2021-12-06,1.711,-0.0289443813847899,-0.0289443813847899,original,29,priority_DCS_raw_noskip,conservative_tp_center15_profit_first,63.61308847280452,0.4960467973135101,0.4629579322678179,0.4398715041572185,0.010241404535479,-0.0032976198113813,0.1739130434782608,0.2608695652173913,-0.094488188976378,74,0.1474083064317603,0.7567567567567568,23.06662438095768,189,0.0941015462802851,0.7671957671957672,15.010942531733985,93,0.1444772902825691,0.8064516129032258,28.180958182312875,358,0.0672662110472668,0.723463687150838,5.6322940736217015,D43740,False,-0.0289443813847899,True,base_exit_guard
tp15%_D+S_next_close,D+S,next_close,434,2021,D,510880,红利ETF,2021-10-26,2021-10-27,2021-12-06,2021-12-06,2.857,-0.0192241675248883,-0.0192241675248883,original,28,priority_DCS_raw_noskip,conservative_tp_center15_profit_first,67.75368480725623,0.5159672888481869,0.3863522529342831,0.5233938019652306,0.0066170388751034,0.0090909090909092,0.1739130434782608,0.0869565217391304,-0.0911032028469751,10,0.1158008192241986,1.0,,189,0.0941015462802851,0.7671957671957672,15.010942531733985,63,0.0064762973033513,0.6507936507936508,1.3228881756236286,357,0.0677866611699723,0.7254901960784313,5.763714632308427,D43740,False,-0.0192241675248883,True,base_exit_guard
tp15%_D+S_next_close,D+S,next_close,435,2021,D,515210,钢铁ETF,2021-10-27,2021-10-28,2021-12-06,2021-12-06,1.711,0.0288634996993386,0.0288634996993386,original,27,priority_DCS_raw_noskip,conservative_tp_center15_profit_first,71.74198196298403,0.4718186693895314,0.4521214573598199,0.5191987906273621,-0.0014727540500736,0.0106895828966673,0.217391304347826,0.217391304347826,-0.1089238845144356,74,0.1474083064317603,0.7567567567567568,23.06662438095768,189,0.0941015462802851,0.7671957671957672,15.010942531733985,93,0.1444772902825691,0.8064516129032258,28.180958182312875,356,0.068257663674708,0.7275280898876404,5.879321464282963,D43740,False,0.0288634996993386,True,base_exit_guard
tp15%_D+S_next_close,D+S,next_close,436,2021,D,510880,红利ETF,2021-10-28,2021-10-29,2021-12-06,2021-12-06,2.857,0.0059859154929577,0.0059859154929577,original,26,priority_DCS_raw_noskip,conservative_tp_center15_profit_first,77.99083522297809,0.397897073431861,0.4862186651649988,0.6269463340891913,-0.0381097560975609,0.0361247947454843,0.3043478260869565,0.3043478260869565,-0.1115485564304461,10,0.1158008192241986,1.0,,189,0.0941015462802851,0.7671957671957672,15.010942531733985,61,0.0100021674038482,0.6721311475409836,1.574788078631622,355,0.0687379254062077,0.7295774647887324,6.002545127646277,D43740,False,0.0059859154929577,True,base_exit_guard
tp15%_D+S_next_close,D+S,next_close,437,2021,D,515210,钢铁ETF,2021-10-29,2021-11-01,2021-12-06,2021-12-06,1.711,0.0196662693682956,0.0196662693682956,original,25,priority_DCS_raw_noskip,conservative_tp_center15_profit_first,67.96494019283713,0.507196549554275,0.4089714745623502,0.5459939531368103,-0.0057678442682047,0.0553097345132742,0.2608695652173913,0.1739130434782608,-0.0853018372703412,74,0.1474083064317603,0.7567567567567568,23.06662438095768,188,0.0936951347581462,0.7659574468085106,14.87661940953662,93,0.1444772902825691,0.8064516129032258,28.180958182312875,354,0.0691799507113691,0.731638418079096,6.112490584035143,D43740,False,0.0196662693682956,True,base_exit_guard
tp15%_D+S_next_close,D+S,next_close,438,2021,D,512400,有色金属ETF,2021-11-01,2021-11-02,2021-12-06,2021-12-06,1.438,0.0691449814126394,0.0691449814126394,original,24,priority_DCS_raw_noskip,conservative_tp_center15_profit_first,68.7632275132275,0.5165710118083984,0.3489799082649699,0.5637566137566137,0.0,0.0374468085106383,0.217391304347826,0.1304347826086956,-0.0759493670886075,12,0.1219784626674927,1.0,,187,0.0933715874933104,0.7647058823529411,14.755143863046026,19,0.102429644764675,1.0,,353,0.0693618690443862,0.7308781869688386,6.111454550148913,D43740,False,0.0691449814126394,True,base_exit_guard
tp15%_D+S_next_close,D+S,next_close,439,2021,D,510880,红利ETF,2021-11-02,2021-11-03,2021-12-06,2021-12-06,2.857,0.0063402606551603,0.0063402606551603,original,23,priority_DCS_raw_noskip,conservative_tp_center15_profit_first,78.93896447467876,0.5126789763602875,0.3780875625639712,0.6680650037792895,-0.0028449502133712,0.0395130286202476,0.2608695652173913,0.2608695652173913,-0.0838206627680312,10,0.1158008192241986,1.0,,186,0.0932131007440802,0.7634408602150538,14.658364138240838,58,0.0124190642305743,0.6896551724137931,1.761137375677553,352,0.0696367529344952,0.7329545454545454,6.146609930393416,D43740,False,0.0063402606551603,True,base_exit_guard
tp15%_D+S_next_close,D+S,next_close,440,2021,D,510880,红利ETF,2021-11-03,2021-11-04,2021-12-06,2021-12-06,2.857,0.0088276836158194,0.0088276836158194,original,22,priority_DCS_raw_noskip,conservative_tp_center15_profit_first,68.01162131519274,0.5338161583906438,0.3277158361464177,0.5741874527588813,0.0157766990291261,0.0223262513503781,0.217391304347826,0.0869565217391304,-0.0799220272904484,10,0.1158008192241986,1.0,,185,0.0931516273437405,0.7621621621621621,14.57597290349518,57,0.0131393919914339,0.7017543859649122,1.8160981340925977,351,0.0699167425956716,0.7350427350427351,6.183794464721026,D43740,False,0.0088276836158194,True,base_exit_guard
tp15%_D+S_next_close,D+S,next_close,441,2021,D,515210,钢铁ETF,2021-11-04,2021-11-05,2021-12-06,2021-12-06,1.711,0.101029601029601,0.101029601029601,original,21,priority_DCS_raw_noskip,conservative_tp_center15_profit_first,63.45243695363286,0.5390610738566872,0.3656243930602724,0.4428571428571429,0.0106609808102344,0.037862852334876,0.217391304347826,0.1739130434782608,-0.0699533644237174,74,0.1474083064317603,0.7567567567567568,23.06662438095768,184,0.0936656115364132,0.7663043478260869,14.592313535077148,93,0.1444772902825691,0.8064516129032258,28.180958182312875,350,0.0701958697967386,0.7371428571428571,6.220292355489824,D43740,False,0.101029601029601,True,base_exit_guard
tp15%_D+S_next_close,D+S,next_close,442,2021,D,510880,红利ETF,2021-11-05,2021-11-08,2021-12-06,2021-12-06,2.857,0.0240143369175627,0.0240143369175627,original,20,priority_DCS_raw_noskip,conservative_tp_center15_profit_first,73.89975434618292,0.4640423751118341,0.3536555777999337,0.5768707482993198,-0.0095744680851063,0.0112237509051411,0.2083333333333333,0.1666666666666666,-0.0808966861598441,10,0.1158008192241986,1.0,,183,0.0932457351852339,0.7650273224043715,14.457842926159268,55,0.0144332243214134,0.7272727272727273,1.9094838368806493,349,0.0704460133101625,0.7392550143266475,6.242981097867979,D43740,False,0.0240143369175627,True,base_exit_guard
tp15%_D+S_next_close,D+S,next_close,443,2021,D,510880,红利ETF,2021-11-08,2021-11-09,2021-12-06,2021-12-06,2.857,0.0291786743515851,0.0291786743515851,original,19,priority_DCS_raw_noskip,conservative_tp_center15_profit_first,67.02003023431595,0.5107192364180643,0.3375953137039945,0.5255857898715043,0.0035790980672869,0.0165289256198346,0.2083333333333333,0.1666666666666666,-0.0659560293137907,10,0.1158008192241986,1.0,,182,0.0914374136837946,0.7637362637362637,14.1247400177827,54,0.0153450694711827,0.7407407407407407,1.988791940296576,348,0.0707484628132553,0.7413793103448276,6.289666742311447,D43740,False,0.0291786743515851,True,base_exit_guard
tp15%_D+S_next_close,D+S,next_close,444,2021,D,510880,红利ETF,2021-11-09,2021-11-10,2021-12-06,2021-12-06,2.857,0.0317804261466234,0.0317804261466234,original,18,priority_DCS_raw_noskip,conservative_tp_center15_profit_first,66.43471277399848,0.534515067334039,0.3478953232654981,0.4560090702947846,0.0058962264150943,0.0352564102564103,0.2083333333333333,0.1666666666666666,-0.0546302465023317,10,0.1158008192241986,1.0,,181,0.0918715588264832,0.7624309392265194,14.11459997336594,10,0.1158008192241986,1.0,,265,0.0892808292885003,0.7547169811320755,8.536567726264549,D43740,False,0.0317804261466234,True,base_exit_guard
tp15%_D+S_next_close,D+S,next_close,445,2021,D,159930,能源ETF,2021-11-10,2021-11-11,2021-12-06,2021-12-06,0.904,0.0597889800703399,0.0597889800703399,original,17,priority_DCS_raw_noskip,conservative_tp_center15_profit_first,69.59514361300076,0.5013740910420107,0.3473271119029929,0.5119425547996977,0.0007763975155279,0.0131291028446389,0.2083333333333333,0.1666666666666666,-0.058916359810626,0,,,,180,0.090055094197356,0.7611111111111111,13.78427717163046,0,,,,264,0.08929317521241,0.7537878787878788,8.509166086337594,D43740,False,0.0597889800703399,True,base_exit_guard
tp15%_D+S_next_close,D+S,next_close,446,2021,D,510880,红利ETF,2021-11-11,2021-11-12,2021-12-06,2021-12-06,2.857,0.0203571428571429,0.0203571428571429,original,16,priority_DCS_raw_noskip,conservative_tp_center15_profit_first,63.55394935752079,0.5318275970339328,0.3330686880680047,0.4704837490551777,0.0108359133126934,0.0090237899917964,0.2083333333333333,0.0833333333333333,-0.0568122041031037,10,0.1158008192241986,1.0,,179,0.0904280854207431,0.7597765363128491,13.765909308543335,10,0.1158008192241986,1.0,,263,0.0895203102883268,0.752851711026616,8.499750990845449,D43740,False,0.0203571428571429,True,base_exit_guard
tp15%_D+S_next_close,D+S,next_close,447,2021,D,159930,能源ETF,2021-11-12,2021-11-15,2021-12-06,2021-12-06,0.904,0.0800477897252092,0.0800477897252092,original,15,priority_DCS_raw_noskip,conservative_tp_center15_profit_first,60.483749055177626,0.5338390509207028,0.3556864935316721,0.3406273620559334,0.0053144375553586,0.0085470085470085,0.2083333333333333,0.125,-0.0502857142857143,0,,,,178,0.0910137386074786,0.7640449438202247,13.917582948406034,0,,,,263,0.0895203102883268,0.752851711026616,8.499750990845449,D43740,False,0.0800477897252092,True,base_exit_guard
tp15%_D+S_next_close,D+S,next_close,448,2021,D,159930,能源ETF,2021-11-15,2021-11-16,2021-12-06,2021-12-06,0.904,0.0904704463208685,0.0904704463208685,original,14,priority_DCS_raw_noskip,conservative_tp_center15_profit_first,60.93112244897959,0.5196390140093747,0.3757394722790623,0.3928949357520787,0.0008849557522125,0.0171489817792067,0.2083333333333333,0.125,-0.0644237652111668,0,,,,177,0.0911600519382001,0.7627118644067796,13.86566184922254,0,,,,263,0.0895203102883268,0.752851711026616,8.499750990845449,D43740,False,0.0904704463208685,True,base_exit_guard
tp15%_D+S_next_close,D+S,next_close,449,2021,D,510880,红利ETF,2021-11-16,2021-11-17,2021-12-06,2021-12-06,2.857,0.0240143369175627,0.0240143369175627,original,13,priority_DCS_raw_noskip,conservative_tp_center15_profit_first,68.16279289493576,0.4971384391408633,0.3413387797892266,0.5044595616024189,-0.0007468259895443,0.0121028744326778,0.125,0.1666666666666666,-0.0682451253481892,10,0.1158008192241986,1.0,,176,0.0916457847474813,0.7613636363636364,13.861139960352252,10,0.1158008192241986,1.0,,262,0.0896965451589175,0.7519083969465649,8.485943133226005,D43740,False,0.0240143369175627,True,base_exit_guard
tp15%_D+S_next_close,D+S,next_close,450,2021,D,159930,能源ETF,2021-11-17,2021-11-18,2021-12-06,2021-12-06,0.904,0.0761904761904763,0.0761904761904763,original,12,priority_DCS_raw_noskip,conservative_tp_center15_profit_first,55.535714285714285,0.533068597886066,0.3106953042713928,0.323015873015873,-0.002194586686174,0.0229568411386593,0.125,0.125,-0.0501392757660166,0,,,,175,0.0924319995577206,0.7657142857142857,14.38821102459901,0,,,,262,0.0896965451589175,0.7519083969465649,8.485943133226005,D43740,False,0.0761904761904763,True,base_exit_guard
tp15%_D+S_next_close,D+S,next_close,451,2021,D,159996,家电ETF,2021-11-18,2021-11-19,2021-12-06,2021-12-06,1.225,-0.0144810941271118,-0.0144810941271118,original,11,priority_DCS_raw_noskip,conservative_tp_center15_profit_first,64.09253235509979,0.5083315152144355,0.3260809656653428,0.4618291761148905,-0.0045146726862302,0.0307234886025771,0.2083333333333333,0.125,-0.061692969870875,21,0.0076834717396906,0.6666666666666666,2.203069032891108,174,0.0932717884929247,0.7701149425287356,15.057346919193954,41,0.0891424870340549,0.8292682926829268,28.25099464740859,260,0.0900378704626829,0.75,8.457067588014908,D43740,False,-0.0144810941271118,True,base_exit_guard
tp15%_D+S_next_close,D+S,next_close,452,2021,D,515210,钢铁ETF,2021-11-19,2021-11-22,2021-12-06,2021-12-06,1.711,0.0413877054169202,0.0413877054169202,original,10,priority_DCS_raw_noskip,conservative_tp_center15_profit_first,55.32347858734137,0.548872551567191,0.3085843871343334,0.3438019652305366,0.0011695906432749,0.0316518298714145,0.2083333333333333,0.0416666666666666,-0.0551181102362204,73,0.1470919409883294,0.7534246575342466,22.721707690998205,173,0.0939828380041651,0.7745664739884393,15.455476000903673,92,0.1453905662972965,0.8043478260869565,28.05865974863265,259,0.0901884783718735,0.749034749034749,8.440812150001323,D43740,False,0.0413877054169202,True,base_exit_guard
tp15%_D+S_next_close,D+S,next_close,453,2021,D,510880,红利ETF,2021-11-22,2021-11-23,2021-12-06,2021-12-06,2.857,0.0066948555320649,0.0066948555320649,original,9,priority_DCS_raw_noskip,conservative_tp_center15_profit_first,53.48922902494331,0.5704125233490683,0.3079790402227327,0.3058956916099773,0.0027397260273973,0.0503875968992248,0.2083333333333333,0.0416666666666666,-0.0469387755102039,10,0.1158008192241986,1.0,,172,0.0947549810017228,0.7790697674418605,16.008057463677606,10,0.1158008192241986,1.0,,259,0.0901884783718735,0.749034749034749,8.440812150001323,D43740,False,0.0066948555320649,True,base_exit_guard
tp15%_D+S_next_close,D+S,next_close,454,2021,D,515210,钢铁ETF,2021-11-23,2021-11-24,2021-12-06,2021-12-06,1.711,0.0023432923257176,0.0023432923257176,original,8,priority_DCS_raw_noskip,conservative_tp_center15_profit_first,56.14788221028921,0.5695750894772659,0.3198899326738002,0.3636432350718065,0.0044223327805417,0.0458372310570627,0.2083333333333333,0.0416666666666666,-0.0467836257309941,73,0.1470919409883294,0.7534246575342466,22.721707690998205,171,0.0954839219712243,0.783625730994152,16.46120384748429,92,0.1453905662972965,0.8043478260869565,28.05865974863265,259,0.0901884783718735,0.749034749034749,8.440812150001323,D43740,False,0.0023432923257176,True,base_exit_guard
tp15%_D+S_next_close,D+S,next_close,455,2021,D,515210,钢铁ETF,2021-11-24,2021-11-25,2021-12-09,2021-12-09,1.736,0.0376569037656904,0.0376569037656904,original,10,priority_DCS_raw_noskip,conservative_tp_center15_profit_first,56.47521640317663,0.5415033643840585,0.2942505350662196,0.3735827664399093,0.0140252454417952,0.0120996441281138,0.125,0.0,-0.0552367288378765,73,0.1470919409883294,0.7534246575342466,22.721707690998205,170,0.0961882291746951,0.788235294117647,16.848058798543118,92,0.1453905662972965,0.8043478260869565,28.05865974863265,259,0.0901884783718735,0.749034749034749,8.440812150001323,D43740,False,0.0376569037656904,True,base_exit_guard
tp15%_D+S_next_close,D+S,next_close,456,2021,D,515210,钢铁ETF,2021-11-25,2021-11-26,2021-12-09,2021-12-09,1.736,0.0116550116550115,0.0116550116550115,original,9,priority_DCS_raw_noskip,conservative_tp_center15_profit_first,60.172746853861966,0.5689254670349667,0.3086587562786108,0.3709750566893424,0.0208012326656392,0.0121689334287757,0.1666666666666666,0.0,-0.0515390121689335,73,0.1470919409883294,0.7534246575342466,22.721707690998205,169,0.0969960749749561,0.7928994082840237,17.53352444988291,92,0.1453905662972965,0.8043478260869565,28.05865974863265,259,0.0901884783718735,0.749034749034749,8.440812150001323,D43740,False,0.0116550116550115,True,base_exit_guard
tp15%_D+S_next_close,D+S,next_close,457,2021,D,159930,能源ETF,2021-11-26,2021-11-29,2021-12-09,2021-12-09,0.909,0.0770142180094788,0.0770142180094788,original,8,priority_DCS_raw_noskip,conservative_tp_center15_profit_first,62.645502645502646,0.5164970950400997,0.2788974621500335,0.4208994708994709,0.0106685633001424,-0.0053763440860215,0.1666666666666666,0.0,-0.0572655690765927,0,,,,168,0.0977729537133346,0.7976190476190477,18.147044412514965,0,,,,259,0.0901884783718735,0.749034749034749,8.440812150001323,D43740,False,0.0770142180094788,True,base_exit_guard
tp15%_D+S_next_close,D+S,next_close,458,2021,D,510880,红利ETF,2021-11-29,2021-11-30,2021-12-10,2021-12-10,2.878,0.0300644237652112,0.0300644237652112,original,8,priority_DCS_raw_noskip,conservative_tp_center15_profit_first,60.82057823129252,0.5405315379666052,0.261018844309986,0.3701814058956917,0.0099923136049193,0.0056980056980056,0.1666666666666666,0.0,-0.0612244897959183,10,0.1158008192241986,1.0,,168,0.0977418704025466,0.7976190476190477,18.048656287890747,10,0.1158008192241986,1.0,,260,0.0896928332808931,0.7461538461538462,8.33807832021965,D43740,False,0.0300644237652112,True,base_exit_guard
tp15%_D+S_next_close,D+S,next_close,459,2021,D,515210,钢铁ETF,2021-11-30,2021-12-01,2021-12-14,2021-12-14,1.686,-0.0076515597410241,-0.0076515597410241,original,9,priority_DCS_raw_noskip,conservative_tp_center15_profit_first,59.70495562492649,0.5331882535389306,0.2753768366817412,0.4208994708994709,0.0166073546856464,-0.0008849557522122,0.1666666666666666,0.0,-0.0612244897959183,74,0.1450096016930663,0.7432432432432432,22.404396128696128,168,0.0977452479233139,0.7976190476190477,18.059295472417453,93,0.1437519455106466,0.7956989247311828,27.666816966302147,261,0.0893223581845635,0.7432950191570882,8.319749608685873,D43740,False,-0.0076515597410241,True,base_exit_guard
tp15%_D+S_next_close,D+S,next_close,460,2021,D,515210,钢铁ETF,2021-12-01,2021-12-02,2021-12-14,2021-12-14,1.686,-0.0214741729541497,-0.0214741729541497,original,8,priority_DCS_raw_noskip,conservative_tp_center15_profit_first,53.30447932772559,0.5301898486986087,0.2710043914956353,0.3508692365835222,0.0255707762557078,0.0061837455830389,0.1666666666666666,0.0,-0.0566473988439306,74,0.1450096016930663,0.7432432432432432,22.404396128696128,168,0.0976881319831157,0.7976190476190477,17.88105110556174,93,0.1437519455106466,0.7956989247311828,27.666816966302147,262,0.088817346686891,0.7404580152671756,8.208945223277667,D43740,False,-0.0214741729541497,True,base_exit_guard
tp15%_D+S_next_close,D+S,next_close,461,2021,D,159930,能源ETF,2021-12-02,2021-12-03,2022-01-04,2022-01-04,0.914,0.0021929824561404,0.0021929824561404,original,21,priority_DCS_raw_noskip,conservative_tp_center15_profit_first,55.31651549508693,0.5024841483087253,0.3003837673450424,0.4006424792139079,0.0142314990512335,0.0008849557522125,0.2083333333333333,0.0,-0.0645624103299855,0,,,,168,0.0977157663805707,0.7976190476190477,17.966849588989735,0,,,,263,0.0883679123411009,0.7376425855513308,8.134893740694618,D43740,False,0.0021929824561404,True,base_exit_guard
tp15%_D+S_next_close,D+S,next_close,462,2021,D,515210,钢铁ETF,2021-12-03,2021-12-06,2022-01-04,2022-01-04,1.675,-0.0210403272939802,-0.0210403272939802,original,20,priority_DCS_raw_noskip,conservative_tp_center15_profit_first,49.03357222834916,0.5524360450695084,0.3152534371113207,0.2826530612244898,0.0284995838697975,-0.0043668122270742,0.1666666666666666,0.0,-0.0609756097560975,74,0.1450096016930663,0.7432432432432432,22.404396128696128,168,0.0976252969487126,0.7976190476190477,17.68897987243241,93,0.1437519455106466,0.7956989247311828,27.666816966302147,264,0.0879427393930634,0.7348484848484849,8.075695279697273,D43740,False,-0.0210403272939802,True,base_exit_guard
tp15%_D+S_next_close,D+S,next_close,463,2021,D,159930,能源ETF,2021-12-06,2021-12-07,2022-01-04,2022-01-04,0.914,0.0055005500550056,0.0055005500550056,original,19,priority_DCS_raw_noskip,conservative_tp_center15_profit_first,56.93972033257748,0.5500998072913578,0.348217846559543,0.3907785336356765,0.0236486119977802,-0.0112219451371571,0.2083333333333333,0.0,-0.0730478589420655,0,,,,168,0.0972842827381997,0.7916666666666666,16.877144670692694,0,,,,265,0.0874348732404678,0.7320754716981132,7.962509880190375,D43740,False,0.0055005500550056,True,base_exit_guard
tp15%_D+S_next_close,D+S,next_close,464,2021,D,512400,有色金属ETF,2021-12-07,2021-12-08,2022-01-04,2022-01-04,1.319,-0.0878284923928077,-0.0878284923928077,original,18,priority_DCS_raw_noskip,conservative_tp_center15_profit_first,49.09108087679516,0.5573799696008264,0.3348711338176713,0.3019274376417233,0.0213699024483104,0.0,0.2083333333333333,0.0,-0.0678546949965729,11,0.0628810084459958,1.0,,250,0.064653080172524,0.676,5.553973284997469,13,0.1179143487248116,1.0,,348,0.0660788326724691,0.6637931034482759,4.932365134149558,D43740,False,-0.0878284923928077,True,base_exit_guard
tp15%_D+S_next_close,D+S,next_close,465,2021,D,515210,钢铁ETF,2021-12-08,2021-12-09,2022-01-04,2022-01-04,1.675,-0.0351382488479262,-0.0351382488479262,original,17,priority_DCS_raw_noskip,conservative_tp_center15_profit_first,48.041047910323485,0.596837599390878,0.2994460445756982,0.2976946334089191,0.0324555538781173,-0.0086139389193421,0.125,0.0,-0.0491183879093199,92,0.1113089418129188,0.6521739130434783,9.64236084506684,249,0.0648180126002836,0.6746987951807228,5.547328278756781,111,0.1160238112972231,0.7117117117117117,11.86887566132981,348,0.0660788326724691,0.6637931034482759,4.932365134149558,D43740,False,-0.0351382488479262,True,base_exit_guard
tp15%_D+S_next_close,D+S,next_close,466,2021,D,159930,能源ETF,2021-12-09,2021-12-10,2022-01-04,2022-01-04,0.914,0.0189520624303232,0.0189520624303232,original,16,priority_DCS_raw_noskip,conservative_tp_center15_profit_first,49.46806500377929,0.643888896347555,0.2933211489241136,0.2929327286470143,0.0347362038576177,-0.0072840790842871,0.0833333333333333,0.0,-0.0459110473457674,4,0.0766244230767234,1.0,,248,0.0650638369875944,0.6733870967741935,5.546242543633062,4,0.0766244230767234,1.0,,348,0.0660788326724691,0.6637931034482759,4.932365134149558,D43740,False,0.0189520624303232,True,base_exit_guard
tp15%_D+S_next_close,D+S,next_close,467,2021,D,159930,能源ETF,2021-12-10,2021-12-13,2022-01-04,2022-01-04,0.914,0.0010952902519167,0.0010952902519167,original,15,priority_DCS_raw_noskip,conservative_tp_center15_profit_first,54.07407407407408,0.6430294521623706,0.2598224843927408,0.3354497354497354,0.0272264437689969,0.0048661800486617,0.125,0.0,-0.0335846470185059,5,0.0767023820632745,1.0,,250,0.0650256423196672,0.676,5.580215469601271,5,0.0767023820632745,1.0,,351,0.0658739598388872,0.6666666666666666,4.9539677047990605,D43740,False,0.0010952902519167,True,base_exit_guard
tp15%_D+S_next_close,D+S,next_close,468,2021,D,510880,红利ETF,2021-12-13,2021-12-14,2022-01-04,2022-01-04,2.918,0.0307311903920877,0.0307311903920877,original,14,priority_DCS_raw_noskip,conservative_tp_center15_profit_first,47.655423280423285,0.6613467488453263,0.3048590071338035,0.2748677248677249,0.0324011608186032,0.0134474327628362,0.1666666666666666,0.0,-0.0404386566141193,21,0.0631448609985137,0.9523809523809524,69.97786753325191,250,0.0648042072247594,0.676,5.5646182311730295,21,0.0631448609985137,0.9523809523809524,69.97786753325191,352,0.0657722282023143,0.6676136363636364,4.95910891209156,D43740,False,0.0307311903920877,True,base_exit_guard
tp15%_D+S_next_close,D+S,next_close,469,2021,D,510880,红利ETF,2021-12-14,2021-12-15,2022-01-04,2022-01-04,2.918,0.0263805838902568,0.0263805838902568,original,13,priority_DCS_raw_noskip,conservative_tp_center15_profit_first,55.66704459561603,0.5962775612527814,0.2823039148569632,0.3276266061980348,0.0308263810887515,-0.0063492063492063,0.125,0.0,-0.0459183673469386,21,0.0631448609985137,0.9523809523809524,69.97786753325191,250,0.0648042072247594,0.676,5.5646182311730295,21,0.0631448609985137,0.9523809523809524,69.97786753325191,352,0.0657722282023143,0.6676136363636364,4.95910891209156,D43740,False,0.0263805838902568,True,base_exit_guard
tp15%_D+S_next_close,D+S,next_close,470,2021,D,512400,有色金属ETF,2021-12-15,2021-12-16,2022-01-04,2022-01-04,1.319,-0.0598717034925161,-0.0598717034925161,original,12,priority_DCS_raw_noskip,conservative_tp_center15_profit_first,53.01209372637945,0.5839205036180116,0.2592460682545202,0.3618291761148904,0.0187839221710189,0.0036719706242349,0.1666666666666666,0.0,-0.046242774566474,11,0.0628810084459958,1.0,,251,0.0641309459519224,0.6693227091633466,5.498350440689856,13,0.1179143487248116,1.0,,354,0.0653183576116369,0.6638418079096046,4.934531563952784,D43740,False,-0.0598717034925161,True,base_exit_guard
tp15%_D+S_next_close,D+S,next_close,471,2021,D,510880,红利ETF,2021-12-16,2021-12-17,2022-01-04,2022-01-04,2.918,0.0170791216451724,0.0170791216451724,original,11,priority_DCS_raw_noskip,conservative_tp_center15_profit_first,49.054705215419496,0.6232424957712532,0.2248058392433585,0.3140967498110355,0.0227280059473713,0.0073800738007379,0.125,0.0,-0.0392864109259414,21,0.0631448609985137,0.9523809523809524,69.97786753325191,250,0.0640990684818116,0.668,5.478201646010014,21,0.0631448609985137,0.9523809523809524,69.97786753325191,354,0.0653183576116369,0.6638418079096046,4.934531563952784,D43740,False,0.0170791216451724,True,base_exit_guard
tp15%_D+S_next_close,D+S,next_close,472,2021,D,159930,能源ETF,2021-12-17,2021-12-20,2022-01-04,2022-01-04,0.914,-0.0010928961748634,-0.0010928961748634,original,10,priority_DCS_raw_noskip,conservative_tp_center15_profit_first,62.37386621315193,0.5228974991430901,0.2581859250662704,0.4620937263794406,0.0002150744050793,-0.0051169590643275,0.25,0.0,-0.0511719785755953,5,0.0767023820632745,1.0,,249,0.0647977712204113,0.6706827309236948,5.651743719604223,5,0.0767023820632745,1.0,,354,0.0653183576116369,0.6638418079096046,4.934531563952784,D43740,False,-0.0010928961748634,True,base_exit_guard
tp15%_D+S_next_close,D+S,next_close,473,2021,D,159930,能源ETF,2021-12-20,2021-12-21,2022-01-04,2022-01-04,0.914,-0.0118918918918918,-0.0118918918918918,original,9,priority_DCS_raw_noskip,conservative_tp_center15_profit_first,68.0342970521542,0.4049926441700641,0.2802608566909795,0.556122448979592,-0.0173452411482218,-0.003717472118959,0.2916666666666667,0.0833333333333333,-0.061946050096339,5,0.0767023820632745,1.0,,248,0.0650473902043809,0.6693548387096774,5.65090985761786,5,0.0767023820632745,1.0,,354,0.0653183576116369,0.6638418079096046,4.934531563952784,D43740,False,-0.0118918918918918,True,base_exit_guard
tp15%_D+S_next_close,D+S,next_close,474,2021,D,159930,能源ETF,2021-12-21,2021-12-22,2022-01-04,2022-01-04,0.914,-0.0150862068965517,-0.0150862068965517,original,8,priority_DCS_raw_noskip,conservative_tp_center15_profit_first,57.4248866213152,0.5114839472370584,0.2762371141377758,0.4451247165532879,0.0044508462793751,0.0021321961620468,0.2083333333333333,0.0833333333333333,-0.0563583815028902,5,0.0767023820632745,1.0,,247,0.0653077652503199,0.6680161943319838,5.650698022363058,5,0.0767023820632745,1.0,,354,0.0653183576116369,0.6638418079096046,4.934531563952784,D43740,False,-0.0150862068965517,True,base_exit_guard
tp15%_D+S_next_close,D+S,next_close,475,2021,D,515210,钢铁ETF,2021-12-22,2021-12-23,2022-01-05,2022-01-05,1.647,-0.046875,-0.046875,original,8,priority_DCS_raw_noskip,conservative_tp_center15_profit_first,53.81239290800754,0.5352668411367335,0.2644628693884075,0.3645880574452003,0.0008172595804797,-0.0077844311377245,0.2083333333333333,0.0,-0.049864771702816,96,0.1068813419741048,0.6458333333333334,9.451650769734032,246,0.0656207535766981,0.6707317073170732,5.6698027499481,115,0.1121637324931938,0.7043478260869566,11.62474964775872,354,0.0653183576116369,0.6638418079096046,4.934531563952784,D43740,False,-0.046875,True,base_exit_guard
tp15%_D+S_next_close,D+S,next_close,476,2021,D,159766,旅游ETF,2021-12-23,2021-12-24,2022-05-16,2022-02-11,1.132,-0.0752577319587628,0.1670103092783503,take_profit_15%,29,priority_DCS_raw_noskip,conservative_tp_center15_profit_first,56.74356043074576,0.5561112531599263,0.2584815220548703,0.4055933484504913,0.0027566952463775,0.0083632019115891,0.25,0.0,-0.0458395014001905,0,,,,245,0.0658309346359824,0.6693877551020408,5.665716230852401,0,,,,354,0.0653183576116369,0.6638418079096046,4.934531563952784,D43740,False,0.1670103092783503,True,base_exit_guard
tp15%_D+S_next_close,D+S,next_close,477,2021,D,159755,电池ETF,2021-12-24,2021-12-27,2022-05-17,2022-05-17,0.993,-0.1952998379254457,-0.1952998379254457,original,90,priority_DCS_raw_noskip,conservative_tp_center15_profit_first,59.63615253793824,0.5286667091328524,0.3083410316948045,0.4210884353741497,0.0051728550287627,-0.0094890510948906,0.25,0.0833333333333333,-0.0502900911715112,0,,,,244,0.0651204804883586,0.6680327868852459,5.596525128618361,0,,,,354,0.0653183576116369,0.6638418079096046,4.934531563952784,D43740,False,-0.1952998379254457,True,base_exit_guard
tp15%_D+S_next_close,D+S,next_close,478,2021,D,515210,钢铁ETF,2021-12-27,2021-12-28,2022-05-18,2022-05-18,1.414,-0.1341090018371096,-0.1341090018371096,original,90,priority_DCS_raw_noskip,conservative_tp_center15_profit_first,58.51608216648535,0.5598865893909493,0.3219661329462955,0.382464096749811,0.016874730951356,0.0109170305676855,0.2083333333333333,0.125,-0.0446199431432297,95,0.1054887061353461,0.6421052631578947,9.25463706159828,243,0.065450862938408,0.6707818930041153,5.621180940192227,115,0.1121637324931938,0.7043478260869566,11.62474964775872,354,0.0653183576116369,0.6638418079096046,4.934531563952784,D43740,False,-0.1341090018371096,True,base_exit_guard
tp15%_D+S_next_close,D+S,next_close,479,2021,D,159930,能源ETF,2021-12-28,2021-12-29,2022-05-19,2022-03-04,1.046,0.123212321232123,0.1507150715071508,take_profit_15%,41,priority_DCS_raw_noskip,conservative_tp_center15_profit_first,54.83371126228269,0.5817439013404695,0.2894885220031336,0.3691609977324263,0.0184814630877013,0.0021551724137931,0.2083333333333333,0.0416666666666666,-0.0450010918583428,5,0.0767023820632745,1.0,,242,0.0656821672536127,0.6694214876033058,5.618427849209958,5,0.0767023820632745,1.0,,354,0.0653183576116369,0.6638418079096046,4.934531563952784,D43740,False,0.1507150715071508,True,base_exit_guard
tp15%_D+S_next_close,D+S,next_close,480,2021,D,159930,能源ETF,2021-12-29,2021-12-30,2022-05-20,2022-03-04,1.046,0.1738648947951273,0.158361018826135,take_profit_15%,40,priority_DCS_raw_noskip,conservative_tp_center15_profit_first,57.34457671957672,0.5504559056816493,0.2813690395296398,0.4441798941798942,0.0096766140716392,0.015897047691143,0.2083333333333333,0.0833333333333333,-0.0475396353363195,5,0.0767023820632745,1.0,,241,0.0648778450865164,0.6680497925311203,5.543021393126333,5,0.0767023820632745,1.0,,354,0.0653183576116369,0.6638418079096046,4.934531563952784,D43740,False,0.158361018826135,True,base_exit_guard
tp15%_D+S_next_close,D+S,next_close,481,2021,D,159930,能源ETF,2021-12-30,2021-12-31,2022-05-23,2022-03-04,1.046,0.1756906077348066,0.1558011049723757,take_profit_15%,39,priority_DCS_raw_noskip,conservative_tp_center15_profit_first,51.282596371882086,0.5923057621022233,0.27938006970481,0.3242630385487529,0.0186564498267424,0.0119850187265917,0.25,0.0416666666666666,-0.0404540638997826,5,0.0767023820632745,1.0,,240,0.0641549912708991,0.6666666666666666,5.473763427586172,5,0.0767023820632745,1.0,,354,0.0653183576116369,0.6638418079096046,4.934531563952784,D43740,False,0.1558011049723757,True,base_exit_guard
tp15%_D+S_next_close,D+S,next_close,482,2021,D,159930,能源ETF,2021-12-31,2022-01-04,2022-05-24,2022-03-04,1.046,0.1597374179431072,0.1444201312910285,take_profit_15%,38,priority_DCS_raw_noskip,conservative_tp_center15_profit_first,46.59722222222223,0.5754008950239272,0.2968906809522565,0.2894179894179894,0.0040338856727508,0.0245139475908706,0.25,0.0416666666666666,-0.0325149155251566,5,0.0767023820632745,1.0,,239,0.0632690708676914,0.6652719665271967,5.39360166991644,5,0.0767023820632745,1.0,,354,0.0653183576116369,0.6638418079096046,4.934531563952784,D43740,False,0.1444201312910285,True,base_exit_guard
tp15%_D+S_next_close,D+S,next_close,483,2022,D,515790,光伏ETF,2022-01-04,2022-01-05,2022-05-25,2022-05-25,1.377,-0.1223709369024856,-0.1223709369024856,original,90,priority_CSD_g40_t060_r040_noskip,conservative_tp_center15_profit_first,55.1370917638213,0.5942036831906039,0.3015633899172364,0.2997732426303855,0.0129030463047532,0.0250536864710091,0.25,0.0833333333333333,-0.0359200007931183,0,,,,237,0.06139790408795,0.6624472573839663,5.227982830997027,0,,,,354,0.0653183576116369,0.6638418079096046,4.934531563952784,D43740,False,-0.1223709369024856,True,no_line_overheat_0.45_0.2_0.03
tp15%_D+S_next_close,D+S,next_close,484,2022,D,515790,光伏ETF,2022-01-05,2022-01-06,2022-05-26,2022-05-26,1.372,-0.1272264631043256,-0.1272264631043256,original,90,priority_CSD_g40_t060_r040_noskip,conservative_tp_center15_profit_first,66.39176201486232,0.5389066940855437,0.3277348569367648,0.4846182917611489,-0.0033558514243238,0.031111111111111,0.3333333333333333,0.125,-0.0527081295907114,0,,,,250,0.0565806876906025,0.652,4.8504770711106,0,,,,368,0.0624801103495919,0.657608695652174,4.763854888313477,D43740,False,-0.1272264631043256,True,no_line_overheat_0.45_0.2_0.03
tp15%_D+S_next_close,D+S,next_close,485,2022,D,515790,光伏ETF,2022-01-06,2022-01-07,2022-05-27,2022-05-27,1.363,-0.1114732724902216,-0.1114732724902216,original,90,priority_CSD_g40_t060_r040_noskip,conservative_tp_center15_profit_first,60.54771281433999,0.4366345843105297,0.3472129834426739,0.4829554043839758,-0.0274265758810801,0.0053050397877985,0.3333333333333333,0.2083333333333333,-0.0552567980746245,0,,,,250,0.0551338670609422,0.648,4.704744597786407,0,,,,369,0.0621837550369914,0.6558265582655827,4.7275785619809625,D43740,False,-0.1114732724902216,True,no_line_overheat_0.45_0.2_0.03
tp15%_D+S_next_close,D+S,next_close,486,2022,D,515790,光伏ETF,2022-01-07,2022-01-10,2022-05-30,2022-05-30,1.37,-0.096306068601583,-0.096306068601583,original,90,priority_CSD_g40_t060_r040_noskip,conservative_tp_center15_profit_first,67.08894411504937,0.4059786039763366,0.3352995244549709,0.5102418745275888,-0.0426320201173511,-0.0058479532163743,0.32,0.24,-0.0577419891791497,0,,,,249,0.0541395069746971,0.6465863453815262,4.6233764191898,0,,,,369,0.0621837550369914,0.6558265582655827,4.7275785619809625,D43740,False,-0.096306068601583,True,no_line_overheat_0.45_0.2_0.03
tp15%_D+S_next_close,D+S,next_close,487,2022,D,515790,光伏ETF,2022-01-10,2022-01-11,2022-05-31,2022-05-31,1.411,-0.0536552649228706,-0.0536552649228706,original,90,priority_CSD_g40_t060_r040_noskip,conservative_tp_center15_profit_first,64.08003624669405,0.4331803181793363,0.3143409479619664,0.4892668178382464,-0.0272684855934258,-0.0052301255230126,0.36,0.2,-0.0469681329447433,0,,,,248,0.0531635652894131,0.6451612903225806,4.543770503864944,0,,,,369,0.0621837550369914,0.6558265582655827,4.7275785619809625,D43740,False,-0.0536552649228706,True,no_line_overheat_0.45_0.2_0.03
tp15%_D+S_next_close,D+S,next_close,488,2022,D,515790,光伏ETF,2022-01-11,2022-01-12,2022-06-01,2022-06-01,1.399,-0.0927367055771725,-0.0927367055771725,original,90,priority_CSD_g40_t060_r040_noskip,conservative_tp_center15_profit_first,70.27768161597204,0.396099067317069,0.3605229317637358,0.5886999244142102,-0.0344876904205666,-0.0027472527472527,0.36,0.24,-0.0634240642263593,0,,,,248,0.0531635652894131,0.6451612903225806,4.543770503864944,0,,,,369,0.0621837550369914,0.6558265582655827,4.7275785619809625,D43740,False,-0.0927367055771725,True,no_line_overheat_0.45_0.2_0.03
tp15%_D+S_next_close,D+S,next_close,489,2022,D,515790,光伏ETF,2022-01-12,2022-01-13,2022-06-02,2022-06-02,1.434,-0.0547132498352009,-0.0547132498352009,original,90,priority_CSD_g40_t060_r040_noskip,conservative_tp_center15_profit_first,56.60555010009583,0.4429307757480927,0.3788711114626036,0.4062358276643991,-0.0240604004190722,-0.0016659725114536,0.32,0.2,-0.0553014192593963,0,,,,248,0.0531635652894131,0.6451612903225806,4.543770503864944,0,,,,369,0.0621837550369914,0.6558265582655827,4.7275785619809625,D43740,False,-0.0547132498352009,True,no_line_overheat_0.45_0.2_0.03
tp15%_D+S_next_close,D+S,next_close,490,2022,D,515790,光伏ETF,2022-01-13,2022-01-14,2022-06-06,2022-06-06,1.503,-0.0182887001959504,-0.0182887001959504,original,90,priority_CSD_g40_t060_r040_noskip,conservative_tp_center15_profit_first,71.07418740214445,0.3587062959514573,0.3744669419258493,0.6114512471655329,-0.0395097140785223,-0.0177490081436625,0.36,0.2,-0.0706134530978871,0,,,,248,0.0531635652894131,0.6451612903225806,4.543770503864944,0,,,,369,0.0621837550369914,0.6558265582655827,4.7275785619809625,D43740,False,-0.0182887001959504,True,no_line_overheat_0.45_0.2_0.03
tp15%_D+S_next_close,D+S,next_close,491,2022,D,515790,光伏ETF,2022-01-14,2022-01-17,2022-06-07,2022-06-07,1.508,-0.0283505154639175,-0.0283505154639175,original,90,priority_CSD_g40_t060_r040_noskip,conservative_tp_center15_profit_first,66.84929514398871,0.3325366746527949,0.3733665977885441,0.607936507936508,-0.0542051105431387,-0.0217076700434152,0.32,0.2,-0.0708037493147204,0,,,,247,0.0519877171525065,0.6437246963562753,4.451417610348194,0,,,,369,0.0621837550369914,0.6558265582655827,4.7275785619809625,D43740,False,-0.0283505154639175,True,no_line_overheat_0.45_0.2_0.03
tp15%_D+S_next_close,D+S,next_close,492,2022,D,510880,红利ETF,2022-01-17,2022-01-18,2022-06-08,2022-06-08,2.937,0.0276417074877535,0.0276417074877535,original,90,priority_CSD_g40_t060_r040_noskip,conservative_tp_center15_profit_first,62.47637944066516,0.3856081593954576,0.3277490526658529,0.5147392290249434,-0.0240098869129645,-0.0184696569920843,0.28,0.08,-0.0615361601978538,24,0.0583430407040127,0.9583333333333334,73.8371189589101,246,0.0507890591024994,0.6422764227642277,4.358188611268595,24,0.0583430407040127,0.9583333333333334,73.8371189589101,369,0.0621837550369914,0.6558265582655827,4.7275785619809625,D43740,False,0.0276417074877535,True,no_line_overheat_0.45_0.2_0.03
tp15%_D+S_next_close,D+S,next_close,493,2022,D,159755,电池ETF,2022-01-18,2022-01-19,2022-06-09,2022-06-09,1.101,-0.05736301369863,-0.05736301369863,original,90,priority_CSD_g40_t060_r040_noskip,conservative_tp_center15_profit_first,57.63216646468811,0.4575614440121532,0.3347537073476583,0.4584278155706727,0.001628976653405,-0.025,0.36,0.0,-0.0529688419995945,0,,,,245,0.0493688343925919,0.6408163265306123,4.251013462678817,0,,,,369,0.0621837550369914,0.6558265582655827,4.7275785619809625,D43740,False,-0.05736301369863,True,no_line_overheat_0.45_0.2_0.03
tp15%_D+S_next_close,D+S,next_close,494,2022,D,159755,电池ETF,2022-01-19,2022-01-20,2022-06-10,2022-06-10,1.151,-0.0094664371772804,-0.0094664371772804,original,90,priority_CSD_g40_t060_r040_noskip,conservative_tp_center15_profit_first,68.14879628378904,0.4097627141761887,0.3310679526460753,0.5442554799697656,-0.0183883991283401,-0.018568186507118,0.36,0.12,-0.0549994065715355,0,,,,244,0.04797976324937,0.639344262295082,4.146644911748753,0,,,,369,0.0621837550369914,0.6558265582655827,4.7275785619809625,D43740,False,-0.0094664371772804,True,no_line_overheat_0.45_0.2_0.03
tp15%_D+S_next_close,D+S,next_close,495,2022,D,512660,军工ETF,2022-01-20,2022-01-21,2022-06-13,2022-06-13,1.123,-0.0884740259740259,-0.0884740259740259,original,90,priority_CSD_g40_t060_r040_noskip,conservative_tp_center15_profit_first,66.65202191987906,0.4097939440816548,0.3653887168048813,0.517233560090703,-0.0218216793089051,-0.0120282040647033,0.36,0.12,-0.0522973887620029,26,0.0941789710092763,0.9230769230769232,40.94664689798325,243,0.0465017496657403,0.6378600823045267,4.037213890920136,45,0.0604914320190293,0.7333333333333333,8.884480170890521,369,0.0621837550369914,0.6558265582655827,4.7275785619809625,D43740,False,-0.0884740259740259,True,no_line_overheat_0.45_0.2_0.03
tp15%_D+S_next_close,D+S,next_close,496,2022,D,512660,军工ETF,2022-01-21,2022-01-24,2022-06-14,2022-06-14,1.103,-0.1147672552166934,-0.1147672552166934,original,90,priority_CSD_g40_t060_r040_noskip,conservative_tp_center15_profit_first,72.25056689342404,0.364424703419258,0.4244699376432255,0.5905139833711263,-0.0420817521737832,0.0046224961479199,0.4,0.2,-0.0700709632213724,26,0.0941789710092763,0.9230769230769232,40.94664689798325,242,0.0452906336034719,0.6363636363636364,3.9459377958691886,45,0.0604914320190293,0.7333333333333333,8.884480170890521,369,0.0621837550369914,0.6558265582655827,4.7275785619809625,D43740,False,-0.1147672552166934,True,no_line_overheat_0.45_0.2_0.03
tp15%_D+S_next_close,D+S,next_close,497,2022,D,512660,军工ETF,2022-01-24,2022-01-25,2022-06-15,2022-06-15,1.109,-0.0983739837398374,-0.0983739837398374,original,90,priority_CSD_g40_t060_r040_noskip,conservative_tp_center15_profit_first,64.46381330309902,0.3508249543649945,0.3758890741231908,0.5594482237339381,-0.0280168098382623,-0.019047619047619,0.4,0.12,-0.0603565858706236,26,0.0941789710092763,0.9230769230769232,40.94664689798325,241,0.0442307773509824,0.6348547717842323,3.8651108196029313,45,0.0604914320190293,0.7333333333333333,8.884480170890521,369,0.0621837550369914,0.6558265582655827,4.7275785619809625,D43740,False,-0.0983739837398374,True,no_line_overheat_0.45_0.2_0.03
tp15%_D+S_next_close,D+S,next_close,498,2022,D,159825,农业ETF,2022-01-25,2022-01-26,2022-06-16,2022-06-16,0.984,0.0357894736842105,0.0357894736842105,original,90,priority_CSD_g40_t060_r040_noskip,conservative_tp_center15_profit_first,83.39872324998764,0.2428511409248334,0.4171005978940378,0.7839002267573696,-0.054053276779539,-0.0450236966824644,0.48,0.2,-0.0920332012694081,0,,,,240,0.0430880868433213,0.6333333333333333,3.779510142357454,0,,,,369,0.0621837550369914,0.6558265582655827,4.7275785619809625,D43740,False,0.0357894736842105,True,no_line_overheat_0.45_0.2_0.03
tp15%_D+S_next_close,D+S,next_close,499,2022,D,512660,军工ETF,2022-01-26,2022-01-27,2022-06-17,2022-06-17,1.114,-0.0670016750418759,-0.0670016750418759,original,90,priority_CSD_g40_t060_r040_noskip,conservative_tp_center15_profit_first,71.81736583522297,0.2906942497168698,0.414786816033,0.6688208616780045,-0.053388141641337,-0.0116363636363636,0.48,0.2,-0.0858751882165273,26,0.0941789710092763,0.9230769230769232,40.94664689798325,239,0.0418061676416367,0.6317991631799164,3.685579843636999,45,0.0604914320190293,0.7333333333333333,8.884480170890521,369,0.0621837550369914,0.6558265582655827,4.7275785619809625,D43740,False,-0.0670016750418759,True,no_line_overheat_0.45_0.2_0.03
tp15%_D+S_next_close,D+S,next_close,500,2022,D,512980,传媒ETF,2022-01-27,2022-01-28,2022-06-20,2022-06-20,0.641,-0.1182943603851444,-0.1182943603851444,original,90,priority_CSD_g40_t060_r040_noskip,conservative_tp_center15_profit_first,87.68140589569161,0.2244110210444706,0.5073964755213898,0.7866969009826152,-0.0689403189403188,-0.0454002389486259,0.6,0.36,-0.1078134097436199,2,0.0344578246718506,0.5,2.673118820177634,238,0.0406520912626515,0.6302521008403361,3.6005167711496355,3,-0.0136540880286071,0.3333333333333333,0.728848557113044,369,0.0621837550369914,0.6558265582655827,4.7275785619809625,D43740,False,-0.1182943603851444,True,no_line_overheat_0.45_0.2_0.03
tp15%_D+S_next_close,D+S,next_close,501,2022,D,512950,央企改革ETF,2022-01-28,2022-02-07,2022-06-21,2022-06-21,1.205,-0.0534171249018066,-0.0534171249018066,original,90,priority_CSD_g40_t060_r040_noskip,conservative_tp_center15_profit_first,85.08245346394007,0.1709875923645241,0.5808547723456658,0.8383975812547243,-0.0827786901040733,-0.075214899713467,0.64,0.56,-0.1146954645825142,1,0.0558951965065501,1.0,,237,0.0397730443376421,0.6286919831223629,3.5335938161807405,1,0.0558951965065501,1.0,,369,0.0621837550369914,0.6558265582655827,4.7275785619809625,D43740,False,-0.0534171249018066,True,no_line_overheat_0.45_0.2_0.03
tp15%_D+S_next_close,D+S,next_close,502,2022,D,512980,传媒ETF,2022-02-07,2022-02-08,2022-06-22,2022-06-22,0.625,-0.1450068399452804,-0.1450068399452804,original,90,priority_CSD_g40_t060_r040_noskip,conservative_tp_center15_profit_first,79.60128495842781,0.2274950389672973,0.540530247728463,0.7031368102796676,-0.0746320025415651,-0.050066398084546,0.68,0.4,-0.0984799594435217,1,0.1101055806938158,1.0,,231,0.0355985603600521,0.6233766233766234,3.2350083882054643,3,-0.0136540880286071,0.3333333333333333,0.728848557113044,369,0.0621837550369914,0.6558265582655827,4.7275785619809625,D43740,False,-0.1450068399452804,True,no_line_overheat_0.45_0.2_0.03
tp15%_D+S_next_close,D+S,next_close,503,2022,D,159755,电池ETF,2022-02-08,2022-02-09,2022-06-23,2022-06-23,1.279,0.1481149012567322,0.1481149012567322,original,90,priority_CSD_g40_t060_r040_noskip,conservative_tp_center15_profit_first,76.82701739272078,0.2432535597070789,0.5994422037019558,0.648034769463341,-0.0710367365336939,-0.0513039688642623,0.6,0.44,-0.1100809023515536,0,,,,230,0.0346655085305098,0.6217391304347826,3.1670062007564503,0,,,,369,0.0621837550369914,0.6558265582655827,4.7275785619809625,D43740,False,0.1481149012567322,True,no_line_overheat_0.45_0.2_0.03
tp15%_D+S_next_close,D+S,next_close,504,2022,D,516750,建材ETF,2022-02-09,2022-02-10,2022-06-24,2022-06-24,1.035,-0.0929009640666083,-0.0929009640666083,original,90,priority_CSD_g40_t060_r040_noskip,conservative_tp_center15_profit_first,65.03186028933537,0.286998301284802,0.55553810497566,0.5218442932728647,-0.0536579421703615,-0.0413022448715008,0.6,0.32,-0.0975843343732684,0,,,,229,0.0336927910886058,0.6200873362445415,3.097042411746408,0,,,,369,0.0621837550369914,0.6558265582655827,4.7275785619809625,D43740,False,-0.0929009640666083,True,no_line_overheat_0.45_0.2_0.03
tp15%_D+S_next_close,D+S,next_close,505,2022,D,159755,电池ETF,2022-02-10,2022-02-11,2022-06-27,2022-06-20,1.243,0.2247403210576015,0.1737488196411711,take_profit_15%,85,priority_CSD_g40_t060_r040_noskip,conservative_tp_center15_profit_first,70.29977089187616,0.3262892413530491,0.5993690663432182,0.5497354497354499,-0.0444702200300279,-0.02867958762197,0.56,0.28,-0.0998117505329408,0,,,,228,0.0329261048817015,0.618421052631579,3.040374779623852,0,,,,369,0.0621837550369914,0.6558265582655827,4.7275785619809625,D43740,False,0.1737488196411711,True,no_line_overheat_0.45_0.2_0.03
tp15%_D+S_next_close,D+S,next_close,506,2022,D,159811,5G50ETF,2022-02-11,2022-02-14,2022-06-28,2022-06-28,0.978,-0.095282146160962,-0.095282146160962,original,90,priority_CSD_g40_t060_r040_noskip,conservative_tp_center15_profit_first,74.66893324516248,0.2998857693474437,0.6511808591987382,0.6098639455782312,-0.033596837944664,-0.0466875755509406,0.6,0.36,-0.1083780116494572,0,,,,227,0.0331821106396753,0.6211453744493393,3.061331583197913,1,0.0197934595524957,1.0,,369,0.0621837550369914,0.6558265582655827,4.7275785619809625,D43740,False,-0.095282146160962,True,no_line_overheat_0.45_0.2_0.03
tp15%_D+S_next_close,D+S,next_close,507,2022,D,516750,建材ETF,2022-02-14,2022-02-15,2022-06-29,2022-06-29,1.053,-0.048780487804878,-0.048780487804878,original,90,priority_CSD_g40_t060_r040_noskip,conservative_tp_center15_profit_first,82.86848072562358,0.2427234437668412,0.5944185893871874,0.6573696145124717,-0.0685413005272406,-0.054685867120109,0.64,0.36,-0.1115928911558559,0,,,,226,0.0322921511877129,0.6194690265486725,2.9972085172858614,0,,,,369,0.0621837550369914,0.6558265582655827,4.7275785619809625,D43740,False,-0.048780487804878,True,no_line_overheat_0.45_0.2_0.03
tp15%_D+S_next_close,D+S,next_close,508,2022,D,516750,建材ETF,2022-02-15,2022-02-16,2022-06-30,2022-06-30,1.078,-0.0468611847922192,-0.0468611847922192,original,90,priority_CSD_g40_t060_r040_noskip,conservative_tp_center15_profit_first,67.28290761262878,0.2804422079667403,0.5504895388122547,0.5799319727891157,-0.0379317652044924,-0.0453013711524583,0.64,0.16,-0.1040489183395049,0,,,,225,0.0320509746385,0.6177777777777778,2.9735209991114884,0,,,,369,0.0621837550369914,0.6558265582655827,4.7275785619809625,D43740,False,-0.0468611847922192,True,no_line_overheat_0.45_0.2_0.03
tp15%_D+S_next_close,D+S,next_close,509,2022,D,516750,建材ETF,2022-02-16,2022-02-17,2022-07-01,2022-07-01,1.075,-0.0469858156028368,-0.0469858156028368,original,90,priority_CSD_g40_t060_r040_noskip,conservative_tp_center15_profit_first,67.31457860922147,0.2664349032724244,0.5302771584235281,0.5650415721844293,-0.0531914893617021,-0.0462580714654209,0.5769230769230769,0.2307692307692307,-0.1013963897627054,0,,,,224,0.0318227484996397,0.6160714285714286,2.950759353989492,0,,,,369,0.0621837550369914,0.6558265582655827,4.7275785619809625,D43740,False,-0.0469858156028368,True,no_line_overheat_0.45_0.2_0.03
tp15%_D+S_next_close,D+S,next_close,510,2022,D,512980,传媒ETF,2022-02-17,2022-02-18,2022-07-04,2022-07-04,0.632,-0.1516778523489932,-0.1516778523489932,original,90,priority_CSD_g40_t060_r040_noskip,conservative_tp_center15_profit_first,69.76615646258504,0.3183595606654822,0.4795358219040718,0.5504157218442933,-0.0269982993197278,-0.0500651413008475,0.5384615384615384,0.1153846153846153,-0.0999031894372674,1,0.1101055806938158,1.0,,223,0.0315724526210293,0.6143497757847534,2.926775770918965,3,-0.0136540880286071,0.3333333333333333,0.728848557113044,369,0.0621837550369914,0.6558265582655827,4.7275785619809625,D43740,False,-0.1516778523489932,True,no_line_overheat_0.45_0.2_0.03
tp15%_D+S_next_close,D+S,next_close,511,2022,D,512980,传媒ETF,2022-02-18,2022-02-21,2022-07-05,2022-07-05,0.623,-0.1715425531914893,-0.1715425531914893,original,90,priority_CSD_g40_t060_r040_noskip,conservative_tp_center15_profit_first,60.00850340136054,0.3745385331694011,0.5195190375292316,0.4428949357520786,-0.0107758620689655,-0.0381913972990103,0.5,0.1153846153846153,-0.0979042082416932,1,0.1101055806938158,1.0,,222,0.0312553471259093,0.6126126126126126,2.898870266986965,3,-0.0136540880286071,0.3333333333333333,0.728848557113044,369,0.0621837550369914,0.6558265582655827,4.7275785619809625,D43740,False,-0.1715425531914893,True,no_line_overheat_0.45_0.2_0.03
tp15%_D+S_next_close,D+S,next_close,512,2022,D,516750,建材ETF,2022-02-21,2022-02-22,2022-07-06,2022-07-06,1.036,-0.0683453237410072,-0.0683453237410072,original,90,priority_CSD_g40_t060_r040_noskip,conservative_tp_center15_profit_first,63.13807745320351,0.3605514963552816,0.5496514493666225,0.400604686318972,-0.0150214592274677,-0.0436919347547305,0.4615384615384615,0.2692307692307692,-0.0915968599963425,0,,,,221,0.0308599530790581,0.6108597285067874,2.8664034488154937,0,,,,369,0.0621837550369914,0.6558265582655827,4.7275785619809625,D43740,False,-0.0683453237410072,True,no_line_overheat_0.45_0.2_0.03
tp15%_D+S_next_close,D+S,next_close,513,2022,D,512980,传媒ETF,2022-02-22,2022-02-23,2022-07-07,2022-07-07,0.609,-0.1691678035470668,-0.1691678035470668,original,90,priority_CSD_g40_t060_r040_noskip,conservative_tp_center15_profit_first,75.50500755857898,0.2600847126216994,0.5666573738762004,0.5620181405895692,-0.051362683438155,-0.0700193850503991,0.5769230769230769,0.3076923076923077,-0.1047169656821401,1,0.1101055806938158,1.0,,221,0.0308599530790581,0.6108597285067874,2.8664034488154937,3,-0.0136540880286071,0.3333333333333333,0.728848557113044,369,0.0621837550369914,0.6558265582655827,4.7275785619809625,D43740,False,-0.1691678035470668,True,no_line_overheat_0.45_0.2_0.03
tp15%_D+S_next_close,D+S,next_close,514,2022,D,159766,旅游ETF,2022-02-23,2022-02-24,2022-07-08,2022-07-08,1.012,-0.0078431372549019,-0.0078431372549019,original,90,priority_CSD_g40_t060_r040_noskip,conservative_tp_center15_profit_first,66.44165838971034,0.3500035175682054,0.4344138305529678,0.4957294028722601,-0.0207684319833852,-0.0563583243886407,0.2692307692307692,0.1538461538461538,-0.0870640732058325,0,,,,220,0.0304675691028668,0.6090909090909091,2.834334265727301,0,,,,369,0.0621837550369914,0.6558265582655827,4.7275785619809625,D43740,False,-0.0078431372549019,True,no_line_overheat_0.45_0.2_0.03
tp15%_D+S_next_close,D+S,next_close,515,2022,D,512980,传媒ETF,2022-02-24,2022-02-25,2022-07-11,2022-07-11,0.606,-0.1428571428571428,-0.1428571428571428,original,90,priority_CSD_g40_t060_r040_noskip,conservative_tp_center15_profit_first,82.61290627362055,0.2459373856672299,0.5282662417253124,0.6849962207105064,-0.0392749244712991,-0.0783627477420091,0.5769230769230769,0.2307692307692307,-0.1044776119402984,1,0.1101055806938158,1.0,,219,0.0307453469046891,0.6118721461187214,2.858085021183995,3,-0.0136540880286071,0.3333333333333333,0.728848557113044,369,0.0621837550369914,0.6558265582655827,4.7275785619809625,D43740,False,-0.1428571428571428,True,no_line_overheat_0.45_0.2_0.03
tp15%_D+S_next_close,D+S,next_close,516,2022,D,512980,传媒ETF,2022-02-25,2022-02-28,2022-07-12,2022-07-12,0.601,-0.1463068181818181,-0.1463068181818181,original,90,priority_CSD_g40_t060_r040_noskip,conservative_tp_center15_profit_first,71.80886243386243,0.2833376451302749,0.4798749996245078,0.6097883597883598,-0.0242038216560509,-0.0660667982256472,0.5,0.1538461538461538,-0.1009657594381036,1,0.1101055806938158,1.0,,218,0.0303125292226297,0.6100917431192661,2.823562858371009,3,-0.0136540880286071,0.3333333333333333,0.728848557113044,369,0.0621837550369914,0.6558265582655827,4.7275785619809625,D43740,False,-0.1463068181818181,True,no_line_overheat_0.45_0.2_0.03
tp15%_D+S_next_close,D+S,next_close,517,2022,D,512980,传媒ETF,2022-02-28,2022-03-01,2022-07-13,2022-07-13,0.604,-0.151685393258427,-0.151685393258427,original,90,priority_CSD_g40_t060_r040_noskip,conservative_tp_center15_profit_first,74.08304988662132,0.3252417586334793,0.441738120798591,0.618896447467876,-0.0205128205128205,-0.0559459851845389,0.3461538461538461,0.1538461538461538,-0.1044776119402984,1,0.1101055806938158,1.0,,217,0.0304489124904079,0.6082949308755761,2.82336489752731,3,-0.0136540880286071,0.3333333333333333,0.728848557113044,369,0.0621837550369914,0.6558265582655827,4.7275785619809625,D43740,False,-0.151685393258427,True,no_line_overheat_0.45_0.2_0.03
tp15%_D+S_next_close,D+S,next_close,518,2022,D,512980,传媒ETF,2022-03-01,2022-03-02,2022-07-14,2022-07-14,0.602,-0.1485148514851485,-0.1485148514851485,original,90,priority_CSD_g40_t060_r040_noskip,conservative_tp_center15_profit_first,65.71806500377929,0.4033203692275662,0.3941527228412474,0.5312925170068027,0.0086058519793459,-0.0499846387753256,0.3076923076923077,0.0,-0.086378077839555,1,0.1101055806938158,1.0,,216,0.030642563941074,0.6111111111111112,2.8322591554882885,3,-0.0136540880286071,0.3333333333333333,0.728848557113044,369,0.0621837550369914,0.6558265582655827,4.7275785619809625,D43740,False,-0.1485148514851485,True,no_line_overheat_0.45_0.2_0.03
tp15%_D+S_next_close,D+S,next_close,519,2022,D,512980,传媒ETF,2022-03-02,2022-03-03,2022-07-15,2022-07-15,0.588,-0.1635846372688477,-0.1635846372688477,original,90,priority_CSD_g40_t060_r040_noskip,conservative_tp_center15_profit_first,71.30007558578987,0.3709539851815296,0.416216144558317,0.5860544217687075,-0.0010649627263045,-0.0633279813347544,0.4230769230769231,0.0384615384615384,-0.0965051628276409,1,0.1101055806938158,1.0,,215,0.0308883033121124,0.6139534883720931,2.8497657603878674,3,-0.0136540880286071,0.3333333333333333,0.728848557113044,369,0.0621837550369914,0.6558265582655827,4.7275785619809625,D43740,False,-0.1635846372688477,True,no_line_overheat_0.45_0.2_0.03
tp15%_D+S_next_close,D+S,next_close,520,2022,D,512980,传媒ETF,2022-03-03,2022-03-04,2022-07-18,2022-07-18,0.604,-0.1383737517831669,-0.1383737517831669,original,90,priority_CSD_g40_t060_r040_noskip,conservative_tp_center15_profit_first,66.14843159486017,0.4041563092139908,0.5121444188117997,0.4945956160241875,0.0183875530410184,-0.0709185935887513,0.5384615384615384,0.0,-0.108617950754567,1,0.1101055806938158,1.0,,214,0.0303289930619998,0.6121495327102804,2.8078233364422043,3,-0.0136540880286071,0.3333333333333333,0.728848557113044,369,0.0621837550369914,0.6558265582655827,4.7275785619809625,D43740,False,-0.1383737517831669,True,no_line_overheat_0.45_0.2_0.03
tp15%_D+S_next_close,D+S,next_close,521,2022,D,159755,电池ETF,2022-03-04,2022-03-07,2022-07-19,2022-06-20,1.243,0.2149805447470818,0.2091439688715954,take_profit_15%,69,priority_CSD_g40_t060_r040_noskip,conservative_tp_center15_profit_first,72.9478205333954,0.3707578895338236,0.4879437324498486,0.6215797430083144,0.0196292257360959,-0.0831685313814944,0.5,0.0,-0.119340746624305,0,,,,131,0.0150118750423414,0.5267175572519084,1.6519537590285678,0,,,,369,0.0621837550369914,0.6558265582655827,4.7275785619809625,D43740,False,0.2091439688715954,True,no_line_overheat_0.45_0.2_0.03
tp15%_D+S_next_close,D+S,next_close,522,2022,D,159766,旅游ETF,2022-03-07,2022-03-08,2022-07-20,2022-07-01,1.064,0.0548654244306416,0.1014492753623188,take_profit_15%,77,priority_CSD_g40_t060_r040_noskip,conservative_tp_center15_profit_first,88.09536548701877,0.210504207861044,0.4938298744364612,0.78718820861678,-0.0349075975359343,-0.1197074434385955,0.5769230769230769,0.1538461538461538,-0.1499205718824463,0,,,,130,0.0149838008606555,0.5230769230769231,1.6457670806292508,0,,,,369,0.0621837550369914,0.6558265582655827,4.7275785619809625,D43740,False,0.1014492753623188,True,no_line_overheat_0.45_0.2_0.03
tp15%_D+S_next_close,D+S,next_close,523,2022,D,159766,旅游ETF,2022-03-08,2022-03-09,2022-07-21,2022-07-01,1.064,0.0607966457023061,0.1153039832285116,take_profit_15%,76,priority_CSD_g40_t060_r040_noskip,conservative_tp_center15_profit_first,91.38581779362512,0.1370314050691456,0.5428148524091035,0.8683295540438399,-0.0532467532467533,-0.1304956816901165,0.8076923076923077,0.2692307692307692,-0.1723484848484848,0,,,,129,0.0148813751207266,0.5193798449612403,1.6364192858525597,0,,,,369,0.0621837550369914,0.6558265582655827,4.7275785619809625,D43740,False,0.1153039832285116,True,no_line_overheat_0.45_0.2_0.03
tp15%_D+S_next_close,D+S,next_close,524,2022,D,159766,旅游ETF,2022-03-09,2022-03-10,2022-07-22,2022-07-01,1.064,0.0626304801670147,0.1106471816283924,take_profit_15%,75,priority_CSD_g40_t060_r040_noskip,conservative_tp_center15_profit_first,90.98860265708684,0.1138273974296461,0.575564344581839,0.8859032501889645,-0.0769230769230768,-0.1237700463071023,0.8076923076923077,0.4230769230769231,-0.1683876092136615,0,,,,128,0.0148216086935458,0.515625,1.6289496361666218,0,,,,369,0.0621837550369914,0.6558265582655827,4.7275785619809625,D43740,False,0.1106471816283924,True,no_line_overheat_0.45_0.2_0.03
tp15%_D+S_next_close,D+S,next_close,525,2022,D,159766,旅游ETF,2022-03-10,2022-03-11,2022-07-25,2022-07-01,1.064,0.0463917525773194,0.0969072164948454,take_profit_15%,74,priority_CSD_g40_t060_r040_noskip,conservative_tp_center15_profit_first,81.41609165147048,0.155872523039521,0.5288883536896685,0.7854119425547996,-0.0598739495798318,-0.1272266918460264,0.7692307692307693,0.2307692307692307,-0.1589113257243196,0,,,,128,0.0148216086935458,0.515625,1.6289496361666218,0,,,,369,0.0621837550369914,0.6558265582655827,4.7275785619809625,D43740,False,0.0969072164948454,True,no_line_overheat_0.45_0.2_0.03
tp15%_D+S_next_close,D+S,next_close,526,2022,D,159766,旅游ETF,2022-03-11,2022-03-14,2022-07-26,2022-06-29,1.077,0.1375137513751374,0.1848184818481848,take_profit_15%,71,priority_CSD_g40_t060_r040_noskip,conservative_tp_center15_profit_first,80.82832594974846,0.1544178539091587,0.5402104804846438,0.781254724111867,-0.0518977536793183,-0.1258704693998811,0.6923076923076923,0.2692307692307692,-0.1483757682177349,0,,,,126,0.0148148141545217,0.5079365079365079,1.6188384793405362,0,,,,369,0.0621837550369914,0.6558265582655827,4.7275785619809625,D43740,False,0.1848184818481848,True,no_line_overheat_0.45_0.2_0.03
tp15%_D+S_next_close,D+S,next_close,527,2022,D,159766,旅游ETF,2022-03-14,2022-03-15,2022-07-27,2022-04-13,0.985,0.1778290993071594,0.1374133949191684,take_profit_15%,19,priority_CSD_g40_t060_r040_noskip,conservative_tp_center15_profit_first,95.38598480327803,0.112322550062725,0.602416765905956,0.9095993953136812,-0.0636108512628625,-0.1526722359633525,0.8461538461538461,0.3846153846153846,-0.1666666666666667,0,,,,126,0.0148148141545217,0.5079365079365079,1.6188384793405362,0,,,,369,0.0621837550369914,0.6558265582655827,4.7275785619809625,D43740,False,0.1374133949191684,True,no_line_overheat_0.45_0.2_0.03
tp15%_D+S_next_close,D+S,next_close,528,2022,D,159766,旅游ETF,2022-03-15,2022-03-16,2022-07-28,2022-07-01,1.064,0.0735294117647058,0.1176470588235294,take_profit_15%,71,priority_CSD_g40_t060_r040_noskip,conservative_tp_center15_profit_first,96.859410430839,0.0423808440611479,0.6760356905036711,0.9427437641723356,-0.1164948453608247,-0.2002983603154836,0.8846153846153846,0.7307692307692307,-0.2049742710120068,0,,,,126,0.0148148141545217,0.5079365079365079,1.6188384793405362,0,,,,369,0.0621837550369914,0.6558265582655827,4.7275785619809625,D43740,False,0.1176470588235294,True,no_line_overheat_0.45_0.2_0.03
tp15%_D+S_next_close,D+S,next_close,529,2022,D,159996,家电ETF,2022-03-16,2022-03-17,2022-07-29,2022-06-28,1.148,0.1391129032258062,0.157258064516129,take_profit_15%,67,priority_CSD_g40_t060_r040_noskip,conservative_tp_center15_profit_first,82.91155977658082,0.066319518829416,0.6640698097429518,0.8069538926681784,-0.0932261493898681,-0.1669796242722954,0.8076923076923077,0.5769230769230769,-0.1781445645987478,20,-0.0278512183426908,0.2,0.1276555510906014,126,0.0148148141545217,0.5079365079365079,1.6188384793405362,60,0.0507797863260016,0.6166666666666667,4.94327023275804,369,0.0621837550369914,0.6558265582655827,4.7275785619809625,D43740,False,0.157258064516129,True,no_line_overheat_0.45_0.2_0.03
tp15%_D+S_next_close,D+S,next_close,530,2022,D,159996,家电ETF,2022-03-17,2022-03-18,2022-08-01,2022-07-01,1.147,0.132132132132132,0.1481481481481481,take_profit_15%,69,priority_CSD_g40_t060_r040_noskip,conservative_tp_center15_profit_first,81.21217686289995,0.0842688834345216,0.640058592647054,0.7881708238851097,-0.08197281003937,-0.1461000301791544,0.7307692307692307,0.5,-0.1524763494713411,20,-0.0278512183426908,0.2,0.1276555510906014,126,0.0148148141545217,0.5079365079365079,1.6188384793405362,60,0.0507797863260016,0.6166666666666667,4.94327023275804,369,0.0621837550369914,0.6558265582655827,4.7275785619809625,D43740,False,0.1481481481481481,True,no_line_overheat_0.45_0.2_0.03
tp15%_D+S_next_close,D+S,next_close,531,2022,D,159996,家电ETF,2022-03-18,2022-03-21,2022-08-02,2022-07-01,1.147,0.1001001001001,0.1481481481481481,take_profit_15%,68,priority_CSD_g40_t060_r040_noskip,conservative_tp_center15_profit_first,80.09726700291732,0.0983760640976948,0.6088906607272512,0.7690098261526833,-0.080582054776454,-0.1459009521758525,0.5769230769230769,0.5,-0.1357537490134175,20,-0.0278512183426908,0.2,0.1276555510906014,126,0.0148148141545217,0.5079365079365079,1.6188384793405362,60,0.0507797863260016,0.6166666666666667,4.94327023275804,369,0.0621837550369914,0.6558265582655827,4.7275785619809625,D43740,False,0.1481481481481481,True,no_line_overheat_0.45_0.2_0.03
tp15%_D+S_next_close,D+S,next_close,532,2022,D,159887,银行ETF,2022-03-21,2022-03-22,2022-08-03,2022-08-03,0.842,-0.0797814207650273,-0.0797814207650273,original,90,priority_CSD_g40_t060_r040_noskip,conservative_tp_center15_profit_first,81.62376967695292,0.102837347498605,0.6768700302258376,0.7241118669690099,-0.08685590353579,-0.1281601890247162,0.5769230769230769,0.5384615384615384,-0.1325036603221083,2,-0.0036400412451326,0.5,0.4242668097281835,126,0.0148148141545217,0.5079365079365079,1.6188384793405362,2,-0.0036400412451326,0.5,0.4242668097281835,369,0.0621837550369914,0.6558265582655827,4.7275785619809625,D43740,False,-0.0797814207650273,True,no_line_overheat_0.45_0.2_0.03
tp15%_D+S_next_close,D+S,next_close,533,2022,D,159766,旅游ETF,2022-03-22,2022-03-23,2022-08-04,2022-07-01,1.064,-0.0061855670103092,0.0969072164948454,take_profit_15%,66,priority_CSD_g40_t060_r040_noskip,conservative_tp_center15_profit_first,77.69705256203201,0.135664551376389,0.6896522682462645,0.6775510204081633,-0.0699171968002508,-0.1203563595876719,0.5,0.3461538461538461,-0.1329331046312178,0,,,,126,0.0148148141545217,0.5079365079365079,1.6188384793405362,0,,,,369,0.0621837550369914,0.6558265582655827,4.7275785619809625,D43740,False,0.0969072164948454,True,no_line_overheat_0.45_0.2_0.03
tp15%_D+S_next_close,D+S,next_close,534,2022,D,159887,银行ETF,2022-03-23,2022-03-24,2022-08-05,2022-08-05,0.857,-0.0592755214050494,-0.0592755214050494,original,90,priority_CSD_g40_t060_r040_noskip,conservative_tp_center15_profit_first,73.5379493772272,0.1340488016593406,0.6689713236814323,0.6349584278155707,-0.0692867668729737,-0.1240960108316325,0.5,0.4230769230769231,-0.1355060034305316,2,-0.0036400412451326,0.5,0.4242668097281835,126,0.0148148141545217,0.5079365079365079,1.6188384793405362,2,-0.0036400412451326,0.5,0.4242668097281835,369,0.0621837550369914,0.6558265582655827,4.7275785619809625,D43740,False,-0.0592755214050494,True,no_line_overheat_0.45_0.2_0.03
tp15%_D+S_next_close,D+S,next_close,535,2022,D,159811,5G50ETF,2022-03-24,2022-03-25,2022-08-08,2022-08-08,0.971,-0.0051229508196721,-0.0051229508196721,original,90,priority_CSD_g40_t060_r040_noskip,conservative_tp_center15_profit_first,79.9300681091791,0.1497015361620451,0.5634008363033683,0.6777021919879063,-0.0645759679686502,-0.1281376592788377,0.5384615384615384,0.2307692307692307,-0.1526586620926243,0,,,,126,0.0148148141545217,0.5079365079365079,1.6188384793405362,1,0.0197934595524957,1.0,,368,0.0614513029227545,0.654891304347826,4.673689182667234,D43740,False,-0.0051229508196721,True,no_line_overheat_0.45_0.2_0.03
tp15%_D+S_next_close,D+S,next_close,536,2022,D,159811,5G50ETF,2022-03-25,2022-03-28,2022-08-09,2022-08-09,0.974,0.0103734439834024,0.0103734439834024,original,90,priority_CSD_g40_t060_r040_noskip,conservative_tp_center15_profit_first,84.72055856039285,0.1231321501632416,0.6033298245338533,0.7630385487528345,-0.0808706974637681,-0.1471836419753086,0.5769230769230769,0.5,-0.1723320158102766,0,,,,126,0.0148148141545217,0.5079365079365079,1.6188384793405362,1,0.0197934595524957,1.0,,367,0.0612342179298271,0.6539509536784741,4.65076379623331,D43740,False,0.0103734439834024,True,no_line_overheat_0.45_0.2_0.03
tp15%_D+S_next_close,D+S,next_close,537,2022,D,515170,食品饮料ETF,2022-03-28,2022-03-29,2022-08-10,2022-06-20,0.791,0.1255605381165918,0.1823617339312406,take_profit_15%,53,priority_CSD_g40_t060_r040_noskip,conservative_tp_center15_profit_first,85.49798446345626,0.111657500899049,0.6267006372877518,0.7850340136054421,-0.0898960221708236,-0.1311938624581867,0.6153846153846154,0.5769230769230769,-0.171144859813084,12,0.118496753368669,1.0,,126,0.0148148141545217,0.5079365079365079,1.6188384793405362,12,0.118496753368669,1.0,,366,0.0610159466801078,0.6530054644808743,4.627838409799385,D43740,False,0.1823617339312406,True,no_line_overheat_0.45_0.2_0.03
tp15%_D+S_next_close,D+S,next_close,538,2022,D,159811,5G50ETF,2022-03-29,2022-03-30,2022-08-11,2022-08-11,0.993,0.0376175548589341,0.0376175548589341,original,90,priority_CSD_g40_t060_r040_noskip,conservative_tp_center15_profit_first,88.35566480984872,0.1198355229044256,0.6567162836034444,0.7927059712774,-0.0987667689483227,-0.1290969192362685,0.6538461538461539,0.6538461538461539,-0.1662269962007662,0,,,,126,0.0148148141545217,0.5079365079365079,1.6188384793405362,1,0.0197934595524957,1.0,,365,0.0607025050577607,0.6520547945205479,4.599340835332952,D43740,False,0.0376175548589341,True,no_line_overheat_0.45_0.2_0.03
tp15%_D+S_next_close,D+S,next_close,539,2022,D,159996,家电ETF,2022-03-30,2022-03-31,2022-08-12,2022-06-28,1.148,0.1175879396984924,0.1537688442211053,take_profit_15%,57,priority_CSD_g40_t060_r040_noskip,conservative_tp_center15_profit_first,75.3712894063401,0.1780367808237005,0.6229374809370198,0.6746031746031746,-0.0685538709892781,-0.1164500881137078,0.5384615384615384,0.4615384615384615,-0.1374206653647648,20,-0.0278512183426908,0.2,0.1276555510906014,126,0.0148148141545217,0.5079365079365079,1.6188384793405362,59,0.0460179838387105,0.6101694915254238,4.513937394953432,364,0.0603538332375374,0.6510989010989011,4.568861855790808,D43740,False,0.1537688442211053,True,no_line_overheat_0.45_0.2_0.03
tp15%_D+S_next_close,D+S,next_close,540,2022,D,159811,5G50ETF,2022-03-31,2022-04-01,2022-08-15,2022-08-15,0.968,0.0330843116328707,0.0330843116328707,original,90,priority_CSD_g40_t060_r040_noskip,conservative_tp_center15_profit_first,84.50234056488732,0.1355366185793874,0.6273453576854925,0.7674603174603175,-0.0852593733949667,-0.1408644045505359,0.5384615384615384,0.5384615384615384,-0.1557506584723441,0,,,,126,0.0148148141545217,0.5079365079365079,1.6188384793405362,1,0.0197934595524957,1.0,,363,0.0599722784248119,0.650137741046832,4.536557055139152,D43740,False,0.0330843116328707,True,no_line_overheat_0.45_0.2_0.03
tp15%_D+S_next_close,D+S,next_close,541,2022,D,159811,5G50ETF,2022-04-01,2022-04-06,2022-08-16,2022-08-16,0.968,0.0544662309368191,0.0544662309368191,original,90,priority_CSD_g40_t060_r040_noskip,conservative_tp_center15_profit_first,76.8970994580724,0.1625086933947301,0.6096436045940421,0.6780423280423282,-0.0601750045812717,-0.137578347660866,0.4615384615384615,0.3076923076923077,-0.1300622682764521,0,,,,111,-0.0036704837611407,0.4414414414414414,0.8649306396586004,1,0.0197934595524957,1.0,,362,0.0596000830770105,0.649171270718232,4.504926628633026,D43740,False,0.0544662309368191,True,no_line_overheat_0.45_0.2_0.03
tp15%_D+S_next_close,D+S,next_close,542,2022,D,159811,5G50ETF,2022-04-06,2022-04-07,2022-08-17,2022-08-17,0.985,0.0871964679911698,0.0871964679911698,original,90,priority_CSD_g40_t060_r040_noskip,conservative_tp_center15_profit_first,80.14857551647111,0.2680065137887024,0.5834327232094441,0.6647014361300075,-0.0162529404481861,-0.1485999604863767,0.4615384615384615,0.1923076923076923,-0.1336497927184892,0,,,,110,-0.0037546389969581,0.4363636363636363,0.8630785691071579,1,0.0197934595524957,1.0,,359,0.0587391789244979,0.6462395543175488,4.425672295632859,D43740,False,0.0871964679911698,True,no_line_overheat_0.45_0.2_0.03
tp15%_D+S_next_close,D+S,next_close,543,2022,D,159996,家电ETF,2022-04-07,2022-04-08,2022-08-18,2022-06-28,1.148,0.1396761133603237,0.1619433198380566,take_profit_15%,53,priority_CSD_g40_t060_r040_noskip,conservative_tp_center15_profit_first,85.31510329501401,0.2554601332616839,0.5631395654742049,0.7738851095993954,-0.0054528864814761,-0.1409458804222147,0.5769230769230769,0.1153846153846153,-0.1460937389756115,20,-0.0278512183426908,0.2,0.1276555510906014,110,-0.0037546389969581,0.4363636363636363,0.8630785691071579,58,0.0425049252522942,0.603448275862069,4.1906684004086765,358,0.0582055582459327,0.6452513966480447,4.385095931717928,D43740,False,0.1619433198380566,True,no_line_overheat_0.45_0.2_0.03
tp15%_D+S_next_close,D+S,next_close,544,2022,D,159811,5G50ETF,2022-04-08,2022-04-11,2022-08-19,2022-08-12,0.975,0.1522248243559718,0.1416861826697892,take_profit_15%,85,priority_CSD_g40_t060_r040_noskip,conservative_tp_center15_profit_first,82.82005929621062,0.3328933787545502,0.524311461515977,0.7201058201058202,0.0174941202174555,-0.1324900443744531,0.5769230769230769,0.1153846153846153,-0.1439221658812779,0,,,,110,-0.0037546389969581,0.4363636363636363,0.8630785691071579,1,0.0197934595524957,1.0,,357,0.0581385324008848,0.6442577030812325,4.371753182235353,D43740,False,0.1416861826697892,True,no_line_overheat_0.45_0.2_0.03
tp15%_D+S_next_close,D+S,next_close,545,2022,C,512660,军工ETF,2022-04-11,2022-04-12,2022-06-13,2022-06-13,1.123,0.0808469682386912,0.0808469682386912,original,40,priority_CSD_g40_t060_r040_noskip,conservative_tp_center15_profit_first,0.8,0.1961892549122486,0.5801850201139069,0.8719954648526077,-0.040710562481195,-0.1515144794138739,0.6538461538461539,0.3846153846153846,-0.178561195747738,18,0.0251331499175306,0.5555555555555556,1.50386734444489,198,0.0646511420059728,0.6616161616161617,3.738291073069329,44,0.0163082086177011,0.5227272727272727,1.3150876655418993,367,0.059025378894106,0.6893732970027248,3.965720877186385,C13666,False,0.0808469682386912,True,no_line_overheat_0.45_0.2_0.03
tp15%_D+S_next_close,D+S,next_close,546,2022,D,159811,5G50ETF,2022-04-12,2022-04-13,2022-08-23,2022-08-12,0.975,0.1398354876615746,0.145710928319624,take_profit_15%,83,priority_CSD_g40_t060_r040_noskip,conservative_tp_center15_profit_first,80.47669140212264,0.2289458379258107,0.542259323536274,0.7739229024943312,-0.036958922403277,-0.1257668711656442,0.6538461538461539,0.2307692307692307,-0.1490624482750467,0,,,,110,-0.0037546389969581,0.4363636363636363,0.8630785691071579,1,0.0197934595524957,1.0,,355,0.0568751138390578,0.6422535211267606,4.28000214194949,D43740,False,0.145710928319624,True,no_line_overheat_0.45_0.2_0.03
tp15%_D+S_next_close,D+S,next_close,547,2022,D,159811,5G50ETF,2022-04-13,2022-04-14,2022-08-24,2022-08-24,0.937,0.0844907407407409,0.0844907407407409,original,90,priority_CSD_g40_t060_r040_noskip,conservative_tp_center15_profit_first,90.6547682149036,0.2106467442932528,0.51595851050756,0.8523431594860168,-0.0236284963684129,-0.1581722319859402,0.6538461538461539,0.1923076923076923,-0.159505962655569,0,,,,110,-0.0037546389969581,0.4363636363636363,0.8630785691071579,1,0.0197934595524957,1.0,,354,0.0566814817441939,0.6412429378531074,4.259627343416921,D43740,False,0.0844907407407409,True,no_line_overheat_0.45_0.2_0.03
tp15%_D+S_next_close,D+S,next_close,548,2022,C,512660,军工ETF,2022-04-14,2022-04-15,2022-06-16,2022-06-16,1.11,0.0935960591133007,0.0935960591133007,original,40,priority_CSD_g40_t060_r040_noskip,conservative_tp_center15_profit_first,0.8,0.3933345971450434,0.5613831163294816,0.7238851095993952,0.0539937375462568,-0.135593220338983,0.6538461538461539,0.1538461538461538,-0.1471301936314564,18,0.0251331499175306,0.5555555555555556,1.50386734444489,198,0.0600455201619022,0.6464646464646465,3.262797859185994,44,0.0163082086177011,0.5227272727272727,1.3150876655418993,367,0.057132809722476,0.6811989100817438,3.659677113226586,C13666,False,0.0935960591133007,True,no_line_overheat_0.45_0.2_0.03
tp15%_D+S_next_close,D+S,next_close,549,2022,D,512980,传媒ETF,2022-04-15,2022-04-18,2022-08-26,2022-08-26,0.603,-0.021103896103896,-0.021103896103896,original,90,priority_CSD_g40_t060_r040_noskip,conservative_tp_center15_profit_first,82.51984126984127,0.2650379121560771,0.5476291401999404,0.7687830687830687,0.0024241133888922,-0.1548556430446194,0.6538461538461539,0.2307692307692307,-0.1542096760393966,1,0.1101055806938158,1.0,,110,-0.0037546389969581,0.4363636363636363,0.8630785691071579,3,-0.0136540880286071,0.3333333333333333,0.728848557113044,352,0.0571001023422515,0.6420454545454546,4.347987808181156,D43740,False,-0.021103896103896,True,no_line_overheat_0.45_0.2_0.03
tp15%_D+S_next_close,D+S,next_close,550,2022,D,512980,传媒ETF,2022-04-18,2022-04-19,2022-08-29,2022-08-29,0.6,-0.0322580645161291,-0.0322580645161291,original,90,priority_CSD_g40_t060_r040_noskip,conservative_tp_center15_profit_first,79.1151738473167,0.2265487888570957,0.6121385845470753,0.7446712018140589,-0.0183888397944579,-0.1460580912863072,0.6538461538461539,0.2307692307692307,-0.1585778930376565,1,0.1101055806938158,1.0,,110,-0.0037546389969581,0.4363636363636363,0.8630785691071579,3,-0.0136540880286071,0.3333333333333333,0.728848557113044,351,0.0568213135883692,0.6410256410256411,4.322176513693406,D43740,False,-0.0322580645161291,True,no_line_overheat_0.45_0.2_0.03
tp15%_D+S_next_close,D+S,next_close,551,2022,D,159811,5G50ETF,2022-04-19,2022-04-20,2022-08-30,2022-08-30,0.931,0.0738177623990774,0.0738177623990774,original,90,priority_CSD_g40_t060_r040_noskip,conservative_tp_center15_profit_first,82.12722519560769,0.1890624574644341,0.6056554583144147,0.7284958427815572,-0.0385059946340352,-0.147239263803681,0.6538461538461539,0.2692307692307692,-0.1600004790243682,0,,,,110,-0.0037546389969581,0.4363636363636363,0.8630785691071579,1,0.0197934595524957,1.0,,350,0.0573185933141123,0.6428571428571429,4.408255513206589,D43740,False,0.0738177623990774,True,no_line_overheat_0.45_0.2_0.03
tp15%_D+S_next_close,D+S,next_close,552,2022,D,159870,化工ETF,2022-04-20,2022-04-21,2022-08-31,2022-06-13,0.922,0.0818414322250637,0.1790281329923273,take_profit_15%,33,priority_CSD_g40_t060_r040_noskip,conservative_tp_center15_profit_first,86.47198115357254,0.1501355934933811,0.5940551797163205,0.8385865457294029,-0.0468002991772625,-0.1774193548387097,0.6923076923076923,0.3461538461538461,-0.1815572194542123,15,-0.0459579405127384,0.0,,110,-0.0037546389969581,0.4363636363636363,0.8630785691071579,16,-0.0427364072195191,0.0625,0.0081039201154258,349,0.0577335976903788,0.6446991404011462,4.474788675408431,D43740,False,0.1790281329923273,True,no_line_overheat_0.45_0.2_0.03
tp15%_D+S_next_close,D+S,next_close,553,2022,D,159811,5G50ETF,2022-04-21,2022-04-22,2022-09-01,2022-06-29,0.96,0.0794780545670226,0.1387900355871885,take_profit_15%,44,priority_CSD_g40_t060_r040_noskip,conservative_tp_center15_profit_first,92.73241494564704,0.0934855785544878,0.5926058276978192,0.908578987150416,-0.0702132038901561,-0.1806797853309482,0.7692307692307693,0.4615384615384615,-0.187886420883902,0,,,,110,-0.0037546389969581,0.4363636363636363,0.8630785691071579,1,0.0197934595524957,1.0,,348,0.0582544800727062,0.646551724137931,4.572194216771433,D43740,False,0.1387900355871885,True,no_line_overheat_0.45_0.2_0.03
tp15%_D+S_next_close,D+S,next_close,554,2022,D,159811,5G50ETF,2022-04-22,2022-04-25,2022-09-02,2022-05-24,0.872,0.1687817258883248,0.1065989847715735,take_profit_15%,18,priority_CSD_g40_t060_r040_noskip,conservative_tp_center15_profit_first,88.31082387109294,0.1328783190345186,0.5879762147147224,0.8672713529856388,-0.0582991157587932,-0.1808873720136519,0.7307692307692307,0.4615384615384615,-0.1822214242307054,0,,,,110,-0.0037546389969581,0.4363636363636363,0.8630785691071579,1,0.0197934595524957,1.0,,347,0.058159235497048,0.6455331412103746,4.556105628141856,D43740,False,0.1065989847715735,True,no_line_overheat_0.45_0.2_0.03
tp15%_D+S_next_close,D+S,next_close,555,2022,C,512660,军工ETF,2022-04-25,2022-04-26,2022-06-27,2022-06-27,1.171,0.3584686774941996,0.3584686774941996,original,40,priority_CSD_g40_t060_r040_noskip,conservative_tp_center15_profit_first,1.0,0.0435521664023481,0.6047544239080905,0.9592970521541953,-0.1051650696677206,-0.2154648132059079,0.8461538461538461,0.5384615384615384,-0.2109244974046304,18,0.0251331499175306,0.5555555555555556,1.50386734444489,198,0.0435954501146291,0.6111111111111112,2.283580470265424,44,0.0163082086177011,0.5227272727272727,1.3150876655418993,367,0.0509209856390288,0.662125340599455,2.99779673387867,C13666,False,0.3584686774941996,True,no_line_overheat_0.45_0.2_0.03
tp15%_D+S_next_close,D+S,next_close,556,2022,C,512660,军工ETF,2022-04-26,2022-04-27,2022-06-28,2022-06-28,1.197,0.2968580715059588,0.2968580715059588,original,40,priority_CSD_g40_t060_r040_noskip,conservative_tp_center15_profit_first,1.0,0.0493078780571685,0.6509937615484879,0.9442932728647012,-0.1059409495861271,-0.1934046345811052,0.8846153846153846,0.6923076923076923,-0.2212034824490201,18,0.0251331499175306,0.5555555555555556,1.50386734444489,198,0.0410355391040624,0.6060606060606061,2.1563783967409,44,0.0163082086177011,0.5227272727272727,1.3150876655418993,367,0.0499699298152267,0.659400544959128,2.899284159317317,C13666,False,0.2968580715059588,True,no_line_overheat_0.45_0.2_0.03
tp15%_D+S_next_close,D+S,next_close,557,2022,D,512950,央企改革ETF,2022-04-27,2022-04-28,2022-09-07,2022-09-07,1.189,0.0750452079566004,0.0750452079566004,original,90,priority_CSD_g40_t060_r040_noskip,conservative_tp_center15_profit_first,84.72758695717184,0.0735762246432668,0.6053813567588354,0.859486016628874,-0.0801221001221001,-0.1741504854368931,0.8076923076923077,0.5,-0.1970936625142875,0,,,,110,-0.0037546389969581,0.4363636363636363,0.8630785691071579,1,0.0558951965065501,1.0,,344,0.0586409968043319,0.6453488372093024,4.638295283696559,D43740,False,0.0750452079566004,True,no_line_overheat_0.45_0.2_0.03
tp15%_D+S_next_close,D+S,next_close,558,2022,D,512980,传媒ETF,2022-04-28,2022-04-29,2022-09-08,2022-09-08,0.582,-0.0135593220338983,-0.0135593220338983,original,90,priority_CSD_g40_t060_r040_noskip,conservative_tp_center15_profit_first,86.94491685563113,0.0851308811564914,0.653722096041849,0.8146258503401361,-0.0914215587044534,-0.1559633027522936,0.8076923076923077,0.5769230769230769,-0.2051718550698229,1,0.1101055806938158,1.0,,110,-0.0037546389969581,0.4363636363636363,0.8630785691071579,3,-0.0136540880286071,0.3333333333333333,0.728848557113044,343,0.0585240805632236,0.6443148688046647,4.62048603284519,D43740,False,-0.0135593220338983,True,no_line_overheat_0.45_0.2_0.03
tp15%_D+S_next_close,D+S,next_close,559,2022,D,512400,有色金属ETF,2022-04-29,2022-05-05,2022-09-09,2022-06-09,1.253,0.1393442622950818,0.141165755919854,take_profit_15%,24,priority_CSD_g40_t060_r040_noskip,conservative_tp_center15_profit_first,78.61489040060468,0.1208225228378387,0.6863571804701272,0.7654195011337868,-0.0808472681483655,-0.127676447264076,0.7307692307692307,0.5,-0.1759027864550793,3,-0.0261850714908948,0.3333333333333333,0.4681441415712434,110,-0.0037546389969581,0.4363636363636363,0.8630785691071579,15,0.0923457558358152,0.8666666666666667,10.378364931978178,342,0.0591308125138155,0.6461988304093568,4.748064574075041,D43740,False,0.141165755919854,True,no_line_overheat_0.45_0.2_0.03
tp15%_D+S_next_close,D+S,next_close,560,2022,D,512720,计算机ETF,2022-05-05,2022-05-06,2022-09-13,2022-09-13,1.005,0.0501567398119122,0.0501567398119122,original,90,priority_CSD_g40_t060_r040_noskip,conservative_tp_center15_profit_first,82.63493897970932,0.1486413972568694,0.7142147546742577,0.7581254724111868,-0.0684147295765322,-0.1031847133757962,0.5384615384615384,0.4230769230769231,-0.1713685424734284,0,,,,110,-0.0037546389969581,0.4363636363636363,0.8630785691071579,0,,,,338,0.0594099171039585,0.6449704142011834,4.832805891621551,D43740,False,0.0501567398119122,True,no_line_overheat_0.45_0.2_0.03
tp15%_D+S_next_close,D+S,next_close,561,2022,D,159766,旅游ETF,2022-05-06,2022-05-09,2022-09-14,2022-06-27,1.026,0.1715976331360946,0.2142011834319528,take_profit_15%,34,priority_CSD_g40_t060_r040_noskip,conservative_tp_center15_profit_first,90.43190263464,0.079468692630844,0.8230617287697766,0.8415721844293274,-0.1089205049608776,-0.1230670103092783,0.8076923076923077,0.6538461538461539,-0.1939582990030485,0,,,,110,-0.0037546389969581,0.4363636363636363,0.8630785691071579,0,,,,337,0.0600350828038057,0.6468842729970327,4.976493759835846,D43740,False,0.2142011834319528,True,no_line_overheat_0.45_0.2_0.03
tp15%_D+S_next_close,D+S,next_close,562,2022,D,159766,旅游ETF,2022-05-09,2022-05-10,2022-09-15,2022-06-27,1.026,0.1519721577726218,0.1902552204176335,take_profit_15%,33,priority_CSD_g40_t060_r040_noskip,conservative_tp_center15_profit_first,87.25056829109027,0.0704304858412086,0.7705460775112056,0.8088057445200302,-0.1017144370490296,-0.1463022508038585,0.7692307692307693,0.7307692307692307,-0.1859263713607397,0,,,,110,-0.0037546389969581,0.4363636363636363,0.8630785691071579,0,,,,336,0.0605874422170641,0.6488095238095238,5.10241064769003,D43740,False,0.1902552204176335,True,no_line_overheat_0.45_0.2_0.03
tp15%_D+S_next_close,D+S,next_close,563,2022,D,159930,能源ETF,2022-05-10,2022-05-11,2022-09-16,2022-06-07,1.134,0.235532994923858,0.1512690355329948,take_profit_15%,18,priority_CSD_g40_t060_r040_noskip,conservative_tp_center15_profit_first,81.01284958427817,0.1045519176595623,0.7305749009555105,0.7803099017384733,-0.0790209563392714,-0.1366559485530546,0.6923076923076923,0.5,-0.1806238520621138,12,0.0319318167122043,0.75,14.6504531117379,110,-0.0037546389969581,0.4363636363636363,0.8630785691071579,12,0.0319318167122043,0.75,14.6504531117379,335,0.0610574914885154,0.6507462686567164,5.204008652112175,D43740,False,0.1512690355329948,True,no_line_overheat_0.45_0.2_0.03
tp15%_D+S_next_close,D+S,next_close,564,2022,D,159887,银行ETF,2022-05-11,2022-05-12,2022-09-19,2022-09-19,0.867,-0.0203389830508474,-0.0203389830508474,original,90,priority_CSD_g40_t060_r040_noskip,conservative_tp_center15_profit_first,80.90941900015821,0.0996783217224229,0.6354958997780179,0.7827286470143612,-0.0663241790839867,-0.1458773784355178,0.6153846153846154,0.4230769230769231,-0.1796405273656143,2,-0.0036400412451326,0.5,0.4242668097281835,110,-0.0037546389969581,0.4363636363636363,0.8630785691071579,2,-0.0036400412451326,0.5,0.4242668097281835,334,0.0615395039876234,0.6526946107784432,5.313139439953984,D43740,False,-0.0203389830508474,True,no_line_overheat_0.45_0.2_0.03
tp15%_D+S_next_close,D+S,next_close,565,2022,D,512400,有色金属ETF,2022-05-12,2022-05-13,2022-09-20,2022-06-09,1.253,0.0953253895508707,0.148487626031164,take_profit_15%,18,priority_CSD_g40_t060_r040_noskip,conservative_tp_center15_profit_first,83.38766061980348,0.1410329057120598,0.5885127720598718,0.7877928949357522,-0.0463642171116397,-0.1414296694850114,0.7307692307692307,0.1538461538461538,-0.1816325232541571,3,-0.0261850714908948,0.3333333333333333,0.4681441415712434,110,-0.0037546389969581,0.4363636363636363,0.8630785691071579,15,0.0923457558358152,0.8666666666666667,10.378364931978178,333,0.0619889854999854,0.6546546546546547,5.413257899770819,D43740,False,0.148487626031164,True,no_line_overheat_0.45_0.2_0.03
tp15%_D+S_next_close,D+S,next_close,566,2022,D,512720,计算机ETF,2022-05-13,2022-05-16,2022-09-21,2022-06-28,1.097,0.0211416490486258,0.1596194503171248,take_profit_15%,30,priority_CSD_g40_t060_r040_noskip,conservative_tp_center15_profit_first,78.27076107238972,0.1467759776669898,0.6451457496264272,0.7233560090702948,-0.0484582668793194,-0.1254841208365608,0.6153846153846154,0.2692307692307692,-0.1725136708966438,0,,,,110,-0.0037546389969581,0.4363636363636363,0.8630785691071579,0,,,,332,0.062359941434864,0.6566265060240963,5.484988301629565,D43740,False,0.1596194503171248,True,no_line_overheat_0.45_0.2_0.03
tp15%_D+S_next_close,D+S,next_close,567,2022,D,159887,银行ETF,2022-05-16,2022-05-17,2022-09-22,2022-09-22,0.859,-0.038073908174692,-0.038073908174692,original,90,priority_CSD_g40_t060_r040_noskip,conservative_tp_center15_profit_first,80.24768461240897,0.1767048626217394,0.6266483232834208,0.7412698412698413,-0.0395401775552014,-0.1202370872142253,0.6538461538461539,0.1538461538461538,-0.1641081566204708,2,-0.0036400412451326,0.5,0.4242668097281835,110,-0.0037546389969581,0.4363636363636363,0.8630785691071579,2,-0.0036400412451326,0.5,0.4242668097281835,331,0.0626098230621385,0.6586102719033232,5.509276496284187,D43740,False,-0.038073908174692,True,no_line_overheat_0.45_0.2_0.03
tp15%_D+S_next_close,D+S,next_close,568,2022,D,512720,计算机ETF,2022-05-17,2022-05-18,2022-09-23,2022-09-23,0.949,-0.0104275286757038,-0.0104275286757038,original,90,priority_CSD_g40_t060_r040_noskip,conservative_tp_center15_profit_first,74.89393220492832,0.1389809465772307,0.58681306596624,0.7052154195011339,-0.0521335902113094,-0.1297898640296664,0.5384615384615384,0.1923076923076923,-0.1634946091123391,0,,,,111,-0.004398811005623,0.4324324324324324,0.8420693673305036,0,,,,331,0.0625086022811291,0.6586102719033232,5.469403940661602,D43740,False,-0.0104275286757038,True,no_line_overheat_0.45_0.2_0.03
tp15%_D+S_next_close,D+S,next_close,569,2022,D,159766,旅游ETF,2022-05-18,2022-05-19,2022-09-26,2022-06-28,1.091,0.1347926267281105,0.2569124423963134,take_profit_15%,27,priority_CSD_g40_t060_r040_noskip,conservative_tp_center15_profit_first,76.57373403907017,0.1442387811262899,0.5908054315064641,0.6969387755102042,-0.049352749980805,-0.1275660849974111,0.5384615384615384,0.2307692307692307,-0.1673605510951935,1,-0.0752577319587628,0.0,,112,-0.0061032844602643,0.4285714285714285,0.7920365238727413,1,-0.0752577319587628,0.0,,331,0.0621101270867537,0.6586102719033232,5.31789072361576,D43740,False,0.2569124423963134,True,no_line_overheat_0.45_0.2_0.03
tp15%_D+S_next_close,D+S,next_close,570,2022,D,512720,计算机ETF,2022-05-19,2022-05-20,2022-09-27,2022-09-27,0.956,-0.0123966942148759,-0.0123966942148759,original,90,priority_CSD_g40_t060_r040_noskip,conservative_tp_center15_profit_first,75.04495267600869,0.1962069338822246,0.5762647469435431,0.666175359032502,-0.040751364730614,-0.1271281237235898,0.4230769230769231,0.2307692307692307,-0.1513952983332428,0,,,,113,-0.0072360784193514,0.4247787610619469,0.7609879852632565,0,,,,331,0.0618940425918186,0.6586102719033232,5.239186740353592,D43740,False,-0.0123966942148759,True,no_line_overheat_0.45_0.2_0.03
tp15%_D+S_next_close,D+S,next_close,571,2022,D,512720,计算机ETF,2022-05-20,2022-05-23,2022-09-28,2022-09-28,0.938,-0.0369609856262833,-0.0369609856262833,original,90,priority_CSD_g40_t060_r040_noskip,conservative_tp_center15_profit_first,71.29478691589401,0.2730539060574721,0.5063820441315519,0.6565759637188209,-0.0161339630282716,-0.1171051957761913,0.2692307692307692,0.1153846153846153,-0.1418319459998361,0,,,,114,-0.0060917942118824,0.4298245614035088,0.7970037104583377,0,,,,331,0.0623974717589184,0.6616314199395771,5.312414594093462,D43740,False,-0.0369609856262833,True,no_line_overheat_0.45_0.2_0.03
tp15%_D+S_next_close,D+S,next_close,572,2022,D,159766,旅游ETF,2022-05-23,2022-05-24,2022-09-29,2022-06-27,1.026,0.150462962962963,0.1875,take_profit_15%,23,priority_CSD_g40_t060_r040_noskip,conservative_tp_center15_profit_first,72.76629547417447,0.3048987007809653,0.4996585775991875,0.6335600907029479,0.0061361616729372,-0.1190983957874111,0.3076923076923077,0.0384615384615384,-0.1332310672404393,1,-0.0752577319587628,0.0,,115,-0.0045269534379084,0.4347826086956521,0.8478254968624436,1,-0.0752577319587628,0.0,,332,0.0627332170090275,0.6626506024096386,5.348717168336448,D43740,False,0.1875,True,no_line_overheat_0.45_0.2_0.03
tp15%_D+S_next_close,D+S,next_close,573,2022,D,512720,计算机ETF,2022-05-24,2022-05-25,2022-09-30,2022-06-27,1.088,-0.0064171122994652,0.1636363636363635,take_profit_15%,22,priority_CSD_g40_t060_r040_noskip,conservative_tp_center15_profit_first,85.82628932553092,0.2421983454485614,0.5225639045760894,0.7821239606953891,0.0033147896725297,-0.1283173550684967,0.6153846153846154,0.0769230769230769,-0.1635303220531986,0,,,,116,-0.0029733537726263,0.4396551724137931,0.8991809504750155,0,,,,332,0.0632881312650567,0.6656626506024096,5.395022023486914,D43740,False,0.1636363636363635,True,no_line_overheat_0.45_0.2_0.03
tp15%_D+S_next_close,D+S,next_close,574,2022,D,512720,计算机ETF,2022-05-25,2022-05-26,2022-10-10,2022-06-28,1.097,-0.0496828752642705,0.1596194503171248,take_profit_15%,22,priority_CSD_g40_t060_r040_noskip,conservative_tp_center15_profit_first,74.46872011504053,0.2898966505170848,0.5301102693253467,0.68567649281935,0.0170065724374264,-0.1390275318434466,0.5769230769230769,0.0384615384615384,-0.1508871194003927,0,,,,117,-0.0015826634160816,0.4444444444444444,0.9458731878298532,0,,,,332,0.0633055044309562,0.6656626506024096,5.39622849688437,D43740,False,0.1596194503171248,True,no_line_overheat_0.45_0.2_0.03
tp15%_D+S_next_close,D+S,next_close,575,2022,D,512720,计算机ETF,2022-05-26,2022-05-27,2022-10-11,2022-06-27,1.088,-0.0477707006369425,0.1549893842887475,take_profit_15%,20,priority_CSD_g40_t060_r040_noskip,conservative_tp_center15_profit_first,71.41024141560959,0.4201713305534256,0.48901707729819,0.6482993197278912,0.0768607735553559,-0.1129702889702888,0.4230769230769231,0.0,-0.14546061841622,0,,,,118,-0.0026062928524071,0.4406779661016949,0.9132079377517132,0,,,,332,0.062521379522529,0.6626506024096386,5.233415010282853,D43740,False,0.1549893842887475,True,no_line_overheat_0.45_0.2_0.03
tp15%_D+S_next_close,D+S,next_close,576,2022,D,512720,计算机ETF,2022-05-27,2022-05-30,2022-10-12,2022-10-12,0.932,-0.0361944157187176,-0.0361944157187176,original,90,priority_CSD_g40_t060_r040_noskip,conservative_tp_center15_profit_first,70.77423831308806,0.4079410366279584,0.4741002486415554,0.6181783824640967,0.0880554696360448,-0.1270754878466278,0.4615384615384615,0.0,-0.1466309942672209,0,,,,119,-0.0036535211738518,0.4369747899159664,0.8815558702630221,0,,,,332,0.0616808531309884,0.6596385542168675,5.070871298954037,D43740,False,-0.0361944157187176,True,no_line_overheat_0.45_0.2_0.03
tp15%_D+S_next_close,D+S,next_close,577,2022,D,512720,计算机ETF,2022-05-30,2022-05-31,2022-10-13,2022-10-13,0.957,-0.0313765182186235,-0.0313765182186235,original,90,priority_CSD_g40_t060_r040_noskip,conservative_tp_center15_profit_first,68.31347733357947,0.4351177090018434,0.4633596283910979,0.6259637188208618,0.0634165114101765,-0.1281664129186365,0.4230769230769231,0.0,-0.1365522475208821,0,,,,120,-0.0045520191014882,0.4333333333333333,0.8555732526947026,0,,,,332,0.0605081042925699,0.6566265060240963,4.906894350482144,D43740,False,-0.0313765182186235,True,no_line_overheat_0.45_0.2_0.03
tp15%_D+S_next_close,D+S,next_close,578,2022,D,512720,计算机ETF,2022-05-31,2022-06-01,2022-10-14,2022-10-14,0.978,-0.0101214574898785,-0.0101214574898785,original,90,priority_CSD_g40_t060_r040_noskip,conservative_tp_center15_profit_first,64.62685765143712,0.5039890975437825,0.5155469132073907,0.5685185185185185,0.0844341402266116,-0.1124440670974106,0.3076923076923077,0.0,-0.1164463183255534,0,,,,121,-0.005310317031241,0.4297520661157025,0.8343284350221829,0,,,,332,0.0597476978590895,0.6536144578313253,4.786868950884784,D43740,False,-0.0101214574898785,True,no_line_overheat_0.45_0.2_0.03
tp15%_D+S_next_close,D+S,next_close,579,2022,D,159766,旅游ETF,2022-06-01,2022-06-02,2022-10-17,2022-06-29,1.077,0.0380848748639826,0.1719260065288355,take_profit_15%,18,priority_CSD_g40_t060_r040_noskip,conservative_tp_center15_profit_first,62.16613229830514,0.4831189900929265,0.4833375984848982,0.5159863945578231,0.0421978366893622,-0.107139986388798,0.3076923076923077,0.0384615384615384,-0.1122983403669122,1,-0.0752577319587628,0.0,,122,-0.0057065870959265,0.4262295081967213,0.8229436561417576,1,-0.0752577319587628,0.0,,332,0.0590475390239169,0.6506024096385542,4.704545977393783,D43740,False,0.1719260065288355,True,no_line_overheat_0.45_0.2_0.03
tp15%_D+S_next_close,D+S,next_close,580,2022,D,159992,创新药ETF,2022-06-02,2022-06-06,2022-10-18,2022-07-05,1.136,-0.0125523012552301,0.1882845188284518,take_profit_15%,21,priority_CSD_g40_t060_r040_noskip,conservative_tp_center15_profit_first,63.35469579271594,0.4802091019214088,0.451164205312253,0.5351095993953138,0.0379846559973603,-0.1014449165232664,0.3076923076923077,0.0384615384615384,-0.0942259495672908,0,,,,123,-0.0064141490347984,0.4227642276422764,0.8039821307781314,26,0.079174573664198,0.7692307692307693,11.699464762247556,332,0.0588963838610018,0.6506024096385542,4.660350810048667,D43740,False,0.1882845188284518,True,no_line_overheat_0.45_0.2_0.03
tp15%_D+S_next_close,D+S,next_close,581,2022,D,159992,创新药ETF,2022-06-06,2022-06-07,2022-10-19,2022-07-05,1.136,-0.0225641025641025,0.165128205128205,take_profit_15%,20,priority_CSD_g40_t060_r040_noskip,conservative_tp_center15_profit_first,51.05167333347727,0.6186445328112,0.3969588623098925,0.4097127739984883,0.0821844032744507,-0.0766661559675194,0.2307692307692307,0.0,-0.0663120567375886,0,,,,124,-0.006803657912221,0.4193548387096774,0.7931994579917455,25,0.0842529139514861,0.8,15.565288440823936,331,0.0585650934190748,0.649546827794562,4.624097350031144,D43740,False,0.165128205128205,True,no_line_overheat_0.45_0.2_0.03
tp15%_D+S_next_close,D+S,next_close,582,2022,D,512720,计算机ETF,2022-06-07,2022-06-08,2022-10-20,2022-10-20,1.0,-0.0256166982922202,-0.0512333965844402,original,90,priority_CSD_g40_t060_r040_noskip,conservative_tp_center15_profit_first,52.25866481786237,0.6432306891656169,0.3843267062500274,0.4328042328042328,0.0806227855681422,-0.0615920091161061,0.2307692307692307,0.0,-0.0635148445194878,0,,,,125,-0.0068955382504909,0.416,0.7896594016879523,0,,,,331,0.0580287828558303,0.6465256797583081,4.578673676461981,D43740,False,-0.0512333965844402,True,no_line_overheat_0.45_0.2_0.03
tp15%_D+S_next_close,D+S,next_close,583,2022,D,512720,计算机ETF,2022-06-08,2022-06-09,2022-10-21,2022-10-21,1.008,0.009784735812133,-0.0136986301369863,original,90,priority_CSD_g40_t060_r040_noskip,conservative_tp_center15_profit_first,49.01006791763678,0.6868885897196465,0.3386724769765852,0.419652305366591,0.0767471522188504,-0.0260045093934343,0.1923076923076923,0.0,-0.0530493571556373,0,,,,126,-0.0070658158474228,0.4126984126984127,0.7842337562247768,0,,,,331,0.0574144308453653,0.6435045317220544,4.522181450759312,D43740,False,-0.0136986301369863,True,no_line_overheat_0.45_0.2_0.03
tp15%_D+S_next_close,D+S,next_close,584,2022,D,512720,计算机ETF,2022-06-09,2022-06-10,2022-10-24,2022-10-24,1.007,0.0442307692307692,-0.0317307692307693,original,90,priority_CSD_g40_t060_r040_noskip,conservative_tp_center15_profit_first,61.18987429449012,0.6458216539820777,0.347685872646796,0.4862055933484504,0.0561091767798431,-0.0184685904233316,0.3076923076923077,0.0,-0.0542596013343993,0,,,,127,-0.0067925282621065,0.4173228346456692,0.7909328415344284,0,,,,331,0.0573918577955435,0.6435045317220544,4.520796670379207,D43740,False,-0.0317307692307693,True,no_line_overheat_0.45_0.2_0.03
tp15%_D+S_next_close,D+S,next_close,585,2022,D,512720,计算机ETF,2022-06-10,2022-06-13,2022-10-25,2022-10-25,0.981,0.0550724637681161,-0.0521739130434781,original,90,priority_CSD_g40_t060_r040_noskip,conservative_tp_center15_profit_first,50.62768753159983,0.6668915878377262,0.296194942255785,0.3998866213151927,0.0699159538885818,-0.0264074569067492,0.1538461538461538,0.0,-0.0392562740428649,0,,,,128,-0.0071876101795793,0.4140625,0.7800879264029202,0,,,,331,0.0570827244731123,0.6404833836858006,4.464994291005226,D43740,False,-0.0521739130434781,True,no_line_overheat_0.45_0.2_0.03
tp15%_D+S_next_close,D+S,next_close,586,2022,D,159766,旅游ETF,2022-06-13,2022-06-14,2022-10-26,2022-06-29,1.077,0.0551876379690947,0.1887417218543046,take_profit_15%,11,priority_CSD_g40_t060_r040_noskip,conservative_tp_center15_profit_first,61.09799881200321,0.6349787941755948,0.3027856483474178,0.4920634920634921,0.0555260132221904,-0.0283466978680235,0.2692307692307692,0.0384615384615384,-0.0480842223021295,1,-0.0752577319587628,0.0,,129,-0.0072052755051429,0.4108527131782946,0.7783267490093483,1,-0.0752577319587628,0.0,,331,0.0566047551198144,0.6374622356495468,4.430026323531918,D43740,False,0.1887417218543046,True,no_line_overheat_0.45_0.2_0.03
tp15%_D+S_next_close,D+S,next_close,587,2022,D,159813,半导体ETF鹏华,2022-06-14,2022-06-15,2022-10-27,2022-10-27,0.3106703910614525,0.0870147255689424,-0.1111111111111112,original,90,priority_CSD_g40_t060_r040_noskip,conservative_tp_center15_profit_first,55.63504401855259,0.6829133930142017,0.3109425103971063,0.4610733182161754,0.0562225738568702,0.0047711949885862,0.2692307692307692,0.0384615384615384,-0.0477567388289212,0,,,,130,-0.0078304197395189,0.4076923076923077,0.7622431836470285,0,,,,331,0.0558427981187071,0.6344410876132931,4.329920275970236,D43740,False,-0.1111111111111112,True,no_line_overheat_0.45_0.2_0.03
tp15%_D+S_next_close,D+S,next_close,588,2022,D,510880,红利ETF,2022-06-16,2022-06-17,2022-10-31,2022-10-31,2.747,0.002751977984176,-0.0550395596835225,original,90,priority_CSD_g40_t060_r040_noskip,conservative_tp_center15_profit_first,55.97316704459561,0.7166474787921139,0.29530181560066,0.4673469387755101,0.0526562179355634,0.0298217602748493,0.0769230769230769,0.0,-0.0554950934335524,15,0.0179910994761381,0.9333333333333332,15.0378766358904,132,-0.0093264833719242,0.4015151515151515,0.7260966622901037,25,0.0571149873753623,0.96,75.2749813501927,331,0.053954093446948,0.6283987915407855,4.098327429175736,D43740,False,-0.0550395596835225,True,no_line_overheat_0.45_0.2_0.03
tp15%_D+S_next_close,D+S,next_close,589,2022,D,159930,能源ETF,2022-06-21,2022-06-22,2022-11-03,2022-08-24,1.228,0.0999999999999998,0.1584905660377358,take_profit_15%,45,priority_CSD_g40_t060_r040_noskip,conservative_tp_center15_profit_first,56.56698790627362,0.7374985444982739,0.2932791157830272,0.4663265306122449,0.05202950385663,0.013446336272423,0.0384615384615384,0.0,-0.0554087875417129,16,0.0634804401407259,0.8125,37.182794502983405,135,-0.0102266841987911,0.4,0.704995210772489,16,0.0634804401407259,0.8125,37.182794502983405,331,0.0525657499731797,0.622356495468278,3.924584701628097,D43740,False,0.1584905660377358,True,no_line_overheat_0.45_0.2_0.03
tp15%_D+S_next_close,D+S,next_close,590,2022,D,159930,能源ETF,2022-06-22,2022-06-23,2022-11-04,2022-08-26,1.262,0.0675925925925926,0.1685185185185185,take_profit_15%,46,priority_CSD_g40_t060_r040_noskip,conservative_tp_center15_profit_first,65.75255102040816,0.707159575061692,0.2843452933176129,0.5296674225245654,0.0813400820537125,-0.0102610820721021,0.0769230769230769,0.0,-0.0703535660930669,16,0.0634804401407259,0.8125,37.182794502983405,136,-0.0105442609686662,0.3970588235294117,0.6970391492462626,16,0.0634804401407259,0.8125,37.182794502983405,331,0.0519834659539932,0.6193353474320241,3.8664513124104727,D43740,False,0.1685185185185185,True,no_line_overheat_0.45_0.2_0.03
tp15%_D+S_next_close,D+S,next_close,591,2022,D,159930,能源ETF,2022-07-11,2022-07-12,2022-11-23,2022-08-26,1.262,0.1987179487179486,0.1556776556776555,take_profit_15%,33,priority_CSD_g40_t060_r040_noskip,conservative_tp_center15_profit_first,66.70871126228269,0.748791096150878,0.2012902390642567,0.5673091458805745,0.0377452950237761,0.0466983585242971,0.0769230769230769,0.0384615384615384,-0.0534642502150189,16,0.0634804401407259,0.8125,37.182794502983405,149,-0.0141312642810773,0.3758389261744966,0.6355742586567122,16,0.0634804401407259,0.8125,37.182794502983405,336,0.0456991919147872,0.5922619047619048,3.1788935245452143,D43740,False,0.1556776556776555,True,no_line_overheat_0.45_0.2_0.03
tp15%_D+S_next_close,D+S,next_close,592,2022,D,159766,旅游ETF,2022-07-12,2022-07-13,2022-11-24,2022-11-24,0.935,-0.0390781563126252,-0.0631262525050099,original,90,priority_CSD_g40_t060_r040_noskip,conservative_tp_center15_profit_first,61.702192550563474,0.7254427837331873,0.2259307346476866,0.549092970521542,0.0235251804352104,0.0358911129907343,0.1153846153846153,0.0384615384615384,-0.0625963514902362,2,-0.0415504346068323,0.0,,150,-0.0149894368049177,0.3733333333333333,0.620238597374088,2,-0.0415504346068323,0.0,,336,0.0449083964811347,0.5892857142857143,3.098646035910634,D43740,False,-0.0631262525050099,True,no_line_overheat_0.45_0.2_0.03
tp15%_D+S_next_close,D+S,next_close,593,2022,D,159887,银行ETF,2022-07-13,2022-07-14,2022-11-25,2022-11-25,0.853,-0.0183066361556064,-0.0240274599542333,original,90,priority_CSD_g40_t060_r040_noskip,conservative_tp_center15_profit_first,59.41743736386593,0.6971706191980606,0.269637416022668,0.4699924414210128,0.0209996202930006,0.0253565699444546,0.1153846153846153,0.0769230769230769,-0.0632558145184407,2,-0.0036400412451326,0.5,0.4242668097281835,151,-0.0158590883372151,0.3708609271523179,0.605281201109523,2,-0.0036400412451326,0.5,0.4242668097281835,336,0.0441616926180729,0.5863095238095238,3.0225941037376245,D43740,False,-0.0240274599542333,True,no_line_overheat_0.45_0.2_0.03
tp15%_D+S_next_close,D+S,next_close,594,2022,D,159887,银行ETF,2022-07-14,2022-07-15,2022-11-28,2022-11-28,0.835,0.0034602076124568,-0.0369088811995387,original,90,priority_CSD_g40_t060_r040_noskip,conservative_tp_center15_profit_first,64.71604394778838,0.6958302103778707,0.2230472913945267,0.5402116402116403,0.0141533821443287,0.0375811914448795,0.1153846153846153,0.0,-0.0545270601111781,2,-0.0036400412451326,0.5,0.4242668097281835,152,-0.0167526824485388,0.3684210526315789,0.5905170378284357,2,-0.0036400412451326,0.5,0.4242668097281835,336,0.0437144785432206,0.5863095238095238,2.9619270577458106,D43740,False,-0.0369088811995387,True,no_line_overheat_0.45_0.2_0.03
tp15%_D+S_next_close,D+S,next_close,595,2022,D,159887,银行ETF,2022-07-15,2022-07-18,2022-11-29,2022-11-29,0.874,-0.002283105022831,-0.002283105022831,original,90,priority_CSD_g40_t060_r040_noskip,conservative_tp_center15_profit_first,69.83853888833583,0.5573727246664033,0.2589665765155723,0.6619803476946334,-0.0070326604300016,0.0199794495953082,0.2307692307692307,0.0,-0.0685189838784983,2,-0.0036400412451326,0.5,0.4242668097281835,153,-0.0176138730958369,0.3660130718954248,0.5767430359952856,2,-0.0036400412451326,0.5,0.4242668097281835,336,0.0427650207001034,0.5833333333333334,2.881981024296247,D43740,False,-0.002283105022831,True,no_line_overheat_0.45_0.2_0.03
tp15%_D+S_next_close,D+S,next_close,596,2022,D,159887,银行ETF,2022-07-18,2022-07-19,2022-11-30,2022-11-30,0.871,-0.0091012514220705,-0.0091012514220705,original,90,priority_CSD_g40_t060_r040_noskip,conservative_tp_center15_profit_first,58.58221674759626,0.6247574069025507,0.2747811669275071,0.5426303854875284,-0.0072340620135244,0.0235962912409763,0.1538461538461538,0.0,-0.0632837968121063,2,-0.0036400412451326,0.5,0.4242668097281835,154,-0.0185617352008565,0.3636363636363636,0.5622964354555794,2,-0.0036400412451326,0.5,0.4242668097281835,336,0.0410211371116628,0.5803571428571429,2.767370400588121,D43740,False,-0.0091012514220705,True,no_line_overheat_0.45_0.2_0.03
tp15%_D+S_next_close,D+S,next_close,597,2022,D,159887,银行ETF,2022-07-19,2022-07-20,2022-12-01,2022-12-01,0.865,-0.0033975084937711,-0.0203850509626274,original,90,priority_CSD_g40_t060_r040_noskip,conservative_tp_center15_profit_first,55.99710894722947,0.6670540460519657,0.2654830838702541,0.4959939531368104,-0.000425927620565,0.0388952991150941,0.1153846153846153,0.0,-0.0555884358250791,2,-0.0036400412451326,0.5,0.4242668097281835,155,-0.0193347159530004,0.3612903225806451,0.5506295740306406,2,-0.0036400412451326,0.5,0.4242668097281835,336,0.0405710451633285,0.5773809523809523,2.717504278057053,D43740,False,-0.0203850509626274,True,no_line_overheat_0.45_0.2_0.03
tp15%_D+S_next_close,D+S,next_close,598,2022,D,159887,银行ETF,2022-07-20,2022-07-21,2022-12-02,2022-12-02,0.858,-0.0091848450057405,-0.0149253731343284,original,90,priority_CSD_g40_t060_r040_noskip,conservative_tp_center15_profit_first,50.16887881510523,0.7454130753376237,0.2648647553950195,0.4031746031746032,0.0191701104112489,0.0812225025879916,0.1153846153846153,0.0,-0.0515611946532998,2,-0.0036400412451326,0.5,0.4242668097281835,156,-0.0178326950510768,0.3653846153846153,0.5828650548013699,2,-0.0036400412451326,0.5,0.4242668097281835,336,0.0399643349034407,0.5773809523809523,2.6918202597453846,D43740,False,-0.0149253731343284,True,no_line_overheat_0.45_0.2_0.03
tp15%_D+S_next_close,D+S,next_close,599,2022,D,159930,能源ETF,2022-07-21,2022-07-22,2022-12-05,2022-08-24,1.228,0.1376744186046512,0.1423255813953488,take_profit_15%,23,priority_CSD_g40_t060_r040_noskip,conservative_tp_center15_profit_first,64.08966364323507,0.6581162487714032,0.2744587606699438,0.5321239606953893,-0.0015896973547737,0.0736039939452013,0.1538461538461538,0.0,-0.0593778735632184,16,0.0634804401407259,0.8125,37.182794502983405,157,-0.0173696497040595,0.3694267515923566,0.5910919077767988,16,0.0634804401407259,0.8125,37.182794502983405,336,0.0400583103773085,0.5773809523809523,2.6957985471607224,D43740,False,0.1423255813953488,True,no_line_overheat_0.45_0.2_0.03
tp15%_D+S_next_close,D+S,next_close,600,2022,D,159930,能源ETF,2022-07-22,2022-07-25,2022-12-06,2022-08-26,1.262,0.1398148148148148,0.1685185185185185,take_profit_15%,24,priority_CSD_g40_t060_r040_noskip,conservative_tp_center15_profit_first,61.77484882842026,0.6593897760222559,0.3046315438671103,0.5056689342403629,-0.0203307356284967,0.1287583062665752,0.1538461538461538,0.0,-0.065390916463909,16,0.0634804401407259,0.8125,37.182794502983405,158,-0.0168749263154116,0.3734177215189873,0.6002081238779682,16,0.0634804401407259,0.8125,37.182794502983405,336,0.0402803783163576,0.5803571428571429,2.70817329713326,D43740,False,0.1685185185185185,True,no_line_overheat_0.45_0.2_0.03
tp15%_D+S_next_close,D+S,next_close,601,2022,D,159930,能源ETF,2022-07-25,2022-07-26,2022-12-07,2022-08-26,1.262,0.0279783393501804,0.1389891696750902,take_profit_15%,23,priority_CSD_g40_t060_r040_noskip,conservative_tp_center15_profit_first,60.69349962207106,0.5823982449375947,0.2941021028686116,0.5564625850340137,-0.0375036148062463,0.1390336703846554,0.1923076923076923,0.0384615384615384,-0.0693495998950544,16,0.0634804401407259,0.8125,37.182794502983405,159,-0.0163748923123775,0.3773584905660377,0.6095993161900937,16,0.0634804401407259,0.8125,37.182794502983405,336,0.0402729801053375,0.5803571428571429,2.707859560593552,D43740,False,0.1389891696750902,True,no_line_overheat_0.45_0.2_0.03
tp15%_D+S_next_close,D+S,next_close,602,2022,D,159930,能源ETF,2022-07-26,2022-07-27,2022-12-08,2022-08-26,1.262,0.153776978417266,0.134892086330935,take_profit_15%,22,priority_CSD_g40_t060_r040_noskip,conservative_tp_center15_profit_first,53.114134542705976,0.6472119561417397,0.2736983522121064,0.4577853363567649,-0.0384342442102756,0.1206457058803865,0.1153846153846153,0.0,-0.0634305905401623,16,0.0634804401407259,0.8125,37.182794502983405,160,-0.0159826007818169,0.38125,0.6165555756501577,16,0.0634804401407259,0.8125,37.182794502983405,336,0.0403941725906726,0.5803571428571429,2.712998980229504,D43740,False,0.134892086330935,True,no_line_overheat_0.45_0.2_0.03
tp15%_D+S_next_close,D+S,next_close,603,2022,D,159887,银行ETF,2022-07-27,2022-07-28,2022-12-09,2022-12-09,0.888,-0.0182232346241457,0.0113895216400912,original,90,priority_CSD_g40_t060_r040_noskip,conservative_tp_center15_profit_first,58.69500315256394,0.6078908023560033,0.2804636350788355,0.5083522297808013,-0.027895646333853,0.1103914422622663,0.1538461538461538,0.0384615384615384,-0.0657483206392017,2,-0.0036400412451326,0.5,0.4242668097281835,161,-0.0150292072901588,0.3850931677018633,0.6371752177362785,2,-0.0036400412451326,0.5,0.4242668097281835,336,0.040940171276445,0.5833333333333334,2.746278791053959,D43740,False,0.0113895216400912,True,no_line_overheat_0.45_0.2_0.03
tp15%_D+S_next_close,D+S,next_close,604,2022,D,159930,能源ETF,2022-07-28,2022-07-29,2022-12-12,2022-08-26,1.262,0.10828025477707,0.1483166515013649,take_profit_15%,20,priority_CSD_g40_t060_r040_noskip,conservative_tp_center15_profit_first,50.55413832199547,0.6118252789005343,0.310640629479839,0.4280801209372638,-0.0377630047452771,0.0869130151677647,0.1153846153846153,0.0769230769230769,-0.0649681802545578,16,0.0634804401407259,0.8125,37.182794502983405,162,-0.0138387239161013,0.3888888888888889,0.6638399864851717,16,0.0634804401407259,0.8125,37.182794502983405,336,0.0416292200100014,0.5863095238095238,2.7878557478815207,D43740,False,0.1483166515013649,True,no_line_overheat_0.45_0.2_0.03
tp15%_D+S_next_close,D+S,next_close,605,2022,D,159930,能源ETF,2022-07-29,2022-08-01,2022-12-13,2022-08-26,1.262,-0.0035874439461883,0.1318385650224216,take_profit_15%,19,priority_CSD_g40_t060_r040_noskip,conservative_tp_center15_profit_first,63.68433484504913,0.4886115229389487,0.331912217933485,0.5656840513983371,-0.0476670900048663,0.0656669419539359,0.1538461538461538,0.1538461538461538,-0.0694556596138281,16,0.0634804401407259,0.8125,37.182794502983405,163,-0.0133027230837037,0.3926380368098159,0.6748654304006326,16,0.0634804401407259,0.8125,37.182794502983405,336,0.041936568785943,0.5892857142857143,2.8079279816893203,D43740,False,0.1318385650224216,True,no_line_overheat_0.45_0.2_0.03
tp15%_D+S_next_close,D+S,next_close,606,2022,D,159887,银行ETF,2022-08-01,2022-08-02,2022-12-14,2022-12-14,0.879,0.0341176470588235,0.0341176470588235,original,90,priority_CSD_g40_t060_r040_noskip,conservative_tp_center15_profit_first,59.43738928341595,0.5278484969456413,0.3599625181478381,0.4869992441421014,-0.0549058295964124,0.0948546705668145,0.1538461538461538,0.1538461538461538,-0.0699711738903848,2,-0.0036400412451326,0.5,0.4242668097281835,164,-0.0123733595086457,0.3963414634146341,0.6957248589697226,2,-0.0036400412451326,0.5,0.4242668097281835,336,0.0424661481335667,0.5922619047619048,2.839924452593229,D43740,False,0.0341176470588235,True,no_line_overheat_0.45_0.2_0.03
tp15%_D+S_next_close,D+S,next_close,607,2022,D,159887,银行ETF,2022-08-02,2022-08-03,2022-12-15,2022-12-15,0.87,0.0332541567695963,0.0332541567695963,original,90,priority_CSD_g40_t060_r040_noskip,conservative_tp_center15_profit_first,76.47856584770037,0.3782314898712933,0.4404401314529776,0.7579743008314438,-0.0732397820566762,0.0784950343773872,0.2692307692307692,0.4230769230769231,-0.0964398851973363,2,-0.0036400412451326,0.5,0.4242668097281835,165,-0.0114975686502167,0.4,0.7155375485763649,2,-0.0036400412451326,0.5,0.4242668097281835,336,0.0429483685410523,0.5952380952380952,2.8680183635656347,D43740,False,0.0332541567695963,True,no_line_overheat_0.45_0.2_0.03
tp15%_D+S_next_close,D+S,next_close,608,2022,D,159887,银行ETF,2022-08-03,2022-08-04,2022-12-16,2022-12-16,0.877,0.0341981132075472,0.0341981132075472,original,90,priority_CSD_g40_t060_r040_noskip,conservative_tp_center15_profit_first,76.97619841318397,0.3500217075583765,0.4418752149247925,0.7685185185185186,-0.0741020885902775,0.0616745252962915,0.2692307692307692,0.3846153846153846,-0.1091728855721392,2,-0.0036400412451326,0.5,0.4242668097281835,166,-0.010825293537263,0.4036144578313253,0.7305471619147302,2,-0.0036400412451326,0.5,0.4242668097281835,336,0.0433184530729538,0.5982142857142857,2.890047667690515,D43740,False,0.0341981132075472,True,no_line_overheat_0.45_0.2_0.03
tp15%_D+S_next_close,D+S,next_close,609,2022,D,159887,银行ETF,2022-08-04,2022-08-05,2022-12-19,2022-12-19,0.865,0.0093348891481914,0.0093348891481914,original,90,priority_CSD_g40_t060_r040_noskip,conservative_tp_center15_profit_first,66.9609172171284,0.3562743541367221,0.4042655457808738,0.6758125472411186,-0.0667903495551867,0.0601538094985967,0.2307692307692307,0.3076923076923077,-0.1005306285907922,3,-0.0290205010850975,0.3333333333333333,0.0580441527943405,167,-0.0112382044787466,0.4011976047904191,0.7219110070328821,3,-0.0290205010850975,0.3333333333333333,0.0580441527943405,336,0.0432010610798122,0.5982142857142857,2.875320320406025,D43740,False,0.0093348891481914,True,no_line_overheat_0.45_0.2_0.03
tp15%_D+S_next_close,D+S,next_close,610,2022,D,159930,能源ETF,2022-08-05,2022-08-08,2022-12-20,2022-08-26,1.262,-0.016453382084095,0.1535648994515539,take_profit_15%,14,priority_CSD_g40_t060_r040_noskip,conservative_tp_center15_profit_first,64.53278533635677,0.4786653278917678,0.3539869518941929,0.5535525321239608,-0.0510000055157502,0.0746044470283592,0.2307692307692307,0.0769230769230769,-0.0844231038343129,16,0.0634804401407259,0.8125,37.182794502983405,168,-0.0112081292557202,0.3988095238095238,0.7212499548957998,16,0.0634804401407259,0.8125,37.182794502983405,336,0.0432824122288071,0.5982142857142857,2.8855101599353503,D43740,False,0.1535648994515539,True,no_line_overheat_0.45_0.2_0.03
tp15%_D+S_next_close,D+S,next_close,611,2022,D,159887,银行ETF,2022-08-08,2022-08-09,2022-12-21,2022-12-21,0.859,0.009400705052879,0.009400705052879,original,90,priority_CSD_g40_t060_r040_noskip,conservative_tp_center15_profit_first,59.690443209578575,0.4686352210478555,0.341044607853309,0.5175359032501889,-0.0311523640449596,0.0703580977940955,0.2307692307692307,0.0384615384615384,-0.0794540229885057,4,-0.0365842561650854,0.25,0.03536415356981,168,-0.011330726137399,0.3988095238095238,0.7190575292300457,4,-0.0365842561650854,0.25,0.03536415356981,336,0.0432055721325738,0.5982142857142857,2.87588347838047,D43740,False,0.009400705052879,True,no_line_overheat_0.45_0.2_0.03
tp15%_D+S_next_close,D+S,next_close,612,2022,D,159887,银行ETF,2022-08-09,2022-08-10,2022-12-22,2022-12-22,0.862,0.0189125295508274,0.0189125295508274,original,90,priority_CSD_g40_t060_r040_noskip,conservative_tp_center15_profit_first,54.10546881444128,0.5097470986987896,0.4023010336892043,0.4021164021164021,-0.0208962204525344,0.0660439011263598,0.2307692307692307,0.0384615384615384,-0.0810640045491881,4,-0.0365842561650854,0.25,0.03536415356981,168,-0.0113195462800093,0.3988095238095238,0.7192569084811693,4,-0.0365842561650854,0.25,0.03536415356981,336,0.0432128508216523,0.5982142857142857,2.876792612214968,D43740,False,0.0189125295508274,True,no_line_overheat_0.45_0.2_0.03
tp15%_D+S_next_close,D+S,next_close,613,2022,D,159887,银行ETF,2022-08-10,2022-08-11,2022-12-23,2022-12-23,0.86,0.0011641443538998,0.0011641443538998,original,90,priority_CSD_g40_t060_r040_noskip,conservative_tp_center15_profit_first,57.58653887182113,0.4667866149143344,0.446340810678639,0.4489417989417989,-0.0321973563669675,0.056044765231929,0.2307692307692307,0.1538461538461538,-0.0877911164465786,4,-0.0365842561650854,0.25,0.03536415356981,168,-0.011001902838408,0.4047619047619047,0.725392139476997,4,-0.0365842561650854,0.25,0.03536415356981,336,0.0433431145723538,0.6011904761904762,2.8906112690426986,D43740,False,0.0011641443538998,True,no_line_overheat_0.45_0.2_0.03
tp15%_D+S_next_close,D+S,next_close,614,2022,D,159930,能源ETF,2022-08-11,2022-08-12,2022-12-26,2022-12-26,1.063,-0.0764552562988706,-0.0764552562988706,original,90,priority_CSD_g40_t060_r040_noskip,conservative_tp_center15_profit_first,48.79157218442933,0.5813282723155896,0.3765246061452507,0.3944822373393801,-0.0067855717753465,0.0869664941832727,0.1538461538461538,0.0,-0.0701161488944864,16,0.0634804401407259,0.8125,37.182794502983405,168,-0.0100796145980954,0.4107142857142857,0.7473093352693314,16,0.0634804401407259,0.8125,37.182794502983405,336,0.0438180758912376,0.6041666666666666,2.9198093413609487,D43740,False,-0.0764552562988706,True,no_line_overheat_0.45_0.2_0.03
tp15%_D+S_next_close,D+S,next_close,615,2022,D,159887,银行ETF,2022-08-12,2022-08-15,2022-12-27,2022-12-27,0.869,-0.0223266745005875,0.0211515863689777,original,90,priority_CSD_g40_t060_r040_noskip,conservative_tp_center15_profit_first,49.1484085195827,0.6288501295908152,0.3330498272070214,0.4196900982615268,0.0016897144259881,0.0764101602383781,0.1538461538461538,0.0,-0.0652065271513092,4,-0.0365842561650854,0.25,0.03536415356981,168,-0.0097135711409542,0.4166666666666667,0.7556150827253311,4,-0.0365842561650854,0.25,0.03536415356981,336,0.0439558629038791,0.6071428571428571,2.928028168060448,D43740,False,0.0211515863689777,True,no_line_overheat_0.45_0.2_0.03
tp15%_D+S_next_close,D+S,next_close,616,2022,D,159887,银行ETF,2022-08-15,2022-08-16,2022-12-28,2022-12-28,0.876,0.028169014084507,0.028169014084507,original,90,priority_CSD_g40_t060_r040_noskip,conservative_tp_center15_profit_first,53.94656760772867,0.5806962519482798,0.3126711236553581,0.3938397581254725,-0.0028668416673069,0.0614354466265804,0.1538461538461538,0.0,-0.0588235294117646,4,-0.0365842561650854,0.25,0.03536415356981,168,-0.0087360132198634,0.4226190476190476,0.7786635641023785,4,-0.0365842561650854,0.25,0.03536415356981,336,0.0442741347591681,0.6071428571428571,2.941988469634776,D43740,False,0.028169014084507,True,no_line_overheat_0.45_0.2_0.03
tp15%_D+S_next_close,D+S,next_close,617,2022,D,159992,创新药ETF,2022-08-16,2022-08-17,2022-12-29,2022-12-29,0.939,-0.0524722502522705,-0.0524722502522705,original,90,priority_CSD_g40_t060_r040_noskip,conservative_tp_center15_profit_first,49.55443295669454,0.5730359820115883,0.2871367186368607,0.3947845804988663,-0.0064134114671851,0.0611057911645058,0.0769230769230769,0.0,-0.0590301168648585,0,,,,86,-0.0146483519837145,0.4069767441860465,0.6935624120664657,5,0.1172396549297629,1.0,,336,0.044355689799201,0.6071428571428571,2.9455657037974765,D43740,False,-0.0524722502522705,True,no_line_overheat_0.45_0.2_0.03
tp15%_D+S_next_close,D+S,next_close,618,2022,D,159887,银行ETF,2022-08-17,2022-08-18,2022-12-30,2022-12-30,0.879,-0.0364705882352941,0.0341176470588235,original,90,priority_CSD_g40_t060_r040_noskip,conservative_tp_center15_profit_first,46.1360336903067,0.6184222685168327,0.3308760677344338,0.3569538926681784,-0.0049118870159128,0.0969103694311604,0.0769230769230769,0.0,-0.0651836326344766,2,-0.0695284710850383,0.0,,87,-0.013853931490375,0.4137931034482758,0.7068113827790514,4,-0.0365842561650854,0.25,0.03536415356981,336,0.0444475985053809,0.6071428571428571,2.9495970789701653,D43740,False,0.0341176470588235,True,no_line_overheat_0.45_0.2_0.03
tp15%_D+S_next_close,D+S,next_close,619,2022,D,159887,银行ETF,2022-08-18,2022-08-19,2023-01-03,2023-01-03,0.885,0.0350877192982457,0.0350877192982457,original,90,priority_CSD_g40_t060_r040_noskip,conservative_tp_center15_profit_first,59.14026833108073,0.5533587305625973,0.297223218372504,0.4818972033257748,0.0,0.0672275461056624,0.1153846153846153,0.0,-0.0745897259751164,2,-0.0695284710850383,0.0,,88,-0.0127056314962666,0.4204545454545454,0.7280220197330942,4,-0.0365842561650854,0.25,0.03536415356981,336,0.0446956428608689,0.6071428571428571,2.9604770042569246,D43740,False,0.0350877192982457,True,no_line_overheat_0.45_0.2_0.03
tp15%_D+S_next_close,D+S,next_close,620,2022,D,159902,中小板ETF,2022-08-19,2022-08-22,2023-01-04,2023-01-04,3.692,-0.1403958090803259,-0.1403958090803259,original,90,priority_CSD_g40_t060_r040_noskip,conservative_tp_center15_profit_first,56.626039304610735,0.519702397546402,0.2822350469149279,0.5141345427059715,-0.0011637361697484,0.0609514631154722,0.1153846153846153,0.0,-0.0693682989837492,0,,,,86,-0.0128458789737362,0.4069767441860465,0.7312694170665583,9,0.0965091341744535,1.0,,336,0.0450942410362366,0.6071428571428571,2.97796064486994,D43740,False,-0.1403958090803259,True,no_line_overheat_0.45_0.2_0.03
tp15%_D+S_next_close,D+S,next_close,621,2022,D,159992,创新药ETF,2022-08-22,2022-08-23,2023-01-05,2023-01-05,0.983,-0.0169133192389004,0.0391120507399578,original,90,priority_CSD_g40_t060_r040_noskip,conservative_tp_center15_profit_first,53.85667648660909,0.655884500631485,0.2916096554393286,0.4510959939531369,0.0231021950617493,0.0723174603174603,0.1538461538461538,0.0,-0.0600106299895869,0,,,,86,-0.011425409199425,0.4069767441860465,0.7609850691656026,4,0.1251937692891629,1.0,,336,0.0452930554019026,0.6071428571428571,2.98668120390111,D43740,False,0.0391120507399578,True,no_line_overheat_0.45_0.2_0.03
tp15%_D+S_next_close,D+S,next_close,622,2022,D,159992,创新药ETF,2022-08-23,2022-08-24,2023-01-06,2023-01-06,0.979,0.050429184549356,0.050429184549356,original,90,priority_CSD_g40_t060_r040_noskip,conservative_tp_center15_profit_first,58.61456376202697,0.5750085504367607,0.2979889656902479,0.4284580498866214,-0.000683358781023,0.0643220721810818,0.1538461538461538,0.0,-0.064188450778108,0,,,,87,-0.0098075280127469,0.4137931034482758,0.7924447960197645,4,0.1251937692891629,1.0,,337,0.0455424239438601,0.6083086053412463,3.003564507015646,D43740,False,0.050429184549356,True,no_line_overheat_0.45_0.2_0.03
tp15%_D+S_next_close,D+S,next_close,623,2022,D,159992,创新药ETF,2022-08-24,2022-08-25,2023-01-06,2023-01-06,0.979,0.0381760339342525,0.0381760339342525,original,89,priority_CSD_g40_t060_r040_noskip,conservative_tp_center15_profit_first,71.07485716782764,0.3509950379155396,0.2950868224245037,0.6573318216175359,-0.0248074144846463,0.0158596314026786,0.1923076923076923,0.0,-0.0845964350793053,0,,,,86,-0.0079569036831655,0.4302325581395348,0.832357071331453,3,0.1419054791981646,1.0,,337,0.0457346401103272,0.6083086053412463,3.012020743101868,D43740,False,0.0381760339342525,True,no_line_overheat_0.45_0.2_0.03
tp15%_D+S_next_close,D+S,next_close,624,2022,D,512720,计算机ETF,2022-08-25,2022-08-26,2023-01-06,2023-01-06,1.098,0.1002004008016033,0.1002004008016033,original,88,priority_CSD_g40_t060_r040_noskip,conservative_tp_center15_profit_first,62.09568745913283,0.3993492745102842,0.2908312652881555,0.4950113378684806,-0.0252931241155103,0.0264246081309436,0.1538461538461538,0.0,-0.076534756431308,0,,,,87,-0.0068942870805919,0.4367816091954023,0.8530561876266872,0,,,,337,0.0457714069567994,0.6083086053412463,3.013638240420792,D43740,False,0.1002004008016033,True,no_line_overheat_0.45_0.2_0.03
tp15%_D+S_next_close,D+S,next_close,625,2022,D,512720,计算机ETF,2022-08-26,2022-08-29,2023-01-06,2023-01-06,1.098,0.1068548387096774,0.1068548387096774,original,87,priority_CSD_g40_t060_r040_noskip,conservative_tp_center15_profit_first,62.99304980205435,0.4045561154772357,0.3170365907674621,0.5600907029478459,-0.0101433583091516,0.0272752822146237,0.1923076923076923,0.0,-0.0821228262113721,0,,,,88,-0.0059639978531242,0.4431818181818182,0.8714231334979858,0,,,,337,0.0463199205424554,0.6112759643916914,3.067424154630539,D43740,False,0.1068548387096774,True,no_line_overheat_0.45_0.2_0.03
tp15%_D+S_next_close,D+S,next_close,626,2022,D,512720,计算机ETF,2022-08-29,2022-08-30,2023-01-06,2023-01-06,1.098,0.1035175879396985,0.1035175879396985,original,86,priority_CSD_g40_t060_r040_noskip,conservative_tp_center15_profit_first,64.59120603634919,0.379814173210937,0.295017594048699,0.5488662131519274,-0.0160310997380874,0.002415458937198,0.1538461538461538,0.0384615384615384,-0.0848812260536399,0,,,,89,-0.006134109069425,0.4382022471910112,0.8669408964842621,0,,,,337,0.0462487153219811,0.6083086053412463,3.05849235582009,D43740,False,0.1035175879396985,True,no_line_overheat_0.45_0.2_0.03
tp15%_D+S_next_close,D+S,next_close,627,2022,D,159992,创新药ETF,2022-08-30,2022-08-31,2023-01-06,2023-01-06,0.979,0.035978835978836,0.035978835978836,original,85,priority_CSD_g40_t060_r040_noskip,conservative_tp_center15_profit_first,62.86539291545964,0.4150799969748058,0.3013234647729127,0.550453514739229,0.0033339678913637,-0.0020335444737978,0.1538461538461538,0.0,-0.0845846394984325,0,,,,90,-0.0064243752410551,0.4333333333333333,0.8601780465128139,2,0.176808062057435,1.0,,337,0.0461508137837806,0.6053412462908012,3.045420376957761,D43740,False,0.035978835978836,True,no_line_overheat_0.45_0.2_0.03
tp15%_D+S_next_close,D+S,next_close,628,2022,D,159902,中小板ETF,2022-08-31,2022-09-01,2023-01-06,2023-01-06,3.775,-0.0597758405977583,-0.0597758405977583,original,84,priority_CSD_g40_t060_r040_noskip,conservative_tp_center15_profit_first,67.17120181405896,0.3552601220232391,0.3715286371664373,0.5696145124716554,0.0002341796728637,-0.0289616249783078,0.1538461538461538,0.0384615384615384,-0.0956471757907164,0,,,,91,-0.0055425935087459,0.4395604395604395,0.87802905813896,9,0.0965091341744535,1.0,,337,0.0464045381916078,0.6083086053412463,3.059831610066939,D43740,False,-0.0597758405977583,True,no_line_overheat_0.45_0.2_0.03
tp15%_D+S_next_close,D+S,next_close,629,2022,D,159766,旅游ETF,2022-09-01,2022-09-02,2023-01-06,2022-12-08,1.099,0.177848775292865,0.1703940362087328,take_profit_15%,63,priority_CSD_g40_t060_r040_noskip,conservative_tp_center15_profit_first,66.79969410026513,0.3380638623110899,0.3240609898197406,0.5973167044595615,-0.0104079898809396,-0.0117032704702792,0.1153846153846153,0.0384615384615384,-0.0969202001869878,10,0.052427012910031,0.7,6.871777968438404,92,-0.0045927671420741,0.4456521739130434,0.897820397115774,10,0.052427012910031,0.7,6.871777968438404,337,0.0466054730229818,0.6083086053412463,3.068750822138796,D43740,False,0.1703940362087328,True,no_line_overheat_0.45_0.2_0.03
tp15%_D+S_next_close,D+S,next_close,630,2022,D,515790,光伏ETF,2022-09-02,2022-09-05,2023-01-06,2023-01-06,1.455,-0.0973945409429281,-0.0973945409429281,original,82,priority_CSD_g40_t060_r040_noskip,conservative_tp_center15_profit_first,64.18451446526096,0.2982888823409076,0.3514990320597631,0.5661753590325019,-0.0269133856634763,-0.0313858818458029,0.1538461538461538,0.0769230769230769,-0.0940020027751458,9,-0.0783467974548586,0.0,,93,-0.0036887798118687,0.4516129032258064,0.9170402112904328,9,-0.0783467974548586,0.0,,337,0.0461315748268715,0.6083086053412463,3.0477151535955382,D43740,False,-0.0973945409429281,True,no_line_overheat_0.45_0.2_0.03
tp15%_D+S_next_close,D+S,next_close,631,2022,D,159992,创新药ETF,2022-09-05,2022-09-06,2023-01-06,2023-01-06,0.979,0.0676117775354416,0.0676117775354416,original,81,priority_CSD_g40_t060_r040_noskip,conservative_tp_center15_profit_first,66.12867154193856,0.3003105380023192,0.3670382488354822,0.5834089191232049,-0.0306106636231705,-0.0226846947208237,0.1153846153846153,0.1538461538461538,-0.0973905546250184,0,,,,94,-0.0018539871980369,0.4574468085106383,0.957855923568798,2,0.176808062057435,1.0,,337,0.0466774032564323,0.6112759643916914,3.076089968127303,D43740,False,0.0676117775354416,True,no_line_overheat_0.45_0.2_0.03
tp15%_D+S_next_close,D+S,next_close,632,2022,D,159902,中小板ETF,2022-09-06,2022-09-07,2023-01-06,2023-01-06,3.775,-0.066056407718951,-0.066056407718951,original,80,priority_CSD_g40_t060_r040_noskip,conservative_tp_center15_profit_first,54.47231670445956,0.3475544189406421,0.3610048333206026,0.4528722600151171,-0.0217907273378304,-0.0177314515905427,0.1153846153846153,0.1153846153846153,-0.086404499261704,0,,,,95,0.0001997970074335,0.4631578947368421,1.0045900196068251,9,0.0965091341744535,1.0,,337,0.047222745374126,0.6112759643916914,3.100345372686148,D43740,False,-0.066056407718951,True,no_line_overheat_0.45_0.2_0.03
tp15%_D+S_next_close,D+S,next_close,633,2022,D,159992,创新药ETF,2022-09-07,2022-09-08,2023-01-06,2023-01-06,0.979,0.0853658536585364,0.0853658536585364,original,79,priority_CSD_g40_t060_r040_noskip,conservative_tp_center15_profit_first,57.964333217519,0.3448571868328862,0.3585068630790118,0.4717309145880575,-0.0192979517611025,-0.025123411094273,0.1153846153846153,0.0,-0.0854954034729316,0,,,,96,0.0010832276716042,0.46875,1.0251473910423223,2,0.176808062057435,1.0,,337,0.0467048976923574,0.6112759643916914,3.077312849406494,D43740,False,0.0853658536585364,True,no_line_overheat_0.45_0.2_0.03
tp15%_D+S_next_close,D+S,next_close,634,2022,D,159755,电池ETF,2022-09-08,2022-09-09,2023-01-06,2023-01-06,0.926,-0.1329588014981273,-0.1329588014981273,original,78,priority_CSD_g40_t060_r040_noskip,conservative_tp_center15_profit_first,58.2374725003412,0.3145763695086597,0.411322380424401,0.4827286470143613,-0.0344971177556053,-0.0270952583932123,0.1538461538461538,0.1538461538461538,-0.0889897368549053,6,0.0542844130433432,0.5,2.242541341905836,97,0.0018457223137176,0.4742268041237113,1.0432952302097769,6,0.0542844130433432,0.5,2.242541341905836,337,0.0462202758737282,0.6112759643916914,3.0557581264399114,D43740,False,-0.1329588014981273,True,no_line_overheat_0.45_0.2_0.03
tp15%_D+S_next_close,D+S,next_close,635,2022,D,515790,光伏ETF,2022-09-09,2022-09-13,2023-01-06,2023-01-06,1.455,-0.1276978417266185,-0.1276978417266185,original,77,priority_CSD_g40_t060_r040_noskip,conservative_tp_center15_profit_first,50.98362389122701,0.363892234214083,0.4150874452647202,0.3400226757369614,-0.0219285636142059,-0.026575961731116,0.1153846153846153,0.0769230769230769,-0.0900887860125924,9,-0.0783467974548586,0.0,,98,0.0016885279836399,0.4693877551020408,1.0398854574538694,9,-0.0783467974548586,0.0,,337,0.0453613759043767,0.6083086053412463,3.013952381630152,D43740,False,-0.1276978417266185,True,no_line_overheat_0.45_0.2_0.03
tp15%_D+S_next_close,D+S,next_close,636,2022,D,159992,创新药ETF,2022-09-13,2022-09-14,2023-01-06,2023-01-06,0.979,0.0987654320987654,0.0987654320987654,original,76,priority_CSD_g40_t060_r040_noskip,conservative_tp_center15_profit_first,55.86429417195974,0.3935760881430068,0.3881692089900584,0.3815948601662887,-0.0199845871536452,-0.0263207572794435,0.0769230769230769,0.1153846153846153,-0.0838091176072136,0,,,,99,0.0030789899463817,0.4747474747474747,1.073472311724551,2,0.176808062057435,1.0,,336,0.0442146525998094,0.6071428571428571,2.957215165418585,D43740,False,0.0987654320987654,True,no_line_overheat_0.45_0.2_0.03
tp15%_D+S_next_close,D+S,next_close,637,2022,D,159870,化工ETF,2022-09-14,2022-09-15,2023-01-06,2023-01-06,0.781,-0.0579010856453557,-0.0579010856453557,original,75,priority_CSD_g40_t060_r040_noskip,conservative_tp_center15_profit_first,60.45272756673933,0.3363488640615682,0.3925365918439144,0.4932350718065005,-0.0278245417134306,-0.0301004389392647,0.1538461538461538,0.1153846153846153,-0.0940666369955114,1,0.0818414322250637,1.0,,86,0.0056394736089923,0.4767441860465116,1.1238234655411794,17,-0.0354082990168966,0.1176470588235294,0.126823240885655,336,0.0435421626578095,0.6071428571428571,2.9274465833834213,D43740,False,-0.0579010856453557,True,no_line_overheat_0.45_0.2_0.03
tp15%_D+S_next_close,D+S,next_close,638,2022,D,515790,光伏ETF,2022-09-15,2022-09-16,2023-01-06,2023-01-06,1.455,-0.0376984126984126,-0.0376984126984126,original,74,priority_CSD_g40_t060_r040_noskip,conservative_tp_center15_profit_first,73.89274554597137,0.3072369070435492,0.4059219030220243,0.5783068783068783,-0.0368414793514542,-0.030377463982054,0.1153846153846153,0.2692307692307692,-0.1050620335747923,9,-0.0783467974548586,0.0,,86,0.0081798530640632,0.4883720930232558,1.181776904714337,9,-0.0783467974548586,0.0,,336,0.0431158753831696,0.6071428571428571,2.908576460704822,D43740,False,-0.0376984126984126,True,no_line_overheat_0.45_0.2_0.03
tp15%_D+S_next_close,D+S,next_close,639,2022,D,159870,化工ETF,2022-09-16,2022-09-19,2023-01-06,2023-01-06,0.781,-0.0369913686806412,-0.0369913686806412,original,73,priority_CSD_g40_t060_r040_noskip,conservative_tp_center15_profit_first,76.41576208736777,0.2182459513133589,0.4602178172143486,0.6854119425547998,-0.0467491168908148,-0.0669215904190906,0.3076923076923077,0.3076923076923077,-0.1255671417619727,1,0.0818414322250637,1.0,,87,0.0098326381756558,0.4942528735632184,1.221046712918162,17,-0.0354082990168966,0.1176470588235294,0.126823240885655,336,0.0426671927320882,0.6071428571428571,2.8887149795550062,D43740,False,-0.0369913686806412,True,no_line_overheat_0.45_0.2_0.03
tp15%_D+S_next_close,D+S,next_close,640,2022,D,516750,建材ETF,2022-09-19,2022-09-20,2023-01-06,2023-01-06,0.912,0.0293453724604966,0.0293453724604966,original,72,priority_CSD_g40_t060_r040_noskip,conservative_tp_center15_profit_first,75.73375873780499,0.1899680438179544,0.4270259904515933,0.6706349206349206,-0.0653548866592345,-0.0867167919799498,0.3076923076923077,0.2692307692307692,-0.1297976412394359,5,-0.0607747552015099,0.0,,88,0.0123974149568854,0.5,1.2819087528595243,5,-0.0607747552015099,0.0,,336,0.0424867163927987,0.6071428571428571,2.88072597574096,D43740,False,0.0293453724604966,True,no_line_overheat_0.45_0.2_0.03
tp15%_D+S_next_close,D+S,next_close,641,2022,D,516750,建材ETF,2022-09-20,2022-09-21,2023-01-06,2023-01-06,0.912,0.0399087799315849,0.0399087799315849,original,71,priority_CSD_g40_t060_r040_noskip,conservative_tp_center15_profit_first,70.45948992923908,0.1781855392142981,0.4461675834149403,0.6255479969765684,-0.0705265632691445,-0.0947279313831788,0.3076923076923077,0.3076923076923077,-0.1297976412394359,5,-0.0607747552015099,0.0,,89,0.0120295902601693,0.4943820224719101,1.2752067503251114,5,-0.0607747552015099,0.0,,337,0.0423002899849541,0.6053412462908012,2.87302754685677,D43740,False,0.0399087799315849,True,no_line_overheat_0.45_0.2_0.03
tp15%_D+S_next_close,D+S,next_close,642,2022,D,515790,光伏ETF,2022-09-21,2022-09-22,2023-01-06,2023-01-06,1.455,-0.052734375,-0.052734375,original,70,priority_CSD_g40_t060_r040_noskip,conservative_tp_center15_profit_first,74.70459779865608,0.1657952047260205,0.4662129786817802,0.6815570672713531,-0.062121637203087,-0.1072761816879165,0.3076923076923077,0.3461538461538461,-0.1234973285841495,9,-0.0783467974548586,0.0,,90,0.0129550991411771,0.5,1.2997101773796147,9,-0.0783467974548586,0.0,,338,0.0424571689777526,0.606508875739645,2.88555259799874,D43740,False,-0.052734375,True,no_line_overheat_0.45_0.2_0.03
tp15%_D+S_next_close,D+S,next_close,643,2022,D,516750,建材ETF,2022-09-22,2022-09-23,2023-01-06,2023-01-06,0.912,0.0666666666666666,0.0666666666666666,original,69,priority_CSD_g40_t060_r040_noskip,conservative_tp_center15_profit_first,73.87114300528896,0.2006061425842116,0.4515058038652967,0.6834845049130764,-0.0431206098051552,-0.0955165425315536,0.3076923076923077,0.2307692307692307,-0.1314082578376111,5,-0.0607747552015099,0.0,,91,0.0130450612280721,0.5054945054945055,1.3051446461787006,5,-0.0607747552015099,0.0,,339,0.0423942913378437,0.6076696165191741,2.888330454316005,D43740,False,0.0666666666666666,True,no_line_overheat_0.45_0.2_0.03
tp15%_D+S_next_close,D+S,next_close,644,2022,D,515790,光伏ETF,2022-09-23,2022-09-26,2023-01-06,2023-01-06,1.455,-0.0576424870466321,-0.0576424870466321,original,68,priority_CSD_g40_t060_r040_noskip,conservative_tp_center15_profit_first,73.15595104731949,0.1553565610923158,0.537917141049877,0.6665910808767953,-0.0666271865121179,-0.1151283778725952,0.3846153846153846,0.3846153846153846,-0.1398503013104614,9,-0.0783467974548586,0.0,,92,0.0124894202563029,0.5,1.292495109834429,9,-0.0783467974548586,0.0,,339,0.0412684153399675,0.6047197640117994,2.8290316129667463,D43740,False,-0.0576424870466321,True,no_line_overheat_0.45_0.2_0.03
tp15%_D+S_next_close,D+S,next_close,645,2022,D,512400,有色金属ETF,2022-09-26,2022-09-27,2023-01-06,2023-01-06,1.103,-0.0375218150087259,-0.0375218150087259,original,67,priority_CSD_g40_t060_r040_noskip,conservative_tp_center15_profit_first,75.68972033257748,0.1330251037180592,0.5671655449855065,0.7069160997732427,-0.0781810929397686,-0.132878596718754,0.4615384615384615,0.5,-0.1516776556776556,2,0.1173348259229762,1.0,,93,0.0122430014505824,0.4946236559139785,1.2890733657040312,15,0.0519107032577721,0.8666666666666667,6.271899229376405,339,0.0402144769148054,0.6017699115044248,2.7798941731077567,D43740,False,-0.0375218150087259,True,no_line_overheat_0.45_0.2_0.03
tp15%_D+S_next_close,D+S,next_close,646,2022,D,515790,光伏ETF,2022-09-27,2022-09-28,2023-01-06,2023-01-06,1.455,-0.0254521098459478,-0.0254521098459478,original,66,priority_CSD_g40_t060_r040_noskip,conservative_tp_center15_profit_first,66.88833708744721,0.1698326733589097,0.5279985011444384,0.6235071806500379,-0.0644505619900724,-0.116397172967709,0.3846153846153846,0.3461538461538461,-0.1244601169974304,9,-0.0783467974548586,0.0,,94,0.0135467208684285,0.5,1.3232952064607093,9,-0.0783467974548586,0.0,,339,0.039435858961113,0.6017699115044248,2.7454325148897443,D43740,False,-0.0254521098459478,True,no_line_overheat_0.45_0.2_0.03
tp15%_D+S_next_close,D+S,next_close,647,2022,D,515790,光伏ETF,2022-09-28,2022-09-29,2023-01-06,2023-01-06,1.455,-0.0427631578947368,-0.0427631578947368,original,65,priority_CSD_g40_t060_r040_noskip,conservative_tp_center15_profit_first,81.95695140004753,0.1340098870375578,0.5418317239394622,0.733106575963719,-0.0797029761273834,-0.1287587137997179,0.4230769230769231,0.5,-0.1373372587041086,9,-0.0783467974548586,0.0,,95,0.0132736322886042,0.4947368421052631,1.3191434188044515,9,-0.0783467974548586,0.0,,339,0.0382538563429607,0.5988200589970502,2.6903811222482124,D43740,False,-0.0427631578947368,True,no_line_overheat_0.45_0.2_0.03
tp15%_D+S_next_close,D+S,next_close,648,2022,D,516750,建材ETF,2022-09-29,2022-09-30,2023-01-06,2023-01-06,0.912,0.0870083432657926,0.0870083432657926,original,64,priority_CSD_g40_t060_r040_noskip,conservative_tp_center15_profit_first,76.33053436744493,0.1404059610044664,0.520280656461013,0.7149659863945579,-0.0673089817532973,-0.1172755799437503,0.4230769230769231,0.3846153846153846,-0.1449341721080852,5,-0.0607747552015099,0.0,,96,0.0127503550186575,0.4895833333333333,1.3069179820652044,5,-0.0607747552015099,0.0,,339,0.0369438325975399,0.5958702064896755,2.624665722289736,D43740,False,0.0870083432657926,True,no_line_overheat_0.45_0.2_0.03
tp15%_D+S_next_close,D+S,next_close,649,2022,D,515790,光伏ETF,2022-09-30,2022-10-10,2023-01-06,2023-01-06,1.455,0.0062240663900414,0.0062240663900414,original,63,priority_CSD_g40_t060_r040_noskip,conservative_tp_center15_profit_first,76.86453925729538,0.1388864153155592,0.5376313651882406,0.6695011337868482,-0.0750088620477293,-0.1277973626192776,0.4615384615384615,0.3846153846153846,-0.1487315027426968,9,-0.0783467974548586,0.0,,97,0.0141700726263307,0.4948453608247423,1.344645517315342,9,-0.0783467974548586,0.0,,339,0.0363859303150274,0.5958702064896755,2.6001310530078703,D43740,False,0.0062240663900414,True,no_line_overheat_0.45_0.2_0.03
tp15%_D+S_next_close,D+S,next_close,650,2022,D,515790,光伏ETF,2022-10-10,2022-10-11,2023-01-06,2023-01-06,1.455,-0.0041067761806981,-0.0041067761806981,original,62,priority_CSD_g40_t060_r040_noskip,conservative_tp_center15_profit_first,82.51927544163166,0.1247303014304681,0.6091059812012798,0.7805744520030236,-0.0870962918660286,-0.1344525291487682,0.6538461538461539,0.5384615384615384,-0.1499698477310417,9,-0.0783467974548586,0.0,,98,0.0139599993107614,0.4897959183673469,1.3424853965421093,9,-0.0783467974548586,0.0,,334,0.031558990789609,0.5868263473053892,2.3662512239689155,D43740,False,-0.0041067761806981,True,no_line_overheat_0.45_0.2_0.03
tp15%_D+S_next_close,D+S,next_close,651,2022,D,516750,建材ETF,2022-10-11,2022-10-12,2023-01-06,2023-01-06,0.912,0.1014492753623188,0.1014492753623188,original,61,priority_CSD_g40_t060_r040_noskip,conservative_tp_center15_profit_first,77.20319816766323,0.1196922213064363,0.5818020848285277,0.7290249433106577,-0.082099958688315,-0.1277873405291099,0.6153846153846154,0.5384615384615384,-0.1459191284407309,5,-0.0607747552015099,0.0,,99,0.0133171419918217,0.4848484848484848,1.3259931961667566,5,-0.0607747552015099,0.0,,334,0.0306749951791916,0.5838323353293413,2.3194841800595936,D43740,False,0.1014492753623188,True,no_line_overheat_0.45_0.2_0.03
tp15%_D+S_next_close,D+S,next_close,652,2022,D,159992,创新药ETF,2022-10-12,2022-10-13,2023-01-06,2022-11-08,0.962,0.1504112808460633,0.1304347826086955,take_profit_15%,18,priority_CSD_g40_t060_r040_noskip,conservative_tp_center15_profit_first,71.18640367548505,0.1518364249306663,0.6316100334964926,0.7027966742252458,-0.0795052432781671,-0.1014319990787085,0.5,0.5,-0.1305136994453569,0,,,,100,0.012706263565534,0.48,1.3105133947079506,2,0.176808062057435,1.0,,334,0.02976959379946,0.5808383233532934,2.272708326288579,D43740,False,0.1304347826086955,True,no_line_overheat_0.45_0.2_0.03
tp15%_D+S_next_close,D+S,next_close,653,2022,D,512400,有色金属ETF,2022-10-13,2022-10-14,2023-01-06,2023-01-06,1.103,-0.016057091882248,-0.016057091882248,original,59,priority_CSD_g40_t060_r040_noskip,conservative_tp_center15_profit_first,75.53429705215419,0.1120561004828817,0.6116310516501045,0.7418367346938776,-0.0873883583107959,-0.1126273337183619,0.4615384615384615,0.5384615384615384,-0.1236154196680513,2,0.1173348259229762,1.0,,101,0.0122220984241058,0.4752475247524752,1.2990233686486443,15,0.0519107032577721,0.8666666666666667,6.271899229376405,334,0.0289853887493024,0.5778443113772455,2.2334675201077263,D43740,False,-0.016057091882248,True,no_line_overheat_0.45_0.2_0.03
tp15%_D+S_next_close,D+S,next_close,654,2022,D,159813,半导体ETF鹏华,2022-10-14,2022-10-17,2023-01-06,2023-01-06,0.3050558659217877,0.012422360248447,0.012422360248447,original,58,priority_CSD_g40_t060_r040_noskip,conservative_tp_center15_profit_first,63.091056748073896,0.1712424500327391,0.5339106453428117,0.571806500377929,-0.0668341740081885,-0.0922001379041294,0.3461538461538461,0.2307692307692307,-0.1047034431968578,0,,,,102,0.0117946610060398,0.4705882352941176,1.289224604293953,0,,,,334,0.029014770225744,0.5778443113772455,2.236263571782693,D43740,False,0.012422360248447,True,no_line_overheat_0.45_0.2_0.03
tp15%_D+S_next_close,D+S,next_close,655,2022,D,515790,光伏ETF,2022-10-17,2022-10-18,2023-01-06,2023-01-06,1.455,-0.0714741544352264,-0.0714741544352264,original,57,priority_CSD_g40_t060_r040_noskip,conservative_tp_center15_profit_first,63.35849927727194,0.1690801076408501,0.6041876188419845,0.5230536659108088,-0.0750811702557081,-0.0822702168176001,0.3333333333333333,0.4074074074074074,-0.1036869454938228,9,-0.0783467974548586,0.0,,103,0.0115818831565649,0.4660194174757281,1.2860951705337929,9,-0.0783467974548586,0.0,,334,0.028192219785324,0.5748502994011976,2.1996672864628644,D43740,False,-0.0714741544352264,True,no_line_overheat_0.45_0.2_0.03
tp15%_D+S_next_close,D+S,next_close,656,2022,D,159813,半导体ETF鹏华,2022-10-18,2022-10-19,2023-01-06,2023-01-06,0.3050558659217877,0.0316455696202528,0.0316455696202528,original,56,priority_CSD_g40_t060_r040_noskip,conservative_tp_center15_profit_first,64.00755781211816,0.1803489792615734,0.5997273186797313,0.5487528344671202,-0.0671465548836356,-0.0941447720607187,0.3333333333333333,0.4444444444444444,-0.1050430757490561,0,,,,104,0.0118367196152901,0.4711538461538461,1.295228868699405,0,,,,334,0.0275571431197827,0.5748502994011976,2.172642784460279,D43740,False,0.0316455696202528,True,no_line_overheat_0.45_0.2_0.03
tp15%_D+S_next_close,D+S,next_close,657,2022,D,159996,家电ETF,2022-10-19,2022-10-20,2023-01-06,2023-01-06,1.052,0.0811921891058582,0.0811921891058582,original,55,priority_CSD_g40_t060_r040_noskip,conservative_tp_center15_profit_first,75.80876255440705,0.1598498857062508,0.5807463875846508,0.66130007558579,-0.0684996980747195,-0.1033205653759119,0.4074074074074074,0.3703703703703703,-0.1212189071534058,5,0.1257218377033708,1.0,,105,0.011604443226047,0.4666666666666667,1.291341474554703,40,0.0058139729086139,0.475,1.311822637117843,334,0.0267488493952864,0.5718562874251497,2.1364299514381697,D43740,False,0.0811921891058582,True,no_line_overheat_0.45_0.2_0.03
tp15%_D+S_next_close,D+S,next_close,658,2022,D,159996,家电ETF,2022-10-20,2022-10-21,2023-01-06,2023-01-06,1.052,0.0879007238883144,0.0879007238883144,original,54,priority_CSD_g40_t060_r040_noskip,conservative_tp_center15_profit_first,75.82160475535807,0.1248105401233205,0.5324975424251022,0.7035903250188964,-0.0685046331834631,-0.1188550253128403,0.4074074074074074,0.2222222222222222,-0.1238491510026708,5,0.1257218377033708,1.0,,106,0.0110208502686653,0.4622641509433962,1.2760082445060204,40,0.0058139729086139,0.475,1.311822637117843,334,0.0259741378488217,0.5688622754491018,2.0965065749538776,D43740,False,0.0879007238883144,True,no_line_overheat_0.45_0.2_0.03
tp15%_D+S_next_close,D+S,next_close,659,2022,D,515170,食品饮料ETF,2022-10-21,2022-10-24,2023-01-06,2022-12-07,0.738,0.2259083728278041,0.1658767772511848,take_profit_15%,32,priority_CSD_g40_t060_r040_noskip,conservative_tp_center15_profit_first,73.56902177377378,0.1961531771105612,0.5038152172361686,0.6820861678004535,-0.0332828379483381,-0.1054270969949249,0.5555555555555556,0.1111111111111111,-0.1186263456502764,1,0.1255605381165918,1.0,,107,0.0104390348775148,0.4579439252336448,1.2607472697887991,13,0.1190401214262015,1.0,,334,0.0258961552308394,0.5688622754491018,2.089627393533566,D43740,False,0.1658767772511848,True,no_line_overheat_0.45_0.2_0.03
tp15%_D+S_next_close,D+S,next_close,660,2022,D,515170,食品饮料ETF,2022-10-24,2022-10-25,2023-01-06,2022-12-07,0.738,0.2278481012658229,0.1677215189873417,take_profit_15%,31,priority_CSD_g40_t060_r040_noskip,conservative_tp_center15_profit_first,87.02570936173913,0.1646966715532031,0.5306306822273503,0.849848828420257,-0.0584513610969316,-0.1135763724604878,0.6296296296296297,0.2592592592592592,-0.1343092469545957,1,0.1255605381165918,1.0,,108,0.0102155379792324,0.4537037037037037,1.2567284896814117,13,0.1190401214262015,1.0,,334,0.025153605599342,0.5658682634730539,2.056559940306544,D43740,False,0.1677215189873417,True,no_line_overheat_0.45_0.2_0.03
tp15%_D+S_next_close,D+S,next_close,661,2022,D,512980,传媒ETF,2022-10-25,2022-10-26,2023-01-06,2022-11-18,0.601,0.1980582524271843,0.1669902912621359,take_profit_15%,17,priority_CSD_g40_t060_r040_noskip,conservative_tp_center15_profit_first,80.3514739229025,0.148213658798748,0.5468928824374558,0.8027966742252457,-0.0674938432889453,-0.1038685285413689,0.6666666666666666,0.2962962962962963,-0.1411076832854263,14,-0.1224238062076034,0.0,,109,0.0098307094727186,0.4495412844036697,1.2475172890611976,15,-0.1069218470808421,0.0666666666666666,0.0642414623340154,334,0.0247994509766133,0.562874251497006,2.0375435939364475,D43740,False,0.1669902912621359,True,no_line_overheat_0.45_0.2_0.03
tp15%_D+S_next_close,D+S,next_close,662,2022,D,159825,农业ETF,2022-10-26,2022-10-27,2023-01-06,2023-01-06,0.856,-0.0034924330616996,-0.0034924330616996,original,50,priority_CSD_g40_t060_r040_noskip,conservative_tp_center15_profit_first,76.11667353260799,0.1904121989539696,0.5666835187578694,0.715381708238851,-0.0503753434198815,-0.1073025025393156,0.6071428571428571,0.2857142857142857,-0.1416380817863868,1,0.0357894736842105,1.0,,110,0.0092670310862077,0.4454545454545454,1.232661645408731,1,0.0357894736842105,1.0,,334,0.0243942188125813,0.5598802395209581,2.013963109316688,D43740,False,-0.0034924330616996,True,no_line_overheat_0.45_0.2_0.03
tp15%_D+S_next_close,D+S,next_close,663,2022,D,515170,食品饮料ETF,2022-10-27,2022-10-28,2023-01-06,2022-12-02,0.702,0.3063973063973064,0.1818181818181818,take_profit_15%,25,priority_CSD_g40_t060_r040_noskip,conservative_tp_center15_profit_first,80.50264828025797,0.1986534038466828,0.5523040730974106,0.7038926681783826,-0.046435881493123,-0.1037939822170714,0.5714285714285714,0.25,-0.1385273742265267,1,0.1255605381165918,1.0,,111,0.0096608428102088,0.4504504504504504,1.2447538233626347,13,0.1190401214262015,1.0,,334,0.0242904505581518,0.5598802395209581,2.00964990778652,D43740,False,0.1818181818181818,True,no_line_overheat_0.45_0.2_0.03
tp15%_D+S_next_close,D+S,next_close,664,2022,D,159825,农业ETF,2022-10-28,2022-10-31,2023-01-06,2023-01-06,0.856,0.0464547677261613,0.0464547677261613,original,48,priority_CSD_g40_t060_r040_noskip,conservative_tp_center15_profit_first,90.70752704743398,0.1454165797587372,0.5706814971683062,0.8787226001511715,-0.0618553132571824,-0.136594267917822,0.6785714285714286,0.3928571428571428,-0.1666974286677117,1,0.0357894736842105,1.0,,112,0.0085825217930542,0.4464285714285714,1.2139676234665433,1,0.0357894736842105,1.0,,334,0.0236524835412393,0.5568862275449101,1.9697234227810587,D43740,False,0.0464547677261613,True,no_line_overheat_0.45_0.2_0.03
tp15%_D+S_next_close,D+S,next_close,665,2022,D,516750,建材ETF,2022-10-31,2022-11-01,2023-01-06,2022-11-30,0.891,0.1752577319587629,0.1481958762886597,take_profit_15%,21,priority_CSD_g40_t060_r040_noskip,conservative_tp_center15_profit_first,87.48067976579709,0.1596375163290859,0.5579980952575639,0.8561602418745276,-0.0570683599605946,-0.1223103457360724,0.6428571428571429,0.3214285714285714,-0.1710444651327747,5,-0.0607747552015099,0.0,,113,0.0086895317449275,0.4513274336283185,1.2185696934113015,5,-0.0607747552015099,0.0,,334,0.0233591817893672,0.5568862275449101,1.957698403157338,D43740,False,0.1481958762886597,True,no_line_overheat_0.45_0.2_0.03
tp15%_D+S_next_close,D+S,next_close,666,2022,D,159996,家电ETF,2022-11-01,2022-11-02,2023-01-06,2023-01-06,1.052,0.1015706806282723,0.1015706806282723,original,46,priority_CSD_g40_t060_r040_noskip,conservative_tp_center15_profit_first,75.46735737468563,0.2125572941319299,0.5997111559268693,0.7416477702191987,-0.0406934757637296,-0.1141664378117298,0.6428571428571429,0.2857142857142857,-0.148566111347788,5,0.1257218377033708,1.0,,114,0.008130504627134,0.4473684210526316,1.203821052215141,39,0.0066088748339207,0.4871794871794871,1.3576737623810853,335,0.0231251556954183,0.5552238805970149,1.944560649511308,D43740,False,0.1015706806282723,True,no_line_overheat_0.45_0.2_0.03
tp15%_D+S_next_close,D+S,next_close,667,2022,D,159996,家电ETF,2022-11-02,2022-11-03,2023-01-06,2023-01-06,1.052,0.1015706806282723,0.1015706806282723,original,45,priority_CSD_g40_t060_r040_noskip,conservative_tp_center15_profit_first,73.304601112983,0.3017929578562437,0.5613245401856177,0.7055933484504914,-0.0053329430847515,-0.0836404594200139,0.6071428571428571,0.1428571428571428,-0.1388192870194615,5,0.1257218377033708,1.0,,115,0.0083112646777482,0.4521739130434782,1.2101801220603945,39,0.0066088748339207,0.4871794871794871,1.3576737623810853,335,0.0228616735539455,0.5552238805970149,1.933798565745816,D43740,False,0.1015706806282723,True,no_line_overheat_0.45_0.2_0.03
tp15%_D+S_next_close,D+S,next_close,668,2022,D,159887,银行ETF,2022-11-03,2022-11-04,2023-01-06,2023-01-06,0.898,0.1381495564005068,0.1381495564005068,original,44,priority_CSD_g40_t060_r040_noskip,conservative_tp_center15_profit_first,77.71570742427762,0.3219083832596388,0.5758081310196486,0.7379062736205594,0.0012554294521507,-0.0758317670320012,0.6071428571428571,0.1785714285714285,-0.1446113970040729,4,-0.049367458348904,0.0,,116,0.0085429364062606,0.4568965517241379,1.2179173702448705,6,-0.0341249859809802,0.1666666666666666,0.025532750854701,335,0.0230573480455317,0.5582089552238806,1.945290861588104,D43740,False,0.1381495564005068,True,no_line_overheat_0.45_0.2_0.03
tp15%_D+S_next_close,D+S,next_close,669,2022,D,159996,家电ETF,2022-11-04,2022-11-07,2023-01-06,2023-01-06,1.052,0.065856129685917,0.065856129685917,original,43,priority_CSD_g40_t060_r040_noskip,conservative_tp_center15_profit_first,66.95025234570008,0.4159747538270859,0.5668186797943835,0.6100151171579743,0.0363803346691978,-0.0600302193432714,0.3214285714285714,0.0714285714285714,-0.1181775208174247,5,0.1257218377033708,1.0,,117,0.0089214599299613,0.4615384615384615,1.2295347677174897,38,0.0075818917899766,0.5,1.4174009348129888,335,0.0228416184547426,0.5582089552238806,1.9364465135588136,D43740,False,0.065856129685917,True,no_line_overheat_0.45_0.2_0.03
tp15%_D+S_next_close,D+S,next_close,670,2022,D,159996,家电ETF,2022-11-07,2022-11-08,2023-01-06,2023-01-06,1.052,0.073469387755102,0.073469387755102,original,42,priority_CSD_g40_t060_r040_noskip,conservative_tp_center15_profit_first,67.87843285141867,0.4331147893421938,0.5048690235189108,0.6414210128495843,0.0520110422257178,-0.0680975170777599,0.1785714285714285,0.0357142857142857,-0.1073059360730594,5,0.1257218377033708,1.0,,118,0.009379438769224,0.4661016949152542,1.243380369731815,37,0.0077674196730901,0.4864864864864865,1.4163616622423063,335,0.0230274262244386,0.5582089552238806,1.9440641453158969,D43740,False,0.073469387755102,True,no_line_overheat_0.45_0.2_0.03
tp15%_D+S_next_close,D+S,next_close,671,2022,D,159825,农业ETF,2022-11-08,2022-11-09,2023-01-06,2023-01-06,0.856,-0.0126874279123414,-0.0126874279123414,original,41,priority_CSD_g40_t060_r040_noskip,conservative_tp_center15_profit_first,70.75295951126515,0.4242368163370376,0.4934363981982028,0.6483749055177626,0.0451967131393055,-0.0667954073880113,0.25,0.0714285714285714,-0.108753031241132,1,0.0357894736842105,1.0,,119,0.0100418635286752,0.4705882352941176,1.2627773707513932,1,0.0357894736842105,1.0,,335,0.0233247031975652,0.5611940298507463,1.9575853157720469,D43740,False,-0.0126874279123414,True,no_line_overheat_0.45_0.2_0.03
tp15%_D+S_next_close,D+S,next_close,672,2022,D,159902,中小板ETF,2022-11-09,2022-11-10,2023-01-06,2023-01-06,3.775,0.0161507402422611,0.0161507402422611,original,40,priority_CSD_g40_t060_r040_noskip,conservative_tp_center15_profit_first,71.45313681027967,0.3469913196331807,0.5016800203979322,0.6592214663643235,0.0117297121414984,-0.0717812674334412,0.3214285714285714,0.1071428571428571,-0.1175718468642778,0,,,,120,0.0103004432373648,0.475,1.2718090081998137,9,0.0965091341744535,1.0,,335,0.0235135474644416,0.564179104477612,1.9679707034302905,D43740,False,0.0161507402422611,True,no_line_overheat_0.45_0.2_0.03
tp15%_D+S_next_close,D+S,next_close,673,2022,D,159902,中小板ETF,2022-11-10,2022-11-11,2023-01-06,2023-01-06,3.775,-0.0042205222896333,-0.0042205222896333,original,39,priority_CSD_g40_t060_r040_noskip,conservative_tp_center15_profit_first,75.14455782312925,0.3472747163559656,0.5326810246888416,0.6741874527588814,0.0099749482228405,-0.0673156606537156,0.4642857142857143,0.0357142857142857,-0.1282343987823441,0,,,,121,0.0102442376118881,0.4793388429752066,1.2725785645878265,9,0.0965091341744535,1.0,,335,0.0230744993024072,0.564179104477612,1.9498966225674648,D43740,False,-0.0042205222896333,True,no_line_overheat_0.45_0.2_0.03
tp15%_D+S_next_close,D+S,next_close,674,2022,D,159996,家电ETF,2022-11-11,2022-11-14,2023-01-06,2023-01-06,1.052,0.0415841584158416,0.0415841584158416,original,38,priority_CSD_g40_t060_r040_noskip,conservative_tp_center15_profit_first,66.67519326185224,0.3697819882328712,0.3766913391589311,0.6312925170068028,0.0042916074396636,-0.068993275572223,0.1071428571428571,0.0,-0.0993600176076531,5,0.1257218377033708,1.0,,122,0.0102180426982643,0.4836065573770491,1.2741285257358408,25,0.0028633928665215,0.36,1.1121075226145518,253,0.0127002246629841,0.5059288537549407,1.4248010470122334,D43740,False,0.0415841584158416,True,no_line_overheat_0.45_0.2_0.03
tp15%_D+S_next_close,D+S,next_close,675,2022,D,159930,能源ETF,2022-11-14,2022-11-15,2023-01-06,2023-01-06,1.062,-0.0684210526315788,-0.0684210526315788,original,37,priority_CSD_g40_t060_r040_noskip,conservative_tp_center15_profit_first,72.02380952380952,0.3574654725826298,0.3652867051286489,0.6335978835978835,0.0034904013961605,-0.0675571987993719,0.1428571428571428,0.0,-0.0973946974749022,14,0.086918746244608,1.0,,123,0.0103715588478762,0.4878048780487805,1.280527753557588,26,0.0615401633834986,0.8846153846153846,57.99991218916424,253,0.0127414855738102,0.5059288537549407,1.4261811547335326,D43740,False,-0.0684210526315788,True,no_line_overheat_0.45_0.2_0.03
tp15%_D+S_next_close,D+S,next_close,676,2022,D,159930,能源ETF,2022-11-15,2022-11-16,2023-01-06,2023-01-06,1.062,-0.0732984293193715,-0.0732984293193715,original,36,priority_CSD_g40_t060_r040_noskip,conservative_tp_center15_profit_first,64.25453514739229,0.4951035830936263,0.3797904685616046,0.5873393801965231,0.0174978127734033,-0.052370615819451,0.1071428571428571,0.0,-0.0898725735810969,15,0.0809482616664714,0.9333333333333332,461.1908675738788,124,0.0102666388375914,0.4838709677419355,1.279785205507424,27,0.0591631750201305,0.8518518518518519,53.01663397109598,253,0.0126196071400595,0.5019762845849802,1.4219573355570485,D43740,False,-0.0732984293193715,True,no_line_overheat_0.45_0.2_0.03
tp15%_D+S_next_close,D+S,next_close,677,2022,D,515790,光伏ETF,2022-11-16,2022-11-17,2023-01-06,2023-01-06,1.455,-0.014895057549086,-0.014895057549086,original,35,priority_CSD_g40_t060_r040_noskip,conservative_tp_center15_profit_first,72.96644471833261,0.463202407277687,0.3959738409820664,0.6751322751322753,0.0265017667844522,-0.0541645800567323,0.0714285714285714,0.0,-0.1008419878592846,9,-0.0783467974548586,0.0,,125,0.0098281076226252,0.48,1.2673765184744843,9,-0.0783467974548586,0.0,,253,0.0123544638956602,0.4980237154150198,1.410673899423375,D43740,False,-0.014895057549086,True,no_line_overheat_0.45_0.2_0.03
tp15%_D+S_next_close,D+S,next_close,678,2022,D,159930,能源ETF,2022-11-17,2022-11-18,2023-01-06,2023-01-06,1.062,-0.0432432432432432,-0.0432432432432432,original,34,priority_CSD_g40_t060_r040_noskip,conservative_tp_center15_profit_first,71.50557445200302,0.4731175356555601,0.4271523610699166,0.5898337112622827,0.0310008857395924,-0.0654450735307418,0.1785714285714285,0.0,-0.0975136075832191,16,0.074191202443047,0.875,40.82991447482651,126,0.0095345140231733,0.4761904761904761,1.259927593113304,28,0.0560800371298287,0.8214285714285714,28.131968133037343,254,0.0121988766917075,0.4960629921259842,1.40565698470013,D43740,False,-0.0432432432432432,True,no_line_overheat_0.45_0.2_0.03
tp15%_D+S_next_close,D+S,next_close,679,2022,D,159825,农业ETF,2022-11-18,2022-11-21,2023-01-06,2023-01-06,0.856,-0.0034924330616996,-0.0034924330616996,original,33,priority_CSD_g40_t060_r040_noskip,conservative_tp_center15_profit_first,72.45620384120043,0.4287997082847876,0.3973949370314437,0.6555555555555556,0.0234881209503239,-0.0594770124011641,0.2142857142857142,0.0,-0.1025826637538415,1,0.0357894736842105,1.0,,127,0.0095064949806092,0.4803149606299212,1.2612205999343475,1,0.0357894736842105,1.0,,253,0.0121501638182099,0.4940711462450592,1.4024464073555718,D43740,False,-0.0034924330616996,True,no_line_overheat_0.45_0.2_0.03
tp15%_D+S_next_close,D+S,next_close,680,2022,D,159930,能源ETF,2022-11-21,2022-11-22,2023-01-06,2023-01-06,1.062,-0.0449640287769784,-0.0449640287769784,original,32,priority_CSD_g40_t060_r040_noskip,conservative_tp_center15_profit_first,74.39909297052155,0.4450593142274219,0.3906716431749676,0.6811035525321241,0.0404847149545579,-0.0754319893664155,0.2142857142857142,0.0,-0.1075949773664577,17,0.0695632314209422,0.8235294117647058,35.48995921330397,128,0.0093971918562862,0.4765625,1.2599981015155728,29,0.0539916115414644,0.7931034482758621,26.10895111348979,254,0.0120846737837573,0.4921259842519685,1.401623536049276,D43740,False,-0.0449640287769784,True,no_line_overheat_0.45_0.2_0.03
tp15%_D+S_next_close,D+S,next_close,681,2022,D,159755,电池ETF,2022-11-22,2022-11-23,2023-01-06,2023-01-06,0.926,0.009814612868048,0.009814612868048,original,31,priority_CSD_g40_t060_r040_noskip,conservative_tp_center15_profit_first,78.46941566759313,0.4509574226237817,0.3575681564127499,0.7141345427059713,0.0458860759493671,-0.0785768444996735,0.2857142857142857,0.0,-0.102841869852179,6,0.0542844130433432,0.5,2.242541341905836,129,0.0092545081286482,0.4728682170542636,1.2575492405201725,6,0.0542844130433432,0.5,2.242541341905836,255,0.0120019534590798,0.4901960784313725,1.3999732954014747,D43740,False,0.009814612868048,True,no_line_overheat_0.45_0.2_0.03
tp15%_D+S_next_close,D+S,next_close,682,2022,D,159902,中小板ETF,2022-11-23,2022-11-24,2023-01-06,2023-01-06,3.775,0.0202702702702701,0.0202702702702701,original,30,priority_CSD_g40_t060_r040_noskip,conservative_tp_center15_profit_first,68.4448223733938,0.4541387104109828,0.350583900602799,0.6427059712773997,0.0324255091536926,-0.0766261088950064,0.25,0.0,-0.0952483848082619,0,,,,130,0.009382013899217,0.4769230769230769,1.263121687835789,0,,,,256,0.0120559702748748,0.4921875,1.4033490248051663,D43740,False,0.0202702702702701,True,no_line_overheat_0.45_0.2_0.03
tp15%_D+S_next_close,D+S,next_close,683,2022,D,159766,旅游ETF,2022-11-24,2022-11-25,2023-01-06,2022-12-08,1.099,0.1728525980911985,0.1654294803817604,take_profit_15%,9,priority_CSD_g40_t060_r040_noskip,conservative_tp_center15_profit_first,69.18459627546335,0.4556540594278045,0.3406846197641238,0.6503023431594861,0.0303535095288314,-0.0571191333293056,0.1785714285714285,0.0,-0.0941555241452886,19,0.0634874471554474,0.7894736842105263,10.012968857818692,131,0.0095690426777175,0.4809160305343511,1.2704313332091128,19,0.0634874471554474,0.7894736842105263,10.012968857818692,257,0.0121408995107032,0.4941634241245136,1.4077771303429492,D43740,False,0.1654294803817604,True,no_line_overheat_0.45_0.2_0.03
tp15%_D+S_next_close,D+S,next_close,684,2022,D,159755,电池ETF,2022-11-25,2022-11-28,2023-01-06,2023-01-06,0.926,0.03463687150838,0.03463687150838,original,28,priority_CSD_g40_t060_r040_noskip,conservative_tp_center15_profit_first,66.94109254405386,0.5579395134273946,0.314369108068526,0.5876039304610734,0.0678077105728963,-0.0570485488384426,0.2857142857142857,0.0,-0.0719576719576718,6,0.0542844130433432,0.5,2.242541341905836,132,0.009018320744515,0.4772727272727273,1.2533624964240115,6,0.0542844130433432,0.5,2.242541341905836,258,0.0118491663633555,0.4922480620155038,1.396258135016632,D43740,False,0.03463687150838,True,no_line_overheat_0.45_0.2_0.03
tp15%_D+S_next_close,D+S,next_close,685,2022,D,159902,中小板ETF,2022-11-28,2022-11-29,2023-01-06,2023-01-06,3.775,0.0169719827586205,0.0169719827586205,original,27,priority_CSD_g40_t060_r040_noskip,conservative_tp_center15_profit_first,71.88114134542707,0.5439774428089531,0.3192406793156221,0.6724111866969009,0.0680794950837467,-0.0596217179804816,0.2142857142857142,0.0,-0.0820021299254525,0,,,,133,0.008769856227983,0.4736842105263157,1.2469855611639962,0,,,,259,0.0117106465706235,0.4903474903474903,1.391923088230708,D43740,False,0.0169719827586205,True,no_line_overheat_0.45_0.2_0.03
tp15%_D+S_next_close,D+S,next_close,686,2022,D,159930,能源ETF,2022-11-29,2022-11-30,2023-01-06,2023-01-06,1.062,-0.0907534246575341,-0.0907534246575341,original,26,priority_CSD_g40_t060_r040_noskip,conservative_tp_center15_profit_first,60.10440287226002,0.5664207233383218,0.3289198764642893,0.5516250944822373,0.054280359974464,-0.0431700304431164,0.1785714285714285,0.0,-0.0636042402826854,20,0.0616639483666187,0.8,29.484481026624085,134,0.0084289701277777,0.4701492537313433,1.2373152887036432,32,0.0505143989962133,0.78125,23.649810871583234,260,0.0115236483868921,0.4884615384615384,1.38531615390713,D43740,False,-0.0907534246575341,True,no_line_overheat_0.45_0.2_0.03
tp15%_D+S_next_close,D+S,next_close,687,2022,D,159902,中小板ETF,2022-11-30,2022-12-01,2023-01-06,2023-01-06,3.775,0.000264970853206,0.000264970853206,original,25,priority_CSD_g40_t060_r040_noskip,conservative_tp_center15_profit_first,59.42885487528345,0.5616500540872854,0.3351081736528759,0.5639077853363568,0.0461708833801856,-0.0361397499970875,0.1785714285714285,0.0,-0.0676691729323307,0,,,,135,0.0083496214229583,0.4666666666666667,1.2367220296272965,0,,,,261,0.0114707489485406,0.4865900383141762,1.3849095222736765,D43740,False,0.000264970853206,True,no_line_overheat_0.45_0.2_0.03
tp15%_D+S_next_close,D+S,next_close,688,2022,D,159930,能源ETF,2022-12-01,2022-12-02,2023-01-06,2023-01-06,1.062,-0.0700525394045532,-0.0700525394045532,original,24,priority_CSD_g40_t060_r040_noskip,conservative_tp_center15_profit_first,64.76993575207862,0.632118608052915,0.325127429567795,0.5682161753590326,0.0492196803247068,-0.0297243662118369,0.1428571428571428,0.0,-0.0597870597870598,20,0.0616639483666187,0.8,29.484481026624085,136,0.0082213061814508,0.4632352941176471,1.234362735771156,32,0.0505143989962133,0.78125,23.649810871583234,262,0.0113922298631566,0.4847328244274809,1.383290916779507,D43740,False,-0.0700525394045532,True,no_line_overheat_0.45_0.2_0.03
tp15%_D+S_next_close,D+S,next_close,689,2022,D,159930,能源ETF,2022-12-02,2022-12-05,2023-01-06,2023-01-06,1.062,-0.0852713178294573,-0.0852713178294573,original,23,priority_CSD_g40_t060_r040_noskip,conservative_tp_center15_profit_first,64.15202191987908,0.5496246671808236,0.3383178421579431,0.5558578987150417,0.0106188177669934,-0.0309990918315756,0.1428571428571428,0.0357142857142857,-0.0668103448275863,20,0.0616639483666187,0.8,29.484481026624085,137,0.0080125006548517,0.4598540145985401,1.2291108932250967,32,0.0505143989962133,0.78125,23.649810871583234,263,0.011271403700321,0.4828897338403042,1.3796792437241996,D43740,False,-0.0852713178294573,True,no_line_overheat_0.45_0.2_0.03
tp15%_D+S_next_close,D+S,next_close,690,2022,D,515790,光伏ETF,2022-12-05,2022-12-06,2023-01-06,2023-01-06,1.455,0.0181945416375086,0.0181945416375086,original,22,priority_CSD_g40_t060_r040_noskip,conservative_tp_center15_profit_first,54.16007681750163,0.6337216365609329,0.3382601898702432,0.411451247165533,0.0242397163984773,-0.0101176453120049,0.0714285714285714,0.0357142857142857,-0.0538793103448276,9,-0.0783467974548586,0.0,,138,0.0078462841781185,0.4565217391304347,1.2252938897231511,9,-0.0783467974548586,0.0,,264,0.0111721734850382,0.4810606060606061,1.3770468126782958,D43740,False,0.0181945416375086,True,no_line_overheat_0.45_0.2_0.03
tp15%_D+S_next_close,D+S,next_close,691,2022,D,159930,能源ETF,2022-12-06,2022-12-07,2023-01-06,2023-01-06,1.062,-0.0676031606672519,-0.0676031606672519,original,21,priority_CSD_g40_t060_r040_noskip,conservative_tp_center15_profit_first,56.69642857142858,0.6591201299790292,0.3117765764660686,0.5052910052910053,0.0296158758915316,-0.0067723045342816,0.0714285714285714,0.0357142857142857,-0.0538133043520974,21,0.062537093682494,0.8095238095238095,31.33220448781224,139,0.0083653756588514,0.460431654676259,1.241939368079253,33,0.0514079020569341,0.7878787878787878,24.770769020233143,265,0.0114319011322645,0.4830188679245283,1.387273704523068,D43740,False,-0.0676031606672519,True,no_line_overheat_0.45_0.2_0.03
tp15%_D+S_next_close,D+S,next_close,692,2022,D,159930,能源ETF,2022-12-07,2022-12-08,2023-01-06,2023-01-06,1.062,-0.0618374558303885,-0.0618374558303885,original,20,priority_CSD_g40_t060_r040_noskip,conservative_tp_center15_profit_first,59.36271730914588,0.6422965997032498,0.3068320203773305,0.4541194255479969,0.0355578107360176,-0.0335090712844955,0.0714285714285714,0.0357142857142857,-0.0560941440592076,22,0.0630194143400238,0.8181818181818182,33.02167385625974,140,0.0088281097480607,0.4642857142857143,1.2571591920391143,34,0.0520473210596169,0.7941176470588235,25.79571917929961,266,0.0116639170984896,0.4849624060150376,1.3966246820200232,D43740,False,-0.0618374558303885,True,no_line_overheat_0.45_0.2_0.03
tp15%_D+S_next_close,D+S,next_close,693,2022,D,159930,能源ETF,2022-12-08,2022-12-09,2023-01-06,2023-01-06,1.062,-0.0626654898499557,-0.0626654898499557,original,19,priority_CSD_g40_t060_r040_noskip,conservative_tp_center15_profit_first,56.88208616780045,0.6354614345743964,0.283271678594322,0.4471655328798186,0.0388920020690675,-0.0340765152015187,0.0714285714285714,0.0,-0.0595202724322347,23,0.0614958893404654,0.8260869565217391,33.667876781539896,141,0.0089639269792814,0.4680851063829787,1.2629806025652783,35,0.0513596358679187,0.8,26.18775102280308,267,0.0117250198035521,0.4868913857677903,1.400201325151656,D43740,False,-0.0626654898499557,True,no_line_overheat_0.45_0.2_0.03
tp15%_D+S_next_close,D+S,next_close,694,2022,D,159930,能源ETF,2022-12-09,2022-12-12,2023-01-06,2023-01-06,1.062,-0.042380522993688,-0.042380522993688,original,18,priority_CSD_g40_t060_r040_noskip,conservative_tp_center15_profit_first,51.2348828420257,0.6448859366177323,0.3016423719523374,0.3864701436130007,0.0298450896441958,-0.0209525614114038,0.1071428571428571,0.0,-0.0526071797116857,24,0.0596829610975622,0.8333333333333334,34.0832822359437,142,0.0090274599689399,0.4718309859154929,1.26672284140433,36,0.0504325796357763,0.8055555555555556,26.43976499507149,253,0.0034564253679954,0.458498023715415,1.1117895945903482,D43740,False,-0.042380522993688,True,no_line_overheat_0.45_0.2_0.03
tp15%_D+S_next_close,D+S,next_close,695,2022,D,159930,能源ETF,2022-12-12,2022-12-13,2023-01-06,2023-01-06,1.062,-0.044104410441044,-0.044104410441044,original,17,priority_CSD_g40_t060_r040_noskip,conservative_tp_center15_profit_first,63.93565759637188,0.574905370818464,0.2696210733392189,0.5257369614512473,0.0191728725518776,-0.0470279727468225,0.1785714285714285,0.0,-0.0572283054523233,24,0.0596829610975622,0.8333333333333334,34.0832822359437,143,0.0090439778827242,0.4755244755244755,1.269092641853661,36,0.0504325796357763,0.8055555555555556,26.43976499507149,253,0.0034793618480797,0.458498023715415,1.112531418740145,D43740,False,-0.044104410441044,True,no_line_overheat_0.45_0.2_0.03
tp15%_D+S_next_close,D+S,next_close,696,2022,D,515790,光伏ETF,2022-12-13,2022-12-14,2023-01-06,2023-01-06,1.455,0.0674981658107116,0.0674981658107116,original,16,priority_CSD_g40_t060_r040_noskip,conservative_tp_center15_profit_first,55.63009539259251,0.5313181927856866,0.2768823789423087,0.4524187452758882,-0.0065397001372611,-0.0498670539522568,0.1785714285714285,0.0357142857142857,-0.0584784494615009,9,-0.0783467974548586,0.0,,144,0.0090443612382171,0.4791666666666667,1.2709858946239183,9,-0.0783467974548586,0.0,,254,0.0035014871206215,0.4606299212598425,1.1136946229991045,D43740,False,0.0674981658107116,True,no_line_overheat_0.45_0.2_0.03
tp15%_D+S_next_close,D+S,next_close,697,2022,D,159930,能源ETF,2022-12-14,2022-12-15,2023-01-06,2023-01-06,1.062,-0.0362976406533576,-0.0362976406533576,original,15,priority_CSD_g40_t060_r040_noskip,conservative_tp_center15_profit_first,52.26473922902496,0.5565851998600155,0.2617104166470318,0.404421768707483,0.0020025953860427,-0.0420534802114332,0.1785714285714285,0.0357142857142857,-0.0511712221164479,26,0.0553039539795773,0.8076923076923077,31.669393382985074,145,0.0089572453403936,0.4758620689655172,1.2700378951488005,38,0.0479232790530384,0.7894736842105263,25.29571805757029,255,0.0034736873909477,0.4588235294117647,1.113184111182585,D43740,False,-0.0362976406533576,True,no_line_overheat_0.45_0.2_0.03
tp15%_D+S_next_close,D+S,next_close,698,2022,D,159930,能源ETF,2022-12-15,2022-12-16,2023-01-06,2023-01-06,1.062,-0.0389140271493212,-0.0389140271493212,original,14,priority_CSD_g40_t060_r040_noskip,conservative_tp_center15_profit_first,56.71863189720332,0.5681487325405806,0.2409793310366452,0.3942932728647015,0.0,-0.0381407557127618,0.1785714285714285,0.0,-0.0447253803742196,26,0.0553039539795773,0.8076923076923077,31.669393382985074,146,0.009129576859013,0.4794520547945205,1.277131407256119,38,0.0479232790530384,0.7894736842105263,25.29571805757029,256,0.0035933903584004,0.4609375,1.1175435804889549,D43740,False,-0.0389140271493212,True,no_line_overheat_0.45_0.2_0.03
tp15%_D+S_next_close,D+S,next_close,699,2022,D,515790,光伏ETF,2022-12-16,2022-12-19,2023-01-06,2023-01-06,1.455,0.0882572924457743,0.0882572924457743,original,13,priority_CSD_g40_t060_r040_noskip,conservative_tp_center15_profit_first,55.06562258755931,0.5748394879343792,0.2659945543970243,0.4249433106575964,0.007428767417993,-0.0115605724501806,0.25,0.0357142857142857,-0.0530028896297302,9,-0.0783467974548586,0.0,,147,0.0092936896475204,0.4829931972789115,1.284045388260058,9,-0.0783467974548586,0.0,,257,0.0037088019008564,0.4630350194552529,1.1217927151228972,D43740,False,0.0882572924457743,True,no_line_overheat_0.45_0.2_0.03
tp15%_D+S_next_close,D+S,next_close,700,2022,D,159930,能源ETF,2022-12-19,2022-12-20,2023-01-06,2023-01-06,1.062,-0.0130111524163568,-0.0130111524163568,original,12,priority_CSD_g40_t060_r040_noskip,conservative_tp_center15_profit_first,67.87981859410431,0.4183207912918125,0.3444028399514878,0.5811413454270598,-0.0093626870530814,-0.0257048685322331,0.3214285714285714,0.1428571428571428,-0.0737957680402348,26,0.0553039539795773,0.8076923076923077,31.669393382985074,148,0.0094619627796827,0.4864864864864865,1.2911556303487624,38,0.0479232790530384,0.7894736842105263,25.29571805757029,258,0.0038269775260761,0.4651162790697674,1.1261624661964993,D43740,False,-0.0130111524163568,True,no_line_overheat_0.45_0.2_0.03
tp15%_D+S_next_close,D+S,next_close,701,2022,D,159930,能源ETF,2022-12-20,2022-12-21,2023-01-06,2023-01-06,1.062,-0.0093283582089552,-0.0093283582089552,original,11,priority_CSD_g40_t060_r040_noskip,conservative_tp_center15_profit_first,65.13321995464852,0.3534368908171528,0.3375223196599114,0.5943310657596372,-0.0200320512820513,-0.0333569403543104,0.3571428571428571,0.0714285714285714,-0.0810252853942174,26,0.0553039539795773,0.8076923076923077,31.669393382985074,149,0.0094611099365183,0.4899328859060403,1.293096477825114,38,0.0479232790530384,0.7894736842105263,25.29571805757029,259,0.0038482435941152,0.4671814671814672,1.1273552554486344,D43740,False,-0.0093283582089552,True,no_line_overheat_0.45_0.2_0.03
tp15%_D+S_next_close,D+S,next_close,702,2022,D,159930,能源ETF,2022-12-21,2022-12-22,2023-01-06,2023-01-06,1.062,0.0037807183364839,0.0037807183364839,original,10,priority_CSD_g40_t060_r040_noskip,conservative_tp_center15_profit_first,63.87329931972789,0.3380097168350933,0.3660862059186807,0.5654950869236584,-0.0234677351799625,-0.0422614334820199,0.4642857142857143,0.0714285714285714,-0.0859479057003277,27,0.0526462748661079,0.7777777777777778,23.442515504081253,150,0.0092883466563809,0.4866666666666667,1.2886880349099556,39,0.0462725954341376,0.7692307692307693,20.74252193346596,260,0.0037701604184297,0.4653846153846154,1.1249901068146553,D43740,False,0.0037807183364839,True,no_line_overheat_0.45_0.2_0.03
tp15%_D+S_next_close,D+S,next_close,703,2022,D,516970,基建ETF,2022-12-22,2022-12-23,2023-01-06,2023-01-06,1.089,0.0293005671077504,0.0293005671077504,original,9,priority_CSD_g40_t060_r040_noskip,conservative_tp_center15_profit_first,66.77409831875941,0.3313690914259505,0.3655305958996066,0.5690854119425548,-0.0318769897717265,-0.0332015244259362,0.4285714285714285,0.0714285714285714,-0.0910186823812738,0,,,,151,0.009289090751722,0.4900662251655629,1.2906359029707866,0,,,,261,0.0037917333863778,0.4674329501915709,1.1261887857916404,D43740,False,0.0293005671077504,True,no_line_overheat_0.45_0.2_0.03
tp15%_D+S_next_close,D+S,next_close,704,2022,D,159930,能源ETF,2022-12-23,2022-12-26,2023-01-06,2023-01-06,1.062,-0.0009407337723422,-0.0009407337723422,original,8,priority_CSD_g40_t060_r040_noskip,conservative_tp_center15_profit_first,63.87755102040816,0.3352338712337699,0.3763096874929829,0.5897203325774754,-0.0327129451661364,-0.0278749619714024,0.4285714285714285,0.1428571428571428,-0.0869329716635105,27,0.0526462748661079,0.7777777777777778,23.442515504081253,152,0.0093524028490845,0.4934210526315789,1.2945546635376122,39,0.0462725954341376,0.7692307692307693,20.74252193346596,262,0.0038494463488376,0.4694656488549618,1.128600312527844,D43740,False,-0.0009407337723422,True,no_line_overheat_0.45_0.2_0.03
tp15%_D+S_next_close,D+S,next_close,705,2022,D,516970,基建ETF,2022-12-26,2022-12-27,2023-01-09,2023-01-09,1.093,0.0214953271028035,0.0214953271028035,original,8,priority_CSD_g40_t060_r040_noskip,conservative_tp_center15_profit_first,59.85377016788362,0.3810079566913107,0.3689395125387721,0.5243386243386243,-0.0190740056191473,-0.019747957148908,0.3928571428571428,0.0,-0.0815108919349201,0,,,,153,0.0092988848197042,0.4967320261437908,1.294795879445611,0,,,,263,0.0038392360750925,0.4714828897338403,1.128748751964604,D43740,False,0.0214953271028035,True,no_line_overheat_0.45_0.2_0.03
tp15%_D+S_next_close,D+S,next_close,706,2022,D,516970,基建ETF,2022-12-27,2022-12-28,2023-01-10,2023-01-10,1.081,0.0188501413760604,0.0188501413760604,original,8,priority_CSD_g40_t060_r040_noskip,conservative_tp_center15_profit_first,52.47347941932151,0.3787159512968657,0.4086769697660983,0.4095238095238095,-0.0284505998330947,-0.0278057599730877,0.3928571428571428,0.0714285714285714,-0.0730108835942886,0,,,,154,0.0087420397475057,0.4935064935064935,1.2746037715883702,0,,,,264,0.0035350902706457,0.4696969696969697,1.11785107925459,D43740,False,0.0188501413760604,True,no_line_overheat_0.45_0.2_0.03
tp15%_D+S_next_close,D+S,next_close,707,2022,D,516970,基建ETF,2022-12-28,2022-12-29,2023-01-11,2023-01-11,1.078,0.0256898192197907,0.0256898192197907,original,8,priority_CSD_g40_t060_r040_noskip,conservative_tp_center15_profit_first,57.61040649996154,0.3588726463258538,0.394101026618784,0.4498110355253212,-0.0315431225609695,0.0045272464814146,0.3571428571428571,0.0714285714285714,-0.0750336046584097,0,,,,155,0.0088221013386119,0.4967741935483871,1.278918127261481,0,,,,265,0.003601567614413,0.4716981132075472,1.1205220680977517,D43740,False,0.0256898192197907,True,no_line_overheat_0.45_0.2_0.03
tp15%_D+S_next_close,D+S,next_close,708,2022,D,159930,能源ETF,2022-12-29,2022-12-30,2023-01-16,2023-01-16,1.096,0.0378787878787878,0.0378787878787878,original,10,priority_CSD_g40_t060_r040_noskip,conservative_tp_center15_profit_first,58.98809523809524,0.3568160559007946,0.418973902953173,0.4185185185185185,-0.0424298540965207,-0.0026073524868705,0.4285714285714285,0.0714285714285714,-0.0758345665589481,28,0.0480355058959301,0.75,10.621354211623188,156,0.00894612001006,0.5,1.2846638497619771,40,0.0432043991408124,0.75,11.29512038381018,266,0.0036939264357291,0.4736842105263157,1.1240792066040597,D43740,False,0.0378787878787878,True,no_line_overheat_0.45_0.2_0.03
tp15%_D+S_next_close,D+S,next_close,709,2022,D,516970,基建ETF,2022-12-30,2023-01-03,2023-01-16,2023-01-16,1.088,0.0092764378478664,0.0092764378478664,original,9,priority_CSD_g40_t060_r040_noskip,conservative_tp_center15_profit_first,50.49919744677418,0.3799852887422446,0.3787506987899949,0.3582766439909297,-0.0342774169655035,0.0065788327146616,0.3571428571428571,0.0,-0.0712421940256951,0,,,,157,0.0085549201994719,0.4968152866242038,1.2710597857138186,0,,,,267,0.0034835662234145,0.4719101123595505,1.1166799593470378,D43740,False,0.0092764378478664,True,no_line_overheat_0.45_0.2_0.03
tp15%_D+S_same_close,D+S,same_close,710,2023,S,159766,旅游ETF,2023-01-03,2023-01-04,2023-01-18,2023-01-18,1.117,0.0026929982046677,0.0026929982046677,original,10,priority_CSD_g40_t060_r040_noskip,conservative_tp_center15_profit_first,0.8711111111111112,0.4327395307336291,0.3783604046728293,0.3000755857898715,-0.0399637947962691,0.0447272254671111,0.3214285714285714,0.0714285714285714,-0.0651977519217817,0,,,,0,,,,0,,,,0,,,,S04374,True,0.0026929982046677,True,no_line_overheat_0.45_0.2_0.03
tp15%_D+S_same_close,D+S,same_close,711,2023,S,161226,白银LOF,2023-01-04,2023-01-05,2023-01-19,2023-01-19,0.698,-0.0210378681626928,-0.0210378681626928,original,10,priority_CSD_g40_t060_r040_noskip,conservative_tp_center15_profit_first,0.8599999999999999,0.4637630674330535,0.3589110518520554,0.3513227513227513,-0.0392662568955007,0.0387315281383077,0.3214285714285714,0.0357142857142857,-0.0669226856426085,0,,,,0,,,,0,,,,0,,,,S04374,True,-0.0210378681626928,True,no_line_overheat_0.45_0.2_0.03
tp15%_D+S_same_close,D+S,same_close,712,2023,S,512980,传媒ETF,2023-01-05,2023-01-06,2023-01-20,2023-01-20,0.644,0.0437601296596434,0.0437601296596434,original,10,priority_CSD_g40_t060_r040_noskip,conservative_tp_center15_profit_first,0.835,0.4949650392460955,0.348930095454885,0.2472033257747544,-0.0285062206118171,0.039221077845212,0.25,0.0357142857142857,-0.050345146247733,0,,,,0,,,,0,,,,0,,,,S04374,True,0.0437601296596434,True,no_line_overheat_0.45_0.2_0.03
tp15%_D+S_same_close,D+S,same_close,713,2023,S,159852,软件ETF,2023-01-06,2023-01-09,2023-01-30,2023-01-30,0.947,0.099883855981417,0.099883855981417,original,10,priority_CSD_g40_t060_r040_noskip,conservative_tp_center15_profit_first,0.835,0.5285872748101393,0.3393106683192141,0.2558956916099773,-0.0209951848236673,0.0469407768848066,0.2142857142857142,0.0357142857142857,-0.0452556412494251,0,,,,0,,,,0,,,,0,,,,S04374,True,0.099883855981417,True,no_line_overheat_0.45_0.2_0.03
tp15%_D+S_same_close,D+S,same_close,714,2023,S,159852,软件ETF,2023-01-09,2023-01-10,2023-01-31,2023-01-31,0.922,0.0745920745920747,0.0745920745920747,original,10,priority_CSD_g40_t060_r040_noskip,conservative_tp_center15_profit_first,0.8738461538461538,0.520324197592604,0.3276268070411912,0.2802343159486017,-0.0242166071992038,0.0209215283390739,0.1785714285714285,0.0357142857142857,-0.0410368771634648,0,,,,0,,,,0,,,,0,,,,S04374,True,0.0745920745920747,True,no_line_overheat_0.45_0.2_0.03
tp15%_D+S_same_close,D+S,same_close,715,2023,S,512980,传媒ETF,2023-01-10,2023-01-11,2023-02-01,2023-02-01,0.653,0.0498392282958199,0.0498392282958199,original,10,priority_CSD_g40_t060_r040_noskip,conservative_tp_center15_profit_first,0.8766666666666667,0.5442973133439994,0.3023009289542868,0.2550642479213907,-0.0120130991760958,0.0207743153918791,0.1785714285714285,0.0357142857142857,-0.0421046453413651,0,,,,0,,,,0,,,,0,,,,S04374,True,0.0498392282958199,True,no_line_overheat_0.45_0.2_0.03
tp15%_D+S_same_close,D+S,same_close,716,2023,S,159851,金融科技ETF,2023-01-11,2023-01-12,2023-02-02,2023-02-02,0.564,0.0825335892514393,0.0825335892514393,original,10,priority_CSD_g40_t060_r040_noskip,conservative_tp_center15_profit_first,0.8520000000000001,0.5345298527081686,0.305989574144661,0.3571428571428571,-0.0107345276048781,0.0203124999999999,0.2142857142857142,0.0357142857142857,-0.0442552895474832,0,,,,0,,,,0,,,,0,,,,S04374,True,0.0825335892514393,True,no_line_overheat_0.45_0.2_0.03
tp15%_D+S_same_close,D+S,same_close,717,2023,S,159851,金融科技ETF,2023-01-12,2023-01-13,2023-02-03,2023-02-03,0.574,0.097514340344168,0.097514340344168,original,10,priority_CSD_g40_t060_r040_noskip,conservative_tp_center15_profit_first,0.9076923076923076,0.5532730134436342,0.2814145718836324,0.359750566893424,-0.0072109159722452,0.0316455696202528,0.2142857142857142,0.0357142857142857,-0.0444955823200798,0,,,,0,,,,0,,,,0,,,,S04374,True,0.097514340344168,True,no_line_overheat_0.45_0.2_0.03
tp15%_D+S_same_close,D+S,same_close,718,2023,S,512980,传媒ETF,2023-01-13,2023-01-16,2023-02-06,2023-02-06,0.672,0.0632911392405064,0.0632911392405064,original,10,priority_CSD_g40_t060_r040_noskip,conservative_tp_center15_profit_first,0.8466666666666667,0.6068243315158134,0.2793427904859832,0.2060090702947845,-0.001368899800365,0.0373831775700934,0.1785714285714285,0.0357142857142857,-0.0372804919059167,0,,,,0,,,,0,,,,0,,,,S04374,True,0.0632911392405064,True,no_line_overheat_0.45_0.2_0.03
tp15%_D+S_same_close,D+S,same_close,719,2023,S,159851,金融科技ETF,2023-01-16,2023-01-17,2023-02-07,2023-02-07,0.58,0.0922787193973633,0.0922787193973633,original,10,priority_CSD_g40_t060_r040_noskip,conservative_tp_center15_profit_first,0.8781818181818182,0.6700313615697588,0.2477670756650822,0.2450491307634165,0.0190050559768869,0.0472462203023757,0.1428571428571428,0.0,-0.0249297946562672,0,,,,0,,,,0,,,,0,,,,S04374,True,0.0922787193973633,True,no_line_overheat_0.45_0.2_0.03
tp15%_D+S_same_close,D+S,same_close,720,2023,S,512880,证券ETF,2023-01-17,2023-01-18,2023-02-08,2023-02-08,0.929,-0.0272251308900522,-0.0272251308900522,original,10,priority_CSD_g40_t060_r040_noskip,conservative_tp_center15_profit_first,0.8752000000000002,0.7078637417386592,0.2506033850563405,0.2236583522297808,0.0341783238975349,0.0707793996144312,0.1428571428571428,0.0,-0.0244621478743612,0,,,,0,,,,0,,,,0,,,,S04374,True,-0.0272251308900522,True,no_line_overheat_0.45_0.2_0.03
tp15%_D+S_same_close,D+S,same_close,721,2023,S,159852,软件ETF,2023-01-18,2023-01-19,2023-02-09,2023-02-09,0.966,0.0534351145038167,0.0534351145038167,original,10,priority_CSD_g40_t060_r040_noskip,conservative_tp_center15_profit_first,0.8629629629629629,0.7537088624639782,0.2434092520608147,0.2321995464852607,0.0460624995142726,0.0738255033557047,0.1071428571428571,0.0,-0.0223437560540897,0,,,,0,,,,0,,,,0,,,,S04374,True,0.0534351145038167,True,no_line_overheat_0.45_0.2_0.03
tp15%_D+S_same_close,D+S,same_close,722,2023,S,159851,金融科技ETF,2023-01-19,2023-01-20,2023-02-10,2023-02-10,0.576,0.0434782608695649,0.0434782608695649,original,10,priority_CSD_g40_t060_r040_noskip,conservative_tp_center15_profit_first,0.8614814814814815,0.778334242705823,0.2484591171294672,0.2187830687830688,0.0578899241144362,0.069313359998553,0.1071428571428571,0.0,-0.0187128813215769,0,,,,1,0.0026929982046677,1.0,,0,,,,1,0.0026929982046677,1.0,,S04374,True,0.0434782608695649,True,no_line_overheat_0.45_0.2_0.03
tp15%_D+S_same_close,D+S,same_close,723,2023,S,159852,软件ETF,2023-01-20,2023-01-30,2023-02-13,2023-02-13,0.956,0.0095036958817318,0.0095036958817318,original,10,priority_CSD_g40_t060_r040_noskip,conservative_tp_center15_profit_first,0.8524137931034482,0.8326063772838656,0.2230882070605764,0.2052154195011338,0.0770485231817859,0.0804374494925183,0.0357142857142857,0.0,-0.0148778978554775,0,,,,2,-0.0091724349790125,0.5,0.1280071813285383,0,,,,2,-0.0091724349790125,0.5,0.1280071813285383,S04374,True,0.0095036958817318,True,no_line_overheat_0.45_0.2_0.03
tp15%_D+S_same_close,D+S,same_close,724,2023,S,159851,金融科技ETF,2023-01-30,2023-01-31,2023-02-14,2023-02-14,0.577,0.0490909090909088,0.0490909090909088,original,10,priority_CSD_g40_t060_r040_noskip,conservative_tp_center15_profit_first,0.8455172413793104,0.8560756574302221,0.2037025856524074,0.1850718065003779,0.0828985121424559,0.1228821225228435,0.0714285714285714,0.0,-0.0132552555854915,0,,,,3,0.0084717532338727,0.6666666666666666,2.208072011150259,0,,,,3,0.0084717532338727,0.6666666666666666,2.208072011150259,S04374,True,0.0490909090909088,True,no_line_overheat_0.45_0.2_0.03
tp15%_D+S_same_close,D+S,same_close,725,2023,S,159851,金融科技ETF,2023-01-31,2023-02-01,2023-02-15,2023-02-15,0.585,0.0299295774647887,0.0299295774647887,original,10,priority_CSD_g40_t060_r040_noskip,conservative_tp_center15_profit_first,0.8026666666666666,0.863472600118298,0.2222296208324326,0.1829176114890401,0.0696123548310168,0.1165843701223845,0.0714285714285714,0.0,-0.0218876433449297,0,,,,4,0.0313247789207588,0.75,6.955884632133624,0,,,,4,0.0313247789207588,0.75,6.955884632133624,S04374,True,0.0299295774647887,True,no_line_overheat_0.45_0.2_0.03
tp15%_D+S_same_close,D+S,same_close,726,2023,S,159851,金融科技ETF,2023-02-01,2023-02-02,2023-02-16,2023-02-16,0.576,0.0212765957446807,0.0212765957446807,original,10,priority_CSD_g40_t060_r040_noskip,conservative_tp_center15_profit_first,0.8739999999999999,0.8572290458231323,0.2065491023354632,0.1913832199546485,0.0752503814257014,0.0991062545754885,0.0357142857142857,0.0,-0.0085428950841031,0,,,,5,0.039978238055022,0.8,10.501494577743582,0,,,,5,0.039978238055022,0.8,10.501494577743582,S04374,True,0.0212765957446807,True,no_line_overheat_0.45_0.2_0.03
tp15%_D+S_same_close,D+S,same_close,727,2023,S,159851,金融科技ETF,2023-02-02,2023-02-03,2023-02-17,2023-02-17,0.552,-0.0383275261324039,-0.0383275261324039,original,10,priority_CSD_g40_t060_r040_noskip,conservative_tp_center15_profit_first,0.8677419354838709,0.8376359969512976,0.1988028344416337,0.2167044595616024,0.0808499880073382,0.0824514991181657,0.0357142857142857,0.0,-0.0137887064527809,0,,,,6,0.0416217364284883,0.8333333333333334,12.870519229404891,0,,,,6,0.0416217364284883,0.8333333333333334,12.870519229404891,S04374,True,0.0,False,no_line_overheat_0.45_0.2_0.03
tp15%_D+S_same_close,D+S,same_close,728,2023,S,159851,金融科技ETF,2023-02-03,2023-02-06,2023-02-20,2023-02-20,0.568,-0.0189982728842832,-0.0189982728842832,original,10,priority_CSD_g40_t060_r040_noskip,conservative_tp_center15_profit_first,0.906,0.8222413175701875,0.1959197180209022,0.318442932728647,0.0800285572811368,0.0790466266335089,0.0714285714285714,0.0,-0.0233925312368383,1,0.0825335892514393,1.0,,7,0.047466286831767,0.8571428571428571,16.793615838489984,1,0.0825335892514393,1.0,,7,0.047466286831767,0.8571428571428571,16.793615838489984,S04374,True,0.0,False,no_line_overheat_0.45_0.2_0.03
tp15%_D+S_same_close,D+S,same_close,729,2023,S,159851,金融科技ETF,2023-02-06,2023-02-07,2023-02-21,2023-02-21,0.568,-0.0206896551724138,-0.0206896551724138,original,10,priority_CSD_g40_t060_r040_noskip,conservative_tp_center15_profit_first,0.9125925925925926,0.7548795277653507,0.2017323999105574,0.3823129251700681,0.0676860185680322,0.0320051924642152,0.0714285714285714,0.0,-0.034521067376857,2,0.0900239647978036,1.0,,8,0.0537222935208171,0.875,21.428797482849447,2,0.0900239647978036,1.0,,8,0.0537222935208171,0.875,21.428797482849447,S04374,True,-0.0206896551724138,True,no_line_overheat_0.45_0.2_0.03
tp15%_D+S_same_close,D+S,same_close,730,2023,S,159851,金融科技ETF,2023-02-07,2023-02-08,2023-02-22,2023-02-22,0.567,0.0,0.0,original,10,priority_CSD_g40_t060_r040_noskip,conservative_tp_center15_profit_first,0.9207692307692308,0.7446318614180901,0.2083298696302036,0.3285336356764928,0.0603724318010031,0.0302789051587231,0.0714285714285714,0.0,-0.0358030042701788,2,0.0900239647978036,1.0,,9,0.0547854986007826,0.8888888888888888,24.437236301414856,2,0.0900239647978036,1.0,,9,0.0547854986007826,0.8888888888888888,24.437236301414856,S04374,True,0.0,True,no_line_overheat_0.45_0.2_0.03
tp15%_D+S_same_close,D+S,same_close,731,2023,S,159851,金融科技ETF,2023-02-08,2023-02-09,2023-02-23,2023-02-23,0.557,-0.0379965457685663,-0.0379965457685663,original,10,priority_CSD_g40_t060_r040_noskip,conservative_tp_center15_profit_first,0.8630769230769231,0.7414270803459208,0.1845787411888724,0.4264172335600907,0.0510631925726265,0.0394987114573363,0.0714285714285714,0.0,-0.0386407517054962,3,0.0907755496643235,1.0,,10,0.0585348206804406,0.9,28.82355143010287,3,0.0907755496643235,1.0,,10,0.0585348206804406,0.9,28.82355143010287,S04374,True,0.0,False,no_line_overheat_0.45_0.2_0.03
tp15%_D+S_same_close,D+S,same_close,732,2023,S,159851,金融科技ETF,2023-02-09,2023-02-10,2023-02-24,2023-02-24,0.556,-0.0347222222222221,-0.0347222222222221,original,10,priority_CSD_g40_t060_r040_noskip,conservative_tp_center15_profit_first,0.9130769230769232,0.7661141689574215,0.1787052532427998,0.28567649281935,0.0494785928617499,0.0552710243124751,0.0714285714285714,0.0,-0.0247875327469444,3,0.0907755496643235,1.0,,11,0.0507384614467595,0.8181818181818182,12.56420211898562,3,0.0907755496643235,1.0,,11,0.0507384614467595,0.8181818181818182,12.56420211898562,S04374,True,0.0,False,no_line_overheat_0.45_0.2_0.03
tp15%_D+S_same_close,D+S,same_close,733,2023,S,159851,金融科技ETF,2023-02-10,2023-02-13,2023-02-27,2023-02-27,0.548,-0.0535405872193435,-0.0535405872193435,original,10,priority_CSD_g40_t060_r040_noskip,conservative_tp_center15_profit_first,0.91,0.7702165266896422,0.1945783800720341,0.2500755857898715,0.0459799027913881,0.0655439470769947,0.0714285714285714,0.0,-0.0268453493116852,3,0.0907755496643235,1.0,,12,0.0509631825348476,0.8333333333333334,13.671367350168603,3,0.0907755496643235,1.0,,12,0.0509631825348476,0.8333333333333334,13.671367350168603,S04374,True,0.0,False,no_line_overheat_0.45_0.2_0.03
tp15%_D+S_same_close,D+S,same_close,734,2023,S,159851,金融科技ETF,2023-02-13,2023-02-14,2023-02-28,2023-02-28,0.558,-0.0329289428076254,-0.0329289428076254,original,10,priority_CSD_g40_t060_r040_noskip,conservative_tp_center15_profit_first,0.9,0.7542221403869201,0.1963660662591022,0.1763794406651549,0.0504122469622155,0.0516420285510019,0.0689655172413793,0.0,-0.0137390569189501,4,0.0789512274656338,1.0,,13,0.0503874193298258,0.8461538461538461,14.572228501006933,4,0.0789512274656338,1.0,,13,0.0503874193298258,0.8461538461538461,14.572228501006933,S04374,True,0.0,False,no_line_overheat_0.45_0.2_0.03
tp15%_D+S_same_close,D+S,same_close,735,2023,S,159852,软件ETF,2023-02-14,2023-02-15,2023-03-01,2023-03-01,0.963,-0.0112936344969198,-0.0112936344969198,original,10,priority_CSD_g40_t060_r040_noskip,conservative_tp_center15_profit_first,0.8786206896551724,0.7691707502991019,0.1984243140663666,0.1808767951625094,0.0515828455381673,0.0535519636239061,0.0689655172413793,0.0,-0.0172570148298304,4,0.05935368523976,1.0,,14,0.0474671533692477,0.8571428571428571,14.769143240419323,4,0.05935368523976,1.0,,14,0.0474671533692477,0.8571428571428571,14.769143240419323,S04374,True,0.0,False,no_line_overheat_0.45_0.2_0.03
tp15%_D+S_same_close,D+S,same_close,736,2023,S,159852,软件ETF,2023-02-15,2023-02-16,2023-03-02,2023-03-02,0.971,0.008307372793354,0.008307372793354,original,10,priority_CSD_g40_t060_r040_noskip,conservative_tp_center15_profit_first,0.8957142857142857,0.7208549719125176,0.224131824223518,0.2007180650037793,0.0454236632671606,0.0252013602436714,0.1034482758620689,0.0,-0.0237189639628664,4,0.05935368523976,1.0,,15,0.0475754037506917,0.8666666666666667,15.786297376184054,4,0.05935368523976,1.0,,15,0.0475754037506917,0.8666666666666667,15.786297376184054,S04374,True,0.008307372793354,True,no_line_overheat_0.45_0.2_0.03
tp15%_D+S_same_close,D+S,same_close,737,2023,S,512980,传媒ETF,2023-02-16,2023-02-17,2023-03-03,2023-03-03,0.706,0.0412979351032447,0.0412979351032447,original,10,priority_CSD_g40_t060_r040_noskip,conservative_tp_center15_profit_first,0.8876923076923077,0.6821460878401177,0.1955869208186989,0.3584656084656084,0.0369095877377375,0.0120981422601806,0.1034482758620689,0.0,-0.0346602249278071,3,0.0522968323986565,1.0,,16,0.0464725396078228,0.875,16.40643242896185,3,0.0522968323986565,1.0,,16,0.0464725396078228,0.875,16.40643242896185,S04374,True,0.0,False,no_line_overheat_0.45_0.2_0.03
tp15%_D+S_same_close,D+S,same_close,738,2023,S,512980,传媒ETF,2023-02-17,2023-02-20,2023-03-06,2023-03-06,0.701,-0.0042613636363636,-0.0042613636363636,original,10,priority_CSD_g40_t060_r040_noskip,conservative_tp_center15_profit_first,0.8699999999999999,0.5802947189957722,0.2206438880591943,0.4056311413454271,0.0075996903384638,0.0122980954725437,0.1379310344827586,0.0,-0.0488747370361189,3,0.0522968323986565,1.0,,17,0.0449904252629321,0.8823529411764706,16.847279375116774,3,0.0522968323986565,1.0,,17,0.0449904252629321,0.8823529411764706,16.847279375116774,S04374,True,-0.0042613636363636,True,no_line_overheat_0.45_0.2_0.03
tp15%_D+S_same_close,D+S,same_close,739,2023,S,512980,传媒ETF,2023-02-20,2023-02-21,2023-03-07,2023-03-07,0.684,-0.0144092219020171,-0.0144092219020171,original,10,priority_CSD_g40_t060_r040_noskip,conservative_tp_center15_profit_first,0.9027272727272728,0.6850746895935093,0.2108142922899242,0.3148904006046863,0.0169642857142855,0.040242774717045,0.0689655172413793,0.0,-0.0308237954072399,3,0.0522968323986565,1.0,,18,0.0403616501854134,0.8333333333333334,9.390175504583333,3,0.0522968323986565,1.0,,18,0.0403616501854134,0.8333333333333334,9.390175504583333,S04374,True,-0.0144092219020171,True,no_line_overheat_0.45_0.2_0.03
tp15%_D+S_same_close,D+S,same_close,740,2023,S,512980,传媒ETF,2023-02-21,2023-02-22,2023-03-08,2023-03-08,0.694,0.0116618075801748,0.0116618075801748,original,10,priority_CSD_g40_t060_r040_noskip,conservative_tp_center15_profit_first,0.8999999999999999,0.7418138329381861,0.1961132992273748,0.3110355253212396,0.032618818451188,0.0566904594610712,0.0344827586206896,0.0,-0.0283329854858621,3,0.0522968323986565,1.0,,19,0.037237443708061,0.7894736842105263,7.70062964432951,3,0.0522968323986565,1.0,,19,0.037237443708061,0.7894736842105263,7.70062964432951,S04374,True,0.0,False,no_line_overheat_0.45_0.2_0.03
tp15%_D+S_same_close,D+S,same_close,741,2023,S,512980,传媒ETF,2023-02-22,2023-02-23,2023-03-09,2023-03-09,0.692,0.0251851851851849,0.0251851851851849,original,10,priority_CSD_g40_t060_r040_noskip,conservative_tp_center15_profit_first,0.9,0.7024730087016119,0.19616986696922,0.3446712018140589,0.0250897129186602,0.0539390728823313,0.0344827586206896,0.0,-0.031705250358326,3,0.0522968323986565,1.0,,20,0.0343410887640372,0.75,6.438946690021286,3,0.0522968323986565,1.0,,20,0.0343410887640372,0.75,6.438946690021286,S04374,True,0.0251851851851849,True,no_line_overheat_0.45_0.2_0.03
tp15%_D+S_same_close,D+S,same_close,742,2023,S,512980,传媒ETF,2023-02-23,2023-02-24,2023-03-10,2023-03-10,0.68,0.0089020771513352,0.0089020771513352,original,10,priority_CSD_g40_t060_r040_noskip,conservative_tp_center15_profit_first,0.87,0.7142982695282706,0.2193682616152252,0.2761526832955404,0.0200519904125102,0.0523732617155662,0.0344827586206896,0.0,-0.0339589676130289,3,0.0522968323986565,1.0,,21,0.0327057988228926,0.7142857142857143,6.438946690021286,3,0.0522968323986565,1.0,,21,0.0327057988228926,0.7142857142857143,6.438946690021286,S04374,True,0.0089020771513352,True,no_line_overheat_0.45_0.2_0.03
tp15%_D+S_same_close,D+S,same_close,743,2023,S,512980,传媒ETF,2023-02-24,2023-02-27,2023-03-13,2023-03-13,0.699,0.0542986425339364,0.0542986425339364,original,10,priority_CSD_g40_t060_r040_noskip,conservative_tp_center15_profit_first,0.8633333333333333,0.6613945837071796,0.2399326106461171,0.3608087679516251,0.0087345511084381,0.0448873873873874,0.0344827586206896,0.0,-0.0393648606395666,3,0.0522968323986565,1.0,,22,0.0294920558869172,0.6818181818181818,4.949628570510932,3,0.0522968323986565,1.0,,22,0.0294920558869172,0.6818181818181818,4.949628570510932,S04374,True,0.0542986425339364,True,no_line_overheat_0.45_0.2_0.03
tp15%_D+S_same_close,D+S,same_close,744,2023,S,512980,传媒ETF,2023-02-27,2023-02-28,2023-03-14,2023-03-14,0.695,0.035767511177347,0.035767511177347,original,10,priority_CSD_g40_t060_r040_noskip,conservative_tp_center15_profit_first,0.8500000000000001,0.6297949078989046,0.2042240173101301,0.4022297808012094,0.0026573601471667,0.0371871696598018,0.0344827586206896,0.0344827586206896,-0.0449948206045766,3,0.0522968323986565,1.0,,23,0.0267001307517372,0.6521739130434783,4.08598785192106,3,0.0522968323986565,1.0,,23,0.0267001307517372,0.6521739130434783,4.08598785192106,S04374,True,0.035767511177347,True,no_line_overheat_0.45_0.2_0.03
tp15%_D+S_same_close,D+S,same_close,745,2023,S,512980,传媒ETF,2023-02-28,2023-03-01,2023-03-15,2023-03-15,0.692,-0.0085959885386819,-0.0085959885386819,original,10,priority_CSD_g40_t060_r040_noskip,conservative_tp_center15_profit_first,0.8894736842105262,0.675425467949419,0.2071892361324385,0.3162509448223734,0.0047158479430654,0.056383676910974,0.0344827586206896,0.0344827586206896,-0.0382398383646302,3,0.0522968323986565,1.0,,24,0.0233567675029422,0.625,3.219716815896932,3,0.0522968323986565,1.0,,24,0.0233567675029422,0.625,3.219716815896932,S04374,True,-0.0085959885386819,True,no_line_overheat_0.45_0.2_0.03
tp15%_D+S_same_close,D+S,same_close,746,2023,S,512980,传媒ETF,2023-03-01,2023-03-02,2023-03-16,2023-03-16,0.697,-0.0169252468265161,-0.0169252468265161,original,10,priority_CSD_g40_t060_r040_noskip,conservative_tp_center15_profit_first,0.8929411764705881,0.6609339909836272,0.2017721219658819,0.1921390778533635,0.0023293841786992,0.0462588170561157,0.0344827586206896,0.0344827586206896,-0.0271715036359092,3,0.0522968323986565,1.0,,25,0.0211053390905195,0.6,2.8483184992116954,3,0.0522968323986565,1.0,,25,0.0211053390905195,0.6,2.8483184992116954,S04374,True,-0.0169252468265161,True,no_line_overheat_0.45_0.2_0.03
tp15%_D+S_same_close,D+S,same_close,747,2023,S,512980,传媒ETF,2023-03-02,2023-03-03,2023-03-17,2023-03-17,0.73,0.0339943342776203,0.0339943342776203,original,10,priority_CSD_g40_t060_r040_noskip,conservative_tp_center15_profit_first,0.8933333333333333,0.6419295918526219,0.1910504494299424,0.1764550264550264,0.0064580171895386,0.0415128250027078,0.0344827586206896,0.0344827586206896,-0.0197384348219778,3,0.0522968323986565,1.0,,26,0.0198592247217718,0.5769230769230769,2.739921726580108,3,0.0522968323986565,1.0,,26,0.0198592247217718,0.5769230769230769,2.739921726580108,S04374,True,0.0339943342776203,True,no_line_overheat_0.45_0.2_0.03
tp15%_D+S_same_close,D+S,same_close,748,2023,S,516970,基建ETF,2023-03-03,2023-03-06,2023-03-20,2023-03-20,1.266,0.0411184210526316,0.0411184210526316,original,10,priority_CSD_g40_t060_r040_noskip,conservative_tp_center15_profit_first,0.8411764705882353,0.6528637265548942,0.2147371130127026,0.1411942554799697,0.0116459038694402,0.030180333342523,0.0344827586206896,0.0344827586206896,-0.0224607277089468,0,,,,27,0.0194313783540526,0.5925925925925926,2.767915263426936,0,,,,27,0.0194313783540526,0.5925925925925926,2.767915263426936,S04374,True,0.0411184210526316,True,no_line_overheat_0.45_0.2_0.03
tp15%_D+S_same_close,D+S,same_close,749,2023,S,516970,基建ETF,2023-03-06,2023-03-07,2023-03-21,2023-03-21,1.256,0.0345963756177924,0.0345963756177924,original,10,priority_CSD_g40_t060_r040_noskip,conservative_tp_center15_profit_first,0.848421052631579,0.6950586885372635,0.2278369539418797,0.1468631897203325,0.027172093214262,0.0304443789426122,0.0344827586206896,0.0344827586206896,-0.0287636352657177,0,,,,28,0.0202123268093809,0.6071428571428571,2.9070778238137103,0,,,,28,0.0202123268093809,0.6071428571428571,2.9070778238137103,S04374,True,0.0345963756177924,True,no_line_overheat_0.45_0.2_0.03
tp15%_D+S_same_close,D+S,same_close,750,2023,S,512890,红利低波ETF,2023-03-07,2023-03-08,2023-03-22,2023-03-22,0.897,0.0078651685393258,0.0078651685393258,original,10,priority_CSD_g40_t060_r040_noskip,conservative_tp_center15_profit_first,0.8447058823529412,0.557445015547695,0.2114529447502333,0.3507180650037793,-9.779847698693224e-05,0.0056900369003689,0.0344827586206896,0.0344827586206896,-0.040798611111111,0,,,,29,0.0193684064491828,0.5862068965517241,2.865924266798433,0,,,,29,0.0193684064491828,0.5862068965517241,2.865924266798433,S04374,True,0.0078651685393258,True,no_line_overheat_0.45_0.2_0.03
tp15%_D+S_same_close,D+S,same_close,751,2023,S,516970,基建ETF,2023-03-08,2023-03-09,2023-03-23,2023-03-23,1.277,0.0562448304383786,0.0562448304383786,original,10,priority_CSD_g40_t060_r040_noskip,conservative_tp_center15_profit_first,0.8452631578947369,0.5242658143995061,0.2037812127535498,0.3554799697656841,0.0087222415397194,0.0004022526146419,0.0344827586206896,0.0344827586206896,-0.0468627338474739,0,,,,30,0.0182424855041428,0.5666666666666667,2.735005801356858,0,,,,30,0.0182424855041428,0.5666666666666667,2.735005801356858,S04374,True,0.0562448304383786,True,no_line_overheat_0.45_0.2_0.03
tp15%_D+S_same_close,D+S,same_close,752,2023,S,516970,基建ETF,2023-03-09,2023-03-10,2023-03-24,2023-03-24,1.244,0.0445004198152811,0.0445004198152811,original,10,priority_CSD_g40_t060_r040_noskip,conservative_tp_center15_profit_first,0.8292307692307692,0.4614271537772107,0.2174937984133874,0.3706349206349207,-0.0139958169211238,0.0072362315636816,0.0344827586206896,0.0344827586206896,-0.0525777013898488,0,,,,31,0.0180302055711116,0.5806451612903226,2.7719768303344527,0,,,,31,0.0180302055711116,0.5806451612903226,2.7719768303344527,S04374,True,0.0445004198152811,True,no_line_overheat_0.45_0.2_0.03
tp15%_D+S_same_close,D+S,same_close,753,2023,S,516970,基建ETF,2023-03-10,2023-03-13,2023-03-27,2023-03-27,1.221,-0.0057003257328989,-0.0057003257328989,original,10,priority_CSD_g40_t060_r040_noskip,conservative_tp_center15_profit_first,0.8363636363636363,0.3825382567521446,0.2132710362154194,0.4860544217687075,-0.0345477204880735,-0.0090541071106441,0.0344827586206896,0.0344827586206896,-0.0639867297240064,0,,,,32,0.0182537986840514,0.59375,2.8518205599523623,0,,,,32,0.0182537986840514,0.59375,2.8518205599523623,S04374,True,-0.0057003257328989,True,no_line_overheat_0.45_0.2_0.03
tp15%_D+S_same_close,D+S,same_close,754,2023,S,516970,基建ETF,2023-03-13,2023-03-14,2023-03-28,2023-03-28,1.225,0.002454991816694,0.002454991816694,original,10,priority_CSD_g40_t060_r040_noskip,conservative_tp_center15_profit_first,0.8276923076923077,0.4004586332494063,0.2054523240266468,0.3403628117913832,-0.0316901408450702,-0.007718687333643,0.0344827586206896,0.0344827586206896,-0.0535147602698868,0,,,,33,0.01797041318306,0.6060606060606061,2.8800425101140426,0,,,,33,0.01797041318306,0.6060606060606061,2.8800425101140426,S04374,True,0.002454991816694,True,no_line_overheat_0.45_0.2_0.03
tp15%_D+S_same_close,D+S,same_close,755,2023,S,159852,软件ETF,2023-03-14,2023-03-15,2023-03-29,2023-03-29,1.089,0.1203703703703704,0.1203703703703704,original,10,priority_CSD_g40_t060_r040_noskip,conservative_tp_center15_profit_first,0.8583333333333333,0.4048609566421746,0.2472614167576852,0.4565381708238852,-0.0310734463276833,-0.0045491935230556,0.0344827586206896,0.1034482758620689,-0.0604682140353119,6,0.0390714132092457,0.8333333333333334,21.75757625407586,34,0.0190388905169093,0.6176470588235294,3.0521836359870984,6,0.0390714132092457,0.8333333333333334,21.75757625407586,34,0.0190388905169093,0.6176470588235294,3.0521836359870984,S04374,True,0.1203703703703704,True,no_line_overheat_0.45_0.2_0.03
tp15%_D+S_same_close,D+S,same_close,756,2023,S,516970,基建ETF,2023-03-15,2023-03-16,2023-03-30,2023-03-30,1.199,-0.0446215139442229,-0.0446215139442229,original,10,priority_CSD_g40_t060_r040_noskip,conservative_tp_center15_profit_first,0.8999999999999999,0.4321037392374083,0.2431996119363518,0.3707105064247921,-0.0252025202520251,0.0001725134064075,0.0344827586206896,0.0344827586206896,-0.0589413521152443,0,,,,35,0.0195168511072075,0.6285714285714286,3.165576151092748,0,,,,35,0.0195168511072075,0.6285714285714286,3.165576151092748,S04374,True,-0.0446215139442229,True,no_line_overheat_0.45_0.2_0.03
tp15%_D+S_same_close,D+S,same_close,757,2023,S,516970,基建ETF,2023-03-16,2023-03-17,2023-03-31,2023-03-31,1.202,-0.0631332813717848,-0.0631332813717848,original,10,priority_CSD_g40_t060_r040_noskip,conservative_tp_center15_profit_first,0.8654545454545455,0.4082868322592725,0.2799809273508489,0.4701436130007559,-0.0194285714285714,-0.0113320424982623,0.1724137931034483,0.0689655172413793,-0.0628571428571428,0,,,,36,0.0187359388948217,0.6111111111111112,3.0815977798884098,0,,,,36,0.0187359388948217,0.6111111111111112,3.0815977798884098,S04374,True,-0.0631332813717848,True,no_line_overheat_0.45_0.2_0.03
tp15%_D+S_same_close,D+S,same_close,758,2023,S,159852,软件ETF,2023-03-17,2023-03-20,2023-04-03,2023-03-31,1.15,0.2248995983935742,0.1546184738955822,take_profit_15%,9,priority_CSD_g40_t060_r040_noskip,conservative_tp_center15_profit_first,0.8729411764705882,0.4575720627778161,0.2829059732255327,0.3071428571428572,-0.0044004400440044,-0.0043536721963655,0.0689655172413793,0.0344827586206896,-0.0644920581601804,6,0.0390714132092457,0.8333333333333334,21.75757625407586,37,0.0177721230645153,0.5945945945945946,2.928623838010829,6,0.0390714132092457,0.8333333333333334,21.75757625407586,37,0.0177721230645153,0.5945945945945946,2.928623838010829,S04374,True,0.1546184738955822,True,no_line_overheat_0.45_0.2_0.03
tp15%_D+S_same_close,D+S,same_close,759,2023,S,516970,基建ETF,2023-03-20,2023-03-21,2023-04-04,2023-04-04,1.273,0.0135350318471336,0.0135350318471336,original,10,priority_CSD_g40_t060_r040_noskip,conservative_tp_center15_profit_first,0.8533333333333333,0.3507637906495491,0.3006778143002209,0.4193121693121694,-0.0462232243517475,-0.0102564102564102,0.0689655172413793,0.2068965517241379,-0.0720571962759463,0,,,,38,0.018199023359597,0.6052631578947368,3.0283279420277,0,,,,38,0.018199023359597,0.6052631578947368,3.0283279420277,S04374,True,0.0135350318471336,True,no_line_overheat_0.45_0.2_0.03
tp15%_D+S_same_close,D+S,same_close,760,2023,S,512980,传媒ETF,2023-03-21,2023-03-22,2023-04-06,2023-04-06,0.858,0.0874524714828897,0.0874524714828897,original,10,priority_CSD_g40_t060_r040_noskip,conservative_tp_center15_profit_first,0.9106666666666668,0.4018724346397502,0.3013264182725225,0.3078231292517007,-0.047280122013218,0.0183624243309474,0.0689655172413793,0.1034482758620689,-0.0636016062711906,14,0.0231290120929453,0.7142857142857143,8.327287327846049,39,0.0187867002235209,0.6153846153846154,3.148926724641308,14,0.0231290120929453,0.7142857142857143,8.327287327846049,39,0.0187867002235209,0.6153846153846154,3.148926724641308,S04374,True,0.0874524714828897,True,no_line_overheat_0.45_0.2_0.03
tp15%_D+S_same_close,D+S,same_close,761,2023,S,512980,传媒ETF,2023-03-22,2023-03-23,2023-04-07,2023-04-07,0.89,0.1308767471410419,0.1308767471410419,original,10,priority_CSD_g40_t060_r040_noskip,conservative_tp_center15_profit_first,0.9114285714285716,0.4360405437896168,0.2742651221653948,0.3085789871504157,-0.0378378378378378,0.0373445378151261,0.0689655172413793,0.0344827586206896,-0.0623984237654371,14,0.0231290120929453,0.7142857142857143,8.327287327846049,40,0.0191819421083777,0.625,3.2503965932680328,14,0.0231290120929453,0.7142857142857143,8.327287327846049,40,0.0191819421083777,0.625,3.2503965932680328,S04374,True,0.1308767471410419,True,no_line_overheat_0.45_0.2_0.03
tp15%_D+S_same_close,D+S,same_close,762,2023,S,512980,传媒ETF,2023-03-23,2023-03-24,2023-04-10,2023-04-10,0.843,0.0280487804878049,0.0280487804878049,original,10,priority_CSD_g40_t060_r040_noskip,conservative_tp_center15_profit_first,0.91,0.4338822913677029,0.3015758795434784,0.2467876039304611,-0.0371713508612873,0.0457745521211603,0.0689655172413793,0.0344827586206896,-0.0612665979853479,14,0.0231290120929453,0.7142857142857143,8.327287327846049,41,0.0189059232408399,0.6341463414634146,3.273464836809764,14,0.0231290120929453,0.7142857142857143,8.327287327846049,41,0.0189059232408399,0.6341463414634146,3.273464836809764,S04374,True,0.0280487804878049,True,no_line_overheat_0.45_0.2_0.03
tp15%_D+S_same_close,D+S,same_close,763,2023,S,512980,传媒ETF,2023-03-24,2023-03-27,2023-04-11,2023-04-11,0.89,0.0748792270531402,0.0748792270531402,original,10,priority_CSD_g40_t060_r040_noskip,conservative_tp_center15_profit_first,0.9106666666666668,0.4757284067428857,0.2931395524410326,0.2708238851095994,-0.0258272800645682,0.0442796118008415,0.0689655172413793,0.0344827586206896,-0.0636152055857253,14,0.0231290120929453,0.7142857142857143,8.327287327846049,42,0.0197949448407813,0.6428571428571429,3.438428809295355,14,0.0231290120929453,0.7142857142857143,8.327287327846049,42,0.0197949448407813,0.6428571428571429,3.438428809295355,S04374,True,0.0748792270531402,True,no_line_overheat_0.45_0.2_0.03
tp15%_D+S_same_close,D+S,same_close,764,2023,S,512980,传媒ETF,2023-03-27,2023-03-28,2023-04-12,2023-04-12,0.939,0.1535626535626535,0.1535626535626535,take_profit_15%,10,priority_CSD_g40_t060_r040_noskip,conservative_tp_center15_profit_first,0.9114285714285716,0.4810851301058598,0.2991529169514799,0.2752456538170824,-0.0185022026431717,0.0594083794396143,0.0689655172413793,0.0,-0.0604395604395604,14,0.0231290120929453,0.7142857142857143,8.327287327846049,43,0.0203694907704208,0.6511627906976745,3.5689468670935383,14,0.0231290120929453,0.7142857142857143,8.327287327846049,43,0.0203694907704208,0.6511627906976745,3.5689468670935383,S04374,True,0.1535626535626535,True,no_line_overheat_0.45_0.2_0.03
tp15%_D+S_same_close,D+S,same_close,765,2023,S,512980,传媒ETF,2023-03-28,2023-03-29,2023-04-13,2023-04-12,0.939,0.1414392059553348,0.1650124069478906,take_profit_15%,9,priority_CSD_g40_t060_r040_noskip,conservative_tp_center15_profit_first,0.9123076923076924,0.4229572090038804,0.2903770046713251,0.3828042328042327,-0.0251851851851852,0.0360986150252548,0.1034482758620689,0.0689655172413793,-0.0599999999999999,14,0.0231290120929453,0.7142857142857143,8.327287327846049,44,0.0197769949407999,0.6363636363636364,3.510259398332231,14,0.0231290120929453,0.7142857142857143,8.327287327846049,44,0.0197769949407999,0.6363636363636364,3.510259398332231,S04374,True,0.1650124069478906,True,no_line_overheat_0.45_0.2_0.03
tp15%_D+S_same_close,D+S,same_close,766,2023,S,512980,传媒ETF,2023-03-29,2023-03-30,2023-04-14,2023-04-12,0.939,0.1239048811013767,0.1752190237797244,take_profit_15%,8,priority_CSD_g40_t060_r040_noskip,conservative_tp_center15_profit_first,0.9015384615384616,0.3965282863050494,0.3108695399315141,0.3920256991685563,-0.0392638036809814,0.0232606993965373,0.1379310344827586,0.1034482758620689,-0.0646921278254091,14,0.0231290120929453,0.7142857142857143,8.327287327846049,45,0.019392061538042,0.6444444444444445,3.517341394242507,14,0.0231290120929453,0.7142857142857143,8.327287327846049,45,0.019392061538042,0.6444444444444445,3.517341394242507,S04374,True,0.1752190237797244,True,no_line_overheat_0.45_0.2_0.03
tp15%_D+S_same_close,D+S,same_close,767,2023,S,512980,传媒ETF,2023-03-30,2023-03-31,2023-04-17,2023-04-17,0.863,0.0200945626477542,0.0200945626477542,original,10,priority_CSD_g40_t060_r040_noskip,conservative_tp_center15_profit_first,0.8883333333333333,0.462984647057519,0.274054694951284,0.3471655328798186,-0.0203160270880361,0.0322622645529366,0.0689655172413793,0.0689655172413793,-0.0590809628008752,14,0.0231290120929453,0.7142857142857143,8.327287327846049,46,0.0215872421648317,0.6521739130434783,3.864577773966704,14,0.0231290120929453,0.7142857142857143,8.327287327846049,46,0.0215872421648317,0.6521739130434783,3.864577773966704,S04374,True,0.0200945626477542,True,no_line_overheat_0.45_0.2_0.03
tp15%_D+S_same_close,D+S,same_close,768,2023,S,512980,传媒ETF,2023-03-31,2023-04-03,2023-04-18,2023-04-18,0.87,-0.0191657271702367,-0.0191657271702367,original,10,priority_CSD_g40_t060_r040_noskip,conservative_tp_center15_profit_first,0.9145454545454546,0.4481794295437928,0.2862012858821653,0.2599395313681028,-0.0248447204968944,0.0377071515772859,0.1034482758620689,0.0689655172413793,-0.0516483516483516,14,0.0231290120929453,0.7142857142857143,8.327287327846049,47,0.0201785452263412,0.6382978723404256,3.423855184150544,14,0.0231290120929453,0.7142857142857143,8.327287327846049,47,0.0201785452263412,0.6382978723404256,3.423855184150544,S04374,True,-0.0191657271702367,True,no_line_overheat_0.45_0.2_0.03
tp15%_D+S_same_close,D+S,same_close,769,2023,S,159852,软件ETF,2023-04-03,2023-04-04,2023-04-19,2023-04-19,1.086,-0.1024793388429751,-0.1024793388429751,original,10,priority_CSD_g40_t060_r040_noskip,conservative_tp_center15_profit_first,0.908235294117647,0.4902944726192578,0.2557729449023667,0.2233938019652306,-0.0227531285551763,0.0414186507936508,0.0344827586206896,0.0,-0.044296788482835,7,0.0506855499465492,0.8571428571428571,32.415825412325134,48,0.0184428821722136,0.625,2.9481603624868327,7,0.0506855499465492,0.8571428571428571,32.415825412325134,48,0.0184428821722136,0.625,2.9481603624868327,S04374,True,-0.1024793388429751,True,no_line_overheat_0.45_0.2_0.03
tp15%_D+S_same_close,D+S,same_close,770,2023,S,159852,软件ETF,2023-04-04,2023-04-06,2023-04-20,2023-04-20,1.115,-0.0518707482993197,-0.0518707482993197,original,10,priority_CSD_g40_t060_r040_noskip,conservative_tp_center15_profit_first,0.899,0.5514733014225662,0.2634001832250416,0.1860922146636432,0.0017105713308245,0.0297812516122374,0.0689655172413793,0.0,-0.0376522702104097,8,0.0724623060024273,0.875,52.32966257917455,49,0.0226562845440781,0.6326530612244898,3.443089877658724,8,0.0724623060024273,0.875,52.32966257917455,49,0.0226562845440781,0.6326530612244898,3.443089877658724,S04374,True,-0.0518707482993197,True,no_line_overheat_0.45_0.2_0.03
tp15%_D+S_same_close,D+S,same_close,771,2023,S,512980,传媒ETF,2023-04-06,2023-04-07,2023-04-21,2023-04-21,0.876,-0.0157303370786516,-0.0157303370786516,original,10,priority_CSD_g40_t060_r040_noskip,conservative_tp_center15_profit_first,0.904,0.539044733397843,0.2816594698374162,0.2190476190476191,-0.0019880715705765,0.0365645357452953,0.0689655172413793,0.0,-0.0417582417582418,14,0.0231290120929453,0.7142857142857143,8.327287327846049,50,0.0224738594901392,0.64,3.4728759991004114,14,0.0231290120929453,0.7142857142857143,8.327287327846049,50,0.0224738594901392,0.64,3.4728759991004114,S04374,True,-0.0157303370786516,True,no_line_overheat_0.45_0.2_0.03
tp15%_D+S_same_close,D+S,same_close,772,2023,S,512980,传媒ETF,2023-04-07,2023-04-10,2023-04-24,2023-04-24,0.909,0.0782918149466191,0.0782918149466191,original,10,priority_CSD_g40_t060_r040_noskip,conservative_tp_center15_profit_first,0.9104761904761904,0.570967856694841,0.2578782309346417,0.1977702191987906,0.0099909173478656,0.0207803992740471,0.0689655172413793,0.0,-0.0347222222222221,15,0.0274172427189416,0.7333333333333333,10.306216226786436,51,0.0237479499213696,0.6470588235294118,3.66532991907525,15,0.0274172427189416,0.7333333333333333,10.306216226786436,51,0.0237479499213696,0.6470588235294118,3.66532991907525,S04374,True,0.0782918149466191,True,no_line_overheat_0.45_0.2_0.03
tp15%_D+S_same_close,D+S,same_close,773,2023,S,512980,传媒ETF,2023-04-10,2023-04-11,2023-04-25,2023-04-25,0.933,0.0483146067415731,0.0483146067415731,original,10,priority_CSD_g40_t060_r040_noskip,conservative_tp_center15_profit_first,0.9091666666666668,0.5962444239108711,0.2570654850244127,0.314021164021164,0.0210084033613444,0.0239079216450466,0.0689655172413793,0.0,-0.0428571428571427,16,0.0338834617453228,0.75,13.267776634686337,52,0.025808119098671,0.6538461538461539,3.953346284922352,16,0.0338834617453228,0.75,13.267776634686337,52,0.025808119098671,0.6538461538461539,3.953346284922352,S04374,True,0.0483146067415731,True,no_line_overheat_0.45_0.2_0.03
tp15%_D+S_same_close,D+S,same_close,774,2023,S,512980,传媒ETF,2023-04-11,2023-04-12,2023-04-26,2023-04-26,0.922,-0.0181043663471777,-0.0181043663471777,original,10,priority_CSD_g40_t060_r040_noskip,conservative_tp_center15_profit_first,0.906153846153846,0.6042874751296735,0.2256018190214659,0.2551020408163265,0.0225118483412323,0.0176953112433777,0.0689655172413793,0.0,-0.0326197757390418,17,0.0335402452007629,0.7647058823529411,13.902481879102584,53,0.0258503957286546,0.660377358490566,4.015072359255746,17,0.0335402452007629,0.7647058823529411,13.902481879102584,53,0.0258503957286546,0.660377358490566,4.015072359255746,S04374,True,-0.0181043663471777,True,no_line_overheat_0.45_0.2_0.03
tp15%_D+S_same_close,D+S,same_close,775,2023,S,512980,传媒ETF,2023-04-12,2023-04-13,2023-04-27,2023-04-27,0.88,-0.0434782608695653,-0.0434782608695653,original,10,priority_CSD_g40_t060_r040_noskip,conservative_tp_center15_profit_first,0.9064,0.6228844578568523,0.2247214116381059,0.2064625850340136,0.0245250431778929,0.0322073230861577,0.0689655172413793,0.0,-0.0295616717635066,18,0.0358368553036728,0.7777777777777778,15.596895585578215,54,0.0267583370494784,0.6666666666666666,4.179856733290072,18,0.0358368553036728,0.7777777777777778,15.596895585578215,54,0.0267583370494784,0.6666666666666666,4.179856733290072,S04374,True,-0.0434782608695653,True,no_line_overheat_0.45_0.2_0.03
tp15%_D+S_same_close,D+S,same_close,776,2023,S,512980,传媒ETF,2023-04-13,2023-04-14,2023-04-28,2023-04-28,0.961,0.0701559020044542,0.0701559020044542,original,10,priority_CSD_g40_t060_r040_noskip,conservative_tp_center15_profit_first,0.9069565217391304,0.604715078411031,0.2368181027392021,0.2968631897203326,0.0245829675153643,0.0254787406686139,0.0689655172413793,0.0,-0.0442708333333332,19,0.0420329499488823,0.7894736842105263,19.071806789117645,55,0.0290638700769907,0.6727272727272727,4.517797264172073,19,0.0420329499488823,0.7894736842105263,19.071806789117645,55,0.0290638700769907,0.6727272727272727,4.517797264172073,S04374,True,0.0701559020044542,True,no_line_overheat_0.45_0.2_0.03
tp15%_D+S_same_close,D+S,same_close,777,2023,S,512980,传媒ETF,2023-04-14,2023-04-17,2023-05-04,2023-05-04,1.019,0.1807647740440323,0.1807647740440323,take_profit_15%,10,priority_CSD_g40_t060_r040_noskip,conservative_tp_center15_profit_first,0.903846153846154,0.6538708545108252,0.2185528514158374,0.3020408163265306,0.0388349514563106,0.0376829970776666,0.0689655172413793,0.0,-0.0426695842450766,20,0.0470032627492049,0.8,22.27238108235481,56,0.0310705725033897,0.6785714285714286,4.829058102918734,20,0.0470032627492049,0.8,22.27238108235481,56,0.0310705725033897,0.6785714285714286,4.829058102918734,S04374,True,0.1807647740440323,True,no_line_overheat_0.45_0.2_0.03
tp15%_D+S_same_close,D+S,same_close,778,2023,S,512980,传媒ETF,2023-04-17,2023-04-18,2023-05-05,2023-05-04,1.019,0.1402298850574712,0.1712643678160919,take_profit_15%,9,priority_CSD_g40_t060_r040_noskip,conservative_tp_center15_profit_first,0.9035714285714286,0.6911899672715114,0.2403104813549453,0.2028344671201814,0.0469924812030075,0.0391302496310476,0.0344827586206896,0.0,-0.0389817024661892,21,0.0506652445754988,0.8095238095238095,25.076177770699527,57,0.0326992445840562,0.6842105263157895,5.101731701133071,21,0.0506652445754988,0.8095238095238095,25.076177770699527,57,0.0326992445840562,0.6842105263157895,5.101731701133071,S04374,True,0.1712643678160919,True,no_line_overheat_0.45_0.2_0.03
tp15%_D+S_same_close,D+S,same_close,779,2023,S,512980,传媒ETF,2023-04-18,2023-04-19,2023-05-08,2023-05-04,1.019,0.129735935706085,0.1699196326061995,take_profit_15%,8,priority_CSD_g40_t060_r040_noskip,conservative_tp_center15_profit_first,0.9041666666666668,0.6565542487178205,0.2240359211267567,0.2062358276643991,0.0569620253164557,0.0249960136448237,0.0344827586206896,0.0,-0.0397772474144787,22,0.0492756681242377,0.8181818181818182,25.530890028236914,58,0.0324819224817061,0.6896551724137931,5.145953176937753,22,0.0492756681242377,0.8181818181818182,25.530890028236914,58,0.0324819224817061,0.6896551724137931,5.145953176937753,S04374,True,0.1699196326061995,True,no_line_overheat_0.45_0.2_0.03
tp15%_D+S_same_close,D+S,same_close,780,2023,S,512980,传媒ETF,2023-04-19,2023-04-20,2023-05-09,2023-05-09,0.956,0.0368763557483731,0.0368763557483731,original,10,priority_CSD_g40_t060_r040_noskip,conservative_tp_center15_profit_first,0.904,0.6125759785507066,0.2363235214231897,0.3482615268329554,0.035641547861507,0.0136060021443319,0.0689655172413793,0.0,-0.047244094488189,23,0.0462999552853475,0.782608695652174,17.807768039292203,59,0.0316065385893003,0.6779661016949152,4.937694000019104,23,0.0462999552853475,0.782608695652174,17.807768039292203,59,0.0316065385893003,0.6779661016949152,4.937694000019104,S04374,True,0.0368763557483731,True,no_line_overheat_0.45_0.2_0.03
tp15%_D+S_same_close,D+S,same_close,781,2023,S,512980,传媒ETF,2023-04-20,2023-04-21,2023-05-10,2023-05-04,1.019,0.0799086757990867,0.16324200913242,take_profit_15%,6,priority_CSD_g40_t060_r040_noskip,conservative_tp_center15_profit_first,0.9043478260869564,0.5494503165830952,0.2472249660611069,0.3605442176870748,0.0192764721415368,0.0041322314049587,0.1034482758620689,0.0,-0.0440812283308569,23,0.0462999552853475,0.782608695652174,17.807768039292203,60,0.0293717739654291,0.6666666666666666,4.059281511770878,23,0.0462999552853475,0.782608695652174,17.807768039292203,60,0.0293717739654291,0.6666666666666666,4.059281511770878,S04374,True,0.16324200913242,True,no_line_overheat_0.45_0.2_0.03
tp15%_D+S_same_close,D+S,same_close,782,2023,S,512980,传媒ETF,2023-04-21,2023-04-24,2023-05-11,2023-05-11,0.966,0.0627062706270626,0.0627062706270626,original,10,priority_CSD_g40_t060_r040_noskip,conservative_tp_center15_profit_first,0.90625,0.4577625289789762,0.2472646766339287,0.4924036281179138,0.0018726591760298,-0.0167675137824392,0.1379310344827586,0.0,-0.0670926517571884,23,0.0462999552853475,0.782608695652174,17.807768039292203,61,0.0280399293381381,0.6557377049180327,3.723957081944517,23,0.0462999552853475,0.782608695652174,17.807768039292203,61,0.0280399293381381,0.6557377049180327,3.723957081944517,S04374,True,0.0627062706270626,True,no_line_overheat_0.45_0.2_0.03
tp15%_D+S_same_close,D+S,same_close,783,2023,S,512980,传媒ETF,2023-04-24,2023-04-25,2023-05-12,2023-05-12,0.917,-0.0171489817792068,-0.0171489817792068,original,10,priority_CSD_g40_t060_r040_noskip,conservative_tp_center15_profit_first,0.9071428571428573,0.4018680078138805,0.3001982200359633,0.5258881330309902,-0.0065176908752329,-0.0436295699799076,0.3103448275862069,0.0,-0.0828677839851024,24,0.0437153597701809,0.75,14.26585775383596,62,0.0273339572991576,0.6451612903225806,3.632946775828701,24,0.0437153597701809,0.75,14.26585775383596,62,0.0273339572991576,0.6451612903225806,3.632946775828701,S04374,True,-0.0171489817792068,True,no_line_overheat_0.45_0.2_0.03
tp15%_D+S_same_close,D+S,same_close,784,2023,S,512980,传媒ETF,2023-04-25,2023-04-26,2023-05-15,2023-05-15,0.902,-0.0216919739696312,-0.0216919739696312,original,10,priority_CSD_g40_t060_r040_noskip,conservative_tp_center15_profit_first,0.9066666666666668,0.3240624394752425,0.3571386321974866,0.5836356764928192,-0.031779661016949,-0.0748946779491464,0.4137931034482758,0.0344827586206896,-0.1012765957446808,25,0.0450984179772384,0.76,15.255792113513005,63,0.0281428121824507,0.6507936507936508,3.754583366772121,25,0.0450984179772384,0.76,15.255792113513005,63,0.0281428121824507,0.6507936507936508,3.754583366772121,S04374,True,-0.0216919739696312,True,no_line_overheat_0.45_0.2_0.03
tp15%_D+S_same_close,D+S,same_close,785,2023,S,512980,传媒ETF,2023-04-26,2023-04-27,2023-05-16,2023-05-04,1.019,-0.0159090909090908,0.1579545454545452,take_profit_15%,2,priority_CSD_g40_t060_r040_noskip,conservative_tp_center15_profit_first,0.9076923076923076,0.3168875192219106,0.3408900373646828,0.5117157974300831,-0.0198473282442748,-0.0563491867000074,0.3793103448275862,0.0,-0.0967032967032968,26,0.0452221175450974,0.7692307692307693,15.866689808506765,64,0.0284579964724369,0.65625,3.8296464376796457,26,0.0452221175450974,0.7692307692307693,15.866689808506765,64,0.0284579964724369,0.65625,3.8296464376796457,S04374,True,0.1579545454545452,True,no_line_overheat_0.45_0.2_0.03
tp15%_D+S_same_close,D+S,same_close,786,2023,S,516970,基建ETF,2023-04-27,2023-04-28,2023-05-17,2023-05-17,1.267,-0.0751824817518249,-0.0751824817518249,original,10,priority_CSD_g40_t060_r040_noskip,conservative_tp_center15_profit_first,0.9133333333333332,0.3482389281951644,0.3477998930480276,0.4525699168556311,-0.009719222462203,-0.0569072255846029,0.3448275862068966,0.0,-0.098901098901099,9,0.0087772166154449,0.6666666666666666,1.696266054883082,65,0.0277416524290582,0.6461538461538462,3.724874998149458,9,0.0087772166154449,0.6666666666666666,1.696266054883082,65,0.0277416524290582,0.6461538461538462,3.724874998149458,S04374,True,-0.0751824817518249,True,no_line_overheat_0.45_0.2_0.03
tp15%_D+S_same_close,D+S,same_close,787,2023,S,516970,基建ETF,2023-04-28,2023-05-04,2023-05-18,2023-05-18,1.272,-0.0868628858578607,-0.0868628858578607,original,10,priority_CSD_g40_t060_r040_noskip,conservative_tp_center15_profit_first,0.9123076923076924,0.405987834975457,0.3545162511812209,0.3500755857898716,-0.0136986301369862,-0.0479533894193565,0.2413793103448276,0.0,-0.08859357696567,9,0.0087772166154449,0.6666666666666666,1.696266054883082,66,0.0266625628336246,0.6363636363636364,3.495234051769321,9,0.0087772166154449,0.6666666666666666,1.696266054883082,66,0.0266625628336246,0.6363636363636364,3.495234051769321,S04374,True,-0.0868628858578607,True,no_line_overheat_0.45_0.2_0.03
tp15%_D+S_same_close,D+S,same_close,788,2023,D,159663,机床ETF,2023-05-04,2023-05-05,2023-06-19,2023-06-19,0.5380508826583593,0.1264737406216505,0.1264737406216505,original,31,priority_CSD_g40_t060_r040_noskip,conservative_tp_center15_profit_first,61.01111378645462,0.353797272168691,0.4183087027914611,0.3616024187452759,-0.0170863309352519,-0.0596559462615051,0.3793103448275862,0.1034482758620689,-0.0828571428571427,8,0.0209276074846533,0.75,4.190744825404507,239,0.0205974973132209,0.602510460251046,2.415496102338804,8,0.0209276074846533,0.75,4.190744825404507,326,0.0132607327664058,0.558282208588957,1.571852090673643,D58320,False,0.1264737406216505,True,no_line_overheat_0.45_0.2_0.03
tp15%_D+S_same_close,D+S,same_close,789,2023,D,159663,机床ETF,2023-05-05,2023-05-08,2023-06-19,2023-06-19,0.5380508826583593,0.1216648879402348,0.1216648879402348,original,30,priority_CSD_g40_t060_r040_noskip,conservative_tp_center15_profit_first,69.09169898488992,0.3333205585299496,0.5331276317123319,0.4797052154195011,-0.0336906584992343,-0.0480934699103713,0.4482758620689655,0.2413793103448276,-0.0982658959537572,8,0.0209276074846533,0.75,4.190744825404507,238,0.0203690365248875,0.6008403361344538,2.3939389901860832,8,0.0209276074846533,0.75,4.190744825404507,326,0.0132607327664058,0.558282208588957,1.571852090673643,D58320,False,0.1216648879402348,True,no_line_overheat_0.45_0.2_0.03
tp15%_D+S_same_close,D+S,same_close,790,2023,D,159766,旅游ETF,2023-05-08,2023-05-09,2023-06-19,2023-06-19,0.934,-0.0270833333333332,-0.0270833333333332,original,29,priority_CSD_g40_t060_r040_noskip,conservative_tp_center15_profit_first,61.08805856272495,0.3758121255179787,0.4613903272051586,0.3998866213151927,-0.0217864923747277,-0.0388168893034759,0.3793103448275862,0.2068965517241379,-0.0842279108175062,12,0.0807972073110204,0.8333333333333334,10.004479622376143,237,0.0205440278018022,0.6033755274261603,2.4085545498101832,22,0.0679016644014798,0.7727272727272727,8.584372571866796,326,0.0132607327664058,0.558282208588957,1.571852090673643,D58320,False,-0.0270833333333332,True,no_line_overheat_0.45_0.2_0.03
tp15%_D+S_same_close,D+S,same_close,791,2023,D,159663,机床ETF,2023-05-09,2023-05-10,2023-06-19,2023-06-19,0.5380508826583593,0.1374458874458874,0.1374458874458874,original,28,priority_CSD_g40_t060_r040_noskip,conservative_tp_center15_profit_first,71.7738177190995,0.3273923264696911,0.4830252932253078,0.5567649281934998,-0.0429824561403507,-0.0382101049339686,0.4137931034482758,0.2413793103448276,-0.0904785643070786,8,0.0209276074846533,0.75,4.190744825404507,236,0.0207677654811155,0.6059322033898306,2.431243083010475,8,0.0209276074846533,0.75,4.190744825404507,326,0.0132607327664058,0.558282208588957,1.571852090673643,D58320,False,0.1374458874458874,True,no_line_overheat_0.45_0.2_0.03
tp15%_D+S_same_close,D+S,same_close,792,2023,D,159813,半导体ETF鹏华,2023-05-10,2023-05-11,2023-06-19,2023-06-19,0.3317248603351955,0.0426470588235292,0.0426470588235292,original,27,priority_CSD_g40_t060_r040_noskip,conservative_tp_center15_profit_first,67.5144636419259,0.3020647660778785,0.4508269112040659,0.5568405139833711,-0.0431654676258993,-0.0522875375338479,0.4482758620689655,0.2413793103448276,-0.0889042039972433,3,-0.0223477270808038,0.6666666666666666,0.3966113688182978,235,0.0205420208133795,0.6042553191489362,2.409686868165379,3,-0.0223477270808038,0.6666666666666666,0.3966113688182978,326,0.0132607327664058,0.558282208588957,1.571852090673643,D58320,False,0.0426470588235292,True,no_line_overheat_0.45_0.2_0.03
tp15%_D+S_same_close,D+S,same_close,793,2023,D,512720,计算机ETF,2023-05-11,2023-05-12,2023-06-19,2023-06-19,1.448,0.1419558359621451,0.1419558359621451,original,26,priority_CSD_g40_t060_r040_noskip,conservative_tp_center15_profit_first,65.23289871504157,0.3035123261283185,0.4440957097020501,0.4875283446712019,-0.0429824561403507,-0.0510552904389713,0.4137931034482758,0.2758620689655172,-0.0877390326209223,20,0.013374768961254,0.35,1.6855603910593333,234,0.0202800575167484,0.6025641025641025,2.3857875864892923,20,0.013374768961254,0.35,1.6855603910593333,326,0.0132607327664058,0.558282208588957,1.571852090673643,D58320,False,0.1419558359621451,True,no_line_overheat_0.45_0.2_0.03
tp15%_D+S_same_close,D+S,same_close,794,2023,D,159663,机床ETF,2023-05-12,2023-05-15,2023-06-19,2023-06-19,0.5380508826583593,0.1276824034334764,0.1276824034334764,original,25,priority_CSD_g40_t060_r040_noskip,conservative_tp_center15_profit_first,74.13508932333995,0.2615104473902505,0.5348935798608078,0.5874149659863945,-0.0543766578249337,-0.0661394680086269,0.5517241379310345,0.3793103448275862,-0.1047553411440387,8,0.0209276074846533,0.75,4.190744825404507,233,0.0200259888598802,0.6008583690987125,2.3625784568159376,8,0.0209276074846533,0.75,4.190744825404507,326,0.0132607327664058,0.558282208588957,1.571852090673643,D58320,False,0.1276824034334764,True,no_line_overheat_0.45_0.2_0.03
tp15%_D+S_same_close,D+S,same_close,795,2023,D,159663,机床ETF,2023-05-15,2023-05-16,2023-06-19,2023-06-19,0.5380508826583593,0.1349892008639308,0.1349892008639308,original,24,priority_CSD_g40_t060_r040_noskip,conservative_tp_center15_profit_first,62.910297884264885,0.2951654513423162,0.458580951825542,0.50702947845805,-0.0504385964912281,-0.048,0.4827586206896552,0.2068965517241379,-0.0943708609271521,8,0.0209276074846533,0.75,4.190744825404507,232,0.0193848003382059,0.5991379310344828,2.3132909272711446,8,0.0209276074846533,0.75,4.190744825404507,326,0.0132607327664058,0.558282208588957,1.571852090673643,D58320,False,0.1349892008639308,True,no_line_overheat_0.45_0.2_0.03
tp15%_D+S_same_close,D+S,same_close,796,2023,D,512720,计算机ETF,2023-05-16,2023-05-17,2023-06-19,2023-06-19,1.448,0.1630522088353412,0.1630522088353412,take_profit_15%,23,priority_CSD_g40_t060_r040_noskip,conservative_tp_center15_profit_first,69.69340513983371,0.288667226007141,0.4544299965880834,0.523167044595616,-0.0503330866025166,-0.0550699300699299,0.4482758620689655,0.2068965517241379,-0.0984308131241084,20,0.013374768961254,0.35,1.6855603910593333,231,0.0186321132733425,0.5974025974025974,2.256856578569496,20,0.013374768961254,0.35,1.6855603910593333,326,0.0132607327664058,0.558282208588957,1.571852090673643,D58320,False,0.1630522088353412,True,no_line_overheat_0.45_0.2_0.03
tp15%_D+S_same_close,D+S,same_close,797,2023,D,159766,旅游ETF,2023-05-17,2023-05-18,2023-06-19,2023-06-19,0.934,0.0130151843817787,0.0130151843817787,original,22,priority_CSD_g40_t060_r040_noskip,conservative_tp_center15_profit_first,64.88750370686778,0.3019417042277748,0.4912011661034365,0.5355631141345427,-0.048084147257701,-0.03281677301732,0.4482758620689655,0.2758620689655172,-0.0999999999999999,12,0.0807972073110204,0.8333333333333334,10.004479622376143,230,0.0183435175016273,0.5956521739130435,2.232032264710163,22,0.0679016644014798,0.7727272727272727,8.584372571866796,326,0.0132607327664058,0.558282208588957,1.571852090673643,D58320,False,0.0130151843817787,True,no_line_overheat_0.45_0.2_0.03
tp15%_D+S_same_close,D+S,same_close,798,2023,D,159766,旅游ETF,2023-05-18,2023-05-19,2023-06-19,2023-06-19,0.934,0.0064655172413792,0.0064655172413792,original,21,priority_CSD_g40_t060_r040_noskip,conservative_tp_center15_profit_first,64.8990766874378,0.2987567396920332,0.5078579971697719,0.5337490551776266,-0.0598669623059866,-0.020109689213894,0.4482758620689655,0.3448275862068966,-0.0944767441860464,12,0.0807972073110204,0.8333333333333334,10.004479622376143,229,0.0180959118664528,0.5938864628820961,2.2101176120136774,22,0.0679016644014798,0.7727272727272727,8.584372571866796,326,0.0132607327664058,0.558282208588957,1.571852090673643,D58320,False,0.0064655172413792,True,no_line_overheat_0.45_0.2_0.03
tp15%_D+S_same_close,D+S,same_close,799,2023,D,159663,机床ETF,2023-05-19,2023-05-22,2023-06-19,2023-06-19,0.5380508826583593,0.0857438016528926,0.0857438016528926,original,20,priority_CSD_g40_t060_r040_noskip,conservative_tp_center15_profit_first,63.94126062709597,0.2496583165431042,0.5152569778300419,0.5194633408919124,-0.0611650485436895,-0.0446584938704027,0.4482758620689655,0.3103448275862069,-0.0962888665997994,8,0.0209276074846533,0.75,4.190744825404507,228,0.0182347506116297,0.5964912280701754,2.218903547841072,8,0.0209276074846533,0.75,4.190744825404507,326,0.0132607327664058,0.558282208588957,1.571852090673643,D58320,False,0.0857438016528926,True,no_line_overheat_0.45_0.2_0.03
tp15%_D+S_same_close,D+S,same_close,800,2023,D,512720,计算机ETF,2023-05-22,2023-05-23,2023-06-19,2023-06-19,1.448,0.1593274619695754,0.1593274619695754,take_profit_15%,19,priority_CSD_g40_t060_r040_noskip,conservative_tp_center15_profit_first,63.18263416477703,0.2882850205505725,0.4654778187318455,0.4782690854119426,-0.0481809242871189,-0.0348432055749127,0.4482758620689655,0.2413793103448276,-0.0877901109989909,20,0.013374768961254,0.35,1.6855603910593333,227,0.0177012285337291,0.5947136563876652,2.178050566393764,20,0.013374768961254,0.35,1.6855603910593333,326,0.0132607327664058,0.558282208588957,1.571852090673643,D58320,False,0.1593274619695754,True,no_line_overheat_0.45_0.2_0.03
tp15%_D+S_same_close,D+S,same_close,801,2023,D,512950,央企改革ETF,2023-05-23,2023-05-24,2023-06-19,2023-06-19,1.314,0.0554216867469878,0.0554216867469878,original,18,priority_CSD_g40_t060_r040_noskip,conservative_tp_center15_profit_first,70.93631897203326,0.2674268916503421,0.4816282642971815,0.563567649281935,-0.0492125984251968,-0.0428321678321678,0.4482758620689655,0.3103448275862069,-0.091703056768559,0,,,,227,0.0177012285337291,0.5947136563876652,2.178050566393764,3,0.035545741274206,0.6666666666666666,2.996311557738138,326,0.0132607327664058,0.558282208588957,1.571852090673643,D58320,False,0.0554216867469878,True,no_line_overheat_0.45_0.2_0.03
tp15%_D+S_same_close,D+S,same_close,802,2023,D,159887,银行ETF,2023-05-24,2023-05-25,2023-06-19,2023-06-19,0.885,0.0056818181818181,0.0056818181818181,original,17,priority_CSD_g40_t060_r040_noskip,conservative_tp_center15_profit_first,73.97321721948589,0.2335305824017954,0.4574431022878701,0.583862433862434,-0.0408596444680285,-0.0685763888888888,0.4482758620689655,0.2758620689655172,-0.0965166908563133,29,0.0076205286340432,0.5862068965517241,2.048119902466976,226,0.017557620076746,0.5929203539823009,2.16334560239134,31,0.0026431738134573,0.5483870967741935,1.234172421699281,312,0.0142724899606344,0.5608974358974359,1.607696777365237,D58320,False,0.0056818181818181,True,no_line_overheat_0.45_0.2_0.03
tp15%_D+S_same_close,D+S,same_close,803,2023,D,512980,传媒ETF,2023-05-25,2023-05-26,2023-06-19,2023-06-13,0.979,0.1933962264150943,0.1544811320754717,take_profit_15%,12,priority_CSD_g40_t060_r040_noskip,conservative_tp_center15_profit_first,67.65069916855632,0.2315115653620879,0.4342466655625515,0.5484504913076342,-0.0369181380417334,-0.0526315789473682,0.4137931034482758,0.2068965517241379,-0.0965166908563133,1,0.1980582524271843,1.0,,225,0.0168729977964822,0.5911111111111111,2.113036570591625,15,-0.1010583356319509,0.0666666666666666,0.1155577372469777,311,0.0144691056839805,0.5627009646302251,1.6180473673413052,D58320,False,0.1544811320754717,True,no_line_overheat_0.45_0.2_0.03
tp15%_D+S_same_close,D+S,same_close,804,2023,D,512950,央企改革ETF,2023-05-26,2023-05-29,2023-06-19,2023-06-19,1.314,0.0428571428571429,0.0428571428571429,original,15,priority_CSD_g40_t060_r040_noskip,conservative_tp_center15_profit_first,63.24026832955405,0.2813551752176118,0.4503549697755,0.4919879062736206,-0.031767955801105,-0.0458958517210944,0.4482758620689655,0.1379310344827586,-0.1057165231010179,0,,,,224,0.0162698765465887,0.5892857142857143,2.068481339972621,3,0.035545741274206,0.6666666666666666,2.996311557738138,311,0.0144691056839805,0.5627009646302251,1.6180473673413052,D58320,False,0.0428571428571429,True,no_line_overheat_0.45_0.2_0.03
tp15%_D+S_same_close,D+S,same_close,805,2023,D,512720,计算机ETF,2023-05-29,2023-05-30,2023-06-19,2023-06-19,1.448,0.1303669008587042,0.1303669008587042,original,14,priority_CSD_g40_t060_r040_noskip,conservative_tp_center15_profit_first,64.83654572940287,0.2704932476340823,0.4578715368316035,0.5301965230536659,-0.0309364548494982,-0.0590828924162256,0.4827586206896552,0.0689655172413793,-0.1194690265486725,19,0.0114388757585878,0.3157894736842105,1.557014341930079,223,0.0152866338632826,0.5874439461883408,1.9994277247510848,20,0.013374768961254,0.35,1.6855603910593333,311,0.0144691056839805,0.5627009646302251,1.6180473673413052,D58320,False,0.1303669008587042,True,no_line_overheat_0.45_0.2_0.03
tp15%_D+S_same_close,D+S,same_close,806,2023,D,159887,银行ETF,2023-05-30,2023-05-31,2023-06-19,2023-06-19,0.885,0.0045402951191828,0.0045402951191828,original,13,priority_CSD_g40_t060_r040_noskip,conservative_tp_center15_profit_first,65.53702667955869,0.2623216131927074,0.4419838366658877,0.5165154950869237,-0.0335731414868104,-0.0629370629370628,0.4827586206896552,0.0689655172413793,-0.1051567239635995,28,0.0086190826227893,0.6071428571428571,2.2667782946839363,222,0.015447109615148,0.5900900900900901,2.011421807891657,31,0.0026431738134573,0.5483870967741935,1.234172421699281,311,0.0144691056839805,0.5627009646302251,1.6180473673413052,D58320,False,0.0045402951191828,True,no_line_overheat_0.45_0.2_0.03
tp15%_D+S_same_close,D+S,same_close,807,2023,D,159887,银行ETF,2023-05-31,2023-06-01,2023-06-19,2023-06-19,0.885,0.0091220068415052,0.0091220068415052,original,12,priority_CSD_g40_t060_r040_noskip,conservative_tp_center15_profit_first,67.6635491029901,0.2332015427741332,0.5195774257553516,0.5352607709750566,-0.0499479708636836,-0.0661654135338346,0.5517241379310345,0.2068965517241379,-0.1071967790639154,28,0.0086190826227893,0.6071428571428571,2.2667782946839363,221,0.0150856694344434,0.5882352941176471,1.9833066388284883,31,0.0026431738134573,0.5483870967741935,1.234172421699281,311,0.0144691056839805,0.5627009646302251,1.6180473673413052,D58320,False,0.0091220068415052,True,no_line_overheat_0.45_0.2_0.03
tp15%_D+S_same_close,D+S,same_close,808,2023,D,159887,银行ETF,2023-06-01,2023-06-02,2023-06-19,2023-06-19,0.885,-0.0056179775280899,-0.0056179775280899,original,11,priority_CSD_g40_t060_r040_noskip,conservative_tp_center15_profit_first,63.40105117886762,0.2349004036770856,0.5114772121520992,0.4610733182161754,-0.0463258785942491,-0.0703592814371257,0.5172413793103449,0.2068965517241379,-0.1020179372197309,28,0.0086190826227893,0.6071428571428571,2.2667782946839363,220,0.0150581422543789,0.5863636363636363,1.977071143331676,31,0.0026431738134573,0.5483870967741935,1.234172421699281,311,0.0144691056839805,0.5627009646302251,1.6180473673413052,D58320,False,-0.0056179775280899,True,no_line_overheat_0.45_0.2_0.03
tp15%_D+S_same_close,D+S,same_close,809,2023,D,159887,银行ETF,2023-06-02,2023-06-05,2023-06-19,2023-06-19,0.885,-0.0111731843575418,-0.0111731843575418,original,10,priority_CSD_g40_t060_r040_noskip,conservative_tp_center15_profit_first,57.0311272746665,0.2891037403837855,0.4490531521012193,0.4387755102040817,-0.0233592880978865,-0.0668724279835391,0.4827586206896552,0.0689655172413793,-0.0874890638670167,27,0.0103484526523257,0.6296296296296297,2.832949583536012,219,0.0153007543567948,0.589041095890411,1.9995247626734696,31,0.0026431738134573,0.5483870967741935,1.234172421699281,311,0.0144691056839805,0.5627009646302251,1.6180473673413052,D58320,False,-0.0111731843575418,True,no_line_overheat_0.45_0.2_0.03
tp15%_D+S_same_close,D+S,same_close,810,2023,D,516970,基建ETF,2023-06-05,2023-06-06,2023-06-19,2023-06-19,1.22,0.0082644628099173,0.0082644628099173,original,9,priority_CSD_g40_t060_r040_noskip,conservative_tp_center15_profit_first,57.96948548976626,0.2846127950291266,0.4717107840919404,0.4337112622826909,-0.0450856627592426,-0.0554683411826268,0.4827586206896552,0.1034482758620689,-0.0915953699043785,5,0.0209224585308542,1.0,,218,0.0154187740037328,0.591743119266055,2.0057635146461683,5,0.0209224585308542,1.0,,311,0.0144691056839805,0.5627009646302251,1.6180473673413052,D58320,False,0.0082644628099173,True,no_line_overheat_0.45_0.2_0.03
tp15%_D+S_same_close,D+S,same_close,811,2023,D,512720,计算机ETF,2023-06-06,2023-06-07,2023-06-19,2023-06-19,1.448,0.1078806426931904,0.1078806426931904,original,8,priority_CSD_g40_t060_r040_noskip,conservative_tp_center15_profit_first,66.51880196523054,0.2457887281123392,0.5073721830969112,0.535071806500378,-0.0421245421245422,-0.0653886554621847,0.5862068965517241,0.1379310344827586,-0.1044287871162557,17,0.0121543834729557,0.2941176470588235,1.5440959986266516,217,0.014868664083344,0.5898617511520737,1.9654309650044808,20,0.013374768961254,0.35,1.6855603910593333,311,0.0144691056839805,0.5627009646302251,1.6180473673413052,D58320,False,0.1078806426931904,True,no_line_overheat_0.45_0.2_0.03
tp15%_D+S_same_close,D+S,same_close,812,2023,D,515790,光伏ETF,2023-06-07,2023-06-08,2023-07-31,2023-07-31,1.178,0.0434012400354295,0.0434012400354295,original,35,priority_CSD_g40_t060_r040_noskip,conservative_tp_center15_profit_first,59.1575562636467,0.236231563073629,0.5024961859024752,0.4856009070294784,-0.0463645943097996,-0.0687565858798734,0.5517241379310345,0.1034482758620689,-0.1064996084573217,14,-0.025120346216875,0.2857142857142857,0.3387628970232839,216,0.0149948925939839,0.5925925925925926,1.9727485396236253,23,-0.0459480880056512,0.1739130434782608,0.1456563995494317,311,0.0144691056839805,0.5627009646302251,1.6180473673413052,D58320,False,0.0434012400354295,True,no_line_overheat_0.45_0.2_0.03
tp15%_D+S_same_close,D+S,same_close,813,2023,D,159663,机床ETF,2023-06-08,2023-06-09,2023-07-31,2023-07-31,0.5109179646936657,0.0527426160337554,0.0527426160337554,original,34,priority_CSD_g40_t060_r040_noskip,conservative_tp_center15_profit_first,62.57978134513149,0.2646462487768007,0.5101995569569149,0.4701058201058201,-0.0382244143033292,-0.0517241379310345,0.5862068965517241,0.0689655172413793,-0.1111111111111111,8,0.0209276074846533,0.75,4.190744825404507,215,0.01523654784152,0.5953488372093023,1.994893078662018,8,0.0209276074846533,0.75,4.190744825404507,311,0.0144691056839805,0.5627009646302251,1.6180473673413052,D58320,False,0.0527426160337554,True,no_line_overheat_0.45_0.2_0.03
tp15%_D+S_same_close,D+S,same_close,814,2023,D,512720,计算机ETF,2023-06-09,2023-06-12,2023-07-31,2023-07-31,1.265,-0.0402124430955994,-0.0402124430955994,original,33,priority_CSD_g40_t060_r040_noskip,conservative_tp_center15_profit_first,55.02598261526833,0.2920824961203208,0.458095180672705,0.4480725623582766,-0.0225806451612903,-0.0525896414342629,0.5517241379310345,0.0,-0.1014218009478672,15,0.017065479925427,0.3333333333333333,1.7747650201224847,214,0.0146046487054385,0.5934579439252337,1.949196784674555,20,0.013374768961254,0.35,1.6855603910593333,311,0.0144691056839805,0.5627009646302251,1.6180473673413052,D58320,False,-0.0402124430955994,True,no_line_overheat_0.45_0.2_0.03
tp15%_D+S_same_close,D+S,same_close,815,2023,D,516970,基建ETF,2023-06-12,2023-06-13,2023-07-31,2023-07-31,1.287,0.0636363636363637,0.0636363636363637,original,32,priority_CSD_g40_t060_r040_noskip,conservative_tp_center15_profit_first,56.324275219840985,0.2914576554179557,0.4748838830130952,0.4396069538926683,-0.03625,-0.0392628205128205,0.5517241379310345,0.0344827586206896,-0.1017293997965411,5,0.0209224585308542,1.0,,213,0.0147033424190766,0.596244131455399,1.9530030049729616,5,0.0209224585308542,1.0,,311,0.0144691056839805,0.5627009646302251,1.6180473673413052,D58320,False,0.0636363636363637,True,no_line_overheat_0.45_0.2_0.03
tp15%_D+S_same_close,D+S,same_close,816,2023,D,159930,能源ETF,2023-06-13,2023-06-14,2023-07-31,2023-07-31,1.195,0.0445804195804198,0.0445804195804198,original,31,priority_CSD_g40_t060_r040_noskip,conservative_tp_center15_profit_first,52.99603174603175,0.3076062697610995,0.5062606353524185,0.3793650793650793,-0.0300387596899224,-0.0457413249211356,0.5517241379310345,0.0689655172413793,-0.0989884393063582,49,-0.0017392013358104,0.5102040816326531,0.9141679755505387,213,0.0147033424190766,0.596244131455399,1.9530030049729616,54,0.0144966179847094,0.5555555555555556,1.7884313235213614,311,0.0144691056839805,0.5627009646302251,1.6180473673413052,D58320,False,0.0445804195804198,True,no_line_overheat_0.45_0.2_0.03
tp15%_D+S_same_close,D+S,same_close,817,2023,D,159887,银行ETF,2023-06-14,2023-06-15,2023-07-31,2023-07-31,0.956,0.064587973273942,0.064587973273942,original,30,priority_CSD_g40_t060_r040_noskip,conservative_tp_center15_profit_first,55.71928347972956,0.2956885895402844,0.5006297033005429,0.3796674225245654,-0.0288600288600286,-0.0365965233302836,0.5172413793103449,0.0689655172413793,-0.1004335260115605,27,0.0103484526523257,0.6296296296296297,2.832949583536012,213,0.0147033424190766,0.596244131455399,1.9530030049729616,31,0.0026431738134573,0.5483870967741935,1.234172421699281,311,0.0144691056839805,0.5627009646302251,1.6180473673413052,D58320,False,0.064587973273942,True,no_line_overheat_0.45_0.2_0.03
tp15%_D+S_same_close,D+S,same_close,818,2023,D,512720,计算机ETF,2023-06-15,2023-06-16,2023-07-31,2023-07-31,1.265,-0.106638418079096,-0.106638418079096,original,29,priority_CSD_g40_t060_r040_noskip,conservative_tp_center15_profit_first,49.056594860166285,0.367439753461596,0.455453433067582,0.3181027966742252,-0.014446227929374,-0.0159695817490493,0.4482758620689655,0.0,-0.0863095238095238,14,0.0187428079414908,0.3571428571428571,1.8099177220153948,213,0.0147033424190766,0.596244131455399,1.9530030049729616,20,0.013374768961254,0.35,1.6855603910593333,311,0.0144691056839805,0.5627009646302251,1.6180473673413052,D58320,False,-0.106638418079096,True,no_line_overheat_0.45_0.2_0.03
tp15%_D+S_same_close,D+S,same_close,819,2023,D,159611,电力ETF,2023-06-16,2023-06-19,2023-07-31,2023-07-31,0.925,0.0065288356909685,0.0065288356909685,original,28,priority_CSD_g40_t060_r040_noskip,conservative_tp_center15_profit_first,48.11773722907019,0.4217583528447088,0.4374222804062899,0.2869236583522297,-0.002403846153846,0.0014184397163117,0.4137931034482758,0.0,-0.080024622960911,0,,,,213,0.0147033424190766,0.596244131455399,1.9530030049729616,0,,,,311,0.0144691056839805,0.5627009646302251,1.6180473673413052,D58320,False,0.0065288356909685,True,no_line_overheat_0.45_0.2_0.03
tp15%_D+S_same_close,D+S,same_close,820,2023,D,159887,银行ETF,2023-06-19,2023-06-20,2023-07-31,2023-07-31,0.956,0.0863636363636364,0.0863636363636364,original,27,priority_CSD_g40_t060_r040_noskip,conservative_tp_center15_profit_first,54.76900507526877,0.3516653214596991,0.4404718702641519,0.3380574452003024,-0.0217566478646253,-0.0285035629453681,0.4137931034482758,0.0,-0.0914127423822714,27,0.0103484526523257,0.6296296296296297,2.832949583536012,213,0.0147033424190766,0.596244131455399,1.9530030049729616,31,0.0026431738134573,0.5483870967741935,1.234172421699281,311,0.0144691056839805,0.5627009646302251,1.6180473673413052,D58320,False,0.0863636363636364,True,no_line_overheat_0.45_0.2_0.03
tp15%_D+S_same_close,D+S,same_close,821,2023,D,516970,基建ETF,2023-06-20,2023-06-21,2023-07-31,2023-07-31,1.287,0.0689368770764118,0.0689368770764118,original,26,priority_CSD_g40_t060_r040_noskip,conservative_tp_center15_profit_first,52.3637168911002,0.3812979967504761,0.4621014503834812,0.3110733182161753,-0.0167130919220055,-0.0204262877442272,0.4827586206896552,0.0,-0.0967261904761905,6,0.0188127925773647,1.0,,252,0.0221667157216022,0.6309523809523809,2.5857513858378387,6,0.0188127925773647,1.0,,351,0.0196706821055103,0.5897435897435898,1.912451864267002,D58320,False,0.0689368770764118,True,no_line_overheat_0.45_0.2_0.03
tp15%_D+S_same_close,D+S,same_close,822,2023,D,159992,创新药ETF,2023-06-21,2023-06-26,2023-07-31,2023-07-31,0.842,0.0369458128078816,0.0369458128078816,original,25,priority_CSD_g40_t060_r040_noskip,conservative_tp_center15_profit_first,61.63378368548722,0.3426157564741456,0.4649066784346426,0.5031368102796674,-0.0113154172560113,-0.0471698113207545,0.5172413793103449,0.0344827586206896,-0.1057985757884028,12,0.0424494180824219,0.75,5.418708945474214,251,0.0224453508465367,0.6334661354581673,2.6212990765312365,12,0.0424494180824219,0.75,5.418708945474214,351,0.0196706821055103,0.5897435897435898,1.912451864267002,D58320,False,0.0369458128078816,True,no_line_overheat_0.45_0.2_0.03
tp15%_D+S_same_close,D+S,same_close,823,2023,D,516970,基建ETF,2023-06-26,2023-06-27,2023-07-31,2023-07-31,1.287,0.0680497925311203,0.0680497925311203,original,24,priority_CSD_g40_t060_r040_noskip,conservative_tp_center15_profit_first,71.83719273289688,0.2738630629136884,0.4750499956431808,0.5835222978080121,-0.0206561360874847,-0.0640228097459822,0.6206896551724138,0.0344827586206896,-0.1191135734072021,6,0.0188127925773647,1.0,,248,0.0230301429593061,0.6411290322580645,2.681247590819479,6,0.0188127925773647,1.0,,351,0.0196706821055103,0.5897435897435898,1.912451864267002,D58320,False,0.0680497925311203,True,no_line_overheat_0.45_0.2_0.03
tp15%_D+S_same_close,D+S,same_close,824,2023,D,516970,基建ETF,2023-06-27,2023-06-28,2023-07-31,2023-07-31,1.287,0.0689368770764118,0.0689368770764118,original,23,priority_CSD_g40_t060_r040_noskip,conservative_tp_center15_profit_first,60.46675554279683,0.3308319737658915,0.4575534933952713,0.5055933484504914,-0.002219755826859,-0.0552291421856638,0.5862068965517241,0.0689655172413793,-0.1028008618036319,6,0.0188127925773647,1.0,,247,0.0229691926277083,0.6396761133603239,2.670036809187226,6,0.0188127925773647,1.0,,351,0.0196706821055103,0.5897435897435898,1.912451864267002,D58320,False,0.0689368770764118,True,no_line_overheat_0.45_0.2_0.03
tp15%_D+S_same_close,D+S,same_close,825,2023,D,512720,计算机ETF,2023-06-28,2023-06-29,2023-07-31,2023-07-31,1.265,-0.0291634689178817,-0.0291634689178817,original,22,priority_CSD_g40_t060_r040_noskip,conservative_tp_center15_profit_first,67.5316515495087,0.3439211701389812,0.4512763719416396,0.4865457294028723,-0.0009727626459145,-0.0441501103752759,0.5517241379310345,0.0689655172413793,-0.0968074150360452,16,0.079293349118316,0.75,9.524063683307682,246,0.0231135889443056,0.6422764227642277,2.679939007601146,27,0.0406905069114383,0.5185185185185185,3.8156994622051386,351,0.0196706821055103,0.5897435897435898,1.912451864267002,D58320,False,-0.0291634689178817,True,no_line_overheat_0.45_0.2_0.03
tp15%_D+S_same_close,D+S,same_close,826,2023,D,159666,交通运输ETF,2023-06-29,2023-06-30,2023-07-31,2023-07-31,0.986,0.0590762620837808,0.0590762620837808,original,21,priority_CSD_g40_t060_r040_noskip,conservative_tp_center15_profit_first,71.0177678377287,0.3206400699232214,0.4608199394898365,0.5170068027210885,-0.0058309037900874,-0.0581484315225706,0.5517241379310345,0.0344827586206896,-0.1014598540145985,0,,,,245,0.0234130583287983,0.6448979591836734,2.720331845980357,0,,,,351,0.0196706821055103,0.5897435897435898,1.912451864267002,D58320,False,0.0590762620837808,True,no_line_overheat_0.45_0.2_0.03
tp15%_D+S_same_close,D+S,same_close,827,2023,D,512720,计算机ETF,2023-06-30,2023-07-03,2023-07-31,2023-07-31,1.265,-0.0284178187403995,-0.0284178187403995,original,20,priority_CSD_g40_t060_r040_noskip,conservative_tp_center15_profit_first,58.160903250188966,0.3774178831780899,0.4784325229377125,0.427437641723356,0.009765625,-0.0444282592862345,0.5517241379310345,0.0,-0.0957217605417051,15,0.0879951321651665,0.8,14.523383068355583,244,0.023718986422705,0.6475409836065574,2.762782843201181,27,0.0406905069114383,0.5185185185185185,3.8156994622051386,351,0.0196706821055103,0.5897435897435898,1.912451864267002,D58320,False,-0.0284178187403995,True,no_line_overheat_0.45_0.2_0.03
tp15%_D+S_same_close,D+S,same_close,828,2023,D,512980,传媒ETF,2023-07-03,2023-07-04,2023-07-31,2023-07-31,0.831,-0.041522491349481,-0.041522491349481,original,19,priority_CSD_g40_t060_r040_noskip,conservative_tp_center15_profit_first,59.063208616780045,0.4318597223755797,0.4648153187354747,0.3085789871504157,0.0193798449612403,-0.0438066465256797,0.4137931034482758,0.0,-0.088086642599278,3,0.1848909565489587,1.0,,243,0.023872968383856,0.6502057613168725,2.774358685738368,17,-0.068191789250563,0.1764705882352941,0.3236257057869673,351,0.0196706821055103,0.5897435897435898,1.912451864267002,D58320,False,-0.041522491349481,True,no_line_overheat_0.45_0.2_0.03
tp15%_D+S_same_close,D+S,same_close,829,2023,D,159666,交通运输ETF,2023-07-04,2023-07-05,2023-07-31,2023-07-31,0.986,0.0422832980972516,0.0422832980972516,original,18,priority_CSD_g40_t060_r040_noskip,conservative_tp_center15_profit_first,55.76166606993675,0.3756904845451332,0.452761603140298,0.3324263038548752,0.0,-0.0490981963927855,0.4137931034482758,0.0,-0.0920283164050477,0,,,,242,0.0241027358946602,0.6528925619834711,2.8015485774665123,0,,,,351,0.0196706821055103,0.5897435897435898,1.912451864267002,D58320,False,0.0422832980972516,True,no_line_overheat_0.45_0.2_0.03
tp15%_D+S_same_close,D+S,same_close,830,2023,D,512980,传媒ETF,2023-07-05,2023-07-06,2023-07-31,2023-07-31,0.831,-0.0325960419091967,-0.0325960419091967,original,17,priority_CSD_g40_t060_r040_noskip,conservative_tp_center15_profit_first,63.35789871504157,0.3717823567023368,0.4941250712088182,0.4258881330309902,0.0042462845010615,-0.0504201680672268,0.5172413793103449,0.0689655172413793,-0.0996948118006103,3,0.1848909565489587,1.0,,241,0.0244192365126608,0.6556016597510373,2.847433635997912,17,-0.068191789250563,0.1764705882352941,0.3236257057869673,351,0.0196706821055103,0.5897435897435898,1.912451864267002,D58320,False,-0.0325960419091967,True,no_line_overheat_0.45_0.2_0.03
tp15%_D+S_same_close,D+S,same_close,831,2023,D,159666,交通运输ETF,2023-07-06,2023-07-07,2023-07-31,2023-07-31,0.986,0.0389884088514225,0.0389884088514225,original,16,priority_CSD_g40_t060_r040_noskip,conservative_tp_center15_profit_first,61.64923700637986,0.3658078199949948,0.5008566798001697,0.4063114134542707,0.0064102564102563,-0.0617529880478088,0.5862068965517241,0.0,-0.101956745623069,0,,,,240,0.0243002327795872,0.6541666666666667,2.830802084596046,0,,,,351,0.0196706821055103,0.5897435897435898,1.912451864267002,D58320,False,0.0389884088514225,True,no_line_overheat_0.45_0.2_0.03
tp15%_D+S_same_close,D+S,same_close,832,2023,D,512720,计算机ETF,2023-07-07,2023-07-10,2023-07-31,2023-07-31,1.265,-0.0055031446540881,-0.0055031446540881,original,15,priority_CSD_g40_t060_r040_noskip,conservative_tp_center15_profit_first,63.947467876039305,0.3622228680507037,0.4884181411367165,0.4403250188964475,0.0104321907600595,-0.0621707060063223,0.5172413793103449,0.0344827586206896,-0.1130952380952381,12,0.1181275245740609,1.0,,239,0.0248668074402177,0.6569037656903766,2.933109103745485,27,0.0406905069114383,0.5185185185185185,3.8156994622051386,351,0.0196706821055103,0.5897435897435898,1.912451864267002,D58320,False,-0.0055031446540881,True,no_line_overheat_0.45_0.2_0.03
tp15%_D+S_same_close,D+S,same_close,833,2023,D,512720,计算机ETF,2023-07-10,2023-07-11,2023-07-31,2023-07-31,1.265,-0.0155642023346304,-0.0155642023346304,original,14,priority_CSD_g40_t060_r040_noskip,conservative_tp_center15_profit_first,59.24650415721844,0.3810193975334059,0.4414733255022215,0.411451247165533,0.0105263157894737,-0.0543981481481482,0.5172413793103449,0.0,-0.0981432360742704,12,0.1181275245740609,1.0,,238,0.0248844215624256,0.6554621848739496,2.9263843478650644,27,0.0406905069114383,0.5185185185185185,3.8156994622051386,351,0.0196706821055103,0.5897435897435898,1.912451864267002,D58320,False,-0.0155642023346304,True,no_line_overheat_0.45_0.2_0.03
tp15%_D+S_same_close,D+S,same_close,834,2023,D,512980,传媒ETF,2023-07-11,2023-07-12,2023-07-31,2023-07-31,0.831,-0.0059808612440191,-0.0059808612440191,original,13,priority_CSD_g40_t060_r040_noskip,conservative_tp_center15_profit_first,59.16713907785336,0.388872089427877,0.4300269950164623,0.3807634164777022,0.0088888888888889,-0.0546995377503851,0.4827586206896552,0.0344827586206896,-0.0903659447348768,3,0.1848909565489587,1.0,,237,0.0252216535508052,0.6582278481012658,2.979728908073343,17,-0.068191789250563,0.1764705882352941,0.3236257057869673,351,0.0196706821055103,0.5897435897435898,1.912451864267002,D58320,False,-0.0059808612440191,True,no_line_overheat_0.45_0.2_0.03
tp15%_D+S_same_close,D+S,same_close,835,2023,D,512720,计算机ETF,2023-07-12,2023-07-13,2023-07-31,2023-07-31,1.265,0.0039682539682539,0.0039682539682539,original,12,priority_CSD_g40_t060_r040_noskip,conservative_tp_center15_profit_first,66.65391156462586,0.3590354223942425,0.4411509676519861,0.4339380196523054,0.0066603235014273,-0.0700073691967575,0.5517241379310345,0.0344827586206896,-0.0929411764705882,12,0.1181275245740609,1.0,,236,0.0252059914453096,0.6567796610169492,2.970151439594165,27,0.0406905069114383,0.5185185185185185,3.8156994622051386,351,0.0196706821055103,0.5897435897435898,1.912451864267002,D58320,False,0.0039682539682539,True,no_line_overheat_0.45_0.2_0.03
tp15%_D+S_same_close,D+S,same_close,836,2023,D,512720,计算机ETF,2023-07-13,2023-07-14,2023-07-31,2023-07-31,1.265,-0.0140296180826188,-0.0140296180826188,original,11,priority_CSD_g40_t060_r040_noskip,conservative_tp_center15_profit_first,54.86347316704459,0.4364788918096853,0.4062500677706967,0.3165154950869236,0.0107438016528926,-0.0570547417116421,0.3448275862068966,0.0344827586206896,-0.0813835198372329,12,0.1181275245740609,1.0,,235,0.0251635267910974,0.6553191489361702,2.9584982808137665,27,0.0406905069114383,0.5185185185185185,3.8156994622051386,351,0.0196706821055103,0.5897435897435898,1.912451864267002,D58320,False,-0.0140296180826188,True,no_line_overheat_0.45_0.2_0.03
tp15%_D+S_same_close,D+S,same_close,837,2023,D,159766,旅游ETF,2023-07-14,2023-07-17,2023-07-31,2023-07-31,0.961,0.0677777777777777,0.0677777777777777,original,10,priority_CSD_g40_t060_r040_noskip,conservative_tp_center15_profit_first,55.68807719403242,0.3892435635557899,0.4510683441959534,0.3437263794406652,0.0115452930728243,-0.0602255253716044,0.4827586206896552,0.0344827586206896,-0.0834181078331637,8,0.0301748527191541,0.625,2.79133265168405,234,0.0250452931932848,0.6538461538461539,2.941001184412611,25,0.0594493594048952,0.76,7.633617251442251,351,0.0196706821055103,0.5897435897435898,1.912451864267002,D58320,False,0.0677777777777777,True,no_line_overheat_0.45_0.2_0.03
tp15%_D+S_same_close,D+S,same_close,838,2023,D,512980,传媒ETF,2023-07-17,2023-07-18,2023-07-31,2023-07-31,0.831,-0.0177304964539006,-0.0177304964539006,original,9,priority_CSD_g40_t060_r040_noskip,conservative_tp_center15_profit_first,61.35156840513983,0.3377984864022891,0.4213847408397986,0.3808012093726379,-0.0066518847006652,-0.0759493670886075,0.4482758620689655,0.0344827586206896,-0.0843336411203447,3,0.1848909565489587,1.0,,233,0.0248825564131574,0.6523605150214592,2.9201481634371604,17,-0.068191789250563,0.1764705882352941,0.3236257057869673,351,0.0196706821055103,0.5897435897435898,1.912451864267002,D58320,False,-0.0177304964539006,True,no_line_overheat_0.45_0.2_0.03
tp15%_D+S_same_close,D+S,same_close,839,2023,D,512980,传媒ETF,2023-07-18,2023-07-19,2023-07-31,2023-07-31,0.831,-0.0303383897316219,-0.0303383897316219,original,8,priority_CSD_g40_t060_r040_noskip,conservative_tp_center15_profit_first,61.81925547996977,0.3248988431345225,0.4267071767466074,0.3921390778533636,-0.0130321459600348,-0.0757266700662927,0.4827586206896552,0.0689655172413793,-0.0854788877445931,3,0.1848909565489587,1.0,,232,0.0246096019789731,0.6508620689655172,2.89093411635538,17,-0.068191789250563,0.1764705882352941,0.3236257057869673,351,0.0196706821055103,0.5897435897435898,1.912451864267002,D58320,False,-0.0303383897316219,True,no_line_overheat_0.45_0.2_0.03
tp15%_D+S_same_close,D+S,same_close,840,2023,D,512720,计算机ETF,2023-07-19,2023-07-20,2023-08-01,2023-08-01,1.26,0.0277324632952691,0.0277324632952691,original,8,priority_CSD_g40_t060_r040_noskip,conservative_tp_center15_profit_first,56.30432728647015,0.3225780082495283,0.4321420790366596,0.3631897203325775,-0.016175071360609,-0.0710059171597632,0.4827586206896552,0.0689655172413793,-0.0804289544235924,12,0.1181275245740609,1.0,,231,0.024538338660391,0.6493506493506493,2.877331462966981,27,0.0406905069114383,0.5185185185185185,3.8156994622051386,351,0.0196706821055103,0.5897435897435898,1.912451864267002,D58320,False,0.0277324632952691,True,no_line_overheat_0.45_0.2_0.03
tp15%_D+S_same_close,D+S,same_close,841,2023,D,512720,计算机ETF,2023-07-20,2023-07-21,2023-08-04,2023-08-04,1.299,0.0691358024691357,0.0691358024691357,original,10,priority_CSD_g40_t060_r040_noskip,conservative_tp_center15_profit_first,68.67866591080876,0.298356503564531,0.4010868813008417,0.4526077097505669,-0.0256723716381417,-0.0644391408114557,0.5517241379310345,0.0689655172413793,-0.0763226366001735,12,0.1181275245740609,1.0,,230,0.0246298115999811,0.6478260869565218,2.876172425210125,27,0.0406905069114383,0.5185185185185185,3.8156994622051386,351,0.0196706821055103,0.5897435897435898,1.912451864267002,D58320,False,0.0691358024691357,True,no_line_overheat_0.45_0.2_0.03
tp15%_D+S_same_close,D+S,same_close,842,2023,D,512720,计算机ETF,2023-07-21,2023-07-24,2023-08-04,2023-08-04,1.299,0.0612745098039215,0.0612745098039215,original,9,priority_CSD_g40_t060_r040_noskip,conservative_tp_center15_profit_first,62.64928193499623,0.3382925469623822,0.4038639433816967,0.4249433106575965,-0.0069390902081726,-0.0490867579908675,0.5517241379310345,0.0689655172413793,-0.0748709122203098,12,0.1181275245740609,1.0,,229,0.0247065860691959,0.6462882096069869,2.8738380108381643,27,0.0406905069114383,0.5185185185185185,3.8156994622051386,351,0.0196706821055103,0.5897435897435898,1.912451864267002,D58320,False,0.0612745098039215,True,no_line_overheat_0.45_0.2_0.03
tp15%_D+S_same_close,D+S,same_close,843,2023,S,162411,华宝油气LOF,2023-07-24,2023-07-25,2023-08-08,2023-08-08,0.786,0.0369393139841689,0.0369393139841689,original,10,priority_CSD_g40_t060_r040_noskip,conservative_tp_center15_profit_first,0.8674999999999999,0.3558869473908096,0.3965551938346709,0.4330309901738474,0.0138696255201109,-0.0516759776536311,0.5172413793103449,0.0344827586206896,-0.0767423649177759,1,-0.0186513629842179,0.0,,122,0.0070591687117336,0.4836065573770491,1.3138300200585709,1,-0.0186513629842179,0.0,,122,0.0070591687117336,0.4836065573770491,1.3138300200585709,S04374,True,0.0369393139841689,True,no_line_overheat_0.45_0.2_0.03
tp15%_D+S_same_close,D+S,same_close,844,2023,S,501018,南方原油LOF,2023-07-25,2023-07-26,2023-08-09,2023-08-09,1.266,0.0445544554455445,0.0445544554455445,original,10,priority_CSD_g40_t060_r040_noskip,conservative_tp_center15_profit_first,0.878095238095238,0.5724958837809208,0.3523725975366715,0.3127739984882842,0.0222469410456063,-0.0124309392265193,0.3793103448275862,0.0,-0.0564102564102563,0,,,,123,0.0069644488992176,0.4796747967479675,1.3116355160180604,0,,,,123,0.0069644488992176,0.4796747967479675,1.3116355160180604,S04374,True,0.0445544554455445,True,no_line_overheat_0.45_0.2_0.03
tp15%_D+S_same_close,D+S,same_close,845,2023,S,501018,南方原油LOF,2023-07-26,2023-07-27,2023-08-10,2023-08-10,1.284,0.0576606260296541,0.0576606260296541,original,10,priority_CSD_g40_t060_r040_noskip,conservative_tp_center15_profit_first,0.875,0.5449644824976915,0.3537085124981999,0.3322751322751323,0.0222602739726027,-0.0168539325842697,0.3793103448275862,0.0,-0.0576725025746652,0,,,,124,0.0069488091954186,0.4838709677419355,1.3134636246649536,0,,,,124,0.0069488091954186,0.4838709677419355,1.3134636246649536,S04374,True,0.0576606260296541,True,no_line_overheat_0.45_0.2_0.03
tp15%_D+S_same_close,D+S,same_close,846,2023,S,501018,南方原油LOF,2023-07-27,2023-07-28,2023-08-11,2023-08-11,1.275,0.0450819672131146,0.0450819672131146,original,10,priority_CSD_g40_t060_r040_noskip,conservative_tp_center15_profit_first,0.8899999999999999,0.5427643234308026,0.3694781315480548,0.3523809523809524,0.0248550124275062,-0.0238429172510519,0.3793103448275862,0.0344827586206896,-0.0615384615384614,0,,,,125,0.0067760026046391,0.48,1.3064995776052974,0,,,,125,0.0067760026046391,0.48,1.3064995776052974,S04374,True,0.0450819672131146,True,no_line_overheat_0.45_0.2_0.03
tp15%_D+S_same_close,D+S,same_close,847,2023,S,501018,南方原油LOF,2023-07-28,2023-07-31,2023-08-14,2023-08-14,1.277,0.0424489795918365,0.0424489795918365,original,10,priority_CSD_g40_t060_r040_noskip,conservative_tp_center15_profit_first,0.8565217391304347,0.5798134380320241,0.3587030365979254,0.2174981103552532,0.0248075278015396,-0.0212418300653595,0.2758620689655172,0.0344827586206896,-0.0501692828562635,0,,,,126,0.007036649300942,0.4841269841269841,1.320835750168527,0,,,,126,0.007036649300942,0.4841269841269841,1.320835750168527,S04374,True,0.0424489795918365,True,no_line_overheat_0.45_0.2_0.03
tp15%_D+S_same_close,D+S,same_close,848,2023,S,501018,南方原油LOF,2023-07-31,2023-08-01,2023-08-15,2023-08-15,1.278,0.0248596631916599,0.0248596631916599,original,10,priority_CSD_g40_t060_r040_noskip,conservative_tp_center15_profit_first,0.8558333333333333,0.5827170386667397,0.3484821955998525,0.2285336356764928,0.0159574468085106,-0.0128068303094983,0.2413793103448276,0.0,-0.0440135426285011,0,,,,127,0.0068329196305643,0.4803149606299212,1.3118932905825025,0,,,,127,0.0068329196305643,0.4803149606299212,1.3118932905825025,S04374,True,0.0248596631916599,True,no_line_overheat_0.45_0.2_0.03
tp15%_D+S_same_close,D+S,same_close,849,2023,S,501018,南方原油LOF,2023-08-01,2023-08-02,2023-08-16,2023-08-16,1.25,-0.0063593004769475,-0.0063593004769475,original,10,priority_CSD_g40_t060_r040_noskip,conservative_tp_center15_profit_first,0.8727272727272728,0.5709784388347012,0.3008695430838554,0.3305744520030235,0.0060422960725075,-0.0046132971506105,0.2413793103448276,0.0,-0.0389743589743588,0,,,,128,0.0067405074709297,0.4765625,1.309541906128805,0,,,,128,0.0067405074709297,0.4765625,1.309541906128805,S04374,True,-0.0063593004769475,True,no_line_overheat_0.45_0.2_0.03
tp15%_D+S_same_close,D+S,same_close,850,2023,S,501018,南方原油LOF,2023-08-02,2023-08-03,2023-08-17,2023-08-17,1.239,0.0130825838103025,0.0130825838103025,original,10,priority_CSD_g40_t060_r040_noskip,conservative_tp_center15_profit_first,0.8652173913043477,0.5209574567412835,0.3158440593979086,0.3471277399848829,-0.0013698630136985,-0.0270513976555455,0.3103448275862069,0.0,-0.0436001245717844,0,,,,129,0.0063524067029353,0.4728682170542636,1.289498514609719,0,,,,129,0.0063524067029353,0.4728682170542636,1.289498514609719,S04374,True,0.0130825838103025,True,no_line_overheat_0.45_0.2_0.03
tp15%_D+S_same_close,D+S,same_close,851,2023,S,512880,证券ETF,2023-08-03,2023-08-04,2023-08-18,2023-08-18,1.021,-0.039510818438382,-0.039510818438382,original,10,priority_CSD_g40_t060_r040_noskip,conservative_tp_center15_profit_first,0.88,0.5701485144913248,0.2729167253032709,0.222713529856387,0.0152905198776758,-0.0125523012552301,0.2413793103448276,0.0,-0.0252525252525253,1,-0.0272251308900522,0.0,,130,0.0068539286170406,0.4769230769230769,1.3147757471189434,1,-0.0272251308900522,0.0,,130,0.0068539286170406,0.4769230769230769,1.3147757471189434,S04374,True,-0.039510818438382,True,no_line_overheat_0.45_0.2_0.03
tp15%_D+S_same_close,D+S,same_close,852,2023,S,512880,证券ETF,2023-08-04,2023-08-07,2023-08-21,2023-08-21,0.985,-0.075984990619137,-0.075984990619137,original,10,priority_CSD_g40_t060_r040_noskip,conservative_tp_center15_profit_first,0.8703703703703703,0.6075916805308628,0.2572854257983976,0.2290249433106576,0.0242360379346679,-0.0044444444444443,0.2413793103448276,0.0,-0.0248138957816377,1,-0.0272251308900522,0.0,,131,0.0071036195277986,0.4809160305343511,1.3287526953747908,1,-0.0272251308900522,0.0,,131,0.0071036195277986,0.4809160305343511,1.3287526953747908,S04374,True,-0.075984990619137,True,no_line_overheat_0.45_0.2_0.03
tp15%_D+S_same_close,D+S,same_close,853,2023,S,162411,华宝油气LOF,2023-08-07,2023-08-08,2023-08-22,2023-08-22,0.815,0.0368956743002544,0.0368956743002544,original,10,priority_CSD_g40_t060_r040_noskip,conservative_tp_center15_profit_first,0.8837037037037038,0.5954139047049868,0.2503760993865412,0.3627739984882842,0.0132391879964695,-0.0063694267515922,0.3103448275862069,0.0,-0.0330459770114941,4,0.0268302512827943,0.75,6.754056967417803,132,0.0074042848635748,0.4848484848484848,1.34528314934417,4,0.0268302512827943,0.75,6.754056967417803,132,0.0074042848635748,0.4848484848484848,1.34528314934417,S04374,True,0.0368956743002544,True,no_line_overheat_0.45_0.2_0.03
tp15%_D+S_same_close,D+S,same_close,854,2023,S,512880,证券ETF,2023-08-08,2023-08-09,2023-08-23,2023-08-23,0.977,-0.0721747388414054,-0.0721747388414054,original,10,priority_CSD_g40_t060_r040_noskip,conservative_tp_center15_profit_first,0.8912,0.5591034482537807,0.2563621782401848,0.3667044595616025,0.0017497812773403,-0.0074547390841319,0.2758620689655172,0.0,-0.0397082658022689,1,-0.0272251308900522,0.0,,133,0.0078009475924764,0.4887218045112781,1.366536590161943,1,-0.0272251308900522,0.0,,133,0.0078009475924764,0.4887218045112781,1.366536590161943,S04374,True,-0.0721747388414054,True,no_line_overheat_0.45_0.2_0.03
tp15%_D+S_same_close,D+S,same_close,855,2023,S,512880,证券ETF,2023-08-09,2023-08-10,2023-08-24,2023-08-24,0.992,-0.0763500931098697,-0.0763500931098697,original,10,priority_CSD_g40_t060_r040_noskip,conservative_tp_center15_profit_first,0.8921739130434783,0.5197273527190375,0.2853898711261484,0.3999622071050643,0.0064850843060959,-0.0217222653219549,0.3448275862068966,0.0,-0.0431034482758619,1,-0.0272251308900522,0.0,,134,0.0080183980879368,0.4925373134328358,1.3795864894433103,1,-0.0272251308900522,0.0,,134,0.0080183980879368,0.4925373134328358,1.3795864894433103,S04374,True,-0.0763500931098697,True,no_line_overheat_0.45_0.2_0.03
tp15%_D+S_same_close,D+S,same_close,856,2023,S,512880,证券ETF,2023-08-10,2023-08-11,2023-08-25,2023-08-25,0.998,-0.0282375851996103,-0.0282375851996103,original,10,priority_CSD_g40_t060_r040_noskip,conservative_tp_center15_profit_first,0.8905263157894737,0.5267529226153331,0.2488236064454221,0.3223356009070295,-0.0037037037037036,-0.0055379746835444,0.2758620689655172,0.0,-0.0357967667436489,1,-0.0272251308900522,0.0,,135,0.008289035549845,0.4962962962962963,1.3953266614548887,1,-0.0272251308900522,0.0,,135,0.008289035549845,0.4962962962962963,1.3953266614548887,S04374,True,-0.0282375851996103,True,no_line_overheat_0.45_0.2_0.03
tp15%_D+S_same_close,D+S,same_close,857,2023,S,162411,华宝油气LOF,2023-08-11,2023-08-14,2023-08-28,2023-08-28,0.807,-0.0110294117647057,-0.0110294117647057,original,10,priority_CSD_g40_t060_r040_noskip,conservative_tp_center15_profit_first,0.8826666666666667,0.4092610634563239,0.2997023282227907,0.5028722600151173,-0.0186567164179104,-0.0230295167045087,0.4827586206896552,0.0344827586206896,-0.0515683147262094,6,0.0340701244871388,0.8333333333333334,11.960096969632003,136,0.0086520619504318,0.5,1.4156969737598235,6,0.0340701244871388,0.8333333333333334,11.960096969632003,136,0.0086520619504318,0.5,1.4156969737598235,S04374,True,-0.0110294117647057,True,no_line_overheat_0.45_0.2_0.03
tp15%_D+S_same_close,D+S,same_close,858,2023,S,162411,华宝油气LOF,2023-08-14,2023-08-15,2023-08-29,2023-08-29,0.803,-0.0195360195360194,-0.0195360195360194,original,10,priority_CSD_g40_t060_r040_noskip,conservative_tp_center15_profit_first,0.92125,0.4138398715287844,0.3248948791528721,0.4431972789115647,-0.0151085930122757,-0.0254777070063693,0.4827586206896552,0.0344827586206896,-0.0571184995737424,6,0.0340701244871388,0.8333333333333334,11.960096969632003,137,0.0089179736676777,0.5036496350364964,1.431623504820719,6,0.0340701244871388,0.8333333333333334,11.960096969632003,137,0.0089179736676777,0.5036496350364964,1.431623504820719,S04374,True,-0.0195360195360194,True,no_line_overheat_0.45_0.2_0.03
tp15%_D+S_same_close,D+S,same_close,859,2023,S,162411,华宝油气LOF,2023-08-15,2023-08-16,2023-08-30,2023-08-30,0.815,0.0264483627204028,0.0264483627204028,original,10,priority_CSD_g40_t060_r040_noskip,conservative_tp_center15_profit_first,0.8814285714285713,0.3879150855574302,0.3595652613532305,0.4842781557067271,-0.0144927536231882,-0.0183189655172414,0.4827586206896552,0.1379310344827586,-0.05973715651135,6,0.0340701244871388,0.8333333333333334,11.960096969632003,138,0.009160951971476,0.5072463768115942,1.4466198555517504,6,0.0340701244871388,0.8333333333333334,11.960096969632003,138,0.009160951971476,0.5072463768115942,1.4466198555517504,S04374,True,0.0264483627204028,True,no_line_overheat_0.45_0.2_0.03
tp15%_D+S_same_close,D+S,same_close,860,2023,S,512880,证券ETF,2023-08-16,2023-08-17,2023-08-31,2023-08-31,0.968,-0.0674373795761079,-0.0674373795761079,original,10,priority_CSD_g40_t060_r040_noskip,conservative_tp_center15_profit_first,0.8646153846153846,0.3356316626475571,0.3732061433500008,0.5285336356764929,-0.0281797410510281,-0.0323651452282158,0.5517241379310345,0.1379310344827586,-0.0603448275862067,1,-0.0272251308900522,0.0,,139,0.0092738923399665,0.5107913669064749,1.4554022628525172,1,-0.0272251308900522,0.0,,139,0.0092738923399665,0.5107913669064749,1.4554022628525172,S04374,True,-0.0674373795761079,True,no_line_overheat_0.45_0.2_0.03
tp15%_D+S_same_close,D+S,same_close,861,2023,S,512880,证券ETF,2023-08-17,2023-08-18,2023-09-01,2023-09-01,0.969,-0.0509304603330067,-0.0509304603330067,original,10,priority_CSD_g40_t060_r040_noskip,conservative_tp_center15_profit_first,0.8876923076923076,0.379734977165105,0.3128879610858726,0.4796296296296297,-0.0186005314437555,-0.0182992465016146,0.4827586206896552,0.0,-0.0541284403669726,1,-0.0272251308900522,0.0,,140,0.0091622266769885,0.5071428571428571,1.452139870954657,1,-0.0272251308900522,0.0,,140,0.0091622266769885,0.5071428571428571,1.452139870954657,S04374,True,-0.0509304603330067,True,no_line_overheat_0.45_0.2_0.03
tp15%_D+S_same_close,D+S,same_close,862,2023,S,512880,证券ETF,2023-08-18,2023-08-21,2023-09-04,2023-09-04,0.976,-0.0091370558375634,-0.0091370558375634,original,10,priority_CSD_g40_t060_r040_noskip,conservative_tp_center15_profit_first,0.8727272727272728,0.3380380902679294,0.3650762969424675,0.6125472411186696,-0.028116213683224,-0.0187845303867403,0.5172413793103449,0.0,-0.0733162830349531,1,-0.0272251308900522,0.0,,141,0.0091900306282886,0.5106382978723404,1.4567513184025631,1,-0.0272251308900522,0.0,,141,0.0091900306282886,0.5106382978723404,1.4567513184025631,S04374,True,-0.0091370558375634,True,no_line_overheat_0.45_0.2_0.03
tp15%_D+S_same_close,D+S,same_close,863,2023,D,159663,机床ETF,2023-08-21,2023-08-22,2023-11-16,2023-11-16,0.4842969885773624,0.0053134962805527,0.0053134962805527,original,56,priority_CSD_g40_t060_r040_noskip,conservative_tp_center15_profit_first,76.47620788264373,0.2963642656692268,0.4348823364157307,0.661148904006047,-0.0340807174887892,-0.0265878877400295,0.6551724137931034,0.1379310344827586,-0.0824372759856629,23,0.0667372951986948,0.9130434782608696,30.25357466134339,241,0.025959563478345,0.6597510373443983,2.999026803459687,23,0.0667372951986948,0.9130434782608696,30.25357466134339,384,0.0196602698841425,0.5911458333333334,1.951332117734582,D58320,False,0.0053134962805527,True,no_line_overheat_0.45_0.2_0.03
tp15%_D+S_same_close,D+S,same_close,864,2023,D,512980,传媒ETF,2023-08-22,2023-08-23,2023-11-16,2023-11-16,0.779,-0.0188916876574307,-0.0188916876574307,original,55,priority_CSD_g40_t060_r040_noskip,conservative_tp_center15_profit_first,66.34589947089947,0.2995709191294681,0.4108395572641343,0.5785714285714286,-0.0470479704797049,-0.025297619047619,0.5517241379310345,0.1034482758620689,-0.0813464235624122,10,0.0464388979574639,0.4,4.590009229933988,240,0.0260298150716977,0.6583333333333333,2.9961193920062943,24,-0.0520643461388254,0.1666666666666666,0.3221116380157764,384,0.0196602698841425,0.5911458333333334,1.951332117734582,D58320,False,-0.0188916876574307,True,no_line_overheat_0.45_0.2_0.03
tp15%_D+S_same_close,D+S,same_close,865,2023,D,512720,计算机ETF,2023-08-23,2023-08-24,2023-11-16,2023-11-16,1.062,-0.0667838312829524,-0.0667838312829524,original,54,priority_CSD_g40_t060_r040_noskip,conservative_tp_center15_profit_first,78.9337679516251,0.2476745171163988,0.5109831185100947,0.676228269085412,-0.0613382899628253,-0.034736842105263,0.7586206896551724,0.2068965517241379,-0.096774193548387,23,0.0582657482835216,0.6956521739130435,6.5947779736551775,239,0.0261537366575466,0.6610878661087866,2.999557713925356,38,0.0268743579537131,0.4736842105263157,2.621728947040431,384,0.0196602698841425,0.5911458333333334,1.951332117734582,D58320,False,-0.0667838312829524,True,no_line_overheat_0.45_0.2_0.03
tp15%_D+S_same_close,D+S,same_close,866,2023,D,516970,基建ETF,2023-08-24,2023-08-25,2023-11-16,2023-11-16,1.032,-0.0923482849604221,-0.0923482849604221,original,53,priority_CSD_g40_t060_r040_noskip,conservative_tp_center15_profit_first,73.30825736021889,0.2355952719524746,0.4846802584960002,0.6260770975056689,-0.0536028119507908,-0.0338266384778012,0.7931034482758621,0.1379310344827586,-0.094384707287933,10,0.0382436665784496,1.0,,238,0.0261202748491378,0.6596638655462185,2.9886437787835614,10,0.0382436665784496,1.0,,384,0.0196602698841425,0.5911458333333334,1.951332117734582,D58320,False,-0.0923482849604221,True,no_line_overheat_0.45_0.2_0.03
tp15%_D+S_same_close,D+S,same_close,867,2023,D,512720,计算机ETF,2023-08-25,2023-08-28,2023-11-16,2023-11-16,1.062,-0.042380522993688,-0.042380522993688,original,52,priority_CSD_g40_t060_r040_noskip,conservative_tp_center15_profit_first,78.37632275132276,0.2018483112277624,0.580970705074546,0.6531746031746032,-0.0718954248366012,-0.0583090379008746,0.7931034482758621,0.4482758620689655,-0.0944954128440367,23,0.0582657482835216,0.6956521739130435,6.5947779736551775,237,0.026090174081541,0.6582278481012658,2.978006066588675,38,0.0268743579537131,0.4736842105263157,2.621728947040431,384,0.0196602698841425,0.5911458333333334,1.951332117734582,D58320,False,-0.042380522993688,True,no_line_overheat_0.45_0.2_0.03
tp15%_D+S_same_close,D+S,same_close,868,2023,D,512720,计算机ETF,2023-08-28,2023-08-29,2023-11-16,2023-11-16,1.062,-0.0773240660295394,-0.0773240660295394,original,51,priority_CSD_g40_t060_r040_noskip,conservative_tp_center15_profit_first,66.73044217687075,0.2430061711115865,0.5630598748709366,0.571050642479214,-0.0695732838589983,-0.0536912751677851,0.6896551724137931,0.3793103448275862,-0.089908256880734,23,0.0582657482835216,0.6956521739130435,6.5947779736551775,236,0.0260558184072782,0.6567796610169492,2.9670663910338115,38,0.0268743579537131,0.4736842105263157,2.621728947040431,384,0.0196602698841425,0.5911458333333334,1.951332117734582,D58320,False,-0.0773240660295394,True,no_line_overheat_0.45_0.2_0.03
tp15%_D+S_same_close,D+S,same_close,869,2023,D,159663,机床ETF,2023-08-29,2023-08-30,2023-11-16,2023-11-16,0.4842969885773624,-0.0145833333333331,-0.0145833333333331,original,50,priority_CSD_g40_t060_r040_noskip,conservative_tp_center15_profit_first,67.34835283054039,0.2863725576143748,0.4934384252872777,0.5611489040060469,-0.0522945570971185,-0.0308370044052863,0.6206896551724138,0.1724137931034483,-0.0756013745704466,23,0.0667372951986948,0.9130434782608696,30.25357466134339,235,0.0261269712977424,0.6553191489361702,2.9640802421196275,23,0.0667372951986948,0.9130434782608696,30.25357466134339,384,0.0196602698841425,0.5911458333333334,1.951332117734582,D58320,False,-0.0145833333333331,True,no_line_overheat_0.45_0.2_0.03
tp15%_D+S_same_close,D+S,same_close,870,2023,D,516970,基建ETF,2023-08-30,2023-08-31,2023-11-16,2023-11-16,1.032,-0.0994764397905758,-0.0994764397905758,original,49,priority_CSD_g40_t060_r040_noskip,conservative_tp_center15_profit_first,66.53731382048767,0.2730936821941895,0.5148960276465011,0.5424414210128496,-0.0481430536451169,-0.0271281571562206,0.5862068965517241,0.1034482758620689,-0.0810055865921788,10,0.0382436665784496,1.0,,234,0.026308938619887,0.6581196581196581,2.979763608615984,10,0.0382436665784496,1.0,,384,0.0196602698841425,0.5911458333333334,1.951332117734582,D58320,False,-0.0994764397905758,True,no_line_overheat_0.45_0.2_0.03
tp15%_D+S_same_close,D+S,same_close,871,2023,D,159663,机床ETF,2023-08-31,2023-09-01,2023-11-16,2023-11-16,0.4842969885773624,-0.0104602510460251,-0.0104602510460251,original,48,priority_CSD_g40_t060_r040_noskip,conservative_tp_center15_profit_first,66.93838763575607,0.2473858845464876,0.5315670292342415,0.5365079365079366,-0.0587431693989071,-0.0267857142857143,0.5862068965517241,0.2068965517241379,-0.0873015873015873,23,0.0667372951986948,0.9130434782608696,30.25357466134339,233,0.0263815061459257,0.6566523605150214,2.976740494238652,23,0.0667372951986948,0.9130434782608696,30.25357466134339,384,0.0196602698841425,0.5911458333333334,1.951332117734582,D58320,False,-0.0104602510460251,True,no_line_overheat_0.45_0.2_0.03
tp15%_D+S_same_close,D+S,same_close,872,2023,D,512980,传媒ETF,2023-09-01,2023-09-04,2023-11-16,2023-11-16,0.779,-0.0557575757575756,-0.0557575757575756,original,47,priority_CSD_g40_t060_r040_noskip,conservative_tp_center15_profit_first,61.42243008314438,0.3189524605676352,0.5434966156041303,0.4490173847316706,-0.0534653465346536,-0.0086705202312139,0.6206896551724138,0.2413793103448276,-0.0743338008415146,10,0.0464388979574639,0.4,4.590009229933988,232,0.0264137000105598,0.6551724137931034,2.9706585312714915,24,-0.0520643461388254,0.1666666666666666,0.3221116380157764,384,0.0196602698841425,0.5911458333333334,1.951332117734582,D58320,False,-0.0557575757575756,True,no_line_overheat_0.45_0.2_0.03
tp15%_D+S_same_close,D+S,same_close,873,2023,D,512720,计算机ETF,2023-09-04,2023-09-05,2023-11-16,2023-11-16,1.062,-0.0821089023336214,-0.0821089023336214,original,46,priority_CSD_g40_t060_r040_noskip,conservative_tp_center15_profit_first,53.44860166288738,0.3858417312973408,0.4878784036376686,0.3427815570672714,-0.0330330330330331,0.0026143790849673,0.4827586206896552,0.1379310344827586,-0.0715036803364879,23,0.0582657482835216,0.6956521739130435,6.5947779736551775,231,0.0265230054463029,0.6536796536796536,2.97028416131586,38,0.0268743579537131,0.4736842105263157,2.621728947040431,384,0.0196602698841425,0.5911458333333334,1.951332117734582,D58320,False,-0.0821089023336214,True,no_line_overheat_0.45_0.2_0.03
tp15%_D+S_same_close,D+S,same_close,874,2023,D,512980,传媒ETF,2023-09-05,2023-09-06,2023-11-16,2023-11-16,0.779,-0.020125786163522,-0.020125786163522,original,45,priority_CSD_g40_t060_r040_noskip,conservative_tp_center15_profit_first,62.44614512471655,0.3444475498420156,0.455521606867062,0.4030234315948602,-0.0421686746987952,-0.0113528855250709,0.4482758620689655,0.1724137931034483,-0.081242532855436,10,0.0464388979574639,0.4,4.590009229933988,230,0.026970737019108,0.6565217391304348,3.0451546828646587,24,-0.0520643461388254,0.1666666666666666,0.3221116380157764,384,0.0196602698841425,0.5911458333333334,1.951332117734582,D58320,False,-0.020125786163522,True,no_line_overheat_0.45_0.2_0.03
tp15%_D+S_same_close,D+S,same_close,875,2023,D,512980,传媒ETF,2023-09-06,2023-09-07,2023-11-16,2023-11-16,0.779,-0.0076433121019108,-0.0076433121019108,original,44,priority_CSD_g40_t060_r040_noskip,conservative_tp_center15_profit_first,61.19425547996977,0.3437360387452235,0.4458076888655114,0.394520030234316,-0.0373665480427046,-0.0085632730732634,0.4482758620689655,0.1724137931034483,-0.0759878419452887,10,0.0464388979574639,0.4,4.590009229933988,229,0.0269961481573181,0.6550218340611353,3.038181220594133,24,-0.0520643461388254,0.1666666666666666,0.3221116380157764,384,0.0196602698841425,0.5911458333333334,1.951332117734582,D58320,False,-0.0076433121019108,True,no_line_overheat_0.45_0.2_0.03
tp15%_D+S_same_close,D+S,same_close,876,2023,D,159663,机床ETF,2023-09-07,2023-09-08,2023-11-16,2023-11-16,0.4842969885773624,-0.0207039337474118,-0.0207039337474118,original,43,priority_CSD_g40_t060_r040_noskip,conservative_tp_center15_profit_first,71.09156816933908,0.2934014651292987,0.5011052663032237,0.5208238851095994,-0.0516014234875444,-0.0248447204968944,0.6206896551724138,0.2068965517241379,-0.0856079404466502,23,0.0667372951986948,0.9130434782608696,30.25357466134339,228,0.0269910040085147,0.6535087719298246,3.0288941839865946,23,0.0667372951986948,0.9130434782608696,30.25357466134339,384,0.0196602698841425,0.5911458333333334,1.951332117734582,D58320,False,-0.0207039337474118,True,no_line_overheat_0.45_0.2_0.03
tp15%_D+S_same_close,D+S,same_close,877,2023,D,512980,传媒ETF,2023-09-08,2023-09-11,2023-11-16,2023-11-16,0.779,-0.0025608194622279,-0.0025608194622279,original,42,priority_CSD_g40_t060_r040_noskip,conservative_tp_center15_profit_first,72.26757369614512,0.3061816327157185,0.4923919649655237,0.5154572940287226,-0.035171102661597,-0.0263736263736263,0.6551724137931034,0.1379310344827586,-0.088089330024814,10,0.0464388979574639,0.4,4.590009229933988,227,0.0273410623973287,0.6563876651982379,3.0822151676844984,24,-0.0520643461388254,0.1666666666666666,0.3221116380157764,384,0.0196602698841425,0.5911458333333334,1.951332117734582,D58320,False,-0.0025608194622279,True,no_line_overheat_0.45_0.2_0.03
tp15%_D+S_same_close,D+S,same_close,878,2023,D,512980,传媒ETF,2023-09-11,2023-09-12,2023-11-16,2023-11-16,0.779,0.0103761348897535,0.0103761348897535,original,41,priority_CSD_g40_t060_r040_noskip,conservative_tp_center15_profit_first,61.47439531368103,0.3339025576172946,0.4228701004358656,0.4652683295540438,-0.0284615384615385,-0.0335766423357664,0.5862068965517241,0.1034482758620689,-0.0770010131712258,10,0.0464388979574639,0.4,4.590009229933988,226,0.027311077509446,0.6548672566371682,3.0707689122158173,24,-0.0520643461388254,0.1666666666666666,0.3221116380157764,384,0.0196602698841425,0.5911458333333334,1.951332117734582,D58320,False,0.0103761348897535,True,no_line_overheat_0.45_0.2_0.03
tp15%_D+S_same_close,D+S,same_close,879,2023,D,512980,传媒ETF,2023-09-12,2023-09-13,2023-11-16,2023-11-16,0.779,0.0249999999999999,0.0249999999999999,original,40,priority_CSD_g40_t060_r040_noskip,conservative_tp_center15_profit_first,64.53703703703704,0.30997092042692,0.4174875997281507,0.4587301587301588,-0.0190597204574333,-0.04106463878327,0.5862068965517241,0.0,-0.077658303464755,10,0.0464388979574639,0.4,4.590009229933988,226,0.027311077509446,0.6548672566371682,3.0707689122158173,24,-0.0520643461388254,0.1666666666666666,0.3221116380157764,384,0.0196602698841425,0.5911458333333334,1.951332117734582,D58320,False,0.0249999999999999,True,no_line_overheat_0.45_0.2_0.03
tp15%_D+S_same_close,D+S,same_close,880,2023,D,159663,机床ETF,2023-09-13,2023-09-14,2023-11-16,2023-11-16,0.4842969885773624,-0.0031612223393043,-0.0031612223393043,original,39,priority_CSD_g40_t060_r040_noskip,conservative_tp_center15_profit_first,69.95395419967743,0.3054733299109723,0.4226405336786432,0.5106953892668179,-0.0207715133531157,-0.0422386483632523,0.6206896551724138,0.0344827586206896,-0.0810536980749746,23,0.0667372951986948,0.9130434782608696,30.25357466134339,225,0.0272765146570513,0.6533333333333333,3.058997203627338,23,0.0667372951986948,0.9130434782608696,30.25357466134339,384,0.0196602698841425,0.5911458333333334,1.951332117734582,D58320,False,-0.0031612223393043,True,no_line_overheat_0.45_0.2_0.03
tp15%_D+S_same_close,D+S,same_close,881,2023,D,512980,传媒ETF,2023-09-14,2023-09-15,2023-11-16,2023-11-16,0.779,0.0359042553191488,0.0359042553191488,original,38,priority_CSD_g40_t060_r040_noskip,conservative_tp_center15_profit_first,65.01984126984127,0.2910749262634222,0.4826187111986306,0.4756613756613758,-0.0254854368932038,-0.0477996965098636,0.6551724137931034,0.1034482758620689,-0.08363201911589,10,0.0464388979574639,0.4,4.590009229933988,224,0.0280250518165932,0.65625,3.21020393640886,24,-0.0520643461388254,0.1666666666666666,0.3221116380157764,384,0.0196602698841425,0.5911458333333334,1.951332117734582,D58320,False,0.0359042553191488,True,no_line_overheat_0.45_0.2_0.03
tp15%_D+S_same_close,D+S,same_close,882,2023,D,512720,计算机ETF,2023-09-15,2023-09-18,2023-11-16,2023-11-16,1.062,-0.0256880733944954,-0.0256880733944954,original,37,priority_CSD_g40_t060_r040_noskip,conservative_tp_center15_profit_first,65.13416477702194,0.3282849927889453,0.4577404590759194,0.4667044595616025,-0.011542497376705,-0.0377794911333846,0.6206896551724138,0.0689655172413793,-0.084826762246117,23,0.0582657482835216,0.6956521739130435,6.5947779736551775,223,0.0279753343326319,0.6547085201793722,3.1964334749787144,38,0.0268743579537131,0.4736842105263157,2.621728947040431,384,0.0196602698841425,0.5911458333333334,1.951332117734582,D58320,False,-0.0256880733944954,True,no_line_overheat_0.45_0.2_0.03
tp15%_D+S_same_close,D+S,same_close,883,2023,D,512720,计算机ETF,2023-09-18,2023-09-19,2023-11-16,2023-11-16,1.062,-0.0093283582089552,-0.0093283582089552,original,36,priority_CSD_g40_t060_r040_noskip,conservative_tp_center15_profit_first,62.12726757369615,0.3592445652346935,0.4432174538017473,0.4445956160241875,-0.003452243958573,-0.0235663786331499,0.6896551724137931,0.0,-0.0820668693009117,20,0.0514769691535009,0.65,5.298180568902764,140,0.0308254205597695,0.7214285714285714,5.213651664945259,38,0.0268743579537131,0.4736842105263157,2.621728947040431,384,0.0196602698841425,0.5911458333333334,1.951332117734582,D58320,False,-0.0093283582089552,True,no_line_overheat_0.45_0.2_0.03
tp15%_D+S_same_close,D+S,same_close,884,2023,D,512720,计算机ETF,2023-09-19,2023-09-20,2023-11-16,2023-11-16,1.062,-0.0056179775280899,-0.0056179775280899,original,35,priority_CSD_g40_t060_r040_noskip,conservative_tp_center15_profit_first,67.2415910808768,0.3195520402431694,0.4668165521202335,0.4880196523053666,-0.0100111234705227,-0.0500556173526141,0.6896551724137931,0.0689655172413793,-0.0857365549493374,20,0.0514769691535009,0.65,5.298180568902764,139,0.0308925435342801,0.7194244604316546,5.192663926534532,38,0.0268743579537131,0.4736842105263157,2.621728947040431,384,0.0196602698841425,0.5911458333333334,1.951332117734582,D58320,False,-0.0056179775280899,True,no_line_overheat_0.45_0.2_0.03
tp15%_D+S_same_close,D+S,same_close,885,2023,D,159663,机床ETF,2023-09-20,2023-09-21,2023-11-16,2023-11-16,0.4842969885773624,0.0215982721382288,0.0215982721382288,original,34,priority_CSD_g40_t060_r040_noskip,conservative_tp_center15_profit_first,67.32277017432523,0.3343633380461744,0.4588598054015892,0.4946334089191234,0.0,-0.0564102564102563,0.7241379310344828,0.0,-0.0886699507389161,23,0.0667372951986948,0.9130434782608696,30.25357466134339,138,0.0309798073180353,0.717391304347826,5.174258910676255,23,0.0667372951986948,0.9130434782608696,30.25357466134339,384,0.0196602698841425,0.5911458333333334,1.951332117734582,D58320,False,0.0215982721382288,True,no_line_overheat_0.45_0.2_0.03
tp15%_D+S_same_close,D+S,same_close,886,2023,D,159663,机床ETF,2023-09-21,2023-09-22,2023-11-16,2023-11-16,0.4842969885773624,-0.0145833333333331,-0.0145833333333331,original,33,priority_CSD_g40_t060_r040_noskip,conservative_tp_center15_profit_first,67.57851545397662,0.3009859823524332,0.4805506000081486,0.5270219198790628,-0.0093959731543624,-0.0590248075278014,0.7241379310344828,0.0344827586206896,-0.0985221674876846,23,0.0667372951986948,0.9130434782608696,30.25357466134339,137,0.0310184203698473,0.7153284671532847,5.149175728502511,23,0.0667372951986948,0.9130434782608696,30.25357466134339,384,0.0196602698841425,0.5911458333333334,1.951332117734582,D58320,False,-0.0145833333333331,True,no_line_overheat_0.45_0.2_0.03
tp15%_D+S_same_close,D+S,same_close,887,2023,D,159663,机床ETF,2023-09-22,2023-09-25,2023-11-16,2023-11-16,0.4842969885773624,-0.0166320166320165,-0.0166320166320165,original,32,priority_CSD_g40_t060_r040_noskip,conservative_tp_center15_profit_first,56.220879839585066,0.3830447505634529,0.4788426258880303,0.4132275132275131,0.0137987012987013,-0.0471281296023564,0.6551724137931034,0.0,-0.0903119868637108,23,0.0667372951986948,0.9130434782608696,30.25357466134339,137,0.0310184203698473,0.7153284671532847,5.149175728502511,23,0.0667372951986948,0.9130434782608696,30.25357466134339,384,0.0196602698841425,0.5911458333333334,1.951332117734582,D58320,False,-0.0166320166320165,True,no_line_overheat_0.45_0.2_0.03
tp15%_D+S_same_close,D+S,same_close,888,2023,D,512720,计算机ETF,2023-09-25,2023-09-26,2023-11-16,2023-11-16,1.062,0.0095057034220531,0.0095057034220531,original,31,priority_CSD_g40_t060_r040_noskip,conservative_tp_center15_profit_first,72.0587679516251,0.3112549854049461,0.4583599925362461,0.4907785336356765,-0.0039880358923228,-0.0600303951367781,0.6896551724137931,0.0,-0.0825688073394496,20,0.0514769691535009,0.65,5.298180568902764,137,0.0310184203698473,0.7153284671532847,5.149175728502511,38,0.0268743579537131,0.4736842105263157,2.621728947040431,384,0.0196602698841425,0.5911458333333334,1.951332117734582,D58320,False,0.0095057034220531,True,no_line_overheat_0.45_0.2_0.03
tp15%_D+S_same_close,D+S,same_close,889,2023,D,512720,计算机ETF,2023-09-26,2023-09-27,2023-11-16,2023-11-16,1.062,0.0085470085470087,0.0085470085470087,original,30,priority_CSD_g40_t060_r040_noskip,conservative_tp_center15_profit_first,62.87367724867725,0.2660607646270443,0.4930032728351583,0.4912698412698412,-0.02375296912114,-0.066079295154185,0.6896551724137931,0.1379310344827586,-0.0871327254305976,20,0.0514769691535009,0.65,5.298180568902764,134,0.0310340212024843,0.7089552238805971,5.060359012258469,38,0.0268743579537131,0.4736842105263157,2.621728947040431,384,0.0196602698841425,0.5911458333333334,1.951332117734582,D58320,False,0.0085470085470087,True,no_line_overheat_0.45_0.2_0.03
tp15%_D+S_same_close,D+S,same_close,890,2023,D,512720,计算机ETF,2023-09-27,2023-09-28,2023-11-16,2023-11-16,1.062,0.0066350710900475,0.0066350710900475,original,29,priority_CSD_g40_t060_r040_noskip,conservative_tp_center15_profit_first,58.16184807256235,0.2898766892012805,0.4967749450072191,0.4109221466364323,-0.0187861271676299,-0.0630699088145896,0.6551724137931034,0.1379310344827586,-0.0854885057471264,20,0.0514769691535009,0.65,5.298180568902764,133,0.0309751600142195,0.706766917293233,5.022414149943258,38,0.0268743579537131,0.4736842105263157,2.621728947040431,384,0.0196602698841425,0.5911458333333334,1.951332117734582,D58320,False,0.0066350710900475,True,no_line_overheat_0.45_0.2_0.03
tp15%_D+S_same_close,D+S,same_close,891,2023,D,512720,计算机ETF,2023-09-28,2023-10-09,2023-11-16,2023-11-16,1.062,-0.0009407337723422,-0.0009407337723422,original,28,priority_CSD_g40_t060_r040_noskip,conservative_tp_center15_profit_first,57.13766061980347,0.3098383811166502,0.4879253548055012,0.3930839002267573,-0.0124716553287982,-0.0550595238095238,0.6551724137931034,0.0344827586206896,-0.0893300248138958,20,0.0514769691535009,0.65,5.298180568902764,132,0.0309244810489674,0.7045454545454546,4.985638779273517,38,0.0268743579537131,0.4736842105263157,2.621728947040431,384,0.0196602698841425,0.5911458333333334,1.951332117734582,D58320,False,-0.0009407337723422,True,no_line_overheat_0.45_0.2_0.03
tp15%_D+S_same_close,D+S,same_close,892,2023,D,159766,旅游ETF,2023-10-09,2023-10-10,2023-11-16,2023-11-16,0.754,-0.0296010296010296,-0.0296010296010296,original,27,priority_CSD_g40_t060_r040_noskip,conservative_tp_center15_profit_first,65.13004529886365,0.2625525112557436,0.5039526613709102,0.4631897203325775,-0.0284974093264247,-0.0600571973307911,0.6551724137931034,0.1379310344827586,-0.0962512664640323,4,0.0150437865169006,0.75,3.2218515471114846,130,0.0306759371528901,0.7,4.893702588504519,25,0.0651707797943568,0.8,11.950270942531231,379,0.0202035171271894,0.5936675461741425,2.0167358534008204,D58320,False,-0.0296010296010296,True,no_line_overheat_0.45_0.2_0.03
tp15%_D+S_same_close,D+S,same_close,893,2023,D,516970,基建ETF,2023-10-10,2023-10-11,2023-11-16,2023-11-16,1.032,-0.0444444444444445,-0.0444444444444445,original,26,priority_CSD_g40_t060_r040_noskip,conservative_tp_center15_profit_first,64.14754538873999,0.2207349653671273,0.5169564875006377,0.4794028722600151,-0.0450819672131146,-0.0625,0.6896551724137931,0.1724137931034483,-0.1004962779156328,5,0.0555648746260449,1.0,,129,0.0308074471173563,0.6976744186046512,4.8803152106533085,10,0.0382436665784496,1.0,,378,0.0197921756176454,0.5925925925925926,1.9934071558067028,D58320,False,-0.0444444444444445,True,no_line_overheat_0.45_0.2_0.03
tp15%_D+S_same_close,D+S,same_close,894,2023,D,159766,旅游ETF,2023-10-11,2023-10-12,2023-11-16,2023-11-16,0.754,-0.0270967741935483,-0.0270967741935483,original,25,priority_CSD_g40_t060_r040_noskip,conservative_tp_center15_profit_first,60.6062146077166,0.2075717555878037,0.510844517941006,0.4374905517762661,-0.038630377524144,-0.0763430725730442,0.6896551724137931,0.1034482758620689,-0.1009174311926606,4,0.0150437865169006,0.75,3.2218515471114846,128,0.0304466044763645,0.6953125,4.805138065596881,25,0.0651707797943568,0.8,11.950270942531231,377,0.0194209680783206,0.5915119363395226,1.972196768036374,D58320,False,-0.0270967741935483,True,no_line_overheat_0.45_0.2_0.03
tp15%_D+S_same_close,D+S,same_close,895,2023,D,512720,计算机ETF,2023-10-12,2023-10-13,2023-11-16,2023-11-16,1.062,0.0009425070688031,0.0009425070688031,original,24,priority_CSD_g40_t060_r040_noskip,conservative_tp_center15_profit_first,54.67828798185941,0.2645125209381504,0.5042195534677427,0.3445578231292517,-0.0288315629742034,-0.057239057239057,0.6896551724137931,0.0689655172413793,-0.0945454545454546,20,0.0514769691535009,0.65,5.298180568902764,127,0.0305206485988956,0.6929133858267716,4.784591972184733,38,0.0268743579537131,0.4736842105263157,2.621728947040431,376,0.0197980742085887,0.5930851063829787,2.0047718249824023,D58320,False,0.0009425070688031,True,no_line_overheat_0.45_0.2_0.03
tp15%_D+S_same_close,D+S,same_close,896,2023,D,159766,旅游ETF,2023-10-13,2023-10-16,2023-11-16,2023-11-16,0.754,0.0080213903743315,0.0080213903743315,original,23,priority_CSD_g40_t060_r040_noskip,conservative_tp_center15_profit_first,66.29390292047196,0.2824035712137735,0.4989238661168606,0.4923280423280423,-0.0244233378561736,-0.072258064516129,0.6551724137931034,0.0689655172413793,-0.1079404466501241,4,0.0150437865169006,0.75,3.2218515471114846,126,0.0302921285100288,0.6904761904761905,4.726678432016036,25,0.0651707797943568,0.8,11.950270942531231,375,0.0201901396414231,0.5946666666666667,2.0398003435358967,D58320,False,0.0080213903743315,True,no_line_overheat_0.45_0.2_0.03
tp15%_D+S_same_close,D+S,same_close,897,2023,D,512720,计算机ETF,2023-10-16,2023-10-17,2023-11-16,2023-11-16,1.062,0.0172413793103447,0.0172413793103447,original,22,priority_CSD_g40_t060_r040_noskip,conservative_tp_center15_profit_first,68.7641723356009,0.2401271711813449,0.5304896635390132,0.5287226001511717,-0.0338830584707645,-0.0746054519368721,0.7241379310344828,0.1034482758620689,-0.1109489051094888,20,0.0514769691535009,0.65,5.298180568902764,125,0.0304797892791162,0.688,4.720005289665549,38,0.0268743579537131,0.4736842105263157,2.621728947040431,374,0.0205421808503313,0.5962566844919787,2.0715133824344325,D58320,False,0.0172413793103447,True,no_line_overheat_0.45_0.2_0.03
tp15%_D+S_same_close,D+S,same_close,898,2023,D,512720,计算机ETF,2023-10-17,2023-10-18,2023-11-16,2023-11-16,1.062,0.037109375,0.037109375,original,21,priority_CSD_g40_t060_r040_noskip,conservative_tp_center15_profit_first,60.17006802721089,0.2414830564622011,0.5513484647297519,0.4388510959939532,-0.0340285400658617,-0.0727081138040042,0.7241379310344828,0.1034482758620689,-0.1116625310173697,20,0.0514769691535009,0.65,5.298180568902764,125,0.0304797892791162,0.688,4.720005289665549,38,0.0268743579537131,0.4736842105263157,2.621728947040431,373,0.0208554469346528,0.5978552278820375,2.0997162792663526,D58320,False,0.037109375,True,no_line_overheat_0.45_0.2_0.03
tp15%_D+S_same_close,D+S,same_close,899,2023,D,512720,计算机ETF,2023-10-18,2023-10-19,2023-11-16,2023-11-16,1.062,0.0473372781065088,0.0473372781065088,original,20,priority_CSD_g40_t060_r040_noskip,conservative_tp_center15_profit_first,71.05158730158729,0.1973516603089208,0.556387276587387,0.5341269841269842,-0.0477453580901857,-0.0853503184713376,0.7586206896551724,0.1379310344827586,-0.1185410334346505,20,0.0514769691535009,0.65,5.298180568902764,125,0.0304797892791162,0.688,4.720005289665549,38,0.0268743579537131,0.4736842105263157,2.621728947040431,372,0.021055744547173,0.5994623655913979,2.115764689944628,D58320,False,0.0473372781065088,True,no_line_overheat_0.45_0.2_0.03
tp15%_D+S_same_close,D+S,same_close,900,2023,D,512720,计算机ETF,2023-10-19,2023-10-20,2023-11-16,2023-11-16,1.062,0.0792682926829269,0.0792682926829269,original,19,priority_CSD_g40_t060_r040_noskip,conservative_tp_center15_profit_first,71.80272108843538,0.1687213226281622,0.5613936886032493,0.6053665910808769,-0.0563887222555489,-0.0918114143920595,0.7931034482758621,0.2758620689655172,-0.1294227188081936,20,0.0514769691535009,0.65,5.298180568902764,125,0.0304797892791162,0.688,4.720005289665549,38,0.0268743579537131,0.4736842105263157,2.621728947040431,371,0.0213624627415782,0.601078167115903,2.144088616877671,D58320,False,0.0792682926829269,True,no_line_overheat_0.45_0.2_0.03
tp15%_D+S_same_close,D+S,same_close,901,2023,D,512720,计算机ETF,2023-10-20,2023-10-23,2023-11-16,2023-11-16,1.062,0.0937178166838312,0.0937178166838312,original,18,priority_CSD_g40_t060_r040_noskip,conservative_tp_center15_profit_first,76.19425547996977,0.1514243992465559,0.5715416923854453,0.6058956916099774,-0.0581929555895865,-0.0964256026600166,0.8275862068965517,0.2413793103448276,-0.1356088560885608,20,0.0514769691535009,0.65,5.298180568902764,125,0.0304797892791162,0.688,4.720005289665549,38,0.0268743579537131,0.4736842105263157,2.621728947040431,370,0.0215680727755695,0.6027027027027027,2.161157827308912,D58320,False,0.0937178166838312,True,no_line_overheat_0.45_0.2_0.03
tp15%_D+S_same_close,D+S,same_close,902,2023,D,512720,计算机ETF,2023-10-23,2023-10-24,2023-11-16,2023-11-16,1.062,0.0925925925925927,0.0925925925925927,original,17,priority_CSD_g40_t060_r040_noskip,conservative_tp_center15_profit_first,78.8416477702192,0.1094813351014502,0.6204310720517484,0.695880574452003,-0.0769230769230767,-0.110441767068273,0.896551724137931,0.4137931034482758,-0.148975791433892,20,0.0514769691535009,0.65,5.298180568902764,120,0.0317459739103686,0.7,4.754738167878861,38,0.0268743579537131,0.4736842105263157,2.621728947040431,370,0.0215680727755695,0.6027027027027027,2.161157827308912,D58320,False,0.0925925925925927,True,no_line_overheat_0.45_0.2_0.03
tp15%_D+S_same_close,D+S,same_close,903,2023,D,512720,计算机ETF,2023-10-24,2023-10-25,2023-11-16,2023-11-16,1.062,0.0759878419452888,0.0759878419452888,original,16,priority_CSD_g40_t060_r040_noskip,conservative_tp_center15_profit_first,67.29780801209372,0.1340824357737073,0.5931772017061684,0.5681783824640968,-0.068147013782542,-0.1041837571780147,0.8620689655172413,0.3103448275862069,-0.1392988929889299,20,0.0514769691535009,0.65,5.298180568902764,119,0.0320366454462146,0.7058823529411765,4.768103374392595,38,0.0268743579537131,0.4736842105263157,2.621728947040431,369,0.0216760857104517,0.6043360433604336,2.166924227184669,D58320,False,0.0759878419452888,True,no_line_overheat_0.45_0.2_0.03
tp15%_D+S_same_close,D+S,same_close,904,2023,D,512720,计算机ETF,2023-10-25,2023-10-26,2023-11-16,2023-11-16,1.062,0.0738119312436804,0.0738119312436804,original,15,priority_CSD_g40_t060_r040_noskip,conservative_tp_center15_profit_first,66.29913076341649,0.1251381992786419,0.544944954615655,0.5568027210884354,-0.0625,-0.1098445595854922,0.8275862068965517,0.0689655172413793,-0.1304849884526558,20,0.0514769691535009,0.65,5.298180568902764,118,0.0322931005951048,0.7033898305084746,4.766349041646831,38,0.0268743579537131,0.4736842105263157,2.621728947040431,368,0.021812027561469,0.6059782608695652,2.175924178255024,D58320,False,0.0738119312436804,True,no_line_overheat_0.45_0.2_0.03
tp15%_D+S_same_close,D+S,same_close,905,2023,D,512720,计算机ETF,2023-10-26,2023-10-27,2023-11-16,2023-11-16,1.062,0.0716448032290615,0.0716448032290615,original,14,priority_CSD_g40_t060_r040_noskip,conservative_tp_center15_profit_first,63.398053665910815,0.1362294279350373,0.5888646156667047,0.5024187452758881,-0.0558558558558559,-0.1058495821727019,0.7931034482758621,0.1034482758620689,-0.1253101736972706,20,0.0514769691535009,0.65,5.298180568902764,117,0.032538574065684,0.7008547008547008,4.762817812390083,38,0.0268743579537131,0.4736842105263157,2.621728947040431,367,0.0217961428750213,0.6049046321525886,2.171874688259157,D58320,False,0.0716448032290615,True,no_line_overheat_0.45_0.2_0.03
tp15%_D+S_same_close,D+S,same_close,906,2023,D,512720,计算机ETF,2023-10-27,2023-10-30,2023-11-16,2023-11-16,1.062,0.056716417910448,0.056716417910448,original,13,priority_CSD_g40_t060_r040_noskip,conservative_tp_center15_profit_first,61.72996976568405,0.2042920253854557,0.5846860704749319,0.4707105064247922,-0.0264772360348723,-0.0930555555555554,0.6896551724137931,0.0689655172413793,-0.1127717391304347,20,0.0514769691535009,0.65,5.298180568902764,116,0.0327881138936383,0.6982758620689655,4.759267557113634,38,0.0268743579537131,0.4736842105263157,2.621728947040431,366,0.0220124247235832,0.6065573770491803,2.190281020774573,D58320,False,0.056716417910448,True,no_line_overheat_0.45_0.2_0.03
tp15%_D+S_same_close,D+S,same_close,907,2023,D,516970,基建ETF,2023-10-30,2023-10-31,2023-11-16,2023-11-16,1.032,-0.0076923076923076,-0.0076923076923076,original,12,priority_CSD_g40_t060_r040_noskip,conservative_tp_center15_profit_first,62.69437372757927,0.2071349124535862,0.6010141126524743,0.4478458049886621,-0.0376237623762376,-0.0934579439252337,0.5862068965517241,0.1034482758620689,-0.108256880733945,5,0.0555648746260449,1.0,,116,0.0327881138936383,0.6982758620689655,4.759267557113634,10,0.0382436665784496,1.0,,365,0.0220986681808459,0.6082191780821918,2.193348592718135,D58320,False,-0.0076923076923076,True,no_line_overheat_0.45_0.2_0.03
tp15%_D+S_same_close,D+S,same_close,908,2023,D,516970,基建ETF,2023-10-31,2023-11-01,2023-11-16,2023-11-16,1.032,0.0,0.0,original,11,priority_CSD_g40_t060_r040_noskip,conservative_tp_center15_profit_first,60.57293484075644,0.2146674703570845,0.575555320412772,0.4590325018896448,-0.0312185297079556,-0.0983302411873841,0.6206896551724138,0.0344827586206896,-0.1097834204630321,5,0.0555648746260449,1.0,,116,0.0327881138936383,0.6982758620689655,4.759267557113634,10,0.0382436665784496,1.0,,364,0.022402439318634,0.6098901098901099,2.22243928492682,D58320,False,0.0,True,no_line_overheat_0.45_0.2_0.03
tp15%_D+S_same_close,D+S,same_close,909,2023,D,516970,基建ETF,2023-11-01,2023-11-02,2023-11-16,2023-11-16,1.032,0.0048685491723468,0.0048685491723468,original,10,priority_CSD_g40_t060_r040_noskip,conservative_tp_center15_profit_first,61.8249360955664,0.2151355036755186,0.5424530745034849,0.4564625850340135,-0.0292338709677419,-0.1026827012025901,0.5862068965517241,0.0344827586206896,-0.1074718526100306,5,0.0555648746260449,1.0,,116,0.0327881138936383,0.6982758620689655,4.759267557113634,10,0.0382436665784496,1.0,,363,0.0227803172650123,0.6115702479338843,2.261345184424687,D58320,False,0.0048685491723468,True,no_line_overheat_0.45_0.2_0.03
tp15%_D+S_same_close,D+S,same_close,910,2023,D,515790,光伏ETF,2023-11-02,2023-11-03,2023-11-16,2023-11-16,0.932,0.0286975717439292,0.0286975717439292,original,9,priority_CSD_g40_t060_r040_noskip,conservative_tp_center15_profit_first,64.42799184539285,0.1922937930828124,0.5843151830277514,0.5176114890400605,-0.0403632694248234,-0.1078028747433265,0.6551724137931034,0.2068965517241379,-0.113861386138614,1,0.0434012400354295,1.0,,116,0.0327881138936383,0.6982758620689655,4.759267557113634,15,-0.0205522404667214,0.3333333333333333,0.420365816422499,362,0.0231149976545285,0.6132596685082873,2.295794518701233,D58320,False,0.0286975717439292,True,no_line_overheat_0.45_0.2_0.03
tp15%_D+S_same_close,D+S,same_close,911,2023,D,516970,基建ETF,2023-11-03,2023-11-06,2023-11-16,2023-11-16,1.032,-0.0114942528735632,-0.0114942528735632,original,8,priority_CSD_g40_t060_r040_noskip,conservative_tp_center15_profit_first,58.162307943080194,0.2065686157064252,0.5578612982227926,0.444822373393802,-0.0341113105924596,-0.1024667931688805,0.6896551724137931,0.1379310344827586,-0.1095189355168884,5,0.0555648746260449,1.0,,116,0.0327881138936383,0.6982758620689655,4.759267557113634,10,0.0382436665784496,1.0,,361,0.0230798883026457,0.6121883656509696,2.290252231514426,D58320,False,-0.0114942528735632,True,no_line_overheat_0.45_0.2_0.03
tp15%_D+S_same_close,D+S,same_close,912,2023,D,516970,基建ETF,2023-11-06,2023-11-07,2023-11-20,2023-11-20,1.032,-0.0057803468208093,-0.0057803468208093,original,9,priority_CSD_g40_t060_r040_noskip,conservative_tp_center15_profit_first,54.84722965800595,0.2803553695751014,0.4217475255540244,0.3925547996976567,-0.0208126858275519,-0.0830999066293183,0.3793103448275862,0.0,-0.0925925925925926,5,0.0555648746260449,1.0,,110,0.032923839794606,0.6818181818181818,4.579579212987614,10,0.0382436665784496,1.0,,360,0.0233301148674916,0.6138888888888889,2.3142644540367745,D58320,False,-0.0057803468208093,True,no_line_overheat_0.45_0.2_0.03
tp15%_D+S_same_close,D+S,same_close,913,2023,D,516970,基建ETF,2023-11-07,2023-11-08,2023-11-20,2023-11-20,1.032,-0.0019342359767892,-0.0019342359767892,original,8,priority_CSD_g40_t060_r040_noskip,conservative_tp_center15_profit_first,54.293740630309095,0.2917735962207947,0.4330969618366987,0.4087679516250945,-0.0149253731343284,-0.0834114339268978,0.4482758620689655,0.0,-0.0871559633027523,5,0.0555648746260449,1.0,,110,0.032923839794606,0.6818181818181818,4.579579212987614,10,0.0382436665784496,1.0,,359,0.0237246120130421,0.6155988857938719,2.35791150708614,D58320,False,-0.0019342359767892,True,no_line_overheat_0.45_0.2_0.03
tp15%_D+S_same_close,D+S,same_close,914,2023,D,516970,基建ETF,2023-11-08,2023-11-09,2023-11-21,2023-11-21,1.036,-0.0009643201542911,-0.0009643201542911,original,8,priority_CSD_g40_t060_r040_noskip,conservative_tp_center15_profit_first,51.102403753354295,0.3079714419228209,0.4436220329160932,0.3463718820861678,-0.015625,-0.0759668508287292,0.5172413793103449,0.0,-0.0800376647834275,5,0.0555648746260449,1.0,,110,0.032923839794606,0.6818181818181818,4.579579212987614,10,0.0382436665784496,1.0,,358,0.0239400917250947,0.61731843575419,2.3781650216889325,D58320,False,-0.0009643201542911,True,no_line_overheat_0.45_0.2_0.03
tp15%_D+S_same_close,D+S,same_close,915,2023,D,516970,基建ETF,2023-11-09,2023-11-10,2023-11-22,2023-11-22,1.027,0.0009746588693955,0.0009746588693955,original,8,priority_CSD_g40_t060_r040_noskip,conservative_tp_center15_profit_first,48.830304456421,0.290038381771657,0.4558009325452293,0.34848828420257,-0.0204081632653061,-0.0723809523809524,0.5517241379310345,0.0,-0.0727969348659004,5,0.0555648746260449,1.0,,110,0.032923839794606,0.6818181818181818,4.579579212987614,10,0.0382436665784496,1.0,,357,0.0244133324300538,0.6190476190476191,2.434941627899039,D58320,False,0.0009746588693955,True,no_line_overheat_0.45_0.2_0.03
tp15%_D+S_same_close,D+S,same_close,916,2023,D,516970,基建ETF,2023-11-10,2023-11-13,2023-11-24,2023-11-24,1.024,-0.0115830115830115,-0.0115830115830115,original,9,priority_CSD_g40_t060_r040_noskip,conservative_tp_center15_profit_first,55.93698960123933,0.3033865710446873,0.452272896966402,0.4032501889644747,-0.0145118733509235,-0.0704761904761905,0.5862068965517241,0.0344827586206896,-0.0754189944134077,5,0.0555648746260449,1.0,,106,0.0325838663131895,0.6698113207547169,4.413793860363749,10,0.0382436665784496,1.0,,356,0.0240658561131249,0.6179775280898876,2.410555788619732,D58320,False,-0.0115830115830115,True,no_line_overheat_0.45_0.2_0.03
tp15%_D+S_same_close,D+S,same_close,917,2023,S,159813,半导体ETF鹏华,2023-11-13,2023-11-14,2023-11-28,2023-11-28,0.2924231843575419,-0.0414110429447852,-0.0414110429447852,original,10,priority_CSD_g40_t060_r040_noskip,conservative_tp_center15_profit_first,0.8183333333333334,0.3770941086261991,0.3850820823173095,0.3756235827664399,0.0016077170418007,-0.0511551155115511,0.5517241379310345,0.0,-0.0655105973025048,0,,,,166,0.0024298562406386,0.4698795180722891,1.1130554353627682,0,,,,194,0.0049963983845808,0.4896907216494845,1.2508197436008566,S04374,True,-0.0414110429447852,True,no_line_overheat_0.45_0.2_0.03
tp15%_D+S_same_close,D+S,same_close,918,2023,S,159813,半导体ETF鹏华,2023-11-14,2023-11-15,2023-11-29,2023-11-29,0.292891061452514,-0.0384024577572966,-0.0384024577572966,original,10,priority_CSD_g40_t060_r040_noskip,conservative_tp_center15_profit_first,0.8169230769230771,0.3630387782581079,0.3923724735027922,0.3554421768707484,-0.0029910269192421,-0.055954088952654,0.4827586206896552,0.0,-0.0694444444444445,0,,,,166,0.0024486815418434,0.4698795180722891,1.114031211423232,0,,,,195,0.0049649483229349,0.4871794871794871,1.2504520489594615,S04374,True,-0.0384024577572966,True,no_line_overheat_0.45_0.2_0.03
tp15%_D+S_same_close,D+S,same_close,919,2023,S,159813,半导体ETF鹏华,2023-11-15,2023-11-16,2023-11-30,2023-11-30,0.2924231843575419,-0.0234375000000001,-0.0234375000000001,original,10,priority_CSD_g40_t060_r040_noskip,conservative_tp_center15_profit_first,0.8341176470588235,0.4306379991346043,0.3337762105681032,0.2899470899470899,0.0224789260068685,-0.0514075887392899,0.3448275862068966,0.0,-0.0537383177570093,0,,,,166,0.0025492220455325,0.4759036144578313,1.1191950399728756,0,,,,196,0.0049512521667484,0.4897959183673469,1.2510419859758388,S04374,True,-0.0234375000000001,True,no_line_overheat_0.45_0.2_0.03
tp15%_D+S_same_close,D+S,same_close,920,2023,S,512660,军工ETF,2023-11-16,2023-11-17,2023-12-01,2023-12-01,0.981,-0.019,-0.019,original,10,priority_CSD_g40_t060_r040_noskip,conservative_tp_center15_profit_first,0.7015384615384616,0.4215520810202668,0.3724670763018218,0.3730536659108088,0.0248190279214064,-0.0536105032822757,0.5172413793103449,0.0,-0.0615264797507787,1,-0.0146520146520147,0.0,,166,0.0025619657800412,0.4759036144578313,1.1197909040902536,1,-0.0146520146520147,0.0,,197,0.0049960542750827,0.4923857868020304,1.2546059912343652,S04374,True,-0.019,True,no_line_overheat_0.45_0.2_0.03
tp15%_D+S_same_close,D+S,same_close,921,2023,S,159992,创新药ETF,2023-11-17,2023-11-20,2023-12-04,2023-12-04,0.85,-0.0373725934314835,-0.0373725934314835,original,10,priority_CSD_g40_t060_r040_noskip,conservative_tp_center15_profit_first,0.8014285714285714,0.451437381307454,0.3814746214143637,0.297883597883598,0.0349135169762973,-0.053551912568306,0.4827586206896552,0.0,-0.0640208574739281,12,-0.0007741090322676,0.5,0.94347341594073,166,0.0023963992995598,0.4698795180722891,1.11197693570351,12,-0.0007741090322676,0.5,0.94347341594073,198,0.0049592113212958,0.4898989898989899,1.253860341007677,S04374,True,-0.0373725934314835,True,no_line_overheat_0.45_0.2_0.03
tp15%_D+S_same_close,D+S,same_close,922,2023,S,159851,金融科技ETF,2023-11-20,2023-11-21,2023-12-05,2023-12-05,0.55,-0.0384615384615383,-0.0384615384615383,original,10,priority_CSD_g40_t060_r040_noskip,conservative_tp_center15_profit_first,0.8423529411764705,0.5167719665261797,0.367369108190847,0.2320483749055177,0.0491750242639921,-0.0450538687561213,0.4482758620689655,0.0,-0.0580021482277122,0,,,,166,0.0023842701224693,0.4698795180722891,1.1114101736937505,15,0.0119265493304037,0.4666666666666667,1.75419650107408,199,0.0049689069114115,0.4924623115577889,1.2556412845389653,S04374,True,-0.0384615384615383,True,no_line_overheat_0.45_0.2_0.03
tp15%_D+S_same_close,D+S,same_close,923,2023,S,512980,传媒ETF,2023-11-21,2023-11-22,2023-12-06,2023-12-06,0.788,-0.0199004975124378,-0.0199004975124378,original,10,priority_CSD_g40_t060_r040_noskip,conservative_tp_center15_profit_first,0.8123076923076923,0.5071622335436571,0.3645417119682032,0.2422902494331065,0.0401891252955082,-0.0177777777777777,0.4827586206896552,0.0,-0.0517241379310344,34,0.0208423064992207,0.5588235294117647,1.747220261499944,166,0.0019718055180698,0.463855421686747,1.0917708152349874,44,0.0224591813678402,0.6136363636363636,2.021888743976606,200,0.0048732099678725,0.49,1.2510579758678826,S04374,True,-0.0199004975124378,True,no_line_overheat_0.45_0.2_0.03
tp15%_D+S_same_close,D+S,same_close,924,2023,S,159883,医疗器械ETF,2023-11-22,2023-11-23,2023-12-07,2023-12-07,0.564,-0.0174216027874564,-0.0174216027874564,original,10,priority_CSD_g40_t060_r040_noskip,conservative_tp_center15_profit_first,0.766,0.4052401196187626,0.3436081633639694,0.4016628873771731,0.0214285714285713,-0.0398406374501992,0.4827586206896552,0.0,-0.0620155038759689,0,,,,166,0.0015179420748584,0.4578313253012048,1.0698720691983692,0,,,,201,0.0046520804635759,0.4875621890547263,1.238433608865639,S04374,True,-0.0174216027874564,True,no_line_overheat_0.45_0.2_0.03
tp15%_D+S_same_close,D+S,same_close,925,2023,S,159883,医疗器械ETF,2023-11-23,2023-11-24,2023-12-08,2023-12-08,0.575,0.0,0.0,original,10,priority_CSD_g40_t060_r040_noskip,conservative_tp_center15_profit_first,0.7783333333333333,0.4650842238811254,0.3666639748501287,0.2383597883597883,0.0254506892895016,-0.0222222222222222,0.4827586206896552,0.0,-0.0570987654320988,0,,,,166,0.0013689219254931,0.4578313253012048,1.062583263533665,0,,,,202,0.0044640338606209,0.4851485148514851,1.2279960267820798,S04374,True,0.0,True,no_line_overheat_0.45_0.2_0.03
tp15%_D+S_same_close,D+S,same_close,926,2023,S,560080,中药ETF,2023-11-24,2023-11-27,2023-12-11,2023-12-11,1.184,-0.0116861435726211,-0.0116861435726211,original,10,priority_CSD_g40_t060_r040_noskip,conservative_tp_center15_profit_first,0.7325,0.3821896738554788,0.3774994702432181,0.3221844293272864,0.0086410054988217,-0.037174721189591,0.5172413793103449,0.0,-0.065891472868217,0,,,,166,0.001266988750676,0.4578313253012048,1.0576544896409643,0,,,,203,0.0042753137241344,0.4827586206896552,1.2175763569036195,S04374,True,-0.0116861435726211,True,no_line_overheat_0.45_0.2_0.03
tp15%_D+S_same_close,D+S,same_close,927,2023,S,159930,能源ETF,2023-11-27,2023-11-28,2023-12-12,2023-12-12,1.242,0.002421307506053,0.002421307506053,original,10,priority_CSD_g40_t060_r040_noskip,conservative_tp_center15_profit_first,0.9228571428571428,0.3654512537938208,0.3858863812165264,0.4315948601662888,-0.0031298904538341,-0.029445073612684,0.5862068965517241,0.0,-0.0693146417445482,8,-0.0049403299681462,0.5,0.6131875092628469,166,0.0008104224861441,0.4518072289156626,1.0364606400689222,8,-0.0049403299681462,0.5,0.6131875092628469,204,0.0040494755900226,0.4803921568627451,1.204950866437391,S04374,True,0.002421307506053,True,no_line_overheat_0.45_0.2_0.03
tp15%_D+S_same_close,D+S,same_close,928,2023,S,159930,能源ETF,2023-11-28,2023-11-29,2023-12-13,2023-12-13,1.22,-0.0185036202735319,-0.0185036202735319,original,10,priority_CSD_g40_t060_r040_noskip,conservative_tp_center15_profit_first,0.7777777777777777,0.3763933153190383,0.3594984916838922,0.3489040060468631,0.002079002079002,-0.0409309791332263,0.4827586206896552,0.0,-0.0687382297551789,8,-0.0049403299681462,0.5,0.6131875092628469,166,0.0005733409806552,0.4518072289156626,1.0257944214157884,8,-0.0049403299681462,0.5,0.6131875092628469,205,0.0040383215195418,0.4829268292682926,1.205388233728934,S04374,True,-0.0185036202735319,True,no_line_overheat_0.45_0.2_0.03
tp15%_D+S_same_close,D+S,same_close,929,2023,D,159768,房地产ETF,2023-11-29,2023-11-30,2024-01-04,2024-01-04,0.555,-0.1273584905660376,-0.1273584905660376,original,24,priority_CSD_g40_t060_r040_noskip,conservative_tp_center15_profit_first,62.20725766774228,0.3301670481382538,0.4054699159732861,0.4269085411942555,-0.0063694267515922,-0.0590809628008752,0.5862068965517241,0.0,-0.0732758620689655,2,-0.0467589334584408,0.0,,176,0.0147859595154526,0.5340909090909091,1.979085593936456,4,-0.0373210251707788,0.0,,416,0.0207848696641808,0.5841346153846154,2.312623284767734,D58320,False,-0.1273584905660376,True,no_line_overheat_0.45_0.2_0.03
tp15%_D+S_same_close,D+S,same_close,930,2023,S,560080,中药ETF,2023-11-30,2023-12-01,2023-12-15,2023-12-15,1.163,-0.0356550580431176,-0.0356550580431176,original,10,priority_CSD_g40_t060_r040_noskip,conservative_tp_center15_profit_first,0.7571428571428571,0.3397632296359187,0.3775487960862653,0.4063869992441422,0.0032085561497325,-0.0578034682080923,0.5517241379310345,0.0,-0.0700431034482759,0,,,,166,-0.000163255675123,0.4397590361445783,0.9928106945499794,0,,,,207,0.0036137314531594,0.4782608695652174,1.1819832423765189,S04374,True,-0.0356550580431176,True,no_line_overheat_0.45_0.2_0.03
tp15%_D+S_same_close,D+S,same_close,931,2023,S,161226,白银LOF,2023-12-01,2023-12-04,2023-12-18,2023-12-18,0.759,-0.0416666666666667,-0.0416666666666667,original,10,priority_CSD_g40_t060_r040_noskip,conservative_tp_center15_profit_first,0.754,0.3690214065982837,0.3853499207507734,0.3959183673469388,0.0023809523809523,-0.0492390331244404,0.5172413793103449,0.0344827586206896,-0.0693146417445482,0,,,,166,-0.0006432697139085,0.4337349397590361,0.9718473131527724,1,-0.0210378681626928,0.0,,208,0.0034836774557884,0.4759615384615384,1.1752819505806709,S04374,True,-0.0416666666666667,True,no_line_overheat_0.45_0.2_0.03
tp15%_D+S_same_close,D+S,same_close,932,2023,D,159768,房地产ETF,2023-12-04,2023-12-05,2024-01-04,2024-01-04,0.555,-0.0811258278145694,-0.0811258278145694,original,21,priority_CSD_g40_t060_r040_noskip,conservative_tp_center15_profit_first,59.92210473079557,0.3330085071754853,0.4071627612462817,0.4207860922146635,-0.0183727034120735,-0.0424063116370808,0.5172413793103449,0.0689655172413793,-0.0693146417445482,0,,,,163,0.015786328574421,0.5460122699386503,2.0734495145032845,4,-0.0373210251707788,0.0,,413,0.0220588151629822,0.5883777239709443,2.487780536087999,D58320,False,-0.0811258278145694,True,no_line_overheat_0.45_0.2_0.03
tp15%_D+S_same_close,D+S,same_close,933,2023,D,159768,房地产ETF,2023-12-05,2023-12-06,2024-01-04,2024-01-04,0.555,-0.094616639477977,-0.094616639477977,original,20,priority_CSD_g40_t060_r040_noskip,conservative_tp_center15_profit_first,69.2861322814936,0.2155289345899475,0.4717235450080198,0.5749433106575963,-0.0443159922928709,-0.0835140997830803,0.7241379310344828,0.1379310344827586,-0.0866261398176293,0,,,,162,0.0159411301180078,0.5493827160493827,2.081517773682347,4,-0.0373210251707788,0.0,,412,0.0224482145973175,0.5898058252427184,2.545297900181497,D58320,False,-0.094616639477977,True,no_line_overheat_0.45_0.2_0.03
tp15%_D+S_same_close,D+S,same_close,934,2023,D,512950,央企改革ETF,2023-12-06,2023-12-07,2024-01-04,2024-01-04,1.163,-0.0008591065292095,-0.0008591065292095,original,19,priority_CSD_g40_t060_r040_noskip,conservative_tp_center15_profit_first,55.82152305366591,0.2264983234677614,0.4815034130988999,0.458692365835223,-0.0428806237803429,-0.0729783037475345,0.7241379310344828,0.1379310344827586,-0.0863422291993721,2,0.0491394148020653,1.0,,161,0.0160905237203616,0.5527950310559007,2.088612647691813,4,0.0645832945821388,1.0,,411,0.0219797661054689,0.5888077858880778,2.509378229026465,D58320,False,-0.0008591065292095,True,no_line_overheat_0.45_0.2_0.03
tp15%_D+S_same_close,D+S,same_close,935,2023,D,516750,建材ETF,2023-12-07,2023-12-08,2024-01-04,2024-01-04,0.672,-0.0014858841010401,-0.0014858841010401,original,18,priority_CSD_g40_t060_r040_noskip,conservative_tp_center15_profit_first,58.43940620255091,0.2191750370484717,0.4703444863173411,0.4763416477702192,-0.044102564102564,-0.0794341675734494,0.7241379310344828,0.1724137931034483,-0.0783847980997625,1,-0.0067934782608696,0.0,,161,0.0160905237203616,0.5527950310559007,2.088612647691813,7,0.0704060987692504,0.8571428571428571,73.54644417183525,410,0.0218995571827246,0.5878048780487805,2.500211129716857,D58320,False,-0.0014858841010401,True,no_line_overheat_0.45_0.2_0.03
tp15%_D+S_same_close,D+S,same_close,936,2023,D,159768,房地产ETF,2023-12-08,2023-12-11,2024-01-04,2024-01-04,0.555,-0.0703517587939697,-0.0703517587939697,original,17,priority_CSD_g40_t060_r040_noskip,conservative_tp_center15_profit_first,61.43816244738317,0.2468636454131786,0.4503927002701291,0.4604308390022676,-0.0327868852459016,-0.0689964157706094,0.6551724137931034,0.1379310344827586,-0.0813439434129089,0,,,,161,0.0160905237203616,0.5527950310559007,2.088612647691813,4,-0.0373210251707788,0.0,,409,0.0218044542768087,0.58679706601467,2.4900530220447186,D58320,False,-0.0703517587939697,True,no_line_overheat_0.45_0.2_0.03
tp15%_D+S_same_close,D+S,same_close,937,2023,D,159768,房地产ETF,2023-12-11,2023-12-12,2024-01-04,2024-01-04,0.555,-0.0960912052117263,-0.0960912052117263,original,16,priority_CSD_g40_t060_r040_noskip,conservative_tp_center15_profit_first,55.09389017061952,0.304842925555024,0.4078221317433865,0.4219954648526078,-0.0309278350515463,-0.059245960502693,0.5517241379310345,0.1034482758620689,-0.0665083135391922,0,,,,161,0.0160905237203616,0.5527950310559007,2.088612647691813,4,-0.0373210251707788,0.0,,408,0.0217043904878622,0.5857843137254902,2.479588511153616,D58320,False,-0.0960912052117263,True,no_line_overheat_0.45_0.2_0.03
tp15%_D+S_same_close,D+S,same_close,938,2023,D,159768,房地产ETF,2023-12-12,2023-12-13,2024-01-04,2024-01-04,0.555,-0.07190635451505,-0.07190635451505,original,15,priority_CSD_g40_t060_r040_noskip,conservative_tp_center15_profit_first,49.21223303500932,0.3134303749561922,0.4534844398620189,0.359599395313681,-0.0314232902033272,-0.0614709110867179,0.6206896551724138,0.0689655172413793,-0.0644444444444445,0,,,,157,0.0159185694893706,0.554140127388535,2.0603921291281457,4,-0.0373210251707788,0.0,,407,0.0216437335785515,0.5847665847665847,2.47183722138531,D58320,False,-0.07190635451505,True,no_line_overheat_0.45_0.2_0.03
tp15%_D+S_same_close,D+S,same_close,939,2023,D,159768,房地产ETF,2023-12-13,2023-12-14,2024-01-04,2024-01-04,0.555,-0.0672268907563024,-0.0672268907563024,original,14,priority_CSD_g40_t060_r040_noskip,conservative_tp_center15_profit_first,64.95473989461182,0.2593765152719906,0.4682769373168677,0.4825774754346182,-0.0465346534653465,-0.0682819383259912,0.6551724137931034,0.1724137931034483,-0.0696969696969697,0,,,,156,0.0158391281035172,0.5512820512820513,2.048379874066004,4,-0.0373210251707788,0.0,,406,0.0213583394460476,0.583743842364532,2.448860962140544,D58320,False,-0.0672268907563024,True,no_line_overheat_0.45_0.2_0.03
tp15%_D+S_same_close,D+S,same_close,940,2023,D,159768,房地产ETF,2023-12-14,2023-12-15,2024-01-04,2024-01-04,0.555,-0.0749999999999998,-0.0749999999999998,original,13,priority_CSD_g40_t060_r040_noskip,conservative_tp_center15_profit_first,60.37623729150416,0.253544646265069,0.4574252619760552,0.4822373393801966,-0.0361067503924646,-0.0678913738019169,0.6551724137931034,0.1379310344827586,-0.0696969696969697,0,,,,156,0.0158391281035172,0.5512820512820513,2.048379874066004,4,-0.0373210251707788,0.0,,405,0.0209719918908349,0.582716049382716,2.419148679215484,D58320,False,-0.0749999999999998,True,no_line_overheat_0.45_0.2_0.03
tp15%_D+S_same_close,D+S,same_close,941,2023,D,159768,房地产ETF,2023-12-15,2023-12-18,2024-01-04,2024-01-04,0.555,-0.0672268907563024,-0.0672268907563024,original,12,priority_CSD_g40_t060_r040_noskip,conservative_tp_center15_profit_first,60.26159819810819,0.2076922755785385,0.4624115401086118,0.5185185185185186,-0.0446168768186225,-0.065040650406504,0.6551724137931034,0.1379310344827586,-0.0717488789237669,0,,,,155,0.0156773278740389,0.5483870967741935,2.031018706026555,4,-0.0373210251707788,0.0,,404,0.0208418992673848,0.5816831683168316,2.4068631382428416,D58320,False,-0.0672268907563024,True,no_line_overheat_0.45_0.2_0.03
tp15%_D+S_same_close,D+S,same_close,942,2023,D,159768,房地产ETF,2023-12-18,2023-12-19,2024-01-04,2024-01-04,0.555,-0.0545144804088584,-0.0545144804088584,original,11,priority_CSD_g40_t060_r040_noskip,conservative_tp_center15_profit_first,63.492952096917634,0.1822788503792074,0.470664449274923,0.5441421012849585,-0.057170542635659,-0.0737179487179487,0.6551724137931034,0.2413793103448276,-0.0848484848484849,0,,,,154,0.0157106157402144,0.5454545454545454,2.026542023632144,4,-0.0373210251707788,0.0,,403,0.0205484228307634,0.5806451612903226,2.383619687338149,D58320,False,-0.0545144804088584,True,no_line_overheat_0.45_0.2_0.03
tp15%_D+S_same_close,D+S,same_close,943,2023,D,159768,房地产ETF,2023-12-19,2023-12-20,2024-01-04,2024-01-04,0.555,-0.0431034482758618,-0.0431034482758618,original,10,priority_CSD_g40_t060_r040_noskip,conservative_tp_center15_profit_first,67.37745566233939,0.1856180910399958,0.481644614326674,0.5411186696900984,-0.0565262076053442,-0.0707964601769912,0.6896551724137931,0.2413793103448276,-0.087878787878788,0,,,,153,0.015767486785612,0.5424836601307189,2.0235680282408404,4,-0.0373210251707788,0.0,,402,0.0202708514145908,0.5796019900497512,2.361542607103828,D58320,False,-0.0431034482758618,True,no_line_overheat_0.45_0.2_0.03
tp15%_D+S_same_close,D+S,same_close,944,2023,D,159768,房地产ETF,2023-12-20,2023-12-21,2024-01-04,2024-01-04,0.555,-0.0496575342465751,-0.0496575342465751,original,9,priority_CSD_g40_t060_r040_noskip,conservative_tp_center15_profit_first,70.61765709771356,0.1775192129510096,0.5225372579792958,0.6086545729402874,-0.0575139146567718,-0.0788757932910244,0.7586206896551724,0.2413793103448276,-0.0952380952380952,0,,,,153,0.015767486785612,0.5424836601307189,2.0235680282408404,4,-0.0373210251707788,0.0,,401,0.0200717759814599,0.5785536159600998,2.3448175463202503,D58320,False,-0.0496575342465751,True,no_line_overheat_0.45_0.2_0.03
tp15%_D+S_same_close,D+S,same_close,945,2023,D,159768,房地产ETF,2023-12-21,2023-12-22,2024-01-04,2024-01-04,0.555,-0.0431034482758618,-0.0431034482758618,original,8,priority_CSD_g40_t060_r040_noskip,conservative_tp_center15_profit_first,56.529402992829,0.1824933569434657,0.530635469755022,0.4892290249433108,-0.0590513068731848,-0.0706521739130435,0.7586206896551724,0.2413793103448276,-0.0905172413793103,0,,,,151,0.0151697569211252,0.5364238410596026,1.9718928217541192,4,-0.0373210251707788,0.0,,400,0.0203214089733261,0.58,2.3764965967877254,D58320,False,-0.0431034482758618,True,no_line_overheat_0.45_0.2_0.03
tp15%_D+S_same_close,D+S,same_close,946,2023,D,512980,传媒ETF,2023-12-22,2023-12-25,2024-03-12,2024-03-12,0.744,0.0523338048090524,0.0523338048090524,original,49,priority_CSD_g40_t060_r040_noskip,conservative_tp_center15_profit_first,65.42186318972034,0.2029224356670957,0.5453553544108228,0.4978835978835978,-0.0508646998982705,-0.06,0.8275862068965517,0.2413793103448276,-0.0894396551724139,32,-0.0149705001816935,0.1875,0.4936106423178697,150,0.0151043884674326,0.5333333333333333,1.961296168178714,36,-0.0096644176678036,0.1944444444444444,0.656526993606548,399,0.0203878424970946,0.581453634085213,2.3789885116215377,D58320,False,0.0523338048090524,True,no_line_overheat_0.45_0.2_0.03
tp15%_D+S_same_close,D+S,same_close,947,2023,D,512720,计算机ETF,2023-12-25,2023-12-26,2024-03-12,2024-03-12,0.928,0.0345596432552954,0.0345596432552954,original,48,priority_CSD_g40_t060_r040_noskip,conservative_tp_center15_profit_first,66.47722978080121,0.2053816299516472,0.5369243850162887,0.4397203325774754,-0.0475792988313855,-0.0758169934640523,0.7931034482758621,0.1724137931034483,-0.0884573894282633,41,0.0245257408200089,0.6097560975609756,2.5264320056314693,149,0.0151796203407853,0.5302013422818792,1.9596436267603723,61,0.0208696844728762,0.5245901639344263,2.213646426369211,398,0.0205880017028789,0.5829145728643216,2.403135901656821,D58320,False,0.0345596432552954,True,no_line_overheat_0.45_0.2_0.03
tp15%_D+S_same_close,D+S,same_close,948,2023,D,512720,计算机ETF,2023-12-26,2023-12-27,2024-03-12,2024-03-12,0.928,0.0276854928017717,0.0276854928017717,original,47,priority_CSD_g40_t060_r040_noskip,conservative_tp_center15_profit_first,70.18707482993197,0.1675078593565035,0.5559402360751584,0.5167800453514739,-0.0562130177514793,-0.079136690647482,0.7931034482758621,0.2413793103448276,-0.0932316230913773,41,0.0245257408200089,0.6097560975609756,2.5264320056314693,149,0.0151796203407853,0.5302013422818792,1.9596436267603723,61,0.0208696844728762,0.5245901639344263,2.213646426369211,397,0.0206527648074697,0.5843828715365239,2.4052459001205024,D58320,False,0.0276854928017717,True,no_line_overheat_0.45_0.2_0.03
tp15%_D+S_same_close,D+S,same_close,949,2023,D,512980,传媒ETF,2023-12-27,2023-12-28,2024-03-12,2024-03-12,0.744,0.0613409415121255,0.0613409415121255,original,46,priority_CSD_g40_t060_r040_noskip,conservative_tp_center15_profit_first,60.42233560090703,0.1925614022348486,0.5547390963356738,0.4022297808012094,-0.0497967479674795,-0.0735294117647058,0.7586206896551724,0.2068965517241379,-0.0893743793445878,32,-0.0149705001816935,0.1875,0.4936106423178697,147,0.0148600094071206,0.5238095238095238,1.926828168535639,36,-0.0096644176678036,0.1944444444444444,0.656526993606548,396,0.0206787226883385,0.5833333333333334,2.4034680031624065,D58320,False,0.0613409415121255,True,no_line_overheat_0.45_0.2_0.03
tp15%_D+S_same_close,D+S,same_close,950,2023,D,512980,传媒ETF,2023-12-28,2023-12-29,2024-03-12,2024-03-12,0.744,0.0304709141274237,0.0304709141274237,original,45,priority_CSD_g40_t060_r040_noskip,conservative_tp_center15_profit_first,57.57936507936508,0.2893999987759003,0.5001667767221134,0.4329176114890402,-0.0270833333333332,-0.0586932447397564,0.7241379310344828,0.0344827586206896,-0.0784929356357928,32,-0.0149705001816935,0.1875,0.4936106423178697,146,0.0148280949542959,0.5205479452054794,1.918546231419919,36,-0.0096644176678036,0.1944444444444444,0.656526993606548,395,0.0204131991049759,0.5822784810126582,2.3819482746005565,D58320,False,0.0304709141274237,True,no_line_overheat_0.45_0.2_0.03
tp15%_D+S_same_close,D+S,same_close,951,2023,D,512720,计算机ETF,2023-12-29,2024-01-02,2024-03-12,2024-03-12,0.928,0.0086956521739129,0.0086956521739129,original,44,priority_CSD_g40_t060_r040_noskip,conservative_tp_center15_profit_first,50.00755857898715,0.3175963676160347,0.4912707435677379,0.3470899470899471,-0.0214067278287461,-0.0523168784684664,0.6206896551724138,0.1034482758620689,-0.0719467956469165,41,0.0245257408200089,0.6097560975609756,2.5264320056314693,146,0.0148280949542959,0.5205479452054794,1.918546231419919,61,0.0208696844728762,0.5245901639344263,2.213646426369211,394,0.0203695332274277,0.5812182741116751,2.375501029455963,D58320,False,0.0086956521739129,True,no_line_overheat_0.45_0.2_0.03
tp15%_D+S_same_close,D+S,same_close,952,2024,D,512720,计算机ETF,2024-01-02,2024-01-03,2024-02-28,2024-02-28,0.866,-0.0388457269700333,-0.0388457269700333,original,34,priority_CSD_g40_t060_r040_noskip,conservative_tp_center15_profit_first,57.43764172335601,0.3159224703874836,0.4863395727575205,0.3478458049886622,-0.0212765957446808,-0.0543797784365734,0.6551724137931034,0.1034482758620689,-0.0681114551083591,41,0.0245257408200089,0.6097560975609756,2.5264320056314693,146,0.0148280949542959,0.5205479452054794,1.918546231419919,61,0.0208696844728762,0.5245901639344263,2.213646426369211,392,0.0200890914292734,0.5790816326530612,2.3496774227791346,D58320,False,-0.0388457269700333,True,history_line_win_ge_0.5
tp15%_D+S_same_close,D+S,same_close,953,2024,D,512720,计算机ETF,2024-01-03,2024-01-04,2024-03-12,2024-03-12,0.928,0.045045045045045,0.045045045045045,original,42,priority_CSD_g40_t060_r040_noskip,conservative_tp_center15_profit_first,57.11167800453515,0.3542727895777084,0.4969599246892603,0.2876417233560091,-0.0050675675675675,-0.0484460694698356,0.6896551724137931,0.0344827586206896,-0.0713587487781035,41,0.0245257408200089,0.6097560975609756,2.5264320056314693,146,0.0148280949542959,0.5205479452054794,1.918546231419919,61,0.0208696844728762,0.5245901639344263,2.213646426369211,391,0.0200011703563641,0.578005115089514,2.340342495395668,D58320,False,0.045045045045045,True,history_line_win_ge_0.5
tp15%_D+S_same_close,D+S,same_close,954,2024,D,512720,计算机ETF,2024-01-04,2024-01-05,2024-03-12,2024-03-12,0.928,0.0666666666666666,0.0666666666666666,original,41,priority_CSD_g40_t060_r040_noskip,conservative_tp_center15_profit_first,66.36148904006048,0.29000054507609,0.5186304982174834,0.4722978080120938,-0.0141843971631203,-0.0603732162458836,0.7241379310344828,0.1034482758620689,-0.0779220779220779,41,0.0245257408200089,0.6097560975609756,2.5264320056314693,146,0.0148280949542959,0.5205479452054794,1.918546231419919,61,0.0208696844728762,0.5245901639344263,2.213646426369211,390,0.019828874721403,0.5769230769230769,2.3253979566825604,D58320,False,0.0666666666666666,True,history_line_win_ge_0.5
tp15%_D+S_same_close,D+S,same_close,955,2024,D,512720,计算机ETF,2024-01-05,2024-01-08,2024-02-27,2024-02-27,0.903,0.0661157024793388,0.0661157024793388,original,30,priority_CSD_g40_t060_r040_noskip,conservative_tp_center15_profit_first,71.97656840513983,0.245095578078003,0.499927066632893,0.5497732426303856,-0.0229621125143513,-0.0789473684210526,0.7931034482758621,0.1034482758620689,-0.0898148148148149,41,0.0245257408200089,0.6097560975609756,2.5264320056314693,174,0.0010316680865834,0.4367816091954023,1.041340184349096,61,0.0208696844728762,0.5245901639344263,2.213646426369211,417,0.0134489050640891,0.5371702637889688,1.7171545321280757,D58320,False,0.0661157024793388,True,history_line_win_ge_0.5
tp15%_D+S_same_close,D+S,same_close,956,2024,D,512720,计算机ETF,2024-01-08,2024-01-09,2024-03-12,2024-03-12,0.928,0.1087216248506572,0.1087216248506572,original,39,priority_CSD_g40_t060_r040_noskip,conservative_tp_center15_profit_first,75.38973922902494,0.2031353000252429,0.5099193353289203,0.6124716553287982,-0.0488466757123473,-0.0762620837808808,0.8620689655172413,0.1034482758620689,-0.1075050709939148,41,0.0245257408200089,0.6097560975609756,2.5264320056314693,174,0.0010316680865834,0.4367816091954023,1.041340184349096,61,0.0208696844728762,0.5245901639344263,2.213646426369211,416,0.0131153091042529,0.5360576923076923,1.6976885981499348,D58320,False,0.1087216248506572,True,history_line_win_ge_0.5
tp15%_D+S_same_close,D+S,same_close,957,2024,D,512720,计算机ETF,2024-01-09,2024-01-10,2024-03-12,2024-03-12,0.928,0.1262135922330098,0.1262135922330098,original,38,priority_CSD_g40_t060_r040_noskip,conservative_tp_center15_profit_first,70.505007558579,0.2031286535628997,0.5379022951054021,0.5653061224489797,-0.0512409927942354,-0.0721903199343725,0.8275862068965517,0.2413793103448276,-0.0992578849721708,41,0.0245257408200089,0.6097560975609756,2.5264320056314693,174,0.0010316680865834,0.4367816091954023,1.041340184349096,61,0.0208696844728762,0.5245901639344263,2.213646426369211,415,0.0128352730923557,0.5349397590361445,1.6811503351090644,D58320,False,0.1262135922330098,True,history_line_win_ge_0.5
tp15%_D+S_same_close,D+S,same_close,958,2024,D,512980,传媒ETF,2024-01-10,2024-01-11,2024-03-12,2024-03-12,0.744,0.0689655172413794,0.0689655172413794,original,37,priority_CSD_g40_t060_r040_noskip,conservative_tp_center15_profit_first,76.54100529100529,0.1894802392781225,0.5571314740858291,0.631859410430839,-0.0530973451327434,-0.0855978260869564,0.896551724137931,0.2758620689655172,-0.0987525987525986,32,-0.0149705001816935,0.1875,0.4936106423178697,174,0.0010316680865834,0.4367816091954023,1.041340184349096,36,-0.0096644176678036,0.1944444444444444,0.656526993606548,414,0.0125285092890484,0.533816425120773,1.6632687025820596,D58320,False,0.0689655172413794,True,history_line_win_ge_0.5
tp15%_D+S_same_close,D+S,same_close,959,2024,D,512720,计算机ETF,2024-01-11,2024-01-12,2024-03-12,2024-03-12,0.928,0.1153846153846154,0.1153846153846154,original,36,priority_CSD_g40_t060_r040_noskip,conservative_tp_center15_profit_first,63.35459183673469,0.2384606300717607,0.5158082149064845,0.5169690098261527,-0.0353356890459362,-0.0735930735930736,0.8275862068965517,0.1724137931034483,-0.0888468809073724,41,0.0245257408200089,0.6097560975609756,2.5264320056314693,174,0.0010316680865834,0.4367816091954023,1.041340184349096,61,0.0208696844728762,0.5245901639344263,2.213646426369211,413,0.0123542665978821,0.5326876513317191,1.652464346669798,D58320,False,0.1153846153846154,True,history_line_win_ge_0.5
tp15%_D+S_same_close,D+S,same_close,960,2024,D,512720,计算机ETF,2024-01-12,2024-01-15,2024-03-12,2024-03-04,0.947,0.1275820170109356,0.1506682867557716,take_profit_15%,29,priority_CSD_g40_t060_r040_noskip,conservative_tp_center15_profit_first,71.01615646258503,0.2623405926333811,0.5536294606384192,0.5441798941798942,-0.0260989010989011,-0.0652631578947368,0.8620689655172413,0.2068965517241379,-0.0935192780968007,41,0.0245257408200089,0.6097560975609756,2.5264320056314693,174,0.0010316680865834,0.4367816091954023,1.041340184349096,61,0.0208696844728762,0.5245901639344263,2.213646426369211,412,0.0122022838349241,0.5315533980582524,1.6428773180554197,D58320,False,0.1506682867557716,True,history_line_win_ge_0.5
tp15%_D+S_same_close,D+S,same_close,961,2024,D,512720,计算机ETF,2024-01-15,2024-01-16,2024-03-12,2024-03-01,0.946,0.1330891330891332,0.1550671550671551,take_profit_15%,27,priority_CSD_g40_t060_r040_noskip,conservative_tp_center15_profit_first,67.17545351473923,0.2488498628222305,0.5828238769061682,0.467989417989418,-0.033101045296167,-0.0534442548096256,0.8275862068965517,0.2068965517241379,-0.095617529880478,41,0.0245257408200089,0.6097560975609756,2.5264320056314693,174,0.0010316680865834,0.4367816091954023,1.041340184349096,61,0.0208696844728762,0.5245901639344263,2.213646426369211,411,0.0122833207690818,0.5328467153284672,1.6473229258696354,D58320,False,0.1550671550671551,True,history_line_win_ge_0.5
tp15%_D+S_same_close,D+S,same_close,962,2024,D,512720,计算机ETF,2024-01-16,2024-01-17,2024-03-12,2024-03-01,0.946,0.1542288557213931,0.1766169154228853,take_profit_15%,26,priority_CSD_g40_t060_r040_noskip,conservative_tp_center15_profit_first,64.58427815570673,0.3175173813765928,0.5505350112313284,0.4449735449735451,-0.0259515570934256,-0.0316402997502082,0.7931034482758621,0.1379310344827586,-0.0969455511288179,41,0.0245257408200089,0.6097560975609756,2.5264320056314693,174,0.0010316680865834,0.4367816091954023,1.041340184349096,61,0.0208696844728762,0.5245901639344263,2.213646426369211,410,0.0123919582941677,0.5341463414634147,1.6541648850178063,D58320,False,0.1766169154228853,True,history_line_win_ge_0.5
tp15%_D+S_same_close,D+S,same_close,963,2024,D,159663,机床ETF,2024-01-17,2024-01-18,2024-03-12,2024-03-12,0.464,0.0917647058823529,0.0917647058823529,original,32,priority_CSD_g40_t060_r040_noskip,conservative_tp_center15_profit_first,79.12417154031326,0.2341347371347808,0.6158091390926181,0.6540816326530613,-0.0432357043235702,-0.0635850846103928,0.8620689655172413,0.2758620689655172,-0.1176470588235295,23,0.0571445481600049,0.7391304347826086,17.403613452623322,174,0.0010316680865834,0.4367816091954023,1.041340184349096,31,0.0477982408889464,0.7419354838709677,12.174983597657636,409,0.0122417729540579,0.5330073349633252,1.644660493795427,D58320,False,0.0917647058823529,True,history_line_win_ge_0.5
tp15%_D+S_same_close,D+S,same_close,964,2024,D,159663,机床ETF,2024-01-18,2024-01-19,2024-03-12,2024-03-12,0.464,0.1127098321342927,0.1127098321342927,original,31,priority_CSD_g40_t060_r040_noskip,conservative_tp_center15_profit_first,69.88482086539071,0.2391804612787623,0.5712663776365788,0.6168178382464098,-0.0390763765541739,-0.0528541226215644,0.8275862068965517,0.1379310344827586,-0.1184079601990049,23,0.0571445481600049,0.7391304347826086,17.403613452623322,174,0.0010316680865834,0.4367816091954023,1.041340184349096,31,0.0477982408889464,0.7419354838709677,12.174983597657636,408,0.0120711855538839,0.5318627450980392,1.6341230165706149,D58320,False,0.1127098321342927,True,history_line_win_ge_0.5
tp15%_D+S_same_close,D+S,same_close,965,2024,D,159663,机床ETF,2024-01-19,2024-01-22,2024-03-12,2024-03-06,0.456,0.1717171717171717,0.1515151515151516,take_profit_15%,26,priority_CSD_g40_t060_r040_noskip,conservative_tp_center15_profit_first,77.08759455028115,0.2181887534372208,0.6109649298169909,0.6301209372637945,-0.0407801418439714,-0.060126582278481,0.896551724137931,0.2413793103448276,-0.116417910447761,23,0.0571445481600049,0.7391304347826086,17.403613452623322,174,0.0010316680865834,0.4367816091954023,1.041340184349096,31,0.0477982408889464,0.7419354838709677,12.174983597657636,407,0.0119055667110998,0.5307125307125307,1.623889835563112,D58320,False,0.1515151515151516,True,history_line_win_ge_0.5
tp15%_D+S_same_close,D+S,same_close,966,2024,D,159663,机床ETF,2024-01-22,2024-01-23,2024-03-12,2024-03-12,0.464,0.15136476426799,0.15136476426799,take_profit_15%,29,priority_CSD_g40_t060_r040_noskip,conservative_tp_center15_profit_first,92.7230379632291,0.1294089133565766,0.6184555461337674,0.8694255479969766,-0.0775455158462575,-0.0975954738330975,0.9310344827586208,0.4137931034482758,-0.1422885572139303,23,0.0571445481600049,0.7391304347826086,17.403613452623322,174,0.0010316680865834,0.4367816091954023,1.041340184349096,31,0.0477982408889464,0.7419354838709677,12.174983597657636,406,0.0115191722303677,0.5295566502463054,1.6021583782295974,D58320,False,0.15136476426799,True,history_line_win_ge_0.5
tp15%_D+S_same_close,D+S,same_close,967,2024,D,510880,红利ETF,2024-01-23,2024-01-24,2024-03-12,2024-03-12,3.086,0.0881523272214386,0.0881523272214386,original,28,priority_CSD_g40_t060_r040_noskip,conservative_tp_center15_profit_first,81.9831821617536,0.1435338173751167,0.6075338781872718,0.7118669690098262,-0.0647590361445783,-0.1127717391304347,0.9310344827586208,0.3448275862068966,-0.135972461273666,0,,,,174,0.0010316680865834,0.4367816091954023,1.041340184349096,22,0.0150207312345956,0.7727272727272727,5.897148263736685,405,0.0110704405264386,0.528395061728395,1.5772758034225154,D58320,False,0.0881523272214386,True,history_line_win_ge_0.5
tp15%_D+S_same_close,D+S,same_close,968,2024,D,159663,机床ETF,2024-01-24,2024-01-25,2024-03-12,2024-03-12,0.464,0.1127098321342927,0.1127098321342927,original,27,priority_CSD_g40_t060_r040_noskip,conservative_tp_center15_profit_first,71.71387309568127,0.1797231797229025,0.6135040553431507,0.6148526077097505,-0.0478723404255317,-0.0930232558139535,0.896551724137931,0.1724137931034483,-0.1273666092943201,23,0.0571445481600049,0.7391304347826086,17.403613452623322,174,0.0010316680865834,0.4367816091954023,1.041340184349096,31,0.0477982408889464,0.7419354838709677,12.174983597657636,404,0.0108874239416827,0.5272277227722773,1.5663304685183268,D58320,False,0.1127098321342927,True,history_line_win_ge_0.5
tp15%_D+S_same_close,D+S,same_close,969,2024,D,159663,机床ETF,2024-01-25,2024-01-26,2024-03-12,2024-03-12,0.464,0.1289537712895379,0.1289537712895379,original,26,priority_CSD_g40_t060_r040_noskip,conservative_tp_center15_profit_first,66.27749932093215,0.2680221638516913,0.592754541506334,0.5215797430083144,-0.0218102508178844,-0.0681003584229391,0.7241379310344828,0.2068965517241379,-0.1058244462674323,23,0.0571445481600049,0.7391304347826086,17.403613452623322,174,0.0010316680865834,0.4367816091954023,1.041340184349096,31,0.0477982408889464,0.7419354838709677,12.174983597657636,403,0.01072822348507,0.5260545905707196,1.556668037788873,D58320,False,0.1289537712895379,True,history_line_win_ge_0.5
tp15%_D+S_same_close,D+S,same_close,970,2024,D,159992,创新药ETF,2024-01-26,2024-01-29,2024-03-12,2024-03-12,0.737,0.0838235294117646,0.0838235294117646,original,25,priority_CSD_g40_t060_r040_noskip,conservative_tp_center15_profit_first,72.50283446712018,0.2585769316467965,0.6175913842982901,0.5373015873015874,-0.0455991516436903,-0.0708446866485013,0.6896551724137931,0.3103448275862069,-0.1127516778523489,1,0.0369458128078816,1.0,,174,0.0010316680865834,0.4367816091954023,1.041340184349096,13,0.0420260638305341,0.7692307692307693,5.739193891492834,402,0.0107886402649679,0.527363184079602,1.559390465005079,D58320,False,0.0838235294117646,True,history_line_win_ge_0.5
tp15%_D+S_same_close,D+S,same_close,971,2024,D,159663,机床ETF,2024-01-29,2024-01-30,2024-03-12,2024-03-01,0.451,0.1897435897435897,0.1564102564102563,take_profit_15%,17,priority_CSD_g40_t060_r040_noskip,conservative_tp_center15_profit_first,80.67240825561686,0.1880403777905077,0.7270345942541581,0.6508692365835224,-0.0656084656084655,-0.0969945355191256,0.7241379310344828,0.4137931034482758,-0.123489932885906,23,0.0571445481600049,0.7391304347826086,17.403613452623322,174,0.0010316680865834,0.4367816091954023,1.041340184349096,31,0.0477982408889464,0.7419354838709677,12.174983597657636,401,0.0104680526788579,0.5261845386533666,1.541417845305319,D58320,False,0.1564102564102563,True,history_line_win_ge_0.5
tp15%_D+S_same_close,D+S,same_close,972,2024,D,159663,机床ETF,2024-01-30,2024-01-31,2024-03-12,2024-02-26,0.444,0.2373333333333334,0.1839999999999999,take_profit_15%,12,priority_CSD_g40_t060_r040_noskip,conservative_tp_center15_profit_first,86.5358556228116,0.1387069375365353,0.7232467500922727,0.7684051398337114,-0.0825396825396824,-0.1294326241134751,0.8275862068965517,0.5172413793103449,-0.14496644295302,23,0.0571445481600049,0.7391304347826086,17.403613452623322,174,0.0010316680865834,0.4367816091954023,1.041340184349096,31,0.0477982408889464,0.7419354838709677,12.174983597657636,401,0.0104680526788579,0.5261845386533666,1.541417845305319,D58320,False,0.1839999999999999,True,history_line_win_ge_0.5
tp15%_D+S_same_close,D+S,same_close,973,2024,D,159663,机床ETF,2024-01-31,2024-02-01,2024-03-12,2024-02-26,0.444,0.2373333333333334,0.1839999999999999,take_profit_15%,11,priority_CSD_g40_t060_r040_noskip,conservative_tp_center15_profit_first,94.11418719443716,0.1087141776556739,0.6525828191156173,0.8857142857142858,-0.1119324181626187,-0.1515151515151516,0.8275862068965517,0.5517241379310345,-0.1706316652994258,23,0.0571445481600049,0.7391304347826086,17.403613452623322,174,0.0010316680865834,0.4367816091954023,1.041340184349096,31,0.0477982408889464,0.7419354838709677,12.174983597657636,400,0.0103688309610252,0.525,1.5349486301745916,D58320,False,0.1839999999999999,True,history_line_win_ge_0.5
tp15%_D+S_same_close,D+S,same_close,974,2024,D,159663,机床ETF,2024-02-01,2024-02-02,2024-03-12,2024-02-23,0.418,0.288888888888889,0.1611111111111112,take_profit_15%,9,priority_CSD_g40_t060_r040_noskip,conservative_tp_center15_profit_first,86.76983412260391,0.0984570627647124,0.6312243459898735,0.8656462585034015,-0.1003500583430571,-0.1619433198380566,0.8620689655172413,0.5517241379310345,-0.1733931240657698,23,0.0571445481600049,0.7391304347826086,17.403613452623322,174,0.0010316680865834,0.4367816091954023,1.041340184349096,31,0.0477982408889464,0.7419354838709677,12.174983597657636,399,0.0099647487500602,0.5238095238095238,1.5128159714562652,D58320,False,0.1611111111111112,True,history_line_win_ge_0.5
tp15%_D+S_same_close,D+S,same_close,975,2024,D,159663,机床ETF,2024-02-02,2024-02-05,2024-03-12,2024-02-22,0.409,0.3181818181818183,0.1619318181818181,take_profit_15%,7,priority_CSD_g40_t060_r040_noskip,conservative_tp_center15_profit_first,96.97656840513984,0.0866003157622057,0.6272363442136756,0.9410808767951626,-0.1181525241675618,-0.1699115044247787,0.8620689655172413,0.5862068965517241,-0.1819407008086253,23,0.0571445481600049,0.7391304347826086,17.403613452623322,174,0.0010316680865834,0.4367816091954023,1.041340184349096,31,0.0477982408889464,0.7419354838709677,12.174983597657636,398,0.0096079462148276,0.5226130653266332,1.4932146060924347,D58320,False,0.1619318181818181,True,history_line_win_ge_0.5
tp15%_D+S_same_close,D+S,same_close,976,2024,D,159663,机床ETF,2024-02-05,2024-02-06,2024-03-12,2024-02-26,0.444,0.2608695652173913,0.2065217391304348,take_profit_15%,8,priority_CSD_g40_t060_r040_noskip,conservative_tp_center15_profit_first,97.23434477369102,0.078426399731071,0.6267031912358333,0.9547996976568404,-0.1152542372881355,-0.1646525679758308,0.8620689655172413,0.5862068965517241,-0.1970149253731341,23,0.0571445481600049,0.7391304347826086,17.403613452623322,174,0.0010316680865834,0.4367816091954023,1.041340184349096,31,0.0477982408889464,0.7419354838709677,12.174983597657636,397,0.0090388654876008,0.5214105793450882,1.462835565902407,D58320,False,0.2065217391304348,True,history_line_win_ge_0.5
tp15%_D+S_same_close,D+S,same_close,977,2024,D,159663,机床ETF,2024-02-06,2024-02-07,2024-03-12,2024-02-26,0.444,0.2114882506527415,0.1592689295039164,take_profit_15%,7,priority_CSD_g40_t060_r040_noskip,conservative_tp_center15_profit_first,80.7368255931314,0.1390736103850156,0.6628154879223755,0.7936130007558578,-0.073713490959666,-0.1229135053110774,0.7931034482758621,0.4137931034482758,-0.1501230516817063,23,0.0571445481600049,0.7391304347826086,17.403613452623322,174,0.0010316680865834,0.4367816091954023,1.041340184349096,31,0.0477982408889464,0.7419354838709677,12.174983597657636,396,0.009113051973809,0.5227272727272727,1.4666831474238038,D58320,False,0.1592689295039164,True,history_line_win_ge_0.5
tp15%_D+S_same_close,D+S,same_close,978,2024,D,159663,机床ETF,2024-02-07,2024-02-08,2024-03-12,2024-03-04,0.454,0.1776649746192893,0.1522842639593908,take_profit_15%,11,priority_CSD_g40_t060_r040_noskip,conservative_tp_center15_profit_first,74.31422138481616,0.2267554092364145,0.6034792381757477,0.6888510959939532,-0.0387038703870386,-0.1119023397761953,0.5172413793103449,0.1724137931034483,-0.1238720262510254,23,0.0571445481600049,0.7391304347826086,17.403613452623322,174,0.0010316680865834,0.4367816091954023,1.041340184349096,31,0.0477982408889464,0.7419354838709677,12.174983597657636,395,0.0088947928913354,0.5215189873417722,1.4543557421555706,D58320,False,0.1522842639593908,True,history_line_win_ge_0.5
tp15%_D+S_same_close,D+S,same_close,979,2024,D,159663,机床ETF,2024-02-08,2024-02-19,2024-03-12,2024-03-11,0.463,0.1599999999999999,0.1574999999999999,take_profit_15%,15,priority_CSD_g40_t060_r040_noskip,conservative_tp_center15_profit_first,71.77670315477178,0.2385218446265455,0.5524649794906529,0.6538548752834469,-0.0313901345291479,-0.1132376395534289,0.2758620689655172,0.1379310344827586,-0.1140278917145201,23,0.0571445481600049,0.7391304347826086,17.403613452623322,174,0.0010316680865834,0.4367816091954023,1.041340184349096,31,0.0477982408889464,0.7419354838709677,12.174983597657636,394,0.0088637095000733,0.5203045685279187,1.451621720536681,D58320,False,0.1574999999999999,True,history_line_win_ge_0.5
tp15%_D+S_same_close,D+S,same_close,980,2024,D,159663,机床ETF,2024-02-19,2024-02-20,2024-03-12,2024-03-11,0.463,0.1571072319201996,0.1546134663341645,take_profit_15%,14,priority_CSD_g40_t060_r040_noskip,conservative_tp_center15_profit_first,68.36864798044923,0.3119243393347907,0.5489836962098432,0.5993953136810279,-0.0113314447592067,-0.0965463108320251,0.2068965517241379,0.1379310344827586,-0.1093333333333332,23,0.0571445481600049,0.7391304347826086,17.403613452623322,174,0.0010316680865834,0.4367816091954023,1.041340184349096,31,0.0477982408889464,0.7419354838709677,12.174983597657636,387,0.0085563880680331,0.524547803617571,1.434071023714118,D58320,False,0.1546134663341645,True,history_line_win_ge_0.5
tp15%_D+S_same_close,D+S,same_close,981,2024,D,512720,计算机ETF,2024-02-20,2024-02-21,2024-03-12,2024-03-01,0.946,0.1386503067484663,0.1607361963190183,take_profit_15%,7,priority_CSD_g40_t060_r040_noskip,conservative_tp_center15_profit_first,65.3051776266062,0.3193777415072288,0.5370359709346786,0.5380952380952382,-0.009417808219178,-0.0918367346938775,0.2068965517241379,0.1379310344827586,-0.0999999999999999,41,0.0245257408200089,0.6097560975609756,2.5264320056314693,174,0.0010316680865834,0.4367816091954023,1.041340184349096,55,0.0230537215418407,0.5454545454545454,2.290217834195582,387,0.0085563880680331,0.524547803617571,1.434071023714118,D58320,False,0.1607361963190183,True,history_line_win_ge_0.5
tp15%_D+S_same_close,D+S,same_close,982,2024,D,159663,机床ETF,2024-02-21,2024-02-22,2024-03-12,2024-03-12,0.464,0.1344743276283619,0.1344743276283619,original,13,priority_CSD_g40_t060_r040_noskip,conservative_tp_center15_profit_first,65.42674603477674,0.3627233044480407,0.478404851642619,0.5512093726379441,-0.0017196904557179,-0.0861538461538461,0.1379310344827586,0.1034482758620689,-0.0957943925233645,23,0.0571445481600049,0.7391304347826086,17.403613452623322,174,0.0010316680865834,0.4367816091954023,1.041340184349096,31,0.0477982408889464,0.7419354838709677,12.174983597657636,387,0.0085563880680331,0.524547803617571,1.434071023714118,D58320,False,0.1344743276283619,True,history_line_win_ge_0.5
tp15%_D+S_same_close,D+S,same_close,983,2024,D,159663,机床ETF,2024-02-22,2024-02-23,2024-03-12,2024-03-12,0.464,0.1100478468899521,0.1100478468899521,original,12,priority_CSD_g40_t060_r040_noskip,conservative_tp_center15_profit_first,61.471237659421234,0.4769130432933808,0.4084450585315007,0.5063492063492063,0.0305164319248827,-0.081203007518797,0.1034482758620689,0.0,-0.0872274143302181,23,0.0571445481600049,0.7391304347826086,17.403613452623322,174,0.0010316680865834,0.4367816091954023,1.041340184349096,31,0.0477982408889464,0.7419354838709677,12.174983597657636,387,0.0085563880680331,0.524547803617571,1.434071023714118,D58320,False,0.1100478468899521,True,history_line_win_ge_0.5
tp15%_D+S_same_close,D+S,same_close,984,2024,D,159992,创新药ETF,2024-02-23,2024-02-26,2024-03-12,2024-03-12,0.737,0.0336605890603085,0.0336605890603085,original,11,priority_CSD_g40_t060_r040_noskip,conservative_tp_center15_profit_first,61.58021541950114,0.5059085498141358,0.4028957786451611,0.5150037792894937,0.0365135453474676,-0.0728376327769347,0.1034482758620689,0.0344827586206896,-0.0864485981308411,1,0.0369458128078816,1.0,,174,0.0010316680865834,0.4367816091954023,1.041340184349096,13,0.0420260638305341,0.7692307692307693,5.739193891492834,387,0.0085563880680331,0.524547803617571,1.434071023714118,D58320,False,0.0336605890603085,True,history_line_win_ge_0.5
tp15%_D+S_same_close,D+S,same_close,985,2024,S,159930,能源ETF,2024-02-26,2024-02-27,2024-03-12,2024-03-12,1.433,-0.0184931506849314,-0.0184931506849314,original,10,priority_CSD_g40_t060_r040_noskip,conservative_tp_center15_profit_first,0.92,0.4917220766090253,0.3600313777489667,0.5382086167800454,0.0428189116859947,-0.0820995962314938,0.1,0.0,-0.0806697108066971,29,0.0209671779206225,0.6206896551724138,3.0420135379548485,163,-0.0074199918506382,0.4171779141104294,0.67696214766636,29,0.0209671779206225,0.6206896551724138,3.0420135379548485,262,0.0012211929424393,0.4580152671755725,1.0585148088397347,S10206,False,0.0,False,history_line_win_ge_0.5
tp15%_D+S_same_close,D+S,same_close,986,2024,S,159930,能源ETF,2024-02-27,2024-02-28,2024-03-13,2024-03-13,1.43,-0.0205479452054794,-0.0205479452054794,original,10,priority_CSD_g40_t060_r040_noskip,conservative_tp_center15_profit_first,0.9292307692307692,0.6237928858025515,0.3389312337898607,0.4632275132275132,0.0918484500574052,-0.0568421052631578,0.0333333333333333,0.0,-0.0705521472392638,29,0.0209671779206225,0.6206896551724138,3.0420135379548485,163,-0.0077734969183829,0.4171779141104294,0.6615718992439891,29,0.0209671779206225,0.6206896551724138,3.0420135379548485,263,0.0013795045390731,0.4600760456273764,1.0663527757960818,S10206,False,0.0,False,history_line_win_ge_0.5
tp15%_D+S_same_close,D+S,same_close,987,2024,S,159930,能源ETF,2024-02-28,2024-02-29,2024-03-14,2024-03-14,1.44,-0.0130226182316656,-0.0130226182316656,original,10,priority_CSD_g40_t060_r040_noskip,conservative_tp_center15_profit_first,0.9210526315789472,0.512298459051658,0.3501696974435342,0.6141345427059712,0.062578222778473,-0.0769230769230769,0.1,0.0,-0.0907668231611894,30,0.0228248108296597,0.6333333333333333,3.299582951056152,163,-0.00819148109639,0.4171779141104294,0.6433744788302136,30,0.0228248108296597,0.6333333333333333,3.299582951056152,264,0.0016647949203332,0.4621212121212121,1.0803794226599477,S10206,False,0.0,False,history_line_win_ge_0.5
tp15%_D+S_same_close,D+S,same_close,988,2024,S,159930,能源ETF,2024-02-29,2024-03-01,2024-03-15,2024-03-15,1.43,-0.0212183436002738,-0.0212183436002738,original,10,priority_CSD_g40_t060_r040_noskip,conservative_tp_center15_profit_first,0.930344827586207,0.6504583488239774,0.3073041511211526,0.4379062736205593,0.0722477064220183,-0.0463276836158192,0.0666666666666666,0.0,-0.0634081902245707,30,0.0228248108296597,0.6333333333333333,3.299582951056152,163,-0.0080415812857493,0.4233128834355828,0.6498325659120964,30,0.0228248108296597,0.6333333333333333,3.299582951056152,265,0.0017479726623385,0.4641509433962264,1.0847150796688467,S10206,False,0.0,False,history_line_win_ge_0.5
tp15%_D+S_same_close,D+S,same_close,989,2024,S,159930,能源ETF,2024-03-01,2024-03-04,2024-03-18,2024-03-18,1.418,-0.0552964690206528,-0.0552964690206528,original,10,priority_CSD_g40_t060_r040_noskip,conservative_tp_center15_profit_first,0.8553333333333333,0.6586321893467341,0.2993076242332853,0.4034391534391535,0.0534324133050247,-0.0266666666666667,0.0333333333333333,0.0,-0.0604166666666665,30,0.0228248108296597,0.6333333333333333,3.299582951056152,164,-0.0078073718659735,0.4268292682926829,0.6579454225842338,30,0.0228248108296597,0.6333333333333333,3.299582951056152,266,0.0018555696205909,0.4661654135338345,1.0902690981917824,S10206,False,0.0,False,history_line_win_ge_0.5
tp15%_D+S_same_close,D+S,same_close,990,2024,S,159811,5G50ETF,2024-03-04,2024-03-05,2024-03-19,2024-03-19,1.03,0.0228401191658391,0.0228401191658391,original,10,priority_CSD_g40_t060_r040_noskip,conservative_tp_center15_profit_first,0.8506666666666667,0.6450372346496424,0.3068606950148391,0.4008314436885866,0.0555555555555555,-0.0319829424307035,0.0666666666666666,0.0,-0.0521920668058454,7,-0.0037581243916579,0.5714285714285714,0.6024993580101345,165,-0.0075216043862095,0.4303030303030303,0.6684560368957713,10,0.0288989596637104,0.7,5.366674824990279,267,0.0019959767092594,0.4681647940074906,1.097464608840232,S10206,False,0.0,False,history_line_win_ge_0.5
tp15%_D+S_same_close,D+S,same_close,991,2024,S,159811,5G50ETF,2024-03-05,2024-03-06,2024-03-20,2024-03-20,1.031,0.0268924302788844,0.0268924302788844,original,10,priority_CSD_g40_t060_r040_noskip,conservative_tp_center15_profit_first,0.8275862068965517,0.6312813317334404,0.2806552595436609,0.4329931972789116,0.066,-0.0477870429762667,0.0666666666666666,0.0,-0.0566037735849057,7,-0.0037581243916579,0.5714285714285714,0.6024993580101345,165,-0.007229823668618,0.4363636363636363,0.6797215828802614,10,0.0288989596637104,0.7,5.366674824990279,268,0.0020985755104129,0.4701492537313433,1.1028583629642843,S10206,False,0.0,False,history_line_win_ge_0.5
tp15%_D+S_same_close,D+S,same_close,992,2024,S,159811,5G50ETF,2024-03-06,2024-03-07,2024-03-21,2024-03-21,1.023,0.0385786802030456,0.0385786802030456,original,10,priority_CSD_g40_t060_r040_noskip,conservative_tp_center15_profit_first,0.8329032258064516,0.6674752212822227,0.2751465221033832,0.3436130007558579,0.0927384076990376,-0.0464816010329243,0.0666666666666666,0.0,-0.0404255319148935,7,-0.0037581243916579,0.5714285714285714,0.6024993580101345,165,-0.0074268750823564,0.4363636363636363,0.6709922807871426,10,0.0288989596637104,0.7,5.366674824990279,269,0.0022188744631525,0.4721189591078067,1.1091604269080508,S10206,False,0.0,False,history_line_win_ge_0.5
tp15%_D+S_same_close,D+S,same_close,993,2024,S,159811,5G50ETF,2024-03-07,2024-03-08,2024-03-22,2024-03-22,1.029,0.0039024390243902,0.0039024390243902,original,10,priority_CSD_g40_t060_r040_noskip,conservative_tp_center15_profit_first,0.8110344827586207,0.6654548332756794,0.2307481576515256,0.3780045351473922,0.0886075949367086,-0.0341880341880341,0.1,0.0,-0.0476190476190476,6,-0.0053296580410552,0.5,0.5168085523250008,165,-0.0072567206643619,0.4363636363636363,0.6785300562792034,10,0.0288989596637104,0.7,5.366674824990279,270,0.0023356436557846,0.4740740740740741,1.115332196113806,S10206,False,0.0,False,history_line_win_ge_0.5
tp15%_D+S_same_close,D+S,same_close,994,2024,S,159811,5G50ETF,2024-03-08,2024-03-11,2024-03-25,2024-03-25,1.004,-0.01953125,-0.01953125,original,10,priority_CSD_g40_t060_r040_noskip,conservative_tp_center15_profit_first,0.8554838709677419,0.6704910851327067,0.229507950861955,0.3054421768707483,0.1002979145978155,-0.0368589743589743,0.1333333333333333,0.0,-0.0383999999999999,5,-0.0078839617422895,0.4,0.4043609586321366,165,-0.0072697985105017,0.4363636363636363,0.6779507127083255,10,0.0288989596637104,0.7,5.366674824990279,271,0.0023465232579849,0.4760147601476014,1.1162985680855264,S10206,False,0.0,False,history_line_win_ge_0.5
tp15%_D+S_same_close,D+S,same_close,995,2024,S,159811,5G50ETF,2024-03-11,2024-03-12,2024-03-26,2024-03-26,0.996,-0.01871921182266,-0.01871921182266,original,10,priority_CSD_g40_t060_r040_noskip,conservative_tp_center15_profit_first,0.812,0.7495303730691623,0.2113748991405717,0.2722600151171579,0.1393692777212616,-0.0176643768400391,0.0333333333333333,0.0,-0.0297253634894991,5,-0.0078839617422895,0.4,0.4043609586321366,165,-0.0065244417167578,0.4424242424242424,0.7030947745467045,10,0.0288989596637104,0.7,5.366674824990279,272,0.0024268432033125,0.4779411764705882,1.1207232268512064,S10206,False,0.0,False,history_line_win_ge_0.5
tp15%_D+S_same_close,D+S,same_close,996,2024,S,159663,机床ETF,2024-03-12,2024-03-13,2024-03-27,2024-03-27,0.437,-0.0561555075593952,-0.0561555075593952,original,10,priority_CSD_g40_t060_r040_noskip,conservative_tp_center15_profit_first,0.7615384615384615,0.8095803970296905,0.2232657943064798,0.3054421768707483,0.1609442060085837,0.0041551246537396,0.0333333333333333,0.0,-0.0297872340425531,0,,,,165,-0.0056459714645849,0.4484848484848485,0.7336849938100467,0,,,,273,0.0024808054807926,0.4798534798534798,1.1238612827133907,S10206,False,0.0,False,history_line_win_ge_0.5
tp15%_D+S_same_close,D+S,same_close,997,2024,S,159663,机床ETF,2024-03-13,2024-03-14,2024-03-28,2024-03-28,0.45,-0.0238611713665943,-0.0238611713665943,original,10,priority_CSD_g40_t060_r040_noskip,conservative_tp_center15_profit_first,0.7689473684210526,0.7442148705836638,0.2335700656485527,0.3229402872260014,0.0899653979238754,-0.0231788079470198,0.0333333333333333,0.0,-0.0379429288178112,0,,,,165,-0.0049258485424583,0.4484848484848485,0.7594827238707931,0,,,,274,0.0024042581955163,0.4781021897810219,1.1200730428748893,S10206,False,0.0,False,history_line_win_ge_0.5
tp15%_D+S_same_close,D+S,same_close,998,2024,S,512400,有色金属ETF,2024-03-14,2024-03-15,2024-03-29,2024-03-29,1.047,0.0135527589545014,0.0135527589545014,original,10,priority_CSD_g40_t060_r040_noskip,conservative_tp_center15_profit_first,0.7938461538461539,0.7389885670792098,0.2442141485229044,0.2531746031746032,0.0665584415584417,-0.018363939899833,0.0333333333333333,0.0,-0.0351207275007839,0,,,,165,-0.0041041604393797,0.4484848484848485,0.7912276009862382,0,,,,275,0.0023207956376945,0.4763636363636364,1.115893728081356,S10206,False,0.0,False,history_line_win_ge_0.5
tp15%_D+S_same_close,D+S,same_close,999,2024,S,512400,有色金属ETF,2024-03-15,2024-03-18,2024-04-01,2024-04-01,1.067,0.0309178743961353,0.0309178743961353,original,10,priority_CSD_g40_t060_r040_noskip,conservative_tp_center15_profit_first,0.8757894736842107,0.7594859698967239,0.2255774407169667,0.2185185185185185,0.0616740088105727,0.0068493150684931,0.0333333333333333,0.0,-0.0297029702970297,0,,,,165,-0.0032314691376167,0.4484848484848485,0.8279838570851307,0,,,,276,0.0022652035584576,0.4746376811594203,1.1132611231386187,S10206,False,0.0,False,history_line_win_ge_0.5
tp15%_D+S_same_close,D+S,same_close,1000,2024,S,512400,有色金属ETF,2024-03-18,2024-03-19,2024-04-02,2024-04-02,1.078,0.0486381322957198,0.0486381322957198,original,10,priority_CSD_g40_t060_r040_noskip,conservative_tp_center15_profit_first,0.8705555555555555,0.7813636820877631,0.2013593667632122,0.1890022675736962,0.0649953574744661,0.0242774566473988,0.0333333333333333,0.0,-0.0185387131952017,0,,,,165,-0.0027868516212921,0.4484848484848485,0.8480553633947154,0,,,,277,0.0021804254098702,0.4729241877256318,1.1089982062235495,S10206,False,0.0,False,history_line_win_ge_0.5
tp15%_D+S_same_close,D+S,same_close,1001,2024,S,512400,有色金属ETF,2024-03-19,2024-03-20,2024-04-03,2024-04-03,1.114,0.0847127555988318,0.0847127555988318,original,10,priority_CSD_g40_t060_r040_noskip,conservative_tp_center15_profit_first,0.851764705882353,0.7413194190136355,0.188635120017847,0.2770219198790628,0.0466724286949007,0.0197444831591173,0.0333333333333333,0.0,-0.0246153846153845,0,,,,165,-0.0027357666444713,0.4484848484848485,0.8504240098467108,0,,,,278,0.0019736739910553,0.4712230215827338,1.09804063856064,S10206,False,0.0,False,history_line_win_ge_0.5
tp15%_D+S_same_close,D+S,same_close,1002,2024,S,512400,有色金属ETF,2024-03-20,2024-03-21,2024-04-08,2024-04-08,1.111,0.0775945683802135,0.0775945683802135,original,10,priority_CSD_g40_t060_r040_noskip,conservative_tp_center15_profit_first,0.8164705882352941,0.74158335495606,0.1970810075302038,0.1950869236583523,0.0408673894912425,0.0289351851851851,0.0333333333333333,0.0,-0.0194871794871794,0,,,,165,-0.0026911761998939,0.4484848484848485,0.8528619589724236,0,,,,279,0.0020484641171298,0.4731182795698925,1.1021218047752062,S10206,False,0.0,False,history_line_win_ge_0.5
tp15%_D+S_same_close,D+S,same_close,1003,2024,S,512400,有色金属ETF,2024-03-21,2024-03-22,2024-04-09,2024-04-09,1.115,0.1094527363184081,0.1094527363184081,original,10,priority_CSD_g40_t060_r040_noskip,conservative_tp_center15_profit_first,0.8476470588235294,0.7305185593746054,0.2007205026129003,0.2093726379440665,0.0325318246110326,0.0320188742837883,0.0333333333333333,0.0,-0.0215384615384615,0,,,,165,-0.0025965444738929,0.4484848484848485,0.8580358776416628,0,,,,280,0.0021371925677075,0.475,1.1069270545676817,S10206,False,0.0,False,history_line_win_ge_0.5
tp15%_D+S_same_close,D+S,same_close,1004,2024,S,512980,传媒ETF,2024-03-22,2024-03-25,2024-04-10,2024-04-10,0.706,-0.0878552971576228,-0.0878552971576228,original,10,priority_CSD_g40_t060_r040_noskip,conservative_tp_center15_profit_first,0.8506666666666667,0.6900165694364041,0.1816630387604346,0.3315948601662887,0.0189300411522632,0.0282021151586369,0.0333333333333333,0.0,-0.0326086956521739,5,-0.1004776114023199,0.0,,165,-0.0022486766917566,0.4545454545454545,0.8762837918461865,49,0.0099146106770075,0.5510204081632653,1.330616386430394,281,0.0022668775770859,0.4768683274021352,1.1138204514498968,S10206,False,0.0,False,history_line_win_ge_0.5
tp15%_D+S_same_close,D+S,same_close,1005,2024,S,162411,华宝油气LOF,2024-03-25,2024-03-26,2024-04-11,2024-04-11,0.883,0.0474495848161329,0.0474495848161329,original,10,priority_CSD_g40_t060_r040_noskip,conservative_tp_center15_profit_first,0.9028571428571428,0.6179989230028721,0.1715715787168681,0.396485260770975,0.01593115371029,-0.0035026269702276,0.0333333333333333,0.0,-0.0444444444444445,22,0.0221872440614396,0.7272727272727273,4.192469122028701,165,-0.0020745481696494,0.4606060606060606,0.8849110741363568,23,0.0204116524507588,0.6956521739130435,3.736648953577486,282,0.0022726774403743,0.4787234042553192,1.114517755268021,S10206,False,0.0,False,history_line_win_ge_0.5
tp15%_D+S_same_close,D+S,same_close,1006,2024,S,162411,华宝油气LOF,2024-03-26,2024-03-27,2024-04-12,2024-04-12,0.883,0.0664251207729469,0.0664251207729469,original,10,priority_CSD_g40_t060_r040_noskip,conservative_tp_center15_profit_first,0.9130434782608696,0.6257637710902836,0.181817384452408,0.3419879062736206,0.0027651082183824,0.0192982456140351,0.0333333333333333,0.0,-0.0410958904109587,22,0.0221872440614396,0.7272727272727273,4.192469122028701,165,-0.001986249098374,0.4606060606060606,0.8892671798767595,23,0.0204116524507588,0.6956521739130435,3.736648953577486,283,0.0021956317603729,0.4770318021201413,1.1106417002601443,S10206,False,0.0,False,history_line_win_ge_0.5
tp15%_D+S_same_close,D+S,same_close,1007,2024,S,518880,黄金ETF,2024-03-27,2024-03-28,2024-04-15,2024-04-15,5.417,0.0771525154106183,0.0771525154106183,original,10,priority_CSD_g40_t060_r040_noskip,conservative_tp_center15_profit_first,0.8533333333333333,0.5258759103770306,0.2282747814216376,0.4803099017384731,0.0059575562929183,-0.0083932853717026,0.1,0.0,-0.0675453047775948,8,-0.0010816092829358,0.375,0.6730430142025333,165,-0.001923578690876,0.4606060606060606,0.8923850459056217,8,-0.0010816092829358,0.375,0.6730430142025333,284,0.0021219879449397,0.4753521126760563,1.106952015560598,S10206,False,0.0,False,history_line_win_ge_0.5
tp15%_D+S_same_close,D+S,same_close,1008,2024,S,162411,华宝油气LOF,2024-03-28,2024-03-29,2024-04-16,2024-04-16,0.84,-0.0277777777777777,-0.0277777777777777,original,10,priority_CSD_g40_t060_r040_noskip,conservative_tp_center15_profit_first,0.8757142857142857,0.5539183727523276,0.2214523033951536,0.3816326530612244,-0.0055284556985228,-0.001199040767386,0.1,0.0,-0.0609555189456343,22,0.0221872440614396,0.7272727272727273,4.192469122028701,165,-0.0021648174108678,0.4606060606060606,0.880501669149424,23,0.0204116524507588,0.6956521739130435,3.736648953577486,285,0.0019175055045736,0.4736842105263157,1.0960290106817654,S10206,False,0.0,False,history_line_win_ge_0.5
tp15%_D+S_same_close,D+S,same_close,1009,2024,S,162411,华宝油气LOF,2024-03-29,2024-04-01,2024-04-17,2024-04-17,0.838,-0.0498866213151928,-0.0498866213151928,original,10,priority_CSD_g40_t060_r040_noskip,conservative_tp_center15_profit_first,0.88,0.5917128265774995,0.2187704727752921,0.2759259259259259,-0.0022614636586777,0.0072376357056695,0.1,0.0,-0.0400262467191601,22,0.0221872440614396,0.7272727272727273,4.192469122028701,165,-0.0021627607610742,0.4606060606060606,0.8806016416152223,23,0.0204116524507588,0.6956521739130435,3.736648953577486,286,0.0018273702707584,0.472027972027972,1.0914526773977309,S10206,False,0.0,False,history_line_win_ge_0.5
tp15%_D+S_same_close,D+S,same_close,1010,2024,S,162411,华宝油气LOF,2024-04-01,2024-04-02,2024-04-18,2024-04-18,0.833,-0.0490867579908675,-0.0490867579908675,original,10,priority_CSD_g40_t060_r040_noskip,conservative_tp_center15_profit_first,0.8999999999999999,0.659446474453266,0.2362354337363874,0.2113378684807256,0.01411996108756,0.0185341196293176,0.0333333333333333,0.0,-0.0312499999999998,22,0.0221872440614396,0.7272727272727273,4.192469122028701,165,-0.0019699268269096,0.4666666666666667,0.8905786312120763,23,0.0204116524507588,0.6956521739130435,3.736648953577486,287,0.0018682252835937,0.4738675958188153,1.0938242233840696,S10206,False,0.0,False,history_line_win_ge_0.5
tp15%_D+S_same_close,D+S,same_close,1011,2024,S,512400,有色金属ETF,2024-04-02,2024-04-03,2024-04-19,2024-04-19,1.111,-0.0026929982046679,-0.0026929982046679,original,10,priority_CSD_g40_t060_r040_noskip,conservative_tp_center15_profit_first,0.8864000000000001,0.6387194912024763,0.2253639218422866,0.2411186696900983,0.0133752699463078,0.0,0.0333333333333333,0.0,-0.0333333333333332,2,0.0222353166753183,1.0,,165,-0.0017547192958559,0.4727272727272727,0.9023816448435276,2,0.0222353166753183,1.0,,288,0.00196909212079,0.4756944444444444,1.099234425186997,S10206,False,0.0,False,history_line_win_ge_0.5
tp15%_D+S_same_close,D+S,same_close,1012,2024,S,512400,有色金属ETF,2024-04-03,2024-04-08,2024-04-22,2024-04-22,1.086,-0.0225022502250223,-0.0225022502250223,original,10,priority_CSD_g40_t060_r040_noskip,conservative_tp_center15_profit_first,0.8976,0.6275070301036916,0.2360474985442101,0.2203325774754346,0.0030898434426873,0.0203389830508475,0.0666666666666666,0.0,-0.0225641025641025,3,0.0310362552154521,1.0,,165,-0.0014903980433251,0.4727272727272727,0.9170863363379969,3,0.0310362552154521,1.0,,289,0.0021305766888694,0.4775086505190311,1.1077454278408605,S10206,False,0.0,False,history_line_win_ge_0.5
tp15%_D+S_same_close,D+S,same_close,1013,2024,S,161226,白银LOF,2024-04-08,2024-04-09,2024-04-23,2024-04-23,0.863,-0.0325112107623318,-0.0325112107623318,original,10,priority_CSD_g40_t060_r040_noskip,conservative_tp_center15_profit_first,0.9066666666666666,0.5666666666666667,0.2373485638458027,0.3845804988662131,0.0,0.0,0.1,0.0,-0.0408163265306122,7,-0.0049386793938775,0.4285714285714285,0.6338274494892462,163,-0.0010265728490771,0.4785276073619632,0.9429377495461916,8,-0.0069510779899794,0.375,0.5183272613782761,290,0.0024153428230417,0.4793103448275862,1.1225689922683375,S10206,False,0.0,False,history_line_win_ge_0.5
tp15%_D+S_same_close,D+S,same_close,1014,2024,S,161226,白银LOF,2024-04-09,2024-04-10,2024-04-24,2024-04-24,0.876,-0.0212290502793296,-0.0212290502793296,original,10,priority_CSD_g40_t060_r040_noskip,conservative_tp_center15_profit_first,0.9126315789473683,0.5811380264131677,0.2117508529816528,0.2727891156462585,0.0,0.0139275766016713,0.0666666666666666,0.0,-0.0324228860473895,7,-0.0049386793938775,0.4285714285714285,0.6338274494892462,163,-0.0005198832467282,0.4846625766871165,0.9710528734331344,8,-0.0069510779899794,0.375,0.5183272613782761,291,0.00267369067719,0.4810996563573883,1.1361469720598745,S10206,False,0.0,False,history_line_win_ge_0.5
tp15%_D+S_same_close,D+S,same_close,1015,2024,S,161226,白银LOF,2024-04-10,2024-04-11,2024-04-25,2024-04-25,0.876,-0.0157303370786516,-0.0157303370786516,original,10,priority_CSD_g40_t060_r040_noskip,conservative_tp_center15_profit_first,0.8976470588235294,0.5134859639475132,0.2130947076943709,0.3961073318216176,-0.0195200663016726,0.0085714285714286,0.0666666666666666,0.1666666666666666,-0.0434758079075644,7,-0.0049386793938775,0.4285714285714285,0.6338274494892462,163,0.0004174003601353,0.4907975460122699,1.0235899929085053,8,-0.0069510779899794,0.375,0.5183272613782761,292,0.0030393723403449,0.4828767123287671,1.1552996920618424,S10206,False,0.0,False,history_line_win_ge_0.5
tp15%_D+S_same_close,D+S,same_close,1016,2024,S,161226,白银LOF,2024-04-11,2024-04-12,2024-04-26,2024-04-26,0.886,-0.0411255411255411,-0.0411255411255411,original,10,priority_CSD_g40_t060_r040_noskip,conservative_tp_center15_profit_first,0.8787499999999999,0.5549659259612235,0.2489024753850509,0.3478835978835979,-0.0205330085813814,0.0404624277456648,0.1333333333333333,0.2,-0.0424744609228388,7,-0.0049386793938775,0.4285714285714285,0.6338274494892462,163,-0.000560547815903,0.4846625766871165,0.9692563260598808,8,-0.0069510779899794,0.375,0.5183272613782761,293,0.0027291516253347,0.4812286689419795,1.1378076450537904,S10206,False,0.0,False,history_line_win_ge_0.5
tp15%_D+S_same_close,D+S,same_close,1017,2024,S,161226,白银LOF,2024-04-12,2024-04-15,2024-04-29,2024-04-29,0.876,-0.0488599348534202,-0.0488599348534202,original,10,priority_CSD_g40_t060_r040_noskip,conservative_tp_center15_profit_first,0.8975,0.4906991685751135,0.2834444285426589,0.412509448223734,-0.0268702313338741,0.0216763005780347,0.1666666666666666,0.2333333333333333,-0.0515769941549335,7,-0.0049386793938775,0.4285714285714285,0.6338274494892462,163,-0.0005121665466404,0.4846625766871165,0.9719098337978818,8,-0.0069510779899794,0.375,0.5183272613782761,294,0.0028812619423102,0.4829931972789115,1.145984954692657,S10206,False,0.0,False,history_line_win_ge_0.5
tp15%_D+S_same_close,D+S,same_close,1018,2024,S,161226,白银LOF,2024-04-15,2024-04-16,2024-04-30,2024-04-30,0.867,-0.0441014332965822,-0.0441014332965822,original,10,priority_CSD_g40_t060_r040_noskip,conservative_tp_center15_profit_first,0.908421052631579,0.5431989444272111,0.2986227468533163,0.2964096749811036,-0.0181719902733162,0.0350877192982457,0.1666666666666666,0.1666666666666666,-0.0416721204188482,7,-0.0049386793938775,0.4285714285714285,0.6338274494892462,163,-0.0003917145409798,0.4846625766871165,0.978516116228039,8,-0.0069510779899794,0.375,0.5183272613782761,295,0.0030966648536005,0.4847457627118644,1.157432447488734,S10206,False,0.0,False,history_line_win_ge_0.5
tp15%_D+S_same_close,D+S,same_close,1019,2024,S,161226,白银LOF,2024-04-16,2024-04-17,2024-05-06,2024-05-06,0.87,-0.0481400437636762,-0.0481400437636762,original,10,priority_CSD_g40_t060_r040_noskip,conservative_tp_center15_profit_first,0.8813333333333333,0.395754241223222,0.3278689847111891,0.5374527588813303,-0.049008188491301,-0.0127498277050309,0.1666666666666666,0.3333333333333333,-0.0681666808983006,7,-0.0049386793938775,0.4285714285714285,0.6338274494892462,163,-0.0002874686047642,0.4846625766871165,0.9842335643772744,8,-0.0069510779899794,0.375,0.5183272613782761,296,0.0033468535379148,0.4864864864864865,1.1707286651558602,S10206,False,0.0,False,history_line_win_ge_0.5
tp15%_D+S_same_close,D+S,same_close,1020,2024,S,161226,白银LOF,2024-04-17,2024-04-18,2024-05-07,2024-05-07,0.876,-0.0478260869565217,-0.0478260869565217,original,10,priority_CSD_g40_t060_r040_noskip,conservative_tp_center15_profit_first,0.9042105263157896,0.4807072912905787,0.3495627448330488,0.3265684051398337,-0.0433918228632412,0.0289592760180996,0.1666666666666666,0.2666666666666666,-0.0510667312398043,7,-0.0049386793938775,0.4285714285714285,0.6338274494892462,163,-0.0006845059775369,0.4785276073619632,0.9628053884491052,8,-0.0069510779899794,0.375,0.5183272613782761,297,0.0032420567994781,0.4848484848484848,1.165150932268946,S10206,False,0.0,False,history_line_win_ge_0.5
tp15%_D+S_same_close,D+S,same_close,1021,2024,S,161226,白银LOF,2024-04-18,2024-04-19,2024-05-08,2024-05-08,0.877,-0.0457018498367791,-0.0457018498367791,original,10,priority_CSD_g40_t060_r040_noskip,conservative_tp_center15_profit_first,0.9042105263157896,0.5010357806601974,0.3321977653901659,0.3797430083144368,-0.0340164461004754,0.0226876090750436,0.1666666666666666,0.2333333333333333,-0.046124726041044,7,-0.0049386793938775,0.4285714285714285,0.6338274494892462,163,-0.0012638990864985,0.4723926380368098,0.9324458325130572,8,-0.0069510779899794,0.375,0.5183272613782761,298,0.0030637726447309,0.4832214765100671,1.1552660824498104,S10206,False,0.0,False,history_line_win_ge_0.5
tp15%_D+S_same_close,D+S,same_close,1022,2024,S,161226,白银LOF,2024-04-19,2024-04-22,2024-05-09,2024-05-09,0.883,-0.0156075808249721,-0.0156075808249721,original,10,priority_CSD_g40_t060_r040_noskip,conservative_tp_center15_profit_first,0.904,0.4634843803765898,0.340239519536198,0.4176492819349962,-0.0485604049120478,0.0197674418604651,0.1666666666666666,0.2666666666666666,-0.0543737080040958,7,-0.0049386793938775,0.4285714285714285,0.6338274494892462,163,-0.0019187910130048,0.4662576687116564,0.8990671111415934,8,-0.0069510779899794,0.375,0.5183272613782761,299,0.0028893561543108,0.4816053511705686,1.145702076301088,S10206,False,0.0,False,history_line_win_ge_0.5
tp15%_D+S_same_close,D+S,same_close,1023,2024,S,161226,白银LOF,2024-04-22,2024-04-23,2024-05-10,2024-05-10,0.913,0.0579374275782156,0.0579374275782156,original,10,priority_CSD_g40_t060_r040_noskip,conservative_tp_center15_profit_first,0.893,0.4998098084821127,0.3217920267685881,0.4483371126228269,-0.0430161750154881,0.0363636363636361,0.1666666666666666,0.3,-0.0478606096730245,7,-0.0049386793938775,0.4285714285714285,0.6338274494892462,163,-0.0022118889603531,0.4601226993865031,0.8837505031989629,8,-0.0069510779899794,0.375,0.5183272613782761,300,0.0028707483064476,0.48,1.1451819557255525,S10206,False,0.0,False,history_line_win_ge_0.5
tp15%_D+S_same_close,D+S,same_close,1024,2024,S,161226,白银LOF,2024-04-23,2024-04-24,2024-05-13,2024-05-13,0.9,0.0273972602739727,0.0273972602739727,original,10,priority_CSD_g40_t060_r040_noskip,conservative_tp_center15_profit_first,0.87,0.4704812927531447,0.3522607125387212,0.4889644746787603,-0.0356159753999952,0.0393053016453381,0.1666666666666666,0.2,-0.060413486988273,7,-0.0049386793938775,0.4285714285714285,0.6338274494892462,163,-0.0026103627629105,0.4539877300613497,0.8637962742129686,8,-0.0069510779899794,0.375,0.5183272613782761,301,0.0027864526302633,0.4784053156146179,1.140854302984223,S10206,False,0.0,False,history_line_win_ge_0.5
tp15%_D+S_same_close,D+S,same_close,1025,2024,S,161226,白银LOF,2024-04-24,2024-04-25,2024-05-14,2024-05-14,0.9,0.0273972602739727,0.0273972602739727,original,10,priority_CSD_g40_t060_r040_noskip,conservative_tp_center15_profit_first,0.8818181818181818,0.5829712418689734,0.2796688200374518,0.4253590325018896,-0.0027099148838279,0.0551558752997602,0.1666666666666666,0.1333333333333333,-0.0549903033420452,8,-0.0083852458149343,0.375,0.4714722530169773,163,-0.0029623313147755,0.4478527607361963,0.8470232881389989,9,-0.009791092742463,0.3333333333333333,0.4044354954208038,302,0.0026695729501554,0.4768211920529801,1.134659171470656,S10206,False,0.0,False,history_line_win_ge_0.5
tp15%_D+S_same_close,D+S,same_close,1026,2024,S,161226,白银LOF,2024-04-25,2024-04-26,2024-05-15,2024-05-15,0.906,0.0225733634311513,0.0225733634311513,original,10,priority_CSD_g40_t060_r040_noskip,conservative_tp_center15_profit_first,0.878095238095238,0.6081950776939732,0.2695496681050215,0.3467876039304611,-0.0144119769119769,0.1014234875444839,0.1666666666666666,0.1,-0.0510768851137185,9,-0.0098123351998671,0.3333333333333333,0.4039135911332677,163,-0.0030535567736858,0.4478527607361963,0.8430517204567929,10,-0.0109348884961497,0.3,0.3536888777749887,303,0.0025906996061637,0.4752475247524752,1.130650079813819,S10206,False,0.0,False,history_line_win_ge_0.5
tp15%_D+S_same_close,D+S,same_close,1027,2024,S,161226,白银LOF,2024-04-26,2024-04-29,2024-05-16,2024-05-16,0.93,0.0616438356164383,0.0616438356164383,original,10,priority_CSD_g40_t060_r040_noskip,conservative_tp_center15_profit_first,0.9012903225806452,0.7341801412496713,0.2541464487180787,0.3112622826908541,0.0280601674079393,0.1112469437652812,0.0666666666666666,0.0333333333333333,-0.0372345642466867,10,-0.0104041353877456,0.3,0.3651435713559156,163,-0.0032303231595076,0.4417177914110429,0.8347856903698224,11,-0.0113708383672862,0.2727272727272727,0.3236020396055263,304,0.0025304330381215,0.4736842105263157,1.1276976424464298,S10206,False,0.0,False,history_line_win_ge_0.5
tp15%_D+S_same_close,D+S,same_close,1028,2024,S,161226,白银LOF,2024-04-29,2024-04-30,2024-05-17,2024-05-17,0.938,0.0818915801614763,0.0818915801614763,original,10,priority_CSD_g40_t060_r040_noskip,conservative_tp_center15_profit_first,0.9054054054054056,0.7892439215460625,0.2359093632635161,0.2718442932728646,0.0255236039369877,0.1012891344383055,0.0,0.0,-0.0249976730400874,11,-0.0131969904548179,0.2727272727272727,0.2918938338298686,163,-0.003240229433662,0.4417177914110429,0.8343629564992476,12,-0.0138503969304741,0.25,0.2647274692024796,305,0.0023872986966013,0.4721311475409836,1.120051120894121,S10206,False,0.0,False,history_line_win_ge_0.5
tp15%_D+S_same_close,D+S,same_close,1029,2024,S,159996,家电ETF,2024-04-30,2024-05-06,2024-05-20,2024-05-20,1.238,-0.0221169036334912,-0.0221169036334912,original,10,priority_CSD_g40_t060_r040_noskip,conservative_tp_center15_profit_first,0.9180645161290322,0.7211735296807479,0.2757514603442216,0.2810279667422525,0.0151799887347021,0.0565709312445603,0.0333333333333333,0.0,-0.0362536793907395,0,,,,163,-0.0030738180485962,0.4417177914110429,0.8415215879518554,7,-0.011483979581726,0.1428571428571428,0.4544810342400105,306,0.0022198240771568,0.4705882352941176,1.1111002406979933,S10206,False,0.0,False,history_line_win_ge_0.5
tp15%_D+S_same_close,D+S,same_close,1030,2024,S,159996,家电ETF,2024-05-06,2024-05-07,2024-05-21,2024-05-21,1.236,-0.0111999999999999,-0.0111999999999999,original,10,priority_CSD_g40_t060_r040_noskip,conservative_tp_center15_profit_first,0.9275862068965516,0.7411548695020368,0.25695120680727,0.2464096749811036,0.0122087750127544,0.0733532934131735,0.0333333333333333,0.0,-0.0188250544038314,0,,,,160,-0.0025329189522946,0.44375,0.8661980281766586,7,-0.011483979581726,0.1428571428571428,0.4544810342400105,307,0.0020689405026495,0.4690553745928338,1.1031430538759417,S10206,False,0.0,False,history_line_win_ge_0.5
tp15%_D+S_same_close,D+S,same_close,1031,2024,S,159996,家电ETF,2024-05-07,2024-05-08,2024-05-22,2024-05-22,1.23,-0.0080645161290322,-0.0080645161290322,original,10,priority_CSD_g40_t060_r040_noskip,conservative_tp_center15_profit_first,0.92,0.7434309433781587,0.2506939305174807,0.2465608465608466,0.0136397341077397,0.086132644272179,0.0,0.0,-0.0183026893064068,0,,,,160,-0.0027648604022882,0.44375,0.8557135219333876,7,-0.011483979581726,0.1428571428571428,0.4544810342400105,308,0.0019059243199666,0.4675324675324675,1.0945862793273116,S10206,False,0.0,False,history_line_win_ge_0.5
tp15%_D+S_same_close,D+S,same_close,1032,2024,S,159996,家电ETF,2024-05-08,2024-05-09,2024-05-23,2024-05-23,1.222,-0.0309278350515462,-0.0309278350515462,original,10,priority_CSD_g40_t060_r040_noskip,conservative_tp_center15_profit_first,0.8975,0.697784657071987,0.2241426076830912,0.36005291005291,0.0085176394433056,0.0983240223463686,0.0333333333333333,0.0,-0.0317377104982595,0,,,,160,-0.0029416733236663,0.44375,0.8478899351588262,7,-0.011483979581726,0.1428571428571428,0.4544810342400105,309,0.0017449792996543,0.4660194174757281,1.086215753892012,S10206,False,0.0,False,history_line_win_ge_0.5
tp15%_D+S_same_close,D+S,same_close,1033,2024,S,159996,家电ETF,2024-05-09,2024-05-10,2024-05-24,2024-05-24,1.214,-0.0395569620253164,-0.0395569620253164,original,10,priority_CSD_g40_t060_r040_noskip,conservative_tp_center15_profit_first,0.93,0.7892027807227547,0.1952268730177335,0.2245653817082388,0.0332567901364611,0.1312499999999998,0.0333333333333333,0.0,-0.0217066624146269,0,,,,160,-0.0033926121521487,0.4375,0.8271258134505061,7,-0.011483979581726,0.1428571428571428,0.4544810342400105,310,0.0015919250121175,0.4645161290322581,1.0783357640150342,S10206,False,0.0,False,history_line_win_ge_0.5
tp15%_D+S_same_close,D+S,same_close,1034,2024,S,159996,家电ETF,2024-05-10,2024-05-13,2024-05-27,2024-05-27,1.235,-0.0381619937694703,-0.0381619937694703,original,10,priority_CSD_g40_t060_r040_noskip,conservative_tp_center15_profit_first,0.913793103448276,0.7833785131753116,0.1956904271966418,0.2374527588813303,0.0297598235098235,0.1320249776984834,0.0,0.0,-0.0173793471827223,0,,,,160,-0.0030686759099541,0.4375,0.8410079261211757,7,-0.011483979581726,0.1428571428571428,0.4544810342400105,311,0.0015366211348278,0.4630225080385852,1.075670803634242,S10206,False,0.0,False,history_line_win_ge_0.5
tp15%_D+S_same_close,D+S,same_close,1035,2024,S,159996,家电ETF,2024-05-13,2024-05-14,2024-05-28,2024-05-28,1.22,-0.0363349131121643,-0.0363349131121643,original,10,priority_CSD_g40_t060_r040_noskip,conservative_tp_center15_profit_first,0.9253846153846156,0.8096199601933695,0.1815181477048316,0.272562358276644,0.0393725198412698,0.1503667481662591,0.0,0.0,-0.0279696987111747,0,,,,160,-0.002388251610509,0.44375,0.874186634664564,7,-0.011483979581726,0.1428571428571428,0.4544810342400105,312,0.0017173929503515,0.4647435897435897,1.084844838020606,S10206,False,0.0,False,history_line_win_ge_0.5
tp15%_D+S_same_close,D+S,same_close,1036,2024,S,159996,家电ETF,2024-05-14,2024-05-15,2024-05-29,2024-05-29,1.215,-0.0463108320251176,-0.0463108320251176,original,10,priority_CSD_g40_t060_r040_noskip,conservative_tp_center15_profit_first,0.916,0.8095268551897118,0.1754266577868153,0.2802721088435374,0.0349073356885119,0.1672131147540982,0.0,0.0,-0.0278254834088219,0,,,,160,-0.0021599121348119,0.45,0.8858722442081449,7,-0.011483979581726,0.1428571428571428,0.4544810342400105,313,0.0017994372548998,0.4664536741214057,1.0891830252400208,S10206,False,0.0,False,history_line_win_ge_0.5
tp15%_D+S_same_close,D+S,same_close,1037,2024,S,159996,家电ETF,2024-05-15,2024-05-16,2024-05-30,2024-05-30,1.209,-0.0404761904761904,-0.0404761904761904,original,10,priority_CSD_g40_t060_r040_noskip,conservative_tp_center15_profit_first,0.901904761904762,0.7467846150847071,0.1947792999547795,0.3529856386999245,0.0360127058826914,0.1089211618257262,0.0,0.0,-0.0334940639782941,0,,,,160,-0.0021573909145413,0.45,0.8860054631510381,7,-0.011483979581726,0.1428571428571428,0.4544810342400105,314,0.0018809589842599,0.4681528662420382,1.0935212124594358,S10206,False,0.0,False,history_line_win_ge_0.5
tp15%_D+S_same_close,D+S,same_close,1038,2024,S,159996,家电ETF,2024-05-16,2024-05-17,2024-05-31,2024-05-31,1.207,-0.0367118914604946,-0.0367118914604946,original,10,priority_CSD_g40_t060_r040_noskip,conservative_tp_center15_profit_first,0.8654545454545455,0.7026894881487284,0.1606626926808787,0.3030612244897959,0.022704100456533,0.0966010733452593,0.0,0.0,-0.0297275038322749,0,,,,160,-0.0022489376660494,0.45,0.8811682176301363,7,-0.011483979581726,0.1428571428571428,0.4544810342400105,315,0.0019466491571072,0.4698412698412698,1.097095565360308,S10206,False,0.0,False,history_line_win_ge_0.5
tp15%_D+S_same_close,D+S,same_close,1039,2024,S,159996,家电ETF,2024-05-17,2024-05-20,2024-06-03,2024-06-03,1.222,-0.012924071082391,-0.012924071082391,original,10,priority_CSD_g40_t060_r040_noskip,conservative_tp_center15_profit_first,0.8064,0.7853979317561532,0.1709069353286581,0.2448979591836735,0.0627990564271068,0.0929824561403509,0.0,0.0,-0.0249560097164879,0,,,,160,-0.0021541787688236,0.45,0.8861751899543321,7,-0.011483979581726,0.1428571428571428,0.4544810342400105,316,0.0021355643041304,0.4715189873417721,1.1068564866039916,S10206,False,0.0,False,history_line_win_ge_0.5
tp15%_D+S_same_close,D+S,same_close,1040,2024,S,159825,农业ETF,2024-05-20,2024-05-21,2024-06-04,2024-06-04,0.736,-0.0366492146596858,-0.0366492146596858,original,10,priority_CSD_g40_t060_r040_noskip,conservative_tp_center15_profit_first,0.866206896551724,0.7754325974634595,0.1805199827601594,0.1897959183673469,0.0394352476816713,0.0942857142857143,0.0,0.0,-0.0157518608528863,1,-0.0312075983717775,0.0,,160,-0.0019887039998672,0.45,0.8949187234142273,1,-0.0312075983717775,0.0,,317,0.0023871605686646,0.473186119873817,1.11982351333884,S10206,False,0.0,False,history_line_win_ge_0.5
tp15%_D+S_same_close,D+S,same_close,1041,2024,S,159825,农业ETF,2024-05-21,2024-05-22,2024-06-05,2024-06-05,0.723,-0.049934296977661,-0.049934296977661,original,10,priority_CSD_g40_t060_r040_noskip,conservative_tp_center15_profit_first,0.8341666666666667,0.7156283750293504,0.1946560362994674,0.2787603930461074,0.0321831319592513,0.0765911542610571,0.0,0.0,-0.0309003169822849,1,-0.0312075983717775,0.0,,160,-0.0024444687244043,0.44375,0.8717731042859745,1,-0.0312075983717775,0.0,,318,0.0023101037629974,0.4716981132075472,1.115915493245616,S10206,False,0.0,False,history_line_win_ge_0.5
tp15%_D+S_same_close,D+S,same_close,1042,2024,S,161226,白银LOF,2024-05-22,2024-05-23,2024-06-06,2024-06-06,0.98,0.0061601642710471,0.0061601642710471,original,10,priority_CSD_g40_t060_r040_noskip,conservative_tp_center15_profit_first,0.8344,0.7401750648022144,0.2238292824034752,0.2329931972789115,0.0458571274323967,0.0658882402001668,0.0,0.0,-0.03227066051161,23,-0.0050679607478139,0.391304347826087,0.7439547753395978,160,-0.0026779182885388,0.4375,0.8600412056906287,24,-0.0057333735567672,0.375,0.7110935270734433,319,0.0022677523405429,0.4702194357366771,1.1139468574601543,S10206,False,0.0,False,history_line_win_ge_0.5
tp15%_D+S_same_close,D+S,same_close,1043,2024,S,161226,白银LOF,2024-05-23,2024-05-24,2024-06-07,2024-06-07,1.002,0.0319258496395469,0.0319258496395469,original,10,priority_CSD_g40_t060_r040_noskip,conservative_tp_center15_profit_first,0.8527272727272728,0.6248630307256918,0.2290504496715562,0.4482237339380197,0.0222607767993546,0.0456621004566211,0.0333333333333333,0.0,-0.0473040651234646,23,-0.0050679607478139,0.391304347826087,0.7439547753395978,160,-0.0029890577106643,0.43125,0.8441902522765313,24,-0.0057333735567672,0.375,0.7110935270734433,320,0.0022354640015755,0.46875,1.112533644818051,S10206,False,0.0,False,history_line_win_ge_0.5
tp15%_D+S_same_close,D+S,same_close,1044,2024,S,161226,白银LOF,2024-05-24,2024-05-27,2024-06-11,2024-06-11,0.938,-0.0544354838709677,-0.0544354838709677,original,10,priority_CSD_g40_t060_r040_noskip,conservative_tp_center15_profit_first,0.8755555555555556,0.5837489139183125,0.1975255506796332,0.5368480725623583,0.0222966744782778,0.0376028202115159,0.0666666666666666,0.0,-0.0551877222915447,23,-0.0050679607478139,0.391304347826087,0.7439547753395978,160,-0.0034121360915011,0.425,0.8239108489928177,24,-0.0057333735567672,0.375,0.7110935270734433,321,0.002132151543466,0.4672897196261682,1.1071469852599007,S10206,False,0.0,False,history_line_win_ge_0.5
tp15%_D+S_same_close,D+S,same_close,1045,2024,S,161226,白银LOF,2024-05-27,2024-05-28,2024-06-12,2024-06-12,0.948,-0.0632411067193676,-0.0632411067193676,original,10,priority_CSD_g40_t060_r040_noskip,conservative_tp_center15_profit_first,0.8816666666666666,0.6351454820253671,0.1805186771425913,0.4164777021919878,0.0284859395998681,0.0441466282957451,0.0333333333333333,0.0,-0.0479835614470595,23,-0.0050679607478139,0.391304347826087,0.7439547753395978,160,-0.0038659154517726,0.41875,0.8030061857699416,24,-0.0057333735567672,0.375,0.7110935270734433,322,0.0020026822466686,0.4658385093167702,1.1003329573804412,S10206,False,0.0,False,history_line_win_ge_0.5
tp15%_D+S_same_close,D+S,same_close,1046,2024,S,161226,白银LOF,2024-05-28,2024-05-29,2024-06-13,2024-06-13,0.948,-0.0875842155919153,-0.0875842155919153,original,10,priority_CSD_g40_t060_r040_noskip,conservative_tp_center15_profit_first,0.878,0.5452269907616051,0.2127691607588393,0.4454648526077097,0.0177516119349677,0.0192450747590934,0.1,0.0,-0.0565138861271293,23,-0.0050679607478139,0.391304347826087,0.7439547753395978,160,-0.0040969428828917,0.41875,0.7936628950270622,24,-0.0057333735567672,0.375,0.7110935270734433,323,0.0018783334045134,0.4643962848297213,1.09383824602266,S10206,False,0.0,False,history_line_win_ge_0.5
tp15%_D+S_same_close,D+S,same_close,1047,2024,S,161226,白银LOF,2024-05-29,2024-05-30,2024-06-14,2024-06-14,0.939,-0.0647410358565737,-0.0647410358565737,original,10,priority_CSD_g40_t060_r040_noskip,conservative_tp_center15_profit_first,0.908,0.5568243784570996,0.2030190710583009,0.4720332577475434,0.0065642792894001,0.0424189018170552,0.0666666666666666,0.0,-0.0547983141918562,23,-0.0050679607478139,0.391304347826087,0.7439547753395978,160,-0.0045592242403631,0.4125,0.7729772223828429,24,-0.0057333735567672,0.375,0.7110935270734433,324,0.0017603912856347,0.4629629629629629,1.0877253353802183,S10206,False,0.0,False,history_line_win_ge_0.5
tp15%_D+S_same_close,D+S,same_close,1048,2024,S,161226,白银LOF,2024-05-30,2024-05-31,2024-06-17,2024-06-17,0.94,-0.0609390609390608,-0.0609390609390608,original,10,priority_CSD_g40_t060_r040_noskip,conservative_tp_center15_profit_first,0.9106666666666668,0.4976989689249292,0.2509560734490762,0.4640967498110355,-0.0107828367369712,0.019320390372064,0.0666666666666666,0.0333333333333333,-0.060551173225871,23,-0.0050679607478139,0.391304347826087,0.7439547753395978,160,-0.0045870042610942,0.4125,0.7719094531445866,24,-0.0057333735567672,0.375,0.7110935270734433,325,0.0016124798292939,0.4615384615384615,1.0800324334120075,S10206,False,0.0,False,history_line_win_ge_0.5
tp15%_D+S_same_close,D+S,same_close,1049,2024,S,161226,白银LOF,2024-05-31,2024-06-03,2024-06-18,2024-06-18,0.948,-0.021671826625387,-0.021671826625387,original,10,priority_CSD_g40_t060_r040_noskip,conservative_tp_center15_profit_first,0.9106666666666668,0.4743946937003336,0.2664370532709067,0.3849206349206349,-0.0104736549133825,0.0069183252005774,0.0666666666666666,0.0,-0.0612344236760124,23,-0.0050679607478139,0.391304347826087,0.7439547753395978,160,-0.0048261121083752,0.4125,0.7628394979018708,24,-0.0057333735567672,0.375,0.7110935270734433,326,0.0014833734786636,0.4601226993865031,1.0733973176106135,S10206,False,0.0,False,history_line_win_ge_0.5
tp15%_D+S_same_close,D+S,same_close,1050,2024,S,161226,白银LOF,2024-06-03,2024-06-04,2024-06-19,2024-06-19,0.952,-0.0374115267947422,-0.0374115267947422,original,10,priority_CSD_g40_t060_r040_noskip,conservative_tp_center15_profit_first,0.9114285714285716,0.4515484538811405,0.2653123527292392,0.3789115646258502,-0.0258793404730184,0.0035128023933022,0.0666666666666666,0.0666666666666666,-0.0679070565034725,23,-0.0050679607478139,0.391304347826087,0.7439547753395978,160,-0.005185963814504,0.40625,0.747997414401605,24,-0.0057333735567672,0.375,0.7110935270734433,327,0.0013665683871066,0.4587155963302752,1.0674493837600223,S10206,False,0.0,False,history_line_win_ge_0.5
tp15%_D+S_same_close,D+S,same_close,1051,2024,S,161226,白银LOF,2024-06-04,2024-06-05,2024-06-20,2024-06-20,0.983,0.0239583333333333,0.0239583333333333,original,10,priority_CSD_g40_t060_r040_noskip,conservative_tp_center15_profit_first,0.9114285714285716,0.5088655669675505,0.2507065315765908,0.235222978080121,-0.0170137634926367,0.0100477583829414,0.0333333333333333,0.0,-0.0563391351567635,23,-0.0050679607478139,0.391304347826087,0.7439547753395978,160,-0.005383169959216,0.4,0.7394372809249554,24,-0.0057333735567672,0.375,0.7110935270734433,328,0.0013229993643337,0.4573170731707317,1.0653711273708624,S10206,False,0.0,False,history_line_win_ge_0.5
tp15%_D+S_same_close,D+S,same_close,1052,2024,S,161226,白银LOF,2024-06-05,2024-06-06,2024-06-21,2024-06-21,0.985,0.0051020408163264,0.0051020408163264,original,10,priority_CSD_g40_t060_r040_noskip,conservative_tp_center15_profit_first,0.91,0.4962354514244178,0.2409774037233115,0.3692743764172335,-0.0112690576736255,0.0081165404606738,0.0333333333333333,0.0,-0.0624309797973806,23,-0.0050679607478139,0.391304347826087,0.7439547753395978,160,-0.0057124681282248,0.39375,0.7265301852437375,24,-0.0057333735567672,0.375,0.7110935270734433,329,0.0012075823004309,0.4559270516717325,1.0595215168730463,S10206,False,0.0,False,history_line_win_ge_0.5
tp15%_D+S_same_close,D+S,same_close,1053,2024,S,161226,白银LOF,2024-06-06,2024-06-07,2024-06-24,2024-06-24,0.959,-0.0429141716566866,-0.0429141716566866,original,10,priority_CSD_g40_t060_r040_noskip,conservative_tp_center15_profit_first,0.9123076923076924,0.4226990928368787,0.3085919702919984,0.4051020408163265,-0.043779935485973,0.016266520364881,0.1333333333333333,0.1,-0.069831026797284,23,-0.0050679607478139,0.391304347826087,0.7439547753395978,160,-0.006049300160503,0.3875,0.7146682064777425,24,-0.0057333735567672,0.375,0.7110935270734433,329,0.001047620916898,0.4528875379939209,1.051253619826998,S10206,False,0.0,False,history_line_win_ge_0.5
tp15%_D+S_same_close,D+S,same_close,1054,2024,S,161226,白银LOF,2024-06-07,2024-06-11,2024-06-25,2024-06-25,0.961,0.0245202558635395,0.0245202558635395,original,10,priority_CSD_g40_t060_r040_noskip,conservative_tp_center15_profit_first,0.9114285714285716,0.3899530523434518,0.3111370259374592,0.369047619047619,-0.043887884267631,0.006273201767278,0.1666666666666666,0.0666666666666666,-0.0733682072873804,24,-0.0046001222053614,0.4166666666666667,0.7574863362076373,160,-0.0061882008805339,0.3875,0.7081165739721009,24,-0.0046001222053614,0.4166666666666667,0.7574863362076373,329,0.0011302897084899,0.4559270516717325,1.055471632143259,S10206,False,0.0,False,history_line_win_ge_0.5
tp15%_D+S_same_close,D+S,same_close,1055,2024,S,161226,白银LOF,2024-06-11,2024-06-12,2024-06-26,2024-06-26,0.944,-0.0042194092827003,-0.0042194092827003,original,10,priority_CSD_g40_t060_r040_noskip,conservative_tp_center15_profit_first,0.8375,0.3995165416841455,0.2730960963074279,0.369652305366591,-0.040230595653921,-0.0115163352272727,0.1333333333333333,0.0,-0.0685358255451714,25,-0.0031390833315651,0.44,0.82761540398134,161,-0.0059514676474899,0.391304347826087,0.7175282617868863,25,-0.0031390833315651,0.44,0.82761540398134,329,0.0010943192525018,0.4559270516717325,1.0537062972139823,S10206,False,0.0,False,history_line_win_ge_0.5
tp15%_D+S_same_close,D+S,same_close,1056,2024,S,161226,白银LOF,2024-06-12,2024-06-13,2024-06-27,2024-06-27,0.938,-0.010548523206751,-0.010548523206751,original,10,priority_CSD_g40_t060_r040_noskip,conservative_tp_center15_profit_first,0.8955555555555554,0.3664357178789028,0.2646568794318804,0.3802721088435374,-0.0428800733776656,-0.0179032831575204,0.1,0.0,-0.0725852636196372,26,-0.0051120218138498,0.4230769230769231,0.739223324478966,162,-0.0062507516982521,0.3888888888888889,0.7061955944407879,26,-0.0051120218138498,0.4230769230769231,0.739223324478966,330,0.0009260471218246,0.4545454545454545,1.045218898311164,S10206,False,0.0,False,history_line_win_ge_0.5
tp15%_D+S_same_close,D+S,same_close,1057,2024,D,516750,建材ETF,2024-06-13,2024-06-14,2024-10-29,2024-10-29,0.676,0.1045751633986928,0.1045751633986928,original,90,priority_CSD_g40_t060_r040_noskip,conservative_tp_center15_profit_first,62.55901565010228,0.3353380847619232,0.3297275783324894,0.4338246409674982,-0.0435835308245558,-0.0254984605267091,0.1666666666666666,0.0666666666666666,-0.0885066231453397,4,-0.0389407439817569,0.0,,199,0.0117787679443591,0.4773869346733668,1.5054486675698635,4,-0.0389407439817569,0.0,,329,0.0192457345009215,0.5653495440729484,2.118384829242723,D58320,False,0.1045751633986928,True,history_line_win_ge_0.5
tp15%_D+S_same_close,D+S,same_close,1058,2024,S,159611,电力ETF,2024-06-14,2024-06-17,2024-07-01,2024-07-01,1.065,0.0359922178988325,0.0359922178988325,original,10,priority_CSD_g40_t060_r040_noskip,conservative_tp_center15_profit_first,0.8454545454545456,0.3635226916783742,0.3443608379609298,0.3394557823129252,-0.0445935868754661,-0.0181256713211599,0.1666666666666666,0.0333333333333333,-0.0861077500562925,1,-0.0244988864142539,0.0,,164,-0.0070941896184642,0.3841463414634146,0.6765875773205221,12,-0.0195570036981305,0.1666666666666666,0.0710611188263785,332,0.0004661753852133,0.4518072289156626,1.022401368055513,S10206,False,0.0,False,history_line_win_ge_0.5
tp15%_D+S_same_close,D+S,same_close,1059,2024,D,515210,钢铁ETF,2024-06-17,2024-06-18,2024-10-31,2024-10-08,1.313,0.0999115826702032,0.160919540229885,take_profit_15%,73,priority_CSD_g40_t060_r040_noskip,conservative_tp_center15_profit_first,59.008881330309904,0.3125139290896392,0.3663535379264618,0.4105442176870749,-0.0485573863234566,-0.0186862503276851,0.1666666666666666,0.2,-0.0892405323150985,0,,,,199,0.0117787679443591,0.4773869346733668,1.5054486675698635,3,-0.0205239250805691,0.3333333333333333,0.2407104187569649,329,0.0192457345009215,0.5653495440729484,2.118384829242723,D58320,False,0.160919540229885,True,history_line_win_ge_0.5
tp15%_D+S_same_close,D+S,same_close,1060,2024,D,515210,钢铁ETF,2024-06-18,2024-06-19,2024-11-01,2024-10-08,1.313,0.1256637168141594,0.1619469026548672,take_profit_15%,72,priority_CSD_g40_t060_r040_noskip,conservative_tp_center15_profit_first,48.33994708994709,0.3491352746412681,0.3797451594320068,0.3269463340891913,-0.0407362459546926,-0.0273344873625377,0.1666666666666666,0.2333333333333333,-0.0795374784977324,0,,,,199,0.0117787679443591,0.4773869346733668,1.5054486675698635,3,-0.0205239250805691,0.3333333333333333,0.2407104187569649,328,0.0192626082288611,0.5640243902439024,2.11596304853016,D58320,False,0.1619469026548672,True,history_line_win_ge_0.5
tp15%_D+S_same_close,D+S,same_close,1061,2024,D,560080,中药ETF,2024-06-19,2024-06-20,2024-11-04,2024-10-08,1.256,0.045966228893058,0.1782363977485928,take_profit_15%,71,priority_CSD_g40_t060_r040_noskip,conservative_tp_center15_profit_first,60.32785249117245,0.3141416951305456,0.4325044648325245,0.4457671957671957,-0.046235269734115,-0.0314355557807274,0.3,0.3,-0.0918848383569558,1,-0.0467055879899916,0.0,,199,0.0117787679443591,0.4773869346733668,1.5054486675698635,3,-0.0374636150920276,0.0,,327,0.0190860556388444,0.5626911314984709,2.102363480194473,D58320,False,0.1782363977485928,True,history_line_win_ge_0.5
tp15%_D+S_same_close,D+S,same_close,1062,2024,D,560080,中药ETF,2024-06-20,2024-06-21,2024-11-05,2024-10-08,1.256,0.0647887323943661,0.1793427230046949,take_profit_15%,70,priority_CSD_g40_t060_r040_noskip,conservative_tp_center15_profit_first,67.93303254942485,0.2482403182594402,0.4859844792498893,0.5012849584278155,-0.0641055470406902,-0.0517214937504792,0.3333333333333333,0.4,-0.1055433637516488,1,-0.0467055879899916,0.0,,199,0.0117787679443591,0.4773869346733668,1.5054486675698635,3,-0.0374636150920276,0.0,,326,0.0190800527392245,0.5613496932515337,2.098646685666293,D58320,False,0.1793427230046949,True,history_line_win_ge_0.5
tp15%_D+S_same_close,D+S,same_close,1063,2024,D,560080,中药ETF,2024-06-21,2024-06-24,2024-11-06,2024-10-08,1.256,0.084696823869105,0.2088546679499519,take_profit_15%,69,priority_CSD_g40_t060_r040_noskip,conservative_tp_center15_profit_first,57.97902878231025,0.2700017875589183,0.4354028290000416,0.4275132275132274,-0.0475165445100689,-0.0519821793113718,0.3333333333333333,0.2333333333333333,-0.1026258038823599,1,-0.0467055879899916,0.0,,199,0.0117787679443591,0.4773869346733668,1.5054486675698635,3,-0.0374636150920276,0.0,,325,0.0189562554252034,0.56,2.088170108689413,D58320,False,0.2088546679499519,True,history_line_win_ge_0.5
tp15%_D+S_same_close,D+S,same_close,1064,2024,D,560080,中药ETF,2024-06-24,2024-06-25,2024-11-07,2024-10-08,1.256,0.1396917148362235,0.2100192678227359,take_profit_15%,68,priority_CSD_g40_t060_r040_noskip,conservative_tp_center15_profit_first,72.94245390903488,0.2290220807690356,0.4778642282064992,0.5829176114890402,-0.0523905775125177,-0.0526337299927764,0.3666666666666666,0.3,-0.1201890623984997,1,-0.0467055879899916,0.0,,199,0.0117787679443591,0.4773869346733668,1.5054486675698635,3,-0.0374636150920276,0.0,,324,0.0189936681506697,0.558641975308642,2.0869629352148005,D58320,False,0.2100192678227359,True,history_line_win_ge_0.5
tp15%_D+S_same_close,D+S,same_close,1065,2024,D,560080,中药ETF,2024-06-25,2024-06-26,2024-11-08,2024-10-08,1.256,0.1176470588235292,0.191650853889943,take_profit_15%,67,priority_CSD_g40_t060_r040_noskip,conservative_tp_center15_profit_first,64.70338451248207,0.219981363148944,0.5000246581745204,0.5484504913076341,-0.0661268556005399,-0.0439773948989751,0.4,0.4,-0.1201971783908338,1,-0.0467055879899916,0.0,,199,0.0117787679443591,0.4773869346733668,1.5054486675698635,3,-0.0374636150920276,0.0,,324,0.0189936681506697,0.558641975308642,2.0869629352148005,D58320,False,0.191650853889943,True,history_line_win_ge_0.5
tp15%_D+S_same_close,D+S,same_close,1066,2024,D,560080,中药ETF,2024-06-26,2024-06-27,2024-11-11,2024-10-08,1.256,0.1403678606001936,0.2158760890609874,take_profit_15%,66,priority_CSD_g40_t060_r040_noskip,conservative_tp_center15_profit_first,59.8114645918754,0.2539230811473388,0.4486757905875749,0.4820483749055178,-0.0431497506075961,-0.040971167444422,0.3333333333333333,0.2333333333333333,-0.1070786375297783,1,-0.0467055879899916,0.0,,199,0.0117787679443591,0.4773869346733668,1.5054486675698635,3,-0.0374636150920276,0.0,,324,0.0189936681506697,0.558641975308642,2.0869629352148005,D58320,False,0.2158760890609874,True,history_line_win_ge_0.5
tp15%_D+S_same_close,D+S,same_close,1067,2024,D,560080,中药ETF,2024-06-27,2024-06-28,2024-11-12,2024-10-08,1.256,0.1483996120271582,0.2182347235693502,take_profit_15%,65,priority_CSD_g40_t060_r040_noskip,conservative_tp_center15_profit_first,73.49651413094509,0.224562507913407,0.5151154928223276,0.5960695389266819,-0.0670831504054542,-0.0381902229304305,0.4,0.3333333333333333,-0.1270469442444307,1,-0.0467055879899916,0.0,,199,0.0117787679443591,0.4773869346733668,1.5054486675698635,3,-0.0374636150920276,0.0,,324,0.0189936681506697,0.558641975308642,2.0869629352148005,D58320,False,0.2182347235693502,True,history_line_win_ge_0.5
tp15%_D+S_same_close,D+S,same_close,1068,2024,D,560080,中药ETF,2024-06-28,2024-07-01,2024-11-13,2024-10-08,1.256,0.1129032258064515,0.191650853889943,take_profit_15%,64,priority_CSD_g40_t060_r040_noskip,conservative_tp_center15_profit_first,65.48134661566168,0.2409324293147272,0.5041271065642199,0.5286470143613001,-0.0674651567944251,-0.0437541801718371,0.4,0.2666666666666666,-0.12597503763916,1,-0.0467055879899916,0.0,,199,0.0117787679443591,0.4773869346733668,1.5054486675698635,3,-0.0374636150920276,0.0,,324,0.0189936681506697,0.558641975308642,2.0869629352148005,D58320,False,0.191650853889943,True,history_line_win_ge_0.5
tp15%_D+S_same_close,D+S,same_close,1069,2024,D,560080,中药ETF,2024-07-01,2024-07-02,2024-08-13,2024-08-13,1.046,-0.0028598665395613,-0.0028598665395613,original,30,priority_CSD_g40_t060_r040_noskip,conservative_tp_center15_profit_first,58.411129773425024,0.2701667762041251,0.5334889520305717,0.4441043083900227,-0.0652848555519065,-0.0390641437235963,0.3333333333333333,0.1666666666666666,-0.1183771520085412,1,-0.0467055879899916,0.0,,199,0.0117787679443591,0.4773869346733668,1.5054486675698635,3,-0.0374636150920276,0.0,,319,0.0192899426024191,0.5611285266457681,2.0887275270128347,D58320,False,-0.0028598665395613,True,history_line_win_ge_0.5
tp15%_D+S_same_close,D+S,same_close,1070,2024,D,159663,机床ETF,2024-07-02,2024-07-03,2024-11-15,2024-09-30,0.46,0.2449494949494948,0.1616161616161615,take_profit_15%,61,priority_CSD_g40_t060_r040_noskip,conservative_tp_center15_profit_first,66.67894051158896,0.2460863319148022,0.5334183574414432,0.5204837490551776,-0.0567186644772851,-0.0640300743071362,0.3333333333333333,0.2333333333333333,-0.1269325527391958,26,0.1230438813777652,0.7692307692307693,40.92732895432935,199,0.0117787679443591,0.4773869346733668,1.5054486675698635,49,0.0966142592937117,0.8367346938775511,36.70348385789764,318,0.0193595460032296,0.5628930817610063,2.089779048643171,D58320,False,0.1616161616161615,True,history_line_win_ge_0.5
tp15%_D+S_same_close,D+S,same_close,1071,2024,D,560080,中药ETF,2024-07-03,2024-07-04,2024-11-18,2024-09-30,1.172,0.1024630541871922,0.154679802955665,take_profit_15%,60,priority_CSD_g40_t060_r040_noskip,conservative_tp_center15_profit_first,69.23787668261717,0.2286531035787966,0.5391569309523399,0.5560090702947845,-0.0667122500346829,-0.0701178774324681,0.4,0.3666666666666666,-0.1253525814142537,1,-0.0467055879899916,0.0,,199,0.0117787679443591,0.4773869346733668,1.5054486675698635,3,-0.0374636150920276,0.0,,317,0.019415017953154,0.5615141955835962,2.089464853604474,D58320,False,0.154679802955665,True,history_line_win_ge_0.5
tp15%_D+S_same_close,D+S,same_close,1072,2024,D,560080,中药ETF,2024-07-04,2024-07-05,2024-11-19,2024-10-08,1.256,0.0854126679462572,0.2053742802303262,take_profit_15%,60,priority_CSD_g40_t060_r040_noskip,conservative_tp_center15_profit_first,73.2740812449,0.1928846445269728,0.5741788255672625,0.5877173091458807,-0.0766084378237416,-0.0877792082394592,0.4333333333333333,0.4333333333333333,-0.1382715953609247,1,-0.0467055879899916,0.0,,199,0.0117787679443591,0.4773869346733668,1.5054486675698635,3,-0.0374636150920276,0.0,,316,0.0194651518563687,0.560126582278481,2.0888324224333377,D58320,False,0.2053742802303262,True,history_line_win_ge_0.5
tp15%_D+S_same_close,D+S,same_close,1073,2024,D,159768,房地产ETF,2024-07-05,2024-07-08,2024-11-20,2024-09-26,0.563,0.3397435897435896,0.2029914529914527,take_profit_15%,56,priority_CSD_g40_t060_r040_noskip,conservative_tp_center15_profit_first,64.70649574677816,0.2162759544609412,0.4970539073555738,0.5437263794406652,-0.059488622754491,-0.0686155913978494,0.3666666666666666,0.2,-0.1356402001473953,26,-0.0309524878711198,0.3076923076923077,0.4551080341195159,199,0.0117787679443591,0.4773869346733668,1.5054486675698635,30,-0.031801626177741,0.2666666666666666,0.4133296524121558,315,0.0195155429606016,0.5587301587301587,2.088196583766666,D58320,False,0.2029914529914527,True,history_line_win_ge_0.5
tp15%_D+S_same_close,D+S,same_close,1074,2024,D,560080,中药ETF,2024-07-08,2024-07-09,2024-11-21,2024-10-08,1.256,0.114481409001957,0.2289628180039138,take_profit_15%,58,priority_CSD_g40_t060_r040_noskip,conservative_tp_center15_profit_first,76.43290766599037,0.164316006716639,0.5461128671321076,0.6347316704459562,-0.0793920870487653,-0.0927385728896231,0.4666666666666667,0.5,-0.1507917097513824,1,-0.0467055879899916,0.0,,199,0.0117787679443591,0.4773869346733668,1.5054486675698635,3,-0.0374636150920276,0.0,,315,0.0195155429606016,0.5587301587301587,2.088196583766666,D58320,False,0.2289628180039138,True,history_line_win_ge_0.5
tp15%_D+S_same_close,D+S,same_close,1075,2024,D,159825,农业ETF,2024-07-09,2024-07-10,2024-11-22,2024-11-22,0.673,0.045031055900621,0.045031055900621,original,90,priority_CSD_g40_t060_r040_noskip,conservative_tp_center15_profit_first,70.37651171579742,0.2211033387752262,0.5240437134244806,0.5264550264550265,-0.0675768942522406,-0.077903544840046,0.4333333333333333,0.3333333333333333,-0.1405213141460765,0,,,,199,0.0117787679443591,0.4773869346733668,1.5054486675698635,0,,,,315,0.0195155429606016,0.5587301587301587,2.088196583766666,D58320,False,0.045031055900621,True,history_line_win_ge_0.5
tp15%_D+S_same_close,D+S,same_close,1076,2024,D,560080,中药ETF,2024-07-10,2024-07-11,2024-11-25,2024-10-08,1.256,0.0690661478599221,0.2217898832684823,take_profit_15%,56,priority_CSD_g40_t060_r040_noskip,conservative_tp_center15_profit_first,73.9708282429686,0.1909876009172358,0.5509842464547534,0.5849584278155707,-0.0712550607287449,-0.069507010529872,0.4333333333333333,0.4333333333333333,-0.1442912509768054,1,-0.0467055879899916,0.0,,199,0.0117787679443591,0.4773869346733668,1.5054486675698635,3,-0.0374636150920276,0.0,,315,0.0195155429606016,0.5587301587301587,2.088196583766666,D58320,False,0.2217898832684823,True,history_line_win_ge_0.5
tp15%_D+S_same_close,D+S,same_close,1077,2024,D,560080,中药ETF,2024-07-11,2024-07-12,2024-11-26,2024-10-08,1.256,0.0771484375,0.2265625,take_profit_15%,55,priority_CSD_g40_t060_r040_noskip,conservative_tp_center15_profit_first,60.68087892550622,0.2738102199285988,0.5322313299547929,0.4606953892668178,-0.0377169653249068,-0.0410524950864272,0.4,0.1333333333333333,-0.1193683532065743,1,-0.0467055879899916,0.0,,199,0.0117787679443591,0.4773869346733668,1.5054486675698635,3,-0.0374636150920276,0.0,,315,0.0195155429606016,0.5587301587301587,2.088196583766666,D58320,False,0.2265625,True,history_line_win_ge_0.5
tp15%_D+S_same_close,D+S,same_close,1078,2024,D,159663,机床ETF,2024-07-12,2024-07-15,2024-11-27,2024-09-30,0.46,0.2609819121447028,0.1886304909560723,take_profit_15%,53,priority_CSD_g40_t060_r040_noskip,conservative_tp_center15_profit_first,64.42012554837471,0.2648501821283034,0.5343627822595031,0.4692743764172336,-0.0365812831816458,-0.0524188936754221,0.4,0.1666666666666666,-0.1195399355172354,26,0.1230438813777652,0.7692307692307693,40.92732895432935,199,0.0117787679443591,0.4773869346733668,1.5054486675698635,49,0.0966142592937117,0.8367346938775511,36.70348385789764,315,0.0195155429606016,0.5587301587301587,2.088196583766666,D58320,False,0.1886304909560723,True,history_line_win_ge_0.5
tp15%_D+S_same_close,D+S,same_close,1079,2024,D,159663,机床ETF,2024-07-15,2024-07-16,2024-11-28,2024-09-30,0.46,0.2390745501285345,0.1825192802056554,take_profit_15%,52,priority_CSD_g40_t060_r040_noskip,conservative_tp_center15_profit_first,66.48099226220162,0.2672086812501135,0.5670765375803888,0.480952380952381,-0.0417302112153315,-0.0410582772974704,0.4,0.2,-0.1245525835213233,26,0.1230438813777652,0.7692307692307693,40.92732895432935,199,0.0117787679443591,0.4773869346733668,1.5054486675698635,49,0.0966142592937117,0.8367346938775511,36.70348385789764,309,0.0193061398004341,0.5501618122977346,2.056015011386965,D58320,False,0.1825192802056554,True,history_line_win_ge_0.5
tp15%_D+S_same_close,D+S,same_close,1080,2024,D,560080,中药ETF,2024-07-16,2024-07-17,2024-11-29,2024-10-08,1.256,0.0955165692007797,0.2241715399610135,take_profit_15%,52,priority_CSD_g40_t060_r040_noskip,conservative_tp_center15_profit_first,58.94082883870631,0.2515755128653674,0.5634016893194749,0.3946334089191232,-0.0474113951496049,-0.0600727272727272,0.3666666666666666,0.2333333333333333,-0.1216702062361346,1,-0.0467055879899916,0.0,,199,0.0117787679443591,0.4773869346733668,1.5054486675698635,3,-0.0374636150920276,0.0,,309,0.0193061398004341,0.5501618122977346,2.056015011386965,D58320,False,0.2241715399610135,True,history_line_win_ge_0.5
tp15%_D+S_same_close,D+S,same_close,1081,2024,D,159663,机床ETF,2024-07-17,2024-07-18,2024-12-02,2024-09-30,0.46,0.3239074550128535,0.1825192802056554,take_profit_15%,50,priority_CSD_g40_t060_r040_noskip,conservative_tp_center15_profit_first,65.53068683613796,0.2790049390648282,0.5394479333071627,0.4800453514739229,-0.0267075545836606,-0.0561727592977592,0.4,0.1333333333333333,-0.1283768287579021,26,0.1230438813777652,0.7692307692307693,40.92732895432935,199,0.0117787679443591,0.4773869346733668,1.5054486675698635,49,0.0966142592937117,0.8367346938775511,36.70348385789764,309,0.0193061398004341,0.5501618122977346,2.056015011386965,D58320,False,0.1825192802056554,True,history_line_win_ge_0.5
tp15%_D+S_same_close,D+S,same_close,1082,2024,D,159663,机床ETF,2024-07-18,2024-07-19,2024-12-03,2024-09-30,0.46,0.3171355498721226,0.1764705882352941,take_profit_15%,49,priority_CSD_g40_t060_r040_noskip,conservative_tp_center15_profit_first,60.24620062811144,0.3120905902713213,0.4456642540028159,0.4524943310657596,-0.0134030152626045,-0.0486107966124721,0.2666666666666666,0.0,-0.1157897221508263,26,0.1230438813777652,0.7692307692307693,40.92732895432935,199,0.0117787679443591,0.4773869346733668,1.5054486675698635,49,0.0966142592937117,0.8367346938775511,36.70348385789764,309,0.0193061398004341,0.5501618122977346,2.056015011386965,D58320,False,0.1764705882352941,True,history_line_win_ge_0.5
tp15%_D+S_same_close,D+S,same_close,1083,2024,D,159663,机床ETF,2024-07-19,2024-07-22,2024-12-04,2024-09-30,0.46,0.3239795918367347,0.1734693877551021,take_profit_15%,48,priority_CSD_g40_t060_r040_noskip,conservative_tp_center15_profit_first,56.44704296673879,0.3162363250655535,0.4623701666511519,0.3854119425547997,-0.0166353040082656,-0.049099192018385,0.2666666666666666,0.0,-0.1215853610465082,26,0.1230438813777652,0.7692307692307693,40.92732895432935,199,0.0117787679443591,0.4773869346733668,1.5054486675698635,49,0.0966142592937117,0.8367346938775511,36.70348385789764,305,0.0190093922954936,0.5442622950819672,2.026323417583766,D58320,False,0.1734693877551021,True,history_line_win_ge_0.5
tp15%_D+S_same_close,D+S,same_close,1084,2024,D,159870,化工ETF,2024-07-22,2024-07-23,2024-12-05,2024-09-30,0.639,0.1169811320754716,0.2056603773584906,take_profit_15%,47,priority_CSD_g40_t060_r040_noskip,conservative_tp_center15_profit_first,62.247732426303855,0.3453760574207878,0.4593381168767457,0.4740740740740741,-0.0050043534735008,-0.0434831394972113,0.2666666666666666,0.0,-0.1199403839764671,0,,,,199,0.0117787679443591,0.4773869346733668,1.5054486675698635,2,-0.0251760024487295,0.5,0.2688888888888907,304,0.0189976558103502,0.5427631578947368,2.022326843595545,D58320,False,0.2056603773584906,True,history_line_win_ge_0.5
tp15%_D+S_same_close,D+S,same_close,1085,2024,D,159870,化工ETF,2024-07-23,2024-07-24,2024-12-06,2024-09-30,0.639,0.1447619047619046,0.217142857142857,take_profit_15%,46,priority_CSD_g40_t060_r040_noskip,conservative_tp_center15_profit_first,78.33805744520029,0.2660240947175364,0.4891780892721825,0.6538926681783824,-0.0220853733170133,-0.0680241327300151,0.5666666666666667,0.0333333333333333,-0.1437352800784713,0,,,,199,0.0117787679443591,0.4773869346733668,1.5054486675698635,2,-0.0251760024487295,0.5,0.2688888888888907,303,0.0191093878191538,0.5445544554455446,2.0276595355764315,D58320,False,0.217142857142857,True,history_line_win_ge_0.5
tp15%_D+S_same_close,D+S,same_close,1086,2024,D,560080,中药ETF,2024-07-24,2024-07-25,2024-12-09,2024-09-30,1.172,0.1277665995975854,0.1790744466800804,take_profit_15%,45,priority_CSD_g40_t060_r040_noskip,conservative_tp_center15_profit_first,76.76061194356805,0.2153025866528569,0.4902331871629809,0.654119425547997,-0.0428237586439642,-0.0848105382989104,0.5666666666666667,0.1333333333333333,-0.1586640289131433,1,-0.0467055879899916,0.0,,199,0.0117787679443591,0.4773869346733668,1.5054486675698635,3,-0.0374636150920276,0.0,,302,0.0193081245036844,0.5463576158940397,2.04248947955181,D58320,False,0.1790744466800804,True,history_line_win_ge_0.5
tp15%_D+S_same_close,D+S,same_close,1087,2024,D,512400,有色金属ETF,2024-07-25,2024-07-26,2024-12-10,2024-09-30,1.118,0.120855614973262,0.1957219251336899,take_profit_15%,44,priority_CSD_g40_t060_r040_noskip,conservative_tp_center15_profit_first,76.20039682539682,0.2109093535809903,0.4549739923151453,0.6254724111866969,-0.0318963642143657,-0.1002553718954629,0.5666666666666667,0.0333333333333333,-0.1518232945481419,0,,,,199,0.0117787679443591,0.4773869346733668,1.5054486675698635,0,,,,302,0.0193081245036844,0.5463576158940397,2.04248947955181,D58320,False,0.1957219251336899,True,history_line_win_ge_0.5
tp15%_D+S_same_close,D+S,same_close,1088,2024,D,560080,中药ETF,2024-07-26,2024-07-29,2024-12-11,2024-09-30,1.172,0.1593462717058222,0.1971399387129724,take_profit_15%,43,priority_CSD_g40_t060_r040_noskip,conservative_tp_center15_profit_first,67.26822428799572,0.2205690497080794,0.4387470603160097,0.5781557067271353,-0.027858950239114,-0.1130308527139772,0.4666666666666667,0.0,-0.1474029469895867,0,,,,132,0.0242624544808081,0.5454545454545454,2.081049957287233,3,-0.0374636150920276,0.0,,302,0.0193081245036844,0.5463576158940397,2.04248947955181,D58320,False,0.1971399387129724,True,history_line_win_ge_0.5
tp15%_D+S_same_close,D+S,same_close,1089,2024,D,560080,中药ETF,2024-07-29,2024-07-30,2024-12-12,2024-09-30,1.172,0.1887179487179486,0.2020512820512821,take_profit_15%,42,priority_CSD_g40_t060_r040_noskip,conservative_tp_center15_profit_first,76.88146154567991,0.1942917761065694,0.4594464427945007,0.6420256991685566,-0.0429491347404221,-0.1135052636638946,0.5333333333333333,0.0666666666666666,-0.1558005447715401,0,,,,132,0.0242624544808081,0.5454545454545454,2.081049957287233,3,-0.0374636150920276,0.0,,302,0.0193081245036844,0.5463576158940397,2.04248947955181,D58320,False,0.2020512820512821,True,history_line_win_ge_0.5
tp15%_D+S_same_close,D+S,same_close,1090,2024,D,159996,家电ETF,2024-07-30,2024-07-31,2024-12-13,2024-09-30,1.325,0.2465373961218837,0.2234533702677748,take_profit_15%,41,priority_CSD_g40_t060_r040_noskip,conservative_tp_center15_profit_first,73.42167422524565,0.2026784129769386,0.5066016071190826,0.5671579743008316,-0.0349830718022843,-0.1210917007659217,0.5666666666666667,0.0666666666666666,-0.1574601002849174,0,,,,130,0.0246950659558789,0.5538461538461539,2.0864832668513063,1,0.0421743205248361,1.0,,302,0.0193081245036844,0.5463576158940397,2.04248947955181,D58320,False,0.2234533702677748,True,history_line_win_ge_0.5
tp15%_D+S_same_close,D+S,same_close,1091,2024,D,159996,家电ETF,2024-07-31,2024-08-01,2024-09-20,2024-09-20,1.095,0.0167130919220055,0.0167130919220055,original,34,priority_CSD_g40_t060_r040_noskip,conservative_tp_center15_profit_first,62.86942554799697,0.2860544883448738,0.5264160078592687,0.4981859410430839,-0.0042070251105669,-0.1022983950861898,0.3666666666666666,0.0333333333333333,-0.1178985095308308,0,,,,129,0.0248939759257252,0.5581395348837209,2.087164424137462,1,0.0421743205248361,1.0,,302,0.0193081245036844,0.5463576158940397,2.04248947955181,D58320,False,0.0167130919220055,True,history_line_win_ge_0.5
tp15%_D+S_same_close,D+S,same_close,1092,2024,D,515170,食品饮料ETF,2024-08-01,2024-08-02,2024-12-17,2024-09-27,0.615,0.1727447216890594,0.1804222648752398,take_profit_15%,38,priority_CSD_g40_t060_r040_noskip,conservative_tp_center15_profit_first,70.23195389266817,0.3025814682085978,0.5377082696598102,0.54421768707483,-0.001185770750988,-0.1035302373653735,0.4333333333333333,0.0333333333333333,-0.1244537315023716,0,,,,128,0.0250808455902278,0.5546875,2.0868344621612565,3,-0.0364185278634579,0.0,,302,0.0193081245036844,0.5463576158940397,2.04248947955181,D58320,False,0.1804222648752398,True,history_line_win_ge_0.5
tp15%_D+S_same_close,D+S,same_close,1093,2024,D,159996,家电ETF,2024-08-02,2024-08-05,2024-12-18,2024-09-27,1.23,0.2758620689655173,0.1781609195402298,take_profit_15%,37,priority_CSD_g40_t060_r040_noskip,conservative_tp_center15_profit_first,75.03637566137567,0.2536182300395315,0.5144551263895908,0.6281934996220712,-0.0091727134833763,-0.1188385192650313,0.4666666666666667,0.0333333333333333,-0.1311944115379552,0,,,,128,0.0250808455902278,0.5546875,2.0868344621612565,1,0.0421743205248361,1.0,,302,0.0193081245036844,0.5463576158940397,2.04248947955181,D58320,False,0.1781609195402298,True,history_line_win_ge_0.5
tp15%_D+S_same_close,D+S,same_close,1094,2024,D,159565,汽车零部件ETF,2024-08-05,2024-08-06,2024-09-06,2024-09-06,0.903,-0.0066006600660065,-0.0066006600660065,original,23,priority_CSD_g40_t060_r040_noskip,conservative_tp_center15_profit_first,87.01851851851852,0.2246223228025806,0.5158275319045226,0.7757747543461829,-0.0063869350796346,-0.1211088338382938,0.5333333333333333,0.1,-0.1447757315924517,0,,,,126,0.0256247994078813,0.5634920634920635,2.099898339252194,0,,,,302,0.0193081245036844,0.5463576158940397,2.04248947955181,D58320,False,-0.0066006600660065,True,history_line_win_ge_0.5
tp15%_D+S_same_close,D+S,same_close,1095,2024,D,159996,家电ETF,2024-08-06,2024-08-07,2024-12-20,2024-09-27,1.23,0.2932692307692306,0.1826923076923077,take_profit_15%,35,priority_CSD_g40_t060_r040_noskip,conservative_tp_center15_profit_first,72.87934618291762,0.2516940074928706,0.5144777895710727,0.6331821617535904,-0.0124866452991453,-0.1113229131123301,0.4666666666666667,0.1,-0.1402408327649484,0,,,,126,0.0256247994078813,0.5634920634920635,2.099898339252194,1,0.0421743205248361,1.0,,302,0.0193081245036844,0.5463576158940397,2.04248947955181,D58320,False,0.1826923076923077,True,history_line_win_ge_0.5
tp15%_D+S_same_close,D+S,same_close,1096,2024,D,159825,农业ETF,2024-08-07,2024-08-08,2024-12-23,2024-12-23,0.669,0.0276497695852535,0.0276497695852535,original,90,priority_CSD_g40_t060_r040_noskip,conservative_tp_center15_profit_first,74.14871504157219,0.2108500805492122,0.4912341202276115,0.6263416477702193,-0.0150891377988774,-0.1147482245721057,0.5666666666666667,0.0666666666666666,-0.1385675370464556,0,,,,126,0.0256247994078813,0.5634920634920635,2.099898339252194,0,,,,302,0.0193081245036844,0.5463576158940397,2.04248947955181,D58320,False,0.0276497695852535,True,history_line_win_ge_0.5
tp15%_D+S_same_close,D+S,same_close,1097,2024,D,512400,有色金属ETF,2024-08-08,2024-08-09,2024-12-24,2024-09-30,1.118,0.093681917211329,0.2178649237472767,take_profit_15%,34,priority_CSD_g40_t060_r040_noskip,conservative_tp_center15_profit_first,69.85308012093726,0.2110634158493283,0.5285801829083074,0.580196523053666,-0.0229207436399217,-0.1079449043129269,0.6333333333333333,0.1333333333333333,-0.1266073144822702,0,,,,126,0.0256247994078813,0.5634920634920635,2.099898339252194,0,,,,302,0.0193081245036844,0.5463576158940397,2.04248947955181,D58320,False,0.2178649237472767,True,history_line_win_ge_0.5
tp15%_D+S_same_close,D+S,same_close,1098,2024,C,515170,食品饮料ETF,2024-08-09,2024-08-12,2024-10-16,2024-10-16,0.576,0.0786516853932581,0.0786516853932581,original,40,priority_CSD_g40_t060_r040_noskip,conservative_tp_center15_profit_first,1.0,0.1841784130149577,0.5517170665832478,0.6097127739984883,-0.0262038688434628,-0.1227469791267826,0.7333333333333333,0.1,-0.1358920532146289,38,0.0387673369468142,0.8157894736842105,13.223829959686917,167,-0.0327892410565163,0.311377245508982,0.3862437549687237,58,0.0171796235403543,0.6551724137931034,2.22794036356473,335,-0.0431297912187806,0.2388059701492537,0.2260218253285555,C13666,False,0.0,False,history_line_win_ge_0.5
tp15%_D+S_same_close,D+S,same_close,1099,2024,C,515170,食品饮料ETF,2024-08-12,2024-08-13,2024-10-17,2024-10-17,0.565,0.0680529300567105,0.0680529300567105,original,40,priority_CSD_g40_t060_r040_noskip,conservative_tp_center15_profit_first,1.0,0.158047993102518,0.5782350410735392,0.576228269085412,-0.0351830708973566,-0.1208325567773369,0.7,0.1333333333333333,-0.1377381282549074,38,0.0387673369468142,0.8157894736842105,13.223829959686917,167,-0.0328211525455327,0.311377245508982,0.3860131791490038,58,0.0171796235403543,0.6551724137931034,2.22794036356473,335,-0.0430263651245791,0.2388059701492537,0.2264421052733857,C13666,False,0.0,False,history_line_win_ge_0.5
tp15%_D+S_same_close,D+S,same_close,1100,2024,C,515170,食品饮料ETF,2024-08-13,2024-08-14,2024-10-18,2024-10-18,0.584,0.1166347992351815,0.1166347992351815,original,40,priority_CSD_g40_t060_r040_noskip,conservative_tp_center15_profit_first,1.0,0.1774767160734746,0.5544519271501392,0.5223356009070295,-0.0313614629103127,-0.1373259596616785,0.6666666666666666,0.1,-0.1339462842861327,38,0.0387673369468142,0.8157894736842105,13.223829959686917,167,-0.0328112941969475,0.311377245508982,0.386084381055875,58,0.0171796235403543,0.6551724137931034,2.22794036356473,335,-0.0428607348461489,0.2388059701492537,0.227118422202958,C13666,False,0.0,False,history_line_win_ge_0.5
tp15%_D+S_same_close,D+S,same_close,1101,2024,C,515170,食品饮料ETF,2024-08-14,2024-08-15,2024-10-21,2024-10-21,0.583,0.1104761904761904,0.1104761904761904,original,40,priority_CSD_g40_t060_r040_noskip,conservative_tp_center15_profit_first,1.0,0.1530045878765135,0.5634896378896074,0.616931216931217,-0.0372168732209073,-0.143351116380162,0.7666666666666667,0.1,-0.1425332319744913,38,0.0387673369468142,0.8157894736842105,13.223829959686917,167,-0.0321108667584902,0.311377245508982,0.3912113408127586,58,0.0171796235403543,0.6551724137931034,2.22794036356473,335,-0.0427723971330791,0.2388059701492537,0.2274807855095974,C13666,False,0.0,False,history_line_win_ge_0.5
tp15%_D+S_same_close,D+S,same_close,1102,2024,C,515170,食品饮料ETF,2024-08-15,2024-08-16,2024-10-22,2024-10-22,0.591,0.1278625954198471,0.1278625954198471,original,40,priority_CSD_g40_t060_r040_noskip,conservative_tp_center15_profit_first,1.0,0.1645514457076498,0.5711767605881326,0.4981859410430839,-0.0391183438047172,-0.1364754574345654,0.7666666666666667,0.1,-0.1204697593490453,38,0.0387673369468142,0.8157894736842105,13.223829959686917,167,-0.0322407127548894,0.311377245508982,0.3902506431901464,58,0.0171796235403543,0.6551724137931034,2.22794036356473,335,-0.0425823503674706,0.2388059701492537,0.2282642948295382,C13666,False,0.0,False,history_line_win_ge_0.5
tp15%_D+S_same_close,D+S,same_close,1103,2024,C,515170,食品饮料ETF,2024-08-16,2024-08-19,2024-10-23,2024-10-23,0.599,0.1475095785440612,0.1475095785440612,original,40,priority_CSD_g40_t060_r040_noskip,conservative_tp_center15_profit_first,1.0,0.1753266930728364,0.5884393308956739,0.520143613000756,-0.0397725724994959,-0.1163898867090356,0.7666666666666667,0.1666666666666666,-0.1161727580137114,38,0.0387673369468142,0.8157894736842105,13.223829959686917,167,-0.0322314588196275,0.311377245508982,0.3903189545318462,58,0.0171796235403543,0.6551724137931034,2.22794036356473,335,-0.0424281761834456,0.2388059701492537,0.2289038879631009,C13666,False,0.0,False,history_line_win_ge_0.5
tp15%_D+S_same_close,D+S,same_close,1104,2024,C,515170,食品饮料ETF,2024-08-19,2024-08-20,2024-10-24,2024-10-24,0.59,0.1434108527131781,0.1434108527131781,original,40,priority_CSD_g40_t060_r040_noskip,conservative_tp_center15_profit_first,1.0,0.179644465257566,0.5752113639312121,0.4716931216931217,-0.0402912062615101,-0.1085472499794029,0.7,0.1333333333333333,-0.1183450769758467,38,0.0387673369468142,0.8157894736842105,13.223829959686917,167,-0.0321844865994403,0.311377245508982,0.3906660664364901,58,0.0171796235403543,0.6551724137931034,2.22794036356473,335,-0.0423255347081928,0.2388059701492537,0.2293316882814978,C13666,False,0.0,False,history_line_win_ge_0.5
tp15%_D+S_same_close,D+S,same_close,1105,2024,D,159825,农业ETF,2024-08-20,2024-08-21,2025-01-06,2024-09-30,0.722,0.0682196339434277,0.2013311148086523,take_profit_15%,26,priority_CSD_g40_t060_r040_noskip,conservative_tp_center15_profit_first,75.41666666666667,0.1702190059786514,0.5432556869562652,0.6027588813303099,-0.0316759875055488,-0.1293925702811245,0.8,0.0333333333333333,-0.1229132844035842,0,,,,127,0.0254005106996337,0.5590551181102362,2.09785451917531,0,,,,284,0.020158733340439,0.5563380281690141,2.081180159577606,D58320,False,0.2013311148086523,True,history_line_win_ge_0.5
tp15%_D+S_same_close,D+S,same_close,1106,2024,C,515170,食品饮料ETF,2024-08-21,2024-08-22,2024-10-28,2024-10-28,0.608,0.2015810276679841,0.2015810276679841,original,40,priority_CSD_g40_t060_r040_noskip,conservative_tp_center15_profit_first,1.0,0.1838933467142565,0.5579339139755901,0.5714285714285714,-0.0287386070826982,-0.1156811809335311,0.8333333333333334,0.0,-0.1278696601944928,38,0.0387673369468142,0.8157894736842105,13.223829959686917,167,-0.0310010820004607,0.311377245508982,0.3996194807703273,58,0.0171796235403543,0.6551724137931034,2.22794036356473,335,-0.0421428876775219,0.2388059701492537,0.2300969120573591,C13666,False,0.0,False,history_line_win_ge_0.5
tp15%_D+S_same_close,D+S,same_close,1107,2024,C,515170,食品饮料ETF,2024-08-22,2024-08-23,2024-10-29,2024-10-29,0.594,0.1715976331360946,0.1715976331360946,original,40,priority_CSD_g40_t060_r040_noskip,conservative_tp_center15_profit_first,1.0,0.1563962665703961,0.5528504193142085,0.6167422524565381,-0.0376661432041798,-0.1354965216877204,0.9,0.0666666666666666,-0.1378606169361059,38,0.0387673369468142,0.8157894736842105,13.223829959686917,167,-0.0307130630436176,0.311377245508982,0.4018610218250147,58,0.0171796235403543,0.6551724137931034,2.22794036356473,336,-0.0420766573652746,0.238095238095238,0.229847607121746,C13666,False,0.0,False,history_line_win_ge_0.5
tp15%_D+S_same_close,D+S,same_close,1108,2024,C,515170,食品饮料ETF,2024-08-23,2024-08-26,2024-10-30,2024-10-30,0.587,0.1669980119284293,0.1669980119284293,original,40,priority_CSD_g40_t060_r040_noskip,conservative_tp_center15_profit_first,1.0,0.1578805821675553,0.5582758680974481,0.561904761904762,-0.0412979417489726,-0.12256137721151,0.8666666666666667,0.0666666666666666,-0.1380063173541433,38,0.0387673369468142,0.8157894736842105,13.223829959686917,167,-0.030465298088386,0.311377245508982,0.4038094992686205,58,0.0171796235403543,0.6551724137931034,2.22794036356473,336,-0.0420562421555895,0.238095238095238,0.22993352659046,C13666,False,0.0,False,history_line_win_ge_0.5
tp15%_D+S_same_close,D+S,same_close,1109,2024,C,515170,食品饮料ETF,2024-08-26,2024-08-27,2024-10-31,2024-10-31,0.588,0.1759999999999999,0.1759999999999999,original,40,priority_CSD_g40_t060_r040_noskip,conservative_tp_center15_profit_first,1.0,0.1648126094220354,0.5531212115953819,0.5430461073318216,-0.0365422949049368,-0.1241408890615949,0.8666666666666667,0.0333333333333333,-0.1359638336940127,38,0.0387673369468142,0.8157894736842105,13.223829959686917,167,-0.0305070987411064,0.311377245508982,0.4034794459534321,58,0.0171796235403543,0.6551724137931034,2.22794036356473,336,-0.0420450329024919,0.238095238095238,0.2299807291852627,C13666,False,0.0,False,history_line_win_ge_0.5
tp15%_D+S_same_close,D+S,same_close,1110,2024,C,515170,食品饮料ETF,2024-08-27,2024-08-28,2024-11-01,2024-11-01,0.594,0.2122448979591835,0.2122448979591835,original,40,priority_CSD_g40_t060_r040_noskip,conservative_tp_center15_profit_first,1.0,0.154361210035659,0.5850443598708979,0.5856386999244142,-0.0427773388225835,-0.1244699417788141,0.9,0.1,-0.1471409637964889,38,0.0387673369468142,0.8157894736842105,13.223829959686917,167,-0.0304868763531294,0.311377245508982,0.4036390522869012,58,0.0171796235403543,0.6551724137931034,2.22794036356473,336,-0.042055728049522,0.238095238095238,0.2299356910868668,C13666,False,0.0,False,history_line_win_ge_0.5
tp15%_D+S_same_close,D+S,same_close,1111,2024,C,515170,食品饮料ETF,2024-08-28,2024-08-29,2024-11-04,2024-11-04,0.602,0.2039999999999999,0.2039999999999999,original,40,priority_CSD_g40_t060_r040_noskip,conservative_tp_center15_profit_first,1.0,0.1058267855296902,0.684474425610294,0.479289493575208,-0.0740920527613286,-0.1396852652158254,0.9,0.4666666666666667,-0.1354230721159855,38,0.0387673369468142,0.8157894736842105,13.223829959686917,167,-0.0309647358883502,0.3053892215568862,0.3984916230872035,58,0.0171796235403543,0.6551724137931034,2.22794036356473,336,-0.0421682293533673,0.238095238095238,0.2294630058118844,C13666,False,0.0,False,history_line_win_ge_0.5
tp15%_D+S_same_close,D+S,same_close,1112,2024,C,515170,食品饮料ETF,2024-08-29,2024-08-30,2024-11-05,2024-11-05,0.614,0.1945525291828793,0.1945525291828793,original,40,priority_CSD_g40_t060_r040_noskip,conservative_tp_center15_profit_first,1.0,0.1413856891209199,0.6454350117341356,0.4393046107331822,-0.0533571777631734,-0.1200600474794024,0.9,0.1666666666666666,-0.1268403949506311,38,0.0387673369468142,0.8157894736842105,13.223829959686917,167,-0.0311076577350186,0.3053892215568862,0.3973883372684395,58,0.0171796235403543,0.6551724137931034,2.22794036356473,336,-0.0422583051805541,0.238095238095238,0.2290859420227807,C13666,False,0.0,False,history_line_win_ge_0.5
tp15%_D+S_same_close,D+S,same_close,1113,2024,C,515170,食品饮料ETF,2024-08-30,2024-09-02,2024-11-06,2024-11-06,0.611,0.2318548387096775,0.2318548387096775,original,40,priority_CSD_g40_t060_r040_noskip,conservative_tp_center15_profit_first,1.0,0.1958751360078753,0.6094085501440085,0.4185563114134543,-0.0307581577793298,-0.0932765205430161,0.8333333333333334,0.0,-0.1159054772739733,38,0.0387673369468142,0.8157894736842105,13.223829959686917,167,-0.0309032208279374,0.311377245508982,0.3992887993013537,58,0.0171796235403543,0.6551724137931034,2.22794036356473,336,-0.0421720837621786,0.2410714285714285,0.2296387180350263,C13666,False,0.0,False,history_line_win_ge_0.5
tp15%_D+S_same_close,D+S,same_close,1114,2024,C,515170,食品饮料ETF,2024-09-02,2024-09-03,2024-11-07,2024-11-07,0.66,0.3147410358565738,0.3147410358565738,original,40,priority_CSD_g40_t060_r040_noskip,conservative_tp_center15_profit_first,1.0,0.1725967241073744,0.5906400397980682,0.5944444444444446,-0.0276207691996385,-0.1192261904761904,0.8666666666666667,0.0666666666666666,-0.1319836816181174,38,0.0387673369468142,0.8157894736842105,13.223829959686917,167,-0.0308833345102762,0.311377245508982,0.3996753588067931,58,0.0171796235403543,0.6551724137931034,2.22794036356473,336,-0.0422445830953805,0.2410714285714285,0.2283143661347975,C13666,False,0.0,False,history_line_win_ge_0.5
tp15%_D+S_same_close,D+S,same_close,1115,2024,C,515170,食品饮料ETF,2024-09-03,2024-09-04,2024-11-08,2024-11-08,0.642,0.2891566265060241,0.2891566265060241,original,40,priority_CSD_g40_t060_r040_noskip,conservative_tp_center15_profit_first,1.0,0.1609811326869044,0.6492149298701906,0.4794784580498866,-0.0397832278038182,-0.1045858421223365,0.9,0.1,-0.1262471567755304,38,0.0387673369468142,0.8157894736842105,13.223829959686917,167,-0.0307227727666306,0.3173652694610778,0.4020176473223156,58,0.0171796235403543,0.6551724137931034,2.22794036356473,336,-0.0423346498986169,0.2410714285714285,0.2266691076648819,C13666,False,0.0,False,history_line_win_ge_0.5
tp15%_D+S_same_close,D+S,same_close,1116,2024,C,515170,食品饮料ETF,2024-09-04,2024-09-05,2024-11-11,2024-11-11,0.637,0.274,0.274,original,40,priority_CSD_g40_t060_r040_noskip,conservative_tp_center15_profit_first,1.0,0.1490938582699014,0.6522805900737988,0.5576341647770219,-0.0420188601321586,-0.1169676545983467,0.9333333333333332,0.1,-0.1266234405713407,38,0.0387673369468142,0.8157894736842105,13.223829959686917,167,-0.0304141310198204,0.3233532934131736,0.406287829182627,58,0.0171796235403543,0.6551724137931034,2.22794036356473,336,-0.0421669957092092,0.244047619047619,0.2284777948651817,C13666,False,0.0,False,history_line_win_ge_0.5
tp15%_D+S_same_close,D+S,same_close,1117,2024,C,515170,食品饮料ETF,2024-09-05,2024-09-06,2024-11-12,2024-11-12,0.633,0.2839756592292088,0.2839756592292088,original,40,priority_CSD_g40_t060_r040_noskip,conservative_tp_center15_profit_first,1.0,0.1810304047319762,0.6248440393497792,0.4978080120937265,-0.0355215896399568,-0.1020746179458721,0.9333333333333332,0.0666666666666666,-0.1165810933252794,38,0.0387673369468142,0.8157894736842105,13.223829959686917,167,-0.0306984263746889,0.3233532934131736,0.4040454937957708,58,0.0171796235403543,0.6551724137931034,2.22794036356473,336,-0.0424993561183908,0.2410714285714285,0.226094906735285,C13666,False,0.0,False,history_line_win_ge_0.5
tp15%_D+S_same_close,D+S,same_close,1118,2024,C,515170,食品饮料ETF,2024-09-06,2024-09-09,2024-11-13,2024-11-13,0.632,0.2950819672131148,0.2950819672131148,original,40,priority_CSD_g40_t060_r040_noskip,conservative_tp_center15_profit_first,1.0,0.155820684807609,0.5796213557795779,0.6010582010582011,-0.0440899821148141,-0.118727388946366,0.9333333333333332,0.1,-0.1228195651218333,38,0.0387673369468142,0.8157894736842105,13.223829959686917,167,-0.0310360500502207,0.3233532934131736,0.4014144812226172,58,0.0171796235403543,0.6551724137931034,2.22794036356473,336,-0.0425148380558967,0.2410714285714285,0.2260311833230426,C13666,False,0.0,False,history_line_win_ge_0.5
tp15%_D+S_same_close,D+S,same_close,1119,2024,C,515170,食品饮料ETF,2024-09-09,2024-09-10,2024-11-14,2024-11-14,0.624,0.278688524590164,0.278688524590164,original,40,priority_CSD_g40_t060_r040_noskip,conservative_tp_center15_profit_first,1.0,0.1461363216202654,0.6164723599379409,0.5605064247921391,-0.0478602446168868,-0.125173188439875,0.9333333333333332,0.1333333333333333,-0.1299092180206855,38,0.0387673369468142,0.8157894736842105,13.223829959686917,167,-0.0311172651709995,0.3233532934131736,0.40078669763796,58,0.0171796235403543,0.6551724137931034,2.22794036356473,336,-0.0422370933808535,0.2410714285714285,0.2271798618605922,C13666,False,0.0,False,history_line_win_ge_0.5
tp15%_D+S_same_close,D+S,same_close,1120,2024,C,515170,食品饮料ETF,2024-09-10,2024-09-11,2024-11-15,2024-11-15,0.618,0.2663934426229508,0.2663934426229508,original,40,priority_CSD_g40_t060_r040_noskip,conservative_tp_center15_profit_first,1.0,0.1367124133244911,0.5919770646712653,0.5909297052154194,-0.0537986805703341,-0.1267881217936372,0.9333333333333332,0.1333333333333333,-0.1237229809656952,38,0.0387673369468142,0.8157894736842105,13.223829959686917,168,-0.0311026244074395,0.3214285714285714,0.3994666665113427,58,0.0171796235403543,0.6551724137931034,2.22794036356473,336,-0.0419265257033147,0.2410714285714285,0.2284781928282027,C13666,False,0.0,False,history_line_win_ge_0.5
tp15%_D+S_same_close,D+S,same_close,1121,2024,C,515170,食品饮料ETF,2024-09-11,2024-09-12,2024-11-18,2024-11-18,0.61,0.2734864300626305,0.2734864300626305,original,40,priority_CSD_g40_t060_r040_noskip,conservative_tp_center15_profit_first,1.0,0.1662386721968528,0.6243637260854173,0.5799319727891157,-0.0472867871714055,-0.1122164889347551,0.9666666666666668,0.2,-0.1165831681677405,38,0.0387673369468142,0.8157894736842105,13.223829959686917,168,-0.0309837834978958,0.3214285714285714,0.4003853888369415,58,0.0171796235403543,0.6551724137931034,2.22794036356473,336,-0.0416070417391755,0.2410714285714285,0.2298293750772864,C13666,False,0.0,False,history_line_win_ge_0.5
tp15%_D+S_same_close,D+S,same_close,1122,2024,C,515170,食品饮料ETF,2024-09-12,2024-09-13,2024-11-19,2024-11-19,0.61,0.3006396588486142,0.3006396588486142,original,40,priority_CSD_g40_t060_r040_noskip,conservative_tp_center15_profit_first,1.0,0.1408470822928979,0.6311516351105708,0.6045729402872262,-0.0611172566371681,-0.1055552530560016,0.9666666666666668,0.2666666666666666,-0.1196943362839807,38,0.0387673369468142,0.8157894736842105,13.223829959686917,168,-0.0308176569297318,0.3214285714285714,0.4016767673751918,58,0.0171796235403543,0.6551724137931034,2.22794036356473,336,-0.0413458522610555,0.2410714285714285,0.2309459455308588,C13666,False,0.0,False,history_line_win_ge_0.5
tp15%_D+S_same_close,D+S,same_close,1123,2024,C,515170,食品饮料ETF,2024-09-13,2024-09-18,2024-11-20,2024-11-20,0.612,0.3189655172413792,0.3189655172413792,original,40,priority_CSD_g40_t060_r040_noskip,conservative_tp_center15_profit_first,1.0,0.1361017604520577,0.6479084093063872,0.6106575963718822,-0.0621697908811749,-0.1106548251376963,0.9666666666666668,0.3,-0.1285667248700371,38,0.0387673369468142,0.8157894736842105,13.223829959686917,168,-0.03044818384488,0.3214285714285714,0.4045789338621221,58,0.0171796235403543,0.6551724137931034,2.22794036356473,336,-0.0410509839466225,0.2410714285714285,0.232219600807051,C13666,False,0.0,False,history_line_win_ge_0.5
tp15%_D+S_same_close,D+S,same_close,1124,2024,C,515170,食品饮料ETF,2024-09-18,2024-09-19,2024-11-21,2024-11-21,0.611,0.2836134453781513,0.2836134453781513,original,40,priority_CSD_g40_t060_r040_noskip,conservative_tp_center15_profit_first,1.0,0.1541668240567812,0.6634842360629108,0.5416477702191989,-0.0662764364180971,-0.0941312763131869,0.9333333333333332,0.3,-0.1286994032238421,38,0.0387673369468142,0.8157894736842105,13.223829959686917,166,-0.0293201782843853,0.3253012048192771,0.416612428835054,58,0.0171796235403543,0.6551724137931034,2.22794036356473,336,-0.0409913565228363,0.2410714285714285,0.2324788652581013,C13666,False,0.0,False,history_line_win_ge_0.5
tp15%_D+S_same_close,D+S,same_close,1125,2024,C,515170,食品饮料ETF,2024-09-19,2024-09-20,2024-11-22,2024-11-22,0.592,0.2463157894736842,0.2463157894736842,original,40,priority_CSD_g40_t060_r040_noskip,conservative_tp_center15_profit_first,1.0,0.1985679703195678,0.6407175273226562,0.4770975056689341,-0.0454780361757106,-0.0866888733483014,0.9333333333333332,0.1333333333333333,-0.1213777928232904,38,0.0387673369468142,0.8157894736842105,13.223829959686917,166,-0.0289505908917505,0.3253012048192771,0.4196987805874029,58,0.0171796235403543,0.6551724137931034,2.22794036356473,337,-0.0411012773701897,0.2403560830860534,0.2314722918515161,C13666,False,0.0,False,history_line_win_ge_0.5
tp15%_D+S_same_close,D+S,same_close,1126,2024,C,515170,食品饮料ETF,2024-09-20,2024-09-23,2024-11-25,2024-11-25,0.591,0.2415966386554622,0.2415966386554622,original,40,priority_CSD_g40_t060_r040_noskip,conservative_tp_center15_profit_first,1.0,0.2036045405773671,0.6175119056832262,0.4908541194255481,-0.0367950302753479,-0.0985605304762927,0.9,0.0666666666666666,-0.1168304811353184,38,0.0387673369468142,0.8157894736842105,13.223829959686917,166,-0.0286635692071026,0.3253012048192771,0.422127370982307,58,0.0171796235403543,0.6551724137931034,2.22794036356473,337,-0.0409378580626257,0.2403560830860534,0.232181764543794,C13666,False,0.0,False,history_line_win_ge_0.5
tp15%_D+S_same_close,D+S,same_close,1127,2024,C,515170,食品饮料ETF,2024-09-23,2024-09-24,2024-11-26,2024-11-26,0.594,0.1762376237623761,0.1762376237623761,original,40,priority_CSD_g40_t060_r040_noskip,conservative_tp_center15_profit_first,1.0,0.2453156213497245,0.6042055994047077,0.4709372637944067,-0.0260440180586907,-0.083730742509691,0.8666666666666667,0.0333333333333333,-0.1143680451143516,38,0.0387673369468142,0.8157894736842105,13.223829959686917,166,-0.0287648347156049,0.3253012048192771,0.4212673259724437,58,0.0171796235403543,0.6551724137931034,2.22794036356473,337,-0.0407267553478155,0.2403560830860534,0.2331047145605819,C13666,False,0.0,False,history_line_win_ge_0.5
tp15%_D+S_same_close,D+S,same_close,1128,2024,D,159825,农业ETF,2024-09-24,2024-09-25,2025-02-14,2024-09-30,0.722,0.0969899665551841,0.2073578595317726,take_profit_15%,3,priority_CSD_g40_t060_r040_noskip,conservative_tp_center15_profit_first,57.52787226001512,0.3887875029573305,0.4853504942833884,0.4484126984126985,0.0102788213742354,-0.0545638249930484,0.4666666666666667,0.0,-0.0721379777387263,0,,,,101,0.0516967218511997,0.7128712871287128,6.441507829877375,0,,,,275,0.0196395605601334,0.5381818181818182,2.01868502509661,D58320,False,0.2073578595317726,True,history_line_win_ge_0.5
tp15%_D+S_same_close,D+S,same_close,1129,2024,D,159611,电力ETF,2024-09-25,2024-09-26,2025-02-17,2025-02-17,0.947,-0.0326864147088866,-0.0326864147088866,original,90,priority_CSD_g40_t060_r040_noskip,conservative_tp_center15_profit_first,54.65894635348959,0.4938124816518011,0.4295925828086375,0.4159486016628874,0.0171548761093726,-0.052173900179155,0.3666666666666666,0.0,-0.0545510752565512,0,,,,101,0.0516967218511997,0.7128712871287128,6.441507829877375,1,0.0065288356909685,1.0,,275,0.0196395605601334,0.5381818181818182,2.01868502509661,D58320,False,-0.0326864147088866,True,history_line_win_ge_0.5
tp15%_D+S_same_close,D+S,same_close,1130,2024,S,512880,证券ETF,2024-09-26,2024-09-27,2024-10-18,2024-10-08,1.218,0.1620278330019882,0.2107355864811133,take_profit_15%,2,priority_CSD_g40_t060_r040_noskip,conservative_tp_center15_profit_first,0.8611428571428572,0.7628653558325614,0.2673701396290631,0.4417611489040061,0.0777943224150877,-0.006282313920593,0.0,0.0,-0.0134523530669817,2,-0.0185812470825246,0.0,,166,-0.00162110283934,0.4457831325301205,0.9165039274568,10,-0.0456925616120131,0.0,,335,-0.0090307318384338,0.3910447761194029,0.612804492496402,S10206,False,0.0,False,history_line_win_ge_0.5
tp15%_D+S_same_close,D+S,same_close,1131,2024,S,159768,房地产ETF,2024-09-27,2024-09-30,2024-10-21,2024-10-21,0.617,-0.0913107511045656,-0.0913107511045656,original,10,priority_CSD_g40_t060_r040_noskip,conservative_tp_center15_profit_first,0.8800000000000001,0.8819893576800847,0.2486263814737954,0.4712773998488284,0.1465977734511507,0.0569931367093302,0.0,0.0,0.0,0,,,,166,-0.0010935949555601,0.4518072289156626,0.94317562128349,0,,,,335,-0.0090408340376241,0.3910447761194029,0.6123713574844917,S10206,False,0.0,False,history_line_win_ge_0.5
tp15%_D+S_same_close,D+S,same_close,1132,2024,S,159851,金融科技ETF,2024-09-30,2024-10-08,2024-10-22,2024-10-18,0.7,0.140495867768595,0.1570247933884296,take_profit_15%,8,priority_CSD_g40_t060_r040_noskip,conservative_tp_center15_profit_first,0.8947058823529412,0.9648854529861272,0.2499161624673834,0.4807256235827664,0.2341606991139702,0.1735943820735421,0.0,0.0,0.0,0,,,,166,-0.0006236879942701,0.4578313253012048,0.9672232717013296,1,-0.0384615384615383,0.0,,335,-0.0088642197435886,0.3940298507462687,0.6191077579301095,S10206,False,0.0,False,history_line_win_ge_0.5
tp15%_D+S_same_close,D+S,same_close,1133,2024,S,512880,证券ETF,2024-10-08,2024-10-09,2024-10-23,2024-10-23,1.14,-0.0330788804071248,-0.0330788804071248,original,10,priority_CSD_g40_t060_r040_noskip,conservative_tp_center15_profit_first,0.9057142857142856,0.9837172117371836,0.2499161624673834,0.4814814814814815,0.3039469427369783,0.2383828344729179,0.0,0.0,0.0,2,-0.0185812470825246,0.0,,161,-0.0008709347638402,0.4596273291925465,0.9541472051970348,10,-0.0456925616120131,0.0,,330,-0.0076432758326856,0.403030303030303,0.658264179325555,S10206,False,0.0,False,history_line_win_ge_0.5
tp15%_D+S_same_close,D+S,same_close,1134,2024,D,512950,央企改革ETF,2024-10-09,2024-10-10,2025-02-20,2025-02-20,1.329,-0.0362581580855693,-0.0362581580855693,original,88,priority_CSD_g40_t060_r040_noskip,conservative_tp_center15_profit_first,73.42498110355254,0.9480001386316568,0.4290453024402647,0.6437641723356009,0.2218470887940825,0.1603234497443399,0.0,0.0,-0.086519308465658,0,,,,101,0.0516967218511997,0.7128712871287128,6.441507829877375,3,0.0324732410249737,0.6666666666666666,114.39655765922438,275,0.0196395605601334,0.5381818181818182,2.01868502509661,D58320,False,-0.0362581580855693,True,history_line_win_ge_0.5
tp15%_D+S_same_close,D+S,same_close,1135,2024,D,159902,中小板ETF,2024-10-10,2024-10-11,2025-02-20,2025-02-20,3.512,0.0951044589959464,0.0951044589959464,original,87,priority_CSD_g40_t060_r040_noskip,conservative_tp_center15_profit_first,68.7358276643991,0.9560112772185226,0.4169285729108838,0.6075207860922147,0.2209602654022692,0.1535063280233889,0.0,0.0,-0.0833729964423046,0,,,,101,0.0516967218511997,0.7128712871287128,6.441507829877375,1,-0.0776911076443057,0.0,,275,0.0196395605601334,0.5381818181818182,2.01868502509661,D58320,False,0.0951044589959464,True,history_line_win_ge_0.5
tp15%_D+S_same_close,D+S,same_close,1136,2024,S,159996,家电ETF,2024-10-11,2024-10-14,2024-10-28,2024-10-28,1.37,0.0554699537750384,0.0554699537750384,original,10,priority_CSD_g40_t060_r040_noskip,conservative_tp_center15_profit_first,0.9133333333333332,0.927242275256684,0.3990624109950254,0.7352985638699926,0.1750301823010986,0.1080095854220295,0.0,0.0,-0.1064077662374922,11,-0.0293441917059285,0.0,,161,-0.0016068219234839,0.4596273291925465,0.9154043689592232,18,-0.0223985536576275,0.0555555555555555,0.1424502473120894,330,-0.0068985664452913,0.4121212121212121,0.6826031162938997,S10206,False,0.0,False,history_line_win_ge_0.5
tp15%_D+S_same_close,D+S,same_close,1137,2024,S,159996,家电ETF,2024-10-14,2024-10-15,2024-10-29,2024-10-29,1.362,0.0724409448818899,0.0724409448818899,original,10,priority_CSD_g40_t060_r040_noskip,conservative_tp_center15_profit_first,0.9128571428571428,0.9349481554107898,0.229754646030712,0.6499244142101287,0.1895526306653474,0.1178424483576024,0.0,0.0,-0.0845280492703173,12,-0.0137329367654421,0.0833333333333333,0.4894599342712944,161,-0.0010399197568077,0.4596273291925465,0.9452505179490108,19,-0.012904373592494,0.1052631578947368,0.4784963239448625,330,-0.0062907902236372,0.4151515151515151,0.7088380460150867,S10206,False,0.0,False,history_line_win_ge_0.5
tp15%_D+S_same_close,D+S,same_close,1138,2024,S,159996,家电ETF,2024-10-15,2024-10-16,2024-10-30,2024-10-30,1.36,0.0853950518754989,0.0853950518754989,original,10,priority_CSD_g40_t060_r040_noskip,conservative_tp_center15_profit_first,0.8927272727272727,0.9077178048073428,0.2308867175384309,0.7840891912320483,0.1788326788326788,0.0956723384412829,0.0,0.0,-0.1075913969834856,12,-0.0137329367654421,0.0833333333333333,0.4894599342712944,161,-0.001547239747778,0.4596273291925465,0.9185412391244588,19,-0.012904373592494,0.1052631578947368,0.4784963239448625,330,-0.0061335017070932,0.4181818181818181,0.7146573622024422,S10206,False,0.0,False,history_line_win_ge_0.5
tp15%_D+S_same_close,D+S,same_close,1139,2024,S,159996,家电ETF,2024-10-16,2024-10-17,2024-10-31,2024-10-31,1.347,0.082797427652733,0.082797427652733,original,10,priority_CSD_g40_t060_r040_noskip,conservative_tp_center15_profit_first,0.8959999999999999,0.905649720118158,0.2884841014472097,0.7240740740740742,0.186978974411063,0.0920068997137233,0.0,0.0,-0.109223684872711,12,-0.0137329367654421,0.0833333333333333,0.4894599342712944,161,0.0016836463536114,0.4596273291925465,1.088640267880116,19,-0.012904373592494,0.1052631578947368,0.4784963239448625,330,-0.0044177889586185,0.4212121212121212,0.7932771975647698,S10206,False,0.0,False,history_line_win_ge_0.5
tp15%_D+S_same_close,D+S,same_close,1140,2024,S,159996,家电ETF,2024-10-17,2024-10-18,2024-11-01,2024-11-01,1.314,0.0154559505409583,0.0154559505409583,original,10,priority_CSD_g40_t060_r040_noskip,conservative_tp_center15_profit_first,0.8836363636363636,0.8936796337827331,0.2926388243182616,0.7768329554043839,0.175732588875097,0.0781875763439974,0.0,0.0,-0.118862075230287,12,-0.0137329367654421,0.0833333333333333,0.4894599342712944,161,0.0031433050419516,0.4596273291925465,1.1654880791027589,19,-0.012904373592494,0.1052631578947368,0.4784963239448625,330,-0.003734168112249,0.4212121212121212,0.825266054091958,S10206,False,0.0,False,history_line_win_ge_0.5
tp15%_D+S_same_close,D+S,same_close,1141,2024,S,159996,家电ETF,2024-10-18,2024-10-21,2024-11-04,2024-11-04,1.338,0.0252873563218392,0.0252873563218392,original,10,priority_CSD_g40_t060_r040_noskip,conservative_tp_center15_profit_first,0.8819999999999999,0.9287865597059102,0.3569020984808093,0.6570672713529858,0.2121237113402061,0.1066277828488326,0.0,0.0,-0.0961439098463208,12,-0.0137329367654421,0.0833333333333333,0.4894599342712944,161,0.0039472270343619,0.4596273291925465,1.2078127992609504,19,-0.012904373592494,0.1052631578947368,0.4784963239448625,330,-0.0032592287220135,0.4212121212121212,0.8474900223837949,S10206,False,0.0,False,history_line_win_ge_0.5
tp15%_D+S_same_close,D+S,same_close,1142,2024,S,159996,家电ETF,2024-10-21,2024-10-22,2024-11-05,2024-11-05,1.348,0.0029761904761904,0.0029761904761904,original,10,priority_CSD_g40_t060_r040_noskip,conservative_tp_center15_profit_first,0.8799999999999999,0.9245738462263444,0.3138813509781932,0.6218065003779291,0.2232736279815947,0.1164206642066421,0.0,0.0,-0.0846660003331667,12,-0.0137329367654421,0.0833333333333333,0.4894599342712944,162,0.0049230332440386,0.4629629629629629,1.2607967006099816,19,-0.012904373592494,0.1052631578947368,0.4784963239448625,330,-0.0026790115353282,0.4242424242424242,0.8741147031869673,S10206,False,0.0,False,history_line_win_ge_0.5
tp15%_D+S_same_close,D+S,same_close,1143,2024,S,159996,家电ETF,2024-10-22,2024-10-23,2024-11-06,2024-11-06,1.328,-0.0059880239520958,-0.0059880239520958,original,10,priority_CSD_g40_t060_r040_noskip,conservative_tp_center15_profit_first,0.8819999999999999,0.9440133974261036,0.3574731946693869,0.6054421768707483,0.2606443230277185,0.1288611152544769,0.0,0.0,-0.0754182021916682,12,-0.0137329367654421,0.0833333333333333,0.4894599342712944,163,0.0043326419290165,0.4601226993865031,1.2242419780642322,19,-0.012904373592494,0.1052631578947368,0.4784963239448625,330,-0.0029114727806573,0.4242424242424242,0.8646697190079246,S10206,False,0.0,False,history_line_win_ge_0.5
tp15%_D+S_same_close,D+S,same_close,1144,2024,S,159996,家电ETF,2024-10-23,2024-10-24,2024-11-07,2024-11-07,1.352,0.0127340823970039,0.0127340823970039,original,10,priority_CSD_g40_t060_r040_noskip,conservative_tp_center15_profit_first,0.8763636363636362,0.943596812343834,0.3561492598386193,0.5924414210128497,0.2507879763323378,0.1283791054034039,0.0,0.0,-0.0720082251595105,12,-0.0137329367654421,0.0833333333333333,0.4894599342712944,164,0.0051629055012091,0.4634146341463415,1.2688527834731145,19,-0.012904373592494,0.1052631578947368,0.4784963239448625,330,-0.002440402681488,0.4272727272727272,0.8863263844152717,S10206,False,0.0,False,history_line_win_ge_0.5
tp15%_D+S_same_close,D+S,same_close,1145,2024,S,159996,家电ETF,2024-10-24,2024-10-25,2024-11-08,2024-11-08,1.363,0.0164056674123789,0.0164056674123789,original,10,priority_CSD_g40_t060_r040_noskip,conservative_tp_center15_profit_first,0.8819999999999999,0.952150014075698,0.3727324658263248,0.643310657596372,0.230675782857946,0.1449376773115639,0.0,0.0,-0.0809794659211414,12,-0.0137329367654421,0.0833333333333333,0.4894599342712944,165,0.0049311371017646,0.4606060606060606,1.2556641196128433,19,-0.012904373592494,0.1052631578947368,0.4784963239448625,330,-0.0025177344546963,0.4272727272727272,0.8831452042663293,S10206,False,0.0,False,history_line_win_ge_0.5
tp15%_D+S_same_close,D+S,same_close,1146,2024,S,159996,家电ETF,2024-10-25,2024-10-28,2024-11-11,2024-11-11,1.367,-0.0021897810218979,-0.0021897810218979,original,10,priority_CSD_g40_t060_r040_noskip,conservative_tp_center15_profit_first,0.889090909090909,0.9622381789806363,0.2955460117561037,0.5357142857142857,0.2413576424470589,0.1665303943946672,0.0,0.0,-0.0602159096851414,12,-0.0137329367654421,0.0833333333333333,0.4894599342712944,166,0.0052332672744209,0.463855421686747,1.2729730451742225,19,-0.012904373592494,0.1052631578947368,0.4784963239448625,330,-0.0023153122251446,0.4303030303030303,0.8923628196048292,S10206,False,0.0,False,history_line_win_ge_0.5
tp15%_D+S_same_close,D+S,same_close,1147,2024,S,159996,家电ETF,2024-10-28,2024-10-29,2024-11-12,2024-11-12,1.37,0.0058737151248164,0.0058737151248164,original,10,priority_CSD_g40_t060_r040_noskip,conservative_tp_center15_profit_first,0.901818181818182,0.971526191163418,0.284928500048211,0.5421012849584278,0.2712002972872538,0.1908385987833101,0.0,0.0,-0.0540168227574524,12,-0.0137329367654421,0.0833333333333333,0.4894599342712944,167,0.0055392107232182,0.467065868263473,1.2906719465281458,19,-0.012904373592494,0.1052631578947368,0.4784963239448625,330,-0.0021446279123459,0.4333333333333333,0.9002978090925607,S10206,False,0.0,False,history_line_win_ge_0.5
tp15%_D+S_same_close,D+S,same_close,1148,2024,S,159996,家电ETF,2024-10-29,2024-10-30,2024-11-13,2024-11-13,1.365,0.0036764705882352,0.0036764705882352,original,10,priority_CSD_g40_t060_r040_noskip,conservative_tp_center15_profit_first,0.8818181818181818,0.9579729113124203,0.2622294558301379,0.662207105064248,0.2012142866347924,0.1597075767766098,0.0,0.0,-0.065146584874375,13,-0.0084096374930974,0.1538461538461538,0.6613073349764645,167,0.0054633908767701,0.467065868263473,1.2866932745740078,20,-0.0094856572241174,0.15,0.5964807405294158,330,-0.0018304609972545,0.4363636363636363,0.914321358942214,S10206,False,0.0,False,history_line_win_ge_0.5
tp15%_D+S_same_close,D+S,same_close,1149,2024,S,159996,家电ETF,2024-10-30,2024-10-31,2024-11-14,2024-11-14,1.358,0.0081662954714181,0.0081662954714181,original,10,priority_CSD_g40_t060_r040_noskip,conservative_tp_center15_profit_first,0.866,0.9520382385079016,0.2579214300398789,0.6476190476190478,0.1824576122373324,0.1495968388851734,0.0,0.0,-0.0699727812159669,14,-0.002634595894884,0.2142857142857142,0.8857313201318526,167,0.0054823758789311,0.467065868263473,1.287689518950458,21,-0.0055843904571647,0.1904761904761904,0.7505624016280715,330,-0.0014608350924149,0.4393939393939394,0.931138661711434,S10206,False,0.0,False,history_line_win_ge_0.5
tp15%_D+S_same_close,D+S,same_close,1150,2024,S,159996,家电ETF,2024-10-31,2024-11-01,2024-11-15,2024-11-15,1.326,0.0091324200913243,0.0091324200913243,original,10,priority_CSD_g40_t060_r040_noskip,conservative_tp_center15_profit_first,0.88,0.9477094127008076,0.2685131599904586,0.5335600907029479,0.1285896503629883,0.1607232128731891,0.0,0.0,-0.0633412307101236,15,0.0032340472898081,0.2666666666666666,1.1502874752965502,167,0.0055555754008963,0.467065868263473,1.2915306884956712,22,-0.0014489612602254,0.2272727272727272,0.9321974074115504,330,-0.0010382620441436,0.4424242424242424,0.9506772184843096,S10206,False,0.0,False,history_line_win_ge_0.5
tp15%_D+S_same_close,D+S,same_close,1151,2024,S,510500,中证500ETF,2024-11-01,2024-11-04,2024-11-18,2024-11-18,5.629,-0.0177979410225092,-0.0177979410225092,original,10,priority_CSD_g40_t060_r040_noskip,conservative_tp_center15_profit_first,0.8385714285714285,0.8819816146687431,0.2452131504338406,0.6271352985638701,0.0595617862336981,0.1268558547430829,0.0,0.0,-0.0646250444260158,0,,,,167,0.0053879849496228,0.467065868263473,1.2827363231744515,0,,,,330,-0.0007039873315194,0.4454545454545454,0.966424001478118,S10206,False,0.0,False,history_line_win_ge_0.5
tp15%_D+S_same_close,D+S,same_close,1152,2024,S,512880,证券ETF,2024-11-04,2024-11-05,2024-11-19,2024-11-19,1.225,-0.0316205533596836,-0.0316205533596836,original,10,priority_CSD_g40_t060_r040_noskip,conservative_tp_center15_profit_first,0.916923076923077,0.7575969530036163,0.2453621975531593,0.6055177626606197,-0.0149353139068915,0.1486422875152442,0.0,0.0666666666666666,-0.0587756277892765,6,0.0820106637291193,0.5,8.005329627613042,167,0.0055246011408459,0.4730538922155688,1.290577221939951,14,0.0051643471728309,0.2142857142857142,1.1475514223482477,330,-0.0008692432761598,0.4454545454545454,0.9585422781792023,S10206,False,0.0,False,history_line_win_ge_0.5
tp15%_D+S_same_close,D+S,same_close,1153,2024,S,164701,贵金属LOF,2024-11-05,2024-11-06,2024-11-20,2024-11-20,1.127,-0.0259291270527225,-0.0259291270527225,original,10,priority_CSD_g40_t060_r040_noskip,conservative_tp_center15_profit_first,0.8436363636363636,0.732467899989592,0.3153275760179962,0.4786092214663642,-0.0369874118945211,0.1884694258541078,0.0,0.2,-0.0369874118945211,17,0.0197424443545305,0.6470588235294118,6.090080459245212,167,0.0054193928382393,0.4730538922155688,1.2850435851185669,17,0.0197424443545305,0.6470588235294118,6.090080459245212,330,-0.0010970951324559,0.4454545454545454,0.9476751030928408,S10206,False,0.0,False,history_line_win_ge_0.5
tp15%_D+S_same_close,D+S,same_close,1154,2024,S,159768,房地产ETF,2024-11-06,2024-11-07,2024-11-21,2024-11-21,0.622,-0.1202263083451201,-0.1202263083451201,original,10,priority_CSD_g40_t060_r040_noskip,conservative_tp_center15_profit_first,0.8961290322580645,0.8927010373042478,0.2734185746787355,0.4656840513983371,0.041319458558595,0.220990267992577,0.0,0.0,-0.0348235601868868,1,-0.0913107511045656,0.0,,167,0.0049779558638947,0.4730538922155688,1.2618253424986132,1,-0.0913107511045656,0.0,,330,-0.0015269478467913,0.4454545454545454,0.9271736914126004,S10206,False,0.0,False,history_line_win_ge_0.5
tp15%_D+S_same_close,D+S,same_close,1155,2024,S,512880,证券ETF,2024-11-07,2024-11-08,2024-11-22,2024-11-22,1.178,-0.1075757575757576,-0.1075757575757576,original,10,priority_CSD_g40_t060_r040_noskip,conservative_tp_center15_profit_first,0.90875,0.9350537756952582,0.2612913391592735,0.4670068027210884,0.0690333583822186,0.2468245159699099,0.0,0.0,-0.0185690514251525,6,0.0820106637291193,0.5,8.005329627613042,167,0.0048001419686622,0.467065868263473,1.2519976200696823,14,0.0051643471728309,0.2142857142857142,1.1475514223482477,330,-0.0015428910327592,0.4454545454545454,0.9264692089354066,S10206,False,0.0,False,history_line_win_ge_0.5
tp15%_D+S_same_close,D+S,same_close,1156,2024,S,159852,软件ETF,2024-11-08,2024-11-11,2024-11-25,2024-11-25,0.816,-0.0963455149501661,-0.0963455149501661,original,10,priority_CSD_g40_t060_r040_noskip,conservative_tp_center15_profit_first,0.8977777777777778,0.9603225195120486,0.2775903216182381,0.5215041572184429,0.1044722957830248,0.2344669484692992,0.0,0.0,-0.0287357543348055,1,0.0550847457627119,1.0,,167,0.0046945450754857,0.467065868263473,1.2464539994974235,2,-0.0043203722166832,0.5,0.8644067796610166,331,-0.0014997581825182,0.4471299093655589,0.928308234214756,S10206,False,0.0,False,history_line_win_ge_0.5
tp15%_D+S_same_close,D+S,same_close,1157,2024,S,159813,半导体ETF鹏华,2024-11-11,2024-11-12,2024-11-26,2024-11-26,0.37,-0.1273584905660377,-0.1273584905660377,original,10,priority_CSD_g40_t060_r040_noskip,conservative_tp_center15_profit_first,0.8961290322580644,0.9408809504379484,0.276013984994467,0.469803476946334,0.0806739250606869,0.2202479410943607,0.0,0.0,-0.0308796104434314,5,-0.0576838392759155,0.0,,167,0.0045571882199006,0.467065868263473,1.2392430459602866,14,-0.0535065896342092,0.0,,332,-0.0014458261777143,0.4487951807228915,0.9306775008925856,S10206,False,0.0,False,history_line_win_ge_0.5
tp15%_D+S_same_close,D+S,same_close,1158,2024,S,159852,软件ETF,2024-11-12,2024-11-13,2024-11-27,2024-11-27,0.826,-0.0872928176795581,-0.0872928176795581,original,10,priority_CSD_g40_t060_r040_noskip,conservative_tp_center15_profit_first,0.901818181818182,0.9424428993710996,0.2498285395163582,0.6278155706727135,0.0983605690411975,0.2193374060150376,0.0,0.0,-0.0423776334152987,1,0.0550847457627119,1.0,,167,0.0043674742292403,0.4610778443113772,1.2291257251274526,2,-0.0043203722166832,0.5,0.8644067796610166,332,-0.0013962430995145,0.4487951807228915,0.9328953118391664,S10206,False,0.0,False,history_line_win_ge_0.5
tp15%_D+S_same_close,D+S,same_close,1159,2024,S,159852,软件ETF,2024-11-13,2024-11-14,2024-11-28,2024-11-28,0.813,-0.0665901262916188,-0.0665901262916188,original,10,priority_CSD_g40_t060_r040_noskip,conservative_tp_center15_profit_first,0.901875,0.9418044009171814,0.2459876751880385,0.5430461073318217,0.0957193200663349,0.2236749736749737,0.0,0.0,-0.0386490206893082,1,0.0550847457627119,1.0,,167,0.0041963048958716,0.4610778443113772,1.2201458673036558,2,-0.0043203722166832,0.5,0.8644067796610166,332,-0.0015802755149947,0.4487951807228915,0.9240505498800404,S10206,False,0.0,False,history_line_win_ge_0.5
tp15%_D+S_same_close,D+S,same_close,1160,2024,S,159813,半导体ETF鹏华,2024-11-14,2024-11-15,2024-11-29,2024-11-29,0.389,-0.0076530612244898,-0.0076530612244898,original,10,priority_CSD_g40_t060_r040_noskip,conservative_tp_center15_profit_first,0.8975,0.9248028735186512,0.2023690737524955,0.711413454270597,0.0857482209699312,0.1877272380564948,0.0,0.0,-0.0622984526160538,5,-0.0576838392759155,0.0,,167,0.0040162445013471,0.4610778443113772,1.210699568070577,14,-0.0535065896342092,0.0,,332,-0.0015862833671528,0.4487951807228915,0.9237618071491176,S10206,False,0.0,False,history_line_win_ge_0.5
tp15%_D+S_same_close,D+S,same_close,1161,2024,S,159852,软件ETF,2024-11-15,2024-11-18,2024-12-02,2024-12-02,0.847,0.0667506297229219,0.0667506297229219,original,10,priority_CSD_g40_t060_r040_noskip,conservative_tp_center15_profit_first,0.8544827586206898,0.8523037355499454,0.219637306879534,0.722713529856387,0.0354981807383277,0.1903214542397244,0.0,0.0,-0.0798748292503453,1,0.0550847457627119,1.0,,167,0.0040335036607446,0.4610778443113772,1.2116050152934938,2,-0.0043203722166832,0.5,0.8644067796610166,332,-0.0015841013340013,0.4487951807228915,0.923866677607736,S10206,False,0.0,False,history_line_win_ge_0.5
tp15%_D+S_same_close,D+S,same_close,1162,2024,S,159755,电池ETF,2024-11-18,2024-11-19,2024-12-03,2024-12-03,0.695,-0.0333796940194714,-0.0333796940194714,original,10,priority_CSD_g40_t060_r040_noskip,conservative_tp_center15_profit_first,0.8899999999999999,0.8363565140380175,0.2183549881231584,0.7342025699168556,0.0151505931226977,0.1906116969600623,0.0,0.0,-0.0906878424609908,0,,,,167,0.0039433172637639,0.4610778443113772,1.206873671152644,0,,,,332,-0.0012590328319773,0.4518072289156626,0.93861184409793,S10206,False,0.0,False,history_line_win_ge_0.5
tp15%_D+S_same_close,D+S,same_close,1163,2024,S,159755,电池ETF,2024-11-19,2024-11-20,2024-12-04,2024-12-04,0.689,-0.0430555555555556,-0.0430555555555556,original,10,priority_CSD_g40_t060_r040_noskip,conservative_tp_center15_profit_first,0.8815384615384616,0.8352163598639324,0.202066817056841,0.6601284958427815,0.012535802566014,0.204431861209597,0.0,0.0,-0.0730626122658454,0,,,,167,0.0037339969884471,0.4550898203592814,1.1948031818953806,0,,,,332,-0.0009277343210416,0.4518072289156626,0.9540226626579712,S10206,False,0.0,False,history_line_win_ge_0.5
tp15%_D+S_same_close,D+S,same_close,1164,2024,S,159852,软件ETF,2024-11-20,2024-11-21,2024-12-05,2024-12-05,0.845,0.0,0.0,original,10,priority_CSD_g40_t060_r040_noskip,conservative_tp_center15_profit_first,0.8937931034482758,0.8486496644806024,0.2088846355159336,0.6366213151927438,0.0174352920911711,0.2182577619958117,0.0,0.0,-0.0666959040954723,1,0.0550847457627119,1.0,,167,0.0036553897868019,0.4550898203592814,1.1899233662876214,2,-0.0043203722166832,0.5,0.8644067796610166,332,-0.0006093822744268,0.4518072289156626,0.9693156762975016,S10206,False,0.0,False,history_line_win_ge_0.5
tp15%_D+S_same_close,D+S,same_close,1165,2024,S,159852,软件ETF,2024-11-21,2024-11-22,2024-12-06,2024-12-06,0.846,0.032967032967033,0.032967032967033,original,10,priority_CSD_g40_t060_r040_noskip,conservative_tp_center15_profit_first,0.8939999999999999,0.8748722793722893,0.2560486319414228,0.5933862433862435,0.0300308269668944,0.2279250527463671,0.0,0.0,-0.0663221545996706,1,0.0550847457627119,1.0,,167,0.00362316714101,0.4550898203592814,1.187934532864341,2,-0.0043203722166832,0.5,0.8644067796610166,332,-0.0002172215661113,0.4518072289156626,0.988841873235985,S10206,False,0.0,False,history_line_win_ge_0.5
tp15%_D+S_same_close,D+S,same_close,1166,2024,S,159852,软件ETF,2024-11-22,2024-11-25,2024-12-09,2024-12-09,0.846,0.036764705882353,0.036764705882353,original,10,priority_CSD_g40_t060_r040_noskip,conservative_tp_center15_profit_first,0.8400000000000001,0.7497757121225012,0.297181337388358,0.7150793650793652,-0.0159629479742793,0.1895468338486201,0.0,0.0333333333333333,-0.0995701821914293,1,0.0550847457627119,1.0,,167,0.0029812288768576,0.4550898203592814,1.1496539434005069,2,-0.0043203722166832,0.5,0.8644067796610166,332,-0.0001064071845528,0.4518072289156626,0.9945028386901258,S10206,False,0.0,False,history_line_win_ge_0.5
tp15%_D+S_same_close,D+S,same_close,1167,2024,S,159852,软件ETF,2024-11-25,2024-11-26,2024-12-10,2024-12-10,0.859,0.080503144654088,0.080503144654088,original,10,priority_CSD_g40_t060_r040_noskip,conservative_tp_center15_profit_first,0.8444444444444444,0.725364140755098,0.2972768467169326,0.6438019652305367,-0.0284797954310471,0.1886733207733728,0.0,0.0333333333333333,-0.0958597890003899,1,0.0550847457627119,1.0,,167,0.0024641186135314,0.4550898203592814,1.1205659720686791,2,-0.0043203722166832,0.5,0.8644067796610166,332,-0.0001455503284742,0.4518072289156626,0.9924958176797368,S10206,False,0.0,False,history_line_win_ge_0.5
tp15%_D+S_same_close,D+S,same_close,1168,2024,S,159852,软件ETF,2024-11-26,2024-11-27,2024-12-11,2024-12-11,0.859,0.039951573849879,0.039951573849879,original,10,priority_CSD_g40_t060_r040_noskip,conservative_tp_center15_profit_first,0.8418181818181819,0.750608990766877,0.2890436374855991,0.6701814058956915,-0.014951638654422,0.1859426910299003,0.0,0.0,-0.1083271910549885,2,-0.0206303845937271,0.5,0.5717416715371132,167,0.0022183159432948,0.4550898203592814,1.107249316711101,2,-0.0206303845937271,0.5,0.5717416715371132,332,-0.0002438034150829,0.4518072289156626,0.9874935072591916,S10206,False,0.0,False,history_line_win_ge_0.5
tp15%_D+S_same_close,D+S,same_close,1169,2024,S,512980,传媒ETF,2024-11-27,2024-11-28,2024-12-12,2024-12-12,0.875,0.0896637608966375,0.0896637608966375,original,10,priority_CSD_g40_t060_r040_noskip,conservative_tp_center15_profit_first,0.8418181818181818,0.796061356596538,0.2790364817961072,0.6450869236583523,0.0041789277567862,0.2054190393132577,0.0,0.0,-0.0949219514071498,1,-0.0878552971576228,0.0,,167,0.0013189230706488,0.4491017964071856,1.0614987026342513,6,-0.098373892361537,0.0,,332,-0.0006740479523618,0.4487951807228915,0.9660903422850362,S10206,False,0.0,False,history_line_win_ge_0.5
tp15%_D+S_same_close,D+S,same_close,1170,2024,S,512980,传媒ETF,2024-11-28,2024-11-29,2024-12-13,2024-12-13,0.88,0.0731707317073171,0.0731707317073171,original,10,priority_CSD_g40_t060_r040_noskip,conservative_tp_center15_profit_first,0.8277777777777777,0.7790599658443882,0.2825332960034175,0.6832955404383977,-0.0033900345021263,0.2010093692142389,0.0,0.0333333333333333,-0.1024604908989153,1,-0.0878552971576228,0.0,,167,0.0006351790708976,0.4431137724550898,1.028912427493345,6,-0.098373892361537,0.0,,332,-0.000970948594435,0.4457831325301205,0.9517916860127766,S10206,False,0.0,False,history_line_win_ge_0.5
tp15%_D+S_same_close,D+S,same_close,1171,2024,S,159852,软件ETF,2024-11-29,2024-12-02,2024-12-16,2024-12-16,0.816,-0.0365997638724912,-0.0365997638724912,original,10,priority_CSD_g40_t060_r040_noskip,conservative_tp_center15_profit_first,0.8918181818181818,0.8077518748988025,0.336477274473525,0.5695767195767196,0.0071745703244999,0.2278181429639918,0.0,0.0,-0.0856085909585211,4,-0.0487859282896577,0.25,0.2201378132613896,167,5.425738594301175e-06,0.437125748502994,1.000242569049437,4,-0.0487859282896577,0.25,0.2201378132613896,332,-0.0011148360114295,0.4457831325301205,0.94504020875851,S10206,False,0.0,False,history_line_win_ge_0.5
tp15%_D+S_same_close,D+S,same_close,1172,2024,S,159852,软件ETF,2024-12-02,2024-12-03,2024-12-17,2024-12-17,0.803,-0.0406212664277179,-0.0406212664277179,original,10,priority_CSD_g40_t060_r040_noskip,conservative_tp_center15_profit_first,0.8921739130434783,0.8140730244133332,0.3498027564734037,0.5151927437641723,0.0089984258073055,0.2405461028442014,0.0,0.0,-0.077843753328363,4,-0.0487859282896577,0.25,0.2201378132613896,167,-6.376887367444082e-05,0.4311377245508982,0.9971549074198448,4,-0.0487859282896577,0.25,0.2201378132613896,332,-0.0010631019575174,0.4457831325301205,0.947456614890652,S10206,False,0.0,False,history_line_win_ge_0.5
tp15%_D+S_same_close,D+S,same_close,1173,2024,S,159851,金融科技ETF,2024-12-03,2024-12-04,2024-12-18,2024-12-18,0.769,-0.0314861460957178,-0.0314861460957178,original,10,priority_CSD_g40_t060_r040_noskip,conservative_tp_center15_profit_first,0.8153846153846155,0.7690624290767967,0.3575761183359182,0.5450113378684808,-0.0148804248345916,0.2100152908722596,0.0,0.0,-0.0795844871658323,2,0.3327777668198584,1.0,,167,0.0004528890887382,0.437125748502994,1.0203119482310057,3,0.2090313317260594,0.6666666666666666,17.30444387463271,332,-0.0007593332030494,0.4487951807228915,0.9622787699718024,S10206,False,0.0,False,history_line_win_ge_0.5
tp15%_D+S_same_close,D+S,same_close,1174,2024,S,159851,金融科技ETF,2024-12-04,2024-12-05,2024-12-19,2024-12-19,0.772,-0.0539215686274509,-0.0539215686274509,original,10,priority_CSD_g40_t060_r040_noskip,conservative_tp_center15_profit_first,0.8615384615384616,0.7857059698275061,0.3473351446832226,0.5872637944066516,-0.0150152419296257,0.2353473548208512,0.0,0.1,-0.0864457316398668,2,0.3327777668198584,1.0,,167,0.0003651017701944,0.437125748502994,1.0163104934184204,3,0.2090313317260594,0.6666666666666666,17.30444387463271,332,-0.0007723448444942,0.4487951807228915,0.9616571773942528,S10206,False,0.0,False,history_line_win_ge_0.5
tp15%_D+S_same_close,D+S,same_close,1175,2024,S,512980,传媒ETF,2024-12-05,2024-12-06,2024-12-20,2024-12-20,0.854,-0.0339366515837104,-0.0339366515837104,original,10,priority_CSD_g40_t060_r040_noskip,conservative_tp_center15_profit_first,0.9142857142857144,0.7293371655682738,0.3740591092377913,0.4843159486016628,-0.0447395190581423,0.2225953968811111,0.0,0.1,-0.091542056313166,1,-0.0878552971576228,0.0,,167,0.0004435445965647,0.437125748502994,1.019884516827497,6,-0.098373892361537,0.0,,332,-0.0008527798950809,0.4487951807228915,0.957832386602201,S10206,False,0.0,False,history_line_win_ge_0.5
tp15%_D+S_same_close,D+S,same_close,1176,2024,S,512980,传媒ETF,2024-12-06,2024-12-09,2024-12-23,2024-12-23,0.811,-0.074200913242009,-0.074200913242009,original,10,priority_CSD_g40_t060_r040_noskip,conservative_tp_center15_profit_first,0.8923076923076922,0.756100062905395,0.3355209424250105,0.4504913076341647,-0.0314370444264462,0.2448819621884034,0.0,0.0333333333333333,-0.0791592254311664,1,-0.0878552971576228,0.0,,167,0.000586425862233,0.437125748502994,1.026459503217518,6,-0.098373892361537,0.0,,332,-0.0007798867668202,0.4487951807228915,0.9612972519209052,S10206,False,0.0,False,history_line_win_ge_0.5
tp15%_D+S_same_close,D+S,same_close,1177,2024,S,512980,传媒ETF,2024-12-09,2024-12-10,2024-12-24,2024-12-24,0.812,-0.0655926352128882,-0.0655926352128882,original,10,priority_CSD_g40_t060_r040_noskip,conservative_tp_center15_profit_first,0.91,0.7292064013999155,0.3495937628583215,0.5212773998488285,-0.0455293554371895,0.2274687982780467,0.0,0.2,-0.0823129578864682,1,-0.0878552971576228,0.0,,167,0.0007026790000326,0.437125748502994,1.0317048385135124,6,-0.098373892361537,0.0,,332,-0.0006255738958875,0.4518072289156626,0.968870210449572,S10206,False,0.0,False,history_line_win_ge_0.5
tp15%_D+S_same_close,D+S,same_close,1178,2024,S,512980,传媒ETF,2024-12-10,2024-12-11,2024-12-25,2024-12-25,0.8,-0.0804597701149424,-0.0804597701149424,original,10,priority_CSD_g40_t060_r040_noskip,conservative_tp_center15_profit_first,0.9076923076923076,0.7600509983882903,0.3227769786640669,0.499244142101285,-0.0304794703205707,0.2583785126954007,0.0,0.0666666666666666,-0.0769177681790134,1,-0.0878552971576228,0.0,,167,0.0007376899670159,0.437125748502994,1.033284531452048,6,-0.098373892361537,0.0,,332,-0.0005010074076041,0.4548192771084337,0.9750517154314344,S10206,False,0.0,False,history_line_win_ge_0.5
tp15%_D+S_same_close,D+S,same_close,1179,2024,S,512980,传媒ETF,2024-12-11,2024-12-12,2024-12-26,2024-12-26,0.802,-0.0834285714285714,-0.0834285714285714,original,10,priority_CSD_g40_t060_r040_noskip,conservative_tp_center15_profit_first,0.9106666666666668,0.7788904553682885,0.3481483141093133,0.4530990173847317,-0.021761724514018,0.2765184298951226,0.0,0.1,-0.074742467404989,1,-0.0878552971576228,0.0,,167,0.0009284984242516,0.437125748502994,1.0418937987325427,6,-0.098373892361537,0.0,,332,-0.000273663976803,0.4548192771084337,0.9863725632279609,S10206,False,0.0,False,history_line_win_ge_0.5
tp15%_D+S_same_close,D+S,same_close,1180,2024,S,512980,传媒ETF,2024-12-12,2024-12-13,2024-12-27,2024-12-27,0.799,-0.0920454545454545,-0.0920454545454545,original,10,priority_CSD_g40_t060_r040_noskip,conservative_tp_center15_profit_first,0.8984000000000001,0.845193502424828,0.3139199628518043,0.4399092970521542,0.0095710554893039,0.2965871753643958,0.0,0.0,-0.0658818275330647,1,-0.0878552971576228,0.0,,167,0.0006604673958148,0.437125748502994,1.0298002532120327,6,-0.098373892361537,0.0,,332,-0.0001091953367371,0.4578313253012048,0.9945505069198176,S10206,False,0.0,False,history_line_win_ge_0.5
tp15%_D+S_same_close,D+S,same_close,1181,2024,S,512980,传媒ETF,2024-12-13,2024-12-16,2024-12-30,2024-12-30,0.799,-0.0687645687645687,-0.0687645687645687,original,10,priority_CSD_g40_t060_r040_noskip,conservative_tp_center15_profit_first,0.8782608695652174,0.8132164844640446,0.2900939772256048,0.5948601662887378,0.0060268134876197,0.2746387687809126,0.0,0.0,-0.0859322756685599,2,0.0009042318695073,0.5,1.0205845725587848,168,0.0011902489047483,0.4404761904761904,1.0540255469056914,7,-0.0715113704675121,0.1428571428571428,0.151909818659188,332,4.154645409973914e-05,0.4578313253012048,1.0020734137637004,S10206,False,0.0,False,history_line_win_ge_0.5
tp15%_D+S_same_close,D+S,same_close,1182,2024,S,512980,传媒ETF,2024-12-16,2024-12-17,2024-12-31,2024-12-31,0.774,-0.0674698795180722,-0.0674698795180722,original,10,priority_CSD_g40_t060_r040_noskip,conservative_tp_center15_profit_first,0.8730769230769231,0.8045256610006772,0.2953888940916306,0.5959561602418745,0.0075769589715881,0.2686307749924301,0.0,0.0,-0.0964055150608977,3,0.0249930651487772,0.6666666666666666,1.8534396658156,169,0.0016161689213315,0.4437869822485207,1.0737947652349675,8,-0.0534261076956584,0.25,0.2758768759593183,332,0.0003186782328477,0.4608433734939759,1.0159490893078256,S10206,False,0.0,False,history_line_win_ge_0.5
tp15%_D+S_same_close,D+S,same_close,1183,2024,S,512980,传媒ETF,2024-12-17,2024-12-18,2025-01-02,2025-01-02,0.756,-0.1042654028436018,-0.1042654028436018,original,10,priority_CSD_g40_t060_r040_noskip,conservative_tp_center15_profit_first,0.8944444444444444,0.7447782565203473,0.2746466303846878,0.5811413454270599,-0.0106057350841052,0.2699690958090754,0.0,0.0333333333333333,-0.095679326757104,3,0.0249930651487772,0.6666666666666666,1.8534396658156,169,0.0009404628133273,0.4378698224852071,1.0425213462240064,8,-0.0534261076956584,0.25,0.2758768759593183,332,0.0002234856814325,0.4608433734939759,1.0111318938702525,S10206,False,0.0,False,history_line_win_ge_0.5
tp15%_D+S_same_close,D+S,same_close,1184,2024,S,512980,传媒ETF,2024-12-18,2024-12-19,2025-01-03,2025-01-03,0.728,-0.1425206124852768,-0.1425206124852768,original,10,priority_CSD_g40_t060_r040_noskip,conservative_tp_center15_profit_first,0.89375,0.7194190781521009,0.2788743456915057,0.5506802721088436,-0.0164241109403951,0.2531874983860025,0.0,0.0333333333333333,-0.0951233402694207,3,0.0249930651487772,0.6666666666666666,1.8534396658156,169,5.24509627585889e-05,0.4319526627218935,1.0023459814921154,8,-0.0534261076956584,0.25,0.2758768759593183,332,0.0002316279259284,0.4608433734939759,1.0115421428163611,S10206,False,0.0,False,history_line_win_ge_0.5
tp15%_D+S_same_close,D+S,same_close,1185,2024,S,512980,传媒ETF,2024-12-19,2024-12-20,2025-01-06,2025-01-06,0.721,-0.1557377049180328,-0.1557377049180328,original,10,priority_CSD_g40_t060_r040_noskip,conservative_tp_center15_profit_first,0.8928571428571428,0.7039767368682965,0.2699192048378309,0.6107709750566894,-0.0128597761576484,0.250743324285083,0.0,0.0333333333333333,-0.096896412526404,2,0.0814172463019773,1.0,,169,0.0003859962353142,0.4319526627218935,1.0175259688139948,8,-0.0534261076956584,0.25,0.2758768759593183,332,-7.872268139785116e-05,0.4578313253012048,0.9960956580988016,S10206,False,0.0,False,history_line_win_ge_0.5
tp15%_D+S_same_close,D+S,same_close,1186,2024,S,512980,传媒ETF,2024-12-20,2024-12-23,2025-01-07,2025-01-07,0.734,-0.0949445129469791,-0.0949445129469791,original,10,priority_CSD_g40_t060_r040_noskip,conservative_tp_center15_profit_first,0.8491666666666666,0.7065496865573014,0.2907584491303142,0.5083522297808013,0.0161461512847549,0.2415056784919799,0.0,0.0,-0.0932840656548807,2,0.0814172463019773,1.0,,169,-0.0002138330750028,0.4260355029585799,0.990429658979009,8,-0.0534261076956584,0.25,0.2758768759593183,332,-0.0003603040264393,0.4548192771084337,0.9822730999552324,S10206,False,0.0,False,history_line_win_ge_0.5
tp15%_D+S_same_close,D+S,same_close,1187,2024,S,159813,半导体ETF鹏华,2024-12-23,2024-12-24,2025-01-08,2025-01-08,0.384,-0.0471464019851116,-0.0471464019851116,original,10,priority_CSD_g40_t060_r040_noskip,conservative_tp_center15_profit_first,0.8621052631578947,0.6674374891006648,0.3037246536828079,0.5195011337868481,0.0137644410345928,0.2363281677501258,0.0,0.0,-0.0972170803303468,7,-0.0604901068814435,0.0,,169,-0.0008076897161664,0.4201183431952662,0.9641729264125918,16,-0.055256487916841,0.0,,332,-0.0006034609403971,0.4518072289156626,0.9704583881648026,S10206,False,0.0,False,history_line_win_ge_0.5
tp15%_D+S_same_close,D+S,same_close,1188,2024,S,159813,半导体ETF鹏华,2024-12-24,2024-12-25,2025-01-09,2025-01-09,0.385,-0.0493827160493827,-0.0493827160493827,original,10,priority_CSD_g40_t060_r040_noskip,conservative_tp_center15_profit_first,0.8725,0.6846983214824337,0.3375604512811039,0.4104308390022675,0.0216589675014182,0.1975198347649334,0.0,0.0,-0.0971484157667232,7,-0.0604901068814435,0.0,,169,-0.0017032721342293,0.4142011834319526,0.9258904771814642,16,-0.055256487916841,0.0,,332,-0.0010081637748835,0.4487951807228915,0.951180839237895,S10206,False,0.0,False,history_line_win_ge_0.5
tp15%_D+S_same_close,D+S,same_close,1189,2024,S,159811,5G50ETF,2024-12-25,2024-12-26,2025-01-10,2025-01-10,1.183,-0.0948737566947206,-0.0948737566947206,original,10,priority_CSD_g40_t060_r040_noskip,conservative_tp_center15_profit_first,0.8376470588235294,0.6213789802913309,0.3166559036445456,0.4789115646258504,-0.0008291873963515,0.1781640569806424,0.0,0.0,-0.094373236903387,12,0.0048459603694978,0.5,1.226918620002151,169,-0.0019270286870998,0.4142011834319526,0.916963227976552,18,0.0062285961824151,0.5555555555555556,1.3806739189300292,332,-0.0013169949471638,0.4457831325301205,0.9368303923896588,S10206,False,0.0,False,history_line_win_ge_0.5
tp15%_D+S_same_close,D+S,same_close,1190,2024,S,159813,半导体ETF鹏华,2024-12-26,2024-12-27,2025-01-13,2025-01-13,0.381,-0.0661764705882351,-0.0661764705882351,original,10,priority_CSD_g40_t060_r040_noskip,conservative_tp_center15_profit_first,0.8515789473684211,0.5838544578964996,0.3218642655947441,0.4513227513227512,0.0048910097025667,0.1048890008648355,0.0,0.0,-0.0976064581664583,7,-0.0604901068814435,0.0,,169,-0.0021079348930155,0.4142011834319526,0.9098704671987076,16,-0.055256487916841,0.0,,332,-0.0016935438193339,0.4427710843373494,0.9197026377234896,S10206,False,0.0,False,history_line_win_ge_0.5
tp15%_D+S_same_close,D+S,same_close,1191,2024,S,159811,5G50ETF,2024-12-27,2024-12-30,2025-01-14,2025-01-14,1.222,-0.0460577673692427,-0.0460577673692427,original,10,priority_CSD_g40_t060_r040_noskip,conservative_tp_center15_profit_first,0.8611111111111112,0.5440575646206051,0.3338328295988135,0.4414965986394558,-0.0021115157571276,0.0598242919005863,0.0,0.0,-0.0985239217997839,12,0.0048459603694978,0.5,1.226918620002151,169,-0.0023111408896883,0.4142011834319526,0.902033122788594,18,0.0062285961824151,0.5555555555555556,1.3806739189300292,332,-0.0021185112815575,0.4397590361445783,0.900736008333516,S10206,False,0.0,False,history_line_win_ge_0.5
tp15%_D+S_same_close,D+S,same_close,1192,2024,S,159887,银行ETF,2024-12-30,2024-12-31,2025-01-15,2025-01-15,1.199,-0.0074503311258277,-0.0074503311258277,original,10,priority_CSD_g40_t060_r040_noskip,conservative_tp_center15_profit_first,0.84875,0.4240725442102462,0.3531261607213047,0.3936130007558578,-0.0168018605706506,-0.0185211070729662,0.0,0.0666666666666666,-0.0930960801650456,9,-0.0274248349560345,0.1111111111111111,0.1634571843853624,169,-0.0028398536491012,0.4142011834319526,0.8822602689220738,13,-0.0085035730263752,0.3846153846153846,0.6253321401012188,332,-0.0025315456844448,0.4367469879518072,0.8829041888986373,S10206,False,0.0,False,history_line_win_ge_0.5
tp15%_D+S_same_close,D+S,same_close,1193,2024,D,515210,钢铁ETF,2024-12-31,2025-01-02,2025-02-20,2025-02-20,1.203,0.0460869565217392,0.0460869565217392,original,29,priority_CSD_g40_t060_r040_noskip,conservative_tp_center15_profit_first,70.79979213907787,0.2976283719552724,0.303967816952263,0.5672713529856387,-0.0339062439327456,-0.0704839613505543,0.0,0.1,-0.0956619283720601,3,0.0923979490553008,1.0,,94,0.0904035480943014,0.8404255319148937,18.78114448867109,3,0.0923979490553008,1.0,,260,0.0392276560535514,0.5884615384615385,3.1658666677311342,D58320,False,0.0460869565217392,True,history_line_win_ge_0.5
tp15%_all_next_close,all,next_close,1194,2025,D,512880,证券ETF,2025-01-02,2025-01-03,2025-02-20,2025-02-20,1.119,0.0399628252788102,0.0399628252788102,original,28,priority_CSD_g40_t060_r040_noskip,conservative_tp_center15_profit_first,83.44576719576719,0.2331000404303257,0.3356832767789521,0.7559712773998488,-0.0515217647752743,-0.0269892938168188,0.0,0.1666666666666666,-0.1165121610845295,2,0.058823918799647,1.0,,96,0.0914621545535178,0.8333333333333334,19.15302708928465,2,0.058823918799647,1.0,,262,0.040006198054186,0.5877862595419847,3.223120312905128,D43740,False,0.0399628252788102,True,no_line_overheat_0.45_0.2_0.03
tp15%_all_next_close,all,next_close,1195,2025,D,512880,证券ETF,2025-01-03,2025-01-06,2025-02-20,2025-02-20,1.119,0.0389972144846797,0.0389972144846797,original,27,priority_CSD_g40_t060_r040_noskip,conservative_tp_center15_profit_first,87.2245842781557,0.1874547190592671,0.3763259917136327,0.802116402116402,-0.0673847371651966,-0.0533444049183791,0.0,0.3666666666666666,-0.1310385338345865,2,0.058823918799647,1.0,,97,0.0909481117230692,0.8350515463917526,19.2390332825248,2,0.058823918799647,1.0,,263,0.0400122581376302,0.5893536121673004,3.2319435454486416,D43740,False,0.0389972144846797,True,no_line_overheat_0.45_0.2_0.03
tp15%_all_next_close,all,next_close,1196,2025,D,512660,军工ETF,2025-01-06,2025-01-07,2025-02-20,2025-02-20,1.035,0.0648148148148146,0.0648148148148146,original,26,priority_CSD_g40_t060_r040_noskip,conservative_tp_center15_profit_first,80.23053665910808,0.2175767415508381,0.3958527651493753,0.7584656084656085,-0.0763128209695134,-0.0138464132755301,0.0,0.4666666666666667,-0.1311345745370821,0,,,,98,0.0904869231747412,0.8367346938775511,19.333622798720285,1,-0.0328054298642533,0.0,,264,0.0400339981976654,0.5909090909090909,3.2416473268407664,D43740,False,0.0648148148148146,True,no_line_overheat_0.45_0.2_0.03
tp15%_all_next_close,all,next_close,1197,2025,D,512880,证券ETF,2025-01-07,2025-01-08,2025-02-20,2025-02-20,1.119,0.0389972144846797,0.0389972144846797,original,25,priority_CSD_g40_t060_r040_noskip,conservative_tp_center15_profit_first,75.42469765684051,0.2092136526456736,0.4078145741154046,0.715230536659108,-0.0651684107077046,-0.0334265378749364,0.0333333333333333,0.4666666666666667,-0.120857517318854,2,0.058823918799647,1.0,,99,0.0902620010612936,0.8383838383838383,19.474663929001785,2,0.058823918799647,1.0,,265,0.0401403590872721,0.5924528301886792,3.2561165021849066,D43740,False,0.0389972144846797,True,no_line_overheat_0.45_0.2_0.03
tp15%_all_next_close,all,next_close,1198,2025,D,512880,证券ETF,2025-01-08,2025-01-09,2025-02-20,2025-02-20,1.119,0.04287045666356,0.04287045666356,original,24,priority_CSD_g40_t060_r040_noskip,conservative_tp_center15_profit_first,80.96560846560848,0.2118287509082784,0.4255592480589909,0.7309901738473168,-0.0811312032338522,-0.0152285184813066,0.0,0.5,-0.1295516631849589,0,,,,90,0.0965267277308237,0.8333333333333334,19.10677889051419,2,0.058823918799647,1.0,,266,0.0403191160580796,0.5939849624060151,3.274715221711706,D43740,False,0.04287045666356,True,no_line_overheat_0.45_0.2_0.03
tp15%_all_next_close,all,next_close,1199,2025,D,512880,证券ETF,2025-01-09,2025-01-10,2025-02-20,2025-02-20,1.119,0.0616698292220112,0.0616698292220112,original,23,priority_CSD_g40_t060_r040_noskip,conservative_tp_center15_profit_first,74.35090702947846,0.2016816405356196,0.4727565515761126,0.6413832199546485,-0.088631764865001,-0.0192809048072714,0.0333333333333333,0.5333333333333333,-0.1301248058278429,0,,,,91,0.096302721184108,0.8351648351648352,19.2654786022612,2,0.058823918799647,1.0,,267,0.040453284657037,0.5955056179775281,3.2908647346159308,D43740,False,0.0616698292220112,True,no_line_overheat_0.45_0.2_0.03
tp15%_all_next_close,all,next_close,1200,2025,D,512880,证券ETF,2025-01-10,2025-01-13,2025-02-20,2025-02-20,1.119,0.0586565752128667,0.0586565752128667,original,22,priority_CSD_g40_t060_r040_noskip,conservative_tp_center15_profit_first,80.43461829176115,0.1869167575204023,0.5422183040912498,0.6908163265306123,-0.1086020570946176,-0.0218980857102598,0.1333333333333333,0.7,-0.1432135025062657,0,,,,92,0.0959103075722842,0.8369565217391305,19.390952220512,2,0.058823918799647,1.0,,268,0.0405269689265866,0.5970149253731343,3.303633112042548,D43740,False,0.0586565752128667,True,no_line_overheat_0.45_0.2_0.03
tp15%_all_next_close,all,next_close,1201,2025,D,159666,交通运输ETF,2025-01-13,2025-01-14,2025-02-20,2025-02-20,0.946,-0.0104602510460251,-0.0104602510460251,original,21,priority_CSD_g40_t060_r040_noskip,conservative_tp_center15_profit_first,72.34201937206652,0.1640396755756026,0.4876854343041137,0.6579365079365082,-0.0861373382179738,-0.047849267194172,0.1,0.5,-0.1430865109201575,0,,,,93,0.0956144572372607,0.8387096774193549,19.533507480450783,0,,,,269,0.0406305721142762,0.5985130111524164,3.3181397421088747,D43740,False,-0.0104602510460251,True,no_line_overheat_0.45_0.2_0.03
tp15%_all_next_close,all,next_close,1202,2025,D,512880,证券ETF,2025-01-14,2025-01-15,2025-02-20,2025-02-20,1.119,0.0266055045871558,0.0266055045871558,original,20,priority_CSD_g40_t060_r040_noskip,conservative_tp_center15_profit_first,69.31831065759637,0.2706040037933661,0.4594869950488931,0.6191987906273622,-0.0537068003513973,-0.0308600421943908,0.0333333333333333,0.2666666666666666,-0.1174434460333553,0,,,,93,0.0957606086399762,0.8387096774193549,19.56183685859896,2,0.058823918799647,1.0,,270,0.0406865449703094,0.6,3.329962713211393,D43740,False,0.0266055045871558,True,no_line_overheat_0.45_0.2_0.03
tp15%_all_next_close,all,next_close,1203,2025,D,512880,证券ETF,2025-01-15,2025-01-16,2025-02-20,2025-02-20,1.119,0.0247252747252746,0.0247252747252746,original,19,priority_CSD_g40_t060_r040_noskip,conservative_tp_center15_profit_first,74.4071239606954,0.2420701680495948,0.4456708906023174,0.6297052154195013,-0.0557000553403431,-0.045843389118212,0.0333333333333333,0.1666666666666666,-0.1253239124597207,0,,,,93,0.0964926712823513,0.8387096774193549,19.70373682697873,2,0.058823918799647,1.0,,271,0.0412028616494559,0.6014760147601476,3.3682691940735694,D43740,False,0.0247252747252746,True,no_line_overheat_0.45_0.2_0.03
tp15%_all_next_close,all,next_close,1204,2025,D,512880,证券ETF,2025-01-16,2025-01-17,2025-02-20,2025-02-20,1.119,0.0228519195612431,0.0228519195612431,original,18,priority_CSD_g40_t060_r040_noskip,conservative_tp_center15_profit_first,67.53590325018897,0.2377461935900543,0.446206566528358,0.5757369614512472,-0.0587206396801599,-0.0462627156125607,0.0333333333333333,0.1666666666666666,-0.1262996941896024,0,,,,93,0.0961945402809716,0.8387096774193549,19.645948357495364,2,0.058823918799647,1.0,,272,0.0412886911837714,0.6029411764705882,3.3819597320921098,D43740,False,0.0228519195612431,True,no_line_overheat_0.45_0.2_0.03
tp15%_all_next_close,all,next_close,1205,2025,D,512880,证券ETF,2025-01-17,2025-01-20,2025-02-20,2025-02-20,1.119,0.0181983621474066,0.0181983621474066,original,17,priority_CSD_g40_t060_r040_noskip,conservative_tp_center15_profit_first,65.41572184429327,0.2851095272851471,0.4778163233648363,0.5342025699168557,-0.0498868778280543,-0.0328356824925815,0.0333333333333333,0.1666666666666666,-0.1158651636330207,0,,,,94,0.09590302332382,0.8404255319148937,19.789328399081555,2,0.058823918799647,1.0,,273,0.0413894357080387,0.6043956043956044,3.3965502931354457,D43740,False,0.0181983621474066,True,no_line_overheat_0.45_0.2_0.03
tp15%_all_next_close,all,next_close,1206,2025,D,512880,证券ETF,2025-01-20,2025-01-21,2025-02-20,2025-02-20,1.119,0.0145058930190389,0.0145058930190389,original,16,priority_CSD_g40_t060_r040_noskip,conservative_tp_center15_profit_first,64.44916855631142,0.2694563910106424,0.4655859784156019,0.5209750566893425,-0.0474750872143047,-0.0410192571204855,0.0333333333333333,0.1333333333333333,-0.1133111604489353,0,,,,93,0.095775391640573,0.8387096774193549,19.564702333758888,2,0.058823918799647,1.0,,274,0.0415051301069023,0.6058394160583942,3.412052394780388,D43740,False,0.0145058930190389,True,no_line_overheat_0.45_0.2_0.03
tp15%_all_next_close,all,next_close,1207,2025,D,510880,红利ETF,2025-01-21,2025-01-22,2025-02-20,2025-02-20,3.022,0.0063270063270062,0.0063270063270062,original,15,priority_CSD_g40_t060_r040_noskip,conservative_tp_center15_profit_first,74.88992819349963,0.26265027278212,0.3968113385119574,0.5366969009826154,-0.0444944613239458,-0.0528782475802343,0.0666666666666666,0.0333333333333333,-0.1175876717597286,5,0.0336956036728611,1.0,,93,0.0981894279332019,0.8494623655913979,21.16312957987992,7,0.0361972038333876,0.8571428571428571,78.96515733673594,275,0.0420727652353105,0.6072727272727273,3.4539637653953035,D43740,False,0.0063270063270062,True,no_line_overheat_0.45_0.2_0.03
tp15%_all_next_close,all,next_close,1208,2025,D,510880,红利ETF,2025-01-22,2025-01-23,2025-02-20,2025-02-20,3.022,-0.0098296199213631,-0.0098296199213631,original,14,priority_CSD_g40_t060_r040_noskip,conservative_tp_center15_profit_first,74.5275888133031,0.2436143250936856,0.4295344547616183,0.5747543461829177,-0.0635527198138141,-0.0455806238385653,0.0666666666666666,0.2,-0.1239489003880982,4,0.0362888336645588,1.0,,93,0.0997127799994161,0.8494623655913979,21.475948849259414,7,0.0361972038333876,0.8571428571428571,78.96515733673594,276,0.0425181335709217,0.6086956521739131,3.488958577601589,D43740,False,-0.0098296199213631,True,no_line_overheat_0.45_0.2_0.03
tp15%_all_next_close,all,next_close,1209,2025,D,510880,红利ETF,2025-01-23,2025-01-24,2025-02-20,2025-02-20,3.022,-0.0146723182262799,-0.0146723182262799,original,13,priority_CSD_g40_t060_r040_noskip,conservative_tp_center15_profit_first,68.98431594860166,0.2461925951654781,0.4301481207313004,0.5721466364323508,-0.055625,-0.0416852389725426,0.0666666666666666,0.2,-0.1265362225097023,3,0.0421278202175028,1.0,,93,0.0994210537992041,0.8387096774193549,21.04606483419452,7,0.0361972038333876,0.8571428571428571,78.96515733673594,277,0.0423344628265719,0.6064981949458483,3.4827841351339828,D43740,False,-0.0146723182262799,True,no_line_overheat_0.45_0.2_0.03
tp15%_all_next_close,all,next_close,1210,2025,D,510880,红利ETF,2025-01-24,2025-01-27,2025-02-20,2025-02-20,3.022,-0.026731078904992,-0.026731078904992,original,12,priority_CSD_g40_t060_r040_noskip,conservative_tp_center15_profit_first,67.4551209372638,0.2793696112938399,0.3876842156628172,0.5605442176870749,-0.0466119524960441,-0.0323028855467042,0.0666666666666666,0.0,-0.1247934949826928,3,0.0421278202175028,1.0,,94,0.0985622297033088,0.8404255319148937,21.08658899574404,7,0.0361972038333876,0.8571428571428571,78.96515733673594,278,0.04224941651707,0.6079136690647482,3.4867415479605293,D43740,False,-0.026731078904992,True,no_line_overheat_0.45_0.2_0.03
tp15%_all_next_close,all,next_close,1211,2025,D,512880,证券ETF,2025-01-27,2025-02-05,2025-02-20,2025-02-20,1.119,0.0303867403314916,0.0303867403314916,original,11,priority_CSD_g40_t060_r040_noskip,conservative_tp_center15_profit_first,71.70776643990929,0.2480603792069018,0.3921866554440246,0.5394935752078609,-0.0538328197226501,-0.0422480620155038,0.0666666666666666,0.0666666666666666,-0.1231043057935036,0,,,,95,0.0998296876709547,0.8421052631578947,21.56132689030421,2,0.058823918799647,1.0,,279,0.0428828262665775,0.6093189964157706,3.5331023796555696,D43740,False,0.0303867403314916,True,no_line_overheat_0.45_0.2_0.03
tp15%_all_next_close,all,next_close,1212,2025,D,510880,红利ETF,2025-02-05,2025-02-06,2025-02-20,2025-02-20,3.022,-0.0062479447550148,-0.0062479447550148,original,10,priority_CSD_g40_t060_r040_noskip,conservative_tp_center15_profit_first,73.48025321239606,0.2748455878127098,0.4024385244449833,0.5425925925925926,-0.0491480458896427,-0.0561266722251015,0.0666666666666666,0.2333333333333333,-0.1032146211081413,1,0.0645484949832775,1.0,,90,0.1042880142758485,0.8555555555555555,22.19947977661905,7,0.0361972038333876,0.8571428571428571,78.96515733673594,280,0.043128544204187,0.6107142857142858,3.556748261278102,D43740,False,-0.0062479447550148,True,no_line_overheat_0.45_0.2_0.03
tp15%_all_next_close,all,next_close,1213,2025,D,510880,红利ETF,2025-02-06,2025-02-07,2025-02-20,2025-02-20,3.022,-0.0104780615586116,-0.0104780615586116,original,9,priority_CSD_g40_t060_r040_noskip,conservative_tp_center15_profit_first,62.993669690098265,0.3373356960570002,0.3907178522835177,0.431708238851096,-0.0253007325943987,-0.0683940242763773,0.0666666666666666,0.0666666666666666,-0.0956755260287492,1,0.0645484949832775,1.0,,91,0.1057933448949712,0.8571428571428571,22.744430459874863,7,0.0361972038333876,0.8571428571428571,78.96515733673594,281,0.0438336849743359,0.6120996441281139,3.6078309848527934,D43740,False,-0.0104780615586116,True,no_line_overheat_0.45_0.2_0.03
tp15%_all_next_close,all,next_close,1214,2025,S,159852,软件ETF,2025-02-07,2025-02-10,2025-02-24,2025-02-24,0.983,0.0766703176341729,0.0766703176341729,original,10,priority_CSD_g40_t060_r040_noskip,conservative_tp_center15_profit_first,0.9010526315789474,0.4434356196102807,0.3755378759480107,0.3835600907029479,0.0224641598777053,-0.0578094919892447,0.0666666666666666,0.0,-0.0866496663645199,12,-0.0012856380318804,0.5,0.9528853857147814,165,-0.0060499160326017,0.4242424242424242,0.7760820548834748,12,-0.0012856380318804,0.5,0.9528853857147814,325,-0.0054474279468287,0.4184615384615384,0.7704926097544421,S10206,False,0.0766703176341729,True,no_line_overheat_0.45_0.2_0.03
tp15%_all_next_close,all,next_close,1215,2025,S,159852,软件ETF,2025-02-10,2025-02-11,2025-02-25,2025-02-25,0.956,0.0693512304250558,0.0693512304250558,original,10,priority_CSD_g40_t060_r040_noskip,conservative_tp_center15_profit_first,0.8655555555555555,0.4742372753653232,0.3677170898394128,0.3991307634164778,0.0438193481276004,-0.0652729183475203,0.0666666666666666,0.0,-0.0860078379082167,12,-0.0012856380318804,0.5,0.9528853857147814,165,-0.0062733750520794,0.4242424242424242,0.7697160352186297,12,-0.0012856380318804,0.5,0.9528853857147814,325,-0.0057380341351192,0.4153846153846154,0.7605332276561376,S10206,False,0.0693512304250558,True,no_line_overheat_0.45_0.2_0.03
tp15%_all_next_close,all,next_close,1216,2025,S,159852,软件ETF,2025-02-11,2025-02-12,2025-02-26,2025-02-26,0.958,0.0334412081984896,0.0334412081984896,original,10,priority_CSD_g40_t060_r040_noskip,conservative_tp_center15_profit_first,0.8266666666666667,0.4435245082936739,0.3809305420581013,0.381557067271353,0.0293477214119862,-0.0722956264327359,0.0666666666666666,0.0,-0.0903367653987083,12,-0.0012856380318804,0.5,0.9528853857147814,165,-0.0064102167944884,0.4242424242424242,0.7658689174150468,12,-0.0012856380318804,0.5,0.9528853857147814,325,-0.0059045937371236,0.4123076923076923,0.7547004597753971,S10206,False,0.0334412081984896,True,no_line_overheat_0.45_0.2_0.03
tp15%_all_next_close,all,next_close,1217,2025,S,159852,软件ETF,2025-02-12,2025-02-13,2025-02-27,2025-02-27,0.931,0.0242024202420241,0.0242024202420241,original,10,priority_CSD_g40_t060_r040_noskip,conservative_tp_center15_profit_first,0.8472727272727273,0.4838115197469633,0.3916414460305808,0.3348828420256991,0.0453927385745567,-0.0698103316313157,0.0666666666666666,0.0,-0.0845571282239017,12,-0.0012856380318804,0.5,0.9528853857147814,165,-0.0063446473620211,0.4242424242424242,0.7677075017885935,12,-0.0012856380318804,0.5,0.9528853857147814,325,-0.006033420662306,0.4092307692307692,0.7501733737704059,S10206,False,0.0242024202420241,True,no_line_overheat_0.45_0.2_0.03
tp15%_all_next_close,all,next_close,1218,2025,S,512980,传媒ETF,2025-02-13,2025-02-14,2025-02-28,2025-02-28,0.815,-0.1083150984682714,-0.1083150984682714,original,10,priority_CSD_g40_t060_r040_noskip,conservative_tp_center15_profit_first,0.872,0.4891806847410931,0.3386791802586276,0.3662131519274376,0.0456256109481914,-0.0641049823502465,0.0666666666666666,0.0,-0.0792261072261071,14,-0.0643237275000109,0.1428571428571428,0.1531310845388161,165,-0.0061766953938063,0.4242424242424242,0.7724574333282618,20,-0.0745387769584687,0.1,0.0984721243069208,325,-0.0061139777404878,0.4061538461538461,0.7475524801852117,S10206,False,-0.1083150984682714,True,no_line_overheat_0.45_0.2_0.03
tp15%_all_next_close,all,next_close,1219,2025,S,512980,传媒ETF,2025-02-14,2025-02-17,2025-03-03,2025-03-03,0.826,-0.0832408435072142,-0.0832408435072142,original,10,priority_CSD_g40_t060_r040_noskip,conservative_tp_center15_profit_first,0.8733333333333333,0.4991714689833548,0.2984868787644271,0.3270597127739985,0.0447110727491338,-0.0637834036568213,0.0666666666666666,0.0,-0.0699017923669178,14,-0.0643237275000109,0.1428571428571428,0.1531310845388161,165,-0.0063296901437257,0.4181818181818181,0.7678105902818813,20,-0.0745387769584687,0.1,0.0984721243069208,325,-0.0062600338910774,0.403076923076923,0.7421469684594837,S10206,False,-0.0832408435072142,True,no_line_overheat_0.45_0.2_0.03
tp15%_all_next_close,all,next_close,1220,2025,S,159852,软件ETF,2025-02-17,2025-02-18,2025-03-04,2025-03-04,0.901,-0.0109769484083425,-0.0109769484083425,original,10,priority_CSD_g40_t060_r040_noskip,conservative_tp_center15_profit_first,0.8634782608695651,0.5691584846606051,0.2895118211081442,0.3193121693121693,0.0620047246517369,-0.038300905927428,0.0666666666666666,0.0,-0.0636225817281463,12,-0.0012856380318804,0.5,0.9528853857147814,165,-0.0065650415801793,0.4121212121212121,0.7595465276798083,12,-0.0012856380318804,0.5,0.9528853857147814,326,-0.0062620188710903,0.401840490797546,0.7414978556351645,S10206,False,-0.0109769484083425,True,no_line_overheat_0.45_0.2_0.03
tp15%_all_next_close,all,next_close,1221,2025,S,159852,软件ETF,2025-02-18,2025-02-19,2025-03-05,2025-03-05,0.914,-0.0245464247598719,-0.0245464247598719,original,10,priority_CSD_g40_t060_r040_noskip,conservative_tp_center15_profit_first,0.858,0.5153586812239467,0.2815506261517472,0.4516250944822373,0.0461910565154654,-0.0372359845634037,0.0666666666666666,0.0,-0.069509359242972,12,-0.0012856380318804,0.5,0.9528853857147814,166,-0.0065717611583195,0.4096385542168674,0.7582537816032224,12,-0.0012856380318804,0.5,0.9528853857147814,327,-0.0062663567080334,0.400611620795107,0.7407773972235284,S10206,False,-0.0245464247598719,True,no_line_overheat_0.45_0.2_0.03
tp15%_all_next_close,all,next_close,1222,2025,S,159852,软件ETF,2025-02-19,2025-02-20,2025-03-06,2025-03-06,0.966,0.0320512820512819,0.0320512820512819,original,10,priority_CSD_g40_t060_r040_noskip,conservative_tp_center15_profit_first,0.8899999999999999,0.4867966666777452,0.2892883412906625,0.2952003023431595,0.0217276980978536,-0.0342741920722443,0.0666666666666666,0.0,-0.0695843300180452,12,-0.0012856380318804,0.5,0.9528853857147814,166,-0.0062899393351479,0.4096385542168674,0.7661969349782074,12,-0.0012856380318804,0.5,0.9528853857147814,328,-0.0062705844657055,0.399390243902439,0.7400609030714062,S10206,False,0.0320512820512819,True,no_line_overheat_0.45_0.2_0.03
tp15%_all_next_close,all,next_close,1223,2025,S,159852,软件ETF,2025-02-20,2025-02-21,2025-03-07,2025-03-07,0.947,-0.0336734693877551,-0.0336734693877551,original,10,priority_CSD_g40_t060_r040_noskip,conservative_tp_center15_profit_first,0.8909090909090909,0.5170286696152425,0.2581721480770598,0.255328798185941,0.0278982485404503,-0.0379901960784314,0.0666666666666666,0.0,-0.0559226310769886,12,-0.0012856380318804,0.5,0.9528853857147814,166,-0.00583143861473,0.4156626506024096,0.7801262041918967,12,-0.0012856380318804,0.5,0.9528853857147814,329,-0.0062124063583021,0.4012158054711246,0.7416874579516874,S10206,False,-0.0336734693877551,True,no_line_overheat_0.45_0.2_0.03
tp15%_all_next_close,all,next_close,1224,2025,S,159852,软件ETF,2025-02-21,2025-02-24,2025-03-10,2025-03-10,0.925,-0.0590030518819938,-0.0590030518819938,original,10,priority_CSD_g40_t060_r040_noskip,conservative_tp_center15_profit_first,0.8909090909090909,0.5361424983979487,0.2531097947356656,0.2648904006046863,0.0353091401801931,-0.0433653702148164,0.0666666666666666,0.0333333333333333,-0.0449266535217665,12,-0.0012856380318804,0.5,0.9528853857147814,166,-0.0051555678199518,0.4216867469879518,0.801664210994048,12,-0.0012856380318804,0.5,0.9528853857147814,330,-0.0061190041076973,0.403030303030303,0.7447977938220205,S10206,False,-0.0590030518819938,True,no_line_overheat_0.45_0.2_0.03
tp15%_all_next_close,all,next_close,1225,2025,S,159852,软件ETF,2025-02-24,2025-02-25,2025-03-11,2025-03-11,0.923,-0.0345188284518828,-0.0345188284518828,original,10,priority_CSD_g40_t060_r040_noskip,conservative_tp_center15_profit_first,0.8913043478260869,0.5513983405327085,0.2438229775706477,0.3509826152683296,0.0361905810210222,-0.0406610677275183,0.0666666666666666,0.0333333333333333,-0.0421052540877381,13,0.0074572806013236,0.5384615384615384,1.2960598535293943,166,-0.0040886199882871,0.4277108433734939,0.8403140529532748,13,0.0074572806013236,0.5384615384615384,1.2960598535293943,331,-0.0057610243242911,0.404833836858006,0.7589997780508385,S10206,False,-0.0345188284518828,True,no_line_overheat_0.45_0.2_0.03
tp15%_all_next_close,all,next_close,1226,2025,S,159852,软件ETF,2025-02-25,2025-02-26,2025-03-12,2025-03-12,0.921,-0.0386221294363255,-0.0386221294363255,original,10,priority_CSD_g40_t060_r040_noskip,conservative_tp_center15_profit_first,0.8819999999999999,0.5066925115021964,0.2938627461186722,0.4416099773242631,0.0191504039863923,-0.0206073338426279,0.1,0.0,-0.0600282134345326,14,0.0124010689608129,0.5714285714285714,1.5302038059797147,166,-0.0032596478282073,0.4337349397590361,0.8708386845845167,14,0.0124010689608129,0.5714285714285714,1.5302038059797147,331,-0.0054279676892289,0.4078549848942598,0.7719649726865923,S10206,False,-0.0386221294363255,True,no_line_overheat_0.45_0.2_0.03
tp15%_all_next_close,all,next_close,1227,2025,S,159852,软件ETF,2025-02-26,2025-02-27,2025-03-13,2025-03-13,0.902,-0.0311493018259936,-0.0311493018259936,original,10,priority_CSD_g40_t060_r040_noskip,conservative_tp_center15_profit_first,0.8716666666666666,0.60173282800594,0.2778444954754141,0.3112244897959184,0.0419789817782487,-0.0006854976914856,0.0666666666666666,0.0,-0.0520083327725815,15,0.0161977463917624,0.6,1.7419959531897315,166,-0.0027113161592288,0.4397590361445783,0.8920072969703087,15,0.0161977463917624,0.6,1.7419959531897315,331,-0.0050651224731495,0.4108761329305136,0.7858289574904027,S10206,False,-0.0311493018259936,True,no_line_overheat_0.45_0.2_0.03
tp15%_all_next_close,all,next_close,1228,2025,S,159852,软件ETF,2025-02-27,2025-02-28,2025-03-14,2025-03-14,0.921,0.0465909090909091,0.0465909090909091,original,10,priority_CSD_g40_t060_r040_noskip,conservative_tp_center15_profit_first,0.8733333333333333,0.6096509565972691,0.2760440390832899,0.3608465608465609,0.0503538928210314,0.0053754358986307,0.0666666666666666,0.0,-0.0563347744298868,16,0.0172754627546828,0.625,1.8441222636566967,166,-0.0022844924544503,0.4457831325301205,0.908183641275568,16,0.0172754627546828,0.625,1.8441222636566967,331,-0.0048218925352853,0.4138972809667673,0.7948802493747209,S10206,False,0.0465909090909091,True,no_line_overheat_0.45_0.2_0.03
tp15%_all_next_close,all,next_close,1229,2025,S,159852,软件ETF,2025-02-28,2025-03-03,2025-03-17,2025-03-17,0.917,0.0314960629921259,0.0314960629921259,original,10,priority_CSD_g40_t060_r040_noskip,conservative_tp_center15_profit_first,0.844,0.5091170167660667,0.2821367976725102,0.5558201058201059,0.0303105586321328,-0.0280767986193506,0.0666666666666666,0.0,-0.0843672667590758,17,0.0176829308421735,0.6470588235294118,1.9180341830173315,166,-0.0022830220513859,0.4457831325301205,0.9082427384526972,17,0.0176829308421735,0.6470588235294118,1.9180341830173315,331,-0.0045535744488351,0.4169184290030212,0.8046723762169338,S10206,False,0.0314960629921259,True,no_line_overheat_0.45_0.2_0.03
tp15%_all_next_close,all,next_close,1230,2025,S,159852,软件ETF,2025-03-03,2025-03-04,2025-03-18,2025-03-18,0.918,0.0188679245283018,0.0188679245283018,original,10,priority_CSD_g40_t060_r040_noskip,conservative_tp_center15_profit_first,0.8739999999999999,0.5415053315178401,0.2827142102534597,0.4519274376417233,0.0257104909208036,-0.0098882867272237,0.0666666666666666,0.0,-0.0788234207017278,17,0.0176829308421735,0.6470588235294118,1.9180341830173315,166,-0.0029662578302087,0.4397590361445783,0.8838292606536342,17,0.0176829308421735,0.6470588235294118,1.9180341830173315,331,-0.0047863257035704,0.4169184290030212,0.7967179681293735,S10206,False,0.0188679245283018,True,no_line_overheat_0.45_0.2_0.03
tp15%_all_next_close,all,next_close,1231,2025,S,159852,软件ETF,2025-03-04,2025-03-05,2025-03-19,2025-03-19,0.902,-0.0131291028446389,-0.0131291028446389,original,10,priority_CSD_g40_t060_r040_noskip,conservative_tp_center15_profit_first,0.8545454545454545,0.5561208878384519,0.303783156153696,0.441156462585034,0.0278058468174083,-0.0210533896677549,0.0666666666666666,0.0333333333333333,-0.0735421808885754,17,0.0176829308421735,0.6470588235294118,1.9180341830173315,166,-0.0032091895883444,0.4397590361445783,0.8754995849507405,17,0.0176829308421735,0.6470588235294118,1.9180341830173315,331,-0.0049892938284847,0.4169184290030212,0.7899086837487538,S10206,False,-0.0131291028446389,True,no_line_overheat_0.45_0.2_0.03
tp15%_all_next_close,all,next_close,1232,2025,S,159663,机床ETF,2025-03-05,2025-03-06,2025-03-20,2025-03-20,0.602,0.0186125211505923,0.0186125211505923,original,10,priority_CSD_g40_t060_r040_noskip,conservative_tp_center15_profit_first,0.8890909090909089,0.5471598920289671,0.2593580844996815,0.413416477702192,0.0372173599152596,-0.0354545624497578,0.0666666666666666,0.0,-0.0701361147672714,0,,,,166,-0.0034230281682955,0.4337349397590361,0.8675435226239913,2,-0.0400083394629947,0.0,,331,-0.0049451048166105,0.4169184290030212,0.7913812303810782,S10206,False,0.0186125211505923,True,no_line_overheat_0.45_0.2_0.03
tp15%_all_next_close,all,next_close,1233,2025,S,159852,软件ETF,2025-03-06,2025-03-07,2025-03-21,2025-03-21,0.855,-0.0971488912354804,-0.0971488912354804,original,10,priority_CSD_g40_t060_r040_noskip,conservative_tp_center15_profit_first,0.8985185185185185,0.5946979896325569,0.2531487847476399,0.3602418745275888,0.03732526273254,-0.0215532855176411,0.0666666666666666,0.0,-0.0569829026759078,19,0.0139519184815124,0.5789473684210527,1.7303203038470716,166,-0.0035454800687604,0.4337349397590361,0.8634521734581937,19,0.0139519184815124,0.5789473684210527,1.7303203038470716,331,-0.0050688271494572,0.4138972809667673,0.78682867503024,S10206,False,-0.0971488912354804,True,no_line_overheat_0.45_0.2_0.03
tp15%_all_next_close,all,next_close,1234,2025,S,159663,机床ETF,2025-03-07,2025-03-10,2025-03-24,2025-03-24,0.578,-0.043046357615894,-0.043046357615894,original,10,priority_CSD_g40_t060_r040_noskip,conservative_tp_center15_profit_first,0.8915384615384615,0.5776031638905853,0.2785936921524366,0.2633030990173847,0.0184637215447286,-0.0151649915951963,0.0666666666666666,0.0,-0.053738953188435,0,,,,166,-0.0032888547358807,0.4397590361445783,0.8730248888212522,2,-0.0400083394629947,0.0,,331,-0.0049499433061814,0.4169184290030212,0.7916351371695659,S10206,False,-0.043046357615894,True,no_line_overheat_0.45_0.2_0.03
tp15%_all_next_close,all,next_close,1235,2025,S,159663,机床ETF,2025-03-10,2025-03-11,2025-03-25,2025-03-25,0.571,-0.0546357615894039,-0.0546357615894039,original,10,priority_CSD_g40_t060_r040_noskip,conservative_tp_center15_profit_first,0.8876923076923077,0.5713325501246201,0.2872612670436971,0.2393424036281179,0.016151555143387,-0.016786652200805,0.0666666666666666,0.0,-0.0626397983825904,0,,,,166,-0.0035206968378432,0.4337349397590361,0.8651302525793204,2,-0.0400083394629947,0.0,,331,-0.0050452615150552,0.4169184290030212,0.7884715038950955,S10206,False,-0.0546357615894039,True,no_line_overheat_0.45_0.2_0.03
tp15%_all_next_close,all,next_close,1236,2025,S,159663,机床ETF,2025-03-11,2025-03-12,2025-03-26,2025-03-26,0.58,-0.0349417637271215,-0.0349417637271215,original,10,priority_CSD_g40_t060_r040_noskip,conservative_tp_center15_profit_first,0.8627272727272728,0.5627618049988651,0.2754169226027347,0.2452380952380952,0.0224771652416162,-0.0264615956631001,0.0666666666666666,0.0,-0.0524300806892779,0,,,,166,-0.0040929574991735,0.4277108433734939,0.8453144824923482,2,-0.0400083394629947,0.0,,331,-0.0052302172455151,0.4138972809667673,0.782343701319574,S10206,False,-0.0349417637271215,True,no_line_overheat_0.45_0.2_0.03
tp15%_all_next_close,all,next_close,1237,2025,S,159663,机床ETF,2025-03-12,2025-03-13,2025-03-27,2025-03-27,0.576,-0.0034602076124568,-0.0034602076124568,original,10,priority_CSD_g40_t060_r040_noskip,conservative_tp_center15_profit_first,0.8936842105263159,0.5465423467972922,0.2728277540471254,0.2542328042328042,0.0091373338345074,-0.0271046315418865,0.0666666666666666,0.0,-0.0524460025789813,0,,,,166,-0.0041619701366709,0.4277108433734939,0.8431154679467985,2,-0.0400083394629947,0.0,,331,-0.005280425907495,0.4138972809667673,0.7807124485447483,S10206,False,-0.0034602076124568,True,no_line_overheat_0.45_0.2_0.03
tp15%_all_next_close,all,next_close,1238,2025,S,159663,机床ETF,2025-03-13,2025-03-14,2025-03-28,2025-03-28,0.573,-0.0255102040816326,-0.0255102040816326,original,10,priority_CSD_g40_t060_r040_noskip,conservative_tp_center15_profit_first,0.868421052631579,0.5296769085016522,0.2655624216115496,0.3194633408919123,0.0099703094757912,-0.0345416520329882,0.0666666666666666,0.0,-0.0657192127997178,0,,,,166,-0.0042497431821591,0.4277108433734939,0.8403351474399777,2,-0.0400083394629947,0.0,,331,-0.0052286827066384,0.4138972809667673,0.7823936650356841,S10206,False,-0.0255102040816326,True,no_line_overheat_0.45_0.2_0.03
tp15%_all_next_close,all,next_close,1239,2025,S,159663,机床ETF,2025-03-14,2025-03-17,2025-03-31,2025-03-31,0.564,-0.0408163265306122,-0.0408163265306122,original,10,priority_CSD_g40_t060_r040_noskip,conservative_tp_center15_profit_first,0.8558620689655172,0.6265588742423326,0.2647799044918697,0.3092592592592593,0.0196134767934161,-0.0238036808621073,0.0666666666666666,0.0,-0.045608428030303,0,,,,166,-0.0043639249886336,0.4277108433734939,0.8367456223188894,2,-0.0400083394629947,0.0,,331,-0.0051283246574965,0.4138972809667673,0.7856751807686653,S10206,False,-0.0408163265306122,True,no_line_overheat_0.45_0.2_0.03
tp15%_all_next_close,all,next_close,1240,2025,S,159663,机床ETF,2025-03-17,2025-03-18,2025-04-01,2025-04-01,0.562,-0.061769616026711,-0.061769616026711,original,10,priority_CSD_g40_t060_r040_noskip,conservative_tp_center15_profit_first,0.8520000000000001,0.61877680060888,0.2483670883819149,0.2780801209372639,0.0196312430505841,-0.0315359981963325,0.0666666666666666,0.0,-0.0340526491046321,0,,,,166,-0.0042417857138311,0.4277108433734939,0.8413148510178816,2,-0.0400083394629947,0.0,,331,-0.0049184328016494,0.4169184290030212,0.7938514399323261,S10206,False,-0.061769616026711,True,no_line_overheat_0.45_0.2_0.03
tp15%_all_next_close,all,next_close,1241,2025,S,159663,机床ETF,2025-03-18,2025-03-19,2025-04-02,2025-04-02,0.565,-0.0551839464882943,-0.0551839464882943,original,10,priority_CSD_g40_t060_r040_noskip,conservative_tp_center15_profit_first,0.8741176470588234,0.6829371185301848,0.2303342250414748,0.2343915343915344,0.0350967323891511,-0.0077315343993623,0.0666666666666666,0.0,-0.0270326074432538,0,,,,166,-0.0042923110481104,0.4277108433734939,0.8394246989125218,2,-0.0400083394629947,0.0,,331,-0.0048792257186475,0.4169184290030212,0.7954947446253519,S10206,False,-0.0551839464882943,True,no_line_overheat_0.45_0.2_0.03
tp15%_all_next_close,all,next_close,1242,2025,S,512400,有色金属ETF,2025-03-19,2025-03-20,2025-04-03,2025-04-03,1.053,-0.048780487804878,-0.048780487804878,original,10,priority_CSD_g40_t060_r040_noskip,conservative_tp_center15_profit_first,0.8281481481481483,0.6720671903356109,0.237977980112987,0.2746787603930461,0.0197147812457249,-0.0014658381870306,0.0666666666666666,0.0,-0.0322894342666206,0,,,,166,-0.0046202981472845,0.4277108433734939,0.8271547057521066,8,0.0424591971892649,0.75,14.48165224335898,331,-0.0048819432936692,0.4169184290030212,0.7953808416403605,S10206,False,-0.048780487804878,True,no_line_overheat_0.45_0.2_0.03
tp15%_all_next_close,all,next_close,1243,2025,S,512400,有色金属ETF,2025-03-20,2025-03-21,2025-04-07,2025-04-07,0.948,-0.1230342275670675,-0.1230342275670675,original,10,priority_CSD_g40_t060_r040_noskip,conservative_tp_center15_profit_first,0.8044444444444445,0.6533511051702886,0.2438533727108867,0.3134920634920635,0.014871917224055,0.0004778569521158,0.0666666666666666,0.0,-0.0371159264725613,0,,,,166,-0.0046948010883787,0.4277108433734939,0.8248557058162733,8,0.0424591971892649,0.75,14.48165224335898,331,-0.0050182563576319,0.4138972809667673,0.7900165854287323,S10206,False,-0.1230342275670675,True,no_line_overheat_0.45_0.2_0.03
tp15%_all_next_close,all,next_close,1244,2025,S,515210,钢铁ETF,2025-03-21,2025-03-24,2025-04-08,2025-04-08,1.143,-0.1194144838212635,-0.1194144838212635,original,10,priority_CSD_g40_t060_r040_noskip,conservative_tp_center15_profit_first,0.8457142857142856,0.5562124821227233,0.2343861414125488,0.4084656084656085,0.0047172897026435,-0.0088018786815123,0.0666666666666666,0.1,-0.0485009164702801,0,,,,166,-0.0049692813538012,0.4277108433734939,0.8146159424163316,0,,,,331,-0.0048325474029257,0.4169184290030212,0.7966858456704373,S10206,False,-0.1194144838212635,True,no_line_overheat_0.45_0.2_0.03
tp15%_all_next_close,all,next_close,1245,2025,S,515210,钢铁ETF,2025-03-24,2025-03-25,2025-04-09,2025-04-09,1.155,-0.1067285382830626,-0.1067285382830626,original,10,priority_CSD_g40_t060_r040_noskip,conservative_tp_center15_profit_first,0.8507692307692307,0.5321384788428632,0.2351411504650888,0.3458427815570672,-0.0042914461824736,-0.0139408962255858,0.0666666666666666,0.1,-0.0510490741983093,0,,,,166,-0.0057932062498549,0.4216867469879518,0.7884963009967462,0,,,,331,-0.0053336366708327,0.4138972809667673,0.7783411718611721,S10206,False,-0.1067285382830626,True,no_line_overheat_0.45_0.2_0.03
tp15%_all_next_close,all,next_close,1246,2025,S,512400,有色金属ETF,2025-03-25,2025-03-26,2025-04-10,2025-04-10,1.01,-0.0793072014585232,-0.0793072014585232,original,10,priority_CSD_g40_t060_r040_noskip,conservative_tp_center15_profit_first,0.868421052631579,0.5799606477327676,0.2049964229373678,0.3446712018140589,0.0111987492061441,-0.0095012691225904,0.0333333333333333,0.1,-0.046234119782214,0,,,,166,-0.0061990385009813,0.4156626506024096,0.7758023561399664,8,0.0424591971892649,0.75,14.48165224335898,331,-0.0053210950318535,0.4138972809667673,0.7787470655729152,S10206,False,-0.0793072014585232,True,no_line_overheat_0.45_0.2_0.03
tp15%_all_next_close,all,next_close,1247,2025,S,512400,有色金属ETF,2025-03-26,2025-03-27,2025-04-11,2025-04-11,1.018,-0.0626151012891345,-0.0626151012891345,original,10,priority_CSD_g40_t060_r040_noskip,conservative_tp_center15_profit_first,0.8573333333333333,0.5663573076583662,0.2089308675405912,0.2665532879818594,-0.0038043290457545,0.007311027305433,0.0333333333333333,0.1,-0.0436236027060694,0,,,,166,-0.0068694781719779,0.4096385542168674,0.7544774708280273,8,0.0424591971892649,0.75,14.48165224335898,331,-0.0054821955943295,0.4138972809667673,0.7735652490378876,S10206,False,-0.0626151012891345,True,no_line_overheat_0.45_0.2_0.03
tp15%_all_next_close,all,next_close,1248,2025,S,512400,有色金属ETF,2025-03-27,2025-03-28,2025-04-14,2025-04-14,1.043,-0.0395948434622469,-0.0395948434622469,original,10,priority_CSD_g40_t060_r040_noskip,conservative_tp_center15_profit_first,0.84625,0.5816327645063716,0.2473345827778823,0.2356386999244142,0.0008935386235031,0.001913875598086,0.1,0.1,-0.0460996010359068,0,,,,166,-0.0069233263163088,0.4096385542168674,0.7530281998910113,8,0.0424591971892649,0.75,14.48165224335898,331,-0.005583782023431,0.4138972809667673,0.7703330153037883,S10206,False,-0.0395948434622469,True,no_line_overheat_0.45_0.2_0.03
tp15%_all_next_close,all,next_close,1249,2025,S,518880,黄金ETF,2025-03-28,2025-03-31,2025-04-15,2025-04-15,7.325,0.0446377638334285,0.0446377638334285,original,10,priority_CSD_g40_t060_r040_noskip,conservative_tp_center15_profit_first,0.8515789473684211,0.552056804079742,0.2869402057365414,0.2860544217687075,0.0108322766179068,-0.0035591720866022,0.2333333333333333,0.0,-0.0548491739532568,5,0.0169369133897507,1.0,,166,-0.0069172174890907,0.4096385542168674,0.7531923330385177,12,0.0129843616000214,0.75,7.536646523178601,332,-0.0055773857149642,0.4126506024096386,0.7700019329064632,S10206,False,0.0446377638334285,True,no_line_overheat_0.45_0.2_0.03
tp15%_all_next_close,all,next_close,1250,2025,S,518880,黄金ETF,2025-03-31,2025-04-01,2025-04-16,2025-04-16,7.503,0.0633503401360544,0.0633503401360544,original,10,priority_CSD_g40_t060_r040_noskip,conservative_tp_center15_profit_first,0.9476923076923076,0.447742137708259,0.3248962337223705,0.4101662887377173,-0.0034246575342466,-0.022129110052746,0.4,0.0,-0.0637286324786324,5,0.0169369133897507,1.0,,166,-0.0073614256248638,0.4036144578313253,0.738775244450856,12,0.0129843616000214,0.75,7.536646523178601,333,-0.0056372440283776,0.4114114114114114,0.767569800385996,S10206,False,0.0633503401360544,True,no_line_overheat_0.45_0.2_0.03
tp15%_all_next_close,all,next_close,1251,2025,S,518880,黄金ETF,2025-04-01,2025-04-02,2025-04-17,2025-04-17,7.565,0.0762555128752313,0.0762555128752313,original,10,priority_CSD_g40_t060_r040_noskip,conservative_tp_center15_profit_first,0.95125,0.5149321084729367,0.280827642245275,0.2997732426303854,-0.0046817504818644,-0.0190687897896535,0.2666666666666666,0.0,-0.0571060320679995,5,0.0169369133897507,1.0,,166,-0.0074453448471952,0.4036144578313253,0.7365817587231688,12,0.0129843616000214,0.75,7.536646523178601,333,-0.0057564030761081,0.4114114114114114,0.7638171152295139,S10206,False,0.0762555128752313,True,no_line_overheat_0.45_0.2_0.03
tp15%_all_next_close,all,next_close,1252,2025,S,518880,黄金ETF,2025-04-02,2025-04-03,2025-04-18,2025-04-18,7.583,0.068931491401184,0.068931491401184,original,10,priority_CSD_g40_t060_r040_noskip,conservative_tp_center15_profit_first,0.9506666666666668,0.5101308191691948,0.285700451866347,0.3165154950869236,-0.0081786691755046,-0.0167008822769956,0.3,0.0333333333333333,-0.0506184974010105,5,0.0169369133897507,1.0,,166,-0.0076635672134365,0.4036144578313253,0.7309383560344681,12,0.0129843616000214,0.75,7.536646523178601,333,-0.0059487457720153,0.4084084084084084,0.7577689343279803,S10206,False,0.068931491401184,True,no_line_overheat_0.45_0.2_0.03
tp15%_all_next_close,all,next_close,1253,2025,S,518880,黄金ETF,2025-04-03,2025-04-07,2025-04-21,2025-04-21,7.724,0.1231641704231496,0.1231641704231496,original,10,priority_CSD_g40_t060_r040_noskip,conservative_tp_center15_profit_first,0.9426666666666668,0.4353952146872189,0.2972762050481244,0.3250566893424036,-0.0230983704010028,0.0042681748722182,0.2666666666666666,0.1,-0.0508052635089675,5,0.0169369133897507,1.0,,166,-0.0076858168012868,0.4036144578313253,0.7303678182384571,12,0.0129843616000214,0.75,7.536646523178601,333,-0.0061558365047387,0.4054054054054054,0.7510163976618023,S10206,False,0.1231641704231496,True,no_line_overheat_0.45_0.2_0.03
tp15%_all_next_close,all,next_close,1254,2025,D,159811,5G50ETF,2025-04-07,2025-04-08,2025-05-09,2025-05-09,1.186,0.1241706161137441,0.1241706161137441,original,20,priority_CSD_g40_t060_r040_noskip,conservative_tp_center15_profit_first,96.4625850340136,0.1336597779054581,0.6343598859451306,0.95427059712774,-0.1154954733856893,-0.0621976093349777,0.8666666666666667,0.6333333333333333,-0.1402185209395243,10,-0.02510448123555,0.3,0.1324721135036848,200,0.0487534803411377,0.61,4.728599331371936,10,-0.02510448123555,0.3,0.1324721135036848,332,0.0390160845171512,0.5843373493975904,3.322369067783609,D43740,False,0.1241706161137441,True,no_line_overheat_0.45_0.2_0.03
tp15%_all_next_close,all,next_close,1255,2025,D,159565,汽车零部件ETF,2025-04-08,2025-04-09,2025-05-09,2025-05-09,1.226,0.1330868761552679,0.1330868761552679,original,19,priority_CSD_g40_t060_r040_noskip,conservative_tp_center15_profit_first,88.72064124454563,0.2005204608891463,0.6145259491319435,0.8041950113378685,-0.1011575641314977,-0.0232969506924762,0.8333333333333334,0.5333333333333333,-0.1223439545267083,3,0.1488292857786738,0.6666666666666666,68.64291038640829,200,0.0487534803411377,0.61,4.728599331371936,3,0.1488292857786738,0.6666666666666666,68.64291038640829,330,0.0392759231590661,0.5878787878787879,3.326970689252449,D43740,False,0.1330868761552679,True,no_line_overheat_0.45_0.2_0.03
tp15%_all_next_close,all,next_close,1256,2025,D,159811,5G50ETF,2025-04-09,2025-04-10,2025-05-09,2025-05-09,1.186,0.0675067506750675,0.0675067506750675,original,18,priority_CSD_g40_t060_r040_noskip,conservative_tp_center15_profit_first,78.13397581254725,0.2440322549936128,0.5447839365265497,0.7376795162509449,-0.0903792087796479,-0.0093240616840644,0.5666666666666667,0.5333333333333333,-0.1138446090121752,10,-0.02510448123555,0.3,0.1324721135036848,200,0.0487534803411377,0.61,4.728599331371936,10,-0.02510448123555,0.3,0.1324721135036848,329,0.0393982339290155,0.5896656534954408,3.3275467867457102,D43740,False,0.0675067506750675,True,no_line_overheat_0.45_0.2_0.03
tp15%_all_next_close,all,next_close,1257,2025,D,159811,5G50ETF,2025-04-10,2025-04-11,2025-05-09,2025-05-09,1.186,0.0477031802120142,0.0477031802120142,original,17,priority_CSD_g40_t060_r040_noskip,conservative_tp_center15_profit_first,70.0292894935752,0.295000294778215,0.450808368201894,0.5939531368102796,-0.0719907918968692,0.0031327078928822,0.4333333333333333,0.4333333333333333,-0.093457617651166,10,-0.02510448123555,0.3,0.1324721135036848,200,0.0487534803411377,0.61,4.728599331371936,10,-0.02510448123555,0.3,0.1324721135036848,328,0.0395153789749289,0.5884146341463414,3.327371770482721,D43740,False,0.0477031802120142,True,no_line_overheat_0.45_0.2_0.03
tp15%_all_next_close,all,next_close,1258,2025,D,159930,能源ETF,2025-04-11,2025-04-14,2025-05-09,2025-05-09,1.231,0.0,0.0,original,16,priority_CSD_g40_t060_r040_noskip,conservative_tp_center15_profit_first,71.57643613000756,0.317288144435709,0.4351675330262596,0.6295162509448226,-0.0555230487432583,0.0167487102910967,0.4666666666666667,0.3,-0.0898572576151624,8,-0.0442369404182367,0.375,0.1700232131027207,200,0.0487534803411377,0.61,4.728599331371936,12,-0.0250156004446707,0.5833333333333334,0.2959831483684174,328,0.0395153789749289,0.5884146341463414,3.327371770482721,D43740,False,0.0,True,no_line_overheat_0.45_0.2_0.03
tp15%_all_next_close,all,next_close,1259,2025,D,159996,家电ETF,2025-04-14,2025-04-15,2025-05-09,2025-05-09,1.347,0.0564705882352942,0.0564705882352942,original,15,priority_CSD_g40_t060_r040_noskip,conservative_tp_center15_profit_first,68.10515873015873,0.3137681004148103,0.5391031235484454,0.5402494331065759,-0.0589259775294223,0.0176196535588211,0.3,0.3666666666666666,-0.0764355670355259,6,0.2398310106986156,1.0,,200,0.0487534803411377,0.61,4.728599331371936,6,0.2398310106986156,1.0,,326,0.0398141742135601,0.5920245398773006,3.338387800501984,D43740,False,0.0564705882352942,True,no_line_overheat_0.45_0.2_0.03
tp15%_all_next_close,all,next_close,1260,2025,D,159811,5G50ETF,2025-04-15,2025-04-16,2025-05-09,2025-05-09,1.186,0.0665467625899278,0.0665467625899278,original,14,priority_CSD_g40_t060_r040_noskip,conservative_tp_center15_profit_first,68.31207482993197,0.3424073569008984,0.5409874655068382,0.5357898715041572,-0.064335099508917,0.0303563188286501,0.2666666666666666,0.4,-0.0894587580502969,10,-0.02510448123555,0.3,0.1324721135036848,200,0.0487534803411377,0.61,4.728599331371936,10,-0.02510448123555,0.3,0.1324721135036848,326,0.0398141742135601,0.5920245398773006,3.338387800501984,D43740,False,0.0665467625899278,True,no_line_overheat_0.45_0.2_0.03
tp15%_all_next_close,all,next_close,1261,2025,D,159565,汽车零部件ETF,2025-04-16,2025-04-17,2025-05-09,2025-05-09,1.226,0.1025179856115106,0.1025179856115106,original,13,priority_CSD_g40_t060_r040_noskip,conservative_tp_center15_profit_first,70.57866893401504,0.3315573263619663,0.5844151249390275,0.5233938019652306,-0.0647629543976295,0.0201612903225805,0.4666666666666667,0.4666666666666667,-0.0908620606843331,3,0.1488292857786738,0.6666666666666666,68.64291038640829,200,0.0487534803411377,0.61,4.728599331371936,3,0.1488292857786738,0.6666666666666666,68.64291038640829,326,0.0398141742135601,0.5920245398773006,3.338387800501984,D43740,False,0.1025179856115106,True,no_line_overheat_0.45_0.2_0.03
tp15%_all_next_close,all,next_close,1262,2025,D,159565,汽车零部件ETF,2025-04-17,2025-04-18,2025-05-09,2025-05-09,1.226,0.0985663082437275,0.0985663082437275,original,12,priority_CSD_g40_t060_r040_noskip,conservative_tp_center15_profit_first,64.32747316401817,0.319577636187997,0.5251201141989842,0.4605820105820106,-0.0601270364093594,-0.0074355616595866,0.4,0.4333333333333333,-0.090040532715692,3,0.1488292857786738,0.6666666666666666,68.64291038640829,200,0.0487534803411377,0.61,4.728599331371936,3,0.1488292857786738,0.6666666666666666,68.64291038640829,326,0.0398141742135601,0.5920245398773006,3.338387800501984,D43740,False,0.0985663082437275,True,no_line_overheat_0.45_0.2_0.03
tp15%_all_next_close,all,next_close,1263,2025,D,159565,汽车零部件ETF,2025-04-18,2025-04-21,2025-05-09,2025-05-09,1.226,0.0651607298001737,0.0651607298001737,original,11,priority_CSD_g40_t060_r040_noskip,conservative_tp_center15_profit_first,61.28729933683741,0.314173508482837,0.5287200998803776,0.4306122448979592,-0.0586441893830703,-0.0037387726532124,0.4,0.4666666666666667,-0.0912058371735791,3,0.1488292857786738,0.6666666666666666,68.64291038640829,200,0.0487534803411377,0.61,4.728599331371936,3,0.1488292857786738,0.6666666666666666,68.64291038640829,326,0.0398141742135601,0.5920245398773006,3.338387800501984,D43740,False,0.0651607298001737,True,no_line_overheat_0.45_0.2_0.03
tp15%_all_next_close,all,next_close,1264,2025,D,159811,5G50ETF,2025-04-21,2025-04-22,2025-05-09,2025-05-09,1.186,0.0523513753327418,0.0523513753327418,original,10,priority_CSD_g40_t060_r040_noskip,conservative_tp_center15_profit_first,61.42526455026455,0.365728783435526,0.4269915499223464,0.4491307634164778,-0.0390832285993576,0.007594476744186,0.2333333333333333,0.2666666666666666,-0.0814401166260627,10,-0.02510448123555,0.3,0.1324721135036848,200,0.0487534803411377,0.61,4.728599331371936,10,-0.02510448123555,0.3,0.1324721135036848,326,0.0398141742135601,0.5920245398773006,3.338387800501984,D43740,False,0.0523513753327418,True,no_line_overheat_0.45_0.2_0.03
tp15%_all_next_close,all,next_close,1265,2025,D,159811,5G50ETF,2025-04-22,2025-04-23,2025-05-09,2025-05-09,1.186,0.0349040139616056,0.0349040139616056,original,9,priority_CSD_g40_t060_r040_noskip,conservative_tp_center15_profit_first,64.80347694633409,0.3992067453321193,0.4181930665422392,0.4369992441421012,-0.0348115903513537,0.0007763975155279,0.2,0.2666666666666666,-0.0813736919927206,10,-0.02510448123555,0.3,0.1324721135036848,200,0.0487534803411377,0.61,4.728599331371936,10,-0.02510448123555,0.3,0.1324721135036848,326,0.0398141742135601,0.5920245398773006,3.338387800501984,D43740,False,0.0349040139616056,True,no_line_overheat_0.45_0.2_0.03
tp15%_all_next_close,all,next_close,1266,2025,S,518880,黄金ETF,2025-04-23,2025-04-24,2025-05-13,2025-05-13,7.332,-0.0329728303877604,-0.0329728303877604,original,10,priority_CSD_g40_t060_r040_noskip,conservative_tp_center15_profit_first,0.9366666666666666,0.3547094551534946,0.3836791723143928,0.4295162509448224,-0.0414602126547106,0.000737127568571,0.1666666666666666,0.1666666666666666,-0.0738165796827864,11,0.0557872022435612,1.0,,165,-0.0051303816139951,0.4303030303030303,0.8239796574077899,16,0.0435746617240991,0.875,73.12663079574477,332,-0.0052588610504621,0.4186746987951807,0.7933654251250889,S10206,False,-0.0329728303877604,True,no_line_overheat_0.45_0.2_0.03
tp15%_all_next_close,all,next_close,1267,2025,D,159811,5G50ETF,2025-04-24,2025-04-25,2025-05-12,2025-05-12,1.211,0.062280701754386,0.062280701754386,original,8,priority_CSD_g40_t060_r040_noskip,conservative_tp_center15_profit_first,65.57775888133031,0.3379197326682843,0.4064351452461032,0.4295162509448224,-0.0458204235340065,0.001850477327377,0.2666666666666666,0.2333333333333333,-0.0746071844983621,10,-0.02510448123555,0.3,0.1324721135036848,199,0.049012843893302,0.6130653266331658,4.733776157541485,10,-0.02510448123555,0.3,0.1324721135036848,326,0.0398141742135601,0.5920245398773006,3.338387800501984,D43740,False,0.062280701754386,True,no_line_overheat_0.45_0.2_0.03
tp15%_all_next_close,all,next_close,1268,2025,D,159811,5G50ETF,2025-04-25,2025-04-28,2025-05-13,2025-05-13,1.205,0.0551663747810859,0.0551663747810859,original,8,priority_CSD_g40_t060_r040_noskip,conservative_tp_center15_profit_first,59.74678760393047,0.3474490750315325,0.395147727380893,0.4103930461073319,-0.0394950830308223,0.0120494240059457,0.2666666666666666,0.2,-0.0711208890862991,10,-0.02510448123555,0.3,0.1324721135036848,199,0.049012843893302,0.6130653266331658,4.733776157541485,10,-0.02510448123555,0.3,0.1324721135036848,326,0.0398141742135601,0.5920245398773006,3.338387800501984,D43740,False,0.0551663747810859,True,no_line_overheat_0.45_0.2_0.03
tp15%_all_next_close,all,next_close,1269,2025,D,159663,机床ETF,2025-04-28,2025-04-29,2025-05-14,2025-05-14,0.569,0.0879541108986614,0.0879541108986614,original,8,priority_CSD_g40_t060_r040_noskip,conservative_tp_center15_profit_first,64.52837818214891,0.3263477669510977,0.4239537765897491,0.4808767951625094,-0.0395847747049954,0.0025781541910574,0.3666666666666666,0.2333333333333333,-0.0750030682376042,7,0.2449451014153922,1.0,,199,0.049012843893302,0.6130653266331658,4.733776157541485,25,0.1986787579096913,1.0,,326,0.0398141742135601,0.5920245398773006,3.338387800501984,D43740,False,0.0879541108986614,True,no_line_overheat_0.45_0.2_0.03
tp15%_all_next_close,all,next_close,1270,2025,D,159811,5G50ETF,2025-04-29,2025-04-30,2025-05-15,2025-05-15,1.185,0.0304347826086957,0.0304347826086957,original,8,priority_CSD_g40_t060_r040_noskip,conservative_tp_center15_profit_first,66.15504535147392,0.333051837269772,0.3958281262175486,0.5068405139833712,-0.0310211834523223,-0.0051629591005759,0.4,0.0666666666666666,-0.0788398439117293,10,-0.02510448123555,0.3,0.1324721135036848,199,0.049012843893302,0.6130653266331658,4.733776157541485,10,-0.02510448123555,0.3,0.1324721135036848,326,0.0398141742135601,0.5920245398773006,3.338387800501984,D43740,False,0.0304347826086957,True,no_line_overheat_0.45_0.2_0.03
tp15%_all_next_close,all,next_close,1271,2025,D,159811,5G50ETF,2025-04-30,2025-05-06,2025-05-19,2025-05-19,1.179,-0.0059021922428329,-0.0059021922428329,original,9,priority_CSD_g40_t060_r040_noskip,conservative_tp_center15_profit_first,64.87575585789872,0.3083934176460327,0.400631226413039,0.5204837490551777,-0.0381876317128115,-0.0062203667521799,0.4333333333333333,0.0666666666666666,-0.0785810291858679,10,-0.02510448123555,0.3,0.1324721135036848,199,0.049012843893302,0.6130653266331658,4.733776157541485,10,-0.02510448123555,0.3,0.1324721135036848,326,0.0398141742135601,0.5920245398773006,3.338387800501984,D43740,False,-0.0059021922428329,True,no_line_overheat_0.45_0.2_0.03
tp15%_all_next_close,all,next_close,1272,2025,S,518880,黄金ETF,2025-05-06,2025-05-07,2025-05-21,2025-05-21,7.439,-0.0302437752574632,-0.0302437752574632,original,10,priority_CSD_g40_t060_r040_noskip,conservative_tp_center15_profit_first,0.932,0.383801800113581,0.373695819240208,0.4033257747543461,-0.0194919115971747,0.0120360027102752,0.2333333333333333,0.0333333333333333,-0.0725251518602885,16,0.0467577364333577,0.9375,176.4116482297459,162,-0.002212048558669,0.4567901234567901,0.9194875209814288,21,0.0396028164685779,0.8571428571428571,60.69751772883545,329,-0.0044950810047897,0.4316109422492401,0.8222212941912069,S10206,False,-0.0302437752574632,True,no_line_overheat_0.45_0.2_0.03
tp15%_all_next_close,all,next_close,1273,2025,S,518880,黄金ETF,2025-05-07,2025-05-08,2025-05-22,2025-05-22,7.45,-0.01415905782718,-0.01415905782718,original,10,priority_CSD_g40_t060_r040_noskip,conservative_tp_center15_profit_first,0.94,0.4123842294415742,0.3312835773245358,0.3780423280423282,-0.0148245491888881,-0.0014635211882919,0.2,0.0,-0.0646287558303503,17,0.0443727414788975,0.9411764705882352,177.86836088671885,162,-0.0021850660023795,0.4567901234567901,0.9204696117626688,22,0.0380850894567123,0.8636363636363636,61.14348175837273,329,-0.0044390996462506,0.4346504559270516,0.8241773703421951,S10206,False,-0.01415905782718,True,no_line_overheat_0.45_0.2_0.03
tp15%_all_next_close,all,next_close,1274,2025,S,159663,机床ETF,2025-05-08,2025-05-09,2025-05-23,2025-05-23,0.549,-0.0125899280575539,-0.0125899280575539,original,10,priority_CSD_g40_t060_r040_noskip,conservative_tp_center15_profit_first,0.7899999999999999,0.5597221847708754,0.3412811665167021,0.2560846560846561,0.0732058090595192,-0.015820683784934,0.2,0.0,-0.0638960481099655,9,-0.0334168513912815,0.1111111111111111,0.0582799264982724,162,-0.0019682773777172,0.4629629629629629,0.9279796240783142,11,-0.0346153037679566,0.0909090909090909,0.0466034377048293,329,-0.0043107800395391,0.4376899696048632,0.8286282523150906,S10206,False,-0.0125899280575539,True,no_line_overheat_0.45_0.2_0.03
tp15%_all_next_close,all,next_close,1275,2025,S,164701,贵金属LOF,2025-05-09,2025-05-12,2025-05-26,2025-05-26,1.397,0.0204528853177501,0.0204528853177501,original,10,priority_CSD_g40_t060_r040_noskip,conservative_tp_center15_profit_first,0.830909090909091,0.4926273630823379,0.3426552104016959,0.2651927437641723,0.0522571080515779,-0.0244114604770053,0.2,0.0,-0.0660021285021285,17,0.0183551480271609,0.5882352941176471,4.396677127981339,162,-0.0021109129296066,0.4567901234567901,0.9231358724823434,19,0.0175948822797662,0.631578947368421,4.639044954756797,329,-0.0044124913680051,0.4346504559270516,0.8250418803568559,S10206,False,0.0204528853177501,True,no_line_overheat_0.45_0.2_0.03
tp15%_all_next_close,all,next_close,1276,2025,S,159663,机床ETF,2025-05-12,2025-05-13,2025-05-27,2025-05-27,0.544,-0.0439367311072054,-0.0439367311072054,original,10,priority_CSD_g40_t060_r040_noskip,conservative_tp_center15_profit_first,0.8644444444444443,0.5596480088886312,0.3224258102262208,0.2152683295540438,0.0505620716214766,-0.0109328616931377,0.1,0.0,-0.0596678187403993,9,-0.0334168513912815,0.1111111111111111,0.0582799264982724,162,-0.0024623379563752,0.4506172839506173,0.911463930410442,11,-0.0346153037679566,0.0909090909090909,0.0466034377048293,329,-0.0044893744422308,0.4346504559270516,0.8225344143626738,S10206,False,-0.0439367311072054,True,no_line_overheat_0.45_0.2_0.03
tp15%_all_next_close,all,next_close,1277,2025,S,159887,银行ETF,2025-05-13,2025-05-14,2025-05-28,2025-05-28,1.306,-0.0098559514783926,-0.0098559514783926,original,10,priority_CSD_g40_t060_r040_noskip,conservative_tp_center15_profit_first,0.8633333333333333,0.5407682490144955,0.2885025597923356,0.1945578231292517,0.033238626206885,-0.0131240725851036,0.0666666666666666,0.0,-0.0583918148971651,5,-0.0240047050771341,0.4,0.2874822817442106,162,-0.0025691419503552,0.4444444444444444,0.907961419529736,16,-0.0043481515064618,0.4375,0.7700167935959218,329,-0.0045837950407915,0.4316109422492401,0.819161195008411,S10206,False,-0.0098559514783926,True,no_line_overheat_0.45_0.2_0.03
tp15%_all_next_close,all,next_close,1278,2025,S,159663,机床ETF,2025-05-14,2025-05-15,2025-05-29,2025-05-29,0.552,-0.0177935943060498,-0.0177935943060498,original,10,priority_CSD_g40_t060_r040_noskip,conservative_tp_center15_profit_first,0.854782608695652,0.5997811289128068,0.2716044247331682,0.1660619803476946,0.0387640280636388,-0.0081981510552938,0.0666666666666666,0.0,-0.0506401474143409,9,-0.0334168513912815,0.1111111111111111,0.0582799264982724,162,-0.0027323702197471,0.4444444444444444,0.902682896736334,11,-0.0346153037679566,0.0909090909090909,0.0466034377048293,329,-0.0047857404284196,0.4285714285714285,0.8119376745133595,S10206,False,-0.0177935943060498,True,no_line_overheat_0.45_0.2_0.03
tp15%_all_next_close,all,next_close,1279,2025,S,159663,机床ETF,2025-05-15,2025-05-16,2025-05-30,2025-05-30,0.542,-0.0491228070175436,-0.0491228070175436,original,10,priority_CSD_g40_t060_r040_noskip,conservative_tp_center15_profit_first,0.8923076923076922,0.48346881118669,0.2963078503523372,0.3563869992441421,0.0197348318291237,-0.0227092736687619,0.1333333333333333,0.0,-0.0635620596558096,9,-0.0334168513912815,0.1111111111111111,0.0582799264982724,162,-0.0028024697269043,0.4444444444444444,0.9004347903404181,11,-0.0346153037679566,0.0909090909090909,0.0466034377048293,329,-0.0044349324018479,0.4285714285714285,0.8232870898482465,S10206,False,-0.0491228070175436,True,no_line_overheat_0.45_0.2_0.03
tp15%_all_next_close,all,next_close,1280,2025,S,159663,机床ETF,2025-05-16,2025-05-19,2025-06-03,2025-06-03,0.543,-0.0355239786856126,-0.0355239786856126,original,10,priority_CSD_g40_t060_r040_noskip,conservative_tp_center15_profit_first,0.8314285714285713,0.5019448884309559,0.2970528008356144,0.299395313681028,0.0213236433289673,-0.0185474142745448,0.1,0.0,-0.0629464984303694,9,-0.0334168513912815,0.1111111111111111,0.0582799264982724,162,-0.0030610638090782,0.4444444444444444,0.8922375856723155,11,-0.0346153037679566,0.0909090909090909,0.0466034377048293,329,-0.0041965114960537,0.4285714285714285,0.831183368259346,S10206,False,-0.0355239786856126,True,no_line_overheat_0.45_0.2_0.03
tp15%_all_next_close,all,next_close,1281,2025,S,159663,机床ETF,2025-05-19,2025-05-20,2025-06-04,2025-06-04,0.548,-0.0283687943262409,-0.0283687943262409,original,10,priority_CSD_g40_t060_r040_noskip,conservative_tp_center15_profit_first,0.8169230769230771,0.5106280314183987,0.2599257246556473,0.2819349962207105,0.0278387505276487,-0.0113499744522256,0.0666666666666666,0.0,-0.0616986879122801,9,-0.0334168513912815,0.1111111111111111,0.0582799264982724,162,-0.0033114482293456,0.4444444444444444,0.8844415935665733,11,-0.0346153037679566,0.0909090909090909,0.0466034377048293,329,-0.0040037723922695,0.4285714285714285,0.837678289796585,S10206,False,-0.0283687943262409,True,no_line_overheat_0.45_0.2_0.03
tp15%_all_next_close,all,next_close,1282,2025,S,159663,机床ETF,2025-05-20,2025-05-21,2025-06-05,2025-06-05,0.557,0.0,0.0,original,10,priority_CSD_g40_t060_r040_noskip,conservative_tp_center15_profit_first,0.81125,0.5662486879813492,0.2525757165763478,0.2147392290249433,0.0329895528148629,-0.0095565007517054,0.0666666666666666,0.0,-0.0546209714703294,9,-0.0334168513912815,0.1111111111111111,0.0582799264982724,162,-0.0029482567047745,0.4444444444444444,0.895795045770733,11,-0.0346153037679566,0.0909090909090909,0.0466034377048293,330,-0.0040926363293747,0.4272727272727272,0.8342519598862236,S10206,False,0.0,True,no_line_overheat_0.45_0.2_0.03
tp15%_all_next_close,all,next_close,1283,2025,S,159992,创新药ETF,2025-05-21,2025-05-22,2025-06-06,2025-06-06,0.795,0.0392156862745098,0.0392156862745098,original,10,priority_CSD_g40_t060_r040_noskip,conservative_tp_center15_profit_first,0.8180000000000001,0.5789939616194306,0.2450748145566559,0.2219198790627362,0.0375793117651097,-0.0049124617044568,0.0666666666666666,0.0,-0.0526728429954236,0,,,,162,-0.0031778085134753,0.4444444444444444,0.8885855805212564,0,,,,330,-0.0039730534770315,0.4272727272727272,0.838311901488619,S10206,False,0.0392156862745098,True,no_line_overheat_0.45_0.2_0.03
tp15%_all_next_close,all,next_close,1284,2025,S,159887,银行ETF,2025-05-22,2025-05-23,2025-06-09,2025-06-09,1.334,0.0190985485103132,0.0190985485103132,original,10,priority_CSD_g40_t060_r040_noskip,conservative_tp_center15_profit_first,0.8066666666666666,0.4997684816739371,0.2887207018222325,0.290702947845805,0.0213305002696608,-0.0206813286081578,0.1333333333333333,0.0,-0.0603735889166915,4,-0.0069644066920399,0.5,0.6348168301671342,162,-0.0033358142857516,0.4444444444444444,0.8836901976037603,16,-0.0043481515064618,0.4375,0.7700167935959218,330,-0.0040607087867309,0.4272727272727272,0.8353320746389016,S10206,False,0.0190985485103132,True,no_line_overheat_0.45_0.2_0.03
tp15%_all_next_close,all,next_close,1285,2025,S,159887,银行ETF,2025-05-23,2025-05-26,2025-06-10,2025-06-10,1.342,0.0315142198308995,0.0315142198308995,original,10,priority_CSD_g40_t060_r040_noskip,conservative_tp_center15_profit_first,0.7923076923076922,0.4496380902465522,0.303269147145589,0.3858654572940287,0.0155458381498492,-0.0370344238592338,0.2,0.0333333333333333,-0.0620890692418328,3,0.0136586750798295,0.6666666666666666,6.49989316547811,162,-0.0029983167908105,0.4444444444444444,0.8942128669063866,16,-0.0043481515064618,0.4375,0.7700167935959218,330,-0.0039709754959919,0.4272727272727272,0.8383828000762102,S10206,False,0.0315142198308995,True,no_line_overheat_0.45_0.2_0.03
tp15%_all_next_close,all,next_close,1286,2025,S,159887,银行ETF,2025-05-26,2025-05-27,2025-06-11,2025-06-11,1.346,0.0298393267023719,0.0298393267023719,original,10,priority_CSD_g40_t060_r040_noskip,conservative_tp_center15_profit_first,0.8712500000000001,0.4479276791758592,0.2898145569987389,0.33994708994709,0.0147895512876548,-0.0261326919305054,0.1666666666666666,0.0,-0.0651646525432932,3,0.0136586750798295,0.6666666666666666,6.49989316547811,162,-0.003179487806822,0.4382716049382716,0.8881275113133485,16,-0.0043481515064618,0.4375,0.7700167935959218,330,-0.0040479515225145,0.4242424242424242,0.8355053229441806,S10206,False,0.0298393267023719,True,no_line_overheat_0.45_0.2_0.03
tp15%_all_next_close,all,next_close,1287,2025,S,159992,创新药ETF,2025-05-27,2025-05-28,2025-06-12,2025-06-12,0.837,0.1013157894736842,0.1013157894736842,original,10,priority_CSD_g40_t060_r040_noskip,conservative_tp_center15_profit_first,0.868,0.3966963745470713,0.2923880938535039,0.4021164021164021,0.0117143263622137,-0.0492677005876301,0.2333333333333333,0.0,-0.0665496927632849,0,,,,163,-0.0030345039226222,0.4417177914110429,0.8925697890146868,0,,,,330,-0.0039111993710203,0.4272727272727272,0.8405780443844155,S10206,False,0.1013157894736842,True,no_line_overheat_0.45_0.2_0.03
tp15%_all_next_close,all,next_close,1288,2025,S,159887,银行ETF,2025-05-28,2025-05-29,2025-06-13,2025-06-13,1.341,0.0275862068965517,0.0275862068965517,original,10,priority_CSD_g40_t060_r040_noskip,conservative_tp_center15_profit_first,0.8066666666666666,0.389623502855132,0.2727909467948413,0.4041194255479969,0.0068994964777079,-0.0463110122201031,0.2,0.0,-0.0685550462620526,3,0.0136586750798295,0.6666666666666666,6.49989316547811,164,-0.0032839077469184,0.4390243902439024,0.8841326290757621,16,-0.0043481515064618,0.4375,0.7700167935959218,330,-0.0040541499026317,0.4242424242424242,0.835643274858988,S10206,False,0.0275862068965517,True,no_line_overheat_0.45_0.2_0.03
tp15%_all_next_close,all,next_close,1289,2025,S,159992,创新药ETF,2025-05-29,2025-05-30,2025-06-16,2025-06-16,0.816,0.0316055625790137,0.0316055625790137,original,10,priority_CSD_g40_t060_r040_noskip,conservative_tp_center15_profit_first,0.9,0.4876483061388519,0.2906833578666534,0.2908163265306123,0.01611057542057,-0.0116708093832531,0.1666666666666666,0.0,-0.0627372277857714,0,,,,164,-0.0034984460498743,0.4329268292682927,0.8768241785081934,0,,,,330,-0.0040735828417844,0.4242424242424242,0.8349854578795857,S10206,False,0.0316055625790137,True,no_line_overheat_0.45_0.2_0.03
tp15%_all_next_close,all,next_close,1290,2025,S,159992,创新药ETF,2025-05-30,2025-06-03,2025-06-17,2025-06-17,0.792,-0.0087609511889862,-0.0087609511889862,original,10,priority_CSD_g40_t060_r040_noskip,conservative_tp_center15_profit_first,0.8953846153846153,0.4639364853431094,0.323480394616211,0.2984882842025698,0.0180392762038744,-0.0277072388897616,0.2,0.0,-0.0697960009246416,0,,,,164,-0.0037844312665006,0.4268292682926829,0.8672620707226992,0,,,,330,-0.0041086447155432,0.4242424242424242,0.8338012081131737,S10206,False,-0.0087609511889862,True,no_line_overheat_0.45_0.2_0.03
tp15%_all_next_close,all,next_close,1291,2025,S,159992,创新药ETF,2025-06-03,2025-06-04,2025-06-18,2025-06-18,0.788,-0.0283600493218249,-0.0283600493218249,original,10,priority_CSD_g40_t060_r040_noskip,conservative_tp_center15_profit_first,0.8712500000000001,0.4638009437724924,0.3055061762739981,0.2466364323507181,0.0174820844023709,-0.0267489207221349,0.1666666666666666,0.0,-0.0673309923404399,0,,,,163,-0.004729242052768,0.4171779141104294,0.8368485804256788,0,,,,329,-0.0038254244372942,0.425531914893617,0.8438646823655862,S10206,False,-0.0283600493218249,True,no_line_overheat_0.45_0.2_0.03
tp15%_all_next_close,all,next_close,1292,2025,S,159992,创新药ETF,2025-06-04,2025-06-05,2025-06-19,2025-06-19,0.775,-0.03125,-0.03125,original,10,priority_CSD_g40_t060_r040_noskip,conservative_tp_center15_profit_first,0.8999999999999999,0.4699062947735473,0.3020322274242232,0.2025699168556311,0.0075547415766652,-0.0227739140348877,0.1333333333333333,0.0,-0.0586961697539626,0,,,,163,-0.0052061614537675,0.4110429447852761,0.8217358956631581,0,,,,329,-0.0036645995270692,0.425531914893617,0.849440490222598,S10206,False,-0.03125,True,no_line_overheat_0.45_0.2_0.03
tp15%_all_next_close,all,next_close,1293,2025,S,159992,创新药ETF,2025-06-05,2025-06-06,2025-06-20,2025-06-20,0.775,-0.0251572327044025,-0.0251572327044025,original,10,priority_CSD_g40_t060_r040_noskip,conservative_tp_center15_profit_first,0.9027272727272728,0.4857371103207428,0.2941370572699368,0.2304988662131519,0.0046319904810471,-0.0341206842300982,0.1,0.0,-0.0573857732751135,0,,,,163,-0.0057694483496154,0.4049079754601227,0.8036187032700767,0,,,,329,-0.0036763621650995,0.425531914893617,0.8490301826493247,S10206,False,-0.0251572327044025,True,no_line_overheat_0.45_0.2_0.03
tp15%_all_next_close,all,next_close,1294,2025,S,159992,创新药ETF,2025-06-06,2025-06-09,2025-06-23,2025-06-23,0.782,-0.0404907975460121,-0.0404907975460121,original,10,priority_CSD_g40_t060_r040_noskip,conservative_tp_center15_profit_first,0.8909090909090909,0.5063594024397821,0.2883029609314098,0.2411942554799698,0.0019914499164436,-0.0302317598159281,0.1,0.0,-0.0598030987019412,0,,,,163,-0.0061333872078872,0.3987730061349693,0.7912309010770664,0,,,,329,-0.0035905133054972,0.425531914893617,0.852033929035953,S10206,False,-0.0404907975460121,True,no_line_overheat_0.45_0.2_0.03
tp15%_all_next_close,all,next_close,1295,2025,S,159992,创新药ETF,2025-06-09,2025-06-10,2025-06-24,2025-06-24,0.791,-0.0365408038976856,-0.0365408038976856,original,10,priority_CSD_g40_t060_r040_noskip,conservative_tp_center15_profit_first,0.8992307692307693,0.561021915402259,0.2890917096329997,0.1602796674225245,0.0152278399112671,-0.0250480405183375,0.0666666666666666,0.0,-0.0573478023000278,1,0.0392156862745098,1.0,,163,-0.0061505719959128,0.3987730061349693,0.7906459628382607,1,0.0392156862745098,1.0,,329,-0.0033619314358134,0.4285714285714285,0.8608264866763006,S10206,False,-0.0365408038976856,True,no_line_overheat_0.45_0.2_0.03
tp15%_all_next_close,all,next_close,1296,2025,S,159992,创新药ETF,2025-06-10,2025-06-11,2025-06-25,2025-06-25,0.794,-0.0245700245700244,-0.0245700245700244,original,10,priority_CSD_g40_t060_r040_noskip,conservative_tp_center15_profit_first,0.8852631578947368,0.461920913065618,0.302025658931078,0.2126984126984127,-0.0023237820000409,-0.0436262628803657,0.1333333333333333,0.0,-0.0630969507960572,1,0.0392156862745098,1.0,,163,-0.0062286216814992,0.3987730061349693,0.7879892966310249,1,0.0392156862745098,1.0,,329,-0.0031609279102169,0.4316109422492401,0.8683684361540358,S10206,False,-0.0245700245700244,True,no_line_overheat_0.45_0.2_0.03
tp15%_all_next_close,all,next_close,1297,2025,S,159992,创新药ETF,2025-06-11,2025-06-12,2025-06-26,2025-06-26,0.781,-0.066905615292712,-0.066905615292712,original,10,priority_CSD_g40_t060_r040_noskip,conservative_tp_center15_profit_first,0.8908333333333334,0.5299054792955353,0.2840935307038571,0.1596749811035525,-0.0007662835249042,-0.0342729705619982,0.1333333333333333,0.0,-0.0529993942417332,1,0.0392156862745098,1.0,,164,-0.0059984824039846,0.4024390243902439,0.794570189022568,1,0.0392156862745098,1.0,,329,-0.0029302572281077,0.4346504559270516,0.8772850454885401,S10206,False,-0.066905615292712,True,no_line_overheat_0.45_0.2_0.03
tp15%_all_next_close,all,next_close,1298,2025,S,159992,创新药ETF,2025-06-12,2025-06-13,2025-06-27,2025-06-27,0.782,-0.0440097799511001,-0.0440097799511001,original,10,priority_CSD_g40_t060_r040_noskip,conservative_tp_center15_profit_first,0.8904761904761904,0.506666253464985,0.279654516766619,0.1980347694633409,-0.0107908110052273,-0.025700834875165,0.1333333333333333,0.0,-0.0545640940437662,1,0.0392156862745098,1.0,,165,-0.0057812835609158,0.406060606060606,0.8008013252879778,1,0.0392156862745098,1.0,,329,-0.0028114599059247,0.4376899696048632,0.8821213868597764,S10206,False,-0.0440097799511001,True,no_line_overheat_0.45_0.2_0.03
tp15%_all_next_close,all,next_close,1299,2025,S,501018,南方原油LOF,2025-06-13,2025-06-16,2025-06-30,2025-06-30,1.217,-0.0602316602316601,-0.0602316602316601,original,10,priority_CSD_g40_t060_r040_noskip,conservative_tp_center15_profit_first,0.855,0.4673494246929697,0.3064741700948594,0.3387755102040816,-0.0025404828374375,-0.0610674210278171,0.2333333333333333,0.0,-0.0636815099321851,11,-0.006032143238958,0.3636363636363636,0.5859955908356486,166,-0.0051361204703459,0.4096385542168674,0.8219583874544613,17,-0.0092577545410552,0.2352941176470588,0.3737314966703121,329,-0.0026703844387838,0.4376899696048632,0.8880363851066438,S10206,False,-0.0602316602316601,True,no_line_overheat_0.45_0.2_0.03
tp15%_all_next_close,all,next_close,1300,2025,S,501018,南方原油LOF,2025-06-16,2025-06-17,2025-07-01,2025-07-01,1.21,-0.0561622464898596,-0.0561622464898596,original,10,priority_CSD_g40_t060_r040_noskip,conservative_tp_center15_profit_first,0.8688888888888889,0.5034959354605023,0.2863566611103333,0.2845804988662131,0.0029286736823699,-0.0464257842440458,0.2,0.0,-0.0589365377310623,11,-0.006032143238958,0.3636363636363636,0.5859955908356486,167,-0.0049401783903046,0.4131736526946107,0.8277190205924917,17,-0.0092577545410552,0.2352941176470588,0.3737314966703121,329,-0.0027858481579183,0.4376899696048632,0.8831952336995387,S10206,False,-0.0561622464898596,True,no_line_overheat_0.45_0.2_0.03
tp15%_all_next_close,all,next_close,1301,2025,S,501018,南方原油LOF,2025-06-17,2025-06-18,2025-07-02,2025-07-02,1.202,-0.0907715582450833,-0.0907715582450833,original,10,priority_CSD_g40_t060_r040_noskip,conservative_tp_center15_profit_first,0.8478571428571429,0.4994518573494059,0.3062517965991573,0.2659863945578231,0.0029291581963867,-0.0506779412262777,0.2333333333333333,0.0,-0.0583908414914673,11,-0.006032143238958,0.3636363636363636,0.5859955908356486,168,-0.0047226442178682,0.4166666666666667,0.8343189874462716,17,-0.0092577545410552,0.2352941176470588,0.3737314966703121,329,-0.0028377651233438,0.4376899696048632,0.8810184643030001,S10206,False,-0.0907715582450833,True,no_line_overheat_0.45_0.2_0.03
tp15%_all_next_close,all,next_close,1302,2025,S,501018,南方原油LOF,2025-06-18,2025-06-19,2025-07-03,2025-07-03,1.21,-0.1603053435114504,-0.1603053435114504,original,10,priority_CSD_g40_t060_r040_noskip,conservative_tp_center15_profit_first,0.874782608695652,0.4491059537019544,0.2580524144055553,0.2630763416477702,-0.0061973773780945,-0.0485960935648307,0.2,0.0,-0.048983263370223,11,-0.006032143238958,0.3636363636363636,0.5859955908356486,168,-0.0048840593984249,0.4107142857142857,0.8289690777559372,17,-0.0092577545410552,0.2352941176470588,0.3737314966703121,329,-0.0030005268132424,0.4346504559270516,0.8743345136885973,S10206,False,-0.1603053435114504,True,no_line_overheat_0.45_0.2_0.03
tp15%_all_next_close,all,next_close,1303,2025,S,501018,南方原油LOF,2025-06-19,2025-06-20,2025-07-04,2025-07-04,1.205,-0.1007462686567164,-0.1007462686567164,original,10,priority_CSD_g40_t060_r040_noskip,conservative_tp_center15_profit_first,0.8786666666666667,0.3685199964021672,0.2538757486594107,0.3905517762660619,-0.0200878425786374,-0.0571853852160333,0.2333333333333333,0.0,-0.0553679529603862,11,-0.006032143238958,0.3636363636363636,0.5859955908356486,168,-0.0050857670246104,0.4047619047619047,0.8229522443257308,17,-0.0092577545410552,0.2352941176470588,0.3737314966703121,329,-0.0032812944107008,0.4316109422492401,0.8630699891923291,S10206,False,-0.1007462686567164,True,no_line_overheat_0.45_0.2_0.03
tp15%_all_next_close,all,next_close,1304,2025,S,501018,南方原油LOF,2025-06-20,2025-06-23,2025-07-07,2025-07-07,1.197,-0.1681723419041,-0.1681723419041,original,10,priority_CSD_g40_t060_r040_noskip,conservative_tp_center15_profit_first,0.86,0.4097140161412003,0.2704631720568759,0.281859410430839,-0.011584069085519,-0.0433652000297523,0.2333333333333333,0.0,-0.057577600825776,11,-0.006032143238958,0.3636363636363636,0.5859955908356486,168,-0.0053525612422974,0.3988095238095238,0.8148633535265726,17,-0.0092577545410552,0.2352941176470588,0.3737314966703121,329,-0.0035195398735163,0.4285714285714285,0.853707757844177,S10206,False,-0.1681723419041,True,no_line_overheat_0.45_0.2_0.03
tp15%_all_next_close,all,next_close,1305,2025,S,501018,南方原油LOF,2025-06-23,2025-06-24,2025-07-08,2025-07-08,1.214,-0.0625482625482625,-0.0625482625482625,original,10,priority_CSD_g40_t060_r040_noskip,conservative_tp_center15_profit_first,0.8847619047619046,0.4261757849333534,0.2553929679219385,0.2427437641723356,-0.0040741256297331,-0.0423593814128959,0.2333333333333333,0.0,-0.0481614674806947,11,-0.006032143238958,0.3636363636363636,0.5859955908356486,168,-0.0064427285058945,0.3928571428571428,0.7783044511057694,17,-0.0092577545410552,0.2352941176470588,0.3737314966703121,329,-0.0037988008201712,0.425531914893617,0.8426003448397963,S10206,False,-0.0625482625482625,True,no_line_overheat_0.45_0.2_0.03
tp15%_all_next_close,all,next_close,1306,2025,S,159887,银行ETF,2025-06-24,2025-06-25,2025-07-09,2025-07-09,1.456,0.026074700493305,0.026074700493305,original,10,priority_CSD_g40_t060_r040_noskip,conservative_tp_center15_profit_first,0.9214814814814816,0.5509218516507484,0.2335434799320062,0.1978080120937264,0.0103397925884225,-0.0252203782413055,0.1333333333333333,0.0,-0.0351530819140308,8,0.017394796962654,0.75,9.040916636094757,168,-0.0067754645632788,0.3869047619047619,0.7687726064878319,21,0.0013624726837311,0.5238095238095238,1.0915997451598989,329,-0.0042169715684593,0.4224924012158054,0.8261603176592041,S10206,False,0.026074700493305,True,no_line_overheat_0.45_0.2_0.03
tp15%_all_next_close,all,next_close,1307,2025,S,159887,银行ETF,2025-06-25,2025-06-26,2025-07-10,2025-07-10,1.474,0.0271777003484319,0.0271777003484319,original,10,priority_CSD_g40_t060_r040_noskip,conservative_tp_center15_profit_first,0.8911764705882352,0.6450853340673827,0.235482589805991,0.2068027210884354,0.0236767615779626,-0.013433934486566,0.1333333333333333,0.0,-0.0229126291989664,8,0.017394796962654,0.75,9.040916636094757,168,-0.0101183245023789,0.3809523809523809,0.6572345622321403,21,0.0013624726837311,0.5238095238095238,1.0915997451598989,329,-0.0043428919558304,0.4194528875379939,0.8217853673883032,S10206,False,0.0271777003484319,True,no_line_overheat_0.45_0.2_0.03
tp15%_all_next_close,all,next_close,1308,2025,S,159887,银行ETF,2025-06-26,2025-06-27,2025-07-11,2025-07-11,1.451,0.0401433691756272,0.0401433691756272,original,10,priority_CSD_g40_t060_r040_noskip,conservative_tp_center15_profit_first,0.8979310344827587,0.6193154402367297,0.2602186235732412,0.1849206349206349,0.0238080706447343,-0.0171139697003847,0.1333333333333333,0.0,-0.0267688957964775,8,0.017394796962654,0.75,9.040916636094757,168,-0.0116953056711968,0.375,0.6057663663432872,21,0.0013624726837311,0.5238095238095238,1.0915997451598989,329,-0.0044338578754007,0.4164133738601823,0.8186083888393404,S10206,False,0.0401433691756272,True,no_line_overheat_0.45_0.2_0.03
tp15%_all_next_close,all,next_close,1309,2025,S,159851,金融科技ETF,2025-06-27,2025-06-30,2025-07-14,2025-07-14,0.847,0.01194743130227,0.01194743130227,original,10,priority_CSD_g40_t060_r040_noskip,conservative_tp_center15_profit_first,0.8881481481481481,0.6325870479487843,0.2620147477655909,0.1388888888888888,0.0135730969064302,-0.006274999587352,0.1,0.0,-0.0278988878146073,3,0.0183627176818087,0.3333333333333333,1.645002072985831,168,-0.0130454266679005,0.369047619047619,0.5660806467350916,4,0.145036954729137,0.5,7.792686360909857,329,-0.0047298727284955,0.4133738601823708,0.8080948282619785,S10206,False,0.01194743130227,True,no_line_overheat_0.45_0.2_0.03
tp15%_all_next_close,all,next_close,1310,2025,S,159851,金融科技ETF,2025-06-30,2025-07-01,2025-07-15,2025-07-15,0.846,0.0380368098159509,0.0380368098159509,original,10,priority_CSD_g40_t060_r040_noskip,conservative_tp_center15_profit_first,0.8896774193548387,0.673863595929419,0.2300355925969841,0.110204081632653,0.0196079880290407,0.0111445948467981,0.0333333333333333,0.0,-0.0190750598347544,3,0.0183627176818087,0.3333333333333333,1.645002072985831,168,-0.0142718410307165,0.3630952380952381,0.5293880873925418,4,0.145036954729137,0.5,7.792686360909857,330,-0.0048489027503821,0.4121212121212121,0.8037326627377881,S10206,False,0.0380368098159509,True,no_line_overheat_0.45_0.2_0.03
tp15%_all_next_close,all,next_close,1311,2025,S,159851,金融科技ETF,2025-07-01,2025-07-02,2025-07-16,2025-07-16,0.845,0.0575719649561952,0.0575719649561952,original,10,priority_CSD_g40_t060_r040_noskip,conservative_tp_center15_profit_first,0.883030303030303,0.6690230704803256,0.2129520035070988,0.1177248677248677,0.0207927745330738,0.0042560494072948,0.1,0.0,-0.015950569133264,3,0.0183627176818087,0.3333333333333333,1.645002072985831,168,-0.0140868464421873,0.3630952380952381,0.5326372652825907,4,0.145036954729137,0.5,7.792686360909857,331,-0.005016222259389,0.4108761329305136,0.7978383879382643,S10206,False,0.0575719649561952,True,no_line_overheat_0.45_0.2_0.03
tp15%_all_next_close,all,next_close,1312,2025,S,512400,有色金属ETF,2025-07-02,2025-07-03,2025-07-17,2025-07-17,1.16,-0.0051457975986277,-0.0051457975986277,original,10,priority_CSD_g40_t060_r040_noskip,conservative_tp_center15_profit_first,0.8793548387096775,0.6676724239669577,0.1868992995905843,0.1469765684051398,0.0187157173617495,0.006873243715349,0.0333333333333333,0.0,-0.0200410210789038,5,-0.07066637231637,0.0,,168,-0.0152574304556305,0.3571428571428571,0.4993532487108676,13,-0.0010506372359792,0.4615384615384615,0.9639172896564422,332,-0.0051702765492398,0.4096385542168674,0.7924197059291068,S10206,False,-0.0051457975986277,True,no_line_overheat_0.45_0.2_0.03
tp15%_all_next_close,all,next_close,1313,2025,S,512400,有色金属ETF,2025-07-03,2025-07-04,2025-07-18,2025-07-18,1.189,0.0348128807658834,0.0348128807658834,original,10,priority_CSD_g40_t060_r040_noskip,conservative_tp_center15_profit_first,0.9258064516129032,0.6733333488347922,0.1835690942553608,0.1088813303099017,0.0192536053786281,0.0113048871963533,0.0333333333333333,0.0,-0.0145809663564615,5,-0.07066637231637,0.0,,168,-0.015600839252285,0.3571428571428571,0.4937890469248926,13,-0.0010506372359792,0.4615384615384615,0.9639172896564422,333,-0.0054273374552334,0.4084084084084084,0.7838157526370952,S10206,False,0.0348128807658834,True,no_line_overheat_0.45_0.2_0.03
tp15%_all_next_close,all,next_close,1314,2025,S,159851,金融科技ETF,2025-07-04,2025-07-07,2025-07-21,2025-07-21,0.84,0.0144927536231884,0.0144927536231884,original,10,priority_CSD_g40_t060_r040_noskip,conservative_tp_center15_profit_first,0.8956249999999999,0.7516263480827323,0.1943347446324787,0.1210128495842781,0.0171945338638023,0.1023631422648063,0.0666666666666666,0.0,-0.0138029059834934,2,-0.0427038573615843,0.0,,168,-0.0168829231170122,0.3511904761904761,0.4686401174570914,4,0.145036954729137,0.5,7.792686360909857,334,-0.0058910440601921,0.4071856287425149,0.7690686703020146,S10206,False,0.0144927536231884,True,no_line_overheat_0.45_0.2_0.03
tp15%_all_next_close,all,next_close,1315,2025,S,159851,金融科技ETF,2025-07-07,2025-07-08,2025-07-22,2025-07-22,0.841,-0.0047337278106508,-0.0047337278106508,original,10,priority_CSD_g40_t060_r040_noskip,conservative_tp_center15_profit_first,0.905,0.7108529977571908,0.1815596906625388,0.1673847316704459,0.0122565485291837,0.0768376456149381,0.0666666666666666,0.0,-0.0172544495715227,2,-0.0427038573615843,0.0,,168,-0.0178178760448711,0.3452380952380952,0.449602273710074,4,0.145036954729137,0.5,7.792686360909857,335,-0.0061741939843608,0.4059701492537313,0.7600812897649595,S10206,False,-0.0047337278106508,True,no_line_overheat_0.45_0.2_0.03
tp15%_all_next_close,all,next_close,1316,2025,S,159851,金融科技ETF,2025-07-08,2025-07-09,2025-07-23,2025-07-23,0.842,-0.0011862396204033,-0.0011862396204033,original,10,priority_CSD_g40_t060_r040_noskip,conservative_tp_center15_profit_first,0.903125,0.7674469878110693,0.170928897542261,0.1414965986394558,0.0295127865961198,0.0778822102864885,0.0333333333333333,0.0,-0.0098238726841495,2,-0.0427038573615843,0.0,,168,-0.0191490801858183,0.3392857142857143,0.4262233697687973,4,0.145036954729137,0.5,7.792686360909857,335,-0.0068795796859607,0.4029850746268656,0.7377862380473893,S10206,False,-0.0011862396204033,True,no_line_overheat_0.45_0.2_0.03
tp15%_all_next_close,all,next_close,1317,2025,S,159851,金融科技ETF,2025-07-09,2025-07-10,2025-07-24,2025-07-24,0.859,0.0250596658711217,0.0250596658711217,original,10,priority_CSD_g40_t060_r040_noskip,conservative_tp_center15_profit_first,0.9033333333333332,0.7242332392144636,0.1752519969943488,0.1664021164021164,0.0216729232575018,0.0580325883146102,0.0333333333333333,0.0,-0.0106745332316957,2,-0.0427038573615843,0.0,,168,-0.0199525873729025,0.3333333333333333,0.4087432937201308,4,0.145036954729137,0.5,7.792686360909857,335,-0.0072730683787048,0.4,0.7247473223163854,S10206,False,0.0250596658711217,True,no_line_overheat_0.45_0.2_0.03
tp15%_all_next_close,all,next_close,1318,2025,S,159851,金融科技ETF,2025-07-10,2025-07-11,2025-07-25,2025-07-25,0.854,-0.0183908045977011,-0.0183908045977011,original,10,priority_CSD_g40_t060_r040_noskip,conservative_tp_center15_profit_first,0.904516129032258,0.7400147367545437,0.1648627783280822,0.16432350718065,0.0264538054752522,0.0654412889673622,0.0333333333333333,0.0,-0.0076707703316555,2,-0.0427038573615843,0.0,,168,-0.0203056847025585,0.3333333333333333,0.3982799307373377,4,0.145036954729137,0.5,7.792686360909857,335,-0.0074136535465078,0.4,0.7194268108258454,S10206,False,-0.0183908045977011,True,no_line_overheat_0.45_0.2_0.03
tp15%_all_next_close,all,next_close,1319,2025,S,159851,金融科技ETF,2025-07-11,2025-07-14,2025-07-28,2025-07-28,0.866,0.0224321133412042,0.0224321133412042,original,10,priority_CSD_g40_t060_r040_noskip,conservative_tp_center15_profit_first,0.9027777777777778,0.7762686026994222,0.161619310478349,0.1747165532879818,0.0376651305683564,0.0588520487163476,0.0,0.0,-0.0060547925118529,2,-0.0427038573615843,0.0,,168,-0.0206367545079412,0.3333333333333333,0.3884693112411834,4,0.145036954729137,0.5,7.792686360909857,335,-0.0076632276738719,0.4,0.7099815611374666,S10206,False,0.0,False,no_line_overheat_0.45_0.2_0.03
tp15%_all_next_close,all,next_close,1320,2025,S,159851,金融科技ETF,2025-07-14,2025-07-15,2025-07-29,2025-07-29,0.878,0.0378250591016549,0.0378250591016549,original,10,priority_CSD_g40_t060_r040_noskip,conservative_tp_center15_profit_first,0.8852941176470588,0.7766780182402303,0.1738251899135409,0.1643990929705215,0.0390227336289904,0.0692390717754991,0.0,0.0,-0.0065221864262984,2,-0.0427038573615843,0.0,,168,-0.0204898055874967,0.3333333333333333,0.3928238610080658,4,0.145036954729137,0.5,7.792686360909857,335,-0.0075214296960542,0.4029850746268656,0.7151111289591956,S10206,False,0.0,False,no_line_overheat_0.45_0.2_0.03
tp15%_all_next_close,all,next_close,1321,2025,S,159811,5G50ETF,2025-07-15,2025-07-16,2025-07-30,2025-07-30,1.5,0.0768126346015793,0.0768126346015793,original,10,priority_CSD_g40_t060_r040_noskip,conservative_tp_center15_profit_first,0.891875,0.7793439791653839,0.1685726771708828,0.215381708238851,0.0394754217800141,0.0714596949891066,0.0333333333333333,0.0,-0.0133003563688463,2,-0.0704657620319816,0.0,,168,-0.0205692099030894,0.3333333333333333,0.3904708662197562,20,-0.0014408396390245,0.5,0.9338226505019084,335,-0.0076136974917404,0.4029850746268656,0.7116163056066285,S10206,False,0.0,False,no_line_overheat_0.45_0.2_0.03
tp15%_all_next_close,all,next_close,1322,2025,S,159851,金融科技ETF,2025-07-16,2025-07-17,2025-07-31,2025-07-31,0.838,-0.0175849941383352,-0.0175849941383352,original,10,priority_CSD_g40_t060_r040_noskip,conservative_tp_center15_profit_first,0.9,0.7774808533808093,0.1580076794288621,0.1784580498866213,0.0422881528144687,0.0641168105839264,0.0,0.0,-0.0112623512805001,4,-0.0088558684012369,0.5,0.5852426947639847,168,-0.0203605157403527,0.3333333333333333,0.3966551179648255,6,0.1050220100057948,0.6666666666666666,8.377929055673842,335,-0.0077290985525637,0.4029850746268656,0.7072452645594596,S10206,False,0.0,False,no_line_overheat_0.45_0.2_0.03
tp15%_all_next_close,all,next_close,1323,2025,S,159851,金融科技ETF,2025-07-17,2025-07-18,2025-08-01,2025-08-01,0.836,-0.0141509433962264,-0.0141509433962264,original,10,priority_CSD_g40_t060_r040_noskip,conservative_tp_center15_profit_first,0.8965714285714286,0.8307515608354908,0.1544810427177763,0.1504157218442933,0.0632525351192347,0.0793795114121921,0.0,0.0,-0.0062378062277681,5,0.0044296982702494,0.6,1.2593265892084469,168,-0.0199821824730415,0.3392857142857143,0.4072402196138917,7,0.0982434321415663,0.7142857142857143,9.052012950118304,335,-0.0076280087961324,0.4029850746268656,0.7110742369420107,S10206,False,0.0,False,no_line_overheat_0.45_0.2_0.03
tp15%_all_next_close,all,next_close,1324,2025,S,159851,金融科技ETF,2025-07-18,2025-07-21,2025-08-04,2025-08-04,0.834,-0.0071428571428571,-0.0071428571428571,original,10,priority_CSD_g40_t060_r040_noskip,conservative_tp_center15_profit_first,0.8966666666666666,0.8524754165232774,0.1447488951626884,0.1319727891156462,0.0726273613440229,0.0798590955266117,0.0,0.0,-0.0015593049364823,5,0.0044296982702494,0.6,1.2593265892084469,168,-0.0200886103301583,0.3333333333333333,0.4046240660117685,7,0.0982434321415663,0.7142857142857143,9.052012950118304,335,-0.0077340224115238,0.4,0.7072291015046779,S10206,False,0.0,False,no_line_overheat_0.45_0.2_0.03
tp15%_all_next_close,all,next_close,1325,2025,S,515210,钢铁ETF,2025-07-21,2025-07-22,2025-08-05,2025-08-05,1.41,-0.0042372881355932,-0.0042372881355932,original,10,priority_CSD_g40_t060_r040_noskip,conservative_tp_center15_profit_first,0.8727777777777777,0.8811817807602088,0.1676331997943322,0.1530612244897959,0.0827360250012602,0.1055534775675728,0.0,0.0,0.0,2,-0.113071511052163,0.0,,168,-0.0199790435840065,0.3333333333333333,0.4078713490618187,2,-0.113071511052163,0.0,,335,-0.0077475489235513,0.4,0.7067170563011514,S10206,False,0.0,False,no_line_overheat_0.45_0.2_0.03
tp15%_all_next_close,all,next_close,1326,2025,S,515210,钢铁ETF,2025-07-22,2025-07-23,2025-08-06,2025-08-06,1.412,0.0021291696238465,0.0021291696238465,original,10,priority_CSD_g40_t060_r040_noskip,conservative_tp_center15_profit_first,0.8753846153846153,0.8898042855104542,0.1923677585954383,0.1429327286470143,0.0736449204111362,0.1141077030989969,0.0,0.0,0.0,2,-0.113071511052163,0.0,,168,-0.0198797427825477,0.3392857142857143,0.4105866807053119,2,-0.113071511052163,0.0,,335,-0.0077923241527906,0.4,0.7050220930081547,S10206,False,0.0,False,no_line_overheat_0.45_0.2_0.03
tp15%_all_next_close,all,next_close,1327,2025,S,515210,钢铁ETF,2025-07-23,2025-07-24,2025-08-07,2025-08-07,1.408,-0.0269523151347617,-0.0269523151347617,original,10,priority_CSD_g40_t060_r040_noskip,conservative_tp_center15_profit_first,0.8878947368421053,0.8654858953564304,0.1959625262367144,0.2473544973544973,0.052033213414946,0.1162521267695821,0.0,0.0,-0.0084484264627693,2,-0.113071511052163,0.0,,168,-0.0199428823238302,0.3333333333333333,0.4092082175345726,2,-0.113071511052163,0.0,,335,-0.0079093173516206,0.3970149253731343,0.7007533934208331,S10206,False,0.0,False,no_line_overheat_0.45_0.2_0.03
tp15%_all_next_close,all,next_close,1328,2025,S,515210,钢铁ETF,2025-07-24,2025-07-25,2025-08-08,2025-08-08,1.424,-0.0007017543859649,-0.0007017543859649,original,10,priority_CSD_g40_t060_r040_noskip,conservative_tp_center15_profit_first,0.8897435897435897,0.8974916250186498,0.1903186978467412,0.2199924414210129,0.0763752706049684,0.122137215063489,0.0,0.0,0.0,2,-0.113071511052163,0.0,,168,-0.0199718270274531,0.3273809523809524,0.4084744863828494,2,-0.113071511052163,0.0,,335,-0.008013594354887,0.3940298507462687,0.6968487189870686,S10206,False,0.0,False,no_line_overheat_0.45_0.2_0.03
tp15%_all_next_close,all,next_close,1329,2025,S,515210,钢铁ETF,2025-07-25,2025-07-28,2025-08-11,2025-08-11,1.428,0.0178189593727726,0.0178189593727726,original,10,priority_CSD_g40_t060_r040_noskip,conservative_tp_center15_profit_first,0.878421052631579,0.8971513180766316,0.1939038165267294,0.2747921390778534,0.0719250674001393,0.1288702169759438,0.0,0.0,-0.0045557464948703,2,-0.113071511052163,0.0,,168,-0.0198712712512644,0.3273809523809524,0.4114527470635291,2,-0.113071511052163,0.0,,335,-0.0079545625637852,0.3940298507462687,0.6990818695934577,S10206,False,0.0,False,no_line_overheat_0.45_0.2_0.03
tp15%_all_next_close,all,next_close,1330,2025,S,159992,创新药ETF,2025-07-28,2025-07-29,2025-08-12,2025-08-12,0.907,-0.0340788072417465,-0.0340788072417465,original,10,priority_CSD_g40_t060_r040_noskip,conservative_tp_center15_profit_first,0.8921052631578947,0.8653248840401734,0.1673941136134483,0.278344671201814,0.0591070472129861,0.1186725727925047,0.0,0.0,-0.0054491372199401,12,-0.0111590180121283,0.25,0.5624561590532223,168,-0.0200350999696514,0.3214285714285714,0.4085182032266656,12,-0.0111590180121283,0.25,0.5624561590532223,335,-0.0080816800353817,0.3910447761194029,0.6949066711784904,S10206,False,0.0,False,no_line_overheat_0.45_0.2_0.03
tp15%_all_next_close,all,next_close,1331,2025,S,159992,创新药ETF,2025-07-29,2025-07-30,2025-08-13,2025-08-13,0.934,0.0010718113612004,0.0010718113612004,original,10,priority_CSD_g40_t060_r040_noskip,conservative_tp_center15_profit_first,0.8891891891891892,0.8625391831918376,0.1626295566570787,0.2825774754346183,0.0584174101160163,0.115664227180143,0.0,0.0,-0.0050352038482407,12,-0.0111590180121283,0.25,0.5624561590532223,168,-0.0197956353603436,0.3273809523809524,0.4137542053166602,12,-0.0111590180121283,0.25,0.5624561590532223,335,-0.0080659380402001,0.3910447761194029,0.6955009507950058,S10206,False,0.0,False,no_line_overheat_0.45_0.2_0.03
tp15%_all_next_close,all,next_close,1332,2025,S,159992,创新药ETF,2025-07-30,2025-07-31,2025-08-14,2025-08-14,0.927,0.0043336944745395,0.0043336944745395,original,10,priority_CSD_g40_t060_r040_noskip,conservative_tp_center15_profit_first,0.912972972972973,0.8797917246710029,0.1838526233616783,0.2842403628117914,0.0663537313122492,0.1105502707518873,0.0,0.0,-0.0138576915307276,12,-0.0111590180121283,0.25,0.5624561590532223,168,-0.0193822686195023,0.3333333333333333,0.4227785623683143,12,-0.0111590180121283,0.25,0.5624561590532223,335,-0.0078978239811357,0.3940298507462687,0.7012248159295603,S10206,False,0.0,False,no_line_overheat_0.45_0.2_0.03
tp15%_all_next_close,all,next_close,1333,2025,S,159811,5G50ETF,2025-07-31,2025-08-01,2025-08-15,2025-08-15,1.635,0.1054766734279917,0.1054766734279917,original,10,priority_CSD_g40_t060_r040_noskip,conservative_tp_center15_profit_first,0.9061111111111112,0.8142915282077144,0.1486631662707729,0.4578231292517007,0.04256398054495,0.0806833643557675,0.0333333333333333,0.0,-0.0295064412349815,3,-0.021372963154128,0.3333333333333333,0.5450351517288429,168,-0.0187707105144172,0.3392857142857143,0.4384100301499042,21,0.0022855162771947,0.5238095238095238,1.1102217593347083,335,-0.0076071953846967,0.3970149253731343,0.7115499982326482,S10206,False,0.0,False,no_line_overheat_0.45_0.2_0.03
tp15%_all_next_close,all,next_close,1334,2025,S,159992,创新药ETF,2025-08-01,2025-08-04,2025-08-18,2025-08-18,0.943,0.0306010928961748,0.0306010928961748,original,10,priority_CSD_g40_t060_r040_noskip,conservative_tp_center15_profit_first,0.90125,0.8080051740854465,0.1575015558025533,0.3571428571428572,0.0436286831448121,0.0845803322383368,0.0333333333333333,0.0,-0.032818406817185,12,-0.0111590180121283,0.25,0.5624561590532223,168,-0.0181597503108054,0.3392857142857143,0.4465729200161998,12,-0.0111590180121283,0.25,0.5624561590532223,335,-0.0076208144172539,0.3970149253731343,0.7111827383930756,S10206,False,0.0,False,no_line_overheat_0.45_0.2_0.03
tp15%_all_next_close,all,next_close,1335,2025,S,159992,创新药ETF,2025-08-04,2025-08-05,2025-08-19,2025-08-19,0.928,0.0043290043290042,0.0043290043290042,original,10,priority_CSD_g40_t060_r040_noskip,conservative_tp_center15_profit_first,0.9251428571428572,0.8432534225848433,0.172268746536765,0.3041572184429327,0.0572293985616783,0.0905035946511829,0.0333333333333333,0.0,-0.0306367954005749,12,-0.0111590180121283,0.25,0.5624561590532223,168,-0.0176036502264034,0.3392857142857143,0.4542716507310903,12,-0.0111590180121283,0.25,0.5624561590532223,335,-0.0075997177002269,0.3970149253731343,0.7117518077712811,S10206,False,0.0,False,no_line_overheat_0.45_0.2_0.03
tp15%_all_next_close,all,next_close,1336,2025,S,159992,创新药ETF,2025-08-05,2025-08-06,2025-08-20,2025-08-20,0.93,0.0086767895878525,0.0086767895878525,original,10,priority_CSD_g40_t060_r040_noskip,conservative_tp_center15_profit_first,0.9227777777777778,0.8219939918178415,0.1547354193900897,0.2518518518518518,0.0470946579194002,0.0815461060279449,0.0,0.0,-0.0248935346496321,12,-0.0111590180121283,0.25,0.5624561590532223,168,-0.0170726820251694,0.3392857142857143,0.4618743202657491,12,-0.0111590180121283,0.25,0.5624561590532223,335,-0.0074559755752186,0.3970149253731343,0.7156535269548259,S10206,False,0.0,False,no_line_overheat_0.45_0.2_0.03
tp15%_all_next_close,all,next_close,1337,2025,S,159992,创新药ETF,2025-08-06,2025-08-07,2025-08-21,2025-08-21,0.933,0.0332225913621262,0.0332225913621262,original,10,priority_CSD_g40_t060_r040_noskip,conservative_tp_center15_profit_first,0.9237837837837838,0.8328707325538338,0.1503089890610093,0.2167422524565381,0.0555343606824624,0.0802267113620324,0.0,0.0,-0.0188405797101449,12,-0.0111590180121283,0.25,0.5624561590532223,168,-0.0163398177249882,0.3392857142857143,0.4727957397072123,12,-0.0111590180121283,0.25,0.5624561590532223,335,-0.0075368036567154,0.3940298507462687,0.7127095910985953,S10206,False,0.0,False,no_line_overheat_0.45_0.2_0.03
tp15%_all_next_close,all,next_close,1338,2025,S,512400,有色金属ETF,2025-08-07,2025-08-08,2025-08-22,2025-08-22,1.368,0.0547417116422515,0.0547417116422515,original,10,priority_CSD_g40_t060_r040_noskip,conservative_tp_center15_profit_first,0.897142857142857,0.8136966472269869,0.1855972252076652,0.1989795918367347,0.045268248467219,0.0748715671076007,0.0,0.0,-0.01732868757259,7,-0.0462378254877992,0.1428571428571428,0.0971131111642208,168,-0.0158075439910394,0.3452380952380952,0.4812731499819134,15,0.0010672532733016,0.4666666666666667,1.0417251225770443,335,-0.0076107238377752,0.3940298507462687,0.7098918768512807,S10206,False,0.0,False,no_line_overheat_0.45_0.2_0.03
tp15%_all_next_close,all,next_close,1339,2025,S,159811,5G50ETF,2025-08-08,2025-08-11,2025-08-25,2025-08-25,1.877,0.2340565417488496,0.2340565417488496,take_profit_15%,10,priority_CSD_g40_t060_r040_noskip,conservative_tp_center15_profit_first,0.8799999999999999,0.8165031081634894,0.2032609010668914,0.1804232804232804,0.039788010029633,0.0890999063091677,0.0333333333333333,0.0,-0.0172869016372953,3,-0.021372963154128,0.3333333333333333,0.5450351517288429,168,-0.0155716046389152,0.3452380952380952,0.4850284263478812,18,-0.0022397437681488,0.4444444444444444,0.907416292622141,335,-0.0078063387492313,0.3910447761194029,0.7033451426384798,S10206,False,0.2340565417488496,True,no_line_overheat_0.45_0.2_0.03
tp15%_all_next_close,all,next_close,1340,2025,S,159811,5G50ETF,2025-08-11,2025-08-12,2025-08-26,2025-08-26,1.853,0.1870595771941063,0.1870595771941063,take_profit_15%,10,priority_CSD_g40_t060_r040_noskip,conservative_tp_center15_profit_first,0.881875,0.8481062809934756,0.2019313755104692,0.1732426303854875,0.0487991151374695,0.0976889622722956,0.0,0.0,-0.0153988214209326,3,-0.021372963154128,0.3333333333333333,0.5450351517288429,168,-0.0155302278124954,0.3452380952380952,0.4856930395213669,17,-0.0026010486382982,0.4117647058823529,0.8984543976194843,335,-0.0078200826101578,0.3880597014925373,0.7028465064260269,S10206,False,0.1870595771941063,True,no_line_overheat_0.45_0.2_0.03
tp15%_all_next_close,all,next_close,1341,2025,S,512400,有色金属ETF,2025-08-12,2025-08-13,2025-08-27,2025-08-27,1.417,0.0678221552373776,0.0678221552373776,original,10,priority_CSD_g40_t060_r040_noskip,conservative_tp_center15_profit_first,0.8958823529411764,0.863416598436208,0.1735874111066652,0.182615268329554,0.0573364537988411,0.1025729303468068,0.0,0.0,-0.0090265484596214,7,-0.0462378254877992,0.1428571428571428,0.0971131111642208,168,-0.0158214877550558,0.3452380952380952,0.476047526424199,15,0.0010672532733016,0.4666666666666667,1.0417251225770443,335,-0.007708589447851,0.3910447761194029,0.7064327362934061,S10206,False,0.0,False,no_line_overheat_0.45_0.2_0.03
tp15%_all_next_close,all,next_close,1342,2025,S,159811,5G50ETF,2025-08-13,2025-08-14,2025-08-28,2025-08-26,1.853,0.2351116625310174,0.1495037220843671,take_profit_15%,8,priority_CSD_g40_t060_r040_noskip,conservative_tp_center15_profit_first,0.8959999999999999,0.8673682912295183,0.1682289986276591,0.1977702191987906,0.0636362497266166,0.0972811108755564,0.0,0.0,-0.0057488265688477,3,-0.021372963154128,0.3333333333333333,0.5450351517288429,168,-0.0158256491432836,0.3452380952380952,0.4759819310405622,15,-0.0003978243352273,0.4666666666666667,0.9849763282960368,335,-0.0077544389864154,0.3910447761194029,0.7052013882164188,S10206,False,0.0,False,no_line_overheat_0.45_0.2_0.03
tp15%_all_next_close,all,next_close,1343,2025,S,512400,有色金属ETF,2025-08-14,2025-08-15,2025-08-29,2025-08-29,1.486,0.1040118870728081,0.1040118870728081,original,10,priority_CSD_g40_t060_r040_noskip,conservative_tp_center15_profit_first,0.8994444444444444,0.8316282465497579,0.1778551700880087,0.3406273620559335,0.0408912306341301,0.0919812535048794,0.0,0.0,-0.0175825193890786,7,-0.0462378254877992,0.1428571428571428,0.0971131111642208,168,-0.0155629862449696,0.3511904761904761,0.4802687554612936,15,0.0010672532733016,0.4666666666666667,1.0417251225770443,335,-0.007583611168742,0.3940298507462687,0.7098466510830369,S10206,False,0.0,False,no_line_overheat_0.45_0.2_0.03
tp15%_all_next_close,all,next_close,1344,2025,S,512400,有色金属ETF,2025-08-15,2025-08-18,2025-09-01,2025-09-01,1.533,0.1338757396449703,0.1338757396449703,original,10,priority_CSD_g40_t060_r040_noskip,conservative_tp_center15_profit_first,0.8903030303030304,0.8532725740529102,0.176793859746917,0.3041572184429327,0.0501571353415443,0.118717831575126,0.0,0.0,-0.0053927553927554,7,-0.0462378254877992,0.1428571428571428,0.0971131111642208,168,-0.0155371904445259,0.3571428571428571,0.4811302150332188,15,0.0010672532733016,0.4666666666666667,1.0417251225770443,335,-0.0074994473901117,0.3970149253731343,0.7122827186050747,S10206,False,0.0,False,no_line_overheat_0.45_0.2_0.03
tp15%_all_next_close,all,next_close,1345,2025,S,159811,5G50ETF,2025-08-18,2025-08-19,2025-09-02,2025-08-29,2.013,0.1599532983070637,0.1751313485113834,take_profit_15%,8,priority_CSD_g40_t060_r040_noskip,conservative_tp_center15_profit_first,0.8913333333333333,0.8714300446240122,0.1719956947199143,0.3257747543461829,0.0545706371191135,0.13950540574127,0.0,0.0,0.0,4,0.0103394459914019,0.5,1.2934601342055807,168,-0.0151055854417821,0.3571428571428571,0.4955438116074414,16,0.0062193317749738,0.5,1.2505285287168169,335,-0.0072250476454148,0.3970149253731343,0.7228101007510946,S10206,False,0.0,False,no_line_overheat_0.45_0.2_0.03
tp15%_all_next_close,all,next_close,1346,2025,S,159811,5G50ETF,2025-08-19,2025-08-20,2025-09-03,2025-08-29,2.013,0.1533564814814816,0.1649305555555555,take_profit_15%,7,priority_CSD_g40_t060_r040_noskip,conservative_tp_center15_profit_first,0.8952,0.8548438854084824,0.185963577602629,0.3162887377173091,0.044554852736253,0.1356819912430991,0.0,0.0,-0.0108810224289012,4,0.0103394459914019,0.5,1.2934601342055807,168,-0.0151422736143189,0.3571428571428571,0.4943185975468331,16,0.0062193317749738,0.5,1.2505285287168169,335,-0.0072259932618326,0.3970149253731343,0.7227738220533698,S10206,False,0.0,False,no_line_overheat_0.45_0.2_0.03
tp15%_all_next_close,all,next_close,1347,2025,S,159811,5G50ETF,2025-08-20,2025-08-21,2025-09-04,2025-08-29,2.013,0.0730858468677495,0.1676334106728538,take_profit_15%,6,priority_CSD_g40_t060_r040_noskip,conservative_tp_center15_profit_first,0.8957142857142857,0.8834310688945354,0.1731011885606986,0.3514739229024943,0.0588467245435839,0.1523541009271999,0.0,0.0,-0.0006485084306095,4,0.0103394459914019,0.5,1.2934601342055807,168,-0.0155956911162539,0.3571428571428571,0.4791765651073655,16,0.0062193317749738,0.5,1.2505285287168169,335,-0.0073582593154645,0.3970149253731343,0.7176994175816472,S10206,False,0.0,False,no_line_overheat_0.45_0.2_0.03
tp15%_all_next_close,all,next_close,1348,2025,S,159811,5G50ETF,2025-08-21,2025-08-22,2025-09-05,2025-09-02,1.987,0.0953708867819298,0.1081985499163413,take_profit_15%,7,priority_CSD_g40_t060_r040_noskip,conservative_tp_center15_profit_first,0.8953846153846154,0.8590078183360684,0.2008636638181854,0.3196523053665911,0.0410310304773494,0.1551334089053034,0.0,0.0,-0.006237637445691,4,0.0103394459914019,0.5,1.2934601342055807,168,-0.015781850546385,0.3571428571428571,0.472959707315312,16,0.0062193317749738,0.5,1.2505285287168169,335,-0.0075852323483331,0.3970149253731343,0.708991567446847,S10206,False,0.1081985499163413,True,no_line_overheat_0.45_0.2_0.03
tp15%_all_next_close,all,next_close,1349,2025,S,159811,5G50ETF,2025-08-22,2025-08-25,2025-09-08,2025-09-08,1.903,0.0138518913159297,0.0138518913159297,original,10,priority_CSD_g40_t060_r040_noskip,conservative_tp_center15_profit_first,0.910625,0.8823789999639496,0.1810037208052131,0.2995086923658352,0.0556943324863683,0.1590177133655395,0.0,0.0,0.0,4,0.0103394459914019,0.5,1.2934601342055807,168,-0.0161178098888524,0.3571428571428571,0.4617402302543857,16,0.0062193317749738,0.5,1.2505285287168169,336,-0.007463780492052,0.3988095238095238,0.7127963109366493,S10206,False,0.0,False,no_line_overheat_0.45_0.2_0.03
tp15%_all_next_close,all,next_close,1350,2025,S,159811,5G50ETF,2025-08-25,2025-08-26,2025-09-09,2025-09-09,1.855,0.0010793308148948,0.0010793308148948,original,10,priority_CSD_g40_t060_r040_noskip,conservative_tp_center15_profit_first,0.9075675675675676,0.8991340963290925,0.1932483794731885,0.3419123204837491,0.063687865497076,0.1756098339591622,0.0,0.0,0.0,4,0.0103394459914019,0.5,1.2934601342055807,168,-0.0162275064368587,0.3571428571428571,0.4580768765432453,16,0.0062193317749738,0.5,1.2505285287168169,337,-0.0072791944619799,0.400593471810089,0.7190654838834933,S10206,False,0.0,False,no_line_overheat_0.45_0.2_0.03
tp15%_all_next_close,all,next_close,1351,2025,S,159811,5G50ETF,2025-08-26,2025-08-27,2025-09-10,2025-09-10,1.94,0.0413311862587224,0.0413311862587224,original,10,priority_CSD_g40_t060_r040_noskip,conservative_tp_center15_profit_first,0.9073684210526316,0.90657761634721,0.2036458271894982,0.3787981859410431,0.0698855835240275,0.1770973314137234,0.0,0.0,-0.0055555199034825,5,0.0550828651428914,0.6,2.954242157982039,168,-0.0146164569986365,0.3630952380952381,0.508301133522731,17,0.0196215205969665,0.5294117647058824,1.8397984370697524,337,-0.006814915609254,0.400593471810089,0.7369839438882294,S10206,False,0.0413311862587224,True,no_line_overheat_0.45_0.2_0.03
tp15%_all_next_close,all,next_close,1352,2025,S,159811,5G50ETF,2025-08-27,2025-08-28,2025-09-11,2025-09-11,2.118,0.063787041687594,0.063787041687594,original,10,priority_CSD_g40_t060_r040_noskip,conservative_tp_center15_profit_first,0.9070967741935484,0.8492107317699391,0.1897978514626141,0.5550642479213909,0.0455376526967674,0.1431858005061975,0.0,0.0,-0.0219797563904614,6,0.0770789838180939,0.6666666666666666,4.281550426565065,168,-0.0132612138818399,0.369047619047619,0.5502332498108111,18,0.0289236348523631,0.5555555555555556,2.310746948425563,337,-0.006584628247605,0.400593471810089,0.7458716949780663,S10206,False,0.0,False,no_line_overheat_0.45_0.2_0.03
tp15%_all_next_close,all,next_close,1353,2025,S,159811,5G50ETF,2025-08-28,2025-08-29,2025-09-12,2025-09-12,2.089,0.0377545951316442,0.0377545951316442,original,10,priority_CSD_g40_t060_r040_noskip,conservative_tp_center15_profit_first,0.8894444444444444,0.8781456717053581,0.197254060784004,0.4139455782312925,0.0625107814386751,0.1552008258258257,0.0,0.0,-0.0144440735486383,6,0.0770789838180939,0.6666666666666666,4.281550426565065,168,-0.0126700930405715,0.375,0.5675327239777186,18,0.0289236348523631,0.5555555555555556,2.310746948425563,337,-0.0061226773502905,0.4035608308605341,0.7612986316879289,S10206,False,0.0,False,no_line_overheat_0.45_0.2_0.03
tp15%_all_next_close,all,next_close,1354,2025,S,159811,5G50ETF,2025-08-29,2025-09-01,2025-09-15,2025-09-15,2.053,-0.0167624521072797,-0.0167624521072797,original,10,priority_CSD_g40_t060_r040_noskip,conservative_tp_center15_profit_first,0.9061111111111112,0.899512835803325,0.1833220598875587,0.4262660619803477,0.0805280512461972,0.1617145593869731,0.0,0.0,-0.0129630577434891,7,0.099655080777083,0.7142857142857143,5.949819212364256,168,-0.0109496571408187,0.3809523809523809,0.6221163739938459,19,0.0397756363091344,0.5789473684210527,2.9026732701475235,337,-0.0055658165855579,0.4035608308605341,0.7830086482209198,S10206,False,0.0,False,no_line_overheat_0.45_0.2_0.03
tp15%_all_next_close,all,next_close,1355,2025,S,159811,5G50ETF,2025-09-01,2025-09-02,2025-09-16,2025-09-16,2.075,0.0442878711625567,0.0442878711625567,original,10,priority_CSD_g40_t060_r040_noskip,conservative_tp_center15_profit_first,0.9061111111111112,0.9013497931825956,0.1478332147346654,0.4485638699924414,0.0832735900804939,0.1606063102266731,0.0,0.0,-0.010502165982672,7,0.099655080777083,0.7142857142857143,5.949819212364256,168,-0.0101285348869108,0.3869047619047619,0.6480002088720692,19,0.0397756363091344,0.5789473684210527,2.9026732701475235,337,-0.005454283154401,0.4035608308605341,0.7873569391901343,S10206,False,0.0,False,no_line_overheat_0.45_0.2_0.03
tp15%_all_next_close,all,next_close,1356,2025,S,159811,5G50ETF,2025-09-02,2025-09-03,2025-09-17,2025-09-17,2.082,0.0446562970396386,0.0446562970396386,original,10,priority_CSD_g40_t060_r040_noskip,conservative_tp_center15_profit_first,0.906470588235294,0.8608077826504443,0.1428575634153306,0.5936507936507937,0.0592251109885965,0.150500924562709,0.0,0.0,-0.0247289659209042,7,0.099655080777083,0.7142857142857143,5.949819212364256,168,-0.0088899833816312,0.3928571428571428,0.6862276687772877,19,0.0397756363091344,0.5789473684210527,2.9026732701475235,337,-0.0052859649815988,0.4035608308605341,0.7939190648520024,S10206,False,0.0,False,no_line_overheat_0.45_0.2_0.03
tp15%_all_next_close,all,next_close,1357,2025,S,159811,5G50ETF,2025-09-03,2025-09-04,2025-09-18,2025-09-18,2.113,0.142162162162162,0.142162162162162,original,10,priority_CSD_g40_t060_r040_noskip,conservative_tp_center15_profit_first,0.906875,0.8223850350781335,0.1900870251134298,0.5446712018140589,0.0414802401899175,0.1262186341854919,0.0,0.0,-0.0367445941308111,8,0.1071923579683305,0.75,7.0847909610162265,168,-0.00754744806306,0.3988095238095238,0.7298903087759521,20,0.0457845194090309,0.6,3.305377953083892,337,-0.0047288994739286,0.4065281899109792,0.815042699425564,S10206,False,0.0,False,no_line_overheat_0.45_0.2_0.03
tp15%_all_next_close,all,next_close,1358,2025,S,159811,5G50ETF,2025-09-04,2025-09-05,2025-09-19,2025-09-19,2.11,0.0743380855397148,0.0743380855397148,original,10,priority_CSD_g40_t060_r040_noskip,conservative_tp_center15_profit_first,0.9073333333333332,0.7842539035247272,0.173780170762767,0.6308390022675736,0.0299266669492602,0.1146130634360403,0.0,0.0,-0.0510125474771127,9,0.1123217050253473,0.7777777777777778,8.172954042342722,168,-0.0061556846607004,0.4047619047619047,0.7758572405540071,21,0.0509069937934333,0.6190476190476191,3.691474231840712,337,-0.0041258042134044,0.4094955489614243,0.8376912964664052,S10206,False,0.0743380855397148,True,no_line_overheat_0.45_0.2_0.03
tp15%_all_next_close,all,next_close,1359,2025,S,159811,5G50ETF,2025-09-05,2025-09-08,2025-09-22,2025-09-22,2.173,0.1418812401471361,0.1418812401471361,original,10,priority_CSD_g40_t060_r040_noskip,conservative_tp_center15_profit_first,0.9053333333333332,0.8444968771408368,0.1651495785509202,0.5334089191232049,0.0512138493789869,0.1393858618716302,0.0,0.0,-0.0350782315851575,10,0.1083981192095875,0.8,8.691545233016134,168,-0.0052240512184604,0.4107142857142857,0.8062772204663377,22,0.0519151234786295,0.6363636363636364,3.87547801983083,337,-0.0037632742286607,0.4124629080118694,0.8510999651323047,S10206,False,0.0,False,no_line_overheat_0.45_0.2_0.03
tp15%_all_next_close,all,next_close,1360,2025,S,159755,电池ETF,2025-09-08,2025-09-09,2025-09-23,2025-09-23,0.998,0.0605738575982996,0.0605738575982996,original,10,priority_CSD_g40_t060_r040_noskip,conservative_tp_center15_profit_first,0.889032258064516,0.8731447143795356,0.1638028520577994,0.4967120181405896,0.0586285124530212,0.1547232124789839,0.0,0.0,-0.0208614805087431,0,,,,168,-0.0041084777581783,0.4166666666666667,0.8444862572745964,2,-0.0382176247875135,0.0,,337,-0.0034722834720239,0.4154302670623145,0.8625700326443494,S10206,False,0.0,False,no_line_overheat_0.45_0.2_0.03
tp15%_all_next_close,all,next_close,1361,2025,S,159755,电池ETF,2025-09-09,2025-09-10,2025-09-24,2025-09-24,1.028,0.1053763440860213,0.1053763440860213,original,10,priority_CSD_g40_t060_r040_noskip,conservative_tp_center15_profit_first,0.8866666666666667,0.8411765677816233,0.1755388700922282,0.6086167800453516,0.0466696384829063,0.1458724538154765,0.0,0.0,-0.0285480277046698,0,,,,168,-0.003616713114842,0.4226190476190476,0.8609460890680495,2,-0.0382176247875135,0.0,,337,-0.0033644076811012,0.4183976261127596,0.8664868158234647,S10206,False,0.0,False,no_line_overheat_0.45_0.2_0.03
tp15%_all_next_close,all,next_close,1362,2025,S,159811,5G50ETF,2025-09-10,2025-09-11,2025-09-25,2025-09-25,2.208,0.0424929178470256,0.0424929178470256,original,10,priority_CSD_g40_t060_r040_noskip,conservative_tp_center15_profit_first,0.8821428571428571,0.8236476642300757,0.2072122073405171,0.5649659863945579,0.0399363161245587,0.1546036306882341,0.0,0.0,-0.0324399972973447,13,0.0918679462314331,0.8461538461538461,9.474209790469532,168,-0.0032086821009553,0.4285714285714285,0.8746991537773229,25,0.0500973930177041,0.68,4.1531789254517415,337,-0.0032647324835427,0.4213649851632047,0.8699444207769644,S10206,False,0.0424929178470256,True,no_line_overheat_0.45_0.2_0.03
tp15%_all_next_close,all,next_close,1363,2025,S,159755,电池ETF,2025-09-11,2025-09-12,2025-09-26,2025-09-26,1.026,0.0868644067796611,0.0868644067796611,original,10,priority_CSD_g40_t060_r040_noskip,conservative_tp_center15_profit_first,0.8921212121212121,0.8796906402144016,0.2232441498763797,0.4295162509448224,0.0536952414528755,0.1879226635858787,0.0,0.0,-0.0146747440417571,0,,,,169,-0.0029451325840341,0.4319526627218935,0.8843063331845983,2,-0.0382176247875135,0.0,,337,-0.0030790937994535,0.4243323442136498,0.8770310328694392,S10206,False,0.0868644067796611,True,no_line_overheat_0.45_0.2_0.03
tp15%_all_next_close,all,next_close,1364,2025,S,159755,电池ETF,2025-09-12,2025-09-15,2025-09-29,2025-09-29,1.076,0.1127197518097209,0.1127197518097209,original,10,priority_CSD_g40_t060_r040_noskip,conservative_tp_center15_profit_first,0.8853333333333333,0.8637665421893649,0.2015807047889638,0.5000377928949359,0.0424269027836314,0.1902533960875286,0.0,0.0,-0.0203803509786864,0,,,,169,-0.0019507394211277,0.4378698224852071,0.9214657432762894,2,-0.0382176247875135,0.0,,337,-0.0028431371859038,0.4272997032640949,0.8862423093508227,S10206,False,0.1127197518097209,True,no_line_overheat_0.45_0.2_0.03
tp15%_all_next_close,all,next_close,1365,2025,S,159755,电池ETF,2025-09-15,2025-09-16,2025-09-30,2025-09-30,1.112,0.1463917525773197,0.1463917525773197,original,10,priority_CSD_g40_t060_r040_noskip,conservative_tp_center15_profit_first,0.8893333333333333,0.8474688442899528,0.1759588288180775,0.4809145880574452,0.0332465961246711,0.1875359060821781,0.0,0.0,-0.0188152669903778,0,,,,169,-0.0008840222162938,0.4437869822485207,0.9631596420653508,2,-0.0382176247875135,0.0,,337,-0.0026090714996807,0.43026706231454,0.895095364650168,S10206,False,0.0,False,no_line_overheat_0.45_0.2_0.03
tp15%_all_next_close,all,next_close,1366,2025,S,159755,电池ETF,2025-09-16,2025-09-17,2025-10-09,2025-10-09,1.136,0.1474747474747473,0.1474747474747473,original,10,priority_CSD_g40_t060_r040_noskip,conservative_tp_center15_profit_first,0.8896774193548387,0.8275260319448439,0.1950661455297759,0.4602040816326531,0.0301911581569115,0.1778971779461718,0.0,0.0,-0.0201718184802264,0,,,,169,-6.168344226572576e-05,0.4437869822485207,0.9973382121051002,2,-0.0382176247875135,0.0,,337,-0.0025138267437574,0.43026706231454,0.8985363706664712,S10206,False,0.0,False,no_line_overheat_0.45_0.2_0.03
tp15%_all_next_close,all,next_close,1367,2025,S,159755,电池ETF,2025-09-17,2025-09-18,2025-10-10,2025-10-10,1.057,0.0763747454175152,0.0763747454175152,take_profit_15%,10,priority_CSD_g40_t060_r040_noskip,conservative_tp_center15_profit_first,0.8987499999999999,0.8337982326010386,0.1966446094293138,0.4377551020408162,0.0423103173700375,0.1692946578283423,0.0,0.0,-0.0168379599290859,0,,,,169,0.0007621768187374,0.4497041420118343,1.0337069102900327,2,-0.0382176247875135,0.0,,337,-0.0022515439412081,0.4332344213649852,0.908640124718578,S10206,False,0.0,False,no_line_overheat_0.45_0.2_0.03
tp15%_all_next_close,all,next_close,1368,2025,S,159755,电池ETF,2025-09-18,2025-09-19,2025-10-13,2025-10-10,1.057,0.0971370143149283,0.0807770961145193,take_profit_15%,9,priority_CSD_g40_t060_r040_noskip,conservative_tp_center15_profit_first,0.8984000000000001,0.7853658191659109,0.1691599599057198,0.5821239606953893,0.0253499056311813,0.1516710132328793,0.0,0.0,-0.027135078004733,0,,,,169,0.0013053880555702,0.4556213017751479,1.0584513105531967,2,-0.0382176247875135,0.0,,338,-0.0021127633465902,0.4349112426035503,0.9140169741867906,S10206,False,0.0807770961145193,True,no_line_overheat_0.45_0.2_0.03
tp15%_all_next_close,all,next_close,1369,2025,S,159755,电池ETF,2025-09-19,2025-09-22,2025-10-14,2025-10-10,1.057,0.0375634517766498,0.0730964467005075,take_profit_15%,8,priority_CSD_g40_t060_r040_noskip,conservative_tp_center15_profit_first,0.8941666666666667,0.7592757524603068,0.1926960150261741,0.4936507936507937,0.0120011976699875,0.1521078903581749,0.0,0.0333333333333333,-0.0310221165855185,0,,,,169,0.0024387897017924,0.4615384615384615,1.1106493360463474,2,-0.0382176247875135,0.0,,339,-0.0016871735958269,0.4365781710914454,0.9311340348634312,S10206,False,0.0730964467005075,True,no_line_overheat_0.45_0.2_0.03
tp15%_all_next_close,all,next_close,1370,2025,S,159755,电池ETF,2025-09-22,2025-09-23,2025-10-15,2025-10-15,1.043,0.0450901803607213,0.0450901803607213,original,10,priority_CSD_g40_t060_r040_noskip,conservative_tp_center15_profit_first,0.8818181818181818,0.7404481506021209,0.1981368619076104,0.5145502645502645,0.0008973952786053,0.1381856013173329,0.0,0.0666666666666666,-0.033267493936824,0,,,,169,0.0034400432061382,0.4674556213017751,1.1601560216927738,2,-0.0382176247875135,0.0,,340,-0.0014635698924871,0.438235294117647,0.9400847254087616,S10206,False,0.0450901803607213,True,no_line_overheat_0.45_0.2_0.03
tp15%_all_next_close,all,next_close,1371,2025,S,159755,电池ETF,2025-09-23,2025-09-24,2025-10-16,2025-10-16,1.041,0.0126459143968871,0.0126459143968871,original,10,priority_CSD_g40_t060_r040_noskip,conservative_tp_center15_profit_first,0.8926315789473684,0.6296335471162147,0.1852583378139909,0.5918367346938777,-0.0146292898692949,0.1173917032187553,0.0,0.0333333333333333,-0.0393015807975155,0,,,,169,0.0046711539205486,0.4733727810650887,1.2215103249852322,2,-0.0382176247875135,0.0,,340,-0.0009046837633376,0.4411764705882353,0.9627483501042926,S10206,False,0.0126459143968871,True,no_line_overheat_0.45_0.2_0.03
tp15%_all_next_close,all,next_close,1372,2025,S,159755,电池ETF,2025-09-24,2025-09-25,2025-10-17,2025-10-17,0.998,-0.0413064361191162,-0.0413064361191162,original,10,priority_CSD_g40_t060_r040_noskip,conservative_tp_center15_profit_first,0.8808695652173912,0.7175590135969259,0.1686578094311197,0.4995086923658352,0.0165883367306761,0.1197604105940584,0.0,0.0,-0.0318093558898362,1,0.0605738575982996,1.0,,169,0.0053021102813033,0.4792899408284023,1.2547227979906097,3,-0.0052871306589091,0.3333333333333333,0.792485900616335,340,-0.0005858603969999,0.4441176470588235,0.9757358188109466,S10206,False,-0.0413064361191162,True,no_line_overheat_0.45_0.2_0.03
tp15%_all_next_close,all,next_close,1373,2025,S,159755,电池ETF,2025-09-25,2025-09-26,2025-10-20,2025-10-20,1.013,-0.0126705653021443,-0.0126705653021443,original,10,priority_CSD_g40_t060_r040_noskip,conservative_tp_center15_profit_first,0.8725,0.6665655701841985,0.1855157857554445,0.4469765684051399,0.0039072629535402,0.1152901271158532,0.0,0.0,-0.030517812037279,2,0.0829751008421604,1.0,,169,0.0059697237440953,0.4852071005917159,1.2874048330410113,4,0.0223787380273234,0.5,2.171121342665705,340,-0.0001415127678152,0.4470588235294118,0.9941062511539464,S10206,False,-0.0126705653021443,True,no_line_overheat_0.45_0.2_0.03
tp15%_all_next_close,all,next_close,1374,2025,S,159755,电池ETF,2025-09-26,2025-09-29,2025-10-21,2025-10-21,1.03,-0.0427509293680298,-0.0427509293680298,original,10,priority_CSD_g40_t060_r040_noskip,conservative_tp_center15_profit_first,0.8872727272727272,0.6559904543823639,0.2050743178466595,0.5612244897959183,-0.0031746048335514,0.1049382716049383,0.0,0.0666666666666666,-0.0355456932947708,2,0.0829751008421604,1.0,,169,0.0060757394048089,0.4852071005917159,1.2925088235392712,4,0.0223787380273234,0.5,2.171121342665705,340,2.937105180826643e-05,0.45,1.0012255939191697,S10206,False,-0.0427509293680298,True,no_line_overheat_0.45_0.2_0.03
tp15%_all_next_close,all,next_close,1375,2025,S,159755,电池ETF,2025-09-29,2025-09-30,2025-10-22,2025-10-22,1.017,-0.0854316546762591,-0.0854316546762591,original,10,priority_CSD_g40_t060_r040_noskip,conservative_tp_center15_profit_first,0.8936363636363636,0.6976194667410885,0.2082224786169424,0.47286470143613,-0.0004955401387511,0.1264476292898478,0.0,0.0333333333333333,-0.0309776457082918,3,0.0842715361546606,1.0,,169,0.0064486052130975,0.4852071005917159,1.3104599783952895,5,0.035275871777791,0.6,3.307565682974912,340,0.0001144504024007,0.45,1.0047757812060856,S10206,False,-0.0854316546762591,True,no_line_overheat_0.45_0.2_0.03
tp15%_all_next_close,all,next_close,1376,2025,S,159755,电池ETF,2025-09-30,2025-10-09,2025-10-23,2025-10-23,1.03,-0.0933098591549295,-0.0933098591549295,original,10,priority_CSD_g40_t060_r040_noskip,conservative_tp_center15_profit_first,0.8970370370370371,0.7450289368494394,0.2426552586760722,0.3879062736205594,0.0177115074386091,0.1246943280878524,0.0666666666666666,0.0,-0.0270996511055029,4,0.0913835900684257,1.0,,169,0.0068320457372927,0.4852071005917159,1.3289202396337547,6,0.0481831851164459,0.6666666666666666,4.782274700560809,340,0.0003653989069176,0.45,1.0152473490330876,S10206,False,-0.0933098591549295,True,no_line_overheat_0.45_0.2_0.03
tp15%_all_next_close,all,next_close,1377,2025,S,159755,电池ETF,2025-10-09,2025-10-10,2025-10-24,2025-10-24,1.047,-0.0094607379375591,-0.0094607379375591,original,10,priority_CSD_g40_t060_r040_noskip,conservative_tp_center15_profit_first,0.8945454545454545,0.81252022307758,0.199745228340199,0.362055933484505,0.0502218014754026,0.1447606470463034,0.0333333333333333,0.0,-0.0164239656625443,5,0.1023852225702045,1.0,,165,0.0078363119527842,0.4848484848484848,1.3723692802153395,7,0.0622129804679993,0.7142857142857143,6.6975134600499775,334,0.0003547986862539,0.4491017964071856,1.0146179989886277,S10206,False,0.0,False,no_line_overheat_0.45_0.2_0.03
tp15%_all_next_close,all,next_close,1378,2025,S,159755,电池ETF,2025-10-10,2025-10-13,2025-10-27,2025-10-27,1.056,-0.0158434296365329,-0.0158434296365329,original,10,priority_CSD_g40_t060_r040_noskip,conservative_tp_center15_profit_first,0.88375,0.8133029609765393,0.2321903068360912,0.5012093726379442,0.0570651884006775,0.1288702348767008,0.0333333333333333,0.0,-0.0391967083543171,6,0.1099001433876283,1.0,,166,0.0086775073474949,0.4879518072289157,1.4148406087178191,8,0.0728707013438428,0.75,8.626921008199469,334,0.0008889381548955,0.4520958083832335,1.036765250465797,S10206,False,-0.0158434296365329,True,no_line_overheat_0.45_0.2_0.03
tp15%_all_next_close,all,next_close,1379,2025,S,159813,半导体ETF鹏华,2025-10-13,2025-10-14,2025-10-28,2025-10-28,0.601,0.0751341681574238,0.0751341681574238,original,10,priority_CSD_g40_t060_r040_noskip,conservative_tp_center15_profit_first,0.8592857142857142,0.7541473391469101,0.2614867979487129,0.5606198034769464,0.0339983060316086,0.1085331773575095,0.0333333333333333,0.0333333333333333,-0.048647220401058,0,,,,167,0.0090828800305489,0.4910179640718562,1.436835810997965,10,-0.0586136336792834,0.0,,334,0.001236039075383,0.4550898203592814,1.0513724998454277,S10206,False,0.0751341681574238,True,no_line_overheat_0.45_0.2_0.03
tp15%_all_next_close,all,next_close,1380,2025,S,512400,有色金属ETF,2025-10-14,2025-10-15,2025-10-29,2025-10-29,1.764,0.0114678899082569,0.0114678899082569,original,10,priority_CSD_g40_t060_r040_noskip,conservative_tp_center15_profit_first,0.8748148148148149,0.728452696531582,0.2309289562382691,0.5668178382464096,0.0157786938373388,0.1050331520290922,0.0,0.0333333333333333,-0.0540079372254063,11,0.0033442468348011,0.4545454545454545,1.102619268567285,168,0.0096070117822416,0.494047619047619,1.46481034979435,11,0.0033442468348011,0.4545454545454545,1.102619268567285,334,0.0016411259259351,0.4580838323353293,1.0685342543009926,S10206,False,0.0114678899082569,True,no_line_overheat_0.45_0.2_0.03
tp15%_all_next_close,all,next_close,1381,2025,S,161226,白银LOF,2025-10-15,2025-10-16,2025-10-30,2025-10-30,1.289,-0.1085753803596127,-0.1085753803596127,original,10,priority_CSD_g40_t060_r040_noskip,conservative_tp_center15_profit_first,0.865,0.8139014270967245,0.2150646567058591,0.4870370370370371,0.0370282445063454,0.1243256859182275,0.0,0.0,-0.0440599623801439,0,,,,169,0.009772434504102,0.4970414201183432,1.4756282676237489,16,-0.0282560212169827,0.3125,0.1685783084228769,334,0.0018623785154225,0.4610778443113772,1.078128814880528,S10206,False,-0.1085753803596127,True,no_line_overheat_0.45_0.2_0.03
tp15%_all_next_close,all,next_close,1382,2025,S,161226,白银LOF,2025-10-16,2025-10-17,2025-10-31,2025-10-31,1.313,-0.1061946902654867,-0.1061946902654867,original,10,priority_CSD_g40_t060_r040_noskip,conservative_tp_center15_profit_first,0.8756250000000001,0.7786531179079387,0.2016839667782007,0.5856009070294784,0.0278764204545454,0.1118016980535608,0.0,0.0,-0.0522433508136159,0,,,,169,0.0101944881249301,0.5029585798816568,1.499947373809429,16,-0.0282560212169827,0.3125,0.1685783084228769,334,0.0021360342411286,0.4640718562874251,1.0901332531602137,S10206,False,-0.1061946902654867,True,no_line_overheat_0.45_0.2_0.03
tp15%_all_next_close,all,next_close,1383,2025,S,161226,白银LOF,2025-10-17,2025-10-20,2025-11-03,2025-11-03,1.315,-0.0380395025603511,-0.0380395025603511,original,10,priority_CSD_g40_t060_r040_noskip,conservative_tp_center15_profit_first,0.8799999999999999,0.6029139630343743,0.2294895333973982,0.7059334845049132,-0.0166762607513971,0.0856930272108843,0.0,0.0666666666666666,-0.0697858459378017,0,,,,169,0.0104425661940198,0.5088757396449705,1.5165017388486446,16,-0.0282560212169827,0.3125,0.1685783084228769,334,0.0022950824593115,0.467065868263473,1.0973423109386844,S10206,False,-0.0380395025603511,True,no_line_overheat_0.45_0.2_0.03
tp15%_all_next_close,all,next_close,1384,2025,S,161226,白银LOF,2025-10-20,2025-10-21,2025-11-04,2025-11-04,1.295,-0.0449852507374632,-0.0449852507374632,original,10,priority_CSD_g40_t060_r040_noskip,conservative_tp_center15_profit_first,0.8730434782608696,0.654825717899275,0.2355963958405555,0.5768707482993198,-0.0021527239807994,0.0855992355992356,0.0,0.0333333333333333,-0.06583372785734,0,,,,169,0.0106335495878375,0.5088757396449705,1.530963628076948,16,-0.0282560212169827,0.3125,0.1685783084228769,334,0.0022813263375791,0.467065868263473,1.096702446195407,S10206,False,-0.0449852507374632,True,no_line_overheat_0.45_0.2_0.03
tp15%_all_next_close,all,next_close,1385,2025,S,518880,黄金ETF,2025-10-21,2025-10-22,2025-11-05,2025-11-05,8.706,-0.0434018239753875,-0.0434018239753875,original,10,priority_CSD_g40_t060_r040_noskip,conservative_tp_center15_profit_first,0.8284615384615385,0.6671240992088543,0.250497911210053,0.5451247165532881,0.0111713645869963,0.067277139462232,0.0,0.0,-0.0579317330878279,24,0.0120890953972176,0.5,1.7338146511083978,169,0.0107686525066407,0.5088757396449705,1.5413617720626895,29,0.0129249260855854,0.5862068965517241,1.9479979498716904,334,0.0022820853369212,0.467065868263473,1.0967377315292028,S10206,False,-0.0434018239753875,True,no_line_overheat_0.45_0.2_0.03
tp15%_all_next_close,all,next_close,1386,2025,S,518880,黄金ETF,2025-10-22,2025-10-23,2025-11-06,2025-11-06,8.755,-0.0265732710696018,-0.0265732710696018,original,10,priority_CSD_g40_t060_r040_noskip,conservative_tp_center15_profit_first,0.8330434782608696,0.6348213324134253,0.2355463156048948,0.5804232804232804,0.0042037718036408,0.0477291145484655,0.0,0.0333333333333333,-0.0612580286839252,24,0.0120890953972176,0.5,1.7338146511083978,169,0.010668530192644,0.5088757396449705,1.5336424135567592,29,0.0129249260855854,0.5862068965517241,1.9479979498716904,334,0.00226381673001,0.467065868263473,1.0958890670133132,S10206,False,-0.0265732710696018,True,no_line_overheat_0.45_0.2_0.03
tp15%_all_next_close,all,next_close,1387,2025,S,161226,白银LOF,2025-10-23,2025-10-24,2025-11-07,2025-11-07,1.321,0.0200772200772201,0.0200772200772201,original,10,priority_CSD_g40_t060_r040_noskip,conservative_tp_center15_profit_first,0.8345454545454545,0.6468980067767663,0.2500527512044446,0.4462585034013605,-0.0012948845365691,0.0610824116037566,0.0,0.0666666666666666,-0.0587600240412324,0,,,,169,0.010294509882265,0.5088757396449705,1.5054770682527046,16,-0.0282560212169827,0.3125,0.1685783084228769,334,0.0021575372159423,0.467065868263473,1.0909778027577897,S10206,False,0.0200772200772201,True,no_line_overheat_0.45_0.2_0.03
tp15%_all_next_close,all,next_close,1388,2025,S,512400,有色金属ETF,2025-10-24,2025-10-27,2025-11-10,2025-11-10,1.746,0.0028719126938541,0.0028719126938541,original,10,priority_CSD_g40_t060_r040_noskip,conservative_tp_center15_profit_first,0.8725925925925926,0.6728794307324476,0.2780649215778588,0.4139833711262283,0.0195757770987887,0.0432672204572004,0.0,0.0,-0.0540000374740024,11,0.0033442468348011,0.4545454545454545,1.102619268567285,169,0.0098553034343995,0.5088757396449705,1.4736957203360583,11,0.0033442468348011,0.4545454545454545,1.102619268567285,334,0.0018597227745472,0.4640718562874251,1.0775066768751762,S10206,False,0.0028719126938541,True,no_line_overheat_0.45_0.2_0.03
tp15%_all_next_close,all,next_close,1389,2025,S,512400,有色金属ETF,2025-10-27,2025-10-28,2025-11-11,2025-11-11,1.722,0.0213523131672597,0.0213523131672597,original,10,priority_CSD_g40_t060_r040_noskip,conservative_tp_center15_profit_first,0.876,0.7201299107268414,0.266988658547442,0.3566515495086924,0.0231454123619345,0.0626313589224348,0.0,0.0,-0.0408993208734848,11,0.0033442468348011,0.4545454545454545,1.102619268567285,169,0.0098401933719008,0.5088757396449705,1.4726262019746033,11,0.0033442468348011,0.4545454545454545,1.102619268567285,334,0.0017358108356936,0.4610778443113772,1.0722571646464332,S10206,False,0.0213523131672597,True,no_line_overheat_0.45_0.2_0.03
tp15%_all_next_close,all,next_close,1390,2025,S,159755,电池ETF,2025-10-28,2025-10-29,2025-11-12,2025-11-12,1.079,-0.0261732851985561,-0.0261732851985561,original,10,priority_CSD_g40_t060_r040_noskip,conservative_tp_center15_profit_first,0.8710344827586207,0.7039036226660788,0.2456916222425627,0.4311791383219955,0.0221986331790098,0.0589908630820964,0.0,0.0,-0.050272993985976,18,0.03485769746655,0.6111111111111112,3.086082451914065,169,0.0097918919631134,0.5088757396449705,1.4692177269234712,20,0.0275501652411436,0.55,2.4607379642088865,335,0.0016833354910003,0.4597014925373134,1.0701440478905495,S10206,False,-0.0261732851985561,True,no_line_overheat_0.45_0.2_0.03
tp15%_all_next_close,all,next_close,1391,2025,S,512400,有色金属ETF,2025-10-29,2025-10-30,2025-11-13,2025-11-13,1.794,0.0056053811659193,0.0056053811659193,original,10,priority_CSD_g40_t060_r040_noskip,conservative_tp_center15_profit_first,0.871875,0.7557998844201271,0.2332591376960853,0.3351851851851852,0.0395701984331181,0.0697461082283172,0.0,0.0,-0.0272695958358848,11,0.0033442468348011,0.4545454545454545,1.102619268567285,169,0.0102817572257283,0.514792899408284,1.4937630405213165,11,0.0033442468348011,0.4545454545454545,1.102619268567285,335,0.0020701105716821,0.4626865671641791,1.0868489011178906,S10206,False,0.0056053811659193,True,no_line_overheat_0.45_0.2_0.03
tp15%_all_next_close,all,next_close,1392,2025,S,512400,有色金属ETF,2025-10-30,2025-10-31,2025-11-14,2025-11-14,1.76,0.0091743119266054,0.0091743119266054,original,10,priority_CSD_g40_t060_r040_noskip,conservative_tp_center15_profit_first,0.8896296296296295,0.6664813146354545,0.2375504878259109,0.4558956916099774,0.0131062825957583,0.0621185619732062,0.0333333333333333,0.0333333333333333,-0.033662354234194,12,0.0040212170909225,0.5,1.1346097974456366,169,0.0102734606401558,0.514792899408284,1.4933646118064292,12,0.0040212170909225,0.5,1.1346097974456366,335,0.0022931225019138,0.4656716417910447,1.096973115384858,S10206,False,0.0091743119266054,True,no_line_overheat_0.45_0.2_0.03
tp15%_all_next_close,all,next_close,1393,2025,S,512400,有色金属ETF,2025-10-31,2025-11-03,2025-11-17,2025-11-17,1.751,0.0186154741128561,0.0186154741128561,original,10,priority_CSD_g40_t060_r040_noskip,conservative_tp_center15_profit_first,0.8923809523809523,0.7020429479623962,0.2189483127945486,0.4369236583522298,0.0179311543810848,0.0792584610889052,0.0,0.0333333333333333,-0.0343771852128105,12,0.0040212170909225,0.5,1.1346097974456366,169,0.0094853794762453,0.5088757396449705,1.4418849902465634,12,0.0040212170909225,0.5,1.1346097974456366,335,0.0022304623085774,0.4656716417910447,1.0940740198439172,S10206,False,0.0186154741128561,True,no_line_overheat_0.45_0.2_0.03
tp15%_all_next_close,all,next_close,1394,2025,S,512400,有色金属ETF,2025-11-03,2025-11-04,2025-11-18,2025-11-18,1.702,0.0209958008398318,0.0209958008398318,original,10,priority_CSD_g40_t060_r040_noskip,conservative_tp_center15_profit_first,0.8851851851851852,0.7219180546598164,0.201523347094123,0.4055177626606198,0.022916903501468,0.0920610267597282,0.0,0.0,-0.0389433923920436,12,0.0040212170909225,0.5,1.1346097974456366,169,0.008192083651007,0.5029585798816568,1.3707816568379847,12,0.0040212170909225,0.5,1.1346097974456366,335,0.0021067200566105,0.4656716417910447,1.0883936211798084,S10206,False,0.0209958008398318,True,no_line_overheat_0.45_0.2_0.03
tp15%_all_next_close,all,next_close,1395,2025,S,159930,能源ETF,2025-11-04,2025-11-05,2025-11-19,2025-11-19,1.511,0.0188806473364799,0.0188806473364799,original,10,priority_CSD_g40_t060_r040_noskip,conservative_tp_center15_profit_first,0.8442105263157895,0.6691725570815458,0.2365035707682009,0.5204081632653063,-0.005589644693782,0.0846768300880921,0.0333333333333333,0.0333333333333333,-0.0540483329326504,0,,,,169,0.0075133273184951,0.4970414201183432,1.3366310234432193,0,,,,335,0.0021750769472932,0.4656716417910447,1.09152423702775,S10206,False,0.0188806473364799,True,no_line_overheat_0.45_0.2_0.03
tp15%_all_next_close,all,next_close,1396,2025,S,515790,光伏ETF,2025-11-05,2025-11-06,2025-11-20,2025-11-20,0.982,-0.0770676691729324,-0.0770676691729324,original,10,priority_CSD_g40_t060_r040_noskip,conservative_tp_center15_profit_first,0.8677777777777778,0.6440606675716746,0.2369381012805516,0.4397959183673469,-0.0140463486501553,0.0751924283622673,0.0333333333333333,0.1,-0.0517323611871463,0,,,,169,0.0068367800926813,0.4911242603550296,1.302708461695284,0,,,,335,0.0021054846365109,0.4656716417910447,1.088337206486025,S10206,False,-0.0770676691729324,True,no_line_overheat_0.45_0.2_0.03
tp15%_all_next_close,all,next_close,1397,2025,S,159930,能源ETF,2025-11-06,2025-11-07,2025-11-21,2025-11-21,1.462,-0.0259826782145236,-0.0259826782145236,original,10,priority_CSD_g40_t060_r040_noskip,conservative_tp_center15_profit_first,0.8587499999999999,0.6576528610977658,0.2147555528227964,0.3666288737717309,-0.0081790093749398,0.0910056657223796,0.0333333333333333,0.0,-0.0381122816484505,0,,,,169,0.0063820875946111,0.4852071005917159,1.2793992680887645,0,,,,335,0.0020876031523896,0.4656716417910447,1.087521314019266,S10206,False,-0.0259826782145236,True,no_line_overheat_0.45_0.2_0.03
tp15%_all_next_close,all,next_close,1398,2025,S,515790,光伏ETF,2025-11-07,2025-11-10,2025-11-24,2025-11-24,0.927,-0.1432532347504621,-0.1432532347504621,original,10,priority_CSD_g40_t060_r040_noskip,conservative_tp_center15_profit_first,0.8809090909090909,0.6588681398349622,0.2242180768467667,0.3493197278911564,0.0014240133800064,0.0813534866616541,0.0333333333333333,0.0,-0.0375651487591685,0,,,,169,0.0060816397170275,0.4792899408284023,1.264425837968894,0,,,,335,0.0019367625422316,0.4626865671641791,1.0809282933686326,S10206,False,-0.1432532347504621,True,no_line_overheat_0.45_0.2_0.03
tp15%_all_next_close,all,next_close,1399,2025,S,515790,光伏ETF,2025-11-10,2025-11-11,2025-11-25,2025-11-25,0.944,-0.1234911792014856,-0.1234911792014856,original,10,priority_CSD_g40_t060_r040_noskip,conservative_tp_center15_profit_first,0.8948148148148147,0.7239621395110502,0.2114420056522663,0.2819349962207105,0.0137944983818769,0.0892524103050418,0.0,0.0,-0.0303197023047374,0,,,,169,0.0068413575782434,0.4852071005917159,1.305984670869765,0,,,,335,0.001981464569876,0.4626865671641791,1.0827961830703898,S10206,False,-0.1234911792014856,True,no_line_overheat_0.45_0.2_0.03
tp15%_all_next_close,all,next_close,1400,2025,S,515790,光伏ETF,2025-11-11,2025-11-12,2025-11-26,2025-11-26,0.952,-0.0801932367149758,-0.0801932367149758,original,10,priority_CSD_g40_t060_r040_noskip,conservative_tp_center15_profit_first,0.8951724137931034,0.6962706870717595,0.2260653903582168,0.3601284958427815,0.0146184646285597,0.0802952185240908,0.0,0.0,-0.0361431075687543,0,,,,169,0.0073509005143444,0.4911242603550296,1.3361802736922546,0,,,,335,0.0021181394485343,0.4656716417910447,1.0889834998826595,S10206,False,-0.0801932367149758,True,no_line_overheat_0.45_0.2_0.03
tp15%_all_next_close,all,next_close,1401,2025,S,159766,旅游ETF,2025-11-12,2025-11-13,2025-11-27,2025-11-27,0.747,-0.0743494423791821,-0.0743494423791821,original,10,priority_CSD_g40_t060_r040_noskip,conservative_tp_center15_profit_first,0.8245454545454546,0.6630324083967348,0.2289616149522632,0.3950491307634164,-6.796771615374952e-05,0.0766935675290766,0.0,0.0,-0.0414811522144948,0,,,,169,0.0075421979201172,0.4970414201183432,1.345956575048214,0,,,,335,0.0021086829031723,0.4656716417910447,1.088586228350941,S10206,False,-0.0743494423791821,True,no_line_overheat_0.45_0.2_0.03
tp15%_all_next_close,all,next_close,1402,2025,S,159870,化工ETF,2025-11-13,2025-11-14,2025-11-28,2025-11-28,0.747,-0.0435339308578746,-0.0435339308578746,original,10,priority_CSD_g40_t060_r040_noskip,conservative_tp_center15_profit_first,0.8613793103448275,0.6988333771470217,0.1821082442449034,0.3035903250188965,0.0149247367774477,0.0826912846510545,0.0,0.0,-0.0201816797166043,0,,,,169,0.0075325715269889,0.4970414201183432,1.3453625201481716,0,,,,335,0.0020431489452145,0.4656716417910447,1.0855974744417178,S10206,False,-0.0435339308578746,True,no_line_overheat_0.45_0.2_0.03
tp15%_all_next_close,all,next_close,1403,2025,S,515790,光伏ETF,2025-11-14,2025-11-17,2025-12-01,2025-12-01,0.959,-0.0689320388349514,-0.0689320388349514,original,10,priority_CSD_g40_t060_r040_noskip,conservative_tp_center15_profit_first,0.8875,0.6606931442793557,0.1830587256695424,0.4226379440665155,0.0287683620428824,0.071493468446959,0.0,0.0,-0.0308636971363339,0,,,,169,0.0073760869063654,0.4970414201183432,1.3381878225366977,0,,,,335,0.0020913695552822,0.4686567164179104,1.0877334081344543,S10206,False,-0.0689320388349514,True,no_line_overheat_0.45_0.2_0.03
tp15%_all_next_close,all,next_close,1404,2025,S,159870,化工ETF,2025-11-17,2025-11-18,2025-12-02,2025-12-02,0.747,-0.0196850393700787,-0.0196850393700787,original,10,priority_CSD_g40_t060_r040_noskip,conservative_tp_center15_profit_first,0.8672,0.6243884101324532,0.1847721022647671,0.4400226757369614,0.0166613197168076,0.0568400976563272,0.0,0.0,-0.0370223867477352,0,,,,169,0.007629624073906,0.5029585798816568,1.353037483315008,0,,,,335,0.002104390428084,0.4686567164179104,1.0882796365831269,S10206,False,-0.0196850393700787,True,no_line_overheat_0.45_0.2_0.03
tp15%_all_next_close,all,next_close,1405,2025,S,159870,化工ETF,2025-11-18,2025-11-19,2025-12-03,2025-12-03,0.747,-0.0336351875808538,-0.0336351875808538,original,10,priority_CSD_g40_t060_r040_noskip,conservative_tp_center15_profit_first,0.8687499999999999,0.5392167026501835,0.195087480843793,0.5438397581254725,0.0006983240223463,0.0483368457975081,0.0,0.0,-0.0510765622972663,0,,,,169,0.0080889052928105,0.5088757396449705,1.3804352245164198,0,,,,335,0.0020525195511109,0.4686567164179104,1.0861036420018366,S10206,False,-0.0336351875808538,True,no_line_overheat_0.45_0.2_0.03
tp15%_all_next_close,all,next_close,1406,2025,S,159870,化工ETF,2025-11-19,2025-11-20,2025-12-04,2025-12-04,0.744,-0.0223390275952694,-0.0223390275952694,original,10,priority_CSD_g40_t060_r040_noskip,conservative_tp_center15_profit_first,0.8557894736842104,0.5184557673435208,0.191233892679673,0.5210128495842783,-0.0007754570931835,0.0415085490129194,0.0,0.0,-0.0503862299256864,0,,,,169,0.0084173942235307,0.514792899408284,1.399724538505799,0,,,,335,0.0021840375554904,0.4716417910447761,1.091886220122914,S10206,False,-0.0223390275952694,True,no_line_overheat_0.45_0.2_0.03
tp15%_all_next_close,all,next_close,1407,2025,S,159870,化工ETF,2025-11-20,2025-11-21,2025-12-05,2025-12-05,0.755,0.0356652949245541,0.0356652949245541,original,10,priority_CSD_g40_t060_r040_noskip,conservative_tp_center15_profit_first,0.85625,0.4775503376576456,0.1866551673232485,0.5478835978835979,-0.0102526753099758,0.0202834413360728,0.0,0.0,-0.056972395469479,0,,,,169,0.0087576473405295,0.5207100591715976,1.420445364449863,0,,,,335,0.0023121941263017,0.4746268656716418,1.0975727157851791,S10206,False,0.0356652949245541,True,no_line_overheat_0.45_0.2_0.03
tp15%_all_next_close,all,next_close,1408,2025,S,161226,白银LOF,2025-11-21,2025-11-24,2025-12-08,2025-12-02,1.61,0.261090909090909,0.1709090909090909,take_profit_15%,6,priority_CSD_g40_t060_r040_noskip,conservative_tp_center15_profit_first,0.9111111111111112,0.3730783529478785,0.2560267976299035,0.7197278911564626,-0.0299876397550424,0.0101511203751953,0.0,0.1333333333333333,-0.083497322633177,5,-0.0555435207691387,0.2,0.0674196408545275,169,0.0084859410248672,0.5207100591715976,1.402155186448044,6,-0.0622957044495097,0.1666666666666666,0.0509766315235262,335,0.00211854473161,0.4746268656716418,1.0886762199462183,S10206,False,0.1709090909090909,True,no_line_overheat_0.45_0.2_0.03
tp15%_all_next_close,all,next_close,1409,2025,D,159811,5G50ETF,2025-11-24,2025-11-25,2025-12-23,2025-12-23,2.259,0.1420626895854397,0.1420626895854397,original,20,priority_CSD_g40_t060_r040_noskip,conservative_tp_center15_profit_first,71.56179138321995,0.3353228917100856,0.2803027439858344,0.6207482993197279,-0.035546619856303,0.0046680043902471,0.0,0.1666666666666666,-0.088105015291398,48,0.0037807399562182,0.4791666666666667,1.2023047248729497,162,0.013640928276015,0.6111111111111112,2.405030311950575,49,0.0037351491491504,0.4897959183673469,1.204029051172907,348,0.0348858925991387,0.617816091954023,4.119096812284405,D43740,False,0.1420626895854397,True,no_line_overheat_0.45_0.2_0.03
tp15%_all_next_close,all,next_close,1410,2025,S,161226,白银LOF,2025-11-25,2025-11-26,2025-12-10,2025-12-04,1.689,0.2630480167014613,0.1753653444676408,take_profit_15%,6,priority_CSD_g40_t060_r040_noskip,conservative_tp_center15_profit_first,0.9133333333333332,0.3688111318821905,0.2660659663762298,0.576379440665155,-0.0271243163898061,-0.0096919432463279,0.0,0.1333333333333333,-0.0722972200766462,5,-0.0555435207691387,0.2,0.0674196408545275,169,0.0070224920009144,0.5088757396449705,1.3177230701248324,6,-0.0622957044495097,0.1666666666666666,0.0509766315235262,335,0.0014157537736364,0.4686567164179104,1.058032281952345,S10206,False,0.1753653444676408,True,no_line_overheat_0.45_0.2_0.03
tp15%_all_next_close,all,next_close,1411,2025,D,512660,军工ETF,2025-11-26,2025-11-27,2025-12-23,2025-12-23,1.243,0.0734024179620036,0.0734024179620036,original,18,priority_CSD_g40_t060_r040_noskip,conservative_tp_center15_profit_first,65.46154572940287,0.3273626346651626,0.2918701727161434,0.5308767951625096,-0.044486909641446,-0.0102684127928999,0.0,0.2,-0.0772566749139591,2,6.452760060700032e-06,0.5,1.005093378607913,159,0.0134029380156783,0.6037735849056604,2.3549519279603666,9,0.0232943157890035,0.3333333333333333,2.29320921719018,348,0.0348858925991387,0.617816091954023,4.119096812284405,D43740,False,0.0734024179620036,True,no_line_overheat_0.45_0.2_0.03
tp15%_all_next_close,all,next_close,1412,2025,S,161226,白银LOF,2025-11-27,2025-11-28,2025-12-12,2025-12-11,1.937,0.3062827225130891,0.2676701570680628,take_profit_15%,9,priority_CSD_g40_t060_r040_noskip,conservative_tp_center15_profit_first,0.9125,0.3567649931430147,0.2911916266180374,0.4907785336356765,-0.037108928979219,0.0064808096746942,0.0,0.1666666666666666,-0.076321761291437,5,-0.0555435207691387,0.2,0.0674196408545275,169,0.005783301245884,0.5029585798816568,1.2489571999457358,6,-0.0622957044495097,0.1666666666666666,0.0509766315235262,335,0.0005911669548762,0.4656716417910447,1.0236450617366717,S10206,False,0.2676701570680628,True,no_line_overheat_0.45_0.2_0.03
tp15%_all_next_close,all,next_close,1413,2025,S,161226,白银LOF,2025-11-28,2025-12-01,2025-12-15,2025-12-12,1.996,0.2467532467532467,0.2343846629560915,take_profit_15%,9,priority_CSD_g40_t060_r040_noskip,conservative_tp_center15_profit_first,0.91,0.397440157197206,0.3125385398166854,0.3521164021164021,-0.0286695316675329,-0.0007865126952402,0.0,0.0333333333333333,-0.0674611156202452,5,-0.0555435207691387,0.2,0.0674196408545275,169,0.005233230455767,0.4970414201183432,1.2210909011279116,6,-0.0622957044495097,0.1666666666666666,0.0509766315235262,335,0.0001776574396824,0.4626865671641791,1.0070432889663792,S10206,False,0.2343846629560915,True,no_line_overheat_0.45_0.2_0.03
tp15%_all_next_close,all,next_close,1414,2025,S,161226,白银LOF,2025-12-01,2025-12-02,2025-12-16,2025-12-12,1.996,0.2590062111801241,0.2397515527950309,take_profit_15%,8,priority_CSD_g40_t060_r040_noskip,conservative_tp_center15_profit_first,0.896,0.451637650048494,0.2813801229269667,0.3032123960695388,-0.0246546033913736,0.0120668828950658,0.0,0.0,-0.058551770661666,5,-0.0555435207691387,0.2,0.0674196408545275,169,0.0055504787420251,0.4970414201183432,1.2376794530156146,6,-0.0622957044495097,0.1666666666666666,0.0509766315235262,335,-7.057113454828449e-05,0.4597014925373134,0.997216524074068,S10206,False,0.2397515527950309,True,no_line_overheat_0.45_0.2_0.03
tp15%_all_next_close,all,next_close,1415,2025,S,161226,白银LOF,2025-12-02,2025-12-03,2025-12-17,2025-12-12,1.996,0.327575938058368,0.1888028588445502,take_profit_15%,7,priority_CSD_g40_t060_r040_noskip,conservative_tp_center15_profit_first,0.8955555555555554,0.408711789261043,0.2706533907826423,0.381708238851096,-0.018663658744884,0.0023613620053946,0.0,0.0,-0.0643262815405637,5,-0.0555435207691387,0.2,0.0674196408545275,169,0.0053973090306697,0.4970414201183432,1.2296144774214972,6,-0.0622957044495097,0.1666666666666666,0.0509766315235262,335,-0.0003489407909842,0.4567164179104477,0.98634783128503,S10206,False,0.1888028588445502,True,no_line_overheat_0.45_0.2_0.03
tp15%_all_next_close,all,next_close,1416,2025,S,161226,白银LOF,2025-12-03,2025-12-04,2025-12-18,2025-12-15,2.016,0.3806986382474835,0.1936056838365896,take_profit_15%,7,priority_CSD_g40_t060_r040_noskip,conservative_tp_center15_profit_first,0.895,0.4048993843893693,0.2838359801626834,0.3839002267573697,-0.0257228040684862,0.0118011779123219,0.0333333333333333,0.0333333333333333,-0.062897676511674,5,-0.0555435207691387,0.2,0.0674196408545275,169,0.0056041180378846,0.4970414201183432,1.2405288379801536,6,-0.0622957044495097,0.1666666666666666,0.0509766315235262,335,-0.0005768281437189,0.4537313432835821,0.977483595368182,S10206,False,0.1936056838365896,True,no_line_overheat_0.45_0.2_0.03
tp15%_all_next_close,all,next_close,1417,2025,S,161226,白银LOF,2025-12-04,2025-12-05,2025-12-19,2025-12-15,2.016,0.3578886310904874,0.1693735498839907,take_profit_15%,6,priority_CSD_g40_t060_r040_noskip,conservative_tp_center15_profit_first,0.9142857142857144,0.3993029464593712,0.3094579509255292,0.3602418745275889,-0.036901195866713,0.0258654907122007,0.0333333333333333,0.0666666666666666,-0.0673545960227618,5,-0.0555435207691387,0.2,0.0674196408545275,169,0.005611849257685,0.4970414201183432,1.2409406119576327,6,-0.0622957044495097,0.1666666666666666,0.0509766315235262,335,-0.000599610877488,0.4537313432835821,0.9766150712955074,S10206,False,0.1693735498839907,True,no_line_overheat_0.45_0.2_0.03
tp15%_all_next_close,all,next_close,1418,2025,S,161226,白银LOF,2025-12-05,2025-12-08,2025-12-22,2025-12-15,2.016,0.4850057670126875,0.1626297577854671,take_profit_15%,5,priority_CSD_g40_t060_r040_noskip,conservative_tp_center15_profit_first,0.9111111111111112,0.457562668134701,0.2865813050774332,0.3329176114890401,-0.0236990038819307,0.0380183907538036,0.0333333333333333,0.0333333333333333,-0.0593217999411577,5,-0.0555435207691387,0.2,0.0674196408545275,169,0.0055001402637039,0.4970414201183432,1.235017292013458,6,-0.0622957044495097,0.1666666666666666,0.0509766315235262,335,-0.0006529385033525,0.4537313432835821,0.9745881358515336,S10206,False,0.1626297577854671,True,no_line_overheat_0.45_0.2_0.03
tp15%_all_next_close,all,next_close,1419,2025,S,161226,白银LOF,2025-12-08,2025-12-09,2025-12-23,2025-12-15,2.016,0.657694558221182,0.1796372147454652,take_profit_15%,4,priority_CSD_g40_t060_r040_noskip,conservative_tp_center15_profit_first,0.896,0.4789432808621581,0.2555818771174764,0.3389644746787603,-0.0312654860961232,0.0289616094930146,0.0333333333333333,0.0333333333333333,-0.0554039766720098,5,-0.0555435207691387,0.2,0.0674196408545275,169,0.0058621254649239,0.5029585798816568,1.252110766409863,6,-0.0622957044495097,0.1666666666666666,0.0509766315235262,335,-0.0006904401497171,0.4537313432835821,0.9731286006305784,S10206,False,0.1796372147454652,True,no_line_overheat_0.45_0.2_0.03
tp15%_all_next_close,all,next_close,1420,2025,S,161226,白银LOF,2025-12-09,2025-12-10,2025-12-24,2025-12-18,2.332,0.7168044077134987,0.2848484848484849,take_profit_15%,6,priority_CSD_g40_t060_r040_noskip,conservative_tp_center15_profit_first,0.895,0.3903316812128181,0.2773483846076464,0.4404761904761905,-0.0354250754054408,0.0039416831201533,0.0666666666666666,0.0666666666666666,-0.0628179375328711,6,-0.002771115792464,0.3333333333333333,0.9441672808957604,169,0.0076485588117968,0.5088757396449705,1.3323919003382092,7,-0.0160976168008784,0.2857142857142857,0.713893858892615,335,0.00016919162555,0.4567164179104477,1.006605439967008,S10206,False,0.2848484848484849,True,no_line_overheat_0.45_0.2_0.03
tp15%_all_next_close,all,next_close,1421,2025,S,161226,白银LOF,2025-12-10,2025-12-11,2025-12-25,2025-12-18,2.332,0.4475993804852864,0.203923593185338,take_profit_15%,5,priority_CSD_g40_t060_r040_noskip,conservative_tp_center15_profit_first,0.895,0.3788625569190865,0.2631408255947585,0.3951247165532879,-0.0347280743995666,0.0131363411066381,0.0333333333333333,0.0,-0.0580961628607782,7,0.0263367346013393,0.4285714285714285,1.619074367313711,169,0.0092033129715061,0.514792899408284,1.4064140435263233,8,0.0110375649197513,0.375,1.2241975244250327,335,0.0008453962231464,0.4597014925373134,1.0331038124927303,S10206,False,0.203923593185338,True,no_line_overheat_0.45_0.2_0.03
tp15%_all_next_close,all,next_close,1422,2025,D,515210,钢铁ETF,2025-12-11,2025-12-12,2025-12-24,2025-12-24,1.43,-0.00278940027894,-0.00278940027894,original,8,priority_CSD_g40_t060_r040_noskip,conservative_tp_center15_profit_first,61.70068027210885,0.3187597304205297,0.3238165638408197,0.4855253212396071,-0.0486767213376466,0.0089051573426574,0.1333333333333333,0.1666666666666666,-0.0660744479679424,0,,,,148,0.0161459091640049,0.6283783783783784,2.8710574042958656,8,0.0449543788256289,1.0,,348,0.0348858925991387,0.617816091954023,4.119096812284405,D43740,False,-0.00278940027894,True,no_line_overheat_0.45_0.2_0.03
tp15%_all_next_close,all,next_close,1423,2025,S,161226,白银LOF,2025-12-12,2025-12-15,2025-12-29,2025-12-19,2.341,0.2614087301587302,0.1612103174603174,take_profit_15%,4,priority_CSD_g40_t060_r040_noskip,conservative_tp_center15_profit_first,0.9111111111111112,0.3660722487328865,0.2796656506986925,0.386885865457294,-0.0346292910514645,0.0006635700066357,0.1333333333333333,0.0333333333333333,-0.0642418585372019,9,0.0844150869130077,0.5555555555555556,3.551205464920146,169,0.013223094476245,0.5266272189349113,1.6002315084042718,10,0.0663679159365705,0.5,2.6851002193882207,335,0.0029477153147492,0.4656716417910447,1.1171915921504525,S10206,False,0.1612103174603174,True,no_line_overheat_0.45_0.2_0.03
tp15%_all_next_close,all,next_close,1424,2025,S,161226,白银LOF,2025-12-15,2025-12-16,2025-12-30,2025-12-19,2.341,0.1726689689195855,0.1549087321164282,take_profit_15%,3,priority_CSD_g40_t060_r040_noskip,conservative_tp_center15_profit_first,0.9142857142857144,0.3672755679878929,0.2875649481820157,0.4569916855631141,-0.0281992788031434,0.0014245014245014,0.1333333333333333,0.0666666666666666,-0.0693774600556965,10,0.1066018504730159,0.6,4.579707970364541,170,0.0149469746411676,0.5294117647058824,1.6824977170634612,11,0.0881783528980721,0.5454545454545454,3.462760743480757,335,0.004065150534863,0.4686567164179104,1.1629331874375304,S10206,False,0.1549087321164282,True,no_line_overheat_0.45_0.2_0.03
tp15%_all_next_close,all,next_close,1425,2025,D,159813,半导体ETF鹏华,2025-12-16,2025-12-17,2025-12-29,2025-12-29,0.556,0.0334572490706319,0.0334572490706319,original,8,priority_CSD_g40_t060_r040_noskip,conservative_tp_center15_profit_first,66.56746031746033,0.3130349523425458,0.3269530325268931,0.5627362055933485,-0.0326625574087502,-0.0109146066597789,0.2333333333333333,0.0666666666666666,-0.076582244247204,4,0.0169932152647416,0.75,26.761714341348704,148,0.0161459091640049,0.6283783783783784,2.8710574042958656,4,0.0169932152647416,0.75,26.761714341348704,348,0.0348858925991387,0.617816091954023,4.119096812284405,D43740,False,0.0334572490706319,True,no_line_overheat_0.45_0.2_0.03
tp15%_all_next_close,all,next_close,1426,2025,S,161226,白银LOF,2025-12-17,2025-12-18,2026-01-05,2025-12-24,3.116,0.0171526586620927,0.3361921097770155,take_profit_15%,4,priority_CSD_g40_t060_r040_noskip,conservative_tp_center15_profit_first,0.9111111111111112,0.3627738526571893,0.2795995518478111,0.4686696900982615,-0.0223537577263812,-0.0028248587570621,0.1666666666666666,0.0,-0.0624463940582998,12,0.1309814968886275,0.6666666666666666,6.278056690032988,170,0.0193481991665894,0.5411764705882353,1.9450023688106035,12,0.1309814968886275,0.6666666666666666,6.278056690032988,335,0.0059094902860087,0.4746268656716418,1.2400749355321834,S10206,False,0.3361921097770155,True,no_line_overheat_0.45_0.2_0.03
tp15%_all_next_close,all,next_close,1427,2025,S,161226,白银LOF,2025-12-18,2025-12-19,2026-01-06,2025-12-24,3.116,0.1097821443827422,0.3310551046561298,take_profit_15%,3,priority_CSD_g40_t060_r040_noskip,conservative_tp_center15_profit_first,0.9111111111111112,0.3906438603695705,0.3113726433445012,0.4280801209372639,-0.0146778390990263,-0.0119735352936006,0.1333333333333333,0.0333333333333333,-0.065317419066487,13,0.1461041462093767,0.6923076923076923,7.378062169453822,170,0.0219029313803625,0.5470588235294118,2.1036213558226406,13,0.1461041462093767,0.6923076923076923,7.378062169453822,335,0.0069656626367431,0.4776119402985074,1.2838856943189365,S10206,False,0.3310551046561298,True,no_line_overheat_0.45_0.2_0.03
tp15%_all_next_close,all,next_close,1428,2025,S,161226,白银LOF,2025-12-19,2025-12-22,2026-01-07,2025-12-25,2.804,-0.0038834951456311,0.0889320388349512,take_profit_15%,3,priority_CSD_g40_t060_r040_noskip,conservative_tp_center15_profit_first,0.9076923076923076,0.477863543753698,0.2818874869314526,0.3312169312169313,0.0112378966229202,0.009765329136721,0.1,0.0,-0.0602458317948135,14,0.1628608956406701,0.7142857142857143,8.656454564702539,170,0.0246088480845155,0.5529411764705883,2.269812586053092,14,0.1628608956406701,0.7142857142857143,8.656454564702539,335,0.0081721486565976,0.4805970149253731,1.3340099147724347,S10206,False,0.0889320388349512,True,no_line_overheat_0.45_0.2_0.03
tp15%_all_next_close,all,next_close,1429,2025,S,161226,白银LOF,2025-12-22,2025-12-23,2026-01-08,2026-01-08,2.5,-0.1175432403812213,-0.1175432403812213,original,10,priority_CSD_g40_t060_r040_noskip,conservative_tp_center15_profit_first,0.9052631578947368,0.5271706215914721,0.2849639746953915,0.250604686318972,0.0208563158673702,0.006628304652299,0.1,0.0,-0.0518549116480598,15,0.1758627446706579,0.7333333333333333,9.858250574371027,170,0.0270823994514544,0.5588235294117647,2.4245211239138,15,0.1758627446706579,0.7333333333333333,9.858250574371027,335,0.0093189537637698,0.4835820895522388,1.3821074984769182,S10206,False,-0.1175432403812213,True,no_line_overheat_0.45_0.2_0.03
tp15%_all_next_close,all,next_close,1430,2025,S,161226,白银LOF,2025-12-23,2025-12-24,2026-01-09,2026-01-09,2.53,-0.1880616174582799,-0.1880616174582799,original,10,priority_CSD_g40_t060_r040_noskip,conservative_tp_center15_profit_first,0.9052631578947368,0.4985210818764911,0.3057593310802783,0.2532501889644746,0.0142587768843354,0.0130564451900427,0.1,0.0,-0.0527927333666119,16,0.1951841835670347,0.75,11.486908052777148,170,0.0301682853954246,0.5647058823529412,2.6065186903522624,16,0.1951841835670347,0.75,11.486908052777148,335,0.0108208508921431,0.4865671641791044,1.4446769369324108,S10206,False,-0.1880616174582799,True,no_line_overheat_0.45_0.2_0.03
tp15%_all_next_close,all,next_close,1431,2025,S,164701,贵金属LOF,2025-12-24,2025-12-25,2026-01-12,2026-01-12,1.86,-0.0648567119155354,-0.0648567119155354,original,10,priority_CSD_g40_t060_r040_noskip,conservative_tp_center15_profit_first,0.8914285714285713,0.5431781626538587,0.2948916289851819,0.2117535903250188,0.0173242590748081,0.0180773618732005,0.1,0.0,-0.0539081600542228,1,0.0204528853177501,1.0,,170,0.0337745018329997,0.5647058823529412,2.7985565881805043,20,0.0177377824316654,0.65,4.861684362183776,335,0.0129098055828269,0.4895522388059701,1.5332757826873804,S10206,False,-0.0648567119155354,True,no_line_overheat_0.45_0.2_0.03
tp15%_all_next_close,all,next_close,1432,2025,S,159811,5G50ETF,2025-12-25,2025-12-26,2026-01-13,2026-01-13,2.301,0.0087680841736079,0.0087680841736079,original,10,priority_CSD_g40_t060_r040_noskip,conservative_tp_center15_profit_first,0.8427272727272728,0.5852471475917825,0.2982552444707734,0.2043083900226758,0.0270470468774052,0.0191382371565385,0.1,0.0,-0.0519700234290017,21,0.0929116080924527,0.9523809523809524,117.3996626182248,170,0.0376183492893376,0.5647058823529412,3.003248790621893,24,0.0777724195458798,0.875,12.836457640425053,335,0.015176544684925,0.4925373134328358,1.6302166192322871,S10206,False,0.0087680841736079,True,no_line_overheat_0.45_0.2_0.03
tp15%_all_next_close,all,next_close,1433,2025,S,512400,有色金属ETF,2025-12-26,2025-12-29,2026-01-14,2026-01-14,2.148,0.1437699680511184,0.1437699680511184,original,10,priority_CSD_g40_t060_r040_noskip,conservative_tp_center15_profit_first,0.874782608695652,0.6015208613071751,0.2856856559994786,0.2018896447467876,0.0250624749560587,0.0278577915387563,0.1,0.0,-0.0491514471553952,13,0.0369385892753266,0.9230769230769232,94.31918937256847,170,0.0398027249811614,0.5647058823529412,3.1195709590736134,18,0.007048322166522,0.6666666666666666,1.353912707663389,335,0.016583939092167,0.4955223880597015,1.690704015433896,S10206,False,0.1437699680511184,True,no_line_overheat_0.45_0.2_0.03
tp15%_all_next_close,all,next_close,1434,2025,S,512660,军工ETF,2025-12-29,2025-12-30,2026-01-15,2026-01-12,1.682,0.121641791044776,0.2552238805970148,take_profit_15%,7,priority_CSD_g40_t060_r040_noskip,conservative_tp_center15_profit_first,0.8409523809523809,0.5883491573555908,0.2764113979622234,0.3034391534391534,0.0129387662924248,0.0274264637835318,0.1666666666666666,0.0,-0.0444591029023745,0,,,,170,0.0409532989030146,0.5647058823529412,3.1808412131122945,3,-0.059828112106003,0.0,,335,0.0174985478942465,0.4985074626865671,1.7326096660031411,S10206,False,0.2552238805970148,True,no_line_overheat_0.45_0.2_0.03
tp15%_all_next_close,all,next_close,1435,2025,S,512660,军工ETF,2025-12-30,2025-12-31,2026-01-16,2026-01-13,1.552,0.0888565185724692,0.1303714493809178,take_profit_15%,7,priority_CSD_g40_t060_r040_noskip,conservative_tp_center15_profit_first,0.8368421052631579,0.5437718640381791,0.2849493245317722,0.2628495842781557,0.0158353311164386,0.0107738282478766,0.2,0.0,-0.0412427191624272,0,,,,170,0.0417665021955769,0.5647058823529412,3.2241458381989885,3,-0.059828112106003,0.0,,335,0.0182557547493822,0.4985074626865671,1.764311557187987,S10206,False,0.1303714493809178,True,no_line_overheat_0.45_0.2_0.03
tp15%_all_next_close,all,next_close,1436,2025,S,512660,军工ETF,2025-12-31,2026-01-05,2026-01-19,2026-01-13,1.552,0.0845771144278606,0.1030561478322673,take_profit_15%,6,priority_CSD_g40_t060_r040_noskip,conservative_tp_center15_profit_first,0.8342857142857143,0.5809631466826747,0.268247723073159,0.3089947089947089,0.0259121028871908,0.0063097222444113,0.2,0.0,-0.0367222486688529,0,,,,170,0.0418843468418017,0.5647058823529412,3.230421290192252,3,-0.059828112106003,0.0,,335,0.0187278387964092,0.4985074626865671,1.784076244984257,S10206,False,0.1030561478322673,True,no_line_overheat_0.45_0.2_0.03
tp15%_all_next_close,all,next_close,1437,2026,S,512660,军工ETF,2026-01-05,2026-01-06,2026-01-20,2026-01-13,1.552,0.0165175498967653,0.0681348933241567,take_profit_15%,5,priority_CSD_g40_t060_r040_noskip,conservative_tp_center15_profit_first,0.8576923076923076,0.645899588626811,0.2701699656603145,0.3619047619047619,0.0432709296122053,-0.0029221296549212,0.1333333333333333,0.0,-0.036240599424906,0,,,,168,0.042101747659496,0.5654761904761905,3.2412955861558617,3,-0.059828112106003,0.0,,333,0.0194818517577901,0.5045045045045045,1.831960913258556,S04374,False,0.0681348933241567,True,base_exit_guard
tp15%_all_next_close,all,next_close,1438,2026,S,512400,有色金属ETF,2026-01-06,2026-01-07,2026-01-21,2026-01-21,2.253,0.0894584139264991,0.0894584139264991,original,10,priority_CSD_g40_t060_r040_noskip,conservative_tp_center15_profit_first,0.8842857142857142,0.7066794562093467,0.2590422647318019,0.4118669690098261,0.0531379756532488,0.0311462687484632,0.1333333333333333,0.0,-0.0228979557335969,13,0.0369385892753266,0.9230769230769232,94.31918937256847,168,0.0420917370090781,0.5654761904761905,3.240762667029138,18,0.007048322166522,0.6666666666666666,1.353912707663389,333,0.0196386701721002,0.5075075075075075,1.8424463626539829,S04374,False,0.0894584139264991,True,base_exit_guard
tp15%_all_next_close,all,next_close,1439,2026,S,512400,有色金属ETF,2026-01-07,2026-01-08,2026-01-22,2026-01-22,2.236,0.1003937007874016,0.1003937007874016,original,10,priority_CSD_g40_t060_r040_noskip,conservative_tp_center15_profit_first,0.865,0.7084772663136114,0.2476970402913398,0.3717687074829932,0.0409080694593287,0.0290951614913838,0.1,0.0,-0.0173797076776671,13,0.0369385892753266,0.9230769230769232,94.31918937256847,168,0.0425891807012637,0.5654761904761905,3.267244188904992,18,0.007048322166522,0.6666666666666666,1.353912707663389,333,0.0199750470263023,0.5105105105105106,1.8571224036664848,S04374,False,0.1003937007874016,True,base_exit_guard
tp15%_all_next_close,all,next_close,1440,2026,S,512400,有色金属ETF,2026-01-08,2026-01-09,2026-01-23,2026-01-23,2.293,0.0950334288443173,0.0950334288443173,original,10,priority_CSD_g40_t060_r040_noskip,conservative_tp_center15_profit_first,0.8737931034482758,0.7218248256937945,0.2459127571244277,0.3563114134542707,0.0482397350732293,0.0310679299399563,0.1,0.0,-0.0205774128190341,13,0.0369385892753266,0.9230769230769232,94.31918937256847,168,0.0425914513294587,0.5654761904761905,3.267639172567018,18,0.007048322166522,0.6666666666666666,1.353912707663389,333,0.0202202206618694,0.5105105105105106,1.876867645230256,S04374,False,0.0950334288443173,True,base_exit_guard
tp15%_all_next_close,all,next_close,1441,2026,S,512660,军工ETF,2026-01-09,2026-01-12,2026-01-26,2026-01-26,1.503,-0.1064209274673009,-0.1064209274673009,original,10,priority_CSD_g40_t060_r040_noskip,conservative_tp_center15_profit_first,0.864,0.7319259434136863,0.2348242007680461,0.3698790627362056,0.0544493960243497,0.0323763806454148,0.0666666666666666,0.0,-0.0116354263577714,0,,,,169,0.0416439087749576,0.5621301775147929,3.150287292922393,0,,,,333,0.020044085246987,0.5105105105105106,1.862640301076077,S04374,False,-0.1064209274673009,True,base_exit_guard
tp15%_all_next_close,all,next_close,1442,2026,S,512660,军工ETF,2026-01-12,2026-01-13,2026-01-27,2026-01-27,1.525,-0.0173969072164948,-0.0173969072164948,original,10,priority_CSD_g40_t060_r040_noskip,conservative_tp_center15_profit_first,0.8799999999999999,0.7813377890134715,0.2102171759271882,0.3799319727891156,0.0804517013962823,0.0537903493904889,0.0666666666666666,0.0,-0.0075757575757575,0,,,,170,0.040292699797115,0.5588235294117647,2.979110428725208,0,,,,333,0.0195203195569618,0.5105105105105106,1.8215793834290304,S04374,False,-0.0173969072164948,True,base_exit_guard
tp15%_all_next_close,all,next_close,1443,2026,S,512980,传媒ETF,2026-01-13,2026-01-14,2026-01-28,2026-01-28,1.179,-0.1081694402420575,-0.1081694402420575,original,10,priority_CSD_g40_t060_r040_noskip,conservative_tp_center15_profit_first,0.8887499999999999,0.7663101522051288,0.2184711912762742,0.4855631141345427,0.0573573054427062,0.0645402298850574,0.1,0.0,-0.0250979511610955,0,,,,171,0.0396777909566902,0.5555555555555556,2.9243113478204474,16,-0.0682555079359774,0.125,0.1297566001786669,333,0.0192989501113803,0.5075075075075075,1.8056580352754,S04374,False,-0.1081694402420575,True,base_exit_guard
tp15%_all_next_close,all,next_close,1444,2026,S,512980,传媒ETF,2026-01-14,2026-01-15,2026-01-29,2026-01-29,1.232,-0.0214455917394756,-0.0214455917394756,original,10,priority_CSD_g40_t060_r040_noskip,conservative_tp_center15_profit_first,0.891875,0.7692310178315725,0.2124009586874792,0.4667044595616025,0.0680061298353522,0.0538270262407833,0.1,0.0,-0.0214785214785215,0,,,,171,0.0396927340091233,0.5555555555555556,2.9250360626968286,16,-0.0682555079359774,0.125,0.1297566001786669,333,0.0193197502197435,0.5075075075075075,1.8065263609791693,S04374,False,-0.0214455917394756,True,base_exit_guard
tp15%_all_next_close,all,next_close,1445,2026,S,512400,有色金属ETF,2026-01-15,2026-01-16,2026-01-30,2026-01-29,2.595,0.0754022988505747,0.1931034482758622,take_profit_15%,9,priority_CSD_g40_t060_r040_noskip,conservative_tp_center15_profit_first,0.8939393939393939,0.7565250999659224,0.2189760384477422,0.4473544973544973,0.0692651176522144,0.0506819240120597,0.1333333333333333,0.0,-0.0242045454545455,14,0.044569402045026,0.9285714285714286,122.25848649716966,171,0.0404656291105326,0.5555555555555556,2.9625202768744785,19,0.0142441982657113,0.6842105263157895,1.7549696895121143,333,0.0198221070351677,0.5105105105105106,1.8299444607209685,S04374,False,0.1931034482758622,True,base_exit_guard
tp15%_all_next_close,all,next_close,1446,2026,S,512400,有色金属ETF,2026-01-16,2026-01-19,2026-02-02,2026-01-29,2.595,-0.0330730362884703,0.1920073495636196,take_profit_15%,8,priority_CSD_g40_t060_r040_noskip,conservative_tp_center15_profit_first,0.8935483870967742,0.7229280318331242,0.2168076892173305,0.5287981859410431,0.0651302614543456,0.0435582177385456,0.1666666666666666,0.0,-0.0312609901918642,14,0.044569402045026,0.9285714285714286,122.25848649716966,171,0.0413034227529124,0.5614035087719298,3.015511192602371,19,0.0142441982657113,0.6842105263157895,1.7549696895121143,333,0.0201829351235788,0.5105105105105106,1.845052202431673,S04374,False,0.1920073495636196,True,base_exit_guard
tp15%_all_next_close,all,next_close,1447,2026,S,512400,有色金属ETF,2026-01-19,2026-01-20,2026-02-03,2026-01-29,2.595,0.0297619047619046,0.1881868131868131,take_profit_15%,7,priority_CSD_g40_t060_r040_noskip,conservative_tp_center15_profit_first,0.8741935483870968,0.755841965284739,0.2014735579888051,0.4139833711262283,0.0694217454943831,0.049783163265306,0.2,0.0,-0.0223062584952427,14,0.044569402045026,0.9285714285714286,122.25848649716966,171,0.0421534733281434,0.5672514619883041,3.09070178272276,19,0.0142441982657113,0.6842105263157895,1.7549696895121143,333,0.0204484840545938,0.5105105105105106,1.856170640242308,S04374,False,0.1881868131868131,True,base_exit_guard
tp15%_all_next_close,all,next_close,1448,2026,S,512400,有色金属ETF,2026-01-20,2026-01-21,2026-02-04,2026-01-30,2.339,0.0,0.0381713271193961,take_profit_15%,7,priority_CSD_g40_t060_r040_noskip,conservative_tp_center15_profit_first,0.8864516129032257,0.7449412190610688,0.240199442213838,0.4019652305366591,0.0657031500490024,0.0426705269022604,0.1666666666666666,0.0,-0.0313011921518086,14,0.044569402045026,0.9285714285714286,122.25848649716966,171,0.0427447624963375,0.5730994152046783,3.130243502836401,19,0.0142441982657113,0.6842105263157895,1.7549696895121143,333,0.0207001603330816,0.5105105105105106,1.8667082351031992,S04374,False,0.0381713271193961,True,base_exit_guard
tp15%_all_next_close,all,next_close,1449,2026,S,512400,有色金属ETF,2026-01-21,2026-01-22,2026-02-05,2026-01-30,2.339,-0.0411449016100179,0.0460644007155635,take_profit_15%,6,priority_CSD_g40_t060_r040_noskip,conservative_tp_center15_profit_first,0.8933333333333333,0.7336931684098048,0.249833728408301,0.4254346182917611,0.0630284113934239,0.0343809172157842,0.2,0.0,-0.0272849034585189,14,0.044569402045026,0.9285714285714286,122.25848649716966,171,0.043034179924902,0.5789473684210527,3.165476432248218,19,0.0142441982657113,0.6842105263157895,1.7549696895121143,333,0.020769371746424,0.5135135135135135,1.8703206500380816,S04374,False,0.0460644007155635,True,base_exit_guard
tp15%_all_next_close,all,next_close,1450,2026,S,512400,有色金属ETF,2026-01-22,2026-01-23,2026-02-06,2026-02-06,2.153,-0.0610553859572612,-0.0610553859572612,original,10,priority_CSD_g40_t060_r040_noskip,conservative_tp_center15_profit_first,0.875,0.7595779010285693,0.2363621152281677,0.4140211640211641,0.0615174615174616,0.0514888337468981,0.2,0.0,-0.0166346589703528,15,0.0475620028371242,0.9333333333333332,139.6432382702196,171,0.0437538135594605,0.5847953216374269,3.2236740480409045,20,0.0180049090487506,0.7,2.004520565656005,333,0.0211048108796073,0.5165165165165165,1.8868592168604843,S04374,False,-0.0610553859572612,True,base_exit_guard
tp15%_all_next_close,all,next_close,1451,2026,S,512400,有色金属ETF,2026-01-23,2026-01-26,2026-02-09,2026-02-09,2.199,-0.0890637945318973,-0.0890637945318973,original,10,priority_CSD_g40_t060_r040_noskip,conservative_tp_center15_profit_first,0.8775757575757576,0.7553383996725568,0.2447522133244354,0.4148526077097506,0.0647608863246375,0.0430427241513575,0.2,0.0,-0.0165212543662675,16,0.0508639839590166,0.9375,159.15308078990498,171,0.044656614526451,0.5906432748538012,3.306564940564938,21,0.0219281848458293,0.7142857142857143,2.284576235002076,333,0.0214426088497071,0.5195195195195195,1.90243118839447,S04374,False,-0.0890637945318973,True,base_exit_guard
tp15%_all_next_close,all,next_close,1452,2026,S,512400,有色金属ETF,2026-01-26,2026-01-27,2026-02-10,2026-02-10,2.195,-0.081974069427018,-0.081974069427018,original,10,priority_CSD_g40_t060_r040_noskip,conservative_tp_center15_profit_first,0.913939393939394,0.7534102368485359,0.2324103553942338,0.5052532123960696,0.0607457961744342,0.0459915859178685,0.1333333333333333,0.0,-0.0298545765611633,17,0.0534621865993284,0.9411764705882352,177.6212437953176,171,0.0454768732340999,0.5964912280701754,3.3814681433493035,22,0.0252511504821242,0.7272727272727273,2.549679028469247,333,0.021742014143775,0.5225225225225225,1.9155721388097364,S04374,False,-0.081974069427018,True,base_exit_guard
tp15%_all_next_close,all,next_close,1453,2026,S,512400,有色金属ETF,2026-01-27,2026-01-28,2026-02-11,2026-02-11,2.256,-0.1149470380541389,-0.1149470380541389,original,10,priority_CSD_g40_t060_r040_noskip,conservative_tp_center15_profit_first,0.9148387096774192,0.7208919584321798,0.2510916223385619,0.5907407407407407,0.0519593355143735,0.0473093479075729,0.2333333333333333,0.0,-0.032787471395881,17,0.0534621865993284,0.9411764705882352,177.6212437953176,171,0.0450494343111156,0.5964912280701754,3.307436104661783,22,0.0252511504821242,0.7272727272727273,2.549679028469247,333,0.0216992062493312,0.5225225225225225,1.912125204651478,S04374,False,-0.1149470380541389,True,base_exit_guard
tp15%_all_next_close,all,next_close,1454,2026,S,512400,有色金属ETF,2026-01-28,2026-01-29,2026-02-12,2026-02-12,2.271,-0.1248554913294798,-0.1248554913294798,original,10,priority_CSD_g40_t060_r040_noskip,conservative_tp_center15_profit_first,0.9153333333333332,0.7103565077620765,0.2788815515157075,0.5126984126984125,0.0438387635756056,0.0489021842970256,0.2,0.0,-0.0436632016249849,17,0.0534621865993284,0.9411764705882352,177.6212437953176,171,0.0452573045731119,0.5964912280701754,3.343029789601516,22,0.0252511504821242,0.7272727272727273,2.549679028469247,333,0.0216942765850424,0.5225225225225225,1.9117290595450835,S04374,False,-0.1248554913294798,True,base_exit_guard
tp15%_all_next_close,all,next_close,1455,2026,S,512400,有色金属ETF,2026-01-29,2026-01-30,2026-02-13,2026-02-13,2.193,-0.062419837537409,-0.062419837537409,original,10,priority_CSD_g40_t060_r040_noskip,conservative_tp_center15_profit_first,0.8993548387096774,0.7562529495526314,0.2388315238349339,0.512055933484505,0.0511474512100428,0.0627167341939802,0.1,0.0,-0.0408856993720239,17,0.0534621865993284,0.9411764705882352,177.6212437953176,171,0.0448015989299272,0.5964912280701754,3.265977296784416,22,0.0252511504821242,0.7272727272727273,2.549679028469247,333,0.0213833979060834,0.5225225225225225,1.887074311708372,S04374,False,-0.062419837537409,True,base_exit_guard
tp15%_all_next_close,all,next_close,1456,2026,S,512400,有色金属ETF,2026-01-30,2026-02-02,2026-02-24,2026-02-24,2.26,0.0736342042755342,0.0736342042755342,original,10,priority_CSD_g40_t060_r040_noskip,conservative_tp_center15_profit_first,0.8632000000000001,0.6936788584745467,0.2550574251701276,0.6643990929705217,0.0481778326231242,0.0477898831215422,0.1666666666666666,0.0,-0.0555721499182135,17,0.0534621865993284,0.9411764705882352,177.6212437953176,171,0.0447589876204986,0.5964912280701754,3.2589536106022403,22,0.0252511504821242,0.7272727272727273,2.549679028469247,333,0.0215257043933752,0.5225225225225225,1.8982807713821848,S04374,False,0.0736342042755342,True,base_exit_guard
tp15%_all_next_close,all,next_close,1457,2026,S,512980,传媒ETF,2026-02-02,2026-02-03,2026-02-25,2026-02-25,1.169,-0.0457142857142857,-0.0457142857142857,original,10,priority_CSD_g40_t060_r040_noskip,conservative_tp_center15_profit_first,0.85375,0.5165105521276532,0.2998808405286549,0.8207860922146637,-0.0050173403569323,0.0045395590142671,0.3,0.0,-0.0834540833744263,2,-0.0648075159907665,0.0,,171,0.0452735620468619,0.6023391812865497,3.293445830943064,18,-0.0678723977198428,0.1111111111111111,0.1176092917519084,333,0.0217018080639886,0.5225225225225225,1.905629684950399,S04374,False,-0.0457142857142857,True,base_exit_guard
tp15%_all_next_close,all,next_close,1458,2026,S,512980,传媒ETF,2026-02-03,2026-02-04,2026-02-26,2026-02-26,1.155,-0.0253164556962025,-0.0253164556962025,original,10,priority_CSD_g40_t060_r040_noskip,conservative_tp_center15_profit_first,0.8463157894736842,0.5953126218049847,0.2708544243703935,0.6669312169312169,0.0043301265677297,0.0298567690157703,0.1666666666666666,0.0333333333333333,-0.0613996598996495,2,-0.0648075159907665,0.0,,171,0.0449605449614454,0.5964912280701754,3.2554906645847264,18,-0.0678723977198428,0.1111111111111111,0.1176092917519084,334,0.0215378115240112,0.5209580838323353,1.897764176363527,S04374,False,-0.0253164556962025,True,base_exit_guard
tp15%_all_next_close,all,next_close,1459,2026,S,515790,光伏ETF,2026-02-04,2026-02-05,2026-02-27,2026-02-27,1.136,0.0383912248628883,0.0383912248628883,original,10,priority_CSD_g40_t060_r040_noskip,conservative_tp_center15_profit_first,0.861904761904762,0.6473576875055874,0.2406353901896519,0.5374149659863947,0.0142451860679425,0.0282262375708327,0.1333333333333333,0.0,-0.0468104178078781,5,-0.0985874717349614,0.0,,171,0.0453915311361185,0.6023391812865497,3.306845951861473,5,-0.0985874717349614,0.0,,335,0.0215623610560646,0.5223880597014925,1.901478459061941,S04374,False,0.0383912248628883,True,base_exit_guard
tp15%_all_next_close,all,next_close,1460,2026,S,516750,建材ETF,2026-02-05,2026-02-06,2026-03-02,2026-03-02,0.816,0.0161892901618927,0.0161892901618927,original,10,priority_CSD_g40_t060_r040_noskip,conservative_tp_center15_profit_first,0.84,0.615352423573444,0.2419002826227428,0.6404006046863191,0.0023738050567317,0.0207747410726701,0.1,0.0,-0.0614550305610371,0,,,,171,0.045449168279267,0.6023391812865497,3.3165607586051538,0,,,,335,0.0214867541002246,0.5194029850746269,1.898317486018788,S04374,False,0.0161892901618927,True,base_exit_guard
tp15%_all_next_close,all,next_close,1461,2026,S,516750,建材ETF,2026-02-06,2026-02-09,2026-03-03,2026-03-03,0.792,-0.0294117647058822,-0.0294117647058822,original,10,priority_CSD_g40_t060_r040_noskip,conservative_tp_center15_profit_first,0.8218181818181819,0.601591506216628,0.2553098910639416,0.6311791383219955,-0.0088909967735222,0.0302593252952496,0.0666666666666666,0.0333333333333333,-0.0563208376893845,0,,,,171,0.0453126109266123,0.6023391812865497,3.2936358074165133,0,,,,335,0.0212770440022226,0.5164179104477612,1.885005536527922,S04374,False,-0.0294117647058822,True,base_exit_guard
tp15%_all_next_close,all,next_close,1462,2026,S,515790,光伏ETF,2026-02-09,2026-02-10,2026-03-04,2026-03-04,1.11,-0.0133333333333331,-0.0133333333333331,original,10,priority_CSD_g40_t060_r040_noskip,conservative_tp_center15_profit_first,0.8545454545454545,0.6471774263525996,0.2932564746915425,0.4877173091458806,-0.0058181316438521,0.0361769371420267,0.0666666666666666,0.0333333333333333,-0.0406130508368332,5,-0.0985874717349614,0.0,,171,0.0452428297632221,0.6023391812865497,3.2820430206384765,5,-0.0985874717349614,0.0,,335,0.0209391691145239,0.5134328358208955,1.8643990202871703,S04374,False,-0.0133333333333331,True,base_exit_guard
tp15%_all_next_close,all,next_close,1463,2026,S,516750,建材ETF,2026-02-10,2026-02-11,2026-03-05,2026-03-05,0.776,-0.0455104551045509,-0.0455104551045509,original,10,priority_CSD_g40_t060_r040_noskip,conservative_tp_center15_profit_first,0.8111111111111111,0.6443814607630782,0.2616347627639274,0.5096749811035527,-0.0037676179202572,0.0518807944750056,0.0666666666666666,0.0,-0.0419965470464915,0,,,,172,0.04446197729639,0.5988372093023255,3.198027156637085,0,,,,335,0.0205271451951578,0.5104477611940299,1.8381907947719367,S04374,False,-0.0455104551045509,True,base_exit_guard
tp15%_all_next_close,all,next_close,1464,2026,S,516750,建材ETF,2026-02-11,2026-02-12,2026-03-06,2026-03-06,0.783,-0.0297397769516728,-0.0297397769516728,original,10,priority_CSD_g40_t060_r040_noskip,conservative_tp_center15_profit_first,0.8386666666666667,0.6447073183801769,0.2285715780559817,0.4958427815570674,-0.0009354536950421,0.0460181159298828,0.1,0.0,-0.0349218428630193,0,,,,172,0.0441919186292888,0.5988372093023255,3.155893922366484,0,,,,335,0.0201564348873838,0.5074626865671642,1.8149110039980088,S04374,False,-0.0297397769516728,True,base_exit_guard
tp15%_all_next_close,all,next_close,1465,2026,S,159930,能源ETF,2026-02-12,2026-02-13,2026-03-09,2026-03-04,1.865,0.1569478908188584,0.1569478908188584,take_profit_15%,7,priority_CSD_g40_t060_r040_noskip,conservative_tp_center15_profit_first,0.8099999999999999,0.6463019262259525,0.2621448273388347,0.4547619047619048,-0.0031127170505995,0.0524761502973558,0.1666666666666666,0.0,-0.0335925587069227,2,-0.0035510154390218,0.5,0.7266628628732407,172,0.0436885567471499,0.5988372093023255,3.0802539470306614,2,-0.0035510154390218,0.5,0.7266628628732407,335,0.019623915461261,0.5044776119402985,1.7825261428426076,S04374,False,0.1569478908188584,True,base_exit_guard
tp15%_all_next_close,all,next_close,1466,2026,S,159930,能源ETF,2026-02-13,2026-02-24,2026-03-10,2026-03-10,1.788,0.0604982206405695,0.0604982206405695,original,10,priority_CSD_g40_t060_r040_noskip,conservative_tp_center15_profit_first,0.8092307692307692,0.6016409175998,0.2786891124696078,0.5574452003023432,-0.0070073899024693,0.0490338349185782,0.2,0.0,-0.046052756158988,2,-0.0035510154390218,0.5,0.7266628628732407,172,0.0429626527277924,0.5988372093023255,2.977344110230568,2,-0.0035510154390218,0.5,0.7266628628732407,335,0.0190741318038647,0.5014925373134328,1.7494643805453962,S04374,False,0.0604982206405695,True,base_exit_guard
tp15%_all_next_close,all,next_close,1467,2026,S,159930,能源ETF,2026-02-24,2026-02-25,2026-03-11,2026-03-04,1.865,0.0826347305389223,0.1167664670658683,take_profit_15%,5,priority_CSD_g40_t060_r040_noskip,conservative_tp_center15_profit_first,0.8153846153846154,0.6461351128591386,0.2416370083214319,0.4188586545729403,-0.0038949900870998,0.0662896324777204,0.1666666666666666,0.0,-0.0321029329799875,2,-0.0035510154390218,0.5,0.7266628628732407,166,0.0424516933215394,0.5783132530120482,2.854692303759683,2,-0.0035510154390218,0.5,0.7266628628732407,334,0.0187232840202805,0.497005988023952,1.7281517806123508,S04374,False,0.1167664670658683,True,base_exit_guard
tp15%_all_next_close,all,next_close,1468,2026,S,159663,机床ETF,2026-02-25,2026-02-26,2026-03-12,2026-03-12,0.986,0.0281543274244004,0.0281543274244004,original,10,priority_CSD_g40_t060_r040_noskip,conservative_tp_center15_profit_first,0.8863157894736843,0.6965531191008646,0.2503752930410056,0.3645502645502645,1.638944228543604e-05,0.1057805387522489,0.1666666666666666,0.0,-0.0286419042250294,0,,,,166,0.0429480496797594,0.5843373493975904,2.880714388902136,16,-0.0305054685013587,0.0625,0.0367328212350583,334,0.0188887852332475,0.497005988023952,1.7345881516456017,S04374,False,0.0281543274244004,True,base_exit_guard
tp15%_all_next_close,all,next_close,1469,2026,S,159663,机床ETF,2026-02-26,2026-02-27,2026-03-13,2026-03-13,0.947,-0.0287179487179487,-0.0287179487179487,original,10,priority_CSD_g40_t060_r040_noskip,conservative_tp_center15_profit_first,0.8919999999999999,0.6950242228271724,0.2561016196757917,0.3711640211640212,0.0052976197073465,0.1037668980635733,0.1666666666666666,0.0,-0.0336632235378148,0,,,,166,0.0428435060870338,0.5843373493975904,2.867586546466499,16,-0.0305054685013587,0.0625,0.0367328212350583,334,0.0187353687135121,0.4940119760479042,1.72476393664357,S04374,False,-0.0287179487179487,True,base_exit_guard
tp15%_all_next_close,all,next_close,1470,2026,S,159663,机床ETF,2026-02-27,2026-03-02,2026-03-16,2026-03-16,0.934,-0.0508130081300812,-0.0508130081300812,original,10,priority_CSD_g40_t060_r040_noskip,conservative_tp_center15_profit_first,0.8911111111111112,0.7154454947578608,0.2475249056053315,0.3463718820861677,0.00811339728842,0.1088202794219008,0.1666666666666666,0.0,-0.0282901031147017,0,,,,166,0.0428792503298277,0.5843373493975904,2.87206157264708,16,-0.0305054685013587,0.0625,0.0367328212350583,334,0.0186189379222917,0.4910179640718562,1.7181541393688942,S04374,False,-0.0508130081300812,True,base_exit_guard
tp15%_all_next_close,all,next_close,1471,2026,S,159663,机床ETF,2026-03-02,2026-03-03,2026-03-17,2026-03-17,0.907,-0.0391949152542372,-0.0391949152542372,original,10,priority_CSD_g40_t060_r040_noskip,conservative_tp_center15_profit_first,0.8922222222222222,0.6592699522394411,0.318334833761666,0.3907407407407406,0.0009485403713654,0.0975173816557347,0.2333333333333333,0.0666666666666666,-0.0277649825224028,0,,,,166,0.0432620723633656,0.5903614457831325,2.901355468793843,16,-0.0305054685013587,0.0625,0.0367328212350583,334,0.0182608551596659,0.4910179640718562,1.7043424698048375,S04374,False,-0.0391949152542372,True,base_exit_guard
tp15%_all_next_close,all,next_close,1472,2026,S,159930,能源ETF,2026-03-03,2026-03-04,2026-03-18,2026-03-18,1.752,-0.0605898123324396,-0.0605898123324396,original,10,priority_CSD_g40_t060_r040_noskip,conservative_tp_center15_profit_first,0.8953846153846153,0.5471346914730462,0.302647721671331,0.6766061980347695,-0.0176984719727095,0.0743372843031588,0.2333333333333333,0.1333333333333333,-0.0520856670606642,2,-0.0035510154390218,0.5,0.7266628628732407,166,0.043603518674859,0.5963855421686747,2.9371284033033387,2,-0.0035510154390218,0.5,0.7266628628732407,334,0.0182631917766339,0.4910179640718562,1.704432595845042,S04374,False,-0.0605898123324396,True,base_exit_guard
tp15%_all_next_close,all,next_close,1473,2026,S,159930,能源ETF,2026-03-04,2026-03-05,2026-03-19,2026-03-19,1.805,-0.0190217391304348,-0.0190217391304348,original,10,priority_CSD_g40_t060_r040_noskip,conservative_tp_center15_profit_first,0.8945454545454545,0.5370026720930478,0.329833160850049,0.7439909297052155,-0.0180298853909762,0.063446122770742,0.2333333333333333,0.2333333333333333,-0.0640450207954881,2,-0.0035510154390218,0.5,0.7266628628732407,166,0.0436464646940867,0.5963855421686747,2.942742916530026,2,-0.0035510154390218,0.5,0.7266628628732407,334,0.01660309767311,0.4880239520958084,1.6382330438442394,S04374,False,-0.0190217391304348,True,base_exit_guard
tp15%_all_next_close,all,next_close,1474,2026,S,159663,机床ETF,2026-03-05,2026-03-06,2026-03-20,2026-03-20,0.877,-0.1123481781376518,-0.1123481781376518,original,10,priority_CSD_g40_t060_r040_noskip,conservative_tp_center15_profit_first,0.8933333333333333,0.5526861470365972,0.3063491785128931,0.6008692365835224,-0.015554778064174,0.0630402073977591,0.2666666666666666,0.1333333333333333,-0.0643378371808301,0,,,,166,0.0437141556051511,0.5963855421686747,2.9516361448292003,16,-0.0305054685013587,0.0625,0.0367328212350583,334,0.0158435283763294,0.4850299401197604,1.608101578732185,S04374,False,-0.1123481781376518,True,base_exit_guard
tp15%_all_next_close,all,next_close,1475,2026,S,159663,机床ETF,2026-03-06,2026-03-09,2026-03-23,2026-03-23,0.838,-0.1431492842535787,-0.1431492842535787,original,10,priority_CSD_g40_t060_r040_noskip,conservative_tp_center15_profit_first,0.9188235294117648,0.5992744885751852,0.2836372114020933,0.5067271352985638,-0.0031057097396069,0.0881271292341171,0.2333333333333333,0.1,-0.0580789903061714,0,,,,166,0.0438430421123087,0.5963855421686747,2.9687187169882647,16,-0.0305054685013587,0.0625,0.0367328212350583,334,0.0152284829653771,0.4820359281437126,1.5814541732533902,S04374,False,-0.1431492842535787,True,base_exit_guard
tp15%_all_next_close,all,next_close,1476,2026,S,159663,机床ETF,2026-03-09,2026-03-10,2026-03-24,2026-03-24,0.857,-0.1489572989076464,-0.1489572989076464,original,10,priority_CSD_g40_t060_r040_noskip,conservative_tp_center15_profit_first,0.8658823529411765,0.5993831422936912,0.2993225147723946,0.7043083900226758,-0.008015873015873,0.0870725652919335,0.2666666666666666,0.1,-0.0637944997182983,0,,,,166,0.0439290059857993,0.5963855421686747,2.980222685443334,16,-0.0305054685013587,0.0625,0.0367328212350583,334,0.0146543284445577,0.4790419161676646,1.557635959994888,S04374,False,-0.1489572989076464,True,base_exit_guard
tp15%_all_next_close,all,next_close,1477,2026,S,159663,机床ETF,2026-03-10,2026-03-11,2026-03-25,2026-03-25,0.878,-0.1324110671936759,-0.1324110671936759,original,10,priority_CSD_g40_t060_r040_noskip,conservative_tp_center15_profit_first,0.9224,0.7096647053678766,0.3567326765772151,0.5129251700680273,0.0457983547100343,0.0968480415421982,0.2666666666666666,0.0333333333333333,-0.0602377471007325,0,,,,166,0.0452373165342964,0.6024096385542169,3.073106345858209,16,-0.0305054685013587,0.0625,0.0367328212350583,334,0.0153976177916339,0.4820359281437126,1.592079513050426,S04374,False,-0.1324110671936759,True,base_exit_guard
tp15%_all_next_close,all,next_close,1478,2026,S,159663,机床ETF,2026-03-11,2026-03-12,2026-03-26,2026-03-26,0.849,-0.13894523326572,-0.13894523326572,original,10,priority_CSD_g40_t060_r040_noskip,conservative_tp_center15_profit_first,0.8958333333333333,0.6464325749032324,0.3629873239482997,0.4730914588057446,0.0152744492760005,0.0857594607594607,0.2666666666666666,0.0666666666666666,-0.0540307610713337,0,,,,166,0.0459400904326725,0.608433734939759,3.1384687570677854,16,-0.0305054685013587,0.0625,0.0367328212350583,334,0.0151581038780769,0.4820359281437126,1.5828695636136594,S04374,False,-0.13894523326572,True,base_exit_guard
tp15%_all_next_close,all,next_close,1479,2026,S,159663,机床ETF,2026-03-12,2026-03-13,2026-03-27,2026-03-27,0.867,-0.0844772967265047,-0.0844772967265047,original,10,priority_CSD_g40_t060_r040_noskip,conservative_tp_center15_profit_first,0.8845454545454545,0.6138909853890203,0.3211357312182056,0.4617157974300832,0.004219315219556,0.0737117567694116,0.2333333333333333,0.1,-0.0447024850746797,0,,,,166,0.0469847066301665,0.6144578313253012,3.244218585094916,16,-0.0305054685013587,0.0625,0.0367328212350583,334,0.0155045518150411,0.4850299401197604,1.598470565527734,S04374,False,-0.0844772967265047,True,base_exit_guard
tp15%_all_next_close,all,next_close,1480,2026,S,159930,能源ETF,2026-03-13,2026-03-16,2026-03-30,2026-03-30,1.758,-0.0217028380634389,-0.0217028380634389,original,10,priority_CSD_g40_t060_r040_noskip,conservative_tp_center15_profit_first,0.8709090909090909,0.5818500393541339,0.3215642778945592,0.6232804232804233,0.0028988481949501,0.0655512264957675,0.2333333333333333,0.1,-0.0593590458863129,5,0.0585957622240613,0.8,12.275928089527715,166,0.0481200058526716,0.6204819277108434,3.409591532423074,5,0.0585957622240613,0.8,12.275928089527715,334,0.0154239218200162,0.4850299401197604,1.5953582744214392,S04374,False,-0.0217028380634389,True,base_exit_guard
tp15%_all_next_close,all,next_close,1481,2026,S,159930,能源ETF,2026-03-16,2026-03-17,2026-03-31,2026-03-31,1.714,-0.0277935337492909,-0.0277935337492909,original,10,priority_CSD_g40_t060_r040_noskip,conservative_tp_center15_profit_first,0.897142857142857,0.5679810436804478,0.3654939424982153,0.6184807256235828,0.0007208263265782,0.0675698816419038,0.2333333333333333,0.0666666666666666,-0.070711628473513,5,0.0585957622240613,0.8,12.275928089527715,166,0.0485539113944714,0.6204819277108434,3.485319366096,5,0.0585957622240613,0.8,12.275928089527715,334,0.015169299748335,0.4820359281437126,1.583593075948111,S04374,False,-0.0277935337492909,True,base_exit_guard
tp15%_all_next_close,all,next_close,1482,2026,S,159611,电力ETF,2026-03-17,2026-03-18,2026-04-01,2026-04-01,1.103,-0.0349956255468066,-0.0349956255468066,original,10,priority_CSD_g40_t060_r040_noskip,conservative_tp_center15_profit_first,0.8538461538461539,0.4912254859040119,0.3595950033105584,0.7151549508692366,-0.0291476933918794,0.0608642368837214,0.2666666666666666,0.1,-0.0836438195493986,0,,,,166,0.0492608953328691,0.6204819277108434,3.616182673043488,0,,,,334,0.0148510872875413,0.4790419161676646,1.5680261955414592,S04374,False,-0.0349956255468066,True,base_exit_guard
tp15%_all_next_close,all,next_close,1483,2026,S,159611,电力ETF,2026-03-18,2026-03-19,2026-04-02,2026-04-02,1.09,-0.0455341506129596,-0.0455341506129596,original,10,priority_CSD_g40_t060_r040_noskip,conservative_tp_center15_profit_first,0.8813333333333333,0.5277018893792063,0.3537096407926147,0.7201436130007558,-0.0183741731408358,0.0662531519472028,0.2333333333333333,0.1333333333333333,-0.0870531750028585,0,,,,166,0.0494015781478933,0.6204819277108434,3.643404306456532,0,,,,334,0.0145168481853373,0.4760479041916167,1.552761154069228,S04374,False,-0.0455341506129596,True,base_exit_guard
tp15%_all_next_close,all,next_close,1484,2026,D,512400,有色金属ETF,2026-03-19,2026-03-20,2026-07-31,2026-05-08,2.206,-0.0652060511215441,0.1507563901930098,take_profit_15%,31,priority_CSD_g40_t060_r040_noskip,conservative_tp_center15_profit_first,85.28297430083144,0.4181956225635639,0.4015282206774558,0.8005668934240364,-0.0403361319501135,0.0509197304362425,0.3,0.2,-0.1039539071257713,0,,,,122,0.0211492513188929,0.6639344262295082,3.731274528497892,2,0.1072687660922954,1.0,,369,0.0328460964849252,0.6151761517615176,3.86816795019451,D43740,False,0.1507563901930098,True,base_exit_guard
tp15%_all_next_close,all,next_close,1485,2026,D,515210,钢铁ETF,2026-03-20,2026-03-23,2026-08-03,2026-08-03,1.193,-0.130466472303207,-0.130466472303207,original,90,priority_CSD_g40_t060_r040_noskip,conservative_tp_center15_profit_first,89.24036281179139,0.3714366128647531,0.5112635229460696,0.8610733182161755,-0.0512276534164291,0.0543302009509285,0.4333333333333333,0.4,-0.1196885509254764,4,0.0108702926316326,0.5,4.310523539941997,121,0.0208497508406837,0.6611570247933884,3.670525723521313,10,0.0251586070779818,0.8,20.15499512898142,368,0.0326638533159435,0.6141304347826086,3.844524530760704,D43740,False,-0.130466472303207,True,base_exit_guard
tp15%_all_next_close,all,next_close,1486,2026,D,515210,钢铁ETF,2026-03-23,2026-03-24,2026-08-04,2026-08-04,1.178,-0.1710063335679099,-0.1710063335679099,original,90,priority_CSD_g40_t060_r040_noskip,conservative_tp_center15_profit_first,96.74272486772487,0.2420833008898053,0.5483867265401208,0.9635298563869996,-0.079433062343757,-0.0088995740490633,0.6333333333333333,0.5,-0.1475594361324829,4,0.0108702926316326,0.5,4.310523539941997,120,0.0207993893045778,0.6583333333333333,3.642058051040604,9,0.013991372662851,0.7777777777777778,10.58734348593184,367,0.0324104476933326,0.6130790190735694,3.814787038021194,D43740,False,-0.1710063335679099,True,base_exit_guard
tp15%_all_next_close,all,next_close,1487,2026,D,512400,有色金属ETF,2026-03-24,2026-03-25,2026-08-05,2026-08-05,1.903,-0.0251024590163934,-0.0251024590163934,original,90,priority_CSD_g40_t060_r040_noskip,conservative_tp_center15_profit_first,83.71315192743765,0.2821541438311463,0.5194058633344565,0.8538548752834468,-0.0627662798367114,0.013082677107597,0.5333333333333333,0.4,-0.1358413773680367,0,,,,119,0.0208543400587812,0.6554621848739496,3.6269628934403633,2,0.1072687660922954,1.0,,366,0.0323734100397814,0.6120218579234973,3.803909432037349,D43740,False,-0.0251024590163934,True,base_exit_guard
tp15%_all_next_close,all,next_close,1488,2026,D,159930,能源ETF,2026-03-25,2026-03-26,2026-08-06,2026-08-06,1.68,-0.04,-0.04,original,90,priority_CSD_g40_t060_r040_noskip,conservative_tp_center15_profit_first,76.77248677248677,0.3408133764012526,0.5096502169460747,0.7270975056689344,-0.063656423104328,0.0279902193890851,0.4,0.4333333333333333,-0.1208611541040153,0,,,,118,0.0207287805956898,0.652542372881356,3.58920411130655,10,-0.0380003118282602,0.3,0.1602134884012359,365,0.0322846009374401,0.6109589041095891,3.788577604298808,D43740,False,-0.04,True,base_exit_guard
tp15%_all_next_close,all,next_close,1489,2026,D,512660,军工ETF,2026-03-26,2026-03-27,2026-08-07,2026-08-07,1.154,-0.1095679012345679,-0.1095679012345679,original,90,priority_CSD_g40_t060_r040_noskip,conservative_tp_center15_profit_first,85.56358654572941,0.2756048971221325,0.5574657255363261,0.8166666666666668,-0.0772445004791122,5.990347946410735e-05,0.4666666666666667,0.5,-0.1244261381904099,4,0.0319246536016593,0.75,51.39838648582317,117,0.0208451168595639,0.6495726495726496,3.5816699623619463,11,0.0306667773625043,0.4545454545454545,3.080832625841918,364,0.0321406113140014,0.6098901098901099,3.768534657545992,D43740,False,-0.1095679012345679,True,base_exit_guard
tp15%_all_next_close,all,next_close,1490,2026,S,159811,5G50ETF,2026-04-20,2026-04-21,2026-05-08,2026-05-08,2.97,0.0745296671490594,0.0745296671490594,original,10,priority_CSD_g40_t060_r040_noskip,conservative_tp_center15_profit_first,0.8917647058823529,0.4624507702477571,0.3917204960407902,0.4235449735449736,0.0129911573842972,-0.0084781641834448,0.2,0.0,-0.0846158443654185,21,0.0896713914054065,0.9523809523809524,113.34031915269324,165,0.0395227846554409,0.5515151515151515,2.4606222422870823,24,0.0757908470854647,0.875,12.534875169079928,333,0.0117482918788243,0.4474474474474474,1.4101802857852233,S04374,False,0.0745296671490594,True,base_exit_guard
tp15%_all_next_close,all,next_close,1491,2026,S,159811,5G50ETF,2026-04-21,2026-04-22,2026-05-11,2026-05-11,3.076,0.0647282796815507,0.0647282796815507,original,10,priority_CSD_g40_t060_r040_noskip,conservative_tp_center15_profit_first,0.8891666666666667,0.5610002545897094,0.3796820789721817,0.395880574452003,0.0519737379743951,-0.0008715933060147,0.2,0.0,-0.0839475816925077,21,0.0896713914054065,0.9523809523809524,113.34031915269324,165,0.0393790140669916,0.5454545454545454,2.4533873397000114,24,0.0757908470854647,0.875,12.534875169079928,333,0.0115301122468595,0.4444444444444444,1.402313749701846,S04374,False,0.0647282796815507,True,base_exit_guard
tp15%_all_next_close,all,next_close,1492,2026,S,159811,5G50ETF,2026-04-22,2026-04-23,2026-05-12,2026-05-12,3.087,0.0759846636458696,0.0759846636458696,original,10,priority_CSD_g40_t060_r040_noskip,conservative_tp_center15_profit_first,0.8978947368421053,0.5317241173592256,0.3796352063587787,0.3789871504157218,0.0373992777431639,-0.0073371604472083,0.2,0.0,-0.0813899524306764,21,0.0896713914054065,0.9523809523809524,113.34031915269324,165,0.0395974873184191,0.5515151515151515,2.472676659603448,24,0.0757908470854647,0.875,12.534875169079928,333,0.0116362653197222,0.4474474474474474,1.4074427589823808,S04374,False,0.0759846636458696,True,base_exit_guard
tp15%_all_next_close,all,next_close,1493,2026,S,159811,5G50ETF,2026-04-23,2026-04-24,2026-05-13,2026-05-13,3.227,0.1607913669064749,0.1607913669064749,take_profit_15%,10,priority_CSD_g40_t060_r040_noskip,conservative_tp_center15_profit_first,0.8979999999999999,0.4865207501539104,0.3746046646725531,0.5273242630385488,0.0175996310083381,-0.02648830117525,0.2333333333333333,0.0,-0.0881659483114104,21,0.0896713914054065,0.9523809523809524,113.34031915269324,165,0.0396105316088244,0.5515151515151515,2.4731617919520383,24,0.0757908470854647,0.875,12.534875169079928,333,0.0117752433222256,0.4504504504504504,1.41418419133197,S04374,False,0.1607913669064749,True,base_exit_guard
tp15%_all_next_close,all,next_close,1494,2026,S,159811,5G50ETF,2026-04-27,2026-04-28,2026-05-15,2026-05-14,3.153,0.115702479338843,0.1329500538986705,take_profit_15%,9,priority_CSD_g40_t060_r040_noskip,conservative_tp_center15_profit_first,0.8822222222222222,0.4563950672079859,0.3867929901777855,0.4723356009070295,0.0089880821010814,-0.0391938997821351,0.3666666666666666,0.0,-0.0898952778261845,22,0.0926763714310318,0.9545454545454546,122.63376565873928,165,0.0405283937754585,0.5515151515151515,2.507298154662767,26,0.0800091521326272,0.8846153846153846,14.191613313049675,333,0.0124608006568506,0.4534534534534534,1.4382980888101988,S04374,False,0.1329500538986705,True,base_exit_guard
tp15%_all_next_close,all,next_close,1495,2026,S,159811,5G50ETF,2026-04-28,2026-04-29,2026-05-18,2026-05-14,3.153,0.1335237415208852,0.1256694037843626,take_profit_15%,8,priority_CSD_g40_t060_r040_noskip,conservative_tp_center15_profit_first,0.8811764705882352,0.4503160659758898,0.3747670255758786,0.5275888133030991,0.0111783096219006,-0.0501562994443014,0.4,0.0,-0.0783587351678138,23,0.0935483367046256,0.9565217391304348,129.35900919722684,165,0.0410261542592616,0.5515151515151515,2.5258104466341007,27,0.0812210936359998,0.8888888888888888,14.906488893339896,333,0.0126889293861038,0.4534534534534534,1.446322323270561,S04374,False,0.1256694037843626,True,base_exit_guard
tp15%_all_next_close,all,next_close,1496,2026,S,159811,5G50ETF,2026-04-29,2026-04-30,2026-05-19,2026-05-14,3.153,0.1397348620566105,0.129702615549982,take_profit_15%,7,priority_CSD_g40_t060_r040_noskip,conservative_tp_center15_profit_first,0.8839999999999999,0.5060611711397989,0.34107181390272,0.457482993197279,0.0310912184006176,-0.0438073985697767,0.2666666666666666,0.0,-0.071249363710685,24,0.0924975782734747,0.9583333333333334,133.43538978401048,165,0.041414039895795,0.5515151515151515,2.5402363651002045,28,0.0807607022331786,0.8928571428571429,15.339797355819176,333,0.0126523737996261,0.4534534534534534,1.4450365115374508,S04374,False,0.129702615549982,True,base_exit_guard
tp15%_all_next_close,all,next_close,1497,2026,S,159811,5G50ETF,2026-04-30,2026-05-06,2026-05-20,2026-05-20,3.212,0.1242562128106405,0.1242562128106405,original,10,priority_CSD_g40_t060_r040_noskip,conservative_tp_center15_profit_first,0.8342857142857142,0.5155826760904595,0.3638467593930061,0.4240740740740741,0.0312168109258026,-0.034338245643774,0.3,0.0,-0.0757443897687145,25,0.0925804027705154,0.96,139.07705784631162,165,0.0419345938419261,0.5515151515151515,2.5595963724756023,29,0.0812368225251205,0.896551724137931,15.939491732202956,333,0.0128163876640394,0.4534534534534534,1.450805560035244,S04374,False,0.1242562128106405,True,base_exit_guard
tp15%_all_next_close,all,next_close,1498,2026,S,159811,5G50ETF,2026-05-06,2026-05-07,2026-05-21,2026-05-21,3.09,0.0467479674796746,0.0467479674796746,original,10,priority_CSD_g40_t060_r040_noskip,conservative_tp_center15_profit_first,0.8428571428571427,0.5956468423462011,0.3555517049973327,0.4131519274376418,0.0543007384202283,-0.0133908235055929,0.2,0.0,-0.06387093608512,24,0.0813414651783532,0.9583333333333334,117.46238580050388,162,0.0399316591106853,0.5432098765432098,2.458102990428175,30,0.0804889689063013,0.9,16.312373533957338,330,0.0128516510417634,0.4545454545454545,1.451657472385566,S04374,False,0.0467479674796746,True,base_exit_guard
tp15%_all_next_close,all,next_close,1499,2026,S,159813,半导体ETF鹏华,2026-05-07,2026-05-08,2026-05-22,2026-05-21,0.79,0.1623563218390806,0.1350574712643679,take_profit_15%,9,priority_CSD_g40_t060_r040_noskip,conservative_tp_center15_profit_first,0.8536363636363635,0.6525847405177817,0.3412227327813903,0.3682161753590325,0.0853145659093544,-0.0116372399134909,0.1333333333333333,0.0,-0.0601211621132644,1,0.0751341681574238,1.0,,162,0.039788355356032,0.5432098765432098,2.45287025936082,4,-0.0218928551163263,0.25,0.4617798859487229,330,0.0130822361723066,0.4575757575757576,1.4613079841885752,S04374,False,0.1350574712643679,True,base_exit_guard
tp15%_all_next_close,all,next_close,1500,2026,S,159663,机床ETF,2026-05-08,2026-05-11,2026-05-25,2026-05-25,1.223,0.0690559440559441,0.0690559440559441,original,10,priority_CSD_g40_t060_r040_noskip,conservative_tp_center15_profit_first,0.8909090909090909,0.6645548682660026,0.3570817136990094,0.4756991685563115,0.0689219913357845,0.0037799096748856,0.2333333333333333,0.0,-0.0576603434304,10,-0.0850859903162644,0.1,0.0320294330224866,162,0.0387426288658352,0.5432098765432098,2.414685596952993,26,-0.051497976891707,0.0769230769230769,0.0337492730919178,330,0.0134447378079023,0.4606060606060606,1.476838018458433,S04374,False,0.0690559440559441,True,base_exit_guard
tp15%_all_next_close,all,next_close,1501,2026,S,159663,机床ETF,2026-05-11,2026-05-12,2026-05-26,2026-05-26,1.206,0.06631299734748,0.06631299734748,original,10,priority_CSD_g40_t060_r040_noskip,conservative_tp_center15_profit_first,0.8904761904761904,0.6530361233844938,0.3296616321169441,0.3944444444444444,0.0343028201269384,0.040396112916353,0.1666666666666666,0.0,-0.051213365085089,10,-0.0850859903162644,0.1,0.0320294330224866,162,0.0385606398539602,0.5432098765432098,2.408040275212054,26,-0.051497976891707,0.0769230769230769,0.0337492730919178,330,0.013773423622244,0.4636363636363636,1.4902835793409666,S04374,False,0.06631299734748,True,base_exit_guard
tp15%_all_next_close,all,next_close,1502,2026,S,159813,半导体ETF鹏华,2026-05-12,2026-05-13,2026-05-27,2026-05-27,0.842,0.1035386631716905,0.1035386631716905,original,10,priority_CSD_g40_t060_r040_noskip,conservative_tp_center15_profit_first,0.8809090909090909,0.6164102207002198,0.3439031398602078,0.5211640211640212,0.0345770410087395,0.0039408866995074,0.2333333333333333,0.0,-0.0557472526883737,1,0.0751341681574238,1.0,,162,0.0381338036813465,0.5432098765432098,2.392454368851745,4,-0.0218928551163263,0.25,0.4617798859487229,330,0.0141944211765578,0.4666666666666667,1.5093463031827006,S04374,False,0.1035386631716905,True,base_exit_guard
tp15%_all_next_close,all,next_close,1503,2026,S,159813,半导体ETF鹏华,2026-05-13,2026-05-14,2026-05-28,2026-05-26,0.865,0.1345895020188425,0.1641991924629879,take_profit_15%,8,priority_CSD_g40_t060_r040_noskip,conservative_tp_center15_profit_first,0.8799999999999999,0.5767512648666772,0.3171577755795939,0.4121693121693123,0.0307028468109443,-0.0062137226746158,0.2,0.0,-0.0537639767373931,1,0.0751341681574238,1.0,,162,0.0376154787760305,0.5432098765432098,2.373527754949733,4,-0.0218928551163263,0.25,0.4617798859487229,330,0.0146234432943116,0.4696969696969697,1.5285106999422489,S04374,False,0.1641991924629879,True,base_exit_guard
tp15%_all_next_close,all,next_close,1504,2026,S,159813,半导体ETF鹏华,2026-05-14,2026-05-15,2026-05-29,2026-05-26,0.865,0.077027027027027,0.1689189189189188,take_profit_15%,7,priority_CSD_g40_t060_r040_noskip,conservative_tp_center15_profit_first,0.8778947368421053,0.4890943591134188,0.3450267189221681,0.6636054421768708,0.0125529377632759,-0.0140741079040311,0.3333333333333333,0.0,-0.07551287713794,1,0.0751341681574238,1.0,,162,0.0376613731305058,0.5432098765432098,2.3752035855311435,4,-0.0218928551163263,0.25,0.4617798859487229,330,0.0153545073458917,0.4727272727272727,1.559865802535735,S04374,False,0.1689189189189188,True,base_exit_guard
tp15%_all_next_close,all,next_close,1505,2026,S,159813,半导体ETF鹏华,2026-05-15,2026-05-18,2026-06-01,2026-05-26,0.865,0.0053404539385848,0.1548731642189587,take_profit_15%,6,priority_CSD_g40_t060_r040_noskip,conservative_tp_center15_profit_first,0.8752941176470588,0.4358834161531674,0.3444307420182133,0.6978080120937264,-0.0046649703138253,-0.0095772958028345,0.3666666666666666,0.0333333333333333,-0.0834919288396582,1,0.0751341681574238,1.0,,162,0.0379318118422614,0.5432098765432098,2.385078644647655,4,-0.0218928551163263,0.25,0.4617798859487229,330,0.0159615542840757,0.4757575757575757,1.5874152800772394,S04374,False,0.1548731642189587,True,base_exit_guard
tp15%_all_next_close,all,next_close,1506,2026,S,159663,机床ETF,2026-05-18,2026-05-19,2026-06-02,2026-06-02,1.131,-0.0308483290488431,-0.0308483290488431,original,10,priority_CSD_g40_t060_r040_noskip,conservative_tp_center15_profit_first,0.88,0.4062099220211216,0.3845820992093473,0.7102796674225246,-0.0068361534637897,-0.0342462449250528,0.4333333333333333,0.1,-0.0942403556442281,10,-0.0850859903162644,0.1,0.0320294330224866,162,0.0380573155000201,0.5432098765432098,2.389661405864273,26,-0.051497976891707,0.0769230769230769,0.0337492730919178,330,0.0165910934776645,0.4787878787878787,1.616916146022875,S04374,False,-0.0308483290488431,True,base_exit_guard
tp15%_all_next_close,all,next_close,1507,2026,S,159813,半导体ETF鹏华,2026-05-20,2026-05-21,2026-06-04,2026-06-04,0.809,0.0240506329113925,0.0240506329113925,original,10,priority_CSD_g40_t060_r040_noskip,conservative_tp_center15_profit_first,0.8799999999999999,0.3903909781331733,0.3844635470413085,0.6549130763416479,-0.0169902979445078,-0.0294059158861743,0.4,0.1333333333333333,-0.0932276749357173,1,0.0751341681574238,1.0,,162,0.0396519289657403,0.5432098765432098,2.44788865498755,4,-0.0218928551163263,0.25,0.4617798859487229,330,0.0178319815136043,0.4848484848484848,1.6733937667324643,S04374,False,0.0240506329113925,True,base_exit_guard
tp15%_all_next_close,all,next_close,1508,2026,D,159825,农业ETF,2026-05-27,2026-05-28,2026-07-31,2026-07-31,0.729,0.0055172413793103,0.0055172413793103,original,45,priority_CSD_g40_t060_r040_noskip,conservative_tp_center15_profit_first,84.62726757369614,0.3161575282769044,0.4685226000358446,0.7814436885865458,-0.0429167023052107,-0.0577583439471252,0.4666666666666667,0.1666666666666666,-0.1027898190337739,0,,,,101,0.0254998441740277,0.6633663366336634,3.211154349123387,8,0.0841914448916398,1.0,,332,0.0158367855615802,0.5572289156626506,2.1102821793581583,D43740,False,0.0055172413793103,True,base_exit_guard
tp15%_all_next_close,all,next_close,1509,2026,D,159666,交通运输ETF,2026-06-04,2026-06-05,2026-07-30,2026-07-30,0.991,0.0205973223480948,0.0205973223480948,original,38,priority_CSD_g40_t060_r040_noskip,conservative_tp_center15_profit_first,81.14226350917727,0.226205379982043,0.5860741035487315,0.7547996976568406,-0.0742649570996667,-0.0906785552150721,0.5,0.5,-0.1201827875095201,0,,,,107,0.0209693945752161,0.6355140186915887,2.3547629199129125,1,-0.0104602510460251,0.0,,332,0.0133145019092751,0.5421686746987951,1.845693371975779,D43740,False,0.0205973223480948,True,base_exit_guard
tp15%_all_next_close,all,next_close,1510,2026,C,516970,基建ETF,2026-06-09,2026-06-10,2026-08-06,2026-08-06,1.115,-0.0080071174377225,-0.0080071174377225,original,40,priority_CSD_g40_t060_r040_noskip,conservative_tp_center15_profit_first,0.8,0.1948647392697354,0.5908362297305326,0.7445578231292518,-0.094848024154538,-0.1113047044027747,0.5333333333333333,0.6,-0.1451337507114399,16,0.02743208214508,0.625,5.457455469514948,162,0.0308693644830152,0.654320987654321,3.0717499046102383,30,0.0104065869274919,0.6,1.587791142013266,331,0.0321514878249608,0.6978851963746223,3.514308301172079,C13666,False,-0.0080071174377225,True,base_exit_guard
tp15%_all_next_close,all,next_close,1511,2026,C,516970,基建ETF,2026-06-10,2026-06-11,2026-08-07,2026-08-07,1.116,-0.0053475935828877,-0.0053475935828877,original,40,priority_CSD_g40_t060_r040_noskip,conservative_tp_center15_profit_first,0.8,0.1574252851167613,0.6052553059346113,0.8083900226757369,-0.0930149018078487,-0.1028633720930233,0.6,0.6,-0.1407806830616829,16,0.02743208214508,0.625,5.457455469514948,162,0.0306658677255462,0.6481481481481481,3.0375730988330885,30,0.0104065869274919,0.6,1.587791142013266,331,0.0321260030812177,0.6978851963746223,3.507318369745729,C13666,False,-0.0053475935828877,True,base_exit_guard
tp15%_all_next_close,all,next_close,1512,2026,D,159666,交通运输ETF,2026-06-11,2026-06-12,2026-07-29,2026-07-29,0.981,0.0240083507306889,0.0240083507306889,original,32,priority_CSD_g40_t060_r040_noskip,conservative_tp_center15_profit_first,85.85988511870613,0.1582340731686281,0.6078957548038881,0.7923280423280423,-0.0900237323454503,-0.1046803359976429,0.6,0.5666666666666667,-0.1321714594886056,0,,,,109,0.0176342483893964,0.6238532110091743,1.9718699938323336,1,-0.0104602510460251,0.0,,329,0.0109504568018262,0.5349544072948328,1.6502829224551228,D43740,False,0.0240083507306889,True,base_exit_guard
