year,rule,score,n_total,n_active,active_rate,win,avg,sum,pf,annual_avg_sum,worst_year_sum,positive_year_rate
2022,no_line_overheat_0.45_0.2_0.03,45.81643110336347,483,475,0.9834368530020704,0.7347368421052631,0.04999716187964408,23.748651892830935,5.216008455023424,7.916217297610312,6.393045386247251,1.0
2022,no_line_overheat_0.55_0.2_0.03,45.81643110336347,483,475,0.9834368530020704,0.7347368421052631,0.04999716187964408,23.748651892830935,5.216008455023424,7.916217297610312,6.393045386247251,1.0
2022,no_line_overheat_0.65_0.2_0.03,45.81643110336347,483,475,0.9834368530020704,0.7347368421052631,0.04999716187964408,23.748651892830935,5.216008455023424,7.916217297610312,6.393045386247251,1.0
2022,no_line_overheat_0.65_0.2_-0.02,45.591487788207665,483,472,0.9772256728778468,0.7330508474576272,0.0498936231755967,23.54979013888164,5.180705279086768,7.84993004629388,6.393045386247251,1.0
2022,no_line_overheat_0.65_0.2_0.0,45.591487788207665,483,472,0.9772256728778468,0.7330508474576272,0.0498936231755967,23.54979013888164,5.180705279086768,7.84993004629388,6.393045386247251,1.0
2022,no_line_overheat_0.45_0.2_-0.02,45.558269846262476,483,471,0.9751552795031055,0.732484076433121,0.04994030395358271,23.521883162137453,5.175751058929826,7.840627720712486,6.393045386247251,1.0
2022,no_line_overheat_0.45_0.2_0.0,45.558269846262476,483,471,0.9751552795031055,0.732484076433121,0.04994030395358271,23.521883162137453,5.175751058929826,7.840627720712486,6.393045386247251,1.0
2022,no_line_overheat_0.55_0.2_-0.02,45.558269846262476,483,471,0.9751552795031055,0.732484076433121,0.04994030395358271,23.521883162137453,5.175751058929826,7.840627720712486,6.393045386247251,1.0
2022,no_line_overheat_0.55_0.2_0.0,45.558269846262476,483,471,0.9751552795031055,0.732484076433121,0.04994030395358271,23.521883162137453,5.175751058929826,7.840627720712486,6.393045386247251,1.0
2022,base_exit_guard,45.17569432126734,483,483,1.0,0.7246376811594203,0.04876591793720725,23.5539383636711,5.0376724952326635,7.851312787890367,6.239865652091402,1.0
2022,rank_ge_25,45.17569432126734,483,483,1.0,0.7246376811594203,0.04876591793720725,23.5539383636711,5.0376724952326635,7.851312787890367,6.239865652091402,1.0
2022,no_s_overheat_0.45_0.2_-0.02,45.17569432126734,483,483,1.0,0.7246376811594203,0.04876591793720725,23.5539383636711,5.0376724952326635,7.851312787890367,6.239865652091402,1.0
2022,no_s_overheat_0.45_0.2_0.0,45.17569432126734,483,483,1.0,0.7246376811594203,0.04876591793720725,23.5539383636711,5.0376724952326635,7.851312787890367,6.239865652091402,1.0
2022,no_s_overheat_0.45_0.2_0.03,45.17569432126734,483,483,1.0,0.7246376811594203,0.04876591793720725,23.5539383636711,5.0376724952326635,7.851312787890367,6.239865652091402,1.0
2022,no_line_overheat_0.45_0.2_0.06,45.17569432126734,483,483,1.0,0.7246376811594203,0.04876591793720725,23.5539383636711,5.0376724952326635,7.851312787890367,6.239865652091402,1.0
2022,no_s_overheat_0.45_0.2_0.06,45.17569432126734,483,483,1.0,0.7246376811594203,0.04876591793720725,23.5539383636711,5.0376724952326635,7.851312787890367,6.239865652091402,1.0
2022,no_s_overheat_0.45_0.3_-0.02,45.17569432126734,483,483,1.0,0.7246376811594203,0.04876591793720725,23.5539383636711,5.0376724952326635,7.851312787890367,6.239865652091402,1.0
2022,no_s_overheat_0.45_0.3_0.0,45.17569432126734,483,483,1.0,0.7246376811594203,0.04876591793720725,23.5539383636711,5.0376724952326635,7.851312787890367,6.239865652091402,1.0
2022,no_s_overheat_0.45_0.3_0.03,45.17569432126734,483,483,1.0,0.7246376811594203,0.04876591793720725,23.5539383636711,5.0376724952326635,7.851312787890367,6.239865652091402,1.0
2022,no_s_overheat_0.45_0.3_0.06,45.17569432126734,483,483,1.0,0.7246376811594203,0.04876591793720725,23.5539383636711,5.0376724952326635,7.851312787890367,6.239865652091402,1.0
2022,no_s_overheat_0.45_0.4_-0.02,45.17569432126734,483,483,1.0,0.7246376811594203,0.04876591793720725,23.5539383636711,5.0376724952326635,7.851312787890367,6.239865652091402,1.0
2022,no_s_overheat_0.45_0.4_0.0,45.17569432126734,483,483,1.0,0.7246376811594203,0.04876591793720725,23.5539383636711,5.0376724952326635,7.851312787890367,6.239865652091402,1.0
2022,no_s_overheat_0.45_0.4_0.03,45.17569432126734,483,483,1.0,0.7246376811594203,0.04876591793720725,23.5539383636711,5.0376724952326635,7.851312787890367,6.239865652091402,1.0
2022,no_s_overheat_0.45_0.4_0.06,45.17569432126734,483,483,1.0,0.7246376811594203,0.04876591793720725,23.5539383636711,5.0376724952326635,7.851312787890367,6.239865652091402,1.0
2022,no_s_overheat_0.55_0.2_-0.02,45.17569432126734,483,483,1.0,0.7246376811594203,0.04876591793720725,23.5539383636711,5.0376724952326635,7.851312787890367,6.239865652091402,1.0
2022,no_s_overheat_0.55_0.2_0.0,45.17569432126734,483,483,1.0,0.7246376811594203,0.04876591793720725,23.5539383636711,5.0376724952326635,7.851312787890367,6.239865652091402,1.0
2022,no_s_overheat_0.55_0.2_0.03,45.17569432126734,483,483,1.0,0.7246376811594203,0.04876591793720725,23.5539383636711,5.0376724952326635,7.851312787890367,6.239865652091402,1.0
2022,no_line_overheat_0.55_0.2_0.06,45.17569432126734,483,483,1.0,0.7246376811594203,0.04876591793720725,23.5539383636711,5.0376724952326635,7.851312787890367,6.239865652091402,1.0
2022,no_s_overheat_0.55_0.2_0.06,45.17569432126734,483,483,1.0,0.7246376811594203,0.04876591793720725,23.5539383636711,5.0376724952326635,7.851312787890367,6.239865652091402,1.0
2022,no_s_overheat_0.55_0.3_-0.02,45.17569432126734,483,483,1.0,0.7246376811594203,0.04876591793720725,23.5539383636711,5.0376724952326635,7.851312787890367,6.239865652091402,1.0
2022,no_s_overheat_0.55_0.3_0.0,45.17569432126734,483,483,1.0,0.7246376811594203,0.04876591793720725,23.5539383636711,5.0376724952326635,7.851312787890367,6.239865652091402,1.0
2022,no_s_overheat_0.55_0.3_0.03,45.17569432126734,483,483,1.0,0.7246376811594203,0.04876591793720725,23.5539383636711,5.0376724952326635,7.851312787890367,6.239865652091402,1.0
2022,no_s_overheat_0.55_0.3_0.06,45.17569432126734,483,483,1.0,0.7246376811594203,0.04876591793720725,23.5539383636711,5.0376724952326635,7.851312787890367,6.239865652091402,1.0
2022,no_s_overheat_0.55_0.4_-0.02,45.17569432126734,483,483,1.0,0.7246376811594203,0.04876591793720725,23.5539383636711,5.0376724952326635,7.851312787890367,6.239865652091402,1.0
2022,no_s_overheat_0.55_0.4_0.0,45.17569432126734,483,483,1.0,0.7246376811594203,0.04876591793720725,23.5539383636711,5.0376724952326635,7.851312787890367,6.239865652091402,1.0
2022,no_s_overheat_0.55_0.4_0.03,45.17569432126734,483,483,1.0,0.7246376811594203,0.04876591793720725,23.5539383636711,5.0376724952326635,7.851312787890367,6.239865652091402,1.0
2022,no_s_overheat_0.55_0.4_0.06,45.17569432126734,483,483,1.0,0.7246376811594203,0.04876591793720725,23.5539383636711,5.0376724952326635,7.851312787890367,6.239865652091402,1.0
2022,no_s_overheat_0.65_0.2_-0.02,45.17569432126734,483,483,1.0,0.7246376811594203,0.04876591793720725,23.5539383636711,5.0376724952326635,7.851312787890367,6.239865652091402,1.0
2022,no_s_overheat_0.65_0.2_0.0,45.17569432126734,483,483,1.0,0.7246376811594203,0.04876591793720725,23.5539383636711,5.0376724952326635,7.851312787890367,6.239865652091402,1.0
2022,no_s_overheat_0.65_0.2_0.03,45.17569432126734,483,483,1.0,0.7246376811594203,0.04876591793720725,23.5539383636711,5.0376724952326635,7.851312787890367,6.239865652091402,1.0
2022,no_line_overheat_0.65_0.2_0.06,45.17569432126734,483,483,1.0,0.7246376811594203,0.04876591793720725,23.5539383636711,5.0376724952326635,7.851312787890367,6.239865652091402,1.0
2022,no_s_overheat_0.65_0.2_0.06,45.17569432126734,483,483,1.0,0.7246376811594203,0.04876591793720725,23.5539383636711,5.0376724952326635,7.851312787890367,6.239865652091402,1.0
2022,no_s_overheat_0.65_0.3_-0.02,45.17569432126734,483,483,1.0,0.7246376811594203,0.04876591793720725,23.5539383636711,5.0376724952326635,7.851312787890367,6.239865652091402,1.0
2022,no_s_overheat_0.65_0.3_0.0,45.17569432126734,483,483,1.0,0.7246376811594203,0.04876591793720725,23.5539383636711,5.0376724952326635,7.851312787890367,6.239865652091402,1.0
2022,no_s_overheat_0.65_0.3_0.03,45.17569432126734,483,483,1.0,0.7246376811594203,0.04876591793720725,23.5539383636711,5.0376724952326635,7.851312787890367,6.239865652091402,1.0
2022,no_s_overheat_0.65_0.3_0.06,45.17569432126734,483,483,1.0,0.7246376811594203,0.04876591793720725,23.5539383636711,5.0376724952326635,7.851312787890367,6.239865652091402,1.0
2022,no_s_overheat_0.65_0.4_-0.02,45.17569432126734,483,483,1.0,0.7246376811594203,0.04876591793720725,23.5539383636711,5.0376724952326635,7.851312787890367,6.239865652091402,1.0
2022,no_s_overheat_0.65_0.4_0.0,45.17569432126734,483,483,1.0,0.7246376811594203,0.04876591793720725,23.5539383636711,5.0376724952326635,7.851312787890367,6.239865652091402,1.0
2022,no_s_overheat_0.65_0.4_0.03,45.17569432126734,483,483,1.0,0.7246376811594203,0.04876591793720725,23.5539383636711,5.0376724952326635,7.851312787890367,6.239865652091402,1.0
2022,no_s_overheat_0.65_0.4_0.06,45.17569432126734,483,483,1.0,0.7246376811594203,0.04876591793720725,23.5539383636711,5.0376724952326635,7.851312787890367,6.239865652091402,1.0
2022,no_line_overheat_0.75_0.2_-0.02,45.17569432126734,483,483,1.0,0.7246376811594203,0.04876591793720725,23.5539383636711,5.0376724952326635,7.851312787890367,6.239865652091402,1.0
2022,no_s_overheat_0.75_0.2_-0.02,45.17569432126734,483,483,1.0,0.7246376811594203,0.04876591793720725,23.5539383636711,5.0376724952326635,7.851312787890367,6.239865652091402,1.0
2022,no_line_overheat_0.75_0.2_0.0,45.17569432126734,483,483,1.0,0.7246376811594203,0.04876591793720725,23.5539383636711,5.0376724952326635,7.851312787890367,6.239865652091402,1.0
2022,no_s_overheat_0.75_0.2_0.0,45.17569432126734,483,483,1.0,0.7246376811594203,0.04876591793720725,23.5539383636711,5.0376724952326635,7.851312787890367,6.239865652091402,1.0
2022,no_line_overheat_0.75_0.2_0.03,45.17569432126734,483,483,1.0,0.7246376811594203,0.04876591793720725,23.5539383636711,5.0376724952326635,7.851312787890367,6.239865652091402,1.0
2022,no_s_overheat_0.75_0.2_0.03,45.17569432126734,483,483,1.0,0.7246376811594203,0.04876591793720725,23.5539383636711,5.0376724952326635,7.851312787890367,6.239865652091402,1.0
2022,no_line_overheat_0.75_0.2_0.06,45.17569432126734,483,483,1.0,0.7246376811594203,0.04876591793720725,23.5539383636711,5.0376724952326635,7.851312787890367,6.239865652091402,1.0
2022,no_s_overheat_0.75_0.2_0.06,45.17569432126734,483,483,1.0,0.7246376811594203,0.04876591793720725,23.5539383636711,5.0376724952326635,7.851312787890367,6.239865652091402,1.0
2022,no_line_overheat_0.75_0.3_-0.02,45.17569432126734,483,483,1.0,0.7246376811594203,0.04876591793720725,23.5539383636711,5.0376724952326635,7.851312787890367,6.239865652091402,1.0
2022,no_s_overheat_0.75_0.3_-0.02,45.17569432126734,483,483,1.0,0.7246376811594203,0.04876591793720725,23.5539383636711,5.0376724952326635,7.851312787890367,6.239865652091402,1.0
2022,no_line_overheat_0.75_0.3_0.0,45.17569432126734,483,483,1.0,0.7246376811594203,0.04876591793720725,23.5539383636711,5.0376724952326635,7.851312787890367,6.239865652091402,1.0
2022,no_s_overheat_0.75_0.3_0.0,45.17569432126734,483,483,1.0,0.7246376811594203,0.04876591793720725,23.5539383636711,5.0376724952326635,7.851312787890367,6.239865652091402,1.0
2022,no_line_overheat_0.75_0.3_0.03,45.17569432126734,483,483,1.0,0.7246376811594203,0.04876591793720725,23.5539383636711,5.0376724952326635,7.851312787890367,6.239865652091402,1.0
2022,no_s_overheat_0.75_0.3_0.03,45.17569432126734,483,483,1.0,0.7246376811594203,0.04876591793720725,23.5539383636711,5.0376724952326635,7.851312787890367,6.239865652091402,1.0
2022,no_line_overheat_0.75_0.3_0.06,45.17569432126734,483,483,1.0,0.7246376811594203,0.04876591793720725,23.5539383636711,5.0376724952326635,7.851312787890367,6.239865652091402,1.0
2022,no_s_overheat_0.75_0.3_0.06,45.17569432126734,483,483,1.0,0.7246376811594203,0.04876591793720725,23.5539383636711,5.0376724952326635,7.851312787890367,6.239865652091402,1.0
2022,no_line_overheat_0.75_0.4_-0.02,45.17569432126734,483,483,1.0,0.7246376811594203,0.04876591793720725,23.5539383636711,5.0376724952326635,7.851312787890367,6.239865652091402,1.0
2022,no_s_overheat_0.75_0.4_-0.02,45.17569432126734,483,483,1.0,0.7246376811594203,0.04876591793720725,23.5539383636711,5.0376724952326635,7.851312787890367,6.239865652091402,1.0
2022,no_line_overheat_0.75_0.4_0.0,45.17569432126734,483,483,1.0,0.7246376811594203,0.04876591793720725,23.5539383636711,5.0376724952326635,7.851312787890367,6.239865652091402,1.0
2022,no_s_overheat_0.75_0.4_0.0,45.17569432126734,483,483,1.0,0.7246376811594203,0.04876591793720725,23.5539383636711,5.0376724952326635,7.851312787890367,6.239865652091402,1.0
2022,no_line_overheat_0.75_0.4_0.03,45.17569432126734,483,483,1.0,0.7246376811594203,0.04876591793720725,23.5539383636711,5.0376724952326635,7.851312787890367,6.239865652091402,1.0
2022,no_s_overheat_0.75_0.4_0.03,45.17569432126734,483,483,1.0,0.7246376811594203,0.04876591793720725,23.5539383636711,5.0376724952326635,7.851312787890367,6.239865652091402,1.0
2022,no_line_overheat_0.75_0.4_0.06,45.17569432126734,483,483,1.0,0.7246376811594203,0.04876591793720725,23.5539383636711,5.0376724952326635,7.851312787890367,6.239865652091402,1.0
2022,no_s_overheat_0.75_0.4_0.06,45.17569432126734,483,483,1.0,0.7246376811594203,0.04876591793720725,23.5539383636711,5.0376724952326635,7.851312787890367,6.239865652091402,1.0
2022,history_line_win_ge_0.42,45.17569432126734,483,483,1.0,0.7246376811594203,0.04876591793720725,23.5539383636711,5.0376724952326635,7.851312787890367,6.239865652091402,1.0
2022,rank_ge_35,45.168410733401025,483,482,0.9979296066252588,0.7240663900414938,0.04886411544282478,23.552503643441547,5.037426552056631,7.850834547813849,6.238430931861847,1.0
2022,history_line_win_ge_0.46,44.82110092605751,483,477,0.9875776397515528,0.7253668763102725,0.04911654363682206,23.428591314764127,5.0732760467463365,7.809530438254708,6.114518603184425,1.0
2022,no_line_overheat_0.45_0.4_0.06,44.7264010969281,483,478,0.989648033126294,0.7238493723849372,0.04826063300745005,23.068582577561124,4.999603600157756,7.689527525853708,6.269384928681706,1.0
2022,no_line_overheat_0.55_0.4_0.06,44.7264010969281,483,478,0.989648033126294,0.7238493723849372,0.04826063300745005,23.068582577561124,4.999603600157756,7.689527525853708,6.269384928681706,1.0
2022,history_line_win_ge_0.5,44.661449967186854,483,465,0.9627329192546584,0.7290322580645161,0.05023682661396912,23.360124375495644,5.128121947073502,7.786708125165212,6.046051663915941,1.0
2022,no_line_overheat_0.45_0.3_0.06,44.49315823501054,483,479,0.9917184265010351,0.7223382045929019,0.04802245563054053,23.002756247028913,4.9431875374362715,7.667585415676304,6.203558598149494,1.0
2022,no_line_overheat_0.55_0.3_0.06,44.49315823501054,483,479,0.9917184265010351,0.7223382045929019,0.04802245563054053,23.002756247028913,4.9431875374362715,7.667585415676304,6.203558598149494,1.0
2022,no_line_overheat_0.65_0.3_0.06,44.49315823501054,483,479,0.9917184265010351,0.7223382045929019,0.04802245563054053,23.002756247028913,4.9431875374362715,7.667585415676304,6.203558598149494,1.0
2022,no_line_overheat_0.65_0.4_0.06,44.49315823501054,483,479,0.9917184265010351,0.7223382045929019,0.04802245563054053,23.002756247028913,4.9431875374362715,7.667585415676304,6.203558598149494,1.0
2022,no_line_overheat_0.45_0.4_0.03,44.424675461677445,483,433,0.8964803312629399,0.7505773672055427,0.05186530862639634,22.457678635229612,5.5628303550712355,7.485892878409871,6.277941609340802,1.0
2022,no_line_overheat_0.55_0.4_0.03,44.32325954838774,483,439,0.9089026915113871,0.7471526195899773,0.051237687327833174,22.493344736918765,5.403040602932074,7.497781578972922,6.1963157060265255,1.0
2022,no_line_overheat_0.65_0.4_0.03,44.30868299492739,483,449,0.9296066252587992,0.7461024498886414,0.050320182565428265,22.593761971877292,5.16498235490769,7.531253990625764,6.2009587980765195,1.0
2022,no_line_overheat_0.65_0.3_0.03,44.245314602058045,483,453,0.937888198757764,0.7439293598233996,0.04981642873398871,22.566842216496887,5.113815980582225,7.522280738832296,6.2009587980765195,1.0
2022,no_line_overheat_0.45_0.3_0.03,44.22312758878811,483,446,0.9233954451345756,0.7443946188340808,0.050587876354046414,22.562192853904698,5.30958896785457,7.520730951301566,6.142083578392864,1.0
2022,no_line_overheat_0.55_0.3_0.03,44.22312758878811,483,446,0.9233954451345756,0.7443946188340808,0.050587876354046414,22.562192853904698,5.30958896785457,7.520730951301566,6.142083578392864,1.0
2022,rank_ge_45,44.20815542251717,483,473,0.979296066252588,0.718816067653277,0.049036072349485545,23.194062221306663,4.975981665475016,7.731354073768887,5.966011015103305,1.0
2022,need_dd60_le_-0.02,43.82490140341511,483,469,0.9710144927536232,0.7249466950959488,0.048247117747530266,22.6278982235917,4.987456999359152,7.542632741197234,6.039270602332044,1.0
2022,history_line_win_ge_0.54,42.87108788182559,483,441,0.9130434782608695,0.7233560090702947,0.051661128609181345,22.782557716648974,5.069560219373187,7.594185905549657,5.468485005069273,1.0
2022,no_line_overheat_0.65_0.3_0.0,42.570818656669594,483,435,0.9006211180124224,0.7425287356321839,0.048414871891654575,21.06046927286974,4.981346419120042,7.020156424289912,6.153516248039455,1.0
2022,no_line_overheat_0.65_0.3_-0.02,42.26024524302294,483,433,0.8964803312629399,0.7413394919168591,0.04826010354368487,20.896624834415547,4.950372680601658,6.965541611471849,6.152462507259687,1.0
2022,no_line_overheat_0.65_0.4_0.0,42.06470226118634,483,428,0.8861283643892339,0.7453271028037384,0.04921921127186172,21.065822424356817,5.047868012110908,7.021940808118939,6.116908781566095,1.0
2022,no_line_overheat_0.65_0.4_-0.02,41.732102940364896,483,426,0.8819875776397516,0.744131455399061,0.049065676023245616,20.901977985902633,5.016384757005988,6.967325995300876,6.115855040786327,1.0
2022,no_line_overheat_0.55_0.3_0.0,39.44636832560745,483,404,0.8364389233954451,0.7475247524752475,0.04985030115688571,20.13952166738183,5.380639723643292,6.713173889127276,6.051770357593578,1.0
2022,history_sym_win_ge_0.42,38.9736943940457,483,442,0.9151138716356108,0.7036199095022625,0.047918162229374436,21.179827705383502,4.6745351768507355,7.059942568461167,4.469249776362758,1.0
2022,history_sym_win_ge_0.46,38.808140850109126,483,437,0.9047619047619048,0.7048054919908466,0.04818737662794285,21.057883586411027,4.688515683732528,7.019294528803674,4.440985980938801,1.0
2022,history_sym_win_ge_0.5,38.619150553875365,483,436,0.9026915113871635,0.7041284403669725,0.04790647913710159,20.887224903776296,4.6586229727732205,6.9624083012587645,4.440985980938801,1.0
2022,need_dd60_le_-0.04,38.59798751024272,483,396,0.8198757763975155,0.75,0.05071564588854634,20.083395771864353,5.567679481547878,6.694465257288116,5.892549911845692,1.0
2022,no_line_overheat_0.45_0.3_0.0,37.82596952309592,483,390,0.8074534161490683,0.7538461538461538,0.05082261086829659,19.820818238635667,5.410670662335136,6.606939412878556,5.884857809422265,1.0
2022,no_line_overheat_0.55_0.4_0.0,37.04177879633047,483,368,0.7619047619047619,0.7690217391304348,0.05488476277213051,20.19759270014403,6.851180110199088,6.732530900048009,5.9162053669338,1.0
2022,history_sym_win_ge_0.54,36.35021877206633,483,424,0.8778467908902692,0.6957547169811321,0.04815342131678655,20.417050638317498,4.576266873447486,6.805683546105833,3.9708117154800022,1.0
2022,no_line_overheat_0.55_0.3_-0.02,36.28983574755718,483,388,0.8033126293995859,0.75,0.048858018036582275,18.95691099819392,5.431201361663688,6.318970332731307,5.625691019772955,1.0
2022,rank_ge_55,35.48510985222338,483,396,0.8198757763975155,0.7121212121212122,0.05011392619286732,19.84511477237546,4.872313099716768,6.615038257458487,4.723790147735219,1.0
2022,no_line_overheat_0.55_0.4_-0.02,33.11110971946895,483,343,0.7101449275362319,0.7725947521865889,0.05328422029079375,18.276487559742257,6.911853900865303,6.092162519914086,5.8082879675128165,1.0
2022,no_line_overheat_0.45_0.3_-0.02,32.3798570998496,483,361,0.7474120082815735,0.7590027700831025,0.04947695834627112,17.861181963003872,5.45215142056949,5.953727321001291,5.169082643145199,1.0
2022,no_line_overheat_0.45_0.4_0.0,32.20325216653514,483,324,0.6708074534161491,0.7839506172839507,0.059227213894188405,19.189617301717043,7.7810592035121795,6.3965391005723475,5.557810454416561,1.0
2022,need_dd60_le_-0.06,27.380209179735175,483,316,0.6542443064182195,0.7689873417721519,0.05216224616144459,16.48326978701649,6.415550404279284,5.49442326233883,4.8267259796101225,1.0
2022,no_line_overheat_0.45_0.4_-0.02,22.93895114347351,483,265,0.5486542443064182,0.8075471698113208,0.05930121378021327,15.714821651756516,8.878752162883773,5.238273883918839,4.741747545967878,1.0
2022,cool_symbol_2,20.45455302317537,483,288,0.5962732919254659,0.7256944444444444,0.04781882604360806,13.771821900559122,4.879963920020215,4.590607300186374,4.122355861496308,1.0
2022,cool_line_symbol_2,20.45455302317537,483,288,0.5962732919254659,0.7256944444444444,0.04781882604360806,13.771821900559122,4.879963920020215,4.590607300186374,4.122355861496308,1.0
2022,cool_symbol_3,14.32096062002576,483,246,0.5093167701863354,0.7317073170731707,0.04740798672178978,11.662364733560288,4.595634108790889,3.887454911186763,3.688077645091219,1.0
2022,cool_line_symbol_3,14.32096062002576,483,246,0.5093167701863354,0.7317073170731707,0.04740798672178978,11.662364733560288,4.595634108790889,3.887454911186763,3.688077645091219,1.0
2022,need_dd60_le_-0.08,12.951811060539697,483,230,0.47619047619047616,0.7652173913043478,0.05083200423860529,11.691360974879217,5.738932188922041,3.8971203249597384,3.199115184005528,1.0
2022,rank_ge_65,12.142414893038485,483,241,0.4989648033126294,0.7219917012448133,0.05002826952075753,12.056812954502565,5.364468579820282,4.018937651500855,2.414820513229842,1.0
2022,cool_symbol_5,8.503202169342451,483,205,0.4244306418219462,0.7414634146341463,0.04899454613158805,10.04388195697555,4.712039238378842,3.3479606523251833,3.020455528119315,1.0
2022,cool_line_symbol_5,8.503202169342451,483,205,0.4244306418219462,0.7414634146341463,0.04899454613158805,10.04388195697555,4.712039238378842,3.3479606523251833,3.020455528119315,1.0
2022,cool_symbol_7,3.977693257352641,483,172,0.35610766045548653,0.7441860465116279,0.049406234132236,8.49787227074459,4.732755216275369,2.8326240902481974,2.714372514985097,1.0
2022,cool_line_symbol_7,3.977693257352641,483,172,0.35610766045548653,0.7441860465116279,0.049406234132236,8.49787227074459,4.732755216275369,2.8326240902481974,2.714372514985097,1.0
2022,cool_symbol_10,0.41101826999068436,483,145,0.3002070393374741,0.7517241379310344,0.051200483520533344,7.424070110477334,4.880399751068085,2.474690036825778,2.3904406087562715,1.0
2022,cool_line_symbol_10,0.41101826999068436,483,145,0.3002070393374741,0.7517241379310344,0.051200483520533344,7.424070110477334,4.880399751068085,2.474690036825778,2.3904406087562715,1.0
2022,need_dd60_le_-0.1,0.24373723662905533,483,155,0.32091097308488614,0.7612903225806451,0.051522330282574275,7.985961193799013,5.94409831470572,2.661987064599671,1.373695607301471,1.0
2022,rank_ge_75,-4.703809824892769,483,116,0.2401656314699793,0.7586206896551724,0.046022597245590845,5.338621280488538,6.744665236211688,1.7795404268295127,1.6293341724467796,1.0
2023,no_line_overheat_0.45_0.2_0.03,50.77831354434579,710,702,0.9887323943661972,0.6752136752136753,0.042798116606051914,30.044277857448442,3.533430763187922,7.5110694643621105,6.295625964617507,1.0
2023,no_line_overheat_0.55_0.2_0.03,50.77831354434579,710,702,0.9887323943661972,0.6752136752136753,0.042798116606051914,30.044277857448442,3.533430763187922,7.5110694643621105,6.295625964617507,1.0
2023,no_line_overheat_0.65_0.2_0.03,50.77831354434579,710,702,0.9887323943661972,0.6752136752136753,0.042798116606051914,30.044277857448442,3.533430763187922,7.5110694643621105,6.295625964617507,1.0
2023,no_line_overheat_0.65_0.2_-0.02,50.56409779336718,710,699,0.9845070422535211,0.6738197424892703,0.042697304869097494,29.845416103499154,3.5166620963733273,7.461354025874787,6.295625964617507,1.0
2023,no_line_overheat_0.65_0.2_0.0,50.56409779336718,710,699,0.9845070422535211,0.6738197424892703,0.042697304869097494,29.845416103499154,3.5166620963733273,7.461354025874787,6.295625964617507,1.0
2023,no_line_overheat_0.45_0.2_-0.02,50.53267767851967,710,698,0.9830985915492958,0.673352435530086,0.042718494450938345,29.817509126754963,3.514308889758519,7.454377281688741,6.295625964617507,1.0
2023,no_line_overheat_0.45_0.2_0.0,50.53267767851967,710,698,0.9830985915492958,0.673352435530086,0.042718494450938345,29.817509126754963,3.514308889758519,7.454377281688741,6.295625964617507,1.0
2023,no_line_overheat_0.55_0.2_-0.02,50.53267767851967,710,698,0.9830985915492958,0.673352435530086,0.042718494450938345,29.817509126754963,3.514308889758519,7.454377281688741,6.295625964617507,1.0
2023,no_line_overheat_0.55_0.2_0.0,50.53267767851967,710,698,0.9830985915492958,0.673352435530086,0.042718494450938345,29.817509126754963,3.514308889758519,7.454377281688741,6.295625964617507,1.0
2023,base_exit_guard,50.41194094867354,710,710,1.0,0.6690140845070423,0.04204163989899804,29.849564328288608,3.4751497873338404,7.462391082072152,6.239865652091402,1.0
2023,no_s_overheat_0.45_0.2_-0.02,50.41194094867354,710,710,1.0,0.6690140845070423,0.04204163989899804,29.849564328288608,3.4751497873338404,7.462391082072152,6.239865652091402,1.0
2023,no_s_overheat_0.45_0.2_0.0,50.41194094867354,710,710,1.0,0.6690140845070423,0.04204163989899804,29.849564328288608,3.4751497873338404,7.462391082072152,6.239865652091402,1.0
2023,no_s_overheat_0.45_0.2_0.03,50.41194094867354,710,710,1.0,0.6690140845070423,0.04204163989899804,29.849564328288608,3.4751497873338404,7.462391082072152,6.239865652091402,1.0
2023,no_line_overheat_0.45_0.2_0.06,50.41194094867354,710,710,1.0,0.6690140845070423,0.04204163989899804,29.849564328288608,3.4751497873338404,7.462391082072152,6.239865652091402,1.0
2023,no_s_overheat_0.45_0.2_0.06,50.41194094867354,710,710,1.0,0.6690140845070423,0.04204163989899804,29.849564328288608,3.4751497873338404,7.462391082072152,6.239865652091402,1.0
2023,no_s_overheat_0.45_0.3_-0.02,50.41194094867354,710,710,1.0,0.6690140845070423,0.04204163989899804,29.849564328288608,3.4751497873338404,7.462391082072152,6.239865652091402,1.0
2023,no_s_overheat_0.45_0.3_0.0,50.41194094867354,710,710,1.0,0.6690140845070423,0.04204163989899804,29.849564328288608,3.4751497873338404,7.462391082072152,6.239865652091402,1.0
2023,no_s_overheat_0.45_0.3_0.03,50.41194094867354,710,710,1.0,0.6690140845070423,0.04204163989899804,29.849564328288608,3.4751497873338404,7.462391082072152,6.239865652091402,1.0
2023,no_s_overheat_0.45_0.3_0.06,50.41194094867354,710,710,1.0,0.6690140845070423,0.04204163989899804,29.849564328288608,3.4751497873338404,7.462391082072152,6.239865652091402,1.0
2023,no_s_overheat_0.45_0.4_-0.02,50.41194094867354,710,710,1.0,0.6690140845070423,0.04204163989899804,29.849564328288608,3.4751497873338404,7.462391082072152,6.239865652091402,1.0
2023,no_s_overheat_0.45_0.4_0.0,50.41194094867354,710,710,1.0,0.6690140845070423,0.04204163989899804,29.849564328288608,3.4751497873338404,7.462391082072152,6.239865652091402,1.0
2023,no_s_overheat_0.45_0.4_0.03,50.41194094867354,710,710,1.0,0.6690140845070423,0.04204163989899804,29.849564328288608,3.4751497873338404,7.462391082072152,6.239865652091402,1.0
2023,no_s_overheat_0.45_0.4_0.06,50.41194094867354,710,710,1.0,0.6690140845070423,0.04204163989899804,29.849564328288608,3.4751497873338404,7.462391082072152,6.239865652091402,1.0
2023,no_s_overheat_0.55_0.2_-0.02,50.41194094867354,710,710,1.0,0.6690140845070423,0.04204163989899804,29.849564328288608,3.4751497873338404,7.462391082072152,6.239865652091402,1.0
2023,no_s_overheat_0.55_0.2_0.0,50.41194094867354,710,710,1.0,0.6690140845070423,0.04204163989899804,29.849564328288608,3.4751497873338404,7.462391082072152,6.239865652091402,1.0
2023,no_s_overheat_0.55_0.2_0.03,50.41194094867354,710,710,1.0,0.6690140845070423,0.04204163989899804,29.849564328288608,3.4751497873338404,7.462391082072152,6.239865652091402,1.0
2023,no_line_overheat_0.55_0.2_0.06,50.41194094867354,710,710,1.0,0.6690140845070423,0.04204163989899804,29.849564328288608,3.4751497873338404,7.462391082072152,6.239865652091402,1.0
2023,no_s_overheat_0.55_0.2_0.06,50.41194094867354,710,710,1.0,0.6690140845070423,0.04204163989899804,29.849564328288608,3.4751497873338404,7.462391082072152,6.239865652091402,1.0
2023,no_s_overheat_0.55_0.3_-0.02,50.41194094867354,710,710,1.0,0.6690140845070423,0.04204163989899804,29.849564328288608,3.4751497873338404,7.462391082072152,6.239865652091402,1.0
2023,no_s_overheat_0.55_0.3_0.0,50.41194094867354,710,710,1.0,0.6690140845070423,0.04204163989899804,29.849564328288608,3.4751497873338404,7.462391082072152,6.239865652091402,1.0
2023,no_s_overheat_0.55_0.3_0.03,50.41194094867354,710,710,1.0,0.6690140845070423,0.04204163989899804,29.849564328288608,3.4751497873338404,7.462391082072152,6.239865652091402,1.0
2023,no_s_overheat_0.55_0.3_0.06,50.41194094867354,710,710,1.0,0.6690140845070423,0.04204163989899804,29.849564328288608,3.4751497873338404,7.462391082072152,6.239865652091402,1.0
2023,no_s_overheat_0.55_0.4_-0.02,50.41194094867354,710,710,1.0,0.6690140845070423,0.04204163989899804,29.849564328288608,3.4751497873338404,7.462391082072152,6.239865652091402,1.0
2023,no_s_overheat_0.55_0.4_0.0,50.41194094867354,710,710,1.0,0.6690140845070423,0.04204163989899804,29.849564328288608,3.4751497873338404,7.462391082072152,6.239865652091402,1.0
2023,no_s_overheat_0.55_0.4_0.03,50.41194094867354,710,710,1.0,0.6690140845070423,0.04204163989899804,29.849564328288608,3.4751497873338404,7.462391082072152,6.239865652091402,1.0
2023,no_s_overheat_0.55_0.4_0.06,50.41194094867354,710,710,1.0,0.6690140845070423,0.04204163989899804,29.849564328288608,3.4751497873338404,7.462391082072152,6.239865652091402,1.0
2023,no_s_overheat_0.65_0.2_-0.02,50.41194094867354,710,710,1.0,0.6690140845070423,0.04204163989899804,29.849564328288608,3.4751497873338404,7.462391082072152,6.239865652091402,1.0
2023,no_s_overheat_0.65_0.2_0.0,50.41194094867354,710,710,1.0,0.6690140845070423,0.04204163989899804,29.849564328288608,3.4751497873338404,7.462391082072152,6.239865652091402,1.0
2023,no_s_overheat_0.65_0.2_0.03,50.41194094867354,710,710,1.0,0.6690140845070423,0.04204163989899804,29.849564328288608,3.4751497873338404,7.462391082072152,6.239865652091402,1.0
2023,no_line_overheat_0.65_0.2_0.06,50.41194094867354,710,710,1.0,0.6690140845070423,0.04204163989899804,29.849564328288608,3.4751497873338404,7.462391082072152,6.239865652091402,1.0
2023,no_s_overheat_0.65_0.2_0.06,50.41194094867354,710,710,1.0,0.6690140845070423,0.04204163989899804,29.849564328288608,3.4751497873338404,7.462391082072152,6.239865652091402,1.0
2023,no_s_overheat_0.65_0.3_-0.02,50.41194094867354,710,710,1.0,0.6690140845070423,0.04204163989899804,29.849564328288608,3.4751497873338404,7.462391082072152,6.239865652091402,1.0
2023,no_s_overheat_0.65_0.3_0.0,50.41194094867354,710,710,1.0,0.6690140845070423,0.04204163989899804,29.849564328288608,3.4751497873338404,7.462391082072152,6.239865652091402,1.0
2023,no_s_overheat_0.65_0.3_0.03,50.41194094867354,710,710,1.0,0.6690140845070423,0.04204163989899804,29.849564328288608,3.4751497873338404,7.462391082072152,6.239865652091402,1.0
2023,no_s_overheat_0.65_0.3_0.06,50.41194094867354,710,710,1.0,0.6690140845070423,0.04204163989899804,29.849564328288608,3.4751497873338404,7.462391082072152,6.239865652091402,1.0
2023,no_s_overheat_0.65_0.4_-0.02,50.41194094867354,710,710,1.0,0.6690140845070423,0.04204163989899804,29.849564328288608,3.4751497873338404,7.462391082072152,6.239865652091402,1.0
2023,no_s_overheat_0.65_0.4_0.0,50.41194094867354,710,710,1.0,0.6690140845070423,0.04204163989899804,29.849564328288608,3.4751497873338404,7.462391082072152,6.239865652091402,1.0
2023,no_s_overheat_0.65_0.4_0.03,50.41194094867354,710,710,1.0,0.6690140845070423,0.04204163989899804,29.849564328288608,3.4751497873338404,7.462391082072152,6.239865652091402,1.0
2023,no_s_overheat_0.65_0.4_0.06,50.41194094867354,710,710,1.0,0.6690140845070423,0.04204163989899804,29.849564328288608,3.4751497873338404,7.462391082072152,6.239865652091402,1.0
2023,no_line_overheat_0.75_0.2_-0.02,50.41194094867354,710,710,1.0,0.6690140845070423,0.04204163989899804,29.849564328288608,3.4751497873338404,7.462391082072152,6.239865652091402,1.0
2023,no_s_overheat_0.75_0.2_-0.02,50.41194094867354,710,710,1.0,0.6690140845070423,0.04204163989899804,29.849564328288608,3.4751497873338404,7.462391082072152,6.239865652091402,1.0
2023,no_line_overheat_0.75_0.2_0.0,50.41194094867354,710,710,1.0,0.6690140845070423,0.04204163989899804,29.849564328288608,3.4751497873338404,7.462391082072152,6.239865652091402,1.0
2023,no_s_overheat_0.75_0.2_0.0,50.41194094867354,710,710,1.0,0.6690140845070423,0.04204163989899804,29.849564328288608,3.4751497873338404,7.462391082072152,6.239865652091402,1.0
2023,no_line_overheat_0.75_0.2_0.03,50.41194094867354,710,710,1.0,0.6690140845070423,0.04204163989899804,29.849564328288608,3.4751497873338404,7.462391082072152,6.239865652091402,1.0
2023,no_s_overheat_0.75_0.2_0.03,50.41194094867354,710,710,1.0,0.6690140845070423,0.04204163989899804,29.849564328288608,3.4751497873338404,7.462391082072152,6.239865652091402,1.0
2023,no_line_overheat_0.75_0.2_0.06,50.41194094867354,710,710,1.0,0.6690140845070423,0.04204163989899804,29.849564328288608,3.4751497873338404,7.462391082072152,6.239865652091402,1.0
2023,no_s_overheat_0.75_0.2_0.06,50.41194094867354,710,710,1.0,0.6690140845070423,0.04204163989899804,29.849564328288608,3.4751497873338404,7.462391082072152,6.239865652091402,1.0
2023,no_line_overheat_0.75_0.3_-0.02,50.41194094867354,710,710,1.0,0.6690140845070423,0.04204163989899804,29.849564328288608,3.4751497873338404,7.462391082072152,6.239865652091402,1.0
2023,no_s_overheat_0.75_0.3_-0.02,50.41194094867354,710,710,1.0,0.6690140845070423,0.04204163989899804,29.849564328288608,3.4751497873338404,7.462391082072152,6.239865652091402,1.0
2023,no_line_overheat_0.75_0.3_0.0,50.41194094867354,710,710,1.0,0.6690140845070423,0.04204163989899804,29.849564328288608,3.4751497873338404,7.462391082072152,6.239865652091402,1.0
2023,no_s_overheat_0.75_0.3_0.0,50.41194094867354,710,710,1.0,0.6690140845070423,0.04204163989899804,29.849564328288608,3.4751497873338404,7.462391082072152,6.239865652091402,1.0
2023,no_line_overheat_0.75_0.3_0.03,50.41194094867354,710,710,1.0,0.6690140845070423,0.04204163989899804,29.849564328288608,3.4751497873338404,7.462391082072152,6.239865652091402,1.0
2023,no_s_overheat_0.75_0.3_0.03,50.41194094867354,710,710,1.0,0.6690140845070423,0.04204163989899804,29.849564328288608,3.4751497873338404,7.462391082072152,6.239865652091402,1.0
2023,no_line_overheat_0.75_0.3_0.06,50.41194094867354,710,710,1.0,0.6690140845070423,0.04204163989899804,29.849564328288608,3.4751497873338404,7.462391082072152,6.239865652091402,1.0
2023,no_s_overheat_0.75_0.3_0.06,50.41194094867354,710,710,1.0,0.6690140845070423,0.04204163989899804,29.849564328288608,3.4751497873338404,7.462391082072152,6.239865652091402,1.0
2023,no_line_overheat_0.75_0.4_-0.02,50.41194094867354,710,710,1.0,0.6690140845070423,0.04204163989899804,29.849564328288608,3.4751497873338404,7.462391082072152,6.239865652091402,1.0
2023,no_s_overheat_0.75_0.4_-0.02,50.41194094867354,710,710,1.0,0.6690140845070423,0.04204163989899804,29.849564328288608,3.4751497873338404,7.462391082072152,6.239865652091402,1.0
2023,no_line_overheat_0.75_0.4_0.0,50.41194094867354,710,710,1.0,0.6690140845070423,0.04204163989899804,29.849564328288608,3.4751497873338404,7.462391082072152,6.239865652091402,1.0
2023,no_s_overheat_0.75_0.4_0.0,50.41194094867354,710,710,1.0,0.6690140845070423,0.04204163989899804,29.849564328288608,3.4751497873338404,7.462391082072152,6.239865652091402,1.0
2023,no_line_overheat_0.75_0.4_0.03,50.41194094867354,710,710,1.0,0.6690140845070423,0.04204163989899804,29.849564328288608,3.4751497873338404,7.462391082072152,6.239865652091402,1.0
2023,no_s_overheat_0.75_0.4_0.03,50.41194094867354,710,710,1.0,0.6690140845070423,0.04204163989899804,29.849564328288608,3.4751497873338404,7.462391082072152,6.239865652091402,1.0
2023,no_line_overheat_0.75_0.4_0.06,50.41194094867354,710,710,1.0,0.6690140845070423,0.04204163989899804,29.849564328288608,3.4751497873338404,7.462391082072152,6.239865652091402,1.0
2023,no_s_overheat_0.75_0.4_0.06,50.41194094867354,710,710,1.0,0.6690140845070423,0.04204163989899804,29.849564328288608,3.4751497873338404,7.462391082072152,6.239865652091402,1.0
2023,history_line_win_ge_0.42,50.41194094867354,710,710,1.0,0.6690140845070423,0.04204163989899804,29.849564328288608,3.4751497873338404,7.462391082072152,6.239865652091402,1.0
2023,history_line_win_ge_0.46,50.194342984093005,710,701,0.9873239436619718,0.6718972895863052,0.042577745868002455,29.846999853469722,3.5176389526458274,7.46174996336743,6.114518603184425,1.0
2023,history_line_win_ge_0.5,50.145592735493665,710,659,0.928169014084507,0.6798179059180577,0.045247185658899146,29.817895349214538,3.673009057713916,7.454473837303634,6.046051663915941,1.0
2023,no_line_overheat_0.65_0.4_0.06,49.64162776541067,710,703,0.9901408450704225,0.6685633001422475,0.04153020801750835,29.195736236308363,3.434230099664315,7.298934059077092,6.192979989279453,1.0
2023,no_line_overheat_0.45_0.3_0.06,49.59382460773932,710,704,0.9915492957746479,0.6676136363636364,0.04145175796331162,29.182037606171377,3.4303122029296635,7.295509401542844,6.1792813591424665,1.0
2023,no_line_overheat_0.55_0.3_0.06,49.59382460773932,710,704,0.9915492957746479,0.6676136363636364,0.04145175796331162,29.182037606171377,3.4303122029296635,7.295509401542844,6.1792813591424665,1.0
2023,no_line_overheat_0.65_0.3_0.06,49.59382460773932,710,704,0.9915492957746479,0.6676136363636364,0.04145175796331162,29.182037606171377,3.4303122029296635,7.295509401542844,6.1792813591424665,1.0
2023,no_line_overheat_0.55_0.4_0.06,49.27519634980854,710,699,0.9845070422535211,0.6695278969957081,0.04164954347180033,29.113030886788433,3.4512587191738895,7.278257721697108,6.044448309227309,1.0
2023,no_line_overheat_0.45_0.4_0.06,49.221198619430155,710,698,0.9830985915492958,0.669054441260745,0.04168489814330918,29.09605890402981,3.449829712318488,7.274014726007453,6.027476326468688,1.0
2023,need_dd60_le_-0.02,49.05776221721758,710,696,0.9802816901408451,0.6681034482758621,0.04155678762673737,28.923524188209207,3.430359165929951,7.230881047052302,6.039270602332044,1.0
2023,no_line_overheat_0.65_0.4_0.03,48.898208055096084,710,669,0.9422535211267605,0.6831091180866966,0.04280825771335723,28.63872441023599,3.5080263554184423,7.159681102558997,6.044962438358696,1.0
2023,no_line_overheat_0.55_0.4_0.03,48.831122105939436,710,649,0.9140845070422535,0.687211093990755,0.043941153284269646,28.51780848149101,3.656661330700339,7.1294521203727514,6.024463744572241,1.0
2023,no_line_overheat_0.45_0.3_0.03,48.67793621801582,710,667,0.9394366197183098,0.6806596701649176,0.042796118502046857,28.545011040865255,3.527980904809751,7.136252760216313,5.982818186960554,1.0
2023,no_line_overheat_0.55_0.3_0.03,48.67793621801582,710,667,0.9394366197183098,0.6806596701649176,0.042796118502046857,28.545011040865255,3.527980904809751,7.136252760216313,5.982818186960554,1.0
2023,no_line_overheat_0.65_0.3_0.03,48.45470490661582,710,675,0.9507042253521126,0.68,0.04220295542756664,28.48699491360749,3.4548091975742588,7.1217487284018715,5.920152697110598,1.0
2023,no_line_overheat_0.45_0.4_0.03,48.16874744681092,710,639,0.9,0.6870109546165885,0.044240463276249066,28.269656033523155,3.6801636872354795,7.067414008380789,5.811977398293542,1.0
2023,history_line_win_ge_0.54,48.1499124446167,710,632,0.8901408450704226,0.6756329113924051,0.04642478483212496,29.340464013902977,3.6787685722967227,7.335116003475744,5.468485005069273,1.0
2023,rank_ge_25,47.99037328582338,710,706,0.9943661971830986,0.6671388101983002,0.0411045248610998,29.01979455193646,3.40634461272941,7.254948637984114,5.465856188265357,1.0
2023,rank_ge_35,47.98651836386024,710,705,0.9929577464788732,0.6666666666666666,0.04116079408752752,29.018359831706903,3.4062256445785852,7.254589957926726,5.465856188265357,1.0
2023,no_line_overheat_0.65_0.4_0.0,47.67972795196778,710,642,0.9042253521126761,0.6853582554517134,0.04248950769382542,27.278263939435917,3.4817103442822104,6.819565984858979,6.116908781566095,1.0
2023,rank_ge_45,47.59166409264752,710,696,0.9802816901408451,0.6623563218390804,0.041178043691913815,28.65991840957202,3.376503394698777,7.164979602393004,5.465856188265357,1.0
2023,no_line_overheat_0.65_0.4_-0.02,47.279086605441904,710,638,0.8985915492957747,0.6849529780564263,0.04230796076888559,26.99247897054901,3.460273099931776,6.748119742637252,6.090500984646378,1.0
2023,no_line_overheat_0.65_0.3_0.0,47.22693250131576,710,652,0.9183098591549296,0.6809815950920245,0.04153450596017406,27.08049788603349,3.4029388269893057,6.770124471508371,6.020028613163751,1.0
2023,no_line_overheat_0.65_0.3_-0.02,46.684611185048055,710,648,0.9126760563380282,0.6805555555555556,0.041349865612880524,26.794712917146583,3.3818886493232787,6.698678229286644,5.898088082731029,1.0
2023,need_dd60_le_-0.04,45.619780814235575,710,621,0.8746478873239436,0.679549114331723,0.04275936648378071,26.55356658642782,3.541385552239459,6.638391646606955,5.892549911845692,1.0
2023,no_line_overheat_0.55_0.3_0.0,45.409332521236806,710,617,0.8690140845070422,0.6839546191247974,0.04248680798872636,26.214360529044164,3.512330447270041,6.55359013226104,6.051770357593578,1.0
2023,no_line_overheat_0.45_0.3_0.0,44.07689318918813,710,603,0.8492957746478873,0.6865671641791045,0.04294470497561858,25.895657100298003,3.506665072948035,6.4739142750745,5.884857809422265,1.0
2023,history_sym_win_ge_0.42,43.81773565994841,710,616,0.8676056338028169,0.6655844155844156,0.04502978190265029,27.738345652032578,3.8935423883392986,6.9345864130081445,4.469249776362758,1.0
2023,history_sym_win_ge_0.46,43.3974060018897,710,611,0.8605633802816901,0.6661211129296236,0.045198693180131096,27.616401533060106,3.8974172648894343,6.904100383265025,4.440985980938801,1.0
2023,no_line_overheat_0.55_0.4_0.0,43.241347986256,710,565,0.795774647887324,0.7026548672566372,0.046915195773407053,26.50708561197499,4.072929256147781,6.626771402993747,5.9162053669338,1.0
2023,history_sym_win_ge_0.5,42.43637972954586,710,605,0.852112676056338,0.6628099173553719,0.04462816394780091,27.000039188419557,3.8327506610000253,6.750009797104887,4.440985980938801,1.0
2023,no_line_overheat_0.55_0.3_-0.02,42.098352344205274,710,593,0.8352112676056338,0.688026981450253,0.04203551949312381,24.927063059422423,3.4947559435769886,6.231765764855606,5.625691019772955,1.0
2023,rank_ge_55,40.57743206784069,710,598,0.8422535211267606,0.6555183946488294,0.042154249668158485,25.208241301558772,3.330290516261429,6.302060325389693,4.723790147735219,1.0
2023,no_line_overheat_0.55_0.4_-0.02,39.24291328712161,710,529,0.7450704225352113,0.7069943289224953,0.046305221675415745,24.49546226629493,4.036877304912366,6.123865566573732,5.8082879675128165,1.0
2023,no_line_overheat_0.45_0.4_0.0,39.11094268829282,710,513,0.7225352112676057,0.7095516569200779,0.04974162121962154,25.517451685665847,4.282758829654522,6.379362921416462,5.557810454416561,1.0
2023,no_line_overheat_0.45_0.3_-0.02,38.7496021986955,710,564,0.7943661971830986,0.6914893617021277,0.04238338948138651,23.90423166750199,3.493883069968055,5.976057916875497,5.169082643145199,1.0
2023,history_sym_win_ge_0.54,38.739321095751464,710,571,0.8042253521126761,0.6619964973730298,0.04538509255772255,25.91488785045957,3.849880007046152,6.478721962614894,3.9708117154800022,1.0
2023,need_dd60_le_-0.06,35.26274342608702,710,509,0.7169014084507043,0.7072691552062869,0.04609998179006143,23.464890731141267,4.033011327838847,5.866222682785317,4.8267259796101225,1.0
2023,no_line_overheat_0.45_0.4_-0.02,30.65128697372312,710,440,0.6197183098591549,0.7227272727272728,0.05034604985636584,22.152261936800972,4.423505472559209,5.538065484200243,4.741747545967878,1.0
2023,cool_symbol_2,25.47269583024224,710,446,0.6281690140845071,0.6681614349775785,0.041931251842873135,18.70133832192142,3.3998462349651226,4.675334580480355,4.122355861496308,1.0
2023,cool_line_symbol_2,25.47269583024224,710,446,0.6281690140845071,0.6681614349775785,0.041931251842873135,18.70133832192142,3.3998462349651226,4.675334580480355,4.122355861496308,1.0
2023,need_dd60_le_-0.08,20.361767785016223,710,385,0.5422535211267606,0.7012987012987013,0.04684600153644945,18.03571059153304,3.8849201590840106,4.508927647883259,3.199115184005528,1.0
2023,cool_symbol_3,19.219887126704783,710,381,0.5366197183098591,0.6745406824146981,0.04322602702027478,16.469116294724692,3.440443977758185,4.117279073681173,3.688077645091219,1.0
2023,cool_line_symbol_3,19.219887126704783,710,381,0.5366197183098591,0.6745406824146981,0.04322602702027478,16.469116294724692,3.440443977758185,4.117279073681173,3.688077645091219,1.0
2023,rank_ge_65,17.446757856221534,710,380,0.5352112676056338,0.6657894736842105,0.04521938978640232,17.18336811883288,3.7448139526214757,4.29584202970822,2.414820513229842,1.0
2023,cool_symbol_5,12.820007863203193,710,328,0.4619718309859155,0.6707317073170732,0.042983116541839145,14.098462225723239,3.315923920297825,3.5246155564308097,3.020455528119315,1.0
2023,cool_line_symbol_5,12.820007863203193,710,328,0.4619718309859155,0.6707317073170732,0.042983116541839145,14.098462225723239,3.315923920297825,3.5246155564308097,3.020455528119315,1.0
2023,cool_symbol_7,8.295301554710413,710,276,0.38873239436619716,0.6811594202898551,0.04562682540260406,12.593003811118722,3.5242436187106416,3.1482509527796805,2.714372514985097,1.0
2023,cool_line_symbol_7,8.295301554710413,710,276,0.38873239436619716,0.6811594202898551,0.04562682540260406,12.593003811118722,3.5242436187106416,3.1482509527796805,2.714372514985097,1.0
2023,need_dd60_le_-0.1,7.961570729033792,710,268,0.37746478873239436,0.7089552238805971,0.05400570722904864,14.473529537385035,4.9692125040180555,3.6183823843462584,1.373695607301471,1.0
2023,cool_symbol_10,3.9212410621729106,710,238,0.3352112676056338,0.6722689075630253,0.04552061140511132,10.833905514416497,3.42543085246312,2.7084763786041237,2.3904406087562715,1.0
2023,cool_line_symbol_10,3.9212410621729106,710,238,0.3352112676056338,0.6722689075630253,0.04552061140511132,10.833905514416497,3.42543085246312,2.7084763786041237,2.3904406087562715,1.0
2023,rank_ge_75,1.3462718772290962,710,191,0.26901408450704223,0.743455497382199,0.0547373460087857,10.454833087678068,6.294577608592964,2.613708271919517,1.6293341724467796,1.0
2024,history_line_win_ge_0.5,49.87481293116403,952,873,0.917016806722689,0.6506300114547537,0.03878652983334901,33.860640544513686,3.351063877556565,6.772128108902736,4.042745195299143,1.0
2024,no_line_overheat_0.45_0.2_0.03,49.491111748037554,952,935,0.9821428571428571,0.6427807486631016,0.03628265172677202,33.92427936453183,3.1858512520468905,6.784855872906367,3.880001507083389,1.0
2024,no_line_overheat_0.55_0.2_0.03,49.491111748037554,952,935,0.9821428571428571,0.6427807486631016,0.03628265172677202,33.92427936453183,3.1858512520468905,6.784855872906367,3.880001507083389,1.0
2024,no_line_overheat_0.65_0.2_0.03,49.491111748037554,952,935,0.9821428571428571,0.6427807486631016,0.03628265172677202,33.92427936453183,3.1858512520468905,6.784855872906367,3.880001507083389,1.0
2024,no_line_overheat_0.75_0.2_-0.02,49.29752389724503,952,946,0.9936974789915967,0.638477801268499,0.035670749505588635,33.74452903228685,3.141352901238401,6.74890580645737,3.8949647039982422,1.0
2024,no_s_overheat_0.75_0.2_-0.02,49.29752389724503,952,946,0.9936974789915967,0.638477801268499,0.035670749505588635,33.74452903228685,3.141352901238401,6.74890580645737,3.8949647039982422,1.0
2024,no_line_overheat_0.75_0.2_0.0,49.29752389724503,952,946,0.9936974789915967,0.638477801268499,0.035670749505588635,33.74452903228685,3.141352901238401,6.74890580645737,3.8949647039982422,1.0
2024,no_s_overheat_0.75_0.2_0.0,49.29752389724503,952,946,0.9936974789915967,0.638477801268499,0.035670749505588635,33.74452903228685,3.141352901238401,6.74890580645737,3.8949647039982422,1.0
2024,no_line_overheat_0.75_0.2_0.03,49.29752389724503,952,946,0.9936974789915967,0.638477801268499,0.035670749505588635,33.74452903228685,3.141352901238401,6.74890580645737,3.8949647039982422,1.0
2024,no_s_overheat_0.75_0.2_0.03,49.29752389724503,952,946,0.9936974789915967,0.638477801268499,0.035670749505588635,33.74452903228685,3.141352901238401,6.74890580645737,3.8949647039982422,1.0
2024,no_s_overheat_0.45_0.2_0.03,49.25429783162701,952,943,0.990546218487395,0.6383881230116649,0.03576836249774337,33.729565835372,3.145576734059815,6.7459131670744,3.880001507083389,1.0
2024,no_s_overheat_0.55_0.2_0.03,49.25429783162701,952,943,0.990546218487395,0.6383881230116649,0.03576836249774337,33.729565835372,3.145576734059815,6.7459131670744,3.880001507083389,1.0
2024,no_s_overheat_0.65_0.2_0.03,49.25429783162701,952,943,0.990546218487395,0.6383881230116649,0.03576836249774337,33.729565835372,3.145576734059815,6.7459131670744,3.880001507083389,1.0
2024,no_line_overheat_0.65_0.2_-0.02,49.20180252042296,952,931,0.9779411764705882,0.6412459720730398,0.036197886600856446,33.70023242539735,3.171415181727991,6.74004648507947,3.854816321898204,1.0
2024,no_line_overheat_0.65_0.2_0.0,49.20180252042296,952,931,0.9779411764705882,0.6412459720730398,0.036197886600856446,33.70023242539735,3.171415181727991,6.74004648507947,3.854816321898204,1.0
2024,no_s_overheat_0.65_0.2_-0.02,49.17602186304143,952,942,0.9894957983193278,0.638004246284501,0.035779597293191946,33.70438065018681,3.1439746752713895,6.740876130037362,3.854816321898204,1.0
2024,no_s_overheat_0.65_0.2_0.0,49.17602186304143,952,942,0.9894957983193278,0.638004246284501,0.035779597293191946,33.70438065018681,3.1439746752713895,6.740876130037362,3.854816321898204,1.0
2024,history_line_win_ge_0.54,49.121598195459434,952,839,0.8813025210084033,0.6495828367103695,0.039934836087779965,33.50532747764739,3.386082742954513,6.701065495529479,4.164863463744411,1.0
2024,no_s_overheat_0.45_0.2_-0.02,49.071034187637004,952,941,0.9884453781512605,0.6376195536663124,0.03578149449087056,33.67038631590919,3.141812256310176,6.734077263181838,3.8208219876205836,1.0
2024,no_s_overheat_0.45_0.2_0.0,49.071034187637004,952,941,0.9884453781512605,0.6376195536663124,0.03578149449087056,33.67038631590919,3.141812256310176,6.734077263181838,3.8208219876205836,1.0
2024,no_s_overheat_0.55_0.2_-0.02,49.071034187637004,952,941,0.9884453781512605,0.6376195536663124,0.03578149449087056,33.67038631590919,3.141812256310176,6.734077263181838,3.8208219876205836,1.0
2024,no_s_overheat_0.55_0.2_0.0,49.071034187637004,952,941,0.9884453781512605,0.6376195536663124,0.03578149449087056,33.67038631590919,3.141812256310176,6.734077263181838,3.8208219876205836,1.0
2024,no_line_overheat_0.45_0.2_-0.02,49.06605656723222,952,929,0.9758403361344538,0.6404736275565124,0.036209183115581856,33.638331114375546,3.1674266796659007,6.72766622287511,3.8208219876205836,1.0
2024,no_line_overheat_0.45_0.2_0.0,49.06605656723222,952,929,0.9758403361344538,0.6404736275565124,0.036209183115581856,33.638331114375546,3.1674266796659007,6.72766622287511,3.8208219876205836,1.0
2024,no_line_overheat_0.55_0.2_-0.02,49.06605656723222,952,929,0.9758403361344538,0.6404736275565124,0.036209183115581856,33.638331114375546,3.1674266796659007,6.72766622287511,3.8208219876205836,1.0
2024,no_line_overheat_0.55_0.2_0.0,49.06605656723222,952,929,0.9758403361344538,0.6404736275565124,0.036209183115581856,33.638331114375546,3.1674266796659007,6.72766622287511,3.8208219876205836,1.0
2024,no_line_overheat_0.45_0.2_0.06,48.87353115539918,952,950,0.9978991596638656,0.6357894736842106,0.03538109857425341,33.61204364554074,3.1151630138662707,6.722408729108148,3.762479317252131,1.0
2024,no_s_overheat_0.45_0.2_0.06,48.87353115539918,952,950,0.9978991596638656,0.6357894736842106,0.03538109857425341,33.61204364554074,3.1151630138662707,6.722408729108148,3.762479317252131,1.0
2024,no_line_overheat_0.55_0.2_0.06,48.87353115539918,952,950,0.9978991596638656,0.6357894736842106,0.03538109857425341,33.61204364554074,3.1151630138662707,6.722408729108148,3.762479317252131,1.0
2024,no_s_overheat_0.55_0.2_0.06,48.87353115539918,952,950,0.9978991596638656,0.6357894736842106,0.03538109857425341,33.61204364554074,3.1151630138662707,6.722408729108148,3.762479317252131,1.0
2024,no_line_overheat_0.65_0.2_0.06,48.87353115539918,952,950,0.9978991596638656,0.6357894736842106,0.03538109857425341,33.61204364554074,3.1151630138662707,6.722408729108148,3.762479317252131,1.0
2024,no_s_overheat_0.65_0.2_0.06,48.87353115539918,952,950,0.9978991596638656,0.6357894736842106,0.03538109857425341,33.61204364554074,3.1151630138662707,6.722408729108148,3.762479317252131,1.0
2024,no_line_overheat_0.75_0.2_0.06,48.87353115539918,952,950,0.9978991596638656,0.6357894736842106,0.03538109857425341,33.61204364554074,3.1151630138662707,6.722408729108148,3.762479317252131,1.0
2024,no_s_overheat_0.75_0.2_0.06,48.87353115539918,952,950,0.9978991596638656,0.6357894736842106,0.03538109857425341,33.61204364554074,3.1151630138662707,6.722408729108148,3.762479317252131,1.0
2024,no_line_overheat_0.75_0.3_-0.02,48.72679739715,952,939,0.9863445378151261,0.6368477103301384,0.03573855647913075,33.55850453390377,3.1323478007304155,6.711700906780754,3.708940205615164,1.0
2024,no_s_overheat_0.75_0.3_-0.02,48.72679739715,952,939,0.9863445378151261,0.6368477103301384,0.03573855647913075,33.55850453390377,3.1323478007304155,6.711700906780754,3.708940205615164,1.0
2024,no_line_overheat_0.75_0.3_0.0,48.72679739715,952,939,0.9863445378151261,0.6368477103301384,0.03573855647913075,33.55850453390377,3.1323478007304155,6.711700906780754,3.708940205615164,1.0
2024,no_s_overheat_0.75_0.3_0.0,48.72679739715,952,939,0.9863445378151261,0.6368477103301384,0.03573855647913075,33.55850453390377,3.1323478007304155,6.711700906780754,3.708940205615164,1.0
2024,no_line_overheat_0.75_0.3_0.03,48.72679739715,952,939,0.9863445378151261,0.6368477103301384,0.03573855647913075,33.55850453390377,3.1323478007304155,6.711700906780754,3.708940205615164,1.0
2024,no_s_overheat_0.75_0.3_0.03,48.72679739715,952,939,0.9863445378151261,0.6368477103301384,0.03573855647913075,33.55850453390377,3.1323478007304155,6.711700906780754,3.708940205615164,1.0
2024,no_line_overheat_0.75_0.4_-0.02,48.72679739715,952,939,0.9863445378151261,0.6368477103301384,0.03573855647913075,33.55850453390377,3.1323478007304155,6.711700906780754,3.708940205615164,1.0
2024,no_s_overheat_0.75_0.4_-0.02,48.72679739715,952,939,0.9863445378151261,0.6368477103301384,0.03573855647913075,33.55850453390377,3.1323478007304155,6.711700906780754,3.708940205615164,1.0
2024,no_line_overheat_0.75_0.4_0.0,48.72679739715,952,939,0.9863445378151261,0.6368477103301384,0.03573855647913075,33.55850453390377,3.1323478007304155,6.711700906780754,3.708940205615164,1.0
2024,no_s_overheat_0.75_0.4_0.0,48.72679739715,952,939,0.9863445378151261,0.6368477103301384,0.03573855647913075,33.55850453390377,3.1323478007304155,6.711700906780754,3.708940205615164,1.0
2024,no_line_overheat_0.75_0.4_0.03,48.72679739715,952,939,0.9863445378151261,0.6368477103301384,0.03573855647913075,33.55850453390377,3.1323478007304155,6.711700906780754,3.708940205615164,1.0
2024,no_s_overheat_0.75_0.4_0.03,48.72679739715,952,939,0.9863445378151261,0.6368477103301384,0.03573855647913075,33.55850453390377,3.1323478007304155,6.711700906780754,3.708940205615164,1.0
2024,history_line_win_ge_0.46,48.70936545059691,952,943,0.990546218487395,0.6362672322375398,0.03558022626904046,33.55215337170517,3.1311377624663077,6.710430674341032,3.705153518235444,1.0
2024,base_exit_guard,48.689276613541566,952,952,1.0,0.634453781512605,0.035246552359794174,33.554717846524056,3.1039656459671923,6.71094356930481,3.705153518235444,1.0
2024,history_line_win_ge_0.42,48.689276613541566,952,952,1.0,0.634453781512605,0.035246552359794174,33.554717846524056,3.1039656459671923,6.71094356930481,3.705153518235444,1.0
2024,no_s_overheat_0.45_0.3_0.06,48.60378777803193,952,944,0.9915966386554622,0.635593220338983,0.03551158106200322,33.52293252253104,3.1123055306422,6.704586504506208,3.673368194242435,1.0
2024,no_s_overheat_0.45_0.4_0.06,48.60378777803193,952,944,0.9915966386554622,0.635593220338983,0.03551158106200322,33.52293252253104,3.1123055306422,6.704586504506208,3.673368194242435,1.0
2024,no_s_overheat_0.55_0.3_0.06,48.60378777803193,952,944,0.9915966386554622,0.635593220338983,0.03551158106200322,33.52293252253104,3.1123055306422,6.704586504506208,3.673368194242435,1.0
2024,no_s_overheat_0.55_0.4_0.06,48.60378777803193,952,944,0.9915966386554622,0.635593220338983,0.03551158106200322,33.52293252253104,3.1123055306422,6.704586504506208,3.673368194242435,1.0
2024,no_s_overheat_0.65_0.3_0.06,48.60378777803193,952,944,0.9915966386554622,0.635593220338983,0.03551158106200322,33.52293252253104,3.1123055306422,6.704586504506208,3.673368194242435,1.0
2024,no_s_overheat_0.65_0.4_0.06,48.60378777803193,952,944,0.9915966386554622,0.635593220338983,0.03551158106200322,33.52293252253104,3.1123055306422,6.704586504506208,3.673368194242435,1.0
2024,no_line_overheat_0.75_0.3_0.06,48.60042485094019,952,945,0.9926470588235294,0.6349206349206349,0.03547400266934502,33.52293252253104,3.1123055306422,6.704586504506208,3.673368194242435,1.0
2024,no_s_overheat_0.75_0.3_0.06,48.60042485094019,952,945,0.9926470588235294,0.6349206349206349,0.03547400266934502,33.52293252253104,3.1123055306422,6.704586504506208,3.673368194242435,1.0
2024,no_line_overheat_0.75_0.4_0.06,48.60042485094019,952,945,0.9926470588235294,0.6349206349206349,0.03547400266934502,33.52293252253104,3.1123055306422,6.704586504506208,3.673368194242435,1.0
2024,no_s_overheat_0.75_0.4_0.06,48.60042485094019,952,945,0.9926470588235294,0.6349206349206349,0.03547400266934502,33.52293252253104,3.1123055306422,6.704586504506208,3.673368194242435,1.0
2024,no_line_overheat_0.65_0.4_0.06,47.930737328050434,952,937,0.9842436974789915,0.6350053361792957,0.03507908690560384,32.869104430550806,3.079739656236553,6.57382088611016,3.673368194242435,1.0
2024,no_line_overheat_0.45_0.3_0.06,47.91232026825003,952,938,0.9852941176470589,0.6343283582089553,0.03502708507506803,32.85540580041382,3.077072576613123,6.5710811600827626,3.673368194242435,1.0
2024,no_line_overheat_0.55_0.3_0.06,47.91232026825003,952,938,0.9852941176470589,0.6343283582089553,0.03502708507506803,32.85540580041382,3.077072576613123,6.5710811600827626,3.673368194242435,1.0
2024,no_line_overheat_0.65_0.3_0.06,47.91232026825003,952,938,0.9852941176470589,0.6343283582089553,0.03502708507506803,32.85540580041382,3.077072576613123,6.5710811600827626,3.673368194242435,1.0
2024,no_line_overheat_0.55_0.4_0.06,47.85604948044382,952,933,0.9800420168067226,0.6355841371918542,0.03514083502790018,32.786399081030865,3.089986649937635,6.557279816206173,3.673368194242435,1.0
2024,no_line_overheat_0.45_0.4_0.06,47.83658153287568,952,932,0.9789915966386554,0.6351931330472103,0.035160329504583955,32.769427098272246,3.0889047617650176,6.553885419654449,3.673368194242435,1.0
2024,need_dd60_le_-0.02,47.51755647149891,952,930,0.976890756302521,0.6333333333333333,0.035004176359158166,32.55388401401709,3.0725722783987455,6.510776802803418,3.630359825807887,1.0
2024,no_s_overheat_0.45_0.4_0.03,47.35257479604715,952,926,0.9726890756302521,0.6382289416846653,0.03574445852513648,33.099368594276385,3.1249059227437948,6.619873718855276,3.249804265987772,1.0
2024,no_s_overheat_0.65_0.3_0.03,47.15928332417762,952,930,0.976890756302521,0.6365591397849463,0.03552743045227882,33.04051032061929,3.1081706399444573,6.608102064123858,3.1909459923306858,1.0
2024,no_s_overheat_0.65_0.4_0.03,47.15928332417762,952,930,0.976890756302521,0.6365591397849463,0.03552743045227882,33.04051032061929,3.1081706399444573,6.608102064123858,3.1909459923306858,1.0
2024,no_s_overheat_0.45_0.3_0.03,47.04552171090362,952,929,0.9758403361344538,0.6361679224973089,0.03552597843366084,33.00363396487092,3.10581772076305,6.600726792974184,3.1540696365823124,1.0
2024,no_s_overheat_0.55_0.3_0.03,47.04552171090362,952,929,0.9758403361344538,0.6361679224973089,0.03552597843366084,33.00363396487092,3.10581772076305,6.600726792974184,3.1540696365823124,1.0
2024,no_s_overheat_0.55_0.4_0.03,47.04552171090362,952,929,0.9758403361344538,0.6361679224973089,0.03552597843366084,33.00363396487092,3.10581772076305,6.600726792974184,3.1540696365823124,1.0
2024,history_sym_win_ge_0.42,47.03619942936225,952,808,0.8487394957983193,0.6485148514851485,0.0396827746190334,32.06368189217899,3.746776893047053,6.412736378435797,4.325336240146408,1.0
2024,history_sym_win_ge_0.46,46.73318483338796,952,803,0.8434873949579832,0.6488169364881694,0.03977800469888731,31.941737773206512,3.7492621478367525,6.388347554641301,4.325336240146408,1.0
2024,no_s_overheat_0.65_0.3_-0.02,46.5042348574226,952,921,0.967436974789916,0.6362649294245385,0.035639588878336875,32.82406135694826,3.0997095920646736,6.564812271389653,2.974497028659657,1.0
2024,no_s_overheat_0.65_0.3_0.0,46.5042348574226,952,921,0.967436974789916,0.6362649294245385,0.035639588878336875,32.82406135694826,3.0997095920646736,6.564812271389653,2.974497028659657,1.0
2024,no_s_overheat_0.65_0.4_-0.02,46.5042348574226,952,921,0.967436974789916,0.6362649294245385,0.035639588878336875,32.82406135694826,3.0997095920646736,6.564812271389653,2.974497028659657,1.0
2024,no_s_overheat_0.65_0.4_0.0,46.5042348574226,952,921,0.967436974789916,0.6362649294245385,0.035639588878336875,32.82406135694826,3.0997095920646736,6.564812271389653,2.974497028659657,1.0
2024,no_s_overheat_0.55_0.3_0.0,46.42979747659607,952,907,0.9527310924369747,0.6383682469680264,0.03615121327982732,32.789150444803376,3.1392671278460558,6.557830088960675,2.9395861165147665,1.0
2024,no_s_overheat_0.55_0.4_0.0,46.107814467144806,952,903,0.9485294117647058,0.6378737541528239,0.03619451455930375,32.68364664705128,3.1332688236081148,6.536729329410257,2.834082318762673,1.0
2024,no_line_overheat_0.65_0.4_0.03,45.9986584851265,952,889,0.9338235294117647,0.6456692913385826,0.03580390371492314,31.829670402566673,3.1174992824110874,6.365934080513335,3.1909459923306858,1.0
2024,no_s_overheat_0.55_0.3_-0.02,45.91228270400694,952,904,0.9495798319327731,0.6371681415929203,0.03608460154499931,32.620479796679376,3.1282625251628726,6.524095959335876,2.770915468390766,1.0
2024,no_line_overheat_0.55_0.4_0.03,45.82109806297257,952,868,0.9117647058823529,0.6474654377880185,0.03648833884570659,31.67187811807332,3.2075069655890633,6.3343756236146636,3.1540696365823124,1.0
2024,no_line_overheat_0.45_0.4_0.03,45.81900726231724,952,855,0.898109243697479,0.6491228070175439,0.03686486584738121,31.519460299510932,3.2410017326625526,6.303892059902186,3.249804265987772,1.0
2024,no_line_overheat_0.65_0.3_0.03,45.818551687959456,952,895,0.9401260504201681,0.6435754189944134,0.035394347380936504,31.677940905938172,3.0816834047756934,6.335588181187634,3.1909459923306858,1.0
2024,no_s_overheat_0.45_0.3_0.0,45.80840228337869,952,903,0.9485294117647058,0.6378737541528239,0.036083396929917376,32.58330742771538,3.136479772091272,6.516661485543077,2.733743099426775,1.0
2024,no_line_overheat_0.45_0.3_0.03,45.78732904708013,952,886,0.930672268907563,0.6433408577878104,0.03577774342827039,31.699080677447565,3.1268096150577867,6.339816135489513,3.1540696365823124,1.0
2024,no_line_overheat_0.55_0.3_0.03,45.78732904708013,952,886,0.930672268907563,0.6433408577878104,0.03577774342827039,31.699080677447565,3.1268096150577867,6.339816135489513,3.1540696365823124,1.0
2024,no_s_overheat_0.55_0.4_-0.02,45.59026250014401,952,900,0.9453781512605042,0.6366666666666667,0.036127751109919205,32.514975998927284,3.1222596532120943,6.502995199785457,2.665411670638673,1.0
2024,no_s_overheat_0.45_0.4_0.0,45.48207243480722,952,893,0.9380252100840336,0.6394176931690929,0.036361473310331446,32.47079566612598,3.1434512543220627,6.494159133225196,2.6212313378373726,1.0
2024,no_s_overheat_0.45_0.3_-0.02,44.35863060032254,952,895,0.9401260504201681,0.6368715083798883,0.03587253983753757,32.10592315459613,3.1112645024238694,6.4211846309192255,2.25635882630752,1.0
2024,history_sym_win_ge_0.5,44.07659742391398,952,774,0.8130252100840336,0.6472868217054264,0.04005549278260799,31.00295141373859,3.7510101961380284,6.200590282747717,4.002912225319034,1.0
2024,no_line_overheat_0.65_0.4_0.0,43.830391866742595,952,853,0.8960084033613446,0.6459554513481829,0.035466308286161284,30.252760968095576,3.0771309338794546,6.050552193619114,2.974497028659657,1.0
2024,no_line_overheat_0.65_0.3_0.0,43.731966055560854,952,863,0.9065126050420168,0.6431054461181923,0.0348261818246734,30.054994914693143,3.02489970591486,6.010998982938628,2.974497028659657,1.0
2024,no_s_overheat_0.45_0.4_-0.02,43.58490843398576,952,882,0.9264705882352942,0.63718820861678,0.03610879364132558,31.847955991649165,3.1084561450631667,6.369591198329833,1.9983916633605556,1.0
2024,no_line_overheat_0.65_0.3_-0.02,43.435444331979156,952,859,0.9023109243697479,0.6426076833527358,0.03465565767847059,29.769209945806235,3.0084038241798505,5.953841989161246,2.974497028659657,1.0
2024,no_line_overheat_0.65_0.4_-0.02,43.386728082731985,952,849,0.8918067226890757,0.6454652532391049,0.03529679151850255,29.966975999208664,3.060392931781685,5.993395199841733,2.974497028659657,1.0
2024,need_dd60_le_-0.04,42.890589073760154,952,821,0.8623949579831933,0.6455542021924482,0.03633626825268947,29.832076235458057,3.1797979997352237,5.966415247091611,3.278509649030234,1.0
2024,no_line_overheat_0.55_0.3_0.0,41.2544157367019,952,814,0.8550420168067226,0.6461916461916462,0.03581565926972842,29.153946645558932,3.127736077839825,5.830789329111786,2.9395861165147665,1.0
2024,history_sym_win_ge_0.54,40.954838213211545,952,725,0.7615546218487395,0.6482758620689655,0.04114604333370983,29.830881416939633,3.7923571765221977,5.9661762833879255,3.9159935664800547,1.0
2024,rank_ge_25,40.85372514257067,952,836,0.8781512605042017,0.645933014354067,0.03662419714269834,30.617828811295812,3.1497372462775135,6.123565762259162,1.5980342593593526,1.0
2024,rank_ge_35,40.813355187620694,952,835,0.8771008403361344,0.6455089820359281,0.03666634022882186,30.616394091066258,3.1496365117827696,6.123278818213251,1.5980342593593526,1.0
2024,rank_ge_45,40.09213551356498,952,826,0.8676470588235294,0.6416464891041163,0.03663190395754404,30.25795266893137,3.124469643141589,6.051590533786273,1.5980342593593526,1.0
2024,no_line_overheat_0.45_0.3_0.0,39.655143613250964,952,796,0.8361344537815126,0.6469849246231156,0.03596658316548339,28.629400199724778,3.1172534184082195,5.725880039944955,2.733743099426775,1.0
2024,no_line_overheat_0.55_0.4_0.0,39.39608745900794,952,758,0.7962184873949579,0.6569920844327177,0.0387086648162766,29.34116793073766,3.468294819515628,5.868233586147531,2.834082318762673,1.0
2024,no_line_overheat_0.55_0.3_-0.02,38.45190066778956,952,787,0.8266806722689075,0.6467598475222364,0.03519438186507394,27.69797852781319,3.0889368723437944,5.539595705562638,2.770915468390766,1.0
2024,no_line_overheat_0.45_0.4_0.0,35.569222595299394,952,696,0.7310924369747899,0.6609195402298851,0.04042914227514831,28.13868302350322,3.5904878017087136,5.627736604700644,2.6212313378373726,1.0
2024,no_line_overheat_0.55_0.4_-0.02,35.40677734010874,952,719,0.7552521008403361,0.6564673157162726,0.03777590255484507,27.1608739369336,3.397839907809331,5.43217478738672,2.665411670638673,1.0
2024,no_line_overheat_0.45_0.3_-0.02,34.47504593779324,952,749,0.7867647058823529,0.6475300400534045,0.03492735713459214,26.160590493809508,3.0546457704386256,5.232118098761902,2.25635882630752,1.0
2024,rank_ge_55,32.687183359693186,952,714,0.75,0.6358543417366946,0.03763671592444937,26.872615170056854,3.113097487913408,5.3745230340113705,1.6643738684980804,1.0
2024,need_dd60_le_-0.06,31.339520668152748,952,672,0.7058823529411765,0.6607142857142857,0.038215524930943524,25.680832753594043,3.434700176281102,5.136166550718809,2.215942022452775,1.0
2024,no_line_overheat_0.45_0.4_-0.02,27.225236038961548,952,612,0.6428571428571429,0.6617647058823529,0.039461852287845635,24.15065360016153,3.537951165334294,4.830130720032305,1.9983916633605556,1.0
2024,cool_symbol_2,24.716594866138472,952,599,0.6292016806722689,0.6410684474123539,0.035535797248689126,21.28594255196479,3.068085586991508,4.257188510392957,2.58460423004337,1.0
2024,cool_line_symbol_2,24.716594866138472,952,599,0.6292016806722689,0.6410684474123539,0.035535797248689126,21.28594255196479,3.068085586991508,4.257188510392957,2.58460423004337,1.0
2024,need_dd60_le_-0.08,19.351636905697127,952,500,0.5252100840336135,0.666,0.0402879661589707,20.143983079485352,3.5575118182613577,4.02879661589707,2.108272487952312,1.0
2024,cool_symbol_3,17.890953572439805,952,511,0.5367647058823529,0.6438356164383562,0.03638413957590189,18.592295323285864,3.092714807914922,3.7184590646571736,2.1231790285611734,1.0
2024,cool_line_symbol_3,17.890953572439805,952,511,0.5367647058823529,0.6438356164383562,0.03638413957590189,18.592295323285864,3.092714807914922,3.7184590646571736,2.1231790285611734,1.0
2024,rank_ge_65,13.225790485482417,952,430,0.45168067226890757,0.6604651162790698,0.04276592415704975,18.389347387531394,3.626670899493757,3.677869477506279,1.2059792686985145,1.0
2024,cool_symbol_5,10.500338185033534,952,442,0.4642857142857143,0.6334841628959276,0.034942778261197474,15.444707991449285,2.8914356953050375,3.0889415982898574,1.346245765726047,1.0
2024,cool_line_symbol_5,10.500338185033534,952,442,0.4642857142857143,0.6334841628959276,0.034942778261197474,15.444707991449285,2.8914356953050375,3.0889415982898574,1.346245765726047,1.0
2024,need_dd60_le_-0.1,7.538554719312092,952,305,0.32037815126050423,0.7147540983606557,0.05218231540020447,15.915606197062363,5.177103043451722,3.1831212394124724,1.373695607301471,1.0
2024,cool_symbol_7,6.878220595219847,952,371,0.3897058823529412,0.6495956873315364,0.037827376948722964,14.033956847976219,3.1493467090360237,2.8067913695952433,1.440953036857496,1.0
2024,cool_line_symbol_7,6.878220595219847,952,371,0.3897058823529412,0.6495956873315364,0.037827376948722964,14.033956847976219,3.1493467090360237,2.8067913695952433,1.440953036857496,1.0
2024,cool_symbol_10,2.3912827762595867,952,321,0.33718487394957986,0.6386292834890965,0.0374361377626113,12.017000221798227,3.026952268034243,2.4034000443596453,1.1830947073817315,1.0
2024,cool_line_symbol_10,2.3912827762595867,952,321,0.33718487394957986,0.6386292834890965,0.0374361377626113,12.017000221798227,3.026952268034243,2.4034000443596453,1.1830947073817315,1.0
2024,rank_ge_75,-3.8929263137030112,952,196,0.20588235294117646,0.7397959183673469,0.05376169713754288,10.537292638958403,6.056780853396631,2.107458527791681,0.08245955128033619,1.0
2025,no_line_overheat_0.45_0.2_0.03,65.42633704492518,1194,1168,0.9782244556113903,0.6412671232876712,0.04254014716993655,49.68689189448588,3.5462130396683107,8.281148649080981,3.880001507083389,1.0
2025,no_line_overheat_0.55_0.2_0.03,65.42633704492518,1194,1168,0.9782244556113903,0.6412671232876712,0.04254014716993655,49.68689189448588,3.5462130396683107,8.281148649080981,3.880001507083389,1.0
2025,no_line_overheat_0.65_0.2_0.03,65.42633704492518,1194,1168,0.9782244556113903,0.6412671232876712,0.04254014716993655,49.68689189448588,3.5462130396683107,8.281148649080981,3.880001507083389,1.0
2025,no_line_overheat_0.75_0.2_-0.02,65.34929165203738,1194,1182,0.9899497487437185,0.637901861252115,0.04197732689723821,49.617200392535565,3.5053050904895082,8.269533398755927,3.8949647039982422,1.0
2025,no_s_overheat_0.75_0.2_-0.02,65.34929165203738,1194,1182,0.9899497487437185,0.637901861252115,0.04197732689723821,49.617200392535565,3.5053050904895082,8.269533398755927,3.8949647039982422,1.0
2025,no_line_overheat_0.75_0.2_0.0,65.34929165203738,1194,1182,0.9899497487437185,0.637901861252115,0.04197732689723821,49.617200392535565,3.5053050904895082,8.269533398755927,3.8949647039982422,1.0
2025,no_s_overheat_0.75_0.2_0.0,65.34929165203738,1194,1182,0.9899497487437185,0.637901861252115,0.04197732689723821,49.617200392535565,3.5053050904895082,8.269533398755927,3.8949647039982422,1.0
2025,no_line_overheat_0.65_0.2_-0.02,65.32587578827275,1194,1161,0.9723618090452262,0.6416881998277347,0.042743819240085267,49.625574137738994,3.564456015197355,8.2709290229565,3.854816321898204,1.0
2025,no_line_overheat_0.65_0.2_0.0,65.32587578827275,1194,1161,0.9723618090452262,0.6416881998277347,0.042743819240085267,49.625574137738994,3.564456015197355,8.2709290229565,3.854816321898204,1.0
2025,no_line_overheat_0.75_0.2_0.03,65.30506284572225,1194,1183,0.990787269681742,0.6373626373626373,0.04190958444527988,49.579038398766095,3.498563704292975,8.263173066461016,3.8949647039982422,1.0
2025,no_s_overheat_0.75_0.2_0.03,65.30506284572225,1194,1183,0.990787269681742,0.6373626373626373,0.04190958444527988,49.579038398766095,3.498563704292975,8.263173066461016,3.8949647039982422,1.0
2025,no_s_overheat_0.65_0.2_-0.02,65.30392785515143,1194,1172,0.981574539363484,0.6390784982935154,0.042346179490211994,49.629722362528454,3.5383607147179683,8.271620393754743,3.854816321898204,1.0
2025,no_s_overheat_0.65_0.2_0.0,65.30392785515143,1194,1172,0.981574539363484,0.6390784982935154,0.042346179490211994,49.629722362528454,3.5383607147179683,8.271620393754743,3.854816321898204,1.0
2025,no_s_overheat_0.45_0.2_-0.02,65.21349215798797,1194,1167,0.9773869346733668,0.6392459297343616,0.04250173942866503,49.599529913252084,3.5521772416458313,8.266588318875348,3.8208219876205836,1.0
2025,no_s_overheat_0.45_0.2_0.0,65.21349215798797,1194,1167,0.9773869346733668,0.6392459297343616,0.04250173942866503,49.599529913252084,3.5521772416458313,8.266588318875348,3.8208219876205836,1.0
2025,no_s_overheat_0.55_0.2_-0.02,65.21349215798797,1194,1167,0.9773869346733668,0.6392459297343616,0.04250173942866503,49.599529913252084,3.5521772416458313,8.266588318875348,3.8208219876205836,1.0
2025,no_s_overheat_0.55_0.2_0.0,65.21349215798797,1194,1167,0.9773869346733668,0.6392459297343616,0.04250173942866503,49.599529913252084,3.5521772416458313,8.266588318875348,3.8208219876205836,1.0
2025,no_line_overheat_0.45_0.2_-0.02,65.20547356244306,1194,1155,0.9673366834170855,0.6415584415584416,0.04291556252096835,49.56747471171845,3.57712533538247,8.261245785286407,3.8208219876205836,1.0
2025,no_line_overheat_0.45_0.2_0.0,65.20547356244306,1194,1155,0.9673366834170855,0.6415584415584416,0.04291556252096835,49.56747471171845,3.57712533538247,8.261245785286407,3.8208219876205836,1.0
2025,no_line_overheat_0.55_0.2_-0.02,65.20547356244306,1194,1155,0.9673366834170855,0.6415584415584416,0.04291556252096835,49.56747471171845,3.57712533538247,8.261245785286407,3.8208219876205836,1.0
2025,no_line_overheat_0.55_0.2_0.0,65.20547356244306,1194,1155,0.9673366834170855,0.6415584415584416,0.04291556252096835,49.56747471171845,3.57712533538247,8.261245785286407,3.8208219876205836,1.0
2025,no_s_overheat_0.45_0.2_0.03,65.19617274553228,1194,1176,0.9849246231155779,0.6377551020408163,0.04208518568480107,49.49217836532605,3.510431711670737,8.248696394221009,3.880001507083389,1.0
2025,no_s_overheat_0.55_0.2_0.03,65.19617274553228,1194,1176,0.9849246231155779,0.6377551020408163,0.04208518568480107,49.49217836532605,3.510431711670737,8.248696394221009,3.880001507083389,1.0
2025,no_s_overheat_0.65_0.2_0.03,65.19617274553228,1194,1176,0.9849246231155779,0.6377551020408163,0.04208518568480107,49.49217836532605,3.510431711670737,8.248696394221009,3.880001507083389,1.0
2025,no_line_overheat_0.75_0.4_-0.02,64.99464103491663,1194,1128,0.9447236180904522,0.6427304964539007,0.04390264191858424,49.522180084163026,3.6818561145075384,8.253696680693837,3.708940205615164,1.0
2025,no_s_overheat_0.75_0.4_-0.02,64.99464103491663,1194,1128,0.9447236180904522,0.6427304964539007,0.04390264191858424,49.522180084163026,3.6818561145075384,8.253696680693837,3.708940205615164,1.0
2025,no_line_overheat_0.75_0.4_0.0,64.97682927246326,1194,1133,0.9489112227805695,0.6416593115622242,0.04370544935713802,49.51827412163736,3.6647563635688885,8.253045686939561,3.708940205615164,1.0
2025,no_s_overheat_0.75_0.4_0.0,64.97682927246326,1194,1133,0.9489112227805695,0.6416593115622242,0.04370544935713802,49.51827412163736,3.6647563635688885,8.253045686939561,3.708940205615164,1.0
2025,no_line_overheat_0.75_0.3_0.0,64.89694397862344,1194,1142,0.9564489112227805,0.6409807355516638,0.04330638604485294,49.45589286322206,3.636534052825468,8.24264881053701,3.708940205615164,1.0
2025,no_s_overheat_0.75_0.3_0.0,64.89694397862344,1194,1142,0.9564489112227805,0.6409807355516638,0.04330638604485294,49.45589286322206,3.636534052825468,8.24264881053701,3.708940205615164,1.0
2025,no_line_overheat_0.75_0.3_-0.02,64.81515380429113,1194,1139,0.9539363484087102,0.6409130816505707,0.043348894741900394,49.37439111102455,3.6366337475667887,8.229065185170759,3.708940205615164,1.0
2025,no_s_overheat_0.75_0.3_-0.02,64.81515380429113,1194,1139,0.9539363484087102,0.6409130816505707,0.043348894741900394,49.37439111102455,3.6366337475667887,8.229065185170759,3.708940205615164,1.0
2025,no_line_overheat_0.75_0.3_0.03,64.78458772705943,1194,1150,0.9631490787269682,0.6382608695652174,0.042936188271872205,49.37661651265303,3.5975729106999554,8.229436085442172,3.708940205615164,1.0
2025,no_s_overheat_0.75_0.3_0.03,64.78458772705943,1194,1150,0.9631490787269682,0.6382608695652174,0.042936188271872205,49.37661651265303,3.5975729106999554,8.229436085442172,3.708940205615164,1.0
2025,no_line_overheat_0.45_0.2_0.06,64.70203727806603,1194,1191,0.9974874371859297,0.6330814441645676,0.04138346019328103,49.2877010901977,3.4479406650824695,8.214616848366283,3.762479317252131,1.0
2025,no_s_overheat_0.45_0.2_0.06,64.70203727806603,1194,1191,0.9974874371859297,0.6330814441645676,0.04138346019328103,49.2877010901977,3.4479406650824695,8.214616848366283,3.762479317252131,1.0
2025,no_line_overheat_0.55_0.2_0.06,64.70203727806603,1194,1191,0.9974874371859297,0.6330814441645676,0.04138346019328103,49.2877010901977,3.4479406650824695,8.214616848366283,3.762479317252131,1.0
2025,no_s_overheat_0.55_0.2_0.06,64.70203727806603,1194,1191,0.9974874371859297,0.6330814441645676,0.04138346019328103,49.2877010901977,3.4479406650824695,8.214616848366283,3.762479317252131,1.0
2025,no_line_overheat_0.65_0.2_0.06,64.70203727806603,1194,1191,0.9974874371859297,0.6330814441645676,0.04138346019328103,49.2877010901977,3.4479406650824695,8.214616848366283,3.762479317252131,1.0
2025,no_s_overheat_0.65_0.2_0.06,64.70203727806603,1194,1191,0.9974874371859297,0.6330814441645676,0.04138346019328103,49.2877010901977,3.4479406650824695,8.214616848366283,3.762479317252131,1.0
2025,no_line_overheat_0.75_0.2_0.06,64.70203727806603,1194,1191,0.9974874371859297,0.6330814441645676,0.04138346019328103,49.2877010901977,3.4479406650824695,8.214616848366283,3.762479317252131,1.0
2025,no_s_overheat_0.75_0.2_0.06,64.70203727806603,1194,1191,0.9974874371859297,0.6330814441645676,0.04138346019328103,49.2877010901977,3.4479406650824695,8.214616848366283,3.762479317252131,1.0
2025,no_line_overheat_0.75_0.4_0.03,64.67018386876774,1194,1144,0.9581239530988275,0.6372377622377622,0.04306794692851633,49.26973128622268,3.592766720251829,8.211621881037113,3.708940205615164,1.0
2025,no_s_overheat_0.75_0.4_0.03,64.67018386876774,1194,1144,0.9581239530988275,0.6372377622377622,0.04306794692851633,49.26973128622268,3.592766720251829,8.211621881037113,3.708940205615164,1.0
2025,base_exit_guard,64.50318841146277,1194,1194,1.0,0.6314907872696818,0.04122064591298042,49.217451220098624,3.4359524370897008,8.202908536683104,3.705153518235444,1.0
2025,no_s_overheat_0.65_0.3_0.06,64.44133884302828,1194,1157,0.9690117252931323,0.6352636127917026,0.042480521821769805,49.149963747787666,3.5366412855944502,8.191660624631277,3.673368194242435,1.0
2025,no_line_overheat_0.75_0.3_0.06,64.4248370484996,1194,1164,0.9748743718592965,0.634020618556701,0.04221983332713088,49.14388599278034,3.5282231489017475,8.190647665463391,3.673368194242435,1.0
2025,no_s_overheat_0.75_0.3_0.06,64.4248370484996,1194,1164,0.9748743718592965,0.634020618556701,0.04221983332713088,49.14388599278034,3.5282231489017475,8.190647665463391,3.673368194242435,1.0
2025,no_s_overheat_0.45_0.3_0.06,64.41217487086764,1194,1156,0.9681742043551089,0.6349480968858131,0.0424940063300249,49.123071317508774,3.5352533608898575,8.18717855291813,3.673368194242435,1.0
2025,no_s_overheat_0.55_0.3_0.06,64.41217487086764,1194,1156,0.9681742043551089,0.6349480968858131,0.0424940063300249,49.123071317508774,3.5352533608898575,8.18717855291813,3.673368194242435,1.0
2025,no_s_overheat_0.45_0.4_0.06,64.36583345083208,1194,1147,0.9606365159128978,0.6355710549258936,0.04278201830698853,49.070974998115844,3.54053357920382,8.178495833019307,3.673368194242435,1.0
2025,no_s_overheat_0.65_0.4_0.06,64.35283657472371,1194,1150,0.9631490787269682,0.6347826086956522,0.042664605969528334,49.06429686495758,3.535780555605997,8.177382810826265,3.673368194242435,1.0
2025,no_s_overheat_0.55_0.4_0.06,64.34884992930778,1194,1148,0.9614740368509213,0.6350174216027874,0.04273340799641479,49.05795237988418,3.538148105849573,8.176325396647362,3.673368194242435,1.0
2025,no_line_overheat_0.75_0.4_0.06,64.31042759739387,1194,1158,0.9698492462311558,0.6329879101899827,0.04234628736299654,49.03700076634999,3.5235017832181943,8.172833461058332,3.673368194242435,1.0
2025,no_s_overheat_0.75_0.4_0.06,64.31042759739387,1194,1158,0.9698492462311558,0.6329879101899827,0.04234628736299654,49.03700076634999,3.5235017832181943,8.172833461058332,3.673368194242435,1.0
2025,no_line_overheat_0.65_0.3_0.06,63.75480189709748,1194,1151,0.9639865996649917,0.634231103388358,0.04212201305444868,48.482437025670436,3.5089459320007768,8.080406170945073,3.673368194242435,1.0
2025,no_line_overheat_0.45_0.3_0.06,63.72562333123254,1194,1150,0.9631490787269682,0.6339130434782608,0.042135256169905703,48.45554459539155,3.5075542599296288,8.075924099231925,3.673368194242435,1.0
2025,no_line_overheat_0.55_0.3_0.06,63.72562333123254,1194,1150,0.9631490787269682,0.6339130434782608,0.042135256169905703,48.45554459539155,3.5075542599296288,8.075924099231925,3.673368194242435,1.0
2025,no_line_overheat_0.65_0.4_0.06,63.68395170117148,1194,1143,0.957286432160804,0.6342957130358705,0.04235386594311228,48.41046877297734,3.51053594905983,8.06841146216289,3.673368194242435,1.0
2025,no_line_overheat_0.55_0.4_0.06,63.605141945245016,1194,1137,0.9522613065326633,0.635004397537379,0.04249904919822691,48.321418938384,3.523929261378497,8.053569823064,3.673368194242435,1.0
2025,no_line_overheat_0.45_0.4_0.06,63.603137805761406,1194,1135,0.9505862646566164,0.6352422907488987,0.04257045777432339,48.31746957385705,3.5254407793499802,8.052911595642842,3.673368194242435,1.0
2025,no_s_overheat_0.65_0.4_-0.02,63.558763346249954,1194,1081,0.9053601340033501,0.6512488436632747,0.045720972940678783,49.42437174887376,3.858306643481021,8.23739529147896,2.974497028659657,1.0
2025,no_s_overheat_0.65_0.3_-0.02,63.23630577287275,1194,1095,0.9170854271356784,0.6474885844748859,0.044893913528858916,49.158835314100514,3.782066958156988,8.193139219016752,2.974497028659657,1.0
2025,no_s_overheat_0.45_0.4_0.03,63.225680192149966,1194,1112,0.931323283082077,0.6411870503597122,0.0438021666742682,48.70800934178624,3.6242541331792375,8.118001556964373,3.249804265987772,1.0
2025,need_dd60_le_-0.02,63.19816671437721,1194,1161,0.9723618090452262,0.6330749354005168,0.041385586064334054,48.04866542069183,3.4468139301340344,8.008110903448637,3.630359825807887,1.0
2025,no_s_overheat_0.65_0.4_0.0,63.12390728290929,1194,1090,0.9128978224455612,0.6486238532110091,0.045004318139434445,49.05470677198354,3.7541743751027954,8.175784461997258,2.974497028659657,1.0
2025,no_s_overheat_0.65_0.3_0.03,63.110824863647274,1194,1128,0.9447236180904522,0.6391843971631206,0.0432025592076967,48.732486786281875,3.601048213776843,8.12208113104698,3.1909459923306858,1.0
2025,no_s_overheat_0.65_0.4_0.03,63.022414895275354,1194,1121,0.9388609715242882,0.6387154326494202,0.043395914276049774,48.64681990345179,3.600251687830174,8.107803317241965,3.1909459923306858,1.0
2025,no_s_overheat_0.45_0.3_0.03,62.9683971667808,1194,1126,0.9430485762144054,0.6385435168738899,0.043222662522428616,48.66871800025462,3.5976446179841974,8.111453000042436,3.1540696365823124,1.0
2025,no_s_overheat_0.55_0.3_0.03,62.9683971667808,1194,1126,0.9430485762144054,0.6385435168738899,0.043222662522428616,48.66871800025462,3.5976446179841974,8.111453000042436,3.1540696365823124,1.0
2025,no_s_overheat_0.65_0.3_0.0,62.90388724542087,1194,1102,0.9229480737018425,0.6460980036297641,0.0443507967803389,48.87457805193347,3.699650236038535,8.145763008655578,2.974497028659657,1.0
2025,no_s_overheat_0.55_0.3_0.0,62.891326990745725,1194,1079,0.9036850921273032,0.6496756255792401,0.0452961881641869,48.87458702915767,3.7783792013246345,8.145764504859612,2.9395861165147665,1.0
2025,no_s_overheat_0.55_0.4_0.03,62.88027071373176,1194,1117,0.9355108877721943,0.6383169203222918,0.043492174524139816,48.580758943464176,3.5995757909830033,8.096793157244031,3.1540696365823124,1.0
2025,no_s_overheat_0.55_0.3_-0.02,62.47416906606987,1194,1063,0.890284757118928,0.651928504233302,0.04616331860736615,49.07160767963022,3.882242858658255,8.17860127993837,2.770915468390766,1.0
2025,no_s_overheat_0.55_0.4_0.0,62.44182743668694,1194,1060,0.8877721943048577,0.6528301886792452,0.04623877004536182,49.01309624808352,3.848777614023669,8.168849374680589,2.834082318762673,1.0
2025,no_s_overheat_0.45_0.3_0.0,62.244314789031606,1194,1073,0.8986599664991625,0.6495806150978565,0.04536735853891051,48.67917571225097,3.7933019499342464,8.11319595204183,2.733743099426775,1.0
2025,no_s_overheat_0.55_0.4_-0.02,62.021995167384446,1194,1041,0.871859296482412,0.6570605187319885,0.047445147329465864,49.390398369973965,4.0007909711775484,8.231733061662329,2.665411670638673,1.0
2025,no_line_overheat_0.65_0.4_0.03,61.86208709229772,1194,1080,0.9045226130653267,0.6462962962962963,0.043922203690184417,47.43597998539917,3.62546728151139,7.9059966642331965,3.1909459923306858,1.0
2025,no_line_overheat_0.65_0.3_0.03,61.77251320366438,1194,1093,0.9154103852596315,0.6450137236962489,0.04333935715608486,47.36991737160075,3.591270457842034,7.894986228600126,3.1909459923306858,1.0
2025,no_line_overheat_0.45_0.3_0.03,61.71287515088341,1194,1083,0.907035175879397,0.644506001846722,0.04373422411157089,47.36416471283127,3.6360823113078227,7.894027452138545,3.1540696365823124,1.0
2025,no_line_overheat_0.55_0.3_0.03,61.71287515088341,1194,1083,0.907035175879397,0.644506001846722,0.04373422411157089,47.36416471283127,3.6360823113078227,7.894027452138545,3.1540696365823124,1.0
2025,no_s_overheat_0.45_0.4_0.0,61.46931430226803,1194,1046,0.8760469011725294,0.655831739961759,0.04669425691802688,48.842192736256116,3.887717298979691,8.140365456042687,2.6212313378373726,1.0
2025,no_line_overheat_0.55_0.4_0.03,61.11119857819919,1194,1056,0.8844221105527639,0.6477272727272727,0.04474337414457062,47.24900309666658,3.7212919507697606,7.874833849444429,3.1540696365823124,1.0
2025,no_line_overheat_0.45_0.4_0.03,60.77662386793881,1194,1041,0.871859296482412,0.6503362151777138,0.04527195105381439,47.128101047020785,3.764315672338983,7.854683507836797,3.249804265987772,1.0
2025,no_s_overheat_0.45_0.3_-0.02,60.584505760173826,1194,1046,0.8760469011725294,0.6539196940726577,0.0465400239211456,48.680865021518294,3.919366149277348,8.113477503586381,2.25635882630752,1.0
2025,no_s_overheat_0.45_0.4_-0.02,59.43190732105947,1194,1012,0.847571189279732,0.6620553359683794,0.048344630319123526,48.924765882953004,4.070179613505692,8.154127647158836,1.9983916633605556,1.0
2025,history_line_win_ge_0.46,59.32054557158292,1194,1089,0.9120603015075377,0.6382001836547291,0.04038701250568673,43.981456618692846,3.475561996291074,7.3302427697821395,3.705153518235444,1.0
2025,no_line_overheat_0.65_0.3_0.0,59.25046049001775,1194,1044,0.8743718592964824,0.6522988505747126,0.04416236744222064,46.105511609678345,3.6628909895393016,7.684251934946391,2.974497028659657,1.0
2025,need_dd60_le_-0.04,59.168469111114035,1194,1022,0.8559463986599665,0.6545988258317026,0.04500186193196883,45.99190289447215,3.776857672648157,7.6653171490786915,3.278509649030234,1.0
2025,no_line_overheat_0.65_0.4_0.0,59.06633529529767,1194,1022,0.8559463986599665,0.6575342465753424,0.045482785110695555,46.48340638313085,3.7762793377439503,7.747234397188476,2.974497028659657,1.0
2025,no_line_overheat_0.65_0.3_-0.02,58.96802606336791,1194,1033,0.8651591289782244,0.6534365924491772,0.044631155762786534,46.10398390295849,3.734591253212736,7.683997317159747,2.974497028659657,1.0
2025,no_line_overheat_0.65_0.4_-0.02,58.8306147735823,1194,1009,0.8450586264656617,0.6600594648166501,0.0461519191190626,46.56728639113416,3.8739701494948253,7.76121439852236,2.974497028659657,1.0
2025,history_line_win_ge_0.5,58.1512332557112,1194,952,0.7973199329983249,0.6743697478991597,0.04751064376864321,45.23013286774833,4.115127205854826,7.5383554779580555,4.042745195299143,1.0
2025,history_sym_win_ge_0.42,58.04002737648552,1194,938,0.7855946398659966,0.6609808102345416,0.04782536765543132,44.86019486079458,4.4568871778310815,7.476699143465763,4.325336240146408,1.0
2025,history_sym_win_ge_0.46,57.74157433684283,1194,931,0.7797319932998324,0.6627282491944146,0.04806983745898126,44.75301867431156,4.467244341544504,7.458836445718592,4.325336240146408,1.0
2025,history_line_win_ge_0.42,57.6454803486476,1194,1158,0.9698492462311558,0.6217616580310881,0.03675859636558319,42.566454591345334,3.1198208613518807,7.094409098557556,3.705153518235444,1.0
2025,no_line_overheat_0.55_0.3_0.0,56.72418185068565,1194,986,0.8257956448911222,0.6572008113590264,0.045881727413705095,45.239383229913216,3.833549519516985,7.539897204985536,2.9395861165147665,1.0
2025,history_sym_win_ge_0.5,55.314277588760056,1194,902,0.7554438860971524,0.6618625277161863,0.04857453693441644,43.814232314843636,4.48874434259418,7.302372052473938,4.002912225319034,1.0
2025,no_line_overheat_0.45_0.3_0.0,55.22580443657137,1194,966,0.8090452261306532,0.6583850931677019,0.04629944977666704,44.72526848426037,3.849082746092168,7.454211414043395,2.733743099426775,1.0
2025,no_line_overheat_0.55_0.4_0.0,55.17376780913479,1194,915,0.7663316582914573,0.6710382513661202,0.04991324320412012,45.670617531769906,4.316372685615862,7.611769588628317,2.834082318762673,1.0
2025,no_line_overheat_0.55_0.3_-0.02,54.205734375449595,1194,946,0.7922948073701842,0.6617336152219874,0.04666924567734042,44.149106410764034,3.951621387675293,7.358184401794006,2.770915468390766,1.0
2025,no_line_overheat_0.45_0.4_0.0,51.78827636970519,1194,849,0.7110552763819096,0.6772673733804476,0.05242647831994507,44.51008009363336,4.524924120256016,7.418346682272227,2.6212313378373726,1.0
2025,no_line_overheat_0.55_0.4_-0.02,51.73237165060343,1194,860,0.7202680067001676,0.6779069767441861,0.051204995706953825,44.03629630798029,4.532673766238019,7.339382717996716,2.665411670638673,1.0
2025,history_line_win_ge_0.54,51.64074073927216,1194,884,0.7403685092127303,0.6640271493212669,0.04596831921643485,40.63599418732841,3.883972110806084,6.772665697888069,4.164863463744411,1.0
2025,history_sym_win_ge_0.54,50.531874410772055,1194,832,0.6968174204355109,0.6610576923076923,0.04956850550294866,41.24099657845328,4.529985045154664,6.873499429742214,3.9159935664800547,1.0
2025,no_line_overheat_0.45_0.3_-0.02,50.462646663412045,1194,900,0.7537688442211056,0.6655555555555556,0.047483924845257416,42.73553236073168,4.00941864909771,7.122588726788611,2.25635882630752,1.0
2025,rank_ge_25,48.82215911064941,1194,915,0.7663316582914573,0.6710382513661202,0.045887782660689026,41.98732113453046,3.92394032073727,6.997886855755077,1.5980342593593526,1.0
2025,rank_ge_35,48.78956162967069,1194,914,0.7654941373534339,0.6706783369803063,0.04593641839639049,41.98588641430091,3.923840408758729,6.997647735716818,1.5980342593593526,1.0
2025,need_dd60_le_-0.06,48.47565714436204,1194,845,0.7077051926298158,0.6757396449704142,0.04997379563645303,42.227857312802804,4.335071639516114,7.037976218800469,2.215942022452775,1.0
2025,rank_ge_45,48.13844531354328,1194,905,0.7579564489112228,0.6674033149171271,0.04599717678692378,41.62744499216602,3.898879032360256,6.9379074986943365,1.5980342593593526,1.0
2025,no_line_overheat_0.45_0.4_-0.02,44.423894759903554,1194,742,0.6214405360134003,0.6913746630727763,0.055562619260735004,41.22746349146537,4.984711731768359,6.871243915244229,1.9983916633605556,1.0
2025,rank_ge_55,41.44816985406403,1194,791,0.6624790619765494,0.6662452591656132,0.048183118843673226,38.11284700534552,3.9771632934301016,6.352141167557587,1.6643738684980804,1.0
2025,need_dd60_le_-0.08,37.17083687454196,1194,635,0.5318257956448911,0.7023622047244095,0.05796984168609063,36.81084947066755,5.03545711355311,6.135141578444592,2.108272487952312,1.0
2025,cool_symbol_2,33.074376457030084,1194,736,0.6164154103852596,0.6358695652173914,0.04072977479886761,29.97711425196656,3.348333110811484,4.996185708661093,2.58460423004337,1.0
2025,cool_line_symbol_2,33.074376457030084,1194,736,0.6164154103852596,0.6358695652173914,0.04072977479886761,29.97711425196656,3.348333110811484,4.996185708661093,2.58460423004337,1.0
2025,cool_symbol_3,24.80753316215204,1194,622,0.5209380234505863,0.6382636655948553,0.041701313004891806,25.938216689042704,3.3976185344843945,4.323036114840451,2.1231790285611734,1.0
2025,cool_line_symbol_3,24.80753316215204,1194,622,0.5209380234505863,0.6382636655948553,0.041701313004891806,25.938216689042704,3.3976185344843945,4.323036114840451,2.1231790285611734,1.0
2025,need_dd60_le_-0.1,24.30725374592153,1194,396,0.3316582914572864,0.7752525252525253,0.0797362618789165,31.57555970405093,9.266583717039232,5.262593284008489,1.373695607301471,1.0
2025,rank_ge_65,20.493157330465696,1194,485,0.40619765494137355,0.6948453608247422,0.054656473821727,26.508389803537597,4.763328524918569,4.418064967256266,1.2059792686985145,1.0
2025,cool_symbol_5,16.34648886514894,1194,539,0.45142378559463986,0.6307977736549165,0.04007965873564111,21.602936058510558,3.1944798221986206,3.6004893430850937,1.346245765726047,1.0
2025,cool_line_symbol_5,16.34648886514894,1194,539,0.45142378559463986,0.6307977736549165,0.04007965873564111,21.602936058510558,3.1944798221986206,3.6004893430850937,1.346245765726047,1.0
2025,cool_symbol_7,11.804853351886823,1194,454,0.38023450586264657,0.6431718061674009,0.04228041102942106,19.19530660735716,3.4071478695700717,3.19921776789286,1.440953036857496,1.0
2025,cool_line_symbol_7,11.804853351886823,1194,454,0.38023450586264657,0.6431718061674009,0.04228041102942106,19.19530660735716,3.4071478695700717,3.19921776789286,1.440953036857496,1.0
2025,cool_line_symbol_10,6.627373890361206,1194,396,0.3316582914572864,0.6262626262626263,0.04141722551935663,16.401221305665224,3.2412196752287263,2.7335368842775374,1.1830947073817315,1.0
2025,cool_symbol_10,6.514005131828519,1194,396,0.3316582914572864,0.6262626262626263,0.041149250134786215,16.295103053375346,3.226718662743101,2.7158505088958904,1.1830947073817315,1.0
2025,rank_ge_75,-1.3654007676092625,1194,217,0.18174204355108878,0.7603686635944701,0.06362610731598899,13.80686528756961,7.604906520342144,2.301144214594935,0.08245955128033619,1.0
2026,base_exit_guard,70.66467892186968,1437,1437,1.0,0.6228253305497564,0.03864073238278322,55.52673243405948,3.2270255971810466,7.932390347722782,3.705153518235444,1.0
2026,no_line_overheat_0.45_0.2_0.06,70.64609106542383,1437,1422,0.9895615866388309,0.6244725738396625,0.03894730679090145,55.38307025666187,3.2313986101187786,7.911867179523122,3.762479317252131,1.0
2026,no_s_overheat_0.45_0.2_0.06,70.64609106542383,1437,1422,0.9895615866388309,0.6244725738396625,0.03894730679090145,55.38307025666187,3.2313986101187786,7.911867179523122,3.762479317252131,1.0
2026,no_line_overheat_0.55_0.2_0.06,70.64609106542383,1437,1422,0.9895615866388309,0.6244725738396625,0.03894730679090145,55.38307025666187,3.2313986101187786,7.911867179523122,3.762479317252131,1.0
2026,no_s_overheat_0.55_0.2_0.06,70.64609106542383,1437,1422,0.9895615866388309,0.6244725738396625,0.03894730679090145,55.38307025666187,3.2313986101187786,7.911867179523122,3.762479317252131,1.0
2026,no_line_overheat_0.65_0.2_0.06,70.64609106542383,1437,1422,0.9895615866388309,0.6244725738396625,0.03894730679090145,55.38307025666187,3.2313986101187786,7.911867179523122,3.762479317252131,1.0
2026,no_s_overheat_0.65_0.2_0.06,70.64609106542383,1437,1422,0.9895615866388309,0.6244725738396625,0.03894730679090145,55.38307025666187,3.2313986101187786,7.911867179523122,3.762479317252131,1.0
2026,no_line_overheat_0.75_0.2_0.06,70.64609106542383,1437,1422,0.9895615866388309,0.6244725738396625,0.03894730679090145,55.38307025666187,3.2313986101187786,7.911867179523122,3.762479317252131,1.0
2026,no_s_overheat_0.75_0.2_0.06,70.64609106542383,1437,1422,0.9895615866388309,0.6244725738396625,0.03894730679090145,55.38307025666187,3.2313986101187786,7.911867179523122,3.762479317252131,1.0
2026,no_s_overheat_0.65_0.3_0.06,70.32693558535426,1437,1387,0.965205288796103,0.6258111031002163,0.03980101061859632,55.204001727993095,3.2942839067504552,7.886285961141871,3.673368194242435,1.0
2026,no_line_overheat_0.75_0.3_0.06,70.31282607509131,1437,1394,0.9700765483646486,0.6248206599713056,0.03959678907674733,55.19792397298578,3.2881248275282533,7.885417710426539,3.673368194242435,1.0
2026,no_s_overheat_0.75_0.3_0.06,70.31282607509131,1437,1394,0.9700765483646486,0.6248206599713056,0.03959678907674733,55.19792397298578,3.2881248275282533,7.885417710426539,3.673368194242435,1.0
2026,no_s_overheat_0.45_0.3_0.06,70.31212117998894,1437,1385,0.9638135003479471,0.6259927797833935,0.03984699367951087,55.18808624612256,3.2946692929290915,7.884012320874651,3.673368194242435,1.0
2026,no_s_overheat_0.55_0.3_0.06,70.31212117998894,1437,1385,0.9638135003479471,0.6259927797833935,0.03984699367951087,55.18808624612256,3.2946692929290915,7.884012320874651,3.673368194242435,1.0
2026,no_s_overheat_0.45_0.4_0.06,70.27988319497783,1437,1375,0.9568545581071677,0.6269090909090909,0.040108058076208854,55.14857985478717,3.3000429943206364,7.878368550683882,3.673368194242435,1.0
2026,no_s_overheat_0.55_0.4_0.06,70.26368688232162,1437,1376,0.9575504523312457,0.626453488372093,0.04006944566610138,55.135557236555506,3.298251630841583,7.876508176650786,3.673368194242435,1.0
2026,no_s_overheat_0.65_0.4_0.06,70.23854114492254,1437,1380,0.9603340292275574,0.6253623188405797,0.0399408223515674,55.11833484516302,3.293316634143514,7.874047835023288,3.673368194242435,1.0
2026,no_line_overheat_0.75_0.4_0.06,70.19950223090768,1437,1388,0.9659011830201809,0.6239193083573487,0.039690950105587486,55.09103874655543,3.2842611081612776,7.87014839236506,3.673368194242435,1.0
2026,no_s_overheat_0.75_0.4_0.06,70.19950223090768,1437,1388,0.9659011830201809,0.6239193083573487,0.039690950105587486,55.09103874655543,3.2842611081612776,7.87014839236506,3.673368194242435,1.0
2026,no_line_overheat_0.65_0.3_0.06,69.64349220904494,1437,1381,0.9610299234516354,0.6249094858797972,0.03949056843292966,54.53647500587586,3.271466770570451,7.790925000839409,3.673368194242435,1.0
2026,no_line_overheat_0.45_0.3_0.06,69.62867041844719,1437,1379,0.9596381350034795,0.625090645395214,0.039536301322701466,54.52055952400532,3.271842557961859,7.788651360572189,3.673368194242435,1.0
2026,no_line_overheat_0.55_0.3_0.06,69.62867041844719,1437,1379,0.9596381350034795,0.625090645395214,0.039536301322701466,54.52055952400532,3.271842557961859,7.788651360572189,3.673368194242435,1.0
2026,no_line_overheat_0.65_0.4_0.06,69.57195827048434,1437,1373,0.9554627696590118,0.6249089584850692,0.039668249638152055,54.46450675318277,3.2723406727827595,7.7806438218832525,3.673368194242435,1.0
2026,no_line_overheat_0.55_0.4_0.06,69.52011521661412,1437,1365,0.9498956158663883,0.6263736263736264,0.03985276468502222,54.39902379505533,3.284973802411583,7.771289113579333,3.673368194242435,1.0
2026,no_line_overheat_0.45_0.4_0.06,69.51763531879791,1437,1363,0.9485038274182325,0.6265590608950844,0.03990834514345442,54.395074430528375,3.2860583906184955,7.77072491864691,3.673368194242435,1.0
2026,no_line_overheat_0.45_0.2_0.03,69.2436280034865,1437,1369,0.9526791927627001,0.6260043827611396,0.03925435592224258,53.73921325755009,3.228779635927867,7.6770304653642985,3.880001507083389,1.0
2026,no_line_overheat_0.55_0.2_0.03,69.2436280034865,1437,1369,0.9526791927627001,0.6260043827611396,0.03925435592224258,53.73921325755009,3.228779635927867,7.6770304653642985,3.880001507083389,1.0
2026,no_line_overheat_0.65_0.2_0.03,69.2436280034865,1437,1369,0.9526791927627001,0.6260043827611396,0.03925435592224258,53.73921325755009,3.228779635927867,7.6770304653642985,3.880001507083389,1.0
2026,no_line_overheat_0.75_0.2_0.03,69.13263419119184,1437,1384,0.9631176061238692,0.6228323699421965,0.03875098248687161,53.63135976183031,3.194366343308129,7.6616228231186145,3.8949647039982422,1.0
2026,no_s_overheat_0.75_0.2_0.03,69.13263419119184,1437,1384,0.9631176061238692,0.6228323699421965,0.03875098248687161,53.63135976183031,3.194366343308129,7.6616228231186145,3.8949647039982422,1.0
2026,no_s_overheat_0.45_0.2_0.03,69.02116286852755,1437,1377,0.9582463465553236,0.6230936819172114,0.03888489450137273,53.54449972839026,3.2023834327689173,7.649214246912893,3.880001507083389,1.0
2026,no_s_overheat_0.55_0.2_0.03,69.02116286852755,1437,1377,0.9582463465553236,0.6230936819172114,0.03888489450137273,53.54449972839026,3.2023834327689173,7.649214246912893,3.880001507083389,1.0
2026,no_s_overheat_0.65_0.2_0.03,69.02116286852755,1437,1377,0.9582463465553236,0.6230936819172114,0.03888489450137273,53.54449972839026,3.2023834327689173,7.649214246912893,3.880001507083389,1.0
2026,no_line_overheat_0.65_0.2_-0.02,69.00280216220912,1437,1347,0.9373695198329853,0.6280623608017817,0.03973728873984336,53.52612793256902,3.25345956366958,7.646589704652716,3.854816321898204,1.0
2026,no_line_overheat_0.65_0.2_0.0,69.00280216220912,1437,1347,0.9373695198329853,0.6280623608017817,0.03973728873984336,53.52612793256902,3.25345956366958,7.646589704652716,3.854816321898204,1.0
2026,no_s_overheat_0.65_0.2_-0.02,68.98689291497251,1437,1358,0.9450243562978428,0.625920471281296,0.039418465506154986,53.53027615735848,3.234763514822298,7.6471823081940675,3.854816321898204,1.0
2026,no_s_overheat_0.65_0.2_0.0,68.98689291497251,1437,1358,0.9450243562978428,0.625920471281296,0.039418465506154986,53.53027615735848,3.234763514822298,7.6471823081940675,3.854816321898204,1.0
2026,no_s_overheat_0.45_0.2_0.0,68.95566495379678,1437,1351,0.9401530967292971,0.6269430051813472,0.03963982526649374,53.553403935033046,3.2518040352316784,7.650486276433291,3.8208219876205836,1.0
2026,no_line_overheat_0.45_0.2_0.0,68.94192871520195,1437,1339,0.9318023660403618,0.6288274831964152,0.03997113422964854,53.5213487334994,3.2695971809586166,7.6459069619284845,3.8208219876205836,1.0
2026,no_s_overheat_0.45_0.2_-0.02,68.9297627554651,1437,1348,0.9380654140570633,0.6268545994065282,0.03970877726506444,53.52743175330687,3.252828059768855,7.646775964758123,3.8208219876205836,1.0
2026,no_s_overheat_0.55_0.2_0.0,68.91741494644023,1437,1352,0.940848990953375,0.6264792899408284,0.03958562777178416,53.51976874745219,3.247211548085453,7.645681249636026,3.8208219876205836,1.0
2026,no_line_overheat_0.45_0.2_-0.02,68.91605649928823,1437,1336,0.929714683368128,0.6287425149700598,0.04004144951480031,53.49537655177323,3.270646794847082,7.642196650253317,3.8208219876205836,1.0
2026,no_line_overheat_0.55_0.2_0.0,68.90361873897616,1437,1340,0.9324982602644398,0.6283582089552239,0.03991620413874518,53.487713545918545,3.264940346080696,7.6411019351312195,3.8208219876205836,1.0
2026,no_s_overheat_0.55_0.2_-0.02,68.9031211548928,1437,1351,0.9401530967292971,0.6262028127313102,0.03960556834423042,53.507122833055305,3.2466805658795534,7.643874690436471,3.8208219876205836,1.0
2026,no_line_overheat_0.55_0.2_-0.02,68.88931731984661,1437,1339,0.9318023660403618,0.6280806572068708,0.03993657029986681,53.475067631521654,3.264404854098859,7.639295375931665,3.8208219876205836,1.0
2026,no_line_overheat_0.75_0.2_-0.02,68.75760310344705,1437,1378,0.9589422407794015,0.6226415094339622,0.03877213614894212,53.428003613242254,3.18957100324328,7.632571944748891,3.810803220706675,1.0
2026,no_s_overheat_0.75_0.2_-0.02,68.75760310344705,1437,1378,0.9589422407794015,0.6226415094339622,0.03877213614894212,53.428003613242254,3.18957100324328,7.632571944748891,3.810803220706675,1.0
2026,no_line_overheat_0.75_0.2_0.0,68.75760310344705,1437,1378,0.9589422407794015,0.6226415094339622,0.03877213614894212,53.428003613242254,3.18957100324328,7.632571944748891,3.810803220706675,1.0
2026,no_s_overheat_0.75_0.2_0.0,68.75760310344705,1437,1378,0.9589422407794015,0.6226415094339622,0.03877213614894212,53.428003613242254,3.18957100324328,7.632571944748891,3.810803220706675,1.0
2026,need_dd60_le_-0.02,67.09354433578933,1437,1360,0.9464161447459986,0.6205882352941177,0.03834765328624366,52.15280846929139,3.1541500768231603,7.45040120989877,3.630359825807887,1.0
2026,no_line_overheat_0.75_0.3_0.03,66.95595054405118,1437,1340,0.9324982602644398,0.6216417910447761,0.039298428511071355,52.65989420483562,3.242583999253057,7.522842029262231,3.283277692182577,1.0
2026,no_s_overheat_0.75_0.3_0.03,66.95595054405118,1437,1340,0.9324982602644398,0.6216417910447761,0.039298428511071355,52.65989420483562,3.242583999253057,7.522842029262231,3.283277692182577,1.0
2026,no_line_overheat_0.75_0.4_0.03,66.84231415107149,1437,1334,0.9283228949199722,0.6206896551724138,0.039395059204201846,52.553008978405266,3.2386030248780147,7.507572711200751,3.283277692182577,1.0
2026,no_s_overheat_0.75_0.4_0.03,66.84231415107149,1437,1334,0.9283228949199722,0.6206896551724138,0.039395059204201846,52.553008978405266,3.2386030248780147,7.507572711200751,3.283277692182577,1.0
2026,no_line_overheat_0.75_0.4_-0.02,66.74450622703154,1437,1312,0.9130132219902575,0.625,0.04014491945446156,52.67013432425357,3.3069268451938068,7.524304903464794,3.147954240090537,1.0
2026,no_s_overheat_0.75_0.4_-0.02,66.74450622703154,1437,1312,0.9130132219902575,0.625,0.04014491945446156,52.67013432425357,3.3069268451938068,7.524304903464794,3.147954240090537,1.0
2026,no_line_overheat_0.75_0.4_0.0,66.73036183896667,1437,1317,0.9164926931106472,0.6241457858769932,0.03998954317519203,52.66622836172792,3.294992135345433,7.523746908818272,3.147954240090537,1.0
2026,no_s_overheat_0.75_0.4_0.0,66.73036183896667,1437,1317,0.9164926931106472,0.6241457858769932,0.03998954317519203,52.66622836172792,3.294992135345433,7.523746908818272,3.147954240090537,1.0
2026,no_line_overheat_0.75_0.3_0.0,66.65560707419843,1437,1326,0.9227557411273486,0.6236802413273002,0.03967107624684208,52.6038471033126,3.2749005681365038,7.514835300473228,3.147954240090537,1.0
2026,no_s_overheat_0.75_0.3_0.0,66.65560707419843,1437,1326,0.9227557411273486,0.6236802413273002,0.03967107624684208,52.6038471033126,3.2749005681365038,7.514835300473228,3.147954240090537,1.0
2026,no_line_overheat_0.75_0.3_-0.02,66.57341077291764,1437,1323,0.9206680584551148,0.6235827664399093,0.03969942959267958,52.52234535111509,3.274486218843857,7.5031921930164405,3.147954240090537,1.0
2026,no_s_overheat_0.75_0.3_-0.02,66.57341077291764,1437,1323,0.9206680584551148,0.6235827664399093,0.03969942959267958,52.52234535111509,3.274486218843857,7.5031921930164405,3.147954240090537,1.0
2026,no_s_overheat_0.45_0.4_0.03,66.3374321527642,1437,1281,0.8914405010438413,0.6284153005464481,0.04085060488559906,52.3296248584524,3.3314094461391406,7.4756606940646275,3.249804265987772,1.0
2026,no_s_overheat_0.45_0.3_0.03,66.32234070835986,1437,1301,0.9053583855254002,0.6256725595695619,0.04015334227153926,52.23949829527258,3.2926806841496647,7.462785470753225,3.1540696365823124,1.0
2026,no_s_overheat_0.65_0.3_0.03,66.19044547124253,1437,1317,0.9164926931106472,0.6226271829916477,0.03953754626040452,52.07094842495275,3.2489382933403443,7.438706917850392,3.1909459923306858,1.0
2026,no_s_overheat_0.55_0.3_0.03,66.17751870519922,1437,1307,0.9095337508698678,0.6243305279265493,0.039872196333426035,52.11296060778783,3.2695323692280356,7.444708658255403,3.1540696365823124,1.0
2026,no_s_overheat_0.55_0.4_0.03,66.15392310995799,1437,1296,0.9018789144050104,0.625,0.04018636435969301,52.08152821016215,3.2785112532624097,7.440218315737448,3.1540696365823124,1.0
2026,no_s_overheat_0.65_0.4_0.03,66.10180039909399,1437,1310,0.9116214335421016,0.6221374045801527,0.03968342102452112,51.98528154212267,3.2478796988183642,7.426468791731809,3.1909459923306858,1.0
2026,no_s_overheat_0.65_0.3_-0.02,65.96016726547809,1437,1246,0.8670842032011135,0.6356340288924559,0.0427029648794451,53.2078942397886,3.554323423737857,7.601127748541228,2.974497028659657,1.0
2026,no_s_overheat_0.65_0.4_-0.02,65.93066089271636,1437,1232,0.8573416840640222,0.6387987012987013,0.04340375866441708,53.47343067456185,3.61456742420186,7.639061524937405,2.974497028659657,1.0
2026,no_s_overheat_0.65_0.3_0.0,65.66652008990914,1437,1259,0.8761308281141267,0.6322478157267672,0.041834009268929766,52.66901766958257,3.4453806007579852,7.524145381368939,2.974497028659657,1.0
2026,no_s_overheat_0.65_0.4_0.0,65.58584800396561,1437,1247,0.8677800974251914,0.6343223736968725,0.04238103158751616,52.84914638963266,3.4875845572951567,7.549878055661807,2.974497028659657,1.0
2026,no_line_overheat_0.65_0.3_0.03,64.56777192238714,1437,1282,0.8921363952679193,0.6271450858034321,0.03955411779272358,50.70837901027163,3.2340033281195892,7.244054144324518,3.1909459923306858,1.0
2026,no_s_overheat_0.55_0.3_0.0,64.4743103962056,1437,1208,0.8406402226861517,0.640728476821192,0.043601269899363554,52.67033403843118,3.5975078932472178,7.524333434061596,2.9395861165147665,1.0
2026,no_line_overheat_0.65_0.4_0.03,64.33379244454909,1437,1269,0.8830897703549061,0.628053585500394,0.04001138031841611,50.77444162407005,3.2580978917879637,7.253491660581436,3.1909459923306858,1.0
2026,no_line_overheat_0.55_0.3_0.03,64.192333260112,1437,1264,0.8796102992345164,0.6289556962025317,0.04019652477876936,50.808407320364466,3.289295424724321,7.25834390290921,3.1540696365823124,1.0
2026,no_line_overheat_0.45_0.3_0.03,64.1918401825575,1437,1258,0.8754349338900487,0.6303656597774245,0.04048882751021401,50.93494500784922,3.313409833009644,7.276420715407032,3.1540696365823124,1.0
2026,no_s_overheat_0.55_0.3_-0.02,64.18670965209587,1437,1181,0.8218510786360473,0.6460626587637596,0.045103279538942435,53.266973135491014,3.7656090674857325,7.6095675907844305,2.770915468390766,1.0
2026,no_s_overheat_0.55_0.4_0.0,63.99222559579942,1437,1186,0.825330549756437,0.6450252951096122,0.04458558096067996,52.87849901936644,3.667732443768551,7.554071288480919,2.834082318762673,1.0
2026,no_s_overheat_0.55_0.4_-0.02,63.843824428540465,1437,1156,0.8044537230340988,0.6522491349480969,0.04641472282685481,53.655419587844165,3.8809110369700077,7.665059941120595,2.665411670638673,1.0
2026,no_s_overheat_0.45_0.3_0.0,63.5673045657278,1437,1177,0.8190675017397355,0.6474086661002549,0.04488756211579431,52.832660610289906,3.7255037303846454,7.547522944327129,2.733743099426775,1.0
2026,no_line_overheat_0.55_0.4_0.03,63.47833118255729,1437,1235,0.8594293667362561,0.6323886639676113,0.04109293308774457,50.74977236336454,3.356896780842181,7.249967480480648,3.1540696365823124,1.0
2026,no_line_overheat_0.45_0.4_0.03,63.11029517582747,1437,1210,0.8420320111343076,0.6355371900826446,0.041941914515443754,50.749716563686945,3.424327480101966,7.249959509098134,3.249804265987772,1.0
2026,no_s_overheat_0.45_0.4_0.0,63.108784937420026,1437,1138,0.7919276270006959,0.6572934973637962,0.046930444758349794,53.40684613500207,3.911083389799754,7.629549447857438,2.6212313378373726,1.0
2026,no_s_overheat_0.45_0.3_-0.02,62.1441482685434,1437,1132,0.7877522616562282,0.6563604240282686,0.04707870938875062,53.29309902806569,3.970400619506669,7.613299861152241,2.25635882630752,1.0
2026,history_line_win_ge_0.42,61.854203777829916,1437,1305,0.9081419624217119,0.6160919540229886,0.035902911377796456,46.85329934802438,3.020275246439409,6.693328478289196,3.705153518235444,1.0
2026,no_line_overheat_0.65_0.3_0.0,61.48821724244609,1437,1201,0.8357689631176062,0.6369691923397169,0.0415486687987739,49.89995122732745,3.4050245739690626,7.128564461046778,2.974497028659657,1.0
2026,no_s_overheat_0.45_0.4_-0.02,61.40899884050637,1437,1084,0.7543493389004872,0.6697416974169742,0.049845913353329434,54.0329700750091,4.256620180348448,7.7189957250013,1.9983916633605556,1.0
2026,no_line_overheat_0.65_0.4_0.0,61.394930414314246,1437,1179,0.8204592901878914,0.6412213740458015,0.04264448346122134,50.27784600077996,3.4918166588195354,7.182549428682852,2.974497028659657,1.0
2026,no_line_overheat_0.65_0.3_-0.02,61.39346933159442,1437,1184,0.8239387613082811,0.6402027027027027,0.04235898887554608,50.15304282864657,3.5051245726503493,7.164720404092366,2.974497028659657,1.0
2026,need_dd60_le_-0.04,61.36040843661247,1437,1177,0.8190675017397355,0.6389124893797791,0.04222747353941846,49.701736355895534,3.479455549733652,7.100248050842219,3.278509649030234,1.0
2026,no_line_overheat_0.65_0.4_-0.02,61.354080436366274,1437,1160,0.8072372999304106,0.6456896551724138,0.04363478044553642,50.61634531682225,3.6139745775965397,7.230906473831749,2.974497028659657,1.0
2026,no_line_overheat_0.55_0.3_0.0,58.619243708238706,1437,1115,0.7759220598469033,0.6466367713004484,0.04397769528178182,49.03513023918673,3.6289705697571764,7.005018605598103,2.9395861165147665,1.0
2026,history_line_win_ge_0.46,57.96691066306021,1437,1173,0.8162839248434238,0.639386189258312,0.04005287313498765,46.98202018734051,3.4337900452259644,6.711717169620072,3.000563568647664,1.0
2026,history_sym_win_ge_0.42,57.73946592762952,1437,1098,0.7640918580375783,0.6484517304189436,0.04370524250439749,47.988356269828444,4.018626312646783,6.855479467118349,3.1281614090338623,1.0
2026,no_line_overheat_0.55_0.4_0.0,57.3701703275655,1437,1041,0.7244258872651357,0.659942363112392,0.047585033912634786,49.536020303052815,4.022735034291253,7.076574329007544,2.834082318762673,1.0
2026,no_line_overheat_0.45_0.3_0.0,57.06740963231692,1437,1070,0.7446068197633959,0.6551401869158878,0.04568107792738252,48.878753382299294,3.7684608497315475,6.982679054614186,2.733743099426775,1.0
2026,no_line_overheat_0.55_0.3_-0.02,56.478050344203886,1437,1064,0.7404314544189283,0.6541353383458647,0.04543653370923387,48.34447186662483,3.8119398888114393,6.906353123803547,2.770915468390766,1.0
2026,history_sym_win_ge_0.46,56.08550119849199,1437,1081,0.7522616562282533,0.6475485661424607,0.043947866507122596,47.50764369419954,4.003413331630651,6.786806242028504,2.7546250198879787,1.0
2026,no_line_overheat_0.55_0.4_-0.02,54.37892556327053,1437,975,0.6784968684759917,0.6697435897435897,0.04953981284702613,48.30131752585048,4.301352701530092,6.9001882179786405,2.665411670638673,1.0
2026,no_line_overheat_0.45_0.4_0.0,54.36641999709898,1437,941,0.6548364648573417,0.6769394261424017,0.05215168277617355,49.07473349237931,4.490500856651926,7.010676213197044,2.6212313378373726,1.0
2026,no_line_overheat_0.45_0.3_-0.02,52.743130578081846,1437,986,0.686151704940849,0.6673427991886409,0.048020047025637995,47.34776636727907,4.061245778629645,6.7639666238970095,2.25635882630752,1.0
2026,history_sym_win_ge_0.5,52.16787476242012,1437,1044,0.7265135699373695,0.6446360153256705,0.04395323021675971,45.88717234629714,3.9673346575593444,6.555310335185305,2.0729400314535087,1.0
2026,history_line_win_ge_0.5,51.62600638494383,1437,993,0.6910229645093946,0.6787512588116817,0.04729741706471933,46.96633514526629,4.215413265508809,6.709476449323756,1.7362022775179586,1.0
2026,need_dd60_le_-0.06,50.902448297901145,1437,937,0.6520528879610299,0.6744930629669157,0.04968761491815778,46.55729517831383,4.437905362422281,6.651042168330547,2.215942022452775,1.0
2026,no_line_overheat_0.45_0.4_-0.02,47.75921919710814,1437,814,0.5664578983994433,0.699017199017199,0.0569234246726308,46.335667683521464,5.211311495598105,6.619381097645923,1.9983916633605556,1.0
2026,rank_ge_25,47.09611754199679,1437,956,0.6652748782185108,0.6757322175732218,0.04573590315067826,43.72352341204842,4.026487571431355,6.246217630292632,1.5980342593593526,1.0
2026,rank_ge_35,47.068579132074355,1437,955,0.6645789839944328,0.675392670157068,0.0457822918238941,43.72208869181887,4.026388261892589,6.246012670259838,1.5980342593593526,1.0
2026,rank_ge_45,46.46308444397227,1437,946,0.6583159359777314,0.6723044397463002,0.04583895060220294,43.36364726968398,4.001577395234976,6.194806752811997,1.5980342593593526,1.0
2026,history_line_win_ge_0.54,45.21447980716982,1437,925,0.6437021572720947,0.6691891891891892,0.04580777996199607,42.37219646484637,3.9887146736365544,6.053170923549482,1.7362022775179586,1.0
2026,history_sym_win_ge_0.54,42.838624519519456,1437,936,0.651356993736952,0.6388888888888888,0.04482421804220164,41.95546808750073,3.924548377372127,5.993638298214391,0.7144715090474479,1.0
2026,rank_ge_55,40.34748561973847,1437,832,0.5789839944328462,0.671875,0.04789549192651861,39.84904928286348,4.091747589458417,5.692721326123355,1.6643738684980804,1.0
2026,cool_symbol_2,36.544759011784926,1437,873,0.6075156576200418,0.6300114547537228,0.03877633214447126,33.85173796212341,3.221414598209404,4.8359625660176295,2.58460423004337,1.0
2026,cool_line_symbol_2,36.544759011784926,1437,873,0.6075156576200418,0.6300114547537228,0.03877633214447126,33.85173796212341,3.221414598209404,4.8359625660176295,2.58460423004337,1.0
2026,need_dd60_le_-0.08,36.097599295384434,1437,673,0.4683368128044537,0.7087667161961367,0.057299624733725824,38.56264744579749,5.191467740381042,5.508949635113926,1.751797975129932,1.0
2026,cool_symbol_3,27.40369231965554,1437,737,0.5128740431454419,0.6322930800542741,0.03925608703820269,28.931736147155384,3.2270824100319473,4.133105163879341,2.1231790285611734,1.0
2026,cool_line_symbol_3,27.40369231965554,1437,737,0.5128740431454419,0.6322930800542741,0.03925608703820269,28.931736147155384,3.2270824100319473,4.133105163879341,2.1231790285611734,1.0
2026,need_dd60_le_-0.1,22.371268271286926,1437,418,0.290883785664579,0.7751196172248804,0.0773252448923478,32.32195236500137,9.31410680617376,4.617421766428768,0.7463926609504434,1.0
2026,rank_ge_65,20.30108624535686,1437,516,0.35908141962421714,0.7015503875968992,0.05398285451375757,27.855152929098907,4.9167463080576725,3.979307561299844,1.2059792686985145,1.0
2026,cool_symbol_5,18.672208833121864,1437,636,0.44258872651356995,0.6257861635220126,0.03821629980791516,24.305566677834047,3.109228756501422,3.4722238111191497,1.346245765726047,1.0
2026,cool_line_symbol_5,18.672208833121864,1437,636,0.44258872651356995,0.6257861635220126,0.03821629980791516,24.305566677834047,3.109228756501422,3.4722238111191497,1.346245765726047,1.0
2026,cool_symbol_7,14.196563922467995,1437,537,0.3736951983298539,0.633147113594041,0.04078824469504351,21.903287401238362,3.332605875999102,3.1290410573197653,1.440953036857496,1.0
2026,cool_line_symbol_7,14.196563922467995,1437,537,0.3736951983298539,0.633147113594041,0.04078824469504351,21.903287401238362,3.332605875999102,3.1290410573197653,1.440953036857496,1.0
2026,cool_line_symbol_10,7.899368689693372,1437,464,0.32289491997216424,0.6206896551724138,0.03892934583781093,18.063216468744272,3.130384662595642,2.580459495534896,1.1830947073817315,1.0
2026,cool_symbol_10,7.765813874440621,1437,463,0.3221990257480863,0.6220302375809935,0.038777797424904926,17.95412020773098,3.1167743257163814,2.56487431539014,1.1830947073817315,1.0
2026,rank_ge_75,-1.5650714314058263,1437,226,0.15727209464161448,0.7699115044247787,0.06378729482943848,14.415928631453099,7.89626928571505,2.0594183759218714,0.08245955128033619,1.0
